날짜,시가,고가,저가,종가,거래량,매수_기관합계,매수_기타법인,매수_개인,매수_외국인합계,매도_기관합계,매도_기타법인,매도_개인,매도_외국인합계,전체,predictable
2016-11-01,2250.0,2370.0,2250.0,2290.0,500968.0,0.0,0.0,0.0,0.0,0.0,0.0,0.0,0.0,0.0,0
2016-11-02,2270.0,2320.0,2180.0,2205.0,559356.0,0.0,0.0,961563840.0,192230480.0,0.0,2295.0,1127259500.0,26532484.0,1153794300.0,0
2016-11-03,2165.0,2255.0,2165.0,2225.0,287893.0,0.0,1539000.0,1123151100.0,121460264.0,0.0,0.0,1114000900.0,132149530.0,1246150400.0,0
2016-11-04,2240.0,2250.0,2200.0,2235.0,184481.0,58040.0,0.0,453723200.0,185528380.0,76075.0,546750.0,619016900.0,19669916.0,639309630.0,0
2016-11-07,2240.0,2290.0,2240.0,2280.0,167597.0,0.0,1120000.0,350991000.0,59152404.0,0.0,0.0,379426600.0,31836820.0,411263420.0,0
2016-11-08,2295.0,2365.0,2275.0,2340.0,354200.0,1263980.0,0.0,359466270.0,18896330.0,0.0,1035105.0,351645100.0,26946396.0,379626560.0,0
2016-11-09,2340.0,2350.0,2110.0,2200.0,945633.0,91600.0,0.0,794324900.0,24307684.0,397900.0,0.0,668796000.0,149530320.0,818724200.0,1
2016-11-10,2260.0,2305.0,2250.0,2300.0,240491.0,34240.0,423500.0,1828027100.0,267803740.0,0.0,0.0,1760897200.0,335391360.0,2096288500.0,0
2016-11-11,2310.0,2310.0,2265.0,2290.0,239352.0,130875.0,0.0,451746880.0,96931330.0,429365.0,453000.0,507856000.0,40070736.0,548809100.0,0
2016-11-14,2295.0,2310.0,2270.0,2285.0,153274.0,4550.0,0.0,500968260.0,44953984.0,2285.0,0.0,496455040.0,49469456.0,545926800.0,0
2016-11-15,2275.0,2300.0,2250.0,2260.0,333498.0,0.0,9140.0,319699460.0,30655016.0,150710.0,0.0,313215680.0,36997196.0,350363600.0,0
2016-11-16,2260.0,2330.0,2260.0,2320.0,341749.0,16759315.0,0.0,649234700.0,92006930.0,206995.0,0.0,606907600.0,150886400.0,758000960.0,0
2016-11-17,2310.0,2390.0,2310.0,2350.0,517420.0,4863900.0,0.0,517906780.0,265943020.0,32345.0,0.0,721714240.0,66967130.0,788713660.0,0
2016-11-18,2350.0,2375.0,2285.0,2290.0,309970.0,675815.0,0.0,1131205500.0,88064840.0,32480.0,0.0,992602940.0,227310750.0,1219946200.0,0
2016-11-21,2290.0,2305.0,2215.0,2225.0,323396.0,12409290.0,0.0,621214900.0,84103460.0,142550.0,0.0,419594300.0,297990850.0,717727700.0,0
2016-11-22,2225.0,2270.0,2225.0,2240.0,202437.0,0.0,0.0,665515650.0,60946536.0,18180.0,0.0,511428740.0,215015260.0,726462200.0,0
2016-11-23,2250.0,2260.0,2175.0,2185.0,309589.0,0.0,0.0,363766200.0,89792490.0,0.0,0.0,387926430.0,65632250.0,453558700.0,0
2016-11-24,2185.0,2200.0,2115.0,2120.0,276611.0,0.0,0.0,673576640.0,9991635.0,0.0,0.0,529301920.0,154266350.0,683568260.0,0
2016-11-25,2100.0,2225.0,2095.0,2190.0,499079.0,570840.0,1061500.0,551981500.0,38989796.0,2876005.0,0.0,534487650.0,55239984.0,592603650.0,0
2016-11-28,2200.0,2215.0,2135.0,2135.0,456216.0,586250.0,0.0,1017529500.0,67230110.0,0.0,0.0,972480200.0,112865670.0,1085345900.0,0
2016-11-29,2130.0,2165.0,2115.0,2155.0,223939.0,588820.0,0.0,957885250.0,32970050.0,0.0,1980000.0,857553000.0,131911096.0,991444100.0,0
2016-11-30,2135.0,2185.0,2135.0,2150.0,602070.0,179800.0,0.0,383929570.0,94817840.0,0.0,0.0,404426180.0,74501040.0,478927200.0,0
2016-12-01,2160.0,2190.0,2150.0,2185.0,207678.0,578880.0,0.0,390582560.0,908102660.0,0.0,0.0,400798500.0,898465600.0,1299264100.0,0
2016-12-02,2175.0,2215.0,2170.0,2190.0,290361.0,582900.0,0.0,298285700.0,152030110.0,0.0,0.0,392480830.0,58417890.0,450898720.0,0
2016-12-05,2180.0,2180.0,2115.0,2130.0,355627.0,625325.0,0.0,459444200.0,175683250.0,35768970.0,0.0,469271420.0,130712376.0,635752770.0,0
2016-12-06,2125.0,2160.0,2120.0,2120.0,259866.0,0.0,0.0,651590900.0,111634480.0,35031930.0,0.0,545427400.0,182766050.0,763225400.0,0
2016-12-07,2145.0,2160.0,2085.0,2095.0,277270.0,0.0,0.0,498464450.0,57758610.0,0.0,0.0,510658500.0,45564556.0,556223040.0,0
2016-12-08,2115.0,2155.0,2115.0,2135.0,264032.0,44070.0,0.0,462044800.0,123082540.0,44868640.0,0.0,420797100.0,119505660.0,585171400.0,0
2016-12-09,2150.0,2240.0,2130.0,2180.0,434778.0,0.0,0.0,388083550.0,175314300.0,0.0,0.0,546938400.0,16459500.0,563397800.0,0
2016-12-12,2215.0,2320.0,2195.0,2310.0,780194.0,2195.0,0.0,687739140.0,262841180.0,38807656.0,0.0,853852740.0,57922124.0,950582460.0,0
2016-12-13,2315.0,2350.0,2270.0,2315.0,379361.0,43865.0,0.0,1369299000.0,399168930.0,197680.0,0.0,1699135700.0,69178240.0,1768511700.0,0
2016-12-14,2325.0,2340.0,2285.0,2300.0,198265.0,41935.0,0.0,743429570.0,134854770.0,199685.0,0.0,795730300.0,82396250.0,878326300.0,0
2016-12-15,2275.0,2340.0,2275.0,2335.0,276832.0,1231700.0,0.0,385037380.0,69921110.0,0.0,0.0,423208900.0,32981290.0,456190200.0,0
2016-12-16,2350.0,2360.0,2300.0,2310.0,264591.0,1560485.0,0.0,493516580.0,146263630.0,0.0,0.0,630185300.0,11155420.0,641340700.0,0
2016-12-19,2335.0,2420.0,2335.0,2370.0,621720.0,1248125.0,0.0,599644000.0,16155470.0,490085.0,0.0,450128420.0,166429090.0,617047600.0,0
2016-12-20,2385.0,2725.0,2350.0,2545.0,5355424.0,1411935.0,0.0,1371348700.0,106424380.0,35540.0,0.0,1435595800.0,43553836.0,1479185200.0,1
2016-12-21,2555.0,2640.0,2535.0,2545.0,1411661.0,0.0,61978756.0,13478261000.0,318902100.0,0.0,7785020.0,13117140000.0,734216640.0,13859142000.0,1
2016-12-22,2570.0,2595.0,2520.0,2560.0,537937.0,0.0,0.0,3436843000.0,212458370.0,311400.0,34333850.0,3289729300.0,324926850.0,3649301500.0,0
2016-12-23,2615.0,2775.0,2600.0,2685.0,2656734.0,0.0,0.0,1280328000.0,92968220.0,0.0,0.0,1201867300.0,171428780.0,1373296100.0,1
2016-12-26,2670.0,2730.0,2555.0,2590.0,1235680.0,357290.0,62950000.0,6879272000.0,196270600.0,8070.0,0.0,6648660000.0,490181980.0,7138850000.0,1
2016-12-27,2630.0,2670.0,2550.0,2595.0,590849.0,1200255.0,169665740.0,2844220700.0,225456220.0,0.0,158867280.0,2973465300.0,108210500.0,3240543000.0,0
2016-12-28,2590.0,2620.0,2545.0,2595.0,464737.0,36330.0,500060.0,1352884400.0,200875900.0,0.0,1469820.0,1443848400.0,108978360.0,1554296700.0,0
2016-12-29,2625.0,2630.0,2545.0,2565.0,383243.0,2257755.0,0.0,1008327400.0,186174510.0,49185.0,46238650.0,1114749200.0,35722704.0,1196759700.0,0
2017-01-02,2540.0,2575.0,2500.0,2540.0,294228.0,79780.0,0.0,925933500.0,59076296.0,0.0,13059910.0,919860800.0,52168856.0,985089600.0,0
2017-01-03,2590.0,2640.0,2545.0,2620.0,463359.0,682420.0,0.0,545442370.0,200496160.0,0.0,0.0,684351600.0,62269370.0,746621000.0,0
2017-01-04,2620.0,2730.0,2620.0,2705.0,651953.0,0.0,0.0,1102117500.0,105900290.0,0.0,0.0,1118746600.0,89271176.0,1208017800.0,0
2017-01-05,2730.0,2750.0,2655.0,2705.0,439827.0,72835.0,62562344.0,1586545000.0,106324510.0,16230.0,0.0,1695510300.0,59978220.0,1755504800.0,0
2017-01-06,2690.0,2825.0,2670.0,2785.0,1300731.0,0.0,235547180.0,923205200.0,20644970.0,0.0,0.0,967356000.0,212041310.0,1179397400.0,1
2017-01-09,2800.0,2810.0,2750.0,2775.0,550613.0,0.0,0.0,3515783000.0,87245980.0,0.0,13425410.0,3367495700.0,222107950.0,3603029000.0,0
2017-01-10,2740.0,2795.0,2715.0,2730.0,538105.0,0.0,0.0,1468703100.0,64501640.0,0.0,0.0,1262605400.0,270599400.0,1533204700.0,0
2017-01-11,2700.0,2725.0,2655.0,2680.0,476020.0,0.0,50663810.0,1372121100.0,46805060.0,1228805.0,0.0,1267060700.0,201300370.0,1469589900.0,0
2017-01-12,2670.0,2690.0,2600.0,2635.0,617682.0,0.0,0.0,1098061700.0,175653570.0,683575.0,0.0,1150740100.0,122291570.0,1273715300.0,0
2017-01-13,2650.0,2680.0,2600.0,2645.0,495293.0,0.0,0.0,1292288500.0,332064400.0,7905.0,0.0,1461996700.0,162348220.0,1624352900.0,0
2017-01-16,2645.0,2650.0,2600.0,2600.0,221064.0,162680.0,0.0,1152409900.0,151616670.0,1157080.0,0.0,1270437600.0,32594416.0,1304189200.0,0
2017-01-17,2600.0,2650.0,2570.0,2585.0,376178.0,162465.0,0.0,548732400.0,29087890.0,914810.0,0.0,525990600.0,51077324.0,577982700.0,0
2017-01-18,2585.0,2600.0,2545.0,2565.0,274069.0,162225.0,0.0,883929660.0,99826610.0,235235.0,0.0,918807300.0,64875980.0,983918460.0,0
2017-01-19,2600.0,2600.0,2460.0,2485.0,692322.0,159035.0,0.0,548649400.0,153664160.0,0.0,0.0,681418500.0,21054144.0,702472640.0,0
2017-01-20,2430.0,2480.0,2425.0,2465.0,435876.0,156755.0,0.0,1572089300.0,161310600.0,0.0,0.0,1690908300.0,42648390.0,1733556700.0,0
2017-01-23,2430.0,2460.0,2355.0,2380.0,407965.0,3176210.0,0.0,937159100.0,126045380.0,19595.0,0.0,1011952060.0,54409030.0,1066380740.0,0
2017-01-24,2360.0,2405.0,2305.0,2390.0,393626.0,0.0,78458480.0,833192640.0,69567180.0,0.0,0.0,906209600.0,75008710.0,981218300.0,0
2017-01-25,2400.0,2425.0,2310.0,2340.0,373899.0,0.0,154062690.0,612861250.0,159058350.0,0.0,0.0,867120060.0,58862244.0,925982300.0,0
2017-01-26,2340.0,2405.0,2330.0,2400.0,190172.0,0.0,47262950.0,743323260.0,93159090.0,0.0,0.0,822323600.0,61421664.0,883745300.0,0
2017-01-31,2375.0,2430.0,2375.0,2385.0,156528.0,0.0,0.0,352233200.0,100792210.0,0.0,9560.0,411541700.0,41474170.0,453025400.0,0
2017-02-01,2390.0,2450.0,2375.0,2445.0,298877.0,0.0,0.0,367845100.0,6816500.0,0.0,0.0,285505540.0,89156070.0,374661600.0,0
2017-02-02,2245.0,2325.0,2240.0,2280.0,1180030.0,0.0,0.0,591148540.0,109783280.0,0.0,0.0,684404540.0,16527320.0,700931840.0,1
2017-02-03,2290.0,2300.0,2245.0,2250.0,386141.0,0.0,28420970.0,2377585700.0,289015140.0,677570.0,0.0,2616904200.0,77439930.0,2695021800.0,0
2017-02-06,2260.0,2280.0,2230.0,2240.0,226051.0,0.0,0.0,799337500.0,77080000.0,0.0,0.0,684412100.0,192005360.0,876417500.0,0
2017-02-07,2250.0,2270.0,2235.0,2245.0,215400.0,0.0,0.0,416335700.0,90015784.0,0.0,0.0,414358050.0,91993460.0,506351500.0,0
2017-02-08,2250.0,2290.0,2245.0,2250.0,246452.0,0.0,0.0,446963900.0,37724476.0,0.0,0.0,435757400.0,48930980.0,484688400.0,0
2017-02-09,2335.0,2520.0,2250.0,2300.0,1391944.0,0.0,0.0,443892060.0,113920450.0,9486980.0,0.0,463011940.0,85313600.0,557812540.0,1
2017-02-10,2305.0,2335.0,2295.0,2325.0,393061.0,0.0,0.0,3225231400.0,53130500.0,0.0,0.0,2940900000.0,337461800.0,3278361900.0,0
2017-02-13,2320.0,2355.0,2315.0,2350.0,324126.0,0.0,0.0,755623940.0,155786670.0,7362275.0,0.0,866491600.0,37556764.0,911410600.0,0
2017-02-14,2340.0,2375.0,2330.0,2345.0,273036.0,837130.0,0.0,702094460.0,54434944.0,4481975.0,0.0,728255740.0,24628830.0,757366600.0,0
2017-02-15,2345.0,2375.0,2340.0,2365.0,236846.0,14090.0,0.0,551882300.0,89332140.0,4158185.0,0.0,624482700.0,12587645.0,641228500.0,0
2017-02-16,2370.0,2375.0,2320.0,2345.0,203081.0,0.0,0.0,377144060.0,183116800.0,0.0,0.0,559008300.0,1252545.0,560260860.0,0
2017-02-17,2325.0,2345.0,2315.0,2340.0,224003.0,18645.0,0.0,417650240.0,57612820.0,0.0,0.0,429918240.0,45363460.0,475281700.0,0
2017-02-20,2340.0,2350.0,2320.0,2345.0,142855.0,0.0,0.0,428236100.0,93732010.0,0.0,0.0,515327170.0,6640935.0,521968100.0,0
2017-02-21,2345.0,2390.0,2335.0,2360.0,320333.0,0.0,0.0,290010500.0,43336200.0,0.0,0.0,312080740.0,21265970.0,333346700.0,0
2017-02-22,2355.0,2380.0,2350.0,2375.0,219785.0,9213530.0,0.0,681196100.0,67055420.0,9921135.0,0.0,709976800.0,37567020.0,757465000.0,0
2017-02-23,2375.0,2390.0,2325.0,2350.0,184072.0,0.0,0.0,457948580.0,61458460.0,49605.0,0.0,513887070.0,5470365.0,519407040.0,0
2017-02-24,2340.0,2370.0,2325.0,2335.0,312624.0,0.0,0.0,399677150.0,34710224.0,0.0,0.0,408478240.0,25909124.0,434387360.0,0
2017-02-27,2340.0,2340.0,2305.0,2315.0,284658.0,702155.0,0.0,703107000.0,27532010.0,0.0,23400000.0,677382700.0,30558490.0,731341200.0,0
2017-02-28,2310.0,2330.0,2290.0,2295.0,249949.0,0.0,1905245.0,619825900.0,38136004.0,0.0,0.0,637464600.0,22402616.0,659867200.0,0
2017-03-02,2295.0,2330.0,2265.0,2265.0,217507.0,75865.0,193200.0,553940800.0,20993600.0,7272065.0,0.0,486490430.0,81440936.0,575203460.0,0
2017-03-03,2250.0,2265.0,2180.0,2215.0,390277.0,6840.0,0.0,483799500.0,12604930.0,0.0,0.0,464131140.0,32280124.0,496411260.0,0
2017-03-06,2170.0,2210.0,2170.0,2205.0,172277.0,0.0,8560500.0,837358200.0,15088010.0,2230.0,0.0,801782100.0,59222444.0,861006700.0,0
2017-03-07,2200.0,2235.0,2180.0,2205.0,134554.0,165200.0,0.0,323490000.0,53192500.0,0.0,0.0,360602780.0,16244890.0,376847680.0,0
2017-03-08,2195.0,2205.0,2165.0,2170.0,179638.0,0.0,0.0,283983740.0,13429115.0,0.0,0.0,280049020.0,17363816.0,297412830.0,0
2017-03-09,2150.0,2225.0,2150.0,2210.0,217616.0,0.0,0.0,384191870.0,6765360.0,0.0,0.0,363706300.0,27250924.0,390957220.0,0
2017-03-10,2225.0,2230.0,2160.0,2210.0,200474.0,0.0,0.0,381964380.0,96059350.0,2180.0,0.0,459716380.0,18305176.0,478023740.0,0
2017-03-13,2220.0,2255.0,2210.0,2230.0,197077.0,0.0,0.0,340940740.0,99103064.0,1727465.0,0.0,321586900.0,116729410.0,440043800.0,0
2017-03-14,2245.0,2250.0,2210.0,2210.0,182687.0,0.0,0.0,305206460.0,135503310.0,84667290.0,0.0,335649500.0,20392990.0,440709800.0,0
2017-03-15,2190.0,2200.0,2125.0,2135.0,635865.0,0.0,0.0,336080640.0,69674904.0,115601544.0,0.0,242951400.0,47202620.0,405755550.0,0
2017-03-16,2145.0,2155.0,2120.0,2130.0,246746.0,0.0,0.0,1311238900.0,58887940.0,129818650.0,0.0,1140497900.0,99810310.0,1370126800.0,0
2017-03-17,2140.0,2175.0,2120.0,2145.0,234879.0,0.0,0.0,392022750.0,134239420.0,51170.0,0.0,520694750.0,5516245.0,526262180.0,0
2017-03-20,2145.0,2175.0,2140.0,2150.0,137024.0,15090.0,0.0,389650660.0,115600530.0,0.0,0.0,483505570.0,21760710.0,505266270.0,0
2017-03-21,2140.0,2160.0,2130.0,2135.0,126004.0,0.0,0.0,248406100.0,47148036.0,71307250.0,0.0,219722700.0,4524190.0,295554140.0,0
2017-03-22,2120.0,2620.0,2120.0,2400.0,15440818.0,0.0,0.0,238323700.0,31402500.0,52049676.0,0.0,214681540.0,2994975.0,269726180.0,1
2017-03-23,2475.0,2610.0,2400.0,2445.0,5937492.0,0.0,25027044.0,36726817000.0,797899840.0,115290.0,301880260.0,36612555000.0,635195840.0,37549744000.0,1
2017-03-24,2430.0,2445.0,2280.0,2295.0,2631803.0,0.0,246979250.0,14340598000.0,84697016.0,0.0,27502590.0,13759586000.0,885184640.0,14672274000.0,1
2017-03-27,2295.0,2345.0,2270.0,2320.0,1293393.0,538410.0,12663885.0,6040042500.0,86036510.0,278190.0,0.0,5890213000.0,248790340.0,6139281400.0,1
2017-03-28,2345.0,2365.0,2280.0,2285.0,1393370.0,0.0,9260000.0,2860791300.0,113670830.0,179461940.0,9492500.0,2669128200.0,125639710.0,2983722200.0,1
2017-03-29,2305.0,2350.0,2270.0,2275.0,901518.0,0.0,2295000.0,3154765000.0,68556770.0,119801140.0,11500.0,2845667300.0,260136860.0,3225617000.0,1
2017-03-30,2310.0,2335.0,2290.0,2290.0,929518.0,0.0,68250.0,2058627500.0,18706180.0,0.0,0.0,1889445500.0,187956350.0,2077401900.0,1
2017-03-31,2305.0,2325.0,2270.0,2320.0,718526.0,0.0,0.0,2125853000.0,21524060.0,0.0,4615000.0,2037640800.0,105121250.0,2147377000.0,0
2017-04-03,2320.0,2350.0,2305.0,2320.0,769382.0,0.0,198795.0,1552038100.0,100477170.0,0.0,6855850.0,1618775400.0,27082824.0,1652714100.0,0
2017-04-04,2325.0,2350.0,2255.0,2255.0,839435.0,627010.0,0.0,1683222700.0,106780430.0,0.0,0.0,1665350000.0,125280070.0,1790630100.0,0
2017-04-05,2265.0,2295.0,2260.0,2260.0,351968.0,0.0,0.0,1808257900.0,115490296.0,765170.0,1339650.0,1562769700.0,358873700.0,1923748200.0,0
2017-04-06,2250.0,2265.0,2215.0,2235.0,470138.0,13620.0,1965820.0,698375000.0,99894120.0,27240.0,0.0,706591500.0,93629784.0,800248600.0,0
2017-04-07,2215.0,2270.0,2215.0,2250.0,268410.0,0.0,0.0,895406340.0,152811420.0,865380.0,0.0,976442940.0,70909380.0,1048217700.0,0
2017-04-10,2250.0,2255.0,2180.0,2205.0,548480.0,0.0,0.0,374485540.0,229371550.0,2111665.0,0.0,549399800.0,52345624.0,603857100.0,0
2017-04-11,2190.0,2220.0,2140.0,2175.0,507046.0,0.0,6570000.0,1043338200.0,161813100.0,21980.0,0.0,1030179300.0,181519970.0,1211721300.0,0
2017-04-12,2170.0,2205.0,2165.0,2190.0,194373.0,0.0,0.0,1009560700.0,93375350.0,0.0,0.0,932984600.0,169951490.0,1102936000.0,0
2017-04-13,2190.0,2250.0,2190.0,2215.0,273724.0,0.0,0.0,267731900.0,157231870.0,2354240.0,0.0,334511870.0,88097670.0,424963780.0,0
2017-04-14,2215.0,2220.0,2180.0,2180.0,277632.0,5341065.0,0.0,576712600.0,26810104.0,0.0,0.0,562018240.0,46845530.0,608863740.0,0
2017-04-17,2200.0,2245.0,2180.0,2235.0,344307.0,2518140.0,0.0,605417660.0,1655500.0,366380.0,8543860.0,469316930.0,131364130.0,609591300.0,0
2017-04-18,2235.0,2245.0,2215.0,2235.0,186724.0,0.0,0.0,691684400.0,73475460.0,329425.0,0.0,699970050.0,64860390.0,765159900.0,0
2017-04-19,2235.0,2240.0,2205.0,2215.0,245697.0,37910.0,0.0,371992480.0,44028396.0,0.0,0.0,386189700.0,29869104.0,416058780.0,0
2017-04-20,2220.0,2245.0,2210.0,2225.0,248411.0,31936780.0,0.0,472781000.0,41275410.0,0.0,0.0,501137540.0,44855650.0,545993200.0,0
2017-04-21,2235.0,2240.0,2200.0,2210.0,290220.0,0.0,0.0,517234400.0,35298256.0,0.0,0.0,493498940.0,59033710.0,552532700.0,0
2017-04-24,2225.0,2225.0,2185.0,2200.0,297797.0,0.0,0.0,613464300.0,28476400.0,0.0,0.0,453922780.0,188017950.0,641940740.0,0
2017-04-25,2200.0,2235.0,2200.0,2220.0,238404.0,6600.0,0.0,538677200.0,117209660.0,0.0,0.0,578642940.0,77250500.0,655893440.0,0
2017-04-26,2230.0,2245.0,2210.0,2210.0,429870.0,2215.0,44628390.0,397073280.0,86084610.0,0.0,0.0,491426240.0,36362240.0,527788480.0,0
2017-04-27,2230.0,2230.0,2190.0,2200.0,262563.0,0.0,0.0,808933000.0,148353780.0,68820.0,0.0,913746800.0,43471184.0,957286800.0,0
2017-04-28,2205.0,2205.0,2175.0,2175.0,286524.0,81400.0,0.0,557310600.0,20787164.0,0.0,0.0,567244400.0,10934740.0,578179140.0,0
2017-05-02,2185.0,2200.0,2175.0,2180.0,133208.0,0.0,0.0,573157800.0,52823650.0,4196805.0,0.0,544260740.0,77523890.0,625981440.0,0
2017-05-04,2180.0,2215.0,2180.0,2190.0,161637.0,2195.0,0.0,256543900.0,34831296.0,48185.0,0.0,245312080.0,46017136.0,291377400.0,0
2017-05-08,2200.0,2215.0,2200.0,2210.0,163036.0,0.0,22000000.0,256262560.0,77317230.0,0.0,0.0,326880260.0,28699550.0,355579800.0,0
2017-05-10,2220.0,2255.0,2210.0,2240.0,378787.0,0.0,7735000.0,275050720.0,77064960.0,0.0,0.0,322399200.0,37451484.0,359850700.0,0
2017-05-11,2230.0,2255.0,2230.0,2235.0,243031.0,267260.0,0.0,708244900.0,139128380.0,331370.0,0.0,751476350.0,95832900.0,847640600.0,0
2017-05-12,2250.0,2285.0,2235.0,2265.0,497258.0,0.0,0.0,460081630.0,84773440.0,80735.0,0.0,510218430.0,34555904.0,544855040.0,0
2017-05-15,2260.0,2275.0,2225.0,2240.0,329339.0,1064540.0,6735000.0,1039179600.0,77170100.0,92865.0,0.0,979575550.0,144480770.0,1124149200.0,0
2017-05-16,2230.0,2250.0,2210.0,2230.0,283080.0,0.0,0.0,699746370.0,37478336.0,0.0,0.0,680945150.0,56279536.0,737224700.0,0
2017-05-17,2215.0,2300.0,2215.0,2290.0,808230.0,0.0,0.0,584173060.0,45750476.0,40140.0,17760.0,570238300.0,59627364.0,629923500.0,0
2017-05-18,2270.0,2310.0,2255.0,2310.0,618821.0,0.0,5456345.0,1518819000.0,304966340.0,122345.0,0.0,1738453400.0,90665896.0,1829241600.0,0
2017-05-19,2310.0,2330.0,2280.0,2285.0,640897.0,22800.0,0.0,1300654700.0,118193130.0,0.0,0.0,1287942900.0,130927820.0,1418870700.0,0
2017-05-22,2270.0,2385.0,2270.0,2380.0,2421637.0,46215.0,0.0,1350418600.0,128929990.0,0.0,2741600.0,1359722100.0,116931110.0,1479394800.0,1
2017-05-23,2525.0,2535.0,2410.0,2415.0,5220417.0,234298130.0,0.0,5066338300.0,503570850.0,88060.0,77408240.0,5639126500.0,87584570.0,5804207000.0,1
2017-05-24,2420.0,2440.0,2335.0,2340.0,1602122.0,122037544.0,25234560.0,12688965000.0,103440824.0,0.0,12411740.0,11924113000.0,1003152800.0,12939678000.0,1
2017-05-25,2350.0,2380.0,2315.0,2360.0,1165454.0,339300.0,2395.0,3604402700.0,200590500.0,0.0,16380000.0,3707212800.0,81742220.0,3805335000.0,1
2017-05-26,2380.0,2400.0,2335.0,2350.0,793294.0,70756270.0,0.0,2583510800.0,88131190.0,0.0,0.0,2558419700.0,183978420.0,2742398200.0,0
2017-05-29,2350.0,2360.0,2275.0,2275.0,688447.0,0.0,0.0,1847584600.0,29455430.0,0.0,0.0,1511051900.0,365988260.0,1877040100.0,0
2017-05-30,2295.0,2335.0,2285.0,2305.0,514360.0,0.0,0.0,1557956400.0,25279010.0,0.0,0.0,1366736800.0,216498610.0,1583235500.0,0
2017-05-31,2325.0,2335.0,2285.0,2300.0,498016.0,25274980.0,0.0,1063350140.0,99494190.0,0.0,0.0,1097844700.0,90274520.0,1188119300.0,0
2017-06-01,2315.0,2315.0,2290.0,2295.0,369245.0,2201810.0,0.0,1101990700.0,41681450.0,0.0,6454000.0,1035023100.0,104396770.0,1145873900.0,0
2017-06-02,2300.0,2335.0,2295.0,2305.0,505520.0,1094085.0,0.0,835940600.0,11397510.0,0.0,0.0,755975940.0,92456260.0,848432200.0,0
2017-06-05,2305.0,2340.0,2290.0,2300.0,453003.0,1078970.0,0.0,1089159800.0,77767590.0,0.0,6930000.0,1063210900.0,97865430.0,1168006300.0,0
2017-06-07,2290.0,2300.0,2260.0,2270.0,428049.0,131080.0,23000000.0,989503740.0,31546176.0,0.0,0.0,938794900.0,105386104.0,1044181000.0,0
2017-06-08,2275.0,2285.0,2250.0,2270.0,261367.0,0.0,6825000.0,936402700.0,30277436.0,136200.0,0.0,888649100.0,84719820.0,973505150.0,0
2017-06-09,2280.0,2305.0,2265.0,2295.0,413489.0,2519700.0,45200000.0,493219840.0,50950676.0,3632000.0,0.0,565707800.0,22550420.0,591890200.0,0
2017-06-12,2295.0,2295.0,2250.0,2260.0,303180.0,712190.0,0.0,869326100.0,76794180.0,4533165.0,0.0,829579800.0,112719480.0,946832450.0,0
2017-06-13,2250.0,2295.0,2250.0,2275.0,271263.0,1883480.0,0.0,627851800.0,57705720.0,11054785.0,0.0,587344400.0,89041850.0,687440960.0,0
2017-06-14,2275.0,2315.0,2275.0,2280.0,291224.0,0.0,0.0,574964350.0,41025100.0,0.0,0.0,564487230.0,51502250.0,615989440.0,0
2017-06-15,2285.0,2310.0,2280.0,2295.0,358531.0,1879240.0,83438720.0,529588640.0,52797440.0,0.0,0.0,632822300.0,34881784.0,667704000.0,0
2017-06-16,2285.0,2305.0,2270.0,2280.0,242121.0,289645.0,0.0,623676160.0,198996720.0,0.0,0.0,752991000.0,69971530.0,822962500.0,0
2017-06-19,2280.0,2290.0,2235.0,2255.0,392576.0,0.0,8052340.0,529133540.0,14904455.0,27365.0,0.0,512260100.0,39802880.0,552090300.0,0
2017-06-20,2245.0,2285.0,2215.0,2285.0,662360.0,4490.0,0.0,823220000.0,62887876.0,181435.0,0.0,833587200.0,52343660.0,886112300.0,0
2017-06-21,2260.0,2290.0,2235.0,2235.0,290698.0,0.0,0.0,1469663400.0,16765160.0,0.0,0.0,1354046700.0,132381750.0,1486428500.0,0
2017-06-22,2240.0,2260.0,2225.0,2235.0,288793.0,0.0,0.0,612230700.0,41544610.0,0.0,0.0,615581700.0,38193630.0,653775360.0,0
2017-06-23,2220.0,2250.0,2220.0,2220.0,250653.0,0.0,0.0,603964860.0,42292510.0,0.0,0.0,610254800.0,36002564.0,646257400.0,0
2017-06-26,2225.0,2230.0,2205.0,2215.0,229968.0,0.0,0.0,534737150.0,23384510.0,0.0,0.0,521861200.0,36260480.0,558121660.0,0
2017-06-27,2205.0,2235.0,2205.0,2220.0,193877.0,0.0,6645000.0,468386460.0,34585210.0,0.0,0.0,487569150.0,22047520.0,509616670.0,0
2017-06-28,2210.0,2230.0,2205.0,2210.0,173798.0,0.0,0.0,389586430.0,41365276.0,0.0,0.0,414602340.0,16349350.0,430951700.0,0
2017-06-29,2215.0,2225.0,2200.0,2205.0,246036.0,0.0,0.0,347590460.0,37433536.0,0.0,0.0,363630660.0,21393356.0,385024000.0,0
2017-06-30,2205.0,2215.0,2175.0,2180.0,334175.0,0.0,0.0,537722400.0,5494230.0,0.0,2200000.0,486371550.0,54645064.0,543216640.0,0
2017-07-03,2180.0,2185.0,2125.0,2130.0,430411.0,2180.0,0.0,717572350.0,13377060.0,87312190.0,0.0,581624450.0,62014944.0,730951550.0,0
2017-07-04,2120.0,2165.0,2050.0,2080.0,1145136.0,42700.0,0.0,892908500.0,31642960.0,107300330.0,0.0,746730800.0,70562990.0,924594200.0,1
2017-07-05,2080.0,2115.0,2075.0,2080.0,233904.0,0.0,0.0,2048826600.0,340763200.0,106268580.0,0.0,2226458600.0,56862564.0,2389589800.0,0
2017-07-06,2090.0,2110.0,2080.0,2100.0,156741.0,0.0,0.0,428987940.0,59079870.0,104241650.0,0.0,352528000.0,31298150.0,488067800.0,0
2017-07-07,2090.0,2110.0,2085.0,2095.0,166614.0,0.0,0.0,263828180.0,64992024.0,4200.0,0.0,307572580.0,21243410.0,328820200.0,0
2017-07-10,2100.0,2100.0,2060.0,2070.0,210083.0,2095.0,0.0,326667700.0,22631990.0,29285.0,0.0,253121800.0,96150730.0,349301800.0,0
2017-07-11,2070.0,2085.0,2045.0,2050.0,220743.0,0.0,0.0,416547230.0,18904116.0,0.0,0.0,342624480.0,92826880.0,435451360.0,0
2017-07-12,2040.0,2065.0,2020.0,2025.0,235444.0,0.0,0.0,442718340.0,10849745.0,0.0,0.0,413143550.0,40424536.0,453568060.0,0
2017-07-13,2030.0,2060.0,2020.0,2025.0,196530.0,2025.0,2050.0,445349340.0,33901324.0,0.0,0.0,452753470.0,26501260.0,479254750.0,0
2017-07-14,2040.0,2045.0,1980.0,1995.0,462116.0,85395.0,0.0,308145540.0,90835304.0,178470.0,0.0,376843170.0,22044610.0,399066240.0,0
2017-07-17,1985.0,2025.0,1985.0,2015.0,139225.0,0.0,0.0,788806200.0,132536110.0,0.0,0.0,876873700.0,44468624.0,921342340.0,0
2017-07-18,2025.0,2025.0,1975.0,1990.0,582902.0,0.0,0.0,188921680.0,90129736.0,0.0,0.0,248434940.0,30616480.0,279051420.0,0
2017-07-19,1995.0,2150.0,1985.0,2040.0,2109518.0,0.0,0.0,948090560.0,210393900.0,4085680.0,316498340.0,771883840.0,66016600.0,1158484500.0,1
2017-07-20,2050.0,2060.0,2010.0,2015.0,442735.0,0.0,8370000.0,4196728800.0,160347380.0,0.0,20400000.0,3989272300.0,355773920.0,4365446000.0,0
2017-07-21,2030.0,2035.0,2005.0,2010.0,218636.0,0.0,2025.0,831430400.0,64825090.0,0.0,0.0,752200300.0,144057180.0,896257540.0,0
2017-07-24,2010.0,2020.0,1995.0,2000.0,306589.0,0.0,1002500.0,417394560.0,22154750.0,0.0,8075720.0,389780160.0,42695936.0,440551800.0,0
2017-07-25,1995.0,2015.0,1990.0,1995.0,187230.0,0.0,0.0,579491400.0,34166580.0,0.0,0.0,550423600.0,63234340.0,613658000.0,0
2017-07-26,2005.0,2020.0,1980.0,1990.0,315780.0,0.0,1086000.0,343057100.0,30211170.0,0.0,0.0,329906660.0,44447620.0,374354270.0,0
2017-07-27,2000.0,2000.0,1975.0,1995.0,161744.0,0.0,0.0,552649540.0,75726080.0,0.0,0.0,569797200.0,58578460.0,628375600.0,0
2017-07-28,1995.0,2000.0,1970.0,1975.0,230192.0,0.0,292530.0,281318530.0,39869544.0,33860.0,0.0,292470720.0,28976016.0,321480600.0,0
2017-07-31,1965.0,2000.0,1940.0,1940.0,283177.0,130270.0,212930.0,404958080.0,50261776.0,0.0,0.0,407439230.0,48123816.0,455563040.0,0
2017-08-01,1960.0,1965.0,1935.0,1955.0,140444.0,1594680.0,977500.0,518273000.0,32511256.0,0.0,0.0,495909380.0,57447070.0,553356400.0,0
2017-08-02,1955.0,1965.0,1945.0,1965.0,102172.0,99655.0,0.0,159151060.0,114870310.0,0.0,0.0,248831180.0,25289840.0,274121020.0,0
2017-08-03,1955.0,1975.0,1900.0,1900.0,357786.0,7860.0,0.0,135704380.0,64351804.0,35190.0,0.0,190280240.0,9748620.0,200064050.0,0
2017-08-04,1900.0,1935.0,1895.0,1900.0,185144.0,1910.0,0.0,670695040.0,18194104.0,36460.0,0.0,633888060.0,54966544.0,688891100.0,0
2017-08-07,1900.0,1970.0,1895.0,1950.0,194582.0,0.0,0.0,228305950.0,124383010.0,3810.0,0.0,339309500.0,13375655.0,352688960.0,0
2017-08-08,1955.0,1970.0,1930.0,1970.0,101116.0,0.0,0.0,247190690.0,130105970.0,0.0,0.0,366806100.0,10490555.0,377296640.0,0
2017-08-09,1955.0,1965.0,1930.0,1930.0,175675.0,0.0,7800.0,133635290.0,63988540.0,1965.0,82530.0,175613420.0,21933710.0,197631630.0,0
2017-08-10,1920.0,1955.0,1910.0,1920.0,128309.0,3712455.0,0.0,287182850.0,50710976.0,0.0,0.0,287339620.0,54266656.0,341606270.0,0
2017-08-11,1895.0,1915.0,1855.0,1855.0,283130.0,0.0,0.0,213433180.0,33816360.0,11580.0,0.0,198843760.0,48394200.0,247249550.0,0
2017-08-14,1845.0,1895.0,1845.0,1860.0,216932.0,0.0,0.0,516505470.0,15289090.0,11160.0,1434510.0,435933900.0,94415016.0,531794560.0,0
2017-08-16,1855.0,1900.0,1850.0,1895.0,137939.0,0.0,0.0,367597100.0,37240484.0,19417596.0,0.0,353920130.0,31499856.0,404837570.0,0
2017-08-17,1900.0,1905.0,1885.0,1900.0,88399.0,969785.0,0.0,220487740.0,36808460.0,0.0,1853680.0,242209630.0,14202680.0,258265980.0,0
2017-08-18,1890.0,1935.0,1880.0,1915.0,141333.0,0.0,0.0,152552480.0,14903280.0,0.0,0.0,161331180.0,6124580.0,167455760.0,0
2017-08-21,1920.0,1930.0,1910.0,1920.0,86972.0,32640.0,0.0,240690140.0,29501590.0,0.0,0.0,258257400.0,11966965.0,270224400.0,0
2017-08-22,1910.0,1955.0,1910.0,1940.0,134859.0,0.0,0.0,133339900.0,33417284.0,0.0,0.0,145556370.0,21200820.0,166757180.0,0
2017-08-23,1940.0,1960.0,1925.0,1935.0,74373.0,0.0,0.0,216167490.0,46046956.0,0.0,0.0,239142850.0,23071596.0,262214450.0,0
2017-08-24,1935.0,1950.0,1915.0,1920.0,122724.0,0.0,0.0,121046710.0,23082116.0,0.0,0.0,124042880.0,20085950.0,144128830.0,0
2017-08-25,1910.0,1935.0,1885.0,1900.0,178887.0,0.0,0.0,218341400.0,18703530.0,0.0,0.0,190104700.0,46940236.0,237044930.0,0
2017-08-28,1905.0,1925.0,1880.0,1910.0,107078.0,0.0,0.0,310911940.0,28948344.0,768805.0,0.0,314374600.0,24716876.0,339860300.0,0
2017-08-29,1895.0,1940.0,1895.0,1940.0,179902.0,0.0,1814400.0,118055710.0,83951130.0,0.0,0.0,179159840.0,24661400.0,203821250.0,0
2017-08-30,1940.0,1950.0,1910.0,1945.0,93178.0,29080.0,0.0,236846270.0,106545610.0,0.0,0.0,328644260.0,14776720.0,343420960.0,0
2017-08-31,1945.0,1955.0,1930.0,1935.0,89878.0,0.0,0.0,131118344.0,49389916.0,0.0,0.0,164778030.0,15730235.0,180508260.0,0
2017-09-01,1940.0,2010.0,1940.0,1995.0,414137.0,13580.0,0.0,131641440.0,42989580.0,0.0,0.0,154407780.0,20236830.0,174644600.0,0
2017-09-04,1935.0,1960.0,1905.0,1930.0,232640.0,0.0,1990.0,692296200.0,128006190.0,452800.0,0.0,812438500.0,7413025.0,820304300.0,0
2017-09-05,1935.0,1960.0,1915.0,1915.0,124516.0,0.0,0.0,409692400.0,41198336.0,62005.0,0.0,355887100.0,94941630.0,450890750.0,0
2017-09-06,1915.0,1930.0,1890.0,1890.0,151552.0,0.0,0.0,237142670.0,3069370.0,23145.0,0.0,184696910.0,55491996.0,240212050.0,0
2017-09-07,1895.0,1915.0,1880.0,1900.0,117379.0,0.0,9538120.0,276109540.0,2401040.0,0.0,0.0,243994820.0,44053876.0,288048700.0,0
2017-09-08,1885.0,1905.0,1845.0,1850.0,329897.0,0.0,3780000.0,210505090.0,7779280.0,0.0,930445.0,190302300.0,30831604.0,222064350.0,0
2017-09-11,1850.0,1870.0,1835.0,1860.0,113809.0,22200.0,14915800.0,584518800.0,14429890.0,236865.0,0.0,524122900.0,89526936.0,613886700.0,0
2017-09-12,1845.0,1870.0,1840.0,1840.0,143231.0,25890.0,0.0,181266080.0,28914670.0,457315.0,0.0,184380030.0,25369290.0,210206640.0,0
2017-09-13,1840.0,1850.0,1770.0,1770.0,531244.0,0.0,0.0,255511660.0,9496865.0,34960.0,0.0,238817820.0,26155744.0,265008530.0,0
2017-09-14,1750.0,1775.0,1695.0,1705.0,661044.0,0.0,7140.0,901355100.0,50881696.0,0.0,0.0,891525440.0,60718516.0,952243900.0,0
2017-09-15,1700.0,1725.0,1695.0,1715.0,284861.0,16622045.0,5522620.0,1002360100.0,111911820.0,18523120.0,0.0,1082628200.0,35265256.0,1136416600.0,0
2017-09-18,1710.0,1715.0,1695.0,1705.0,159297.0,0.0,0.0,448972480.0,37220190.0,20460.0,0.0,450038530.0,36133680.0,486192670.0,0
2017-09-19,1715.0,1730.0,1695.0,1720.0,197367.0,0.0,0.0,263679820.0,7917955.0,109090.0,852500.0,256911490.0,13724695.0,271597800.0,0
2017-09-20,1720.0,1740.0,1690.0,1710.0,130095.0,0.0,0.0,314398900.0,23593840.0,142605.0,0.0,325240860.0,12609310.0,337992770.0,0
2017-09-21,1695.0,1715.0,1645.0,1660.0,367099.0,0.0,0.0,216915460.0,5514770.0,0.0,0.0,210386750.0,12043480.0,222430220.0,0
2017-09-22,1650.0,1685.0,1615.0,1660.0,371854.0,0.0,0.0,592775200.0,20480956.0,20085.0,0.0,601969200.0,11266795.0,613256100.0,0
2017-09-25,1640.0,1675.0,1630.0,1640.0,155128.0,0.0,82750000.0,506578800.0,23224444.0,0.0,0.0,591365600.0,21187644.0,612553300.0,0
2017-09-26,1600.0,1640.0,1600.0,1640.0,257670.0,173550.0,88855690.0,164141150.0,2038155.0,0.0,0.0,214931090.0,40277460.0,255208540.0,0
2017-09-27,1630.0,1680.0,1630.0,1670.0,242536.0,0.0,51580000.0,273553500.0,92714510.0,0.0,0.0,399478240.0,18369760.0,417848000.0,0
2017-09-28,1670.0,1680.0,1655.0,1675.0,109962.0,0.0,0.0,379515040.0,23731910.0,0.0,0.0,385873500.0,17373430.0,403246940.0,0
2017-09-29,1670.0,1735.0,1670.0,1735.0,291918.0,0.0,0.0,154154530.0,29115220.0,0.0,0.0,147198400.0,36071350.0,183269740.0,0
2017-10-10,1735.0,1745.0,1700.0,1720.0,248114.0,0.0,80304880.0,362793280.0,57496800.0,0.0,99180.0,486917500.0,13578285.0,500594940.0,0
2017-10-11,1735.0,1785.0,1700.0,1770.0,456308.0,0.0,17265520.0,367952740.0,42908476.0,0.0,8700000.0,346156200.0,73270536.0,428126720.0,0
2017-10-12,1775.0,1850.0,1750.0,1820.0,439388.0,0.0,17475000.0,689567700.0,91416310.0,0.0,0.0,780444740.0,18014270.0,798459000.0,0
2017-10-13,1815.0,1830.0,1765.0,1820.0,263009.0,3618650.0,357235.0,740943940.0,53763716.0,0.0,353125.0,763867840.0,34462564.0,798683600.0,0
2017-10-16,1820.0,1835.0,1785.0,1830.0,126405.0,0.0,0.0,466277760.0,7405595.0,489535.0,87600.0,380843000.0,92263224.0,473683360.0,0
2017-10-17,1820.0,1870.0,1815.0,1835.0,133340.0,284140.0,0.0,217579100.0,11144780.0,0.0,0.0,208605490.0,20402540.0,229008030.0,0
2017-10-18,1845.0,1845.0,1765.0,1820.0,110593.0,1835.0,549000.0,199683180.0,44825170.0,200140.0,0.0,205835260.0,39023780.0,245059180.0,0
2017-10-19,1805.0,1830.0,1800.0,1815.0,56731.0,0.0,0.0,184631330.0,14964760.0,163040.0,0.0,178739420.0,20693620.0,199596080.0,0
2017-10-20,1815.0,1820.0,1780.0,1790.0,93580.0,0.0,0.0,73063580.0,29909360.0,139700.0,0.0,92695540.0,10137700.0,102972940.0,0
2017-10-23,1815.0,1820.0,1770.0,1800.0,137300.0,0.0,0.0,143751630.0,24466770.0,111655.0,0.0,158122530.0,9984220.0,168218400.0,0
2017-10-24,1790.0,1810.0,1790.0,1810.0,77013.0,0.0,0.0,227411100.0,19826750.0,164925.0,0.0,243809090.0,3263850.0,247237860.0,0
2017-10-25,1810.0,1875.0,1810.0,1830.0,407822.0,0.0,0.0,78965736.0,59791110.0,91765.0,0.0,138051900.0,613180.0,138756850.0,0
2017-10-26,1845.0,1910.0,1835.0,1865.0,677962.0,0.0,0.0,699457150.0,56407530.0,59070.0,0.0,743136060.0,12669520.0,755864640.0,0
2017-10-27,1895.0,1940.0,1890.0,1930.0,909863.0,0.0,0.0,1170597200.0,103360700.0,65305.0,1860.0,1204943100.0,68947590.0,1273957900.0,0
2017-10-30,1940.0,1960.0,1910.0,1930.0,234790.0,0.0,0.0,1621981000.0,125806590.0,78910.0,0.0,1577088400.0,170620290.0,1747787600.0,0
2017-10-31,1925.0,1975.0,1925.0,1955.0,342462.0,3870.0,0.0,406814660.0,45903584.0,42320.0,0.0,410523650.0,42156156.0,452722100.0,0
2017-11-01,1955.0,2000.0,1925.0,1980.0,538131.0,0.0,0.0,623851500.0,43972244.0,29185.0,0.0,597665500.0,70129150.0,667823800.0,0
2017-11-02,2040.0,2305.0,2035.0,2090.0,12170503.0,5940.0,0.0,1024530800.0,33405504.0,25410.0,0.0,964649340.0,93267540.0,1057942300.0,1
2017-11-03,2085.0,2085.0,2005.0,2040.0,1163906.0,0.0,41128964.0,26498500000.0,93106840.0,21130.0,113652504.0,26028830000.0,490233340.0,26632737000.0,1
2017-11-06,2055.0,2090.0,2025.0,2030.0,630733.0,16200.0,0.0,2217888000.0,156437620.0,14300.0,0.0,2353557000.0,20770524.0,2374342000.0,0
2017-11-07,2025.0,2075.0,2025.0,2055.0,590436.0,0.0,0.0,1276451500.0,16949300.0,14355.0,972875.0,1194059800.0,98353710.0,1293400800.0,0
2017-11-08,2070.0,2120.0,2030.0,2120.0,1011755.0,0.0,0.0,1092904200.0,119262940.0,591945.0,0.0,1165191700.0,46383464.0,1212167000.0,1
2017-11-09,2130.0,2170.0,2105.0,2145.0,1157685.0,105605656.0,2198600.0,1812715600.0,203610110.0,2110.0,0.0,2057830800.0,66297076.0,2124130000.0,1
2017-11-10,2130.0,2205.0,2130.0,2195.0,993212.0,99629090.0,30170000.0,2250154000.0,108543416.0,4320.0,0.0,2355462700.0,133029490.0,2488496600.0,1
2017-11-13,2200.0,2275.0,2200.0,2255.0,1362980.0,24656970.0,0.0,1755078500.0,382623840.0,0.0,2175.0,2110045300.0,52311890.0,2162359300.0,1
2017-11-14,2285.0,2285.0,2175.0,2250.0,1130938.0,102941850.0,64017000.0,2663247600.0,230292510.0,0.0,2250.0,2844511200.0,215985440.0,3060499000.0,1
2017-11-15,2270.0,2385.0,2250.0,2350.0,3239359.0,336580100.0,0.0,2097942000.0,80594490.0,149770.0,30604024.0,2324449800.0,159913010.0,2515116500.0,1
2017-11-16,2380.0,2465.0,2350.0,2425.0,2104692.0,1675891100.0,634065.0,4996962300.0,848591100.0,3651330.0,108909256.0,7159196700.0,250321360.0,7522078700.0,1
2017-11-17,2445.0,2520.0,2375.0,2515.0,2170554.0,378853220.0,14992345.0,4475634700.0,206348340.0,40071050.0,0.0,4773724000.0,262033150.0,5075828700.0,1
2017-11-20,2525.0,2720.0,2485.0,2705.0,2752753.0,767281540.0,0.0,3848975000.0,772950300.0,180760820.0,12512500.0,4869353500.0,326580220.0,5389207000.0,1
2017-11-21,2730.0,2755.0,2620.0,2735.0,2092576.0,501094560.0,20216660.0,5974378000.0,786660000.0,2258645.0,36986960.0,6966066700.0,277036900.0,7282349600.0,1
2017-11-22,2770.0,2815.0,2710.0,2765.0,1368720.0,703282500.0,0.0,4229444900.0,741902460.0,0.0,20525000.0,5100636700.0,553468100.0,5674629600.0,1
2017-11-23,2780.0,2810.0,2700.0,2780.0,1359205.0,451213120.0,0.0,2869012200.0,464602800.0,9877005.0,13950000.0,3378792400.0,382208670.0,3784828200.0,1
2017-11-24,2795.0,2925.0,2770.0,2790.0,1602324.0,383362430.0,0.0,2822938400.0,558586050.0,5601595.0,29199750.0,3528653300.0,201432270.0,3764886800.0,1
2017-11-27,2800.0,2825.0,2665.0,2730.0,1286142.0,38880124.0,16880160.0,4091618800.0,399268600.0,5068050.0,35620844.0,4162652200.0,343306620.0,4546647600.0,1
2017-11-28,2730.0,2845.0,2725.0,2840.0,1326678.0,33272130.0,12900500.0,2958232000.0,505355740.0,106825.0,0.0,3270366700.0,239287020.0,3509760500.0,1
2017-11-29,2840.0,2890.0,2650.0,2660.0,1698544.0,38321956.0,19845000.0,2814224000.0,836969340.0,67560.0,0.0,3586493700.0,122798980.0,3709360400.0,1
2017-11-30,2675.0,2700.0,2525.0,2570.0,1628061.0,17366280.0,0.0,4399133000.0,240469900.0,606745.0,19740000.0,3759563000.0,877059900.0,4656969700.0,1
2017-12-01,2585.0,2585.0,2480.0,2525.0,1527036.0,15699215.0,21581000.0,2976308000.0,1221336300.0,294647070.0,0.0,3603812600.0,336464600.0,4234924300.0,1
2017-12-04,2540.0,2765.0,2525.0,2690.0,2689838.0,10797855.0,16044850.0,3185851600.0,635164200.0,0.0,0.0,3588984000.0,258874380.0,3847858400.0,1
2017-12-05,2680.0,2745.0,2620.0,2700.0,1118445.0,624404350.0,559150.0,5762811000.0,816414500.0,1093680.0,20604824.0,6391216000.0,791274430.0,7204189000.0,1
2017-12-06,2685.0,2740.0,2610.0,2625.0,672076.0,445193500.0,0.0,2195352000.0,377535550.0,1777790.0,15957000.0,2460072400.0,540273900.0,3018081300.0,0
2017-12-07,2610.0,2650.0,2490.0,2570.0,931794.0,656855.0,8015000.0,1567322800.0,215195410.0,250670.0,0.0,1472916000.0,318023460.0,1791190000.0,1
2017-12-08,2575.0,2675.0,2525.0,2545.0,799944.0,123202140.0,3030000.0,1841919700.0,403904420.0,202800.0,0.0,2020600700.0,351252770.0,2372056300.0,1
2017-12-11,2550.0,2640.0,2540.0,2640.0,485473.0,73007416.0,377370.0,1833931900.0,181736180.0,296295.0,0.0,1642510500.0,446246140.0,2089052900.0,0
2017-12-12,2630.0,2660.0,2555.0,2560.0,384914.0,745295.0,0.0,876020860.0,387336030.0,0.0,0.0,1155045200.0,109056984.0,1264102100.0,0
2017-12-13,2525.0,2605.0,2525.0,2555.0,413181.0,900125.0,0.0,819466430.0,177237800.0,922925.0,0.0,664223940.0,332457500.0,997604350.0,0
2017-12-14,2585.0,2690.0,2525.0,2685.0,1112114.0,15165430.0,0.0,746237700.0,297526370.0,12800000.0,0.0,1002760770.0,43368760.0,1058929540.0,1
2017-12-15,2675.0,2680.0,2585.0,2585.0,877756.0,478171170.0,0.0,2273884700.0,168354160.0,0.0,0.0,2646730800.0,273679360.0,2920410000.0,1
2017-12-18,2600.0,2615.0,2525.0,2535.0,525028.0,39284964.0,6996000.0,2178417000.0,74625000.0,11980915.0,73975390.0,1473350000.0,740016500.0,2299323000.0,0
2017-12-19,2525.0,2550.0,2410.0,2455.0,632979.0,136092640.0,3952000.0,1120318300.0,85998730.0,69356820.0,0.0,965378370.0,311626530.0,1346361700.0,0
2017-12-20,2450.0,2495.0,2350.0,2485.0,577521.0,639740.0,0.0,1334912600.0,213581710.0,131485.0,0.0,1403432200.0,145570400.0,1549134100.0,0
2017-12-21,2465.0,2500.0,2365.0,2370.0,492126.0,3746985.0,22406984.0,1104240500.0,271951520.0,48826490.0,0.0,1323277700.0,30241836.0,1402346100.0,0
2017-12-22,2370.0,2425.0,2335.0,2400.0,320801.0,57481424.0,0.0,1014065100.0,118442100.0,375245.0,0.0,1008954300.0,180659060.0,1189988600.0,0
2017-12-26,2400.0,2425.0,2280.0,2315.0,710534.0,349010.0,0.0,472213250.0,287936540.0,287395.0,0.0,714987600.0,45223820.0,760498800.0,0
2017-12-27,2335.0,2390.0,2310.0,2370.0,363214.0,140997310.0,0.0,1227940700.0,284328580.0,676300.0,689680.0,1536278900.0,115621736.0,1653266600.0,0
2017-12-28,2375.0,2375.0,2320.0,2350.0,217394.0,291395.0,0.0,663639740.0,189572770.0,2370.0,0.0,797038100.0,56463424.0,853503900.0,0
2018-01-02,2375.0,2375.0,2310.0,2350.0,363694.0,215660.0,0.0,446586720.0,63300570.0,22874990.0,0.0,388348060.0,98879910.0,510102980.0,0
2018-01-03,2355.0,2450.0,2340.0,2410.0,809553.0,0.0,0.0,698796100.0,153043180.0,11650.0,0.0,789121800.0,62705844.0,851839300.0,0
2018-01-04,2430.0,2430.0,2295.0,2330.0,686844.0,126292900.0,72300.0,1715066400.0,101894780.0,0.0,0.0,1571278000.0,372048450.0,1943326300.0,0
2018-01-05,2340.0,2370.0,2300.0,2325.0,382424.0,0.0,20925.0,1418350700.0,193517700.0,258481580.0,474000.0,1116245100.0,236688700.0,1611889400.0,0
2018-01-08,2325.0,2360.0,2275.0,2275.0,458315.0,987135.0,0.0,707070300.0,185216030.0,0.0,0.0,820239000.0,73034470.0,893273400.0,0
2018-01-09,2295.0,2325.0,2250.0,2275.0,322111.0,0.0,46000.0,920550850.0,137608670.0,0.0,0.0,929428300.0,128777260.0,1058205500.0,0
2018-01-10,2275.0,2385.0,2270.0,2360.0,679147.0,7115780.0,82520.0,541236700.0,188978080.0,230360.0,3967910.0,659235200.0,73979580.0,737413060.0,0
2018-01-11,2360.0,2395.0,2330.0,2350.0,386987.0,8923950.0,333690.0,1315510100.0,269787230.0,584585.0,0.0,1325152600.0,268817800.0,1594555000.0,0
2018-01-12,2375.0,2380.0,2260.0,2310.0,648783.0,7879505.0,11935000.0,849407300.0,43547324.0,350045.0,12124125.0,773359000.0,126935976.0,912769100.0,0
2018-01-15,2310.0,2320.0,2230.0,2240.0,466199.0,79869930.0,2270.0,1337743100.0,70577740.0,190516640.0,4108400.0,1150154500.0,143413420.0,1488193000.0,0
2018-01-16,2265.0,2420.0,2220.0,2295.0,1452760.0,9459260.0,13473655.0,909355200.0,119930584.0,163711730.0,0.0,856904770.0,31602216.0,1052218700.0,1
2018-01-17,2300.0,2305.0,2250.0,2280.0,558251.0,8259200.0,15630000.0,3166506200.0,161897810.0,313063070.0,0.0,2647719000.0,391511360.0,3352293400.0,0
2018-01-18,2295.0,2315.0,2265.0,2300.0,418854.0,22695004.0,4801800.0,1069600600.0,167776500.0,383437280.0,0.0,835535600.0,45901010.0,1264873900.0,0
2018-01-19,2365.0,2745.0,2325.0,2600.0,10449808.0,3304210.0,33816320.0,813092160.0,105753660.0,114129020.0,0.0,782174700.0,59662564.0,955966340.0,1
2018-01-22,2635.0,2790.0,2575.0,2755.0,6716280.0,1317345500.0,26498804.0,24866615000.0,762566500.0,43707310.0,232572180.0,25655476000.0,1041270460.0,26973026000.0,1
2018-01-23,2735.0,2790.0,2680.0,2765.0,2576864.0,1237891300.0,6517285.0,14969286000.0,1978112900.0,304363680.0,329692930.0,16564541000.0,993209100.0,18191809000.0,1
2018-01-24,2755.0,2835.0,2720.0,2810.0,2398925.0,818994560.0,23906244.0,5387178500.0,838975000.0,68639530.0,16803800.0,6648012300.0,335598980.0,7069054500.0,1
2018-01-25,2790.0,2830.0,2670.0,2705.0,2151622.0,1149473200.0,0.0,5172043000.0,375286140.0,27644730.0,9272000.0,6016768000.0,643117400.0,6696802300.0,1
2018-01-26,2700.0,2745.0,2680.0,2705.0,867131.0,0.0,442854180.0,4985008600.0,453917120.0,4650195.0,13151580.0,5310444500.0,553533440.0,5881779700.0,1
2018-01-29,2710.0,2730.0,2620.0,2650.0,1219633.0,0.0,5410000.0,1949351700.0,393332160.0,7728105.0,0.0,2098599600.0,241766200.0,2348093700.0,1
2018-01-30,2670.0,2670.0,2595.0,2640.0,755096.0,0.0,0.0,2771560700.0,461856860.0,207235900.0,0.0,2855806000.0,170375570.0,3233417500.0,1
2018-01-31,2645.0,2865.0,2610.0,2840.0,5868473.0,379890.0,2648745.0,1920037200.0,59024290.0,0.0,0.0,1848612900.0,133477310.0,1982090200.0,1
2018-02-01,2805.0,2875.0,2700.0,2725.0,2088852.0,1034974000.0,69815650.0,14044451000.0,1209477900.0,112377970.0,6777485.0,14983107000.0,1256457200.0,16358718000.0,1
2018-02-02,2730.0,2745.0,2640.0,2675.0,1134011.0,5450.0,19999400.0,5584021000.0,194729170.0,392659620.0,33060.0,4731816000.0,674246400.0,5798755000.0,1
2018-02-05,2590.0,2615.0,2505.0,2510.0,1307232.0,56356050.0,7965000.0,2490571300.0,481612350.0,100306880.0,0.0,2511646700.0,424551260.0,3036504800.0,1
2018-02-06,2405.0,2475.0,2330.0,2445.0,1150344.0,200956260.0,21781824.0,2971183000.0,148072530.0,9570260.0,0.0,2588895200.0,743528060.0,3341993700.0,1
2018-02-07,2515.0,2515.0,2395.0,2410.0,927416.0,183020140.0,27264176.0,1947901300.0,598127360.0,126002664.0,29180124.0,2157840400.0,443289800.0,2756312800.0,1
2018-02-08,2440.0,2480.0,2400.0,2475.0,400377.0,352079400.0,0.0,1618144500.0,320240540.0,271700.0,12025000.0,1628552100.0,649615740.0,2290464500.0,0
2018-02-09,2390.0,2410.0,2345.0,2380.0,748384.0,17469320.0,0.0,689602050.0,275322780.0,13724500.0,0.0,719162300.0,249507340.0,982394200.0,0
2018-02-12,2420.0,2425.0,2340.0,2350.0,423196.0,16020210.0,14264780.0,1538320300.0,205863740.0,732990.0,47010000.0,1400247400.0,326478560.0,1774469000.0,0
2018-02-13,2390.0,2405.0,2300.0,2335.0,366567.0,8398645.0,4735.0,906801200.0,87103120.0,6903440.0,7080.0,766530400.0,228866780.0,1002307700.0,0
2018-02-14,2335.0,2370.0,2295.0,2330.0,304909.0,21952944.0,9220000.0,772056260.0,58330320.0,928700.0,0.0,755068350.0,105562480.0,861559550.0,0
2018-02-19,2340.0,2390.0,2340.0,2380.0,280580.0,4651745.0,2340.0,666479800.0,35504340.0,80642800.0,0.0,542481860.0,83513570.0,706638300.0,0
2018-02-20,2370.0,2380.0,2330.0,2340.0,286496.0,5797365.0,0.0,600609300.0,56682256.0,94653190.0,0.0,493662620.0,74773070.0,663088900.0,0
2018-02-21,2340.0,2370.0,2320.0,2360.0,294325.0,6340915.0,0.0,606968450.0,59916320.0,123094740.0,0.0,422447100.0,127683840.0,673225660.0,0
2018-02-22,2360.0,2360.0,2295.0,2310.0,505967.0,0.0,0.0,553814100.0,137938420.0,164460720.0,0.0,420008320.0,107283460.0,691752450.0,0
2018-02-23,2320.0,2330.0,2215.0,2225.0,995073.0,60870.0,0.0,1067922200.0,104716460.0,72973370.0,0.0,849537000.0,250189090.0,1172699500.0,1
2018-02-26,2245.0,2270.0,2225.0,2250.0,417034.0,0.0,18650964.0,1979477600.0,252789490.0,826966340.0,488595.0,1335904100.0,87559020.0,2250918100.0,0
2018-02-27,2265.0,2275.0,2230.0,2235.0,250663.0,62870890.0,2245.0,747500600.0,128748150.0,199901540.0,2240.0,567238200.0,171979890.0,939121900.0,0
2018-02-28,2245.0,2245.0,2140.0,2170.0,694634.0,11299985.0,0.0,513591600.0,38438064.0,9360025.0,0.0,494626940.0,59342684.0,563329660.0,0
2018-03-02,2135.0,2155.0,2070.0,2125.0,617755.0,119020940.0,0.0,1322389200.0,68533200.0,324231360.0,2180.0,1055367400.0,130342460.0,1509943400.0,0
2018-03-05,2105.0,2125.0,2060.0,2080.0,347129.0,60536716.0,0.0,1063100740.0,174107070.0,346575300.0,0.0,753185600.0,197983660.0,1297744500.0,0
2018-03-06,2080.0,2145.0,2070.0,2135.0,303459.0,107071110.0,8330000.0,514855420.0,94564110.0,144195400.0,0.0,539653570.0,40971710.0,724820600.0,0
2018-03-07,2160.0,2195.0,2140.0,2185.0,580241.0,71944750.0,0.0,518596160.0,51225316.0,89032690.0,0.0,535897540.0,16835980.0,641766200.0,0
2018-03-08,2240.0,2245.0,2180.0,2220.0,427967.0,1400060.0,4360000.0,1229336700.0,21916096.0,64915616.0,0.0,958537300.0,233560000.0,1257012900.0,0
2018-03-09,2225.0,2285.0,2215.0,2270.0,755058.0,433160.0,0.0,933824100.0,8357755.0,88538070.0,0.0,588265900.0,265811060.0,942615040.0,0
2018-03-12,2300.0,2300.0,2235.0,2280.0,550693.0,101805370.0,0.0,1500848900.0,99312030.0,249426740.0,164565.0,1309746300.0,142628740.0,1701966300.0,0
2018-03-13,2290.0,2290.0,2220.0,2230.0,426607.0,247022540.0,0.0,844707840.0,152396050.0,351530900.0,0.0,801337860.0,91257690.0,1244126500.0,0
2018-03-14,2200.0,2225.0,2170.0,2200.0,383516.0,35940.0,0.0,901534600.0,53501680.0,490533000.0,0.0,429861760.0,34677450.0,955072200.0,0
2018-03-15,2200.0,2205.0,2150.0,2170.0,480979.0,57200.0,0.0,735981000.0,102856390.0,258175020.0,0.0,572487230.0,8232295.0,838894500.0,0
2018-03-16,2160.0,2195.0,2135.0,2170.0,430900.0,34765.0,0.0,945435970.0,95893530.0,352915360.0,0.0,668883700.0,19565164.0,1041364200.0,0
2018-03-19,2180.0,2185.0,2100.0,2105.0,435665.0,34540.0,0.0,744311700.0,184591780.0,355254200.0,0.0,560532500.0,13151325.0,928938000.0,0
2018-03-20,2100.0,2170.0,2100.0,2160.0,227527.0,0.0,0.0,820567360.0,106912184.0,461473060.0,0.0,406837120.0,59169380.0,927479550.0,0
2018-03-21,2160.0,2170.0,2100.0,2100.0,295310.0,10022760.0,4300000.0,398355260.0,75088456.0,17196050.0,0.0,400780260.0,69790160.0,487766460.0,0
2018-03-22,2125.0,2150.0,2025.0,2035.0,686780.0,9626070.0,0.0,565417300.0,54653516.0,242962740.0,0.0,343682660.0,43051440.0,629696830.0,0
2018-03-23,1960.0,2005.0,1955.0,1990.0,685032.0,1360625.0,4150000.0,1242342000.0,175846610.0,592439550.0,0.0,669285700.0,161973970.0,1423699200.0,0
2018-03-26,1965.0,2025.0,1940.0,2015.0,452729.0,104734970.0,90390.0,1076812300.0,175620700.0,279980670.0,93535.0,894380160.0,182803970.0,1357258400.0,0
2018-03-27,2130.0,2190.0,2055.0,2145.0,921313.0,134498130.0,0.0,536819360.0,229150800.0,451972640.0,0.0,394695460.0,53800200.0,900468300.0,0
2018-03-28,2135.0,2140.0,2070.0,2100.0,542163.0,0.0,0.0,1531568300.0,428854180.0,201824270.0,0.0,1467096200.0,291501950.0,1960422400.0,0
2018-03-29,2090.0,2130.0,2075.0,2120.0,208236.0,14700.0,0.0,935776400.0,201343490.0,211810180.0,49993430.0,654899000.0,220432000.0,1137134600.0,0
2018-03-30,2115.0,2200.0,2095.0,2150.0,617174.0,4271250.0,0.0,354407580.0,79490744.0,0.0,0.0,352386850.0,85782720.0,438169570.0,0
2018-04-02,2210.0,2265.0,2155.0,2190.0,1168951.0,15346800.0,0.0,1163075700.0,142336270.0,212648750.0,0.0,949988030.0,158122060.0,1320758800.0,1
2018-04-03,2175.0,2205.0,2160.0,2195.0,434210.0,369685.0,0.0,2457597400.0,135329470.0,255770450.0,44424380.0,1995107500.0,297994430.0,2593296600.0,0
2018-04-04,2200.0,2215.0,2150.0,2160.0,548682.0,0.0,0.0,881881100.0,63529960.0,285605700.0,0.0,602599400.0,57205900.0,945411100.0,0
2018-04-05,2160.0,2225.0,2160.0,2165.0,306257.0,176595.0,109771600.0,1077884300.0,12627060.0,16200320.0,0.0,1046896640.0,137362580.0,1200459500.0,0
2018-04-06,2190.0,2190.0,2135.0,2160.0,174538.0,2552505.0,0.0,586070100.0,80120110.0,0.0,0.0,601609150.0,67133610.0,668742700.0,0
2018-04-09,2170.0,2190.0,2155.0,2165.0,181540.0,8640.0,0.0,345930000.0,30637644.0,0.0,0.0,342668640.0,33907636.0,376576300.0,0
2018-04-10,2165.0,2190.0,2130.0,2140.0,265473.0,0.0,0.0,312719870.0,80849070.0,0.0,0.0,356796800.0,36772124.0,393568930.0,0
2018-04-11,2155.0,2205.0,2125.0,2165.0,306720.0,1039595.0,0.0,520053920.0,48236010.0,0.0,0.0,430243520.0,139086000.0,569329540.0,0
2018-04-12,2185.0,2195.0,2150.0,2160.0,295681.0,3226880.0,1097500.0,394784260.0,264600080.0,25980.0,0.0,658025400.0,5657305.0,663708740.0,0
2018-04-13,2170.0,2195.0,2160.0,2190.0,419622.0,456810.0,0.0,530018400.0,110443120.0,606535.0,0.0,626835500.0,13476280.0,640918340.0,0
2018-04-16,2195.0,2255.0,2195.0,2240.0,496828.0,2190.0,0.0,724050560.0,191607650.0,0.0,0.0,870193800.0,45466576.0,915660400.0,0
2018-04-17,2255.0,2265.0,2230.0,2245.0,471662.0,471325.0,12384400.0,936958400.0,155867500.0,0.0,0.0,1097168400.0,8513315.0,1105681700.0,0
2018-04-18,2255.0,2305.0,2235.0,2295.0,785864.0,947575.0,0.0,944578050.0,111603280.0,128271910.0,0.0,872183500.0,56673476.0,1057128900.0,0
2018-04-19,2300.0,2355.0,2280.0,2335.0,869770.0,159199540.0,0.0,1450746900.0,173471860.0,952910.0,111943410.0,1641801900.0,28720156.0,1783418200.0,1
2018-04-20,2375.0,2375.0,2290.0,2320.0,761636.0,21985150.0,6895000.0,1821593200.0,170364320.0,28843900.0,0.0,1907926700.0,84067144.0,2020837800.0,0
2018-04-23,2320.0,2355.0,2290.0,2290.0,482995.0,88035370.0,0.0,1617785700.0,65171060.0,47774350.0,0.0,1530660700.0,192556980.0,1770992100.0,0
2018-04-24,2305.0,2385.0,2300.0,2365.0,1076332.0,161188640.0,10532015.0,869849700.0,74851810.0,26738780.0,0.0,913628500.0,176054960.0,1116422100.0,1
2018-04-25,2355.0,2450.0,2275.0,2375.0,1845864.0,331656960.0,0.0,1585833700.0,605305340.0,240502640.0,0.0,2127317800.0,154975650.0,2522796000.0,1
2018-04-26,2380.0,2545.0,2380.0,2530.0,2132413.0,375584700.0,278136420.0,3531385600.0,178470500.0,93107030.0,0.0,3627563800.0,642906400.0,4363577300.0,1
2018-04-27,2560.0,2610.0,2485.0,2600.0,1402288.0,347591940.0,208397220.0,3765015800.0,959937000.0,485670.0,0.0,4640626700.0,639829600.0,5280942000.0,1
2018-04-30,2575.0,2580.0,2510.0,2540.0,917039.0,938700160.0,28250000.0,2415158300.0,206663340.0,0.0,5150000.0,2922477000.0,661144600.0,3588771600.0,1
2018-05-02,2500.0,2585.0,2485.0,2490.0,1007182.0,263048590.0,114559340.0,1604535800.0,352785020.0,16736415.0,0.0,1951972100.0,366220220.0,2334928600.0,1
2018-05-03,2520.0,2795.0,2470.0,2710.0,4294203.0,155616210.0,25367836.0,2036804100.0,317925340.0,59760.0,88114500.0,2052383900.0,395155300.0,2535713500.0,1
2018-05-04,2655.0,2775.0,2625.0,2745.0,2475754.0,1134105000.0,169739790.0,8484991500.0,1668776600.0,6343870.0,0.0,10188989000.0,1262279300.0,11457613000.0,1
2018-05-08,2745.0,2785.0,2685.0,2720.0,1074982.0,1488265300.0,0.0,4680727000.0,579632400.0,6066175.0,237185.0,5436691500.0,1305630200.0,6748625000.0,1
2018-05-09,2720.0,2840.0,2605.0,2815.0,2891133.0,220842290.0,0.0,2548467000.0,172230850.0,21702560.0,65400.0,2330973200.0,588798850.0,2941540000.0,1
2018-05-10,2805.0,2855.0,2755.0,2795.0,1463424.0,1470530000.0,70260000.0,5159338500.0,1332645500.0,100033190.0,32172876.0,6826290000.0,1074278000.0,8032774000.0,1
2018-05-11,2755.0,2825.0,2755.0,2800.0,952275.0,410943330.0,0.0,3255727600.0,438072000.0,81494050.0,0.0,3138006300.0,885242750.0,4104743200.0,1
2018-05-14,2780.0,2810.0,2675.0,2690.0,1211950.0,27991824.0,121927750.0,2069099900.0,443926050.0,0.0,98175000.0,2381085000.0,183685710.0,2662945500.0,1
2018-05-15,2690.0,2875.0,2675.0,2860.0,2455541.0,11084140.0,94487400.0,2725314300.0,479671600.0,79673350.0,0.0,2796461600.0,434422750.0,3310557700.0,1
2018-05-16,2840.0,2840.0,2620.0,2670.0,2236248.0,683344100.0,106966670.0,4505881600.0,1631601900.0,88622936.0,52077000.0,6464201700.0,322893060.0,6927794700.0,1
2018-05-17,2670.0,2690.0,2595.0,2640.0,652112.0,307986620.0,85852420.0,5234715000.0,410347780.0,53400.0,138166030.0,4424120300.0,1476562200.0,6038902300.0,0
2018-05-18,2620.0,2685.0,2620.0,2665.0,462924.0,9377495.0,1203750.0,1529866000.0,183823800.0,0.0,10580000.0,1613911700.0,99779340.0,1724271000.0,0
2018-05-21,2675.0,2735.0,2665.0,2715.0,609991.0,29757590.0,0.0,1066111740.0,134504600.0,0.0,17290000.0,1130219800.0,82864160.0,1230373900.0,0
2018-05-23,2745.0,2750.0,2655.0,2685.0,471974.0,52035230.0,0.0,1388943200.0,211688880.0,587390.0,27150.0,1369485700.0,282567040.0,1652667400.0,0
2018-05-24,2710.0,2710.0,2615.0,2685.0,558747.0,81946250.0,0.0,939064600.0,243700140.0,85525310.0,0.0,869829760.0,309355900.0,1264711000.0,0
2018-05-25,2630.0,2635.0,2410.0,2535.0,1282782.0,2291240.0,265000.0,1086468500.0,397272450.0,205992340.0,0.0,1165740500.0,114564310.0,1486297200.0,1
2018-05-28,2540.0,2635.0,2540.0,2565.0,772730.0,1635635.0,62650756.0,2781911000.0,416144600.0,532456300.0,28988716.0,2281107000.0,419790050.0,3262342000.0,0
2018-05-29,2555.0,2605.0,2495.0,2530.0,436291.0,20778084.0,0.0,1149877000.0,823516350.0,136819460.0,17925000.0,1525600900.0,313826100.0,1994171500.0,0
2018-05-30,2495.0,2535.0,2465.0,2510.0,381351.0,27805.0,0.0,877908600.0,231621500.0,342379330.0,0.0,672371900.0,94806710.0,1109557900.0,0
2018-05-31,2510.0,2550.0,2450.0,2520.0,320592.0,8912370.0,0.0,442190750.0,501794600.0,29870000.0,0.0,864606140.0,58421610.0,952897700.0,0
2018-06-01,2560.0,2675.0,2555.0,2645.0,1236963.0,1245825.0,0.0,588686100.0,211767520.0,28566296.0,0.0,693354430.0,79778660.0,801699400.0,1
2018-06-04,2615.0,2645.0,2460.0,2500.0,1300890.0,110260910.0,13616590.0,2687392800.0,438177760.0,95252300.0,0.0,2602660600.0,551535200.0,3249448000.0,1
2018-06-05,2490.0,2530.0,2440.0,2510.0,733348.0,318398270.0,0.0,2632718800.0,332838660.0,998152770.0,36537044.0,1430258800.0,819007200.0,3283955700.0,0
2018-06-07,2530.0,2555.0,2470.0,2535.0,686808.0,225755280.0,0.0,1102749800.0,486988740.0,1146465.0,580725.0,1689529200.0,124237490.0,1815493900.0,0
2018-06-08,2505.0,2560.0,2505.0,2535.0,289464.0,377580700.0,725580.0,1051138700.0,297956450.0,369367460.0,0.0,1108348800.0,249685220.0,1727401500.0,0
2018-06-11,2530.0,2570.0,2530.0,2540.0,249432.0,70650.0,27720.0,494357150.0,236022030.0,0.0,0.0,502334240.0,228143280.0,730477600.0,0
2018-06-12,2530.0,2575.0,2510.0,2535.0,386311.0,1887775.0,0.0,551077800.0,82169390.0,33005000.0,0.0,553112300.0,49017660.0,635135000.0,0
2018-06-14,2515.0,2545.0,2430.0,2440.0,330337.0,3215350.0,30900.0,660655000.0,316703600.0,17875000.0,0.0,856492600.0,106237240.0,980604860.0,0
2018-06-15,2440.0,2495.0,2435.0,2475.0,227429.0,12449890.0,0.0,739051400.0,66466390.0,0.0,12269735.0,645925570.0,159772370.0,817967700.0,0
2018-06-18,2445.0,2475.0,2205.0,2340.0,646365.0,80593020.0,0.0,371954880.0,107115150.0,24933870.0,0.0,499699740.0,35029430.0,559663040.0,0
2018-06-19,2335.0,2400.0,2235.0,2280.0,339804.0,61994790.0,0.0,1171042000.0,281352900.0,75831810.0,2621555.0,1284730500.0,151205870.0,1514389800.0,0
2018-06-20,2315.0,2355.0,2260.0,2340.0,406896.0,51750344.0,0.0,603460030.0,126033750.0,123495770.0,0.0,600377340.0,57370990.0,781244100.0,0
2018-06-21,2330.0,2380.0,2215.0,2275.0,398467.0,79716630.0,0.0,710536600.0,152491060.0,143877330.0,0.0,752318460.0,46548510.0,942744260.0,0
2018-06-22,2255.0,2315.0,2205.0,2300.0,391288.0,39201756.0,0.0,772707900.0,99054250.0,85923470.0,0.0,624219700.0,200820720.0,910963900.0,0
2018-06-25,2305.0,2435.0,2270.0,2430.0,440170.0,347392960.0,0.0,432148100.0,107153860.0,38134716.0,0.0,595891900.0,252668300.0,886694900.0,0
2018-06-26,2420.0,2425.0,2350.0,2400.0,231825.0,215385090.0,0.0,656895000.0,179371550.0,0.0,0.0,975638340.0,76013260.0,1051651650.0,0
2018-06-27,2400.0,2435.0,2340.0,2365.0,230365.0,102140.0,12004710.0,505636600.0,35307384.0,1882765.0,0.0,279417760.0,271750340.0,553050800.0,0
2018-06-28,2320.0,2355.0,2280.0,2300.0,213287.0,34692750.0,0.0,486249120.0,25571510.0,62727330.0,0.0,297198820.0,186587230.0,546513340.0,0
2018-06-29,2305.0,2330.0,2230.0,2320.0,211194.0,369350.0,0.0,423527420.0,67263930.0,6195100.0,0.0,410043680.0,74921900.0,491160700.0,0
2018-07-02,2285.0,2350.0,2230.0,2285.0,234448.0,23920320.0,0.0,404071680.0,54495424.0,0.0,0.0,385556860.0,96930540.0,482487420.0,0
2018-07-03,2295.0,2310.0,2155.0,2210.0,569256.0,104830024.0,3595180.0,373356320.0,54137850.0,85336560.0,0.0,350208960.0,100373870.0,535919400.0,0
2018-07-04,2190.0,2290.0,2185.0,2270.0,220378.0,17241180.0,1122500.0,995214700.0,241205920.0,55097644.0,0.0,1067019400.0,132667280.0,1254784300.0,0
2018-07-05,2250.0,2270.0,2125.0,2145.0,564854.0,134727420.0,11250000.0,238400200.0,112475010.0,237105.0,15835000.0,458829630.0,21950876.0,496852600.0,0
2018-07-06,2135.0,2185.0,2100.0,2180.0,305736.0,26872304.0,29355924.0,1004130050.0,166174600.0,44000204.0,12200250.0,999514800.0,170817600.0,1226532900.0,0
2018-07-09,2160.0,2200.0,2135.0,2170.0,134579.0,30905004.0,0.0,476691680.0,147430560.0,41325.0,0.0,616446400.0,38539544.0,655027260.0,0
2018-07-10,2175.0,2265.0,2145.0,2245.0,351208.0,37897056.0,8069170.0,233675140.0,11697970.0,160340.0,1095000.0,213388460.0,76695530.0,291339330.0,0
2018-07-11,2220.0,2265.0,2190.0,2245.0,238332.0,38633890.0,56187624.0,539961400.0,139353900.0,0.0,9917500.0,741256000.0,22963370.0,774136800.0,0
2018-07-12,2230.0,2270.0,2185.0,2210.0,491180.0,24853180.0,37855000.0,450085120.0,16919896.0,31053820.0,0.0,397695700.0,100963670.0,529713200.0,0
2018-07-13,2210.0,2225.0,2180.0,2215.0,189742.0,149016160.0,29050000.0,779472060.0,130117860.0,220582340.0,0.0,777259970.0,89813816.0,1087656100.0,0
2018-07-16,2240.0,2250.0,2150.0,2160.0,553400.0,104808890.0,0.0,259748560.0,53272064.0,33326480.0,0.0,342502500.0,42000520.0,417829500.0,0
2018-07-17,2160.0,2180.0,2140.0,2175.0,127549.0,17801680.0,2400670.0,1036995400.0,145808700.0,223690160.0,7277040.0,910432700.0,61606536.0,1203006500.0,0
2018-07-18,2185.0,2195.0,2160.0,2180.0,153121.0,1086120.0,2165000.0,223024480.0,49430950.0,32680564.0,0.0,205673780.0,37352210.0,275706560.0,0
2018-07-19,2165.0,2170.0,2035.0,2075.0,656467.0,19620.0,0.0,277401570.0,55967724.0,26196976.0,0.0,271890600.0,35301330.0,333388900.0,0
2018-07-20,2070.0,2115.0,2035.0,2105.0,269905.0,14525.0,0.0,1310803100.0,59469596.0,227679040.0,8492425.0,723199170.0,410916540.0,1370287200.0,0
2018-07-23,2075.0,2105.0,1980.0,2005.0,421854.0,22530304.0,0.0,380000400.0,158514350.0,103994080.0,0.0,438601100.0,18449844.0,561045000.0,0
2018-07-24,1985.0,2125.0,1985.0,2090.0,236452.0,56160.0,0.0,716796600.0,139169170.0,36684344.0,0.0,798780700.0,20556904.0,856021900.0,0
2018-07-25,2055.0,2100.0,2040.0,2075.0,326649.0,106559940.0,0.0,287827070.0,96526250.0,0.0,0.0,467361540.0,23551724.0,490913250.0,0
2018-07-26,2065.0,2105.0,2060.0,2100.0,117583.0,52835704.0,0.0,436262850.0,185567400.0,42054644.0,0.0,550776060.0,81835250.0,674665900.0,0
2018-07-27,2100.0,2155.0,2095.0,2140.0,199177.0,42001340.0,0.0,166689740.0,36510960.0,0.0,0.0,224054930.0,21147110.0,245202050.0,0
2018-07-30,2130.0,2160.0,2120.0,2155.0,114672.0,21314980.0,0.0,281568160.0,120901260.0,132930.0,0.0,405895420.0,17756040.0,423784420.0,0
2018-07-31,2160.0,2160.0,2115.0,2145.0,91721.0,6465.0,0.0,183615440.0,61521484.0,49425.0,0.0,215032080.0,30061890.0,245143400.0,0
2018-08-01,2145.0,2205.0,2105.0,2130.0,565036.0,2490365.0,0.0,179135500.0,14270600.0,0.0,0.0,140539400.0,55357070.0,195896460.0,0
2018-08-02,2130.0,2135.0,2090.0,2125.0,102216.0,40930.0,0.0,993924540.0,219307230.0,358875400.0,0.0,479914140.0,374483170.0,1213272700.0,0
2018-08-03,2135.0,2250.0,2110.0,2210.0,1062889.0,12774795.0,0.0,174062510.0,28926420.0,441055.0,0.0,203111120.0,12211560.0,215763730.0,1
2018-08-06,2250.0,2250.0,2125.0,2160.0,618604.0,181679920.0,52240.0,1791416600.0,375318140.0,154797040.0,0.0,2094109300.0,99560590.0,2348467000.0,0
2018-08-07,2150.0,2185.0,2080.0,2120.0,501444.0,12544945.0,2409240.0,1237688000.0,94348530.0,381032670.0,0.0,624021250.0,341936830.0,1346990700.0,0
2018-08-08,2120.0,2145.0,2085.0,2105.0,232837.0,240500.0,51120.0,991323400.0,70608690.0,283298140.0,0.0,657636900.0,121288590.0,1062223700.0,0
2018-08-09,2100.0,2130.0,2075.0,2100.0,171843.0,1622505.0,10600.0,473321760.0,17190060.0,89492770.0,21204624.0,360937920.0,20509610.0,492144930.0,0
2018-08-10,2090.0,2120.0,2085.0,2115.0,124207.0,377225.0,29260.0,348079070.0,10844755.0,0.0,0.0,339152000.0,20178290.0,359330300.0,0
2018-08-13,2100.0,2100.0,2000.0,2050.0,435931.0,12813840.0,630000.0,172876290.0,74474990.0,2100000.0,0.0,245960220.0,12734905.0,260795140.0,0
2018-08-14,2030.0,2075.0,2015.0,2050.0,224037.0,98513550.0,188100.0,731337500.0,59261020.0,74266750.0,10420000.0,699866800.0,104746590.0,889300160.0,0
2018-08-16,2020.0,2020.0,1965.0,1985.0,609388.0,20706020.0,0.0,322162660.0,114068190.0,40417864.0,0.0,360571870.0,55947136.0,456936860.0,0
2018-08-17,1990.0,2000.0,1890.0,1900.0,1074620.0,237845.0,0.0,1172360300.0,35960256.0,171518340.0,99135450.0,687157060.0,250747550.0,1208558500.0,1
2018-08-20,1910.0,1925.0,1890.0,1900.0,356634.0,321665.0,144939740.0,1768359300.0,163000060.0,695185100.0,267454660.0,1047670700.0,66310344.0,2076620800.0,0
2018-08-21,1890.0,1915.0,1885.0,1900.0,392145.0,157825.0,0.0,569258400.0,110529460.0,65497884.0,11550.0,567835000.0,46601230.0,679945660.0,0
2018-08-22,1905.0,1945.0,1890.0,1930.0,432558.0,58900.0,1398400.0,673425600.0,69705490.0,72284616.0,0.0,590048400.0,82255380.0,744588400.0,0
2018-08-23,1925.0,1940.0,1895.0,1910.0,383631.0,48388150.0,39795.0,730170300.0,49501556.0,265328350.0,0.0,501898980.0,60872436.0,828099800.0,0
2018-08-24,1910.0,1910.0,1880.0,1910.0,355985.0,169685.0,0.0,620812100.0,112692280.0,40274900.0,0.0,531374700.0,162024480.0,733674100.0,0
2018-08-27,1900.0,1910.0,1870.0,1880.0,264201.0,74190.0,13230.0,621014400.0,53849140.0,80163510.0,188837260.0,321949950.0,84000200.0,674951000.0,0
2018-08-28,1895.0,1935.0,1890.0,1920.0,239237.0,13165.0,0.0,418658700.0,79440270.0,15120.0,0.0,365712320.0,132384696.0,498112130.0,0
2018-08-29,1920.0,1925.0,1895.0,1925.0,267798.0,9600.0,0.0,340112900.0,118225020.0,7680.0,0.0,402163740.0,56176096.0,458347520.0,0
2018-08-30,1915.0,1950.0,1910.0,1925.0,242984.0,1925.0,495300.0,508305900.0,2208365.0,25785290.0,0.0,444625500.0,40600700.0,511011500.0,0
2018-08-31,1925.0,1930.0,1900.0,1910.0,213151.0,1925.0,0.0,416862180.0,51117084.0,0.0,0.0,439959140.0,28022060.0,467981200.0,0
2018-09-03,1910.0,1950.0,1905.0,1940.0,482696.0,14486720.0,167640.0,358900320.0,33970300.0,1663400.0,0.0,361441300.0,44420264.0,407524960.0,0
2018-09-04,1940.0,1950.0,1915.0,1935.0,342750.0,0.0,0.0,810105700.0,122534560.0,5820.0,0.0,914282400.0,18352060.0,932640260.0,0
2018-09-05,1930.0,1945.0,1910.0,1930.0,162180.0,15244320.0,0.0,607625540.0,37847730.0,120462000.0,0.0,501622460.0,38633140.0,660717630.0,0
2018-09-06,1935.0,1950.0,1920.0,1945.0,213900.0,4907285.0,0.0,269041860.0,39132656.0,17345.0,25155.0,306638900.0,6400380.0,313081800.0,0
2018-09-07,1925.0,1945.0,1920.0,1940.0,174175.0,132260.0,42350.0,405756830.0,8274850.0,261725.0,2895000.0,394747680.0,16301905.0,414206300.0,0
2018-09-10,1955.0,1965.0,1935.0,1950.0,376459.0,30920.0,0.0,314771230.0,21294270.0,52110.0,0.0,329928770.0,6115550.0,336096420.0,0
2018-09-11,1950.0,2205.0,1950.0,2090.0,5687525.0,185120.0,0.0,644313400.0,88652580.0,38515700.0,37240.0,542123600.0,152474580.0,733151100.0,1
2018-09-12,2090.0,2105.0,2035.0,2055.0,1241725.0,301536200.0,0.0,10469540000.0,1187070000.0,41608600.0,142360450.0,10368841000.0,1405335800.0,11958146000.0,1
2018-09-13,2050.0,2090.0,2040.0,2070.0,579307.0,2661605.0,736920.0,2437908200.0,122748690.0,41060416.0,751900.0,2172824600.0,349418430.0,2564055300.0,0
2018-09-14,2070.0,2185.0,2070.0,2155.0,1646749.0,526740.0,0.0,990526700.0,208782700.0,22465284.0,127720.0,1111971500.0,65271696.0,1199836200.0,1
2018-09-17,2155.0,2180.0,2095.0,2120.0,537460.0,0.0,0.0,3323028200.0,211573400.0,178045.0,0.0,3227331600.0,307091940.0,3534601700.0,0
2018-09-18,2120.0,2140.0,2080.0,2115.0,487532.0,0.0,0.0,1054790400.0,86274950.0,106860.0,767180.0,967340000.0,172851250.0,1141065300.0,0
2018-09-19,2120.0,2175.0,2090.0,2110.0,655479.0,3476120.0,0.0,946322100.0,77544140.0,0.0,190800.0,954018240.0,73133330.0,1027342400.0,0
2018-09-20,2110.0,2140.0,2060.0,2065.0,423593.0,3074120.0,0.0,1347206100.0,45234840.0,1910085.0,0.0,1208111700.0,185493300.0,1395515100.0,0
2018-09-21,2070.0,2105.0,2050.0,2065.0,211973.0,103815.0,0.0,851517400.0,33846996.0,42208776.0,0.0,700945500.0,142313890.0,885468160.0,0
2018-09-27,2080.0,2125.0,2065.0,2080.0,288994.0,7836535.0,0.0,358801200.0,71086030.0,43532896.0,0.0,341751680.0,52439200.0,437723780.0,0
2018-09-28,2080.0,2085.0,2040.0,2040.0,259117.0,6057035.0,0.0,566523700.0,30728016.0,0.0,0.0,555498200.0,47810604.0,603308740.0,0
2018-10-01,2040.0,2115.0,2040.0,2065.0,371563.0,2961575.0,0.0,486927700.0,42465176.0,0.0,0.0,488589980.0,43764480.0,532354460.0,0
2018-10-02,2095.0,2125.0,2035.0,2050.0,442116.0,516540.0,0.0,746690940.0,27371896.0,14583780.0,0.0,652472200.0,107523370.0,774579400.0,0
2018-10-04,2075.0,2075.0,1985.0,1995.0,529726.0,267625.0,0.0,869202560.0,52287436.0,0.0,0.0,731882400.0,189875250.0,921757630.0,0
2018-10-05,1960.0,2020.0,1950.0,2000.0,292268.0,634930.0,0.0,1033047360.0,33558224.0,80561830.0,0.0,602552200.0,384126500.0,1067240600.0,0
2018-10-08,1985.0,2005.0,1940.0,1945.0,285748.0,69860264.0,0.0,468626460.0,40775844.0,0.0,0.0,467630000.0,111632540.0,579262600.0,0
2018-10-10,1930.0,1950.0,1820.0,1855.0,745599.0,3964880.0,0.0,528575040.0,26983704.0,117791736.0,0.0,379135400.0,62596470.0,559523600.0,0
2018-10-11,1750.0,1800.0,1635.0,1640.0,1430553.0,633905.0,0.0,1263827600.0,125584620.0,113112230.0,0.0,1059540200.0,217393580.0,1390046100.0,1
2018-10-12,1575.0,1705.0,1575.0,1670.0,848982.0,497770.0,14575000.0,2186396400.0,236829250.0,270508770.0,0.0,1720624600.0,447164900.0,2438298400.0,0
2018-10-15,1675.0,1715.0,1660.0,1690.0,409990.0,10032670.0,974400.0,1078977500.0,320731680.0,2568650.0,0.0,1226837200.0,181310320.0,1410716300.0,0
2018-10-16,1695.0,1745.0,1695.0,1700.0,432347.0,126864030.0,0.0,452896450.0,112485510.0,164862080.0,0.0,446733200.0,80650740.0,692246000.0,0
2018-10-17,1720.0,1770.0,1700.0,1715.0,603488.0,218595.0,0.0,604911900.0,138536850.0,129649620.0,0.0,518821540.0,95196180.0,743667300.0,0
2018-10-18,1715.0,1750.0,1710.0,1725.0,158603.0,1037575.0,20007000.0,861834800.0,165266350.0,197645010.0,988900.0,775442800.0,74069000.0,1048145700.0,0
2018-10-19,1710.0,1730.0,1680.0,1730.0,196797.0,58650.0,0.0,241456380.0,32653064.0,82785.0,0.0,251955840.0,22129476.0,274168100.0,0
2018-10-22,1715.0,1775.0,1715.0,1745.0,543750.0,1559540.0,0.0,269139600.0,64889676.0,45765.0,0.0,245655860.0,89887170.0,335588800.0,0
2018-10-23,1745.0,1745.0,1660.0,1665.0,677101.0,99465.0,5104000.0,860513600.0,85170980.0,68901060.0,0.0,671135740.0,210851250.0,950888060.0,0
2018-10-24,1690.0,1695.0,1650.0,1660.0,249753.0,156985.0,0.0,1067704100.0,73093980.0,228932220.0,0.0,609907600.0,302115300.0,1140955100.0,0
2018-10-25,1605.0,1625.0,1570.0,1595.0,800310.0,210015.0,50550000.0,306643170.0,60213810.0,44955.0,0.0,349172300.0,68399740.0,417617000.0,0
2018-10-26,1605.0,1630.0,1555.0,1620.0,712172.0,149392600.0,0.0,987627300.0,139625810.0,2183340.0,0.0,1073655300.0,200807100.0,1276645800.0,0
2018-10-29,1615.0,1630.0,1460.0,1460.0,743840.0,9331375.0,0.0,859551200.0,262869380.0,0.0,15705000.0,944311740.0,171735200.0,1131752000.0,0
2018-10-30,1400.0,1525.0,1380.0,1500.0,662935.0,4290800.0,0.0,978820350.0,174469760.0,43740.0,0.0,772119550.0,385417630.0,1157580900.0,0
2018-10-31,1510.0,1565.0,1475.0,1565.0,394488.0,21988624.0,0.0,696248260.0,255731260.0,0.0,0.0,841913150.0,132055000.0,973968100.0,0
2018-11-01,1565.0,1605.0,1565.0,1580.0,236847.0,2068195.0,3837500.0,440966370.0,156122740.0,4677585.0,0.0,485207700.0,113109520.0,602994800.0,0
2018-11-02,1585.0,1660.0,1585.0,1655.0,339361.0,382515.0,0.0,366442460.0,9157335.0,647980.0,0.0,289961120.0,85373224.0,375982340.0,0
2018-11-05,1625.0,1745.0,1610.0,1710.0,741156.0,94240.0,0.0,474511500.0,79469730.0,0.0,0.0,524233180.0,29842270.0,554075460.0,0
2018-11-06,1765.0,1775.0,1715.0,1735.0,566851.0,73878310.0,0.0,1121924000.0,42375090.0,33796690.0,0.0,922901950.0,281478700.0,1238177300.0,0
2018-11-07,1735.0,1785.0,1610.0,1625.0,1498531.0,75548460.0,175352600.0,690753660.0,45234544.0,632165.0,0.0,796528300.0,189728820.0,986889300.0,1
2018-11-08,1660.0,1700.0,1640.0,1655.0,931974.0,3862130.0,345850000.0,2009602800.0,175315400.0,1240091100.0,0.0,1023720400.0,270818780.0,2534630400.0,0
2018-11-09,1660.0,1740.0,1655.0,1715.0,886604.0,387270.0,268050000.0,972970800.0,318423970.0,598624060.0,0.0,860564400.0,100643580.0,1559832000.0,0
2018-11-12,1705.0,1715.0,1680.0,1710.0,331066.0,839535.0,73443520.0,1077412200.0,361473860.0,252179600.0,0.0,1215085700.0,45903880.0,1513169200.0,0
2018-11-13,1675.0,1745.0,1660.0,1740.0,553958.0,90595.0,142219630.0,381598370.0,39953390.0,150692750.0,0.0,350165250.0,63003984.0,563861950.0,0
2018-11-14,1740.0,1755.0,1710.0,1710.0,297229.0,1583060.0,162007040.0,635590100.0,143855540.0,10625855.0,0.0,792614100.0,139795820.0,943035700.0,0
2018-11-15,1710.0,1730.0,1685.0,1720.0,186563.0,51405.0,0.0,478015550.0,35640570.0,0.0,0.0,404616640.0,109090904.0,513707550.0,0
2018-11-16,1725.0,1760.0,1710.0,1760.0,340627.0,320160.0,0.0,236801890.0,81750090.0,8588215.0,0.0,212623440.0,97660470.0,318872130.0,0
2018-11-19,1770.0,1815.0,1750.0,1770.0,496352.0,3227480.0,0.0,426008500.0,164068290.0,0.0,0.0,551081800.0,42222450.0,593304260.0,0
2018-11-20,1740.0,1785.0,1725.0,1770.0,204427.0,7205110.0,139718000.0,636151400.0,97410420.0,137557150.0,12285000.0,638058560.0,92584270.0,880485000.0,0
2018-11-21,1740.0,1770.0,1735.0,1755.0,221448.0,61995.0,105600000.0,201198610.0,53013500.0,4892485.0,0.0,319267780.0,35713840.0,359874100.0,0
2018-11-22,1770.0,1770.0,1710.0,1715.0,290350.0,240680.0,102024630.0,240887840.0,43859956.0,2191280.0,0.0,341005660.0,43816156.0,387013120.0,0
2018-11-23,1715.0,1765.0,1700.0,1720.0,192443.0,78890.0,173700000.0,309667330.0,21100676.0,72531920.0,0.0,367054900.0,64960060.0,504546880.0,0
2018-11-26,1705.0,1750.0,1705.0,1745.0,121729.0,131340.0,124323360.0,154807970.0,51914724.0,3180970.0,0.0,293090080.0,34906356.0,331177400.0,0
2018-11-27,1740.0,1760.0,1700.0,1720.0,292290.0,896350.0,5872160.0,165256130.0,38913580.0,7877860.0,0.0,194834910.0,8225440.0,210938200.0,0
2018-11-28,1725.0,1755.0,1715.0,1740.0,242836.0,157370.0,148113760.0,278822800.0,76807750.0,2631110.0,0.0,485124260.0,16146315.0,503901660.0,0
2018-11-29,1745.0,1760.0,1720.0,1740.0,230747.0,128430.0,161715120.0,206371950.0,51947744.0,5457560.0,0.0,394925920.0,19779776.0,420163230.0,0
2018-11-30,1730.0,1785.0,1725.0,1730.0,163389.0,203620.0,173404700.0,211239970.0,15551700.0,14311600.0,0.0,340497500.0,45590876.0,400400000.0,0
2018-12-03,1740.0,1755.0,1715.0,1750.0,303215.0,50170.0,93737640.0,181045360.0,9095045.0,210220.0,0.0,231881020.0,51836980.0,283928220.0,0
2018-12-04,1755.0,1865.0,1750.0,1835.0,895847.0,782390.0,34900000.0,425043800.0,66839720.0,7586390.0,0.0,508757120.0,11222435.0,527565920.0,0
2018-12-05,1805.0,1920.0,1800.0,1905.0,1523339.0,91750.0,74861700.0,1240750100.0,306312450.0,3605520.0,0.0,1596875600.0,21534740.0,1622016000.0,1
2018-12-06,1905.0,1910.0,1805.0,1835.0,590430.0,68580.0,43793080.0,2623825200.0,210069490.0,7476035.0,20452084.0,2577260800.0,272567360.0,2877756200.0,0
2018-12-07,1850.0,1875.0,1820.0,1820.0,395765.0,370740.0,182800000.0,796095200.0,108869910.0,0.0,0.0,896424450.0,191711400.0,1088135800.0,0
2018-12-10,1790.0,1810.0,1735.0,1760.0,285729.0,822980.0,174722240.0,472057440.0,79952180.0,3926355.0,0.0,547024800.0,176603710.0,727554800.0,0
2018-12-11,1765.0,1790.0,1710.0,1730.0,284192.0,302780.0,0.0,450007400.0,55730590.0,4379490.0,0.0,399308300.0,102352984.0,506040770.0,0
2018-12-12,1720.0,1780.0,1700.0,1760.0,238255.0,1975470.0,80399340.0,364683100.0,46093250.0,307765.0,0.0,412995300.0,79848100.0,493151170.0,0
2018-12-13,1745.0,1805.0,1740.0,1795.0,222968.0,4515325.0,0.0,394398850.0,13805765.0,153249460.0,0.0,234280780.0,25189696.0,412719940.0,0
2018-12-14,1790.0,1805.0,1765.0,1775.0,173848.0,3282110.0,0.0,370731100.0,23255704.0,360795.0,14227000.0,378383200.0,4297920.0,397268900.0,0
2018-12-17,1770.0,1780.0,1745.0,1760.0,161675.0,21403084.0,88605330.0,194340240.0,4254220.0,20604890.0,7100000.0,240440620.0,40457364.0,308602880.0,0
2018-12-18,1730.0,1760.0,1730.0,1745.0,241962.0,4546660.0,8800.0,240516480.0,38922080.0,0.0,5163270.0,225726160.0,53104584.0,283994020.0,0
2018-12-19,1760.0,1770.0,1730.0,1770.0,318807.0,730270.0,74155010.0,329565730.0,17182790.0,0.0,11178560.0,354099620.0,56355604.0,421633800.0,0
2018-12-20,1760.0,1800.0,1735.0,1755.0,313847.0,22870376.0,172745950.0,341904930.0,18866664.0,0.0,15930000.0,445785380.0,94672550.0,556387900.0,0
2018-12-21,1755.0,1775.0,1740.0,1760.0,277870.0,24216550.0,201308020.0,299276740.0,30488450.0,1969795.0,9857500.0,476698140.0,66764304.0,555289700.0,0
2018-12-24,1755.0,1765.0,1735.0,1740.0,137386.0,1521405.0,101472150.0,364416160.0,20208670.0,5408295.0,18555980.0,409878370.0,53775756.0,487618400.0,0
2018-12-26,1710.0,1745.0,1700.0,1745.0,331631.0,513065.0,38170.0,193997400.0,44730390.0,19744030.0,0.0,149071250.0,70463740.0,239279020.0,0
2018-12-27,1735.0,1750.0,1715.0,1750.0,210047.0,1324930.0,0.0,493366900.0,74067064.0,537065.0,10320.0,486378800.0,81832710.0,568758900.0,0
2018-12-28,1735.0,1820.0,1735.0,1795.0,301417.0,4122725.0,20700.0,292646400.0,68099460.0,3697345.0,0.0,308958720.0,52233216.0,364889280.0,0
2019-01-02,1820.0,1830.0,1765.0,1775.0,184702.0,757340.0,0.0,392346780.0,147296600.0,4703195.0,6008725.0,509354560.0,20334260.0,540400700.0,0
2019-01-03,1800.0,1800.0,1740.0,1780.0,275585.0,31865124.0,0.0,259641620.0,40948250.0,2468560.0,21195030.0,234365570.0,74425830.0,332455000.0,0
2019-01-04,1755.0,1780.0,1745.0,1765.0,140224.0,61252136.0,3550.0,145103100.0,282104300.0,976905.0,2625735.0,471364100.0,13496340.0,488463070.0,0
2019-01-07,1780.0,1795.0,1760.0,1780.0,166209.0,224065.0,12285.0,229435870.0,16942016.0,1945335.0,0.0,191846160.0,52822740.0,246614240.0,0
2019-01-08,1785.0,1800.0,1765.0,1775.0,188601.0,18973600.0,21240.0,245671800.0,31306320.0,165075.0,69392320.0,184015570.0,42400010.0,295972960.0,0
2019-01-09,1775.0,1815.0,1775.0,1810.0,266302.0,197095.0,826860.0,256754910.0,77531980.0,7080.0,7479125.0,293480640.0,34344016.0,335310850.0,0
2019-01-10,1820.0,1830.0,1770.0,1775.0,155149.0,1515455.0,57120.0,406000600.0,70743580.0,165710.0,5370000.0,416220640.0,56560396.0,478316770.0,0
2019-01-11,1780.0,1820.0,1775.0,1795.0,251105.0,1111435.0,21720.0,260010370.0,16838470.0,209985.0,0.0,251288800.0,26483210.0,277981980.0,0
2019-01-14,1785.0,1820.0,1780.0,1790.0,151470.0,1728855.0,9982500.0,373803230.0,67529350.0,1805.0,0.0,348366660.0,104675480.0,453043940.0,0
2019-01-15,1790.0,1810.0,1790.0,1800.0,250350.0,1027330.0,81000.0,236186030.0,35174020.0,745085.0,0.0,234181760.0,37541540.0,272468380.0,0
2019-01-16,1810.0,1870.0,1795.0,1870.0,903063.0,8300165.0,0.0,385595330.0,55670850.0,1201715.0,17925000.0,377052860.0,53386764.0,449566340.0,0
2019-01-17,1870.0,1895.0,1830.0,1865.0,374838.0,296480.0,0.0,1457130600.0,209690600.0,322970.0,0.0,1551973400.0,114821370.0,1667117700.0,0
2019-01-18,1885.0,1885.0,1840.0,1865.0,343771.0,172715.0,582660.0,683943500.0,9618125.0,498155.0,0.0,535384770.0,158434080.0,694317000.0,0
2019-01-21,1875.0,1895.0,1850.0,1865.0,239332.0,469980.0,0.0,600561800.0,38334904.0,3628995.0,0.0,628407550.0,7330140.0,639366700.0,0
2019-01-22,1865.0,1865.0,1815.0,1840.0,382969.0,41030.0,68450.0,422509660.0,23676244.0,1903075.0,0.0,420578460.0,23813844.0,446295360.0,0
2019-01-23,1840.0,1855.0,1820.0,1840.0,144871.0,2547055.0,29944400.0,600294000.0,68025690.0,330320.0,24314780.0,657113600.0,19052470.0,700811140.0,0
2019-01-24,1835.0,1845.0,1810.0,1830.0,199310.0,263120.0,9999900.0,192517740.0,63046784.0,0.0,647595.0,265005920.0,174030.0,265827550.0,0
2019-01-25,1845.0,1850.0,1830.0,1845.0,225666.0,1436550.0,142350.0,336636300.0,25727720.0,181025.0,4847670.0,338754560.0,20159664.0,363942900.0,0
2019-01-28,1855.0,2010.0,1850.0,1940.0,4247513.0,73750.0,6697350.0,365218240.0,43387976.0,66350.0,0.0,404220400.0,11090545.0,415377300.0,1
2019-01-29,1935.0,1950.0,1880.0,1910.0,869788.0,0.0,20249080.0,7952017000.0,307451400.0,23017176.0,63963056.0,7560829000.0,631907900.0,8279717400.0,0
2019-01-30,1945.0,1980.0,1910.0,1910.0,1112619.0,722465.0,0.0,1542485900.0,118688856.0,6993370.0,474345.0,1389329500.0,265100020.0,1661897200.0,1
2019-01-31,1940.0,1980.0,1925.0,1945.0,939082.0,443820.0,0.0,2116497400.0,48221440.0,28422204.0,17560160.0,1863157000.0,256023280.0,2165162800.0,0
2019-02-01,1950.0,1955.0,1925.0,1945.0,312025.0,41674500.0,19550000.0,1547971700.0,229243520.0,44289416.0,23460.0,1668326100.0,125800680.0,1838439700.0,0
2019-02-07,1965.0,1965.0,1925.0,1945.0,304538.0,2111170.0,0.0,427105470.0,174875740.0,1897580.0,1972790.0,572425600.0,27796404.0,604092400.0,0
2019-02-08,1940.0,1950.0,1890.0,1900.0,381528.0,149425.0,37379736.0,536916350.0,18570076.0,8794580.0,0.0,529362720.0,54858256.0,593015550.0,0
2019-02-11,1910.0,1915.0,1870.0,1905.0,304707.0,3139420.0,19189900.0,640944500.0,65029564.0,15751220.0,0.0,613250500.0,99301670.0,728303360.0,0
2019-02-12,1905.0,1915.0,1880.0,1905.0,316746.0,32917880.0,18982216.0,502474530.0,22612396.0,1537995.0,0.0,462391900.0,113057130.0,576987000.0,0
2019-02-13,1900.0,1920.0,1895.0,1915.0,177465.0,459535.0,12163595.0,532214850.0,57703140.0,32385.0,0.0,487067550.0,115441190.0,602541100.0,0
2019-02-14,1905.0,1950.0,1900.0,1900.0,337665.0,7895095.0,0.0,317037660.0,13481280.0,36290.0,0.0,307116480.0,31261276.0,338414000.0,0
2019-02-15,1905.0,1920.0,1880.0,1890.0,253771.0,4040800.0,5940100.0,578864500.0,59962936.0,0.0,51561236.0,446619970.0,150627140.0,648808300.0,0
2019-02-18,1900.0,1935.0,1885.0,1930.0,295948.0,1549290.0,111510.0,446615330.0,32754604.0,2547730.0,0.0,419608220.0,58874764.0,481030720.0,0
2019-02-19,1930.0,1935.0,1905.0,1905.0,245372.0,483865.0,46252780.0,461986720.0,58247580.0,12775005.0,0.0,531535360.0,22660596.0,566970940.0,0
2019-02-20,1925.0,1925.0,1905.0,1920.0,146083.0,5536335.0,28725.0,421360200.0,43342250.0,411605.0,5760000.0,399002780.0,65093120.0,470267500.0,0
2019-02-21,1920.0,1925.0,1900.0,1920.0,124054.0,491245.0,0.0,276462940.0,2740540.0,40180.0,0.0,262120770.0,17533770.0,279694720.0,0
2019-02-22,1915.0,1920.0,1900.0,1915.0,194740.0,32640.0,0.0,233811790.0,3031490.0,103070.0,0.0,209710980.0,27061870.0,236875920.0,0
2019-02-25,1915.0,1920.0,1895.0,1905.0,317688.0,131870.0,856920.0,331328640.0,39048016.0,7698835.0,725800.0,249928740.0,113012090.0,371365440.0,0
2019-02-26,1925.0,2005.0,1925.0,1955.0,2358601.0,22860.0,62865.0,364106500.0,239942850.0,5363905.0,0.0,584038340.0,14732840.0,604135100.0,1
2019-02-27,1950.0,1955.0,1910.0,1930.0,411310.0,87804260.0,19955400.0,4342377500.0,188190140.0,195500.0,418805.0,3954081800.0,683630850.0,4638327300.0,0
2019-02-28,1925.0,1925.0,1850.0,1850.0,595007.0,2316040.0,0.0,736063700.0,55737684.0,479890.0,0.0,773525300.0,20112190.0,794117400.0,0
2019-03-04,1855.0,1910.0,1855.0,1900.0,213482.0,36452016.0,0.0,1007315200.0,80794710.0,765085.0,0.0,1020485800.0,103311010.0,1124561900.0,0
2019-03-05,1890.0,1905.0,1860.0,1870.0,180335.0,5700.0,0.0,319821760.0,84327410.0,593315.0,7620000.0,384667800.0,11273740.0,404154880.0,0
2019-03-06,1880.0,1905.0,1865.0,1875.0,129956.0,8187985.0,0.0,314995230.0,15044050.0,533700.0,0.0,227880850.0,109812730.0,338227260.0,0
2019-03-07,1895.0,1895.0,1840.0,1870.0,212823.0,2028010.0,0.0,220522990.0,22263156.0,4301300.0,185710.0,217872380.0,22454756.0,244814140.0,0
2019-03-08,1845.0,1860.0,1815.0,1820.0,260492.0,16649380.0,78330.0,362958100.0,16760000.0,27440756.0,0.0,339643400.0,29361690.0,396445820.0,0
2019-03-11,1830.0,1835.0,1775.0,1800.0,293991.0,19563684.0,142740.0,398827780.0,58377600.0,12915.0,0.0,465405920.0,11492960.0,476911800.0,0
2019-03-12,1805.0,1865.0,1805.0,1835.0,208677.0,12145115.0,43560.0,413427170.0,101197930.0,37785.0,0.0,518496420.0,8279570.0,526813760.0,0
2019-03-13,1830.0,1870.0,1830.0,1860.0,146786.0,6709260.0,0.0,248059820.0,126229970.0,103955.0,0.0,369261020.0,11634080.0,380999040.0,0
2019-03-14,1855.0,1880.0,1850.0,1870.0,144778.0,19579360.0,0.0,186258270.0,65306144.0,732840.0,0.0,248802140.0,21608790.0,271143780.0,0
2019-03-15,1880.0,1895.0,1870.0,1875.0,273098.0,91568264.0,0.0,120746150.0,58515744.0,30435920.0,0.0,228282930.0,12111305.0,270830140.0,0
2019-03-18,1890.0,1930.0,1880.0,1915.0,350157.0,31890860.0,0.0,300463230.0,180314190.0,346660.0,0.0,411883940.0,100437670.0,512668300.0,0
2019-03-19,1930.0,1985.0,1920.0,1950.0,1025473.0,23943196.0,0.0,513610370.0,131336960.0,761820.0,0.0,656749060.0,11379660.0,668890500.0,0
2019-03-20,1950.0,1965.0,1905.0,1935.0,179557.0,128700.0,94320.0,1485790800.0,523882900.0,1163205.0,0.0,1763550600.0,245183040.0,2009896800.0,0
2019-03-21,1930.0,1945.0,1905.0,1930.0,223572.0,13897810.0,0.0,297336600.0,34431610.0,2783620.0,83205.0,326302050.0,16497165.0,345666020.0,0
2019-03-22,1930.0,1960.0,1920.0,1940.0,193047.0,479400.0,22980.0,387531360.0,43176576.0,15561150.0,3880000.0,389655100.0,22114064.0,431210300.0,0
2019-03-25,1930.0,1930.0,1890.0,1905.0,321060.0,3555875.0,0.0,251920370.0,119162340.0,17900220.0,0.0,315727500.0,41010880.0,374638600.0,0
2019-03-26,1900.0,1915.0,1890.0,1900.0,127209.0,0.0,39900.0,385912260.0,224796690.0,637065.0,0.0,408335580.0,201776200.0,610748860.0,0
2019-03-27,1905.0,1905.0,1875.0,1890.0,154689.0,95200.0,0.0,212432660.0,29176870.0,193800.0,0.0,237562480.0,3948450.0,241704720.0,0
2019-03-28,1890.0,1900.0,1870.0,1885.0,136667.0,816515.0,30240.0,255703260.0,35747044.0,51030.0,0.0,276923230.0,15322800.0,292297060.0,0
2019-03-29,1875.0,1935.0,1870.0,1935.0,235895.0,2277765.0,0.0,240369650.0,14245820.0,49010.0,0.0,244291660.0,12552560.0,256893230.0,0
2019-04-01,1950.0,1975.0,1935.0,1970.0,465187.0,29399316.0,69930.0,207753620.0,212249150.0,2494290.0,0.0,411937250.0,35040490.0,449472030.0,0
2019-04-02,1975.0,1980.0,1940.0,1960.0,233622.0,892275.0,0.0,775676900.0,133548170.0,73885.0,3930000.0,870862600.0,35250870.0,910117400.0,0
2019-04-03,1955.0,1980.0,1950.0,1960.0,129785.0,695980.0,0.0,408812350.0,48861700.0,458740.0,0.0,393935260.0,63976036.0,458370050.0,0
2019-04-04,1975.0,1975.0,1955.0,1965.0,191763.0,0.0,11270000.0,223837570.0,19551024.0,117385.0,0.0,239036860.0,15504340.0,254658600.0,0
2019-04-05,1960.0,1975.0,1950.0,1970.0,192283.0,21615.0,31360.0,260353540.0,116457190.0,1039520.0,0.0,361164380.0,14659795.0,376863680.0,0
2019-04-08,1975.0,2065.0,1970.0,2065.0,2307423.0,63040.0,0.0,265003460.0,112467060.0,4560090.0,0.0,353206460.0,19766996.0,377533570.0,1
2019-04-09,2095.0,2105.0,2025.0,2045.0,958309.0,120789730.0,2010000.0,3966532900.0,620910900.0,240510.0,138481340.0,4456482300.0,115039320.0,4710244000.0,1
2019-04-10,2060.0,2065.0,2005.0,2035.0,418474.0,6135.0,0.0,1850810800.0,121262340.0,3210570.0,10489400.0,1588771700.0,369607420.0,1972079200.0,0
2019-04-11,2045.0,2140.0,2025.0,2070.0,1735980.0,8940630.0,0.0,701867700.0,137384300.0,556630.0,0.0,809539900.0,38096156.0,848192640.0,1
2019-04-12,2070.0,2140.0,2050.0,2105.0,906077.0,23813800.0,0.0,2997925600.0,610125000.0,1922350.0,8529320.0,3528806000.0,92606930.0,3631864600.0,0
2019-04-15,2130.0,2130.0,2005.0,2045.0,771750.0,36759060.0,10475000.0,1689255300.0,175381780.0,1321515.0,164320.0,1808873300.0,101512030.0,1911871100.0,0
2019-04-16,2050.0,2070.0,2010.0,2030.0,441272.0,4517430.0,15212820.0,1338805000.0,232782510.0,4721865.0,425360.0,1433460000.0,152710580.0,1591317800.0,0
2019-04-17,2035.0,2060.0,2035.0,2045.0,281280.0,1522745.0,12707800.0,806018240.0,75722060.0,12180.0,28420.0,856298240.0,39631976.0,895970800.0,0
2019-04-18,2065.0,2070.0,2025.0,2045.0,382307.0,54073724.0,34680.0,460830270.0,61211480.0,689165.0,0.0,575070400.0,390595.0,576150140.0,0
2019-04-19,2070.0,2125.0,2055.0,2110.0,837230.0,197812350.0,41000.0,546370800.0,37445440.0,122002050.0,0.0,613810240.0,45857290.0,781669570.0,0
2019-04-22,2110.0,2165.0,2110.0,2110.0,721569.0,193885260.0,0.0,1303592700.0,261456000.0,62728520.0,0.0,1672802200.0,23403284.0,1758934000.0,0
2019-04-23,2110.0,2210.0,2095.0,2210.0,1234688.0,12516505.0,0.0,1467695400.0,60627420.0,2489800.0,44835.0,1331118600.0,207186130.0,1540839300.0,1
2019-04-24,2245.0,2245.0,2175.0,2215.0,1561140.0,213504770.0,23155.0,2184322800.0,291266430.0,78960050.0,10167580.0,2467689200.0,132300310.0,2689117200.0,1
2019-04-25,2180.0,2215.0,2165.0,2185.0,468489.0,13926290.0,10975000.0,3096028700.0,334909120.0,5364355.0,57335184.0,3041225700.0,351913660.0,3455839000.0,0
2019-04-26,2185.0,2240.0,2150.0,2215.0,672638.0,24411880.0,2175000.0,862822400.0,133628350.0,782070.0,0.0,928622800.0,93632800.0,1023037630.0,0
2019-04-29,2215.0,2250.0,2195.0,2250.0,620678.0,52144250.0,30040740.0,1199753500.0,195738510.0,232590.0,13270000.0,1416532000.0,47642416.0,1477676900.0,0
2019-04-30,2255.0,2275.0,2200.0,2225.0,521161.0,12442175.0,52680.0,1216335200.0,150310370.0,165024290.0,0.0,1174827300.0,39288840.0,1379140500.0,0
2019-05-02,2210.0,2275.0,2195.0,2250.0,662546.0,111319940.0,0.0,999762600.0,57804336.0,215825.0,0.0,1109471000.0,59200090.0,1168886900.0,0
2019-05-03,2250.0,2280.0,2215.0,2270.0,560181.0,252159760.0,9948780.0,1063270900.0,164763980.0,67575810.0,0.0,1380747600.0,41819916.0,1490143400.0,0
2019-05-07,2235.0,2285.0,2200.0,2220.0,490165.0,15655985.0,22934940.0,1082790100.0,138339070.0,67582670.0,92045.0,1094271500.0,97773910.0,1259720100.0,0
2019-05-08,2175.0,2245.0,2165.0,2210.0,697989.0,12851500.0,13457135.0,1018320960.0,54393960.0,33732656.0,2602600.0,985674600.0,77013700.0,1099023600.0,0
2019-05-09,2210.0,2230.0,2100.0,2110.0,1004119.0,202133680.0,0.0,1108243000.0,228909540.0,44180070.0,0.0,1491154000.0,3952040.0,1539286100.0,1
2019-05-10,2135.0,2160.0,2050.0,2135.0,432217.0,226893800.0,611900.0,1626792300.0,304678560.0,43219484.0,26280.0,2026751200.0,88979690.0,2158976500.0,0
2019-05-13,2235.0,2300.0,2125.0,2145.0,947440.0,12836410.0,508800.0,771921660.0,126686860.0,3388090.0,8876150.0,785733950.0,113955540.0,911953800.0,1
2019-05-14,2135.0,2175.0,2100.0,2150.0,466016.0,8735020.0,0.0,1916805600.0,161678050.0,48262516.0,7945820.0,1654644700.0,376365660.0,2087218700.0,0
2019-05-15,2165.0,2165.0,2095.0,2115.0,377224.0,127306670.0,0.0,832021900.0,37742016.0,4832770.0,12750.0,851883970.0,140341090.0,997070600.0,0
2019-05-16,2120.0,2170.0,2080.0,2165.0,393568.0,5186805.0,0.0,703034750.0,91924490.0,10328105.0,0.0,736935500.0,52882444.0,800146050.0,0
2019-05-17,2180.0,2235.0,2165.0,2185.0,527513.0,344193100.0,0.0,460024960.0,34806636.0,0.0,0.0,767596500.0,71428230.0,839024700.0,0
2019-05-20,2185.0,2200.0,2075.0,2075.0,514208.0,18555660.0,18477900.0,1061903500.0,64093520.0,0.0,0.0,1058692740.0,104337860.0,1163030700.0,0
2019-05-21,2075.0,2100.0,2030.0,2040.0,341597.0,4589585.0,0.0,1026856400.0,57155950.0,7403085.0,0.0,1000947460.0,80251410.0,1088601900.0,0
2019-05-22,2065.0,2065.0,1995.0,2025.0,240877.0,1651760.0,0.0,615049500.0,84233200.0,0.0,44439810.0,561623200.0,94871460.0,700934460.0,0
2019-05-23,2020.0,2045.0,1955.0,1955.0,302031.0,3373085.0,0.0,388972900.0,92751280.0,8080.0,0.0,454462240.0,30626936.0,485097250.0,0
2019-05-24,1930.0,1935.0,1870.0,1910.0,601271.0,4371230.0,0.0,582849340.0,10033675.0,0.0,0.0,546025100.0,51229144.0,597254300.0,0
2019-05-27,1910.0,1925.0,1885.0,1920.0,209152.0,865080.0,0.0,779937660.0,359860860.0,3770.0,0.0,1131233400.0,9426390.0,1140663600.0,0
2019-05-28,1920.0,1970.0,1920.0,1960.0,178689.0,3297260.0,0.0,370309730.0,25967444.0,665465.0,0.0,326413800.0,72495190.0,399574430.0,0
2019-05-29,1960.0,1960.0,1895.0,1910.0,240336.0,5940190.0,0.0,305274020.0,36618240.0,691550.0,0.0,276806560.0,70334340.0,347832450.0,0
2019-05-30,1905.0,1920.0,1875.0,1880.0,166143.0,5884510.0,0.0,390224450.0,63977696.0,438175.0,0.0,367450140.0,92198330.0,460086660.0,0
2019-05-31,1900.0,1940.0,1895.0,1905.0,184176.0,13343830.0,0.0,266558800.0,34129050.0,208115.0,0.0,270039360.0,43784196.0,314031680.0,0
2019-06-03,1900.0,1925.0,1895.0,1900.0,115840.0,8354560.0,0.0,274227700.0,69330950.0,55390.0,0.0,323558500.0,28299330.0,351913200.0,0
2019-06-04,1910.0,1915.0,1875.0,1910.0,236159.0,8191245.0,0.0,203340200.0,9557470.0,16328250.0,0.0,161313980.0,43446676.0,221088910.0,0
2019-06-05,1920.0,1930.0,1880.0,1915.0,143678.0,5382920.0,0.0,413055870.0,28155356.0,89281330.0,0.0,294492400.0,62820420.0,446594140.0,0
2019-06-07,1915.0,1940.0,1915.0,1940.0,82228.0,21010.0,0.0,242717660.0,31426280.0,137530.0,0.0,262988640.0,11038775.0,274164960.0,0
2019-06-10,1940.0,1970.0,1930.0,1965.0,229701.0,9598085.0,0.0,139035740.0,10209750.0,38800.0,0.0,143638850.0,15165920.0,158843570.0,0
2019-06-11,1960.0,2000.0,1950.0,1990.0,226954.0,11643650.0,0.0,415969570.0,20510304.0,3601420.0,0.0,308855970.0,135666130.0,448123520.0,0
2019-06-12,1990.0,1995.0,1965.0,1965.0,126487.0,22915300.0,0.0,350491780.0,75738290.0,0.0,0.0,370680030.0,78465336.0,449145380.0,0
2019-06-13,1965.0,1995.0,1960.0,1980.0,141104.0,13764755.0,0.0,230968160.0,5532670.0,13755.0,0.0,221326640.0,28925190.0,250265580.0,0
2019-06-14,1995.0,1995.0,1965.0,1970.0,122761.0,41239764.0,0.0,210123250.0,27689884.0,150480.0,0.0,240705570.0,38196844.0,279052900.0,0
2019-06-17,1970.0,1975.0,1915.0,1935.0,149308.0,17948104.0,0.0,223136940.0,1381430.0,25597750.0,0.0,193571180.0,23297536.0,242466480.0,0
2019-06-18,1935.0,1975.0,1935.0,1940.0,171729.0,3418810.0,0.0,267875890.0,19488870.0,16078610.0,0.0,244109810.0,30595150.0,290783580.0,0
2019-06-19,1945.0,1960.0,1940.0,1960.0,108371.0,9082895.0,0.0,279763140.0,44884496.0,390045.0,0.0,302235230.0,31105256.0,333730530.0,0
2019-06-20,1955.0,1980.0,1950.0,1970.0,255722.0,268505.0,0.0,189453360.0,21549560.0,383705.0,0.0,188352510.0,22535220.0,211271420.0,0
2019-06-21,1985.0,1985.0,1895.0,1895.0,697551.0,20283684.0,0.0,445975870.0,36689600.0,43340.0,479460.0,472864860.0,29561484.0,502949150.0,0
2019-06-24,1895.0,1905.0,1865.0,1880.0,241833.0,5537415.0,0.0,1300593900.0,31607604.0,311952400.0,0.0,811771400.0,214015250.0,1337739000.0,0
2019-06-25,1870.0,1890.0,1865.0,1880.0,147280.0,7500.0,0.0,437628000.0,16583480.0,221840.0,0.0,425252260.0,28744870.0,454218980.0,0
2019-06-26,1880.0,1895.0,1870.0,1890.0,266122.0,33229270.0,0.0,228885310.0,14053825.0,259440.0,0.0,233125980.0,42782984.0,276168420.0,0
2019-06-27,1895.0,1915.0,1885.0,1895.0,158226.0,4740955.0,0.0,226425550.0,269304060.0,282040.0,0.0,455012380.0,45176144.0,500470560.0,0
2019-06-28,1905.0,1940.0,1895.0,1935.0,310366.0,32483404.0,0.0,222404600.0,46108976.0,121640.0,0.0,290755360.0,10119985.0,300997000.0,0
2019-07-01,1945.0,1945.0,1905.0,1910.0,113051.0,2020415.0,0.0,452516800.0,141705490.0,1348885.0,0.0,530658850.0,64234970.0,596242700.0,0
2019-07-02,1915.0,1920.0,1890.0,1915.0,162350.0,1131595.0,0.0,195360480.0,20729980.0,17190.0,0.0,172610690.0,44594176.0,217222060.0,0
2019-07-03,1920.0,1925.0,1880.0,1885.0,254651.0,1710060.0,0.0,268790530.0,38852004.0,36290.0,0.0,308099650.0,1216670.0,309352600.0,0
2019-07-04,1885.0,1910.0,1805.0,1910.0,991128.0,4735060.0,0.0,459837340.0,16362845.0,23403556.0,0.0,342370140.0,115161560.0,480935260.0,0
2019-07-05,2065.0,2120.0,1910.0,1910.0,4935769.0,4441570.0,0.0,1798399500.0,114907830.0,23961876.0,0.0,1646582100.0,247204860.0,1917748900.0,1
2019-07-08,1950.0,2035.0,1900.0,2000.0,2736531.0,4680720.0,20000.0,9591165000.0,392021380.0,135899000.0,19800.0,8515446000.0,1336522400.0,9987887000.0,1
2019-07-09,2025.0,2195.0,1920.0,1920.0,13665069.0,137753140.0,0.0,4887194000.0,425054600.0,197785.0,0.0,5273083000.0,176721230.0,5450002000.0,1
2019-07-10,1905.0,1955.0,1880.0,1915.0,1798952.0,3375490.0,25347650.0,28015444000.0,680716900.0,353935.0,52327464.0,26723893000.0,1948307300.0,28724883000.0,1
2019-07-11,1930.0,1940.0,1895.0,1905.0,1000600.0,14728730.0,0.0,2996448800.0,440926460.0,329060.0,0.0,3323095000.0,128679780.0,3452104000.0,0
2019-07-12,1905.0,1930.0,1900.0,1910.0,631708.0,0.0,9192000.0,1848740700.0,55888864.0,11992555.0,0.0,1717993500.0,183835470.0,1913821600.0,0
2019-07-15,1910.0,1975.0,1910.0,1925.0,1119001.0,0.0,10820400.0,1094291700.0,100824570.0,108805.0,0.0,1122120400.0,83707520.0,1205936800.0,1
2019-07-16,1935.0,1960.0,1890.0,1925.0,856950.0,3193405.0,19600.0,1966620200.0,205909280.0,30800.0,0.0,2066496400.0,109215200.0,2175742500.0,0
2019-07-17,1920.0,1995.0,1900.0,1965.0,1584082.0,0.0,5775.0,1567401000.0,82066936.0,623665.0,0.0,1441952600.0,206897310.0,1649473700.0,1
2019-07-18,2005.0,2010.0,1915.0,1920.0,1188129.0,2747060.0,29235.0,2710748000.0,374650240.0,1965.0,23400.0,2846122200.0,242026860.0,3088174600.0,1
2019-07-19,1930.0,1970.0,1930.0,1960.0,592822.0,56328680.0,0.0,2191461000.0,95435240.0,142080.0,32080.0,1984644000.0,358406820.0,2343224800.0,0
2019-07-22,1950.0,1970.0,1940.0,1950.0,298803.0,7899785.0,0.0,999281300.0,152504850.0,949265.0,7747665.0,1092436200.0,58552800.0,1159685900.0,0
2019-07-23,1950.0,1955.0,1905.0,1915.0,486892.0,35100.0,857745.0,506332860.0,75244780.0,34940.0,0.0,536114300.0,46321230.0,582470460.0,0
2019-07-24,1920.0,1920.0,1850.0,1860.0,604091.0,13615.0,9919000.0,850551300.0,74706560.0,5191850.0,0.0,806392700.0,123605970.0,935190460.0,0
2019-07-25,1840.0,1895.0,1800.0,1805.0,1462326.0,412985.0,0.0,1101206500.0,36140910.0,124650.0,0.0,943261100.0,194374660.0,1137760400.0,1
2019-07-26,1770.0,1795.0,1730.0,1760.0,729636.0,3311515.0,7542800.0,2479151600.0,199561340.0,78020.0,7447230.0,2316615200.0,365426940.0,2689567200.0,0
2019-07-29,1750.0,1765.0,1620.0,1620.0,1164451.0,591320.0,4683420.0,1048715200.0,229487600.0,89750.0,0.0,1166957700.0,116430140.0,1283477500.0,1
2019-07-30,1605.0,1760.0,1605.0,1685.0,1016420.0,55990.0,0.0,1693034800.0,255015900.0,0.0,0.0,1729235000.0,218871760.0,1948106800.0,0
2019-07-31,1680.0,1705.0,1630.0,1675.0,486772.0,64100.0,349700.0,1463673100.0,259228940.0,1046430.0,345990.0,1476075000.0,245848480.0,1723315800.0,0
2019-08-01,1655.0,1735.0,1655.0,1660.0,637680.0,105295.0,168000.0,604705300.0,204708600.0,6691600.0,0.0,673311940.0,129683630.0,809687200.0,0
2019-08-02,1630.0,1690.0,1625.0,1665.0,446065.0,1045430.0,1279250.0,988733900.0,87553780.0,5078095.0,172000.0,878533440.0,194828800.0,1078612400.0,0
2019-08-05,1655.0,1675.0,1555.0,1575.0,763494.0,204160.0,1675.0,603495740.0,137227630.0,1640.0,0.0,584484700.0,156442880.0,740929200.0,0
2019-08-06,1490.0,1605.0,1470.0,1555.0,1056587.0,28490.0,0.0,1068253500.0,156853950.0,1545145.0,0.0,833023300.0,390567520.0,1225136000.0,0
2019-08-07,1565.0,2020.0,1565.0,1940.0,26594792.0,5829535.0,1575.0,1252432300.0,377756960.0,88760.0,0.0,1455937000.0,179994580.0,1636020400.0,1
2019-08-08,1915.0,1935.0,1770.0,1815.0,4237232.0,1181307100.0,7105080.0,48540900000.0,2202793700.0,1793994100.0,11997780.0,46423757000.0,3702357000.0,51932107000.0,1
2019-08-09,1815.0,1925.0,1775.0,1895.0,6042897.0,1816755.0,2805000.0,6678385000.0,1109681300.0,78370830.0,4657425.0,6847797000.0,861862400.0,7792688000.0,1
2019-08-12,1870.0,1990.0,1855.0,1950.0,5399771.0,0.0,58374470.0,10489772000.0,702016700.0,3161465.0,0.0,10036935000.0,1210067600.0,11250164000.0,1
2019-08-13,1935.0,1955.0,1890.0,1895.0,1199231.0,1767095.0,5925.0,9858630000.0,585505900.0,4472590.0,782825.0,9522754000.0,917899700.0,10445909000.0,1
2019-08-14,1915.0,1960.0,1875.0,1895.0,2200144.0,5709475.0,1900000.0,2098271900.0,188437390.0,6796245.0,0.0,2181823200.0,105699190.0,2294318800.0,1
2019-08-16,1870.0,1910.0,1720.0,1765.0,2906909.0,85671250.0,1067000.0,3428598800.0,672782200.0,5391760.0,0.0,3931434500.0,251292880.0,4188119300.0,1
2019-08-19,1770.0,1800.0,1740.0,1800.0,893049.0,2302550.0,17500000.0,4537567000.0,636259140.0,1803625.0,20074910.0,4858218000.0,313532600.0,5193629000.0,0
2019-08-20,1800.0,1830.0,1790.0,1805.0,513718.0,2812745.0,2327130.0,1216833000.0,362014430.0,167760.0,3228760.0,1416274600.0,164316290.0,1583987300.0,0
2019-08-21,1800.0,1830.0,1790.0,1800.0,532790.0,2857035.0,19205124.0,802053800.0,102873380.0,478325.0,5338595.0,838136200.0,83036250.0,926989400.0,0
2019-08-22,1810.0,1835.0,1790.0,1815.0,542974.0,3359540.0,18050000.0,722546940.0,218710260.0,280800.0,0.0,874081400.0,88304580.0,962666750.0,0
2019-08-23,1830.0,1925.0,1800.0,1820.0,4270219.0,3479990.0,452500.0,693431940.0,286016030.0,59825.0,0.0,827786560.0,155534030.0,983380400.0,1
2019-08-26,1800.0,1830.0,1785.0,1795.0,1587337.0,3423980.0,282300.0,7679065000.0,303207870.0,2869240.0,19658890.0,6926273500.0,1037177700.0,7985979400.0,1
2019-08-27,1815.0,1850.0,1780.0,1780.0,2026271.0,8979035.0,139875.0,2649326800.0,204075570.0,1391405.0,138400.0,2630280000.0,230711570.0,2862521300.0,1
2019-08-28,1775.0,1795.0,1730.0,1755.0,814055.0,19580.0,874755.0,3443976200.0,252303460.0,158515.0,863410.0,3298573600.0,397578660.0,3697174000.0,0
2019-08-29,1750.0,1765.0,1715.0,1735.0,453066.0,0.0,8675000.0,1255693300.0,166180660.0,38540.0,0.0,1354401800.0,76108570.0,1430549000.0,0
2019-08-30,1735.0,1780.0,1735.0,1760.0,399687.0,14625000.0,0.0,668266000.0,100758456.0,124920.0,1747500.0,747229060.0,34547980.0,783649400.0,0
2019-09-02,1750.0,1785.0,1745.0,1780.0,398702.0,0.0,0.0,586050050.0,117636920.0,11331800.0,0.0,645522240.0,46832920.0,703687000.0,0
2019-09-03,1780.0,1805.0,1760.0,1775.0,379178.0,19405.0,777860.0,473925820.0,230637400.0,301215.0,0.0,674340200.0,30719036.0,705360500.0,0
2019-09-04,1775.0,1795.0,1770.0,1790.0,342707.0,2867400.0,0.0,497270080.0,174468110.0,566465.0,0.0,593387700.0,80651400.0,674605600.0,0
2019-09-05,1790.0,1820.0,1790.0,1810.0,366838.0,1608535.0,0.0,437495970.0,171533940.0,2900475.0,0.0,572968000.0,34769956.0,610638400.0,0
2019-09-06,1820.0,1835.0,1760.0,1760.0,804280.0,21677656.0,0.0,381267840.0,260532850.0,3841605.0,0.0,636290600.0,23346076.0,663478340.0,0
2019-09-09,1750.0,1785.0,1745.0,1750.0,431734.0,3068345.0,0.0,1242183800.0,193714050.0,467228770.0,19720256.0,741059800.0,210957310.0,1438966100.0,0
2019-09-10,1750.0,1775.0,1745.0,1765.0,327212.0,1635495.0,7010000.0,560623040.0,188212180.0,312162880.0,11759610.0,354556000.0,79002230.0,757480700.0,0
2019-09-11,1775.0,1820.0,1775.0,1795.0,570740.0,1612090.0,0.0,354395170.0,219848000.0,53602750.0,0.0,463902200.0,58350296.0,575855200.0,0
2019-09-16,1800.0,1830.0,1800.0,1830.0,415514.0,0.0,0.0,664944260.0,359178780.0,1784480.0,1790.0,884182340.0,138154430.0,1024123000.0,0
2019-09-17,1820.0,1850.0,1820.0,1845.0,301687.0,1666585.0,1830.0,466711170.0,287573060.0,113390.0,1825.0,725550850.0,30286604.0,755952640.0,0
2019-09-18,1840.0,1855.0,1825.0,1840.0,274940.0,1258680.0,0.0,379561700.0,172291680.0,257010.0,0.0,514095360.0,38759684.0,553112060.0,0
2019-09-19,1835.0,1865.0,1835.0,1840.0,302103.0,844200.0,917500.0,382181570.0,121883150.0,229410.0,0.0,487609630.0,17987384.0,505826400.0,0
2019-09-20,1835.0,1855.0,1820.0,1845.0,259577.0,3187990.0,0.0,433357400.0,121606380.0,289790.0,0.0,500469300.0,57392700.0,558151800.0,0
2019-09-23,1840.0,1890.0,1835.0,1870.0,699613.0,424345.0,0.0,344781860.0,132574060.0,971050.0,801895.0,430870560.0,45136764.0,477780260.0,0
2019-09-24,1875.0,1885.0,1855.0,1875.0,334431.0,201458770.0,0.0,842384400.0,264741970.0,529460.0,0.0,1273962800.0,34092956.0,1308585100.0,0
2019-09-25,1865.0,1885.0,1845.0,1860.0,385390.0,3661375.0,25881900.0,474244600.0,120654030.0,449700.0,0.0,566580300.0,57411904.0,624441900.0,0
2019-09-26,1855.0,1880.0,1840.0,1850.0,305747.0,13055.0,0.0,574725600.0,143458640.0,684480.0,0.0,659367900.0,58144956.0,718197300.0,0
2019-09-27,1850.0,1865.0,1835.0,1845.0,147669.0,38850.0,0.0,418843520.0,148471250.0,1565210.0,0.0,502394500.0,63393884.0,567353600.0,0
2019-09-30,1865.0,1865.0,1815.0,1830.0,245779.0,62900.0,0.0,190687870.0,82001200.0,1383750.0,0.0,261961340.0,9406880.0,272751970.0,0
2019-10-01,1810.0,1850.0,1795.0,1835.0,386703.0,209795.0,10970815.0,361997920.0,75952260.0,680760.0,0.0,395200500.0,53249516.0,449130780.0,0
2019-10-02,1835.0,1855.0,1825.0,1845.0,247360.0,414145.0,3680000.0,529898500.0,168582060.0,343110.0,0.0,653556100.0,48675540.0,702574700.0,0
2019-10-04,1845.0,1865.0,1830.0,1830.0,167654.0,162360.0,0.0,304446660.0,151032270.0,846855.0,1845000.0,413005700.0,39943736.0,455641280.0,0
2019-10-07,1840.0,1840.0,1750.0,1765.0,408440.0,20130.0,0.0,268131570.0,40924684.0,111770.0,0.0,231843310.0,77121310.0,309076380.0,0
2019-10-08,1770.0,1805.0,1750.0,1790.0,214785.0,12355.0,19740200.0,654863700.0,51249880.0,35300.0,0.0,515009340.0,210821470.0,725866100.0,0
2019-10-10,1775.0,1830.0,1775.0,1800.0,236592.0,25060.0,1866970.0,247808620.0,132505600.0,55490.0,0.0,365722560.0,16428200.0,382206270.0,0
2019-10-11,1800.0,1815.0,1770.0,1780.0,230333.0,629940.0,8939595.0,365334140.0,53166144.0,39600.0,0.0,363282880.0,64747324.0,428069820.0,0
2019-10-14,1800.0,1840.0,1795.0,1825.0,170378.0,605880.0,0.0,330851000.0,79704580.0,19546070.0,0.0,297531520.0,94083890.0,411161470.0,0
2019-10-15,1815.0,1840.0,1815.0,1830.0,159621.0,21335010.0,0.0,169093760.0,119187784.0,36500.0,0.0,304919420.0,4660620.0,309616580.0,0
2019-10-16,1840.0,1845.0,1815.0,1830.0,151388.0,25619644.0,910000.0,173968980.0,90937000.0,1215855.0,0.0,251945740.0,38274024.0,291435620.0,0
2019-10-17,1840.0,1840.0,1805.0,1830.0,116160.0,12775.0,0.0,233380200.0,43369480.0,128000.0,0.0,260164220.0,16470220.0,276762430.0,0
2019-10-18,1840.0,1840.0,1820.0,1830.0,153627.0,23654250.0,0.0,137123000.0,50683970.0,803525.0,0.0,188551020.0,22106670.0,211461230.0,0
2019-10-21,1835.0,1840.0,1810.0,1815.0,103914.0,203130.0,0.0,228552400.0,52153150.0,524895.0,0.0,264977470.0,15406320.0,280908670.0,0
2019-10-22,1820.0,1830.0,1775.0,1800.0,186283.0,14520.0,1815000.0,163312030.0,23569840.0,638880.0,0.0,163983860.0,24088656.0,188711400.0,0
2019-10-23,1790.0,1800.0,1760.0,1770.0,286736.0,0.0,0.0,283644220.0,51871510.0,992260.0,0.0,315399520.0,19123956.0,335515740.0,0
2019-10-24,1760.0,1785.0,1740.0,1750.0,224493.0,10620.0,0.0,429578600.0,78987860.0,4028530.0,0.0,449051620.0,55496916.0,508577060.0,0
2019-10-25,1750.0,1770.0,1740.0,1740.0,168220.0,0.0,1755000.0,385609600.0,7224625.0,853920.0,0.0,360881920.0,32853370.0,394589220.0,0
2019-10-28,1735.0,1780.0,1735.0,1760.0,89983.0,2512325.0,0.0,271088420.0,21313524.0,94185.0,0.0,222697660.0,72122424.0,294914270.0,0
2019-10-29,1775.0,1775.0,1745.0,1745.0,138017.0,378275.0,0.0,146517630.0,11032495.0,158400.0,0.0,108496776.0,49273230.0,157928400.0,0
2019-10-30,1745.0,1755.0,1730.0,1740.0,127749.0,9828880.0,0.0,232145040.0,844955.0,2812775.0,0.0,207115310.0,32890780.0,242818860.0,0
2019-10-31,1740.0,1770.0,1725.0,1755.0,160504.0,19140.0,0.0,194455410.0,28119364.0,22041440.0,0.0,172813100.0,27739360.0,222593900.0,0
2019-11-01,1755.0,1775.0,1750.0,1765.0,80464.0,847595.0,0.0,253735790.0,25831130.0,737100.0,0.0,269074430.0,10602975.0,280414530.0,0
2019-11-04,1765.0,1800.0,1765.0,1775.0,236812.0,17615.0,0.0,141019500.0,786180.0,15885.0,0.0,131792910.0,10014505.0,141823300.0,0
2019-11-05,1775.0,1785.0,1755.0,1760.0,138513.0,543150.0,0.0,343550660.0,76515530.0,73729160.0,0.0,291207740.0,55672420.0,420609300.0,0
2019-11-06,1765.0,1780.0,1765.0,1770.0,107966.0,7060.0,0.0,230043780.0,14514960.0,66880.0,0.0,240126770.0,4372140.0,244565800.0,0
2019-11-07,1780.0,1780.0,1755.0,1770.0,141097.0,0.0,0.0,161558510.0,29709664.0,131080.0,0.0,189472900.0,1664205.0,191268180.0,0
2019-11-08,1770.0,1790.0,1765.0,1775.0,165222.0,1621600.0,0.0,236011900.0,11700820.0,185850.0,0.0,245406960.0,3741510.0,249334320.0,0
2019-11-11,1770.0,1835.0,1770.0,1785.0,613295.0,507680.0,7593925.0,244969580.0,40198324.0,3072760.0,0.0,267204350.0,22992404.0,293269500.0,0
2019-11-12,1795.0,1820.0,1795.0,1815.0,167273.0,0.0,16532285.0,1019836400.0,69179910.0,364530.0,0.0,946074500.0,159109600.0,1105548700.0,0
2019-11-13,1815.0,1815.0,1785.0,1810.0,197207.0,9075.0,0.0,242189600.0,60365800.0,384380.0,4091935.0,257407000.0,40681164.0,302564480.0,0
2019-11-14,1810.0,1815.0,1785.0,1800.0,131846.0,251080.0,33241856.0,286921820.0,34513670.0,1128430.0,20008690.0,295502560.0,38288730.0,354928420.0,0
2019-11-15,1800.0,1815.0,1790.0,1795.0,136386.0,3590.0,0.0,214086670.0,22713970.0,951425.0,32967896.0,189746900.0,13138010.0,236804220.0,0
2019-11-18,1805.0,1805.0,1760.0,1780.0,276571.0,6214975.0,0.0,210794620.0,28058660.0,1342615.0,0.0,188127800.0,55597840.0,245068260.0,0
2019-11-19,1780.0,1790.0,1765.0,1775.0,107355.0,1083265.0,0.0,436857500.0,54624504.0,2520840.0,0.0,456853000.0,33191450.0,492565280.0,0
2019-11-20,1770.0,1785.0,1750.0,1750.0,282529.0,257375.0,0.0,174442100.0,15601300.0,0.0,0.0,180077250.0,10223515.0,190300770.0,0
2019-11-21,1745.0,1765.0,1725.0,1735.0,207548.0,75250.0,0.0,473793540.0,23775456.0,740755.0,0.0,414340930.0,82562560.0,497644220.0,0
2019-11-22,1735.0,1750.0,1725.0,1745.0,140440.0,148635.0,0.0,333387740.0,27256340.0,179430.0,0.0,274186620.0,86426664.0,360792700.0,0
2019-11-25,1735.0,1780.0,1735.0,1775.0,172943.0,233125.0,17300000.0,209100690.0,17049116.0,0.0,0.0,197983360.0,45699570.0,243682930.0,0
2019-11-26,1775.0,1790.0,1750.0,1785.0,108267.0,55766256.0,0.0,161076590.0,87650620.0,7100.0,0.0,259282380.0,45203984.0,304493470.0,0
2019-11-27,1815.0,1835.0,1790.0,1795.0,457609.0,85680.0,0.0,135957000.0,55976750.0,92810.0,0.0,168937000.0,22989624.0,192019420.0,0
2019-11-28,1800.0,1810.0,1785.0,1790.0,82861.0,648475.0,0.0,763488800.0,63515364.0,0.0,0.0,729034700.0,98617910.0,827652600.0,0
2019-11-29,1790.0,1815.0,1755.0,1770.0,176578.0,1790700.0,0.0,116451976.0,30514024.0,1800.0,0.0,145576510.0,3178380.0,148756700.0,0
2019-12-02,1790.0,1790.0,1765.0,1775.0,103472.0,1555810.0,0.0,296648300.0,15646680.0,123900.0,0.0,288343700.0,25383164.0,313850780.0,0
2019-12-03,1770.0,1770.0,1745.0,1765.0,140646.0,3129795.0,0.0,168152930.0,12481690.0,0.0,0.0,130087330.0,53677090.0,183764420.0,0
2019-12-04,1765.0,1770.0,1745.0,1750.0,125754.0,6122710.0,0.0,230088180.0,10940115.0,0.0,0.0,221076450.0,26074550.0,247151000.0,0
2019-12-05,1750.0,1780.0,1750.0,1760.0,202959.0,6193415.0,0.0,204901010.0,9543425.0,108500.0,0.0,181188600.0,39340740.0,220637840.0,0
2019-12-06,1755.0,1770.0,1755.0,1760.0,129539.0,239130.0,0.0,339068030.0,18028556.0,0.0,0.0,257352540.0,99983190.0,357335740.0,0
2019-12-09,1760.0,1770.0,1755.0,1765.0,95192.0,68645.0,20361440.0,186116140.0,21501236.0,186560.0,0.0,211193680.0,16667230.0,228047470.0,0
2019-12-10,1765.0,1775.0,1755.0,1765.0,77283.0,5820100.0,14838560.0,115183430.0,31716416.0,15054020.0,0.0,108518296.0,43986196.0,167558510.0,0
2019-12-11,1765.0,1800.0,1760.0,1785.0,130522.0,37065.0,0.0,124769620.0,11386305.0,113185.0,0.0,111367520.0,24712280.0,136193000.0,0
2019-12-12,1775.0,1805.0,1775.0,1800.0,150015.0,1369815.0,53543810.0,143005000.0,33564496.0,73185.0,0.0,198042200.0,33367720.0,231483120.0,0
2019-12-13,1810.0,1820.0,1790.0,1790.0,278721.0,2737530.0,0.0,225902990.0,40167440.0,4789670.0,0.0,211494370.0,52523916.0,268807970.0,0
2019-12-16,1785.0,1805.0,1780.0,1800.0,139607.0,1775885.0,0.0,467342940.0,33028150.0,16070190.0,0.0,395891940.0,90184830.0,502146980.0,0
2019-12-17,1810.0,1810.0,1785.0,1795.0,141103.0,5817325.0,0.0,233424400.0,11088035.0,258410.0,0.0,249646960.0,424380.0,250329760.0,0
2019-12-18,1790.0,1810.0,1780.0,1795.0,240857.0,493625.0,0.0,230528080.0,22141540.0,5360495.0,0.0,196686940.0,51115810.0,253163250.0,0
2019-12-19,1795.0,1810.0,1795.0,1805.0,62723.0,152575.0,0.0,310517000.0,121748760.0,75110.0,0.0,367150430.0,65192796.0,432418340.0,0
2019-12-20,1815.0,1860.0,1805.0,1860.0,631025.0,57760.0,0.0,93025610.0,20007580.0,16220.0,0.0,113074730.0,0.0,113090950.0,0
2019-12-23,1885.0,1895.0,1835.0,1850.0,520062.0,1260385.0,55350.0,995082900.0,163699180.0,0.0,5580000.0,1110488200.0,44029636.0,1160097800.0,0
2019-12-24,1855.0,1870.0,1830.0,1860.0,332714.0,3079940.0,0.0,952343600.0,9757635.0,0.0,0.0,830559940.0,134621250.0,965181200.0,0
2019-12-26,1860.0,1910.0,1855.0,1900.0,783350.0,1592380.0,0.0,562597570.0,53078776.0,8507680.0,0.0,570701950.0,38059104.0,617268740.0,0
2019-12-27,1885.0,1890.0,1860.0,1870.0,353181.0,97520270.0,0.0,1239249900.0,144675230.0,0.0,13245000.0,1417426800.0,50773620.0,1481445400.0,0
2019-12-30,1875.0,1880.0,1845.0,1855.0,251691.0,73554824.0,0.0,541393000.0,45999300.0,407660.0,0.0,585605700.0,74933750.0,660947140.0,0
2020-01-02,1860.0,1890.0,1840.0,1885.0,363396.0,144690.0,20018236.0,395882430.0,51460470.0,655120.0,0.0,440076960.0,26773776.0,467505860.0,0
2020-01-03,1885.0,1900.0,1870.0,1885.0,322691.0,122839180.0,55800.0,412389630.0,141309230.0,22320.0,277140.0,650179200.0,26115184.0,676593860.0,0
2020-01-06,1870.0,1870.0,1810.0,1845.0,257420.0,74018060.0,6226160.0,502224900.0,25770900.0,546245.0,0.0,583196000.0,24497736.0,608240000.0,0
2020-01-07,1850.0,1870.0,1840.0,1860.0,195881.0,73563096.0,0.0,368590340.0,31993430.0,918815.0,0.0,430991420.0,42236624.0,474146850.0,0
2020-01-08,1845.0,1845.0,1755.0,1765.0,739342.0,29750.0,1860.0,293947230.0,69728430.0,2770710.0,0.0,354813280.0,6123280.0,363707260.0,0
2020-01-09,1810.0,1825.0,1795.0,1810.0,222371.0,77940.0,14280.0,1257772000.0,66316496.0,12390.0,0.0,1051791740.0,272376640.0,1324180700.0,0
2020-01-10,1800.0,1840.0,1800.0,1825.0,199750.0,1308630.0,0.0,338738660.0,62642904.0,1483700.0,0.0,363901060.0,37305440.0,402690200.0,0
2020-01-13,1825.0,1990.0,1810.0,1980.0,3473077.0,0.0,10002780.0,258977470.0,95069650.0,941295.0,0.0,355181980.0,7926635.0,364049900.0,1
2020-01-14,2005.0,2050.0,1970.0,2020.0,2081589.0,735240200.0,32204644.0,5188671000.0,789072100.0,2884610.0,171510050.0,6076433000.0,494360160.0,6745188000.0,1
2020-01-15,2055.0,2115.0,2025.0,2085.0,2109048.0,141542370.0,3167000.0,3595197000.0,438447900.0,179185.0,56100.0,3871499500.0,306619360.0,4178354200.0,1
2020-01-16,2085.0,2125.0,2055.0,2070.0,944767.0,268379580.0,58345000.0,3373767700.0,675012860.0,398885.0,23045.0,4098128100.0,276955000.0,4375505000.0,0
2020-01-17,2090.0,2100.0,2045.0,2090.0,498675.0,11016480.0,4165000.0,1661537200.0,297310600.0,380015.0,0.0,1777769700.0,195879410.0,1974029200.0,0
2020-01-20,2115.0,2150.0,2065.0,2080.0,850368.0,8464730.0,0.0,821653060.0,207095820.0,966825.0,0.0,972993400.0,63253360.0,1037213600.0,0
2020-01-21,2080.0,2090.0,2020.0,2050.0,690581.0,8412255.0,0.0,1653113700.0,130677660.0,305530.0,10521495.0,1626262800.0,155113920.0,1792203600.0,0
2020-01-22,2050.0,2075.0,2010.0,2050.0,573972.0,368205.0,4100000.0,991474500.0,422449540.0,68438890.0,0.0,1297063000.0,52890336.0,1418392200.0,0
2020-01-23,2040.0,2095.0,2020.0,2075.0,441074.0,145195.0,0.0,948362240.0,226262480.0,216460800.0,0.0,899333900.0,58975240.0,1174769900.0,0
2020-01-28,1980.0,2015.0,1925.0,1940.0,1069520.0,91503070.0,0.0,672944830.0,142783520.0,2909500.0,0.0,859702600.0,44619296.0,907231400.0,1
2020-01-29,1970.0,1975.0,1930.0,1935.0,280381.0,911185.0,97500.0,1688704400.0,413672060.0,408682880.0,99262210.0,1461985700.0,133454410.0,2103385200.0,0
2020-01-30,1905.0,1935.0,1850.0,1865.0,703010.0,56765660.0,15454270.0,419143500.0,55737584.0,145125.0,0.0,358426750.0,188529120.0,547101000.0,0
2020-01-31,1870.0,1885.0,1785.0,1785.0,518142.0,3271425.0,0.0,1028289400.0,292926620.0,260910.0,51017436.0,1162832900.0,110376250.0,1324487400.0,0
2020-02-03,1720.0,1775.0,1700.0,1775.0,660914.0,31554200.0,0.0,796004900.0,118300980.0,0.0,0.0,723538050.0,222322060.0,945860100.0,0
2020-02-04,1785.0,1800.0,1755.0,1785.0,625129.0,6274950.0,90015.0,815347100.0,323912480.0,0.0,0.0,905275300.0,240349200.0,1145624600.0,0
2020-02-05,1785.0,1790.0,1750.0,1755.0,482715.0,5530645.0,0.0,1004115260.0,99192750.0,17670.0,0.0,699015360.0,409805600.0,1108838700.0,0
2020-02-06,1760.0,1780.0,1755.0,1775.0,386431.0,852930.0,0.0,784248000.0,66503296.0,2968335.0,0.0,486239140.0,362396770.0,851604200.0,0
2020-02-07,1775.0,1790.0,1760.0,1790.0,236308.0,63900.0,0.0,632594750.0,51118450.0,8045100.0,0.0,457785180.0,217946780.0,683777100.0,0
2020-02-10,1780.0,1785.0,1760.0,1780.0,202632.0,13982515.0,0.0,388791550.0,16611495.0,160200.0,393295.0,195182200.0,223649860.0,419385570.0,0
2020-02-11,1790.0,1800.0,1770.0,1795.0,202943.0,186900.0,0.0,298365700.0,60805036.0,5325.0,1770000.0,212979090.0,144603230.0,359357630.0,0
2020-02-12,1815.0,1890.0,1810.0,1880.0,1409739.0,30371056.0,0.0,307656540.0,24800460.0,439750.0,0.0,236719020.0,125669290.0,362828060.0,1
2020-02-13,1890.0,1890.0,1835.0,1860.0,535994.0,330910.0,0.0,2416673000.0,208640740.0,3709525.0,0.0,1952993900.0,668941100.0,2625644500.0,0
2020-02-14,1865.0,1865.0,1840.0,1855.0,265898.0,0.0,0.0,779308400.0,215658540.0,215760.0,7440000.0,839330900.0,147980320.0,994967000.0,0
2020-02-17,1845.0,1860.0,1830.0,1835.0,222174.0,1957775.0,0.0,407208700.0,82031940.0,165095.0,0.0,443046750.0,47986580.0,491198400.0,0
2020-02-18,1840.0,1840.0,1780.0,1800.0,447478.0,196345.0,0.0,372847330.0,35228300.0,40370.0,5505000.0,368877630.0,33848964.0,408271970.0,0
2020-02-19,1800.0,1820.0,1780.0,1795.0,253076.0,808530.0,0.0,754618800.0,50167004.0,0.0,20790000.0,708790600.0,76013730.0,805594400.0,0
2020-02-20,1805.0,1815.0,1755.0,1765.0,202562.0,599520.0,0.0,439679520.0,15270405.0,0.0,0.0,369255900.0,86293520.0,455549440.0,0
2020-02-21,1765.0,1765.0,1710.0,1720.0,387904.0,10906600.0,0.0,346547800.0,2126815.0,10620.0,0.0,279090180.0,80480400.0,359581220.0,0
2020-02-24,1680.0,1700.0,1640.0,1650.0,394941.0,7340625.0,0.0,621333800.0,43152750.0,25800.0,0.0,492106180.0,179695220.0,671827200.0,0
2020-02-25,1620.0,1655.0,1610.0,1645.0,736806.0,760840.0,1665.0,568356400.0,85508936.0,263815.0,1660.0,433484540.0,220877820.0,654627840.0,0
2020-02-26,1610.0,1650.0,1590.0,1620.0,511586.0,802350.0,0.0,1119284400.0,81372720.0,526603100.0,0.0,547080640.0,127775750.0,1201459500.0,0
2020-02-27,1620.0,1635.0,1565.0,1570.0,600290.0,377420.0,0.0,692326660.0,133442630.0,11454950.0,0.0,683920450.0,130771310.0,826146700.0,0
2020-02-28,1540.0,1565.0,1480.0,1495.0,961613.0,618280.0,0.0,905374400.0,51643380.0,1704975.0,1585.0,652063740.0,303865760.0,957636030.0,0
2020-03-02,1510.0,1560.0,1495.0,1550.0,360043.0,2421710.0,0.0,1212854500.0,242367730.0,0.0,0.0,1244382600.0,213261440.0,1457644000.0,0
2020-03-03,1595.0,1605.0,1555.0,1555.0,394518.0,661460.0,153500.0,494707650.0,55683900.0,0.0,0.0,444394500.0,106812020.0,551206500.0,0
2020-03-04,1515.0,1620.0,1510.0,1595.0,493096.0,1451945.0,0.0,559361540.0,59574024.0,353395.0,0.0,450273950.0,169760160.0,620387500.0,0
2020-03-05,1620.0,1630.0,1595.0,1620.0,362386.0,1149455.0,0.0,721731460.0,57884070.0,90539460.0,0.0,527598400.0,162627100.0,780765000.0,0
2020-03-06,1625.0,1625.0,1580.0,1595.0,228260.0,1026560.0,0.0,434672000.0,149468820.0,0.0,0.0,547175040.0,37992300.0,585167360.0,0
2020-03-09,1580.0,1580.0,1515.0,1525.0,456652.0,898565.0,0.0,330116030.0,32836510.0,515150.0,0.0,214915230.0,148420740.0,363851100.0,0
2020-03-10,1490.0,1530.0,1475.0,1510.0,339462.0,729315.0,0.0,641436860.0,58097376.0,25517370.0,0.0,545966500.0,128779630.0,700263550.0,0
2020-03-11,1520.0,1545.0,1480.0,1490.0,377567.0,1296975.0,0.0,392954620.0,115766680.0,96878380.0,0.0,314367500.0,98772380.0,510018270.0,0
2020-03-12,1480.0,1480.0,1340.0,1350.0,1097703.0,587730.0,0.0,503598240.0,64358500.0,59385.0,2960000.0,484215550.0,81309540.0,568544500.0,0
2020-03-13,1150.0,1280.0,1150.0,1260.0,1866153.0,952660.0,0.0,1371451800.0,154462060.0,8585.0,14539490.0,1283276500.0,229041810.0,1526866400.0,1
2020-03-16,1265.0,1300.0,1190.0,1190.0,823446.0,2025550.0,0.0,1642503400.0,612794500.0,256645.0,2016000.0,1918265000.0,336785760.0,2257323500.0,0
2020-03-17,1100.0,1225.0,1100.0,1180.0,589070.0,261895.0,0.0,851200800.0,176864100.0,0.0,0.0,752578500.0,275748220.0,1028326700.0,0
2020-03-18,1210.0,1230.0,1120.0,1155.0,553413.0,13995.0,0.0,406846140.0,278670620.0,528840.0,31942340.0,518530100.0,134529470.0,685530750.0,0
2020-03-19,1165.0,1200.0,980.0,982.0,2196661.0,0.0,0.0,568197900.0,86359970.0,0.0,0.0,463516830.0,191041020.0,654557900.0,1
2020-03-20,982.0,1050.0,981.0,1045.0,1037700.0,64812.0,999285.0,2001718400.0,296276480.0,0.0,42820324.0,1902793700.0,353444860.0,2299059000.0,0
2020-03-23,991.0,999.0,965.0,990.0,944970.0,172185.0,0.0,832835100.0,216635060.0,333548.0,8357770.0,894918900.0,146032080.0,1049642300.0,0
2020-03-24,1010.0,1050.0,999.0,1045.0,786843.0,109925.0,996512.0,749474900.0,173095660.0,85933050.0,0.0,544789300.0,292954620.0,923677000.0,0
2020-03-25,1080.0,1125.0,1075.0,1120.0,1370712.0,464985.0,0.0,685921600.0,120253860.0,59902036.0,0.0,646458400.0,100280024.0,806640450.0,0
2020-03-26,1130.0,1200.0,1100.0,1155.0,960735.0,128280.0,0.0,1168570400.0,334291600.0,161270.0,0.0,1244737900.0,258091060.0,1502990200.0,0
2020-03-27,1190.0,1230.0,1115.0,1165.0,968264.0,4620.0,0.0,894973200.0,215820400.0,652695.0,0.0,887115100.0,223030420.0,1110798200.0,0
2020-03-30,1125.0,1315.0,1100.0,1250.0,2961003.0,124315.0,0.0,926245400.0,222466350.0,3600.0,1202400.0,876157440.0,271472600.0,1148836100.0,1
2020-03-31,1295.0,1300.0,1245.0,1280.0,1362395.0,126430.0,0.0,3377291500.0,276353280.0,8840.0,0.0,3077945900.0,575816600.0,3653771300.0,0
2020-04-01,1270.0,1350.0,1245.0,1250.0,1203109.0,1354650.0,0.0,1441427300.0,291649700.0,0.0,127000.0,1476112000.0,258192660.0,1734431600.0,0
2020-04-02,1255.0,1290.0,1220.0,1285.0,615887.0,116305.0,0.0,1377379300.0,189397700.0,19545.0,120600.0,1258612500.0,308140670.0,1566893300.0,0
2020-04-03,1335.0,1335.0,1265.0,1285.0,530073.0,331350.0,0.0,616490600.0,156789010.0,1436215.0,0.0,671995000.0,100179780.0,773611000.0,0
2020-04-06,1290.0,1330.0,1285.0,1325.0,827265.0,39740.0,0.0,609434050.0,76117670.0,793180.0,0.0,545400000.0,139398270.0,685591400.0,0
2020-04-07,1355.0,1385.0,1330.0,1375.0,799833.0,124110.0,0.0,932968600.0,152486960.0,1136620.0,106110.0,1049844900.0,34491956.0,1085579600.0,0
2020-04-08,1370.0,1440.0,1345.0,1400.0,1083275.0,554210.0,0.0,926488300.0,156332800.0,511500.0,0.0,1021063300.0,61800504.0,1083375400.0,0
2020-04-09,1430.0,1455.0,1410.0,1430.0,764637.0,3318885.0,0.0,1241939800.0,273154620.0,175000.0,0.0,1405108100.0,113130344.0,1518413400.0,0
2020-04-10,1445.0,1455.0,1390.0,1450.0,880974.0,4296220.0,0.0,954048100.0,134799400.0,1524590.0,198720.0,1028113340.0,63307110.0,1093143800.0,0
2020-04-13,1440.0,1485.0,1420.0,1425.0,437887.0,9055305.0,0.0,1078918000.0,171219150.0,15205800.0,0.0,1069388740.0,174597940.0,1259192400.0,0
2020-04-14,1435.0,1480.0,1425.0,1455.0,367798.0,105525.0,0.0,574855900.0,60745190.0,2962455.0,0.0,563645060.0,69099090.0,635706560.0,0
2020-04-16,1445.0,1475.0,1420.0,1465.0,252964.0,58200.0,0.0,387807330.0,147071280.0,273540.0,0.0,527313950.0,7349320.0,534936800.0,0
2020-04-17,1485.0,1505.0,1470.0,1490.0,508068.0,143570.0,2900000.0,290935940.0,73950620.0,170940.0,0.0,308825150.0,58934030.0,367930100.0,0
2020-04-20,1495.0,1515.0,1480.0,1495.0,471588.0,940470.0,10084720.0,669218240.0,75336104.0,4423930.0,0.0,709433340.0,41722256.0,755579600.0,0
2020-04-21,1480.0,1500.0,1375.0,1445.0,891873.0,95680.0,0.0,585498750.0,119950220.0,1423450.0,0.0,562604500.0,141516670.0,705544640.0,0
2020-04-22,1430.0,1450.0,1390.0,1445.0,448076.0,7225.0,0.0,989263400.0,286575650.0,13040.0,0.0,1118788000.0,157045260.0,1275846300.0,0
2020-04-23,1455.0,1505.0,1450.0,1485.0,443526.0,2890.0,0.0,535990400.0,98499750.0,114155.0,0.0,550966140.0,83412744.0,634493060.0,0
2020-04-24,1480.0,1490.0,1420.0,1435.0,416336.0,4798350.0,10370000.0,511473100.0,129861660.0,65295.0,0.0,625431740.0,31006070.0,656503100.0,0
2020-04-27,1450.0,1465.0,1435.0,1450.0,452335.0,91905.0,0.0,545691100.0,57824684.0,4305.0,0.0,495526560.0,108076810.0,603607700.0,0
2020-04-28,1460.0,1470.0,1435.0,1445.0,474935.0,63800.0,0.0,550409200.0,105170200.0,10155.0,0.0,595961600.0,59671456.0,655643200.0,0
2020-04-29,1455.0,1470.0,1450.0,1460.0,477264.0,2840415.0,0.0,572685440.0,113416010.0,36270.0,0.0,617450560.0,71454990.0,688941800.0,0
2020-05-04,1440.0,1470.0,1440.0,1460.0,234470.0,29200.0,987840.0,606466100.0,88946770.0,1343720.0,976920.0,660580740.0,33528550.0,696429900.0,0
2020-05-06,1470.0,1570.0,1470.0,1560.0,1094265.0,1116905.0,990350.0,279224640.0,60105704.0,0.0,991660.0,299021280.0,41424664.0,341437600.0,0
2020-05-07,1570.0,1575.0,1530.0,1545.0,523363.0,48953364.0,2104745.0,1428310500.0,191572590.0,0.0,0.0,1589428100.0,81513060.0,1670941200.0,0
2020-05-08,1555.0,1590.0,1550.0,1555.0,391286.0,13090835.0,0.0,760547900.0,38941440.0,1325610.0,0.0,687108860.0,124145710.0,812580160.0,0
2020-05-11,1565.0,1565.0,1515.0,1515.0,414645.0,32995.0,0.0,573819300.0,39167290.0,1433030.0,1123645.0,509504500.0,100958430.0,613019650.0,0
2020-05-12,1520.0,1540.0,1460.0,1515.0,572978.0,181475.0,962550.0,570093060.0,62309120.0,1071080.0,496280.0,593541700.0,38437150.0,633546240.0,0
2020-05-13,1480.0,1520.0,1480.0,1510.0,306522.0,883205.0,0.0,798611300.0,49660836.0,0.0,697840.0,721702200.0,126755310.0,849155300.0,0
2020-05-14,1510.0,1510.0,1460.0,1475.0,306665.0,10570585.0,1078190.0,413043520.0,33974590.0,0.0,0.0,405028580.0,53638304.0,458666880.0,0
2020-05-15,1480.0,1490.0,1445.0,1460.0,374624.0,539615.0,0.0,435618620.0,17341676.0,0.0,0.0,360635260.0,92864670.0,453499940.0,0
2020-05-18,1460.0,1480.0,1445.0,1455.0,285289.0,2103980.0,0.0,504550460.0,38982960.0,11509485.0,0.0,489760480.0,44367456.0,545637400.0,0
2020-05-19,1485.0,1485.0,1460.0,1475.0,357172.0,0.0,0.0,403349250.0,13159300.0,148545.0,0.0,308679300.0,107680730.0,416508540.0,0
2020-05-20,1475.0,1525.0,1465.0,1515.0,503758.0,0.0,0.0,478345700.0,48482110.0,5117745.0,0.0,463500000.0,58210070.0,526827800.0,0
2020-05-21,1535.0,1555.0,1515.0,1530.0,455242.0,0.0,0.0,602592060.0,154970320.0,86310.0,0.0,748066500.0,9409570.0,757562400.0,0
2020-05-22,1520.0,1530.0,1480.0,1490.0,345700.0,22875.0,0.0,689870400.0,9033290.0,79550.0,0.0,556401600.0,142445390.0,698926600.0,0
2020-05-25,1490.0,1500.0,1455.0,1480.0,393367.0,565525.0,0.0,513614980.0,4988560.0,662965.0,0.0,457794500.0,60711604.0,519169060.0,0
2020-05-26,1480.0,1515.0,1480.0,1505.0,570108.0,87340.0,0.0,522995000.0,58712504.0,1337960.0,888000.0,559171600.0,20397320.0,581794900.0,0
2020-05-27,1530.0,1560.0,1510.0,1520.0,716760.0,15050.0,0.0,631347840.0,224494450.0,112790.0,0.0,849260160.0,6484430.0,855857340.0,0
2020-05-28,1530.0,1530.0,1460.0,1480.0,561329.0,0.0,0.0,998506750.0,101666480.0,266020.0,0.0,833467300.0,266439860.0,1100173200.0,0
2020-05-29,1465.0,1500.0,1465.0,1480.0,263426.0,101910.0,0.0,765860160.0,70039544.0,484390.0,0.0,623589570.0,211927650.0,836001600.0,0
2020-06-01,1485.0,1535.0,1480.0,1520.0,853793.0,26775.0,0.0,338476540.0,51591624.0,53280.0,0.0,359073250.0,30968400.0,390094940.0,0
2020-06-02,1520.0,1545.0,1515.0,1535.0,553582.0,1347780.0,0.0,1141734400.0,148869230.0,505070.0,0.0,1192478200.0,98968230.0,1291951500.0,0
2020-06-03,1545.0,1555.0,1515.0,1530.0,484052.0,254045.0,3089935.0,755664200.0,86987940.0,914495.0,0.0,791626000.0,53455624.0,845996100.0,0
2020-06-04,1540.0,1730.0,1505.0,1620.0,5070369.0,0.0,0.0,712577150.0,30322984.0,52837976.0,0.0,641085900.0,48976296.0,742900160.0,1
2020-06-05,1620.0,1690.0,1585.0,1615.0,2951603.0,0.0,998550.0,7637743000.0,524766080.0,58497080.0,0.0,7468411000.0,636600060.0,8163507700.0,1
2020-06-08,1640.0,1645.0,1600.0,1600.0,477956.0,76105.0,165000.0,4613720000.0,261028620.0,29398824.0,14739450.0,4274506200.0,556345500.0,4874990000.0,0
2020-06-09,1610.0,1610.0,1555.0,1570.0,542288.0,80200.0,160500.0,714707460.0,56240420.0,57402784.0,4211150.0,640640450.0,68934170.0,771188540.0,0
2020-06-10,1565.0,1590.0,1555.0,1580.0,261600.0,31400.0,0.0,724503000.0,130678536.0,406510.0,0.0,815629800.0,39176576.0,855212860.0,0
2020-06-11,1565.0,1580.0,1530.0,1540.0,579444.0,0.0,0.0,377880770.0,33488004.0,1496575.0,0.0,364586560.0,45285624.0,411368770.0,0
2020-06-12,1445.0,1480.0,1400.0,1480.0,883412.0,2735850.0,0.0,774648450.0,119897900.0,244570.0,0.0,805387140.0,91650510.0,897282240.0,0
2020-06-15,1475.0,1480.0,1360.0,1370.0,1003323.0,4430.0,315600.0,1045593700.0,232943710.0,69460.0,21930.0,1152337900.0,126428090.0,1278857500.0,0
2020-06-16,1410.0,1430.0,1400.0,1420.0,667706.0,485055.0,1299480.0,1314137700.0,106358050.0,52454610.0,0.0,1144086100.0,225739580.0,1422280300.0,0
2020-06-17,1405.0,1430.0,1380.0,1405.0,297183.0,2521605.0,0.0,749431940.0,193012130.0,1536230.0,0.0,853363000.0,90066420.0,944965700.0,0
2020-06-18,1410.0,1430.0,1385.0,1420.0,177232.0,4408035.0,0.0,341162240.0,72676570.0,106800.0,0.0,328238800.0,89901260.0,418246850.0,0
2020-06-19,1430.0,1495.0,1420.0,1495.0,745036.0,13923780.0,0.0,227397000.0,7878990.0,133335.0,0.0,222245810.0,26820620.0,249199760.0,0
2020-06-22,1495.0,1495.0,1455.0,1460.0,310906.0,4619155.0,2993760.0,972308900.0,109854390.0,38725.0,0.0,938273660.0,151463870.0,1089776300.0,0
2020-06-23,1480.0,1480.0,1425.0,1450.0,223184.0,4629990.0,294500.0,436051500.0,16135255.0,30685.0,3330340.0,314931970.0,138818270.0,457111230.0,0
2020-06-24,1450.0,1460.0,1405.0,1440.0,599903.0,4551315.0,0.0,289396160.0,29709284.0,121785.0,0.0,262530880.0,61004110.0,323656770.0,0
2020-06-25,1410.0,1430.0,1395.0,1405.0,303924.0,4548680.0,0.0,785804700.0,66853530.0,774640.0,0.0,815325500.0,41106764.0,857206900.0,0
2020-06-26,1415.0,1425.0,1400.0,1400.0,296023.0,4657685.0,0.0,400933500.0,21529590.0,1108545.0,0.0,375105800.0,50906444.0,427120770.0,0
2020-06-29,1390.0,1395.0,1345.0,1355.0,682942.0,5600.0,0.0,414406720.0,1426875.0,1400.0,0.0,402908580.0,12929200.0,415839170.0,0
2020-06-30,1370.0,1505.0,1365.0,1425.0,1860406.0,2710.0,0.0,893657540.0,34860924.0,0.0,0.0,891632900.0,36888264.0,928521150.0,1
2020-07-01,1430.0,1430.0,1400.0,1405.0,284072.0,249375.0,0.0,2518520300.0,140552460.0,607760.0,0.0,2396604000.0,262110740.0,2659322400.0,0
2020-07-02,1405.0,1425.0,1400.0,1415.0,318525.0,4471885.0,0.0,356803230.0,39815824.0,0.0,0.0,369812670.0,31278276.0,401090940.0,0
2020-07-03,1420.0,1440.0,1400.0,1430.0,412163.0,4655560.0,0.0,381787360.0,62597216.0,18330.0,0.0,437462800.0,11559000.0,449040130.0,0
2020-07-06,1430.0,1445.0,1420.0,1430.0,265398.0,4930730.0,0.0,490254900.0,90085430.0,231260.0,0.0,551881500.0,33158356.0,585271040.0,0
2020-07-07,1435.0,1445.0,1400.0,1410.0,366074.0,4513925.0,0.0,337353000.0,37576980.0,1181805.0,0.0,365778200.0,12483890.0,379443900.0,0
2020-07-08,1405.0,1420.0,1400.0,1405.0,291089.0,4446515.0,0.0,482832770.0,30601604.0,50795.0,0.0,438398940.0,79431140.0,517880900.0,0
2020-07-09,1410.0,1430.0,1410.0,1425.0,218963.0,2810.0,0.0,367785800.0,41641116.0,140520.0,0.0,402938600.0,6350600.0,409429700.0,0
2020-07-10,1425.0,1465.0,1405.0,1450.0,1086780.0,0.0,0.0,295296700.0,15245485.0,1051220.0,0.0,286466460.0,23024530.0,310542200.0,0
2020-07-13,1450.0,1465.0,1430.0,1455.0,425730.0,51870.0,0.0,1512765300.0,57596784.0,0.0,0.0,1323823100.0,246590850.0,1570414000.0,0
2020-07-14,1445.0,1465.0,1435.0,1455.0,314898.0,126585.0,7270000.0,555238400.0,53533070.0,14510.0,0.0,573350500.0,42803000.0,616168000.0,0
2020-07-15,1460.0,1470.0,1440.0,1465.0,333152.0,14555.0,2880000.0,416291200.0,37977084.0,132405.0,0.0,438643460.0,18386960.0,457162850.0,0
2020-07-16,1470.0,1495.0,1450.0,1460.0,647547.0,0.0,0.0,457425400.0,28563080.0,487780.0,0.0,446047780.0,39452924.0,485988480.0,0
2020-07-17,1460.0,1495.0,1455.0,1495.0,359302.0,0.0,4395000.0,708404000.0,240614660.0,8685090.0,0.0,897124860.0,47603684.0,953413600.0,0
2020-07-20,1495.0,1510.0,1475.0,1500.0,202648.0,0.0,498760.0,504059460.0,25367590.0,6001280.0,0.0,466872960.0,57051570.0,529925800.0,0
2020-07-21,1510.0,1510.0,1480.0,1505.0,297130.0,0.0,0.0,286761630.0,15557530.0,70500.0,0.0,252864020.0,49384644.0,302319170.0,0
2020-07-22,1500.0,1510.0,1490.0,1505.0,214564.0,0.0,0.0,438529820.0,6413720.0,797960.0,0.0,361544900.0,82600690.0,444943550.0,0
2020-07-23,1510.0,1510.0,1440.0,1470.0,553579.0,46655.0,0.0,295714780.0,25988410.0,5534805.0,0.0,305160260.0,11054770.0,321749820.0,0
2020-07-24,1455.0,1470.0,1435.0,1435.0,319021.0,0.0,0.0,763703700.0,46488096.0,120715800.0,0.0,611558100.0,77917940.0,810191800.0,0
2020-07-27,1435.0,1490.0,1435.0,1465.0,408128.0,63140.0,0.0,411844480.0,48427876.0,48870.0,0.0,432035360.0,28251270.0,460335500.0,0
2020-07-28,1475.0,1475.0,1440.0,1450.0,371323.0,140670.0,302375.0,480560260.0,118836056.0,124655.0,0.0,570302660.0,29412016.0,599839360.0,0
2020-07-29,1450.0,1455.0,1430.0,1440.0,115461.0,0.0,0.0,525630080.0,12408700.0,86266510.0,0.0,383189540.0,68582710.0,538038800.0,0
2020-07-30,1450.0,1460.0,1435.0,1450.0,113980.0,0.0,0.0,166523020.0,4335.0,1971715.0,0.0,152322780.0,12232855.0,166527360.0,0
2020-07-31,1450.0,1465.0,1440.0,1460.0,183745.0,224750.0,0.0,155346820.0,9640835.0,580300.0,0.0,147512210.0,17119900.0,165212400.0,0
2020-08-03,1450.0,1465.0,1445.0,1455.0,182837.0,224840.0,1455000.0,263374350.0,1706160.0,167900.0,0.0,246273900.0,20318540.0,266760350.0,0
2020-08-04,1460.0,1465.0,1435.0,1460.0,189105.0,343380.0,0.0,231712600.0,33779124.0,0.0,0.0,235206050.0,30629064.0,265835100.0,0
2020-08-05,1455.0,1485.0,1450.0,1480.0,357955.0,0.0,0.0,240298030.0,34200136.0,945035.0,0.0,267106020.0,6447110.0,274498180.0,0
2020-08-06,1480.0,1485.0,1465.0,1470.0,252725.0,0.0,748880.0,450095360.0,74672020.0,1058405.0,0.0,508499230.0,15958615.0,525516260.0,0
2020-08-07,1480.0,1490.0,1435.0,1440.0,474222.0,0.0,0.0,341761060.0,30172800.0,733590.0,0.0,280450180.0,90750100.0,371933860.0,0
2020-08-10,1435.0,1455.0,1430.0,1445.0,262262.0,0.0,0.0,625373000.0,64949804.0,446180.0,0.0,661675800.0,28200896.0,690322800.0,0
2020-08-11,1445.0,1465.0,1445.0,1460.0,297801.0,360765.0,0.0,329270800.0,48240520.0,171960.0,0.0,352649060.0,25051056.0,377872060.0,0
2020-08-12,1455.0,1465.0,1435.0,1445.0,286300.0,0.0,0.0,352635070.0,81210410.0,16211040.0,0.0,402094180.0,15540270.0,433845470.0,0
2020-08-13,1455.0,1510.0,1450.0,1500.0,1211998.0,0.0,0.0,395040830.0,17837300.0,2558890.0,0.0,364033700.0,46285530.0,412878100.0,0
2020-08-14,1530.0,1530.0,1460.0,1470.0,690556.0,4490.0,2670185.0,1469264400.0,330400830.0,4161910.0,2040390.0,1697251500.0,98886100.0,1802339800.0,0
2020-08-18,1470.0,1475.0,1390.0,1395.0,788626.0,0.0,0.0,991494700.0,33048076.0,602810.0,0.0,790640200.0,233299800.0,1024542850.0,0
2020-08-19,1395.0,1420.0,1390.0,1410.0,319783.0,40703524.0,1046715.0,1030185900.0,46755724.0,143895.0,0.0,891196300.0,227351730.0,1118691800.0,0
2020-08-20,1405.0,1410.0,1305.0,1320.0,998943.0,188100.0,0.0,391544320.0,55859200.0,228350.0,0.0,412298940.0,35064324.0,447591600.0,0
2020-08-21,1330.0,1355.0,1310.0,1330.0,392991.0,0.0,350515.0,1207157600.0,125599470.0,1337255.0,0.0,1120274400.0,211495970.0,1333107700.0,0
2020-08-24,1315.0,1345.0,1300.0,1335.0,323759.0,251840.0,0.0,498430300.0,23238884.0,38341256.0,63360.0,426304800.0,57211630.0,521921020.0,0
2020-08-25,1340.0,1370.0,1335.0,1360.0,475004.0,4000.0,0.0,363295170.0,64757980.0,78765.0,0.0,372859300.0,55119070.0,428057150.0,0
2020-08-26,1360.0,1375.0,1325.0,1355.0,278919.0,0.0,0.0,483979680.0,159385250.0,92480.0,0.0,596811840.0,46460620.0,643364900.0,0
2020-08-27,1355.0,1365.0,1315.0,1325.0,549446.0,120595.0,0.0,361275300.0,14055020.0,308520.0,0.0,304779230.0,70363160.0,375450900.0,0
2020-08-28,1320.0,1350.0,1320.0,1335.0,369090.0,1109750.0,0.0,722249900.0,5725835.0,46375.0,0.0,649561200.0,79477910.0,729085500.0,0
2020-08-31,1340.0,1360.0,1335.0,1340.0,204212.0,77275.0,0.0,429546000.0,61356210.0,4426140.0,9619380.0,431869600.0,45064336.0,490979460.0,0
2020-09-01,1340.0,1365.0,1340.0,1360.0,206870.0,0.0,0.0,210442270.0,64671284.0,174605.0,0.0,249978830.0,24960120.0,275113540.0,0
2020-09-02,1365.0,1380.0,1360.0,1375.0,245604.0,16320.0,0.0,227366900.0,51941620.0,87015.0,0.0,271683330.0,7554500.0,279324830.0,0
2020-09-03,1375.0,1400.0,1370.0,1375.0,331196.0,22000.0,0.0,305864480.0,30074896.0,246125.0,0.0,306644580.0,29070680.0,335961380.0,0
2020-09-04,1340.0,1355.0,1310.0,1345.0,265182.0,73005.0,0.0,445420200.0,13555740.0,303605.0,0.0,437260260.0,21485080.0,459048960.0,0
2020-09-07,1340.0,1390.0,1335.0,1380.0,442087.0,752160.0,0.0,295440580.0,59066910.0,1657265.0,0.0,306643550.0,46958836.0,355259650.0,0
2020-09-08,1385.0,1400.0,1375.0,1385.0,284886.0,0.0,0.0,484281950.0,121341100.0,514140.0,0.0,550520600.0,54588360.0,605623040.0,0
2020-09-09,1370.0,1385.0,1360.0,1380.0,158203.0,1442530.0,2368560.0,368280700.0,23659770.0,1845445.0,0.0,372377340.0,21528776.0,395751550.0,0
2020-09-10,1390.0,1400.0,1375.0,1390.0,265233.0,41460.0,0.0,217209570.0,443750.0,2681205.0,0.0,169266190.0,45747380.0,217694780.0,0
2020-09-11,1390.0,1395.0,1350.0,1390.0,195370.0,0.0,234910.0,320957020.0,45789056.0,632360.0,0.0,316708540.0,49640100.0,366981000.0,0
2020-09-14,1395.0,1425.0,1390.0,1420.0,518173.0,0.0,0.0,242551090.0,27409056.0,27800.0,0.0,253270610.0,16661730.0,269960160.0,0
2020-09-15,1430.0,1430.0,1400.0,1410.0,282455.0,0.0,0.0,573955840.0,157246670.0,1106890.0,0.0,717756000.0,12339560.0,731202500.0,0
2020-09-16,1410.0,1420.0,1400.0,1410.0,292414.0,0.0,0.0,361623970.0,37063584.0,881845.0,0.0,337731620.0,60074104.0,398687550.0,0
2020-09-17,1415.0,1425.0,1390.0,1400.0,294218.0,7410720.0,0.0,334302140.0,70528590.0,2193330.0,239135.0,362633860.0,47175150.0,412241440.0,0
2020-09-18,1400.0,1405.0,1380.0,1400.0,260488.0,159630.0,2107500.0,391639970.0,19324550.0,37800.0,0.0,371340480.0,41853356.0,413231650.0,0
2020-09-21,1400.0,1405.0,1370.0,1380.0,334394.0,815745.0,0.0,336635600.0,23861856.0,0.0,0.0,331359360.0,29953810.0,361313180.0,0
2020-09-22,1380.0,1380.0,1330.0,1340.0,462971.0,199305.0,692000.0,417253280.0,44476790.0,389110.0,0.0,384665500.0,77566750.0,462621380.0,0
2020-09-23,1345.0,1350.0,1310.0,1325.0,296031.0,108570.0,544440.0,569059200.0,53769780.0,0.0,0.0,441218000.0,182264020.0,623482050.0,0
2020-09-24,1315.0,1330.0,1290.0,1305.0,536913.0,245335.0,259180.0,363155500.0,28292920.0,0.0,0.0,312585900.0,79367040.0,391952930.0,0
2020-09-25,1305.0,1325.0,1300.0,1310.0,137601.0,79565.0,124726600.0,524707300.0,50319164.0,0.0,0.0,522595800.0,177236830.0,699832640.0,0
2020-09-28,1320.0,1335.0,1315.0,1335.0,75439.0,68120.0,65758564.0,100207736.0,14491250.0,6550.0,0.0,135289280.0,45229840.0,180525660.0,0
2020-09-29,1340.0,1355.0,1325.0,1345.0,223334.0,112035.0,0.0,99697144.0,241560.0,392490.0,0.0,89141060.0,10517190.0,100050740.0,0
2020-10-05,1345.0,1385.0,1335.0,1375.0,305398.0,16140.0,8010.0,250781250.0,49192300.0,247440.0,0.0,278015170.0,21735084.0,299997700.0,0
2020-10-06,1380.0,1400.0,1375.0,1385.0,290405.0,44000.0,159513600.0,169241800.0,88191760.0,103125.0,0.0,401054720.0,15833320.0,416991140.0,0
2020-10-07,1375.0,1400.0,1375.0,1395.0,138733.0,0.0,121496420.0,212720380.0,69164310.0,186790.0,0.0,394601860.0,8592475.0,403381120.0,0
2020-10-08,1395.0,1405.0,1390.0,1395.0,216572.0,121365.0,125238880.0,63250844.0,4286760.0,177165.0,0.0,130854750.0,61865930.0,192897860.0,0
2020-10-12,1400.0,1410.0,1380.0,1400.0,213134.0,4185.0,148852000.0,119726820.0,34276050.0,865190.0,0.0,258284400.0,43709464.0,302859070.0,0
2020-10-13,1405.0,1410.0,1375.0,1395.0,236454.0,146995.0,156602930.0,108852990.0,32014524.0,242200.0,0.0,256910910.0,40464330.0,297617440.0,0
2020-10-14,1395.0,1400.0,1380.0,1380.0,212682.0,0.0,145621740.0,178844160.0,4557300.0,477750.0,0.0,240846800.0,87698664.0,329023200.0,0
2020-10-15,1385.0,1395.0,1365.0,1385.0,156177.0,0.0,146767540.0,134400510.0,15244880.0,624000.0,0.0,256548770.0,39240156.0,296412930.0,0
2020-10-16,1395.0,1400.0,1350.0,1355.0,324445.0,0.0,75770000.0,134294430.0,4814000.0,19957936.0,0.0,136766140.0,58154356.0,214878430.0,0
2020-10-19,1365.0,1375.0,1355.0,1360.0,58887.0,5495.0,229656910.0,205537650.0,9836925.0,48568964.0,0.0,265397100.0,131070910.0,445037000.0,0
2020-10-20,1355.0,1370.0,1345.0,1355.0,174185.0,0.0,1360000.0,61367590.0,17657240.0,3169490.0,0.0,75061060.0,2154285.0,80384830.0,0
2020-10-21,1355.0,1385.0,1355.0,1370.0,113764.0,171295.0,0.0,188416060.0,47114280.0,25260944.0,0.0,163893870.0,46546816.0,235701630.0,0
2020-10-22,1360.0,1380.0,1360.0,1380.0,120026.0,0.0,2740000.0,108205370.0,44825916.0,421700.0,0.0,152222000.0,3127590.0,155771280.0,0
2020-10-23,1380.0,1390.0,1365.0,1385.0,149557.0,9625.0,11988210.0,128453060.0,24331210.0,742420.0,0.0,154986720.0,9052960.0,164782100.0,0
2020-10-26,1390.0,1395.0,1365.0,1365.0,176200.0,0.0,9652500.0,192813760.0,3812170.0,519865.0,0.0,198170460.0,7588100.0,206278430.0,0
2020-10-27,1345.0,1360.0,1335.0,1345.0,250328.0,69025.0,41070320.0,199099870.0,3322015.0,96915.0,0.0,191545170.0,51919144.0,243561230.0,0
2020-10-28,1345.0,1365.0,1340.0,1365.0,62582.0,16085.0,72556500.0,219934750.0,44933296.0,15904085.0,0.0,289585400.0,31951136.0,337440640.0,0
2020-10-29,1345.0,1370.0,1340.0,1355.0,134777.0,0.0,0.0,55917984.0,28535270.0,308265.0,0.0,72330290.0,11814700.0,84453256.0,0
2020-10-30,1365.0,1370.0,1335.0,1350.0,136545.0,907315.0,52306564.0,125774970.0,2796425.0,374605.0,0.0,128889580.0,52521084.0,181785280.0,0
2020-11-02,1350.0,1365.0,1345.0,1355.0,92168.0,203415.0,41955000.0,139675060.0,2498740.0,18900.0,0.0,148190690.0,36122624.0,184332210.0,0
2020-11-03,1355.0,1375.0,1355.0,1365.0,66700.0,115175.0,6775000.0,88813660.0,28819800.0,5415.0,0.0,107521150.0,16997070.0,124523640.0,0
2020-11-04,1370.0,1375.0,1360.0,1365.0,97575.0,215670.0,8203650.0,67988616.0,14742855.0,222185.0,0.0,87732940.0,3195660.0,91150790.0,0
2020-11-05,1370.0,1390.0,1365.0,1385.0,304111.0,80595.0,0.0,127162930.0,5842405.0,1365.0,0.0,118332230.0,14752330.0,133085930.0,0
2020-11-06,1385.0,1415.0,1380.0,1410.0,423223.0,0.0,4795000.0,356544930.0,56931456.0,401250.0,0.0,402020540.0,15849590.0,418271360.0,0
2020-11-09,1420.0,1420.0,1395.0,1405.0,350684.0,0.0,0.0,527488800.0,64066180.0,280405.0,1057965.0,573989570.0,16227040.0,591554940.0,0
2020-11-10,1415.0,1415.0,1390.0,1410.0,227429.0,2810.0,50994050.0,408375420.0,33463190.0,26608770.0,0.0,411537380.0,54689310.0,492835460.0,0
2020-11-11,1405.0,1425.0,1400.0,1410.0,429582.0,0.0,3091000.0,283681730.0,31907336.0,544550.0,0.0,299054980.0,19080540.0,318680060.0,0
2020-11-12,1415.0,1425.0,1405.0,1420.0,437854.0,0.0,0.0,460066240.0,145916020.0,489270.0,0.0,601253060.0,4239925.0,605982200.0,0
2020-11-13,1415.0,1420.0,1405.0,1410.0,365351.0,1185700.0,198800.0,520772260.0,97131930.0,164355.0,0.0,616186800.0,2937540.0,619288700.0,0
2020-11-16,1415.0,1430.0,1410.0,1420.0,500796.0,5829085.0,21175000.0,462106660.0,26465456.0,480810.0,0.0,446825700.0,68269690.0,515576200.0,0
2020-11-17,1425.0,1425.0,1415.0,1425.0,253613.0,0.0,7075000.0,594362600.0,110079624.0,140645.0,0.0,684005400.0,27371240.0,711517250.0,0
2020-11-18,1425.0,1425.0,1415.0,1425.0,333012.0,5700.0,710000.0,313477250.0,45669370.0,1769505.0,0.0,325589470.0,32503316.0,359862300.0,0
2020-11-19,1425.0,1425.0,1415.0,1420.0,278002.0,0.0,1719620.0,409066270.0,61890600.0,4291230.0,0.0,383285820.0,85099450.0,472676480.0,0
2020-11-20,1425.0,1425.0,1415.0,1420.0,234847.0,66960.0,0.0,384864740.0,9279700.0,995375.0,0.0,377888320.0,15327690.0,394211400.0,0
2020-11-23,1420.0,1480.0,1420.0,1475.0,1267847.0,0.0,22720000.0,289829730.0,20714960.0,1429685.0,198100.0,320646100.0,10990800.0,333264700.0,0
2020-11-24,1465.0,1480.0,1460.0,1470.0,347670.0,0.0,15769500.0,1546334500.0,286827800.0,1540020.0,1812960.0,1708299600.0,137279180.0,1848931800.0,0
2020-11-25,1490.0,1490.0,1435.0,1460.0,436771.0,0.0,24645400.0,444958600.0,41108500.0,572310.0,0.0,467609120.0,42531056.0,510712500.0,0
2020-11-26,1460.0,1465.0,1450.0,1460.0,150604.0,0.0,16984404.0,612823200.0,8883655.0,7149855.0,0.0,483262140.0,148279250.0,638691200.0,0
2020-11-27,1440.0,1460.0,1435.0,1440.0,219582.0,1719570.0,10199560.0,186506460.0,20745144.0,758790.0,0.0,198644720.0,19767236.0,219170740.0,0
2020-11-30,1440.0,1450.0,1430.0,1440.0,202524.0,2900.0,0.0,310620380.0,6118345.0,126720.0,0.0,287750460.0,28864424.0,316741600.0,0
2020-12-01,1440.0,1460.0,1440.0,1450.0,209807.0,2524320.0,0.0,270929340.0,17977704.0,482355.0,14430000.0,259784640.0,16734375.0,291431360.0,0
2020-12-02,1450.0,1460.0,1440.0,1460.0,184841.0,2501290.0,0.0,281563460.0,19621956.0,568685.0,0.0,285554140.0,17563850.0,303686700.0,0
2020-12-03,1460.0,1465.0,1445.0,1450.0,286792.0,2499800.0,7200000.0,222626350.0,35395490.0,386435.0,0.0,261318860.0,6016335.0,267721630.0,0
2020-12-04,1460.0,1460.0,1445.0,1450.0,273579.0,5005170.0,0.0,372259550.0,39251836.0,440930.0,0.0,381149860.0,34925770.0,416516540.0,0
2020-12-07,1460.0,1460.0,1435.0,1445.0,334186.0,2499800.0,212430.0,392874900.0,1209465.0,7483490.0,0.0,353515520.0,35797600.0,396796600.0,0
2020-12-08,1440.0,1455.0,1435.0,1455.0,248171.0,4999570.0,7175000.0,458484260.0,11283405.0,868630.0,0.0,407115550.0,73958050.0,481942240.0,0
2020-12-09,1455.0,1465.0,1445.0,1460.0,399406.0,2521560.0,0.0,325654820.0,30304724.0,294510.0,14710970.0,328825950.0,14649680.0,358481120.0,0
2020-12-10,1460.0,1500.0,1455.0,1490.0,692981.0,29578820.0,0.0,530694340.0,19942530.0,539450.0,0.0,530919740.0,48756490.0,580215700.0,0
2020-12-11,1490.0,1500.0,1475.0,1485.0,208810.0,1971725.0,745000.0,904407550.0,119077110.0,834795.0,0.0,988849000.0,36517520.0,1026201340.0,0
2020-12-14,1485.0,1485.0,1465.0,1475.0,319212.0,4997380.0,5162500.0,292207170.0,7232760.0,477390.0,0.0,302457000.0,6665430.0,309599800.0,0
2020-12-15,1475.0,1485.0,1455.0,1480.0,406773.0,4998255.0,0.0,442194460.0,23307480.0,833910.0,0.0,446848800.0,22817480.0,470500200.0,0
2020-12-16,1480.0,1495.0,1460.0,1475.0,308790.0,5490540.0,195360.0,590197800.0,0.0,63103384.0,0.0,509532220.0,23248136.0,595883700.0,0
2020-12-17,1475.0,1480.0,1460.0,1465.0,323708.0,5024085.0,180290.0,445576130.0,3873000.0,61190364.0,0.0,331820100.0,61643056.0,454653500.0,0
2020-12-18,1470.0,1485.0,1465.0,1485.0,291155.0,4421660.0,0.0,464994620.0,6613765.0,60160.0,0.0,475867330.0,102550.0,476030050.0,0
2020-12-21,1485.0,1490.0,1470.0,1485.0,295829.0,3617860.0,0.0,379676100.0,46146656.0,32295.0,0.0,421362940.0,8045380.0,429440600.0,0
2020-12-22,1475.0,1485.0,1460.0,1460.0,386519.0,5070880.0,0.0,408788830.0,23616556.0,1872210.0,0.0,411497730.0,24106324.0,437476260.0,0
2020-12-23,1465.0,1470.0,1445.0,1460.0,414422.0,5048585.0,0.0,540956200.0,23244500.0,117300.0,0.0,528641500.0,40490480.0,569249300.0,0
2020-12-24,1455.0,1475.0,1455.0,1470.0,332325.0,5043170.0,0.0,588893440.0,9423645.0,23345.0,0.0,565894660.0,37442256.0,603360260.0,0
2020-12-28,1475.0,1485.0,1465.0,1485.0,576766.0,2846680.0,0.0,461177200.0,23938200.0,1877190.0,14049350.0,444936800.0,27098736.0,487962080.0,0
2020-12-29,1465.0,1475.0,1460.0,1470.0,385630.0,2499000.0,0.0,740225400.0,109576830.0,1129770.0,0.0,771846200.0,79325280.0,852301250.0,0
2020-12-30,1475.0,1475.0,1450.0,1460.0,332206.0,5245655.0,0.0,443963600.0,116089150.0,1829410.0,0.0,538700100.0,24768864.0,565298370.0,0
2021-01-04,1465.0,1465.0,1440.0,1450.0,382758.0,4998690.0,0.0,457474430.0,22879456.0,416825.0,1043235.0,441665380.0,42227160.0,485352580.0,0
2021-01-05,1445.0,1465.0,1430.0,1460.0,349166.0,5009510.0,0.0,546951230.0,2329915.0,1386685.0,174845.0,495715940.0,57013190.0,554290600.0,0
2021-01-06,1465.0,1465.0,1445.0,1445.0,373620.0,2499770.0,0.0,428559360.0,74947290.0,2820310.0,0.0,445734300.0,57451810.0,506006430.0,0
2021-01-07,1450.0,1465.0,1445.0,1460.0,407917.0,949655.0,0.0,514338020.0,26637204.0,1685245.0,0.0,524032740.0,16206890.0,541924860.0,0
2021-01-08,1460.0,1470.0,1445.0,1450.0,544513.0,0.0,1450000.0,534021600.0,58430030.0,2546240.0,1385160.0,574129150.0,15841075.0,593901630.0,0
2021-01-11,1450.0,1455.0,1395.0,1410.0,759725.0,39225.0,162060.0,780846140.0,9749540.0,1557560.0,0.0,741536700.0,47702716.0,790797000.0,0
2021-01-12,1405.0,1425.0,1390.0,1400.0,509725.0,5235420.0,0.0,1005617400.0,69210920.0,738175.0,0.0,952363140.0,126962456.0,1080063700.0,0
2021-01-13,1410.0,1440.0,1395.0,1435.0,558199.0,1702415.0,0.0,643958600.0,69759400.0,2038395.0,0.0,679209150.0,34172884.0,715420400.0,0
2021-01-14,1440.0,1440.0,1420.0,1435.0,428261.0,1729295.0,67920.0,671220300.0,120988250.0,923250.0,0.0,773156800.0,19925756.0,794005760.0,0
2021-01-15,1440.0,1515.0,1435.0,1505.0,1364024.0,1738710.0,4290000.0,512047500.0,94759144.0,17167990.0,0.0,588457300.0,7210060.0,612835300.0,0
2021-01-18,1490.0,1550.0,1480.0,1500.0,983327.0,3005.0,350460.0,1794000400.0,222846780.0,6329090.0,431925.0,1932295200.0,78144450.0,2017200600.0,0
2021-01-19,1500.0,1520.0,1495.0,1520.0,442595.0,0.0,0.0,1419054300.0,65728816.0,3971000.0,361080.0,1341054300.0,139396660.0,1484783100.0,0
2021-01-20,1510.0,1535.0,1495.0,1510.0,623968.0,15200.0,0.0,637505500.0,27998176.0,103175.0,0.0,626327040.0,39088584.0,665518850.0,0
2021-01-21,1510.0,1515.0,1500.0,1510.0,383887.0,0.0,11367510.0,858216200.0,73355180.0,167610.0,0.0,904848450.0,37922796.0,942938900.0,0
2021-01-22,1520.0,1570.0,1505.0,1530.0,1114471.0,0.0,2449145.0,530266980.0,44620184.0,11713065.0,0.0,560450560.0,5172685.0,577336300.0,0
2021-01-25,1550.0,1560.0,1520.0,1535.0,428694.0,0.0,0.0,1588963500.0,136614370.0,762425.0,870750.0,1650099100.0,73845560.0,1725577900.0,0
2021-01-26,1535.0,1550.0,1500.0,1505.0,245450.0,2982175.0,0.0,612607100.0,43494076.0,1632040.0,4620000.0,562906100.0,89925170.0,659083300.0,0
2021-01-27,1520.0,1520.0,1485.0,1500.0,338513.0,0.0,0.0,357201820.0,15681120.0,1122270.0,101505.0,343598900.0,28060260.0,372882940.0,0
2021-01-28,1480.0,1495.0,1455.0,1465.0,319030.0,0.0,193920.0,475700930.0,31722660.0,444125.0,0.0,477231070.0,29942310.0,507617500.0,0
2021-01-29,1485.0,1490.0,1425.0,1445.0,546182.0,2189220.0,0.0,434838270.0,32007990.0,16115.0,0.0,431874180.0,37145210.0,469035500.0,0
2021-02-01,1435.0,1460.0,1430.0,1450.0,178877.0,336735.0,0.0,756722300.0,33093210.0,0.0,0.0,662141000.0,128011220.0,790152200.0,0
2021-02-02,1460.0,1490.0,1450.0,1480.0,189840.0,192505.0,0.0,220793540.0,37502476.0,559630.0,0.0,235897570.0,22031320.0,258488510.0,0
2021-02-03,1490.0,1515.0,1475.0,1495.0,407332.0,159610.0,0.0,251273250.0,27562844.0,687710.0,0.0,254235680.0,24072320.0,278995700.0,0
2021-02-04,1505.0,1530.0,1475.0,1515.0,393037.0,207805.0,0.0,571086460.0,37275350.0,754975.0,29900000.0,428146460.0,149768210.0,608569660.0,0
2021-02-05,1520.0,1530.0,1505.0,1505.0,297242.0,1400000.0,0.0,542636800.0,46310936.0,563030.0,0.0,570463500.0,19321216.0,590347800.0,0
2021-02-08,1510.0,1515.0,1490.0,1500.0,389861.0,170565.0,0.0,441007800.0,9585510.0,81360.0,0.0,424282720.0,26399800.0,450763870.0,0
2021-02-09,1505.0,1515.0,1500.0,1505.0,125070.0,39000.0,0.0,522717860.0,62569130.0,13530.0,0.0,567704200.0,17608300.0,585326000.0,0
2021-02-10,1505.0,1515.0,1495.0,1500.0,195948.0,21070.0,0.0,180183790.0,8033615.0,0.0,0.0,182934430.0,5304050.0,188238480.0,0
2021-02-15,1505.0,1515.0,1485.0,1515.0,314336.0,0.0,0.0,280286560.0,14076000.0,9000.0,0.0,288980800.0,5372755.0,294362560.0,0
2021-02-16,1510.0,1525.0,1505.0,1510.0,402006.0,0.0,0.0,397848220.0,75250090.0,21210.0,0.0,459223420.0,13853670.0,473098300.0,0
2021-02-17,1505.0,1515.0,1500.0,1505.0,481133.0,90600.0,18236044.0,561737500.0,28134116.0,372955.0,0.0,584607170.0,23218080.0,608198200.0,0
2021-02-18,1515.0,1650.0,1500.0,1590.0,4558348.0,13545.0,4603500.0,665755840.0,52981304.0,25585.0,0.0,698852030.0,24476576.0,723354240.0,1
2021-02-19,1600.0,1615.0,1565.0,1580.0,1531019.0,25440.0,13700450.0,6797382700.0,489653760.0,4104915.0,6942575.0,7021878000.0,267837260.0,7300762000.0,1
2021-02-22,1585.0,1640.0,1565.0,1600.0,1515899.0,11060.0,2794855.0,2225299200.0,205044450.0,1610.0,10241140.0,2201208300.0,221698580.0,2433149700.0,1
2021-02-23,1580.0,1605.0,1570.0,1590.0,690160.0,4800.0,1715440.0,2176130300.0,258327310.0,14375.0,3200.0,2337057500.0,99102780.0,2436177700.0,0
2021-02-24,1585.0,1610.0,1530.0,1530.0,885109.0,2115300.0,158500.0,990459840.0,102612904.0,7925.0,1605.0,974667400.0,120669660.0,1095346600.0,0
2021-02-25,1575.0,1580.0,1540.0,1575.0,587893.0,249430.0,1901565.0,1303830100.0,92338184.0,4780.0,1577920.0,1304479200.0,92257390.0,1398319400.0,0
2021-02-26,1565.0,1615.0,1540.0,1615.0,919044.0,61425.0,0.0,778272900.0,141633420.0,6310.0,11045.0,901787700.0,18162644.0,919967740.0,0
2021-03-02,1680.0,1685.0,1585.0,1585.0,1867238.0,104975.0,349180.0,1348985300.0,108803870.0,44705.0,0.0,1387148200.0,71050430.0,1458243300.0,1
2021-03-03,1590.0,1645.0,1580.0,1620.0,877140.0,49330.0,448235.0,2974113300.0,84048330.0,3220.0,0.0,2683674000.0,374981920.0,3058659000.0,0
2021-03-04,1610.0,1635.0,1585.0,1635.0,479648.0,22680.0,0.0,1151018200.0,269367400.0,6480.0,9907000.0,1343833200.0,66661616.0,1420408300.0,0
2021-03-05,1615.0,1675.0,1590.0,1630.0,2137735.0,22810.0,427680.0,682979140.0,90084240.0,0.0,0.0,732575940.0,40937944.0,773513860.0,1
2021-03-08,1630.0,1675.0,1620.0,1630.0,1174735.0,26080.0,36041336.0,3185709600.0,280424670.0,0.0,8898235.0,3164253200.0,329050370.0,3502201600.0,0
2021-03-09,1660.0,1670.0,1585.0,1630.0,1138722.0,17935.0,347550.0,1773228300.0,162604940.0,0.0,0.0,1814775900.0,121422900.0,1936198800.0,0
2021-03-10,1645.0,1650.0,1580.0,1580.0,466629.0,53360.0,11315000.0,1655004400.0,192947970.0,59546076.0,0.0,1641534100.0,158240500.0,1859320700.0,0
2021-03-11,1580.0,1615.0,1570.0,1610.0,324671.0,201035.0,102060.0,692582660.0,55212860.0,120080.0,0.0,689027800.0,58950760.0,748098600.0,0
2021-03-12,1610.0,1620.0,1580.0,1590.0,441905.0,0.0,0.0,424340770.0,93988980.0,131470.0,87175.0,465983550.0,52127550.0,518329760.0,0
2021-03-15,1600.0,1615.0,1555.0,1555.0,770597.0,221010.0,0.0,624912600.0,80606024.0,299435.0,0.0,682316100.0,23124100.0,705739650.0,0
2021-03-16,1570.0,1590.0,1555.0,1580.0,390789.0,0.0,3293050.0,1054724300.0,152725600.0,283740.0,0.0,1165656200.0,44803030.0,1210742900.0,0
2021-03-17,1595.0,1665.0,1590.0,1665.0,1441452.0,0.0,101725.0,523545120.0,90789980.0,104185.0,0.0,585947100.0,28385556.0,614436860.0,1
2021-03-18,1650.0,1665.0,1625.0,1630.0,575494.0,8325.0,0.0,2034919000.0,318153700.0,331960.0,0.0,2232415200.0,120334030.0,2353081000.0,0
2021-03-19,1605.0,1645.0,1600.0,1615.0,244302.0,21190.0,449830.0,907895300.0,35140956.0,62180.0,2459670.0,836976450.0,104008990.0,943507260.0,0
2021-03-22,1615.0,1625.0,1565.0,1590.0,558481.0,0.0,1794000.0,362554020.0,32303164.0,661170.0,0.0,355232100.0,40757936.0,396651200.0,0
2021-03-23,1605.0,1610.0,1575.0,1600.0,500979.0,4942210.0,262460.0,783113300.0,98697430.0,67180.0,0.0,859233600.0,27714596.0,887015400.0,0
2021-03-24,1590.0,1610.0,1580.0,1590.0,453508.0,20675.0,0.0,752988300.0,44030484.0,3200.0,0.0,718814340.0,78221930.0,797039400.0,0
2021-03-25,1590.0,1600.0,1570.0,1585.0,332787.0,125970.0,101115.0,693113900.0,29616340.0,9777580.0,0.0,649022500.0,64157284.0,722957400.0,0
2021-03-26,1585.0,1600.0,1575.0,1585.0,294858.0,20570.0,0.0,513109200.0,12689025.0,22624360.0,0.0,446558620.0,56635810.0,525818780.0,0
2021-03-29,1595.0,1605.0,1575.0,1585.0,436864.0,407345.0,0.0,429991420.0,36464424.0,2072410.0,0.0,449804960.0,14985825.0,466863200.0,0
2021-03-30,1590.0,1620.0,1580.0,1615.0,438743.0,0.0,101440.0,575480600.0,117783810.0,49135.0,0.0,667806140.0,25510564.0,693365800.0,0
2021-03-31,1615.0,1635.0,1595.0,1610.0,479846.0,0.0,0.0,592663900.0,110048460.0,146965.0,0.0,691266750.0,11298620.0,702712400.0,0
2021-04-01,1615.0,1630.0,1600.0,1610.0,283657.0,27370.0,0.0,685078900.0,87400290.0,1413200.0,0.0,737641900.0,33451464.0,772506560.0,0
2021-04-02,1615.0,1615.0,1590.0,1600.0,340703.0,0.0,101115.0,430003400.0,25691676.0,114220.0,0.0,423969340.0,31712620.0,455796160.0,0
2021-04-05,1600.0,1610.0,1585.0,1605.0,283226.0,0.0,0.0,525161630.0,19428970.0,33600.0,0.0,512279650.0,32277350.0,544590600.0,0
2021-04-06,1605.0,1620.0,1595.0,1610.0,431999.0,0.0,0.0,345608670.0,106872904.0,452610.0,1011150.0,440080060.0,10937770.0,452481600.0,0
2021-04-07,1615.0,1660.0,1610.0,1655.0,933156.0,0.0,0.0,585523100.0,106606550.0,218685.0,8000000.0,676353300.0,7557645.0,692129600.0,0
2021-04-08,1650.0,1660.0,1625.0,1645.0,409515.0,0.0,0.0,1227128400.0,303733600.0,78925.0,0.0,1515156900.0,15626245.0,1530862100.0,0
2021-04-09,1645.0,1675.0,1645.0,1670.0,735749.0,0.0,0.0,644640450.0,26069300.0,167415.0,0.0,582408300.0,88133960.0,670709700.0,0
2021-04-12,1680.0,1695.0,1655.0,1665.0,623160.0,0.0,3300000.0,1100316400.0,116067240.0,70140.0,0.0,1150956900.0,68656610.0,1219683700.0,0
2021-04-13,1665.0,1680.0,1660.0,1665.0,415554.0,0.0,4996680.0,918115140.0,116549530.0,263750.0,5956940.0,981548100.0,51892550.0,1039661300.0,0
2021-04-14,1670.0,1785.0,1650.0,1740.0,3482422.0,456940.0,0.0,670522400.0,21774860.0,636030.0,83250.0,641136200.0,50898704.0,692754200.0,1
2021-04-15,1735.0,1775.0,1715.0,1755.0,799351.0,3612485.0,3083960.0,5306804000.0,712055230.0,3299355.0,3352620.0,5707888000.0,311015800.0,6025556000.0,0
2021-04-16,1760.0,1810.0,1730.0,1775.0,1533216.0,6907025.0,8800000.0,1322033300.0,57241550.0,8258385.0,0.0,1171446700.0,215276900.0,1394981900.0,1
2021-04-19,1785.0,1810.0,1750.0,1765.0,814678.0,467715.0,0.0,2498716700.0,225046990.0,51655.0,0.0,2399301600.0,324877950.0,2724231200.0,0
2021-04-20,1760.0,1810.0,1750.0,1795.0,682780.0,14120.0,0.0,1349760000.0,99931300.0,574725.0,115700.0,1371788800.0,77226120.0,1449705300.0,0
2021-04-21,1800.0,1800.0,1740.0,1755.0,946303.0,10770.0,0.0,1090724900.0,132638290.0,168425.0,0.0,1161634400.0,61571000.0,1223374000.0,0
2021-04-22,1755.0,1765.0,1740.0,1755.0,654535.0,6646785.0,13421910.0,1500265100.0,139085970.0,6600540.0,0.0,1583951700.0,68867350.0,1659419600.0,0
2021-04-23,1750.0,1775.0,1740.0,1750.0,382191.0,141950.0,0.0,943331400.0,204411570.0,6795965.0,22202400.0,1097841700.0,21044870.0,1147884900.0,0
2021-04-26,1755.0,1775.0,1750.0,1760.0,297004.0,6611000.0,0.0,559410600.0,105622840.0,6670840.0,0.0,657361000.0,7612560.0,671644500.0,0
2021-04-27,1765.0,1770.0,1740.0,1765.0,417175.0,26400.0,3530.0,502547170.0,19562184.0,200650.0,17600000.0,484985120.0,19353490.0,522139260.0,0
2021-04-28,1760.0,1775.0,1735.0,1735.0,474452.0,163630.0,0.0,702762700.0,26825724.0,19255.0,880000.0,719745500.0,9107365.0,729752060.0,0
2021-04-29,1735.0,1750.0,1690.0,1735.0,615872.0,99075.0,0.0,789333100.0,42334164.0,36575.0,0.0,679111740.0,152618060.0,831766400.0,0
2021-04-30,1740.0,1755.0,1725.0,1740.0,210345.0,9891285.0,0.0,779413250.0,266236720.0,8673290.0,0.0,953587700.0,93280290.0,1055541250.0,0
2021-05-03,1745.0,1755.0,1720.0,1725.0,310298.0,41760.0,1740.0,328743780.0,36665116.0,3480.0,0.0,339557000.0,25891916.0,365452380.0,0
2021-05-04,1715.0,1725.0,1670.0,1700.0,461552.0,375390.0,998595.0,453833660.0,83694480.0,0.0,0.0,496958000.0,41944104.0,538902140.0,0
2021-05-06,1695.0,1735.0,1690.0,1725.0,429185.0,512895.0,8500.0,726484200.0,53972530.0,0.0,0.0,771778300.0,9199835.0,780978100.0,0
2021-05-07,1730.0,1750.0,1725.0,1750.0,349363.0,2073045.0,0.0,558663000.0,177605230.0,48295.0,154900000.0,578958200.0,4434705.0,738341250.0,0
2021-05-10,1775.0,1890.0,1765.0,1775.0,8859320.0,637540.0,0.0,535738700.0,70747680.0,54130.0,69375000.0,518207800.0,19486960.0,607123900.0,1
2021-05-11,1795.0,1820.0,1770.0,1800.0,1572374.0,18725840.0,11556850.0,15697758000.0,557220860.0,26384350.0,490990700.0,14426444000.0,1341443100.0,16285262000.0,1
2021-05-12,1800.0,1815.0,1765.0,1775.0,766008.0,532800.0,0.0,2348825600.0,473375260.0,1136690.0,0.0,2664554200.0,157042690.0,2822733600.0,0
2021-05-13,1745.0,1800.0,1730.0,1760.0,639705.0,290850.0,0.0,1288078200.0,76652620.0,129575.0,0.0,1215283300.0,149608780.0,1365021700.0,0
2021-05-14,1770.0,1795.0,1750.0,1755.0,315471.0,261675.0,0.0,848042600.0,278337540.0,123130.0,586110.0,1075022500.0,50910076.0,1126641800.0,0
2021-05-17,1765.0,1850.0,1740.0,1785.0,1753007.0,512155.0,0.0,524792900.0,31368804.0,927660.0,0.0,466094100.0,89652070.0,556673860.0,1
2021-05-18,1790.0,1810.0,1785.0,1795.0,606401.0,15603955.0,7954760.0,3059155500.0,75859540.0,13570505.0,8043640.0,2778450200.0,358509250.0,3158573600.0,0
2021-05-20,1810.0,1830.0,1780.0,1780.0,1229619.0,174695.0,4784525.0,993972200.0,89698240.0,8515340.0,4756635.0,986402900.0,88954810.0,1088629600.0,1
2021-05-21,1800.0,1810.0,1765.0,1780.0,591741.0,48714920.0,3998550.0,1847765200.0,319901630.0,7299260.0,0.0,2021276000.0,191805100.0,2220380400.0,0
2021-05-24,1780.0,1830.0,1770.0,1805.0,558871.0,30002016.0,15782020.0,953454000.0,55214316.0,56960.0,996800.0,888185900.0,165212700.0,1054452350.0,0
2021-05-25,1815.0,1825.0,1795.0,1800.0,403330.0,14295.0,8950.0,890355500.0,112167580.0,39710.0,0.0,927168000.0,75338670.0,1002546370.0,0
2021-05-26,1800.0,1810.0,1770.0,1800.0,456771.0,7220.0,0.0,640634050.0,87545900.0,77475.0,3072110.0,694547840.0,30489710.0,728187140.0,0
2021-05-27,1800.0,1860.0,1795.0,1850.0,1280396.0,393440.0,0.0,625317570.0,192033940.0,0.0,0.0,790162370.0,27582560.0,817744960.0,1
2021-05-28,1845.0,1885.0,1830.0,1850.0,1303594.0,75735.0,6541585.0,2108237800.0,231568290.0,133150.0,2907630.0,2299071200.0,44311330.0,2346423300.0,1
2021-05-31,1865.0,1930.0,1850.0,1905.0,2963318.0,14800.0,5001540.0,2351664400.0,69056360.0,107300.0,0.0,2195952600.0,229677150.0,2425737000.0,1
2021-06-01,1970.0,2075.0,1930.0,1970.0,8632251.0,112355.0,14944585.0,5337051600.0,285916500.0,0.0,192095.0,5352791000.0,285041920.0,5638025000.0,1
2021-06-02,1970.0,1985.0,1905.0,1970.0,1537497.0,118090600.0,32751480.0,16657528000.0,414614980.0,10734555.0,46246824.0,16071482000.0,1094521200.0,17222986000.0,1
2021-06-03,1965.0,1995.0,1945.0,1945.0,807018.0,0.0,0.0,2475628300.0,529288830.0,277405.0,0.0,2891286300.0,113353390.0,3004917200.0,0
2021-06-04,1955.0,1980.0,1935.0,1970.0,613230.0,12058485.0,1970000.0,1526971300.0,47138020.0,68485.0,0.0,1428326100.0,159743170.0,1588137900.0,0
2021-06-07,1975.0,1985.0,1915.0,1935.0,872857.0,0.0,0.0,1076240400.0,127289290.0,100480.0,0.0,1131285000.0,72144160.0,1203529600.0,0
2021-06-08,1925.0,1935.0,1895.0,1925.0,578869.0,17460.0,0.0,1624932400.0,65693136.0,24888960.0,0.0,1468677200.0,197076770.0,1690643000.0,0
2021-06-09,1925.0,1955.0,1925.0,1930.0,391671.0,19265.0,475000.0,961190700.0,145287310.0,28875.0,0.0,1080523000.0,26420444.0,1106972300.0,0
2021-06-10,1930.0,1940.0,1905.0,1920.0,344482.0,158945.0,0.0,723840900.0,35315480.0,19300.0,0.0,661767400.0,97528616.0,759315300.0,0
2021-06-11,1920.0,1985.0,1890.0,1985.0,644548.0,14593240.0,0.0,579746800.0,66069844.0,13169235.0,0.0,608140160.0,39100464.0,660409860.0,0
2021-06-14,1980.0,2025.0,1960.0,2010.0,1003022.0,486270050.0,473750.0,750619140.0,12656835.0,22832304.0,0.0,1063336700.0,163850780.0,1250019800.0,0
2021-06-15,2010.0,2030.0,1975.0,2000.0,609855.0,25078450.0,0.0,1961409200.0,26007904.0,10498665.0,0.0,1819386800.0,182610060.0,2012495500.0,0
2021-06-16,2005.0,2020.0,1975.0,2005.0,379378.0,28452120.0,0.0,1149993500.0,40124564.0,79324810.0,13303100.0,1044984770.0,80957430.0,1218570100.0,0
2021-06-17,2000.0,2040.0,1985.0,2035.0,529529.0,27633116.0,0.0,663440830.0,69110000.0,2221580.0,0.0,736708600.0,21253760.0,760183940.0,0
2021-06-18,2035.0,2035.0,2015.0,2025.0,315565.0,49668796.0,0.0,888532800.0,125950960.0,470750.0,1007500.0,985967550.0,76706740.0,1064152600.0,0
2021-06-21,2000.0,2025.0,1990.0,2000.0,438110.0,41404300.0,4040000.0,592877440.0,1151810.0,324080.0,6090000.0,583637600.0,49421864.0,639473540.0,0
2021-06-22,2005.0,2020.0,1995.0,2010.0,374767.0,30870864.0,1000000.0,794431360.0,51343216.0,7621010.0,1005000.0,765804900.0,103214504.0,877645440.0,0
2021-06-23,2010.0,2015.0,2000.0,2010.0,387337.0,20258196.0,0.0,715890300.0,14742740.0,30110.0,0.0,671485440.0,79375690.0,750891200.0,0
2021-06-24,2010.0,2020.0,1985.0,1990.0,349100.0,21047930.0,0.0,755503100.0,1190055.0,2986860.0,0.0,682099900.0,92654290.0,777741060.0,0
2021-06-25,1995.0,2010.0,1955.0,1960.0,717847.0,11077125.0,497500.0,649348100.0,36829336.0,3653035.0,0.0,536208160.0,157890830.0,697752000.0,0
2021-06-28,1975.0,1975.0,1930.0,1965.0,536698.0,26480056.0,1982500.0,1267453200.0,121383860.0,23001460.0,0.0,1350890200.0,43407884.0,1417299600.0,0
2021-06-29,1965.0,2015.0,1950.0,1975.0,330762.0,0.0,3098805.0,904054800.0,138911900.0,76500.0,0.0,1032918600.0,13070395.0,1046065500.0,0
2021-06-30,1980.0,2000.0,1965.0,1990.0,395081.0,708380.0,0.0,645602200.0,8809990.0,389075.0,0.0,567471000.0,87260510.0,655120600.0,0
2021-07-01,1995.0,2000.0,1965.0,1985.0,260706.0,6506610.0,0.0,719235800.0,58516984.0,949715.0,0.0,721636000.0,61673716.0,784259400.0,0
2021-07-02,1985.0,1985.0,1955.0,1975.0,275387.0,3770695.0,0.0,481423870.0,32158324.0,2256380.0,0.0,420866400.0,94230104.0,517352900.0,0
2021-07-05,1975.0,1980.0,1920.0,1920.0,519258.0,950670.0,196500.0,502826620.0,36743710.0,80570.0,0.0,468712740.0,71924180.0,540717500.0,0
2021-07-06,1925.0,1940.0,1915.0,1920.0,338024.0,9056525.0,1068250.0,968977500.0,28345590.0,9354270.0,0.0,949783600.0,48309930.0,1007447800.0,0
2021-07-07,1920.0,1920.0,1875.0,1885.0,716569.0,44290.0,0.0,611503940.0,38495516.0,74920.0,0.0,641451700.0,8517135.0,650043800.0,0
2021-07-08,1885.0,1920.0,1845.0,1880.0,724314.0,1276080.0,1487750.0,1269023700.0,82892930.0,50857800.0,0.0,1282936400.0,20886256.0,1354680600.0,0
2021-07-09,1855.0,1870.0,1800.0,1835.0,743250.0,8902670.0,1462415.0,1206775700.0,140826980.0,14201810.0,0.0,1206718500.0,137047460.0,1357967700.0,0
2021-07-12,1830.0,1890.0,1830.0,1875.0,304559.0,7643775.0,181000.0,1194891100.0,149443780.0,6915265.0,0.0,1194697200.0,150547170.0,1352159600.0,0
2021-07-13,1875.0,1925.0,1870.0,1910.0,319192.0,841945.0,0.0,517149000.0,51622984.0,17593120.0,0.0,497236700.0,54784096.0,569613950.0,0
2021-07-14,1910.0,1915.0,1885.0,1890.0,287726.0,191525.0,0.0,594764400.0,11150205.0,15283865.0,0.0,512513250.0,78309050.0,606106200.0,0
2021-07-15,1895.0,1910.0,1880.0,1890.0,139923.0,38034224.0,0.0,490472450.0,18565240.0,175910.0,0.0,458304830.0,88591170.0,547071940.0,0
2021-07-16,1890.0,1905.0,1860.0,1905.0,301134.0,4171690.0,0.0,245195980.0,15754140.0,1329715.0,0.0,221390350.0,42401756.0,265121820.0,0
2021-07-19,1900.0,1905.0,1870.0,1885.0,224756.0,4228825.0,0.0,541406200.0,20360670.0,38669164.0,0.0,494925100.0,32401476.0,565995700.0,0
2021-07-20,1865.0,1885.0,1845.0,1870.0,317297.0,42224136.0,470000.0,379126400.0,2334100.0,97915.0,0.0,353127520.0,70929180.0,424154620.0,0
2021-07-21,1875.0,1880.0,1850.0,1850.0,179684.0,653250.0,927500.0,579526900.0,8969320.0,37710190.0,0.0,480961730.0,71405050.0,590077000.0,0
2021-07-22,1860.0,1880.0,1850.0,1865.0,176753.0,765495.0,463750.0,327973700.0,4648265.0,59200.0,37000000.0,245301860.0,51490144.0,333851200.0,0
2021-07-23,1880.0,1880.0,1855.0,1870.0,120108.0,820230.0,0.0,327988480.0,148560.0,6370880.0,0.0,296243100.0,26343290.0,328957280.0,0
2021-07-26,1880.0,1880.0,1855.0,1860.0,216182.0,608870.0,185500.0,221859090.0,928150.0,44855.0,4075025.0,200180270.0,19281464.0,223581620.0,0
2021-07-27,1870.0,1880.0,1855.0,1860.0,282967.0,301635.0,0.0,399043100.0,3076005.0,197570.0,0.0,308630270.0,93592900.0,402420740.0,0
2021-07-28,1860.0,1880.0,1845.0,1860.0,263066.0,1021440.0,0.0,494018300.0,32870860.0,6604180.0,0.0,494954620.0,26351776.0,527910600.0,0
2021-07-29,1860.0,1940.0,1850.0,1930.0,970352.0,908820.0,0.0,472356540.0,16577020.0,680760.0,0.0,451668500.0,37493120.0,489842370.0,0
2021-07-30,1930.0,1935.0,1875.0,1890.0,605817.0,19490180.0,506970.0,1488605200.0,339016770.0,20399080.0,0.0,1771490200.0,55729864.0,1847619200.0,0
2021-08-02,1875.0,1930.0,1875.0,1910.0,378560.0,45350.0,11490.0,1076760000.0,67515420.0,217165.0,4853115.0,1009297200.0,129964900.0,1144332400.0,0
2021-08-03,1925.0,1930.0,1870.0,1905.0,467407.0,50651790.0,0.0,636091300.0,34656450.0,9002840.0,0.0,679450940.0,32945784.0,721399550.0,0
2021-08-04,1905.0,1960.0,1890.0,1955.0,730531.0,864230.0,3856690.0,806171460.0,73369840.0,706065.0,0.0,693567200.0,189988930.0,884262200.0,0
2021-08-05,1960.0,1985.0,1935.0,1975.0,824956.0,15200.0,0.0,1348575700.0,72120660.0,5920925.0,5619035.0,1322806300.0,86365450.0,1420711700.0,0
2021-08-06,1980.0,1985.0,1960.0,1960.0,350180.0,20462024.0,0.0,1539578800.0,63462160.0,1073980.0,0.0,1471956700.0,150472220.0,1623503000.0,0
2021-08-09,1970.0,1970.0,1920.0,1925.0,346931.0,86855.0,0.0,665753500.0,23212424.0,3797415.0,0.0,600082000.0,85173310.0,689052740.0,0
2021-08-10,1940.0,1940.0,1890.0,1910.0,435443.0,3812505.0,482500.0,642069570.0,24860380.0,3380110.0,0.0,642198100.0,25646744.0,671224960.0,0
2021-08-11,1910.0,1920.0,1885.0,1900.0,253238.0,587115.0,0.0,743302460.0,84312820.0,1624420.0,0.0,758838300.0,67739710.0,828202400.0,0
2021-08-12,1910.0,1910.0,1865.0,1870.0,357225.0,309630.0,0.0,377651170.0,102208330.0,210635.0,0.0,434600160.0,45358344.0,480169120.0,0
2021-08-13,1875.0,1885.0,1810.0,1855.0,539557.0,13386790.0,21181000.0,597234400.0,39460730.0,12988950.0,0.0,627790340.0,30483636.0,671262900.0,0
2021-08-17,1840.0,1920.0,1790.0,1920.0,1105844.0,8490265.0,2371000.0,861768450.0,119372100.0,2132310.0,0.0,910362200.0,79507310.0,992001860.0,1
2021-08-18,1920.0,1935.0,1875.0,1925.0,666259.0,2065170.0,363000.0,1946450600.0,97634890.0,18039556.0,0.0,1775283700.0,253190370.0,2046513500.0,0
2021-08-19,1900.0,1935.0,1855.0,1865.0,931749.0,25065540.0,0.0,1136771300.0,115360930.0,4704365.0,0.0,1034613500.0,237879970.0,1277197800.0,0
2021-08-20,1855.0,1875.0,1815.0,1850.0,602547.0,12916460.0,743500.0,1462042500.0,284172450.0,45183140.0,2658570.0,1426882200.0,285150940.0,1759874800.0,0
2021-08-23,1870.0,1900.0,1840.0,1880.0,326848.0,20579030.0,9830000.0,940218300.0,140009200.0,17157196.0,0.0,844021440.0,249457900.0,1110636500.0,0
2021-08-24,1895.0,1910.0,1885.0,1890.0,198056.0,3113085.0,0.0,507613250.0,100856730.0,20670604.0,17444890.0,523189280.0,50278290.0,611583040.0,0
2021-08-25,1900.0,1920.0,1880.0,1905.0,249028.0,4503145.0,0.0,347530400.0,23743870.0,199105.0,0.0,348395600.0,27182736.0,375777400.0,0
2021-08-26,1905.0,1925.0,1890.0,1905.0,172538.0,1518165.0,356235.0,375184580.0,96284250.0,226615.0,0.0,425376320.0,47740290.0,473343230.0,0
2021-08-27,1900.0,1920.0,1885.0,1910.0,179701.0,226830.0,0.0,281580860.0,47094316.0,217560.0,0.0,295270800.0,33413664.0,328902000.0,0
2021-08-30,1920.0,1925.0,1875.0,1890.0,375962.0,12587855.0,5730.0,283530180.0,46264700.0,168080.0,0.0,295260320.0,46960044.0,342388450.0,0
2021-08-31,1885.0,1950.0,1875.0,1930.0,434820.0,5670.0,567000.0,667635900.0,44239090.0,1342935.0,0.0,658552200.0,52552564.0,712447700.0,0
2021-09-01,1930.0,1960.0,1915.0,1950.0,445535.0,112995.0,0.0,627295170.0,203377330.0,3978535.0,1925000.0,738100000.0,86781980.0,830785540.0,0
2021-09-02,1945.0,1965.0,1935.0,1955.0,312552.0,81985.0,0.0,641326100.0,226282380.0,1337395.0,2920000.0,853563400.0,9869620.0,867690430.0,0
2021-09-03,1960.0,1975.0,1950.0,1950.0,247461.0,27390.0,1945.0,558184260.0,51997320.0,382930.0,0.0,582256830.0,27571124.0,610210900.0,0
2021-09-06,1955.0,1960.0,1930.0,1935.0,145930.0,39100.0,0.0,476090050.0,8794675.0,454310.0,0.0,446978980.0,37490530.0,484923840.0,0
2021-09-07,1940.0,1945.0,1900.0,1920.0,238408.0,4378940.0,0.0,234610200.0,43743290.0,1419015.0,0.0,256176000.0,25137436.0,282732450.0,0
2021-09-08,1920.0,1935.0,1905.0,1925.0,274265.0,28800.0,0.0,407558200.0,49158710.0,13166750.0,0.0,422567600.0,21011350.0,456745700.0,0
2021-09-09,1910.0,1925.0,1900.0,1910.0,212081.0,12506615.0,191000.0,434408740.0,78765260.0,10114885.0,0.0,509783940.0,5972825.0,525871600.0,0
2021-09-10,1900.0,1930.0,1895.0,1915.0,264498.0,9341820.0,684000.0,305661020.0,89107570.0,8785300.0,0.0,349288450.0,46720684.0,404794430.0,0
2021-09-13,1915.0,1925.0,1895.0,1915.0,248052.0,206730.0,195345.0,386828380.0,118388910.0,3157540.0,0.0,490234180.0,12227660.0,505619360.0,0
2021-09-14,1915.0,1930.0,1905.0,1925.0,221257.0,167970.0,191000.0,401158340.0,72161900.0,21742816.0,0.0,348188220.0,103748150.0,473679200.0,0
2021-09-15,1925.0,1945.0,1915.0,1925.0,160350.0,15380.0,498575.0,367213920.0,57504984.0,1029875.0,1446250.0,407365500.0,15391220.0,425232830.0,0
2021-09-16,1925.0,1930.0,1905.0,1915.0,165421.0,61455.0,0.0,297339520.0,11536260.0,5786425.0,0.0,283711140.0,19439680.0,308937250.0,0
2021-09-17,1915.0,1915.0,1880.0,1900.0,166320.0,86370.0,0.0,305278720.0,11703675.0,1868485.0,0.0,251003800.0,64196480.0,317068770.0,0
2021-09-23,1885.0,1895.0,1870.0,1890.0,168977.0,523205.0,1469835.0,281537820.0,31739124.0,896860.0,0.0,282299200.0,32073940.0,315270000.0,0
2021-09-24,1885.0,1910.0,1880.0,1885.0,243772.0,1803130.0,1467030.0,269446270.0,45328196.0,1545060.0,0.0,302022180.0,14477375.0,318044600.0,0
2021-09-27,1880.0,1900.0,1870.0,1885.0,207937.0,1259180.0,0.0,420003520.0,39973210.0,2143565.0,0.0,390996220.0,68096140.0,461235940.0,0
2021-09-28,1885.0,1935.0,1870.0,1880.0,889935.0,2377490.0,0.0,306575420.0,82486660.0,418300.0,13798500.0,362245280.0,14977510.0,391439580.0,0
2021-09-29,1855.0,1900.0,1850.0,1880.0,259036.0,1234230.0,0.0,1522531500.0,171805150.0,13165.0,480000.0,1537214700.0,157862940.0,1695570800.0,0
2021-09-30,1875.0,1890.0,1860.0,1865.0,224018.0,939890.0,0.0,398046660.0,85706710.0,0.0,0.0,414162180.0,70531096.0,484693250.0,0
2021-10-01,1860.0,1860.0,1780.0,1790.0,807323.0,550785.0,0.0,382475700.0,36109540.0,1753100.0,0.0,354992350.0,62390564.0,419136030.0,0
2021-10-05,1785.0,1785.0,1720.0,1755.0,463092.0,3407845.0,0.0,1401435100.0,60825550.0,11999200.0,0.0,1209572400.0,244096900.0,1465668500.0,0
2021-10-06,1760.0,1785.0,1710.0,1740.0,357868.0,4214625.0,356695.0,656958140.0,145573400.0,19305.0,0.0,715711040.0,91372504.0,807102850.0,0
2021-10-07,1750.0,1790.0,1750.0,1775.0,181734.0,5261610.0,0.0,467669600.0,148943630.0,26164720.0,0.0,465692930.0,130017200.0,621874900.0,0
2021-10-08,1785.0,1785.0,1750.0,1765.0,168447.0,14295300.0,443750.0,193677820.0,113604270.0,6059030.0,27651124.0,227740880.0,60570120.0,322021150.0,0
2021-10-12,1765.0,1795.0,1740.0,1765.0,156007.0,11400965.0,0.0,206868670.0,79390520.0,11438580.0,0.0,229003630.0,57217944.0,297660160.0,0
2021-10-13,1760.0,1775.0,1750.0,1770.0,205414.0,5137005.0,0.0,216967570.0,52779640.0,1004705.0,1770000.0,225570450.0,46539070.0,274884220.0,0
2021-10-14,1775.0,1815.0,1770.0,1800.0,210585.0,190920.0,0.0,345262340.0,16835060.0,23713080.0,8850000.0,302453400.0,27271824.0,362288320.0,0
2021-10-15,1805.0,1815.0,1790.0,1810.0,158453.0,0.0,0.0,326745820.0,52386924.0,9261330.0,0.0,358560540.0,11310870.0,379132770.0,0
2021-10-18,1800.0,1810.0,1785.0,1805.0,191199.0,489740.0,0.0,263994690.0,21220840.0,74040.0,0.0,208388450.0,77242780.0,285705280.0,0
2021-10-19,1805.0,1815.0,1790.0,1805.0,105773.0,3006535.0,0.0,291017120.0,50049480.0,1412135.0,0.0,336819650.0,5841355.0,344073150.0,0
2021-10-20,1810.0,1815.0,1795.0,1795.0,99801.0,432145.0,448750.0,185918850.0,3825835.0,551630.0,0.0,169710350.0,20363590.0,190625570.0,0
2021-10-21,1800.0,1850.0,1790.0,1825.0,277589.0,416515.0,0.0,174731580.0,4794690.0,0.0,0.0,162837870.0,17104930.0,179942800.0,0
2021-10-22,1820.0,1840.0,1810.0,1825.0,169542.0,2630490.0,0.0,480365400.0,20210020.0,0.0,0.0,455219200.0,47986716.0,503205920.0,0
2021-10-25,1815.0,1835.0,1810.0,1830.0,193640.0,25091820.0,0.0,279987740.0,3960320.0,0.0,0.0,293389470.0,15650410.0,309039870.0,0
2021-10-26,1830.0,1855.0,1820.0,1835.0,259325.0,918660.0,0.0,325910720.0,25868750.0,11067730.0,0.0,323023800.0,18606600.0,352698140.0,0
2021-10-27,1835.0,1845.0,1830.0,1835.0,87040.0,0.0,4102900.0,471428200.0,99900.0,35376700.0,0.0,438118430.0,2135875.0,475631000.0,0
2021-10-28,1830.0,1850.0,1830.0,1840.0,169426.0,479480.0,0.0,158981680.0,238550.0,4303615.0,0.0,129886430.0,25509656.0,159699710.0,0
2021-10-29,1840.0,1845.0,1815.0,1820.0,160743.0,403790.0,11922500.0,286547070.0,12142590.0,66240.0,0.0,256797150.0,54152564.0,311015970.0,0
2021-11-01,1825.0,1830.0,1805.0,1820.0,99418.0,12191615.0,6392500.0,274730700.0,274440.0,245460.0,0.0,246534460.0,46809316.0,293589250.0,0
2021-11-02,1825.0,1835.0,1810.0,1820.0,189996.0,10302730.0,0.0,163611330.0,6624800.0,50960.0,0.0,172925380.0,7562520.0,180538860.0,0
2021-11-03,1820.0,1820.0,1790.0,1800.0,188323.0,15161760.0,0.0,302882720.0,27818070.0,488605.0,0.0,331289300.0,14084630.0,345862530.0,0
2021-11-04,1800.0,1815.0,1785.0,1795.0,271376.0,25410440.0,0.0,313585200.0,436230.0,2076990.0,0.0,281424200.0,55930710.0,339431900.0,0
2021-11-05,1795.0,1800.0,1775.0,1800.0,187332.0,10806475.0,1795.0,443261120.0,32996840.0,128740.0,1916910.0,458917120.0,26103440.0,487066200.0,0
2021-11-08,1800.0,1810.0,1785.0,1800.0,141279.0,20166936.0,0.0,312736540.0,1777500.0,12076415.0,0.0,227970200.0,94634370.0,334681000.0,0
2021-11-09,1800.0,1805.0,1770.0,1780.0,421535.0,24435670.0,0.0,213182290.0,16136355.0,1581005.0,0.0,237048880.0,15124435.0,253754320.0,0
2021-11-10,1775.0,1775.0,1735.0,1760.0,277486.0,20381360.0,0.0,705905150.0,25493580.0,323330.0,0.0,700141100.0,51315636.0,751780100.0,0
2021-11-11,1750.0,1770.0,1735.0,1765.0,116892.0,23807910.0,0.0,457815500.0,5160320.0,8800.0,0.0,431844500.0,54930390.0,486783700.0,0
2021-11-12,1760.0,1785.0,1760.0,1770.0,131418.0,409480.0,0.0,134315020.0,70278850.0,13245360.0,0.0,163459090.0,28298904.0,205003360.0,0
2021-11-15,1775.0,1825.0,1770.0,1810.0,350682.0,13046760.0,2655000.0,206624450.0,10879125.0,4672935.0,0.0,182171970.0,46360420.0,233205330.0,0
2021-11-16,1815.0,1815.0,1790.0,1800.0,162292.0,1722980.0,0.0,582127550.0,48773096.0,219165.0,0.0,559436540.0,72967970.0,632623700.0,0
2021-11-17,1800.0,1800.0,1770.0,1780.0,145260.0,657825.0,0.0,282612740.0,9325235.0,11771630.0,0.0,228022690.0,52801480.0,292595800.0,0
2021-11-18,1785.0,1785.0,1740.0,1760.0,146680.0,1850850.0,0.0,232890370.0,24015960.0,293690.0,0.0,203107410.0,55356076.0,258757180.0,0
2021-11-19,1755.0,1765.0,1745.0,1755.0,116996.0,5378560.0,0.0,238569710.0,14176950.0,2874970.0,887500.0,175408270.0,78954470.0,258125220.0,0
2021-11-22,1755.0,1785.0,1740.0,1765.0,139276.0,5265.0,0.0,159349420.0,46192560.0,2342125.0,0.0,181458190.0,21746936.0,205547250.0,0
2021-11-23,1775.0,1780.0,1760.0,1775.0,96435.0,178865.0,0.0,188524140.0,56419564.0,4883620.0,1423250.0,185689100.0,53126590.0,245122580.0,0
2021-11-24,1765.0,1780.0,1760.0,1775.0,69312.0,284230.0,0.0,146554940.0,23971380.0,727750.0,0.0,148303220.0,21779584.0,170810560.0,0
2021-11-25,1775.0,1780.0,1760.0,1760.0,122075.0,1775.0,0.0,121965610.0,631870.0,118925.0,0.0,93787630.0,28692700.0,122599256.0,0
2021-11-26,1755.0,1765.0,1730.0,1730.0,275884.0,7060.0,0.0,213826900.0,1796860.0,96800.0,0.0,177801100.0,37732910.0,215630820.0,0
2021-11-29,1690.0,1700.0,1645.0,1660.0,370470.0,166080.0,0.0,472175740.0,8993730.0,27680.0,0.0,376028200.0,105279690.0,481335550.0,0
2021-11-30,1665.0,1675.0,1505.0,1545.0,923259.0,2206435.0,0.0,552850300.0,62901800.0,2122940.0,2539950.0,567283840.0,46011816.0,617958500.0,0
2021-12-01,1545.0,1780.0,1535.0,1640.0,1525632.0,1188545.0,0.0,1270000500.0,186408080.0,1599735.0,0.0,1367001600.0,88995840.0,1457597200.0,1
2021-12-02,1640.0,1755.0,1635.0,1740.0,711800.0,1449900.0,672559600.0,1635645200.0,220289100.0,31941324.0,0.0,2125745400.0,372257020.0,2529943800.0,0
2021-12-03,1740.0,1775.0,1725.0,1755.0,385616.0,7496575.0,367286530.0,493279600.0,350390980.0,215075.0,143239840.0,977822200.0,97176590.0,1218453600.0,0
2021-12-06,1725.0,1810.0,1725.0,1795.0,389649.0,322195.0,182838820.0,346943100.0,147917120.0,590220.0,18886560.0,556215500.0,102328930.0,678021250.0,0
2021-12-07,1800.0,1820.0,1790.0,1810.0,242616.0,9007820.0,294297470.0,252361650.0,139518100.0,1902865.0,11615000.0,595787200.0,85879970.0,695185000.0,0
2021-12-08,1810.0,1810.0,1755.0,1770.0,195825.0,1308360.0,173402420.0,231176500.0,31878490.0,1718665.0,56440296.0,247515410.0,132091384.0,437765760.0,0
2021-12-09,1765.0,1770.0,1745.0,1750.0,95851.0,12135025.0,7858840.0,312851870.0,15636380.0,16781010.0,8875000.0,206086460.0,116739640.0,348482100.0,0
2021-12-10,1750.0,1875.0,1720.0,1790.0,1662622.0,1052170.0,0.0,150567890.0,16932584.0,30962424.0,26375000.0,80337590.0,30877630.0,168552640.0,1
2021-12-13,1830.0,1855.0,1815.0,1830.0,935837.0,51696710.0,26400576.0,2665004000.0,235480240.0,462152000.0,114909510.0,2051854000.0,349666100.0,2978581500.0,0
2021-12-14,1805.0,1835.0,1795.0,1830.0,391586.0,445930.0,1282500.0,1386908700.0,329127650.0,25062956.0,164800000.0,1376991600.0,150910160.0,1717764700.0,0
2021-12-15,1820.0,1845.0,1815.0,1835.0,252648.0,216940.0,543000.0,595462660.0,113553300.0,42351380.0,18050000.0,618454460.0,30919984.0,709775900.0,0
2021-12-16,1850.0,1855.0,1815.0,1830.0,473556.0,85124020.0,0.0,322050900.0,56348436.0,13334260.0,98908136.0,337416400.0,13864575.0,463523360.0,0
2021-12-17,1820.0,1850.0,1810.0,1840.0,384750.0,63513484.0,274500000.0,478159740.0,50808916.0,7434335.0,117804620.0,595837200.0,145906000.0,866982140.0,0
2021-12-20,1835.0,1845.0,1810.0,1820.0,352133.0,53683204.0,45500000.0,446964320.0,157966190.0,18133764.0,127650000.0,551164540.0,7165430.0,704113700.0,0
2021-12-21,1820.0,1845.0,1805.0,1815.0,306560.0,53750256.0,127600000.0,377589200.0,84406400.0,1238880.0,91300000.0,517643800.0,33163164.0,643345860.0,0
2021-12-22,1830.0,1870.0,1820.0,1865.0,633148.0,25112600.0,90900000.0,377990300.0,64328656.0,36430.0,91035000.0,424606400.0,42653716.0,558331600.0,0
2021-12-23,1865.0,1880.0,1855.0,1860.0,405566.0,98303050.0,54750000.0,809158500.0,209983650.0,225320.0,189662640.0,948172600.0,34134670.0,1172195200.0,0
2021-12-24,1860.0,1865.0,1820.0,1830.0,549928.0,11798625.0,158535300.0,541568100.0,44587296.0,3745.0,92101510.0,595632900.0,68751180.0,756489340.0,0
2021-12-27,1835.0,1855.0,1825.0,1845.0,344747.0,249205.0,231466400.0,737454000.0,39977710.0,1845.0,109952090.0,835846000.0,63347410.0,1009147300.0,0
2021-12-28,1855.0,1885.0,1850.0,1855.0,553954.0,17740920.0,91350000.0,501600400.0,22459496.0,7375.0,1083760.0,622763500.0,9296120.0,633150800.0,0
2021-12-29,1825.0,1850.0,1820.0,1830.0,330430.0,69001060.0,0.0,785698400.0,178702740.0,0.0,1860000.0,885976500.0,145565680.0,1033402200.0,0
2021-12-30,1830.0,1840.0,1820.0,1825.0,345319.0,24001320.0,999180.0,522700320.0,58307130.0,9150.0,0.0,464194720.0,141804060.0,606007940.0,0
2022-01-03,1820.0,1830.0,1800.0,1810.0,388589.0,105244740.0,218600000.0,278853300.0,27838856.0,107885.0,0.0,560209000.0,70219980.0,630536900.0,0
2022-01-04,1810.0,1820.0,1795.0,1810.0,303313.0,14585.0,144719940.0,511317380.0,47429000.0,24386336.0,0.0,624313150.0,54781410.0,703480900.0,0
2022-01-05,1810.0,1810.0,1795.0,1805.0,383300.0,309080.0,259658720.0,223982850.0,63644836.0,11748095.0,36250000.0,489413570.0,10183840.0,547595500.0,0
2022-01-06,1795.0,1845.0,1770.0,1835.0,736955.0,39247090.0,133417550.0,444642800.0,73482370.0,23385.0,54075000.0,625121860.0,11569600.0,690789800.0,0
2022-01-07,1845.0,1845.0,1815.0,1835.0,242920.0,38811040.0,214500000.0,706170200.0,379290080.0,1049530.0,109900000.0,1209274800.0,18547020.0,1338771300.0,0
2022-01-10,1835.0,1840.0,1815.0,1825.0,229665.0,2140665.0,73010920.0,296613660.0,72991000.0,2818370.0,0.0,319713760.0,122224100.0,444756220.0,0
2022-01-11,1820.0,1820.0,1785.0,1800.0,365183.0,335860.0,95508744.0,290306000.0,32870804.0,248100.0,54675000.0,215500200.0,148598080.0,419021380.0,0
2022-01-12,1800.0,1815.0,1800.0,1805.0,113475.0,545045.0,179900180.0,449111230.0,27415896.0,334450.0,71650000.0,378750240.0,206237660.0,656972350.0,0
2022-01-13,1805.0,1805.0,1790.0,1790.0,218804.0,173280.0,74014570.0,126568330.0,4072080.0,20458704.0,18129640.0,151850610.0,14389295.0,204828260.0,0
2022-01-14,1780.0,1795.0,1765.0,1775.0,264223.0,372320.0,108312190.0,281313300.0,2890755.0,91315.0,0.0,357237500.0,35559770.0,392888580.0,0
2022-01-17,1770.0,1775.0,1730.0,1745.0,335366.0,432355.0,124500000.0,335367300.0,8897455.0,0.0,17675000.0,425834940.0,25687140.0,469197100.0,0
2022-01-18,1735.0,1745.0,1690.0,1695.0,309382.0,681165.0,139450000.0,435756860.0,9784055.0,2304130.0,52200000.0,393935170.0,137232780.0,585672060.0,0
2022-01-19,1685.0,1730.0,1680.0,1690.0,276401.0,452685.0,171750000.0,348360830.0,9283850.0,13473725.0,34375000.0,409655230.0,72343400.0,529847360.0,0
2022-01-20,1685.0,1720.0,1685.0,1720.0,147125.0,779660.0,134850000.0,213229780.0,118674500.0,2246985.0,0.0,375033000.0,90253944.0,467533920.0,0
2022-01-21,1705.0,1715.0,1680.0,1705.0,213766.0,147505.0,0.0,190785020.0,59760564.0,0.0,0.0,226828460.0,23864636.0,250693100.0,0
2022-01-24,1700.0,1700.0,1660.0,1670.0,170137.0,294915.0,85190800.0,268248670.0,9833200.0,6820.0,0.0,291337250.0,72223500.0,363567580.0,0
2022-01-25,1670.0,1695.0,1625.0,1650.0,248644.0,986030.0,55786270.0,193188930.0,34877256.0,0.0,0.0,194887710.0,89950776.0,284838460.0,0
2022-01-26,1650.0,1690.0,1640.0,1675.0,207273.0,987770.0,0.0,327607100.0,82319180.0,880615.0,0.0,296527070.0,113506360.0,410914050.0,0
2022-01-27,1670.0,1675.0,1595.0,1605.0,299219.0,13740755.0,117250000.0,127919290.0,87794344.0,389260.0,50126664.0,223834130.0,72354330.0,346704400.0,0
2022-01-28,1600.0,1635.0,1590.0,1630.0,231955.0,839250.0,0.0,451511330.0,33091624.0,14902420.0,0.0,322848400.0,147691400.0,485442200.0,0
2022-02-03,1670.0,1685.0,1650.0,1675.0,266869.0,520170.0,0.0,284605600.0,89780720.0,20840556.0,28221250.0,265071090.0,60773580.0,374906500.0,0
2022-02-04,1675.0,1725.0,1675.0,1715.0,273149.0,1623375.0,0.0,350336320.0,92930264.0,37541260.0,21083750.0,370372930.0,15892005.0,444889950.0,0
2022-02-07,1720.0,1740.0,1710.0,1740.0,204130.0,15834715.0,0.0,378862940.0,69306330.0,31192796.0,42325000.0,354054100.0,36432084.0,464003970.0,0
2022-02-08,1740.0,1760.0,1715.0,1735.0,263914.0,24129736.0,25651710.0,249318260.0,52646336.0,75198790.0,17150000.0,222607300.0,36789944.0,351746020.0,0
2022-02-09,1735.0,1755.0,1735.0,1755.0,163881.0,34402820.0,104000000.0,288976030.0,31017210.0,47564704.0,19661250.0,285988450.0,105181660.0,458396060.0,0
2022-02-10,1755.0,1770.0,1745.0,1770.0,137649.0,10053170.0,91515740.0,110674850.0,73217170.0,43882936.0,52250000.0,165681680.0,23646324.0,285460930.0,0
2022-02-11,1765.0,1765.0,1735.0,1740.0,174266.0,16254540.0,35200000.0,152390940.0,38484110.0,658535.0,33026400.0,191758620.0,16886040.0,242329600.0,0
2022-02-14,1730.0,1740.0,1685.0,1705.0,274406.0,37294800.0,175200000.0,82800424.0,10198790.0,1796230.0,0.0,258490260.0,45207536.0,305494000.0,0
2022-02-15,1705.0,1725.0,1700.0,1715.0,197179.0,36627156.0,34000000.0,286174460.0,111278780.0,114235.0,8550000.0,392465730.0,66950450.0,468080400.0,0
2022-02-16,1730.0,1755.0,1720.0,1750.0,117834.0,39076236.0,0.0,252363380.0,45395680.0,118335.0,0.0,231825780.0,104891180.0,336835300.0,0
2022-02-17,1760.0,1780.0,1720.0,1760.0,256180.0,36555.0,68744500.0,95861230.0,40614630.0,41836504.0,0.0,155251180.0,8169225.0,205256930.0,0
2022-02-18,1740.0,1760.0,1730.0,1760.0,112216.0,20293640.0,114894010.0,265088620.0,49540290.0,40911364.0,0.0,314771700.0,94133470.0,449816580.0,0
2022-02-21,1740.0,1790.0,1740.0,1780.0,403282.0,10106620.0,30891000.0,97930340.0,56909516.0,38876590.0,0.0,153005630.0,3955240.0,195837470.0,0
2022-02-22,1775.0,1785.0,1750.0,1760.0,224316.0,56785020.0,35089030.0,443132930.0,180322420.0,1245790.0,0.0,691033500.0,23050096.0,715329400.0,0
2022-02-23,1760.0,1810.0,1760.0,1800.0,256621.0,18597630.0,74696000.0,251029800.0,51308880.0,386195.0,0.0,374055800.0,21190310.0,395632320.0,0
2022-02-24,1800.0,1845.0,1770.0,1785.0,852719.0,774010.0,0.0,391784160.0,67138570.0,192530.0,0.0,426213570.0,33290624.0,459696740.0,0
2022-02-25,1790.0,1910.0,1780.0,1900.0,1863767.0,230240.0,177600000.0,1180553100.0,175796700.0,329695.0,0.0,1348397700.0,185452600.0,1534180000.0,1
2022-02-28,1890.0,1890.0,1845.0,1855.0,597114.0,106385.0,90209820.0,2343612000.0,1065507400.0,65222736.0,0.0,3159373600.0,274839300.0,3499435500.0,0
2022-03-02,1850.0,1865.0,1840.0,1850.0,262806.0,118720.0,122083130.0,933585150.0,57275416.0,53083850.0,11528550.0,731072700.0,317377340.0,1113062400.0,0
2022-03-03,1860.0,1865.0,1805.0,1835.0,586717.0,29585.0,0.0,465949500.0,20061104.0,63996684.0,0.0,331318270.0,90725230.0,486040200.0,0
2022-03-04,1830.0,1840.0,1800.0,1820.0,306755.0,189700.0,0.0,929530500.0,143050610.0,179177730.0,0.0,820338000.0,73255130.0,1072770800.0,0
2022-03-07,1820.0,1820.0,1745.0,1760.0,482638.0,221460.0,0.0,412036100.0,143741020.0,173696690.0,0.0,360754020.0,21547876.0,555998600.0,0
2022-03-08,1730.0,1750.0,1710.0,1715.0,400181.0,1309925.0,0.0,772141700.0,80998264.0,96140140.0,17450000.0,625263300.0,115596430.0,854449860.0,0
2022-03-10,1730.0,1755.0,1710.0,1725.0,272104.0,277855.0,0.0,630757570.0,59619460.0,31482720.0,0.0,556427650.0,102744520.0,690654900.0,0
2022-03-11,1730.0,1740.0,1710.0,1740.0,209755.0,970610.0,0.0,384925200.0,84170380.0,193290.0,0.0,434681900.0,35191020.0,470066180.0,0
2022-03-14,1745.0,1750.0,1715.0,1720.0,169282.0,19055.0,0.0,307450140.0,53503076.0,247080.0,0.0,310785950.0,49939240.0,360972300.0,0
2022-03-15,1710.0,1745.0,1710.0,1725.0,136249.0,41039204.0,517500.0,203308200.0,46857444.0,30960.0,0.0,212540500.0,79150880.0,291722340.0,0
2022-03-16,1740.0,1745.0,1720.0,1745.0,127823.0,20198116.0,0.0,158461740.0,56147790.0,793185.0,0.0,171025940.0,62988536.0,234807650.0,0
2022-03-17,1755.0,1775.0,1750.0,1765.0,203901.0,21175764.0,173000.0,194590900.0,5501030.0,612495.0,0.0,163944620.0,56883564.0,221440690.0,0
2022-03-18,1770.0,1775.0,1740.0,1750.0,201012.0,32427476.0,0.0,263137420.0,63389216.0,340190.0,0.0,293823520.0,64790416.0,358954100.0,0
2022-03-21,1760.0,1770.0,1745.0,1755.0,132680.0,1765.0,2050705.0,316113020.0,33136976.0,18199496.0,0.0,254153300.0,78949660.0,351302460.0,0
2022-03-22,1755.0,1770.0,1750.0,1770.0,134744.0,7302595.0,0.0,202758260.0,22685824.0,0.0,0.0,191771570.0,40975100.0,232746670.0,0
2022-03-23,1780.0,1800.0,1765.0,1795.0,226764.0,7091420.0,0.0,210501570.0,19633460.0,1505795.0,0.0,200830600.0,34890064.0,237226450.0,0
2022-03-24,1790.0,1800.0,1770.0,1795.0,141278.0,8244495.0,63432316.0,326298200.0,6016525.0,302165.0,3540.0,368464500.0,35221324.0,403991520.0,0
2022-03-25,1795.0,1800.0,1780.0,1785.0,96214.0,0.0,56479364.0,184326220.0,11213650.0,15389855.0,0.0,188388350.0,48241040.0,252019230.0,0
2022-03-28,1790.0,1805.0,1775.0,1790.0,174101.0,0.0,33296530.0,138802980.0,53700.0,80325.0,0.0,94972100.0,77100780.0,172153200.0,0
2022-03-29,1805.0,1820.0,1790.0,1810.0,219335.0,114380.0,17950000.0,279614460.0,13670790.0,644730.0,0.0,231819060.0,78885850.0,311349630.0,0
2022-03-30,1810.0,1815.0,1800.0,1805.0,93065.0,11254300.0,72347970.0,294922530.0,18055840.0,822220.0,0.0,303789730.0,91968700.0,396580640.0,0
2022-03-31,1800.0,1810.0,1780.0,1785.0,187925.0,10957755.0,0.0,157115700.0,14460.0,306440.0,0.0,121821150.0,45960316.0,168087900.0,0
2022-04-01,1780.0,1790.0,1760.0,1775.0,243942.0,0.0,3580000.0,320874340.0,11896305.0,178720.0,0.0,306486530.0,29685410.0,336350660.0,0
2022-04-04,1775.0,1820.0,1755.0,1815.0,455492.0,9762500.0,0.0,363348130.0,58373544.0,11085115.0,40832830.0,370305440.0,9260765.0,431484160.0,0
2022-04-05,1820.0,1820.0,1785.0,1795.0,263763.0,72501410.0,0.0,496567520.0,244588980.0,583045.0,36806464.0,748536450.0,27731956.0,813657900.0,0
2022-04-06,1785.0,1795.0,1760.0,1775.0,226359.0,20503710.0,0.0,447232580.0,6110525.0,520330.0,0.0,388172500.0,85153950.0,473846820.0,0
2022-04-07,1770.0,1775.0,1740.0,1750.0,255980.0,4989330.0,0.0,380671600.0,16065360.0,36798870.0,0.0,317561630.0,47365816.0,401726300.0,0
2022-04-08,1750.0,1765.0,1735.0,1765.0,150996.0,7472485.0,0.0,414350370.0,27291510.0,113715.0,0.0,417074980.0,31925660.0,449114340.0,0
2022-04-11,1765.0,1765.0,1735.0,1740.0,103888.0,4889530.0,0.0,257118240.0,1844650.0,10745880.0,0.0,193683230.0,59423316.0,263852420.0,0
2022-04-12,1735.0,1735.0,1710.0,1715.0,141647.0,10813875.0,0.0,161637890.0,9015820.0,0.0,0.0,161363540.0,20104044.0,181467580.0,0
2022-04-13,1720.0,1735.0,1720.0,1730.0,84888.0,0.0,0.0,243134690.0,5145.0,11590220.0,0.0,147228800.0,84320824.0,243139840.0,0
2022-04-14,1735.0,1745.0,1730.0,1740.0,78513.0,2768365.0,0.0,130510984.0,13419690.0,247390.0,0.0,131132200.0,15319450.0,146699040.0,0
2022-04-15,1740.0,1750.0,1725.0,1740.0,82520.0,527220.0,0.0,135206980.0,546525.0,212055.0,0.0,108906860.0,27161804.0,136280720.0,0
2022-04-18,1740.0,1755.0,1730.0,1745.0,111818.0,5916985.0,13787985.0,122951130.0,693730.0,7453440.0,0.0,92127780.0,43768604.0,143349820.0,0
2022-04-19,1740.0,1755.0,1735.0,1750.0,147161.0,1745.0,0.0,186047950.0,8936920.0,223270.0,0.0,162667540.0,32095810.0,194986620.0,0
2022-04-20,1750.0,1755.0,1740.0,1740.0,139840.0,302750.0,0.0,245452480.0,11058495.0,16616655.0,0.0,191174610.0,49022464.0,256813730.0,0
2022-04-21,1750.0,1770.0,1745.0,1755.0,138955.0,728080.0,0.0,240674640.0,2821075.0,95700.0,0.0,237086260.0,7041840.0,244223800.0,0
2022-04-22,1745.0,1750.0,1725.0,1745.0,118195.0,784285.0,52864470.0,189210050.0,1427505.0,77220.0,3872000.0,219990670.0,20346410.0,244286300.0,0
2022-04-25,1725.0,1735.0,1715.0,1725.0,131274.0,10978165.0,0.0,169818900.0,24566310.0,2911125.0,0.0,185090260.0,17361990.0,205363380.0,0
2022-04-26,1730.0,1750.0,1725.0,1735.0,101414.0,576150.0,17250000.0,176333340.0,32299040.0,10815040.0,0.0,191635490.0,24008004.0,226458530.0,0
2022-04-27,1710.0,1725.0,1700.0,1725.0,185275.0,1002790.0,17401856.0,156396060.0,1525295.0,85050.0,0.0,151047230.0,25193724.0,176326000.0,0
2022-04-28,1725.0,1735.0,1710.0,1725.0,67819.0,285720.0,344000.0,280504030.0,36469216.0,12065.0,0.0,286127780.0,31463140.0,317602980.0,0
2022-04-29,1730.0,1740.0,1720.0,1735.0,78393.0,2819715.0,0.0,112760450.0,1088460.0,122450.0,0.0,95648890.0,20897284.0,116668620.0,0
2022-05-02,1725.0,1730.0,1710.0,1730.0,83210.0,83275.0,0.0,134241800.0,1240420.0,0.0,0.0,109742080.0,25823416.0,135565490.0,0
2022-05-03,1730.0,1745.0,1720.0,1730.0,88375.0,217945.0,334555.0,140382080.0,2085810.0,0.0,0.0,131915710.0,11104675.0,143020380.0,0
2022-05-04,1735.0,1750.0,1725.0,1735.0,71835.0,153720.0,84770.0,150340200.0,2539125.0,37615970.0,0.0,101837440.0,13664400.0,153117810.0,0
2022-05-06,1715.0,1730.0,1710.0,1730.0,97605.0,57320.0,0.0,124471120.0,0.0,5205.0,0.0,112984510.0,11538725.0,124528440.0,0
2022-05-09,1720.0,1725.0,1660.0,1660.0,278059.0,254840.0,0.0,155910560.0,11372165.0,194305.0,0.0,141561230.0,25782040.0,167537570.0,0
2022-05-10,1650.0,1655.0,1600.0,1635.0,237799.0,911220.0,509500.0,440064420.0,26583796.0,1665.0,16656710.0,397270340.0,54140204.0,468068930.0,0
2022-05-11,1635.0,1655.0,1630.0,1645.0,84291.0,336040.0,0.0,352911420.0,32271216.0,56643376.0,32049804.0,252922130.0,43903376.0,385518700.0,0
2022-05-12,1630.0,1655.0,1615.0,1615.0,107584.0,13160.0,0.0,134653730.0,3669755.0,30583670.0,0.0,82950536.0,24802444.0,138336660.0,0
2022-05-13,1615.0,1650.0,1615.0,1650.0,91572.0,10441795.0,0.0,156982380.0,7909105.0,849795.0,16200000.0,104815944.0,53467540.0,175333280.0,0
2022-05-16,1665.0,1675.0,1655.0,1660.0,48541.0,209470.0,0.0,144899150.0,4162220.0,13411225.0,16208105.0,104628990.0,15022510.0,149270830.0,0
2022-05-17,1670.0,1690.0,1665.0,1675.0,171802.0,10542990.0,0.0,69311430.0,971060.0,572705.0,0.0,67832830.0,12419945.0,80825490.0,0
2022-05-18,1675.0,1690.0,1655.0,1655.0,146302.0,187600.0,0.0,276020930.0,11455305.0,29721280.0,133569470.0,91769336.0,32603736.0,287663840.0,0
2022-05-19,1635.0,1635.0,1595.0,1605.0,260680.0,372870.0,0.0,237122700.0,6283145.0,71438500.0,0.0,139045710.0,33294510.0,243778720.0,0
2022-05-20,1610.0,1650.0,1600.0,1645.0,165506.0,1880035.0,484500.0,408894660.0,7914125.0,75359490.0,881790.0,289073540.0,53858490.0,419173300.0,0
2022-05-23,1635.0,1650.0,1630.0,1640.0,80365.0,133135.0,0.0,243065260.0,26107040.0,25029316.0,0.0,208388860.0,35887260.0,269305440.0,0
2022-05-24,1645.0,1645.0,1600.0,1610.0,258691.0,10539030.0,0.0,103201470.0,17750184.0,321440.0,0.0,104202620.0,26966620.0,131490690.0,0
2022-05-25,1610.0,1635.0,1600.0,1630.0,105701.0,244210.0,0.0,400579520.0,16032155.0,185700.0,2446990.0,345682560.0,68540650.0,416855900.0,0
2022-05-26,1630.0,1645.0,1615.0,1635.0,138444.0,4840.0,0.0,170922080.0,113955.0,238985.0,0.0,144546080.0,26255820.0,171040880.0,0
2022-05-27,1635.0,1645.0,1630.0,1640.0,90628.0,570365.0,0.0,193095440.0,32482344.0,55425.0,0.0,194046740.0,32045996.0,226148140.0,0
2022-05-30,1645.0,1660.0,1625.0,1660.0,210454.0,70520.0,0.0,116358370.0,31843296.0,32800.0,0.0,139350770.0,8888610.0,148272200.0,0
2022-05-31,1665.0,1665.0,1640.0,1650.0,165010.0,38180.0,0.0,306421020.0,39455640.0,426620.0,0.0,340489630.0,4998595.0,345914850.0,0
2022-06-02,1650.0,1665.0,1640.0,1655.0,111919.0,21450.0,0.0,130961920.0,141152670.0,147060.0,0.0,115237690.0,156751310.0,272136060.0,0
2022-06-03,1655.0,1670.0,1645.0,1660.0,78025.0,44640.0,0.0,178818370.0,6351325.0,52920.0,0.0,177668510.0,7492895.0,185214340.0,0
2022-06-07,1660.0,1665.0,1630.0,1645.0,140458.0,23215.0,1665.0,110706110.0,18609476.0,207490.0,0.0,112980010.0,16152965.0,129340460.0,0
2022-06-08,1645.0,1650.0,1630.0,1645.0,72609.0,27945.0,3979000.0,226623490.0,877690.0,937775.0,0.0,213027410.0,17542924.0,231508110.0,0
2022-06-09,1645.0,1645.0,1610.0,1630.0,110903.0,29570.0,0.0,91171850.0,27753964.0,69090.0,0.0,100201570.0,18684724.0,118955380.0,0
2022-06-10,1610.0,1625.0,1600.0,1620.0,108429.0,21190.0,0.0,177926400.0,1746500.0,218405.0,0.0,159946000.0,19529684.0,179694100.0,0
2022-06-13,1605.0,1605.0,1550.0,1560.0,190320.0,114885.0,0.0,173665520.0,667785.0,55050.0,0.0,147645330.0,26747810.0,174448200.0,0
2022-06-14,1520.0,1555.0,1510.0,1555.0,219557.0,74860.0,15550.0,293659650.0,4920125.0,371575.0,0.0,189535550.0,108763060.0,298670180.0,0
2022-06-15,1550.0,1560.0,1500.0,1515.0,277322.0,338035.0,15100.0,303070600.0,31592096.0,0.0,0.0,232481820.0,102533980.0,335015800.0,0
2022-06-16,1520.0,1545.0,1495.0,1515.0,176767.0,353565.0,0.0,352632000.0,66769060.0,215130.0,0.0,303022270.0,116517224.0,419754620.0,0
2022-06-17,1490.0,1500.0,1455.0,1480.0,249239.0,57590.0,0.0,243335250.0,25533136.0,63430.0,1530.0,223756540.0,45104476.0,268925980.0,0
2022-06-20,1480.0,1490.0,1385.0,1400.0,395607.0,77155.0,74350.0,281790400.0,86460470.0,1080240.0,0.0,230507180.0,136814940.0,368402370.0,0
2022-06-21,1415.0,1420.0,1365.0,1420.0,332401.0,1019015.0,3169400.0,463669220.0,93653610.0,93800.0,0.0,434866050.0,126551410.0,561511230.0,0
2022-06-22,1420.0,1425.0,1360.0,1365.0,248371.0,3579810.0,569000.0,338355780.0,120186500.0,9600610.0,0.0,392509380.0,60581076.0,462691070.0,0
2022-06-23,1370.0,1375.0,1290.0,1305.0,541383.0,43845.0,0.0,324940200.0,17890480.0,42490.0,0.0,192549460.0,150282560.0,342874500.0,0
2022-06-24,1310.0,1360.0,1305.0,1350.0,176290.0,10675.0,0.0,516873500.0,194733810.0,27450.0,0.0,586823300.0,124767220.0,711618000.0,0
2022-06-27,1365.0,1410.0,1355.0,1400.0,107432.0,121500.0,255950.0,153197250.0,82025820.0,2700.0,0.0,193060500.0,42537324.0,235600510.0,0
2022-06-28,1400.0,1415.0,1385.0,1405.0,62381.0,88815.0,0.0,115544180.0,33395480.0,22390.0,0.0,113248010.0,35758070.0,149028460.0,0
2022-06-29,1395.0,1415.0,1365.0,1410.0,102227.0,33715.0,0.0,78779700.0,8429075.0,7025.0,0.0,51660070.0,35575390.0,87242490.0,0
2022-06-30,1410.0,1410.0,1370.0,1390.0,111748.0,9636910.0,0.0,111037900.0,21061216.0,4150.0,0.0,104774900.0,36956976.0,141736030.0,0
2022-07-01,1390.0,1390.0,1365.0,1375.0,152872.0,377695.0,0.0,144912620.0,9118695.0,0.0,0.0,58909280.0,95499736.0,154409010.0,0
2022-07-04,1385.0,1385.0,1325.0,1340.0,146680.0,103185.0,0.0,201600030.0,8178375.0,169325.0,0.0,117488740.0,92223540.0,209881600.0,0
2022-07-05,1335.0,1385.0,1335.0,1380.0,84737.0,282295.0,0.0,179806530.0,16796624.0,110610.0,0.0,156113730.0,40661100.0,196885440.0,0
2022-07-06,1385.0,1385.0,1355.0,1375.0,92956.0,421005.0,0.0,77734800.0,37545976.0,0.0,0.0,110045650.0,5656135.0,115701780.0,0
2022-07-07,1375.0,1400.0,1370.0,1400.0,109312.0,55000.0,0.0,104399410.0,22983880.0,15110.0,0.0,98394670.0,29028504.0,127438290.0,0
2022-07-08,1395.0,1420.0,1395.0,1410.0,110011.0,292400.0,0.0,141275520.0,10612410.0,13950.0,0.0,113431260.0,38735120.0,152180340.0,0
2022-07-11,1410.0,1415.0,1385.0,1385.0,74613.0,14095.0,0.0,123546860.0,31508184.0,2810.0,0.0,120198370.0,34867970.0,155069150.0,0
2022-07-12,1385.0,1385.0,1345.0,1360.0,148798.0,92795.0,0.0,80757800.0,23063796.0,11080.0,0.0,81302260.0,22601050.0,103914390.0,0
2022-07-13,1360.0,1375.0,1340.0,1365.0,51316.0,345885.0,0.0,194721680.0,6891785.0,0.0,0.0,163917470.0,38041876.0,201959340.0,0
2022-07-14,1365.0,1410.0,1355.0,1400.0,126081.0,5450.0,1096000.0,48315724.0,20479024.0,121580.0,0.0,60842276.0,8932345.0,69896200.0,0
2022-07-15,1395.0,1440.0,1365.0,1435.0,157411.0,0.0,0.0,171305760.0,4006185.0,4110.0,0.0,130956010.0,44351824.0,175311940.0,0
2022-07-18,1440.0,1480.0,1440.0,1480.0,151856.0,19810.0,0.0,212032900.0,10355540.0,1435.0,0.0,149719150.0,72687660.0,222408260.0,0
2022-07-19,1480.0,1625.0,1470.0,1585.0,1298406.0,0.0,0.0,212735000.0,9444200.0,76960.0,0.0,197837180.0,24265064.0,222179220.0,0
2022-07-20,1635.0,1670.0,1560.0,1605.0,897698.0,125984024.0,123712130.0,1461445400.0,327808060.0,313830620.0,0.0,1563571300.0,161547700.0,2038949600.0,0
2022-07-21,1610.0,1685.0,1610.0,1645.0,620183.0,308954100.0,39473780.0,937443260.0,168754800.0,3519260.0,16559225.0,1143107000.0,291440500.0,1454625900.0,0
2022-07-22,1650.0,1650.0,1605.0,1640.0,137457.0,174824480.0,10742050.0,614856700.0,224301280.0,2108355.0,0.0,896154430.0,126461690.0,1024724500.0,0
2022-07-25,1615.0,1680.0,1605.0,1660.0,239295.0,249250.0,0.0,212078050.0,11439390.0,2497660.0,0.0,179994100.0,41274930.0,223766690.0,0
2022-07-26,1655.0,1675.0,1625.0,1660.0,127941.0,85858250.0,16709855.0,252300530.0,39139290.0,157140.0,0.0,324957220.0,68893570.0,394007940.0,0
2022-07-27,1660.0,1695.0,1570.0,1665.0,585895.0,28104256.0,0.0,147408900.0,35122304.0,36490.0,0.0,177861780.0,32737190.0,210635460.0,0
2022-07-28,1670.0,1675.0,1620.0,1630.0,329840.0,284679650.0,0.0,584505700.0,99901770.0,0.0,0.0,882897400.0,86189750.0,969087170.0,0
2022-07-29,1615.0,1640.0,1585.0,1595.0,345187.0,69683280.0,0.0,430266300.0,41880450.0,4880.0,6480.0,477639600.0,64179056.0,541830000.0,0
2022-08-01,1605.0,1630.0,1535.0,1585.0,282402.0,850930.0,0.0,492407360.0,60699120.0,40165.0,0.0,525048930.0,28868336.0,553957440.0,0
2022-08-02,1585.0,1600.0,1565.0,1580.0,87158.0,130938220.0,0.0,278282940.0,41306344.0,1610.0,0.0,400693020.0,49832876.0,450527500.0,0
2022-08-03,1575.0,1595.0,1555.0,1570.0,163381.0,380530.0,0.0,136063650.0,1296225.0,456750.0,0.0,89149060.0,48134584.0,137740400.0,0
2022-08-04,1570.0,1575.0,1550.0,1560.0,213268.0,307820.0,0.0,224201920.0,31019444.0,15941625.0,0.0,227378060.0,12209495.0,255529180.0,0
2022-08-05,1570.0,1580.0,1560.0,1575.0,126544.0,2964560.0,0.0,280983360.0,48598330.0,4695.0,0.0,330337120.0,2204415.0,332546240.0,0
2022-08-08,1570.0,1575.0,1555.0,1555.0,86212.0,11747255.0,0.0,181562300.0,5499865.0,182665.0,0.0,177977100.0,20649660.0,198809420.0,0
2022-08-09,1560.0,1560.0,1530.0,1555.0,152721.0,264475.0,0.0,134421740.0,1570.0,613565.0,0.0,100073160.0,34001060.0,134687790.0,0
2022-08-10,1550.0,1555.0,1525.0,1530.0,91032.0,388705.0,0.0,222473550.0,12787050.0,343190.0,0.0,227877400.0,7428700.0,235649300.0,0
2022-08-11,1540.0,1555.0,1535.0,1550.0,126022.0,851565.0,0.0,131109220.0,7850730.0,39800.0,3837500.0,107377784.0,28556424.0,139811500.0,0
2022-08-12,1545.0,1570.0,1545.0,1565.0,84532.0,547610.0,1551180.0,182286340.0,10192680.0,267555.0,0.0,190807170.0,3503085.0,194577800.0,0
2022-08-16,1565.0,1570.0,1485.0,1485.0,494535.0,393200.0,3129905.0,108158430.0,20128920.0,553520.0,0.0,114513670.0,16743270.0,131810460.0,0
2022-08-17,1485.0,1505.0,1435.0,1465.0,811562.0,750030.0,0.0,699550140.0,51483444.0,132345.0,0.0,723658700.0,27992570.0,751783600.0,0
2022-08-18,1465.0,1465.0,1420.0,1445.0,480453.0,19015.0,2028750.0,954914900.0,227198430.0,10470610.0,0.0,1138535000.0,35155350.0,1184161000.0,0
2022-08-19,1440.0,1455.0,1430.0,1435.0,207839.0,295585.0,432000.0,630533200.0,61264180.0,234955.0,0.0,658142000.0,34148000.0,692525000.0,0
2022-08-22,1420.0,1425.0,1405.0,1410.0,205758.0,292925.0,1440.0,267079420.0,32345250.0,205840.0,0.0,281509500.0,18003700.0,299719040.0,0
2022-08-23,1400.0,1415.0,1390.0,1390.0,189290.0,928475.0,0.0,251520020.0,38008430.0,459845.0,0.0,265535840.0,24461230.0,290456930.0,0
2022-08-24,1400.0,1435.0,1390.0,1430.0,155615.0,10148430.0,0.0,229678340.0,24672176.0,10445035.0,0.0,195176690.0,58877204.0,264498930.0,0
2022-08-25,1420.0,1440.0,1420.0,1440.0,127910.0,11043010.0,1400000.0,200432430.0,6055000.0,95495.0,0.0,151546320.0,67288620.0,218930430.0,0
2022-08-26,1450.0,1450.0,1435.0,1445.0,81857.0,959040.0,0.0,162444930.0,19481790.0,2309185.0,0.0,167665090.0,12911485.0,182885760.0,0
2022-08-29,1405.0,1415.0,1400.0,1405.0,156287.0,725390.0,0.0,117254110.0,0.0,250985.0,0.0,88375170.0,29353344.0,117979500.0,0
2022-08-30,1415.0,1425.0,1410.0,1425.0,65592.0,250090.0,1003920.0,215183680.0,2999175.0,314725.0,0.0,201092270.0,18029870.0,219436860.0,0
2022-08-31,1420.0,1435.0,1405.0,1425.0,58331.0,185220.0,0.0,72009060.0,20650776.0,782315.0,0.0,71829816.0,20232920.0,92845050.0,0
2022-09-01,1430.0,1430.0,1395.0,1400.0,127238.0,2612965.0,0.0,77486430.0,2703880.0,18495.0,3154210.0,58686076.0,20944496.0,82803270.0,0
2022-09-02,1400.0,1410.0,1370.0,1380.0,156124.0,14490010.0,0.0,163469070.0,646255.0,14374630.0,0.0,109172104.0,55058604.0,178605340.0,0
2022-09-05,1380.0,1390.0,1365.0,1375.0,140742.0,10843675.0,4140000.0,200227120.0,928015.0,22458384.0,0.0,158770030.0,34910390.0,216138820.0,0
2022-09-06,1380.0,1400.0,1375.0,1400.0,110005.0,14679895.0,0.0,174369310.0,3719970.0,14597315.0,0.0,169768960.0,8402905.0,192769180.0,0
2022-09-07,1400.0,1405.0,1365.0,1375.0,123404.0,3148550.0,0.0,129753330.0,19656600.0,7218680.0,0.0,135734080.0,9605715.0,152558480.0,0
2022-09-08,1385.0,1390.0,1365.0,1375.0,61213.0,21480776.0,0.0,139047090.0,9516460.0,10755130.0,0.0,124045160.0,35244030.0,170044320.0,0
2022-09-13,1385.0,1405.0,1380.0,1400.0,105337.0,464755.0,0.0,80573790.0,3070375.0,8431450.0,0.0,63539840.0,12137635.0,84108930.0,0
2022-09-14,1370.0,1385.0,1355.0,1380.0,80863.0,11843940.0,0.0,129271280.0,5382360.0,20128336.0,0.0,100047050.0,26322200.0,146497580.0,0
2022-09-15,1385.0,1390.0,1375.0,1380.0,50942.0,7746770.0,0.0,90683810.0,12480555.0,9964395.0,0.0,88549840.0,12396900.0,110911140.0,0
2022-09-16,1370.0,1385.0,1340.0,1355.0,176093.0,6519130.0,2908000.0,57709844.0,3160100.0,6771750.0,0.0,50199060.0,13326265.0,70297070.0,0
2022-09-19,1365.0,1365.0,1315.0,1335.0,199893.0,27620450.0,13450.0,204197800.0,6811540.0,24771040.0,0.0,189291710.0,24580480.0,238643230.0,0
2022-09-20,1340.0,1360.0,1340.0,1345.0,56647.0,33051676.0,0.0,198920510.0,33847730.0,35576000.0,0.0,204688030.0,25555884.0,265819900.0,0
2022-09-21,1345.0,1345.0,1330.0,1340.0,68392.0,9603465.0,0.0,63541610.0,2975980.0,9235965.0,0.0,58660836.0,8224255.0,76121060.0,0
2022-09-22,1330.0,1350.0,1300.0,1350.0,132579.0,11704870.0,0.0,69740230.0,9865020.0,11807370.0,0.0,69853560.0,9649195.0,91310130.0,0
2022-09-23,1345.0,1345.0,1295.0,1335.0,215419.0,19987856.0,0.0,147001920.0,7255360.0,19812736.0,0.0,121735416.0,32696980.0,174245140.0,0
2022-09-26,1330.0,1330.0,1240.0,1280.0,363625.0,35573370.0,0.0,222124420.0,25843976.0,35240580.0,0.0,200870770.0,47430420.0,283541760.0,0
2022-09-27,1265.0,1275.0,1240.0,1255.0,240307.0,33762496.0,506000.0,387232160.0,40967770.0,33089684.0,0.0,338224740.0,91154000.0,462468400.0,0
2022-09-28,1245.0,1255.0,1170.0,1190.0,460699.0,12811960.0,0.0,218846320.0,70323910.0,12524250.0,0.0,235329460.0,54128490.0,301982200.0,0
2022-09-29,1200.0,1230.0,1185.0,1190.0,178374.0,28302184.0,0.0,410535400.0,111965300.0,27929460.0,0.0,459180350.0,63693084.0,550802900.0,0
2022-09-30,1180.0,1200.0,1165.0,1180.0,237267.0,7619605.0,0.0,177176100.0,30692120.0,7384950.0,0.0,181799500.0,26303376.0,215487820.0,0
2022-10-04,1205.0,1220.0,1200.0,1215.0,95407.0,15269545.0,0.0,232593900.0,32207870.0,14990335.0,0.0,236146220.0,28934764.0,280071330.0,0
2022-10-05,1230.0,1240.0,1200.0,1215.0,151231.0,11952215.0,0.0,78599990.0,25074160.0,18178176.0,0.0,89186740.0,8261450.0,115626370.0,0
2022-10-06,1215.0,1240.0,1215.0,1230.0,303004.0,11835495.0,0.0,161813680.0,10855660.0,4875380.0,0.0,101840640.0,77788820.0,184504830.0,0
2022-10-07,1225.0,1240.0,1215.0,1225.0,222547.0,19630690.0,1230.0,294707740.0,58464316.0,19614820.0,0.0,335398370.0,17790796.0,372804000.0,0
2022-10-11,1215.0,1220.0,1165.0,1180.0,522257.0,15416640.0,0.0,195609070.0,61714010.0,15539025.0,0.0,217099970.0,40100736.0,272739700.0,0
2022-10-12,1175.0,1180.0,1150.0,1165.0,216343.0,45262064.0,0.0,558059460.0,9361160.0,45140064.0,32441284.0,438750460.0,96350860.0,612682700.0,0
2022-10-13,1170.0,1175.0,1120.0,1120.0,452783.0,11135920.0,0.0,221422100.0,18661420.0,10804900.0,1160.0,213318610.0,27094770.0,251219440.0,0
2022-10-14,1155.0,1160.0,1135.0,1160.0,492348.0,42368976.0,0.0,448714880.0,20953360.0,42724216.0,0.0,419932500.0,49380470.0,512037220.0,0
2022-10-17,1140.0,1175.0,1135.0,1175.0,208725.0,26818970.0,0.0,396489920.0,142320960.0,36267964.0,0.0,505923330.0,23438564.0,565629800.0,0
2022-10-18,1185.0,1220.0,1180.0,1210.0,129734.0,23566690.0,2030310.0,108460490.0,107767570.0,15816880.0,14296275.0,200330530.0,11381380.0,241825060.0,0
2022-10-19,1210.0,1225.0,1200.0,1210.0,134994.0,15609385.0,0.0,95241150.0,44898104.0,15470415.0,0.0,103534530.0,36743700.0,155748640.0,0
2022-10-20,1210.0,1210.0,1180.0,1200.0,93795.0,12796795.0,0.0,138217390.0,12706750.0,13385520.0,1205.0,119933710.0,30400496.0,163720930.0,0
2022-10-21,1190.0,1195.0,1165.0,1170.0,168401.0,5359720.0,0.0,94314630.0,11797305.0,4715660.0,0.0,87823080.0,18932920.0,111471660.0,0
2022-10-24,1185.0,1190.0,1170.0,1175.0,166877.0,11579785.0,0.0,172399200.0,13849700.0,10639710.0,0.0,147132460.0,40056504.0,197828690.0,0
2022-10-25,1185.0,1190.0,1160.0,1180.0,136800.0,11467495.0,0.0,171328060.0,14061335.0,10659270.0,0.0,121125390.0,65072236.0,196856900.0,0
2022-10-26,1180.0,1180.0,1155.0,1165.0,163957.0,9064470.0,0.0,108645970.0,42886776.0,9735610.0,49660576.0,64508280.0,36692744.0,160597220.0,0
2022-10-27,1165.0,1205.0,1160.0,1185.0,303285.0,13437230.0,0.0,159818990.0,18496396.0,13545035.0,0.0,133257820.0,44949764.0,191752620.0,0
2022-10-28,1185.0,1190.0,1170.0,1175.0,69150.0,24460670.0,0.0,230133760.0,104556530.0,24160456.0,0.0,325521540.0,9468980.0,359150940.0,0
2022-10-31,1185.0,1190.0,1170.0,1180.0,104113.0,8377980.0,0.0,73045020.0,145560.0,7396625.0,0.0,63518260.0,10653680.0,81568570.0,0
2022-11-01,1185.0,1210.0,1180.0,1200.0,139929.0,8318340.0,1500210.0,108841990.0,4063485.0,12272390.0,0.0,81474530.0,28977104.0,122724024.0,0
2022-11-02,1195.0,1210.0,1190.0,1195.0,42703.0,4962495.0,0.0,112184310.0,50027696.0,9339725.0,0.0,130402680.0,27432096.0,167174500.0,0
2022-11-03,1185.0,1185.0,1170.0,1180.0,109769.0,2112020.0,0.0,48395144.0,622800.0,2220940.0,0.0,33869636.0,15039390.0,51129964.0,0
2022-11-04,1170.0,1180.0,1165.0,1180.0,93682.0,12206385.0,0.0,114783780.0,2067080.0,12596790.0,0.0,82335310.0,34125136.0,129057240.0,0
2022-11-07,1180.0,1200.0,1180.0,1200.0,68617.0,5796320.0,0.0,101224930.0,2526030.0,2456745.0,0.0,65740870.0,41349664.0,109547280.0,0
2022-11-08,1200.0,1215.0,1195.0,1200.0,272096.0,29880.0,0.0,65327664.0,16374430.0,5661840.0,0.0,74158210.0,1911925.0,81731976.0,0
2022-11-09,1215.0,1235.0,1205.0,1220.0,187246.0,18695570.0,0.0,261341760.0,48371476.0,20180116.0,0.0,159676050.0,148552640.0,328408800.0,0
2022-11-10,1215.0,1225.0,1205.0,1220.0,124431.0,19319884.0,0.0,195959440.0,13302580.0,20516930.0,0.0,201874420.0,6190560.0,228581900.0,0
2022-11-11,1255.0,1255.0,1230.0,1240.0,257265.0,8457830.0,3664640.0,128881350.0,10286115.0,9512650.0,0.0,97410530.0,44366756.0,151289940.0,0
2022-11-14,1250.0,1260.0,1235.0,1245.0,151199.0,20254410.0,0.0,295223200.0,3449135.0,20861704.0,0.0,238227890.0,59837140.0,318926720.0,0
2022-11-15,1245.0,1295.0,1240.0,1270.0,528225.0,18618180.0,0.0,144456270.0,25372720.0,18594130.0,0.0,141084600.0,28768444.0,188447170.0,0
2022-11-16,1275.0,1290.0,1260.0,1270.0,212816.0,60363290.0,0.0,536524260.0,73946270.0,57013096.0,0.0,578653440.0,35167284.0,670833800.0,0
2022-11-17,1275.0,1285.0,1265.0,1275.0,167243.0,12234770.0,6391100.0,242096370.0,9237420.0,99586780.0,0.0,103747784.0,66625090.0,269959650.0,0
2022-11-18,1275.0,1305.0,1270.0,1270.0,286891.0,24029010.0,12821080.0,169217330.0,6620440.0,22090790.0,0.0,173964620.0,16632445.0,212687860.0,0
2022-11-21,1270.0,1275.0,1240.0,1255.0,166922.0,19318680.0,0.0,324592100.0,24033030.0,20549756.0,0.0,336307230.0,11086810.0,367943800.0,0
2022-11-22,1240.0,1270.0,1240.0,1250.0,113791.0,11538045.0,0.0,182304660.0,15328510.0,9035540.0,0.0,153969340.0,46166336.0,209171220.0,0
2022-11-23,1265.0,1270.0,1250.0,1270.0,111861.0,11412065.0,0.0,105859570.0,25834276.0,15050990.0,0.0,112228060.0,15826850.0,143105900.0,0
2022-11-24,1275.0,1300.0,1265.0,1285.0,136723.0,24224664.0,0.0,86586970.0,30173900.0,11150275.0,0.0,127135430.0,2699830.0,140985540.0,0
2022-11-25,1285.0,1285.0,1265.0,1275.0,51629.0,13814680.0,0.0,145036560.0,16743675.0,16780416.0,0.0,157226320.0,1588180.0,175594910.0,0
2022-11-28,1275.0,1290.0,1260.0,1270.0,117697.0,6511185.0,0.0,57827000.0,1402500.0,6932615.0,0.0,47514556.0,11293515.0,65740684.0,0
2022-11-29,1270.0,1285.0,1255.0,1280.0,33013.0,9870040.0,0.0,135124580.0,4583880.0,9179740.0,0.0,95992900.0,44405856.0,149578500.0,0
2022-11-30,1270.0,1300.0,1270.0,1300.0,194327.0,5753465.0,7625000.0,23366700.0,5348220.0,7246455.0,0.0,30779656.0,4067275.0,42093384.0,0
2022-12-01,1310.0,1440.0,1310.0,1330.0,1352821.0,26993324.0,12900000.0,161824750.0,49133116.0,23175630.0,0.0,227675550.0,0.0,250851180.0,0
2022-12-02,1335.0,1360.0,1325.0,1330.0,311676.0,116268150.0,0.0,1597680900.0,108430980.0,80009190.0,0.0,1518425700.0,223945090.0,1822380000.0,0
2022-12-05,1340.0,1355.0,1335.0,1350.0,191537.0,30017704.0,0.0,331656300.0,56238430.0,38962444.0,0.0,374214460.0,4735520.0,417912420.0,0
2022-12-06,1350.0,1360.0,1330.0,1340.0,133782.0,24449600.0,0.0,226652270.0,6604730.0,25059230.0,0.0,215543780.0,17103600.0,257706600.0,0
2022-12-07,1330.0,1345.0,1315.0,1340.0,105652.0,13121665.0,13514615.0,151653000.0,1311275.0,16095305.0,0.0,136748510.0,26756730.0,179600540.0,0
2022-12-08,1340.0,1350.0,1320.0,1330.0,79236.0,7554685.0,0.0,130215350.0,3104690.0,6861775.0,0.0,101909144.0,32103810.0,140874740.0,0
2022-12-09,1335.0,1345.0,1325.0,1345.0,139946.0,4763495.0,0.0,100430500.0,163090.0,3675695.0,0.0,67439730.0,34241660.0,105357080.0,0
2022-12-12,1345.0,1345.0,1325.0,1330.0,80938.0,3088765.0,40050.0,166105170.0,17327104.0,3627055.0,0.0,179913540.0,3020500.0,186561090.0,0
2022-12-13,1345.0,1365.0,1335.0,1335.0,160266.0,4727300.0,0.0,83948130.0,19231124.0,3062155.0,0.0,103767450.0,1076950.0,107906550.0,0
2022-12-14,1345.0,1355.0,1335.0,1350.0,159937.0,18304024.0,0.0,175390270.0,21518036.0,8079340.0,0.0,204903000.0,2229990.0,215212340.0,0
2022-12-15,1350.0,1350.0,1340.0,1345.0,62600.0,8470205.0,0.0,181242820.0,25660820.0,9353575.0,0.0,205565810.0,454450.0,215373840.0,0
2022-12-16,1330.0,1345.0,1330.0,1335.0,47777.0,5863205.0,0.0,71644600.0,6691375.0,7190370.0,0.0,77008810.0,0.0,84199180.0,0
2022-12-19,1335.0,1335.0,1315.0,1325.0,79130.0,3074510.0,0.0,60590624.0,41385.0,2144525.0,134000.0,58553004.0,2874990.0,63706520.0,0
2022-12-20,1325.0,1325.0,1280.0,1295.0,254380.0,8067565.0,0.0,89277260.0,7318165.0,4136650.0,0.0,97183710.0,3342625.0,104662990.0,0
2022-12-21,1300.0,1310.0,1285.0,1290.0,49432.0,20845664.0,0.0,302184300.0,10124850.0,36226400.0,0.0,290485100.0,6443325.0,333154800.0,0
2022-12-22,1295.0,1305.0,1290.0,1305.0,68027.0,4519315.0,2590.0,59049320.0,451495.0,4500470.0,0.0,50756930.0,8765320.0,64022720.0,0
2022-12-23,1305.0,1320.0,1285.0,1295.0,178612.0,2490420.0,10400.0,69899700.0,15834755.0,3354485.0,260000.0,83637990.0,982795.0,88235270.0,0
2022-12-26,1295.0,1315.0,1295.0,1310.0,58503.0,6371040.0,0.0,219667650.0,5420025.0,6605215.0,0.0,213570720.0,11282780.0,231458720.0,0
2022-12-27,1310.0,1350.0,1300.0,1330.0,440738.0,4930045.0,2630.0,71344584.0,145410.0,6069115.0,0.0,50083684.0,20269870.0,76422670.0,0
2022-12-28,1315.0,1330.0,1280.0,1330.0,264922.0,24230110.0,3945.0,383224350.0,176273810.0,20076784.0,0.0,559188030.0,4467385.0,583732200.0,0
2022-12-29,1310.0,1315.0,1280.0,1285.0,147905.0,71632830.0,3855.0,266969000.0,5239985.0,44806264.0,0.0,233900300.0,65139084.0,343845660.0,0
2023-01-02,1285.0,1295.0,1225.0,1240.0,256587.0,4383340.0,7770.0,186385400.0,32225.0,4200405.0,0.0,102995330.0,83613010.0,190808740.0,0
2023-01-03,1220.0,1255.0,1210.0,1245.0,132204.0,1790410.0,380940.0,277736600.0,40017230.0,0.0,0.0,282341200.0,37584020.0,319925200.0,0
2023-01-04,1230.0,1255.0,1230.0,1250.0,49391.0,2209795.0,6289850.0,134419570.0,19939716.0,1052060.0,0.0,89440810.0,72366060.0,162858930.0,0
2023-01-05,1250.0,1260.0,1215.0,1220.0,342767.0,21185.0,0.0,51511990.0,9878945.0,2456535.0,0.0,50355156.0,8600430.0,61412120.0,0
2023-01-06,1215.0,1240.0,1215.0,1240.0,109860.0,21300.0,1240.0,386940640.0,33543150.0,316265730.0,1986160.0,84984120.0,17270324.0,420506340.0,0
2023-01-09,1245.0,1275.0,1245.0,1270.0,189543.0,17180.0,0.0,101293550.0,33822196.0,15615800.0,0.0,118939500.0,577630.0,135132930.0,0
2023-01-10,1270.0,1280.0,1260.0,1270.0,76728.0,0.0,7620.0,183528460.0,55391676.0,1040130.0,0.0,234811400.0,3076240.0,238927760.0,0
2023-01-11,1275.0,1280.0,1265.0,1275.0,55950.0,9515230.0,3825.0,77688550.0,10236320.0,85090.0,0.0,86306970.0,11051870.0,97443930.0,0
2023-01-12,1275.0,1280.0,1265.0,1275.0,190873.0,269025.0,0.0,58783024.0,12108860.0,0.0,0.0,68775520.0,2385390.0,71160910.0,0
2023-01-13,1275.0,1290.0,1275.0,1280.0,67463.0,159375.0,7650.0,201692240.0,40684964.0,0.0,0.0,242509810.0,34420.0,242544220.0,0
2023-01-16,1290.0,1310.0,1280.0,1300.0,103935.0,11520.0,2560.0,83356270.0,3101015.0,243215.0,0.0,86127030.0,101120.0,86471370.0,0
2023-01-17,1300.0,1310.0,1290.0,1300.0,82390.0,0.0,1305.0,128764250.0,6460835.0,227500.0,0.0,134214270.0,784615.0,135226380.0,0
2023-01-18,1300.0,1330.0,1290.0,1300.0,272265.0,0.0,13050.0,100493410.0,6653080.0,170300.0,0.0,96960140.0,10029095.0,107159540.0,0
2023-01-19,1310.0,1310.0,1285.0,1310.0,75494.0,106600.0,6545.0,248579330.0,107371920.0,256100.0,1325.0,346429570.0,9377395.0,356064400.0,0
2023-01-20,1310.0,1320.0,1295.0,1310.0,54828.0,0.0,1290.0,90884180.0,7042480.0,49780.0,0.0,96279610.0,1598560.0,97927950.0,0
2023-01-25,1310.0,1325.0,1307.0,1308.0,133737.0,1118740.0,9135.0,63079440.0,7204175.0,60260.0,0.0,69787540.0,1563695.0,71411490.0,0
2023-01-26,1309.0,1325.0,1309.0,1320.0,107848.0,7851287.0,0.0,158840270.0,8619495.0,6117692.0,0.0,167802130.0,1391226.0,175311060.0,0
2023-01-27,1320.0,1326.0,1318.0,1322.0,103431.0,0.0,5289.0,125680720.0,16293859.0,1824544.0,5280.0,139443840.0,706200.0,141979870.0,0
2023-01-30,1322.0,1328.0,1313.0,1320.0,159849.0,249720.0,2648.0,118363420.0,18086228.0,197098.0,0.0,127867040.0,8637884.0,136702020.0,0
2023-01-31,1308.0,1318.0,1308.0,1312.0,114262.0,167640.0,0.0,188028430.0,22537384.0,366966.0,0.0,181036700.0,29329792.0,210733460.0,0
2023-02-01,1312.0,1320.0,1311.0,1313.0,82597.0,5983439.0,11810.0,119672040.0,24248678.0,6023442.0,0.0,142112620.0,1779895.0,149915970.0,0
2023-02-02,1319.0,1344.0,1315.0,1341.0,207988.0,1313.0,1313.0,97039864.0,11506814.0,14443.0,0.0,104056184.0,4478677.0,108549304.0,0
2023-02-03,1342.0,1343.0,1320.0,1327.0,235020.0,10976923.0,17201.0,229257060.0,37151376.0,14751.0,15448849.0,256799200.0,5139757.0,277402560.0,0
2023-02-06,1332.0,1332.0,1314.0,1331.0,108769.0,5957966.0,1325.0,290438940.0,15352146.0,143922770.0,1343.0,140694600.0,27131676.0,311750400.0,0
2023-02-07,1331.0,1335.0,1319.0,1324.0,66597.0,22300368.0,7992.0,113278110.0,8754064.0,13731543.0,0.0,100728030.0,29880952.0,144340530.0,0
2023-02-08,1322.0,1341.0,1321.0,1328.0,27643.0,1463014.0,13240.0,84944900.0,1659571.0,27735108.0,0.0,59202020.0,1143594.0,88080720.0,0
2023-02-09,1329.0,1333.0,1324.0,1332.0,92586.0,1519232.0,1326.0,30334250.0,4773524.0,0.0,0.0,33861330.0,2767004.0,36628332.0,0
2023-02-10,1332.0,1340.0,1326.0,1329.0,98852.0,8562717.0,6655.0,98193656.0,16265281.0,0.0,0.0,121415530.0,1612778.0,123028300.0,0
2023-02-13,1329.0,1329.0,1324.0,1328.0,41665.0,18762836.0,5324.0,109921864.0,2888075.0,3997.0,0.0,119166180.0,12407925.0,131578100.0,0
2023-02-14,1327.0,1337.0,1327.0,1330.0,46234.0,11406209.0,10624.0,42211824.0,1624966.0,0.0,0.0,48756460.0,6497164.0,55253624.0,0
2023-02-15,1330.0,1330.0,1302.0,1306.0,130819.0,6007088.0,2665.0,52876360.0,2665054.0,6058150.0,0.0,55086850.0,406171.0,61551170.0,0
2023-02-16,1306.0,1325.0,1299.0,1305.0,127509.0,0.0,43204.0,172111900.0,0.0,33956.0,0.0,120366480.0,51754684.0,172155120.0,0
2023-02-17,1305.0,1315.0,1305.0,1307.0,40792.0,7411207.0,2642.0,146185340.0,13138410.0,6509114.0,0.0,124169310.0,36059170.0,166737600.0,0
2023-02-20,1307.0,1327.0,1304.0,1320.0,234316.0,1792213.0,7884.0,47537100.0,4045524.0,2076503.0,0.0,43778016.0,7528202.0,53382720.0,0
2023-02-21,1325.0,1326.0,1314.0,1323.0,85868.0,61955100.0,9163.0,211193810.0,34458828.0,62427532.0,0.0,243853150.0,1336223.0,307616900.0,0
2023-02-22,1323.0,1324.0,1307.0,1313.0,76722.0,55967852.0,544251.0,35639296.0,21274848.0,21911552.0,0.0,86748930.0,4765764.0,113426250.0,0
2023-02-23,1313.0,1322.0,1309.0,1316.0,93168.0,23009092.0,7880.0,61020176.0,16698289.0,17043820.0,0.0,76021340.0,7670273.0,100735440.0,0
2023-02-24,1329.0,1330.0,1300.0,1304.0,172860.0,5542629.0,12664821.0,100065950.0,4344083.0,3041121.0,0.0,115417110.0,4159251.0,122617490.0,0
2023-02-27,1304.0,1322.0,1286.0,1300.0,164040.0,37247092.0,19590.0,171667420.0,17811436.0,23511476.0,0.0,148952690.0,54281380.0,226745550.0,0
2023-02-28,1300.0,1313.0,1295.0,1301.0,47690.0,25108444.0,15518.0,152822850.0,35215600.0,18138858.0,0.0,155077470.0,39946090.0,213162420.0,0
2023-03-02,1290.0,1299.0,1280.0,1287.0,142992.0,1405394.0,0.0,58078856.0,2547771.0,4709046.0,0.0,54937268.0,2385707.0,62032020.0,0
2023-03-03,1290.0,1292.0,1279.0,1282.0,82640.0,35548024.0,149436.0,132628460.0,15827030.0,38237996.0,0.0,130074030.0,15840931.0,184152960.0,0
2023-03-06,1283.0,1288.0,1277.0,1284.0,33043.0,10796478.0,1290684.0,87353600.0,6565887.0,31416132.0,0.0,50721736.0,23868780.0,106006650.0,0
2023-03-07,1290.0,1290.0,1265.0,1273.0,228575.0,4570142.0,6440.0,37121870.0,703632.0,1283.0,0.0,31171396.0,11229407.0,42402090.0,0
2023-03-08,1272.0,1272.0,1260.0,1262.0,135198.0,34705376.0,5139535.0,240950990.0,10099443.0,119106940.0,36686412.0,111346830.0,23755158.0,290895360.0,0
2023-03-09,1262.0,1271.0,1258.0,1270.0,48163.0,13882.0,5682259.0,164279500.0,812630.0,0.0,0.0,158407060.0,12381217.0,170788270.0,0
2023-03-10,1269.0,1269.0,1249.0,1259.0,118124.0,11768238.0,3801.0,48714548.0,446767.0,4534622.0,0.0,46544520.0,9854210.0,60933350.0,0
2023-03-13,1245.0,1250.0,1216.0,1224.0,226546.0,8167717.0,13499657.0,125091180.0,1472157.0,5688860.0,0.0,103646480.0,38895370.0,148230720.0,0
2023-03-14,1220.0,1220.0,1194.0,1194.0,184444.0,20045452.0,23267.0,240744160.0,16785560.0,27677272.0,0.0,175422700.0,74498480.0,277598430.0,0
2023-03-15,1195.0,1213.0,1195.0,1199.0,179206.0,19385340.0,6534899.0,193976830.0,1852792.0,23015816.0,839300.0,116051064.0,81843680.0,221749860.0,0
2023-03-16,1199.0,1204.0,1182.0,1199.0,143927.0,49647400.0,6011209.0,120859520.0,38943236.0,49628270.0,0.0,160623230.0,5209856.0,215461360.0,0
2023-03-17,1208.0,1230.0,1195.0,1227.0,186602.0,16717066.0,5213500.0,146767330.0,2452291.0,16668438.0,0.0,130542210.0,23939532.0,171150180.0,0
2023-03-20,1221.0,1232.0,1216.0,1226.0,83410.0,41352308.0,4871.0,121989860.0,61646984.0,41481680.0,0.0,179248530.0,4263801.0,224994020.0,0
2023-03-21,1226.0,1250.0,1194.0,1209.0,329774.0,17361382.0,0.0,63890470.0,20992180.0,14869023.0,0.0,78758710.0,8616295.0,102244030.0,0
2023-03-22,1209.0,1219.0,1209.0,1216.0,59896.0,49050690.0,43842530.0,240157860.0,68959080.0,237346300.0,0.0,141310450.0,23353404.0,402010140.0,0
2023-03-23,1209.0,1216.0,1198.0,1202.0,74263.0,7302.0,12160.0,61077556.0,11678247.0,6692365.0,0.0,42988750.0,23094148.0,72775260.0,0
2023-03-24,1202.0,1225.0,1198.0,1215.0,60683.0,14794707.0,5040400.0,64015824.0,5637601.0,10157158.0,0.0,52239816.0,27091556.0,89488530.0,0
2023-03-27,1202.0,1220.0,1199.0,1215.0,62404.0,3290126.0,5498596.0,58219520.0,6454958.0,7397906.0,0.0,45984212.0,20081082.0,73463200.0,0
2023-03-28,1215.0,1224.0,1210.0,1220.0,47858.0,6213974.0,10575570.0,38743916.0,19561830.0,6359955.0,0.0,57299844.0,11435489.0,75095290.0,0
2023-03-29,1214.0,1232.0,1212.0,1230.0,36578.0,9035631.0,15776.0,37797190.0,11377809.0,6653353.0,2734230.0,43430410.0,5408418.0,58226410.0,0
2023-03-30,1230.0,1238.0,1226.0,1229.0,60238.0,2361020.0,67500.0,37110356.0,5281994.0,3629808.0,0.0,37262804.0,3928258.0,44820868.0,0
2023-03-31,1229.0,1244.0,1227.0,1236.0,178109.0,11631844.0,2470.0,56201850.0,6329874.0,6190704.0,0.0,64784268.0,3191067.0,74166040.0,0
2023-04-03,1239.0,1242.0,1228.0,1239.0,28566.0,39342930.0,135950.0,160194720.0,20352208.0,31928828.0,12410.0,170370530.0,17714030.0,220025810.0,0
2023-04-04,1240.0,1241.0,1232.0,1241.0,80368.0,540501.0,0.0,29726516.0,4975419.0,7376453.0,0.0,21844760.0,6021221.0,35242436.0,0
2023-04-05,1241.0,1244.0,1234.0,1237.0,56619.0,16223562.0,9894607.0,55494000.0,17725078.0,16591232.0,1981000.0,76889990.0,3875020.0,99337250.0,0
2023-04-06,1237.0,1237.0,1221.0,1228.0,70518.0,2867728.0,44546.0,53041410.0,14056901.0,2600315.0,0.0,65869136.0,1541132.0,70010584.0,0
2023-04-07,1223.0,1228.0,1217.0,1224.0,123350.0,272750.0,3348377.0,75720850.0,7260129.0,101913.0,0.0,59926240.0,26573956.0,86602104.0,0
2023-04-10,1228.0,1228.0,1210.0,1213.0,91054.0,4180464.0,4887088.0,119194430.0,22275012.0,4254876.0,73560.0,140462850.0,5745717.0,150537000.0,0
2023-04-11,1212.0,1222.0,1200.0,1222.0,94378.0,4403398.0,6114279.0,88842150.0,11117844.0,9571798.0,388600.0,80294024.0,20223248.0,110477670.0,0
2023-04-12,1214.0,1227.0,1214.0,1221.0,65815.0,12373846.0,16387600.0,54612230.0,30777572.0,22521920.0,972300.0,85588230.0,5068801.0,114151250.0,0
2023-04-13,1222.0,1229.0,1214.0,1225.0,160984.0,0.0,14795932.0,44976584.0,20644640.0,405372.0,721150.0,78072970.0,1217665.0,80417150.0,0
2023-04-14,1228.0,1231.0,1224.0,1226.0,126730.0,23275.0,35447990.0,93977600.0,66829560.0,589320.0,1260800.0,189540860.0,4887450.0,196278430.0,0
2023-04-17,1227.0,1241.0,1226.0,1240.0,279802.0,0.0,4912.0,133045990.0,22477456.0,787286.0,0.0,153195150.0,1545924.0,155528350.0,0
2023-04-18,1234.0,1282.0,1234.0,1263.0,354542.0,16134486.0,12685090.0,277130400.0,38939492.0,16646783.0,1416477.0,203954720.0,122871496.0,344889470.0,0
2023-04-19,1263.0,1283.0,1263.0,1277.0,137269.0,27153016.0,25227284.0,359626000.0,35736684.0,29380488.0,12164376.0,397270720.0,8927384.0,447742980.0,0
2023-04-20,1277.0,1280.0,1255.0,1255.0,154663.0,1436344.0,16452.0,167272350.0,6397413.0,1903134.0,0.0,166768830.0,6450596.0,175122580.0,0
2023-04-21,1255.0,1260.0,1239.0,1242.0,77272.0,25167316.0,14208940.0,156837440.0,289770.0,18781630.0,0.0,145348130.0,32373696.0,196503460.0,0
2023-04-24,1242.0,1242.0,1214.0,1229.0,128252.0,17438240.0,1738326.0,67900264.0,9079773.0,19764928.0,0.0,72852470.0,3539208.0,96156610.0,0
2023-04-25,1221.0,1227.0,1198.0,1213.0,172002.0,7571963.0,14804154.0,134292860.0,636794.0,8125858.0,0.0,117740630.0,31439280.0,157305780.0,0
2023-04-26,1212.0,1218.0,1199.0,1204.0,79802.0,2224577.0,29111418.0,175917060.0,201537.0,22531456.0,22680228.0,107582420.0,54660484.0,207454580.0,0
2023-04-27,1204.0,1210.0,1197.0,1202.0,123984.0,11590566.0,13021715.0,60883624.0,10812012.0,11844533.0,0.0,77131360.0,7332020.0,96307920.0,0
2023-04-28,1204.0,1213.0,1200.0,1208.0,94143.0,16828076.0,22830208.0,95493420.0,13768252.0,16797044.0,11988123.0,108299496.0,11835295.0,148919950.0,0
2023-05-02,1203.0,1214.0,1201.0,1211.0,102886.0,24871984.0,5059710.0,68112024.0,15290737.0,24373564.0,0.0,83716120.0,5244768.0,113334456.0,0
2023-05-03,1206.0,1236.0,1206.0,1220.0,102330.0,10172537.0,4339285.0,57489852.0,52149570.0,12054519.0,0.0,94515416.0,17581306.0,124151240.0,0
2023-05-04,1220.0,1231.0,1220.0,1222.0,34311.0,20531408.0,8685512.0,76718190.0,19317600.0,11278730.0,0.0,110441990.0,3531987.0,125252710.0,0
2023-05-08,1217.0,1230.0,1217.0,1223.0,58516.0,28106.0,0.0,40136744.0,1939446.0,2497212.0,0.0,32751038.0,6856047.0,42104296.0,0
2023-05-09,1219.0,1240.0,1219.0,1234.0,130909.0,3182396.0,0.0,63362376.0,5092823.0,3844136.0,3057623.0,52791156.0,11944679.0,71637590.0,0
2023-05-10,1234.0,1263.0,1234.0,1258.0,176272.0,912529.0,0.0,152988750.0,6951282.0,971262.0,0.0,157625500.0,2255797.0,160852560.0,0
2023-05-11,1260.0,1270.0,1254.0,1260.0,73388.0,12680040.0,0.0,159107170.0,48586504.0,12518679.0,0.0,195857120.0,11997917.0,220373710.0,0
2023-05-12,1251.0,1270.0,1241.0,1241.0,60599.0,2830102.0,16249562.0,72521000.0,1119227.0,745593.0,618585.0,79303620.0,12052095.0,92719896.0,0
2023-05-15,1242.0,1243.0,1229.0,1232.0,60557.0,3317876.0,12530.0,72103030.0,309960.0,6946395.0,0.0,50057944.0,18739054.0,75743390.0,0
2023-05-16,1219.0,1233.0,1216.0,1222.0,41950.0,11460134.0,2976640.0,57504160.0,2746430.0,11318778.0,0.0,48792564.0,14576021.0,74687360.0,0
2023-05-17,1225.0,1227.0,1217.0,1224.0,43929.0,45220.0,2150256.0,48966056.0,18289.0,1744014.0,0.0,37951200.0,11484605.0,51179820.0,0
2023-05-18,1225.0,1227.0,1223.0,1227.0,93178.0,41616.0,0.0,53606656.0,20791.0,6468370.0,0.0,34398530.0,12802167.0,53669064.0,0
2023-05-19,1227.0,1235.0,1226.0,1229.0,63278.0,13497.0,0.0,113944450.0,152004.0,0.0,0.0,106040560.0,8069385.0,114109944.0,0
2023-05-22,1229.0,1234.0,1224.0,1233.0,111813.0,159889.0,1230000.0,73459410.0,2976430.0,0.0,0.0,74545830.0,3279889.0,77825730.0,0
2023-05-23,1233.0,1240.0,1228.0,1232.0,216387.0,12380162.0,16180200.0,88249060.0,20446620.0,12464700.0,0.0,124313350.0,477983.0,137256030.0,0
2023-05-24,1232.0,1236.0,1231.0,1232.0,37566.0,23752752.0,4465299.0,185060740.0,53325830.0,24239072.0,0.0,241910880.0,454678.0,266604620.0,0
2023-05-25,1232.0,1237.0,1230.0,1230.0,45015.0,24640.0,5287183.0,40725468.0,256264.0,33264.0,0.0,35642580.0,10617709.0,46293550.0,0
2023-05-26,1231.0,1233.0,1225.0,1226.0,57624.0,157441.0,9119330.0,46151856.0,89887.0,13530.0,0.0,34971150.0,20533828.0,55518510.0,0
2023-05-30,1228.0,1229.0,1223.0,1229.0,79276.0,6130.0,12391200.0,58352536.0,0.0,760144.0,0.0,43886664.0,26103056.0,70749864.0,0
2023-05-31,1228.0,1236.0,1224.0,1233.0,88159.0,3251480.0,5531775.0,88456970.0,0.0,164684.0,0.0,78879980.0,18195560.0,97240220.0,0
2023-06-01,1228.0,1233.0,1228.0,1233.0,42961.0,4182325.0,11349942.0,81397820.0,11509090.0,4604486.0,0.0,96965710.0,6868982.0,108439180.0,0
2023-06-02,1233.0,1236.0,1226.0,1236.0,111775.0,33264.0,10587833.0,36208280.0,6004894.0,242522.0,0.0,46187336.0,6404413.0,52834270.0,0
2023-06-05,1236.0,1241.0,1233.0,1237.0,27342.0,0.0,52342100.0,84610980.0,484382.0,79104.0,0.0,117852750.0,19505600.0,137437460.0,0
2023-06-07,1231.0,1238.0,1230.0,1233.0,182582.0,0.0,2467200.0,30096640.0,1216082.0,82879.0,0.0,25498316.0,8198728.0,33779924.0,0
2023-06-08,1229.0,1235.0,1226.0,1231.0,100449.0,3913860.0,42417300.0,166721090.0,11897980.0,4275561.0,0.0,211565550.0,9109101.0,224950220.0,0
2023-06-09,1231.0,1232.0,1228.0,1231.0,84636.0,60319.0,0.0,121757864.0,1571079.0,73859.0,0.0,114941224.0,8374177.0,123389260.0,0
2023-06-12,1232.0,1237.0,1228.0,1230.0,61523.0,56534.0,3690.0,102627944.0,1408278.0,102133.0,0.0,89914980.0,14079333.0,104096450.0,0
2023-06-13,1230.0,1233.0,1227.0,1232.0,46206.0,0.0,861000.0,71953784.0,2916918.0,183270.0,0.0,58811256.0,16737176.0,75731700.0,0
2023-06-14,1232.0,1233.0,1221.0,1231.0,132294.0,147731.0,0.0,55673424.0,990729.0,88704.0,0.0,46118550.0,10604628.0,56811884.0,0
2023-06-15,1230.0,1231.0,1216.0,1226.0,158652.0,169878.0,610500.0,158740660.0,2457051.0,1301102.0,0.0,107745610.0,52931372.0,161978080.0,0
2023-06-16,1224.0,1228.0,1218.0,1226.0,118523.0,29518.0,1710100.0,191724830.0,286665.0,64971.0,0.0,164229340.0,29456788.0,193751100.0,0
2023-06-19,1223.0,1227.0,1220.0,1223.0,44368.0,66205.0,12164396.0,132228720.0,296479.0,50266.0,0.0,115190530.0,29515008.0,144755790.0,0
2023-06-20,1222.0,1226.0,1219.0,1223.0,129900.0,114995.0,0.0,53668496.0,437072.0,57481.0,0.0,44641116.0,9521965.0,54220560.0,0
2023-06-21,1223.0,1226.0,1219.0,1220.0,105413.0,8568.0,1297100.0,152698610.0,4688387.0,44028.0,0.0,145697060.0,12951586.0,158692670.0,0
2023-06-22,1220.0,1223.0,1217.0,1220.0,120420.0,214734.0,2195100.0,124610840.0,1615268.0,1876360.0,0.0,113889270.0,12870310.0,128635944.0,0
2023-06-23,1220.0,1220.0,1212.0,1215.0,162653.0,17066.0,0.0,144611000.0,2189494.0,54897.0,50020.0,131686840.0,15025813.0,146817570.0,0
2023-06-26,1215.0,1216.0,1206.0,1215.0,63342.0,0.0,5675840.0,191754400.0,0.0,148230.0,1213.0,163207700.0,34073096.0,197430240.0,0
2023-06-27,1211.0,1214.0,1205.0,1209.0,74505.0,292765.0,9694148.0,66631868.0,0.0,47375.0,0.0,61151250.0,15420159.0,76618780.0,0
2023-06-28,1209.0,1214.0,1205.0,1208.0,168701.0,565860.0,1446600.0,87557200.0,400933.0,532448.0,0.0,68282210.0,21155936.0,89970590.0,0
2023-06-29,1208.0,1209.0,1200.0,1202.0,66407.0,58106.0,0.0,201443890.0,2425863.0,2416.0,0.0,167373680.0,36551756.0,203927860.0,0
2023-06-30,1199.0,1204.0,1193.0,1203.0,83603.0,51922.0,720000.0,79158580.0,2402.0,6010.0,0.0,60761656.0,19165232.0,79932900.0,0
2023-07-03,1203.0,1224.0,1199.0,1214.0,64973.0,8180648.0,0.0,87570824.0,4330029.0,8179740.0,0.0,87014504.0,4887260.0,100081500.0,0
2023-07-04,1208.0,1214.0,1202.0,1210.0,37661.0,168646.0,80124.0,53259612.0,24789310.0,127470.0,0.0,70336710.0,7833513.0,78297700.0,0
2023-07-05,1210.0,1214.0,1203.0,1210.0,46194.0,4160999.0,0.0,41286724.0,14447.0,4090864.0,0.0,36455972.0,4915334.0,45462170.0,0
2023-07-06,1210.0,1210.0,1189.0,1197.0,133231.0,80890.0,0.0,55320544.0,342823.0,73670.0,0.0,41260150.0,14410436.0,55744256.0,0
2023-07-07,1197.0,1197.0,1188.0,1197.0,228140.0,3201975.0,3603000.0,151599330.0,742655.0,84987.0,0.0,93549470.0,65512492.0,159146960.0,0
2023-07-10,1192.0,1199.0,1186.0,1198.0,57976.0,3200778.0,0.0,248234600.0,20753276.0,11584688.0,0.0,243583780.0,17020180.0,272188640.0,0
2023-07-11,1205.0,1210.0,1190.0,1204.0,31268.0,2469301.0,0.0,66233852.0,395055.0,2358991.0,0.0,59634016.0,7105201.0,69098210.0,0
2023-07-12,1204.0,1208.0,1194.0,1205.0,48516.0,1501640.0,0.0,35155816.0,946578.0,1679422.0,0.0,25479518.0,10445092.0,37604030.0,0
2023-07-13,1205.0,1209.0,1196.0,1197.0,78331.0,4859141.0,0.0,53316236.0,25116.0,5009287.0,0.0,29595636.0,23595570.0,58200492.0,0
2023-07-14,1201.0,1201.0,1192.0,1196.0,26142.0,7924074.0,0.0,81709300.0,4336553.0,9966473.0,0.0,63070424.0,20933026.0,93969930.0,0
2023-07-17,1196.0,1197.0,1185.0,1190.0,91884.0,1199.0,0.0,30271580.0,936051.0,133991.0,0.0,24524462.0,6550378.0,31208832.0,0
2023-07-18,1188.0,1190.0,1180.0,1180.0,96452.0,2181757.0,714000.0,104925280.0,1293165.0,11205861.0,1186000.0,80345130.0,16377209.0,109114200.0,0
2023-07-19,1177.0,1182.0,1170.0,1171.0,100906.0,3540.0,0.0,113974456.0,5912.0,17801168.0,0.0,55638536.0,40544210.0,113983900.0,0
2023-07-20,1167.0,1170.0,1155.0,1158.0,102419.0,4088614.0,1170500.0,112687240.0,367141.0,3793512.0,0.0,85295300.0,29224684.0,118313496.0,0
2023-07-21,1158.0,1158.0,1140.0,1144.0,156443.0,3468707.0,2090400.0,113335050.0,0.0,3905562.0,0.0,94936110.0,20052482.0,118894160.0,0
2023-07-24,1139.0,1144.0,1113.0,1114.0,271718.0,5277326.0,1145500.0,172561630.0,42328.0,130871.0,0.0,149201220.0,29694694.0,179026780.0,0
2023-07-25,1110.0,1112.0,1082.0,1090.0,296028.0,2111145.0,1701000.0,300420580.0,691624.0,1689504.0,0.0,250229980.0,53004870.0,304924350.0,0
2023-07-26,1089.0,1089.0,1033.0,1065.0,408028.0,6706389.0,879600.0,311617800.0,4876144.0,9964873.0,0.0,275473200.0,38641824.0,324079900.0,0
2023-07-27,1061.0,1104.0,1046.0,1079.0,261396.0,5059757.0,67121110.0,336773500.0,19514840.0,9319366.0,44203344.0,268940300.0,106006190.0,428469220.0,0
2023-07-28,1070.0,1111.0,1070.0,1107.0,117261.0,40471336.0,64523550.0,105267890.0,71362870.0,45201250.0,107466810.0,110481976.0,18475608.0,281625630.0,0
2023-07-31,1110.0,1129.0,1108.0,1124.0,69259.0,7186172.0,2998024.0,107341864.0,10675648.0,7193446.0,0.0,112283830.0,8724428.0,128201710.0,0
2023-08-01,1131.0,1175.0,1124.0,1160.0,198800.0,4707605.0,4495000.0,63888904.0,4541005.0,11063653.0,0.0,64592910.0,1975947.0,77632510.0,0
2023-08-02,1161.0,1165.0,1135.0,1150.0,89227.0,2840070.0,0.0,221806690.0,4742448.0,2478129.0,447433.0,206125300.0,20338342.0,229389200.0,0
2023-08-03,1149.0,1149.0,1122.0,1138.0,79286.0,9876695.0,5750.0,92721430.0,11496.0,9889057.0,11094316.0,78948160.0,2683835.0,102615380.0,0
2023-08-04,1135.0,1138.0,1127.0,1128.0,75269.0,8189383.0,0.0,79503560.0,2145193.0,8030975.0,0.0,80830770.0,976389.0,89838136.0,0
2023-08-07,1128.0,1136.0,1119.0,1127.0,125722.0,2047638.0,9069611.0,73731140.0,305718.0,2010738.0,39168564.0,42084372.0,1890426.0,85154100.0,0
2023-08-08,1127.0,1140.0,1115.0,1125.0,129732.0,6310891.0,28225000.0,76890110.0,30370836.0,6212748.0,51038770.0,81898020.0,2647302.0,141796830.0,0
2023-08-09,1133.0,1133.0,1120.0,1126.0,66900.0,4003810.0,41534470.0,86479660.0,13685185.0,4853924.0,75676420.0,59541184.0,5631606.0,145703120.0,0
2023-08-10,1139.0,1139.0,1122.0,1134.0,69855.0,5923364.0,1128996.0,62539150.0,5849551.0,5877034.0,44664740.0,23823264.0,1076024.0,75441064.0,0
2023-08-11,1134.0,1153.0,1131.0,1139.0,181508.0,7569667.0,10932166.0,53896360.0,6294562.0,37779530.0,0.0,32864116.0,8049109.0,78692750.0,0
2023-08-14,1139.0,1153.0,1131.0,1131.0,91708.0,5843321.0,17193572.0,155336430.0,28848680.0,4006373.0,0.0,181447620.0,21768016.0,207222000.0,0
2023-08-16,1135.0,1135.0,1114.0,1127.0,95737.0,14830.0,114100.0,101379944.0,3012936.0,1370039.0,0.0,95612856.0,7538911.0,104521810.0,0
2023-08-17,1125.0,1125.0,1104.0,1121.0,62882.0,54290436.0,3374999.0,48186052.0,1722762.0,4173845.0,6702.0,89015624.0,14378079.0,107574250.0,0
2023-08-18,1120.0,1135.0,1110.0,1125.0,102743.0,2350430.0,0.0,65031780.0,2534753.0,7250547.0,0.0,54856690.0,7809730.0,69916960.0,0
2023-08-21,1125.0,1132.0,1109.0,1118.0,80252.0,2230.0,53948130.0,59168200.0,2125341.0,116999.0,0.0,95519390.0,19607506.0,115243896.0,0
2023-08-22,1118.0,1118.0,1110.0,1116.0,28452.0,2257654.0,5590000.0,81140600.0,543478.0,3030341.0,0.0,73217736.0,13283657.0,89531736.0,0
2023-08-23,1121.0,1123.0,1112.0,1117.0,35938.0,0.0,0.0,31681938.0,7806.0,25668.0,0.0,25448552.0,6215523.0,31689744.0,0
2023-08-24,1117.0,1125.0,1110.0,1122.0,44466.0,2000061.0,2228700.0,35658880.0,168250.0,2829026.0,0.0,27973676.0,9253186.0,40055890.0,0
2023-08-25,1122.0,1124.0,1118.0,1123.0,22521.0,1920776.0,15122877.0,29620280.0,2989227.0,1902254.0,0.0,34030724.0,13720182.0,49653160.0,0
2023-08-28,1118.0,1132.0,1118.0,1122.0,23508.0,162806.0,0.0,25078880.0,15693.0,5615.0,0.0,24274044.0,977720.0,25257380.0,0
2023-08-29,1123.0,1132.0,1123.0,1131.0,55243.0,56297.0,3674828.0,21112896.0,1537648.0,5610.0,0.0,26376060.0,0.0,26381668.0,0
2023-08-30,1131.0,1134.0,1130.0,1130.0,10318.0,33925.0,0.0,56842096.0,5457082.0,4524.0,0.0,45840012.0,16488569.0,62333104.0,0
2023-08-31,1130.0,1204.0,1130.0,1144.0,274645.0,0.0,1130.0,10073153.0,1593244.0,559350.0,0.0,10782398.0,325779.0,11667527.0,0
2023-09-01,1144.0,1144.0,1133.0,1136.0,62827.0,6318188.0,11995654.0,269014460.0,29976704.0,6354748.0,5720925.0,266130260.0,39099070.0,317305000.0,0
2023-09-04,1128.0,1136.0,1125.0,1131.0,54549.0,115909.0,3514000.0,67445690.0,227866.0,84064.0,1133.0,49976196.0,21242072.0,71303464.0,0
2023-09-05,1125.0,1135.0,1125.0,1135.0,26588.0,141750.0,26744024.0,34749456.0,0.0,480669.0,4605432.0,39895104.0,16654024.0,61635230.0,0
2023-09-06,1139.0,1139.0,1130.0,1135.0,18503.0,1058776.0,13846281.0,14759288.0,394722.0,344280.0,0.0,28395188.0,1319598.0,30059068.0,0
2023-09-07,1129.0,1135.0,1124.0,1128.0,54413.0,178042.0,4879791.0,15861635.0,53259.0,44265.0,0.0,15231443.0,5697019.0,20972728.0,0
2023-09-08,1124.0,1128.0,1122.0,1126.0,27109.0,67779.0,12395450.0,48862424.0,0.0,30456.0,0.0,54817016.0,6478180.0,61325656.0,0
2023-09-11,1124.0,1130.0,1122.0,1129.0,17329.0,46131.0,4271700.0,26154832.0,0.0,19142.0,0.0,26514660.0,3938863.0,30472664.0,0
2023-09-12,1128.0,1140.0,1123.0,1126.0,25988.0,0.0,2133600.0,17287788.0,80856.0,20322.0,0.0,16337514.0,3144408.0,19502244.0,0
2023-09-13,1126.0,1137.0,1121.0,1126.0,32503.0,2043122.0,15712519.0,11513666.0,0.0,1949042.0,0.0,24225324.0,3094940.0,29269308.0,0
2023-09-14,1124.0,1128.0,1120.0,1127.0,27405.0,1368795.0,3036400.0,32070602.0,103654.0,1375327.0,0.0,34811420.0,392703.0,36579452.0,0
2023-09-15,1123.0,1128.0,1120.0,1127.0,31704.0,608040.0,3761900.0,26424836.0,0.0,254524.0,0.0,26580676.0,3959576.0,30794776.0,0
2023-09-18,1123.0,1128.0,1119.0,1121.0,24336.0,57385.0,9818182.0,25636708.0,111177.0,102556.0,0.0,33759824.0,1761072.0,35623452.0,0
2023-09-19,1121.0,1121.0,1110.0,1118.0,51523.0,90806.0,6051400.0,21131304.0,33780.0,28033.0,0.0,25280588.0,1998669.0,27307288.0,0
2023-09-20,1118.0,1118.0,1110.0,1115.0,23262.0,6718482.0,4335900.0,46167356.0,197944.0,4341046.0,0.0,52172940.0,905694.0,57419680.0,0
2023-09-21,1115.0,1116.0,1102.0,1108.0,53765.0,3874204.0,0.0,21879292.0,111000.0,158562.0,0.0,25585676.0,120256.0,25864496.0,0
2023-09-22,1098.0,1112.0,1098.0,1102.0,20747.0,2841056.0,2189210.0,54660692.0,0.0,2279958.0,0.0,55358950.0,2052050.0,59690960.0,0
2023-09-25,1098.0,1102.0,1093.0,1101.0,26760.0,2248842.0,0.0,20199880.0,439004.0,2075128.0,0.0,16233352.0,4579245.0,22887724.0,0
2023-09-26,1096.0,1131.0,1086.0,1096.0,81223.0,188177.0,22975082.0,6100156.0,109500.0,36333.0,0.0,12014377.0,17322204.0,29372916.0,0
2023-09-27,1106.0,1106.0,1090.0,1098.0,34765.0,8190004.0,57998100.0,23111184.0,69411.0,5838080.0,0.0,81620120.0,1910500.0,89368696.0,0
2023-10-04,1098.0,1104.0,1082.0,1095.0,15197.0,526333.0,0.0,36124070.0,1360056.0,6188110.0,0.0,13870798.0,17951556.0,38010464.0,0
2023-10-05,1095.0,1104.0,1040.0,1071.0,29288.0,98154.0,9965712.0,6234745.0,322077.0,13114.0,0.0,15301622.0,1305952.0,16620688.0,0
2023-10-06,1064.0,1090.0,1064.0,1089.0,31561.0,18396.0,0.0,31220176.0,383640.0,82467.0,0.0,22931448.0,8608297.0,31622212.0,0
2023-10-10,1099.0,1099.0,1078.0,1090.0,8067.0,172765.0,17196000.0,16551808.0,0.0,64414.0,0.0,31924670.0,1931489.0,33920572.0,0
2023-10-11,1100.0,1100.0,1082.0,1090.0,10519.0,1409910.0,0.0,7346244.0,4336.0,592335.0,0.0,7610147.0,558008.0,8760490.0,0
2023-10-12,1100.0,1100.0,1087.0,1097.0,4839.0,79818.0,0.0,11163892.0,219264.0,1395865.0,0.0,9238663.0,828446.0,11462974.0,0
2023-10-13,1100.0,1100.0,1085.0,1096.0,3154.0,0.0,0.0,5288428.0,0.0,1097.0,10920.0,4627164.0,649247.0,5288428.0,0
2023-10-16,1083.0,1096.0,1074.0,1078.0,29528.0,10953.0,298375.0,3135523.0,1093.0,0.0,0.0,3126144.0,319800.0,3445944.0,0
2023-10-17,1088.0,1088.0,1078.0,1084.0,14287.0,2144617.0,1940400.0,27721356.0,59455.0,2119559.0,0.0,28955520.0,790749.0,31865828.0,0
2023-10-18,1079.0,1087.0,1077.0,1086.0,17880.0,956050.0,0.0,14475361.0,10810.0,166927.0,0.0,15269874.0,5420.0,15442221.0,0
2023-10-19,1077.0,1090.0,1069.0,1070.0,42979.0,14100.0,7655007.0,10961124.0,681575.0,721065.0,0.0,18227892.0,362850.0,19311806.0,0
2023-10-20,1080.0,1080.0,1047.0,1063.0,75864.0,3595987.0,4287400.0,38233120.0,2159.0,3294745.0,1084.0,42344652.0,478185.0,46118668.0,0
2023-10-23,1045.0,1059.0,1040.0,1050.0,64723.0,4270514.0,6122392.0,69311220.0,314593.0,4317011.0,0.0,75151160.0,550544.0,80018710.0,0
2023-10-24,1055.0,1060.0,1035.0,1054.0,21018.0,5288430.0,0.0,61230430.0,1146538.0,200524.0,0.0,66987450.0,477431.0,67665400.0,0
2023-10-25,1049.0,1056.0,1040.0,1054.0,83297.0,2661969.0,1588000.0,16226860.0,1533150.0,7725435.0,0.0,13831932.0,452612.0,22009980.0,0
2023-10-26,1063.0,1064.0,1032.0,1045.0,43965.0,11565321.0,416000.0,71874310.0,3185805.0,11266610.0,0.0,75747450.0,27379.0,87041440.0,0
2023-10-27,1045.0,1060.0,1030.0,1045.0,36648.0,6414877.0,2772522.0,35719852.0,829340.0,4353318.0,0.0,40614970.0,768308.0,45736590.0,0
2023-10-30,1045.0,1048.0,1030.0,1036.0,79020.0,2141018.0,7315.0,34430530.0,1508169.0,1628439.0,0.0,36455456.0,3135.0,38087030.0,0
2023-10-31,1039.0,1045.0,1026.0,1033.0,35469.0,4106229.0,0.0,77242810.0,309500.0,4523257.0,0.0,75511100.0,1624172.0,81658536.0,0
2023-11-01,1035.0,1045.0,1035.0,1039.0,11930.0,340841.0,410800.0,35599930.0,215538.0,1482261.0,0.0,31941500.0,3143347.0,36567108.0,0
2023-11-02,1034.0,1050.0,1034.0,1043.0,25552.0,34293.0,0.0,12344486.0,1039.0,0.0,0.0,12298567.0,81251.0,12379818.0,0
2023-11-03,1049.0,1049.0,1041.0,1046.0,22465.0,85418.0,0.0,26507248.0,2086.0,62701.0,0.0,26509124.0,22926.0,26594752.0,0
2023-11-06,1053.0,1079.0,1053.0,1070.0,81787.0,13597.0,0.0,23379236.0,50116.0,0.0,0.0,23234148.0,208800.0,23442948.0,0
2023-11-07,1085.0,1086.0,1069.0,1071.0,17604.0,2210743.0,0.0,84949656.0,113218.0,1997181.0,0.0,85168310.0,108124.0,87273620.0,0
2023-11-08,1071.0,1082.0,1070.0,1070.0,21482.0,1362671.0,0.0,16946128.0,614618.0,1398756.0,0.0,17524662.0,0.0,18923418.0,0
2023-11-09,1070.0,1070.0,1062.0,1067.0,11565.0,486780.0,0.0,22287930.0,246447.0,808810.0,0.0,16415412.0,5796935.0,23021156.0,0
2023-11-10,1070.0,1075.0,1066.0,1072.0,9586.0,0.0,319800.0,12014659.0,2133.0,350030.0,105733.0,9246208.0,2634621.0,12336592.0,0
2023-11-13,1083.0,1083.0,1051.0,1055.0,56030.0,2057977.0,0.0,8218517.0,0.0,165088.0,0.0,10054647.0,56759.0,10276494.0,0
2023-11-14,1056.0,1073.0,1055.0,1064.0,8233.0,2013687.0,0.0,56271296.0,983919.0,8670635.0,0.0,41657040.0,8941229.0,59268904.0,0
2023-11-15,1072.0,1075.0,1065.0,1070.0,19433.0,35061.0,0.0,8689144.0,8472.0,195658.0,0.0,7628695.0,908324.0,8732677.0,0
2023-11-16,1070.0,1075.0,1066.0,1070.0,47796.0,654011.0,0.0,20084848.0,10694.0,558286.0,0.0,19921148.0,270121.0,20749554.0,0
2023-11-17,1073.0,1085.0,1071.0,1080.0,40659.0,41730.0,0.0,50997788.0,38478.0,18297098.0,0.0,29747648.0,3033250.0,51077996.0,0
2023-11-20,1080.0,1084.0,1078.0,1081.0,20266.0,0.0,0.0,43679570.0,193233.0,506487.0,0.0,43244628.0,121687.0,43872800.0,0
2023-11-21,1084.0,1094.0,1082.0,1092.0,45086.0,0.0,0.0,21907026.0,0.0,41078.0,853990.0,20092068.0,919890.0,21907026.0,0
2023-11-22,1099.0,1099.0,1085.0,1086.0,14425.0,200008.0,109000.0,48720200.0,2175.0,209565.0,541700.0,47839640.0,440478.0,49031384.0,0
2023-11-23,1096.0,1097.0,1086.0,1086.0,35584.0,254895.0,108700.0,15356216.0,0.0,3063292.0,65580.0,12336896.0,254043.0,15719811.0,0
2023-11-24,1098.0,1098.0,1082.0,1091.0,65775.0,55395.0,1304400.0,37349590.0,0.0,16032704.0,0.0,22624440.0,52245.0,38709388.0,0
2023-11-27,1091.0,1096.0,1084.0,1092.0,17574.0,43640.0,0.0,71033144.0,413245.0,37050416.0,0.0,26746532.0,7693083.0,71490030.0,0
2023-11-28,1085.0,1094.0,1085.0,1092.0,21989.0,7644.0,0.0,17867038.0,1294165.0,0.0,0.0,18466196.0,702650.0,19168848.0,0
2023-11-29,1093.0,1101.0,1089.0,1101.0,65880.0,0.0,0.0,24005488.0,1093.0,67739.0,109200.0,23170504.0,659139.0,24006582.0,0
2023-11-30,1088.0,1107.0,1088.0,1106.0,27410.0,14313.0,0.0,72052570.0,110999.0,0.0,109600.0,71894620.0,173653.0,72177880.0,0
2023-12-01,1106.0,1111.0,1103.0,1110.0,40668.0,17696.0,0.0,30185660.0,3307.0,0.0,110400.0,30096264.0,0.0,30206664.0,0
2023-12-04,1110.0,1118.0,1100.0,1113.0,43103.0,5543.0,0.0,44780708.0,253467.0,0.0,0.0,45033084.0,6636.0,45039720.0,0
2023-12-05,1101.0,1117.0,1101.0,1113.0,36276.0,0.0,0.0,47608880.0,303401.0,8904.0,0.0,47862344.0,41033.0,47912280.0,0
2023-12-06,1110.0,1119.0,1110.0,1118.0,18386.0,2000220.0,0.0,38332976.0,0.0,1909014.0,111400.0,38281610.0,31176.0,40333196.0,0
2023-12-07,1119.0,1123.0,1117.0,1123.0,68961.0,1118.0,0.0,20510392.0,1114.0,1920384.0,111700.0,18183796.0,296742.0,20512624.0,0
2023-12-08,1123.0,1128.0,1114.0,1127.0,33065.0,0.0,0.0,77227090.0,36977.0,10107.0,112100.0,76995280.0,146575.0,77264060.0,0
2023-12-11,1128.0,1128.0,1120.0,1125.0,30505.0,877958.0,0.0,35918564.0,404694.0,0.0,112400.0,37057290.0,31528.0,37201216.0,0
2023-12-12,1128.0,1128.0,1117.0,1121.0,32576.0,167668.0,0.0,34173316.0,0.0,0.0,0.0,34324132.0,16852.0,34340984.0,0
2023-12-13,1120.0,1123.0,1114.0,1120.0,17517.0,85176.0,1123.0,36433844.0,49192.0,1393347.0,0.0,29535164.0,5640823.0,36569336.0,0
2023-12-14,1120.0,1126.0,1115.0,1120.0,20626.0,501825.0,0.0,19086010.0,0.0,0.0,0.0,19556502.0,31333.0,19587836.0,0
2023-12-15,1120.0,1128.0,1109.0,1124.0,46793.0,2783655.0,0.0,20275018.0,0.0,3052524.0,0.0,19586036.0,420112.0,23058672.0,0
2023-12-18,1129.0,1130.0,1117.0,1124.0,24013.0,2416898.0,5604064.0,44201280.0,1116.0,2761390.0,16096532.0,33364312.0,1121.0,52223356.0,0
2023-12-19,1127.0,1127.0,1110.0,1123.0,36080.0,3927063.0,0.0,23031852.0,0.0,3357566.0,537812.0,22973592.0,89945.0,26958914.0,0
2023-12-20,1134.0,1134.0,1113.0,1119.0,32597.0,4449093.0,0.0,35555150.0,229310.0,4914948.0,810691.0,34449560.0,58355.0,40233550.0,0
2023-12-21,1119.0,1124.0,1111.0,1114.0,59363.0,5448854.0,0.0,30941940.0,97678.0,3957200.0,3719852.0,28768750.0,42671.0,36488470.0,0
2023-12-22,1110.0,1120.0,1110.0,1114.0,67858.0,205098.0,0.0,65988690.0,4460.0,1458596.0,5590491.0,59126720.0,22437.0,66198250.0,0
2023-12-26,1114.0,1114.0,1094.0,1094.0,108666.0,520777.0,0.0,74177144.0,708609.0,24734046.0,0.0,50666916.0,5565.0,75406530.0,0
2023-12-27,1092.0,1092.0,1080.0,1089.0,22625.0,3935550.0,1642500.0,113800200.0,74920.0,3422004.0,11003503.0,105026560.0,1109.0,119453176.0,0
2023-12-28,1094.0,1095.0,1084.0,1090.0,29492.0,2750047.0,0.0,21340484.0,465872.0,773694.0,0.0,23720780.0,61928.0,24556404.0,0
2024-01-02,1096.0,1096.0,1075.0,1079.0,56088.0,103550.0,0.0,32006600.0,55713.0,2606464.0,0.0,29170000.0,389399.0,32165864.0,0
2024-01-03,1096.0,1096.0,1073.0,1079.0,118250.0,11009113.0,969000.0,48635904.0,42151.0,7685058.0,0.0,52938644.0,32466.0,60656170.0,0
2024-01-04,1079.0,1088.0,1071.0,1071.0,22188.0,2287798.0,0.0,125097544.0,22534.0,7011948.0,0.0,113518030.0,6877898.0,127407880.0,0
2024-01-05,1081.0,1081.0,1066.0,1071.0,50629.0,6192050.0,0.0,17369922.0,266604.0,6727490.0,0.0,17100012.0,1074.0,23828576.0,0
2024-01-08,1081.0,1081.0,1064.0,1069.0,44246.0,5885011.0,0.0,48242470.0,0.0,6014491.0,0.0,47986250.0,126743.0,54127484.0,0
2024-01-09,1070.0,1073.0,1067.0,1071.0,16748.0,7984710.0,5656600.0,33233132.0,395486.0,9190472.0,0.0,37718788.0,360668.0,47269930.0,0
2024-01-10,1080.0,1080.0,1068.0,1071.0,42323.0,1477980.0,534500.0,15894471.0,6415.0,2047226.0,0.0,15773103.0,93037.0,17913366.0,0
2024-01-11,1080.0,1080.0,1060.0,1065.0,114017.0,11317532.0,0.0,33902450.0,89880.0,11036645.0,0.0,34250710.0,22500.0,45309860.0,0
2024-01-12,1070.0,1071.0,1056.0,1065.0,62608.0,4687937.0,12893700.0,102711110.0,1119758.0,4627621.0,0.0,116783816.0,1065.0,121412504.0,0
2024-01-15,1066.0,1066.0,1055.0,1056.0,65211.0,11157759.0,1057000.0,54117816.0,78929.0,9623834.0,0.0,56120160.0,667513.0,66411504.0,0
2024-01-16,1065.0,1065.0,1051.0,1056.0,39306.0,12324254.0,3165.0,55820840.0,826020.0,13103859.0,0.0,55831096.0,39323.0,68974280.0,0
2024-01-17,1056.0,1056.0,1039.0,1045.0,105037.0,11442379.0,0.0,27775452.0,2194636.0,10356625.0,0.0,30886600.0,169243.0,41412468.0,0
2024-01-18,1036.0,1068.0,1036.0,1040.0,83047.0,13556387.0,8259678.0,85181510.0,2795078.0,13355835.0,0.0,96425336.0,11479.0,109792660.0,0
2024-01-19,1041.0,1050.0,1039.0,1040.0,85164.0,18126990.0,728000.0,64071820.0,3901332.0,16543015.0,0.0,67269950.0,3015176.0,86828140.0,0
2024-01-22,1040.0,1049.0,1026.0,1028.0,116806.0,8769920.0,0.0,76734180.0,3256412.0,10267526.0,0.0,64106704.0,14386279.0,88760510.0,0
2024-01-23,1021.0,1032.0,1021.0,1028.0,96693.0,11331798.0,2367100.0,105536000.0,1178424.0,11350819.0,0.0,95596190.0,13466309.0,120413320.0,0
2024-01-24,1035.0,1035.0,1023.0,1023.0,28397.0,4483705.0,0.0,94828110.0,56684.0,5174235.0,0.0,88529590.0,5664670.0,99368500.0,0
2024-01-25,1033.0,1039.0,1023.0,1026.0,38616.0,3447755.0,0.0,25313088.0,362576.0,5483897.0,0.0,23558180.0,81343.0,29123420.0,0
2024-01-26,1038.0,1038.0,1025.0,1029.0,40181.0,11360732.0,102400.0,27790462.0,356377.0,12489552.0,0.0,26937832.0,182588.0,39609972.0,0
2024-01-29,1031.0,1036.0,1024.0,1026.0,86419.0,3004450.0,0.0,35685210.0,2587690.0,16280866.0,0.0,24814296.0,182186.0,41277348.0,0
2024-01-30,1023.0,1033.0,1023.0,1030.0,26609.0,6001808.0,0.0,82708250.0,88580.0,7384274.0,16979874.0,38527296.0,25907190.0,88798630.0,0
2024-01-31,1030.0,1037.0,1026.0,1030.0,51217.0,2054.0,0.0,27332096.0,1030.0,58627.0,3564980.0,23675642.0,35931.0,27335180.0,0
2024-02-01,1030.0,1040.0,1024.0,1039.0,52758.0,6837572.0,0.0,41794696.0,4156055.0,6855506.0,0.0,45795624.0,137194.0,52788324.0,0
2024-02-02,1051.0,1059.0,1041.0,1051.0,106587.0,2106007.0,52785.0,46548160.0,5829953.0,2694691.0,0.0,50739310.0,1102902.0,54536904.0,0
2024-02-05,1051.0,1064.0,1044.0,1049.0,57953.0,11407624.0,105000.0,100230616.0,317597.0,11697202.0,0.0,89064344.0,11299290.0,112060830.0,0
2024-02-06,1049.0,1055.0,1041.0,1042.0,63657.0,16214531.0,104800.0,43247710.0,1215203.0,16221077.0,0.0,43999240.0,561926.0,60782244.0,0
2024-02-07,1042.0,1050.0,1040.0,1046.0,48367.0,5758965.0,624600.0,58593136.0,1538134.0,14176935.0,0.0,51898360.0,439538.0,66514830.0,0
2024-02-08,1049.0,1049.0,1041.0,1046.0,31017.0,12261534.0,11506.0,37825536.0,316621.0,12084096.0,0.0,38249520.0,81580.0,50415200.0,0
2024-02-13,1052.0,1052.0,1042.0,1047.0,49518.0,39724.0,62580.0,31874980.0,438902.0,139962.0,0.0,31560666.0,715557.0,32416184.0,0
2024-02-14,1045.0,1055.0,1040.0,1054.0,62207.0,63865.0,313200.0,51492940.0,0.0,62815.0,0.0,51034720.0,772471.0,51870010.0,0
2024-02-15,1059.0,1059.0,1047.0,1055.0,82677.0,15627623.0,0.0,49187892.0,264130.0,15641565.0,0.0,48852744.0,585336.0,65079650.0,0
2024-02-16,1058.0,1058.0,1052.0,1055.0,74561.0,17630688.0,0.0,68123950.0,1204020.0,17673564.0,0.0,69132350.0,152745.0,86958660.0,0
2024-02-19,1050.0,1061.0,1050.0,1060.0,99980.0,3996135.0,0.0,74310430.0,341327.0,4050982.0,0.0,72359176.0,2237732.0,78647890.0,0
2024-02-20,1059.0,1060.0,1050.0,1055.0,156717.0,4009038.0,204750.0,101294510.0,160619.0,4193609.0,0.0,100017150.0,1458157.0,105668920.0,0
2024-02-21,1055.0,1060.0,1046.0,1050.0,79457.0,8006128.0,630000.0,156446350.0,253788.0,8071873.0,0.0,157076910.0,187475.0,165336270.0,0
2024-02-22,1059.0,1166.0,1043.0,1131.0,2306616.0,9977714.0,1256400.0,72216376.0,21040.0,10503650.0,0.0,72835064.0,132816.0,83471540.0,1
2024-02-23,1135.0,1137.0,1113.0,1131.0,406038.0,37429944.0,28420482.0,2148495400.0,382921540.0,32126730.0,78293976.0,2284132900.0,202713660.0,2597267200.0,0
2024-02-26,1143.0,1165.0,1129.0,1165.0,361372.0,63401210.0,10219807.0,364027520.0,20007998.0,22101712.0,0.0,378704830.0,56849976.0,457656540.0,0
2024-02-27,1165.0,1191.0,1153.0,1187.0,405193.0,32704810.0,52754172.0,297128640.0,33861892.0,12403333.0,0.0,396976500.0,7069677.0,416449540.0,0
2024-02-28,1190.0,1217.0,1180.0,1215.0,418360.0,31946704.0,96859980.0,324536540.0,26553396.0,11388345.0,52911836.0,401428220.0,14168228.0,479896600.0,0
2024-02-29,1206.0,1216.0,1168.0,1212.0,320607.0,16311326.0,3636260.0,473341300.0,11035917.0,4280409.0,92624980.0,384184200.0,23235220.0,504324800.0,0
2024-03-04,1208.0,1242.0,1208.0,1240.0,318491.0,43681588.0,0.0,304725500.0,36469020.0,42211664.0,187506.0,270081250.0,72395680.0,384876100.0,0
2024-03-05,1236.0,1268.0,1233.0,1267.0,597336.0,3923034.0,60685884.0,316225300.0,11280560.0,12196943.0,18602306.0,323066300.0,38249252.0,392114780.0,0
2024-03-06,1267.0,1282.0,1242.0,1282.0,273924.0,8298484.0,226306270.0,486310980.0,31769752.0,16148444.0,20784144.0,705077100.0,10675774.0,752685500.0,0
2024-03-07,1282.0,1301.0,1276.0,1290.0,376356.0,7237340.0,3212749.0,314241400.0,22208444.0,13404411.0,47431370.0,261818940.0,24245212.0,346899940.0,0
2024-03-08,1290.0,1298.0,1281.0,1285.0,141638.0,17480534.0,0.0,439133400.0,29468344.0,29499276.0,99921250.0,339561700.0,17100064.0,486082270.0,0
2024-03-11,1286.0,1297.0,1276.0,1292.0,208491.0,6113378.0,51446136.0,120714090.0,3942399.0,3888298.0,2522908.0,159939310.0,15865481.0,182216000.0,0
2024-03-12,1295.0,1295.0,1267.0,1290.0,283210.0,16900322.0,135898850.0,86046090.0,29711340.0,18386430.0,17772862.0,225568690.0,6828617.0,268556600.0,0
2024-03-13,1290.0,1293.0,1260.0,1280.0,377920.0,38803520.0,148476800.0,154162850.0,22050782.0,36163080.0,2858314.0,305959360.0,18513190.0,363493950.0,0
2024-03-14,1270.0,1283.0,1244.0,1261.0,463320.0,36328316.0,192968540.0,241679300.0,10724313.0,45901736.0,7090288.0,414518820.0,14189654.0,481700480.0,0
2024-03-15,1261.0,1279.0,1250.0,1274.0,320051.0,42197644.0,252700260.0,227235940.0,61743496.0,35645052.0,3924582.0,402740320.0,141567380.0,583877300.0,0
2024-03-18,1267.0,1285.0,1265.0,1276.0,215024.0,41663430.0,210390900.0,91023976.0,62996684.0,41224230.0,4188317.0,358383040.0,2279390.0,406074980.0,0
2024-03-19,1277.0,1290.0,1267.0,1279.0,259287.0,13834017.0,73191260.0,89144700.0,98004584.0,41212016.0,11789265.0,202376400.0,18796882.0,274174560.0,0
2024-03-20,1280.0,1285.0,1270.0,1282.0,267734.0,4394325.0,219604930.0,90941770.0,16538435.0,6342042.0,4095824.0,303840670.0,17200912.0,331479460.0,0
2024-03-21,1281.0,1288.0,1270.0,1283.0,376128.0,14148021.0,246619890.0,53972544.0,27994660.0,14153270.0,2567000.0,285433800.0,40581050.0,342735100.0,0
2024-03-22,1279.0,1286.0,1274.0,1285.0,242595.0,14090000.0,256693040.0,160232110.0,50827164.0,14609623.0,34555300.0,367937120.0,64740284.0,481842340.0,0
2024-03-25,1283.0,1289.0,1272.0,1284.0,276532.0,9255459.0,166994990.0,105510024.0,29747096.0,9396349.0,43820570.0,217650300.0,40640350.0,311507600.0,0
2024-03-26,1281.0,1298.0,1281.0,1292.0,297967.0,5071748.0,256750000.0,39175430.0,54011480.0,5268128.0,43623480.0,244156400.0,61960656.0,355008670.0,0
2024-03-27,1289.0,1295.0,1281.0,1292.0,254835.0,29850808.0,122046300.0,69088984.0,164156720.0,7884014.0,44260036.0,284780600.0,48218156.0,385142820.0,0
2024-03-28,1289.0,1296.0,1281.0,1294.0,260423.0,24601414.0,189376910.0,77544104.0,36897404.0,24608256.0,1233215.0,124512270.0,178066100.0,328419840.0,0
2024-03-29,1291.0,1294.0,1255.0,1288.0,297811.0,10977119.0,229298780.0,33520628.0,62610852.0,12277973.0,26651328.0,253681200.0,43796896.0,336407400.0,0
2024-04-01,1285.0,1285.0,1261.0,1277.0,412752.0,33498046.0,83982296.0,237363740.0,24399156.0,33542208.0,0.0,263321490.0,82379544.0,379243230.0,0
2024-04-02,1277.0,1284.0,1191.0,1276.0,425616.0,34637468.0,254229000.0,227737000.0,7716440.0,34424024.0,0.0,389897730.0,99998140.0,524319900.0,0
2024-04-03,1276.0,1280.0,1251.0,1270.0,239077.0,32767576.0,253560000.0,200928670.0,49828160.0,32865100.0,0.0,429273440.0,74945860.0,537084400.0,0
2024-04-04,1261.0,1276.0,1261.0,1269.0,106492.0,31597810.0,210467840.0,59397336.0,1964135.0,29781536.0,0.0,212243840.0,61401740.0,303427140.0,0
2024-04-05,1279.0,1279.0,1264.0,1268.0,230071.0,6364638.0,85331880.0,21395756.0,21973196.0,6618816.0,9663524.0,116868810.0,1914316.0,135065470.0,0
2024-04-08,1257.0,1293.0,1257.0,1293.0,265503.0,19988700.0,228255000.0,29107568.0,14481254.0,22452320.0,19067604.0,203773950.0,46538640.0,291832500.0,0
2024-04-09,1269.0,1294.0,1269.0,1291.0,222263.0,949672.0,196469090.0,30036222.0,114052190.0,1381963.0,0.0,282375840.0,57749370.0,341507170.0,0
2024-04-11,1282.0,1295.0,1277.0,1295.0,106003.0,7005303.0,225369940.0,18136406.0,35654520.0,10705888.0,0.0,250556780.0,24903494.0,286166180.0,0
2024-04-12,1297.0,1314.0,1283.0,1309.0,276289.0,81205.0,92962120.0,17830358.0,25817360.0,82367.0,0.0,113781890.0,22826792.0,136691040.0,0
2024-04-15,1312.0,1313.0,1284.0,1297.0,205741.0,11514700.0,142070910.0,93114840.0,113033384.0,11440093.0,23973136.0,279923000.0,44397600.0,359733860.0,0
2024-04-16,1290.0,1300.0,1258.0,1274.0,298557.0,22507176.0,93376340.0,106682020.0,42566816.0,22352300.0,15255484.0,182748180.0,44776384.0,265132350.0,0
2024-04-17,1254.0,1286.0,1254.0,1277.0,31723.0,14053246.0,257970960.0,87969490.0,19456376.0,13748779.0,48381824.0,191062560.0,126256910.0,379450080.0,0
2024-04-18,1261.0,1288.0,1261.0,1281.0,35135.0,4315681.0,0.0,29105872.0,7028146.0,4017857.0,0.0,27570280.0,8861561.0,40449696.0,0
2024-04-19,1289.0,1289.0,1268.0,1281.0,104706.0,2739485.0,6385000.0,24510376.0,11226725.0,2302198.0,0.0,30685936.0,11873452.0,44861584.0,0
2024-04-22,1281.0,1290.0,1260.0,1287.0,54244.0,10669061.0,89606540.0,20923440.0,12567282.0,6319343.0,0.0,111387940.0,16059043.0,133766320.0,0
2024-04-23,1287.0,1298.0,1269.0,1297.0,84476.0,3012894.0,38440000.0,17708136.0,10328477.0,2564.0,0.0,22967530.0,46519416.0,69489500.0,0
2024-04-24,1294.0,1298.0,1243.0,1285.0,77629.0,15490603.0,59679572.0,19563896.0,13757616.0,8353867.0,0.0,58611600.0,41526220.0,108491690.0,0
2024-04-25,1275.0,1295.0,1275.0,1281.0,33778.0,18385716.0,29578128.0,37109176.0,14361898.0,12934904.0,0.0,48837936.0,37662080.0,99434910.0,0
2024-04-26,1271.0,1290.0,1271.0,1284.0,164913.0,2251178.0,26296292.0,7046540.0,7727056.0,2082460.0,0.0,35938988.0,5299617.0,43321064.0,0
2024-04-29,1284.0,1292.0,1281.0,1285.0,89687.0,19521122.0,173366240.0,5068241.0,13306849.0,18718198.0,0.0,187318350.0,5225898.0,211262450.0,0
2024-04-30,1285.0,1292.0,1275.0,1288.0,82800.0,12726933.0,54724530.0,28657576.0,19007984.0,8588546.0,0.0,84014480.0,22513988.0,115117016.0,0
2024-05-02,1288.0,1291.0,1275.0,1287.0,45128.0,27070246.0,38551290.0,18011624.0,22724020.0,21214512.0,0.0,40221110.0,44921556.0,106357180.0,0
2024-05-03,1287.0,1293.0,1271.0,1293.0,147022.0,22688028.0,0.0,31619616.0,3515914.0,19567328.0,0.0,22848516.0,15407714.0,57823560.0,0
2024-05-07,1282.0,1295.0,1282.0,1295.0,133189.0,20178700.0,121041850.0,30507254.0,17247464.0,30025016.0,2568000.0,113675720.0,42706532.0,188975260.0,0
2024-05-08,1295.0,1303.0,1287.0,1302.0,86529.0,27296896.0,64096984.0,36771856.0,43084444.0,17579484.0,0.0,111323180.0,42347510.0,171250180.0,0
2024-05-09,1283.0,1307.0,1283.0,1299.0,50826.0,7671974.0,0.0,32274416.0,72334690.0,4115551.0,0.0,93529480.0,14636053.0,112281080.0,0
2024-05-10,1299.0,1308.0,1295.0,1307.0,79010.0,6815487.0,19500912.0,30444256.0,9325205.0,5526768.0,6502554.0,49101936.0,4954600.0,66085856.0,0
2024-05-13,1307.0,1315.0,1302.0,1310.0,145025.0,24509206.0,0.0,63394840.0,15041042.0,22407320.0,3906000.0,50095880.0,26535888.0,102945090.0,0
2024-05-14,1307.0,1316.0,1290.0,1308.0,328239.0,26482634.0,43161110.0,65922880.0,54171010.0,17355366.0,65323100.0,75463530.0,31595642.0,189737630.0,0
2024-05-16,1320.0,1428.0,1320.0,1392.0,1991914.0,32827928.0,261395410.0,71283950.0,64083456.0,22439172.0,163219180.0,215707870.0,28224516.0,429590750.0,1
2024-05-17,1398.0,1398.0,1324.0,1342.0,379863.0,45516700.0,130722850.0,1544926000.0,1057490900.0,100419260.0,103707590.0,2392573700.0,181955740.0,2778656300.0,0
2024-05-20,1342.0,1355.0,1329.0,1347.0,136013.0,15322509.0,57942390.0,339527780.0,99274710.0,13800649.0,68962140.0,334126620.0,95177970.0,512067400.0,0
2024-05-21,1342.0,1356.0,1340.0,1343.0,75409.0,27313572.0,0.0,130448020.0,24800952.0,29584272.0,1379623.0,110135816.0,41462828.0,182562540.0,0
2024-05-22,1343.0,1343.0,1296.0,1313.0,157876.0,10908019.0,0.0,80586350.0,10173808.0,10008621.0,2227097.0,60842340.0,28590120.0,101668180.0,0
2024-05-23,1323.0,1323.0,1272.0,1272.0,156408.0,31453062.0,14939398.0,138653000.0,21740788.0,28842390.0,3980547.0,124740616.0,49222680.0,206786240.0,0
2024-05-24,1284.0,1284.0,1222.0,1224.0,205015.0,17466296.0,5008179.0,160423520.0,17389344.0,17805688.0,5930267.0,122219944.0,54331440.0,200287340.0,0
2024-05-27,1220.0,1220.0,1190.0,1202.0,130586.0,22703172.0,19910160.0,161473090.0,50526184.0,20760056.0,2115917.0,148446580.0,83290056.0,254612600.0,0
2024-05-28,1204.0,1220.0,1191.0,1210.0,59829.0,8167566.0,6110100.0,100305640.0,42052876.0,9974256.0,0.0,117174850.0,29487086.0,156636200.0,0
2024-05-29,1210.0,1218.0,1200.0,1211.0,57655.0,6647327.0,714600.0,46841572.0,17804768.0,6531850.0,0.0,52999664.0,12476749.0,72008264.0,0
2024-05-30,1198.0,1209.0,1198.0,1201.0,17295.0,9331183.0,8465444.0,50011692.0,1816606.0,7737523.0,8506283.0,18243876.0,35137240.0,69624930.0,0
2024-05-31,1220.0,1220.0,1194.0,1201.0,40402.0,796381.0,0.0,19797240.0,169442.0,1737411.0,0.0,13772084.0,5253569.0,20763064.0,0
2024-06-03,1216.0,1216.0,1202.0,1213.0,187565.0,8913222.0,2031600.0,30144280.0,7569502.0,9306606.0,0.0,30199444.0,9152553.0,48658604.0,0
2024-06-04,1213.0,1213.0,1195.0,1205.0,47996.0,19066208.0,54720.0,195363380.0,11863372.0,17180364.0,0.0,114194776.0,94972536.0,226347660.0,0
2024-06-05,1205.0,1219.0,1192.0,1193.0,52927.0,5071918.0,0.0,46434836.0,6081555.0,6998941.0,0.0,42518268.0,8071099.0,57588308.0,0
2024-06-07,1187.0,1200.0,1179.0,1200.0,63818.0,12679314.0,596000.0,49563732.0,507042.0,12835661.0,0.0,28659100.0,21851326.0,63346090.0,0
2024-06-10,1211.0,1211.0,1182.0,1201.0,43285.0,8209639.0,2246150.0,51224696.0,13984304.0,7306957.0,0.0,62065724.0,6292108.0,75664790.0,0
2024-06-11,1202.0,1202.0,1165.0,1179.0,141845.0,8867702.0,0.0,40820960.0,1763184.0,10016035.0,0.0,24309620.0,17126192.0,51451850.0,0
2024-06-12,1179.0,1182.0,1164.0,1172.0,75274.0,19054060.0,5871600.0,132756930.0,8886237.0,18665044.0,0.0,82882480.0,65021300.0,166568820.0,0
2024-06-13,1167.0,1200.0,1167.0,1189.0,54068.0,11717896.0,466000.0,58049430.0,17648640.0,12161670.0,0.0,71455784.0,4264515.0,87881970.0,0
2024-06-14,1177.0,1188.0,1169.0,1176.0,51178.0,16261983.0,239800.0,30978868.0,16440321.0,15657382.0,0.0,39208970.0,9054623.0,63920972.0,0
2024-06-17,1164.0,1180.0,1150.0,1174.0,58895.0,10861777.0,0.0,48394756.0,883238.0,12065461.0,0.0,27219674.0,20854636.0,60139772.0,0
2024-06-18,1168.0,1176.0,1158.0,1163.0,44838.0,6770137.0,0.0,60860610.0,1096997.0,6818449.0,0.0,44258080.0,17651210.0,68727740.0,0
2024-06-19,1163.0,1163.0,1120.0,1131.0,300289.0,6138142.0,0.0,43458132.0,2572479.0,5363218.0,2322.0,38775036.0,8028179.0,52168750.0,0
2024-06-20,1133.0,1149.0,1128.0,1147.0,171635.0,7587542.0,1827200.0,285279420.0,45479940.0,6763178.0,0.0,265751980.0,67658936.0,340174100.0,0
2024-06-21,1141.0,1149.0,1126.0,1149.0,96723.0,13901081.0,0.0,142451620.0,38877332.0,16067882.0,0.0,177454960.0,1707192.0,195230030.0,0
2024-06-24,1148.0,1156.0,1136.0,1155.0,32653.0,13197718.0,298655.0,81496400.0,14674272.0,13274221.0,1704021.0,43191070.0,51497730.0,109667040.0,0
2024-06-25,1122.0,1156.0,1122.0,1152.0,77874.0,6640710.0,0.0,27279670.0,3492675.0,6796508.0,0.0,17723448.0,12893098.0,37413056.0,0
2024-06-26,1145.0,1155.0,1130.0,1153.0,41219.0,9837333.0,0.0,57893784.0,20845372.0,9984900.0,0.0,62093108.0,16498482.0,88576490.0,0
2024-06-27,1147.0,1147.0,1132.0,1140.0,33457.0,11987795.0,0.0,25162106.0,9993934.0,12170466.0,0.0,18231504.0,16741866.0,47143836.0,0
2024-06-28,1140.0,1151.0,1131.0,1139.0,15437.0,8293864.0,0.0,26778696.0,3003474.0,6464295.0,0.0,20624044.0,10987695.0,38076036.0,0
2024-07-01,1140.0,1142.0,1124.0,1137.0,105904.0,429036.0,678600.0,15289818.0,1175569.0,1888792.0,0.0,8689039.0,6995192.0,17573024.0,0
2024-07-02,1137.0,1142.0,1120.0,1141.0,117854.0,12471807.0,0.0,103825976.0,3717315.0,13246282.0,0.0,78259750.0,28509064.0,120015096.0,0
2024-07-03,1134.0,1139.0,1120.0,1136.0,53327.0,15052517.0,1348200.0,111751070.0,4752619.0,13387046.0,0.0,85863060.0,33654308.0,132904410.0,0
2024-07-04,1136.0,1136.0,1113.0,1130.0,99341.0,2617601.0,1052285.0,55633116.0,743679.0,4451423.0,0.0,18193932.0,37401330.0,60046680.0,0
2024-07-05,1137.0,1137.0,1114.0,1128.0,20454.0,5065067.0,2341500.0,94189270.0,9834639.0,5160781.0,0.0,69450824.0,36818870.0,111430470.0,0
2024-07-08,1136.0,1136.0,1113.0,1113.0,33984.0,4843205.0,0.0,16494906.0,1578680.0,2912276.0,0.0,11480076.0,8524439.0,22916792.0,0
2024-07-09,1110.0,1120.0,1104.0,1114.0,56926.0,1945814.0,0.0,35740600.0,217487.0,3870829.0,0.0,23526352.0,10506720.0,37903900.0,0
2024-07-10,1120.0,1120.0,1095.0,1110.0,84433.0,8801795.0,0.0,47697010.0,6699449.0,13941962.0,0.0,23111260.0,26145028.0,63198250.0,0
2024-07-11,1120.0,1120.0,1100.0,1106.0,74596.0,16208652.0,0.0,69578584.0,7526130.0,16426516.0,1103.0,49837268.0,27048476.0,93313360.0,0
2024-07-12,1106.0,1106.0,1096.0,1102.0,45801.0,18459088.0,0.0,59484424.0,4511494.0,21604052.0,0.0,50510984.0,10339971.0,82455010.0,0
2024-07-15,1102.0,1113.0,1092.0,1098.0,69021.0,9637119.0,0.0,35386970.0,5432811.0,10231683.0,0.0,28590408.0,11634808.0,50456896.0,0
2024-07-16,1098.0,1113.0,1092.0,1099.0,86899.0,28763428.0,609244.0,30525784.0,15982712.0,16438474.0,7700989.0,41317464.0,10424239.0,75881170.0,0
2024-07-17,1114.0,1114.0,1092.0,1107.0,97574.0,32140956.0,0.0,44701852.0,18695474.0,21571860.0,0.0,48501310.0,25465108.0,95538280.0,0
2024-07-18,1109.0,1109.0,1094.0,1106.0,63777.0,37486330.0,0.0,46500370.0,23371120.0,30318524.0,0.0,33610000.0,43429290.0,107357816.0,0
2024-07-19,1106.0,1110.0,1090.0,1100.0,51965.0,18229944.0,0.0,48317548.0,3604064.0,9542156.0,0.0,42057290.0,18552112.0,70151550.0,0
2024-07-22,1100.0,1109.0,1091.0,1099.0,32516.0,20276564.0,545000.0,33842680.0,2368700.0,6285707.0,0.0,38830660.0,11916578.0,57032944.0,0
2024-07-23,1099.0,1101.0,1090.0,1094.0,57262.0,16524185.0,0.0,19121600.0,1095.0,2598096.0,0.0,23126416.0,9922368.0,35646880.0,0
2024-07-24,1098.0,1098.0,1088.0,1096.0,34558.0,18941660.0,3270.0,43586340.0,218800.0,8965043.0,1815844.0,42418052.0,9551131.0,62750070.0,0
2024-07-25,1096.0,1110.0,1083.0,1103.0,76746.0,13653952.0,0.0,23989892.0,101632.0,7508133.0,436800.0,27626804.0,2173739.0,37745476.0,0
2024-07-26,1104.0,1111.0,1098.0,1107.0,35277.0,8566487.0,0.0,74017030.0,1363221.0,118978.0,383950.0,82578310.0,865504.0,83946744.0,0
2024-07-29,1107.0,1120.0,1106.0,1117.0,74296.0,3925047.0,0.0,22269072.0,12697894.0,3996419.0,331500.0,33619210.0,944885.0,38892012.0,0
2024-07-30,1117.0,1120.0,1113.0,1113.0,21052.0,31175768.0,0.0,34834210.0,16656772.0,17307200.0,0.0,59478630.0,5880915.0,82666750.0,0
2024-07-31,1119.0,1119.0,1113.0,1117.0,22035.0,8383709.0,0.0,15028361.0,108446.0,2197364.0,0.0,18605588.0,2717564.0,23520516.0,0
2024-08-01,1115.0,1120.0,1112.0,1113.0,31182.0,6685.0,0.0,24533022.0,0.0,1857686.0,0.0,17818742.0,4863279.0,24539708.0,0
2024-08-02,1113.0,1113.0,1085.0,1089.0,71577.0,4003471.0,223517.0,30339104.0,201815.0,3386265.0,0.0,30216974.0,1164669.0,34767908.0,0
2024-08-05,1081.0,1088.0,992.0,997.0,320491.0,4502051.0,1094.0,73056940.0,774909.0,4212019.0,0.0,58678744.0,15444240.0,78335000.0,0
2024-08-06,999.0,1040.0,999.0,1020.0,98335.0,1751374.0,0.0,308569440.0,15883923.0,71971.0,0.0,264558930.0,61573820.0,326204740.0,0
2024-08-07,1030.0,1054.0,1021.0,1053.0,64841.0,3375794.0,0.0,80629080.0,16476152.0,30542420.0,0.0,49695508.0,20243096.0,100481020.0,0
2024-08-08,1051.0,1052.0,1035.0,1052.0,62876.0,19898690.0,0.0,34200548.0,13398096.0,18794618.0,0.0,45051000.0,3651717.0,67497336.0,0
2024-08-09,1052.0,1078.0,1051.0,1070.0,46327.0,37228628.0,0.0,22577090.0,5792258.0,14119915.0,0.0,37698704.0,13779355.0,65597976.0,0
2024-08-12,1076.0,1080.0,1069.0,1076.0,24807.0,29644676.0,0.0,16051387.0,3807288.0,10738974.0,0.0,32575392.0,6188986.0,49503350.0,0
2024-08-13,1080.0,1080.0,1062.0,1074.0,27328.0,8891125.0,0.0,15619162.0,2171312.0,6913133.0,0.0,14541842.0,5226624.0,26681600.0,0
2024-08-14,1081.0,1085.0,1031.0,1062.0,171935.0,5524729.0,0.0,22189308.0,1487262.0,14376970.0,0.0,7275159.0,7549170.0,29201300.0,0
2024-08-16,1062.0,1065.0,1045.0,1055.0,117278.0,34316080.0,0.0,113956060.0,33213412.0,61767960.0,0.0,105941330.0,13776271.0,181485550.0,0
2024-08-19,1050.0,1060.0,1045.0,1052.0,59267.0,26955584.0,0.0,86452616.0,10138356.0,26401648.0,0.0,93648050.0,3496860.0,123546550.0,0
2024-08-20,1052.0,1060.0,1046.0,1053.0,55008.0,10222547.0,0.0,49013136.0,3070904.0,12779100.0,0.0,47576856.0,1950631.0,62306588.0,0
2024-08-21,1055.0,1057.0,1045.0,1052.0,49156.0,14156225.0,0.0,34298856.0,9318220.0,14261344.0,0.0,39259130.0,4252829.0,57773300.0,0
2024-08-22,1050.0,1052.0,1040.0,1050.0,91279.0,12195465.0,0.0,35693656.0,3621453.0,11424822.0,532342.0,38214150.0,1339261.0,51510576.0,0
2024-08-23,1055.0,1061.0,1045.0,1059.0,68083.0,9253400.0,0.0,83556150.0,2441708.0,11209922.0,2600920.0,80571630.0,868781.0,95251256.0,0
2024-08-26,1059.0,1059.0,1045.0,1053.0,82311.0,7187467.0,1050.0,61908010.0,2633327.0,7115892.0,0.0,62834420.0,1779540.0,71729860.0,0
2024-08-27,1053.0,1060.0,1047.0,1050.0,48926.0,11814178.0,1047000.0,69732824.0,3780968.0,9800227.0,0.0,74133740.0,2441003.0,86374980.0,0
2024-08-28,1050.0,1053.0,1037.0,1048.0,104207.0,4027427.0,1050.0,47284416.0,58807.0,5424977.0,0.0,42731056.0,3215664.0,51371696.0,0
2024-08-29,1047.0,1053.0,1038.0,1047.0,44965.0,16863368.0,3440700.0,86653370.0,1758693.0,17544488.0,0.0,88953520.0,2218124.0,108716130.0,0
2024-08-30,1040.0,1050.0,1040.0,1050.0,29716.0,7566686.0,520000.0,34560576.0,4269012.0,7568707.0,0.0,37419508.0,1928059.0,46916270.0,0
2024-09-02,1054.0,1054.0,1041.0,1049.0,35272.0,916729.0,0.0,26322766.0,3823626.0,855387.0,0.0,29727038.0,480696.0,31063120.0,0
2024-09-03,1049.0,1055.0,1040.0,1048.0,44103.0,7342381.0,0.0,29166602.0,326170.0,7339593.0,0.0,27517016.0,1978543.0,36835150.0,0
2024-09-04,1040.0,1051.0,1030.0,1040.0,197016.0,6315541.0,11164330.0,28627056.0,12492.0,6301492.0,0.0,38758620.0,1059308.0,46119420.0,0
2024-09-05,1036.0,1045.0,1033.0,1040.0,149902.0,15702477.0,65387950.0,123030050.0,20824.0,15641581.0,0.0,185284700.0,3215011.0,204141300.0,0
2024-09-06,1044.0,1065.0,1034.0,1055.0,202865.0,9779583.0,93403730.0,50372404.0,1814105.0,9488619.0,0.0,145451170.0,430039.0,155369820.0,0
2024-09-09,1038.0,1064.0,1037.0,1059.0,50182.0,18041732.0,80505100.0,103925920.0,9247278.0,17605632.0,0.0,180216290.0,13898106.0,211720030.0,0
2024-09-10,1059.0,1065.0,1046.0,1060.0,84806.0,15596502.0,3061224.0,33683144.0,157520.0,4003217.0,0.0,48293536.0,201640.0,52498390.0,0
2024-09-11,1060.0,1069.0,1055.0,1069.0,145178.0,13579739.0,44361068.0,30490004.0,931407.0,21108464.0,0.0,66726892.0,1526861.0,89362216.0,0
2024-09-12,1070.0,1070.0,1061.0,1069.0,24005.0,20174538.0,17641710.0,112852504.0,3541898.0,20171960.0,0.0,126134840.0,7903852.0,154210660.0,0
2024-09-13,1069.0,1072.0,1062.0,1069.0,14673.0,3880179.0,0.0,21192832.0,503226.0,3682350.0,0.0,21159488.0,734401.0,25576238.0,0
2024-09-19,1075.0,1075.0,1057.0,1069.0,26343.0,194310.0,0.0,15275685.0,162743.0,480001.0,0.0,11543206.0,3609531.0,15632738.0,0
2024-09-20,1075.0,1075.0,1058.0,1064.0,37338.0,4873281.0,0.0,22680728.0,408806.0,4873776.0,0.0,13401037.0,9688002.0,27962816.0,0
2024-09-23,1071.0,1071.0,1056.0,1067.0,155910.0,5632591.0,530000.0,33418876.0,35007.0,3249205.0,2491257.0,33854556.0,21455.0,39616470.0,0
2024-09-24,1069.0,1070.0,1060.0,1069.0,42910.0,4868713.0,120359400.0,38597440.0,1241616.0,6298103.0,0.0,155952030.0,2817033.0,165067170.0,0
2024-09-25,1070.0,1078.0,1067.0,1068.0,148590.0,9984695.0,9896160.0,23671684.0,2082455.0,10766224.0,0.0,34524856.0,343916.0,45634990.0,0
2024-09-26,1069.0,1077.0,1066.0,1070.0,46090.0,18939698.0,106730000.0,31598560.0,1426934.0,15616016.0,0.0,142242560.0,836617.0,158695200.0,0
2024-09-27,1070.0,1076.0,1065.0,1074.0,53254.0,2004914.0,9961770.0,30166158.0,7142815.0,5720016.0,0.0,30284728.0,13270912.0,49275656.0,0
2024-09-30,1075.0,1080.0,1071.0,1074.0,10868.0,8163831.0,19793024.0,25293072.0,3655889.0,8282172.0,0.0,48533480.0,90164.0,56905816.0,0
2024-10-02,1074.0,1086.0,1065.0,1079.0,113171.0,2497039.0,0.0,8406015.0,767550.0,2296347.0,0.0,9267586.0,106671.0,11670604.0,0
2024-10-04,1079.0,1089.0,1079.0,1084.0,28321.0,19443228.0,31207696.0,68215540.0,2569721.0,19220512.0,0.0,85932700.0,16282969.0,121436184.0,0
2024-10-07,1084.0,1085.0,1070.0,1083.0,41884.0,2325547.0,0.0,24747788.0,3643659.0,313048.0,0.0,30083320.0,320626.0,30716992.0,0
2024-10-08,1074.0,1094.0,1074.0,1087.0,68318.0,4366854.0,0.0,25956708.0,14678670.0,6398219.0,0.0,37136884.0,1467127.0,45002230.0,0
2024-10-10,1095.0,1095.0,1071.0,1083.0,86829.0,17496648.0,9922296.0,39720360.0,6571942.0,17380536.0,0.0,51231710.0,5098999.0,73711250.0,0
2024-10-11,1084.0,1090.0,1067.0,1080.0,93239.0,2627392.0,9093861.0,75493140.0,6297004.0,17657492.0,0.0,52204050.0,23649852.0,93511390.0,0
2024-10-14,1080.0,1088.0,1066.0,1085.0,108993.0,7690128.0,18452470.0,62128000.0,11839839.0,21420650.0,0.0,69011790.0,9677998.0,100110440.0,0
2024-10-15,1093.0,1093.0,1068.0,1085.0,38079.0,4634839.0,31015556.0,81240280.0,179795.0,21380398.0,0.0,89516664.0,6173406.0,117070460.0,0
2024-10-16,1087.0,1087.0,1071.0,1085.0,58395.0,7593556.0,0.0,32117744.0,1309283.0,6687690.0,0.0,33530648.0,802243.0,41020584.0,0
2024-10-17,1085.0,1090.0,1076.0,1084.0,31186.0,4248189.0,0.0,57392730.0,1376872.0,4223658.0,0.0,56810676.0,1983455.0,63017788.0,0
2024-10-18,1084.0,1085.0,1073.0,1083.0,120497.0,7832264.0,0.0,25923172.0,2164.0,7815732.0,790250.0,24278614.0,873003.0,33757600.0,0
2024-10-21,1083.0,1093.0,1075.0,1092.0,85413.0,17115036.0,32200000.0,79351060.0,1038423.0,17098152.0,1944000.0,106152360.0,4510001.0,129704510.0,0
2024-10-22,1092.0,1092.0,1075.0,1090.0,44190.0,6692615.0,30699850.0,53801620.0,997749.0,6506069.0,0.0,82955470.0,2730291.0,92191830.0,0
2024-10-23,1085.0,1098.0,1080.0,1098.0,151458.0,6166885.0,11895950.0,29464296.0,175565.0,4109386.0,4300.0,14325044.0,29263968.0,47702696.0,0
2024-10-24,1098.0,1100.0,1092.0,1098.0,28295.0,8332739.0,147913180.0,7087427.0,2439885.0,10353064.0,553985.0,134693630.0,20172560.0,165773230.0,0
2024-10-25,1097.0,1099.0,1084.0,1098.0,56368.0,1690871.0,9864432.0,19387140.0,115917.0,327120.0,5490000.0,22575184.0,2666055.0,31058360.0,0
2024-10-28,1098.0,1098.0,1090.0,1098.0,19201.0,6970893.0,32450180.0,18011792.0,3894883.0,8474616.0,62638.0,49472256.0,3318237.0,61327748.0,0
2024-10-29,1099.0,1099.0,1085.0,1096.0,53043.0,8879146.0,0.0,11889316.0,241404.0,7639359.0,295362.0,10722503.0,2352642.0,21009866.0,0
2024-10-30,1098.0,1098.0,1085.0,1097.0,38305.0,7398481.0,16658005.0,32970950.0,666563.0,7294657.0,0.0,45303070.0,5096271.0,57694000.0,0
2024-10-31,1098.0,1098.0,1085.0,1090.0,32600.0,6563598.0,8305675.0,26846566.0,4368.0,6339108.0,0.0,32568988.0,2812111.0,41720210.0,0
2024-11-01,1090.0,1097.0,1060.0,1065.0,365441.0,4842973.0,9125935.0,19710060.0,1765957.0,4165579.0,0.0,30648266.0,631081.0,35444930.0,0
2024-11-04,1068.0,1079.0,1067.0,1078.0,22978.0,27958620.0,215860000.0,120727080.0,26725592.0,27718764.0,0.0,355039200.0,8513337.0,391271300.0,0
2024-11-05,1078.0,1085.0,1067.0,1085.0,19634.0,324938.0,0.0,12829378.0,11505386.0,32280.0,0.0,22440812.0,2186611.0,24659702.0,0
2024-11-06,1084.0,1096.0,1081.0,1091.0,84547.0,3180867.0,0.0,14636733.0,3377892.0,2972674.0,0.0,17651244.0,571575.0,21195492.0,0
2024-11-07,1091.0,1091.0,1081.0,1091.0,17462.0,22125976.0,26043740.0,31142368.0,12493304.0,20487188.0,0.0,56590892.0,14727309.0,91805390.0,0
2024-11-08,1098.0,1100.0,1090.0,1098.0,43482.0,5507350.0,0.0,7157505.0,6318183.0,6613654.0,0.0,12201775.0,167609.0,18983038.0,0
2024-11-11,1098.0,1100.0,1081.0,1100.0,147371.0,10999366.0,0.0,21541582.0,15041097.0,10999718.0,0.0,22817296.0,13765031.0,47582044.0,0
2024-11-12,1080.0,1095.0,1075.0,1091.0,211616.0,6704399.0,46198940.0,85911530.0,21156904.0,6631051.0,0.0,143534620.0,9806100.0,159971780.0,0
2024-11-13,1088.0,1099.0,1079.0,1090.0,172298.0,11021864.0,121075576.0,55337104.0,41271910.0,10977580.0,0.0,178719230.0,39009640.0,228706460.0,0
2024-11-14,1095.0,1098.0,1090.0,1097.0,18769.0,35735456.0,78904800.0,26741376.0,45406924.0,35484840.0,0.0,61270684.0,90033030.0,186788540.0,0
2024-11-15,1098.0,1098.0,1080.0,1095.0,54990.0,8756134.0,0.0,11039972.0,724200.0,3894555.0,0.0,15685880.0,939871.0,20520306.0,0
2024-11-18,1080.0,1110.0,1080.0,1107.0,148283.0,13950596.0,11694240.0,29690292.0,4265285.0,16264810.0,0.0,40545884.0,2789719.0,59600412.0,0
2024-11-19,1104.0,1109.0,1090.0,1106.0,44006.0,20462956.0,0.0,61918124.0,79741210.0,15640582.0,6584000.0,121034590.0,18863116.0,162122290.0,0
2024-11-20,1111.0,1111.0,1090.0,1108.0,58150.0,12838752.0,0.0,21449412.0,14038377.0,12912554.0,0.0,32809754.0,2604232.0,48326540.0,0
2024-11-21,1110.0,1113.0,1083.0,1112.0,192297.0,16974000.0,9049180.0,22436532.0,15441756.0,16992056.0,1322400.0,39929264.0,5657746.0,63901468.0,0
2024-11-22,1111.0,1114.0,1099.0,1110.0,71740.0,16344660.0,125934860.0,56587900.0,10603509.0,15960356.0,0.0,75925416.0,117585170.0,209470930.0,0
2024-11-25,1111.0,1131.0,1095.0,1109.0,157156.0,16788400.0,0.0,52331970.0,10157823.0,16344988.0,11031117.0,42561970.0,9340116.0,79278190.0,0
2024-11-26,1113.0,1113.0,1097.0,1101.0,36605.0,15932949.0,40747140.0,108913224.0,7584855.0,12484330.0,5550000.0,141126320.0,14017513.0,173178180.0,0
2024-11-27,1127.0,1127.0,1099.0,1111.0,48829.0,4990223.0,0.0,27133224.0,8308502.0,2318777.0,0.0,31576218.0,6536955.0,40431950.0,0
2024-11-28,1111.0,1123.0,1095.0,1109.0,96145.0,4650373.0,0.0,42013690.0,7337462.0,4766458.0,0.0,44285776.0,4949288.0,54001524.0,0
2024-11-29,1098.0,1109.0,1095.0,1105.0,73197.0,9559310.0,24309000.0,35550056.0,36380140.0,15661026.0,0.0,48050964.0,42086516.0,105798504.0,0
2024-12-02,1103.0,1108.0,1094.0,1108.0,86667.0,3514485.0,33420496.0,24187216.0,19197140.0,3474175.0,0.0,57212344.0,19632818.0,80319336.0,0
2024-12-03,1108.0,1108.0,1100.0,1104.0,5847.0,4879214.0,32820000.0,46202150.0,11143098.0,4876294.0,0.0,84803820.0,5364350.0,95044460.0,0
2024-12-04,1100.0,1100.0,1090.0,1091.0,59480.0,175693.0,0.0,6120148.0,141027.0,167504.0,5501986.0,720997.0,46381.0,6436868.0,0
2024-12-05,1091.0,1098.0,1088.0,1098.0,32553.0,1409670.0,48403630.0,14839264.0,218594.0,1232036.0,0.0,48201468.0,15437655.0,64871160.0,0
2024-12-06,1090.0,1098.0,1090.0,1096.0,302302.0,166382.0,17553360.0,12816111.0,4994927.0,130931.0,0.0,32937758.0,2462091.0,35530780.0,0
2024-12-09,1084.0,1095.0,1030.0,1072.0,160414.0,2128394.0,316061860.0,4818007.0,6542996.0,1966430.0,2564336.0,320986100.0,4034383.0,329551230.0,0
2024-12-10,1072.0,1094.0,1072.0,1087.0,35356.0,4696707.0,96563740.0,67039080.0,1996801.0,4452483.0,1974443.0,160283870.0,3585527.0,170296320.0,0
2024-12-11,1094.0,1097.0,1084.0,1096.0,89798.0,4854153.0,7741825.0,23972152.0,1688877.0,4591777.0,0.0,33383032.0,282198.0,38257010.0,0
2024-12-12,1099.0,1170.0,1095.0,1170.0,320742.0,5272984.0,43810410.0,40784250.0,7988801.0,4764667.0,1093.0,88827810.0,4262880.0,97856450.0,0
2024-12-13,1184.0,1216.0,1156.0,1216.0,359486.0,19612184.0,8124900.0,314526530.0,24541266.0,17434126.0,0.0,301245100.0,48125644.0,366804860.0,0
2024-12-16,1232.0,1232.0,1170.0,1182.0,207276.0,93070504.0,19910284.0,265555950.0,50954836.0,16866992.0,54571340.0,315905500.0,42147750.0,429491600.0,0
2024-12-17,1214.0,1247.0,1185.0,1230.0,184017.0,9109869.0,0.0,153416320.0,84839920.0,8919207.0,0.0,226352320.0,12094602.0,247366130.0,0
2024-12-18,1240.0,1240.0,1190.0,1206.0,145527.0,32356860.0,0.0,178024690.0,14533537.0,32240376.0,1190180.0,165493740.0,25990796.0,224915090.0,0
2024-12-19,1195.0,1206.0,1175.0,1204.0,121541.0,19905304.0,0.0,66375484.0,90400240.0,73130210.0,0.0,99036260.0,4514570.0,176681020.0,0
2024-12-20,1194.0,1194.0,1176.0,1183.0,75711.0,10621325.0,47000000.0,47610920.0,38781336.0,12311820.0,450515.0,89997410.0,41253836.0,144013580.0,0
2024-12-23,1173.0,1200.0,1172.0,1195.0,24241.0,5563701.0,47200000.0,23640428.0,13172253.0,5467095.0,5888780.0,31518416.0,46702090.0,89576380.0,0
2024-12-24,1195.0,1209.0,1186.0,1206.0,44109.0,870678.0,0.0,15731448.0,12212750.0,989069.0,3544000.0,23672600.0,609208.0,28814876.0,0
2024-12-26,1206.0,1214.0,1184.0,1208.0,54354.0,2372507.0,0.0,46301704.0,3861762.0,1237007.0,6887580.0,39087170.0,5324215.0,52535972.0,0
2024-12-27,1208.0,1208.0,1148.0,1193.0,58633.0,1304128.0,1209.0,62537610.0,1064261.0,2445586.0,2672110.0,49355144.0,10434367.0,64907210.0,0
2024-12-30,1193.0,1193.0,1164.0,1165.0,12527.0,12910508.0,0.0,52980844.0,2257651.0,12749633.0,0.0,41717716.0,13681652.0,68149000.0,0
2025-01-02,1178.0,1188.0,1165.0,1169.0,71996.0,13992.0,0.0,13783070.0,914828.0,5932.0,0.0,8420568.0,6285390.0,14711890.0,0
2025-01-03,1190.0,1190.0,1146.0,1172.0,186757.0,4918837.0,53124000.0,24028394.0,1988676.0,3533620.0,0.0,69016110.0,11510173.0,84059900.0,0
2025-01-06,1172.0,1172.0,1150.0,1168.0,62441.0,7311110.0,149955200.0,50619270.0,7682731.0,8537908.0,0.0,99332810.0,107697600.0,215568320.0,0
2025-01-07,1168.0,1181.0,1154.0,1161.0,17358.0,5099056.0,26391350.0,40542492.0,0.0,4987083.0,0.0,64952804.0,2093009.0,72032900.0,0
2025-01-08,1148.0,1174.0,1145.0,1161.0,75673.0,5650518.0,0.0,11537697.0,2943952.0,4166756.0,0.0,15960691.0,4720.0,20132168.0,0
2025-01-09,1164.0,1169.0,1150.0,1168.0,95513.0,23131630.0,33816430.0,27294746.0,3140404.0,12089662.0,0.0,51282900.0,24010648.0,87383210.0,0
2025-01-10,1178.0,1178.0,1167.0,1176.0,29424.0,12926878.0,29158250.0,30741156.0,37472508.0,25026460.0,0.0,63506036.0,21766298.0,110298790.0,0
2025-01-13,1176.0,1176.0,1150.0,1174.0,82351.0,8826087.0,0.0,22744080.0,2937738.0,8465143.0,0.0,21069696.0,4973066.0,34507904.0,0
2025-01-14,1161.0,1178.0,1161.0,1163.0,22799.0,21904588.0,18889900.0,22778020.0,31994988.0,22294840.0,0.0,44182904.0,29089752.0,95567496.0,0
2025-01-15,1172.0,1174.0,1154.0,1173.0,86527.0,12128935.0,0.0,13919502.0,548490.0,2494299.0,0.0,23180222.0,922406.0,26596928.0,0
2025-01-16,1178.0,1193.0,1170.0,1186.0,108472.0,13256659.0,46100720.0,31117384.0,10137857.0,22878268.0,0.0,57618120.0,20116232.0,100612620.0,0
2025-01-17,1171.0,1187.0,1170.0,1186.0,148897.0,31368764.0,24933870.0,44602136.0,26653744.0,40850852.0,2131100.0,63522290.0,21054276.0,127558510.0,0
2025-01-20,1186.0,1192.0,1172.0,1189.0,28772.0,32462384.0,54665910.0,28407564.0,59422110.0,43967970.0,0.0,65523584.0,65466416.0,174957970.0,0
2025-01-21,1193.0,1193.0,1177.0,1187.0,33780.0,8097714.0,0.0,14556038.0,11293333.0,8069167.0,952800.0,19592556.0,5332562.0,33947084.0,0
2025-01-22,1187.0,1187.0,1175.0,1176.0,42286.0,4290446.0,0.0,30786908.0,4832978.0,17096968.0,0.0,14200777.0,8612589.0,39910332.0,0
2025-01-23,1183.0,1289.0,1170.0,1240.0,1683731.0,16542783.0,12523150.0,10835773.0,9882578.0,18367292.0,0.0,27408648.0,4008346.0,49784284.0,0
2025-01-24,1612.0,1612.0,1458.0,1501.0,20634020.0,391884350.0,144299420.0,1406113800.0,155722020.0,411075400.0,21430940.0,1509805600.0,155707630.0,2098019600.0,1
2025-01-31,1490.0,1543.0,1335.0,1387.0,3682473.0,1860975200.0,40716076.0,28790118000.0,1605030700.0,1868583800.0,117355090.0,28649542000.0,1661359100.0,32296840000.0,1
2025-02-03,1342.0,1343.0,1210.0,1216.0,1826597.0,597286200.0,58323.0,4343663600.0,316714100.0,603940000.0,325248.0,4338888700.0,314568300.0,5257722400.0,1
2025-02-04,1210.0,1237.0,1193.0,1216.0,1316987.0,421450530.0,152823.0,1612087400.0,257949170.0,444524260.0,151408.0,1487668600.0,359295680.0,2291640000.0,0
2025-02-05,1216.0,1217.0,1185.0,1193.0,803410.0,360299000.0,59040.0,898959400.0,337482200.0,253826380.0,66773.0,1134469900.0,208436620.0,1596799700.0,0
2025-02-06,1194.0,1246.0,1194.0,1216.0,1309714.0,151998380.0,0.0,659537660.0,150285840.0,154940080.0,2389.0,734624900.0,72254480.0,961821900.0,0
2025-02-07,1210.0,1211.0,1157.0,1163.0,896840.0,271659260.0,2122576.0,892256830.0,430334560.0,269452350.0,1208.0,1148185900.0,178733860.0,1596373200.0,0
2025-02-10,1163.0,1218.0,1159.0,1176.0,406103.0,95842220.0,71764200.0,822627700.0,60098800.0,103259330.0,0.0,609730600.0,337343000.0,1050332900.0,0
2025-02-11,1179.0,1225.0,1171.0,1209.0,620102.0,58562384.0,17831100.0,314138850.0,89648340.0,54500184.0,0.0,388865120.0,36815388.0,480180670.0,0
2025-02-12,1209.0,1268.0,1200.0,1255.0,583651.0,82597420.0,1938869.0,470036380.0,194576340.0,95409090.0,1177.0,547519800.0,106218920.0,749149000.0,0
2025-02-13,1244.0,1250.0,1211.0,1227.0,507356.0,103305940.0,2151593.0,490290560.0,126438376.0,103577580.0,0.0,500160400.0,118448520.0,722186500.0,0
2025-02-14,1212.0,1249.0,1212.0,1239.0,224827.0,127145016.0,0.0,291488930.0,204976080.0,127115060.0,0.0,310219460.0,186275520.0,623610050.0,0
2025-02-17,1225.0,1238.0,1215.0,1215.0,239784.0,79791760.0,0.0,133347150.0,62307204.0,77809976.0,0.0,156952350.0,40683780.0,275446100.0,0
2025-02-18,1215.0,1215.0,1189.0,1206.0,177337.0,41414310.0,0.0,187131870.0,64095520.0,41377116.0,0.0,218951790.0,32312790.0,292641700.0,0
2025-02-19,1193.0,1214.0,1182.0,1205.0,320977.0,36127308.0,1195000.0,136313100.0,38873532.0,36612396.0,0.0,144209100.0,31687442.0,212508940.0,0
2025-02-20,1206.0,1299.0,1206.0,1296.0,1561717.0,72746790.0,35550000.0,193140580.0,82107950.0,87161980.0,0.0,262578510.0,33804836.0,383545300.0,0
2025-02-21,1271.0,1287.0,1246.0,1258.0,479056.0,188323950.0,2528.0,1382801800.0,389706660.0,187988130.0,2846868.0,1158036200.0,611963650.0,1960835000.0,0
2025-02-24,1243.0,1264.0,1200.0,1252.0,430173.0,77688190.0,0.0,329731970.0,195213710.0,76684830.0,1268.0,430055330.0,95892456.0,602633900.0,0
2025-02-25,1255.0,1260.0,1230.0,1231.0,141572.0,113561650.0,0.0,317511040.0,103444936.0,113673980.0,0.0,333641150.0,87202490.0,534517630.0,0
2025-02-26,1231.0,1259.0,1210.0,1227.0,218847.0,18153748.0,0.0,143544600.0,14084963.0,21008412.0,0.0,90748100.0,64026804.0,175783310.0,0
2025-02-27,1227.0,1246.0,1204.0,1204.0,339850.0,56360000.0,0.0,131304870.0,82659660.0,52542628.0,0.0,145568350.0,72213550.0,270324540.0,0
2025-02-28,1204.0,1217.0,1178.0,1178.0,261270.0,70729670.0,0.0,250999940.0,93288590.0,76213000.0,0.0,281605150.0,57200030.0,415018200.0,0
2025-03-04,1162.0,1189.0,1140.0,1173.0,225378.0,44293868.0,0.0,204229840.0,62130504.0,40251624.0,0.0,195347330.0,75055256.0,310654200.0,0
2025-03-05,1173.0,1190.0,1161.0,1185.0,108409.0,59633324.0,3528000.0,130069420.0,68583736.0,57139492.0,0.0,153400450.0,51274544.0,261814500.0,0
2025-03-06,1182.0,1190.0,1174.0,1176.0,73583.0,31546110.0,0.0,48695936.0,47583584.0,35109070.0,0.0,73609310.0,19107246.0,127825630.0,0
2025-03-07,1199.0,1199.0,1160.0,1162.0,320789.0,5870662.0,17321850.0,53238024.0,10284096.0,8317976.0,0.0,44047820.0,34348836.0,86714630.0,0
2025-03-10,1162.0,1184.0,1150.0,1178.0,111711.0,48192296.0,93601200.0,206369260.0,27180808.0,44377220.0,1178.0,281821440.0,49143748.0,375343580.0,0
2025-03-11,1160.0,1178.0,1141.0,1168.0,148648.0,37289508.0,0.0,48978770.0,44331400.0,40128440.0,0.0,71817150.0,18654088.0,130599680.0,0
2025-03-12,1157.0,1183.0,1100.0,1150.0,294369.0,30900214.0,42654684.0,76940984.0,21068480.0,31134692.0,0.0,61298190.0,79131480.0,171564370.0,0
2025-03-13,1150.0,1163.0,1129.0,1130.0,244106.0,25748114.0,3581350.0,120742776.0,182090370.0,25560192.0,119892.0,264335490.0,42147040.0,332162600.0,0
2025-03-14,1125.0,1200.0,1125.0,1164.0,156273.0,39078770.0,77447650.0,125798456.0,35436540.0,39857144.0,378350.0,101611630.0,135914290.0,277761400.0,0
2025-03-17,1161.0,1179.0,1154.0,1175.0,95280.0,31008324.0,23539740.0,99186580.0,27252420.0,30378064.0,0.0,87359360.0,63249640.0,180987060.0,0
2025-03-18,1184.0,1185.0,1169.0,1180.0,114600.0,25890756.0,228345.0,51182544.0,34304896.0,26435460.0,0.0,34359664.0,50811416.0,111606540.0,0
2025-03-19,1195.0,1195.0,1165.0,1179.0,99190.0,11196400.0,0.0,88301650.0,35337450.0,11183441.0,0.0,90987060.0,32665002.0,134835500.0,0
2025-03-20,1173.0,1190.0,1170.0,1170.0,91272.0,11149111.0,0.0,100232850.0,5251917.0,17497024.0,0.0,25806224.0,73330620.0,116633870.0,0
2025-03-21,1175.0,1175.0,1148.0,1170.0,103821.0,16504737.0,0.0,67007904.0,23657882.0,16512188.0,1289600.0,55879704.0,33489032.0,107170520.0,0
2025-03-24,1170.0,1174.0,1156.0,1167.0,99428.0,19450880.0,0.0,52054044.0,49067068.0,19813596.0,61374.0,73361780.0,27335242.0,120571990.0,0
2025-03-25,1167.0,1167.0,1149.0,1165.0,105402.0,38357336.0,0.0,59101116.0,18151176.0,38325670.0,0.0,61855540.0,15428411.0,115609624.0,0
2025-03-26,1165.0,1165.0,1148.0,1162.0,81332.0,35822576.0,0.0,70076050.0,15901871.0,33031512.0,163429.0,50547664.0,38057896.0,121800500.0,0
2025-03-27,1146.0,1159.0,1135.0,1154.0,186427.0,23376404.0,0.0,41765570.0,28685452.0,26227686.0,0.0,62351790.0,5247950.0,93827420.0,0
2025-03-28,1130.0,1154.0,1122.0,1125.0,202959.0,30041720.0,64380604.0,106001280.0,12200991.0,29170382.0,0.0,141064690.0,42389530.0,212624590.0,0
2025-03-31,1125.0,1133.0,1113.0,1128.0,182529.0,9315152.0,106843880.0,68431680.0,43937784.0,9798337.0,0.0,129044184.0,89685976.0,228528500.0,0
2025-04-01,1128.0,1187.0,1126.0,1168.0,545341.0,16144057.0,117483520.0,32237902.0,38969640.0,12780612.0,0.0,147050450.0,45004068.0,204835120.0,0
2025-04-02,1165.0,1165.0,1140.0,1145.0,119427.0,141912640.0,0.0,245848980.0,247517680.0,143274800.0,9820960.0,384051400.0,98132140.0,635279300.0,0
2025-04-03,1136.0,1198.0,1134.0,1165.0,360678.0,24914988.0,0.0,77352310.0,34620256.0,25983812.0,0.0,69361256.0,41542492.0,136887550.0,0
2025-04-04,1162.0,1236.0,1140.0,1229.0,969735.0,97195130.0,498950.0,245696430.0,76659310.0,97274264.0,0.0,203397920.0,119377640.0,420049820.0,0
2025-04-07,1225.0,1272.0,1200.0,1232.0,805076.0,113395700.0,4668680.0,791112960.0,257473490.0,113207280.0,495858.0,798827700.0,254119940.0,1166650800.0,0
2025-04-08,1240.0,1380.0,1210.0,1378.0,2956363.0,146001060.0,525537.0,655062300.0,190240780.0,145387800.0,164336.0,478318200.0,367959300.0,991829600.0,1
2025-04-09,1313.0,1358.0,1202.0,1225.0,1054205.0,345396160.0,15503765.0,2836454400.0,728901300.0,382408130.0,1823095.0,2845634300.0,696390200.0,3926255600.0,0
2025-04-10,1238.0,1282.0,1210.0,1282.0,989622.0,222672580.0,75600.0,910846700.0,190623410.0,196024930.0,9041276.0,769993200.0,349158880.0,1324218200.0,0
2025-04-11,1290.0,1290.0,1233.0,1283.0,384070.0,183403630.0,1214382.0,742089800.0,316706660.0,212302850.0,46977.0,848394300.0,182670320.0,1243414400.0,0
2025-04-14,1283.0,1310.0,1275.0,1293.0,375419.0,135516980.0,0.0,274856640.0,71946320.0,84160720.0,979868.0,252923120.0,144256220.0,482319940.0,0
2025-04-15,1294.0,1306.0,1250.0,1255.0,413640.0,97626824.0,0.0,278826140.0,108162160.0,93950690.0,1288734.0,283046980.0,106328744.0,484615140.0,0
2025-04-16,1267.0,1267.0,1220.0,1241.0,295265.0,92435544.0,990720.0,288834460.0,140046770.0,110032460.0,0.0,348409340.0,63865690.0,522307500.0,0
2025-04-17,1235.0,1241.0,1204.0,1212.0,330073.0,61709130.0,0.0,213266720.0,88909656.0,76776800.0,2157665.0,232132110.0,52818930.0,363885500.0,0
2025-04-18,1212.0,1253.0,1197.0,1248.0,336830.0,72285270.0,993486.0,205899360.0,122049950.0,61325716.0,244297.0,320042600.0,19615480.0,401228060.0,0
2025-04-21,1253.0,1288.0,1240.0,1277.0,242121.0,68048050.0,10601540.0,212985940.0,122517576.0,61056656.0,1127808.0,273727200.0,78241460.0,414153120.0,0
2025-04-22,1277.0,1294.0,1253.0,1266.0,254430.0,69721070.0,0.0,179189840.0,56306640.0,54507810.0,13739.0,164219520.0,86476490.0,305217570.0,0
2025-04-23,1266.0,1266.0,1233.0,1243.0,180194.0,50879624.0,997129.0,217214930.0,52667290.0,50755716.0,304326.0,166376560.0,104322370.0,321758980.0,0
2025-04-24,1255.0,1255.0,1235.0,1249.0,55781.0,38457148.0,0.0,160658030.0,24406104.0,38299404.0,632270.0,93547224.0,91042380.0,223521280.0,0
2025-04-25,1249.0,1255.0,1234.0,1249.0,230036.0,17323332.0,0.0,41701950.0,10205039.0,16830780.0,0.0,44838856.0,7560690.0,69230330.0,0
2025-04-28,1239.0,1247.0,1206.0,1240.0,231095.0,57068770.0,0.0,206410780.0,21862036.0,58043708.0,0.0,144993390.0,82304490.0,285341600.0,0
2025-04-29,1252.0,1252.0,1206.0,1234.0,202773.0,46670296.0,0.0,182104850.0,52291736.0,41446856.0,682111.0,134573860.0,104364060.0,281066880.0,0
2025-04-30,1213.0,1229.0,1198.0,1204.0,384070.0,43481650.0,39963.0,150647380.0,52899710.0,56332116.0,1232300.0,119055750.0,70448530.0,247068690.0,0
2025-05-02,1204.0,1226.0,1185.0,1192.0,436063.0,62459750.0,1490645.0,279885730.0,120147920.0,64411190.0,1502995.0,326259500.0,71810380.0,463984060.0,0
2025-05-07,1192.0,1230.0,1175.0,1190.0,545382.0,91137020.0,2647200.0,356714370.0,74248920.0,76144740.0,0.0,362156260.0,86446530.0,524747520.0,0
2025-05-08,1210.0,1235.0,1183.0,1218.0,318780.0,85898670.0,10683.0,341989900.0,220953090.0,105683780.0,2644994.0,466594430.0,73929110.0,648852300.0,0
2025-05-09,1218.0,1225.0,1170.0,1215.0,154199.0,109147190.0,0.0,197788930.0,81147050.0,75206680.0,0.0,164418850.0,148457650.0,388083170.0,0
2025-05-12,1249.0,1412.0,1239.0,1381.0,3108006.0,48021836.0,0.0,71107384.0,66605492.0,48133852.0,1203.0,75408690.0,62190970.0,185734720.0,1
2025-05-13,1382.0,1383.0,1266.0,1307.0,863649.0,297773150.0,31838856.0,2831831300.0,1030997400.0,342556260.0,2574128.0,2997607200.0,849703040.0,4192440600.0,0
2025-05-14,1307.0,1307.0,1265.0,1300.0,370194.0,163216770.0,1051440.0,720267650.0,250194160.0,150083260.0,10114527.0,786361700.0,188170500.0,1134730000.0,0
2025-05-15,1300.0,1306.0,1230.0,1248.0,326950.0,77317340.0,0.0,278536200.0,118906450.0,90893480.0,0.0,305013200.0,78853330.0,474759970.0,0
2025-05-16,1240.0,1255.0,1223.0,1239.0,198049.0,53725052.0,0.0,312335700.0,43396132.0,50906604.0,0.0,215512640.0,143037650.0,409456900.0,0
2025-05-19,1230.0,1234.0,1214.0,1234.0,174606.0,40521570.0,7049380.0,146798500.0,50162696.0,44262720.0,1048692.0,133475390.0,65745332.0,244532130.0,0
2025-05-20,1234.0,1263.0,1222.0,1250.0,247553.0,37142816.0,0.0,121181784.0,55239256.0,28183596.0,540492.0,113921450.0,70918330.0,213563860.0,0
2025-05-21,1253.0,1253.0,1224.0,1240.0,221700.0,61348650.0,0.0,135736300.0,111960696.0,62750810.0,5573593.0,154685420.0,86035816.0,309045630.0,0
2025-05-22,1231.0,1252.0,1220.0,1221.0,96549.0,57385596.0,0.0,155783820.0,60785880.0,61122864.0,0.0,148920220.0,63912212.0,273955300.0,0
2025-05-23,1222.0,1240.0,1220.0,1224.0,125188.0,19757176.0,2883834.0,61004120.0,34692784.0,16972000.0,2905056.0,67181280.0,31279572.0,118337910.0,0
2025-05-26,1224.0,1245.0,1215.0,1225.0,134647.0,24777056.0,0.0,92001976.0,36968292.0,24896776.0,0.0,64194720.0,64655828.0,153747330.0,0
2025-05-27,1225.0,1232.0,1209.0,1229.0,107327.0,18665480.0,0.0,92321580.0,53544490.0,38407844.0,0.0,80279940.0,45843770.0,164531550.0,0
2025-05-28,1229.0,1245.0,1219.0,1230.0,133047.0,17675470.0,0.0,90268980.0,22903858.0,17440820.0,0.0,44100804.0,69306680.0,130848300.0,0
2025-05-29,1224.0,1265.0,1224.0,1260.0,417974.0,62896790.0,0.0,56979616.0,43835348.0,46482590.0,0.0,63016380.0,54212784.0,163711760.0,0
2025-05-30,1277.0,1277.0,1242.0,1259.0,234329.0,39234940.0,0.0,358195170.0,126003900.0,56807052.0,0.0,437374800.0,29252176.0,523434020.0,0
2025-06-02,1256.0,1271.0,1244.0,1256.0,146977.0,53711424.0,0.0,134613150.0,105925300.0,53781670.0,0.0,197200180.0,43268010.0,294249860.0,0
2025-06-04,1249.0,1272.0,1242.0,1263.0,207063.0,40043852.0,0.0,107344104.0,36114220.0,37115730.0,0.0,92864220.0,53522216.0,183502180.0,0
2025-06-05,1261.0,1274.0,1233.0,1266.0,193969.0,25942752.0,3482570.0,110430530.0,120839500.0,24521464.0,3507725.0,205676480.0,26989692.0,260695360.0,0
2025-06-09,1269.0,1300.0,1268.0,1287.0,274006.0,51823844.0,0.0,117717250.0,75628200.0,56650904.0,0.0,154977890.0,33540506.0,245169300.0,0
2025-06-10,1290.0,1313.0,1273.0,1298.0,175905.0,39819840.0,0.0,197225040.0,116097576.0,40045890.0,0.0,284667700.0,28428862.0,353142460.0,0
2025-06-11,1309.0,1309.0,1287.0,1298.0,109055.0,30563388.0,0.0,151774320.0,45669696.0,30116952.0,0.0,127992300.0,69898140.0,228007400.0,0
2025-06-12,1297.0,1318.0,1295.0,1304.0,164555.0,17903126.0,0.0,92406770.0,30950106.0,18502288.0,410632.0,75929490.0,46417590.0,141260000.0,0
2025-06-13,1313.0,1313.0,1266.0,1291.0,255901.0,25990328.0,0.0,132710700.0,56351710.0,23306542.0,0.0,155185710.0,36560490.0,215052750.0,0
2025-06-16,1303.0,1303.0,1266.0,1297.0,138734.0,77639200.0,53013.0,141796160.0,108437710.0,61863744.0,0.0,177976220.0,88086120.0,327926080.0,0
2025-06-17,1303.0,1309.0,1284.0,1305.0,214758.0,22963916.0,0.0,57842610.0,97476270.0,60157828.0,0.0,80593980.0,37530988.0,178282800.0,0
2025-06-18,1291.0,1319.0,1291.0,1318.0,125973.0,44070104.0,0.0,143446060.0,90812590.0,43125960.0,0.0,185040420.0,50162390.0,278328770.0,0
2025-06-19,1318.0,1320.0,1301.0,1320.0,81034.0,40945308.0,0.0,80160000.0,43865132.0,41665776.0,0.0,96222940.0,27081726.0,164970450.0,0
2025-06-20,1325.0,1328.0,1303.0,1322.0,137674.0,13375790.0,0.0,66305770.0,26644162.0,13742919.0,0.0,67039850.0,25542950.0,106325720.0,0
2025-06-23,1320.0,1320.0,1287.0,1312.0,191143.0,7100862.0,0.0,147505580.0,26865866.0,8063412.0,0.0,131799230.0,41609668.0,181472320.0,0
2025-06-24,1325.0,1350.0,1300.0,1305.0,137184.0,36905240.0,0.0,153607730.0,56487024.0,53936680.0,0.0,145069970.0,47993348.0,246999980.0,0
2025-06-25,1300.0,1318.0,1291.0,1308.0,147428.0,25520520.0,0.0,108149820.0,45623740.0,25921900.0,0.0,126467384.0,26904796.0,179294080.0,0
2025-06-26,1308.0,1309.0,1281.0,1299.0,153864.0,22619118.0,0.0,85937736.0,83568320.0,41359640.0,1793417.0,124969064.0,24003060.0,192125180.0,0
2025-06-27,1312.0,1312.0,1285.0,1302.0,78350.0,35628970.0,0.0,138140420.0,24799828.0,35695892.0,0.0,85368424.0,77504904.0,198569220.0,0
2025-06-30,1300.0,1308.0,1291.0,1301.0,106164.0,31233434.0,0.0,46250164.0,23726448.0,15495807.0,0.0,46473756.0,39240484.0,101210050.0,0
2025-07-01,1307.0,1327.0,1298.0,1321.0,274755.0,56916024.0,0.0,64455376.0,16394593.0,30759014.0,0.0,69913250.0,37093736.0,137766000.0,0
2025-07-02,1311.0,1331.0,1303.0,1329.0,81639.0,33628430.0,0.0,233941660.0,93792616.0,55727570.0,0.0,284687650.0,20947500.0,361362720.0,0
2025-07-03,1340.0,1368.0,1280.0,1363.0,354112.0,24761808.0,0.0,47588536.0,35185092.0,24085172.0,0.0,51488856.0,31961412.0,107535440.0,0
2025-07-04,1350.0,1361.0,1319.0,1345.0,90527.0,30212356.0,0.0,334490900.0,113560630.0,30174834.0,0.0,353113900.0,94975176.0,478263900.0,0
2025-07-07,1339.0,1344.0,1310.0,1334.0,138019.0,10396272.0,1341324.0,102776200.0,5930114.0,9725247.0,1353408.0,49851170.0,59514084.0,120443910.0,0
2025-07-08,1334.0,1360.0,1300.0,1334.0,235449.0,47525344.0,0.0,81166590.0,54255610.0,47261976.0,0.0,97519880.0,38165684.0,182947540.0,0
2025-07-09,1360.0,1370.0,1326.0,1366.0,206966.0,60867516.0,0.0,102420904.0,149079580.0,62846104.0,0.0,239726770.0,9795131.0,312368000.0,0
2025-07-10,1375.0,1395.0,1348.0,1382.0,258850.0,41286864.0,0.0,141594560.0,96736700.0,41394812.0,0.0,201007250.0,37216068.0,279618100.0,0
2025-07-11,1369.0,1395.0,1369.0,1395.0,114682.0,23177632.0,0.0,237224100.0,94281320.0,22709988.0,0.0,311311970.0,20661092.0,354683040.0,0
2025-07-14,1397.0,1422.0,1392.0,1410.0,205046.0,7100298.0,0.0,109757070.0,42164184.0,8244337.0,0.0,131819020.0,18958194.0,159021550.0,0
2025-07-15,1400.0,1410.0,1380.0,1387.0,84074.0,43618560.0,14150.0,209493620.0,35651776.0,43795984.0,58302.0,148817780.0,96106040.0,288778100.0,0
2025-07-16,1380.0,1384.0,1362.0,1375.0,104101.0,14062138.0,0.0,90230960.0,12372099.0,13717324.0,0.0,59381412.0,43566460.0,116665200.0,0
2025-07-17,1379.0,1385.0,1340.0,1348.0,135745.0,21668658.0,0.0,96578200.0,24256228.0,24618964.0,0.0,98733230.0,19150890.0,142503090.0,0
2025-07-18,1347.0,1348.0,1322.0,1322.0,124723.0,31509680.0,0.0,134279900.0,17693514.0,26241358.0,20043432.0,102356630.0,34841676.0,183483100.0,0
2025-07-21,1320.0,1360.0,1307.0,1326.0,239829.0,9476612.0,9945000.0,134150550.0,12186687.0,13347692.0,13250.0,111963610.0,40434300.0,165758850.0,0
2025-07-22,1340.0,1340.0,1291.0,1299.0,169963.0,48129052.0,0.0,141046610.0,127287050.0,68428320.0,0.0,188540830.0,59493560.0,316462720.0,0
2025-07-23,1300.0,1300.0,1280.0,1297.0,112997.0,33263908.0,999936.0,175641340.0,11603618.0,34192720.0,1003008.0,68831610.0,117481470.0,221508800.0,0
2025-07-24,1297.0,1300.0,1275.0,1279.0,121511.0,10774492.0,0.0,97662950.0,37028376.0,10422644.0,0.0,75805910.0,59237264.0,145465820.0,0
2025-07-25,1279.0,1290.0,1266.0,1290.0,197619.0,6230461.0,9968400.0,138794750.0,914893.0,6973910.0,0.0,67077484.0,81857110.0,155908510.0,0
2025-07-28,1290.0,1290.0,1255.0,1260.0,175901.0,19752826.0,0.0,195860100.0,35908664.0,19755684.0,0.0,145723680.0,86042220.0,251521580.0,0
2025-07-29,1260.0,1277.0,1238.0,1267.0,65318.0,23237482.0,999180.0,191413140.0,6490128.0,19342596.0,0.0,129240270.0,73557064.0,222139940.0,0
2025-07-30,1265.0,1284.0,1253.0,1263.0,153597.0,19650696.0,0.0,37894500.0,24502756.0,11452573.0,0.0,37349176.0,33246202.0,82047950.0,0
2025-07-31,1264.0,1280.0,1260.0,1269.0,74230.0,48480000.0,9991800.0,70253540.0,65234744.0,39913344.0,1003145.0,103961656.0,49081936.0,193960080.0,0
2025-08-01,1284.0,1284.0,1234.0,1246.0,88555.0,14840085.0,0.0,38841500.0,40271600.0,14626181.0,0.0,65732640.0,13594364.0,93953180.0,0
2025-08-04,1260.0,1269.0,1236.0,1265.0,70695.0,18676252.0,0.0,72664560.0,18713290.0,18513688.0,0.0,28103704.0,63436710.0,110054104.0,0
2025-08-05,1276.0,1286.0,1256.0,1286.0,52686.0,18731280.0,0.0,24330708.0,45564350.0,17790300.0,0.0,37043028.0,33793012.0,88626344.0,0
2025-08-06,1289.0,1289.0,1271.0,1281.0,66249.0,9677628.0,0.0,43659710.0,13441408.0,10760065.0,0.0,20862016.0,35156670.0,66778750.0,0
2025-08-07,1280.0,1289.0,1270.0,1283.0,87759.0,27299170.0,0.0,49077130.0,8326466.0,16588055.0,0.0,34250780.0,33863930.0,84702770.0,0
2025-08-08,1288.0,1295.0,1275.0,1290.0,68691.0,21814574.0,0.0,31610884.0,58890284.0,21170920.0,1275000.0,83842240.0,6027582.0,112315740.0,0
2025-08-11,1296.0,1299.0,1281.0,1297.0,79510.0,30059304.0,1005420.0,29406320.0,27962784.0,5752756.0,0.0,64376376.0,18304694.0,88433820.0,0
2025-08-12,1296.0,1305.0,1291.0,1296.0,87489.0,41203130.0,0.0,46926060.0,14520377.0,10832879.0,0.0,65375416.0,26441270.0,102649570.0,0
2025-08-13,1296.0,1297.0,1280.0,1290.0,122208.0,33785516.0,0.0,43048696.0,36806644.0,10378538.0,0.0,96614050.0,6648267.0,113640856.0,0
2025-08-14,1290.0,1306.0,1274.0,1291.0,182634.0,34742040.0,0.0,104991816.0,17282480.0,13897435.0,0.0,112460570.0,30658336.0,157016340.0,0
2025-08-18,1296.0,1302.0,1254.0,1265.0,142566.0,56036240.0,0.0,122750450.0,56091820.0,47662932.0,0.0,164687710.0,22527872.0,234878510.0,0
2025-08-19,1280.0,1291.0,1248.0,1251.0,63097.0,48665800.0,2222208.0,109681330.0,19910124.0,46797372.0,0.0,61917324.0,71764760.0,180479460.0,0
2025-08-20,1273.0,1273.0,1221.0,1245.0,159082.0,11412425.0,0.0,44959090.0,22719600.0,12310673.0,0.0,42091384.0,24689060.0,79091110.0,0
2025-08-21,1245.0,1269.0,1233.0,1255.0,66126.0,34368750.0,4908000.0,118602620.0,38000220.0,43361156.0,2132352.0,77220100.0,73166000.0,195879600.0,0
2025-08-22,1274.0,1274.0,1245.0,1260.0,65267.0,22469896.0,0.0,36784730.0,23115144.0,21073078.0,12500.0,37627520.0,23656668.0,82369770.0,0
2025-08-25,1273.0,1273.0,1240.0,1263.0,52738.0,16036647.0,0.0,47559120.0,17982252.0,16646483.0,0.0,19864126.0,45067412.0,81578020.0,0
2025-08-26,1265.0,1265.0,1240.0,1262.0,101975.0,12727171.0,0.0,37845150.0,15386138.0,12856577.0,0.0,20624034.0,32477848.0,65958460.0,0
2025-08-27,1266.0,1288.0,1243.0,1288.0,268791.0,31110872.0,0.0,88677976.0,7414415.0,19060608.0,0.0,56004100.0,52138556.0,127203260.0,0
2025-08-28,1351.0,1351.0,1260.0,1275.0,534336.0,20924868.0,0.0,306351360.0,27377656.0,16857876.0,0.0,249162050.0,88633950.0,354653900.0,0
2025-08-29,1265.0,1286.0,1255.0,1260.0,73340.0,32965656.0,933640.0,597970940.0,59844516.0,33652956.0,384703.0,481197100.0,176480020.0,691714750.0,0
2025-09-01,1269.0,1278.0,1251.0,1275.0,72254.0,10138809.0,0.0,68672710.0,13878895.0,10100897.0,519792.0,62937370.0,19132360.0,92690420.0,0
2025-09-02,1275.0,1282.0,1255.0,1270.0,116724.0,10572744.0,0.0,52085084.0,28098576.0,10534961.0,0.0,72018030.0,8203408.0,90756400.0,0
2025-09-03,1270.0,1270.0,1251.0,1268.0,98746.0,27566092.0,0.0,91640430.0,28202364.0,26595580.0,0.0,94143650.0,26669656.0,147408880.0,0
2025-09-04,1270.0,1279.0,1260.0,1265.0,63970.0,20067516.0,0.0,101096810.0,3084056.0,21049646.0,0.0,86454200.0,16744535.0,124248380.0,0
2025-09-05,1269.0,1277.0,1255.0,1266.0,68629.0,11046963.0,0.0,45955800.0,23804962.0,11885185.0,0.0,51216056.0,17706482.0,80807730.0,0
2025-09-08,1270.0,1277.0,1254.0,1260.0,84486.0,22586568.0,0.0,37004584.0,26987342.0,22642276.0,0.0,58719380.0,5216840.0,86578500.0,0
2025-09-09,1260.0,1274.0,1222.0,1256.0,77688.0,18287472.0,0.0,64171948.0,23929164.0,18835292.0,0.0,72628700.0,14924589.0,106388584.0,0
2025-09-10,1265.0,1285.0,1250.0,1278.0,128410.0,17723424.0,0.0,64942000.0,14579160.0,17851480.0,0.0,42341852.0,37051256.0,97244584.0,0
2025-09-11,1271.0,1287.0,1269.0,1287.0,58770.0,27510074.0,0.0,97617280.0,37897536.0,27830800.0,0.0,112210350.0,22983730.0,163024880.0,0
2025-09-12,1287.0,1299.0,1273.0,1296.0,66367.0,7435242.0,0.0,35079428.0,32378402.0,7204782.0,0.0,64361224.0,3327068.0,74893070.0,0
2025-09-15,1286.0,1320.0,1278.0,1319.0,69086.0,8420310.0,0.0,68267560.0,8271262.0,5697567.0,0.0,66194404.0,13067163.0,84959140.0,0
2025-09-16,1319.0,1325.0,1295.0,1312.0,102914.0,9325762.0,0.0,76821420.0,2728505.0,12046786.0,0.0,51173056.0,25655848.0,88875690.0,0
2025-09-17,1300.0,1306.0,1289.0,1300.0,46404.0,13074321.0,0.0,110890480.0,10188076.0,13624977.0,0.0,83315290.0,37212616.0,134152880.0,0
2025-09-18,1298.0,1309.0,1291.0,1300.0,140529.0,6173966.0,999460.0,48092496.0,4856351.0,6433543.0,0.0,30259944.0,23428786.0,60122270.0,0
2025-09-19,1300.0,1300.0,1283.0,1295.0,54429.0,8938586.0,0.0,146618050.0,26618636.0,9273316.0,1309.0,170451570.0,2449068.0,182175260.0,0
2025-09-22,1295.0,1295.0,1279.0,1289.0,43261.0,6826640.0,0.0,58767120.0,4467521.0,6863692.0,0.0,43098884.0,20098708.0,70061280.0,0
2025-09-23,1299.0,1299.0,1270.0,1271.0,116131.0,11435994.0,0.0,44042532.0,33410.0,11922544.0,0.0,36407124.0,7182269.0,55511936.0,0
2025-09-24,1273.0,1282.0,1251.0,1280.0,94761.0,10922700.0,0.0,91535880.0,45682204.0,3933376.0,0.0,125134536.0,19072868.0,148140780.0,0
2025-09-25,1272.0,1278.0,1255.0,1269.0,94883.0,8059647.0,997569.0,100754990.0,9457477.0,15799090.0,97432.0,91894130.0,11479028.0,119269680.0,0
2025-09-26,1269.0,1269.0,1249.0,1259.0,62674.0,20369172.0,0.0,88867590.0,10316460.0,20293628.0,0.0,85572904.0,13686690.0,119553224.0,0
2025-09-29,1261.0,1265.0,1247.0,1264.0,43941.0,4268489.0,0.0,62018990.0,12388347.0,4084332.0,0.0,55266824.0,19324674.0,78675830.0,0
2025-09-30,1269.0,1269.0,1248.0,1261.0,63345.0,666233.0,0.0,46995296.0,7514082.0,16936978.0,0.0,33257852.0,4980780.0,55175612.0,0
2025-10-01,1270.0,1270.0,1237.0,1257.0,181312.0,6064716.0,0.0,69516240.0,3770530.0,8178540.0,0.0,41555184.0,29617760.0,79351490.0,0
2025-10-02,1257.0,1257.0,1240.0,1244.0,175129.0,9064407.0,0.0,207294190.0,8927825.0,63832510.0,0.0,135555680.0,25898224.0,225286420.0,0
2025-10-10,1235.0,1240.0,1166.0,1213.0,279920.0,8536671.0,0.0,160933860.0,48265372.0,19796500.0,0.0,162678940.0,35260450.0,217735890.0,0
2025-10-13,1209.0,1210.0,1191.0,1210.0,170906.0,40208760.0,6682500.0,267686830.0,25664496.0,18177286.0,0.0,310280830.0,11784469.0,340242600.0,0
2025-10-14,1201.0,1210.0,1196.0,1209.0,70824.0,26304000.0,0.0,118249544.0,60791776.0,28686852.0,1785693.0,163610540.0,11262227.0,205345310.0,0
2025-10-15,1200.0,1221.0,1200.0,1215.0,71039.0,11723566.0,0.0,66965680.0,6377821.0,34439230.0,0.0,41291780.0,9336056.0,85067070.0,0
2025-10-16,1220.0,1220.0,1198.0,1214.0,191283.0,24804796.0,0.0,41381124.0,19812236.0,18205692.0,0.0,63687800.0,4104663.0,85998150.0,0
2025-10-17,1216.0,1216.0,1200.0,1200.0,94986.0,8099181.0,0.0,219286200.0,3336828.0,30071510.0,0.0,116732280.0,83918430.0,230722220.0,0
2025-10-20,1216.0,1216.0,1192.0,1199.0,128620.0,14029248.0,0.0,83585660.0,16756935.0,11508990.0,0.0,68739470.0,34123384.0,114371840.0,0
2025-10-21,1199.0,1228.0,1193.0,1224.0,638633.0,19215312.0,0.0,116816856.0,18104796.0,12478020.0,0.0,114961830.0,26697112.0,154136960.0,0
2025-10-22,1235.0,1245.0,1191.0,1203.0,498358.0,67272140.0,0.0,684901950.0,39428960.0,41425910.0,12070000.0,574619500.0,163487580.0,791603000.0,0
2025-10-23,1209.0,1209.0,1196.0,1199.0,122847.0,39925200.0,992992.0,503688420.0,57864616.0,42948330.0,0.0,456140830.0,103382056.0,602471230.0,0
2025-10-24,1204.0,1204.0,1195.0,1200.0,128269.0,2548738.0,0.0,140709200.0,4088334.0,10949222.0,0.0,111630880.0,24766170.0,147346270.0,0
2025-10-27,1209.0,1209.0,1194.0,1196.0,187759.0,327075.0,0.0,152881660.0,480371.0,28903714.0,0.0,67069684.0,57715716.0,153689120.0,0
2025-10-28,1190.0,1199.0,1188.0,1197.0,109315.0,5197444.0,0.0,187581390.0,32172242.0,4650277.0,0.0,163349540.0,56951260.0,224951070.0,0
2025-10-29,1202.0,1202.0,1190.0,1194.0,163221.0,12824889.0,0.0,110620080.0,7000596.0,5232509.0,963976.0,89294020.0,34955060.0,130445560.0,0
2025-10-30,1194.0,1194.0,1110.0,1169.0,245432.0,6843131.0,45428204.0,135079120.0,7585784.0,16176173.0,5600046.0,143102030.0,30057980.0,194936240.0,0
2025-10-31,1169.0,1169.0,1158.0,1165.0,55258.0,37275496.0,7068000.0,225950220.0,17516580.0,26336008.0,62575900.0,138386690.0,60511690.0,287810300.0,0
2025-11-03,1162.0,1169.0,1139.0,1143.0,206634.0,8332803.0,0.0,44732650.0,11077252.0,11960505.0,0.0,40999180.0,11183019.0,64142704.0,0
2025-11-04,1154.0,1154.0,1130.0,1149.0,179003.0,21173320.0,0.0,210006400.0,6287860.0,25070072.0,0.0,161922850.0,50474664.0,237467580.0,0
2025-11-05,1141.0,1145.0,1114.0,1145.0,135911.0,15852677.0,4923500.0,149419710.0,33473410.0,27992312.0,0.0,144902800.0,30774188.0,203669300.0,0
2025-11-06,1150.0,1160.0,1132.0,1157.0,113814.0,24736684.0,1000302.0,112354140.0,15050877.0,13580197.0,0.0,77643340.0,61918468.0,153142020.0,0
2025-11-07,1162.0,1162.0,1131.0,1156.0,127743.0,31004888.0,0.0,65236724.0,33909184.0,31218256.0,1011729.0,81349660.0,16571144.0,130150800.0,0
2025-11-10,1162.0,1183.0,1150.0,1178.0,89133.0,52964370.0,0.0,72179950.0,21123074.0,20779432.0,0.0,89843820.0,35644144.0,146267400.0,0
2025-11-11,1178.0,1198.0,1174.0,1197.0,91089.0,16474323.0,0.0,78239810.0,9364276.0,32048544.0,0.0,58746364.0,13283502.0,104078410.0,0
2025-11-12,1194.0,1197.0,1180.0,1189.0,81677.0,28344260.0,90629.0,68218330.0,11243073.0,27219642.0,90937.0,71697710.0,8888004.0,107896290.0,0
2025-11-13,1183.0,1199.0,1183.0,1196.0,89148.0,23982312.0,0.0,67294520.0,6051908.0,20816500.0,7164002.0,64482788.0,4865451.0,97328744.0,0
2025-11-14,1196.0,1204.0,1173.0,1200.0,117544.0,29220956.0,2999072.0,54020656.0,19732200.0,17769956.0,3008360.0,80409060.0,4785511.0,105972880.0,0
2025-11-17,1200.0,1208.0,1183.0,1200.0,110217.0,33309846.0,18784.0,65635376.0,41585930.0,17757988.0,19088.0,112938376.0,9834482.0,140549940.0,0
2025-11-18,1200.0,1204.0,1172.0,1192.0,123148.0,33250438.0,0.0,73067090.0,24774004.0,40982424.0,0.0,73361380.0,16747732.0,131091530.0,0
2025-11-19,1178.0,1192.0,1178.0,1187.0,38721.0,34533390.0,0.0,93137260.0,18298182.0,38702850.0,0.0,74725970.0,32540020.0,145968830.0,0
2025-11-20,1187.0,1210.0,1185.0,1200.0,116622.0,9158579.0,218300.0,29116064.0,7344367.0,8301419.0,218855.0,29183596.0,8133440.0,45837308.0,0
2025-11-21,1200.0,1217.0,1185.0,1206.0,92561.0,51958576.0,0.0,49040996.0,38452416.0,19672694.0,0.0,115112660.0,4666634.0,139451980.0,0
2025-11-24,1226.0,1226.0,1184.0,1198.0,88716.0,19899064.0,0.0,73440540.0,18098436.0,36236364.0,0.0,69279170.0,5922506.0,111438040.0,0
2025-11-25,1209.0,1209.0,1190.0,1196.0,121950.0,27675458.0,0.0,54489390.0,23787418.0,21630764.0,0.0,72634424.0,11687082.0,105952264.0,0
2025-11-26,1202.0,1205.0,1194.0,1200.0,28929.0,33878972.0,0.0,62165604.0,49564220.0,12862448.0,0.0,123736490.0,9009863.0,145608800.0,0
2025-11-27,1213.0,1213.0,1192.0,1199.0,47306.0,6263811.0,0.0,15317555.0,13029750.0,3292695.0,0.0,28343668.0,2974754.0,34611116.0,0
2025-11-28,1223.0,1223.0,1188.0,1200.0,74192.0,8039781.0,0.0,40182924.0,8350686.0,10567507.0,0.0,44114090.0,1891797.0,56573390.0,0
2025-12-01,1206.0,1206.0,1190.0,1200.0,43138.0,10336217.0,0.0,61463140.0,17091004.0,4742480.0,0.0,81922380.0,2225499.0,88890360.0,0
2025-12-02,1188.0,1209.0,1188.0,1204.0,21414.0,8124869.0,0.0,38606144.0,4796388.0,8388278.0,0.0,33662496.0,9476630.0,51527400.0,0
2025-12-03,1205.0,1205.0,1199.0,1204.0,51899.0,2054989.0,0.0,16782956.0,6852076.0,2700421.0,0.0,20327174.0,2662427.0,25690022.0,0
2025-12-04,1210.0,1210.0,1191.0,1205.0,67469.0,8508177.0,0.0,45787176.0,8058580.0,11093620.0,0.0,50048270.0,1212044.0,62353936.0,0
2025-12-05,1209.0,1209.0,1193.0,1202.0,124669.0,23963718.0,0.0,46537404.0,10245324.0,13290885.0,0.0,58727372.0,8728189.0,80746450.0,0
2025-12-08,1209.0,1210.0,1184.0,1202.0,236872.0,21168492.0,0.0,106191760.0,22131564.0,36703596.0,0.0,104495320.0,8292903.0,149491820.0,0
2025-12-09,1202.0,1202.0,1186.0,1202.0,72761.0,19940464.0,999966.0,235363220.0,25313040.0,51227604.0,0.0,201489040.0,28900040.0,281616670.0,0
2025-12-10,1204.0,1204.0,1190.0,1202.0,55193.0,17257144.0,0.0,60448136.0,8972159.0,16173168.0,0.0,53691004.0,16813268.0,86677440.0,0
2025-12-11,1206.0,1219.0,1192.0,1215.0,195796.0,8476093.0,0.0,53758948.0,3873006.0,26322820.0,0.0,34329010.0,5456219.0,66108050.0,0
2025-12-12,1215.0,1278.0,1215.0,1246.0,626466.0,54397616.0,5056800.0,89385220.0,87669070.0,34993010.0,1006638.0,183091380.0,17417676.0,236508700.0,0
2025-12-15,1233.0,1260.0,1225.0,1250.0,240560.0,135980110.0,5981760.0,466417100.0,174750020.0,84039150.0,1007860.0,645849800.0,52232190.0,783128960.0,0
2025-12-16,1255.0,1255.0,1225.0,1251.0,128841.0,44995916.0,775629.0,206372860.0,44855880.0,42267024.0,5007523.0,229485630.0,20240108.0,297000300.0,0
2025-12-17,1251.0,1256.0,1230.0,1256.0,87469.0,25946326.0,0.0,116998376.0,15883021.0,45970630.0,0.0,71202550.0,41654536.0,158827730.0,0
2025-12-18,1247.0,1259.0,1235.0,1247.0,111401.0,21394376.0,0.0,80263810.0,6857343.0,40005920.0,754856.0,47218520.0,20536232.0,108515530.0,0
2025-12-19,1240.0,1254.0,1233.0,1254.0,133514.0,22390492.0,1998010.0,108062560.0,5865076.0,35349236.0,2002840.0,64427970.0,36536090.0,138316130.0,0
2025-12-22,1247.0,1259.0,1238.0,1254.0,113125.0,48114010.0,0.0,90849340.0,26533850.0,31393600.0,0.0,130148180.0,3955423.0,165497200.0,0
2025-12-23,1245.0,1258.0,1230.0,1246.0,156811.0,23793206.0,0.0,109430420.0,7593397.0,22026912.0,0.0,103634900.0,15155205.0,140817020.0,0
2025-12-24,1241.0,1247.0,1240.0,1246.0,95567.0,6839275.0,1995018.0,180351540.0,4708688.0,17624868.0,1254.0,137657680.0,38610710.0,193894510.0,0
2025-12-26,1243.0,1260.0,1239.0,1260.0,189670.0,2000120.0,1998880.0,101665620.0,13196772.0,5649841.0,2003716.0,105609840.0,5597987.0,118861384.0,0
2025-12-29,1250.0,1259.0,1221.0,1258.0,99193.0,16121442.0,0.0,165630860.0,54997812.0,14094808.0,2006604.0,217480540.0,3168162.0,236750130.0,0
2025-12-30,1244.0,1245.0,1216.0,1240.0,113652.0,3960867.0,0.0,117603260.0,414175.0,23339440.0,0.0,42086850.0,56552012.0,121978300.0,0
