날짜,시가,고가,저가,종가,거래량,매수_기관합계,매수_기타법인,매수_개인,매수_외국인합계,매도_기관합계,매도_기타법인,매도_개인,매도_외국인합계,전체,predictable
2016-11-01,5530.0,5790.0,5530.0,5700.0,115012.0,0.0,1685600.0,647609400.0,5102180.0,1457880.0,0.0,637540600.0,15398700.0,654397200.0,0
2016-11-02,5700.0,5870.0,5600.0,5760.0,42386.0,0.0,1685600.0,647609400.0,5102180.0,1457880.0,0.0,637540600.0,15398700.0,654397200.0,0
2016-11-03,5760.0,5870.0,5720.0,5800.0,27957.0,0.0,3057600.0,227114000.0,12362230.0,2545230.0,4049200.0,209488220.0,26451170.0,242533820.0,0
2016-11-04,5800.0,5870.0,5650.0,5780.0,15101.0,0.0,1144000.0,134294290.0,26009760.0,0.0,0.0,135696030.0,25752010.0,161448050.0,0
2016-11-07,5710.0,5810.0,5680.0,5800.0,7170.0,0.0,0.0,83539230.0,3045040.0,0.0,0.0,72428280.0,14155990.0,86584270.0,0
2016-11-08,5800.0,5810.0,5680.0,5760.0,10722.0,654170.0,11094120.0,26956020.0,2398380.0,471920.0,0.0,32842110.0,7788660.0,41102690.0,0
2016-11-09,5800.0,5800.0,5310.0,5550.0,101533.0,51840.0,300040.0,61115830.0,276850.0,8350800.0,0.0,37952880.0,15440880.0,61744560.0,0
2016-11-10,5740.0,5780.0,5520.0,5750.0,34128.0,16020.0,51778780.0,477623360.0,24168990.0,5642920.0,0.0,521342800.0,26601450.0,553587140.0,0
2016-11-11,5810.0,5930.0,5780.0,5930.0,23316.0,0.0,17170480.0,145835630.0,31511320.0,74590.0,5670.0,186078980.0,8358190.0,194517420.0,0
2016-11-14,5930.0,5930.0,5790.0,5870.0,12889.0,5900.0,6259840.0,115773810.0,14592290.0,0.0,0.0,136585260.0,46580.0,136631840.0,0
2016-11-15,5870.0,5890.0,5720.0,5860.0,33915.0,0.0,3951780.0,68708160.0,2744790.0,87730.0,0.0,66672390.0,8644610.0,75404730.0,0
2016-11-16,5970.0,5970.0,5800.0,5890.0,30054.0,5740.0,0.0,181116020.0,16131170.0,128800.0,0.0,191062380.0,6061750.0,197252930.0,0
2016-11-17,5890.0,5920.0,5810.0,5880.0,22622.0,0.0,0.0,138033860.0,38489660.0,1448940.0,0.0,155994940.0,19079630.0,176523500.0,0
2016-11-18,5880.0,5880.0,5760.0,5830.0,21496.0,381250.0,1992390.0,94450500.0,35399910.0,5406610.0,0.0,119474490.0,7342950.0,132224050.0,0
2016-11-21,5860.0,5970.0,5800.0,5900.0,16723.0,133850.0,3644130.0,114700560.0,6493680.0,3666660.0,0.0,114453510.0,6852050.0,124972220.0,0
2016-11-22,5950.0,5950.0,5810.0,5850.0,14696.0,0.0,1763680.0,84678800.0,11655450.0,1766810.0,0.0,92195240.0,4135880.0,98097930.0,0
2016-11-23,5830.0,5890.0,5770.0,5810.0,21103.0,0.0,0.0,66991310.0,19199470.0,7709400.0,0.0,78410700.0,70680.0,86190780.0,0
2016-11-24,5790.0,5840.0,5690.0,5810.0,27875.0,0.0,23309020.0,98924780.0,343580.0,0.0,0.0,116832360.0,5745020.0,122577380.0,0
2016-11-25,5810.0,5890.0,5790.0,5830.0,18313.0,371200.0,5710000.0,143496180.0,10486150.0,1489800.0,0.0,155752130.0,2821610.0,160063540.0,0
2016-11-28,5850.0,5930.0,5800.0,5880.0,26269.0,374200.0,1254960.0,94257110.0,10908530.0,0.0,0.0,104026750.0,2768050.0,106794800.0,0
2016-11-29,5890.0,6070.0,5880.0,6000.0,53407.0,21455910.0,257400.0,117653260.0,14923750.0,229010.0,29273020.0,124617520.0,170770.0,154290320.0,0
2016-11-30,6120.0,6580.0,6040.0,6390.0,264245.0,28950620.0,7660400.0,243604640.0,39591900.0,0.0,25328000.0,292027360.0,2452210.0,319807550.0,0
2016-12-01,6350.0,6440.0,6300.0,6320.0,54113.0,28559440.0,13500960.0,1547575400.0,76364170.0,2395560.0,329345000.0,1301008800.0,33250660.0,1666000000.0,0
2016-12-02,6380.0,6600.0,6360.0,6420.0,76079.0,39485990.0,9063030.0,278547900.0,18075140.0,0.0,12856700.0,324863300.0,7452040.0,345172060.0,0
2016-12-05,6420.0,6500.0,6340.0,6440.0,51646.0,29306120.0,30912910.0,418146050.0,14965420.0,96300.0,15843600.0,460290180.0,17100430.0,493330500.0,0
2016-12-06,6440.0,6520.0,6340.0,6350.0,41481.0,17865270.0,3844380.0,296641820.0,12452730.0,0.0,0.0,328213300.0,2590880.0,330804200.0,0
2016-12-07,6440.0,6480.0,6340.0,6410.0,38483.0,18082500.0,3655340.0,229512430.0,14520990.0,0.0,0.0,261720220.0,4051030.0,265771260.0,0
2016-12-08,6550.0,6550.0,6270.0,6390.0,37042.0,15313040.0,1278390.0,217881090.0,11983660.0,1311430.0,0.0,241204510.0,3940220.0,246456180.0,0
2016-12-09,6370.0,6460.0,6300.0,6370.0,19504.0,1718760.0,5548980.0,210604930.0,18105270.0,6958740.0,0.0,220654060.0,8365130.0,235977940.0,0
2016-12-12,6500.0,6750.0,6350.0,6670.0,259767.0,16816410.0,0.0,99950030.0,7252710.0,3680020.0,0.0,119454950.0,884180.0,124019150.0,0
2016-12-13,6670.0,6700.0,6580.0,6660.0,55482.0,46964710.0,99796690.0,1540313200.0,35014350.0,57113890.0,80457600.0,1534726400.0,49791140.0,1722089000.0,0
2016-12-14,6560.0,6640.0,6500.0,6630.0,62558.0,73260.0,6680.0,344690620.0,24938760.0,46630.0,5175320.0,302008670.0,62478710.0,369709340.0,0
2016-12-15,6560.0,6560.0,6380.0,6460.0,70448.0,1135110.0,309800.0,396931460.0,12375100.0,3567770.0,0.0,390895330.0,16288360.0,410751460.0,0
2016-12-16,6490.0,6560.0,6340.0,6420.0,41847.0,2205760.0,6430.0,439311700.0,13736330.0,764780.0,1863360.0,428629020.0,24003090.0,455260220.0,0
2016-12-19,6380.0,6650.0,6350.0,6590.0,88262.0,8014310.0,315060.0,246444660.0,15414820.0,205130.0,1950380.0,251251550.0,16781780.0,270188830.0,0
2016-12-20,6650.0,6810.0,6590.0,6790.0,296310.0,4059330.0,10470480.0,529433860.0,31210400.0,1899100.0,58594250.0,508889860.0,5790850.0,575174100.0,0
2016-12-21,6790.0,6990.0,6740.0,6980.0,221632.0,2428290.0,24766300.0,1825991000.0,140482750.0,6730000.0,139745500.0,1821414100.0,25778790.0,1993668400.0,0
2016-12-22,6980.0,7380.0,6870.0,7290.0,361801.0,34473140.0,6900.0,1425830100.0,65121180.0,4861850.0,34513800.0,1454746600.0,31309120.0,1525431400.0,1
2016-12-23,7380.0,7870.0,7380.0,7530.0,559934.0,512626940.0,7000.0,1938461300.0,132062810.0,23434660.0,70400000.0,2440476700.0,48846700.0,2583158000.0,1
2016-12-26,7610.0,7680.0,7310.0,7310.0,174400.0,413714400.0,42676960.0,3655053800.0,150458930.0,45294950.0,35759690.0,4025888500.0,154960980.0,4261904100.0,0
2016-12-27,7380.0,7530.0,7120.0,7120.0,340729.0,162755950.0,7470.0,1059485060.0,77208200.0,252750.0,0.0,1095525800.0,203678220.0,1299456600.0,1
2016-12-28,6110.0,6190.0,5720.0,5900.0,1350059.0,285567550.0,7310.0,2077994000.0,112938090.0,124537160.0,0.0,2243423000.0,108546880.0,2476507000.0,1
2016-12-29,5980.0,5980.0,5590.0,5660.0,399567.0,94255600.0,12060.0,7590195000.0,388433020.0,788593000.0,144265500.0,7001737700.0,138299550.0,8072896000.0,1
2017-01-02,5670.0,5680.0,5420.0,5450.0,286862.0,11347280.0,0.0,2191938600.0,89263370.0,186837650.0,102670.0,1924432400.0,181176540.0,2292549400.0,0
2017-01-03,5460.0,5580.0,5450.0,5520.0,217796.0,353140.0,0.0,1566453500.0,14386000.0,104080120.0,5520.0,1437580800.0,39526190.0,1581192600.0,0
2017-01-04,5500.0,5620.0,5470.0,5550.0,156179.0,0.0,187788200.0,948847550.0,61862400.0,185386000.0,0.0,903068160.0,110043980.0,1198498200.0,0
2017-01-05,5620.0,5650.0,5500.0,5560.0,146441.0,204640.0,140595740.0,693162750.0,29838220.0,2580200.0,0.0,752333800.0,108887380.0,863801400.0,0
2017-01-06,5570.0,5600.0,5550.0,5570.0,94353.0,0.0,197358110.0,577299800.0,40958010.0,942410.0,0.0,775534100.0,39139410.0,815615900.0,0
2017-01-09,5580.0,5670.0,5570.0,5640.0,104168.0,0.0,146018300.0,374805000.0,4175960.0,5605280.0,0.0,489367330.0,30026650.0,524999260.0,0
2017-01-10,5650.0,5650.0,5550.0,5590.0,70074.0,0.0,6963940.0,539528000.0,39856200.0,7920500.0,0.0,552738600.0,25689010.0,586348100.0,0
2017-01-11,5600.0,5600.0,5560.0,5570.0,56511.0,0.0,44400000.0,332061660.0,13890070.0,4693280.0,0.0,364183500.0,21474970.0,390351740.0,0
2017-01-12,5610.0,5620.0,5550.0,5610.0,52652.0,0.0,50106580.0,220892400.0,44126410.0,14870280.0,0.0,272557100.0,27698010.0,315125380.0,0
2017-01-13,5580.0,5620.0,5560.0,5600.0,73788.0,15023570.0,122917390.0,119121020.0,36417760.0,19111280.0,0.0,261821490.0,12546970.0,293479740.0,0
2017-01-16,5640.0,5660.0,5570.0,5640.0,46262.0,850380.0,86785920.0,302352300.0,21881160.0,5064360.0,0.0,392574140.0,14231230.0,411869760.0,0
2017-01-17,5630.0,5690.0,5580.0,5610.0,52608.0,22489930.0,2122160.0,222292420.0,13438700.0,1874370.0,0.0,239561150.0,18907690.0,260343220.0,0
2017-01-18,5610.0,5610.0,5570.0,5580.0,39339.0,35153490.0,5640000.0,235636940.0,19152900.0,1330630.0,0.0,273809100.0,20443610.0,295583330.0,0
2017-01-19,5560.0,5610.0,5540.0,5560.0,28031.0,4258220.0,123770420.0,91272530.0,195690.0,3874740.0,0.0,173723710.0,41898400.0,219496860.0,0
2017-01-20,5580.0,5790.0,5530.0,5710.0,114996.0,852020.0,38747500.0,108896740.0,7416350.0,19729410.0,0.0,127306090.0,8877110.0,155912600.0,0
2017-01-23,5750.0,5790.0,5580.0,5580.0,58092.0,873260.0,157096210.0,468990100.0,21088900.0,4255310.0,1004950.0,612252350.0,30535830.0,648048450.0,0
2017-01-24,5580.0,5620.0,5550.0,5600.0,51896.0,0.0,594120.0,304036580.0,23811390.0,671200.0,0.0,263636860.0,64134030.0,328442100.0,0
2017-01-25,5620.0,5660.0,5580.0,5600.0,58562.0,1993730.0,141634220.0,144035860.0,1365510.0,300580.0,0.0,265326260.0,23402480.0,289029300.0,0
2017-01-26,5610.0,5710.0,5610.0,5680.0,53480.0,88696040.0,0.0,234304780.0,6109270.0,0.0,15481000.0,301701060.0,11928040.0,329110080.0,0
2017-01-31,5680.0,5830.0,5680.0,5810.0,67508.0,70059320.0,23921680.0,153138580.0,56493530.0,1173670.0,23832840.0,271245340.0,7361240.0,303613100.0,0
2017-02-01,5820.0,5940.0,5800.0,5900.0,57699.0,78507120.0,5800000.0,280014200.0,24936600.0,0.0,0.0,378824030.0,10433900.0,389257950.0,0
2017-02-02,5900.0,5920.0,5730.0,5920.0,64587.0,46952260.0,0.0,271929400.0,20455960.0,0.0,0.0,275507900.0,63829720.0,339337630.0,0
2017-02-03,5900.0,5940.0,5810.0,5850.0,72161.0,68774180.0,0.0,282420220.0,29387040.0,2841240.0,18780400.0,330475520.0,28484270.0,380581440.0,0
2017-02-06,5820.0,5880.0,5750.0,5800.0,42242.0,80099090.0,0.0,341252400.0,2079400.0,2688310.0,0.0,328268800.0,92473790.0,423430900.0,0
2017-02-07,5830.0,5840.0,5690.0,5740.0,42221.0,141164380.0,1156000.0,100659380.0,2136150.0,872580.0,922200.0,217528270.0,25792860.0,245115900.0,0
2017-02-08,5740.0,5850.0,5730.0,5810.0,34576.0,103989510.0,0.0,126136380.0,11912500.0,57540.0,0.0,220419060.0,21561790.0,242038380.0,0
2017-02-09,5760.0,5920.0,5760.0,5920.0,45635.0,83746690.0,0.0,110459550.0,6369360.0,0.0,14948150.0,181985040.0,3642410.0,200575600.0,0
2017-02-10,5920.0,5930.0,5820.0,5930.0,33637.0,68219240.0,0.0,191539340.0,8477530.0,0.0,0.0,260340700.0,7895410.0,268236130.0,0
2017-02-13,5930.0,5960.0,5860.0,5930.0,27799.0,56155340.0,0.0,141690140.0,354600.0,436990.0,0.0,171931500.0,25831580.0,198200080.0,0
2017-02-14,5930.0,5990.0,5890.0,5960.0,58052.0,64002350.0,0.0,100756380.0,0.0,6241280.0,5930000.0,149504130.0,3083330.0,164758740.0,0
2017-02-15,5980.0,6020.0,5940.0,6000.0,54987.0,57131540.0,0.0,280640200.0,7545030.0,1343590.0,0.0,340541300.0,3431880.0,345316770.0,0
2017-02-16,6000.0,6030.0,5940.0,6010.0,48479.0,59416350.0,0.0,269268960.0,532220.0,0.0,0.0,324105250.0,5112260.0,329217540.0,0
2017-02-17,6000.0,6010.0,5960.0,6000.0,25395.0,69645890.0,0.0,190523180.0,30603610.0,0.0,3414300.0,275458850.0,11899530.0,290772670.0,0
2017-02-20,6000.0,6010.0,5930.0,6000.0,23361.0,67500870.0,0.0,84622220.0,0.0,2107590.0,0.0,146784860.0,3230630.0,152123090.0,0
2017-02-21,6000.0,6000.0,5950.0,5980.0,34790.0,89154160.0,0.0,44718060.0,6170140.0,599750.0,0.0,138806540.0,636060.0,140042370.0,0
2017-02-22,6020.0,6020.0,5940.0,5980.0,24218.0,82537710.0,0.0,112690240.0,12331460.0,0.0,30451170.0,175513980.0,1594260.0,207559410.0,0
2017-02-23,5980.0,6010.0,5940.0,5990.0,29778.0,88873470.0,0.0,55261470.0,598000.0,6552690.0,0.0,120693280.0,17486970.0,144732940.0,0
2017-02-24,6000.0,6000.0,5970.0,5990.0,29720.0,82130980.0,0.0,88251330.0,7497700.0,5903680.0,0.0,171683100.0,293230.0,177880020.0,0
2017-02-27,5990.0,6000.0,5970.0,6000.0,38448.0,113827080.0,0.0,57103460.0,6914890.0,26182370.0,0.0,148451800.0,3211260.0,177845420.0,0
2017-02-28,6010.0,6150.0,5990.0,6120.0,82766.0,94446030.0,0.0,99434370.0,36406740.0,10585820.0,0.0,217360580.0,2340740.0,230287140.0,0
2017-03-02,6150.0,6190.0,6050.0,6130.0,82230.0,108387820.0,0.0,338362000.0,54387440.0,2024660.0,3843000.0,459014100.0,36255470.0,501137200.0,0
2017-03-03,6120.0,6140.0,6000.0,6050.0,40992.0,0.0,4999620.0,454017250.0,46029110.0,18970060.0,0.0,468590300.0,17485620.0,505045980.0,0
2017-03-06,6070.0,6070.0,5920.0,5950.0,47096.0,68055880.0,4999890.0,163156600.0,11228360.0,808170.0,0.0,227397550.0,19235010.0,247440740.0,0
2017-03-07,5950.0,6000.0,5910.0,5930.0,38128.0,29640780.0,3564000.0,221562020.0,26367670.0,1452570.0,125330.0,277001340.0,2555220.0,281134460.0,0
2017-03-08,5910.0,5990.0,5910.0,5950.0,24493.0,62245000.0,0.0,122224340.0,41876990.0,1554870.0,17828000.0,200511300.0,6452160.0,226346340.0,0
2017-03-09,5940.0,5980.0,5910.0,5940.0,36412.0,32742990.0,0.0,87595610.0,25173540.0,3692060.0,20304640.0,119633290.0,1882150.0,145512140.0,0
2017-03-10,5960.0,5960.0,5860.0,5930.0,33822.0,39920890.0,5040500.0,134233540.0,36822940.0,47285910.0,7592200.0,158091220.0,3048540.0,216017860.0,0
2017-03-13,5930.0,6000.0,5910.0,5970.0,25149.0,70691760.0,4109000.0,116607390.0,8167890.0,4446620.0,15716330.0,167923710.0,11489380.0,199576030.0,0
2017-03-14,5970.0,6060.0,5970.0,6010.0,24611.0,8718490.0,0.0,112453660.0,29121850.0,1232210.0,22805760.0,125463350.0,792680.0,150294000.0,0
2017-03-15,5980.0,6040.0,5940.0,5980.0,41753.0,2892410.0,1200000.0,131627090.0,12410450.0,3584940.0,0.0,143851550.0,693450.0,148129950.0,0
2017-03-16,5960.0,6000.0,5950.0,5980.0,36204.0,32286450.0,1782000.0,176869620.0,38123670.0,3255750.0,0.0,201969890.0,43836100.0,249061730.0,0
2017-03-17,5960.0,6030.0,5950.0,6010.0,28733.0,2350760.0,0.0,203429060.0,10325400.0,2400920.0,0.0,212774900.0,929400.0,216105220.0,0
2017-03-20,6080.0,6090.0,5960.0,5970.0,51386.0,2782940.0,6222320.0,150934600.0,11590920.0,0.0,0.0,165605740.0,5925030.0,171530780.0,0
2017-03-21,6000.0,6000.0,5900.0,5950.0,49702.0,0.0,0.0,293913570.0,15429920.0,11661990.0,0.0,272804740.0,24876780.0,309343500.0,0
2017-03-22,5960.0,5970.0,5830.0,5880.0,49053.0,77057970.0,0.0,198216500.0,19473390.0,315610.0,0.0,280133100.0,14299170.0,294747870.0,0
2017-03-23,5860.0,5950.0,5810.0,5950.0,44807.0,86078900.0,0.0,193209280.0,9516170.0,3590490.0,0.0,216833550.0,68380310.0,288804350.0,0
2017-03-24,5950.0,5980.0,5850.0,5970.0,35448.0,75416060.0,0.0,168666370.0,18820820.0,199410.0,0.0,233877760.0,28826080.0,262903250.0,0
2017-03-27,5920.0,5970.0,5860.0,5970.0,21575.0,65986900.0,0.0,116805540.0,27259900.0,641760.0,0.0,202043220.0,7367360.0,210052340.0,0
2017-03-28,6020.0,6020.0,5950.0,5980.0,19192.0,52507110.0,0.0,68810120.0,6504400.0,213480.0,1771610.0,122685120.0,3151420.0,127821630.0,0
2017-03-29,6000.0,6000.0,5940.0,5990.0,23669.0,45450500.0,0.0,41505780.0,27804990.0,754100.0,1783530.0,110997710.0,1225930.0,114761270.0,0
2017-03-30,6050.0,6050.0,5960.0,5990.0,27229.0,63659400.0,3222210.0,63076630.0,11411630.0,973240.0,3564090.0,135292030.0,1540510.0,141369870.0,0
2017-03-31,6030.0,6030.0,5960.0,6000.0,26633.0,68192040.0,0.0,76473560.0,18254110.0,0.0,4091790.0,158007180.0,820730.0,162919710.0,0
2017-04-03,6050.0,6050.0,5970.0,5990.0,79923.0,46672000.0,0.0,71373890.0,41419600.0,113620.0,0.0,158854700.0,497170.0,159465490.0,0
2017-04-04,6020.0,6050.0,5910.0,5930.0,69637.0,60743270.0,4800000.0,344836260.0,68576990.0,652660.0,33890000.0,424686980.0,19726900.0,478956540.0,0
2017-04-05,5930.0,5980.0,5910.0,5930.0,21609.0,0.0,0.0,377976640.0,38197620.0,17218750.0,0.0,383473660.0,15481870.0,416174270.0,0
2017-04-06,5910.0,5980.0,5890.0,5930.0,60451.0,0.0,0.0,112477600.0,15629490.0,3821710.0,5950.0,120553060.0,3726370.0,128107090.0,0
2017-04-07,5940.0,5970.0,5920.0,5960.0,30335.0,62496590.0,0.0,273072600.0,22242620.0,3362090.0,7140000.0,345720830.0,1588910.0,357811800.0,0
2017-04-10,5960.0,5960.0,5870.0,5870.0,54953.0,54537230.0,0.0,118019700.0,7512240.0,8661440.0,7703070.0,146212700.0,17491950.0,180069170.0,0
2017-04-11,5910.0,5910.0,5790.0,5850.0,75523.0,88600780.0,0.0,206137620.0,29815950.0,6176910.0,0.0,305366400.0,13011030.0,324554340.0,0
2017-04-12,5860.0,5950.0,5810.0,5850.0,32447.0,89620800.0,5800000.0,311925200.0,33302800.0,15736280.0,4672000.0,414095260.0,6145240.0,440648800.0,0
2017-04-13,5850.0,5950.0,5850.0,5910.0,34112.0,72871050.0,0.0,114349100.0,2685930.0,13743630.0,0.0,173562180.0,2600270.0,189906080.0,0
2017-04-14,5930.0,5950.0,5890.0,5930.0,27641.0,70578650.0,0.0,75915570.0,54392610.0,18979880.0,0.0,172192290.0,9714670.0,200886830.0,0
2017-04-17,5930.0,5950.0,5880.0,5930.0,32804.0,55765550.0,0.0,104134340.0,3440900.0,5769990.0,0.0,152284720.0,5286080.0,163340780.0,0
2017-04-18,5950.0,5950.0,5910.0,5920.0,26412.0,71867570.0,0.0,114314670.0,7602350.0,727410.0,0.0,190307580.0,2749600.0,193784590.0,0
2017-04-19,5940.0,5970.0,5920.0,5970.0,41792.0,64185380.0,0.0,72264460.0,20153910.0,2364070.0,0.0,154239680.0,0.0,156603740.0,0
2017-04-20,5980.0,6000.0,5940.0,5990.0,35114.0,62917230.0,0.0,142962940.0,42745640.0,12648790.0,0.0,235953310.0,23720.0,248625820.0,0
2017-04-21,6000.0,6050.0,5990.0,6030.0,60035.0,45524000.0,0.0,129552370.0,34921090.0,5225940.0,0.0,204352930.0,418600.0,209997460.0,0
2017-04-24,6040.0,6060.0,6000.0,6050.0,64267.0,15000000.0,0.0,273249470.0,72991890.0,204520.0,1204000.0,359832830.0,0.0,361241340.0,0
2017-04-25,6070.0,6080.0,6010.0,6080.0,39908.0,52949030.0,3910000.0,305165220.0,25590500.0,35977410.0,22827140.0,306941540.0,21868660.0,387614750.0,0
2017-04-26,6090.0,6090.0,6060.0,6090.0,29080.0,53012670.0,0.0,148525440.0,40158010.0,12741010.0,0.0,226186200.0,2768910.0,241696130.0,0
2017-04-27,6100.0,6330.0,6090.0,6320.0,174147.0,65911910.0,0.0,83646430.0,27200500.0,12164500.0,0.0,163785700.0,808640.0,176758850.0,0
2017-04-28,6340.0,6340.0,6130.0,6260.0,94742.0,3163040.0,0.0,927180160.0,156063840.0,26955220.0,10339500.0,1036929340.0,12183000.0,1086407000.0,0
2017-05-02,6260.0,6260.0,6170.0,6210.0,47639.0,36448780.0,4350740.0,536879550.0,12149930.0,4686590.0,0.0,487371550.0,97770840.0,589829000.0,0
2017-05-04,6280.0,6280.0,6200.0,6230.0,30465.0,67798850.0,6220.0,205672380.0,22583850.0,111960.0,0.0,283892030.0,12057310.0,296061300.0,0
2017-05-08,6190.0,6230.0,6160.0,6180.0,35591.0,52267590.0,6250.0,137024320.0,622030.0,7233450.0,0.0,180328270.0,2358470.0,189920200.0,0
2017-05-10,6170.0,6230.0,6100.0,6200.0,39657.0,88269430.0,1858230.0,121254680.0,9093110.0,6666170.0,0.0,198025740.0,15783540.0,220475460.0,0
2017-05-11,6200.0,6240.0,6180.0,6240.0,40809.0,57329990.0,0.0,160438510.0,26917960.0,618400.0,0.0,234778910.0,9289150.0,244686460.0,0
2017-05-12,6280.0,6360.0,6240.0,6340.0,74710.0,83214370.0,0.0,138280270.0,31845630.0,10997880.0,0.0,239550260.0,2792130.0,253340270.0,0
2017-05-15,6340.0,6460.0,6300.0,6460.0,84940.0,55642280.0,0.0,373689150.0,42391020.0,2962490.0,0.0,441924260.0,26835680.0,471722430.0,0
2017-05-16,6480.0,6480.0,6360.0,6450.0,69306.0,68552680.0,6380.0,455975520.0,18856070.0,3238310.0,0.0,511815300.0,28337050.0,543390660.0,0
2017-05-17,6490.0,6650.0,6460.0,6560.0,120703.0,99816160.0,12870.0,331765820.0,14169770.0,7663790.0,0.0,351880350.0,86220460.0,445764600.0,0
2017-05-18,6600.0,6600.0,6420.0,6490.0,76891.0,85756030.0,6530.0,680639040.0,24420860.0,1818460.0,0.0,760196160.0,28807840.0,790822460.0,0
2017-05-19,6490.0,6500.0,6410.0,6470.0,49692.0,101180520.0,6490.0,362988500.0,35380060.0,39214760.0,0.0,402676400.0,57664420.0,499555600.0,0
2017-05-22,6470.0,6540.0,6400.0,6510.0,60185.0,102460230.0,6480.0,198770460.0,19623850.0,3258360.0,3779100.0,300652220.0,13171320.0,320861020.0,0
2017-05-23,6510.0,6610.0,6490.0,6610.0,76514.0,60061300.0,6470.0,215362020.0,113600680.0,17677480.0,0.0,357562600.0,13790400.0,389030460.0,0
2017-05-24,6650.0,6780.0,6600.0,6720.0,110221.0,104119770.0,32264650.0,216003970.0,150206580.0,5447180.0,0.0,492961300.0,4186460.0,502594940.0,0
2017-05-25,6670.0,6720.0,6600.0,6670.0,64069.0,8607340.0,13453470.0,532323000.0,187266530.0,112728960.0,0.0,627001400.0,1919980.0,741650370.0,0
2017-05-26,6650.0,6700.0,6570.0,6670.0,65548.0,46885500.0,4256560.0,350210240.0,24249940.0,7707100.0,0.0,405405470.0,12489650.0,425602240.0,0
2017-05-29,6690.0,6690.0,6620.0,6680.0,49277.0,87696040.0,9326680.0,263551090.0,73187980.0,4568590.0,0.0,408734100.0,20459090.0,433761800.0,0
2017-05-30,6680.0,6760.0,6660.0,6760.0,51722.0,79913290.0,9996660.0,171956060.0,66431110.0,1450800.0,0.0,283109820.0,43736480.0,328297120.0,0
2017-05-31,6760.0,6790.0,6720.0,6790.0,43694.0,51373910.0,10026700.0,249812670.0,36174220.0,120190.0,0.0,335878750.0,11388570.0,347387500.0,0
2017-06-01,6850.0,6880.0,6730.0,6850.0,66779.0,144120860.0,13530.0,136601540.0,14627370.0,9048350.0,0.0,281221920.0,5093030.0,295363300.0,0
2017-06-02,6900.0,7150.0,6850.0,7120.0,211060.0,66035080.0,6157250.0,375664220.0,6982310.0,3564950.0,67770.0,395964160.0,55241990.0,454838850.0,0
2017-06-05,7170.0,7190.0,6990.0,7020.0,89375.0,108757940.0,5997510.0,968364740.0,401511170.0,2482290.0,7080000.0,1394147000.0,80922170.0,1484631300.0,0
2017-06-07,7000.0,7000.0,6900.0,6920.0,66636.0,84400.0,7150.0,563580350.0,67673150.0,239950.0,0.0,545058750.0,86046310.0,631345000.0,0
2017-06-08,6940.0,6940.0,6690.0,6830.0,135003.0,174040130.0,0.0,254428830.0,33403010.0,19559490.0,0.0,431260640.0,11051840.0,461871970.0,0
2017-06-09,6830.0,6960.0,6820.0,6880.0,42740.0,196761230.0,0.0,650024000.0,69877030.0,3851400.0,0.0,879132500.0,33678430.0,916662300.0,0
2017-06-12,6900.0,6900.0,6750.0,6800.0,40460.0,0.0,6890.0,277765820.0,17064260.0,1398160.0,0.0,265336050.0,28102750.0,294836960.0,0
2017-06-13,6850.0,6880.0,6780.0,6830.0,30462.0,82786980.0,0.0,151434080.0,40373810.0,15815320.0,0.0,228997100.0,29782440.0,274594880.0,0
2017-06-14,6890.0,6890.0,6790.0,6850.0,35624.0,1029000.0,6860.0,153811600.0,53803130.0,3574060.0,0.0,203156900.0,1919630.0,208650600.0,0
2017-06-15,6850.0,6850.0,6760.0,6810.0,33677.0,48156600.0,0.0,169392530.0,25688190.0,12772780.0,0.0,204519200.0,25945340.0,243237310.0,0
2017-06-16,6810.0,6830.0,6750.0,6820.0,27698.0,33951640.0,6790.0,190253630.0,4460610.0,9482530.0,0.0,185134340.0,34055800.0,228672670.0,0
2017-06-19,6830.0,6880.0,6760.0,6830.0,32366.0,44638850.0,6810.0,89890360.0,53651650.0,1405850.0,0.0,171098180.0,15683650.0,188187660.0,0
2017-06-20,6880.0,6880.0,6750.0,6780.0,54261.0,45435800.0,0.0,164384540.0,10532920.0,3289690.0,0.0,205938140.0,11125420.0,220353260.0,0
2017-06-21,6810.0,6810.0,6680.0,6730.0,37030.0,130620790.0,6790.0,212191680.0,25128140.0,12452470.0,0.0,326713180.0,28781740.0,367947400.0,0
2017-06-22,6730.0,6730.0,6630.0,6680.0,42910.0,32878360.0,6730.0,194877220.0,20991190.0,1090080.0,0.0,218500340.0,29163090.0,248753500.0,0
2017-06-23,6680.0,6770.0,6680.0,6730.0,12363.0,62177740.0,0.0,188892860.0,35027360.0,3497700.0,0.0,263964400.0,18635870.0,286098000.0,0
2017-06-26,6730.0,6740.0,6640.0,6690.0,24900.0,388600.0,0.0,54433380.0,28367200.0,12509000.0,0.0,55716830.0,14963350.0,83189180.0,0
2017-06-27,6690.0,6780.0,6690.0,6740.0,20131.0,55459550.0,134300.0,93694570.0,17009040.0,3759470.0,0.0,152292850.0,10245140.0,166297460.0,0
2017-06-28,6740.0,6810.0,6700.0,6770.0,59592.0,30059430.0,0.0,98117570.0,7618940.0,3402880.0,0.0,125835910.0,6557150.0,135795940.0,0
2017-06-29,6800.0,6980.0,6800.0,6920.0,62865.0,183652690.0,0.0,181296540.0,37634920.0,4903810.0,27315290.0,346417400.0,23947640.0,402584160.0,0
2017-06-30,6920.0,6940.0,6780.0,6810.0,23719.0,57313880.0,0.0,308509760.0,69034210.0,0.0,0.0,398258800.0,36599030.0,434857860.0,0
2017-07-03,6870.0,6980.0,6840.0,6910.0,26294.0,20585280.0,0.0,117753330.0,23928300.0,3611270.0,7067080.0,144823870.0,6764690.0,162266910.0,0
2017-07-04,6920.0,6980.0,6720.0,6740.0,30573.0,14342170.0,7384860.0,157269300.0,2872300.0,138020.0,0.0,164591410.0,17139200.0,181868620.0,0
2017-07-05,6740.0,6780.0,6510.0,6550.0,90982.0,0.0,0.0,203454380.0,5060750.0,8177120.0,0.0,132499710.0,67838300.0,208515140.0,0
2017-07-06,6570.0,6630.0,6560.0,6610.0,24133.0,95554640.0,0.0,477853700.0,28061910.0,5083920.0,0.0,447550700.0,148835650.0,601470300.0,0
2017-07-07,6560.0,6720.0,6560.0,6670.0,14680.0,65355790.0,0.0,81493160.0,12225890.0,2771230.0,0.0,120260030.0,36043580.0,159074850.0,0
2017-07-10,6670.0,6670.0,6580.0,6600.0,27123.0,36610960.0,0.0,59277610.0,2229640.0,2931370.0,0.0,70090770.0,25096070.0,98118210.0,0
2017-07-11,6640.0,6730.0,6610.0,6650.0,12753.0,29080660.0,0.0,145011920.0,5249370.0,2977940.0,0.0,148926860.0,27437150.0,179341950.0,0
2017-07-12,6660.0,6750.0,6600.0,6680.0,16378.0,6876100.0,0.0,61920650.0,15985050.0,0.0,0.0,82359280.0,2422520.0,84781800.0,0
2017-07-13,6720.0,6730.0,6630.0,6680.0,19585.0,46090200.0,0.0,60884880.0,2677580.0,0.0,0.0,108175050.0,1477610.0,109652660.0,0
2017-07-14,6700.0,6700.0,6640.0,6660.0,16128.0,0.0,0.0,130232400.0,563800.0,2573760.0,0.0,119854080.0,8368360.0,130796200.0,0
2017-07-17,6730.0,6740.0,6660.0,6740.0,13058.0,21024230.0,0.0,86020720.0,680340.0,1869700.0,0.0,93094080.0,12761510.0,107725290.0,0
2017-07-18,6740.0,6850.0,6700.0,6850.0,30963.0,13449550.0,0.0,67077870.0,6987100.0,0.0,0.0,82934060.0,4580460.0,87514520.0,0
2017-07-19,6860.0,6900.0,6760.0,6870.0,27175.0,75350260.0,0.0,112277330.0,22412280.0,5827940.0,0.0,202101540.0,2110390.0,210039870.0,0
2017-07-20,6870.0,6880.0,6800.0,6840.0,31110.0,3030630.0,0.0,167506580.0,14899120.0,0.0,0.0,180523460.0,4912870.0,185436340.0,0
2017-07-21,6840.0,6940.0,6740.0,6830.0,42392.0,0.0,29473620.0,133078020.0,50253360.0,0.0,0.0,210722220.0,2082780.0,212805000.0,0
2017-07-24,6840.0,6860.0,6730.0,6800.0,32305.0,0.0,61560.0,280087650.0,10201060.0,3671750.0,2063220.0,271488100.0,13127190.0,290350270.0,0
2017-07-25,6760.0,6800.0,6710.0,6730.0,27029.0,9635500.0,783150.0,197386050.0,11897060.0,7632800.0,0.0,209255820.0,2813140.0,219701760.0,0
2017-07-26,6770.0,6770.0,6700.0,6730.0,15989.0,9955340.0,243000.0,165692290.0,6316920.0,1891820.0,0.0,176138260.0,4177460.0,182207540.0,0
2017-07-27,6700.0,6750.0,6700.0,6720.0,19443.0,9941500.0,873120.0,92054180.0,4607030.0,1117170.0,0.0,102877800.0,3480860.0,107475830.0,0
2017-07-28,6720.0,6770.0,6700.0,6700.0,32034.0,0.0,6740.0,116834450.0,13910470.0,2622820.0,0.0,125642070.0,2486770.0,130751660.0,0
2017-07-31,6700.0,6720.0,6630.0,6680.0,15558.0,18506470.0,3570040.0,174375340.0,19203690.0,5499840.0,0.0,192560770.0,17594940.0,215655550.0,0
2017-08-01,6680.0,6760.0,6610.0,6750.0,21361.0,0.0,0.0,96349700.0,7304520.0,6957090.0,0.0,93598990.0,3098140.0,103654220.0,0
2017-08-02,6740.0,6770.0,6680.0,6710.0,29356.0,74250.0,20040.0,113731960.0,28615990.0,187670.0,0.0,139175020.0,3079550.0,142442240.0,0
2017-08-03,6720.0,6720.0,6580.0,6600.0,31405.0,13410.0,0.0,188553010.0,8133070.0,2268100.0,0.0,190291860.0,4139540.0,196699490.0,0
2017-08-04,6580.0,6620.0,6450.0,6550.0,35067.0,22323520.0,0.0,177099000.0,8413260.0,7709860.0,0.0,184809700.0,15316230.0,207835790.0,0
2017-08-07,6600.0,6610.0,6500.0,6590.0,12032.0,16946000.0,3286000.0,201557280.0,7220870.0,44420500.0,0.0,184148580.0,441080.0,229010140.0,0
2017-08-08,6590.0,6600.0,6520.0,6590.0,9127.0,0.0,176410.0,59992510.0,18898660.0,393600.0,46060.0,57125700.0,21502220.0,79067580.0,0
2017-08-09,6590.0,6590.0,6480.0,6480.0,36235.0,0.0,802280.0,57755800.0,1380610.0,9761370.0,6570.0,42765920.0,7404830.0,59938690.0,0
2017-08-10,6480.0,6480.0,6230.0,6420.0,50859.0,4492270.0,4132010.0,209952480.0,17394160.0,13416780.0,0.0,194464110.0,28090030.0,235970910.0,0
2017-08-11,6310.0,6370.0,6260.0,6290.0,20111.0,25444800.0,30539250.0,241065920.0,25089440.0,17583050.0,14655160.0,268520000.0,21381210.0,322139420.0,0
2017-08-14,6280.0,6380.0,6280.0,6330.0,13057.0,7351770.0,5471600.0,111668140.0,2135920.0,390270.0,13915400.0,99859460.0,12462300.0,126627430.0,0
2017-08-16,6340.0,6360.0,6290.0,6300.0,15162.0,3420720.0,17495010.0,52377740.0,9111920.0,2105420.0,2903660.0,56711220.0,20685090.0,82405390.0,0
2017-08-17,6340.0,6340.0,6280.0,6300.0,16480.0,711860.0,12688270.0,81942050.0,404640.0,0.0,3093300.0,75876410.0,16777110.0,95746820.0,0
2017-08-18,6290.0,6310.0,6240.0,6310.0,11660.0,0.0,54006240.0,49412610.0,359190.0,8740930.0,569960.0,86717020.0,7750130.0,103778040.0,0
2017-08-21,6290.0,6340.0,6260.0,6310.0,14056.0,25160.0,2155770.0,63163060.0,7851330.0,866980.0,6041500.0,59249000.0,7037840.0,73195320.0,0
2017-08-22,6340.0,6340.0,6260.0,6290.0,8202.0,0.0,5243330.0,76773660.0,6552060.0,0.0,14886530.0,52665820.0,21016700.0,88569050.0,0
2017-08-23,6300.0,6300.0,6200.0,6220.0,24810.0,0.0,3794900.0,47604610.0,75240.0,1011480.0,4235870.0,22106240.0,24121160.0,51474750.0,0
2017-08-24,6240.0,6240.0,6130.0,6190.0,34435.0,0.0,21610090.0,131301820.0,1423700.0,2434170.0,6658870.0,124137920.0,21104650.0,154335620.0,0
2017-08-25,6220.0,6220.0,6130.0,6130.0,10882.0,0.0,8134770.0,200622340.0,3646120.0,0.0,31732310.0,174457380.0,6213540.0,212403220.0,0
2017-08-28,6130.0,6290.0,6110.0,6170.0,13936.0,0.0,4849300.0,61862460.0,239850.0,172690.0,0.0,59117800.0,7661120.0,66951610.0,0
2017-08-29,6180.0,6230.0,6110.0,6110.0,17333.0,0.0,6202670.0,74739630.0,5149330.0,1932060.0,6078580.0,62459080.0,15621910.0,86091630.0,0
2017-08-30,6110.0,6190.0,6090.0,6100.0,18221.0,0.0,15326720.0,91238610.0,12320.0,814440.0,7265520.0,73675400.0,24822290.0,106577650.0,0
2017-08-31,6150.0,6150.0,6090.0,6140.0,7690.0,0.0,7411580.0,97713360.0,6518130.0,1363830.0,16397000.0,87855050.0,6027190.0,111643070.0,0
2017-09-01,6140.0,6150.0,6100.0,6140.0,7895.0,6120.0,1147240.0,45656800.0,201900.0,0.0,1475300.0,36876410.0,8660350.0,47012060.0,0
2017-09-04,6060.0,6120.0,6000.0,6040.0,15409.0,0.0,104080.0,44429760.0,3844600.0,2563230.0,4727770.0,32662410.0,8425030.0,48378440.0,0
2017-09-05,6040.0,6110.0,5980.0,6050.0,18861.0,0.0,3957980.0,88886390.0,90850.0,1971800.0,85680.0,78864690.0,12013050.0,92935220.0,0
2017-09-06,6050.0,6070.0,6020.0,6050.0,11113.0,35345490.0,1874510.0,76192090.0,301310.0,18090.0,741890.0,100419410.0,12534010.0,113713400.0,0
2017-09-07,6050.0,6110.0,6030.0,6100.0,10195.0,0.0,42310.0,65158920.0,1890460.0,3180990.0,0.0,55564950.0,8345750.0,67091690.0,0
2017-09-08,6170.0,6170.0,6070.0,6130.0,10528.0,0.0,18300.0,61652590.0,267490.0,327390.0,0.0,55483330.0,6127660.0,61938380.0,0
2017-09-11,6120.0,6160.0,6080.0,6130.0,15275.0,24520.0,0.0,63939980.0,354010.0,293760.0,0.0,48070880.0,15953870.0,64318510.0,0
2017-09-12,6150.0,6270.0,6120.0,6270.0,25436.0,18370.0,67220.0,92753830.0,458640.0,1283630.0,67530.0,78190980.0,13755920.0,93298060.0,0
2017-09-13,6280.0,6300.0,6180.0,6230.0,15439.0,0.0,0.0,140855420.0,17047530.0,25080.0,42382470.0,106275220.0,9220180.0,157902940.0,0
2017-09-14,6270.0,6270.0,6120.0,6180.0,15563.0,0.0,1887090.0,93897950.0,198720.0,6644650.0,771970.0,67754480.0,20812660.0,95983760.0,0
2017-09-15,6230.0,6230.0,6120.0,6130.0,27852.0,3612170.0,0.0,80469520.0,11676600.0,3022630.0,0.0,83192050.0,9543610.0,95758290.0,0
2017-09-18,6140.0,6280.0,6130.0,6240.0,12384.0,11956990.0,5373080.0,154530540.0,0.0,24840.0,14747330.0,135272670.0,21815770.0,171860620.0,0
2017-09-19,6250.0,6270.0,6180.0,6240.0,13734.0,0.0,0.0,63275210.0,13626750.0,149550.0,3289900.0,66748050.0,6714460.0,76901960.0,0
2017-09-20,6250.0,6270.0,6190.0,6220.0,20333.0,0.0,0.0,83883430.0,1460840.0,1495960.0,0.0,70344530.0,13503780.0,85344270.0,0
2017-09-21,6250.0,6250.0,6070.0,6190.0,22141.0,0.0,0.0,122770220.0,4035080.0,130960.0,31033740.0,75371930.0,20268670.0,126805300.0,0
2017-09-22,6190.0,6190.0,6060.0,6110.0,23216.0,0.0,0.0,131862120.0,4198380.0,135910.0,0.0,119905220.0,16019370.0,136060500.0,0
2017-09-25,6190.0,6190.0,5980.0,5980.0,28664.0,0.0,0.0,136064820.0,5301990.0,109720.0,0.0,107274370.0,33982720.0,141366820.0,0
2017-09-26,6000.0,6100.0,5900.0,6090.0,6713.0,234490.0,0.0,167009400.0,5166050.0,517190.0,29957900.0,103964660.0,37970190.0,172409940.0,0
2017-09-27,6090.0,6120.0,6000.0,6080.0,5238.0,0.0,0.0,38706230.0,1573990.0,0.0,0.0,32540820.0,7739400.0,40280220.0,0
2017-09-28,6070.0,6110.0,6000.0,6110.0,12824.0,0.0,0.0,28423680.0,3374700.0,967180.0,0.0,28091030.0,2740170.0,31798380.0,0
2017-09-29,6080.0,6150.0,6080.0,6130.0,12184.0,0.0,0.0,64549150.0,13089460.0,4039730.0,5395350.0,61923280.0,6280250.0,77638610.0,0
2017-10-10,6130.0,6230.0,6130.0,6170.0,21477.0,0.0,1183400.0,47595470.0,25707720.0,1152910.0,0.0,63523530.0,9810150.0,74486590.0,0
2017-10-11,6220.0,6230.0,6110.0,6150.0,29901.0,0.0,0.0,132381750.0,486820.0,0.0,3978990.0,114196850.0,14692730.0,132868570.0,0
2017-10-12,6200.0,6200.0,6100.0,6180.0,12444.0,0.0,8565410.0,154937570.0,20531690.0,98241580.0,0.0,61168700.0,24624380.0,184034660.0,0
2017-10-13,6190.0,6190.0,6150.0,6160.0,8840.0,1939180.0,0.0,72961850.0,1475410.0,1418920.0,0.0,67614630.0,7342890.0,76376440.0,0
2017-10-16,6190.0,6190.0,6040.0,6180.0,18797.0,0.0,0.0,54373660.0,61700.0,375820.0,0.0,42306120.0,11753420.0,54435360.0,0
2017-10-17,6200.0,6200.0,6120.0,6180.0,14910.0,0.0,0.0,113717480.0,514580.0,0.0,0.0,112705340.0,1526720.0,114232060.0,0
2017-10-18,6150.0,6200.0,6080.0,6120.0,19731.0,0.0,0.0,65206760.0,26499820.0,15661970.0,0.0,36046430.0,39998180.0,91706580.0,0
2017-10-19,6140.0,6140.0,6060.0,6090.0,11117.0,0.0,0.0,120540940.0,12260.0,23610770.0,0.0,33525700.0,63416730.0,120553200.0,0
2017-10-20,6100.0,6130.0,6060.0,6110.0,11768.0,0.0,0.0,67615350.0,12140.0,1830690.0,0.0,64813190.0,983610.0,67627490.0,0
2017-10-23,6150.0,6160.0,6060.0,6080.0,17754.0,0.0,3040000.0,64905020.0,3595540.0,23505030.0,0.0,45563480.0,2472050.0,71540560.0,0
2017-10-24,6080.0,6130.0,6050.0,6100.0,22250.0,0.0,6075000.0,98959820.0,2872340.0,20600610.0,0.0,86885340.0,421210.0,107907160.0,0
2017-10-25,6080.0,6140.0,6050.0,6140.0,12152.0,0.0,3035000.0,108255170.0,23827330.0,18387640.0,0.0,116717640.0,12220.0,135117500.0,0
2017-10-26,6140.0,6140.0,6080.0,6120.0,14188.0,0.0,0.0,63540550.0,10493880.0,18235820.0,0.0,55798610.0,0.0,74034430.0,0
2017-10-27,6090.0,6140.0,6070.0,6140.0,38394.0,0.0,2305520.0,83558900.0,720450.0,24979770.0,0.0,57881600.0,3723500.0,86584870.0,0
2017-10-30,6170.0,6170.0,6120.0,6170.0,22571.0,0.0,0.0,234785630.0,79480.0,42780.0,0.0,231086060.0,3736260.0,234865100.0,0
2017-10-31,6170.0,6190.0,6110.0,6190.0,20777.0,6170.0,0.0,119822370.0,19076860.0,18411520.0,0.0,120493880.0,0.0,138905400.0,0
2017-11-01,6200.0,6210.0,6140.0,6210.0,814125.0,0.0,0.0,111060190.0,16881540.0,19281960.0,0.0,108659770.0,0.0,127941730.0,1
2017-11-02,6230.0,6380.0,6190.0,6300.0,29786.0,6190.0,0.0,5108347400.0,7273820.0,5011616000.0,0.0,104011500.0,0.0,5115627000.0,0
2017-11-03,6310.0,6530.0,6250.0,6520.0,59368.0,0.0,0.0,181971180.0,4685100.0,31081720.0,0.0,155574580.0,0.0,186656290.0,0
2017-11-06,6520.0,6570.0,6430.0,6530.0,29674.0,12940.0,0.0,366106900.0,15742870.0,126920.0,9752920.0,371614660.0,368220.0,381862720.0,0
2017-11-07,6530.0,6560.0,6420.0,6490.0,18816.0,0.0,0.0,187018960.0,5324590.0,0.0,38822460.0,138113550.0,15407540.0,192343550.0,0
2017-11-08,6490.0,6500.0,6360.0,6490.0,19747.0,0.0,0.0,121364120.0,245860.0,32873790.0,0.0,83064790.0,5671400.0,121609980.0,0
2017-11-09,6490.0,6490.0,6350.0,6380.0,20434.0,6410.0,0.0,126640930.0,236480.0,1540800.0,0.0,118903510.0,6439510.0,126883820.0,0
2017-11-10,6390.0,6400.0,6310.0,6360.0,19674.0,820940.0,0.0,124414100.0,5996270.0,37500850.0,0.0,90246460.0,3484000.0,131231310.0,0
2017-11-13,6450.0,6520.0,6430.0,6460.0,28735.0,0.0,0.0,94138520.0,30834940.0,979020.0,0.0,123981670.0,12770.0,124973460.0,0
2017-11-14,6570.0,6570.0,6420.0,6520.0,23808.0,0.0,0.0,150347740.0,35668630.0,122980.0,0.0,168324860.0,17568530.0,186016380.0,0
2017-11-15,6460.0,6520.0,6400.0,6470.0,23988.0,0.0,0.0,140864700.0,13649870.0,6590850.0,0.0,131119070.0,16804650.0,154514580.0,0
2017-11-16,6470.0,6520.0,6450.0,6510.0,25363.0,0.0,0.0,141359400.0,13454530.0,9318970.0,2439080.0,135853230.0,7202640.0,154813920.0,0
2017-11-17,6520.0,6540.0,6410.0,6500.0,29860.0,0.0,0.0,156367250.0,7788050.0,1725640.0,0.0,146889660.0,15540000.0,164155300.0,0
2017-11-20,6500.0,6550.0,6440.0,6490.0,21269.0,19510.0,0.0,156137500.0,38071380.0,17113670.0,0.0,172972140.0,4142570.0,194228380.0,0
2017-11-21,6520.0,6520.0,6400.0,6480.0,31825.0,0.0,0.0,130100760.0,7380450.0,19599810.0,0.0,113528370.0,4353030.0,137481220.0,0
2017-11-22,6420.0,6510.0,6420.0,6470.0,10363.0,0.0,0.0,200030430.0,5034960.0,37236090.0,90220.0,166224080.0,1515010.0,205065400.0,0
2017-11-23,6470.0,6490.0,6410.0,6450.0,15654.0,6440.0,0.0,64191230.0,2584430.0,3796100.0,38640.0,53396330.0,9551030.0,66782100.0,0
2017-11-24,6420.0,6490.0,6420.0,6490.0,24091.0,0.0,0.0,96659690.0,4073360.0,534550.0,0.0,92735170.0,7463330.0,100733050.0,0
2017-11-27,6490.0,6510.0,6450.0,6500.0,16455.0,0.0,207040.0,126386930.0,28916110.0,0.0,206920.0,155238450.0,64710.0,155510080.0,0
2017-11-28,6520.0,6540.0,6480.0,6520.0,19361.0,0.0,0.0,94553610.0,12167690.0,90580.0,0.0,106617760.0,12960.0,106721300.0,0
2017-11-29,6520.0,6540.0,6480.0,6540.0,11362.0,182370.0,0.0,65329830.0,60421950.0,2788580.0,0.0,99285360.0,23860210.0,125934150.0,0
2017-11-30,6560.0,6620.0,6510.0,6530.0,40253.0,104360.0,0.0,67115670.0,6832150.0,1132300.0,0.0,66396390.0,6523490.0,74052180.0,0
2017-12-01,6590.0,6590.0,6500.0,6550.0,11463.0,1597700.0,0.0,245441230.0,17450360.0,0.0,0.0,227709620.0,36779680.0,264489300.0,0
2017-12-04,6540.0,6540.0,6420.0,6500.0,13992.0,393040.0,1232280.0,73155270.0,0.0,0.0,0.0,61808920.0,12971670.0,74780590.0,0
2017-12-05,6500.0,6500.0,6420.0,6460.0,16111.0,194740.0,0.0,90049420.0,434840.0,7138370.0,0.0,56001180.0,27539450.0,90679000.0,0
2017-12-06,6460.0,6550.0,6420.0,6470.0,15739.0,12920.0,0.0,100324240.0,3596370.0,4825650.0,0.0,96465880.0,2642000.0,103933530.0,0
2017-12-07,6430.0,6460.0,6360.0,6440.0,20993.0,355640.0,0.0,95509140.0,5742860.0,6470940.0,161500.0,93634120.0,1341080.0,101607640.0,0
2017-12-08,6440.0,6490.0,6400.0,6440.0,9490.0,206110.0,0.0,129810610.0,4496650.0,264460.0,5918580.0,121481220.0,6849110.0,134513380.0,0
2017-12-11,6440.0,6440.0,6400.0,6400.0,8922.0,77280.0,6207980.0,43813880.0,10848210.0,5677860.0,147890.0,48856480.0,6265120.0,60947350.0,0
2017-12-12,6390.0,6450.0,6390.0,6400.0,14882.0,307700.0,0.0,55843510.0,1101100.0,4447830.0,0.0,41810290.0,10994190.0,57252310.0,0
2017-12-13,6430.0,6460.0,6390.0,6410.0,29705.0,489080.0,0.0,90409970.0,4564060.0,3469830.0,0.0,82967900.0,9025380.0,95463110.0,0
2017-12-14,6400.0,6450.0,6390.0,6410.0,12876.0,874010.0,0.0,184533400.0,4912930.0,0.0,0.0,187087550.0,3232800.0,190320350.0,0
2017-12-15,6410.0,6410.0,6380.0,6410.0,15911.0,32050.0,0.0,82421720.0,6410.0,0.0,19350.0,73025670.0,9415160.0,82460180.0,0
2017-12-18,6450.0,6580.0,6440.0,6540.0,78565.0,0.0,0.0,101720590.0,0.0,0.0,0.0,92410600.0,9309990.0,101720590.0,0
2017-12-19,6540.0,6580.0,6490.0,6560.0,25655.0,104630.0,0.0,501495420.0,11715180.0,4129820.0,136500.0,477743500.0,31305440.0,513315230.0,0
2017-12-20,6600.0,6660.0,6540.0,6580.0,55745.0,98230.0,0.0,167272300.0,39420.0,1273380.0,0.0,157415740.0,8720830.0,167409950.0,0
2017-12-21,6590.0,6610.0,6530.0,6590.0,48337.0,0.0,0.0,366205380.0,1342400.0,175863820.0,0.0,180587490.0,11096470.0,367547780.0,0
2017-12-22,6600.0,6610.0,6540.0,6540.0,52644.0,949530.0,0.0,293448260.0,23205560.0,1086050.0,0.0,312131360.0,4385930.0,317603330.0,0
2017-12-26,6540.0,6610.0,6500.0,6500.0,209825.0,209960.0,0.0,298659650.0,46594460.0,0.0,0.0,311049600.0,34414490.0,345464060.0,0
2017-12-27,6100.0,6200.0,6010.0,6060.0,77423.0,104840.0,0.0,1304909600.0,69414270.0,280472600.0,15743920.0,1051077440.0,27134700.0,1374428700.0,0
2017-12-28,6030.0,6090.0,6010.0,6060.0,20423.0,158020.0,228290.0,465820100.0,5087190.0,0.0,224960.0,360850000.0,110218620.0,471293570.0,0
2018-01-02,6070.0,6120.0,5990.0,6070.0,39371.0,27006760.0,12888350.0,78611470.0,4828500.0,0.0,12091240.0,104789000.0,6454840.0,123335080.0,0
2018-01-03,6050.0,6050.0,5800.0,5900.0,53275.0,39062090.0,1830120.0,193632750.0,2871540.0,1492700.0,0.0,169428350.0,66475450.0,237396500.0,0
2018-01-04,5920.0,5920.0,5840.0,5880.0,28523.0,56548870.0,0.0,251977940.0,6925920.0,3924380.0,492190.0,269265060.0,41771090.0,315452740.0,0
2018-01-05,5890.0,5890.0,5820.0,5860.0,36001.0,46214360.0,147500.0,120517770.0,399580.0,429320.0,0.0,114640180.0,52209710.0,167279220.0,0
2018-01-08,5860.0,5880.0,5800.0,5860.0,23626.0,23000230.0,339880.0,178525460.0,8547700.0,47213470.0,0.0,145283950.0,17915840.0,210413260.0,0
2018-01-09,6010.0,6010.0,5850.0,5870.0,29112.0,32041780.0,0.0,100017220.0,5739870.0,157760.0,257400.0,118695380.0,18688330.0,137798860.0,0
2018-01-10,5860.0,5880.0,5810.0,5860.0,16088.0,780710.0,158220.0,125200850.0,45013140.0,10719770.0,0.0,120557580.0,39875570.0,171152930.0,0
2018-01-11,5860.0,5900.0,5830.0,5850.0,16527.0,15288670.0,11700.0,57193330.0,21544780.0,996500.0,0.0,85524330.0,7517650.0,94038480.0,0
2018-01-12,5840.0,5930.0,5800.0,5830.0,33662.0,4446770.0,0.0,88823200.0,3152700.0,3085610.0,52740.0,70654380.0,22629940.0,96422670.0,0
2018-01-15,5830.0,5910.0,5790.0,5800.0,26403.0,54204320.0,3124350.0,133825570.0,5454930.0,840930.0,0.0,184903020.0,10865210.0,196609170.0,0
2018-01-16,5780.0,5810.0,5750.0,5790.0,13462.0,72771790.0,17411640.0,62383950.0,744070.0,1533180.0,0.0,145964400.0,5813870.0,153311460.0,0
2018-01-17,5890.0,5990.0,5790.0,5800.0,12102.0,18664990.0,28800.0,56819420.0,2264780.0,0.0,0.0,67906410.0,9871580.0,77777990.0,0
2018-01-18,5860.0,5860.0,5800.0,5820.0,10634.0,0.0,0.0,64500830.0,6229630.0,5599850.0,151840.0,62405680.0,2573090.0,70730460.0,0
2018-01-19,5880.0,5880.0,5810.0,5850.0,8150.0,1868730.0,0.0,53834470.0,6260020.0,3463010.0,419040.0,56728550.0,1352620.0,61963220.0,0
2018-01-22,5900.0,5900.0,5750.0,5870.0,11124.0,0.0,0.0,39469130.0,8030290.0,1003450.0,5739210.0,39664090.0,1092670.0,47499420.0,0
2018-01-23,5880.0,5900.0,5840.0,5880.0,13319.0,1150480.0,0.0,41934410.0,21918960.0,4194510.0,123480.0,57857890.0,2827970.0,65003850.0,0
2018-01-24,5850.0,5910.0,5850.0,5890.0,12513.0,9632670.0,0.0,66271550.0,2346080.0,1162390.0,0.0,69770280.0,7317630.0,78250300.0,0
2018-01-25,5900.0,6000.0,5890.0,5980.0,32453.0,16274330.0,0.0,53188950.0,4164120.0,2387270.0,0.0,64081290.0,7158840.0,73627400.0,0
2018-01-26,6010.0,6040.0,5980.0,6040.0,16580.0,0.0,0.0,156037470.0,36970420.0,2738350.0,0.0,185697500.0,4572040.0,193007890.0,0
2018-01-29,6010.0,6110.0,6010.0,6060.0,25181.0,0.0,316940.0,99445810.0,6010.0,1098850.0,0.0,94132500.0,4537410.0,99768760.0,0
2018-01-30,6050.0,6110.0,6010.0,6070.0,39348.0,0.0,0.0,133969730.0,18861210.0,6045930.0,309570.0,145747070.0,728360.0,152830940.0,0
2018-01-31,6090.0,6090.0,6010.0,6050.0,12685.0,54468560.0,326730.0,150605100.0,32561340.0,4170080.0,0.0,216546560.0,17245090.0,237961730.0,0
2018-02-01,6040.0,6060.0,6000.0,6060.0,20092.0,2425950.0,296450.0,38274820.0,35570590.0,9755100.0,0.0,63564140.0,3248570.0,76567810.0,0
2018-02-02,6090.0,6120.0,6030.0,6060.0,9946.0,54567080.0,0.0,49243960.0,17164930.0,2393920.0,429750.0,110402390.0,7749910.0,120975970.0,0
2018-02-05,6020.0,6030.0,5890.0,5960.0,27492.0,3663650.0,0.0,56603950.0,60500.0,5033740.0,0.0,48646520.0,6647840.0,60328100.0,0
2018-02-06,5840.0,6000.0,5780.0,5970.0,46518.0,69251470.0,60100.0,94854160.0,82600.0,632590.0,377370.0,148811090.0,14427280.0,164248340.0,0
2018-02-07,6000.0,6030.0,5930.0,6010.0,11308.0,52098160.0,0.0,207508750.0,13364710.0,8085960.0,561400.0,252790530.0,11533730.0,272971620.0,0
2018-02-08,6030.0,6030.0,5960.0,6000.0,8674.0,96310.0,0.0,55161530.0,12683110.0,3059990.0,0.0,53055420.0,11825540.0,67940950.0,0
2018-02-09,6000.0,6000.0,5920.0,5980.0,18535.0,25115410.0,0.0,23770870.0,3055080.0,701840.0,0.0,48232610.0,3006910.0,51941360.0,0
2018-02-12,5990.0,6020.0,5990.0,6000.0,12990.0,29747430.0,468470.0,77340930.0,2868390.0,11960.0,0.0,106246410.0,4166850.0,110425220.0,0
2018-02-13,6010.0,6020.0,5980.0,6000.0,2854.0,1044360.0,0.0,46795640.0,30129360.0,54000.0,0.0,77674960.0,240400.0,77969360.0,0
2018-02-14,6010.0,6020.0,5920.0,5950.0,13831.0,0.0,0.0,12181360.0,4923790.0,0.0,0.0,16266390.0,838760.0,17105150.0,0
2018-02-19,6040.0,6040.0,5900.0,5950.0,16726.0,19066650.0,0.0,58089020.0,5199920.0,940370.0,29900.0,67342250.0,14043070.0,82355590.0,0
2018-02-20,5930.0,6020.0,5900.0,5950.0,15087.0,6909480.0,0.0,82517500.0,9914570.0,411460.0,2877950.0,90603380.0,5448760.0,99341550.0,0
2018-02-21,5980.0,5980.0,5900.0,5950.0,7195.0,5980.0,3065390.0,76268070.0,10097600.0,172450.0,0.0,88591780.0,672810.0,89437040.0,0
2018-02-22,5950.0,5970.0,5900.0,5940.0,12307.0,0.0,119200.0,38411540.0,4166910.0,2618010.0,5970.0,39470690.0,602980.0,42697650.0,0
2018-02-23,5970.0,5970.0,5900.0,5940.0,16380.0,32559730.0,5920.0,33687970.0,6540560.0,1279820.0,0.0,70714930.0,799430.0,72794180.0,0
2018-02-26,5990.0,6060.0,5940.0,6010.0,19200.0,17820.0,5910.0,87354590.0,9665790.0,23720.0,0.0,93388550.0,3631840.0,97044110.0,0
2018-02-27,6030.0,6030.0,5970.0,6010.0,3604.0,23960.0,0.0,95873210.0,19658090.0,8216970.0,0.0,107021350.0,316940.0,115555260.0,0
2018-02-28,6020.0,6020.0,5930.0,6010.0,7092.0,444670.0,0.0,11878230.0,9322990.0,5482000.0,0.0,16163890.0,0.0,21645890.0,0
2018-03-02,5930.0,5990.0,5910.0,5930.0,14549.0,17352450.0,0.0,20637030.0,4251170.0,408680.0,23920.0,12523380.0,29284670.0,42240650.0,0
2018-03-05,5930.0,5930.0,5880.0,5880.0,9210.0,42340060.0,112670.0,38641400.0,5226290.0,1889590.0,0.0,76456000.0,7974830.0,86320420.0,0
2018-03-06,5880.0,5920.0,5840.0,5840.0,12876.0,31436010.0,0.0,21491560.0,1333380.0,1248460.0,106200.0,44916640.0,7989650.0,54260950.0,0
2018-03-07,5840.0,5930.0,5840.0,5860.0,2979.0,48605800.0,0.0,26342170.0,533420.0,3216480.0,0.0,38731860.0,33533050.0,75481390.0,0
2018-03-08,5900.0,5910.0,5810.0,5910.0,4116.0,586630.0,35040.0,16794540.0,52730.0,0.0,0.0,16313990.0,1154950.0,17468940.0,0
2018-03-09,6000.0,6070.0,5980.0,6030.0,17238.0,0.0,0.0,24132460.0,5840.0,1259870.0,17700.0,15133750.0,7726980.0,24138300.0,0
2018-03-12,6030.0,6070.0,6020.0,6050.0,26527.0,0.0,0.0,99219020.0,4772920.0,1456220.0,0.0,100063240.0,2472480.0,103991940.0,0
2018-03-13,6080.0,6080.0,6010.0,6040.0,11564.0,34178210.0,0.0,117888320.0,8046230.0,911750.0,0.0,159201010.0,0.0,160112770.0,0
2018-03-14,6040.0,6080.0,6010.0,6030.0,15755.0,4898490.0,3380180.0,52763230.0,8755180.0,17619640.0,0.0,52177440.0,0.0,69797080.0,0
2018-03-15,6040.0,6070.0,6020.0,6060.0,9041.0,5498240.0,0.0,78100450.0,11729040.0,0.0,6080.0,95321650.0,0.0,95327730.0,0
2018-03-16,6050.0,6060.0,6010.0,6060.0,11532.0,6040.0,0.0,48715090.0,5976830.0,169120.0,121200.0,53941020.0,466620.0,54697960.0,0
2018-03-19,6070.0,6090.0,6020.0,6040.0,8412.0,11402750.0,6020.0,56450960.0,1756950.0,1503340.0,3040100.0,65073240.0,0.0,69616680.0,0
2018-03-20,6050.0,6080.0,6030.0,6060.0,12487.0,16442720.0,0.0,29161530.0,5349010.0,0.0,0.0,50855980.0,97280.0,50953260.0,0
2018-03-21,6040.0,6090.0,6040.0,6050.0,10146.0,0.0,0.0,73698680.0,1916080.0,24280.0,18210.0,75572270.0,0.0,75614760.0,0
2018-03-22,6080.0,6090.0,6050.0,6080.0,11420.0,21175000.0,0.0,37382110.0,2863590.0,1877050.0,0.0,59543650.0,0.0,61420700.0,0
2018-03-23,6050.0,6080.0,6030.0,6080.0,25242.0,849830.0,0.0,60506410.0,7935550.0,0.0,0.0,66072590.0,3219200.0,69291790.0,0
2018-03-26,6080.0,6090.0,6040.0,6080.0,17093.0,50910750.0,0.0,97815070.0,3908610.0,1739950.0,36480.0,138404020.0,12453980.0,152634430.0,0
2018-03-27,6070.0,6120.0,6050.0,6100.0,25401.0,12120000.0,18780000.0,61025580.0,12323730.0,842950.0,0.0,79166360.0,24240000.0,104249310.0,0
2018-03-28,6100.0,6170.0,6060.0,6170.0,37807.0,9105000.0,0.0,134030130.0,11468090.0,1096860.0,0.0,153506370.0,0.0,154603220.0,0
2018-03-29,6170.0,6210.0,6140.0,6210.0,10029.0,9137340.0,0.0,215179340.0,6638830.0,152260.0,6110.0,230797140.0,0.0,230955500.0,0
2018-03-30,6220.0,6230.0,6170.0,6220.0,7140.0,110900.0,0.0,57979160.0,3921800.0,0.0,18570.0,61993290.0,0.0,62011860.0,0
2018-04-02,6240.0,6270.0,6190.0,6220.0,13234.0,5553200.0,0.0,30915270.0,7884470.0,936570.0,18690.0,43385260.0,12420.0,44352940.0,0
2018-04-03,6220.0,6330.0,6170.0,6330.0,45631.0,2125300.0,18570.0,75633600.0,4563400.0,3027660.0,0.0,79294580.0,18630.0,82340870.0,0
2018-04-04,6420.0,6470.0,6240.0,6310.0,51298.0,0.0,993370.0,274293860.0,10379590.0,0.0,12480.0,285561020.0,93300.0,285666800.0,0
2018-04-05,6380.0,6380.0,6280.0,6340.0,16008.0,4069240.0,0.0,295509920.0,25883990.0,791600.0,3189590.0,297890270.0,23591700.0,325463170.0,0
2018-04-06,6400.0,6400.0,6270.0,6350.0,12344.0,985800.0,18953900.0,77091250.0,4066290.0,0.0,0.0,100957980.0,139260.0,101097240.0,0
2018-04-09,6350.0,6370.0,6300.0,6340.0,7947.0,6350.0,0.0,70286750.0,7782540.0,1463920.0,31700.0,48632690.0,27947330.0,78075640.0,0
2018-04-10,6280.0,6340.0,6270.0,6340.0,18081.0,0.0,0.0,50381250.0,0.0,0.0,0.0,44114350.0,6266900.0,50381250.0,0
2018-04-11,6350.0,6370.0,6310.0,6370.0,7645.0,643950.0,420090.0,112788040.0,18840.0,2030190.0,422100.0,104891500.0,6527130.0,113870920.0,0
2018-04-12,6380.0,6380.0,6300.0,6370.0,4887.0,3898140.0,37980.0,44502060.0,50740.0,38220.0,0.0,48056910.0,393790.0,48488920.0,0
2018-04-13,6350.0,6360.0,6320.0,6330.0,12270.0,305560.0,25280.0,30711390.0,19100.0,1642730.0,25400.0,27801570.0,1591630.0,31061330.0,0
2018-04-16,6330.0,6340.0,6200.0,6290.0,10307.0,0.0,0.0,73737230.0,3984850.0,0.0,0.0,74176280.0,3545800.0,77722080.0,0
2018-04-17,6310.0,6310.0,6230.0,6280.0,13864.0,301710.0,6280.0,64237400.0,6220.0,0.0,0.0,60158830.0,4392780.0,64551610.0,0
2018-04-18,6340.0,6350.0,6240.0,6290.0,11823.0,602640.0,25120.0,84008050.0,2324760.0,2136610.0,0.0,84144700.0,679260.0,86960570.0,0
2018-04-19,6370.0,6380.0,6290.0,6370.0,28031.0,94350.0,1260000.0,55836590.0,17230740.0,2757770.0,0.0,69426070.0,2237840.0,74421680.0,0
2018-04-20,6370.0,6380.0,6320.0,6320.0,11946.0,1637180.0,0.0,162562030.0,13628550.0,1575550.0,0.0,162037440.0,14214770.0,177827760.0,0
2018-04-23,6370.0,6410.0,6330.0,6380.0,37942.0,400250.0,0.0,66141810.0,9271640.0,2043900.0,0.0,73769800.0,0.0,75813700.0,0
2018-04-24,6420.0,6420.0,6360.0,6420.0,23296.0,115070.0,0.0,210158940.0,32120940.0,0.0,0.0,241971890.0,423060.0,242394940.0,0
2018-04-25,6430.0,6430.0,6340.0,6410.0,18860.0,287780.0,4484000.0,134370580.0,9952550.0,5788500.0,25600.0,143216910.0,63900.0,149094910.0,0
2018-04-26,6380.0,6410.0,6350.0,6410.0,18033.0,556200.0,0.0,101217790.0,18847240.0,2306700.0,0.0,95788200.0,22526330.0,120621230.0,0
2018-04-27,6420.0,6430.0,6360.0,6400.0,10604.0,63880.0,0.0,104245590.0,10617010.0,15316180.0,6410.0,95223200.0,4380690.0,114926480.0,0
2018-04-30,6360.0,6490.0,6360.0,6480.0,32451.0,12840.0,0.0,59919880.0,7837720.0,2444790.0,0.0,65280710.0,44940.0,67770440.0,0
2018-05-02,6530.0,7010.0,6520.0,6820.0,490886.0,0.0,11697020.0,162308460.0,34883690.0,3422360.0,10288000.0,195114220.0,64600.0,208889180.0,1
2018-05-03,6880.0,6900.0,6570.0,6650.0,89969.0,2737980.0,0.0,3223742500.0,125770630.0,6645420.0,24429950.0,3167784000.0,153391860.0,3352251100.0,0
2018-05-04,6760.0,6850.0,6600.0,6680.0,82962.0,160310.0,170250.0,557375300.0,47179810.0,6036690.0,0.0,553667840.0,45181130.0,604885600.0,0
2018-05-08,6680.0,6690.0,6480.0,6520.0,43432.0,153570.0,5267430.0,538111000.0,13731890.0,24777320.0,0.0,498595230.0,33891330.0,557263900.0,0
2018-05-09,6590.0,6590.0,6170.0,6340.0,50998.0,85350.0,33000.0,274000400.0,11916660.0,14436050.0,0.0,253904480.0,17694870.0,286035400.0,0
2018-05-10,6430.0,6430.0,6320.0,6400.0,16541.0,0.0,0.0,267658660.0,55736480.0,28513950.0,12680.0,291042180.0,3826340.0,323395140.0,0
2018-05-11,6490.0,6610.0,6400.0,6580.0,33335.0,0.0,50640.0,100065860.0,5527440.0,18065390.0,0.0,79238530.0,8340020.0,105643940.0,0
2018-05-14,6640.0,6640.0,6460.0,6490.0,38733.0,6550.0,16873260.0,185106830.0,15830650.0,8423790.0,0.0,196415620.0,12977890.0,217817300.0,0
2018-05-15,6490.0,6620.0,6370.0,6510.0,69128.0,13140.0,551880.0,239152860.0,13713020.0,44718530.0,19710.0,200698270.0,7994400.0,253430910.0,0
2018-05-16,6430.0,6500.0,6280.0,6290.0,63141.0,0.0,32400.0,390461400.0,57773940.0,14612980.0,0.0,426862050.0,6792720.0,448267740.0,0
2018-05-17,6290.0,6440.0,6290.0,6440.0,26063.0,1157670.0,9479170.0,369187840.0,21386050.0,31412880.0,3922920.0,338000300.0,27874660.0,401210750.0,0
2018-05-18,6390.0,6500.0,6360.0,6390.0,13146.0,384790.0,0.0,140389180.0,26058640.0,17377020.0,0.0,144321630.0,5133960.0,166832620.0,0
2018-05-21,6360.0,6610.0,6350.0,6600.0,61569.0,1650250.0,3212740.0,49230150.0,30029390.0,6933600.0,0.0,75011210.0,2177720.0,84122530.0,0
2018-05-23,6600.0,6620.0,6490.0,6570.0,30620.0,0.0,4620000.0,203885460.0,193798240.0,15614180.0,0.0,363646270.0,23043250.0,402303680.0,0
2018-05-24,6570.0,6640.0,6420.0,6460.0,26392.0,938450.0,0.0,146166980.0,52909350.0,11911910.0,59220.0,184483840.0,3559800.0,200014770.0,0
2018-05-25,6220.0,6460.0,6220.0,6320.0,36297.0,1256940.0,0.0,165892800.0,3994720.0,6856540.0,19770.0,145084530.0,19183620.0,171144460.0,0
2018-05-28,6450.0,6570.0,6390.0,6500.0,74632.0,278520.0,0.0,211473860.0,16792270.0,2646480.0,0.0,209177360.0,16720800.0,228544640.0,0
2018-05-29,6570.0,6570.0,6400.0,6450.0,28782.0,0.0,0.0,419808600.0,65340320.0,1696170.0,0.0,439453060.0,43999700.0,485148930.0,0
2018-05-30,6360.0,6540.0,6310.0,6440.0,18146.0,6430.0,0.0,184421950.0,463540.0,0.0,0.0,156214620.0,28677290.0,184891920.0,0
2018-05-31,6330.0,6450.0,6330.0,6400.0,8633.0,1292660.0,2386720.0,106920820.0,5068660.0,8548340.0,0.0,94629140.0,12491380.0,115668860.0,0
2018-06-01,6400.0,6450.0,6320.0,6400.0,8496.0,595110.0,0.0,43757130.0,10910730.0,32000.0,0.0,43389270.0,11841700.0,55262970.0,0
2018-06-04,6400.0,6470.0,6320.0,6380.0,20603.0,0.0,1036420.0,46844530.0,6391390.0,1160170.0,0.0,47855470.0,5256700.0,54272340.0,0
2018-06-05,6350.0,6360.0,6280.0,6350.0,13537.0,19140.0,0.0,112098500.0,19076920.0,15733290.0,0.0,83725780.0,31735490.0,131194560.0,0
2018-06-07,6300.0,6380.0,6260.0,6370.0,10066.0,0.0,0.0,77016660.0,8494320.0,2795950.0,0.0,79745800.0,2969230.0,85510980.0,0
2018-06-08,6380.0,6430.0,6340.0,6360.0,19268.0,0.0,0.0,52268990.0,11620960.0,4041790.0,0.0,57269940.0,2578220.0,63889950.0,0
2018-06-11,6420.0,6550.0,6340.0,6480.0,44394.0,0.0,50800.0,111032870.0,11798670.0,12463650.0,0.0,110310400.0,108290.0,122882340.0,0
2018-06-12,6490.0,6530.0,6400.0,6440.0,25182.0,0.0,6380.0,267476660.0,18979520.0,24680710.0,0.0,261347710.0,434130.0,286462560.0,0
2018-06-14,6370.0,6580.0,6350.0,6510.0,22016.0,6440.0,0.0,129690880.0,33137060.0,834550.0,52160.0,156380880.0,5566790.0,162834380.0,0
2018-06-15,6510.0,6710.0,6430.0,6690.0,103571.0,70270.0,954360.0,134409840.0,7004280.0,2741330.0,0.0,99995980.0,39701440.0,142438750.0,0
2018-06-18,6700.0,6700.0,6400.0,6510.0,72133.0,335110.0,0.0,626846700.0,59756680.0,917100.0,58500.0,629486140.0,56476730.0,686938500.0,0
2018-06-19,6510.0,6540.0,6330.0,6330.0,31571.0,0.0,3250000.0,453785760.0,13046650.0,143540.0,130400.0,422577300.0,47231170.0,470082400.0,0
2018-06-20,6260.0,6370.0,6260.0,6340.0,40452.0,1842380.0,5000960.0,185935020.0,8771780.0,0.0,0.0,181177920.0,20372220.0,201550140.0,0
2018-06-21,6340.0,6790.0,6340.0,6430.0,213383.0,139080.0,20963960.0,224495180.0,9352190.0,0.0,859950.0,218169390.0,35921070.0,254950420.0,0
2018-06-22,6420.0,6600.0,6300.0,6400.0,137521.0,96610.0,0.0,1339938700.0,65772410.0,0.0,0.0,1329600500.0,76207230.0,1405807700.0,0
2018-06-25,6410.0,6480.0,6380.0,6400.0,42505.0,309630.0,7680000.0,820094340.0,56769140.0,510360.0,0.0,845853800.0,38488920.0,884853100.0,0
2018-06-26,6360.0,6480.0,6360.0,6420.0,32762.0,83740.0,21681630.0,227218610.0,23660040.0,2339930.0,0.0,255257120.0,15046970.0,272644030.0,0
2018-06-27,6450.0,6480.0,6350.0,6360.0,29611.0,57930.0,0.0,176225420.0,33723770.0,0.0,0.0,202992420.0,7014710.0,210007140.0,0
2018-06-28,6360.0,6430.0,6290.0,6350.0,18026.0,0.0,0.0,178463310.0,11067730.0,4813880.0,0.0,171607000.0,13110160.0,189531040.0,0
2018-06-29,6350.0,6390.0,6270.0,6300.0,18867.0,146050.0,0.0,104825650.0,8890220.0,3926000.0,0.0,102181000.0,7754920.0,113861920.0,0
2018-07-02,6300.0,6320.0,6170.0,6180.0,35592.0,0.0,0.0,117580450.0,1142640.0,0.0,0.0,103137930.0,15585160.0,118723090.0,0
2018-07-03,6130.0,6240.0,6130.0,6140.0,16471.0,0.0,6214170.0,211778830.0,3118520.0,124420.0,0.0,206135490.0,14851620.0,221111520.0,0
2018-07-04,6190.0,6200.0,6100.0,6200.0,9860.0,0.0,0.0,87644470.0,13958970.0,921960.0,0.0,23342500.0,77338980.0,101603440.0,0
2018-07-05,6300.0,6990.0,6190.0,6190.0,447920.0,0.0,0.0,56759440.0,3734320.0,147180.0,0.0,45397150.0,14949430.0,60493760.0,1
2018-07-06,6230.0,6270.0,6090.0,6250.0,74000.0,215540.0,71500.0,2927797800.0,27588390.0,0.0,219890.0,2798370300.0,157083000.0,2955673300.0,0
2018-07-09,6160.0,6250.0,6130.0,6160.0,35068.0,0.0,3904600.0,407324700.0,44352830.0,24840.0,0.0,437077570.0,18479720.0,455582140.0,0
2018-07-10,6090.0,6220.0,6090.0,6180.0,19129.0,0.0,0.0,209435490.0,6796240.0,104890.0,0.0,197782690.0,18344150.0,216231710.0,0
2018-07-11,6250.0,6250.0,6170.0,6220.0,9072.0,426720.0,0.0,109379750.0,7526760.0,0.0,0.0,109872570.0,7460660.0,117333230.0,0
2018-07-12,6220.0,6260.0,6200.0,6240.0,10614.0,1090110.0,13644970.0,36971250.0,4454530.0,0.0,0.0,48430730.0,7730130.0,56160860.0,0
2018-07-13,6290.0,6290.0,6210.0,6270.0,6034.0,56160.0,2527400.0,59875250.0,3584720.0,168660.0,0.0,58571190.0,7303680.0,66043530.0,0
2018-07-16,6290.0,6290.0,6240.0,6270.0,17312.0,106590.0,7122350.0,24360820.0,6111460.0,789720.0,0.0,31753490.0,5158010.0,37701220.0,0
2018-07-17,6200.0,6290.0,6200.0,6280.0,4947.0,56410.0,17122010.0,81447050.0,9715780.0,3235700.0,0.0,92157660.0,12947890.0,108341250.0,0
2018-07-18,6280.0,6280.0,6200.0,6240.0,7516.0,695230.0,0.0,29927790.0,249820.0,0.0,0.0,26694930.0,4177910.0,30872840.0,0
2018-07-19,6240.0,6270.0,6150.0,6210.0,10822.0,24960.0,640680.0,45434070.0,712980.0,43850.0,0.0,39054310.0,7714530.0,46812690.0,0
2018-07-20,6210.0,6250.0,6160.0,6190.0,5399.0,18630.0,4745720.0,62120010.0,37440.0,0.0,0.0,58499320.0,8422480.0,66921800.0,0
2018-07-23,6250.0,6250.0,6100.0,6130.0,16501.0,12380.0,3231900.0,26026140.0,4240980.0,18600.0,1434950.0,28170150.0,3887700.0,33511400.0,0
2018-07-24,6130.0,6210.0,6120.0,6200.0,6168.0,0.0,9649630.0,77654660.0,14159230.0,778350.0,1903550.0,78799000.0,19982620.0,101463520.0,0
2018-07-25,6200.0,6230.0,6170.0,6230.0,5826.0,24800.0,1568720.0,33361370.0,2974330.0,0.0,1075120.0,34135920.0,2718180.0,37929220.0,0
2018-07-26,6230.0,6290.0,6190.0,6250.0,12386.0,12460.0,4912410.0,26169240.0,4961370.0,2698830.0,0.0,24737270.0,8619380.0,36055480.0,0
2018-07-27,6280.0,6290.0,6220.0,6250.0,7793.0,12500.0,0.0,64728320.0,12402800.0,0.0,6260.0,70960630.0,6176730.0,77143620.0,0
2018-07-30,6280.0,6280.0,6240.0,6250.0,6218.0,6250.0,4867960.0,37475330.0,6410330.0,87850.0,0.0,42467800.0,6204220.0,48759870.0,0
2018-07-31,6250.0,6400.0,6250.0,6280.0,21824.0,6250.0,0.0,33776860.0,5068120.0,31250.0,0.0,35673080.0,3146900.0,38851230.0,0
2018-08-01,6350.0,6350.0,6280.0,6300.0,11227.0,0.0,5030000.0,115541860.0,17194930.0,0.0,12847240.0,108227260.0,16692290.0,137766780.0,0
2018-08-02,6340.0,6340.0,6240.0,6330.0,9724.0,25230.0,3140000.0,49572880.0,18217480.0,0.0,9197850.0,52657510.0,9100230.0,70955590.0,0
2018-08-03,6300.0,6370.0,6290.0,6310.0,5340.0,0.0,125600.0,56513460.0,4416280.0,301110.0,0.0,52527500.0,8226730.0,61055340.0,0
2018-08-06,6490.0,6490.0,6320.0,6380.0,8996.0,18930.0,1973040.0,28432060.0,3266860.0,6310.0,203200.0,32868180.0,613200.0,33690890.0,0
2018-08-07,6420.0,6420.0,6340.0,6390.0,5727.0,7966750.0,0.0,47181640.0,2240240.0,0.0,376420.0,50382900.0,6629310.0,57388630.0,0
2018-08-08,6400.0,6410.0,6350.0,6350.0,4688.0,421830.0,5715000.0,30309920.0,12760.0,350630.0,607050.0,34061140.0,1440690.0,36459510.0,0
2018-08-09,6400.0,6400.0,6340.0,6370.0,3656.0,12700.0,0.0,29234740.0,631620.0,38220.0,191900.0,29373850.0,275090.0,29879060.0,0
2018-08-10,6370.0,6430.0,6350.0,6410.0,7799.0,261450.0,0.0,21919920.0,1091540.0,960740.0,0.0,22286570.0,25600.0,23272910.0,0
2018-08-13,6440.0,6440.0,6330.0,6370.0,6139.0,25640.0,0.0,48755560.0,1073020.0,0.0,0.0,47286220.0,2568000.0,49854220.0,0
2018-08-14,6370.0,6390.0,6300.0,6330.0,9293.0,241710.0,10868450.0,27874500.0,19230.0,0.0,0.0,39003890.0,0.0,39003890.0,0
2018-08-16,6330.0,6330.0,6250.0,6290.0,5634.0,234430.0,0.0,52641250.0,5938430.0,133220.0,25400.0,51496250.0,7159240.0,58814110.0,0
2018-08-17,6330.0,6330.0,6290.0,6310.0,2514.0,150710.0,0.0,33788680.0,1380740.0,0.0,0.0,35307500.0,12630.0,35320130.0,0
2018-08-20,6320.0,6380.0,6250.0,6250.0,14072.0,220660.0,0.0,14793700.0,832760.0,6606630.0,0.0,9240490.0,0.0,15847120.0,0
2018-08-21,6240.0,6350.0,6240.0,6330.0,7877.0,81350.0,14983770.0,71670480.0,1673700.0,2454480.0,5517490.0,58319620.0,22117710.0,88409300.0,0
2018-08-22,6340.0,6370.0,6310.0,6340.0,4315.0,37980.0,718600.0,46916070.0,1946330.0,0.0,1265700.0,48113040.0,240240.0,49618980.0,0
2018-08-23,6370.0,6370.0,6300.0,6300.0,8704.0,9573330.0,0.0,17222290.0,570590.0,0.0,0.0,14398730.0,12967480.0,27366210.0,0
2018-08-24,6350.0,6350.0,6280.0,6330.0,4354.0,9627330.0,3162600.0,41267680.0,1011270.0,4142890.0,0.0,31519110.0,19406880.0,55068880.0,0
2018-08-27,6330.0,6340.0,6280.0,6320.0,10738.0,18990.0,25120.0,24342720.0,3066590.0,6548030.0,0.0,14903610.0,6001780.0,27453420.0,0
2018-08-28,6320.0,6360.0,6300.0,6320.0,5431.0,37970660.0,1956280.0,26804720.0,1162880.0,13957260.0,0.0,53918370.0,18910.0,67894540.0,0
2018-08-29,6330.0,6330.0,6290.0,6290.0,4876.0,17061760.0,1260000.0,14758660.0,1221240.0,12383760.0,0.0,21911540.0,6360.0,34301660.0,0
2018-08-30,6280.0,6300.0,6270.0,6280.0,6047.0,6290.0,5973410.0,23303740.0,1436460.0,9525720.0,0.0,21194180.0,0.0,30719900.0,0
2018-08-31,6270.0,6330.0,6270.0,6320.0,5798.0,8177770.0,3913470.0,23723200.0,2193790.0,11676400.0,0.0,26331830.0,0.0,38008230.0,0
2018-09-03,6330.0,6330.0,6270.0,6300.0,9473.0,119840.0,0.0,36366210.0,0.0,75480.0,18842820.0,17510780.0,56970.0,36486050.0,0
2018-09-04,6320.0,6320.0,6260.0,6300.0,4033.0,18868670.0,0.0,37911230.0,2804320.0,19468590.0,0.0,40115630.0,0.0,59584220.0,0
2018-09-05,6270.0,6340.0,6270.0,6330.0,10960.0,0.0,0.0,23886950.0,1396060.0,18880.0,0.0,25264130.0,0.0,25283010.0,0
2018-09-06,6330.0,6350.0,6300.0,6340.0,1825.0,283500.0,0.0,57595960.0,11366000.0,3085680.0,0.0,59287860.0,6871920.0,69245460.0,0
2018-09-07,6360.0,6360.0,6320.0,6360.0,3263.0,107790.0,0.0,11439420.0,0.0,822860.0,0.0,10724350.0,0.0,11547210.0,0
2018-09-10,6380.0,6380.0,6350.0,6360.0,6141.0,82480.0,3724510.0,16893830.0,0.0,0.0,0.0,19765460.0,935360.0,20700820.0,0
2018-09-11,6390.0,6390.0,6350.0,6390.0,2563.0,70030.0,4267560.0,34734100.0,0.0,476850.0,0.0,38594840.0,0.0,39071690.0,0
2018-09-12,6400.0,6400.0,6350.0,6380.0,7466.0,146530.0,0.0,14664310.0,1543230.0,0.0,0.0,15589670.0,764400.0,16354070.0,0
2018-09-13,6420.0,6420.0,6360.0,6390.0,6924.0,1839500.0,178080.0,43038460.0,2583870.0,159560.0,0.0,44743300.0,2737050.0,47639910.0,0
2018-09-14,6460.0,6470.0,6390.0,6410.0,10393.0,6730010.0,0.0,33466110.0,3964700.0,3924510.0,0.0,37284500.0,2951810.0,44160820.0,0
2018-09-17,6450.0,6480.0,6390.0,6390.0,13541.0,12884230.0,115740.0,48441360.0,5424500.0,3726440.0,0.0,62164850.0,974540.0,66865830.0,0
2018-09-18,6390.0,6440.0,6380.0,6380.0,5695.0,12780.0,0.0,77343980.0,9551070.0,0.0,0.0,86907830.0,0.0,86907830.0,0
2018-09-19,6380.0,6440.0,6370.0,6400.0,4913.0,211250.0,0.0,28574800.0,7637250.0,3687080.0,0.0,32188820.0,547400.0,36423300.0,0
2018-09-20,6360.0,6450.0,6340.0,6400.0,8422.0,25600.0,0.0,23566870.0,7813240.0,2627500.0,0.0,28182080.0,596130.0,31405710.0,0
2018-09-21,6430.0,6450.0,6400.0,6420.0,1950.0,76760.0,0.0,48496070.0,5227020.0,115380.0,0.0,51651930.0,2032540.0,53799850.0,0
2018-09-27,6430.0,6440.0,6370.0,6420.0,10370.0,1388670.0,0.0,8550090.0,2594360.0,0.0,0.0,12533120.0,0.0,12533120.0,0
2018-09-28,6400.0,6450.0,6390.0,6440.0,8011.0,32093210.0,0.0,29371790.0,5010460.0,0.0,0.0,64947500.0,1527960.0,66475460.0,0
2018-10-01,6410.0,6440.0,6380.0,6430.0,9214.0,585330.0,0.0,45049830.0,5857550.0,1099100.0,0.0,50393610.0,0.0,51492710.0,0
2018-10-02,6430.0,6460.0,6370.0,6370.0,13060.0,353170.0,0.0,53533620.0,5112280.0,0.0,0.0,58999070.0,0.0,58999070.0,0
2018-10-04,6380.0,6420.0,6350.0,6380.0,13395.0,9131700.0,0.0,71513070.0,2948810.0,0.0,0.0,83593580.0,0.0,83593580.0,0
2018-10-05,6360.0,6400.0,6360.0,6380.0,18591.0,472170.0,5076540.0,78185940.0,1587720.0,0.0,0.0,85182450.0,139920.0,85322370.0,0
2018-10-08,6390.0,6390.0,6360.0,6390.0,4204.0,35682720.0,0.0,73115910.0,9736400.0,0.0,0.0,118273160.0,261870.0,118535030.0,0
2018-10-10,6390.0,6430.0,6360.0,6400.0,10443.0,281040.0,0.0,24665060.0,1862460.0,19140.0,0.0,26508700.0,280720.0,26808560.0,0
2018-10-11,6280.0,6400.0,6260.0,6260.0,27781.0,293680.0,0.0,63972370.0,2354220.0,204320.0,0.0,63263700.0,3152250.0,66620270.0,0
2018-10-12,6220.0,6320.0,6220.0,6320.0,12521.0,244810.0,0.0,174932300.0,0.0,6320.0,0.0,162850300.0,12320490.0,175177100.0,0
2018-10-15,6280.0,6320.0,6260.0,6300.0,5701.0,883360.0,0.0,76114100.0,1540490.0,898390.0,208560.0,72834530.0,4596470.0,78537950.0,0
2018-10-16,6230.0,6350.0,6230.0,6290.0,7322.0,616620.0,0.0,35213420.0,0.0,0.0,0.0,32194870.0,3635170.0,35830040.0,0
2018-10-17,6300.0,6340.0,6270.0,6270.0,10384.0,207930.0,0.0,45736310.0,0.0,50080.0,0.0,43998160.0,1896000.0,45944240.0,0
2018-10-18,6320.0,6320.0,6250.0,6260.0,8841.0,81510.0,0.0,62857610.0,2394000.0,6270.0,0.0,61008120.0,4318730.0,65333120.0,0
2018-10-19,6210.0,6280.0,6210.0,6280.0,5415.0,62600.0,0.0,53974060.0,1443400.0,69030.0,0.0,48679310.0,6731720.0,55480060.0,0
2018-10-22,6250.0,6310.0,6250.0,6300.0,4905.0,777440.0,0.0,33058100.0,25000.0,0.0,0.0,29657320.0,4203220.0,33860540.0,0
2018-10-23,6300.0,6700.0,6250.0,6350.0,102527.0,100800.0,0.0,30709990.0,0.0,0.0,0.0,26779580.0,4031210.0,30810790.0,0
2018-10-24,6370.0,6370.0,6210.0,6230.0,41288.0,145740.0,0.0,653099140.0,7079460.0,2051670.0,1020740.0,630467900.0,26784000.0,660324350.0,0
2018-10-25,6200.0,6270.0,6100.0,6120.0,24162.0,181370.0,0.0,242513420.0,15718860.0,0.0,0.0,242119800.0,16293860.0,258413660.0,0
2018-10-26,6190.0,6190.0,5960.0,6020.0,25195.0,79620.0,0.0,144477460.0,3967120.0,3591950.0,68640.0,133227330.0,11636280.0,148524200.0,0
2018-10-29,6020.0,6020.0,5870.0,5900.0,16273.0,1089600.0,0.0,149251170.0,1593400.0,0.0,0.0,140761260.0,11172890.0,151934160.0,0
2018-10-30,6070.0,6070.0,5870.0,5900.0,8366.0,2760970.0,0.0,93551110.0,378240.0,0.0,11199920.0,70441310.0,15049090.0,96690320.0,0
2018-10-31,5930.0,6020.0,5900.0,6020.0,11781.0,2962740.0,0.0,46305580.0,277610.0,951160.0,0.0,41144270.0,7450500.0,49545930.0,0
2018-11-01,6070.0,6120.0,6020.0,6110.0,5102.0,300300.0,0.0,69928880.0,0.0,0.0,0.0,67244560.0,2984620.0,70229180.0,0
2018-11-02,6120.0,6210.0,6120.0,6190.0,21309.0,329780.0,0.0,30697400.0,0.0,67050.0,54810.0,30601820.0,303500.0,31027180.0,0
2018-11-05,6260.0,6270.0,6140.0,6270.0,7725.0,148620.0,0.0,129710040.0,1608680.0,0.0,14684390.0,116764470.0,18480.0,131467340.0,0
2018-11-06,6270.0,6270.0,6180.0,6250.0,3613.0,118840.0,0.0,47376560.0,464250.0,7641570.0,16380440.0,22816350.0,1121290.0,47959650.0,0
2018-11-07,6270.0,6330.0,6200.0,6250.0,12660.0,56250.0,0.0,20456590.0,1987400.0,68540.0,0.0,20532480.0,1899220.0,22500240.0,0
2018-11-08,6300.0,6340.0,6210.0,6210.0,8664.0,56290.0,0.0,78938620.0,0.0,49920.0,3185960.0,75752750.0,6280.0,78994910.0,0
2018-11-09,6300.0,6300.0,6160.0,6200.0,8645.0,322920.0,0.0,53972360.0,0.0,81400.0,190100.0,52170790.0,1852990.0,54295280.0,0
2018-11-12,6250.0,6250.0,6120.0,6180.0,6725.0,632260.0,0.0,53109800.0,0.0,55580.0,0.0,50968490.0,2717990.0,53742060.0,0
2018-11-13,6190.0,6210.0,6100.0,6190.0,6085.0,74160.0,0.0,41348480.0,0.0,1888800.0,0.0,39076520.0,457320.0,41422640.0,0
2018-11-14,6220.0,6220.0,6150.0,6220.0,2571.0,222550.0,0.0,31049960.0,5996390.0,195820.0,0.0,36942890.0,130190.0,37268900.0,0
2018-11-15,6220.0,6250.0,6050.0,6190.0,20500.0,55920.0,0.0,15841100.0,0.0,0.0,4569410.0,11327610.0,0.0,15897020.0,0
2018-11-16,6190.0,6250.0,6100.0,6170.0,14399.0,290140.0,25996150.0,99080620.0,248880.0,6050.0,6329730.0,83470350.0,35809660.0,125615790.0,0
2018-11-19,6170.0,6210.0,6150.0,6190.0,7405.0,2166860.0,0.0,82667920.0,3595070.0,0.0,4654930.0,68280340.0,15494580.0,88429850.0,0
2018-11-20,6190.0,6190.0,6150.0,6170.0,6823.0,4747760.0,0.0,39625040.0,1464480.0,0.0,1096000.0,19775800.0,24965480.0,45837280.0,0
2018-11-21,6170.0,6190.0,6100.0,6180.0,13547.0,80210.0,12300000.0,27130390.0,2512150.0,104770.0,278550.0,12563780.0,29075650.0,42022750.0,0
2018-11-22,6180.0,6180.0,6100.0,6130.0,12695.0,216120.0,0.0,78578540.0,4354860.0,1936470.0,0.0,27976410.0,53236640.0,83149520.0,0
2018-11-23,6130.0,6170.0,6060.0,6150.0,12561.0,85820.0,48880.0,77642460.0,0.0,1230880.0,12249610.0,64296670.0,0.0,77777160.0,0
2018-11-26,6120.0,6160.0,6080.0,6140.0,8219.0,61500.0,11024020.0,64632830.0,1032060.0,140680.0,0.0,76291400.0,318330.0,76750410.0,0
2018-11-27,6110.0,6150.0,6100.0,6130.0,7517.0,466840.0,6765430.0,39236120.0,3905310.0,4492650.0,3840600.0,41308600.0,731850.0,50373700.0,0
2018-11-28,6160.0,6210.0,6100.0,6110.0,12152.0,91950.0,0.0,45513530.0,417210.0,0.0,6051280.0,39971410.0,0.0,46022690.0,0
2018-11-29,6130.0,6160.0,6110.0,6150.0,6377.0,73340.0,0.0,67055140.0,7532920.0,0.0,5515080.0,68155320.0,991000.0,74661400.0,0
2018-11-30,6140.0,6180.0,6130.0,6130.0,2259.0,172040.0,0.0,35740050.0,3234060.0,0.0,7064840.0,32081310.0,0.0,39146150.0,0
2018-12-03,6130.0,6180.0,6130.0,6170.0,11922.0,49040.0,0.0,12462530.0,1369600.0,0.0,228600.0,13609440.0,43130.0,13881170.0,0
2018-12-04,6170.0,6180.0,6110.0,6150.0,13448.0,622880.0,6130.0,66764740.0,5923360.0,12280.0,2662920.0,70605130.0,36780.0,73317110.0,0
2018-12-05,6130.0,6150.0,6100.0,6100.0,11414.0,86100.0,0.0,77607620.0,4844380.0,73800.0,5516150.0,76948150.0,0.0,82538100.0,0
2018-12-06,6110.0,6140.0,6070.0,6100.0,18676.0,61000.0,0.0,62497200.0,7333870.0,134780.0,11992560.0,57764730.0,0.0,69892070.0,0
2018-12-07,6130.0,6130.0,6090.0,6120.0,11967.0,286720.0,66990.0,112434050.0,947820.0,0.0,3516380.0,110054230.0,164970.0,113735580.0,0
2018-12-10,6110.0,6110.0,6040.0,6070.0,17380.0,611160.0,0.0,70913960.0,1499320.0,24615430.0,22120960.0,26288050.0,0.0,73024440.0,0
2018-12-11,6070.0,6070.0,5990.0,6040.0,22676.0,242800.0,0.0,103685860.0,1497550.0,0.0,0.0,105426210.0,0.0,105426210.0,0
2018-12-12,6060.0,6060.0,6020.0,6050.0,8898.0,1790670.0,9033580.0,125630280.0,0.0,0.0,0.0,136454530.0,0.0,136454530.0,0
2018-12-13,6070.0,6090.0,6010.0,6050.0,19303.0,2852710.0,0.0,49683180.0,1248350.0,0.0,0.0,53784240.0,0.0,53784240.0,0
2018-12-14,6080.0,6090.0,6040.0,6070.0,14512.0,2466340.0,0.0,103411560.0,11153760.0,0.0,32100320.0,84931340.0,0.0,117031660.0,0
2018-12-17,6070.0,6090.0,6050.0,6080.0,9723.0,1853240.0,0.0,80232740.0,5953970.0,0.0,57557760.0,30482190.0,0.0,88039950.0,0
2018-12-18,6070.0,6080.0,6050.0,6070.0,12684.0,3455450.0,0.0,45308170.0,10195220.0,0.0,19235850.0,39722990.0,0.0,58958840.0,0
2018-12-19,6090.0,6110.0,6080.0,6090.0,10027.0,546730.0,0.0,68281280.0,8089370.0,0.0,0.0,76917380.0,0.0,76917380.0,0
2018-12-20,6110.0,6130.0,6060.0,6090.0,22543.0,237450.0,0.0,48588780.0,12233070.0,1862000.0,16218450.0,42978850.0,0.0,61059300.0,0
2018-12-21,6100.0,6100.0,6070.0,6080.0,10190.0,212890.0,0.0,131670970.0,5308110.0,897260.0,20490770.0,110477640.0,5326300.0,137191970.0,0
2018-12-24,6060.0,6120.0,6060.0,6110.0,25126.0,1144750.0,0.0,54176960.0,6707340.0,4257280.0,0.0,55478380.0,2293390.0,62029050.0,0
2018-12-26,6110.0,6110.0,6040.0,6060.0,52145.0,384870.0,0.0,138283420.0,14557050.0,2181700.0,0.0,151043650.0,0.0,153225340.0,0
2018-12-27,5990.0,5990.0,5750.0,5790.0,43103.0,1056630.0,0.0,306882900.0,8771390.0,424390.0,0.0,312510660.0,3775900.0,316710940.0,0
2018-12-28,5740.0,5800.0,5700.0,5720.0,56392.0,2713500.0,0.0,241959280.0,6030510.0,2715670.0,0.0,224963310.0,23024310.0,250703300.0,0
2019-01-02,5720.0,5760.0,5700.0,5720.0,10282.0,493050.0,11265550.0,304169570.0,6895430.0,149914100.0,0.0,172909500.0,0.0,322823600.0,0
2019-01-03,5740.0,5740.0,5530.0,5560.0,22249.0,85800.0,0.0,58688530.0,0.0,211610.0,22890.0,56280280.0,2259550.0,58774330.0,0
2019-01-04,5440.0,5580.0,5430.0,5480.0,30499.0,2468170.0,62370.0,120319440.0,2514190.0,2034640.0,0.0,110491900.0,12837630.0,125364170.0,0
2019-01-07,5500.0,5530.0,5480.0,5480.0,17661.0,1954410.0,5943910.0,153832140.0,5279210.0,2680550.0,0.0,163935700.0,393430.0,167009660.0,0
2019-01-08,5490.0,5530.0,5420.0,5420.0,16835.0,571890.0,0.0,94574980.0,1938810.0,0.0,0.0,97085680.0,0.0,97085680.0,0
2019-01-09,5480.0,5510.0,5440.0,5460.0,7350.0,2198980.0,0.0,86397590.0,3463850.0,2010820.0,0.0,82607060.0,7442540.0,92060420.0,0
2019-01-10,5530.0,5530.0,5450.0,5480.0,6714.0,92860.0,0.0,37849800.0,2183190.0,109150.0,0.0,39901630.0,115070.0,40125850.0,0
2019-01-11,5480.0,5530.0,5450.0,5480.0,12373.0,279710.0,54600.0,34982330.0,1432890.0,1048010.0,0.0,35668400.0,33120.0,36749530.0,0
2019-01-14,5530.0,5680.0,5490.0,5600.0,21895.0,1728030.0,0.0,65302080.0,868900.0,1320000.0,482160.0,64422590.0,1674260.0,67899010.0,0
2019-01-15,5600.0,5650.0,5550.0,5590.0,4785.0,44800.0,0.0,114727360.0,7596980.0,156030.0,0.0,112597000.0,9616110.0,122369140.0,0
2019-01-16,5640.0,5640.0,5510.0,5600.0,10349.0,1933350.0,0.0,23522190.0,1199680.0,2380630.0,1411200.0,21953850.0,909540.0,26655220.0,0
2019-01-17,5630.0,5640.0,5580.0,5600.0,12510.0,2174670.0,0.0,54192260.0,1237910.0,2977720.0,3964800.0,45908420.0,4753900.0,57604840.0,0
2019-01-18,5630.0,5630.0,5570.0,5600.0,22838.0,44830.0,0.0,70016800.0,11200.0,173480.0,37245040.0,27290840.0,5363470.0,70072830.0,0
2019-01-21,5620.0,5640.0,5600.0,5600.0,6759.0,2221400.0,44640.0,118054920.0,7147080.0,2065660.0,61409550.0,63992830.0,0.0,127468040.0,0
2019-01-22,5640.0,5690.0,5590.0,5600.0,37318.0,5600.0,7499180.0,27432400.0,2988990.0,1236240.0,10080000.0,26604320.0,5610.0,37926170.0,0
2019-01-23,5640.0,5640.0,5580.0,5600.0,12247.0,32929650.0,1685590.0,167064300.0,7912770.0,4515520.0,168214460.0,35195210.0,1667120.0,209592300.0,0
2019-01-24,5600.0,5740.0,5580.0,5600.0,69177.0,95240.0,2931500.0,61702380.0,3852800.0,11502950.0,28023010.0,27645960.0,1410000.0,68581920.0,0
2019-01-25,5670.0,5670.0,5590.0,5620.0,53226.0,9540740.0,8960760.0,344218340.0,27679010.0,26349070.0,168022300.0,192880500.0,3147000.0,390398850.0,0
2019-01-28,5620.0,5630.0,5560.0,5600.0,28757.0,2144960.0,0.0,285260000.0,11326700.0,2116840.0,236318980.0,60295850.0,0.0,298731650.0,0
2019-01-29,5600.0,5610.0,5550.0,5590.0,15826.0,2064600.0,0.0,154878260.0,3875050.0,2213950.0,0.0,157779280.0,824670.0,160817900.0,0
2019-01-30,5590.0,5610.0,5580.0,5600.0,11324.0,2124280.0,1112000.0,73173190.0,11838650.0,2371630.0,0.0,85792640.0,83850.0,88248120.0,0
2019-01-31,5610.0,5620.0,5570.0,5570.0,13762.0,56100.0,0.0,51946910.0,11374220.0,615700.0,0.0,62761530.0,0.0,63377230.0,0
2019-02-01,5590.0,5610.0,5560.0,5610.0,11373.0,89120.0,0.0,74881320.0,1874360.0,854410.0,0.0,74777360.0,1213030.0,76844800.0,0
2019-02-07,5650.0,5820.0,5640.0,5770.0,45466.0,0.0,0.0,58377340.0,4988470.0,1405640.0,0.0,59812910.0,2147260.0,63365810.0,0
2019-02-08,5840.0,5840.0,5760.0,5820.0,19221.0,97550.0,0.0,238657100.0,21721210.0,309870.0,1704000.0,249250000.0,9212000.0,260475870.0,0
2019-02-11,5790.0,5800.0,5700.0,5720.0,14298.0,0.0,0.0,111452000.0,0.0,1753340.0,0.0,108593390.0,1105270.0,111452000.0,0
2019-02-12,5680.0,5780.0,5650.0,5690.0,14102.0,2120100.0,0.0,70680960.0,9180190.0,2602370.0,0.0,74667800.0,4711080.0,81981250.0,0
2019-02-13,5730.0,5730.0,5660.0,5720.0,10946.0,2272450.0,0.0,77909550.0,11400.0,2133750.0,0.0,78059650.0,0.0,80193400.0,0
2019-02-14,5730.0,5750.0,5660.0,5730.0,16214.0,4708270.0,0.0,40610540.0,16934820.0,454030.0,0.0,61765280.0,34320.0,62253630.0,0
2019-02-15,5750.0,5750.0,5670.0,5680.0,3553.0,1278840.0,10398600.0,71565610.0,8909390.0,741750.0,0.0,91410690.0,0.0,92152440.0,0
2019-02-18,5680.0,5740.0,5680.0,5730.0,9527.0,1040940.0,0.0,19148260.0,0.0,0.0,0.0,18424360.0,1764840.0,20189200.0,0
2019-02-19,5770.0,5770.0,5710.0,5740.0,6554.0,298380.0,0.0,51908620.0,2220620.0,383020.0,286500.0,48084330.0,5673770.0,54427620.0,0
2019-02-20,5760.0,5760.0,5710.0,5720.0,7385.0,40180.0,0.0,37582750.0,0.0,269360.0,0.0,37353570.0,0.0,37622930.0,0
2019-02-21,5740.0,5780.0,5720.0,5770.0,20691.0,2906130.0,68640.0,39322600.0,0.0,2793680.0,0.0,38871260.0,632430.0,42297370.0,0
2019-02-22,5770.0,5800.0,5730.0,5800.0,7768.0,1630310.0,0.0,117363850.0,0.0,3348700.0,0.0,112532480.0,3112980.0,118994160.0,0
2019-02-25,5800.0,5810.0,5780.0,5810.0,13221.0,1085550.0,235550.0,43554450.0,0.0,990720.0,0.0,43884830.0,0.0,44875550.0,0
2019-02-26,5810.0,5810.0,5740.0,5780.0,13241.0,254840.0,635900.0,75632320.0,0.0,329670.0,0.0,76135390.0,58000.0,76523060.0,0
2019-02-27,5780.0,5780.0,5730.0,5740.0,10451.0,2144840.0,0.0,74189020.0,0.0,3764770.0,0.0,69499610.0,3069480.0,76333860.0,0
2019-02-28,5790.0,5790.0,5600.0,5600.0,16452.0,2016980.0,0.0,57572770.0,575000.0,2045440.0,0.0,54760080.0,3359230.0,60164750.0,0
2019-03-04,5640.0,5700.0,5630.0,5690.0,14152.0,5600.0,0.0,93223390.0,202880.0,22790.0,0.0,85112630.0,8296450.0,93431870.0,0
2019-03-05,5690.0,5690.0,5600.0,5660.0,13826.0,1796740.0,0.0,74492030.0,3652160.0,1831240.0,0.0,77672430.0,437260.0,79940930.0,0
2019-03-06,5660.0,5660.0,5570.0,5580.0,25713.0,2780920.0,1000380.0,74303230.0,0.0,1615810.0,0.0,73584110.0,2884610.0,78084530.0,0
2019-03-07,5580.0,5630.0,5440.0,5550.0,32185.0,6500070.0,0.0,128504140.0,8962460.0,7166590.0,0.0,135822620.0,977450.0,143966670.0,0
2019-03-08,5490.0,5530.0,5350.0,5390.0,52052.0,4297610.0,0.0,168441780.0,4431400.0,5049320.0,0.0,165044220.0,7077250.0,177170780.0,0
2019-03-11,5390.0,5390.0,5260.0,5320.0,24038.0,4435290.0,70980.0,273258270.0,4041570.0,4172140.0,13987600.0,255237220.0,8409160.0,281806100.0,0
2019-03-12,5310.0,5370.0,5290.0,5360.0,11647.0,1915400.0,57970.0,124616230.0,673910.0,742040.0,0.0,118460580.0,8060890.0,127263510.0,0
2019-03-13,5360.0,5390.0,5350.0,5360.0,8192.0,309460.0,0.0,57575830.0,4091300.0,63720.0,0.0,58680980.0,3231890.0,61976590.0,0
2019-03-14,5360.0,5420.0,5300.0,5330.0,19823.0,5453310.0,0.0,37035960.0,1425080.0,0.0,0.0,41256640.0,2657710.0,43914350.0,0
2019-03-15,5330.0,5350.0,5270.0,5300.0,29885.0,566840.0,0.0,105344920.0,134220.0,813760.0,11752080.0,93480140.0,0.0,106045980.0,0
2019-03-18,5300.0,5320.0,5260.0,5300.0,26524.0,159390.0,53000.0,153738600.0,4421620.0,227740.0,6072010.0,152072850.0,0.0,158372600.0,0
2019-03-19,5300.0,5320.0,5270.0,5320.0,24258.0,720820.0,0.0,127688170.0,11832980.0,1173800.0,13944380.0,125123790.0,0.0,140241970.0,0
2019-03-20,5320.0,5340.0,5300.0,5320.0,4446.0,26600.0,0.0,128519230.0,47700.0,106000.0,2634100.0,125773630.0,79800.0,128593530.0,0
2019-03-21,5320.0,5320.0,5220.0,5270.0,26037.0,15960.0,0.0,23593770.0,0.0,74220.0,0.0,23482420.0,53090.0,23609730.0,0
2019-03-22,5270.0,5270.0,5230.0,5240.0,18326.0,2100000.0,0.0,134802960.0,0.0,5727020.0,0.0,122470800.0,8705140.0,136902960.0,0
2019-03-25,5220.0,5220.0,5130.0,5170.0,19966.0,1545800.0,0.0,91203140.0,3211820.0,105030.0,0.0,90885450.0,4970280.0,95960760.0,0
2019-03-26,5200.0,5200.0,4995.0,5070.0,45596.0,2060000.0,0.0,101113670.0,0.0,2538220.0,0.0,91050450.0,9585000.0,103173670.0,0
2019-03-27,5070.0,5090.0,5030.0,5080.0,8357.0,2091120.0,0.0,223084670.0,5547120.0,2012020.0,0.0,214736780.0,13974120.0,230722910.0,0
2019-03-28,5110.0,5110.0,5040.0,5040.0,9053.0,396240.0,70560.0,40124820.0,1721430.0,0.0,0.0,42302910.0,10140.0,42313050.0,0
2019-03-29,5040.0,5070.0,4970.0,5060.0,21931.0,141120.0,0.0,43370280.0,2336800.0,5040.0,0.0,32267240.0,13575920.0,45848200.0,0
2019-04-01,5090.0,5100.0,5060.0,5070.0,6532.0,1607270.0,0.0,103521544.0,4585180.0,1676895.0,0.0,106403580.0,1633520.0,109713990.0,0
2019-04-02,5100.0,5110.0,5060.0,5090.0,3831.0,400680.0,0.0,32764740.0,0.0,126700.0,0.0,28468630.0,4570090.0,33165420.0,0
2019-04-03,5110.0,5120.0,5040.0,5090.0,22006.0,417750.0,487680.0,18593600.0,0.0,446780.0,0.0,18649350.0,402900.0,19499030.0,0
2019-04-04,5110.0,5140.0,5080.0,5140.0,7718.0,7369310.0,4056000.0,93635100.0,6584130.0,7432680.0,3544290.0,100667570.0,0.0,111644540.0,0
2019-04-05,5130.0,5180.0,5110.0,5180.0,4546.0,1132480.0,0.0,30305000.0,8060800.0,1239580.0,0.0,36427570.0,1831130.0,39498280.0,0
2019-04-08,5180.0,5230.0,5140.0,5190.0,10612.0,25900.0,0.0,22066160.0,1313350.0,429400.0,0.0,21740380.0,1235630.0,23405410.0,0
2019-04-09,5210.0,5210.0,5150.0,5180.0,5104.0,15570.0,0.0,52376650.0,2515450.0,3757190.0,0.0,45225550.0,5924930.0,54907670.0,0
2019-04-10,5160.0,5200.0,5130.0,5180.0,4919.0,0.0,0.0,26405100.0,0.0,1483950.0,0.0,23264090.0,1657060.0,26405100.0,0
2019-04-11,5190.0,5190.0,5100.0,5150.0,11337.0,0.0,0.0,25385320.0,10340.0,299940.0,0.0,23914180.0,1181540.0,25395660.0,0
2019-04-12,5150.0,5180.0,5130.0,5170.0,11473.0,4202280.0,2817650.0,50944120.0,266350.0,5797900.0,0.0,52087390.0,345110.0,58230400.0,0
2019-04-15,5190.0,5190.0,5100.0,5170.0,14469.0,0.0,0.0,59194480.0,0.0,7018420.0,0.0,46072280.0,6103780.0,59194480.0,0
2019-04-16,5170.0,5170.0,5100.0,5120.0,11887.0,2421570.0,0.0,72003350.0,51700.0,3865300.0,0.0,70611320.0,0.0,74476620.0,0
2019-04-17,5150.0,5180.0,5110.0,5140.0,3826.0,2786420.0,0.0,57433900.0,625550.0,4039110.0,0.0,56693570.0,113190.0,60845870.0,0
2019-04-18,5140.0,5140.0,5090.0,5100.0,19112.0,308420.0,0.0,15451770.0,3876740.0,5930130.0,236440.0,13470360.0,0.0,19636930.0,0
2019-04-19,5100.0,5150.0,5100.0,5110.0,9980.0,86700.0,0.0,97595010.0,10260.0,11829220.0,0.0,85724400.0,138350.0,97691970.0,0
2019-04-22,5170.0,5170.0,5100.0,5140.0,10954.0,66430.0,0.0,44815560.0,6113280.0,8216890.0,0.0,42778380.0,0.0,50995270.0,0
2019-04-23,5140.0,5160.0,5110.0,5130.0,7845.0,2484370.0,0.0,53521020.0,97280.0,3328070.0,0.0,52769440.0,5160.0,56102670.0,0
2019-04-24,5130.0,5180.0,5100.0,5100.0,13624.0,539050.0,0.0,39745410.0,0.0,3261200.0,0.0,36388580.0,634680.0,40284460.0,0
2019-04-25,5150.0,5150.0,5090.0,5110.0,7253.0,25500.0,97090.0,69474780.0,10220.0,3938780.0,0.0,65668810.0,0.0,69607590.0,0
2019-04-26,5110.0,5150.0,5070.0,5100.0,6391.0,15330.0,0.0,36968420.0,0.0,1519780.0,0.0,35458830.0,5140.0,36983750.0,0
2019-04-29,5140.0,5140.0,5090.0,5090.0,4870.0,1115460.0,0.0,31369160.0,0.0,4886410.0,0.0,23569210.0,4029000.0,32484620.0,0
2019-04-30,5120.0,5130.0,5070.0,5100.0,5299.0,0.0,0.0,24856320.0,0.0,3587560.0,0.0,20787550.0,481210.0,24856320.0,0
2019-05-02,5130.0,5130.0,5100.0,5100.0,4055.0,101830.0,299130.0,26595900.0,0.0,2512990.0,0.0,23338930.0,1144940.0,26996860.0,0
2019-05-03,5130.0,5130.0,5020.0,5100.0,6159.0,0.0,0.0,20714670.0,0.0,1713480.0,0.0,17887650.0,1113540.0,20714670.0,0
2019-05-07,5070.0,5070.0,5020.0,5060.0,4749.0,2384150.0,0.0,28333350.0,529350.0,2515430.0,0.0,27859300.0,872120.0,31246850.0,0
2019-05-08,5070.0,5090.0,5000.0,5030.0,10770.0,126450.0,0.0,23822550.0,0.0,0.0,884220.0,18896070.0,4168710.0,23949000.0,0
2019-05-09,5060.0,5060.0,4975.0,4975.0,16521.0,2273640.0,0.0,51940670.0,0.0,2278590.0,0.0,50596460.0,1339260.0,54214310.0,0
2019-05-10,4910.0,5030.0,4910.0,4995.0,6358.0,24890.0,0.0,77492650.0,5000970.0,9950.0,0.0,75413030.0,7095525.0,82518504.0,0
2019-05-13,4995.0,5020.0,4940.0,4940.0,11483.0,79665.0,0.0,30292764.0,1102340.0,369895.0,0.0,27847330.0,3257545.0,31474770.0,0
2019-05-14,4900.0,4965.0,4840.0,4965.0,7324.0,1141160.0,0.0,56021650.0,9980.0,1073925.0,0.0,55161884.0,936980.0,57172790.0,0
2019-05-15,4990.0,5020.0,4945.0,4965.0,5914.0,6069345.0,0.0,29899096.0,9790.0,0.0,0.0,33266264.0,2711965.0,35978230.0,0
2019-05-16,4970.0,5010.0,4940.0,5000.0,8152.0,183905.0,0.0,29142170.0,114195.0,0.0,0.0,29083880.0,356390.0,29440270.0,0
2019-05-17,5010.0,5030.0,4995.0,5020.0,9860.0,2982940.0,0.0,37670400.0,0.0,1800875.0,0.0,36615810.0,2236655.0,40653340.0,0
2019-05-20,4975.0,5010.0,4965.0,4990.0,3065.0,281060.0,2010560.0,47048150.0,0.0,0.0,0.0,49339770.0,0.0,49339770.0,0
2019-05-21,4990.0,5010.0,4930.0,4930.0,7126.0,2674980.0,498000.0,12027900.0,49835.0,1994975.0,0.0,12782805.0,472935.0,15250715.0,0
2019-05-22,4985.0,4985.0,4930.0,4975.0,5140.0,4065730.0,0.0,31263116.0,0.0,3418125.0,0.0,30279144.0,1631575.0,35328844.0,0
2019-05-23,5000.0,5000.0,4925.0,4965.0,2289.0,129320.0,0.0,25290024.0,0.0,143525.0,0.0,21978330.0,3297490.0,25419344.0,0
2019-05-24,4965.0,4995.0,4870.0,4995.0,8075.0,625145.0,0.0,10707740.0,0.0,0.0,93860.0,5439160.0,5799865.0,11332885.0,0
2019-05-27,5020.0,5020.0,4985.0,5000.0,2573.0,526025.0,0.0,37925444.0,1275290.0,0.0,0.0,34936444.0,4790315.0,39726760.0,0
2019-05-28,5030.0,5040.0,4995.0,5020.0,4334.0,50000.0,0.0,12804350.0,0.0,284905.0,0.0,9632965.0,2936480.0,12854350.0,0
2019-05-29,5040.0,5040.0,4850.0,5000.0,11918.0,80260.0,5010.0,21654360.0,0.0,145310.0,110880.0,21483440.0,0.0,21739630.0,0
2019-05-30,5040.0,5040.0,4970.0,4995.0,3184.0,4007300.0,0.0,53828410.0,1547440.0,3714905.0,0.0,51256010.0,4412235.0,59383150.0,0
2019-05-31,5020.0,5020.0,4955.0,4975.0,5529.0,354045.0,0.0,15555060.0,0.0,199000.0,0.0,12530435.0,3179670.0,15909105.0,0
2019-06-03,4975.0,4975.0,4945.0,4975.0,5972.0,2167685.0,0.0,25357540.0,0.0,3869650.0,0.0,22729210.0,926365.0,27525224.0,0
2019-06-04,5000.0,5020.0,4965.0,4985.0,2858.0,19900.0,4970.0,29555636.0,0.0,432310.0,0.0,28210336.0,937860.0,29580504.0,0
2019-06-05,5020.0,5040.0,4985.0,4990.0,5262.0,169490.0,5020.0,14055745.0,19900.0,1336000.0,0.0,12444625.0,469530.0,14250155.0,0
2019-06-07,4995.0,5030.0,4990.0,5010.0,9375.0,1245000.0,0.0,23080324.0,2039660.0,1268485.0,0.0,25096500.0,0.0,26364984.0,0
2019-06-10,5030.0,5030.0,4990.0,5030.0,8581.0,434595.0,0.0,44419416.0,2036010.0,425000.0,0.0,46465020.0,0.0,46890020.0,0
2019-06-11,5030.0,5180.0,4990.0,5110.0,33861.0,0.0,0.0,43019864.0,5020.0,40120.0,0.0,38780950.0,4203815.0,43024884.0,0
2019-06-12,5110.0,5250.0,5030.0,5140.0,57051.0,237620.0,588820.0,170941660.0,10000.0,0.0,0.0,158849470.0,12928640.0,171778110.0,0
2019-06-13,5150.0,5160.0,5090.0,5130.0,18147.0,9070790.0,672650.0,282633540.0,1220800.0,4481230.0,0.0,285897500.0,3219050.0,293597800.0,0
2019-06-14,5110.0,5190.0,5110.0,5160.0,11518.0,1754400.0,0.0,91151140.0,87550.0,2096180.0,0.0,87212760.0,3684150.0,92993090.0,0
2019-06-17,5160.0,5290.0,5100.0,5240.0,41112.0,31010.0,5170.0,59371670.0,0.0,103470.0,0.0,55156740.0,4147640.0,59407850.0,0
2019-06-18,5260.0,5350.0,5160.0,5350.0,32356.0,294720.0,5180.0,214246420.0,109620.0,15720.0,235060.0,210061420.0,4343720.0,214655940.0,0
2019-06-19,5340.0,5620.0,5170.0,5180.0,152915.0,7262730.0,5280.0,161848350.0,0.0,7991070.0,612330.0,155358020.0,5154950.0,169116350.0,0
2019-06-20,5200.0,5230.0,5100.0,5130.0,29561.0,13750060.0,223460.0,801910800.0,5076020.0,13854230.0,262800.0,800330400.0,6512880.0,820960300.0,0
2019-06-21,5190.0,5190.0,5100.0,5140.0,11457.0,179550.0,0.0,150267740.0,1528290.0,889620.0,2244600.0,140065890.0,8775490.0,151975580.0,0
2019-06-24,5110.0,5160.0,5110.0,5150.0,6776.0,2267490.0,0.0,56511560.0,0.0,3330640.0,0.0,54908360.0,540050.0,58779050.0,0
2019-06-25,5120.0,5190.0,5100.0,5150.0,13400.0,10300.0,0.0,33402580.0,1323490.0,970950.0,0.0,33765420.0,0.0,34736370.0,0
2019-06-26,5120.0,5180.0,5110.0,5150.0,4144.0,5352700.0,0.0,63389610.0,0.0,5463580.0,0.0,63004190.0,274540.0,68742310.0,0
2019-06-27,5140.0,5170.0,5100.0,5100.0,13264.0,0.0,0.0,21296180.0,0.0,261950.0,0.0,20848190.0,186040.0,21296180.0,0
2019-06-28,5090.0,5160.0,5080.0,5120.0,11883.0,10260.0,0.0,66221680.0,1728900.0,71590.0,0.0,67889250.0,0.0,67960840.0,0
2019-07-01,5170.0,5170.0,5120.0,5160.0,11439.0,495990.0,0.0,60085740.0,0.0,0.0,0.0,60010290.0,571440.0,60581730.0,0
2019-07-02,5180.0,5180.0,5120.0,5140.0,1196.0,28194760.0,0.0,30802850.0,0.0,3198150.0,0.0,48189220.0,7610240.0,58997610.0,0
2019-07-03,5110.0,5190.0,5090.0,5140.0,5292.0,185300.0,0.0,5962130.0,0.0,41120.0,0.0,6106310.0,0.0,6147430.0,0
2019-07-04,5130.0,5180.0,5100.0,5150.0,2837.0,46220.0,0.0,27155010.0,0.0,0.0,0.0,27196090.0,5140.0,27201230.0,0
2019-07-05,5180.0,5180.0,5100.0,5150.0,3616.0,56610.0,0.0,14543820.0,0.0,220400.0,0.0,13690860.0,689170.0,14600430.0,0
2019-07-08,5140.0,5160.0,5040.0,5100.0,14421.0,0.0,0.0,18542650.0,0.0,66890.0,0.0,17421170.0,1054590.0,18542650.0,0
2019-07-09,5070.0,5100.0,5040.0,5100.0,3145.0,51400.0,0.0,72513790.0,906180.0,127260.0,0.0,73344110.0,0.0,73471370.0,0
2019-07-10,5100.0,5110.0,5030.0,5050.0,7049.0,589680.0,0.0,15344530.0,15120.0,451890.0,0.0,14932450.0,564990.0,15949330.0,0
2019-07-11,5050.0,5090.0,5050.0,5080.0,2356.0,2787730.0,0.0,32931910.0,0.0,3311530.0,0.0,32362520.0,45590.0,35719640.0,0
2019-07-12,5050.0,5130.0,5050.0,5110.0,5670.0,0.0,0.0,11961940.0,0.0,222820.0,0.0,11739120.0,0.0,11961940.0,0
2019-07-15,5110.0,5120.0,5040.0,5070.0,7743.0,1787700.0,2917480.0,24028330.0,15280.0,1954230.0,0.0,26478360.0,316200.0,28748790.0,0
2019-07-16,5120.0,5120.0,5040.0,5070.0,4295.0,4461830.0,0.0,34872880.0,25300.0,4645080.0,0.0,34689380.0,25550.0,39360010.0,0
2019-07-17,5120.0,5120.0,4995.0,5070.0,11089.0,25350.0,0.0,21718850.0,0.0,364810.0,0.0,21353910.0,25480.0,21744200.0,0
2019-07-18,5120.0,5120.0,4995.0,5070.0,9739.0,4748280.0,0.0,49205496.0,1736260.0,4503325.0,0.0,51186710.0,0.0,55690036.0,0
2019-07-19,5070.0,5070.0,5000.0,5060.0,3810.0,2303670.0,0.0,45913320.0,758100.0,2376730.0,0.0,46456210.0,142150.0,48975090.0,0
2019-07-22,5060.0,5060.0,5010.0,5060.0,3508.0,0.0,0.0,19136640.0,10060.0,1348420.0,0.0,17793240.0,5040.0,19146700.0,0
2019-07-23,5060.0,5120.0,5030.0,5050.0,2594.0,0.0,0.0,17131960.0,463640.0,4750110.0,0.0,12845490.0,0.0,17595600.0,0
2019-07-24,5100.0,5100.0,5000.0,5030.0,6284.0,5050.0,7447620.0,5668530.0,10120.0,1958120.0,353200.0,10804840.0,15160.0,13131320.0,0
2019-07-25,5090.0,5090.0,4985.0,4985.0,5902.0,15150.0,0.0,31660440.0,10060.0,25150.0,1888700.0,29766760.0,5040.0,31685650.0,0
2019-07-26,5030.0,5030.0,4985.0,4990.0,4472.0,312140.0,0.0,29224524.0,10020.0,950580.0,280000.0,28316104.0,0.0,29546684.0,0
2019-07-29,5080.0,5080.0,4950.0,5000.0,7030.0,2313220.0,0.0,20038716.0,0.0,2175320.0,0.0,20161524.0,15090.0,22351936.0,0
2019-07-30,5060.0,5060.0,4970.0,5030.0,4895.0,2358170.0,0.0,32670380.0,0.0,2335305.0,0.0,32693244.0,0.0,35028550.0,0
2019-07-31,5050.0,5050.0,4965.0,5000.0,4163.0,2203700.0,0.0,22232830.0,0.0,2304185.0,0.0,21995876.0,136470.0,24436530.0,0
2019-08-01,5050.0,5050.0,4985.0,4995.0,1467.0,4230905.0,0.0,16505655.0,10000.0,4716405.0,0.0,15889575.0,140580.0,20746560.0,0
2019-08-02,5050.0,5050.0,4905.0,4950.0,9016.0,624090.0,0.0,6696280.0,9990.0,4995.0,0.0,5406235.0,1919130.0,7330360.0,0
2019-08-05,5070.0,5070.0,4730.0,4870.0,20718.0,4619600.0,0.0,39771510.0,9870.0,4467025.0,0.0,39909036.0,24920.0,44400980.0,0
2019-08-06,4850.0,4850.0,4445.0,4520.0,75885.0,4463360.0,0.0,95889030.0,9850.0,6226045.0,0.0,94085700.0,50500.0,100362240.0,0
2019-08-07,4540.0,4665.0,4525.0,4535.0,5541.0,250145.0,0.0,345266880.0,1305600.0,59600.0,0.0,346763000.0,0.0,346822620.0,0
2019-08-08,4610.0,4675.0,4530.0,4645.0,3288.0,64070.0,0.0,25247950.0,0.0,27255.0,0.0,24980280.0,304485.0,25312020.0,0
2019-08-09,4695.0,4695.0,4610.0,4685.0,2271.0,3057315.0,0.0,12054715.0,0.0,1687715.0,0.0,13415080.0,9235.0,15112030.0,0
2019-08-12,4615.0,4740.0,4615.0,4700.0,5050.0,901415.0,0.0,9677140.0,0.0,966210.0,0.0,9532700.0,79645.0,10578555.0,0
2019-08-13,4700.0,4730.0,4640.0,4690.0,3200.0,6011690.0,0.0,17703980.0,0.0,4173135.0,0.0,19476264.0,66270.0,23715670.0,0
2019-08-14,4690.0,4690.0,4610.0,4675.0,5106.0,3409790.0,0.0,11526025.0,0.0,6993785.0,0.0,7880935.0,61095.0,14935815.0,0
2019-08-16,4670.0,4670.0,4600.0,4650.0,12702.0,1222320.0,0.0,22446004.0,0.0,2227870.0,0.0,21421784.0,18670.0,23668324.0,0
2019-08-19,4675.0,5140.0,4605.0,4790.0,87391.0,4220535.0,0.0,54348890.0,0.0,4231750.0,0.0,53626224.0,711450.0,58569424.0,0
2019-08-20,4740.0,4785.0,4670.0,4720.0,18433.0,8629805.0,0.0,420560420.0,1644355.0,4576695.0,0.0,418786530.0,7471360.0,430834560.0,0
2019-08-21,4720.0,4770.0,4700.0,4720.0,8028.0,3695785.0,0.0,80714930.0,2630155.0,3968845.0,0.0,83072020.0,0.0,87040860.0,0
2019-08-22,4770.0,4770.0,4690.0,4735.0,6378.0,642740.0,0.0,34891944.0,2392420.0,160805.0,0.0,37766300.0,0.0,37927104.0,0
2019-08-23,4785.0,4785.0,4665.0,4735.0,3527.0,6627075.0,0.0,23408084.0,0.0,6559030.0,0.0,23476130.0,0.0,30035160.0,0
2019-08-26,4665.0,4730.0,4600.0,4665.0,5651.0,3967360.0,0.0,12666600.0,0.0,4521955.0,0.0,12112005.0,0.0,16633960.0,0
2019-08-27,4665.0,4685.0,4650.0,4685.0,1821.0,3378390.0,0.0,22853096.0,0.0,3527620.0,0.0,22703864.0,0.0,26231484.0,0
2019-08-28,4710.0,4710.0,4650.0,4650.0,5376.0,339875.0,0.0,8152450.0,0.0,1237530.0,0.0,7254795.0,0.0,8492325.0,0
2019-08-29,4675.0,4690.0,4625.0,4665.0,1032.0,2101500.0,0.0,22936800.0,0.0,2263205.0,0.0,22775096.0,0.0,25038300.0,0
2019-08-30,4660.0,4715.0,4660.0,4705.0,2082.0,752325.0,0.0,4037420.0,0.0,583520.0,0.0,4206225.0,0.0,4789745.0,0
2019-09-02,4650.0,4720.0,4650.0,4715.0,1466.0,0.0,0.0,9753770.0,0.0,428155.0,0.0,9325615.0,0.0,9753770.0,0
2019-09-03,4700.0,4725.0,4680.0,4720.0,1955.0,18860.0,0.0,6887405.0,0.0,221235.0,0.0,6685030.0,0.0,6906265.0,0
2019-09-04,4700.0,4755.0,4695.0,4745.0,1168.0,520590.0,0.0,8684445.0,0.0,761630.0,0.0,8443405.0,0.0,9205035.0,0
2019-09-05,4685.0,4775.0,4685.0,4760.0,6255.0,0.0,0.0,5520055.0,0.0,66420.0,0.0,5453635.0,0.0,5520055.0,0
2019-09-06,4780.0,4990.0,4760.0,4980.0,23047.0,2549190.0,8390485.0,18773016.0,0.0,3537910.0,0.0,26174780.0,0.0,29712690.0,0
2019-09-09,5450.0,5720.0,4905.0,4905.0,317321.0,83745.0,3653240.0,109268200.0,0.0,1851310.0,0.0,111153870.0,0.0,113005180.0,0
2019-09-10,4900.0,5030.0,4875.0,4940.0,47484.0,15665530.0,0.0,1646049900.0,268295.0,38611090.0,0.0,1623372700.0,0.0,1661983700.0,0
2019-09-11,4935.0,4940.0,4835.0,4885.0,18988.0,4423500.0,2239180.0,227648350.0,9920.0,4597850.0,2233105.0,227489980.0,0.0,234320940.0,0
2019-09-16,4885.0,4945.0,4860.0,4925.0,18170.0,0.0,0.0,92545224.0,170360.0,1051870.0,0.0,91522310.0,141400.0,92715580.0,0
2019-09-17,4925.0,4940.0,4885.0,4935.0,11984.0,8759250.0,0.0,80027080.0,0.0,8831495.0,0.0,79857090.0,97750.0,88786330.0,0
2019-09-18,4945.0,4950.0,4885.0,4920.0,15427.0,5064000.0,1507385.0,52317370.0,9840.0,5191235.0,0.0,53707360.0,0.0,58898596.0,0
2019-09-19,4905.0,4930.0,4870.0,4915.0,11155.0,906500.0,0.0,74689944.0,14705.0,1108290.0,0.0,74502860.0,0.0,75611150.0,0
2019-09-20,4900.0,4925.0,4890.0,4910.0,3928.0,0.0,0.0,54617810.0,9830.0,687965.0,0.0,51185756.0,2753920.0,54627640.0,0
2019-09-23,4900.0,4935.0,4900.0,4915.0,3694.0,2229570.0,0.0,17040970.0,0.0,2637775.0,0.0,15950975.0,681790.0,19270540.0,0
2019-09-24,4940.0,4940.0,4880.0,4920.0,6664.0,2226495.0,0.0,15916255.0,0.0,2396175.0,0.0,15746575.0,0.0,18142750.0,0
2019-09-25,4935.0,4935.0,4875.0,4900.0,3674.0,4400595.0,0.0,28286516.0,0.0,5383520.0,0.0,27303590.0,0.0,32687110.0,0
2019-09-26,4860.0,4930.0,4860.0,4900.0,3436.0,4722830.0,0.0,13227465.0,0.0,4916700.0,0.0,13033595.0,0.0,17950296.0,0
2019-09-27,4920.0,4920.0,4875.0,4895.0,1728.0,2035020.0,0.0,14750530.0,0.0,2195755.0,0.0,14589795.0,0.0,16785550.0,0
2019-09-30,4925.0,4925.0,4845.0,4855.0,4333.0,39145.0,0.0,8412395.0,0.0,1295685.0,0.0,7155855.0,0.0,8451540.0,0
2019-10-01,4860.0,4895.0,4835.0,4890.0,5781.0,4652405.0,0.0,16444190.0,0.0,4595270.0,0.0,16501325.0,0.0,21096596.0,0
2019-10-02,4900.0,4900.0,4855.0,4895.0,617.0,4656980.0,0.0,23445416.0,0.0,4425475.0,0.0,23652596.0,24325.0,28102396.0,0
2019-10-04,4905.0,4920.0,4870.0,4895.0,3164.0,97900.0,0.0,2918860.0,0.0,117480.0,0.0,2899280.0,0.0,3016760.0,0
2019-10-07,4920.0,4920.0,4845.0,4880.0,2757.0,2466640.0,0.0,12981720.0,0.0,2523010.0,0.0,12925350.0,0.0,15448360.0,0
2019-10-08,4920.0,4920.0,4850.0,4885.0,1211.0,4131220.0,0.0,9296850.0,0.0,4137370.0,0.0,9290700.0,0.0,13428070.0,0
2019-10-10,4855.0,4895.0,4855.0,4895.0,1472.0,941855.0,0.0,4959490.0,0.0,966400.0,0.0,4934945.0,0.0,5901345.0,0
2019-10-11,4895.0,4905.0,4870.0,4895.0,2408.0,2563520.0,0.0,4614960.0,0.0,2215980.0,0.0,4962500.0,0.0,7178480.0,0
2019-10-14,4865.0,4900.0,4860.0,4895.0,1645.0,362245.0,0.0,11430970.0,0.0,873500.0,0.0,10919715.0,0.0,11793215.0,0
2019-10-15,4900.0,4910.0,4870.0,4905.0,1779.0,97500.0,0.0,7918215.0,9790.0,122075.0,0.0,7903430.0,0.0,8025505.0,0
2019-10-16,4905.0,4905.0,4870.0,4900.0,4229.0,0.0,0.0,8710120.0,9800.0,14715.0,0.0,8705205.0,0.0,8719920.0,0
2019-10-17,4900.0,4910.0,4885.0,4890.0,1062.0,6599640.0,0.0,14041970.0,9760.0,6662385.0,0.0,13988985.0,0.0,20651370.0,0
2019-10-18,4895.0,4900.0,4850.0,4895.0,2616.0,0.0,0.0,5189105.0,9790.0,478995.0,0.0,4719900.0,0.0,5198895.0,0
2019-10-21,4895.0,4895.0,4875.0,4880.0,1788.0,2250240.0,0.0,10482870.0,9780.0,2208810.0,0.0,10534080.0,0.0,12742890.0,0
2019-10-22,4880.0,4890.0,4805.0,4835.0,16506.0,190250.0,4661405.0,3867475.0,9770.0,302560.0,0.0,8426340.0,0.0,8728900.0,0
2019-10-23,4850.0,4850.0,4770.0,4835.0,11501.0,14677820.0,2417655.0,62827896.0,9730.0,15321980.0,0.0,64611120.0,0.0,79933100.0,0
2019-10-24,4855.0,4855.0,4825.0,4855.0,985.0,10578870.0,0.0,44613624.0,9680.0,11141810.0,0.0,44060364.0,0.0,55202176.0,0
2019-10-25,4860.0,4860.0,4800.0,4830.0,3690.0,0.0,0.0,4776385.0,0.0,96990.0,0.0,4679395.0,0.0,4776385.0,0
2019-10-28,4740.0,4850.0,4740.0,4840.0,10732.0,5374155.0,0.0,12458020.0,9700.0,3882935.0,0.0,13958940.0,0.0,17841876.0,0
2019-10-29,4820.0,4850.0,4810.0,4845.0,4911.0,3984560.0,734920.0,46567024.0,0.0,3797375.0,0.0,47489130.0,0.0,51286504.0,0
2019-10-30,4850.0,4850.0,4825.0,4835.0,858.0,4704605.0,0.0,18991324.0,9650.0,4798780.0,0.0,18906800.0,0.0,23705580.0,0
2019-10-31,4850.0,4850.0,4830.0,4845.0,420.0,33845.0,0.0,4110475.0,9680.0,575355.0,0.0,3578645.0,0.0,4154000.0,0
2019-11-01,4850.0,4855.0,4730.0,4770.0,18482.0,19380.0,0.0,2013445.0,0.0,774750.0,0.0,1258075.0,0.0,2032825.0,0
2019-11-04,4795.0,4850.0,4770.0,4815.0,7464.0,8691270.0,0.0,79606696.0,4830.0,8616715.0,0.0,79686080.0,0.0,88302790.0,0
2019-11-05,4795.0,4845.0,4770.0,4820.0,4651.0,8590350.0,2116805.0,25092050.0,9630.0,9167525.0,0.0,26641310.0,0.0,35808836.0,0
2019-11-06,4845.0,4845.0,4800.0,4835.0,4966.0,6860100.0,0.0,15454285.0,14400.0,6825285.0,0.0,15503500.0,0.0,22328784.0,0
2019-11-07,4810.0,4845.0,4780.0,4840.0,5670.0,2335275.0,953370.0,20653236.0,9650.0,2371140.0,0.0,21580390.0,0.0,23951530.0,0
2019-11-08,4845.0,4855.0,4815.0,4855.0,6359.0,8733870.0,0.0,18527720.0,0.0,8516805.0,0.0,18744784.0,0.0,27261590.0,0
2019-11-11,4855.0,4860.0,4830.0,4855.0,3662.0,2098685.0,0.0,28672130.0,0.0,6923525.0,0.0,23847290.0,0.0,30770816.0,0
2019-11-12,4825.0,4880.0,4795.0,4855.0,3451.0,0.0,0.0,17726320.0,0.0,218430.0,0.0,17507890.0,0.0,17726320.0,0
2019-11-13,4845.0,4860.0,4830.0,4855.0,487.0,2252720.0,0.0,14452540.0,0.0,2253035.0,0.0,14452225.0,0.0,16705260.0,0
2019-11-14,4855.0,4860.0,4825.0,4855.0,3306.0,106810.0,0.0,2251705.0,0.0,1064715.0,0.0,1293800.0,0.0,2358515.0,0
2019-11-15,4845.0,4865.0,4800.0,4840.0,10912.0,885720.0,0.0,15123520.0,0.0,974935.0,0.0,15034305.0,0.0,16009240.0,0
2019-11-18,4800.0,4855.0,4800.0,4800.0,4663.0,12595690.0,0.0,40105116.0,9690.0,12901910.0,0.0,39808584.0,0.0,52710496.0,0
2019-11-19,4850.0,4850.0,4805.0,4825.0,4280.0,3735065.0,0.0,18721176.0,19250.0,3723945.0,0.0,18751544.0,0.0,22475490.0,0
2019-11-20,4830.0,4845.0,4760.0,4780.0,9088.0,3140820.0,0.0,17495056.0,9620.0,3086100.0,0.0,17559396.0,0.0,20645496.0,0
2019-11-21,4780.0,4780.0,4720.0,4770.0,7246.0,6620950.0,0.0,37097690.0,19330.0,6968740.0,0.0,36769230.0,0.0,43737970.0,0
2019-11-22,4795.0,4845.0,4780.0,4795.0,7714.0,6173840.0,0.0,28188064.0,9530.0,6371415.0,0.0,28000020.0,0.0,34371436.0,0
2019-11-25,4825.0,4845.0,4790.0,4835.0,2180.0,5972945.0,0.0,31037350.0,9590.0,5843125.0,0.0,31176760.0,0.0,37019884.0,0
2019-11-26,4845.0,4850.0,4770.0,4835.0,8667.0,4046935.0,0.0,6422085.0,19270.0,4004175.0,0.0,6392155.0,91960.0,10488290.0,0
2019-11-27,4800.0,4845.0,4800.0,4825.0,6934.0,8753840.0,0.0,32917030.0,9630.0,8767025.0,0.0,32831196.0,82280.0,41680500.0,0
2019-11-28,4800.0,4845.0,4795.0,4800.0,3960.0,5912260.0,0.0,27535276.0,9630.0,5877315.0,0.0,27579850.0,0.0,33457164.0,0
2019-11-29,4800.0,4810.0,4775.0,4800.0,5002.0,2906680.0,0.0,16109300.0,9590.0,2884580.0,0.0,16140990.0,0.0,19025570.0,0
2019-12-02,4860.0,4860.0,4765.0,4805.0,4874.0,2302065.0,0.0,21632720.0,9580.0,2167645.0,0.0,21776720.0,0.0,23944364.0,0
2019-12-03,4845.0,4845.0,4775.0,4785.0,2663.0,4810345.0,0.0,18538184.0,9610.0,4686380.0,0.0,18671760.0,0.0,23358140.0,0
2019-12-04,4845.0,4845.0,4610.0,4780.0,11732.0,2277750.0,0.0,10450445.0,19170.0,2151000.0,0.0,10596365.0,0.0,12747365.0,0
2019-12-05,4780.0,4800.0,4580.0,4615.0,28829.0,10204475.0,0.0,45298044.0,9570.0,10053000.0,0.0,42477496.0,2981595.0,55512090.0,0
2019-12-06,4615.0,4695.0,4615.0,4625.0,7156.0,11524435.0,0.0,122031970.0,9550.0,11235050.0,0.0,121033816.0,1297085.0,133565950.0,0
2019-12-09,4695.0,4695.0,4510.0,4580.0,12896.0,60125.0,0.0,33099220.0,9260.0,101750.0,0.0,33066856.0,0.0,33168604.0,0
2019-12-10,4600.0,4600.0,4500.0,4570.0,11621.0,15166155.0,0.0,44103980.0,9190.0,13149395.0,0.0,46129930.0,0.0,59279324.0,0
2019-12-11,4580.0,4595.0,4510.0,4540.0,2476.0,9761880.0,0.0,42973364.0,9110.0,13996265.0,0.0,38748090.0,0.0,52744356.0,0
2019-12-12,4580.0,4645.0,4550.0,4600.0,7884.0,345370.0,0.0,10879275.0,9140.0,4480495.0,0.0,6753290.0,0.0,11233785.0,0
2019-12-13,4600.0,4640.0,4600.0,4620.0,3717.0,4156680.0,0.0,31924456.0,0.0,9373245.0,0.0,26707890.0,0.0,36081136.0,0
2019-12-16,4620.0,4685.0,4600.0,4650.0,3234.0,0.0,0.0,17180596.0,0.0,8016430.0,0.0,9164165.0,0.0,17180596.0,0
2019-12-17,4615.0,4660.0,4495.0,4500.0,56972.0,3779650.0,0.0,11191830.0,9230.0,3662075.0,0.0,11318635.0,0.0,14980710.0,0
2019-12-18,4525.0,4580.0,4495.0,4525.0,17311.0,27137864.0,0.0,230746690.0,9250.0,27022060.0,0.0,230871740.0,0.0,257893810.0,0
2019-12-19,4545.0,4580.0,4520.0,4535.0,8009.0,9190805.0,0.0,69026936.0,0.0,9231085.0,0.0,68986660.0,0.0,78217740.0,0
2019-12-20,4545.0,4570.0,4430.0,4490.0,63325.0,0.0,0.0,36357184.0,0.0,122465.0,0.0,36234720.0,0.0,36357184.0,0
2019-12-23,4490.0,4495.0,4480.0,4490.0,4103.0,19758516.0,4490000.0,259362500.0,9000.0,261562200.0,0.0,22057800.0,0.0,283620000.0,0
2019-12-24,4550.0,4550.0,4490.0,4490.0,6548.0,435530.0,0.0,17978176.0,8970.0,0.0,0.0,18422676.0,0.0,18422676.0,0
2019-12-26,4550.0,4595.0,4500.0,4530.0,23557.0,4036685.0,0.0,25488000.0,0.0,5625690.0,0.0,23898996.0,0.0,29524684.0,0
2019-12-27,4490.0,4490.0,4415.0,4450.0,7357.0,2606090.0,3901710.0,99653210.0,384270.0,3307700.0,0.0,103237580.0,0.0,106545280.0,0
2019-12-30,4450.0,4510.0,4440.0,4460.0,8522.0,1122055.0,0.0,31599144.0,0.0,133550.0,0.0,32587650.0,0.0,32721200.0,0
2020-01-02,4430.0,4490.0,4430.0,4465.0,7324.0,2474580.0,0.0,35580250.0,0.0,2650895.0,0.0,35403936.0,0.0,38054830.0,0
2020-01-03,4485.0,4485.0,4445.0,4465.0,6898.0,2786200.0,0.0,29831090.0,8920.0,2139445.0,0.0,30486764.0,0.0,32626210.0,0
2020-01-06,4465.0,4465.0,4425.0,4435.0,5355.0,133930.0,0.0,30566400.0,0.0,517145.0,0.0,30183184.0,0.0,30700330.0,0
2020-01-07,4470.0,4495.0,4445.0,4445.0,9119.0,2249105.0,0.0,21515016.0,0.0,3382320.0,0.0,20381800.0,0.0,23764120.0,0
2020-01-08,4415.0,4490.0,4370.0,4430.0,10807.0,2380255.0,0.0,38318230.0,0.0,1149710.0,0.0,39548776.0,0.0,40698484.0,0
2020-01-09,4430.0,4475.0,4405.0,4420.0,9157.0,151575.0,0.0,47408796.0,0.0,430295.0,0.0,47130076.0,0.0,47560370.0,0
2020-01-10,4435.0,4450.0,4385.0,4420.0,8702.0,503500.0,0.0,40003356.0,0.0,4081325.0,0.0,36425530.0,0.0,40506856.0,0
2020-01-13,4435.0,4445.0,4390.0,4400.0,8731.0,5519470.0,0.0,32806960.0,0.0,6718390.0,0.0,31608040.0,0.0,38326430.0,0
2020-01-14,4400.0,4425.0,4375.0,4400.0,7366.0,4410.0,0.0,38470216.0,8840.0,998540.0,833490.0,36651436.0,0.0,38483464.0,0
2020-01-15,4470.0,4470.0,4375.0,4410.0,8886.0,2767780.0,0.0,29602736.0,0.0,3725835.0,0.0,28644680.0,0.0,32370516.0,0
2020-01-16,4415.0,4450.0,4375.0,4400.0,2575.0,2724610.0,0.0,36427030.0,0.0,2221625.0,0.0,36930016.0,0.0,39151640.0,0
2020-01-17,4400.0,4405.0,4375.0,4400.0,14402.0,2205705.0,0.0,9114510.0,0.0,1056000.0,0.0,10264215.0,0.0,11320215.0,0
2020-01-20,4440.0,4450.0,4390.0,4390.0,2902.0,74805.0,0.0,63227330.0,0.0,3947430.0,0.0,59354704.0,0.0,63302136.0,0
2020-01-21,4390.0,4445.0,4375.0,4400.0,5025.0,0.0,0.0,12805235.0,0.0,853290.0,0.0,11951945.0,0.0,12805235.0,0
2020-01-22,4390.0,4415.0,4365.0,4390.0,11693.0,4278390.0,0.0,17812136.0,0.0,4222605.0,0.0,17867920.0,0.0,22090524.0,0
2020-01-23,4390.0,4435.0,4390.0,4415.0,5720.0,3394710.0,0.0,47828970.0,8760.0,3618460.0,0.0,47613980.0,0.0,51232440.0,0
2020-01-28,4400.0,4400.0,4250.0,4260.0,16546.0,356850.0,0.0,24805384.0,8780.0,1270485.0,0.0,23900530.0,0.0,25171016.0,0
2020-01-29,4250.0,4265.0,4200.0,4210.0,23076.0,208890.0,0.0,70871816.0,8600.0,55380.0,0.0,71033930.0,0.0,71089304.0,0
2020-01-30,4240.0,4240.0,4180.0,4205.0,8732.0,9315705.0,0.0,88358540.0,8500.0,6106930.0,0.0,91575820.0,0.0,97682750.0,0
2020-01-31,4235.0,4235.0,4170.0,4200.0,10346.0,2233390.0,0.0,34485120.0,8420.0,5612765.0,0.0,31114164.0,0.0,36726930.0,0
2020-02-03,4170.0,4170.0,4100.0,4115.0,7570.0,2882805.0,0.0,40544880.0,8410.0,2521195.0,0.0,40914900.0,0.0,43436096.0,0
2020-02-04,4120.0,4190.0,4080.0,4160.0,8153.0,293480.0,0.0,31020480.0,8340.0,632375.0,0.0,30689924.0,0.0,31322300.0,0
2020-02-05,4190.0,4200.0,4130.0,4170.0,10763.0,8717545.0,0.0,24900316.0,0.0,7592880.0,0.0,26024980.0,0.0,33617860.0,0
2020-02-06,4170.0,4205.0,4150.0,4200.0,9744.0,4655995.0,0.0,40052170.0,0.0,5968360.0,0.0,38739804.0,0.0,44708164.0,0
2020-02-07,4270.0,4270.0,4190.0,4205.0,7401.0,2279095.0,0.0,33242916.0,5277200.0,3443815.0,0.0,37355396.0,0.0,40799210.0,0
2020-02-10,4205.0,4230.0,4195.0,4200.0,1258.0,1928695.0,0.0,29235056.0,0.0,1839350.0,0.0,29324400.0,0.0,31163750.0,0
2020-02-11,4200.0,4210.0,4150.0,4180.0,8022.0,92400.0,0.0,5195800.0,0.0,0.0,0.0,5288200.0,0.0,5288200.0,0
2020-02-12,4210.0,4210.0,4170.0,4180.0,5222.0,2440100.0,0.0,31034056.0,0.0,26813100.0,0.0,6661055.0,0.0,33474156.0,0
2020-02-13,4235.0,4235.0,4175.0,4175.0,1663.0,125430.0,0.0,21679450.0,0.0,3569635.0,0.0,18235244.0,0.0,21804880.0,0
2020-02-14,4185.0,4195.0,4165.0,4190.0,4982.0,0.0,0.0,6962610.0,0.0,187945.0,0.0,6774665.0,0.0,6962610.0,0
2020-02-17,4190.0,4190.0,4180.0,4180.0,2562.0,16765.0,0.0,20806184.0,8360.0,125670.0,0.0,20705640.0,0.0,20831310.0,0
2020-02-18,4190.0,4195.0,4150.0,4150.0,4457.0,66880.0,0.0,10638180.0,8360.0,1333560.0,0.0,9379860.0,0.0,10713420.0,0
2020-02-19,4150.0,4180.0,4150.0,4165.0,495.0,2355720.0,0.0,16223050.0,8360.0,1209370.0,0.0,17361030.0,16730.0,18587130.0,0
2020-02-20,4235.0,4235.0,4165.0,4170.0,2235.0,657060.0,0.0,1111430.0,292600.0,592945.0,0.0,1468145.0,0.0,2061090.0,0
2020-02-21,4170.0,4170.0,4050.0,4150.0,17218.0,150120.0,0.0,9188695.0,8340.0,1175835.0,0.0,7306150.0,865170.0,9347155.0,0
2020-02-24,4150.0,4150.0,4030.0,4070.0,10820.0,2407115.0,0.0,68688530.0,8310.0,1982025.0,0.0,69121930.0,0.0,71103950.0,0
2020-02-25,4070.0,4100.0,4035.0,4080.0,4229.0,2096815.0,0.0,41903600.0,8160.0,1723330.0,0.0,42285244.0,0.0,44008576.0,0
2020-02-26,4035.0,4075.0,4015.0,4025.0,7315.0,403920.0,0.0,16858544.0,0.0,0.0,0.0,17262464.0,0.0,17262464.0,0
2020-02-27,4040.0,4135.0,3945.0,3945.0,8973.0,105355.0,0.0,29379550.0,8070.0,0.0,0.0,29492976.0,0.0,29492976.0,0
2020-02-28,3945.0,3945.0,3775.0,3785.0,6967.0,280530.0,0.0,35776720.0,0.0,945760.0,0.0,35111490.0,0.0,36057250.0,0
2020-03-02,3785.0,3800.0,3700.0,3795.0,10942.0,219555.0,0.0,26450064.0,0.0,655055.0,0.0,26014564.0,0.0,26669620.0,0
2020-03-03,3795.0,3865.0,3750.0,3750.0,6904.0,318740.0,0.0,40978910.0,0.0,0.0,0.0,41297650.0,0.0,41297650.0,0
2020-03-04,3750.0,3840.0,3745.0,3810.0,1559.0,641715.0,0.0,25374076.0,0.0,188605.0,0.0,25827184.0,0.0,26015790.0,0
2020-03-05,3810.0,3855.0,3760.0,3805.0,16841.0,504145.0,0.0,5390160.0,0.0,7570.0,0.0,5886735.0,0.0,5894305.0,0
2020-03-06,3830.0,3835.0,3750.0,3760.0,5244.0,11245760.0,7560.0,52598480.0,0.0,9580740.0,0.0,25193496.0,29077564.0,63851800.0,0
2020-03-09,3725.0,3750.0,3620.0,3695.0,7507.0,2559040.0,0.0,17233100.0,0.0,3946970.0,0.0,15845170.0,0.0,19792140.0,0
2020-03-10,3600.0,3695.0,3600.0,3685.0,5437.0,332600.0,0.0,27339080.0,0.0,51490.0,0.0,27620190.0,0.0,27671680.0,0
2020-03-11,3690.0,3690.0,3550.0,3640.0,6368.0,169390.0,0.0,19660670.0,0.0,7370.0,0.0,19523800.0,298890.0,19830060.0,0
2020-03-12,3625.0,3630.0,3290.0,3435.0,16098.0,91200.0,0.0,22830224.0,177500.0,14325.0,0.0,23084600.0,0.0,23098924.0,0
2020-03-13,3255.0,3255.0,2870.0,3055.0,51273.0,1140195.0,0.0,53624716.0,172500.0,6740.0,0.0,54930670.0,0.0,54937410.0,0
2020-03-16,3100.0,3130.0,2950.0,3020.0,10314.0,987895.0,0.0,152108590.0,0.0,0.0,0.0,152982670.0,113810.0,153096480.0,0
2020-03-17,2910.0,3010.0,2885.0,2995.0,14597.0,15299980.0,0.0,16114965.0,122920.0,2315425.0,0.0,29222440.0,0.0,31537864.0,0
2020-03-18,2990.0,3095.0,2990.0,2995.0,10407.0,21255860.0,0.0,21687370.0,0.0,8619075.0,0.0,34324156.0,0.0,42943230.0,0
2020-03-19,2995.0,3150.0,2730.0,2825.0,25413.0,15468625.0,0.0,16355120.0,152295.0,0.0,0.0,31976040.0,0.0,31976040.0,0
2020-03-20,2705.0,2915.0,2700.0,2825.0,37289.0,28751856.0,0.0,43363470.0,315390.0,0.0,0.0,72370910.0,59800.0,72430710.0,0
2020-03-23,2780.0,2820.0,2630.0,2780.0,20672.0,34071340.0,0.0,70442910.0,310750.0,6938335.0,0.0,97886670.0,0.0,104825010.0,0
2020-03-24,2760.0,2900.0,2760.0,2810.0,30194.0,27512000.0,0.0,28449376.0,0.0,4292325.0,0.0,51394516.0,274535.0,55961376.0,0
2020-03-25,2905.0,2905.0,2800.0,2825.0,53000.0,34334636.0,0.0,50584044.0,0.0,6942650.0,0.0,77976030.0,0.0,84918680.0,0
2020-03-26,2980.0,2980.0,2835.0,2875.0,36529.0,47414570.0,0.0,103816260.0,0.0,5744010.0,0.0,145486820.0,0.0,151230830.0,0
2020-03-27,2930.0,2985.0,2855.0,2895.0,35309.0,44150476.0,0.0,60784240.0,433750.0,4409145.0,0.0,100959320.0,0.0,105368460.0,0
2020-03-30,2890.0,3045.0,2820.0,3010.0,23730.0,45552240.0,0.0,56754560.0,200365.0,2114330.0,0.0,100392830.0,0.0,102507170.0,0
2020-03-31,3015.0,3300.0,3015.0,3300.0,65696.0,27138970.0,0.0,42214436.0,0.0,755450.0,0.0,68597950.0,0.0,69353410.0,0
2020-04-01,3300.0,3300.0,3140.0,3140.0,42951.0,15438095.0,0.0,192602270.0,0.0,3258150.0,0.0,204782200.0,0.0,208040350.0,0
2020-04-02,3140.0,3295.0,3100.0,3275.0,10883.0,50407620.0,0.0,88153130.0,31400.0,819800.0,0.0,137772350.0,0.0,138592140.0,0
2020-04-03,3280.0,3930.0,3280.0,3590.0,115685.0,7660385.0,0.0,27376016.0,0.0,2332550.0,0.0,32668224.0,35625.0,35036400.0,0
2020-04-06,3700.0,3750.0,3590.0,3730.0,48192.0,34811990.0,7548620.0,371053100.0,497190.0,3985140.0,0.0,409052300.0,873455.0,413910880.0,0
2020-04-07,3860.0,3860.0,3710.0,3795.0,29225.0,21980290.0,0.0,154876830.0,0.0,4059600.0,7371500.0,165426020.0,0.0,176857120.0,0
2020-04-08,3795.0,3795.0,3720.0,3765.0,20059.0,3557175.0,3760000.0,102393630.0,0.0,2075240.0,0.0,107635570.0,0.0,109710810.0,0
2020-04-09,3760.0,3840.0,3760.0,3800.0,19000.0,16338170.0,0.0,58987284.0,0.0,1095290.0,3775000.0,70192290.0,262880.0,75325460.0,0
2020-04-10,3800.0,3925.0,3760.0,3925.0,27041.0,15784375.0,0.0,56301330.0,0.0,307465.0,0.0,56345380.0,15432860.0,72085704.0,0
2020-04-13,3925.0,3970.0,3895.0,3915.0,22148.0,4838715.0,0.0,99134950.0,0.0,1414150.0,0.0,101786510.0,773000.0,103973660.0,0
2020-04-14,3895.0,3950.0,3890.0,3925.0,20280.0,59253510.0,0.0,27982424.0,0.0,31370.0,0.0,68914420.0,18290150.0,87235940.0,0
2020-04-16,3915.0,3970.0,3830.0,3965.0,20207.0,27494250.0,0.0,51930184.0,0.0,125600.0,0.0,63661170.0,15637665.0,79424430.0,0
2020-04-17,3970.0,3975.0,3915.0,3960.0,22902.0,23970330.0,0.0,54769564.0,0.0,2401760.0,0.0,76140630.0,197500.0,78739896.0,0
2020-04-20,3960.0,3970.0,3910.0,3950.0,30913.0,52443340.0,0.0,38158904.0,0.0,2045765.0,0.0,72877510.0,15678970.0,90602250.0,0
2020-04-21,3950.0,3960.0,3860.0,3930.0,35739.0,58830400.0,0.0,63552310.0,0.0,498015.0,0.0,107202380.0,14682310.0,122382710.0,0
2020-04-22,3840.0,3930.0,3840.0,3930.0,19703.0,62976390.0,0.0,76703464.0,0.0,4036435.0,0.0,135643420.0,0.0,139679860.0,0
2020-04-23,3930.0,3970.0,3895.0,3970.0,10414.0,13691190.0,0.0,55145690.0,7671955.0,2613440.0,0.0,59148710.0,14746685.0,76508830.0,0
2020-04-24,3970.0,3990.0,3945.0,3990.0,11669.0,3958690.0,0.0,35734596.0,1318200.0,79350.0,0.0,20426660.0,20505476.0,41011484.0,0
2020-04-27,3990.0,4150.0,3950.0,4105.0,37189.0,11906970.0,0.0,34339736.0,0.0,0.0,0.0,44765664.0,1481040.0,46246704.0,0
2020-04-28,4110.0,4110.0,4005.0,4005.0,18363.0,23401240.0,0.0,124780860.0,2548760.0,1280565.0,0.0,149450300.0,0.0,150730860.0,0
2020-04-29,4010.0,4045.0,4000.0,4025.0,12000.0,17116110.0,0.0,56262496.0,440550.0,1089405.0,0.0,69445790.0,3283955.0,73819150.0,0
2020-05-04,4025.0,4070.0,4000.0,4050.0,20400.0,6987075.0,0.0,41314996.0,0.0,128530.0,0.0,45597076.0,2576465.0,48302070.0,0
2020-05-06,4050.0,4095.0,4050.0,4095.0,22001.0,45987556.0,0.0,31572280.0,4561040.0,0.0,0.0,81871330.0,249550.0,82120870.0,0
2020-05-07,4050.0,4150.0,4050.0,4150.0,12892.0,37344624.0,0.0,45303310.0,6809355.0,0.0,0.0,89457290.0,0.0,89457290.0,0
2020-05-08,4095.0,4180.0,4095.0,4165.0,19414.0,128650.0,0.0,48549044.0,4183005.0,0.0,0.0,52336000.0,524700.0,52860700.0,0
2020-05-11,4165.0,4250.0,4105.0,4220.0,38475.0,12923480.0,3113225.0,62894316.0,1578570.0,1003260.0,0.0,77998880.0,1507450.0,80509590.0,0
2020-05-12,4220.0,4300.0,4160.0,4300.0,16006.0,567375.0,0.0,144640240.0,16316830.0,504035.0,0.0,160957920.0,62500.0,161524450.0,0
2020-05-13,4290.0,4290.0,4175.0,4250.0,19356.0,2082970.0,0.0,65863784.0,0.0,2073245.0,0.0,57192920.0,8680590.0,67946750.0,0
2020-05-14,4210.0,4240.0,4150.0,4195.0,19423.0,13788825.0,89460.0,67951730.0,488425.0,0.0,0.0,81463060.0,855380.0,82318430.0,0
2020-05-15,4220.0,4250.0,4190.0,4250.0,7402.0,54661356.0,2812710.0,23876110.0,0.0,0.0,0.0,74994750.0,6355425.0,81350180.0,0
2020-05-18,4255.0,4260.0,4200.0,4255.0,6307.0,10299975.0,0.0,17932230.0,2930815.0,1222475.0,89175.0,29607770.0,243600.0,31163020.0,0
2020-05-19,4280.0,4285.0,4220.0,4220.0,17091.0,10554675.0,0.0,16106190.0,17020.0,34040.0,0.0,26558920.0,84925.0,26677884.0,0
2020-05-20,4250.0,4265.0,4215.0,4235.0,8726.0,42358760.0,0.0,30097056.0,12660.0,118310.0,0.0,71172290.0,1177875.0,72468470.0,0
2020-05-21,4235.0,4240.0,4195.0,4210.0,16735.0,13541780.0,0.0,21081990.0,2296000.0,1005635.0,0.0,35867320.0,46815.0,36919770.0,0
2020-05-22,4210.0,4230.0,4195.0,4200.0,6471.0,28316000.0,884100.0,41240120.0,0.0,1063240.0,0.0,68766530.0,610450.0,70440220.0,0
2020-05-25,4190.0,4270.0,4190.0,4210.0,6134.0,1778680.0,0.0,24097624.0,1356860.0,331425.0,0.0,26695450.0,206290.0,27233164.0,0
2020-05-26,4250.0,4270.0,4210.0,4255.0,15425.0,8444470.0,0.0,14426345.0,2939905.0,12600.0,0.0,25481620.0,316500.0,25810720.0,0
2020-05-27,4260.0,4310.0,4225.0,4295.0,18137.0,1140955.0,5565620.0,52748116.0,5884330.0,1156010.0,0.0,62837650.0,1345360.0,65339020.0,0
2020-05-28,4305.0,4320.0,4050.0,4255.0,25769.0,0.0,0.0,76792744.0,1012110.0,90215.0,0.0,75861470.0,1853165.0,77804856.0,0
2020-05-29,4250.0,4270.0,4205.0,4205.0,9568.0,21268510.0,0.0,87772340.0,86100.0,302150.0,364450.0,106378450.0,2081900.0,109126940.0,0
2020-06-01,4275.0,4275.0,4180.0,4240.0,10165.0,7690780.0,0.0,32325176.0,392715.0,1911995.0,581865.0,36675970.0,1238840.0,40408670.0,0
2020-06-02,4280.0,4360.0,4275.0,4285.0,44359.0,12901585.0,0.0,29747600.0,173635.0,4220140.0,0.0,38227164.0,375515.0,42822820.0,0
2020-06-03,4285.0,4325.0,4215.0,4310.0,55502.0,13910880.0,0.0,174162560.0,3706960.0,2119620.0,2448315.0,187126860.0,85600.0,191780400.0,0
2020-06-04,4325.0,4345.0,4285.0,4310.0,28055.0,45964980.0,0.0,191277820.0,449645.0,4231915.0,0.0,233395870.0,64670.0,237692450.0,0
2020-06-05,4320.0,4325.0,4265.0,4295.0,13370.0,4495680.0,443415.0,110852470.0,4955585.0,4921840.0,915715.0,114870810.0,38790.0,120747150.0,0
2020-06-08,4330.0,4330.0,4260.0,4300.0,16142.0,42950.0,0.0,54248410.0,3110880.0,1109700.0,911525.0,55195900.0,185115.0,57402240.0,0
2020-06-09,4325.0,4370.0,4260.0,4360.0,46363.0,2999560.0,0.0,64893416.0,1445435.0,249400.0,0.0,68221224.0,867785.0,69338410.0,0
2020-06-10,4370.0,4370.0,4300.0,4300.0,20126.0,21800.0,0.0,186942370.0,13421175.0,670775.0,0.0,199714560.0,0.0,200385340.0,0
2020-06-11,4300.0,4310.0,4250.0,4300.0,27748.0,42949700.0,0.0,41059720.0,2869765.0,1104625.0,0.0,84745660.0,1028895.0,86879180.0,0
2020-06-12,4305.0,4305.0,4155.0,4245.0,25567.0,25640000.0,0.0,91439290.0,1685065.0,1517635.0,856000.0,115073490.0,1317230.0,118764350.0,0
2020-06-15,4240.0,4280.0,3900.0,4115.0,41514.0,29515000.0,0.0,70591670.0,7282385.0,130950.0,0.0,102296430.0,4961680.0,107389060.0,0
2020-06-16,4150.0,4290.0,4150.0,4280.0,20681.0,44442160.0,0.0,114386820.0,13504630.0,1130055.0,0.0,158715200.0,12488350.0,172333620.0,0
2020-06-17,4295.0,4295.0,4250.0,4285.0,9111.0,22849650.0,0.0,56213550.0,8512410.0,7390165.0,0.0,77116190.0,3069255.0,87575610.0,0
2020-06-18,4295.0,4420.0,4295.0,4410.0,38236.0,13876300.0,0.0,21139556.0,3876935.0,1206155.0,0.0,34869924.0,2816710.0,38892790.0,0
2020-06-19,4410.0,4460.0,4375.0,4450.0,33522.0,8522300.0,0.0,136076370.0,22346556.0,745695.0,3188050.0,159753540.0,3257935.0,166945220.0,0
2020-06-22,4445.0,4595.0,4445.0,4595.0,50490.0,8803350.0,0.0,127746000.0,12090220.0,35600.0,0.0,145057600.0,3546365.0,148639570.0,0
2020-06-23,4605.0,4725.0,4555.0,4720.0,82334.0,209760.0,0.0,207442180.0,21153536.0,27570.0,0.0,224608000.0,4169900.0,228805470.0,0
2020-06-24,4740.0,4875.0,4730.0,4875.0,108989.0,12694590.0,0.0,342095200.0,27860120.0,3166235.0,0.0,363719070.0,15764610.0,382649920.0,0
2020-06-25,4875.0,4995.0,4780.0,4815.0,94266.0,13258235.0,0.0,446036000.0,64355624.0,2321305.0,21349470.0,484571840.0,15407250.0,523649860.0,0
2020-06-26,4805.0,4850.0,4620.0,4675.0,49620.0,14738060.0,0.0,419912000.0,25512500.0,14545.0,0.0,391417180.0,68730850.0,460162560.0,0
2020-06-29,4655.0,4655.0,4470.0,4575.0,26366.0,23092230.0,0.0,199981920.0,11377720.0,8759435.0,0.0,208109490.0,17582950.0,234451870.0,0
2020-06-30,4575.0,4625.0,4490.0,4595.0,31694.0,1382250.0,0.0,94934220.0,23515256.0,1362000.0,0.0,113408456.0,5061275.0,119831730.0,0
2020-07-01,4590.0,4675.0,4525.0,4525.0,12675.0,2508225.0,0.0,98972050.0,43384150.0,2667150.0,0.0,135408720.0,6788545.0,144864420.0,0
2020-07-02,4525.0,4525.0,4450.0,4525.0,8380.0,1166495.0,0.0,56296624.0,727830.0,4937570.0,0.0,42283280.0,10970100.0,58190950.0,0
2020-07-03,4485.0,4560.0,4460.0,4495.0,9300.0,520860.0,0.0,35725656.0,1281495.0,1908245.0,0.0,31507144.0,4112620.0,37528010.0,0
2020-07-06,4505.0,4610.0,4505.0,4580.0,14773.0,1445495.0,0.0,38925150.0,1405450.0,1119590.0,0.0,35713424.0,4943080.0,41776096.0,0
2020-07-07,4580.0,4580.0,4470.0,4500.0,11351.0,932300.0,0.0,60840940.0,5591790.0,1303760.0,0.0,61398700.0,4662570.0,67365030.0,0
2020-07-08,4545.0,4545.0,4495.0,4500.0,7384.0,2522890.0,0.0,48619040.0,0.0,2519045.0,0.0,42706780.0,5916105.0,51141930.0,0
2020-07-09,4525.0,4545.0,4490.0,4520.0,8379.0,450500.0,0.0,26454964.0,6345000.0,464515.0,0.0,31567524.0,1218425.0,33250464.0,0
2020-07-10,4520.0,4575.0,4350.0,4465.0,14082.0,0.0,0.0,37767990.0,0.0,1383025.0,0.0,31634950.0,4750015.0,37767990.0,0
2020-07-13,4500.0,4505.0,4430.0,4475.0,10518.0,2228515.0,0.0,57871480.0,2444680.0,3279630.0,0.0,52670990.0,6594055.0,62544676.0,0
2020-07-14,4575.0,4575.0,4425.0,4430.0,6726.0,1198775.0,0.0,43807580.0,1957510.0,1075690.0,0.0,41216884.0,4671290.0,46963864.0,0
2020-07-15,4585.0,4585.0,4430.0,4445.0,18456.0,1009015.0,0.0,28768176.0,232360.0,739305.0,0.0,29029744.0,240500.0,30009550.0,0
2020-07-16,4420.0,4465.0,4355.0,4375.0,15371.0,4493450.0,0.0,76589370.0,1680365.0,3678940.0,0.0,74084300.0,4999940.0,82763180.0,0
2020-07-17,4360.0,4425.0,4355.0,4425.0,9668.0,1101250.0,0.0,65892150.0,420850.0,4398970.0,0.0,53007196.0,10008085.0,67414250.0,0
2020-07-20,4380.0,4450.0,4340.0,4410.0,7592.0,335765.0,0.0,40907530.0,1053630.0,321500.0,0.0,41975424.0,0.0,42296924.0,0
2020-07-21,4480.0,4490.0,4410.0,4455.0,18553.0,1096250.0,0.0,31798000.0,344550.0,4315845.0,0.0,27345924.0,1577030.0,33238800.0,0
2020-07-22,4480.0,4480.0,4335.0,4425.0,24325.0,2088180.0,0.0,79965790.0,658805.0,2544680.0,0.0,75939290.0,4228810.0,82712780.0,0
2020-07-23,4370.0,4425.0,4360.0,4365.0,17725.0,2923540.0,0.0,101403384.0,2869310.0,3153935.0,0.0,98690230.0,5352070.0,107196230.0,0
2020-07-24,4420.0,4420.0,4310.0,4370.0,12827.0,1888125.0,0.0,74596630.0,1194160.0,2145890.0,0.0,74654390.0,878640.0,77678920.0,0
2020-07-27,4450.0,4475.0,4400.0,4435.0,17334.0,4569580.0,0.0,51196850.0,0.0,5533440.0,2170495.0,45048556.0,3013940.0,55766430.0,0
2020-07-28,4445.0,4445.0,4375.0,4400.0,14697.0,0.0,0.0,74004730.0,2810245.0,62090.0,1760000.0,73777380.0,1215500.0,76814970.0,0
2020-07-29,4425.0,4435.0,4380.0,4430.0,11393.0,0.0,0.0,62517724.0,2008540.0,272745.0,0.0,62686340.0,1567180.0,64526264.0,0
2020-07-30,4445.0,4450.0,4405.0,4435.0,9082.0,0.0,0.0,48100444.0,2056040.0,803475.0,0.0,47305504.0,2047505.0,50156484.0,0
2020-07-31,4450.0,4460.0,4410.0,4415.0,14631.0,1119200.0,0.0,34695904.0,4472055.0,1636640.0,0.0,38429020.0,221500.0,40287160.0,0
2020-08-03,4460.0,4460.0,4400.0,4425.0,9046.0,97130.0,0.0,63940670.0,718200.0,5693460.0,0.0,58510740.0,551800.0,64756000.0,0
2020-08-04,4410.0,4470.0,4410.0,4455.0,9554.0,252225.0,0.0,36598890.0,3175030.0,8845.0,0.0,39756270.0,261030.0,40026144.0,0
2020-08-05,4455.0,4570.0,4450.0,4510.0,38811.0,26730.0,0.0,41839104.0,545490.0,1719895.0,0.0,40588620.0,102810.0,42411324.0,0
2020-08-06,4535.0,4755.0,4525.0,4665.0,103486.0,22550.0,0.0,174287620.0,0.0,836980.0,0.0,173473180.0,0.0,174310180.0,0
2020-08-07,4695.0,4705.0,4510.0,4580.0,26010.0,2333080.0,0.0,458685760.0,19932344.0,2818015.0,0.0,478062750.0,70425.0,480951170.0,0
2020-08-10,4630.0,4830.0,4610.0,4650.0,116275.0,3315315.0,0.0,111081630.0,5179515.0,3431515.0,0.0,113301030.0,2843920.0,119576460.0,0
2020-08-11,4650.0,5810.0,4610.0,5220.0,1806529.0,4640555.0,0.0,528787330.0,12542830.0,4729550.0,0.0,527072800.0,14168375.0,545970750.0,1
2020-08-12,5200.0,5200.0,4895.0,4895.0,339835.0,104400.0,25786910.0,9677398000.0,29046900.0,436953900.0,43019660.0,9123502000.0,128860216.0,9732336000.0,0
2020-08-13,4900.0,5350.0,4870.0,5010.0,559315.0,0.0,0.0,1671390300.0,19799630.0,298595.0,0.0,1624942000.0,65949520.0,1691190000.0,1
2020-08-14,5010.0,5120.0,4920.0,5010.0,97665.0,0.0,997160.0,2850484200.0,25591176.0,1351500.0,0.0,2846094600.0,29626436.0,2877072400.0,0
2020-08-18,5010.0,5010.0,4430.0,4510.0,152333.0,35220.0,0.0,474415700.0,16564420.0,165330.0,25250000.0,428584420.0,37015616.0,491015360.0,0
2020-08-19,4510.0,4605.0,4440.0,4465.0,56078.0,6297040.0,0.0,671236160.0,38351540.0,6385740.0,0.0,672021000.0,37478044.0,715884740.0,0
2020-08-20,4490.0,4490.0,4185.0,4210.0,74712.0,2658010.0,0.0,225424540.0,24180570.0,2691930.0,0.0,239170690.0,10400520.0,252263140.0,0
2020-08-21,4285.0,4305.0,4185.0,4195.0,27312.0,5154985.0,0.0,290090600.0,24817176.0,5112710.0,0.0,285299940.0,29650096.0,320062750.0,0
2020-08-24,4195.0,4240.0,4140.0,4210.0,28792.0,2662105.0,0.0,109669160.0,3088470.0,2343560.0,0.0,101736024.0,11340150.0,115419736.0,0
2020-08-25,4250.0,4340.0,4215.0,4310.0,28068.0,0.0,0.0,121102264.0,0.0,79990.0,0.0,114034020.0,6988255.0,121102264.0,0
2020-08-26,4300.0,4345.0,4215.0,4280.0,26932.0,309610.0,0.0,103974490.0,16095535.0,382880.0,0.0,115527224.0,4469525.0,120379630.0,0
2020-08-27,4280.0,4290.0,4200.0,4210.0,25337.0,2738110.0,0.0,108222710.0,4427740.0,2807930.0,0.0,101101780.0,11478850.0,115388560.0,0
2020-08-28,4210.0,4295.0,4200.0,4220.0,22437.0,615975.0,0.0,102083710.0,4337520.0,42100.0,0.0,98848380.0,8146725.0,107037210.0,0
2020-08-31,4230.0,4390.0,4230.0,4365.0,26542.0,76430.0,0.0,88322850.0,6621395.0,46420.0,0.0,92785660.0,2188590.0,95020670.0,0
2020-09-01,4370.0,4395.0,4325.0,4355.0,9977.0,5177395.0,0.0,101457860.0,8731295.0,5332690.0,0.0,105461350.0,4572505.0,115366550.0,0
2020-09-02,4390.0,4390.0,4305.0,4335.0,9579.0,1125800.0,0.0,41600330.0,786150.0,1200225.0,0.0,40255404.0,2056650.0,43512280.0,0
2020-09-03,4385.0,4385.0,4320.0,4350.0,12256.0,277480.0,497950.0,39811084.0,935485.0,416690.0,0.0,37422616.0,3682695.0,41522000.0,0
2020-09-04,4265.0,4300.0,4135.0,4275.0,20758.0,0.0,996150.0,51567116.0,675600.0,239070.0,0.0,51066776.0,1933020.0,53238864.0,0
2020-09-07,4230.0,4330.0,4230.0,4320.0,19086.0,4513125.0,0.0,77345250.0,5943740.0,4228220.0,0.0,67813010.0,15760890.0,87802110.0,0
2020-09-08,4340.0,4340.0,4280.0,4315.0,21566.0,3598840.0,0.0,67136030.0,10845130.0,2581825.0,0.0,77861830.0,1136345.0,81580000.0,0
2020-09-09,4275.0,4310.0,4205.0,4285.0,10693.0,2080410.0,0.0,84660060.0,6197435.0,3355215.0,0.0,81599610.0,7983085.0,92937900.0,0
2020-09-10,4305.0,4325.0,4285.0,4320.0,10829.0,0.0,0.0,45266584.0,487920.0,943645.0,0.0,43735460.0,1075400.0,45754504.0,0
2020-09-11,4320.0,4330.0,4285.0,4320.0,8232.0,6846050.0,0.0,39610296.0,202290.0,1281870.0,0.0,44662636.0,714130.0,46658636.0,0
2020-09-14,4280.0,4350.0,4265.0,4330.0,24900.0,0.0,0.0,33216396.0,2299195.0,982860.0,0.0,29771116.0,4761615.0,35515590.0,0
2020-09-15,4340.0,4340.0,4285.0,4325.0,19086.0,1111500.0,0.0,91176180.0,15110365.0,2559315.0,0.0,103531900.0,1306830.0,107398050.0,0
2020-09-16,4345.0,4385.0,4320.0,4360.0,23451.0,0.0,0.0,80361600.0,1824885.0,2073490.0,0.0,78812670.0,1300325.0,82186490.0,0
2020-09-17,4360.0,4360.0,4295.0,4355.0,12602.0,35000.0,0.0,98712880.0,3229990.0,1120420.0,0.0,100857450.0,0.0,101977870.0,0
2020-09-18,4375.0,4390.0,4290.0,4310.0,10864.0,13065.0,0.0,54394464.0,0.0,117585.0,0.0,52894110.0,1395835.0,54407530.0,0
2020-09-21,4275.0,4305.0,4250.0,4260.0,20944.0,349110.0,0.0,46460304.0,0.0,34480.0,0.0,44540530.0,2234405.0,46809416.0,0
2020-09-22,4225.0,4345.0,4170.0,4195.0,15440.0,59640.0,0.0,88655540.0,723350.0,25560.0,0.0,84272370.0,5140605.0,89438530.0,0
2020-09-23,4225.0,4345.0,4135.0,4135.0,13790.0,784175.0,0.0,63993670.0,329550.0,769460.0,0.0,50771210.0,13566725.0,65107396.0,0
2020-09-24,4280.0,4280.0,4090.0,4105.0,12802.0,1044275.0,0.0,55082480.0,1375015.0,979360.0,0.0,38423540.0,18098870.0,57501770.0,0
2020-09-25,4080.0,4155.0,4060.0,4095.0,10819.0,12320.0,0.0,52482520.0,270930.0,4105.0,0.0,43137456.0,9624210.0,52765770.0,0
2020-09-28,4120.0,4120.0,4070.0,4100.0,4447.0,3490815.0,0.0,40803320.0,0.0,3449000.0,0.0,37380976.0,3464160.0,44294136.0,0
2020-09-29,4120.0,4185.0,4100.0,4160.0,6110.0,98400.0,0.0,17695100.0,388550.0,0.0,0.0,18182050.0,0.0,18182050.0,0
2020-10-05,4160.0,4185.0,4125.0,4150.0,5417.0,264265.0,0.0,24924520.0,12495.0,231985.0,0.0,24629376.0,339920.0,25201280.0,0
2020-10-06,4150.0,4225.0,4150.0,4180.0,8554.0,165475.0,0.0,21973616.0,359310.0,211730.0,0.0,21783310.0,503360.0,22498400.0,0
2020-10-07,4185.0,4200.0,4160.0,4190.0,2879.0,0.0,0.0,35601200.0,0.0,45980.0,0.0,32754484.0,2800735.0,35601200.0,0
2020-10-08,4230.0,4235.0,4170.0,4195.0,7243.0,79610.0,0.0,11985660.0,0.0,50280.0,0.0,12010805.0,4185.0,12065270.0,0
2020-10-12,4240.0,4240.0,4180.0,4220.0,13920.0,1210925.0,0.0,28178876.0,1036360.0,1584955.0,0.0,27123716.0,1717490.0,30426160.0,0
2020-10-13,4235.0,4250.0,4200.0,4240.0,7673.0,92840.0,0.0,56597696.0,1731630.0,160360.0,0.0,58261804.0,0.0,58422164.0,0
2020-10-14,4240.0,4250.0,4195.0,4220.0,15441.0,0.0,0.0,32434640.0,12615.0,308130.0,0.0,32139124.0,0.0,32447256.0,0
2020-10-15,4180.0,4235.0,4150.0,4215.0,18548.0,2375860.0,0.0,62642416.0,0.0,97000.0,0.0,63284496.0,1636780.0,65018276.0,0
2020-10-16,4230.0,4230.0,4170.0,4200.0,5550.0,0.0,0.0,77189336.0,347200.0,171645.0,0.0,74828856.0,2536035.0,77536536.0,0
2020-10-19,4115.0,4205.0,4115.0,4205.0,5030.0,426870.0,0.0,22608964.0,188780.0,639425.0,0.0,21274740.0,1310450.0,23224616.0,0
2020-10-20,4200.0,4200.0,4125.0,4135.0,8808.0,1284695.0,0.0,19267710.0,345660.0,374725.0,0.0,20043184.0,480155.0,20898064.0,0
2020-10-21,4135.0,4220.0,4105.0,4220.0,10591.0,82960.0,0.0,36370110.0,0.0,1099525.0,0.0,31567530.0,3786015.0,36453070.0,0
2020-10-22,4175.0,4195.0,4145.0,4165.0,9225.0,3357450.0,0.0,40250044.0,173250.0,2318350.0,0.0,40292020.0,1170375.0,43780744.0,0
2020-10-23,4165.0,4165.0,4090.0,4130.0,18440.0,0.0,0.0,38132996.0,212160.0,1633815.0,0.0,35548924.0,1162415.0,38345156.0,0
2020-10-26,4130.0,4130.0,4055.0,4070.0,17474.0,2832205.0,0.0,73073540.0,0.0,2461395.0,0.0,73336490.0,107860.0,75905740.0,0
2020-10-27,4055.0,4090.0,4020.0,4070.0,6557.0,0.0,0.0,71218900.0,0.0,677655.0,0.0,68245390.0,2295850.0,71218900.0,0
2020-10-28,4150.0,4150.0,4025.0,4075.0,2320.0,32305.0,0.0,26443070.0,0.0,69105.0,0.0,24497524.0,1908745.0,26475376.0,0
2020-10-29,4035.0,4070.0,4035.0,4065.0,8209.0,2241250.0,0.0,6883860.0,344930.0,1514865.0,0.0,6558150.0,1397025.0,9470040.0,0
2020-10-30,4065.0,4100.0,4050.0,4050.0,1128.0,653880.0,0.0,7849355.0,24841216.0,1001225.0,0.0,7012865.0,25330360.0,33344450.0,0
2020-11-02,4050.0,4110.0,4035.0,4070.0,2341.0,228335.0,0.0,4348420.0,0.0,8100.0,0.0,4075260.0,493395.0,4576755.0,0
2020-11-03,4040.0,4115.0,4040.0,4065.0,3529.0,527140.0,0.0,8976460.0,0.0,396900.0,0.0,8668210.0,438490.0,9503600.0,0
2020-11-04,4065.0,4100.0,4025.0,4070.0,4956.0,61030.0,0.0,14275160.0,49075.0,12195.0,0.0,13553995.0,819075.0,14385265.0,0
2020-11-05,4070.0,4100.0,4040.0,4070.0,3646.0,688690.0,0.0,18565624.0,850175.0,655275.0,0.0,19449216.0,0.0,20104490.0,0
2020-11-06,4115.0,4115.0,4075.0,4090.0,2506.0,0.0,0.0,14620740.0,253480.0,155280.0,0.0,14718940.0,0.0,14874220.0,0
2020-11-09,4100.0,4120.0,4075.0,4105.0,2840.0,0.0,0.0,10255995.0,0.0,175885.0,0.0,9965450.0,114660.0,10255995.0,0
2020-11-10,4105.0,4165.0,4075.0,4150.0,8816.0,710305.0,0.0,10593285.0,334690.0,568630.0,0.0,10237350.0,832300.0,11638280.0,0
2020-11-11,4150.0,4165.0,4125.0,4155.0,10427.0,3734105.0,0.0,32514420.0,176185.0,359670.0,0.0,35627120.0,437920.0,36424710.0,0
2020-11-12,4155.0,4245.0,4155.0,4240.0,22270.0,0.0,0.0,43180660.0,41350.0,332400.0,0.0,42147384.0,742225.0,43222010.0,0
2020-11-13,4240.0,4305.0,4200.0,4305.0,15157.0,652955.0,0.0,92823190.0,41550.0,0.0,0.0,91752616.0,1765080.0,93517700.0,0
2020-11-16,4310.0,4320.0,4300.0,4315.0,15406.0,5172655.0,0.0,59386696.0,84200.0,985845.0,0.0,60643504.0,3014200.0,64643550.0,0
2020-11-17,4315.0,4315.0,4260.0,4305.0,7730.0,0.0,0.0,66396690.0,0.0,60375.0,0.0,66284596.0,51720.0,66396690.0,0
2020-11-18,4275.0,4335.0,4265.0,4310.0,25023.0,129095.0,0.0,32998130.0,42850.0,47355.0,0.0,32029004.0,1093715.0,33170076.0,0
2020-11-19,4300.0,4325.0,4245.0,4280.0,24148.0,25910.0,0.0,105723380.0,1876210.0,224120.0,0.0,107401380.0,0.0,107625496.0,0
2020-11-20,4310.0,4310.0,4250.0,4270.0,6275.0,328770.0,0.0,102220160.0,579910.0,72720.0,0.0,103051790.0,4325.0,103128840.0,0
2020-11-23,4260.0,4310.0,4260.0,4310.0,9585.0,1107600.0,0.0,24167820.0,1500685.0,1798560.0,0.0,24770904.0,206640.0,26776104.0,0
2020-11-24,4310.0,4330.0,4275.0,4310.0,5453.0,0.0,0.0,39938750.0,1215890.0,765630.0,0.0,40186676.0,202335.0,41154640.0,0
2020-11-25,4330.0,4330.0,4290.0,4305.0,6594.0,0.0,0.0,22908656.0,593670.0,202570.0,0.0,23299756.0,0.0,23502324.0,0
2020-11-26,4300.0,4320.0,4265.0,4285.0,5639.0,0.0,0.0,28467896.0,0.0,228165.0,0.0,27279130.0,960600.0,28467896.0,0
2020-11-27,4280.0,4320.0,4270.0,4295.0,3664.0,0.0,0.0,24150256.0,0.0,749195.0,0.0,22836720.0,564340.0,24150256.0,0
2020-11-30,4295.0,4300.0,4225.0,4295.0,12813.0,0.0,0.0,15687980.0,0.0,146005.0,0.0,15107430.0,434545.0,15687980.0,0
2020-12-01,4255.0,4315.0,4255.0,4300.0,4440.0,2218565.0,0.0,52186744.0,0.0,2559155.0,0.0,49280184.0,2565970.0,54405310.0,0
2020-12-02,4320.0,4325.0,4240.0,4295.0,31556.0,180650.0,0.0,18869760.0,0.0,807300.0,0.0,16902976.0,1340135.0,19050410.0,0
2020-12-03,4325.0,4325.0,4250.0,4295.0,9835.0,1123260.0,0.0,133474070.0,0.0,1333450.0,0.0,133044216.0,219665.0,134597330.0,0
2020-12-04,4240.0,4295.0,4240.0,4295.0,7813.0,8590.0,0.0,41916680.0,0.0,210455.0,0.0,41714816.0,0.0,41925270.0,0
2020-12-07,4325.0,4325.0,4265.0,4305.0,7664.0,0.0,0.0,33407860.0,0.0,210455.0,0.0,33197404.0,0.0,33407860.0,0
2020-12-08,4320.0,4335.0,4285.0,4325.0,14036.0,0.0,0.0,32841556.0,0.0,493465.0,0.0,32348090.0,0.0,32841556.0,0
2020-12-09,4340.0,4345.0,4300.0,4330.0,12597.0,0.0,0.0,59700824.0,867000.0,172600.0,0.0,60395224.0,0.0,60567824.0,0
2020-12-10,4330.0,4340.0,4300.0,4305.0,10602.0,8635.0,0.0,54375340.0,0.0,82270.0,0.0,32292004.0,22009700.0,54383976.0,0
2020-12-11,4340.0,4495.0,4310.0,4495.0,42523.0,3616955.0,0.0,41885150.0,309960.0,10905340.0,0.0,34906724.0,0.0,45812064.0,0
2020-12-14,4495.0,4750.0,4450.0,4545.0,110937.0,1172625.0,0.0,186082940.0,8690.0,1468795.0,0.0,185483090.0,312380.0,187264270.0,0
2020-12-15,4545.0,4545.0,4445.0,4485.0,23177.0,9311010.0,0.0,498746940.0,0.0,9507285.0,0.0,498045920.0,504740.0,508057950.0,0
2020-12-16,4500.0,4645.0,4440.0,4535.0,51404.0,4729805.0,0.0,98975496.0,0.0,4898770.0,0.0,85097110.0,13709420.0,103705300.0,0
2020-12-17,4590.0,4620.0,4525.0,4570.0,34938.0,9461040.0,9055000.0,212769180.0,3072245.0,9481140.0,0.0,224876320.0,0.0,234357470.0,0
2020-12-18,4600.0,4605.0,4545.0,4580.0,10089.0,3568425.0,0.0,154071820.0,2082720.0,3546870.0,0.0,156176110.0,0.0,159722980.0,0
2020-12-21,4585.0,4585.0,4450.0,4575.0,11855.0,768600.0,0.0,43288430.0,2000495.0,786905.0,0.0,43864600.0,1406020.0,46057524.0,0
2020-12-22,4575.0,4590.0,4360.0,4415.0,42402.0,5741175.0,0.0,45094960.0,2723890.0,6276905.0,0.0,46761120.0,522000.0,53560024.0,0
2020-12-23,4415.0,4430.0,4355.0,4370.0,11520.0,6395090.0,0.0,178606020.0,2640960.0,6420890.0,0.0,179809730.0,1411455.0,187642060.0,0
2020-12-24,4425.0,4440.0,4370.0,4415.0,6781.0,3146415.0,0.0,44727240.0,2621160.0,3146915.0,0.0,45948600.0,1399300.0,50494816.0,0
2020-12-28,4415.0,4510.0,4400.0,4400.0,23419.0,3059575.0,0.0,20987056.0,5739155.0,4376105.0,0.0,24437530.0,972150.0,29785784.0,0
2020-12-29,4350.0,4600.0,4305.0,4565.0,97867.0,5623050.0,0.0,94780890.0,3652800.0,6230650.0,0.0,95793420.0,2032660.0,104056740.0,0
2020-12-30,4565.0,4565.0,4395.0,4460.0,27499.0,4151625.0,0.0,429937020.0,5980555.0,5273350.0,0.0,430371460.0,4424420.0,440069220.0,0
2021-01-04,4495.0,4495.0,4320.0,4345.0,35744.0,11438580.0,0.0,104011820.0,7099185.0,11600420.0,0.0,108679100.0,2270065.0,122549590.0,0
2021-01-05,4410.0,4410.0,4315.0,4350.0,10910.0,5171195.0,0.0,146482930.0,3701805.0,5435515.0,0.0,148017950.0,1902465.0,155355920.0,0
2021-01-06,4400.0,4400.0,4325.0,4335.0,11159.0,1106170.0,0.0,45309504.0,919020.0,2333910.0,0.0,43009960.0,1990825.0,47334696.0,0
2021-01-07,4330.0,4355.0,4295.0,4340.0,28249.0,1590000.0,0.0,46862980.0,0.0,1724755.0,8680000.0,36150756.0,1897470.0,48452980.0,0
2021-01-08,4405.0,4410.0,4280.0,4325.0,47382.0,2285265.0,0.0,120641016.0,0.0,3264020.0,0.0,118101050.0,1561210.0,122926280.0,0
2021-01-11,4300.0,4350.0,4230.0,4255.0,27146.0,11087895.0,0.0,172190770.0,21145470.0,11740740.0,0.0,192303200.0,380190.0,204424130.0,0
2021-01-12,4245.0,4370.0,4245.0,4300.0,6822.0,1905790.0,0.0,105341350.0,8527290.0,2131460.0,0.0,111109710.0,2533255.0,115774430.0,0
2021-01-13,4365.0,4375.0,4280.0,4310.0,10713.0,4263580.0,0.0,25036836.0,0.0,4353075.0,0.0,24436730.0,510610.0,29300416.0,0
2021-01-14,4365.0,4365.0,4310.0,4335.0,13512.0,2298175.0,0.0,43927710.0,0.0,2336260.0,0.0,42552056.0,1337570.0,46225884.0,0
2021-01-15,4335.0,4360.0,4320.0,4345.0,3038.0,0.0,0.0,57683290.0,789435.0,121380.0,0.0,58351344.0,0.0,58472724.0,0
2021-01-18,4340.0,4340.0,4315.0,4325.0,8291.0,0.0,0.0,13153700.0,0.0,126005.0,0.0,12758615.0,269080.0,13153700.0,0
2021-01-19,4320.0,5010.0,4300.0,4700.0,1098932.0,0.0,0.0,35866140.0,0.0,116775.0,0.0,35124976.0,624390.0,35866140.0,1
2021-01-20,4710.0,4810.0,4580.0,4760.0,234249.0,1605445.0,1757950.0,5204917000.0,1325905.0,1591745.0,0.0,5177363500.0,30651160.0,5209606700.0,0
2021-01-21,4720.0,4755.0,4635.0,4700.0,81776.0,4650440.0,4183660.0,1084330800.0,955050.0,4621880.0,6051000.0,1073981700.0,9465315.0,1094120000.0,0
2021-01-22,4700.0,4700.0,4590.0,4595.0,57055.0,2781640.0,3277000.0,377294560.0,564015.0,4295575.0,0.0,372576930.0,7044735.0,383917220.0,0
2021-01-25,4595.0,4680.0,4500.0,4670.0,53502.0,1125775.0,461500.0,261847790.0,0.0,1654750.0,1378500.0,237076130.0,23325690.0,263435070.0,0
2021-01-26,4640.0,4655.0,4600.0,4620.0,36346.0,5938550.0,640500.0,231670800.0,7313560.0,4882600.0,2332500.0,234241280.0,4107035.0,245563410.0,0
2021-01-27,4610.0,4625.0,4565.0,4585.0,23328.0,0.0,0.0,167720480.0,0.0,743250.0,0.0,164399260.0,2577965.0,167720480.0,0
2021-01-28,4675.0,4675.0,4450.0,4520.0,44500.0,3427070.0,3997650.0,85249540.0,14384325.0,3812220.0,0.0,102683970.0,562395.0,107058580.0,0
2021-01-29,4555.0,4555.0,4350.0,4375.0,50352.0,1483110.0,720000.0,192542110.0,5420190.0,1353115.0,0.0,192103230.0,6709065.0,200165400.0,0
2021-02-01,4375.0,4375.0,4285.0,4305.0,38114.0,9186605.0,0.0,202123150.0,11771240.0,8955660.0,0.0,210268380.0,3856945.0,223081000.0,0
2021-02-02,4300.0,4340.0,4295.0,4315.0,17899.0,3564045.0,0.0,136728860.0,23864544.0,3788620.0,0.0,144571540.0,15797300.0,164157460.0,0
2021-02-03,4330.0,4360.0,4300.0,4315.0,14772.0,1844795.0,0.0,69563980.0,5795240.0,1853245.0,0.0,73885310.0,1465465.0,77204020.0,0
2021-02-04,4335.0,4340.0,4255.0,4255.0,19571.0,2682595.0,0.0,54305096.0,6801875.0,3058000.0,0.0,60395776.0,335790.0,63789564.0,0
2021-02-05,4255.0,4310.0,4215.0,4305.0,17811.0,42550.0,0.0,80012970.0,3848525.0,321330.0,0.0,78781944.0,4800770.0,83904050.0,0
2021-02-08,4305.0,4400.0,4305.0,4330.0,24252.0,38745.0,0.0,63967900.0,11713995.0,12915.0,0.0,75275250.0,432480.0,75720640.0,0
2021-02-09,4410.0,4410.0,4315.0,4360.0,10124.0,30310.0,0.0,95830770.0,9890610.0,4330.0,0.0,104930700.0,816655.0,105751690.0,0
2021-02-10,4405.0,4405.0,4300.0,4325.0,15072.0,2794705.0,0.0,39721036.0,1465770.0,2769415.0,0.0,38682284.0,2529810.0,43981510.0,0
2021-02-15,4325.0,4330.0,4285.0,4320.0,17640.0,1139675.0,0.0,59990570.0,3991695.0,1131845.0,0.0,62659696.0,1330400.0,65121940.0,0
2021-02-16,4320.0,4345.0,4280.0,4315.0,13027.0,21600.0,0.0,75493640.0,434325.0,8640.0,0.0,60200364.0,15740560.0,75949570.0,0
2021-02-17,4375.0,4375.0,4050.0,4300.0,55692.0,1380070.0,0.0,54514384.0,235925.0,1500585.0,0.0,53410200.0,1219595.0,56130380.0,0
2021-02-18,4295.0,4330.0,4280.0,4285.0,10308.0,4606910.0,0.0,221730620.0,11403150.0,4539745.0,0.0,232408130.0,792820.0,237740690.0,0
2021-02-19,4295.0,4295.0,4150.0,4210.0,26436.0,1182395.0,0.0,43098980.0,0.0,1148410.0,0.0,43003964.0,129000.0,44281376.0,0
2021-02-22,4255.0,4255.0,4195.0,4230.0,13875.0,4230350.0,999600.0,104152360.0,2027640.0,4232980.0,0.0,94034350.0,13142620.0,111409950.0,0
2021-02-23,4225.0,4280.0,4180.0,4240.0,14255.0,42200.0,0.0,51051844.0,7346245.0,59120.0,0.0,57888620.0,492550.0,58440290.0,0
2021-02-24,4210.0,4240.0,4155.0,4175.0,16317.0,5803990.0,0.0,52332964.0,2032530.0,4872355.0,0.0,54391000.0,906130.0,60169484.0,0
2021-02-25,4175.0,4220.0,4155.0,4160.0,9523.0,3616040.0,0.0,64690576.0,0.0,3392005.0,0.0,62083796.0,2830815.0,68306616.0,0
2021-02-26,4150.0,4150.0,4070.0,4105.0,16095.0,1220240.0,0.0,37245810.0,1285070.0,1132880.0,3632250.0,34981770.0,4220.0,39751120.0,0
2021-03-02,4110.0,4160.0,4090.0,4090.0,6725.0,3235020.0,0.0,61807956.0,926255.0,3165205.0,0.0,58485430.0,4318595.0,65969230.0,0
2021-03-03,4125.0,4195.0,4080.0,4095.0,17899.0,2954670.0,0.0,24003730.0,756000.0,2905590.0,0.0,23528090.0,1280720.0,27714400.0,0
2021-03-04,4120.0,4140.0,4090.0,4120.0,7164.0,9805325.0,0.0,57729256.0,5976715.0,9765605.0,0.0,62833320.0,912370.0,73511300.0,0
2021-03-05,4115.0,4190.0,4080.0,4130.0,9557.0,1004640.0,0.0,27992284.0,410000.0,974720.0,0.0,26205000.0,2227205.0,29406924.0,0
2021-03-08,4150.0,4150.0,4095.0,4125.0,9098.0,5469005.0,0.0,33547600.0,348500.0,5418765.0,0.0,32031804.0,1914535.0,39365104.0,0
2021-03-09,4140.0,5360.0,4090.0,4675.0,3987941.0,20625.0,0.0,36960084.0,410000.0,0.0,0.0,23498796.0,13891915.0,37390710.0,1
2021-03-10,5870.0,6070.0,5430.0,6070.0,3604703.0,82979736.0,21311316.0,19858244000.0,33282684.0,5928430.0,24208624.0,19694969000.0,270710980.0,19995816000.0,0
2021-03-11,6300.0,6480.0,5490.0,5630.0,11914797.0,588790.0,46184510.0,21533678000.0,73821360.0,87894350.0,1521131500.0,20025946000.0,19299120.0,21654272000.0,1
2021-03-12,5560.0,5870.0,5500.0,5670.0,3061614.0,3392240.0,77846690.0,70369880000.0,199732620.0,603559800.0,2422439400.0,67363553000.0,261295540.0,70650850000.0,1
2021-03-15,5680.0,5940.0,5500.0,5810.0,4989709.0,4952010.0,11170000.0,17187490000.0,84385320.0,1421120.0,1164557800.0,16076833000.0,45184460.0,17287997000.0,1
2021-03-16,5560.0,5730.0,5500.0,5560.0,1549604.0,1175370.0,32068170.0,28473820000.0,46542560.0,575443800.0,778432260.0,27179289000.0,20440110.0,28553605000.0,1
2021-03-17,5590.0,5610.0,5300.0,5530.0,998668.0,0.0,16709700.0,8545067000.0,105282910.0,83430.0,0.0,8474662000.0,192314560.0,8667059000.0,1
2021-03-18,5450.0,5620.0,5390.0,5470.0,634945.0,1107450.0,1000610.0,5369554000.0,109303560.0,1484740.0,989870.0,5436588500.0,41902310.0,5480965600.0,1
2021-03-19,5400.0,5630.0,5380.0,5590.0,702171.0,5470.0,5550.0,3448979200.0,51864180.0,65760.0,0.0,3442805000.0,57983810.0,3500854500.0,1
2021-03-22,5590.0,5910.0,5460.0,5730.0,3056910.0,1172360.0,0.0,3854329300.0,27182390.0,1870660.0,0.0,3785087200.0,95726200.0,3882684200.0,1
2021-03-23,5700.0,5710.0,5350.0,5350.0,936741.0,93077850.0,5630000.0,16992924000.0,328781500.0,22920.0,5565740.0,17245684000.0,169140200.0,17420413000.0,1
2021-03-24,5400.0,5800.0,5340.0,5530.0,2188659.0,21790.0,0.0,5056140000.0,98237650.0,82846460.0,1856920.0,4922560500.0,147134910.0,5154399000.0,1
2021-03-25,5380.0,5680.0,5370.0,5480.0,695125.0,4966950.0,9940000.0,11611311000.0,511378900.0,1152060.0,9942560.0,11723772000.0,402730340.0,12137597000.0,1
2021-03-26,5610.0,5780.0,5390.0,5740.0,1247951.0,947670.0,5560000.0,3687542300.0,141843820.0,4576610.0,5500000.0,3529127000.0,296690370.0,3835893800.0,1
2021-03-29,5660.0,5930.0,5560.0,5650.0,1792251.0,1828610.0,28310000.0,6781899000.0,208518620.0,5740.0,5670000.0,6886530600.0,128349550.0,7020556000.0,1
2021-03-30,5660.0,6180.0,5650.0,5900.0,3143823.0,0.0,0.0,9987487000.0,298506560.0,9213610.0,0.0,9903917000.0,372863170.0,10285993000.0,1
2021-03-31,5900.0,5920.0,5450.0,5550.0,1124594.0,3465420.0,7674600.0,18005567000.0,491164930.0,3583360.0,787000.0,18009635000.0,493867200.0,18507872000.0,1
2021-04-01,5520.0,5830.0,5480.0,5720.0,1613826.0,0.0,1128000.0,6055082000.0,263646940.0,648710.0,22381550.0,6000350000.0,296476830.0,6319857000.0,1
2021-04-02,5790.0,5990.0,5610.0,5900.0,1350068.0,30093920.0,1563400.0,8428589000.0,734068030.0,11154840.0,690300.0,8852616000.0,329853300.0,9194315000.0,1
2021-04-05,5860.0,6520.0,5850.0,5980.0,3666363.0,75277270.0,5770000.0,7344199700.0,428260380.0,51496370.0,1814100.0,7435806000.0,364390980.0,7853507600.0,1
2021-04-06,5980.0,6010.0,5690.0,5890.0,857455.0,2993040.0,18784090.0,22037148000.0,332883300.0,65539970.0,12801360.0,21489013000.0,824454600.0,22391808000.0,1
2021-04-07,5800.0,5890.0,5720.0,5750.0,655471.0,28142630.0,0.0,4647037000.0,297340060.0,104408610.0,11508780.0,4584111600.0,272490300.0,4972519400.0,1
2021-04-08,5850.0,6290.0,5500.0,5550.0,3205085.0,41875530.0,0.0,3481957000.0,265730910.0,36672660.0,0.0,3649610200.0,103280650.0,3789563600.0,1
2021-04-09,5470.0,5540.0,5310.0,5410.0,801174.0,45329710.0,0.0,18538402000.0,539202240.0,28991580.0,94260960.0,18317926000.0,681753540.0,19122934000.0,1
2021-04-12,5350.0,5450.0,5060.0,5060.0,890951.0,37953800.0,0.0,3824004600.0,451114620.0,74991850.0,0.0,3973770500.0,264310690.0,4313073000.0,1
2021-04-13,5220.0,5230.0,5030.0,5060.0,468936.0,5411180.0,0.0,4308246500.0,298547070.0,8529320.0,7590200.0,4334660600.0,261424240.0,4612204500.0,1
2021-04-14,5070.0,5070.0,4925.0,5030.0,300865.0,17507300.0,0.0,2327689200.0,49048460.0,9935130.0,2532000.0,2298158300.0,83619460.0,2394244900.0,0
2021-04-15,5000.0,5110.0,4970.0,4970.0,256340.0,39445790.0,0.0,1302074400.0,162854020.0,39732420.0,5030000.0,1420896900.0,38714920.0,1504374100.0,0
2021-04-16,5050.0,5050.0,4950.0,5010.0,155521.0,27652430.0,2497500.0,1198020400.0,62595716.0,23243530.0,0.0,1171973000.0,95549470.0,1290766000.0,0
2021-04-19,5050.0,5190.0,5040.0,5040.0,252690.0,32964910.0,0.0,688151800.0,56039316.0,44287916.0,0.0,710051600.0,22816556.0,777156030.0,0
2021-04-20,5010.0,5140.0,4985.0,5090.0,174087.0,6340640.0,0.0,1242772100.0,40728400.0,3714280.0,0.0,1207115400.0,79011460.0,1289841200.0,0
2021-04-21,5110.0,5160.0,5030.0,5090.0,195805.0,27403880.0,0.0,709738430.0,144537650.0,35568440.0,2515000.0,824758800.0,18837790.0,881680000.0,0
2021-04-22,5140.0,5190.0,5000.0,5020.0,177266.0,11839500.0,0.0,825548500.0,159681140.0,12012970.0,0.0,956910200.0,28145980.0,997069100.0,0
2021-04-23,5060.0,5080.0,4875.0,4975.0,253527.0,65787610.0,0.0,776402750.0,54103610.0,18286110.0,0.0,841679900.0,36327960.0,896293950.0,0
2021-04-26,4970.0,4975.0,4880.0,4880.0,135836.0,91122910.0,0.0,1027668700.0,135076110.0,137936320.0,0.0,1055707650.0,60223756.0,1253867600.0,0
2021-04-27,4900.0,4975.0,4900.0,4925.0,137939.0,29588144.0,0.0,583418400.0,54713736.0,18390924.0,0.0,602418800.0,46910504.0,667720260.0,0
2021-04-28,4950.0,4970.0,4780.0,4855.0,219807.0,52679436.0,0.0,429688260.0,198016540.0,25376084.0,0.0,617359740.0,37648370.0,680384200.0,0
2021-04-29,4855.0,4905.0,4750.0,4855.0,127223.0,82150930.0,2400000.0,882457600.0,101213930.0,105757930.0,0.0,868437060.0,94027460.0,1068222460.0,0
2021-04-30,4870.0,4915.0,4745.0,4745.0,128543.0,41204176.0,0.0,433807650.0,138531620.0,41152336.0,0.0,506898000.0,65493120.0,613543400.0,0
2021-05-03,4785.0,4915.0,4755.0,4805.0,119292.0,10833125.0,0.0,510156800.0,93942130.0,10816840.0,0.0,538115800.0,65999450.0,614932030.0,0
2021-05-04,4820.0,4945.0,4760.0,4930.0,181906.0,38554376.0,0.0,384314270.0,155151520.0,42275950.0,0.0,506766820.0,28977410.0,578020160.0,0
2021-05-06,4930.0,5170.0,4890.0,5160.0,375937.0,30362716.0,0.0,689864000.0,160926580.0,40704670.0,0.0,682427460.0,158021180.0,881153300.0,0
2021-05-07,5200.0,5530.0,5150.0,5250.0,1957629.0,32182340.0,15913910.0,1663658500.0,188635150.0,31788070.0,0.0,1514678000.0,353923780.0,1900389900.0,1
2021-05-10,5250.0,5360.0,5150.0,5190.0,218787.0,17261490.0,18821750.0,10147674000.0,333568860.0,5931290.0,22245500.0,9659062000.0,830087230.0,10517327000.0,0
2021-05-11,5120.0,5310.0,5120.0,5240.0,185348.0,33546450.0,0.0,938849340.0,174167620.0,12566160.0,13004410.0,1036671360.0,84321460.0,1146563500.0,0
2021-05-12,5240.0,5240.0,4970.0,4980.0,242617.0,40358230.0,0.0,791307840.0,135852200.0,36021160.0,0.0,880662600.0,50834550.0,967518300.0,0
2021-05-13,4915.0,5080.0,4875.0,4900.0,136527.0,31535740.0,2550000.0,1074247000.0,117276420.0,59517590.0,0.0,1001650700.0,164440910.0,1225609200.0,0
2021-05-14,4910.0,5070.0,4860.0,5020.0,165546.0,36825156.0,0.0,422167500.0,218914770.0,19476564.0,0.0,586412300.0,72018540.0,677907400.0,0
2021-05-17,5070.0,5120.0,4995.0,5070.0,134094.0,21344690.0,0.0,410860670.0,385909250.0,44112050.0,0.0,725557900.0,48444670.0,818114600.0,0
2021-05-18,5100.0,5120.0,5010.0,5070.0,110268.0,17876750.0,0.0,558818900.0,100350570.0,21299070.0,0.0,548696060.0,107051100.0,677046200.0,0
2021-05-20,5060.0,5140.0,5020.0,5110.0,75800.0,41937280.0,0.0,413895140.0,102095810.0,32672660.0,0.0,469974340.0,55281230.0,557928260.0,0
2021-05-21,5120.0,5120.0,4990.0,5000.0,118814.0,16301910.0,0.0,275396740.0,92228740.0,25572850.0,0.0,318608860.0,39745670.0,383927400.0,0
2021-05-24,5000.0,5000.0,4900.0,4915.0,101661.0,6568270.0,0.0,555900300.0,35658570.0,201340.0,0.0,476178750.0,121747040.0,598127100.0,0
2021-05-25,4900.0,4985.0,4880.0,4900.0,66420.0,39008780.0,0.0,297086240.0,165281940.0,28103036.0,0.0,442377100.0,30896840.0,501376960.0,0
2021-05-26,4945.0,5030.0,4885.0,5030.0,87214.0,14766030.0,0.0,210390800.0,101267330.0,28718536.0,0.0,277939170.0,19766456.0,326424160.0,0
2021-05-27,5060.0,5060.0,4965.0,5030.0,62814.0,40383584.0,0.0,296152600.0,93661160.0,43185550.0,0.0,349170850.0,37840960.0,430197340.0,0
2021-05-28,5020.0,5210.0,5020.0,5120.0,178873.0,22353656.0,2495000.0,259040860.0,30499344.0,21781056.0,0.0,232433380.0,60174440.0,314388860.0,0
2021-05-31,5120.0,5230.0,5100.0,5160.0,70772.0,12328330.0,0.0,799857400.0,104589930.0,13082180.0,0.0,709616200.0,194077330.0,916775700.0,0
2021-06-01,5160.0,5400.0,5150.0,5340.0,480560.0,10999920.0,0.0,273241060.0,79437410.0,8090130.0,0.0,327577180.0,28011090.0,363678400.0,1
2021-06-02,5440.0,5500.0,5270.0,5400.0,433360.0,93977720.0,0.0,2055273700.0,401603300.0,76501710.0,0.0,2279522300.0,194830690.0,2550854700.0,1
2021-06-03,5410.0,5480.0,5290.0,5370.0,141539.0,65284290.0,0.0,2161052400.0,112317770.0,74585430.0,0.0,2076020500.0,188048590.0,2338654500.0,0
2021-06-04,5380.0,5380.0,5190.0,5190.0,186544.0,37636640.0,0.0,671423700.0,48437580.0,44346670.0,0.0,645491260.0,67659940.0,757497860.0,0
2021-06-07,5230.0,5370.0,5170.0,5310.0,208524.0,60420620.0,0.0,752927100.0,168153630.0,16559060.0,0.0,947658800.0,17283510.0,981501400.0,0
2021-06-08,5310.0,5390.0,5250.0,5370.0,168380.0,54596670.0,0.0,740465600.0,304876800.0,46949730.0,0.0,1024386240.0,28603100.0,1099939100.0,0
2021-06-09,5370.0,5390.0,5280.0,5320.0,218524.0,11335460.0,0.0,819095940.0,69034120.0,14996920.0,0.0,791491300.0,92977220.0,899465500.0,0
2021-06-10,5300.0,5390.0,4960.0,5080.0,275260.0,37642390.0,0.0,1046775100.0,81207730.0,33675580.0,0.0,929361200.0,202588400.0,1165625200.0,0
2021-06-11,5220.0,5340.0,5100.0,5270.0,313934.0,106834410.0,0.0,989003800.0,322248320.0,68757750.0,0.0,1291114100.0,58214590.0,1418086500.0,0
2021-06-14,5340.0,5470.0,5340.0,5370.0,365246.0,64387070.0,16021930.0,955135170.0,596038850.0,64624850.0,0.0,1496604900.0,70353200.0,1631583000.0,0
2021-06-15,5370.0,5420.0,5350.0,5380.0,146094.0,25792180.0,11033050.0,1712123300.0,223026720.0,36732470.0,0.0,1810553700.0,124688980.0,1971975200.0,0
2021-06-16,5350.0,5520.0,5350.0,5490.0,293860.0,11633420.0,53800.0,655234400.0,118150400.0,34592300.0,0.0,641303200.0,109176630.0,785072060.0,0
2021-06-17,5490.0,5510.0,5400.0,5490.0,158999.0,33828820.0,0.0,1286191500.0,284153180.0,59399950.0,0.0,1453712600.0,91060890.0,1604173400.0,0
2021-06-18,5490.0,5540.0,5400.0,5490.0,223885.0,39183420.0,0.0,691608900.0,136876140.0,67239690.0,0.0,703869400.0,96559390.0,867668500.0,0
2021-06-21,5330.0,5330.0,5100.0,5120.0,516006.0,74583080.0,0.0,1128746800.0,20850930.0,71932910.0,0.0,980131900.0,172115920.0,1224180700.0,1
2021-06-22,5150.0,5180.0,5100.0,5160.0,91852.0,2799900.0,16950000.0,2370328600.0,275187620.0,107790.0,56570.0,2061645200.0,603456500.0,2665266200.0,0
2021-06-23,5170.0,5210.0,5060.0,5060.0,108676.0,2498560.0,0.0,443005500.0,25671120.0,77160.0,0.0,377777920.0,93320110.0,471175200.0,0
2021-06-24,5070.0,6570.0,4990.0,5590.0,20138416.0,27010030.0,2268950.0,503601860.0,22625260.0,13537550.0,0.0,352799550.0,189169010.0,555506100.0,1
2021-06-25,5430.0,5660.0,5360.0,5650.0,4627203.0,38908990.0,70519740.0,121398985000.0,1852860500.0,590430500.0,2485214000.0,117758360000.0,2527269400.0,123361270000.0,1
2021-06-28,5580.0,5680.0,5480.0,5480.0,1717491.0,28739520.0,26137040.0,22945540000.0,2562493400.0,35090850.0,20829400.0,23855047000.0,1651942400.0,25562909000.0,1
2021-06-29,5480.0,5970.0,5260.0,5300.0,4724365.0,14053750.0,32887920.0,9126884000.0,382982370.0,6911630.0,5560000.0,8431666700.0,1112670300.0,9556809000.0,1
2021-06-30,5280.0,5430.0,5270.0,5380.0,501881.0,78462500.0,5546000.0,24755517000.0,1824868100.0,27923350.0,3822000.0,24612997000.0,2019651600.0,26664393000.0,1
2021-07-01,5380.0,5440.0,5270.0,5270.0,398642.0,31947070.0,0.0,2029068900.0,621099200.0,55798640.0,1068560.0,2356522200.0,268725600.0,2682115000.0,1
2021-07-02,5290.0,5370.0,5120.0,5210.0,473442.0,37794280.0,5390000.0,1669448000.0,415806940.0,38223260.0,5907070.0,1945036200.0,139272700.0,2128439200.0,1
2021-07-05,5200.0,5230.0,5140.0,5150.0,160866.0,78358470.0,9484000.0,1945736300.0,433695230.0,73573570.0,53520890.0,2238570800.0,101608650.0,2467274000.0,0
2021-07-06,5190.0,5290.0,5150.0,5230.0,214526.0,9299830.0,0.0,766845600.0,55673240.0,8603090.0,0.0,720989250.0,102226270.0,831818600.0,0
2021-07-07,5220.0,5280.0,5170.0,5180.0,139572.0,16931110.0,31280180.0,897106050.0,177401540.0,36261660.0,3984750.0,1015431940.0,67040520.0,1122718800.0,0
2021-07-08,5190.0,5260.0,5010.0,5030.0,285749.0,39195110.0,4176000.0,649410700.0,36135300.0,12394960.0,0.0,672906750.0,43615340.0,728917060.0,0
2021-07-09,4975.0,5020.0,4830.0,4950.0,257682.0,36812250.0,10689000.0,1268034700.0,135794640.0,29768050.0,0.0,1259077100.0,162485400.0,1451330600.0,0
2021-07-12,4950.0,5030.0,4905.0,5000.0,93251.0,53250790.0,1210000.0,977718850.0,232448220.0,104392190.0,42408100.0,953150460.0,164677070.0,1264627800.0,0
2021-07-13,5060.0,5090.0,5000.0,5070.0,144266.0,45445360.0,8708375.0,333470400.0,76689660.0,25488320.0,0.0,366655650.0,72169850.0,464313820.0,0
2021-07-14,5060.0,5090.0,4930.0,4950.0,159806.0,9552150.0,0.0,696581300.0,23566220.0,20079400.0,8834760.0,666179800.0,34605760.0,729699700.0,0
2021-07-15,4920.0,4980.0,4920.0,4980.0,126170.0,18115950.0,0.0,711070000.0,64392076.0,18501120.0,29565404.0,497675230.0,247836260.0,793578000.0,0
2021-07-16,4965.0,5000.0,4925.0,5000.0,72153.0,12911255.0,0.0,562754560.0,48557876.0,22088096.0,0.0,459853660.0,142281950.0,624223700.0,0
2021-07-19,5000.0,5000.0,4905.0,4925.0,61040.0,12734110.0,21342084.0,296252500.0,27254630.0,13201585.0,0.0,226108510.0,118273250.0,357583330.0,0
2021-07-20,4925.0,4975.0,4900.0,4945.0,81659.0,2822250.0,0.0,281410980.0,16787260.0,2854360.0,0.0,214017760.0,84148370.0,301020480.0,0
2021-07-21,4945.0,4985.0,4820.0,4825.0,145671.0,7433330.0,0.0,339053470.0,56064396.0,7516405.0,0.0,259450270.0,135584530.0,402551200.0,0
2021-07-22,4825.0,4840.0,4780.0,4780.0,132755.0,7884870.0,0.0,656969340.0,43478264.0,5712265.0,0.0,570637760.0,131982410.0,708332500.0,0
2021-07-23,4800.0,4810.0,4760.0,4780.0,64629.0,22081220.0,0.0,569819400.0,44552340.0,13845805.0,0.0,494249340.0,128357780.0,636452900.0,0
2021-07-26,4805.0,5070.0,4805.0,5060.0,364264.0,16933810.0,1431000.0,221040050.0,69489830.0,21381124.0,0.0,244306880.0,43206684.0,308894700.0,0
2021-07-27,5060.0,5200.0,5010.0,5090.0,1078505.0,14549190.0,15120000.0,1556282500.0,223386700.0,20606524.0,0.0,1483373800.0,305358050.0,1809338400.0,1
2021-07-28,5090.0,5130.0,4905.0,4920.0,229189.0,3078790.0,0.0,5207245300.0,320479070.0,2462400.0,17091000.0,4628543000.0,882707140.0,5530803000.0,0
2021-07-29,4965.0,5050.0,4935.0,5040.0,121670.0,67832730.0,0.0,944857860.0,130295620.0,64619376.0,0.0,862096200.0,216270610.0,1142986200.0,0
2021-07-30,5050.0,5150.0,4960.0,4965.0,266622.0,12623725.0,0.0,434741570.0,160801040.0,14553275.0,0.0,481610080.0,112002980.0,608166340.0,0
2021-08-02,4965.0,5030.0,4870.0,4885.0,94466.0,79296344.0,5115000.0,1138410200.0,126895576.0,31660956.0,0.0,1036025600.0,282030620.0,1349717200.0,0
2021-08-03,4895.0,4905.0,4760.0,4800.0,128076.0,13115385.0,0.0,403907840.0,48396684.0,18927990.0,0.0,374685900.0,71806056.0,465419900.0,0
2021-08-04,4830.0,4910.0,4765.0,4825.0,69893.0,25694256.0,0.0,527218300.0,62146440.0,65808160.0,0.0,466619840.0,82631010.0,615059000.0,0
2021-08-05,4840.0,4890.0,4825.0,4870.0,50751.0,31998164.0,0.0,244605860.0,62374576.0,27079984.0,0.0,265550190.0,46348424.0,338978600.0,0
2021-08-06,4870.0,4930.0,4820.0,4885.0,85940.0,10468495.0,0.0,215535620.0,20158300.0,14350170.0,0.0,207599620.0,24212630.0,246162420.0,0
2021-08-09,4910.0,4910.0,4790.0,4790.0,89806.0,19150444.0,14655.0,336881180.0,63493616.0,21341750.0,0.0,367311500.0,30886664.0,419539900.0,0
2021-08-10,4790.0,4850.0,4730.0,4735.0,87263.0,10940875.0,0.0,418760600.0,3677785.0,5572720.0,0.0,303372100.0,124434456.0,433379260.0,0
2021-08-11,4720.0,4765.0,4690.0,4690.0,100832.0,5498730.0,0.0,390486940.0,19691300.0,13874070.0,0.0,302223330.0,99579570.0,415676960.0,0
2021-08-12,4685.0,4725.0,4610.0,4620.0,96954.0,14933970.0,0.0,442599400.0,17603224.0,15038920.0,0.0,395390050.0,64707616.0,475136580.0,0
2021-08-13,4595.0,4665.0,4350.0,4465.0,210013.0,34419780.0,0.0,385819970.0,31404416.0,25960890.0,0.0,365149630.0,60533630.0,451644160.0,0
2021-08-17,4450.0,4465.0,4235.0,4240.0,125878.0,75950984.0,0.0,688864830.0,171457470.0,79441720.0,0.0,757977660.0,98853900.0,936273300.0,0
2021-08-18,4195.0,4310.0,4160.0,4280.0,60850.0,53585340.0,0.0,404176260.0,83072310.0,41280756.0,0.0,368840800.0,130712350.0,540833900.0,0
2021-08-19,4250.0,4285.0,4030.0,4040.0,162610.0,13385080.0,4290.0,143559330.0,101508650.0,24958770.0,0.0,222074860.0,11423700.0,258457340.0,0
2021-08-20,4145.0,4145.0,3990.0,4010.0,132871.0,66134496.0,0.0,467280350.0,134525810.0,55601056.0,0.0,504722880.0,107616710.0,667940700.0,0
2021-08-23,4010.0,4150.0,3990.0,4140.0,78931.0,44446080.0,0.0,423744000.0,67157090.0,46238704.0,0.0,367354660.0,121753820.0,535347170.0,0
2021-08-24,4140.0,4265.0,4140.0,4260.0,72154.0,27720664.0,0.0,163678980.0,129614950.0,36123260.0,0.0,257891140.0,27000196.0,321014600.0,0
2021-08-25,4260.0,4335.0,4210.0,4295.0,29266.0,45160130.0,0.0,233409860.0,27223464.0,32380236.0,0.0,232213340.0,41199860.0,305793440.0,0
2021-08-26,4270.0,4340.0,4270.0,4290.0,54256.0,16582150.0,0.0,84731820.0,22806516.0,29366264.0,0.0,66716144.0,28038080.0,124120490.0,0
2021-08-27,4245.0,4290.0,4230.0,4275.0,42851.0,24778720.0,0.0,194316240.0,14042830.0,17070736.0,0.0,170852900.0,45214164.0,233137800.0,0
2021-08-30,4285.0,4315.0,4255.0,4285.0,40052.0,15087125.0,0.0,116785090.0,50837076.0,14702035.0,0.0,146251650.0,21755600.0,182709300.0,0
2021-08-31,4280.0,4330.0,4270.0,4310.0,48596.0,5706355.0,0.0,152513000.0,13031125.0,13781775.0,0.0,129787816.0,27680890.0,171250480.0,0
2021-09-01,4310.0,4405.0,4295.0,4385.0,72232.0,14088080.0,858000.0,176068000.0,17221770.0,13590605.0,0.0,169214510.0,25430730.0,208235860.0,0
2021-09-02,4365.0,4395.0,4320.0,4320.0,37269.0,18331610.0,34630760.0,208141440.0,54200336.0,18530864.0,0.0,265924430.0,30848844.0,315304160.0,0
2021-09-03,4320.0,4380.0,4265.0,4310.0,65545.0,13020.0,0.0,142999980.0,18885876.0,26040.0,0.0,130877340.0,30995500.0,161898880.0,0
2021-09-06,4300.0,4300.0,4125.0,4235.0,42061.0,8665.0,595470.0,246948540.0,35179664.0,4310.0,0.0,243037360.0,39690680.0,282732350.0,0
2021-09-07,4235.0,4260.0,4185.0,4205.0,55219.0,0.0,0.0,129445630.0,48316790.0,4235.0,0.0,166220160.0,11538025.0,177762420.0,0
2021-09-08,4225.0,4235.0,4195.0,4230.0,25204.0,4205.0,0.0,168681840.0,64038304.0,4205.0,0.0,195599920.0,37120216.0,232724350.0,0
2021-09-09,4220.0,4360.0,4205.0,4235.0,43515.0,4230.0,0.0,87977520.0,18331070.0,0.0,0.0,104861380.0,1451445.0,106312820.0,0
2021-09-10,4220.0,4235.0,4150.0,4215.0,31410.0,182105.0,0.0,152495650.0,31788650.0,433585.0,0.0,139343820.0,44689000.0,184466420.0,0
2021-09-13,4245.0,4245.0,4110.0,4115.0,67079.0,84105.0,0.0,119076720.0,12460180.0,0.0,0.0,67930920.0,63690084.0,131621010.0,0
2021-09-14,4115.0,4190.0,4100.0,4185.0,31261.0,57745.0,0.0,261212940.0,17411900.0,4135.0,0.0,226698850.0,51979610.0,278682600.0,0
2021-09-15,4185.0,4210.0,4140.0,4185.0,47624.0,41850.0,0.0,67692536.0,61756176.0,0.0,0.0,124218870.0,5271685.0,129490560.0,0
2021-09-16,4185.0,4225.0,4120.0,4145.0,39201.0,0.0,0.0,148581660.0,50205140.0,50160.0,0.0,170156420.0,28580236.0,198786800.0,0
2021-09-17,4145.0,4165.0,4120.0,4125.0,37352.0,1176540.0,8295.0,150197980.0,11446205.0,0.0,0.0,127767240.0,35061790.0,162829020.0,0
2021-09-23,4115.0,4125.0,4075.0,4085.0,26414.0,28875.0,0.0,128126680.0,26357720.0,103155.0,0.0,136237470.0,18172650.0,154513280.0,0
2021-09-24,4085.0,4325.0,4050.0,4190.0,71892.0,28595.0,8210.0,98280264.0,9926630.0,0.0,0.0,91442870.0,16800824.0,108243700.0,0
2021-09-27,4200.0,4270.0,4180.0,4265.0,50708.0,1018145.0,0.0,235845890.0,58865496.0,0.0,0.0,260659220.0,35070300.0,295729540.0,0
2021-09-28,4260.0,4260.0,4135.0,4200.0,50183.0,749475.0,0.0,195923300.0,18388910.0,25380.0,0.0,209256560.0,5779745.0,215061680.0,0
2021-09-29,4175.0,4180.0,4070.0,4130.0,55907.0,522235.0,426000.0,206998140.0,2236745.0,12600.0,8425.0,155897740.0,54264350.0,210183120.0,0
2021-09-30,4135.0,4195.0,4120.0,4150.0,28546.0,682900.0,8265.0,209974400.0,19444704.0,0.0,0.0,171992720.0,58117560.0,230110270.0,0
2021-10-01,4220.0,4220.0,4025.0,4060.0,40980.0,319195.0,0.0,102697270.0,15239385.0,12450.0,0.0,100974184.0,17269220.0,118255860.0,0
2021-10-05,4060.0,4060.0,3900.0,4010.0,79825.0,56840.0,4080.0,164486540.0,1990550.0,36540.0,0.0,79388100.0,87113384.0,166538020.0,0
2021-10-06,4010.0,4050.0,3930.0,3965.0,86769.0,260790.0,0.0,286425500.0,31637820.0,0.0,47720.0,217718930.0,100557460.0,318324100.0,0
2021-10-07,4000.0,4090.0,3955.0,4075.0,63757.0,1469655.0,0.0,268048560.0,75199820.0,15860.0,3970.0,255804700.0,88893496.0,344718000.0,0
2021-10-08,4075.0,4435.0,4045.0,4080.0,614225.0,2316380.0,0.0,128601940.0,126081170.0,407750.0,0.0,236306850.0,20284896.0,256999490.0,1
2021-10-12,4080.0,4105.0,4000.0,4000.0,66690.0,6999810.0,0.0,2242287400.0,339874780.0,0.0,0.0,2243578400.0,345583680.0,2589162000.0,0
2021-10-13,3990.0,4080.0,3990.0,4075.0,62048.0,1790420.0,0.0,246256960.0,20095184.0,0.0,0.0,215608050.0,52534516.0,268142580.0,0
2021-10-14,4120.0,4260.0,4075.0,4230.0,181251.0,105560.0,0.0,193771200.0,56655196.0,4075.0,0.0,207915250.0,42612636.0,250531970.0,0
2021-10-15,4230.0,4275.0,4200.0,4255.0,76231.0,2693080.0,0.0,586106050.0,171781680.0,172380.0,0.0,687935940.0,72472460.0,760580800.0,0
2021-10-18,4285.0,4335.0,4255.0,4295.0,54573.0,63715.0,0.0,236718110.0,86301160.0,2542740.0,0.0,271916320.0,48623940.0,323083000.0,0
2021-10-19,4335.0,4350.0,4275.0,4310.0,31355.0,820595.0,988320.0,161026200.0,71363320.0,756190.0,0.0,196107220.0,37335030.0,234198430.0,0
2021-10-20,4400.0,4400.0,4280.0,4325.0,59143.0,17240.0,0.0,112855420.0,22017584.0,717920.0,0.0,95999096.0,38173236.0,134890260.0,0
2021-10-21,4325.0,4400.0,4300.0,4325.0,33116.0,8650.0,43145.0,200253400.0,55173010.0,0.0,0.0,200142940.0,55335270.0,255478200.0,0
2021-10-22,4325.0,4330.0,4245.0,4245.0,30821.0,337635.0,0.0,114474910.0,29069764.0,0.0,0.0,111291280.0,32591030.0,143882300.0,0
2021-10-25,4245.0,4320.0,4220.0,4295.0,33430.0,25470.0,8575.0,122074300.0,9591425.0,12735.0,0.0,89126660.0,42560384.0,131699780.0,0
2021-10-26,4295.0,4335.0,4245.0,4330.0,40470.0,17180.0,0.0,92639950.0,50585420.0,4295.0,0.0,111283350.0,31954910.0,143242560.0,0
2021-10-27,4300.0,4400.0,4300.0,4350.0,36048.0,12990.0,0.0,163972580.0,10365375.0,0.0,0.0,120361330.0,53989610.0,174350940.0,0
2021-10-28,4325.0,4385.0,4260.0,4280.0,22842.0,0.0,0.0,149205300.0,7449280.0,125835.0,8680.0,122995230.0,33524830.0,156654580.0,0
2021-10-29,4255.0,4325.0,4255.0,4280.0,26234.0,0.0,0.0,85418670.0,13501700.0,38520.0,0.0,60798420.0,38083436.0,98920376.0,0
2021-11-01,4280.0,4455.0,4280.0,4455.0,70010.0,0.0,0.0,102401670.0,10164920.0,12840.0,0.0,74942830.0,37610924.0,112566590.0,0
2021-11-02,4455.0,4495.0,4370.0,4395.0,34204.0,181575.0,2223235.0,203544700.0,101961416.0,0.0,0.0,293060670.0,14850250.0,307910940.0,0
2021-11-03,4395.0,4455.0,4340.0,4360.0,46183.0,2519225.0,0.0,137447780.0,11214435.0,0.0,8830.0,92161130.0,59011476.0,151181440.0,0
2021-11-04,4370.0,4750.0,4370.0,4475.0,464165.0,1762300.0,0.0,180062980.0,21669964.0,841480.0,26340.0,116397540.0,86229880.0,203495230.0,1
2021-11-05,4500.0,4715.0,4490.0,4600.0,459340.0,250750.0,0.0,1951801600.0,164385600.0,3994020.0,0.0,1707184900.0,405259000.0,2116437900.0,1
2021-11-08,4600.0,4600.0,4400.0,4500.0,98886.0,5110895.0,0.0,1632187900.0,487546000.0,4882530.0,2326580.0,1879451500.0,238184140.0,2124844800.0,0
2021-11-09,4600.0,4600.0,4390.0,4405.0,69854.0,1187105.0,0.0,340446080.0,99131510.0,1750745.0,0.0,390046080.0,48967890.0,440764700.0,0
2021-11-10,4410.0,4410.0,4255.0,4265.0,64735.0,48480.0,8875.0,272287070.0,37922670.0,0.0,0.0,250801120.0,59465976.0,310267100.0,0
2021-11-11,4255.0,4310.0,4170.0,4290.0,87421.0,34170.0,0.0,257325490.0,22541270.0,0.0,0.0,232750510.0,47150416.0,279900930.0,0
2021-11-12,4250.0,4315.0,4210.0,4280.0,39131.0,516160.0,44112884.0,254943490.0,70904170.0,377190.0,0.0,258213740.0,111885770.0,370476700.0,0
2021-11-15,4285.0,4290.0,4225.0,4275.0,43233.0,34120.0,0.0,110884540.0,55648176.0,192540.0,0.0,139269330.0,27104964.0,166566830.0,0
2021-11-16,4330.0,4330.0,4205.0,4205.0,47189.0,0.0,0.0,170023340.0,13711185.0,162210.0,0.0,168122140.0,15450185.0,183734530.0,0
2021-11-17,4205.0,4260.0,4145.0,4190.0,33822.0,172475.0,0.0,186737470.0,12943630.0,92510.0,0.0,159946110.0,39814950.0,199853580.0,0
2021-11-18,4150.0,4270.0,4090.0,4190.0,47914.0,625480.0,0.0,140449500.0,561405.0,167600.0,0.0,107127710.0,34341076.0,141636380.0,0
2021-11-19,4165.0,4250.0,4165.0,4220.0,17553.0,0.0,0.0,182691380.0,17079124.0,108955.0,25030.0,178918820.0,20717696.0,199770500.0,0
2021-11-22,4300.0,4300.0,4150.0,4185.0,14195.0,0.0,0.0,60628840.0,13183295.0,67510.0,4210.0,65601780.0,8138635.0,73812136.0,0
2021-11-23,4185.0,4210.0,4140.0,4180.0,17759.0,0.0,0.0,57454136.0,1988480.0,1518875.0,0.0,45367830.0,12555910.0,59442616.0,0
2021-11-24,4105.0,4165.0,4105.0,4160.0,28345.0,6116325.0,0.0,67807670.0,4160.0,133760.0,0.0,64450716.0,9343685.0,73928160.0,0
2021-11-25,4145.0,4170.0,4080.0,4095.0,21613.0,0.0,0.0,115987630.0,1260235.0,335900.0,0.0,82533980.0,34377990.0,117247870.0,0
2021-11-26,4065.0,4110.0,3970.0,3985.0,89065.0,0.0,0.0,85585380.0,3473855.0,260085.0,0.0,68970090.0,19829060.0,89059230.0,0
2021-11-29,3870.0,3950.0,3865.0,3925.0,26940.0,87670.0,0.0,334325280.0,22605930.0,39850.0,0.0,314671040.0,42307976.0,357018880.0,0
2021-11-30,3950.0,3990.0,3650.0,3670.0,72055.0,400110.0,0.0,88626200.0,16444225.0,31400.0,0.0,96554460.0,8884675.0,105470536.0,0
2021-12-01,3650.0,3835.0,3650.0,3835.0,27290.0,0.0,0.0,267504750.0,6472990.0,349495.0,0.0,218843790.0,54784456.0,273977760.0,0
2021-12-02,3790.0,3970.0,3790.0,3890.0,27790.0,740225.0,3730.0,76103384.0,25018170.0,26845.0,0.0,95493480.0,6345185.0,101865510.0,0
2021-12-03,3870.0,3955.0,3870.0,3940.0,15404.0,66130.0,0.0,97591800.0,9759695.0,112070.0,0.0,93413930.0,13891625.0,107417624.0,0
2021-12-06,3905.0,4060.0,3905.0,4035.0,27113.0,35460.0,0.0,54503096.0,5701005.0,11820.0,0.0,58017380.0,2210360.0,60239560.0,0
2021-12-07,4050.0,4050.0,3950.0,4010.0,23601.0,667285.0,0.0,97052430.0,10324470.0,0.0,0.0,97508270.0,10535920.0,108044190.0,0
2021-12-08,4010.0,4085.0,4005.0,4015.0,24506.0,264300.0,0.0,86914264.0,7079845.0,0.0,4000.0,83272460.0,10981950.0,94258410.0,0
2021-12-09,3995.0,4045.0,3995.0,4025.0,4813.0,168715.0,0.0,96980490.0,1743915.0,1069995.0,0.0,88792860.0,9030260.0,98893120.0,0
2021-12-10,4045.0,4045.0,3990.0,4025.0,19960.0,68405.0,0.0,18844220.0,401750.0,144890.0,0.0,18972240.0,197245.0,19314376.0,0
2021-12-13,4050.0,4050.0,3990.0,4030.0,31259.0,80350.0,0.0,78693510.0,1248190.0,369290.0,0.0,76802220.0,2850535.0,80022050.0,0
2021-12-14,4030.0,4030.0,3915.0,4025.0,23149.0,0.0,0.0,113924056.0,11152850.0,1026035.0,0.0,123939000.0,111870.0,125076904.0,0
2021-12-15,4030.0,4030.0,3945.0,4000.0,14659.0,80200.0,0.0,89204290.0,2776540.0,598590.0,0.0,88799630.0,2662800.0,92061020.0,0
2021-12-16,4000.0,4020.0,3960.0,4010.0,37495.0,215600.0,0.0,57163160.0,960430.0,184000.0,0.0,54279250.0,3875940.0,58339190.0,0
2021-12-17,3960.0,4015.0,3960.0,3985.0,11477.0,196120.0,48030.0,127650180.0,21502784.0,446395.0,0.0,133076640.0,15874080.0,149397120.0,0
2021-12-20,3985.0,4050.0,3945.0,3945.0,25891.0,67745.0,0.0,41165544.0,4571560.0,522035.0,0.0,44169170.0,1113645.0,45804850.0,0
2021-12-21,3945.0,4000.0,3905.0,3945.0,28300.0,233690.0,0.0,97310380.0,5164140.0,244785.0,0.0,93059300.0,9404130.0,102708216.0,0
2021-12-22,3970.0,3990.0,3930.0,3960.0,15623.0,130035.0,0.0,110114540.0,1029645.0,67065.0,0.0,92464590.0,18742570.0,111274220.0,0
2021-12-23,3960.0,3995.0,3945.0,3970.0,28688.0,130720.0,0.0,54825820.0,6918370.0,95055.0,0.0,52725484.0,9054370.0,61874910.0,0
2021-12-24,3970.0,4005.0,3970.0,4000.0,37908.0,0.0,0.0,94404050.0,19643816.0,39700.0,33775060.0,77163820.0,3069280.0,114047860.0,0
2021-12-27,4005.0,4040.0,3985.0,3990.0,73337.0,99910.0,0.0,117607340.0,33405156.0,16000.0,33910004.0,115595224.0,1591180.0,151112420.0,0
2021-12-28,3980.0,4050.0,3975.0,4000.0,146634.0,107740.0,0.0,227038420.0,65569844.0,15960.0,20000000.0,267375200.0,5324845.0,292716000.0,0
2021-12-29,3970.0,3990.0,3920.0,3980.0,35290.0,136025.0,0.0,501525540.0,85342650.0,0.0,339347040.0,244856290.0,2800865.0,587004200.0,0
2021-12-30,4035.0,4045.0,3980.0,3980.0,35567.0,214640.0,0.0,96372940.0,43571790.0,15920.0,0.0,131916880.0,8226570.0,140159380.0,0
2022-01-03,3980.0,3995.0,3960.0,3980.0,15387.0,0.0,4000.0,108614100.0,33734840.0,67720.0,67088340.0,62154924.0,13041955.0,142352940.0,0
2022-01-04,3980.0,3980.0,3940.0,3945.0,18992.0,0.0,0.0,61199680.0,0.0,575585.0,3960.0,35780610.0,24839524.0,61199680.0,0
2022-01-05,3970.0,3970.0,3905.0,3920.0,29186.0,134160.0,0.0,72447224.0,2504300.0,0.0,0.0,55741384.0,19344300.0,75085690.0,0
2022-01-06,3905.0,3965.0,3880.0,3890.0,24015.0,129415.0,0.0,111082450.0,3438220.0,0.0,0.0,85621590.0,29028496.0,114650090.0,0
2022-01-07,3890.0,3995.0,3880.0,3950.0,23575.0,23405.0,0.0,79605480.0,13972910.0,206170.0,0.0,69176430.0,24219190.0,93601790.0,0
2022-01-10,3960.0,3995.0,3935.0,3965.0,17403.0,19138630.0,0.0,66796620.0,7268500.0,1292250.0,0.0,75477460.0,16434045.0,93203750.0,0
2022-01-11,3995.0,3995.0,3915.0,3980.0,21912.0,130845.0,0.0,66644100.0,2006200.0,194240.0,0.0,53116856.0,15470050.0,68781144.0,0
2022-01-12,3980.0,4000.0,3925.0,3980.0,27543.0,35400.0,3940.0,83208790.0,3002690.0,222255.0,0.0,50659076.0,35369496.0,86250824.0,0
2022-01-13,4000.0,4000.0,3920.0,3925.0,21087.0,87645.0,797000.0,102933100.0,5788700.0,127360.0,0.0,99467130.0,10011960.0,109606450.0,0
2022-01-14,3920.0,3980.0,3905.0,3925.0,15514.0,180680.0,0.0,81003180.0,2102390.0,74635.0,0.0,72422010.0,10789615.0,83286260.0,0
2022-01-17,3905.0,3950.0,3870.0,3915.0,20832.0,117495.0,0.0,59770456.0,943090.0,7850.0,3920.0,39517896.0,21301376.0,60831040.0,0
2022-01-18,3925.0,3935.0,3815.0,3830.0,26993.0,295605.0,0.0,80110190.0,762380.0,0.0,0.0,55826136.0,25342044.0,81168180.0,0
2022-01-19,3795.0,3925.0,3770.0,3780.0,38284.0,118730.0,0.0,103217630.0,903725.0,0.0,0.0,72602390.0,31637696.0,104240090.0,0
2022-01-20,3780.0,3895.0,3780.0,3815.0,19809.0,347215.0,1928845.0,143428000.0,0.0,0.0,0.0,120252110.0,25451944.0,145704060.0,0
2022-01-21,3800.0,3865.0,3765.0,3805.0,28264.0,53435.0,387100.0,72056610.0,3188670.0,0.0,25254390.0,30726716.0,19704704.0,75685810.0,0
2022-01-24,3760.0,3780.0,3700.0,3770.0,32823.0,132630.0,383295.0,103948264.0,3088005.0,3805.0,34296636.0,56747176.0,16504580.0,107552190.0,0
2022-01-25,3755.0,3770.0,3610.0,3770.0,40098.0,457655.0,0.0,121618750.0,239040.0,0.0,749000.0,99713610.0,21852840.0,122315450.0,0
2022-01-26,3770.0,3925.0,3685.0,3685.0,85729.0,482640.0,372445.0,146527940.0,584830.0,4335500.0,0.0,110337416.0,33294940.0,147967860.0,0
2022-01-27,3780.0,3780.0,3475.0,3540.0,42553.0,1062355.0,3770000.0,292237440.0,27876450.0,0.0,8664805.0,280329540.0,35951916.0,324946270.0,0
2022-01-28,3500.0,3615.0,3500.0,3590.0,23114.0,493330.0,0.0,146399490.0,5518980.0,3463710.0,0.0,119383300.0,29564796.0,152411800.0,0
2022-02-03,3635.0,3670.0,3600.0,3650.0,20419.0,326565.0,0.0,69973490.0,12128300.0,1606205.0,0.0,67016170.0,13805975.0,82428350.0,0
2022-02-04,3645.0,3680.0,3640.0,3670.0,18996.0,178845.0,0.0,60625280.0,13614300.0,0.0,0.0,71034770.0,3383660.0,74418424.0,0
2022-02-07,3655.0,3780.0,3655.0,3770.0,26616.0,58730.0,0.0,56589170.0,12780535.0,219915.0,0.0,67111256.0,2097265.0,69428430.0,0
2022-02-08,3800.0,3865.0,3730.0,3775.0,18489.0,52780.0,0.0,82414920.0,16964936.0,0.0,0.0,94488660.0,4943975.0,99432630.0,0
2022-02-09,3780.0,3825.0,3780.0,3810.0,9598.0,11325.0,0.0,68247110.0,1535225.0,101925.0,0.0,53146580.0,16545160.0,69793660.0,0
2022-02-10,3820.0,3855.0,3810.0,3820.0,146939.0,11430.0,0.0,33750580.0,2701925.0,41900.0,0.0,30471944.0,5950090.0,36463936.0,0
2022-02-11,4300.0,4305.0,3785.0,3785.0,1443293.0,11460.0,0.0,597983800.0,10083940.0,38200.0,0.0,603565200.0,4475855.0,608079200.0,1
2022-02-14,3785.0,3790.0,3575.0,3595.0,150826.0,1020985.0,1166750.0,5683769000.0,158716270.0,2313715.0,341921700.0,5008189400.0,492247500.0,5844672500.0,0
2022-02-15,3595.0,3795.0,3555.0,3570.0,156035.0,0.0,398460.0,503730180.0,44018376.0,89965.0,361290.0,507439580.0,40256190.0,548147000.0,0
2022-02-16,3550.0,3700.0,3550.0,3645.0,71257.0,10840.0,0.0,489405000.0,80962300.0,78540.0,0.0,514634050.0,55665530.0,570378100.0,0
2022-02-17,3640.0,3720.0,3610.0,3680.0,65662.0,2991140.0,0.0,163400500.0,90973950.0,634230.0,758160.0,229177010.0,26796180.0,257365580.0,0
2022-02-18,3680.0,3805.0,3650.0,3765.0,92917.0,0.0,514500.0,158555150.0,82142430.0,389255.0,0.0,214523100.0,26299736.0,241212100.0,0
2022-02-21,3765.0,3830.0,3720.0,3785.0,43720.0,0.0,0.0,265124220.0,82294020.0,1674690.0,7600000.0,332068130.0,6075420.0,347418240.0,0
2022-02-22,3750.0,3810.0,3740.0,3775.0,40242.0,22710.0,0.0,114682570.0,49799720.0,2054990.0,0.0,144513170.0,17936830.0,164505000.0,0
2022-02-23,3850.0,3850.0,3750.0,3765.0,32481.0,22650.0,0.0,139406260.0,12506060.0,30190.0,0.0,120828130.0,31076644.0,151934960.0,0
2022-02-24,3755.0,3790.0,3655.0,3690.0,65185.0,432390.0,3775000.0,107865390.0,10928220.0,26355.0,0.0,103573610.0,19401036.0,123001000.0,0
2022-02-25,3705.0,3755.0,3685.0,3715.0,23782.0,96095.0,2613000.0,215633570.0,23667450.0,476580.0,0.0,203044380.0,38489156.0,242010110.0,0
2022-02-28,3700.0,3740.0,3690.0,3740.0,21683.0,48300.0,753180.0,62347956.0,25022056.0,11145.0,0.0,86275830.0,1884510.0,88171490.0,0
2022-03-02,3745.0,3810.0,3740.0,3800.0,42649.0,52360.0,0.0,74733630.0,5703580.0,7440.0,0.0,78990030.0,1492105.0,80489576.0,0
2022-03-03,3870.0,3870.0,3805.0,3835.0,65415.0,7600.0,0.0,140564820.0,20556190.0,76000.0,0.0,160704060.0,348540.0,161128600.0,0
2022-03-04,3810.0,3950.0,3800.0,3890.0,92350.0,484340.0,0.0,211507780.0,39183080.0,429520.0,0.0,221767230.0,28978430.0,251175180.0,0
2022-03-07,3885.0,3940.0,3860.0,3915.0,88970.0,104625.0,0.0,283334800.0,75978620.0,27205.0,0.0,345330500.0,14060325.0,359418050.0,0
2022-03-08,3915.0,3985.0,3845.0,3885.0,81288.0,219175.0,0.0,305360130.0,41462440.0,18953580.0,1634880.0,294650340.0,31802950.0,347041760.0,0
2022-03-10,3910.0,3920.0,3850.0,3850.0,58116.0,139860.0,0.0,286539940.0,30189620.0,139860.0,0.0,279202460.0,37527084.0,316869400.0,0
2022-03-11,3850.0,3890.0,3815.0,3855.0,18349.0,440700.0,0.0,194971070.0,29988136.0,84835.0,0.0,209475440.0,15839625.0,225399900.0,0
2022-03-14,3855.0,3890.0,3820.0,3850.0,35629.0,15410.0,0.0,61040980.0,9369835.0,123360.0,0.0,53348090.0,16954776.0,70426220.0,0
2022-03-15,3815.0,3865.0,3760.0,3795.0,21934.0,65430.0,0.0,120686630.0,16569245.0,15400.0,0.0,99873736.0,37432170.0,137321310.0,0
2022-03-16,3795.0,3805.0,3770.0,3790.0,20131.0,26565.0,3790.0,75732300.0,7591785.0,398475.0,0.0,74179520.0,8776450.0,83354450.0,0
2022-03-17,3825.0,3835.0,3785.0,3805.0,23327.0,15155.0,0.0,68457980.0,7716745.0,242560.0,0.0,69595740.0,6351580.0,76189880.0,0
2022-03-18,3835.0,3845.0,3795.0,3845.0,24795.0,231590.0,0.0,82746770.0,5945810.0,301355.0,0.0,84740750.0,3882060.0,88924170.0,0
2022-03-21,3860.0,3910.0,3860.0,3905.0,49130.0,0.0,0.0,66769260.0,27919240.0,118920.0,0.0,90627120.0,3942460.0,94688500.0,0
2022-03-22,3910.0,4170.0,3905.0,4170.0,298291.0,81965.0,0.0,145794690.0,45109964.0,0.0,0.0,183951840.0,7034770.0,190986610.0,0
2022-03-23,4160.0,4710.0,4150.0,4225.0,2205947.0,19895.0,16129380.0,1107480000.0,88167050.0,7761280.0,0.0,1152435100.0,51600050.0,1211796400.0,1
2022-03-24,4225.0,4280.0,4165.0,4180.0,166157.0,22250.0,6269120.0,9624673000.0,218702160.0,1257085.0,144930620.0,9210200000.0,493278800.0,9849667000.0,0
2022-03-25,4155.0,4200.0,4080.0,4095.0,117688.0,0.0,4205000.0,596881800.0,98711336.0,288690.0,0.0,614062900.0,85446500.0,699798100.0,0
2022-03-28,4120.0,4235.0,4100.0,4150.0,109018.0,0.0,0.0,414303360.0,71618650.0,49135.0,0.0,473666850.0,12206040.0,485922020.0,0
2022-03-29,4150.0,4235.0,4150.0,4215.0,80987.0,58440.0,0.0,367354370.0,87639510.0,342055.0,0.0,432793120.0,21917140.0,455052320.0,0
2022-03-30,4150.0,4205.0,4110.0,4150.0,89938.0,117895.0,996585.0,253532540.0,85429944.0,432750.0,0.0,298958850.0,40685376.0,340076960.0,0
2022-03-31,4150.0,4200.0,4125.0,4135.0,41728.0,0.0,0.0,331542240.0,40974724.0,161830.0,0.0,324944900.0,47410256.0,372517000.0,0
2022-04-01,4160.0,4160.0,4070.0,4110.0,81497.0,0.0,0.0,149740750.0,23634910.0,82710.0,0.0,169731800.0,3561140.0,173375660.0,0
2022-04-04,4110.0,4300.0,4080.0,4295.0,154545.0,0.0,821500.0,298727800.0,34119150.0,73970.0,0.0,317375700.0,16218765.0,333668450.0,0
2022-04-05,4300.0,4475.0,4265.0,4475.0,712612.0,0.0,17129480.0,559509300.0,75006090.0,72035.0,0.0,625022700.0,26550180.0,651644900.0,1
2022-04-06,4420.0,4430.0,4300.0,4330.0,211335.0,0.0,13071090.0,2956952600.0,161671220.0,88460.0,13302395.0,2894311700.0,223992420.0,3131694800.0,0
2022-04-07,4305.0,4330.0,4140.0,4170.0,149752.0,4305.0,2172500.0,873436100.0,42495124.0,39000.0,0.0,664059600.0,254009400.0,918108000.0,0
2022-04-08,4170.0,4215.0,4100.0,4135.0,53986.0,188675.0,0.0,544828100.0,85110950.0,37630.0,0.0,520972960.0,109117130.0,630127740.0,0
2022-04-11,4135.0,4245.0,4085.0,4210.0,86098.0,8285.0,0.0,187300320.0,36652096.0,4145.0,0.0,184636450.0,39320100.0,223960690.0,0
2022-04-12,4210.0,4300.0,4030.0,4105.0,63943.0,33680.0,0.0,232854270.0,126973910.0,0.0,0.0,307940480.0,51921390.0,359861860.0,0
2022-04-13,4110.0,4150.0,4065.0,4105.0,61485.0,0.0,0.0,244050660.0,18924420.0,467520.0,0.0,216635200.0,45872356.0,262975070.0,0
2022-04-14,4180.0,4195.0,4125.0,4125.0,67998.0,287350.0,5048950.0,222214130.0,23902016.0,131285.0,0.0,223483060.0,27838100.0,251452450.0,0
2022-04-15,4175.0,4205.0,4125.0,4185.0,56043.0,173250.0,0.0,221350400.0,60848284.0,132205.0,0.0,260696240.0,21543496.0,282371940.0,0
2022-04-18,4230.0,4295.0,4160.0,4260.0,121219.0,175510.0,0.0,178475970.0,54768256.0,337280.0,0.0,217398110.0,15684335.0,233419730.0,0
2022-04-19,4260.0,4750.0,4260.0,4385.0,2529947.0,0.0,0.0,432173820.0,82452470.0,127935.0,0.0,441143780.0,73354560.0,514626270.0,1
2022-04-20,4390.0,4490.0,4360.0,4445.0,337244.0,57035.0,29290650.0,10767504000.0,689975000.0,48220.0,66193804.0,10712389000.0,708196200.0,11486826000.0,0
2022-04-21,4485.0,4485.0,4315.0,4385.0,156573.0,109385550.0,8825000.0,933471800.0,444352480.0,31115.0,0.0,1349983000.0,146020700.0,1496034800.0,0
2022-04-22,4345.0,5010.0,4320.0,4590.0,2966634.0,0.0,0.0,605102800.0,78998270.0,26310.0,0.0,560899900.0,123174790.0,684101060.0,1
2022-04-25,4485.0,4705.0,4455.0,4565.0,514176.0,28380.0,948965.0,13051525000.0,889918200.0,1683360.0,59929464.0,13248792000.0,632016800.0,13942420000.0,1
2022-04-26,4555.0,4565.0,4400.0,4450.0,254284.0,5281385.0,4565.0,1940892900.0,413275520.0,91500.0,272700.0,1959630600.0,399459520.0,2359454200.0,0
2022-04-27,4440.0,4610.0,4350.0,4450.0,279563.0,436040.0,0.0,1022849000.0,109933490.0,4989810.0,4460.0,813336400.0,314887940.0,1133218600.0,0
2022-04-28,4450.0,4535.0,4315.0,4470.0,145315.0,2370780.0,0.0,1114937200.0,140018030.0,2267390.0,0.0,1045878200.0,209180450.0,1257326100.0,0
2022-04-29,4515.0,4520.0,4400.0,4420.0,139379.0,1412520.0,10807150.0,533002720.0,98764610.0,129670.0,0.0,570423500.0,73433840.0,643987000.0,0
2022-05-02,4420.0,4610.0,4360.0,4550.0,209585.0,44200.0,0.0,580130750.0,35828356.0,0.0,10748490.0,491467800.0,113787020.0,616003300.0,0
2022-05-03,4645.0,4645.0,4455.0,4520.0,194121.0,131820.0,0.0,672511800.0,275024860.0,0.0,0.0,873342340.0,74326130.0,947668500.0,0
2022-05-04,4520.0,4565.0,4430.0,4430.0,89947.0,90590.0,0.0,745527900.0,134363440.0,86020.0,0.0,716664960.0,163230900.0,879981900.0,0
2022-05-06,4390.0,4470.0,4340.0,4380.0,109761.0,31090.0,0.0,354586240.0,46984364.0,0.0,0.0,356823700.0,44777984.0,401601700.0,0
2022-05-09,4385.0,4550.0,4235.0,4265.0,126513.0,145755.0,0.0,334460830.0,146967900.0,114515.0,0.0,434716540.0,46743450.0,481574500.0,0
2022-05-10,4235.0,4235.0,4000.0,4205.0,118400.0,162025.0,0.0,465397470.0,82526350.0,0.0,0.0,393784200.0,154301660.0,548085800.0,0
2022-05-11,4155.0,4310.0,4150.0,4305.0,60122.0,139050.0,0.0,335779500.0,150675170.0,8410.0,0.0,404941700.0,81643610.0,486593700.0,0
2022-05-12,4280.0,4315.0,4100.0,4100.0,61841.0,8535.0,0.0,219771380.0,33989350.0,4305.0,0.0,219628130.0,34136836.0,253769260.0,0
2022-05-13,4090.0,4165.0,4045.0,4115.0,33178.0,12300.0,0.0,238718130.0,20485756.0,160215.0,0.0,163490220.0,95565740.0,259216180.0,0
2022-05-16,4180.0,4320.0,4115.0,4295.0,55169.0,1652325.0,0.0,105112990.0,29805504.0,189390.0,0.0,118993460.0,17387976.0,136570820.0,0
2022-05-17,4350.0,4380.0,4295.0,4370.0,63285.0,0.0,0.0,152326900.0,82385420.0,158840.0,0.0,199495460.0,35058020.0,234712300.0,0
2022-05-18,4460.0,4580.0,4415.0,4515.0,251814.0,222570.0,0.0,242714670.0,31564776.0,61180.0,0.0,235072380.0,39368456.0,274502000.0,0
2022-05-19,4470.0,4505.0,4400.0,4470.0,75343.0,310705.0,0.0,803550660.0,330363260.0,72240.0,0.0,961820200.0,172332200.0,1134224600.0,0
2022-05-20,4510.0,4510.0,4415.0,4430.0,38333.0,1015665.0,0.0,276487940.0,57872536.0,49170.0,0.0,289508540.0,45818410.0,335376130.0,0
2022-05-23,4385.0,4430.0,4100.0,4330.0,139385.0,110865.0,0.0,150650190.0,19784416.0,0.0,0.0,111600310.0,58945156.0,170545470.0,0
2022-05-24,4330.0,4340.0,4150.0,4160.0,61602.0,56290.0,4273530.0,436215940.0,158627550.0,103920.0,8710000.0,508090340.0,82269030.0,599173300.0,0
2022-05-25,4125.0,4220.0,4100.0,4170.0,74547.0,49940.0,0.0,214436820.0,45310364.0,4200.0,0.0,201035490.0,58757430.0,259797120.0,0
2022-05-26,4210.0,4300.0,4180.0,4195.0,35626.0,25000.0,0.0,212311120.0,98372000.0,112860.0,0.0,260798320.0,49796936.0,310708130.0,0
2022-05-27,4220.0,4305.0,4200.0,4240.0,37244.0,359100.0,0.0,117861150.0,32177344.0,29345.0,0.0,128802790.0,21565460.0,150397600.0,0
2022-05-30,4295.0,4380.0,4240.0,4360.0,77976.0,59360.0,0.0,121017960.0,37570964.0,0.0,0.0,144261540.0,14386750.0,158648290.0,0
2022-05-31,4390.0,4425.0,4330.0,4415.0,66933.0,74120.0,0.0,210756530.0,125984450.0,0.0,0.0,327423680.0,9391410.0,336815100.0,0
2022-06-02,4420.0,4470.0,4390.0,4425.0,43828.0,22075.0,96408936.0,124066984.0,72777940.0,4415.0,0.0,238959000.0,54312516.0,293275940.0,0
2022-06-03,4445.0,4465.0,4360.0,4360.0,76445.0,30970.0,24065556.0,134915820.0,34929770.0,30940.0,0.0,149989620.0,43921556.0,193942110.0,0
2022-06-07,4375.0,4450.0,4200.0,4355.0,90311.0,17500.0,0.0,262918460.0,73314310.0,119015.0,0.0,320804260.0,15326990.0,336250270.0,0
2022-06-08,4335.0,4390.0,4275.0,4275.0,40125.0,17420.0,0.0,319276830.0,74242056.0,13080.0,0.0,357059650.0,36463590.0,393536320.0,0
2022-06-09,4340.0,4340.0,4165.0,4240.0,43555.0,418470.0,0.0,157159200.0,15363855.0,199640.0,0.0,135125710.0,37616176.0,172941520.0,0
2022-06-10,4235.0,4315.0,4175.0,4240.0,50514.0,3247840.0,0.0,148626300.0,31575890.0,1526400.0,0.0,106299690.0,75623950.0,183450050.0,0
2022-06-13,4205.0,4205.0,4035.0,4055.0,75429.0,304855.0,697950.0,140614320.0,72111064.0,339245.0,0.0,156774400.0,56614556.0,213728200.0,0
2022-06-14,4030.0,4040.0,3850.0,3950.0,80757.0,77235.0,4040.0,298175740.0,9043680.0,44605.0,2040000.0,201417300.0,103798800.0,307300700.0,0
2022-06-15,3900.0,3925.0,3745.0,3750.0,80271.0,141370.0,0.0,254680080.0,62154450.0,31600.0,2332000.0,249955890.0,64656404.0,316975900.0,0
2022-06-16,3810.0,3975.0,3800.0,3875.0,68543.0,172570.0,0.0,273950560.0,33082516.0,93750.0,618750.0,200499340.0,105993790.0,307205630.0,0
2022-06-17,3850.0,3875.0,3750.0,3860.0,32333.0,15500.0,0.0,190728460.0,77053740.0,19375.0,444380.0,237468110.0,29865844.0,267797710.0,0
2022-06-20,3860.0,3860.0,3485.0,3585.0,135748.0,94965.0,37850.0,105048210.0,17819496.0,76225.0,0.0,94099560.0,28824736.0,123000520.0,0
2022-06-21,3600.0,3680.0,3545.0,3590.0,155953.0,209725.0,2494965.0,422739300.0,61105060.0,0.0,0.0,346884740.0,139664320.0,486549060.0,0
2022-06-22,4050.0,4665.0,3930.0,4665.0,10206486.0,2039090.0,36150.0,536005000.0,52609100.0,57725.0,452970.0,523086370.0,67092264.0,590689340.0,0
2022-06-23,4655.0,4655.0,3730.0,3840.0,4021007.0,13340.0,72605810.0,45302792000.0,612309600.0,44885.0,1733960600.0,42684613000.0,1569102700.0,45987720000.0,1
2022-06-24,3985.0,4250.0,3620.0,3880.0,3492274.0,16325.0,20079864.0,16209867000.0,555222140.0,0.0,13843530.0,16206840000.0,564502100.0,16785186000.0,1
2022-06-27,3880.0,3950.0,3805.0,3890.0,962563.0,0.0,10601585.0,13206470000.0,623666400.0,0.0,6758790.0,13414610000.0,419369440.0,13840738000.0,1
2022-06-28,3975.0,3995.0,3725.0,3810.0,873854.0,0.0,12445255.0,3271451400.0,467704600.0,11670.0,10306515.0,3465257700.0,276025380.0,3751601400.0,1
2022-06-29,3745.0,3820.0,3715.0,3800.0,381749.0,0.0,0.0,3156477200.0,197197710.0,3810.0,7720000.0,2956726000.0,389225120.0,3353675000.0,0
2022-06-30,3865.0,3890.0,3590.0,3605.0,704936.0,15195.0,14960000.0,1320715000.0,103908940.0,0.0,0.0,1316223900.0,123375320.0,1439599100.0,1
2022-07-01,3650.0,3650.0,3405.0,3465.0,432447.0,224365.0,0.0,2571221000.0,71146020.0,0.0,0.0,2361168000.0,281423550.0,2642591200.0,0
2022-07-04,3480.0,3580.0,3405.0,3500.0,885295.0,55910.0,0.0,1350003200.0,171067550.0,3455.0,0.0,1394676400.0,126446850.0,1521126700.0,1
2022-07-05,3600.0,3695.0,3580.0,3630.0,672397.0,162880.0,0.0,3102553600.0,147683490.0,65310.0,0.0,3074952200.0,175382220.0,3250399700.0,1
2022-07-06,3620.0,3620.0,3500.0,3505.0,200365.0,3265275.0,7225.0,2106594000.0,322699970.0,2958525.0,0.0,2257276400.0,172331570.0,2432566500.0,0
2022-07-07,3525.0,3605.0,3515.0,3575.0,161602.0,35130.0,0.0,608758400.0,101279370.0,17725.0,0.0,627953100.0,82102100.0,710072900.0,0
2022-07-08,3590.0,3635.0,3570.0,3590.0,167143.0,203235.0,0.0,469899900.0,103770040.0,3575.0,0.0,494384450.0,79485180.0,573873200.0,0
2022-07-11,3625.0,3640.0,3545.0,3610.0,126454.0,32345.0,0.0,394431200.0,208535040.0,292410.0,0.0,539220300.0,63485870.0,602998600.0,0
2022-07-12,3575.0,3605.0,3460.0,3470.0,140221.0,82752330.0,3620.0,270737150.0,102464160.0,7230.0,0.0,385725500.0,70224536.0,455957280.0,0
2022-07-13,3470.0,3570.0,3400.0,3545.0,133480.0,79000570.0,0.0,390413800.0,21953570.0,0.0,0.0,353566940.0,137801010.0,491367940.0,0
2022-07-14,3415.0,3635.0,3415.0,3580.0,151301.0,84243550.0,0.0,318153300.0,65080380.0,56520.0,15068260.0,365613150.0,86739320.0,467477250.0,0
2022-07-15,3600.0,3600.0,3470.0,3485.0,95188.0,76318310.0,36350.0,327648580.0,132065880.0,3540.0,15133300.0,444659260.0,76273010.0,536069120.0,0
2022-07-18,3505.0,3580.0,3495.0,3580.0,147566.0,6970.0,317900.0,301982880.0,31559856.0,0.0,15282205.0,206963410.0,111621980.0,333867600.0,0
2022-07-19,3575.0,3600.0,3530.0,3595.0,93546.0,0.0,0.0,298958850.0,220338020.0,3580.0,0.0,478030700.0,41262610.0,519296860.0,0
2022-07-20,3660.0,3690.0,3575.0,3600.0,108546.0,0.0,358500.0,237686220.0,96243144.0,3595.0,0.0,311169730.0,23114556.0,334287870.0,0
2022-07-21,3600.0,3620.0,3565.0,3590.0,79172.0,504155.0,0.0,329855900.0,63553576.0,10905.0,0.0,358171800.0,35730920.0,393913630.0,0
2022-07-22,3600.0,3635.0,3550.0,3580.0,86282.0,14360.0,1074000.0,213912100.0,68954300.0,57315.0,0.0,252757250.0,31140190.0,283954750.0,0
2022-07-25,3580.0,3580.0,3520.0,3555.0,57921.0,74870.0,0.0,303652260.0,4886195.0,7165.0,10710.0,184777940.0,123817520.0,308613300.0,0
2022-07-26,3555.0,3580.0,3530.0,3550.0,47189.0,7110.0,354500.0,193631860.0,11063325.0,60335.0,0.0,160601710.0,44394744.0,205056780.0,0
2022-07-27,3545.0,3595.0,3535.0,3570.0,43106.0,120700.0,0.0,142060530.0,25530084.0,14160.0,0.0,149336770.0,18360390.0,167711310.0,0
2022-07-28,3600.0,3635.0,3585.0,3610.0,99240.0,940625.0,2306220.0,112249790.0,37931360.0,0.0,0.0,138586800.0,14841200.0,153428000.0,0
2022-07-29,3630.0,3670.0,3615.0,3635.0,98678.0,151645.0,0.0,283883900.0,74650170.0,0.0,0.0,320388770.0,38296964.0,358685730.0,0
2022-08-01,3670.0,3680.0,3635.0,3650.0,74478.0,512300.0,0.0,327876000.0,30998456.0,3640.0,0.0,300476960.0,58906124.0,359386750.0,0
2022-08-02,3655.0,3675.0,3575.0,3600.0,71008.0,259205.0,0.0,219121840.0,52829464.0,0.0,0.0,256844770.0,15365735.0,272210500.0,0
2022-08-03,3600.0,3670.0,3590.0,3660.0,87066.0,230460.0,0.0,244326240.0,12698095.0,0.0,0.0,202209070.0,55045730.0,257254800.0,0
2022-08-04,3675.0,3700.0,3645.0,3645.0,66647.0,193930.0,0.0,195916500.0,120556980.0,36550.0,0.0,301150980.0,15479885.0,316667400.0,0
2022-08-05,3655.0,3680.0,3640.0,3665.0,39078.0,267095.0,0.0,174186750.0,69796580.0,11010.0,0.0,212655500.0,31583920.0,244250430.0,0
2022-08-08,3675.0,3685.0,3620.0,3665.0,40527.0,18315.0,0.0,129753470.0,12979735.0,91495.0,0.0,132780270.0,9879760.0,142751520.0,0
2022-08-09,3850.0,3880.0,3655.0,3680.0,305989.0,7330.0,3650000.0,131528770.0,12471365.0,7265.0,0.0,128107600.0,19542600.0,147657470.0,0
2022-08-10,3655.0,3750.0,3650.0,3705.0,129681.0,0.0,3730.0,1077341000.0,61931160.0,177085.0,3720.0,805949250.0,333145950.0,1139276000.0,0
2022-08-11,3795.0,3815.0,3740.0,3780.0,192801.0,25549660.0,0.0,343234270.0,111707490.0,29625.0,0.0,444311550.0,36150230.0,480491420.0,0
2022-08-12,3780.0,3785.0,3730.0,3760.0,67250.0,0.0,2205370.0,589846300.0,137147230.0,56660.0,0.0,622729500.0,106412710.0,729198850.0,0
2022-08-16,3765.0,3785.0,3735.0,3740.0,65317.0,0.0,0.0,206894030.0,45628450.0,297175.0,0.0,230459300.0,21766010.0,252522480.0,0
2022-08-17,3740.0,3750.0,3645.0,3675.0,169287.0,157080.0,0.0,242954580.0,2210790.0,543340.0,0.0,213072770.0,31706340.0,245322450.0,0
2022-08-18,3655.0,3665.0,3590.0,3625.0,111831.0,0.0,0.0,520511940.0,103082380.0,131760.0,0.0,566947900.0,56514636.0,623594300.0,0
2022-08-19,3610.0,3670.0,3610.0,3630.0,81369.0,0.0,0.0,334995780.0,70258030.0,25400.0,3548660.0,356668100.0,45011664.0,405253820.0,0
2022-08-22,3595.0,3825.0,3570.0,3585.0,460280.0,7295.0,0.0,228737680.0,67284080.0,316045.0,0.0,280284400.0,15428580.0,296029060.0,0
2022-08-23,3560.0,3620.0,3520.0,3520.0,121968.0,1030410.0,0.0,1516005900.0,173482600.0,651735.0,23735950.0,1378547800.0,287583420.0,1690518900.0,0
2022-08-24,3525.0,3555.0,3485.0,3520.0,74477.0,437500.0,0.0,318084400.0,115110210.0,241215.0,0.0,381437760.0,51953156.0,433632130.0,0
2022-08-25,3520.0,3630.0,3520.0,3590.0,52927.0,14030.0,0.0,245109600.0,16569705.0,42260.0,0.0,193780600.0,67870460.0,261693330.0,0
2022-08-26,3585.0,3720.0,3585.0,3610.0,151539.0,0.0,0.0,110585210.0,78353210.0,28720.0,1074000.0,177012660.0,10823035.0,188938420.0,0
2022-08-29,3540.0,3540.0,3480.0,3505.0,76584.0,0.0,0.0,453763040.0,100318024.0,155900.0,0.0,528117950.0,25807210.0,554081100.0,0
2022-08-30,3510.0,3610.0,3510.0,3565.0,145946.0,0.0,175000.0,233356060.0,34854616.0,17525.0,0.0,182274600.0,86093560.0,268385680.0,0
2022-08-31,3535.0,3605.0,3515.0,3555.0,45959.0,0.0,6429580.0,489797860.0,20993210.0,423585.0,23008156.0,408924900.0,84864020.0,517220640.0,0
2022-09-01,3550.0,3550.0,3450.0,3465.0,137084.0,0.0,0.0,139490160.0,23730320.0,10650.0,0.0,141814460.0,21395360.0,163220480.0,0
2022-09-02,3470.0,3530.0,3455.0,3490.0,85633.0,0.0,522000.0,464429100.0,14337925.0,3520.0,0.0,281193570.0,198091950.0,479289020.0,0
2022-09-05,3490.0,3560.0,3450.0,3490.0,95541.0,55914770.0,0.0,206310110.0,36324360.0,3490.0,0.0,280258240.0,18287504.0,298549250.0,0
2022-09-06,3465.0,3495.0,3420.0,3470.0,70991.0,20940.0,0.0,268593760.0,65167776.0,0.0,0.0,299084670.0,34697800.0,333782460.0,0
2022-09-07,3485.0,3485.0,3330.0,3390.0,139148.0,72870.0,0.0,181497170.0,64139770.0,19115000.0,0.0,213968960.0,12625855.0,245709810.0,0
2022-09-08,3390.0,3420.0,3385.0,3400.0,51004.0,250860.0,0.0,463244220.0,7450030.0,35539836.0,3026190.0,275056000.0,157323100.0,470945120.0,0
2022-09-13,3415.0,3465.0,3415.0,3450.0,52011.0,180220.0,0.0,109237990.0,64178200.0,57815.0,0.0,153566610.0,19971980.0,173596420.0,0
2022-09-14,3395.0,3420.0,3330.0,3390.0,90731.0,24150.0,0.0,85157850.0,94361340.0,55180.0,0.0,178910030.0,578130.0,179543340.0,0
2022-09-15,3390.0,3470.0,3390.0,3445.0,37646.0,224685.0,0.0,203587280.0,102131620.0,0.0,0.0,288408220.0,17535380.0,305943580.0,0
2022-09-16,3425.0,3440.0,3385.0,3405.0,27714.0,82525.0,1715000.0,111421360.0,16334245.0,6870.0,0.0,116441520.0,13104740.0,129553130.0,0
2022-09-19,3380.0,3410.0,3280.0,3280.0,104426.0,122190.0,0.0,92375520.0,2048060.0,0.0,0.0,73777830.0,20767940.0,94545770.0,0
2022-09-20,3280.0,3345.0,3280.0,3335.0,17081.0,19680.0,0.0,334858530.0,11814140.0,3365.0,0.0,207418750.0,139270240.0,346692350.0,0
2022-09-21,3300.0,3350.0,3290.0,3315.0,24547.0,19995.0,0.0,38989396.0,17579564.0,0.0,0.0,55278980.0,1309975.0,56588956.0,0
2022-09-22,3280.0,3420.0,3210.0,3360.0,101309.0,129575.0,0.0,70448030.0,10962110.0,0.0,0.0,56226476.0,25313244.0,81539720.0,0
2022-09-23,3360.0,3370.0,3280.0,3315.0,37297.0,77245.0,0.0,290380670.0,46452564.0,20160.0,0.0,251555000.0,85335310.0,336910500.0,0
2022-09-26,3200.0,3250.0,3075.0,3090.0,198584.0,149035.0,0.0,121184104.0,2198830.0,10020.0,0.0,82420990.0,41100956.0,123531970.0,0
2022-09-27,3090.0,3140.0,3025.0,3055.0,66716.0,213480.0,0.0,564688450.0,62332600.0,6180.0,4620400.0,500192060.0,122415850.0,627234500.0,0
2022-09-28,3030.0,3105.0,2890.0,2990.0,102686.0,36660.0,0.0,165076930.0,39089276.0,0.0,0.0,157280270.0,46922580.0,204202850.0,0
2022-09-29,3000.0,3075.0,2980.0,3020.0,71298.0,252775.0,0.0,282739780.0,20159540.0,0.0,0.0,261677140.0,41474956.0,303152100.0,0
2022-09-30,2970.0,3040.0,2930.0,2970.0,41527.0,208540.0,0.0,180192080.0,34084760.0,18120.0,0.0,187149280.0,27317980.0,214485390.0,0
2022-10-04,2980.0,3080.0,2980.0,3075.0,55749.0,178255.0,0.0,87272780.0,35975160.0,0.0,0.0,91204460.0,32221740.0,123426200.0,0
2022-10-05,3145.0,3145.0,3015.0,3025.0,41721.0,554815.0,0.0,70687080.0,98140750.0,0.0,0.0,163797360.0,5585290.0,169382640.0,0
2022-10-06,3070.0,3100.0,3030.0,3085.0,32779.0,151925.0,0.0,99343860.0,28090284.0,0.0,0.0,77243550.0,50342516.0,127586070.0,0
2022-10-07,3100.0,3100.0,3040.0,3075.0,34431.0,37020.0,3085.0,49239280.0,51615860.0,0.0,0.0,76682770.0,24212480.0,100895250.0,0
2022-10-11,3030.0,3065.0,2905.0,2960.0,83954.0,12280.0,0.0,71539624.0,33895240.0,70640.0,0.0,94420850.0,10955655.0,105447144.0,0
2022-10-12,2915.0,2945.0,2880.0,2885.0,77753.0,46940.0,0.0,242403600.0,4700315.0,100000.0,0.0,137023020.0,110027830.0,247150850.0,0
2022-10-13,2880.0,2880.0,2735.0,2785.0,151079.0,17001384.0,0.0,173434850.0,35019190.0,0.0,2885.0,186514540.0,38938000.0,225455420.0,0
2022-10-14,2810.0,3420.0,2810.0,2960.0,1633595.0,50060.0,0.0,386152830.0,33854070.0,0.0,0.0,327518980.0,92537990.0,420056960.0,1
2022-10-17,2960.0,2960.0,2825.0,2910.0,125684.0,1728625.0,15180250.0,4585212000.0,590719300.0,1644680.0,3512640.0,4674548700.0,513134080.0,5192839700.0,0
2022-10-18,2940.0,3050.0,2940.0,2960.0,86104.0,0.0,0.0,223898190.0,140871650.0,350590.0,11375925.0,284374600.0,68668740.0,364769860.0,0
2022-10-19,3005.0,3080.0,2935.0,2965.0,49734.0,0.0,0.0,164184540.0,93163230.0,32800.0,0.0,194583500.0,62731470.0,257347780.0,0
2022-10-20,2965.0,3015.0,2915.0,2915.0,33272.0,0.0,0.0,117436110.0,31757050.0,35625.0,0.0,106731830.0,42425704.0,149193170.0,0
2022-10-21,2910.0,2955.0,2850.0,2875.0,72277.0,352040.0,0.0,78260216.0,19360056.0,0.0,0.0,53029680.0,44942630.0,97972310.0,0
2022-10-24,2895.0,2960.0,2895.0,2935.0,41592.0,201250.0,0.0,188522850.0,21198244.0,0.0,0.0,128048250.0,81874104.0,209922350.0,0
2022-10-25,2940.0,2985.0,2865.0,2940.0,33093.0,249745.0,0.0,84543090.0,37459016.0,8805.0,0.0,96106990.0,26136050.0,122251850.0,0
2022-10-26,2950.0,3070.0,2890.0,2905.0,21700.0,148920.0,0.0,88658504.0,8187865.0,0.0,0.0,75087900.0,21907384.0,96995290.0,0
2022-10-27,2905.0,2950.0,2890.0,2925.0,22401.0,340205.0,0.0,62976004.0,0.0,58270.0,0.0,18743736.0,44514204.0,63316210.0,0
2022-10-28,2930.0,2945.0,2910.0,2935.0,34202.0,207290.0,0.0,43706950.0,21368016.0,87750.0,0.0,42771284.0,22423220.0,65282256.0,0
2022-10-31,2955.0,3000.0,2950.0,2970.0,25614.0,14665.0,0.0,95052350.0,4936185.0,8760.0,0.0,86505320.0,13489125.0,100003210.0,0
2022-11-01,2955.0,3030.0,2955.0,3020.0,54104.0,20790.0,0.0,68713850.0,7325530.0,71400.0,0.0,58852460.0,17136304.0,76060170.0,0
2022-11-02,3020.0,3035.0,2980.0,3015.0,26934.0,36225.0,0.0,146490450.0,15792455.0,30025.0,0.0,137453570.0,24835536.0,162319120.0,0
2022-11-03,2950.0,3020.0,2950.0,3010.0,33220.0,9045.0,0.0,78004600.0,3338505.0,78425.0,0.0,72867736.0,8405990.0,81352150.0,0
2022-11-04,3010.0,3025.0,2975.0,3025.0,24083.0,15050.0,0.0,81627420.0,17752220.0,0.0,0.0,95282296.0,4112395.0,99394690.0,0
2022-11-07,3010.0,3045.0,2995.0,3030.0,13067.0,6050.0,0.0,67421560.0,4917795.0,30050.0,0.0,61815556.0,10499800.0,72345410.0,0
2022-11-08,3050.0,3075.0,3030.0,3075.0,26631.0,0.0,0.0,30820624.0,8632960.0,154405.0,0.0,36227120.0,3072060.0,39453584.0,0
2022-11-09,3075.0,3205.0,3065.0,3180.0,118954.0,0.0,0.0,64716016.0,16670685.0,141160.0,0.0,71979060.0,9266480.0,81386700.0,0
2022-11-10,3180.0,3375.0,3145.0,3325.0,183489.0,27630.0,242530.0,346073860.0,28592236.0,1513760.0,5565000.0,359995200.0,7862280.0,374936260.0,0
2022-11-11,3365.0,3380.0,3300.0,3370.0,67407.0,1123965.0,0.0,570435650.0,27864930.0,235350.0,0.0,569790800.0,29398404.0,599424600.0,0
2022-11-14,3370.0,3380.0,3290.0,3380.0,55824.0,123395.0,0.0,214777470.0,10420280.0,2431090.0,5862500.0,171908900.0,45118676.0,225321150.0,0
2022-11-15,3355.0,3435.0,3350.0,3425.0,93018.0,0.0,0.0,161491920.0,25047180.0,77740.0,0.0,172081140.0,14380215.0,186539090.0,0
2022-11-16,3425.0,3455.0,3375.0,3455.0,89292.0,54800.0,0.0,284445660.0,32694196.0,462225.0,0.0,303517380.0,13215055.0,317194660.0,0
2022-11-17,3455.0,3465.0,3430.0,3465.0,81061.0,254210.0,0.0,274560400.0,31133420.0,13740.0,0.0,295249500.0,10684765.0,305948030.0,0
2022-11-18,3460.0,3485.0,3430.0,3465.0,54724.0,193265.0,0.0,271009820.0,7998480.0,51645.0,0.0,264085700.0,15064245.0,279201570.0,0
2022-11-21,3460.0,3500.0,3415.0,3500.0,65815.0,553780.0,0.0,166326720.0,22140670.0,6598065.0,0.0,168484350.0,13938755.0,189021170.0,0
2022-11-22,3460.0,3515.0,3460.0,3515.0,26620.0,129500.0,0.0,211664210.0,15134585.0,0.0,13970.0,200124750.0,26789576.0,226928290.0,0
2022-11-23,3500.0,3540.0,3500.0,3525.0,34395.0,87875.0,0.0,81630210.0,11442980.0,422920.0,0.0,82539810.0,10198335.0,93161064.0,0
2022-11-24,3525.0,3555.0,3510.0,3550.0,33501.0,1343415.0,0.0,112549700.0,7429680.0,0.0,0.0,118067080.0,3255715.0,121322790.0,0
2022-11-25,3550.0,3635.0,3550.0,3595.0,162770.0,1540650.0,0.0,106892440.0,10169300.0,0.0,0.0,112180850.0,6421545.0,118602390.0,0
2022-11-28,3610.0,3645.0,3560.0,3610.0,114398.0,1536930.0,0.0,529388480.0,53092964.0,0.0,0.0,573995970.0,10022415.0,584018370.0,0
2022-11-29,3570.0,3630.0,3570.0,3625.0,50341.0,169670.0,0.0,382526180.0,29269200.0,39655.0,0.0,360521380.0,51404016.0,411965060.0,0
2022-11-30,3620.0,3630.0,3590.0,3610.0,49242.0,76125.0,0.0,172665280.0,8675250.0,14455.0,0.0,156848720.0,24553476.0,181416660.0,0
2022-12-01,3610.0,3645.0,3480.0,3550.0,96160.0,46930.0,0.0,177396670.0,0.0,28890.0,4544990.0,145943490.0,26926236.0,177443620.0,0
2022-12-02,3550.0,3600.0,3520.0,3550.0,24342.0,17800.0,0.0,320309950.0,21201964.0,10745.0,0.0,294885860.0,46633136.0,341529730.0,0
2022-12-05,3545.0,3645.0,3520.0,3600.0,87470.0,17750.0,0.0,78681810.0,7823765.0,0.0,0.0,65420736.0,21102590.0,86523330.0,0
2022-12-06,3590.0,3590.0,3510.0,3510.0,68575.0,1215695.0,0.0,276993400.0,34003530.0,35820.0,268500.0,285598820.0,26309480.0,312212640.0,0
2022-12-07,3510.0,3570.0,3410.0,3490.0,55382.0,0.0,0.0,230691420.0,12438020.0,470035.0,0.0,212362140.0,30297256.0,243129440.0,0
2022-12-08,3500.0,3540.0,3355.0,3410.0,32019.0,0.0,0.0,175314370.0,15511180.0,41880.0,0.0,184837100.0,5946570.0,190825550.0,0
2022-12-09,3480.0,3480.0,3305.0,3310.0,36918.0,27994730.0,0.0,74081650.0,6740785.0,2564320.0,0.0,60150900.0,46101940.0,108817160.0,0
2022-12-12,3330.0,3375.0,3260.0,3315.0,21518.0,72970.0,0.0,113171290.0,10023055.0,54285.0,0.0,92464670.0,30748350.0,123267310.0,0
2022-12-13,3315.0,3360.0,3280.0,3300.0,10641.0,108770.0,0.0,66666650.0,3934530.0,0.0,0.0,66424784.0,4285165.0,70709950.0,0
2022-12-14,3300.0,3360.0,3280.0,3355.0,18038.0,95595.0,0.0,35025030.0,0.0,141840.0,0.0,14805115.0,20173670.0,35120624.0,0
2022-12-15,3355.0,3355.0,3305.0,3325.0,9634.0,87170.0,0.0,58542700.0,1190995.0,109680.0,0.0,48298424.0,11412760.0,59820864.0,0
2022-12-16,3325.0,3325.0,3240.0,3300.0,42864.0,209475.0,0.0,31714720.0,43160.0,0.0,0.0,18815704.0,13151650.0,31967356.0,0
2022-12-19,3300.0,3620.0,3255.0,3335.0,329805.0,263820.0,0.0,127004570.0,13010280.0,0.0,0.0,113423540.0,26855130.0,140278670.0,0
2022-12-20,3295.0,3355.0,3290.0,3335.0,60685.0,63365.0,0.0,1050953900.0,70935260.0,0.0,0.0,969014700.0,152937870.0,1121952500.0,0
2022-12-21,3305.0,3370.0,3275.0,3285.0,28614.0,206495.0,0.0,182799460.0,17935016.0,1455440.0,0.0,187152930.0,12332610.0,200940980.0,0
2022-12-22,3290.0,3335.0,3280.0,3315.0,20442.0,362875.0,0.0,85374180.0,9089080.0,0.0,0.0,82624510.0,12201625.0,94826136.0,0
2022-12-23,3320.0,3370.0,3285.0,3350.0,46368.0,391140.0,0.0,66935996.0,0.0,0.0,0.0,57089800.0,10237335.0,67327140.0,0
2022-12-26,3350.0,3350.0,3275.0,3300.0,44993.0,144050.0,0.0,143428430.0,11144260.0,0.0,0.0,137238610.0,17478130.0,154716740.0,0
2022-12-27,3315.0,3345.0,3290.0,3315.0,35367.0,214450.0,0.0,146772000.0,1469600.0,0.0,0.0,131648310.0,16807730.0,148456050.0,0
2022-12-28,3245.0,3285.0,3185.0,3285.0,46832.0,241910.0,0.0,110005410.0,6869900.0,0.0,0.0,107886216.0,9231000.0,117117220.0,0
2022-12-29,3290.0,3290.0,3200.0,3275.0,17094.0,25920.0,0.0,138868260.0,11835095.0,461505.0,0.0,131353140.0,18914630.0,150729260.0,0
2023-01-02,3220.0,3250.0,3140.0,3170.0,30027.0,219890.0,0.0,54428110.0,584870.0,0.0,0.0,30020076.0,25212796.0,55232870.0,0
2023-01-03,3130.0,3240.0,3035.0,3115.0,42886.0,1040305.0,0.0,92473704.0,2417475.0,0.0,0.0,58547564.0,37383920.0,95931490.0,0
2023-01-04,3070.0,3195.0,3050.0,3115.0,23846.0,1012505.0,0.0,121592856.0,8956255.0,571360.0,0.0,122862910.0,8127340.0,131561620.0,0
2023-01-05,3180.0,3185.0,3110.0,3120.0,6041.0,0.0,0.0,59582250.0,14181180.0,1006320.0,0.0,64435296.0,8321815.0,73763430.0,0
2023-01-06,3135.0,3210.0,3095.0,3130.0,11530.0,0.0,0.0,18848300.0,6240.0,1610300.0,0.0,11127035.0,6117205.0,18854540.0,0
2023-01-09,3130.0,3180.0,3120.0,3135.0,55197.0,0.0,0.0,34649480.0,1542095.0,4792480.0,0.0,16440430.0,14958665.0,36191576.0,0
2023-01-10,3135.0,3180.0,3110.0,3160.0,36266.0,0.0,0.0,152061940.0,21068390.0,81834310.0,0.0,83462130.0,7833880.0,173130320.0,0
2023-01-11,3185.0,3185.0,3155.0,3165.0,7288.0,0.0,0.0,104962570.0,8255605.0,78647464.0,0.0,34391824.0,178880.0,113218170.0,0
2023-01-12,3200.0,3230.0,3125.0,3125.0,47431.0,95160.0,0.0,20756610.0,2242770.0,0.0,0.0,22777176.0,317365.0,23094540.0,0
2023-01-13,3150.0,3180.0,3100.0,3130.0,67441.0,15800000.0,0.0,126887380.0,6371340.0,82584520.0,0.0,54688970.0,11785225.0,149058720.0,0
2023-01-16,3170.0,3170.0,3115.0,3130.0,33732.0,0.0,0.0,195547870.0,14880975.0,81082470.0,3378740.0,125851450.0,116195.0,210428850.0,0
2023-01-17,3145.0,3150.0,3100.0,3120.0,17302.0,0.0,0.0,88522870.0,17221404.0,15767815.0,0.0,89829130.0,147340.0,105744280.0,0
2023-01-18,3105.0,3120.0,3065.0,3070.0,57342.0,0.0,0.0,51930740.0,2022550.0,84240.0,0.0,52842564.0,1026485.0,53953290.0,0
2023-01-19,3070.0,3230.0,3065.0,3100.0,13104.0,67540.0,0.0,134862450.0,41619800.0,153500.0,0.0,171274900.0,5121390.0,176549800.0,0
2023-01-20,3120.0,3130.0,3075.0,3100.0,34767.0,0.0,0.0,38915400.0,1573680.0,34100.0,0.0,38494676.0,1960305.0,40489080.0,0
2023-01-25,3090.0,3125.0,3070.0,3105.0,31917.0,0.0,0.0,103762990.0,3718345.0,31000.0,0.0,107213770.0,236575.0,107481340.0,0
2023-01-26,3105.0,3170.0,3085.0,3135.0,25605.0,0.0,0.0,84759220.0,13989910.0,21735.0,0.0,98411784.0,315605.0,98749130.0,0
2023-01-27,3150.0,3170.0,3130.0,3165.0,33919.0,0.0,0.0,66993444.0,13304975.0,18810.0,0.0,70032500.0,10247115.0,80298420.0,0
2023-01-30,3195.0,3215.0,3130.0,3140.0,70419.0,85455.0,0.0,82458980.0,24596650.0,107610.0,0.0,100628190.0,6405280.0,107141080.0,0
2023-01-31,3165.0,3190.0,3120.0,3175.0,40842.0,87920.0,0.0,202197900.0,20928656.0,197820.0,0.0,217420060.0,5596600.0,223214480.0,0
2023-02-01,3190.0,3210.0,3180.0,3205.0,28967.0,0.0,0.0,117876300.0,11213485.0,22225.0,0.0,124928584.0,4138980.0,129089790.0,0
2023-02-02,3225.0,3260.0,3205.0,3240.0,41636.0,0.0,0.0,79878550.0,12663810.0,16025.0,0.0,89323220.0,3203120.0,92542360.0,0
2023-02-03,3240.0,3255.0,3220.0,3230.0,19856.0,0.0,0.0,123700296.0,10473990.0,16200.0,0.0,127951360.0,6206725.0,134174290.0,0
2023-02-06,3250.0,3250.0,3225.0,3235.0,18605.0,0.0,0.0,61270200.0,2849780.0,778430.0,0.0,52939396.0,10402155.0,64119980.0,0
2023-02-07,3240.0,3245.0,3220.0,3245.0,22303.0,6031090.0,0.0,53839636.0,336760.0,0.0,0.0,55438670.0,4768815.0,60207484.0,0
2023-02-08,3245.0,3375.0,3235.0,3370.0,142129.0,110315.0,0.0,66059520.0,5918820.0,0.0,0.0,69783256.0,2305400.0,72088660.0,0
2023-02-09,3425.0,3495.0,3400.0,3470.0,173984.0,80880.0,9162125.0,399727700.0,62405610.0,0.0,0.0,427476480.0,43899824.0,471376320.0,0
2023-02-10,3455.0,3530.0,3455.0,3500.0,83511.0,24290.0,0.0,586989440.0,14102675.0,0.0,0.0,515006430.0,86109990.0,601116400.0,0
2023-02-13,3520.0,3520.0,3405.0,3500.0,37741.0,14000.0,0.0,255892000.0,35230760.0,0.0,0.0,285977700.0,5159080.0,291136770.0,0
2023-02-14,3500.0,3500.0,3435.0,3480.0,49721.0,0.0,0.0,104364670.0,26327450.0,10500.0,0.0,114981240.0,15700380.0,130692120.0,0
2023-02-15,3505.0,3505.0,3375.0,3405.0,41966.0,0.0,0.0,154212670.0,18203524.0,38280.0,3465.0,146979060.0,25395400.0,172416200.0,0
2023-02-16,3415.0,3470.0,3405.0,3440.0,30269.0,0.0,0.0,135337730.0,8673270.0,17025.0,0.0,129385736.0,14608245.0,144011000.0,0
2023-02-17,3420.0,3460.0,3370.0,3370.0,13019.0,0.0,0.0,81773256.0,21988016.0,17200.0,0.0,100914270.0,2829800.0,103761270.0,0
2023-02-20,3390.0,3420.0,3345.0,3415.0,22002.0,3420.0,0.0,40025704.0,4140635.0,16850.0,0.0,41650864.0,2502045.0,44169760.0,0
2023-02-21,3420.0,3465.0,3390.0,3435.0,31820.0,0.0,0.0,64647750.0,9966725.0,303935.0,4790885.0,68066740.0,1452915.0,74614470.0,0
2023-02-22,3410.0,3445.0,3380.0,3430.0,15191.0,0.0,0.0,83134310.0,26160840.0,99615.0,4811500.0,104108760.0,275275.0,109295150.0,0
2023-02-23,3430.0,3475.0,3405.0,3475.0,36055.0,92610.0,0.0,49219670.0,2521120.0,61740.0,0.0,46874696.0,4896965.0,51833400.0,0
2023-02-24,3475.0,3485.0,3425.0,3460.0,16173.0,268025.0,0.0,113597180.0,10358965.0,41700.0,0.0,100261640.0,23920830.0,124224170.0,0
2023-02-27,3425.0,3460.0,3385.0,3440.0,21441.0,48440.0,0.0,55198560.0,532495.0,10380.0,0.0,36449900.0,19319216.0,55779496.0,0
2023-02-28,3445.0,3450.0,3380.0,3435.0,22949.0,147920.0,0.0,72884530.0,115430.0,0.0,0.0,63168460.0,9979415.0,73147870.0,0
2023-03-02,3425.0,3445.0,3385.0,3420.0,22713.0,51460.0,0.0,78007280.0,98670.0,0.0,0.0,74194710.0,3962695.0,78157410.0,0
2023-03-03,3420.0,3420.0,3350.0,3375.0,20581.0,27345.0,0.0,68349700.0,9198935.0,144060.0,0.0,66901850.0,10530065.0,77575976.0,0
2023-03-06,3385.0,3390.0,3340.0,3360.0,14991.0,0.0,0.0,60204760.0,9428000.0,13500.0,0.0,66617500.0,3001760.0,69632760.0,0
2023-03-07,3340.0,3395.0,3330.0,3340.0,37909.0,47040.0,0.0,44516260.0,5951620.0,6720.0,0.0,36040170.0,14468030.0,50514920.0,0
2023-03-08,3360.0,3415.0,3330.0,3340.0,11413.0,288825.0,0.0,92644050.0,34243450.0,0.0,0.0,127048570.0,127760.0,127176330.0,0
2023-03-09,3350.0,3385.0,3330.0,3340.0,12148.0,3340.0,0.0,37217260.0,1216655.0,0.0,0.0,28498084.0,9939170.0,38437256.0,0
2023-03-10,3340.0,3360.0,3260.0,3260.0,39781.0,127010.0,0.0,39760736.0,803100.0,0.0,0.0,33516450.0,7174395.0,40690844.0,0
2023-03-13,3240.0,3240.0,3150.0,3210.0,29653.0,0.0,0.0,128902730.0,2223200.0,39120.0,0.0,94292090.0,36794716.0,131125930.0,0
2023-03-14,3210.0,3260.0,3100.0,3105.0,33848.0,3200.0,0.0,88160980.0,6645825.0,38520.0,0.0,89842040.0,4929440.0,94810000.0,0
2023-03-15,3160.0,3245.0,3145.0,3200.0,10947.0,0.0,0.0,98396630.0,8448575.0,990265.0,0.0,86912790.0,18942150.0,106845210.0,0
2023-03-16,3210.0,3230.0,3115.0,3160.0,15758.0,3175.0,0.0,33729300.0,1132815.0,246370.0,0.0,30294856.0,4324065.0,34865290.0,0
2023-03-17,3185.0,3235.0,3165.0,3200.0,18988.0,6360.0,0.0,48966616.0,996885.0,104280.0,0.0,37455544.0,12410035.0,49969860.0,0
2023-03-20,3210.0,3255.0,3195.0,3215.0,9356.0,0.0,0.0,56545970.0,4563895.0,243200.0,0.0,59970990.0,895675.0,61109864.0,0
2023-03-21,3260.0,3260.0,3200.0,3235.0,22514.0,3215.0,0.0,26888356.0,3305415.0,118955.0,325000.0,28215680.0,1537350.0,30196984.0,0
2023-03-22,3235.0,3255.0,3175.0,3180.0,26913.0,0.0,0.0,69249050.0,3431065.0,90580.0,0.0,56962860.0,15626670.0,72680110.0,0
2023-03-23,3175.0,3235.0,3145.0,3205.0,10069.0,3210.0,0.0,82269190.0,3947030.0,63600.0,0.0,82540970.0,3614865.0,86219430.0,0
2023-03-24,3160.0,3205.0,3155.0,3200.0,15240.0,3170.0,0.0,31689456.0,231625.0,472880.0,0.0,28538450.0,2912920.0,31924250.0,0
2023-03-27,3265.0,3270.0,3115.0,3135.0,28766.0,3200.0,0.0,47712140.0,739845.0,54400.0,0.0,45574284.0,2826500.0,48455184.0,0
2023-03-28,3130.0,3180.0,3100.0,3150.0,96380.0,0.0,0.0,90429340.0,40855.0,34485.0,0.0,80720200.0,9715515.0,90470200.0,0
2023-03-29,3150.0,3185.0,3120.0,3170.0,37007.0,0.0,0.0,278595000.0,24114256.0,34650.0,0.0,297340670.0,5333955.0,302709280.0,0
2023-03-30,3165.0,3205.0,3160.0,3195.0,17691.0,0.0,0.0,76269260.0,40203730.0,747495.0,0.0,114324610.0,1400885.0,116472990.0,0
2023-03-31,3210.0,3225.0,3190.0,3190.0,16473.0,9550.0,954000.0,43102264.0,12106375.0,3200.0,0.0,54936940.0,1232050.0,56172190.0,0
2023-04-03,3200.0,3230.0,3170.0,3220.0,14389.0,9570.0,0.0,47546564.0,5265635.0,130790.0,0.0,49804864.0,2886115.0,52821770.0,0
2023-04-04,3220.0,3250.0,3190.0,3230.0,25026.0,9645.0,0.0,39431710.0,6629950.0,90160.0,5380620.0,36363490.0,4237035.0,46071304.0,0
2023-04-05,3200.0,3230.0,3160.0,3205.0,47454.0,19380.0,0.0,65036160.0,15350805.0,226220.0,416025.0,77379610.0,2384495.0,80406344.0,0
2023-04-06,3195.0,3200.0,3140.0,3145.0,20153.0,9600.0,0.0,126881050.0,24350896.0,169655.0,0.0,145382350.0,5689530.0,151241540.0,0
2023-04-07,3145.0,3185.0,3100.0,3145.0,39664.0,157705.0,0.0,62836156.0,813575.0,82175.0,0.0,54336920.0,9388340.0,63807436.0,0
2023-04-10,3145.0,3145.0,3090.0,3120.0,22144.0,3160.0,0.0,123751870.0,595125.0,44030.0,0.0,116939600.0,7366530.0,124350160.0,0
2023-04-11,3135.0,3145.0,3090.0,3100.0,29641.0,0.0,0.0,68513340.0,310000.0,298980.0,0.0,57657816.0,10866550.0,68823340.0,0
2023-04-12,3090.0,3160.0,3090.0,3150.0,44969.0,0.0,0.0,82084550.0,10052625.0,127440.0,0.0,90275450.0,1734290.0,92137176.0,0
2023-04-13,3150.0,3160.0,3110.0,3145.0,28376.0,2505070.0,0.0,105526390.0,32618970.0,242550.0,0.0,139699150.0,708740.0,140650430.0,0
2023-04-14,3140.0,3230.0,3115.0,3180.0,34442.0,0.0,0.0,86637330.0,2342005.0,910215.0,0.0,83600630.0,4468485.0,88979330.0,0
2023-04-17,3180.0,3225.0,3180.0,3215.0,29415.0,0.0,0.0,99185070.0,10610930.0,477790.0,0.0,97739940.0,11578275.0,109796000.0,0
2023-04-18,3215.0,3215.0,3115.0,3180.0,72418.0,6410.0,0.0,77471890.0,16505705.0,311775.0,0.0,91518650.0,2153580.0,93984000.0,0
2023-04-19,3175.0,3240.0,3160.0,3230.0,30074.0,0.0,0.0,202927740.0,25053744.0,1235445.0,0.0,221548660.0,5197390.0,227981490.0,0
2023-04-20,3225.0,3255.0,3190.0,3225.0,69992.0,0.0,0.0,85202380.0,11176880.0,329410.0,0.0,84581500.0,11468355.0,96379260.0,0
2023-04-21,3230.0,3330.0,3210.0,3330.0,107338.0,0.0,0.0,209468290.0,16377355.0,122550.0,0.0,222313000.0,3410105.0,225845650.0,0
2023-04-24,3350.0,3365.0,3225.0,3310.0,102109.0,6460.0,0.0,302002560.0,50177510.0,189390.0,0.0,350304320.0,1692825.0,352186530.0,0
2023-04-25,3310.0,3310.0,3180.0,3205.0,42070.0,0.0,0.0,329694200.0,6558560.0,2098050.0,0.0,252107920.0,82046790.0,336252770.0,0
2023-04-26,3210.0,3210.0,3105.0,3150.0,31154.0,131405.0,0.0,130871850.0,4066205.0,19230.0,0.0,110177520.0,24872710.0,135069460.0,0
2023-04-27,3155.0,3190.0,3140.0,3170.0,15523.0,0.0,0.0,77752500.0,20621450.0,22050.0,0.0,92987330.0,5364575.0,98373950.0,0
2023-04-28,3175.0,3230.0,3175.0,3210.0,15062.0,25360.0,0.0,46029090.0,2971335.0,3170.0,0.0,38906990.0,10115625.0,49025784.0,0
2023-05-02,3220.0,3235.0,3110.0,3230.0,19637.0,300620.0,0.0,47380384.0,519595.0,3190.0,0.0,48024504.0,172905.0,48200600.0,0
2023-05-03,3200.0,3295.0,3200.0,3270.0,16149.0,0.0,0.0,58923810.0,3702610.0,700120.0,0.0,60711956.0,1214345.0,62626420.0,0
2023-05-04,3255.0,3310.0,3210.0,3210.0,44302.0,0.0,0.0,49558500.0,3146120.0,1013555.0,0.0,51049500.0,641565.0,52704620.0,0
2023-05-08,3230.0,3270.0,3220.0,3250.0,14638.0,16050.0,0.0,127686620.0,15765120.0,1320975.0,0.0,140267940.0,1878890.0,143467790.0,0
2023-05-09,3215.0,3260.0,3190.0,3255.0,16029.0,0.0,0.0,39594730.0,7773410.0,590400.0,0.0,45597724.0,1180015.0,47368140.0,0
2023-05-10,3220.0,3300.0,3210.0,3220.0,102493.0,91140.0,0.0,51730896.0,0.0,146475.0,0.0,40995160.0,10680400.0,51822036.0,0
2023-05-11,3215.0,3355.0,3210.0,3335.0,50739.0,28980.0,0.0,275607500.0,58716536.0,0.0,0.0,333110140.0,1242855.0,334353000.0,0
2023-05-12,3325.0,3325.0,3280.0,3310.0,16336.0,156535.0,15075820.0,137918200.0,14548970.0,70035.0,0.0,162786240.0,4843260.0,167699540.0,0
2023-05-15,3275.0,3325.0,3250.0,3315.0,71640.0,248250.0,0.0,53748784.0,9870.0,36410.0,0.0,42019890.0,11950605.0,54006904.0,0
2023-05-16,3320.0,3445.0,3315.0,3440.0,126965.0,0.0,0.0,213862190.0,22128804.0,23145.0,0.0,215353810.0,20614050.0,235991000.0,0
2023-05-17,3440.0,3515.0,3390.0,3515.0,129340.0,0.0,0.0,377948200.0,53899980.0,13760.0,0.0,411273820.0,20560580.0,431848160.0,0
2023-05-18,3500.0,3575.0,3480.0,3520.0,100337.0,0.0,0.0,434619140.0,13776800.0,10545.0,1036410.0,400426800.0,46922144.0,448395900.0,0
2023-05-19,3540.0,3540.0,3420.0,3470.0,84937.0,0.0,0.0,330267620.0,23421156.0,14080.0,0.0,329401630.0,24273070.0,353688770.0,0
2023-05-22,3575.0,3615.0,3480.0,3530.0,132741.0,0.0,0.0,283451840.0,10890890.0,10410.0,0.0,265762800.0,28569536.0,294342750.0,0
2023-05-23,3530.0,3530.0,3410.0,3455.0,58811.0,0.0,0.0,436034530.0,33880580.0,140070.0,17767850.0,379988640.0,72018540.0,469915100.0,0
2023-05-24,3450.0,3510.0,3405.0,3495.0,46131.0,0.0,0.0,192369700.0,10792005.0,323940.0,0.0,186870900.0,15966860.0,203161700.0,0
2023-05-25,3470.0,3485.0,3395.0,3410.0,31954.0,0.0,0.0,111193410.0,48986044.0,34950.0,0.0,150986030.0,9158475.0,160179460.0,0
2023-05-26,3415.0,3440.0,3350.0,3430.0,53809.0,30690.0,0.0,108004780.0,1409100.0,44330.0,0.0,99597210.0,9803035.0,109444570.0,0
2023-05-30,3435.0,3470.0,3410.0,3440.0,27434.0,0.0,344920.0,157817550.0,23841720.0,551555.0,0.0,174073920.0,7378720.0,182004200.0,0
2023-05-31,3445.0,3445.0,3390.0,3410.0,14920.0,2042160.0,0.0,87710820.0,4594880.0,123850.0,0.0,90706610.0,3517400.0,94347860.0,0
2023-06-01,3410.0,3410.0,3345.0,3390.0,29044.0,3425.0,0.0,50931940.0,0.0,204600.0,0.0,42768496.0,7962270.0,50935364.0,0
2023-06-02,3405.0,3450.0,3400.0,3430.0,36404.0,20340.0,0.0,83907600.0,13803740.0,84750.0,0.0,91030460.0,6616465.0,97731680.0,0
2023-06-05,3475.0,3475.0,3415.0,3465.0,30840.0,0.0,0.0,113156980.0,11441580.0,65170.0,0.0,112623660.0,11909725.0,124598550.0,0
2023-06-07,3500.0,3565.0,3465.0,3545.0,93407.0,0.0,0.0,101779930.0,4568745.0,62370.0,0.0,85990950.0,20295350.0,106348670.0,0
2023-06-08,3530.0,3565.0,3465.0,3540.0,48614.0,0.0,0.0,222536130.0,106887550.0,219490.0,0.0,292756000.0,36448180.0,329423680.0,0
2023-06-09,3555.0,3570.0,3510.0,3545.0,27488.0,0.0,0.0,149046560.0,22188024.0,60155.0,51405000.0,99444220.0,20325204.0,171234580.0,0
2023-06-12,3545.0,3570.0,3485.0,3520.0,41063.0,0.0,0.0,97263944.0,0.0,38995.0,0.0,69797590.0,27427356.0,97263944.0,0
2023-06-13,3535.0,3535.0,3455.0,3525.0,26467.0,0.0,0.0,138054110.0,7030055.0,45760.0,0.0,134954750.0,10083665.0,145084180.0,0
2023-06-14,3505.0,3505.0,3440.0,3440.0,23610.0,91290.0,0.0,80000216.0,12140715.0,63450.0,0.0,87406850.0,4761920.0,92232220.0,0
2023-06-15,3445.0,3445.0,3325.0,3410.0,49692.0,1609635.0,0.0,79895930.0,152245.0,61920.0,0.0,65633556.0,15962335.0,81657810.0,0
2023-06-16,3420.0,3440.0,3395.0,3410.0,11440.0,0.0,0.0,138030540.0,29648450.0,47740.0,0.0,164887820.0,2743420.0,167678990.0,0
2023-06-19,3410.0,3510.0,3375.0,3455.0,28828.0,0.0,0.0,36769690.0,2298160.0,54560.0,0.0,35109624.0,3903665.0,39067850.0,0
2023-06-20,3460.0,3490.0,3420.0,3470.0,17270.0,3430.0,0.0,97733910.0,1723350.0,51825.0,0.0,81805810.0,17603056.0,99460690.0,0
2023-06-21,3480.0,3490.0,3410.0,3475.0,31501.0,0.0,0.0,59703976.0,47950.0,41640.0,0.0,50304920.0,9405365.0,59751924.0,0
2023-06-22,3440.0,3480.0,3400.0,3475.0,14408.0,0.0,0.0,107575464.0,865120.0,1227695.0,0.0,98328070.0,8884820.0,108440584.0,0
2023-06-23,3475.0,3525.0,3450.0,3480.0,38341.0,0.0,0.0,48903004.0,825555.0,34690.0,0.0,40203450.0,9490420.0,49728560.0,0
2023-06-26,3530.0,3530.0,3435.0,3480.0,42641.0,0.0,0.0,130501720.0,3613400.0,97440.0,0.0,103335900.0,30681780.0,134115120.0,0
2023-06-27,3495.0,3495.0,3435.0,3450.0,27922.0,0.0,0.0,128061160.0,19945916.0,31320.0,0.0,137833010.0,10142745.0,148007070.0,0
2023-06-28,3455.0,3485.0,3405.0,3480.0,22666.0,0.0,0.0,81788440.0,14788570.0,10350.0,0.0,94188380.0,2378280.0,96577010.0,0
2023-06-29,3485.0,3485.0,3390.0,3470.0,28810.0,4363920.0,0.0,56612920.0,16959390.0,17400.0,0.0,70932740.0,6986090.0,77936230.0,0
2023-06-30,3450.0,3450.0,3400.0,3405.0,13274.0,0.0,0.0,82028550.0,16877530.0,10410.0,0.0,87680970.0,11214705.0,98906090.0,0
2023-07-03,3445.0,3460.0,3395.0,3420.0,17225.0,0.0,0.0,43873140.0,1433595.0,10215.0,0.0,43243424.0,2053095.0,45306736.0,0
2023-07-04,3420.0,3440.0,3365.0,3440.0,28528.0,0.0,0.0,51700190.0,7149645.0,37620.0,0.0,51821020.0,6991195.0,58849836.0,0
2023-07-05,3440.0,3440.0,3360.0,3385.0,33041.0,0.0,0.0,92738904.0,4349265.0,3440.0,0.0,91270200.0,5814530.0,97088170.0,0
2023-07-06,3435.0,3435.0,3275.0,3300.0,40492.0,0.0,0.0,105297630.0,6640870.0,0.0,0.0,99950136.0,11988365.0,111938500.0,0
2023-07-07,3265.0,3300.0,3230.0,3300.0,31563.0,0.0,0.0,124233340.0,9818175.0,39600.0,0.0,119269240.0,14742675.0,134051510.0,0
2023-07-10,3280.0,3280.0,3180.0,3240.0,40777.0,10081670.0,0.0,67504056.0,25090400.0,13150.0,0.0,95718616.0,6944360.0,102676130.0,0
2023-07-11,3240.0,3325.0,3230.0,3255.0,12016.0,3425870.0,0.0,121104456.0,6814830.0,0.0,0.0,115110540.0,16234610.0,131345150.0,0
2023-07-12,3285.0,3300.0,3175.0,3230.0,16010.0,0.0,0.0,38169010.0,1076800.0,101005.0,0.0,30735064.0,8409740.0,39245810.0,0
2023-07-13,3290.0,3290.0,3225.0,3240.0,8372.0,0.0,0.0,50833276.0,923700.0,109860.0,0.0,43748324.0,7898790.0,51756976.0,0
2023-07-14,3280.0,3280.0,3195.0,3240.0,18220.0,0.0,0.0,26971280.0,178125.0,1704445.0,0.0,18657596.0,6787365.0,27149404.0,0
2023-07-17,3360.0,3435.0,3320.0,3365.0,91116.0,0.0,0.0,53693260.0,4867790.0,80860.0,0.0,42981104.0,15499085.0,58561050.0,0
2023-07-18,3385.0,3395.0,3265.0,3290.0,30450.0,23380.0,0.0,272171870.0,35149356.0,90820.0,0.0,259190800.0,48062980.0,307344600.0,0
2023-07-19,3275.0,3300.0,3190.0,3255.0,58076.0,0.0,0.0,100526220.0,119585.0,640435.0,0.0,75810830.0,24194544.0,100645810.0,0
2023-07-20,3250.0,3260.0,3190.0,3235.0,48700.0,0.0,0.0,152765540.0,34323004.0,3420300.0,0.0,174500200.0,9168050.0,187088530.0,0
2023-07-21,3200.0,3220.0,3150.0,3180.0,31275.0,0.0,0.0,144113890.0,12805615.0,25880.0,0.0,155087550.0,1806075.0,156919500.0,0
2023-07-24,3180.0,3215.0,3090.0,3180.0,54792.0,2292145.0,0.0,96656180.0,550400.0,0.0,0.0,73680344.0,25818376.0,99498720.0,0
2023-07-25,3165.0,3175.0,2985.0,2985.0,104347.0,89000.0,475760.0,167670780.0,3407410.0,0.0,0.0,142998900.0,28644064.0,171642960.0,0
2023-07-26,2985.0,2985.0,2775.0,2880.0,276004.0,47760.0,0.0,255023900.0,62497470.0,0.0,0.0,297716300.0,19852864.0,317569150.0,0
2023-07-27,2835.0,2985.0,2835.0,2945.0,47571.0,23040.0,421500.0,650029600.0,127743350.0,0.0,0.0,726787100.0,51430364.0,778217500.0,0
2023-07-28,2945.0,3080.0,2940.0,3065.0,47299.0,56100804.0,0.0,45379720.0,38036580.0,53460.0,0.0,138739070.0,724570.0,139517100.0,0
2023-07-31,3100.0,3100.0,3050.0,3095.0,35812.0,55117916.0,0.0,65112560.0,22834436.0,33715.0,0.0,131489300.0,11541895.0,143064910.0,0
2023-08-01,3095.0,3120.0,3085.0,3120.0,36246.0,40165.0,0.0,99215700.0,10829745.0,18545.0,6130.0,108297544.0,1763390.0,110085610.0,0
2023-08-02,3120.0,3140.0,3070.0,3090.0,39726.0,34070.0,0.0,83497940.0,28615710.0,15600.0,0.0,112030300.0,101810.0,112147710.0,0
2023-08-03,3090.0,3140.0,3070.0,3140.0,46980.0,31119316.0,7522580.0,71168536.0,13487345.0,18540.0,0.0,119990100.0,3289135.0,123297780.0,0
2023-08-04,3155.0,3180.0,3135.0,3145.0,20901.0,31238896.0,0.0,74370184.0,40386770.0,15700.0,0.0,141815710.0,4164440.0,145995860.0,0
2023-08-07,3150.0,3165.0,3110.0,3160.0,24781.0,15813075.0,0.0,49466350.0,802340.0,18870.0,0.0,59623350.0,6439545.0,66081764.0,0
2023-08-08,3145.0,3160.0,3095.0,3105.0,32305.0,6305.0,0.0,57049256.0,20708660.0,18960.0,0.0,70261520.0,7483740.0,77764220.0,0
2023-08-09,3085.0,3115.0,3060.0,3110.0,31546.0,0.0,0.0,91687070.0,9162125.0,43470.0,0.0,93466510.0,7339215.0,100849190.0,0
2023-08-10,3110.0,3135.0,3095.0,3125.0,30244.0,40235.0,0.0,72458410.0,24747264.0,12440.0,0.0,95640010.0,1593455.0,97245900.0,0
2023-08-11,3125.0,3150.0,3095.0,3140.0,19902.0,747545.0,0.0,57158416.0,36068276.0,28687320.0,0.0,60000740.0,5286175.0,93974230.0,0
2023-08-14,3130.0,3130.0,3040.0,3090.0,46311.0,1029335.0,0.0,43534256.0,17636256.0,5114610.0,0.0,56569964.0,515270.0,62199844.0,0
2023-08-16,3050.0,3065.0,2945.0,2945.0,73144.0,0.0,0.0,124149224.0,18548350.0,2222430.0,0.0,128040530.0,12434620.0,142697570.0,0
2023-08-17,2945.0,2985.0,2865.0,2975.0,45398.0,5910.0,0.0,205452260.0,12570210.0,2179745.0,0.0,156820670.0,59027944.0,218028370.0,0
2023-08-18,2915.0,2985.0,2890.0,2935.0,18581.0,99525.0,0.0,106567320.0,24959440.0,1315925.0,0.0,117846810.0,12463555.0,131626290.0,0
2023-08-21,2935.0,3000.0,2925.0,2960.0,24029.0,26701524.0,0.0,22417864.0,5538710.0,67505.0,0.0,38748480.0,15842115.0,54658100.0,0
2023-08-22,2990.0,2990.0,2915.0,2925.0,15006.0,21628600.0,0.0,36424784.0,12971495.0,29595.0,0.0,61474456.0,9520830.0,71024880.0,0
2023-08-23,2915.0,2975.0,2905.0,2975.0,28035.0,0.0,0.0,44100376.0,0.0,14625.0,0.0,36548856.0,7536895.0,44100376.0,0
2023-08-24,2955.0,2990.0,2955.0,2980.0,13647.0,2915.0,0.0,72766250.0,9289990.0,11900.0,0.0,75256750.0,6790500.0,82059150.0,0
2023-08-25,2975.0,2975.0,2915.0,2955.0,26351.0,0.0,0.0,39198756.0,1322355.0,11920.0,0.0,32809660.0,7699530.0,40521110.0,0
2023-08-28,2960.0,3000.0,2915.0,2995.0,23761.0,76830.0,0.0,72090330.0,5200940.0,9369795.0,0.0,60704436.0,7293865.0,77368100.0,0
2023-08-29,3000.0,3020.0,2975.0,2980.0,17036.0,2920.0,0.0,62818870.0,7557435.0,8985.0,0.0,64782064.0,5588175.0,70379224.0,0
2023-08-30,2985.0,3050.0,2965.0,3025.0,22591.0,0.0,0.0,50616356.0,359890.0,8940.0,0.0,37516240.0,13451065.0,50976244.0,0
2023-08-31,3030.0,3040.0,2985.0,2995.0,14206.0,0.0,0.0,67527850.0,113940.0,9075.0,0.0,50101764.0,17530944.0,67641784.0,0
2023-09-01,2995.0,3000.0,2940.0,2950.0,24110.0,0.0,0.0,42518736.0,63210.0,47920.0,0.0,34114224.0,8419800.0,42581944.0,0
2023-09-04,2950.0,2955.0,2895.0,2920.0,34629.0,0.0,0.0,70260904.0,1371030.0,61950.0,0.0,42679204.0,28890780.0,71631940.0,0
2023-09-05,2925.0,2940.0,2910.0,2935.0,13265.0,91350.0,0.0,93485020.0,7682880.0,280420.0,4315760.0,81577640.0,15085435.0,101259256.0,0
2023-09-06,2930.0,2935.0,2895.0,2925.0,27778.0,0.0,0.0,38336440.0,379470.0,61595.0,0.0,24237530.0,14416785.0,38715910.0,0
2023-09-07,2895.0,2910.0,2850.0,2855.0,36556.0,0.0,0.0,80943830.0,0.0,32175.0,0.0,58009420.0,22902240.0,80943830.0,0
2023-09-08,2995.0,3070.0,2925.0,3065.0,209050.0,0.0,0.0,101029330.0,4097670.0,22840.0,0.0,86479210.0,18624944.0,105126990.0,0
2023-09-11,3085.0,3095.0,2975.0,3010.0,53035.0,0.0,321300.0,590122600.0,34807464.0,18390.0,0.0,477585470.0,147647570.0,625251400.0,0
2023-09-12,3025.0,3040.0,2960.0,3040.0,34014.0,0.0,0.0,158233980.0,3271565.0,15050.0,0.0,112929080.0,48561420.0,161505550.0,0
2023-09-13,3040.0,3085.0,3000.0,3000.0,36669.0,60555.0,0.0,101493816.0,1186845.0,9120.0,0.0,84700620.0,18031470.0,102741220.0,0
2023-09-14,3000.0,3040.0,2975.0,3005.0,19126.0,0.0,0.0,102663430.0,8865280.0,9000.0,0.0,104142990.0,7376715.0,111528710.0,0
2023-09-15,3005.0,3025.0,2930.0,2980.0,39415.0,350995.0,0.0,52073570.0,4889140.0,152710.0,0.0,53960140.0,3200855.0,57313704.0,0
2023-09-18,2955.0,3000.0,2935.0,3000.0,15189.0,32625.0,0.0,107525750.0,9257945.0,65555.0,0.0,114422910.0,2327855.0,116816330.0,0
2023-09-19,2980.0,2995.0,2930.0,2985.0,22222.0,0.0,0.0,42768790.0,2375095.0,21000.0,0.0,44828340.0,294545.0,45143884.0,0
2023-09-20,2980.0,2985.0,2940.0,2985.0,18394.0,0.0,0.0,64246000.0,1415230.0,14925.0,0.0,61561076.0,4085230.0,65661230.0,0
2023-09-21,2955.0,2975.0,2905.0,2915.0,45875.0,0.0,0.0,53728956.0,795925.0,872445.0,0.0,39590350.0,14062085.0,54524880.0,0
2023-09-22,2910.0,2930.0,2875.0,2915.0,59921.0,265880.0,0.0,120504800.0,13143050.0,14575.0,0.0,128348780.0,5550375.0,133913730.0,0
2023-09-25,2910.0,2940.0,2865.0,2870.0,34716.0,107865.0,0.0,171924700.0,1310800.0,136865.0,0.0,170295360.0,2911135.0,173343360.0,0
2023-09-26,2870.0,2890.0,2800.0,2800.0,44660.0,86150.0,0.0,95787560.0,4073080.0,28700.0,0.0,94000450.0,5917645.0,99946790.0,0
2023-09-27,2780.0,2850.0,2775.0,2815.0,11320.0,184600.0,0.0,121855170.0,4072920.0,8400.0,0.0,116316090.0,9788200.0,126112690.0,0
2023-10-04,2815.0,2815.0,2755.0,2785.0,12735.0,244510.0,0.0,30352270.0,1220230.0,2815.0,0.0,28537440.0,3276755.0,31817010.0,0
2023-10-05,2780.0,2840.0,2765.0,2765.0,12803.0,63920.0,60610.0,33189176.0,2015460.0,0.0,0.0,25957424.0,9371740.0,35329164.0,0
2023-10-06,2765.0,2840.0,2765.0,2775.0,5653.0,8405.0,0.0,35642636.0,304110.0,58065.0,0.0,26974160.0,8922925.0,35955150.0,0
2023-10-10,2805.0,2835.0,2745.0,2805.0,27669.0,53010.0,0.0,15703310.0,22400.0,0.0,0.0,14465260.0,1313460.0,15778720.0,0
2023-10-11,2780.0,2835.0,2780.0,2830.0,3710.0,11280.0,8265.0,75207980.0,1551090.0,2805.0,0.0,75587630.0,1188180.0,76778616.0,0
2023-10-12,2805.0,2850.0,2805.0,2830.0,12886.0,0.0,0.0,10460950.0,0.0,5660.0,0.0,10410250.0,45040.0,10460950.0,0
2023-10-13,2835.0,2840.0,2800.0,2835.0,4060.0,0.0,0.0,35228764.0,1157315.0,5660.0,0.0,36380420.0,0.0,36386080.0,0
2023-10-16,2845.0,2870.0,2795.0,2800.0,23405.0,0.0,0.0,11479880.0,0.0,5670.0,0.0,9875470.0,1598740.0,11479880.0,0
2023-10-17,2790.0,2835.0,2790.0,2805.0,10889.0,8455.0,0.0,64292704.0,1463770.0,2800.0,0.0,62343770.0,3418360.0,65764930.0,0
2023-10-18,2830.0,2835.0,2795.0,2810.0,7652.0,36470.0,0.0,25766430.0,4768900.0,2805.0,0.0,30563350.0,5645.0,30571800.0,0
2023-10-19,2840.0,2960.0,2755.0,2840.0,31178.0,2810.0,0.0,21149690.0,307660.0,0.0,0.0,20893316.0,566845.0,21460160.0,0
2023-10-20,2840.0,2960.0,2770.0,2790.0,55236.0,22595.0,0.0,84889450.0,2440370.0,0.0,0.0,75126264.0,12226145.0,87352410.0,0
2023-10-23,2745.0,2805.0,2720.0,2780.0,39655.0,39060.0,0.0,155587490.0,320295.0,0.0,0.0,145038500.0,10908350.0,155946850.0,0
2023-10-24,2825.0,2825.0,2740.0,2750.0,17845.0,2755.0,0.0,106634490.0,2887525.0,0.0,0.0,87778250.0,21746520.0,109524770.0,0
2023-10-25,2780.0,2900.0,2765.0,2815.0,24537.0,46915.0,0.0,47564950.0,1783080.0,0.0,0.0,44597384.0,4797560.0,49394944.0,0
2023-10-26,2815.0,2820.0,2735.0,2775.0,17893.0,180330.0,0.0,59975784.0,9297550.0,0.0,0.0,67768930.0,1684735.0,69453660.0,0
2023-10-27,2780.0,2815.0,2770.0,2805.0,13419.0,234490.0,0.0,46476136.0,2599640.0,0.0,0.0,46148150.0,3162115.0,49310264.0,0
2023-10-30,2810.0,2825.0,2780.0,2810.0,7756.0,81155.0,0.0,36518244.0,964840.0,0.0,0.0,33668176.0,3896065.0,37564240.0,0
2023-10-31,2815.0,2910.0,2790.0,2815.0,35805.0,59020.0,0.0,21394144.0,354650.0,0.0,0.0,17425516.0,4382300.0,21807816.0,0
2023-11-01,2815.0,2850.0,2775.0,2825.0,30235.0,25340.0,0.0,94556770.0,7267515.0,0.0,0.0,99458376.0,2391250.0,101849624.0,0
2023-11-02,2865.0,2865.0,2795.0,2825.0,36705.0,19745.0,0.0,80796300.0,3855250.0,0.0,0.0,84526584.0,144710.0,84671300.0,0
2023-11-03,2840.0,2900.0,2825.0,2845.0,15353.0,11315.0,0.0,80985630.0,22406480.0,0.0,0.0,101620310.0,1783115.0,103403430.0,0
2023-11-06,2845.0,2885.0,2800.0,2850.0,61033.0,2845.0,0.0,35460430.0,8197240.0,0.0,0.0,40770096.0,2890420.0,43660516.0,0
2023-11-07,2900.0,3420.0,2840.0,3420.0,5779274.0,125360.0,0.0,167448940.0,5330140.0,2845.0,0.0,147456670.0,25444930.0,172904450.0,1
2023-11-08,3155.0,3320.0,3025.0,3100.0,1455277.0,3582100.0,63826760.0,18577332000.0,129045970.0,40195.0,42334550.0,18549490000.0,181922850.0,18773787000.0,1
2023-11-09,3100.0,3135.0,2920.0,3080.0,682837.0,0.0,35295300.0,4176294000.0,426546530.0,3448170.0,6140000.0,4499266600.0,129280870.0,4638136000.0,1
2023-11-10,3075.0,3240.0,2920.0,2950.0,1291112.0,1745405.0,33193400.0,1901614000.0,109403040.0,400795.0,3251330.0,1752371500.0,289932260.0,2045955800.0,1
2023-11-13,2995.0,3005.0,2895.0,2915.0,178195.0,2960.0,23123950.0,3857051100.0,106816590.0,1690985.0,21638610.0,3683985400.0,279679740.0,3986994700.0,0
2023-11-14,2915.0,3000.0,2915.0,2990.0,119626.0,2965.0,8940.0,468567740.0,56046644.0,146720.0,1238490.0,503707170.0,19533920.0,524626270.0,0
2023-11-15,2995.0,3025.0,2970.0,3020.0,182806.0,2965.0,0.0,263251740.0,91611670.0,109880.0,11860.0,348254140.0,6490495.0,354866370.0,0
2023-11-16,3020.0,3030.0,2940.0,2980.0,105469.0,99050.0,0.0,482243070.0,65836950.0,39000.0,0.0,520899800.0,27240264.0,548179100.0,0
2023-11-17,2980.0,3000.0,2915.0,2955.0,95279.0,29820.0,0.0,283365630.0,29661100.0,231885.0,106650.0,294299200.0,18418804.0,313056540.0,0
2023-11-20,2960.0,3060.0,2940.0,3035.0,189410.0,11780.0,0.0,248640740.0,32293124.0,303415.0,0.0,259668400.0,20973830.0,280945630.0,0
2023-11-21,3040.0,3055.0,2995.0,3045.0,79169.0,0.0,10677000.0,479367940.0,82946380.0,30350.0,0.0,510869380.0,62091596.0,572991300.0,0
2023-11-22,3040.0,3040.0,2980.0,3000.0,40282.0,0.0,0.0,191200690.0,48344010.0,9135.0,0.0,225153280.0,14382280.0,239544690.0,0
2023-11-23,3000.0,3020.0,2980.0,3005.0,112590.0,153405.0,0.0,106754810.0,14174360.0,6000.0,0.0,109401990.0,11674580.0,121082570.0,0
2023-11-24,3010.0,3010.0,2950.0,2960.0,93518.0,27080.0,0.0,269693400.0,67916040.0,6010.0,3000045.0,319147650.0,15482820.0,337636500.0,0
2023-11-27,2965.0,3010.0,2950.0,2950.0,56500.0,29620.0,0.0,277169730.0,932630.0,0.0,0.0,236937020.0,41194950.0,278131970.0,0
2023-11-28,2950.0,2970.0,2920.0,2950.0,57300.0,0.0,0.0,156496510.0,11656230.0,2950.0,0.0,133596350.0,34553444.0,168152750.0,0
2023-11-29,2950.0,2955.0,2915.0,2955.0,42777.0,0.0,0.0,145373940.0,22996810.0,41225.0,0.0,157263330.0,11066195.0,168370740.0,0
2023-11-30,2930.0,2955.0,2915.0,2955.0,37542.0,8840.0,0.0,118593416.0,6835245.0,0.0,0.0,92219610.0,33217896.0,125437500.0,0
2023-12-01,2955.0,2965.0,2905.0,2940.0,69283.0,0.0,0.0,93355704.0,16725390.0,2955.0,4638190.0,85531130.0,19908824.0,110081096.0,0
2023-12-04,2950.0,2950.0,2915.0,2945.0,33382.0,5870.0,0.0,180209400.0,22073604.0,5880.0,0.0,182377400.0,19905590.0,202288880.0,0
2023-12-05,2945.0,2960.0,2920.0,2920.0,61664.0,0.0,0.0,94104670.0,3692515.0,11780.0,0.0,91878470.0,5906935.0,97797180.0,0
2023-12-06,2920.0,2945.0,2915.0,2925.0,33253.0,0.0,19730500.0,144372140.0,16590715.0,11680.0,0.0,171490480.0,9191195.0,180693360.0,0
2023-12-07,2940.0,2940.0,2910.0,2915.0,32933.0,0.0,0.0,94318860.0,3245235.0,49825.0,0.0,80003890.0,17510380.0,97564100.0,0
2023-12-08,2920.0,2955.0,2920.0,2925.0,20095.0,0.0,0.0,87710420.0,8446760.0,14575.0,0.0,78720050.0,17422560.0,96157180.0,0
2023-12-11,2925.0,2960.0,2925.0,2945.0,28771.0,487250.0,0.0,50946430.0,7566550.0,0.0,0.0,44892230.0,14108000.0,59000230.0,0
2023-12-12,2950.0,2950.0,2930.0,2935.0,17879.0,97295.0,0.0,82255384.0,2209465.0,0.0,0.0,80949350.0,3612795.0,84562140.0,0
2023-12-13,2940.0,2940.0,2915.0,2920.0,32309.0,38155.0,0.0,52444880.0,5880.0,0.0,0.0,44339940.0,8148975.0,52488916.0,0
2023-12-14,2920.0,2960.0,2915.0,2935.0,27673.0,274915.0,0.0,94135060.0,0.0,0.0,0.0,75397976.0,19012000.0,94409976.0,0
2023-12-15,2940.0,2965.0,2925.0,2950.0,57589.0,149480.0,0.0,80769170.0,43885.0,21164876.0,0.0,41483596.0,18314060.0,80962530.0,0
2023-12-18,2930.0,2985.0,2930.0,2960.0,48711.0,188530.0,0.0,168628820.0,1163550.0,0.0,0.0,151264450.0,18716460.0,169980900.0,0
2023-12-19,2965.0,3000.0,2950.0,2990.0,46667.0,127280.0,0.0,107468570.0,36644264.0,0.0,0.0,137169860.0,7070260.0,144240110.0,0
2023-12-20,2995.0,2995.0,2940.0,2980.0,25370.0,267990.0,0.0,136927200.0,1537385.0,1575730.0,0.0,129138104.0,8018740.0,138732580.0,0
2023-12-21,2980.0,2980.0,2950.0,2955.0,36936.0,579160.0,0.0,74275940.0,326685.0,0.0,0.0,71902970.0,3278810.0,75181780.0,0
2023-12-22,2965.0,3035.0,2955.0,3025.0,87081.0,218875.0,0.0,106561944.0,2911620.0,1081680.0,0.0,95345340.0,13265420.0,109692440.0,0
2023-12-26,3025.0,3040.0,3000.0,3040.0,49786.0,127050.0,0.0,259749280.0,2104550.0,18145.0,0.0,242664960.0,19297764.0,261980880.0,0
2023-12-27,3010.0,3010.0,2915.0,2920.0,66433.0,88160.0,0.0,150181120.0,0.0,0.0,0.0,138933470.0,11335795.0,150269280.0,0
2023-12-28,2920.0,2930.0,2915.0,2930.0,13942.0,477890.0,0.0,186859310.0,7832315.0,17625.0,0.0,144226100.0,50925784.0,195169500.0,0
2024-01-02,2940.0,2945.0,2915.0,2945.0,20564.0,87895.0,0.0,40482640.0,181660.0,717795.0,0.0,32113340.0,7921060.0,40752196.0,0
2024-01-03,2920.0,2950.0,2915.0,2950.0,21195.0,255060.0,0.0,55342064.0,4497095.0,155075.0,0.0,53068700.0,6870445.0,60094220.0,0
2024-01-04,2955.0,2970.0,2935.0,2960.0,29342.0,5880.0,0.0,45312110.0,16872180.0,627790.0,0.0,60368060.0,1194320.0,62190170.0,0
2024-01-05,2955.0,2965.0,2930.0,2955.0,29402.0,26994330.0,0.0,48306816.0,11181475.0,27491280.0,0.0,57536844.0,1454495.0,86482620.0,0
2024-01-08,2955.0,2975.0,2930.0,2975.0,28050.0,0.0,0.0,86626930.0,5910.0,298240.0,0.0,60415920.0,25918676.0,86632830.0,0
2024-01-09,2960.0,2975.0,2950.0,2975.0,18165.0,6979700.0,0.0,73911810.0,2036915.0,7204015.0,0.0,71628100.0,4096315.0,82928424.0,0
2024-01-10,2975.0,3005.0,2940.0,2990.0,47704.0,919275.0,0.0,52913256.0,8875.0,1180645.0,0.0,50214324.0,2446435.0,53841404.0,0
2024-01-11,2985.0,2995.0,2970.0,2970.0,11509.0,8675970.0,0.0,132135680.0,1201755.0,8803600.0,0.0,120042490.0,13167315.0,142013400.0,0
2024-01-12,2965.0,2990.0,2940.0,2975.0,31579.0,2990.0,0.0,34323044.0,0.0,118800.0,0.0,28432684.0,5774550.0,34326036.0,0
2024-01-15,2975.0,2975.0,2950.0,2970.0,16652.0,5904970.0,0.0,87457300.0,331810.0,5106390.0,0.0,75651330.0,12936360.0,93694070.0,0
2024-01-16,2945.0,2975.0,2945.0,2960.0,14549.0,1599795.0,0.0,46682680.0,1094875.0,930005.0,0.0,48052080.0,395265.0,49377350.0,0
2024-01-17,2945.0,2960.0,2880.0,2900.0,86922.0,3556070.0,0.0,39463456.0,0.0,2518960.0,0.0,38929084.0,1571480.0,43019524.0,0
2024-01-18,2900.0,2930.0,2895.0,2915.0,24479.0,63539350.0,2032900.0,169428720.0,18238944.0,63206590.0,0.0,159174370.0,30858960.0,253239920.0,0
2024-01-19,2900.0,2935.0,2900.0,2910.0,8395.0,2998560.0,0.0,57099624.0,11017890.0,4679435.0,0.0,58007010.0,8429630.0,71116070.0,0
2024-01-22,2895.0,2925.0,2885.0,2920.0,15231.0,32080.0,0.0,24340916.0,40810.0,58230.0,0.0,22962290.0,1393285.0,24413804.0,0
2024-01-23,2920.0,2920.0,2895.0,2915.0,14909.0,0.0,0.0,43866860.0,226200.0,64120.0,0.0,38092116.0,5936825.0,44093060.0,0
2024-01-24,2915.0,2915.0,2850.0,2875.0,58242.0,422820.0,0.0,42785600.0,84100.0,682040.0,0.0,39674784.0,2935695.0,43292520.0,0
2024-01-25,2875.0,2905.0,2845.0,2905.0,20333.0,20551404.0,0.0,133082584.0,13855050.0,20442580.0,0.0,131875470.0,15170985.0,167489040.0,0
2024-01-26,2875.0,2930.0,2875.0,2915.0,11921.0,776285.0,0.0,56435836.0,1047700.0,238040.0,0.0,56100444.0,1921335.0,58259820.0,0
2024-01-29,2915.0,2915.0,2880.0,2910.0,12778.0,43610.0,0.0,31866244.0,2717300.0,2225520.0,0.0,29261530.0,3140105.0,34627156.0,0
2024-01-30,2910.0,2920.0,2875.0,2920.0,10949.0,4028660.0,0.0,28606230.0,4348885.0,2856175.0,0.0,31643650.0,2483950.0,36983776.0,0
2024-01-31,2910.0,2935.0,2880.0,2935.0,19824.0,155520.0,0.0,31227096.0,341885.0,20325.0,0.0,26444340.0,5259835.0,31724500.0,0
2024-02-01,2915.0,2960.0,2900.0,2960.0,18983.0,4719375.0,0.0,52819400.0,0.0,6037565.0,0.0,44497116.0,7004095.0,57538776.0,0
2024-02-02,2945.0,2980.0,2935.0,2975.0,32716.0,0.0,0.0,55692990.0,43725.0,428260.0,0.0,51637830.0,3670625.0,55736716.0,0
2024-02-05,2960.0,2975.0,2935.0,2965.0,31129.0,8785100.0,0.0,75869976.0,12053405.0,8670725.0,0.0,83895900.0,4141850.0,96708480.0,0
2024-02-06,2960.0,2970.0,2935.0,2965.0,26522.0,38545.0,0.0,91621070.0,256565.0,85850.0,0.0,88174024.0,3656310.0,91916184.0,0
2024-02-07,2965.0,2965.0,2930.0,2960.0,17477.0,11811805.0,0.0,55087764.0,11378080.0,11178325.0,0.0,65734840.0,1364485.0,78277650.0,0
2024-02-08,2955.0,2960.0,2940.0,2960.0,6480.0,100360.0,0.0,50606644.0,726200.0,668900.0,0.0,42768124.0,7996180.0,51433204.0,0
2024-02-13,2935.0,2980.0,2935.0,2970.0,18736.0,20675.0,0.0,18690404.0,377470.0,229875.0,0.0,13830725.0,5027950.0,19088550.0,0
2024-02-14,2965.0,2970.0,2935.0,2970.0,14567.0,35640.0,0.0,52709370.0,2664890.0,2590310.0,0.0,51635296.0,1184295.0,55409900.0,0
2024-02-15,2970.0,2975.0,2945.0,2975.0,8801.0,2970.0,0.0,41185850.0,1793775.0,0.0,0.0,39611960.0,3370635.0,42982596.0,0
2024-02-16,2950.0,2975.0,2940.0,2945.0,21998.0,0.0,0.0,24690820.0,1394845.0,26775.0,0.0,25928560.0,130330.0,26085664.0,0
2024-02-19,2960.0,2975.0,2940.0,2960.0,8630.0,8383335.0,0.0,51984004.0,4548750.0,6397635.0,0.0,58270616.0,247840.0,64916090.0,0
2024-02-20,2975.0,2975.0,2950.0,2965.0,8645.0,0.0,0.0,21147380.0,4361515.0,133055.0,0.0,25298836.0,77005.0,25508896.0,0
2024-02-21,2955.0,2975.0,2940.0,2945.0,16755.0,0.0,0.0,23784330.0,1814050.0,1838260.0,0.0,22849410.0,910710.0,25598380.0,0
2024-02-22,2940.0,2955.0,2925.0,2950.0,16806.0,8365605.0,0.0,38488064.0,2677150.0,7215795.0,0.0,35294624.0,7020400.0,49530820.0,0
2024-02-23,2950.0,2960.0,2920.0,2920.0,33595.0,0.0,0.0,48134940.0,1223835.0,100220.0,0.0,48279900.0,978655.0,49358776.0,0
2024-02-26,2925.0,2925.0,2890.0,2910.0,14577.0,29339490.0,0.0,68105650.0,973930.0,23813410.0,0.0,73183120.0,1422540.0,98419070.0,0
2024-02-27,2900.0,2910.0,2875.0,2880.0,31215.0,0.0,0.0,41392264.0,890345.0,3848685.0,0.0,35777150.0,2656775.0,42282610.0,0
2024-02-28,2880.0,2910.0,2870.0,2870.0,11278.0,2718720.0,0.0,87554800.0,2880.0,272340.0,0.0,84270460.0,5733595.0,90276400.0,0
2024-02-29,2875.0,2900.0,2875.0,2900.0,10581.0,4089600.0,0.0,27720550.0,668160.0,6375025.0,0.0,25226344.0,876940.0,32478310.0,0
2024-03-04,2875.0,2900.0,2875.0,2895.0,16591.0,1134720.0,0.0,29371216.0,0.0,104375.0,0.0,28853776.0,1547785.0,30505936.0,0
2024-03-05,2895.0,2910.0,2850.0,2910.0,60836.0,37570.0,0.0,47799184.0,0.0,312600.0,0.0,45533924.0,1990230.0,47836756.0,0
2024-03-06,2900.0,2935.0,2890.0,2930.0,31410.0,12731765.0,0.0,161006460.0,895290.0,14612375.0,0.0,145140000.0,14881140.0,174633520.0,0
2024-03-07,2920.0,2920.0,2880.0,2910.0,18437.0,13048315.0,0.0,78093810.0,226005.0,13108930.0,0.0,73138210.0,5120995.0,91368130.0,0
2024-03-08,2900.0,2920.0,2885.0,2920.0,14812.0,3205130.0,0.0,49119140.0,980095.0,2314215.0,0.0,48843220.0,2146930.0,53304364.0,0
2024-03-11,2895.0,2920.0,2890.0,2920.0,4549.0,75445.0,0.0,42735980.0,104580.0,58110.0,0.0,40797100.0,2060795.0,42916004.0,0
2024-03-12,2900.0,2920.0,2855.0,2900.0,26919.0,0.0,0.0,12891045.0,290000.0,26145.0,0.0,12614865.0,540035.0,13181045.0,0
2024-03-13,2900.0,2905.0,2875.0,2905.0,12469.0,3969540.0,0.0,68599120.0,4910565.0,6702670.0,0.0,62759420.0,8017135.0,77479224.0,0
2024-03-14,2900.0,2905.0,2880.0,2900.0,6141.0,288000.0,0.0,35184840.0,518400.0,1137745.0,0.0,33575290.0,1278205.0,35991240.0,0
2024-03-15,2895.0,2900.0,2875.0,2900.0,14058.0,0.0,0.0,17742056.0,5780.0,57980.0,0.0,16392045.0,1297810.0,17747836.0,0
2024-03-18,2895.0,2910.0,2880.0,2910.0,13763.0,49075.0,0.0,40505300.0,17340.0,106970.0,0.0,36653190.0,3811555.0,40571716.0,0
2024-03-19,2910.0,2920.0,2880.0,2900.0,21033.0,2885.0,0.0,39807510.0,37550.0,84130.0,0.0,36598464.0,3165350.0,39847944.0,0
2024-03-20,2895.0,2920.0,2870.0,2920.0,27610.0,43725.0,0.0,61011064.0,0.0,136350.0,0.0,59454070.0,1464370.0,61054790.0,0
2024-03-21,2920.0,2920.0,2880.0,2920.0,38908.0,8383635.0,0.0,70542090.0,764430.0,8382775.0,0.0,71084780.0,222595.0,79690150.0,0
2024-03-22,2910.0,2920.0,2895.0,2920.0,9611.0,24094516.0,0.0,86796420.0,1931800.0,23646016.0,0.0,86863220.0,2313500.0,112822730.0,0
2024-03-25,2920.0,2920.0,2890.0,2890.0,29094.0,0.0,0.0,26133560.0,1827565.0,81540.0,0.0,23859244.0,4020340.0,27961124.0,0
2024-03-26,2890.0,2905.0,2885.0,2895.0,18007.0,0.0,0.0,83331050.0,848190.0,852290.0,0.0,82662900.0,664045.0,84179230.0,0
2024-03-27,2895.0,2910.0,2885.0,2885.0,27775.0,2002770.0,0.0,48885704.0,1183460.0,1339325.0,0.0,50304460.0,428150.0,52071936.0,0
2024-03-28,2900.0,2910.0,2890.0,2900.0,7052.0,5917135.0,0.0,56036244.0,18366124.0,5041465.0,0.0,75124730.0,153310.0,80319500.0,0
2024-03-29,2900.0,2915.0,2890.0,2915.0,38098.0,14500.0,0.0,20466980.0,5800.0,37710.0,0.0,20449570.0,0.0,20487280.0,0
2024-04-01,2905.0,2930.0,2905.0,2930.0,11042.0,4015365.0,0.0,106731210.0,14500.0,1600800.0,0.0,109134180.0,26100.0,110761070.0,0
2024-04-02,2920.0,2930.0,2905.0,2925.0,11884.0,75925.0,0.0,31030984.0,1095605.0,23285.0,0.0,31803716.0,375515.0,32202516.0,0
2024-04-03,2900.0,2925.0,2885.0,2920.0,27219.0,2574065.0,0.0,31680460.0,395235.0,389650.0,0.0,33980076.0,280035.0,34649760.0,0
2024-04-04,2905.0,2930.0,2880.0,2930.0,13132.0,12644000.0,0.0,66221844.0,0.0,17357304.0,0.0,61395360.0,113180.0,78865850.0,0
2024-04-05,2905.0,2930.0,2880.0,2930.0,13394.0,5028920.0,0.0,32177344.0,881105.0,5044085.0,0.0,29978996.0,3064290.0,38087370.0,0
2024-04-08,2915.0,2930.0,2885.0,2930.0,17521.0,11404395.0,0.0,27411390.0,52020.0,7541705.0,0.0,31180250.0,145850.0,38867804.0,0
2024-04-09,2905.0,2935.0,2895.0,2920.0,13573.0,2531640.0,0.0,48399600.0,0.0,8658865.0,0.0,40833804.0,1438570.0,50931240.0,0
2024-04-11,2920.0,2920.0,2900.0,2915.0,3094.0,3381855.0,0.0,36146030.0,0.0,3919815.0,0.0,35013944.0,594125.0,39527884.0,0
2024-04-12,2915.0,2925.0,2900.0,2925.0,5453.0,0.0,0.0,8993440.0,0.0,11650.0,0.0,8040225.0,941565.0,8993440.0,0
2024-04-15,2905.0,2930.0,2895.0,2925.0,11751.0,125475.0,0.0,15748510.0,0.0,428625.0,0.0,14270200.0,1175160.0,15873985.0,0
2024-04-16,2905.0,2920.0,2890.0,2910.0,14880.0,139960.0,0.0,34074960.0,0.0,66995.0,0.0,31274304.0,2873620.0,34214920.0,0
2024-04-17,2910.0,2910.0,2880.0,2900.0,22942.0,130755.0,0.0,43048424.0,0.0,26165.0,0.0,40079780.0,3073235.0,43179180.0,0
2024-04-18,2900.0,2915.0,2885.0,2900.0,22112.0,4186605.0,0.0,62088464.0,0.0,4041465.0,0.0,62028170.0,205435.0,66275070.0,0
2024-04-19,2885.0,2905.0,2880.0,2900.0,16446.0,5777885.0,0.0,58148876.0,0.0,1178325.0,0.0,62681700.0,66735.0,63926760.0,0
2024-04-22,2885.0,2915.0,2885.0,2910.0,4773.0,405655.0,0.0,47074696.0,0.0,2890010.0,0.0,44506384.0,83955.0,47480350.0,0
2024-04-23,2910.0,2955.0,2895.0,2950.0,47376.0,159965.0,0.0,12263220.0,1433440.0,1494345.0,0.0,12295625.0,66655.0,13856625.0,0
2024-04-24,2950.0,2960.0,2925.0,2940.0,25310.0,390575.0,0.0,138743330.0,0.0,173715.0,0.0,138185680.0,774510.0,139133900.0,0
2024-04-25,2950.0,2950.0,2920.0,2945.0,13727.0,12998195.0,0.0,57064560.0,4206585.0,9623660.0,0.0,63890204.0,755475.0,74269340.0,0
2024-04-26,2940.0,2945.0,2910.0,2925.0,24196.0,100070.0,0.0,39377290.0,825700.0,1519590.0,0.0,38771670.0,11800.0,40303060.0,0
2024-04-29,2915.0,2925.0,2905.0,2925.0,18108.0,4104685.0,0.0,63964896.0,2654090.0,1790035.0,0.0,68658584.0,275050.0,70723670.0,0
2024-04-30,2940.0,2940.0,2915.0,2935.0,10359.0,3693025.0,0.0,42816516.0,6328170.0,7620565.0,0.0,45079884.0,137260.0,52837710.0,0
2024-05-02,2915.0,2940.0,2915.0,2940.0,22305.0,9820705.0,0.0,17204500.0,3304220.0,8795.0,0.0,30176570.0,144060.0,30329424.0,0
2024-05-03,2940.0,2950.0,2930.0,2950.0,12648.0,20503116.0,0.0,41809456.0,2876455.0,10168495.0,0.0,54831056.0,189475.0,65189024.0,0
2024-05-07,2960.0,2960.0,2940.0,2960.0,11601.0,9945315.0,0.0,24134136.0,3154625.0,0.0,0.0,37195856.0,38220.0,37234076.0,0
2024-05-08,2945.0,2975.0,2945.0,2970.0,19362.0,9567125.0,0.0,22195064.0,2442215.0,23600.0,0.0,33672130.0,508675.0,34204404.0,0
2024-05-09,2970.0,2975.0,2955.0,2970.0,21297.0,12547490.0,0.0,40138630.0,4636280.0,2648640.0,0.0,53963036.0,710725.0,57322400.0,0
2024-05-10,2970.0,2980.0,2955.0,2975.0,17845.0,10047515.0,0.0,48568184.0,4594020.0,2965.0,0.0,62880224.0,326530.0,63209720.0,0
2024-05-13,2975.0,2995.0,2970.0,2990.0,27268.0,12705725.0,0.0,37547860.0,2689605.0,4079845.0,0.0,44741996.0,4121350.0,52943190.0,0
2024-05-14,2990.0,3010.0,2970.0,3005.0,35311.0,20222390.0,0.0,55568780.0,5446710.0,11930.0,0.0,80627890.0,598065.0,81237880.0,0
2024-05-16,3020.0,3035.0,2985.0,3015.0,30233.0,10067420.0,0.0,92748904.0,3065775.0,60060.0,0.0,105141220.0,680820.0,105882100.0,0
2024-05-17,3020.0,3020.0,2960.0,3000.0,45680.0,45300.0,0.0,84451300.0,6259305.0,48245.0,0.0,88286340.0,2421325.0,90755900.0,0
2024-05-20,3010.0,3015.0,2990.0,3010.0,11200.0,16690990.0,0.0,119245610.0,1634425.0,16498610.0,0.0,117862650.0,3209765.0,137571020.0,0
2024-05-21,2985.0,3010.0,2985.0,2995.0,14726.0,3010.0,0.0,30979476.0,2653035.0,30100.0,0.0,33178050.0,427370.0,33635520.0,0
2024-05-22,2995.0,3020.0,2980.0,3020.0,13642.0,138150.0,0.0,39792950.0,4236155.0,267295.0,0.0,43854960.0,45000.0,44167256.0,0
2024-05-23,3030.0,3030.0,2980.0,3005.0,18942.0,207080.0,0.0,37969656.0,2778375.0,39025.0,0.0,40916084.0,0.0,40955110.0,0
2024-05-24,3005.0,3010.0,2990.0,3005.0,8919.0,12214705.0,0.0,41173300.0,3372290.0,12127430.0,0.0,44460716.0,172150.0,56760296.0,0
2024-05-27,2990.0,3005.0,2970.0,3000.0,17409.0,59955.0,0.0,26565064.0,131840.0,0.0,0.0,26756860.0,0.0,26756860.0,0
2024-05-28,3000.0,3000.0,2975.0,2995.0,7055.0,1994765.0,0.0,46361684.0,3583835.0,1954465.0,0.0,49644390.0,341430.0,51940284.0,0
2024-05-29,3000.0,3005.0,2975.0,2995.0,24158.0,59895.0,0.0,19651624.0,1391660.0,0.0,0.0,21103180.0,0.0,21103180.0,0
2024-05-30,2980.0,3005.0,2975.0,2980.0,26682.0,104675.0,0.0,71064160.0,1059975.0,53830.0,0.0,72091260.0,83720.0,72228810.0,0
2024-05-31,2970.0,2995.0,2950.0,2975.0,46192.0,41800.0,0.0,79631890.0,5970.0,0.0,0.0,79679660.0,0.0,79679660.0,0
2024-06-03,2970.0,3005.0,2970.0,3005.0,30520.0,15745020.0,0.0,116389096.0,5226020.0,12450990.0,0.0,124329560.0,579585.0,137360130.0,0
2024-06-04,3005.0,3015.0,2995.0,3000.0,21447.0,32985.0,0.0,86296270.0,4967580.0,3041470.0,0.0,88081980.0,173390.0,91296840.0,0
2024-06-05,3000.0,3005.0,2980.0,3005.0,12607.0,15000.0,0.0,60046056.0,4376190.0,39075.0,0.0,64398170.0,0.0,64437244.0,0
2024-06-07,3000.0,3010.0,2985.0,3010.0,20948.0,0.0,0.0,35675024.0,2084430.0,50930.0,0.0,37669576.0,38950.0,37759456.0,0
2024-06-10,3000.0,3035.0,3000.0,3025.0,31563.0,0.0,0.0,58402336.0,4457725.0,51075.0,0.0,62223364.0,585620.0,62860060.0,0
2024-06-11,3020.0,3020.0,2995.0,3000.0,24624.0,0.0,0.0,90926100.0,4370665.0,138890.0,13256000.0,81766280.0,135590.0,95296760.0,0
2024-06-12,2990.0,3015.0,2990.0,3015.0,8454.0,8391990.0,0.0,64896620.0,627385.0,8257435.0,0.0,65067170.0,591390.0,73915990.0,0
2024-06-13,3015.0,3015.0,2990.0,3005.0,17094.0,0.0,0.0,24409430.0,939595.0,75110.0,0.0,25066830.0,207085.0,25349024.0,0
2024-06-14,2985.0,3005.0,2985.0,3000.0,12551.0,8424935.0,0.0,40784776.0,2015730.0,8590795.0,0.0,41958100.0,676545.0,51225440.0,0
2024-06-17,3000.0,3010.0,2985.0,3005.0,24165.0,0.0,0.0,36477836.0,1123130.0,29980.0,0.0,37271440.0,299545.0,37600964.0,0
2024-06-18,3005.0,3005.0,2945.0,2985.0,97388.0,0.0,0.0,68782070.0,3720680.0,129100.0,0.0,71680650.0,693000.0,72502750.0,0
2024-06-19,2965.0,2995.0,2940.0,2955.0,48855.0,23868356.0,0.0,255666290.0,9924975.0,32538430.0,0.0,254988750.0,1932440.0,289459620.0,0
2024-06-20,2960.0,2980.0,2945.0,2955.0,44166.0,26310840.0,0.0,105463980.0,12775920.0,21766680.0,0.0,121625944.0,1158115.0,144550740.0,0
2024-06-21,2965.0,2970.0,2950.0,2970.0,18655.0,0.0,0.0,126336440.0,4472155.0,4769265.0,0.0,125359680.0,679650.0,130808590.0,0
2024-06-24,2970.0,2970.0,2945.0,2950.0,40757.0,50385.0,0.0,51160900.0,3994490.0,68285.0,0.0,54553160.0,584330.0,55205776.0,0
2024-06-25,2945.0,2960.0,2935.0,2960.0,17793.0,2965.0,0.0,119860210.0,444845.0,451360.0,0.0,117044300.0,2812355.0,120308020.0,0
2024-06-26,2960.0,2960.0,2935.0,2945.0,11764.0,0.0,0.0,49952030.0,2478480.0,124320.0,0.0,52220690.0,85500.0,52430510.0,0
2024-06-27,2955.0,2960.0,2935.0,2960.0,14163.0,44250.0,0.0,34626820.0,0.0,159090.0,0.0,32311984.0,2199995.0,34671070.0,0
2024-06-28,2950.0,2960.0,2940.0,2955.0,15138.0,0.0,0.0,41295610.0,399165.0,118220.0,0.0,39354300.0,2222255.0,41694776.0,0
2024-07-01,2955.0,2965.0,2925.0,2955.0,44416.0,0.0,0.0,43328596.0,1320670.0,1169415.0,0.0,43022544.0,457305.0,44649264.0,0
2024-07-02,2945.0,2960.0,2915.0,2945.0,56448.0,25242840.0,0.0,103058430.0,2257150.0,24772356.0,0.0,105104820.0,681255.0,130558424.0,0
2024-07-03,2945.0,2945.0,2905.0,2925.0,27702.0,23804556.0,0.0,138036830.0,3807820.0,20757430.0,0.0,134081240.0,10810535.0,165649200.0,0
2024-07-04,2915.0,2925.0,2880.0,2900.0,55476.0,10493605.0,0.0,69408020.0,950610.0,11690655.0,0.0,66172496.0,2989080.0,80852230.0,0
2024-07-05,2900.0,2935.0,2885.0,2935.0,18089.0,35450730.0,0.0,124537780.0,499105.0,37240524.0,0.0,120418800.0,2828290.0,160487620.0,0
2024-07-08,2900.0,2935.0,2880.0,2895.0,41964.0,10159965.0,0.0,41885410.0,415490.0,11184265.0,0.0,41276600.0,0.0,52460864.0,0
2024-07-09,2910.0,2910.0,2870.0,2885.0,27124.0,22698440.0,0.0,98355830.0,283810.0,22820696.0,0.0,98204190.0,313200.0,121338090.0,0
2024-07-10,2905.0,2905.0,2880.0,2880.0,8898.0,12609275.0,0.0,63660530.0,1891450.0,12653060.0,0.0,65037184.0,471010.0,78161256.0,0
2024-07-11,2910.0,2925.0,2890.0,2915.0,17956.0,0.0,0.0,25710736.0,0.0,66240.0,0.0,25505484.0,139010.0,25710736.0,0
2024-07-12,2915.0,2920.0,2900.0,2920.0,16311.0,958650.0,0.0,49232784.0,2031920.0,221535.0,0.0,51873340.0,128480.0,52223356.0,0
2024-07-15,2905.0,2920.0,2880.0,2915.0,22977.0,0.0,0.0,46836644.0,644465.0,128480.0,0.0,47093560.0,259070.0,47481110.0,0
2024-07-16,2900.0,2915.0,2890.0,2915.0,20207.0,12551270.0,0.0,51823084.0,2183380.0,13540860.0,0.0,52349756.0,667120.0,66557736.0,0
2024-07-17,2915.0,2915.0,2880.0,2910.0,17664.0,4992810.0,0.0,52072930.0,1520590.0,19669670.0,0.0,38641276.0,275385.0,58586330.0,0
2024-07-18,2880.0,2905.0,2870.0,2900.0,31823.0,12440750.0,0.0,38520830.0,141910.0,12402565.0,0.0,38506480.0,194445.0,51103490.0,0
2024-07-19,2900.0,2910.0,2850.0,2890.0,81898.0,11794630.0,0.0,79276940.0,604800.0,23137500.0,0.0,67927416.0,611460.0,91676376.0,0
2024-07-22,2880.0,2890.0,2875.0,2890.0,16545.0,56318064.0,0.0,173149630.0,5419585.0,66301670.0,0.0,167674530.0,911095.0,234887300.0,0
2024-07-23,2890.0,2895.0,2860.0,2895.0,12484.0,28810.0,0.0,47711964.0,0.0,18113776.0,0.0,29124200.0,502800.0,47740776.0,0
2024-07-24,2890.0,2890.0,2805.0,2815.0,121551.0,2415495.0,0.0,33236320.0,252120.0,2598895.0,0.0,33302150.0,2890.0,35903936.0,0
2024-07-25,2800.0,2860.0,2790.0,2855.0,36093.0,50727476.0,0.0,277028960.0,16217380.0,49365936.0,0.0,285120540.0,9487350.0,343973820.0,0
2024-07-26,2850.0,2860.0,2820.0,2860.0,9009.0,8247350.0,0.0,92695630.0,651160.0,23658260.0,0.0,70624100.0,7311785.0,101594140.0,0
2024-07-29,2860.0,2870.0,2810.0,2815.0,83613.0,4174250.0,0.0,19819464.0,1548010.0,4211210.0,0.0,20895056.0,435460.0,25541724.0,0
2024-07-30,2825.0,2825.0,2810.0,2815.0,14523.0,78512410.0,0.0,153660910.0,4474090.0,80269950.0,0.0,155788670.0,588785.0,236647410.0,0
2024-07-31,2815.0,2825.0,2795.0,2815.0,15500.0,45040.0,0.0,40735760.0,90230.0,15818500.0,0.0,24914476.0,138055.0,40871030.0,0
2024-08-01,2820.0,2825.0,2795.0,2820.0,49411.0,4384215.0,0.0,38990710.0,157215.0,6366850.0,0.0,36683976.0,481315.0,43532140.0,0
2024-08-02,2800.0,2830.0,2615.0,2760.0,161885.0,41717356.0,0.0,90382390.0,6415045.0,37617690.0,0.0,100276104.0,621000.0,138514800.0,0
2024-08-05,2735.0,2735.0,2500.0,2525.0,132028.0,97035010.0,2750.0,332885100.0,15047690.0,100948370.0,0.0,337626750.0,6395415.0,444970530.0,0
2024-08-06,2525.0,2605.0,2520.0,2535.0,128386.0,45924876.0,0.0,284917120.0,13682900.0,40934610.0,0.0,266733440.0,36856840.0,344524900.0,0
2024-08-07,2550.0,2590.0,2520.0,2560.0,66698.0,63097976.0,2520000.0,239200690.0,21932770.0,63470336.0,0.0,253944260.0,9336855.0,326751420.0,0
2024-08-08,2555.0,2570.0,2515.0,2550.0,51580.0,41996860.0,2522555.0,118900740.0,7091895.0,45252744.0,0.0,123583990.0,1675315.0,170512050.0,0
2024-08-09,2550.0,2605.0,2550.0,2575.0,61954.0,25257764.0,373760.0,104077940.0,1018590.0,24941636.0,0.0,104900140.0,886275.0,130728050.0,0
2024-08-12,2585.0,2640.0,2575.0,2620.0,30639.0,58468596.0,312785.0,78585784.0,22135184.0,57550890.0,0.0,101037620.0,913845.0,159502350.0,0
2024-08-13,2620.0,2635.0,2585.0,2590.0,58870.0,9860240.0,0.0,57539496.0,12197300.0,9856185.0,0.0,69452510.0,288340.0,79597030.0,0
2024-08-14,2610.0,2645.0,2595.0,2640.0,25836.0,46033676.0,0.0,103231340.0,3936200.0,32363436.0,379600.0,113232670.0,7225510.0,153201220.0,0
2024-08-16,2640.0,2690.0,2640.0,2660.0,11342.0,4344000.0,0.0,47034590.0,16410465.0,18062040.0,319440.0,48103964.0,1303610.0,67789060.0,0
2024-08-19,2670.0,2750.0,2645.0,2750.0,38464.0,1535005.0,0.0,23771956.0,4760240.0,1605280.0,0.0,26992000.0,1469920.0,30067200.0,0
2024-08-20,2720.0,2745.0,2695.0,2705.0,65016.0,12731310.0,0.0,88938340.0,1936655.0,12767560.0,0.0,90194380.0,644360.0,103606300.0,0
2024-08-21,2680.0,2725.0,2680.0,2725.0,21655.0,33818800.0,0.0,135834610.0,6814250.0,33715000.0,0.0,136167680.0,6584980.0,176467660.0,0
2024-08-22,2710.0,2730.0,2670.0,2700.0,50806.0,80670.0,0.0,57223044.0,973780.0,35135.0,0.0,52090804.0,6151555.0,58277496.0,0
2024-08-23,2695.0,2705.0,2665.0,2705.0,20185.0,23872890.0,0.0,111668070.0,825025.0,23844720.0,0.0,109209070.0,3312195.0,136365980.0,0
2024-08-26,2705.0,2705.0,2675.0,2695.0,11637.0,12135460.0,0.0,41972380.0,0.0,12029225.0,0.0,36913120.0,5165495.0,54107840.0,0
2024-08-27,2695.0,2700.0,2680.0,2700.0,4135.0,1133685.0,0.0,30080750.0,69710.0,1166740.0,0.0,28124296.0,1993110.0,31284144.0,0
2024-08-28,2695.0,2720.0,2680.0,2720.0,28178.0,80925.0,0.0,9989355.0,1071315.0,115790.0,0.0,8657620.0,2368185.0,11141595.0,0
2024-08-29,2690.0,2715.0,2635.0,2635.0,144676.0,51550.0,0.0,66681120.0,9470205.0,94990.0,0.0,72239130.0,3868760.0,76202870.0,0
2024-08-30,2635.0,2660.0,2630.0,2640.0,15470.0,103254310.0,0.0,266011650.0,15427695.0,103029270.0,0.0,259343870.0,22320510.0,384693660.0,0
2024-09-02,2650.0,2655.0,2635.0,2655.0,16184.0,8804925.0,0.0,25492220.0,6503410.0,8284725.0,0.0,31226356.0,1289475.0,40800556.0,0
2024-09-03,2645.0,2670.0,2645.0,2645.0,8806.0,0.0,0.0,39755760.0,3009915.0,10600.0,0.0,42259704.0,495370.0,42765676.0,0
2024-09-04,2660.0,2660.0,2610.0,2650.0,45688.0,0.0,0.0,23184070.0,134895.0,34475.0,0.0,20947184.0,2337305.0,23318964.0,0
2024-09-05,2640.0,2660.0,2620.0,2660.0,29231.0,10378935.0,0.0,109630260.0,13150.0,10768595.0,0.0,100253390.0,9000355.0,120022344.0,0
2024-09-06,2640.0,2660.0,2570.0,2575.0,129550.0,14683515.0,0.0,61919200.0,427060.0,14546945.0,0.0,61669550.0,813280.0,77029780.0,0
2024-09-09,2625.0,2670.0,2615.0,2655.0,38335.0,76556860.0,0.0,256916420.0,4198770.0,76310890.0,0.0,258497360.0,2863805.0,337672060.0,0
2024-09-10,2650.0,2670.0,2640.0,2670.0,6500.0,4105170.0,0.0,86673940.0,10532730.0,4027525.0,0.0,89104660.0,8179655.0,101311840.0,0
2024-09-11,2670.0,2685.0,2610.0,2640.0,82004.0,242185.0,0.0,16296815.0,693050.0,18590.0,0.0,14764780.0,2448680.0,17232050.0,0
2024-09-12,2655.0,2655.0,2620.0,2620.0,7688.0,42138430.0,0.0,164952800.0,8565400.0,37975204.0,0.0,149470380.0,28211036.0,215656620.0,0
2024-09-13,2635.0,2640.0,2615.0,2620.0,6432.0,244510.0,0.0,19967630.0,0.0,4073890.0,0.0,16030225.0,108025.0,20212140.0,0
2024-09-19,2625.0,2640.0,2615.0,2640.0,18977.0,2615.0,0.0,16877816.0,5260.0,73600.0,0.0,16275225.0,536865.0,16885690.0,0
2024-09-20,2640.0,2650.0,2615.0,2650.0,31185.0,0.0,0.0,49925400.0,5250.0,26295.0,0.0,48252890.0,1651465.0,49930650.0,0
2024-09-23,2650.0,2660.0,2630.0,2660.0,6146.0,6167265.0,0.0,72174910.0,3495580.0,6244495.0,65505.0,74161320.0,1366440.0,81837760.0,0
2024-09-24,2670.0,2670.0,2630.0,2665.0,9266.0,2645.0,0.0,16253225.0,0.0,0.0,0.0,16083410.0,172460.0,16255870.0,0
2024-09-25,2650.0,2680.0,2630.0,2645.0,61344.0,4208310.0,0.0,19186716.0,1137130.0,4209390.0,0.0,20081316.0,241450.0,24532156.0,0
2024-09-26,2645.0,2650.0,2630.0,2640.0,8555.0,25355780.0,0.0,115863140.0,21385756.0,25287456.0,0.0,135957040.0,1360185.0,162604670.0,0
2024-09-27,2655.0,2665.0,2630.0,2635.0,13769.0,2645.0,0.0,21569930.0,1014505.0,10570.0,0.0,22108710.0,467800.0,22587080.0,0
2024-09-30,2635.0,2640.0,2620.0,2625.0,9496.0,119175.0,0.0,34639770.0,1742865.0,108310.0,0.0,34857476.0,1536025.0,36501810.0,0
2024-10-02,2625.0,2640.0,2610.0,2635.0,14559.0,123375.0,0.0,24556970.0,257595.0,7905.0,0.0,23328620.0,1601415.0,24937940.0,0
2024-10-04,2635.0,2655.0,2625.0,2655.0,6970.0,160120.0,26300.0,36154504.0,1878125.0,73425.0,2620.0,35208256.0,2934750.0,38219050.0,0
2024-10-07,2645.0,2665.0,2630.0,2665.0,9833.0,84405.0,0.0,18322036.0,0.0,71205.0,0.0,15833265.0,2501970.0,18406440.0,0
2024-10-08,2650.0,2670.0,2630.0,2660.0,34483.0,4417290.0,0.0,21440350.0,132250.0,4382050.0,0.0,20264304.0,1343535.0,25989890.0,0
2024-10-10,2640.0,2665.0,2630.0,2660.0,29968.0,25106616.0,0.0,65322100.0,733770.0,25054636.0,0.0,64655116.0,1452735.0,91162490.0,0
2024-10-11,2660.0,2660.0,2630.0,2660.0,9246.0,28048230.0,0.0,50258316.0,878540.0,27962536.0,0.0,44351870.0,6870680.0,79185090.0,0
2024-10-14,2660.0,2660.0,2625.0,2635.0,13861.0,5774165.0,0.0,18543200.0,134625.0,5753690.0,0.0,17620076.0,1078225.0,24451990.0,0
2024-10-15,2650.0,2650.0,2610.0,2640.0,39026.0,12267105.0,0.0,21827164.0,2456265.0,12248765.0,0.0,23332676.0,969095.0,36550536.0,0
2024-10-16,2640.0,2640.0,2610.0,2635.0,8642.0,12592000.0,0.0,89372710.0,280340.0,12601020.0,0.0,88044950.0,1599075.0,102245050.0,0
2024-10-17,2620.0,2635.0,2610.0,2635.0,24814.0,39300.0,0.0,22634660.0,2620.0,73520.0,0.0,20693196.0,1909865.0,22676580.0,0
2024-10-18,2635.0,2635.0,2615.0,2615.0,5074.0,8261085.0,0.0,56231830.0,656240.0,8273995.0,0.0,54904644.0,1970515.0,65149156.0,0
2024-10-21,2620.0,2625.0,2600.0,2620.0,18694.0,2615.0,0.0,13185620.0,102180.0,15775.0,0.0,12105475.0,1169165.0,13290415.0,0
2024-10-22,2595.0,2620.0,2590.0,2620.0,11230.0,0.0,0.0,48600564.0,135980.0,5230.0,0.0,46740140.0,1991175.0,48736544.0,0
2024-10-23,2620.0,2630.0,2590.0,2630.0,8228.0,6490720.0,0.0,22182196.0,487860.0,4022425.0,2600.0,22950716.0,2185035.0,29160776.0,0
2024-10-24,2620.0,2625.0,2600.0,2625.0,22768.0,41780.0,0.0,21353610.0,2600.0,2462715.0,0.0,17259024.0,1676250.0,21397990.0,0
2024-10-25,2605.0,2625.0,2600.0,2625.0,19050.0,2625.0,0.0,59490880.0,2620.0,15680.0,0.0,55179336.0,4301110.0,59496124.0,0
2024-10-28,2605.0,2620.0,2605.0,2620.0,6968.0,12342810.0,0.0,37314096.0,0.0,12183625.0,0.0,35968880.0,1504400.0,49656904.0,0
2024-10-29,2620.0,2620.0,2605.0,2620.0,4502.0,36550.0,0.0,18174140.0,0.0,0.0,0.0,17698260.0,512430.0,18210690.0,0
2024-10-30,2620.0,2620.0,2605.0,2605.0,6934.0,0.0,0.0,11689475.0,78300.0,2615.0,0.0,10388770.0,1376390.0,11767775.0,0
2024-10-31,2605.0,2630.0,2595.0,2630.0,22658.0,107260.0,0.0,18025504.0,0.0,10480.0,0.0,17594450.0,527835.0,18132764.0,0
2024-11-01,2620.0,2625.0,2580.0,2605.0,56895.0,8190225.0,0.0,50791530.0,0.0,8161685.0,0.0,49380276.0,1439795.0,58981756.0,0
2024-11-04,2605.0,2630.0,2595.0,2615.0,12815.0,48762710.0,0.0,98572650.0,179510.0,44074260.0,0.0,102070780.0,1369825.0,147514860.0,0
2024-11-05,2600.0,2620.0,2600.0,2615.0,5356.0,5210.0,0.0,33416004.0,0.0,4631745.0,0.0,28060010.0,729460.0,33421216.0,0
2024-11-06,2610.0,2615.0,2590.0,2615.0,14673.0,4389425.0,0.0,9577940.0,0.0,122905.0,0.0,13831410.0,13050.0,13967365.0,0
2024-11-07,2610.0,2610.0,2595.0,2600.0,2595.0,33865.0,0.0,38054630.0,2610.0,550605.0,0.0,35351730.0,2188770.0,38091104.0,0
2024-11-08,2600.0,2615.0,2590.0,2615.0,6322.0,0.0,0.0,6744640.0,0.0,5200.0,25950.0,6432685.0,280805.0,6744640.0,0
2024-11-11,2615.0,2615.0,2585.0,2615.0,25605.0,0.0,0.0,16373185.0,65200.0,3903605.0,0.0,10855805.0,1678975.0,16438385.0,0
2024-11-12,2615.0,2615.0,2570.0,2610.0,39567.0,17457590.0,0.0,48488564.0,527095.0,15340955.0,0.0,47345496.0,3786800.0,66473250.0,0
2024-11-13,2590.0,2615.0,2535.0,2560.0,78615.0,31523336.0,0.0,70802440.0,0.0,31498036.0,0.0,66916696.0,3911045.0,102325780.0,0
2024-11-14,2560.0,2590.0,2525.0,2545.0,47247.0,54135304.0,0.0,144239380.0,2887600.0,55547780.0,0.0,140503650.0,5210850.0,201262290.0,0
2024-11-15,2530.0,2575.0,2520.0,2545.0,24573.0,29253770.0,0.0,90955080.0,12820.0,25620390.0,0.0,91972610.0,2628670.0,120221670.0,0
2024-11-18,2525.0,2560.0,2520.0,2530.0,24885.0,14643615.0,0.0,43660964.0,3873375.0,18517824.0,0.0,39277300.0,4382830.0,62177956.0,0
2024-11-19,2540.0,2540.0,2520.0,2530.0,6266.0,17212140.0,0.0,45264396.0,401475.0,13545800.0,0.0,44067350.0,5264860.0,62878010.0,0
2024-11-20,2520.0,2540.0,2520.0,2530.0,6204.0,5060.0,0.0,15758275.0,70840.0,12675.0,0.0,12426885.0,3394615.0,15834175.0,0
2024-11-21,2540.0,2540.0,2520.0,2530.0,13567.0,0.0,0.0,15732390.0,0.0,7610.0,7620000.0,4485710.0,3619070.0,15732390.0,0
2024-11-22,2530.0,2540.0,2520.0,2535.0,7996.0,45535.0,0.0,34259036.0,0.0,2530.0,11359335.0,17589480.0,5353225.0,34304570.0,0
2024-11-25,2535.0,2535.0,2510.0,2520.0,49005.0,75985.0,0.0,20108390.0,0.0,15185.0,167310.0,15730525.0,4271355.0,20184376.0,0
2024-11-26,2520.0,2535.0,2510.0,2530.0,30852.0,0.0,0.0,122262216.0,1041210.0,2520.0,0.0,119292850.0,4008060.0,123303420.0,0
2024-11-27,2530.0,2550.0,2485.0,2550.0,46538.0,20225.0,0.0,77483220.0,319410.0,5045.0,25300000.0,48194660.0,4323150.0,77822856.0,0
2024-11-28,2565.0,2565.0,2505.0,2530.0,33713.0,0.0,2490000.0,113906950.0,35350.0,15170.0,0.0,112309710.0,4107425.0,116432300.0,0
2024-11-29,2540.0,2540.0,2495.0,2515.0,29896.0,21412070.0,0.0,61843096.0,1624865.0,43227604.0,0.0,37559676.0,4092750.0,84880030.0,0
2024-12-02,2505.0,2520.0,2475.0,2500.0,28174.0,12947425.0,0.0,60638444.0,1450190.0,10569550.0,0.0,58514584.0,5951925.0,75036060.0,0
2024-12-03,2500.0,2500.0,2475.0,2495.0,8876.0,174985.0,0.0,69259650.0,724610.0,5962615.0,0.0,59739480.0,4457145.0,70159240.0,0
2024-12-04,2475.0,2505.0,2465.0,2490.0,32407.0,40000.0,0.0,22076436.0,19880.0,42305.0,0.0,18768844.0,3325165.0,22136316.0,0
2024-12-05,2485.0,2515.0,2470.0,2480.0,15809.0,13672300.0,0.0,66684804.0,0.0,13638275.0,0.0,62912756.0,3806075.0,80357100.0,0
2024-12-06,2480.0,2500.0,2460.0,2490.0,51819.0,54710.0,0.0,39247350.0,166225.0,67110.0,0.0,34786090.0,4615085.0,39468284.0,0
2024-12-09,2490.0,2550.0,2440.0,2500.0,69468.0,14948835.0,0.0,109775864.0,3440885.0,4376720.0,0.0,115795310.0,7993550.0,128165580.0,0
2024-12-10,2495.0,2545.0,2495.0,2540.0,13050.0,9652035.0,0.0,161804180.0,2249390.0,6724995.0,0.0,162140860.0,4839740.0,173705600.0,0
2024-12-11,2560.0,2565.0,2525.0,2550.0,13750.0,126850.0,5040.0,32289160.0,502580.0,12961870.0,2510000.0,12987155.0,4464605.0,32923630.0,0
2024-12-12,2535.0,2575.0,2535.0,2565.0,18887.0,109475.0,0.0,34938464.0,0.0,22860.0,0.0,30787790.0,4237290.0,35047940.0,0
2024-12-13,2580.0,2580.0,2545.0,2565.0,8496.0,61565.0,0.0,48327660.0,71740.0,94785.0,0.0,44847370.0,3518810.0,48460964.0,0
2024-12-16,2595.0,2595.0,2555.0,2555.0,7387.0,2560.0,0.0,21666230.0,0.0,61535.0,0.0,16686735.0,4920520.0,21668790.0,0
2024-12-17,2570.0,2570.0,2550.0,2570.0,22504.0,5110.0,0.0,18906810.0,10260.0,56535.0,8898375.0,6989910.0,2977360.0,18922180.0,0
2024-12-18,2585.0,2585.0,2550.0,2560.0,29013.0,46225.0,0.0,57505950.0,0.0,25560.0,25758700.0,26371920.0,5395995.0,57552176.0,0
2024-12-19,2565.0,2565.0,2545.0,2560.0,2994.0,297035.0,0.0,73831750.0,0.0,51200.0,2580.0,70064184.0,4010820.0,74128780.0,0
2024-12-20,2575.0,2575.0,2545.0,2565.0,16863.0,12800.0,0.0,7634130.0,0.0,15360.0,0.0,3552430.0,4079140.0,7646930.0,0
2024-12-23,2570.0,2600.0,2545.0,2600.0,10876.0,104985.0,0.0,43060580.0,0.0,25600.0,0.0,39783720.0,3356245.0,43165564.0,0
2024-12-24,2580.0,2590.0,2575.0,2580.0,3922.0,153075.0,0.0,27793984.0,56135.0,167300.0,0.0,25371720.0,2464175.0,28003196.0,0
2024-12-26,2580.0,2600.0,2560.0,2585.0,21698.0,0.0,0.0,10071470.0,36120.0,147345.0,0.0,9834065.0,126180.0,10107590.0,0
2024-12-27,2565.0,2565.0,2460.0,2530.0,40916.0,0.0,0.0,55948884.0,145040.0,0.0,39406060.0,16579235.0,108630.0,56093924.0,0
2024-12-30,2505.0,2525.0,2475.0,2480.0,11482.0,45215.0,0.0,100733740.0,1210590.0,0.0,0.0,101149170.0,840380.0,101989550.0,0
2025-01-02,2490.0,2495.0,2470.0,2490.0,7549.0,7440.0,0.0,27772124.0,864780.0,248105.0,0.0,26497176.0,1899065.0,28644344.0,0
2025-01-03,2490.0,2540.0,2490.0,2510.0,10840.0,267955.0,0.0,18446060.0,0.0,168405.0,0.0,18311976.0,233635.0,18714016.0,0
2025-01-06,2510.0,2515.0,2490.0,2500.0,12610.0,2079360.0,0.0,25000696.0,55170.0,2050870.0,0.0,24496716.0,587640.0,27135224.0,0
2025-01-07,2515.0,2515.0,2495.0,2515.0,8686.0,5897640.0,0.0,25037556.0,570000.0,265375.0,0.0,30046670.0,1193150.0,31505196.0,0
2025-01-08,2520.0,2580.0,2505.0,2540.0,77140.0,700040.0,0.0,21029896.0,10020.0,6156090.0,0.0,15536270.0,47595.0,21739956.0,0
2025-01-09,2540.0,2570.0,2520.0,2545.0,12752.0,88415660.0,0.0,106007710.0,1526515.0,82850136.0,5010.0,108695950.0,4398800.0,195949890.0,0
2025-01-10,2545.0,2560.0,2510.0,2555.0,15095.0,15970080.0,0.0,16397625.0,51000.0,8524095.0,0.0,23586700.0,307910.0,32418704.0,0
2025-01-13,2540.0,2555.0,2515.0,2520.0,27636.0,6455145.0,0.0,31670600.0,181230.0,12309505.0,0.0,25256090.0,741380.0,38306976.0,0
2025-01-14,2520.0,2540.0,2520.0,2535.0,4916.0,6151900.0,0.0,63163310.0,253925.0,1193575.0,0.0,68046210.0,329350.0,69569140.0,0
2025-01-15,2550.0,2550.0,2510.0,2530.0,11134.0,250450.0,0.0,12111205.0,63000.0,9478895.0,0.0,2788485.0,157275.0,12424655.0,0
2025-01-16,2525.0,2535.0,2525.0,2535.0,2717.0,4369210.0,0.0,23610150.0,12620.0,1415160.0,0.0,26566760.0,10060.0,27991980.0,0
2025-01-17,2530.0,2540.0,2510.0,2530.0,16624.0,5065.0,0.0,6871700.0,0.0,212560.0,0.0,6661680.0,2525.0,6876765.0,0
2025-01-20,2530.0,2550.0,2515.0,2540.0,5412.0,15310995.0,0.0,26566736.0,10100.0,16061900.0,0.0,25669890.0,156040.0,41887830.0,0
2025-01-21,2525.0,2555.0,2505.0,2540.0,26775.0,5483335.0,0.0,8040995.0,149010.0,267560.0,0.0,13398160.0,7620.0,13673340.0,0
2025-01-22,2520.0,2540.0,2500.0,2500.0,31918.0,27543750.0,0.0,39817304.0,194765.0,25308236.0,0.0,41902240.0,345345.0,67555820.0,0
2025-01-23,2530.0,2570.0,2490.0,2530.0,58822.0,29328464.0,0.0,49258844.0,1656870.0,30384936.0,0.0,48531390.0,1327855.0,80244180.0,0
2025-01-24,2510.0,2530.0,2510.0,2530.0,10610.0,48156564.0,0.0,97873580.0,1597645.0,36753444.0,0.0,106241250.0,4633095.0,147627790.0,0
2025-01-31,2515.0,2515.0,2490.0,2500.0,4471.0,10140195.0,0.0,16422715.0,143640.0,6946475.0,0.0,19508220.0,251855.0,26706550.0,0
2025-02-03,2500.0,2550.0,2475.0,2480.0,45778.0,15000.0,0.0,10987860.0,175350.0,6406655.0,0.0,4289080.0,482475.0,11178210.0,0
2025-02-04,2495.0,2550.0,2470.0,2500.0,98811.0,45812856.0,0.0,68440570.0,142140.0,35062496.0,0.0,78399920.0,933145.0,114395560.0,0
2025-02-05,2505.0,2510.0,2470.0,2490.0,7343.0,95455416.0,0.0,145928200.0,5598005.0,108543430.0,0.0,135343650.0,3094525.0,246981600.0,0
2025-02-06,2490.0,2525.0,2465.0,2520.0,44152.0,1948850.0,0.0,16273885.0,7455.0,2333205.0,0.0,15698070.0,198915.0,18230190.0,0
2025-02-07,2490.0,2525.0,2480.0,2490.0,11396.0,37091400.0,0.0,71587290.0,1510705.0,45079920.0,0.0,63454104.0,1655365.0,110189390.0,0
2025-02-10,2475.0,2530.0,2475.0,2515.0,31459.0,1276315.0,0.0,27103730.0,4990.0,5592370.0,0.0,22055636.0,737030.0,28385036.0,0
2025-02-11,2520.0,2530.0,2455.0,2460.0,144298.0,30307070.0,0.0,44961996.0,3280590.0,19226640.0,0.0,57792116.0,1530900.0,78549656.0,0
2025-02-12,2475.0,2480.0,2440.0,2460.0,111799.0,77186640.0,0.0,274168200.0,5605810.0,60982050.0,0.0,291569860.0,4408740.0,356960640.0,0
2025-02-13,2460.0,2480.0,2430.0,2470.0,93545.0,56691590.0,0.0,214924930.0,2236470.0,60427424.0,0.0,211928910.0,1496650.0,273853000.0,0
2025-02-14,2460.0,2475.0,2455.0,2470.0,9009.0,66758116.0,0.0,160515920.0,2037090.0,88301460.0,0.0,137731020.0,3278640.0,229311140.0,0
2025-02-17,2480.0,2480.0,2460.0,2475.0,3746.0,6839260.0,0.0,15081330.0,241130.0,2137025.0,0.0,19069304.0,955390.0,22161720.0,0
2025-02-18,2470.0,2480.0,2435.0,2475.0,32484.0,73805.0,0.0,9028860.0,162690.0,719780.0,0.0,8360440.0,185135.0,9265355.0,0
2025-02-19,2470.0,2480.0,2465.0,2480.0,6155.0,23384840.0,0.0,55956144.0,310510.0,19692230.0,0.0,58198316.0,1760950.0,79651496.0,0
2025-02-20,2475.0,2475.0,2440.0,2450.0,51992.0,1816725.0,0.0,13199290.0,207060.0,1321610.0,0.0,13676185.0,225280.0,15223075.0,0
2025-02-21,2435.0,2460.0,2435.0,2460.0,20781.0,27610096.0,0.0,97762790.0,2018000.0,24925430.0,0.0,100957930.0,1507525.0,127390890.0,0
2025-02-24,2455.0,2485.0,2435.0,2460.0,19543.0,975325.0,12249420.0,37603180.0,2450.0,9191085.0,0.0,40323444.0,1315845.0,50830376.0,0
2025-02-25,2465.0,2470.0,2455.0,2465.0,3811.0,22970510.0,0.0,24504570.0,615170.0,8670035.0,0.0,38522610.0,897605.0,48090250.0,0
2025-02-26,2470.0,2470.0,2445.0,2470.0,6759.0,2460.0,0.0,9355685.0,22140.0,7149365.0,0.0,2112640.0,118280.0,9380285.0,0
2025-02-27,2470.0,2470.0,2445.0,2470.0,10638.0,26975.0,0.0,11538705.0,5047850.0,6523880.0,0.0,9537935.0,551715.0,16613530.0,0
2025-02-28,2470.0,2470.0,2440.0,2460.0,7203.0,5974780.0,0.0,20162080.0,0.0,1504660.0,0.0,24308650.0,323550.0,26136860.0,0
2025-03-04,2420.0,2460.0,2415.0,2460.0,20606.0,4831985.0,0.0,12228135.0,587955.0,1736010.0,0.0,12816240.0,3095825.0,17648076.0,0
2025-03-05,2435.0,2480.0,2435.0,2470.0,44287.0,2412455.0,0.0,47515480.0,60875.0,3954365.0,1695570.0,43854256.0,484620.0,49988810.0,0
2025-03-06,2470.0,2480.0,2450.0,2465.0,4185.0,17864624.0,4359015.0,85685656.0,1214380.0,27009300.0,0.0,79272350.0,2842020.0,109123670.0,0
2025-03-07,2440.0,2475.0,2440.0,2470.0,39448.0,267885.0,0.0,10024515.0,0.0,19740.0,0.0,10243020.0,29640.0,10292400.0,0
2025-03-10,2455.0,2480.0,2455.0,2470.0,14635.0,20256180.0,0.0,73187270.0,3442967.0,15357585.0,16622770.0,63202084.0,1703980.0,96886420.0,0
2025-03-11,2455.0,2465.0,2440.0,2450.0,16125.0,262760.0,0.0,35973440.0,0.0,4209870.0,0.0,25799100.0,6227230.0,36236200.0,0
2025-03-12,2450.0,2460.0,2430.0,2460.0,8408.0,3237340.0,0.0,33876764.0,2315445.0,24500.0,0.0,38676924.0,728125.0,39429550.0,0
2025-03-13,2470.0,2470.0,2445.0,2455.0,6264.0,5158335.0,0.0,14604690.0,776765.0,2963050.0,0.0,17003980.0,572760.0,20539790.0,0
2025-03-14,2460.0,2460.0,2435.0,2450.0,14926.0,1378985.0,0.0,13995899.0,0.0,1150315.0,0.0,14197564.0,27005.0,15374884.0,0
2025-03-17,2450.0,2460.0,2425.0,2455.0,37689.0,6438090.0,0.0,29654050.0,356970.0,9159990.0,0.0,27071224.0,217895.0,36449110.0,0
2025-03-18,2450.0,2450.0,2430.0,2440.0,6043.0,21689376.0,0.0,70162296.0,4870.0,15565615.0,0.0,74068510.0,2222410.0,91856540.0,0
2025-03-19,2445.0,2450.0,2435.0,2445.0,497.0,9750.0,0.0,14323682.0,410735.0,1435025.0,0.0,12775077.0,534065.0,14744167.0,0
2025-03-20,2445.0,2445.0,2420.0,2445.0,9799.0,17090.0,0.0,1184480.0,9780.0,346495.0,0.0,833200.0,31655.0,1211350.0,0
2025-03-21,2440.0,2455.0,2425.0,2430.0,26909.0,6432630.0,0.0,16725552.0,642835.0,7866340.0,0.0,15817672.0,117005.0,23801016.0,0
2025-03-24,2440.0,2470.0,2425.0,2460.0,36840.0,14474185.0,0.0,50834670.0,41330.0,10638170.0,0.0,53365520.0,1346495.0,65350184.0,0
2025-03-25,2450.0,2455.0,2425.0,2430.0,116632.0,8407770.0,0.0,78403130.0,3148220.0,14271125.0,0.0,73963670.0,1724315.0,89959110.0,0
2025-03-26,2480.0,2485.0,2430.0,2450.0,91605.0,14123890.0,0.0,271978720.0,7846980.0,10537035.0,0.0,275021600.0,8390945.0,293949570.0,0
2025-03-27,2450.0,2495.0,2425.0,2455.0,113605.0,33781570.0,0.0,186515760.0,4558670.0,23064440.0,0.0,194442420.0,7349140.0,224856000.0,0
2025-03-28,2455.0,2485.0,2430.0,2430.0,157044.0,82418350.0,299510.0,181003570.0,14480015.0,89325310.0,301340.0,176841420.0,11733375.0,278201440.0,0
2025-03-31,2430.0,2430.0,2405.0,2410.0,18754.0,25102720.0,0.0,357335680.0,3612220.0,35007384.0,0.0,349038940.0,2004305.0,386050620.0,0
2025-04-01,2415.0,2445.0,2415.0,2440.0,5322.0,1040720.0,0.0,43932440.0,249250.0,1677555.0,0.0,43083680.0,461175.0,45222410.0,0
2025-04-02,2440.0,2455.0,2420.0,2440.0,4854.0,692300.0,0.0,12067662.0,160400.0,716865.0,0.0,11827437.0,376060.0,12920362.0,0
2025-04-03,2440.0,2440.0,2425.0,2435.0,1782.0,349830.0,0.0,11474440.0,0.0,383840.0,0.0,9164360.0,2276070.0,11824270.0,0
2025-04-04,2430.0,2440.0,2410.0,2415.0,8995.0,165390.0,0.0,4162505.0,7290.0,7290.0,0.0,2828660.0,1499235.0,4335185.0,0
2025-04-07,2400.0,2445.0,2390.0,2445.0,47759.0,2475825.0,0.0,19037390.0,266915.0,1602045.0,0.0,20042500.0,135585.0,21780130.0,0
2025-04-08,2430.0,2450.0,2425.0,2450.0,28466.0,2314755.0,0.0,112954440.0,72070.0,2935930.0,0.0,112329840.0,75495.0,115341260.0,0
2025-04-09,2445.0,2445.0,2415.0,2440.0,26594.0,20447536.0,0.0,47536690.0,1266870.0,19816796.0,0.0,48153464.0,1280835.0,69251096.0,0
2025-04-10,2440.0,2460.0,2435.0,2460.0,12964.0,22974364.0,0.0,40032784.0,1466705.0,22568464.0,0.0,39797504.0,2107885.0,64473856.0,0
2025-04-11,2460.0,2465.0,2440.0,2460.0,20292.0,22075.0,0.0,31711470.0,36815.0,910115.0,0.0,30801204.0,59040.0,31770360.0,0
2025-04-14,2455.0,2475.0,2450.0,2475.0,20755.0,21821284.0,0.0,25906656.0,1847915.0,21660204.0,0.0,27633376.0,282275.0,49575856.0,0
2025-04-15,2475.0,2485.0,2465.0,2485.0,12566.0,13657150.0,6274040.0,29878530.0,1197710.0,14499560.0,995860.0,34306600.0,1205410.0,51007430.0,0
2025-04-16,2480.0,2485.0,2475.0,2480.0,8481.0,1618715.0,0.0,28864050.0,664420.0,1643700.0,0.0,29367160.0,136325.0,31147184.0,0
2025-04-17,2480.0,2495.0,2470.0,2495.0,33691.0,12395.0,0.0,20080702.0,939985.0,52050.0,0.0,20753032.0,228000.0,21033082.0,0
2025-04-18,2495.0,2530.0,2480.0,2525.0,38590.0,1165070.0,0.0,82057940.0,382320.0,1204995.0,0.0,81900376.0,499960.0,83605330.0,0
2025-04-21,2530.0,2540.0,2515.0,2535.0,13720.0,347585.0,0.0,94525600.0,2154025.0,642470.0,0.0,95217976.0,1166765.0,97027210.0,0
2025-04-22,2545.0,2545.0,2530.0,2540.0,29290.0,12630.0,0.0,34244270.0,470810.0,75830.0,5323500.0,29111556.0,216825.0,34727710.0,0
2025-04-23,2545.0,2555.0,2535.0,2545.0,9281.0,3359195.0,0.0,61696610.0,9242400.0,3439355.0,0.0,62843916.0,8014935.0,74298210.0,0
2025-04-24,2550.0,2555.0,2500.0,2545.0,75603.0,810265.0,0.0,19090544.0,3702680.0,904420.0,0.0,21392324.0,1306745.0,23603490.0,0
2025-04-25,2530.0,2555.0,2505.0,2525.0,46410.0,21132524.0,0.0,153957040.0,15344635.0,18953380.0,0.0,158950560.0,12530250.0,190434190.0,0
2025-04-28,2525.0,2530.0,2510.0,2530.0,12303.0,29013696.0,0.0,81501760.0,6299205.0,25624940.0,0.0,88037960.0,3151760.0,116814660.0,0
2025-04-29,2540.0,2545.0,2510.0,2530.0,21311.0,10070.0,0.0,22093030.0,8882360.0,6046645.0,0.0,21104616.0,3834200.0,30985460.0,0
2025-04-30,2545.0,2550.0,2500.0,2510.0,45415.0,3119310.0,0.0,41195444.0,9418455.0,3114125.0,0.0,39261540.0,11357545.0,53733210.0,0
2025-05-02,2520.0,2520.0,2500.0,2505.0,6048.0,37028620.0,0.0,74392650.0,2793055.0,26366984.0,0.0,85992420.0,1854920.0,114214330.0,0
2025-05-07,2500.0,2520.0,2500.0,2515.0,3053.0,4015975.0,0.0,10370927.0,775230.0,3361715.0,0.0,11384852.0,415565.0,15162132.0,0
2025-05-08,2515.0,2540.0,2500.0,2540.0,58975.0,10040.0,0.0,7240389.0,401490.0,2898030.0,0.0,4753889.0,0.0,7651919.0,0
2025-05-09,2540.0,2555.0,2515.0,2545.0,50548.0,24314790.0,0.0,122872536.0,1374565.0,22810724.0,0.0,125736070.0,15095.0,148561890.0,0
2025-05-12,2545.0,2565.0,2540.0,2560.0,8249.0,7963305.0,0.0,113354820.0,7073359.0,15939675.0,0.0,111633710.0,818100.0,128391480.0,0
2025-05-13,2560.0,2570.0,2535.0,2540.0,50276.0,2225075.0,0.0,17650200.0,1174660.0,1607355.0,0.0,19350892.0,91687.0,21049936.0,0
2025-05-14,2545.0,2555.0,2540.0,2555.0,2970.0,22810040.0,2555.0,100388060.0,4998875.0,24427390.0,0.0,101027310.0,2744830.0,128199540.0,0
2025-05-15,2550.0,2560.0,2540.0,2560.0,7831.0,22930.0,0.0,7210900.0,339400.0,2462610.0,2545.0,5018820.0,89255.0,7573230.0,0
2025-05-16,2565.0,2570.0,2545.0,2560.0,27991.0,4064940.0,0.0,14419995.0,1479320.0,2324745.0,0.0,17286230.0,353280.0,19964256.0,0
2025-05-19,2560.0,2565.0,2545.0,2555.0,23435.0,3134195.0,0.0,65776996.0,2786390.0,5438895.0,0.0,63876812.0,2381875.0,71697580.0,0
2025-05-20,2565.0,2575.0,2545.0,2560.0,57945.0,13964675.0,0.0,44970584.0,900405.0,12050630.0,0.0,47340890.0,444145.0,59835664.0,0
2025-05-21,2565.0,2585.0,2555.0,2580.0,49075.0,19427576.0,0.0,127646220.0,1039010.0,19314396.0,0.0,126842280.0,1956130.0,148112800.0,0
2025-05-22,2580.0,2585.0,2570.0,2580.0,7099.0,14095135.0,0.0,111422780.0,670775.0,9776830.0,0.0,115168270.0,1243590.0,126188690.0,0
2025-05-23,2575.0,2585.0,2570.0,2570.0,4510.0,5145.0,0.0,18039720.0,263155.0,172850.0,0.0,17201470.0,933700.0,18308020.0,0
2025-05-26,2570.0,2575.0,2550.0,2575.0,10221.0,15450.0,0.0,11437830.0,152220.0,28285.0,0.0,11317330.0,259885.0,11605500.0,0
2025-05-27,2585.0,2605.0,2580.0,2590.0,49761.0,6702950.0,0.0,17809240.0,1647200.0,11415435.0,0.0,14457305.0,286650.0,26159390.0,0
2025-05-28,2580.0,2655.0,2570.0,2610.0,30672.0,64655.0,0.0,128485180.0,315635.0,2555795.0,0.0,125644370.0,665310.0,128865470.0,0
2025-05-29,2610.0,2645.0,2600.0,2610.0,23312.0,3046785.0,0.0,72019450.0,5244805.0,3304890.0,12040500.0,63200820.0,1764830.0,80311040.0,0
2025-05-30,2590.0,2635.0,2590.0,2625.0,22140.0,14566935.0,0.0,43251276.0,2897540.0,14507530.0,0.0,44306590.0,1901630.0,60715750.0,0
2025-06-02,2635.0,2635.0,2620.0,2625.0,3834.0,1299440.0,0.0,53726696.0,2975465.0,712460.0,0.0,56582880.0,706260.0,58001600.0,0
2025-06-04,2630.0,2700.0,2615.0,2660.0,51651.0,52500.0,0.0,9930055.0,89355.0,701810.0,0.0,6298630.0,3071470.0,10071910.0,0
2025-06-05,2660.0,2670.0,2645.0,2655.0,19542.0,9505110.0,0.0,126000330.0,2086490.0,7469680.0,0.0,126224830.0,3897410.0,137591920.0,0
2025-06-09,2655.0,2695.0,2650.0,2670.0,56943.0,852400.0,0.0,51043560.0,37100.0,3023335.0,0.0,48446536.0,463190.0,51933064.0,0
2025-06-10,2675.0,2690.0,2660.0,2675.0,18075.0,31673780.0,0.0,119055320.0,1155830.0,29371976.0,140715.0,122184440.0,187800.0,151884930.0,0
2025-06-11,2675.0,2720.0,2660.0,2660.0,37396.0,2623395.0,0.0,45286130.0,406950.0,3628060.0,0.0,43901884.0,786530.0,48316476.0,0
2025-06-12,2675.0,2700.0,2670.0,2685.0,17298.0,17372976.0,0.0,81323670.0,1586410.0,13028205.0,0.0,86549010.0,705845.0,100283060.0,0
2025-06-13,2700.0,2700.0,2670.0,2690.0,30937.0,428925.0,0.0,45608310.0,439680.0,5030950.0,0.0,40772630.0,673335.0,46476916.0,0
2025-06-16,2705.0,2755.0,2700.0,2755.0,66200.0,7156325.0,0.0,71247300.0,4755485.0,5866410.0,0.0,76602210.0,690490.0,83159100.0,0
2025-06-17,2755.0,2780.0,2740.0,2755.0,36065.0,16883084.0,0.0,156903170.0,7437686.0,17815040.0,0.0,159859440.0,3549455.0,181223940.0,0
2025-06-18,2775.0,2785.0,2750.0,2775.0,8561.0,15223180.0,4026450.0,78612770.0,1540065.0,13669935.0,3499680.0,80009930.0,2222915.0,99402460.0,0
2025-06-19,2780.0,2780.0,2750.0,2780.0,30157.0,923255.0,30470.0,22637460.0,110680.0,2500755.0,557775.0,18862200.0,1781135.0,23701864.0,0
2025-06-20,2780.0,2815.0,2765.0,2800.0,16012.0,11367885.0,0.0,71970936.0,0.0,11237440.0,0.0,58592676.0,13508705.0,83338820.0,0
2025-06-23,2800.0,2810.0,2790.0,2800.0,11081.0,64210.0,0.0,44403970.0,232540.0,411435.0,69750.0,39852884.0,4366650.0,44700720.0,0
2025-06-24,2820.0,2860.0,2820.0,2840.0,48036.0,606735.0,0.0,29625620.0,782640.0,568680.0,0.0,29433264.0,1013050.0,31014996.0,0
2025-06-25,2835.0,2855.0,2835.0,2840.0,31304.0,2320815.0,0.0,124276260.0,9503640.0,2327940.0,0.0,133188600.0,584170.0,136100700.0,0
2025-06-26,2840.0,2860.0,2820.0,2860.0,89563.0,9203330.0,0.0,77404760.0,2293320.0,4750590.0,0.0,83460900.0,689925.0,88901410.0,0
2025-06-27,2835.0,2835.0,2750.0,2755.0,95539.0,168085.0,0.0,251213570.0,3151675.0,4282040.0,0.0,244372240.0,5879050.0,254533330.0,0
2025-06-30,2755.0,2785.0,2735.0,2755.0,29818.0,57819170.0,2039045.0,197748660.0,7012345.0,57014464.0,662035.0,193306050.0,13636675.0,264619220.0,0
2025-07-01,2750.0,2775.0,2725.0,2765.0,58040.0,14839790.0,0.0,64908616.0,2340515.0,14869100.0,512440.0,63890856.0,2816526.0,82088920.0,0
2025-07-02,2765.0,2765.0,2735.0,2745.0,43572.0,34859304.0,0.0,109247860.0,15308255.0,23282380.0,869000.0,126301330.0,8962706.0,159415410.0,0
2025-07-03,2750.0,2780.0,2735.0,2775.0,40534.0,28899100.0,10985000.0,73201810.0,6665815.0,22772750.0,0.0,93091670.0,3887295.0,119751720.0,0
2025-07-04,2775.0,2785.0,2760.0,2780.0,25035.0,16982564.0,19217990.0,64859556.0,10643335.0,31883040.0,0.0,77520510.0,2299895.0,111703450.0,0
2025-07-07,2780.0,2780.0,2755.0,2770.0,23958.0,336270.0,19662500.0,47233772.0,2195333.0,49950.0,0.0,68194800.0,1183120.0,69427870.0,0
2025-07-08,2770.0,2770.0,2750.0,2770.0,16492.0,17748204.0,861120.0,46589630.0,982360.0,7955010.0,0.0,57885596.0,340710.0,66181316.0,0
2025-07-09,2775.0,2780.0,2760.0,2770.0,30138.0,2472680.0,0.0,38985428.0,4158510.0,13268780.0,0.0,31303328.0,1044510.0,45616620.0,0
2025-07-10,2770.0,2820.0,2765.0,2805.0,34562.0,18094996.0,0.0,59027430.0,6351430.0,17969904.0,867360.0,63655016.0,981575.0,83473860.0,0
2025-07-11,2805.0,2830.0,2800.0,2825.0,23325.0,1843440.0,5597365.0,81148430.0,8046560.0,1940525.0,0.0,94219960.0,475315.0,96635800.0,0
2025-07-14,2830.0,2855.0,2810.0,2855.0,337851.0,4594390.0,2850987.0,49614956.0,8700955.0,2320610.0,0.0,56039050.0,7401630.0,65761290.0,0
2025-07-15,2860.0,2905.0,2850.0,2905.0,288901.0,16151185.0,344321630.0,485253820.0,114362160.0,17363850.0,853000000.0,85683710.0,4041230.0,960088770.0,0
2025-07-16,2900.0,2925.0,2875.0,2905.0,253377.0,16601695.0,589888300.0,194470050.0,31222450.0,17522596.0,576502900.0,229491820.0,8665205.0,832182500.0,0
2025-07-17,2905.0,2905.0,2865.0,2900.0,32680.0,11637275.0,185488080.0,519500960.0,18907556.0,11345375.0,551582100.0,127650980.0,44955424.0,735533900.0,0
2025-07-18,2890.0,2890.0,2840.0,2870.0,66076.0,12887855.0,25256324.0,50611980.0,5287410.0,12674670.0,0.0,55098110.0,26270790.0,94043570.0,0
2025-07-21,2870.0,2870.0,2825.0,2835.0,24425.0,37100156.0,52294110.0,86677736.0,12625230.0,39475776.0,59745.0,104115240.0,45046470.0,188697230.0,0
2025-07-22,2825.0,2855.0,2825.0,2830.0,28120.0,15823435.0,12341000.0,39982356.0,1346190.0,10960940.0,0.0,50295210.0,8236830.0,69492980.0,0
2025-07-23,2825.0,2860.0,2785.0,2840.0,38282.0,10623345.0,0.0,67766030.0,1513165.0,9649455.0,0.0,51765560.0,18487524.0,79902540.0,0
2025-07-24,2825.0,2825.0,2795.0,2805.0,32931.0,36545364.0,497370.0,54014624.0,16585165.0,23033830.0,500025.0,61655480.0,22453188.0,107642530.0,0
2025-07-25,2805.0,2860.0,2795.0,2845.0,18275.0,11638865.0,5610000.0,71467230.0,3732415.0,30354356.0,2802.0,49497536.0,12593820.0,92448510.0,0
2025-07-28,2850.0,2850.0,2785.0,2845.0,21897.0,1792310.0,17652696.0,29546730.0,2514315.0,2468040.0,0.0,33025304.0,16012705.0,51506050.0,0
2025-07-29,2845.0,2845.0,2785.0,2800.0,27513.0,14798730.0,18553800.0,22817450.0,5381415.0,13334330.0,0.0,28968500.0,19248564.0,61551396.0,0
2025-07-30,2805.0,2835.0,2785.0,2815.0,31472.0,25554780.0,0.0,46999370.0,4461245.0,19166264.0,0.0,52713720.0,5135410.0,77015390.0,0
2025-07-31,2830.0,2835.0,2815.0,2825.0,7360.0,18561844.0,17935096.0,41871210.0,9981800.0,26124440.0,0.0,44362216.0,17863296.0,88349950.0,0
2025-08-01,2780.0,2830.0,2770.0,2830.0,76856.0,583900.0,14186195.0,5201985.0,821910.0,2313265.0,0.0,15959385.0,2521340.0,20793990.0,0
2025-08-04,2795.0,2830.0,2795.0,2830.0,25861.0,39108004.0,25534010.0,138023310.0,12505305.0,37750610.0,145600.0,137827780.0,39446650.0,215170640.0,0
2025-08-05,2835.0,2845.0,2810.0,2825.0,32339.0,20117336.0,13251845.0,22313376.0,17103460.0,14184415.0,0.0,49692780.0,8908820.0,72786020.0,0
2025-08-06,2830.0,2835.0,2815.0,2830.0,17433.0,8123980.0,36424500.0,33940164.0,12851960.0,8239855.0,0.0,78220070.0,4880680.0,91340610.0,0
2025-08-07,2830.0,2845.0,2825.0,2840.0,11312.0,8623610.0,28880160.0,8985435.0,2707405.0,12278025.0,0.0,32902340.0,4016245.0,49196610.0,0
2025-08-08,2840.0,2840.0,2815.0,2820.0,8044.0,2660255.0,21098996.0,3053090.0,5251180.0,1684110.0,0.0,28446220.0,1933190.0,32063520.0,0
2025-08-11,2820.0,2820.0,2730.0,2750.0,193707.0,482225.0,15519420.0,4773975.0,1938055.0,5339025.0,0.0,14543195.0,2831455.0,22713676.0,0
2025-08-12,2740.0,2760.0,2740.0,2740.0,22119.0,143010580.0,58273290.0,259768220.0,74746600.0,134748530.0,22098700.0,327004640.0,51946800.0,535798700.0,0
2025-08-13,2750.0,2770.0,2740.0,2760.0,27289.0,13134350.0,24708220.0,16159900.0,6739195.0,3730720.0,0.0,53981484.0,3029460.0,60741664.0,0
2025-08-14,2770.0,2775.0,2750.0,2765.0,23469.0,17084410.0,39933604.0,15044520.0,3007120.0,27361590.0,498660.0,40245956.0,6963450.0,75069656.0,0
2025-08-18,2775.0,2775.0,2695.0,2710.0,33526.0,20886990.0,26565996.0,5789375.0,11422340.0,11937715.0,0.0,52696580.0,30405.0,64664700.0,0
2025-08-19,2710.0,2725.0,2645.0,2675.0,96857.0,25790180.0,2595540.0,62696384.0,246435.0,26476504.0,2614660.0,46147556.0,16089820.0,91328540.0,0
2025-08-20,2675.0,2675.0,2635.0,2675.0,18873.0,38209650.0,2957400.0,200035410.0,17316720.0,37092684.0,1997640.0,209248350.0,10180500.0,258519170.0,0
2025-08-21,2680.0,2700.0,2655.0,2695.0,13293.0,1583985.0,0.0,46980716.0,1547925.0,16196170.0,791800.0,21246460.0,11878195.0,50112624.0,0
2025-08-22,2695.0,2710.0,2665.0,2700.0,4777.0,2211280.0,0.0,30235340.0,3152890.0,2458920.0,203680.0,32899380.0,37530.0,35599510.0,0
2025-08-25,2700.0,2715.0,2690.0,2715.0,14048.0,2260785.0,0.0,8865355.0,1726880.0,3568235.0,0.0,8810555.0,474230.0,12853020.0,0
2025-08-26,2715.0,2760.0,2660.0,2720.0,123838.0,12325910.0,0.0,23603564.0,1966475.0,7291295.0,0.0,29960080.0,644575.0,37895950.0,0
2025-08-27,2720.0,2730.0,2665.0,2710.0,181727.0,148904660.0,0.0,162030030.0,24192944.0,150019660.0,0.0,116630950.0,68477010.0,335127600.0,0
2025-08-28,2680.0,2795.0,2680.0,2750.0,55344.0,200104050.0,298035.0,262927680.0,25999490.0,201783000.0,298590.0,205572020.0,81675620.0,489329250.0,0
2025-08-29,2750.0,2810.0,2730.0,2775.0,73541.0,54869520.0,0.0,70346330.0,26486716.0,46072140.0,0.0,85087144.0,20543276.0,151702560.0,0
2025-09-01,2755.0,2825.0,2745.0,2800.0,98438.0,73195976.0,226320.0,120660550.0,8780210.0,73750380.0,227140.0,120803920.0,8081610.0,202863060.0,0
2025-09-02,2800.0,2820.0,2765.0,2805.0,108693.0,106244776.0,34264064.0,125304264.0,8726973.0,100450010.0,968150.0,158261520.0,14860405.0,274540060.0,0
2025-09-03,2800.0,2830.0,2770.0,2810.0,106797.0,131394730.0,2512125.0,154423150.0,14957980.0,118633624.0,6225075.0,145550860.0,32878416.0,303287970.0,0
2025-09-04,2780.0,2810.0,2780.0,2810.0,5257.0,108132856.0,2209215.0,162015680.0,25822010.0,131121930.0,1688400.0,135765090.0,29604336.0,298179740.0,0
2025-09-05,2800.0,2825.0,2795.0,2810.0,18392.0,8385.0,0.0,14737525.0,0.0,446660.0,1309460.0,9592115.0,3397675.0,14745910.0,0
2025-09-08,2790.0,2815.0,2790.0,2805.0,5200.0,9007420.0,0.0,41971376.0,569355.0,9014250.0,694070.0,35490984.0,6348845.0,51548150.0,0
2025-09-09,2785.0,2805.0,2785.0,2805.0,9962.0,819315.0,0.0,13550705.0,192945.0,693815.0,0.0,11449235.0,2419915.0,14562965.0,0
2025-09-10,2805.0,2880.0,2795.0,2830.0,121863.0,16775.0,0.0,26988816.0,897690.0,330075.0,0.0,23354004.0,4219200.0,27903280.0,0
2025-09-11,2835.0,2835.0,2805.0,2830.0,15979.0,67283336.0,3197880.0,222999420.0,51498716.0,59274736.0,0.0,269501020.0,16203595.0,344979360.0,0
2025-09-12,2830.0,2865.0,2810.0,2840.0,107393.0,3957400.0,0.0,40431504.0,733420.0,5681005.0,994400.0,29684696.0,8762225.0,45122324.0,0
2025-09-15,2815.0,2845.0,2810.0,2845.0,20256.0,72571180.0,105079096.0,97705016.0,28605276.0,76657300.0,2207720.0,197663170.0,27432384.0,303960580.0,0
2025-09-16,2845.0,2865.0,2810.0,2850.0,78344.0,1491435.0,25125916.0,30339980.0,343120.0,1651830.0,6990040.0,48095050.0,563530.0,57300450.0,0
2025-09-17,2820.0,2850.0,2820.0,2850.0,10889.0,72037810.0,21519436.0,109823890.0,18597156.0,74813550.0,1000755.0,125493210.0,20670764.0,221978270.0,0
2025-09-18,2850.0,2860.0,2830.0,2860.0,11576.0,1134170.0,12848770.0,16755405.0,235915.0,1332355.0,0.0,26793210.0,2848695.0,30974260.0,0
2025-09-19,2860.0,2865.0,2840.0,2860.0,14428.0,389580.0,0.0,31430650.0,1152325.0,375700.0,0.0,29620916.0,2975940.0,32972556.0,0
2025-09-22,2860.0,2865.0,2845.0,2860.0,10542.0,65820.0,0.0,41132340.0,40040.0,79875.0,0.0,40167160.0,991165.0,41238200.0,0
2025-09-23,2860.0,2860.0,2835.0,2845.0,19224.0,239035.0,20671944.0,8980814.0,251605.0,316590.0,0.0,27816674.0,2010135.0,30143400.0,0
2025-09-24,2830.0,2845.0,2820.0,2845.0,13444.0,458120.0,29889520.0,18794910.0,5537095.0,350460.0,0.0,53009080.0,1320105.0,54679644.0,0
2025-09-25,2835.0,2850.0,2830.0,2850.0,9201.0,3379590.0,15516255.0,17741524.0,1415410.0,1344510.0,0.0,33492424.0,3215845.0,38052780.0,0
2025-09-26,2830.0,2840.0,2815.0,2840.0,28710.0,934330.0,12166700.0,8546190.0,4490835.0,2206660.0,0.0,23730310.0,201085.0,26138056.0,0
2025-09-29,2835.0,2855.0,2835.0,2845.0,6547.0,17356836.0,39911764.0,18702616.0,5220970.0,8289155.0,1002520.0,69144390.0,2756115.0,81192184.0,0
2025-09-30,2840.0,2845.0,2830.0,2830.0,2199.0,42750.0,5700000.0,9105940.0,3792430.0,6277950.0,0.0,12198150.0,165020.0,18641120.0,0
2025-10-01,2845.0,2845.0,2800.0,2835.0,52378.0,42675.0,0.0,5916415.0,278320.0,70900.0,0.0,5526245.0,640265.0,6237410.0,0
2025-10-02,2815.0,2835.0,2800.0,2835.0,18607.0,23542270.0,0.0,109982664.0,13460365.0,23413690.0,0.0,123376680.0,194925.0,146985300.0,0
2025-10-10,2810.0,2820.0,2790.0,2790.0,9070.0,271855.0,0.0,49403330.0,2706470.0,2664340.0,0.0,49177230.0,540080.0,52381652.0,0
2025-10-13,2790.0,2815.0,2755.0,2805.0,51379.0,289870.0,0.0,24941980.0,165750.0,195565.0,0.0,23940176.0,1261860.0,25397600.0,0
2025-10-14,2800.0,2825.0,2775.0,2825.0,40753.0,66167616.0,0.0,74684630.0,1977290.0,54117004.0,0.0,82532216.0,6180315.0,142829540.0,0
2025-10-15,2820.0,2825.0,2795.0,2810.0,3935.0,59075324.0,0.0,53672530.0,1377470.0,48549864.0,0.0,61870876.0,3704585.0,114125330.0,0
2025-10-16,2795.0,2825.0,2780.0,2800.0,10110.0,879440.0,0.0,9258210.0,910900.0,4254175.0,0.0,6581235.0,213140.0,11048550.0,0
2025-10-17,2785.0,2825.0,2775.0,2810.0,23266.0,10747115.0,0.0,13304098.0,4269543.0,9266201.0,0.0,18332356.0,722200.0,28320756.0,0
2025-10-20,2810.0,2835.0,2780.0,2800.0,23928.0,21713820.0,3886230.0,38570064.0,879885.0,21383180.0,0.0,41235230.0,2431590.0,65050000.0,0
2025-10-21,2805.0,2820.0,2780.0,2795.0,28760.0,27187760.0,2323680.0,36986190.0,641045.0,26715610.0,3886620.0,34675760.0,1860685.0,67138670.0,0
2025-10-22,2795.0,2800.0,2765.0,2800.0,17311.0,36515370.0,0.0,41993820.0,1978521.0,31757120.0,2307790.0,46151924.0,270875.0,80487710.0,0
2025-10-23,2800.0,2820.0,2780.0,2800.0,45087.0,11442075.0,0.0,36690164.0,188855.0,13393350.0,0.0,33265870.0,1661875.0,48321096.0,0
2025-10-24,2810.0,2815.0,2760.0,2805.0,85277.0,56583116.0,5493600.0,64070624.0,128370.0,36657180.0,0.0,89012616.0,605915.0,126275710.0,0
2025-10-27,2805.0,2815.0,2770.0,2795.0,23168.0,105504260.0,4734730.0,120920960.0,6536460.0,79816210.0,8247895.0,146909310.0,2722990.0,237696420.0,0
2025-10-28,2800.0,2820.0,2785.0,2790.0,16564.0,21231916.0,5493600.0,37593244.0,426600.0,18849844.0,6132045.0,36869900.0,2893570.0,64745360.0,0
2025-10-29,2790.0,2815.0,2765.0,2780.0,108505.0,14386970.0,0.0,31522196.0,471555.0,11905930.0,5481275.0,24403748.0,4589770.0,46380720.0,0
2025-10-30,2790.0,2795.0,2760.0,2770.0,37706.0,122170430.0,13796760.0,154636800.0,12104815.0,110340140.0,8012820.0,172147970.0,12207870.0,302708800.0,0
2025-10-31,2765.0,2785.0,2750.0,2780.0,37823.0,25930596.0,998020.0,75292690.0,2388040.0,49928100.0,2795.0,43882676.0,10795770.0,104609340.0,0
2025-11-03,2780.0,2810.0,2730.0,2755.0,135228.0,15306980.0,0.0,87606744.0,1578369.0,30602810.0,6747080.0,62035150.0,5107055.0,104492100.0,0
2025-11-04,2755.0,2755.0,2715.0,2720.0,13965.0,158702750.0,4763200.0,206552910.0,3764775.0,120553480.0,21267056.0,213612130.0,18350976.0,373783600.0,0
2025-11-05,2720.0,2730.0,2685.0,2730.0,20284.0,2321700.0,0.0,35516320.0,239370.0,18330324.0,2439405.0,14494535.0,2813125.0,38077390.0,0
2025-11-06,2750.0,2785.0,2705.0,2740.0,78300.0,90090.0,0.0,54791036.0,5445.0,19893264.0,459680.0,27373644.0,7159981.0,54886572.0,0
2025-11-07,2715.0,2740.0,2700.0,2700.0,29689.0,86886710.0,8979540.0,114191290.0,4670110.0,66120124.0,2006520.0,131587430.0,15013570.0,214727650.0,0
2025-11-10,2700.0,2805.0,2700.0,2775.0,130438.0,21573110.0,4988400.0,49640130.0,4365730.0,24888650.0,7880415.0,43941536.0,3856765.0,80567370.0,0
2025-11-11,2750.0,2805.0,2740.0,2785.0,71296.0,132405590.0,14663885.0,192609810.0,19409116.0,120128580.0,15031845.0,197585040.0,26342956.0,359088420.0,0
2025-11-12,2755.0,2880.0,2745.0,2860.0,77654.0,45340670.0,6550920.0,141623570.0,4572005.0,93814410.0,3788570.0,82505544.0,17978636.0,198087170.0,0
2025-11-13,2860.0,2890.0,2835.0,2880.0,64109.0,72766170.0,2830225.0,128974500.0,15617235.0,50018400.0,8471675.0,159099400.0,2598660.0,220188130.0,0
2025-11-14,2865.0,2895.0,2835.0,2860.0,93957.0,56737890.0,6678625.0,104391880.0,16001675.0,63986040.0,672600.0,116487210.0,2664225.0,183810060.0,0
2025-11-17,2845.0,2890.0,2845.0,2870.0,20933.0,98305610.0,997625.0,125669010.0,44391790.0,93392910.0,6646055.0,167864510.0,1460560.0,269364030.0,0
2025-11-18,2855.0,2890.0,2850.0,2870.0,27117.0,10686225.0,0.0,43145916.0,6130825.0,29546130.0,987215.0,28305600.0,1124020.0,59962964.0,0
2025-11-19,2855.0,2940.0,2830.0,2930.0,97719.0,13574660.0,23399744.0,33617910.0,7218290.0,33148390.0,1632850.0,40121584.0,2907785.0,77810610.0,0
2025-11-20,2920.0,2970.0,2890.0,2950.0,126463.0,71330730.0,3253140.0,163639040.0,44651224.0,82348100.0,5540040.0,186046660.0,8939330.0,282874100.0,0
2025-11-21,2940.0,2945.0,2900.0,2945.0,50269.0,119239230.0,8633750.0,196871570.0,46759920.0,100254440.0,3657940.0,262251070.0,5341015.0,371504480.0,0
2025-11-24,2930.0,2945.0,2880.0,2915.0,113993.0,61934060.0,7455900.0,67148410.0,9969595.0,15009790.0,12538165.0,117102860.0,1857140.0,146507970.0,0
2025-11-25,2910.0,2910.0,2870.0,2890.0,22605.0,131545790.0,7579815.0,183170140.0,9877360.0,137333380.0,2522395.0,166793600.0,25523750.0,332173120.0,0
2025-11-26,2870.0,2935.0,2870.0,2905.0,52047.0,21668196.0,998775.0,42136816.0,569200.0,23880356.0,2225100.0,32721524.0,6546005.0,65372984.0,0
2025-11-27,2885.0,2930.0,2880.0,2900.0,53476.0,52500230.0,4434840.0,89997860.0,4101900.0,51542490.0,3800065.0,80697144.0,14995130.0,151034830.0,0
2025-11-28,2885.0,2935.0,2875.0,2900.0,30516.0,50025070.0,1989400.0,79377780.0,23832572.0,71498160.0,5863440.0,75881850.0,1981370.0,155224820.0,0
2025-12-01,2885.0,2945.0,2880.0,2915.0,74521.0,29540170.0,912170.0,39276870.0,18915096.0,25721000.0,1465980.0,58098890.0,3358435.0,88644300.0,0
2025-12-02,2895.0,2960.0,2885.0,2925.0,89218.0,84702330.0,10150810.0,98300584.0,23908056.0,88603550.0,4405210.0,108830150.0,15222855.0,217061780.0,0
2025-12-03,2925.0,2930.0,2920.0,2930.0,16399.0,109796840.0,10928900.0,120255450.0,20222440.0,75434580.0,8653835.0,169283070.0,7832140.0,261203630.0,0
2025-12-04,2930.0,2945.0,2915.0,2940.0,18198.0,847005.0,0.0,46826348.0,304200.0,21102330.0,7963815.0,15860174.0,3051235.0,47977550.0,0
2025-12-05,2940.0,2950.0,2905.0,2935.0,90738.0,8659930.0,3994535.0,37968624.0,2715130.0,13264875.0,561540.0,34876830.0,4634975.0,53338220.0,0
2025-12-08,2915.0,2935.0,2890.0,2925.0,61985.0,74704490.0,20532180.0,163274340.0,7178780.0,75448080.0,20974496.0,133092980.0,36174224.0,265689780.0,0
2025-12-09,2925.0,2935.0,2890.0,2890.0,64826.0,57019150.0,3527150.0,117934740.0,2066865.0,54095310.0,4867025.0,73520020.0,48065550.0,180547900.0,0
2025-12-10,2885.0,2890.0,2845.0,2845.0,49806.0,57021060.0,6983095.0,120678340.0,4009350.0,60290770.0,1714050.0,98697130.0,27989900.0,188691840.0,0
2025-12-11,2855.0,2855.0,2810.0,2815.0,36660.0,17654564.0,991290.0,115942880.0,7975085.0,21522464.0,5381005.0,95826660.0,19833690.0,142563820.0,0
2025-12-12,2845.0,2845.0,2810.0,2820.0,10761.0,35149476.0,2967700.0,51997440.0,13374355.0,16301685.0,1963035.0,78586150.0,6638095.0,103488970.0,0
2025-12-15,2820.0,2865.0,2805.0,2840.0,37679.0,0.0,0.0,23556090.0,6756450.0,6325320.0,0.0,22094370.0,1892850.0,30312540.0,0
2025-12-16,2835.0,2860.0,2805.0,2830.0,26477.0,25267144.0,7667275.0,58262050.0,15495965.0,38563910.0,3196775.0,58459004.0,6472745.0,106692430.0,0
2025-12-17,2840.0,2840.0,2805.0,2805.0,26506.0,16737080.0,0.0,57573604.0,478830.0,16789904.0,3418730.0,42114370.0,12466510.0,74789510.0,0
2025-12-18,2805.0,2810.0,2805.0,2805.0,2327.0,29312010.0,0.0,42231476.0,3079830.0,25236464.0,56800.0,42368496.0,6961555.0,74623310.0,0
2025-12-19,2840.0,2840.0,2785.0,2825.0,15055.0,0.0,0.0,6523490.0,8415.0,480450.0,0.0,4637610.0,1413845.0,6531905.0,0
2025-12-22,2840.0,2840.0,2805.0,2820.0,16531.0,7799300.0,0.0,28086196.0,6363360.0,6548215.0,0.0,30966450.0,4734190.0,42248856.0,0
2025-12-23,2845.0,2985.0,2800.0,2900.0,126642.0,42150.0,0.0,46143250.0,255960.0,22357416.0,0.0,15592925.0,8491020.0,46441360.0,0
2025-12-24,2900.0,2945.0,2870.0,2895.0,61487.0,69211890.0,134655.0,284420030.0,11787600.0,72209120.0,10256965.0,262875860.0,20212224.0,365554180.0,0
2025-12-26,2895.0,2910.0,2875.0,2890.0,26790.0,58609770.0,1346790.0,86723050.0,31789170.0,51006710.0,1356090.0,115214490.0,10891485.0,178468770.0,0
2025-12-29,2835.0,2850.0,2770.0,2790.0,39062.0,4780705.0,0.0,66974828.0,5677585.0,24733920.0,0.0,47172350.0,5526848.0,77433120.0,0
2025-12-30,2840.0,2840.0,2775.0,2800.0,6927.0,15761390.0,2293200.0,89314060.0,2127385.0,18820984.0,0.0,56616984.0,34058064.0,109496030.0,0
