epoch,train_loss,val_rmse,val_mae,val_corr,val_var
1,0.20612856826266726,0.31497820387495323,0.21177030529113525,0.0007870011229781395,0.1340922990694959
2,0.1283005453042082,0.30161482983447135,0.18684119334880342,0.002984390148219276,0.07169594029162793
