날짜,시가,고가,저가,종가,거래량,등락률,매수_기관합계,매수_기타법인,매수_개인,매수_외국인합계,매도_기관합계,매도_기타법인,매도_개인,매도_외국인합계,전체
2013-10-24,,,,,,,0.0,0.0,81000.0,0.0,0.0,0.0,81000.0,0.0,81000.0
2013-10-25,,,,,,,0.0,0.0,2178500.0,0.0,0.0,0.0,2178500.0,0.0,2178500.0
2013-10-28,,,,,,,0.0,0.0,1537300.0,0.0,0.0,0.0,1537300.0,0.0,1537300.0
2013-10-29,,,,,,,0.0,0.0,2906000.0,0.0,0.0,0.0,2906000.0,0.0,2906000.0
2013-10-30,,,,,,,0.0,0.0,655290.0,0.0,0.0,0.0,655290.0,0.0,655290.0
2013-10-31,,,,,,,0.0,0.0,6885000.0,0.0,0.0,0.0,6885000.0,0.0,6885000.0
2013-11-01,,,,,,,0.0,394811400.0,37718100.0,0.0,0.0,0.0,432529500.0,0.0,432529500.0
2013-11-04,,,,,,,0.0,0.0,163300.0,0.0,0.0,0.0,163300.0,0.0,163300.0
2013-11-05,,,,,,,0.0,4000000.0,6329300.0,0.0,0.0,0.0,10329300.0,0.0,10329300.0
2013-11-06,,,,,,,0.0,78020500.0,5200800.0,0.0,0.0,0.0,83221300.0,0.0,83221300.0
2013-11-07,,,,,,,0.0,26960300.0,5408700.0,0.0,0.0,164800.0,32204200.0,0.0,32369000.0
2013-11-08,,,,,,,0.0,0.0,7435000.0,0.0,0.0,0.0,7435000.0,0.0,7435000.0
2013-11-11,,,,,,,0.0,0.0,5062600.0,0.0,0.0,162400.0,4900200.0,0.0,5062600.0
2013-11-12,,,,,,,0.0,0.0,1834800.0,84500.0,0.0,0.0,1919300.0,0.0,1919300.0
2013-11-13,,,,,,,0.0,14054300.0,11928800.0,0.0,0.0,0.0,25900300.0,82800.0,25983100.0
2013-11-14,,,,,,,0.0,4056000.0,9607300.0,0.0,0.0,0.0,13663300.0,0.0,13663300.0
2013-11-15,,,,,,,0.0,111718000.0,16287300.0,0.0,0.0,0.0,128005300.0,0.0,128005300.0
2013-11-18,,,,,,,0.0,1632000.0,4809100.0,0.0,0.0,0.0,6441100.0,0.0,6441100.0
2013-11-19,,,,,,,0.0,0.0,2537100.0,0.0,0.0,0.0,2537100.0,0.0,2537100.0
2013-11-20,,,,,,,0.0,32669200.0,21316300.0,0.0,9095000.0,0.0,44890500.0,0.0,53985500.0
2013-11-21,,,,,,,0.0,0.0,4078500.0,0.0,0.0,0.0,4078500.0,0.0,4078500.0
2013-11-22,,,,,,,0.0,0.0,17291500.0,0.0,4505000.0,0.0,12786500.0,0.0,17291500.0
2013-11-25,,,,,,,0.0,0.0,37706100.0,0.0,0.0,0.0,37706100.0,0.0,37706100.0
2013-11-26,,,,,,,0.0,0.0,3259500.0,0.0,0.0,0.0,3259500.0,0.0,3259500.0
2013-11-27,,,,,,,0.0,0.0,6261900.0,0.0,0.0,0.0,6261900.0,0.0,6261900.0
2013-11-28,,,,,,,0.0,0.0,8210310.0,0.0,1853800.0,86000.0,6270510.0,0.0,8210310.0
2013-11-29,,,,,,,0.0,67304430.0,6693700.0,0.0,60400620.0,332000.0,13265510.0,0.0,73998130.0
2013-12-02,,,,,,,0.0,14845200.0,6594200.0,0.0,0.0,0.0,21439400.0,0.0,21439400.0
2013-12-03,,,,,,,0.0,0.0,33882500.0,0.0,0.0,3918500.0,29964000.0,0.0,33882500.0
2013-12-04,854.0,854.0,854.0,854.0,30.0,,0.0,0.0,256200.0,0.0,0.0,0.0,256200.0,0.0,256200.0
2013-12-05,854.0,854.0,840.0,854.0,590.0,0.0,0.0,0.0,4980600.0,0.0,0.0,0.0,4980600.0,0.0,4980600.0
2013-12-06,854.0,854.0,848.0,852.0,660.0,-0.234192037470726,0.0,0.0,5598200.0,0.0,0.0,0.0,5598200.0,0.0,5598200.0
2013-12-09,852.0,852.0,820.0,825.0,11340.0,-3.169014084507042,0.0,45310000.0,48339500.0,0.0,0.0,48179200.0,45470300.0,0.0,93649500.0
2013-12-10,825.0,837.0,815.0,837.0,4740.0,1.4545454545454546,0.0,22657000.0,16134200.0,0.0,0.0,35387700.0,3403500.0,0.0,38791200.0
2013-12-11,860.0,860.0,817.0,820.0,8841.0,-2.031063321385902,0.0,14758100.0,58447200.0,0.0,0.0,9026400.0,64178900.0,0.0,73205300.0
2013-12-12,829.0,840.0,808.0,831.0,10220.0,1.3414634146341464,0.0,64583100.0,18494800.0,0.0,0.0,59918600.0,23159300.0,0.0,83077900.0
2013-12-13,834.0,835.0,830.0,835.0,1520.0,0.48134777376654636,0.0,12588000.0,83500.0,0.0,0.0,0.0,12671500.0,0.0,12671500.0
2013-12-16,834.0,835.0,808.0,815.0,7840.0,-2.3952095808383236,0.0,49676300.0,14614400.0,0.0,0.0,0.0,64290700.0,0.0,64290700.0
2013-12-17,811.0,839.0,811.0,838.0,2330.0,2.8220858895705523,0.0,16671500.0,2738700.0,0.0,0.0,0.0,19410200.0,0.0,19410200.0
2013-12-18,830.0,840.0,830.0,840.0,250.0,0.23866348448687352,0.0,0.0,2076000.0,0.0,0.0,0.0,2076000.0,0.0,2076000.0
2013-12-19,840.0,840.0,816.0,835.0,1410.0,-0.5952380952380952,0.0,0.0,11780700.0,0.0,8400000.0,0.0,3380700.0,0.0,11780700.0
2013-12-20,839.0,842.0,839.0,842.0,30.0,0.8383233532934131,0.0,0.0,252100.0,0.0,0.0,0.0,252100.0,0.0,252100.0
2013-12-23,842.0,869.0,835.0,869.0,1830.0,3.2066508313539197,0.0,0.0,15415800.0,0.0,0.0,0.0,15415800.0,0.0,15415800.0
2013-12-24,860.0,870.0,805.0,857.0,2420.0,-1.380897583429229,0.0,0.0,20449100.0,0.0,0.0,0.0,20449100.0,0.0,20449100.0
2013-12-26,855.0,885.0,850.0,870.0,1790.0,1.5169194865810969,0.0,0.0,15488100.0,0.0,0.0,0.0,15488100.0,0.0,15488100.0
2013-12-27,841.0,842.0,822.0,822.0,2061.0,-5.517241379310345,0.0,0.0,17081720.0,0.0,0.0,0.0,17081720.0,0.0,17081720.0
2013-12-30,815.0,847.0,805.0,805.0,2252.0,-2.068126520681265,0.0,0.0,18205400.0,0.0,0.0,0.0,18205400.0,0.0,18205400.0
2014-01-02,804.0,846.0,789.0,830.0,1460.0,3.1055900621118013,0.0,0.0,12073300.0,0.0,0.0,0.0,12073300.0,0.0,12073300.0
2014-01-03,810.0,810.0,790.0,790.0,2973.0,-4.819277108433735,0.0,0.0,23696600.0,0.0,0.0,0.0,23696600.0,0.0,23696600.0
2014-01-06,793.0,805.0,781.0,781.0,222.0,-1.139240506329114,0.0,0.0,1744620.0,0.0,0.0,0.0,1744620.0,0.0,1744620.0
2014-01-07,808.0,808.0,743.0,792.0,2380.0,1.4084507042253522,0.0,0.0,18236800.0,0.0,0.0,0.0,18236800.0,0.0,18236800.0
2014-01-08,797.0,797.0,797.0,797.0,10.0,0.6313131313131313,0.0,0.0,79700.0,0.0,0.0,0.0,79700.0,0.0,79700.0
2014-01-09,794.0,795.0,794.0,795.0,160.0,-0.2509410288582183,0.0,0.0,1271900.0,0.0,0.0,0.0,1271900.0,0.0,1271900.0
2014-01-10,793.0,794.0,772.0,793.0,390.0,-0.25157232704402516,0.0,0.0,3074500.0,0.0,0.0,0.0,3074500.0,0.0,3074500.0
2014-01-13,793.0,793.0,759.0,774.0,2998.0,-2.3959646910466583,0.0,0.0,22864820.0,0.0,0.0,0.0,22864820.0,0.0,22864820.0
2014-01-14,788.0,788.0,780.0,780.0,31.0,0.7751937984496124,0.0,0.0,242600.0,0.0,0.0,0.0,242600.0,0.0,242600.0
2014-01-15,780.0,780.0,777.0,777.0,162.0,-0.38461538461538464,0.0,0.0,1259040.0,0.0,0.0,0.0,1259040.0,0.0,1259040.0
2014-01-16,798.0,798.0,751.0,770.0,1726.0,-0.9009009009009009,0.0,0.0,13124500.0,0.0,0.0,0.0,13124500.0,0.0,13124500.0
2014-01-17,752.0,766.0,752.0,766.0,262.0,-0.5194805194805194,0.0,0.0,1993420.0,0.0,0.0,0.0,1993420.0,0.0,1993420.0
2014-01-20,765.0,777.0,756.0,776.0,900.0,1.3054830287206265,0.0,0.0,6862600.0,0.0,0.0,0.0,6862600.0,0.0,6862600.0
2014-01-21,775.0,775.0,773.0,773.0,320.0,-0.3865979381443299,0.0,0.0,2474600.0,0.0,0.0,0.0,2474600.0,0.0,2474600.0
2014-01-22,772.0,772.0,772.0,772.0,20.0,-0.129366106080207,0.0,0.0,154400.0,0.0,0.0,0.0,154400.0,0.0,154400.0
2014-01-23,779.0,779.0,771.0,778.0,140.0,0.7772020725388601,0.0,0.0,1083100.0,0.0,0.0,0.0,1083100.0,0.0,1083100.0
2014-01-24,754.0,777.0,754.0,777.0,80.0,-0.12853470437017994,0.0,0.0,611600.0,0.0,0.0,0.0,611600.0,0.0,611600.0
2014-01-27,781.0,781.0,681.0,767.0,1455.0,-1.287001287001287,0.0,0.0,10631950.0,0.0,0.0,0.0,10631950.0,0.0,10631950.0
2014-01-28,765.0,766.0,742.0,763.0,1070.0,-0.5215123859191656,0.0,0.0,8068000.0,0.0,0.0,0.0,8068000.0,0.0,8068000.0
2014-01-29,771.0,775.0,750.0,775.0,400.0,1.5727391874180863,0.0,0.0,3086500.0,0.0,0.0,0.0,3086500.0,0.0,3086500.0
2014-02-03,775.0,777.0,770.0,775.0,1260.0,0.0,0.0,0.0,9752000.0,0.0,0.0,0.0,9752000.0,0.0,9752000.0
2014-02-04,770.0,770.0,750.0,765.0,430.0,-1.2903225806451613,0.0,0.0,3277500.0,0.0,0.0,0.0,3277500.0,0.0,3277500.0
2014-02-05,769.0,769.0,765.0,768.0,90.0,0.39215686274509803,0.0,0.0,689900.0,0.0,0.0,0.0,689900.0,0.0,689900.0
2014-02-06,768.0,773.0,757.0,769.0,1220.0,0.13020833333333331,0.0,0.0,9367800.0,0.0,0.0,0.0,9367800.0,0.0,9367800.0
2014-02-07,772.0,772.0,756.0,765.0,5050.0,-0.5201560468140443,0.0,0.0,38875200.0,0.0,0.0,0.0,38875200.0,0.0,38875200.0
2014-02-10,768.0,769.0,768.0,769.0,200.0,0.522875816993464,0.0,0.0,1537400.0,0.0,0.0,0.0,1537400.0,0.0,1537400.0
2014-02-11,768.0,769.0,768.0,769.0,170.0,0.0,0.0,0.0,1305700.0,0.0,0.0,0.0,1305700.0,0.0,1305700.0
2014-02-12,654.0,749.0,654.0,739.0,14909.0,-3.901170351105332,0.0,14833800.0,88751610.0,0.0,0.0,0.0,103585410.0,0.0,103585410.0
2014-02-13,739.0,746.0,735.0,746.0,1430.0,0.9472259810554804,0.0,0.0,10537900.0,0.0,0.0,0.0,10537900.0,0.0,10537900.0
2014-02-14,749.0,749.0,740.0,748.0,220.0,0.2680965147453083,74900.0,74900.0,1489700.0,0.0,0.0,0.0,1639500.0,0.0,1639500.0
2014-02-17,748.0,751.0,742.0,751.0,90.0,0.4010695187165776,0.0,149600.0,524200.0,0.0,0.0,0.0,673800.0,0.0,673800.0
2014-02-18,758.0,758.0,742.0,757.0,530.0,0.7989347536617843,0.0,0.0,3949000.0,0.0,0.0,0.0,3949000.0,0.0,3949000.0
2014-02-19,755.0,755.0,745.0,745.0,1141.0,-1.5852047556142668,0.0,0.0,8523150.0,0.0,0.0,0.0,8523150.0,0.0,8523150.0
2014-02-20,746.0,752.0,745.0,752.0,690.0,0.9395973154362416,0.0,0.0,5150800.0,0.0,0.0,0.0,5150800.0,0.0,5150800.0
2014-02-21,750.0,751.0,740.0,743.0,1050.0,-1.196808510638298,0.0,0.0,7804400.0,0.0,0.0,0.0,7804400.0,0.0,7804400.0
2014-02-24,741.0,744.0,740.0,743.0,410.0,0.0,0.0,0.0,3037300.0,0.0,0.0,0.0,3037300.0,0.0,3037300.0
2014-02-25,749.0,749.0,742.0,742.0,380.0,-0.13458950201884254,0.0,148400.0,2672800.0,0.0,0.0,0.0,2821200.0,0.0,2821200.0
2014-02-26,749.0,749.0,730.0,742.0,2100.0,0.0,0.0,1484000.0,14119500.0,0.0,0.0,0.0,15603500.0,0.0,15603500.0
2014-02-27,749.0,749.0,733.0,748.0,1810.0,0.8086253369272237,0.0,11312200.0,2143800.0,0.0,0.0,0.0,13456000.0,0.0,13456000.0
2014-02-28,749.0,749.0,749.0,749.0,80.0,0.1336898395721925,0.0,0.0,599200.0,0.0,0.0,0.0,599200.0,0.0,599200.0
2014-03-03,741.0,755.0,741.0,755.0,270.0,0.801068090787717,0.0,0.0,2031000.0,0.0,0.0,0.0,2031000.0,0.0,2031000.0
2014-03-04,755.0,755.0,743.0,746.0,1260.0,-1.1920529801324504,148800.0,5588500.0,3661000.0,0.0,0.0,0.0,9398300.0,0.0,9398300.0
2014-03-05,756.0,756.0,747.0,749.0,491.0,0.40214477211796246,75300.0,300300.0,3302890.0,0.0,0.0,0.0,3678490.0,0.0,3678490.0
2014-03-06,754.0,755.0,750.0,750.0,840.0,0.13351134846461948,376000.0,902400.0,5026500.0,0.0,0.0,0.0,6304900.0,0.0,6304900.0
2014-03-07,757.0,758.0,741.0,757.0,1556.0,0.9333333333333335,0.0,6317720.0,5393000.0,0.0,0.0,0.0,11710720.0,0.0,11710720.0
2014-03-10,784.0,784.0,765.0,775.0,9750.0,2.3778071334214,0.0,0.0,75214200.0,0.0,0.0,0.0,75214200.0,0.0,75214200.0
2014-03-11,748.0,775.0,748.0,774.0,3720.0,-0.12903225806451613,0.0,309600.0,27756600.0,0.0,0.0,974000.0,27092200.0,0.0,28066200.0
2014-03-12,774.0,774.0,773.0,773.0,410.0,-0.12919896640826875,0.0,0.0,3169500.0,0.0,0.0,0.0,3169500.0,0.0,3169500.0
2014-03-13,769.0,772.0,769.0,772.0,91.0,-0.129366106080207,0.0,0.0,700320.0,0.0,0.0,0.0,700320.0,0.0,700320.0
2014-03-14,772.0,772.0,772.0,772.0,120.0,0.0,0.0,0.0,926400.0,0.0,0.0,0.0,926400.0,0.0,926400.0
2014-03-17,772.0,780.0,745.0,770.0,4420.0,-0.2590673575129534,0.0,5385400.0,28286700.0,0.0,0.0,0.0,33672100.0,0.0,33672100.0
2014-03-18,779.0,779.0,760.0,769.0,120.0,-0.12987012987012986,0.0,76900.0,839500.0,0.0,0.0,0.0,916400.0,0.0,916400.0
2014-03-19,766.0,788.0,766.0,780.0,4210.0,1.4304291287386215,0.0,29085200.0,3588700.0,0.0,0.0,0.0,32673900.0,0.0,32673900.0
2014-03-20,788.0,788.0,770.0,787.0,1152.0,0.8974358974358974,0.0,0.0,8874240.0,0.0,0.0,8470000.0,404240.0,0.0,8874240.0
2014-03-21,788.0,788.0,760.0,784.0,1840.0,-0.3811944091486658,0.0,13727800.0,543600.0,0.0,0.0,0.0,14271400.0,0.0,14271400.0
2014-03-24,814.0,814.0,760.0,789.0,6390.0,0.6377551020408163,0.0,46142500.0,2797900.0,0.0,0.0,0.0,48940400.0,0.0,48940400.0
2014-03-25,790.0,790.0,782.0,782.0,50.0,-0.8871989860583016,0.0,78200.0,314900.0,0.0,0.0,0.0,393100.0,0.0,393100.0
2014-03-26,783.0,814.0,776.0,788.0,170.0,0.7672634271099744,0.0,78300.0,1253300.0,0.0,0.0,77700.0,1253900.0,0.0,1331600.0
2014-03-27,771.0,780.0,760.0,780.0,8502.0,-1.015228426395939,0.0,53900000.0,11501500.0,0.0,0.0,64920300.0,481200.0,0.0,65401500.0
2014-03-28,780.0,799.0,780.0,798.0,2380.0,2.307692307692308,0.0,15925300.0,2913700.0,0.0,0.0,3154600.0,15684400.0,0.0,18839000.0
2014-03-31,778.0,798.0,777.0,798.0,660.0,0.0,0.0,0.0,5249500.0,0.0,0.0,0.0,5249500.0,0.0,5249500.0
2014-04-01,800.0,805.0,781.0,799.0,1680.0,0.12531328320802004,0.0,0.0,13305100.0,0.0,0.0,2975400.0,10329700.0,0.0,13305100.0
2014-04-02,781.0,793.0,780.0,792.0,6277.0,-0.8760951188986232,0.0,0.0,49082240.0,0.0,0.0,35133800.0,13948440.0,0.0,49082240.0
2014-04-03,790.0,790.0,776.0,790.0,7260.0,-0.25252525252525254,0.0,0.0,56949700.0,0.0,0.0,23460000.0,33489700.0,0.0,56949700.0
2014-04-04,790.0,805.0,787.0,800.0,15740.0,1.2658227848101267,0.0,119454400.0,5852100.0,0.0,0.0,24410100.0,100896400.0,0.0,125306500.0
2014-04-07,795.0,810.0,795.0,810.0,15560.0,1.25,0.0,102722700.0,22925400.0,0.0,0.0,80500.0,125567600.0,0.0,125648100.0
2014-04-08,809.0,809.0,790.0,809.0,43430.0,-0.12345679012345678,0.0,290944600.0,55849100.0,0.0,0.0,132368000.0,214425700.0,0.0,346793700.0
2014-04-09,809.0,818.0,809.0,818.0,1990.0,1.1124845488257107,0.0,13768300.0,2350600.0,0.0,0.0,0.0,16118900.0,0.0,16118900.0
2014-04-10,818.0,850.0,818.0,820.0,16840.0,0.24449877750611246,0.0,86493600.0,52794900.0,0.0,28685500.0,0.0,110603000.0,0.0,139288500.0
2014-04-11,820.0,844.0,820.0,844.0,9392.0,2.9268292682926833,0.0,44696700.0,34213600.0,0.0,13219400.0,421500.0,65269400.0,0.0,78910300.0
2014-04-14,857.0,964.0,848.0,940.0,31831.0,11.374407582938389,0.0,0.0,292916400.0,568800.0,8968000.0,611800.0,283338200.0,567200.0,293485200.0
2014-04-15,915.0,927.0,891.0,921.0,10171.0,-2.021276595744681,0.0,0.0,89429710.0,2853400.0,0.0,0.0,92283110.0,0.0,92283110.0
2014-04-16,905.0,940.0,905.0,940.0,10061.0,2.0629750271444083,0.0,0.0,92269300.0,0.0,9400.0,0.0,91159500.0,1100400.0,92269300.0
2014-04-17,940.0,940.0,920.0,920.0,1670.0,-2.127659574468085,0.0,0.0,15372500.0,0.0,0.0,0.0,15372500.0,0.0,15372500.0
2014-04-18,950.0,950.0,940.0,940.0,7180.0,2.1739130434782608,0.0,0.0,68089900.0,0.0,0.0,0.0,68089900.0,0.0,68089900.0
2014-04-21,945.0,945.0,920.0,935.0,3290.0,-0.5319148936170213,0.0,0.0,30371600.0,0.0,0.0,0.0,30371600.0,0.0,30371600.0
2014-04-22,922.0,922.0,920.0,922.0,6070.0,-1.3903743315508021,0.0,0.0,55961300.0,0.0,0.0,0.0,55961300.0,0.0,55961300.0
2014-04-23,935.0,935.0,910.0,920.0,570.0,-0.21691973969631237,0.0,0.0,5231100.0,0.0,92100.0,0.0,5139000.0,0.0,5231100.0
2014-04-24,910.0,919.0,901.0,919.0,490.0,-0.10869565217391304,0.0,0.0,4460300.0,0.0,0.0,0.0,4460300.0,0.0,4460300.0
2014-04-25,918.0,918.0,900.0,909.0,840.0,-1.088139281828074,0.0,0.0,7583500.0,0.0,0.0,0.0,7583500.0,0.0,7583500.0
2014-04-28,900.0,935.0,900.0,920.0,6060.0,1.21012101210121,0.0,0.0,55649600.0,0.0,0.0,0.0,55557100.0,92500.0,55649600.0
2014-04-29,865.0,930.0,865.0,920.0,3560.0,0.0,0.0,0.0,32566900.0,0.0,0.0,0.0,32566900.0,0.0,32566900.0
2014-04-30,900.0,930.0,900.0,930.0,15400.0,1.0869565217391304,0.0,63631700.0,78634900.0,0.0,0.0,0.0,140501500.0,1765100.0,142266600.0
2014-05-02,945.0,945.0,914.0,920.0,5210.0,-1.0752688172043012,0.0,0.0,47779100.0,0.0,0.0,0.0,47779100.0,0.0,47779100.0
2014-05-07,933.0,933.0,915.0,915.0,28580.0,-0.5434782608695652,0.0,254798700.0,9937700.0,0.0,0.0,0.0,264736400.0,0.0,264736400.0
2014-05-08,919.0,935.0,918.0,920.0,37570.0,0.546448087431694,0.0,254115000.0,92568700.0,0.0,0.0,183976200.0,162707500.0,0.0,346683700.0
2014-05-09,920.0,920.0,892.0,909.0,6870.0,-1.1956521739130435,0.0,0.0,62132000.0,0.0,0.0,0.0,62132000.0,0.0,62132000.0
2014-05-12,901.0,920.0,901.0,909.0,5340.0,0.0,0.0,0.0,48687500.0,0.0,90100.0,0.0,48597400.0,0.0,48687500.0
2014-05-13,895.0,913.0,895.0,910.0,620.0,0.11001100110011,0.0,0.0,5568800.0,0.0,0.0,0.0,5568800.0,0.0,5568800.0
2014-05-14,910.0,910.0,899.0,910.0,2400.0,0.0,0.0,0.0,21639400.0,0.0,0.0,0.0,21639400.0,0.0,21639400.0
2014-05-15,908.0,909.0,908.0,909.0,20.0,-0.10989010989010989,0.0,0.0,181700.0,0.0,0.0,0.0,181700.0,0.0,181700.0
2014-05-16,900.0,908.0,900.0,908.0,120.0,-0.11001100110011,0.0,0.0,1087200.0,0.0,0.0,0.0,1087200.0,0.0,1087200.0
2014-05-19,857.0,907.0,857.0,906.0,170.0,-0.22026431718061676,0.0,0.0,1415500.0,90600.0,0.0,0.0,1506100.0,0.0,1506100.0
2014-05-20,904.0,904.0,904.0,904.0,10.0,-0.22075055187637968,0.0,0.0,90400.0,0.0,0.0,0.0,90400.0,0.0,90400.0
2014-05-21,901.0,901.0,880.0,897.0,1850.0,-0.7743362831858407,0.0,0.0,16447700.0,0.0,0.0,0.0,16447700.0,0.0,16447700.0
2014-05-22,898.0,915.0,850.0,889.0,37442.0,-0.8918617614269788,0.0,240625000.0,84923270.0,1027600.0,0.0,0.0,326312170.0,263700.0,326575870.0
2014-05-23,878.0,878.0,860.0,873.0,34552.0,-1.799775028121485,0.0,219499900.0,82420460.0,0.0,0.0,0.0,301920360.0,0.0,301920360.0
2014-05-26,865.0,889.0,865.0,888.0,150.0,1.718213058419244,0.0,0.0,1314400.0,0.0,0.0,0.0,1314400.0,0.0,1314400.0
2014-05-27,880.0,888.0,880.0,888.0,210.0,0.0,0.0,0.0,1848800.0,0.0,0.0,0.0,1848800.0,0.0,1848800.0
2014-05-28,871.0,890.0,870.0,874.0,5070.0,-1.5765765765765765,0.0,0.0,44936100.0,0.0,4706400.0,0.0,39345200.0,884500.0,44936100.0
2014-05-29,864.0,874.0,842.0,870.0,1491.0,-0.4576659038901602,0.0,0.0,11054100.0,1619600.0,0.0,0.0,12673700.0,0.0,12673700.0
2014-05-30,877.0,877.0,876.0,876.0,210.0,0.6896551724137931,0.0,0.0,1839700.0,0.0,0.0,0.0,1839700.0,0.0,1839700.0
2014-06-02,855.0,870.0,847.0,862.0,29.0,-1.5981735159817352,0.0,0.0,248890.0,0.0,128330.0,0.0,59870.0,60690.0,248890.0
2014-06-03,835.0,860.0,834.0,842.0,164.0,-2.320185614849188,0.0,0.0,1380100.0,0.0,50060.0,0.0,1244840.0,85200.0,1380100.0
2014-06-05,822.0,842.0,807.0,842.0,899.0,0.0,0.0,0.0,7386720.0,0.0,167900.0,0.0,5782920.0,1435900.0,7386720.0
2014-06-09,842.0,890.0,835.0,877.0,24684.0,4.156769596199525,0.0,201335200.0,4987870.0,0.0,193660.0,0.0,206129410.0,0.0,206323070.0
2014-06-10,834.0,880.0,834.0,865.0,30269.0,-1.3683010262257698,0.0,215259000.0,45202750.0,282420.0,125100.0,0.0,260619070.0,0.0,260744170.0
2014-06-11,833.0,865.0,831.0,848.0,14185.0,-1.9653179190751446,0.0,95703850.0,22994210.0,133280.0,0.0,0.0,118693900.0,137440.0,118831340.0
2014-06-12,866.0,866.0,831.0,831.0,27031.0,-2.0047169811320753,0.0,211492100.0,16481600.0,0.0,142970.0,0.0,227830730.0,0.0,227973700.0
2014-06-13,848.0,848.0,804.0,830.0,29647.0,-0.12033694344163659,0.0,203917050.0,36305660.0,1266720.0,64440.0,0.0,241424990.0,0.0,241489430.0
2014-06-16,829.0,845.0,821.0,835.0,26882.0,0.6024096385542169,0.0,207600920.0,15505360.0,0.0,0.0,0.0,223023380.0,82900.0,223106280.0
2014-06-17,835.0,839.0,835.0,837.0,26447.0,0.23952095808383234,0.0,208750000.0,12082510.0,0.0,0.0,167000000.0,53707260.0,125250.0,220832510.0
2014-06-18,830.0,839.0,830.0,835.0,8302.0,-0.23894862604540024,0.0,57709900.0,11196840.0,0.0,0.0,0.0,68906740.0,0.0,68906740.0
2014-06-19,825.0,826.0,820.0,826.0,841.0,-1.0778443113772456,0.0,820000.0,6082110.0,0.0,0.0,0.0,6819510.0,82600.0,6902110.0
2014-06-20,816.0,900.0,816.0,833.0,502.0,0.847457627118644,0.0,0.0,4188440.0,0.0,65600.0,0.0,4122840.0,0.0,4188440.0
2014-06-23,833.0,833.0,818.0,829.0,35.0,-0.4801920768307323,0.0,0.0,289500.0,0.0,0.0,0.0,289500.0,0.0,289500.0
2014-06-24,832.0,832.0,815.0,828.0,1305.0,-0.12062726176115801,0.0,0.0,10658040.0,0.0,0.0,0.0,10658040.0,0.0,10658040.0
2014-06-25,816.0,823.0,805.0,805.0,133.0,-2.7777777777777777,0.0,0.0,1075550.0,0.0,0.0,0.0,1075550.0,0.0,1075550.0
2014-06-26,802.0,819.0,790.0,818.0,1327.0,1.6149068322981366,0.0,796000.0,9819920.0,0.0,0.0,0.0,10615920.0,0.0,10615920.0
2014-06-27,800.0,826.0,800.0,825.0,1211.0,0.8557457212713936,0.0,0.0,9846250.0,0.0,0.0,0.0,9846250.0,0.0,9846250.0
2014-06-30,829.0,829.0,826.0,826.0,53.0,0.12121212121212122,0.0,24780.0,413360.0,0.0,0.0,0.0,438140.0,0.0,438140.0
2014-07-01,835.0,835.0,790.0,790.0,5435.0,-4.358353510895883,0.0,0.0,43243340.0,0.0,0.0,0.0,42945860.0,297480.0,43243340.0
2014-07-02,795.0,795.0,751.0,779.0,7724.0,-1.3924050632911391,0.0,389500.0,59606150.0,0.0,0.0,0.0,59995650.0,0.0,59995650.0
2014-07-03,789.0,790.0,765.0,780.0,7456.0,0.12836970474967907,0.0,28682500.0,29085100.0,0.0,0.0,0.0,57767600.0,0.0,57767600.0
2014-07-04,802.0,802.0,780.0,780.0,1839.0,0.0,0.0,0.0,14364510.0,0.0,0.0,0.0,14364510.0,0.0,14364510.0
2014-07-07,778.0,788.0,770.0,785.0,7336.0,0.641025641025641,0.0,0.0,56723230.0,0.0,0.0,0.0,56723230.0,0.0,56723230.0
2014-07-08,787.0,791.0,785.0,788.0,14.0,0.3821656050955414,0.0,0.0,110260.0,0.0,0.0,0.0,110260.0,0.0,110260.0
2014-07-09,788.0,805.0,775.0,798.0,8245.0,1.2690355329949239,0.0,50503000.0,13825150.0,790000.0,0.0,0.0,65118150.0,0.0,65118150.0
2014-07-10,808.0,812.0,801.0,808.0,3590.0,1.2531328320802004,80800.0,6057300.0,22854970.0,0.0,0.0,0.0,28993070.0,0.0,28993070.0
2014-07-11,810.0,825.0,780.0,825.0,4416.0,2.103960396039604,0.0,327400.0,34986370.0,0.0,0.0,0.0,33710820.0,1602950.0,35313770.0
2014-07-14,824.0,848.0,813.0,820.0,909.0,-0.6060606060606061,0.0,0.0,7577420.0,0.0,0.0,0.0,7577420.0,0.0,7577420.0
2014-07-15,838.0,846.0,824.0,846.0,363.0,3.1707317073170733,0.0,0.0,3065620.0,0.0,0.0,0.0,3065620.0,0.0,3065620.0
2014-07-16,827.0,845.0,827.0,831.0,966.0,-1.773049645390071,0.0,0.0,8017040.0,0.0,0.0,0.0,8017040.0,0.0,8017040.0
2014-07-17,841.0,841.0,818.0,840.0,588.0,1.083032490974729,0.0,0.0,4904440.0,0.0,0.0,822000.0,4082440.0,0.0,4904440.0
2014-07-18,840.0,840.0,827.0,840.0,501.0,0.0,0.0,168000.0,4020900.0,0.0,0.0,1240500.0,2948400.0,0.0,4188900.0
2014-07-21,840.0,845.0,834.0,843.0,300.0,0.35714285714285715,84000.0,772800.0,1660970.0,0.0,0.0,0.0,2517770.0,0.0,2517770.0
2014-07-22,847.0,850.0,840.0,842.0,91.0,-0.11862396204033215,0.0,0.0,767840.0,0.0,0.0,0.0,767840.0,0.0,767840.0
2014-07-23,842.0,842.0,820.0,820.0,555.0,-2.6128266033254155,332400.0,500800.0,3807000.0,0.0,0.0,0.0,4640200.0,0.0,4640200.0
2014-07-24,820.0,860.0,815.0,830.0,1583.0,1.2195121951219512,0.0,0.0,13064980.0,0.0,0.0,0.0,13064980.0,0.0,13064980.0
2014-07-25,838.0,841.0,792.0,810.0,927.0,-2.4096385542168677,0.0,0.0,7531550.0,0.0,0.0,0.0,7531550.0,0.0,7531550.0
2014-07-28,814.0,828.0,804.0,818.0,340.0,0.9876543209876543,0.0,0.0,2777500.0,0.0,0.0,0.0,2777500.0,0.0,2777500.0
2014-07-29,821.0,822.0,795.0,808.0,2283.0,-1.2224938875305624,0.0,0.0,18325930.0,0.0,0.0,0.0,18317840.0,8090.0,18325930.0
2014-07-30,810.0,827.0,807.0,821.0,568.0,1.608910891089109,0.0,0.0,4642360.0,0.0,0.0,0.0,4642360.0,0.0,4642360.0
2014-07-31,822.0,824.0,812.0,824.0,52.0,0.3654080389768575,0.0,0.0,427890.0,0.0,0.0,0.0,427890.0,0.0,427890.0
2014-08-01,832.0,850.0,812.0,812.0,116.0,-1.4563106796116505,0.0,0.0,971560.0,0.0,0.0,322680.0,648880.0,0.0,971560.0
2014-08-04,809.0,850.0,809.0,812.0,948.0,0.0,0.0,139230.0,7592350.0,0.0,0.0,0.0,7731580.0,0.0,7731580.0
2014-08-05,830.0,831.0,806.0,806.0,4256.0,-0.7389162561576355,0.0,0.0,34453220.0,0.0,0.0,0.0,34453220.0,0.0,34453220.0
2014-08-06,806.0,815.0,806.0,815.0,464.0,1.1166253101736971,0.0,0.0,3757390.0,0.0,0.0,0.0,3757390.0,0.0,3757390.0
2014-08-07,815.0,815.0,790.0,800.0,6116.0,-1.8404907975460123,0.0,2144200.0,46695350.0,0.0,0.0,0.0,48839550.0,0.0,48839550.0
2014-08-08,800.0,800.0,786.0,793.0,100.0,-0.8750000000000001,0.0,0.0,789100.0,0.0,0.0,0.0,789100.0,0.0,789100.0
2014-08-11,810.0,815.0,794.0,806.0,103.0,1.639344262295082,0.0,0.0,827990.0,0.0,0.0,0.0,811710.0,16280.0,827990.0
2014-08-12,806.0,806.0,792.0,802.0,4423.0,-0.49627791563275436,0.0,0.0,35373050.0,0.0,0.0,7922000.0,27451050.0,0.0,35373050.0
2014-08-13,811.0,849.0,795.0,796.0,577.0,-0.7481296758104738,0.0,460980.0,4195400.0,0.0,0.0,1330970.0,3325410.0,0.0,4656380.0
2014-08-14,799.0,814.0,791.0,809.0,5561.0,1.6331658291457287,0.0,0.0,44198990.0,0.0,0.0,0.0,44198990.0,0.0,44198990.0
2014-08-18,809.0,817.0,790.0,798.0,899.0,-1.3597033374536465,0.0,0.0,7127150.0,0.0,0.0,0.0,7127150.0,0.0,7127150.0
2014-08-19,798.0,813.0,792.0,813.0,9771.0,1.8796992481203008,0.0,13837820.0,63805620.0,0.0,0.0,0.0,77643440.0,0.0,77643440.0
2014-08-20,809.0,823.0,796.0,816.0,3246.0,0.36900369003690037,0.0,0.0,25544250.0,614080.0,0.0,0.0,26158330.0,0.0,26158330.0
2014-08-21,815.0,815.0,812.0,815.0,5.0,-0.12254901960784313,0.0,0.0,40720.0,0.0,0.0,0.0,40720.0,0.0,40720.0
2014-08-22,819.0,819.0,801.0,812.0,833.0,-0.36809815950920244,0.0,0.0,6678700.0,0.0,0.0,0.0,6678700.0,0.0,6678700.0
2014-08-25,812.0,830.0,801.0,813.0,7507.0,0.12315270935960591,0.0,0.0,61639380.0,0.0,0.0,55065700.0,6573680.0,0.0,61639380.0
2014-08-26,819.0,837.0,805.0,830.0,2150.0,2.091020910209102,995400.0,2534700.0,14257140.0,0.0,0.0,74700.0,17712540.0,0.0,17787240.0
2014-08-27,828.0,850.0,822.0,832.0,1649.0,0.24096385542168677,0.0,0.0,13784180.0,0.0,0.0,8380000.0,5404180.0,0.0,13784180.0
2014-08-28,845.0,845.0,828.0,836.0,875.0,0.4807692307692308,0.0,16760.0,7252330.0,0.0,0.0,0.0,7269090.0,0.0,7269090.0
2014-08-29,829.0,839.0,812.0,823.0,107.0,-1.555023923444976,0.0,0.0,889370.0,0.0,0.0,0.0,889370.0,0.0,889370.0
2014-09-01,793.0,840.0,790.0,790.0,7496.0,-4.0097205346294045,0.0,23151100.0,36324970.0,0.0,21709200.0,0.0,37766870.0,0.0,59476070.0
2014-09-02,794.0,808.0,758.0,808.0,7431.0,2.278481012658228,0.0,0.0,56791460.0,0.0,0.0,0.0,56791460.0,0.0,56791460.0
2014-09-03,809.0,809.0,791.0,806.0,297.0,-0.24752475247524752,0.0,0.0,2381200.0,0.0,0.0,0.0,2381200.0,0.0,2381200.0
2014-09-04,782.0,845.0,782.0,816.0,7097.0,1.240694789081886,0.0,73440.0,59251910.0,0.0,0.0,0.0,58632350.0,693000.0,59325350.0
2014-09-05,820.0,835.0,800.0,806.0,2341.0,-1.2254901960784315,0.0,0.0,18998440.0,0.0,0.0,1632000.0,17366440.0,0.0,18998440.0
2014-09-11,800.0,814.0,800.0,809.0,683.0,0.37220843672456577,0.0,0.0,5494720.0,0.0,0.0,0.0,5478520.0,16200.0,5494720.0
2014-09-12,809.0,818.0,805.0,818.0,1302.0,1.1124845488257107,0.0,0.0,10581600.0,0.0,0.0,0.0,10581600.0,0.0,10581600.0
2014-09-15,818.0,818.0,815.0,815.0,17.0,-0.36674816625916873,0.0,0.0,138590.0,0.0,0.0,0.0,138590.0,0.0,138590.0
2014-09-16,816.0,816.0,780.0,800.0,232.0,-1.8404907975460123,0.0,0.0,1835410.0,0.0,0.0,0.0,1835410.0,0.0,1835410.0
2014-09-17,804.0,820.0,804.0,805.0,156.0,0.625,0.0,0.0,556880.0,700350.0,0.0,0.0,1257230.0,0.0,1257230.0
2014-09-18,815.0,828.0,815.0,824.0,1055.0,2.360248447204969,0.0,0.0,8599370.0,0.0,0.0,0.0,8599370.0,0.0,8599370.0
2014-09-19,809.0,827.0,809.0,818.0,690.0,-0.7281553398058253,0.0,219900.0,5404710.0,0.0,0.0,0.0,5624610.0,0.0,5624610.0
2014-09-22,820.0,824.0,810.0,822.0,30.0,0.4889975550122249,0.0,0.0,244640.0,0.0,0.0,0.0,244640.0,0.0,244640.0
2014-09-23,830.0,830.0,822.0,822.0,2.0,0.0,0.0,0.0,16520.0,0.0,0.0,0.0,16520.0,0.0,16520.0
2014-09-24,818.0,826.0,803.0,822.0,220.0,0.0,0.0,41100.0,1764120.0,0.0,74250.0,0.0,1016700.0,714270.0,1805220.0
2014-09-25,810.0,937.0,810.0,822.0,3963.0,0.0,0.0,24660.0,33779670.0,0.0,3701800.0,0.0,30102530.0,0.0,33804330.0
2014-09-26,833.0,833.0,812.0,832.0,156.0,1.2165450121654502,0.0,24600.0,1260200.0,0.0,0.0,0.0,1284800.0,0.0,1284800.0
2014-09-29,827.0,831.0,809.0,815.0,853.0,-2.043269230769231,0.0,0.0,6971620.0,0.0,0.0,0.0,6971620.0,0.0,6971620.0
2014-09-30,821.0,821.0,800.0,821.0,1078.0,0.7361963190184049,0.0,0.0,8750370.0,0.0,0.0,0.0,8750370.0,0.0,8750370.0
2014-10-01,804.0,825.0,778.0,790.0,20913.0,-3.7758830694275276,0.0,102236000.0,60027920.0,1287000.0,32160.0,0.0,163518760.0,0.0,163550920.0
2014-10-02,789.0,790.0,780.0,790.0,1323.0,0.0,0.0,0.0,10420470.0,0.0,0.0,0.0,10420470.0,0.0,10420470.0
2014-10-06,805.0,805.0,785.0,798.0,218.0,1.0126582278481013,0.0,0.0,1737510.0,0.0,0.0,0.0,1737510.0,0.0,1737510.0
2014-10-07,780.0,786.0,760.0,768.0,9890.0,-3.7593984962406015,0.0,0.0,75798600.0,0.0,0.0,0.0,75798600.0,0.0,75798600.0
2014-10-08,768.0,784.0,745.0,779.0,3226.0,1.4322916666666665,0.0,372400.0,24232690.0,0.0,0.0,0.0,24605090.0,0.0,24605090.0
2014-10-10,776.0,777.0,747.0,776.0,3917.0,-0.38510911424903727,0.0,0.0,29436010.0,0.0,0.0,0.0,29436010.0,0.0,29436010.0
2014-10-13,774.0,774.0,745.0,758.0,10452.0,-2.3195876288659796,0.0,70324700.0,7916150.0,0.0,0.0,0.0,77495380.0,745470.0,78240850.0
2014-10-14,754.0,770.0,745.0,770.0,1439.0,1.58311345646438,0.0,5073450.0,5749390.0,0.0,0.0,0.0,10822840.0,0.0,10822840.0
2014-10-15,756.0,766.0,755.0,758.0,1670.0,-1.5584415584415585,0.0,5306000.0,7358530.0,0.0,0.0,0.0,12664530.0,0.0,12664530.0
2014-10-16,762.0,765.0,760.0,763.0,56.0,0.6596306068601583,0.0,0.0,426710.0,0.0,0.0,0.0,426710.0,0.0,426710.0
2014-10-17,761.0,768.0,742.0,768.0,9990.0,0.655307994757536,0.0,61360830.0,8349940.0,4902100.0,0.0,0.0,74612870.0,0.0,74612870.0
2014-10-20,785.0,805.0,760.0,780.0,194.0,1.5625,0.0,0.0,1519190.0,0.0,0.0,0.0,1519190.0,0.0,1519190.0
2014-10-21,790.0,790.0,766.0,790.0,106.0,1.282051282051282,0.0,0.0,836040.0,0.0,0.0,0.0,836040.0,0.0,836040.0
2014-10-22,802.0,803.0,781.0,803.0,79.0,1.6455696202531647,0.0,0.0,632640.0,0.0,0.0,0.0,632640.0,0.0,632640.0
2014-10-23,810.0,824.0,804.0,822.0,987.0,2.3661270236612704,0.0,145680.0,7942950.0,0.0,0.0,0.0,8088630.0,0.0,8088630.0
2014-10-24,828.0,828.0,782.0,820.0,113.0,-0.24330900243309003,0.0,0.0,923990.0,0.0,0.0,0.0,923990.0,0.0,923990.0
2014-10-27,824.0,824.0,782.0,789.0,335.0,-3.7804878048780486,0.0,0.0,2655090.0,0.0,0.0,0.0,2143730.0,511360.0,2655090.0
2014-10-28,790.0,790.0,781.0,784.0,5654.0,-0.6337135614702154,0.0,0.0,44619370.0,0.0,0.0,0.0,44619370.0,0.0,44619370.0
2014-10-29,778.0,803.0,778.0,787.0,5107.0,0.3826530612244898,0.0,0.0,39585440.0,249360.0,0.0,0.0,39834800.0,0.0,39834800.0
2014-10-30,802.0,802.0,797.0,797.0,12.0,1.2706480304955527,0.0,0.0,95890.0,0.0,0.0,0.0,95890.0,0.0,95890.0
2014-10-31,796.0,796.0,781.0,796.0,165.0,-0.12547051442910914,0.0,0.0,1313000.0,0.0,0.0,0.0,1193600.0,119400.0,1313000.0
2014-11-03,786.0,795.0,772.0,786.0,2549.0,-1.256281407035176,0.0,0.0,19918500.0,0.0,0.0,0.0,19761900.0,156600.0,19918500.0
2014-11-04,786.0,786.0,768.0,786.0,29.0,0.0,0.0,0.0,226150.0,0.0,0.0,55020.0,171130.0,0.0,226150.0
2014-11-05,785.0,798.0,785.0,798.0,6110.0,1.5267175572519083,0.0,0.0,48722370.0,0.0,0.0,473700.0,48248670.0,0.0,48722370.0
2014-11-06,790.0,790.0,789.0,790.0,12.0,-1.0025062656641603,0.0,0.0,94790.0,0.0,0.0,0.0,94790.0,0.0,94790.0
2014-11-07,789.0,789.0,787.0,787.0,25.0,-0.37974683544303794,0.0,0.0,196850.0,0.0,0.0,0.0,196850.0,0.0,196850.0
2014-11-10,787.0,792.0,770.0,779.0,2853.0,-1.0165184243964422,0.0,0.0,22073430.0,0.0,0.0,0.0,22073430.0,0.0,22073430.0
2014-11-11,784.0,784.0,784.0,784.0,61.0,0.6418485237483954,0.0,0.0,478240.0,0.0,0.0,0.0,478240.0,0.0,478240.0
2014-11-12,788.0,788.0,767.0,779.0,24275.0,-0.6377551020408163,0.0,165490590.0,21113230.0,0.0,0.0,0.0,186603820.0,0.0,186603820.0
2014-11-13,775.0,775.0,760.0,774.0,15094.0,-0.6418485237483954,0.0,29009200.0,86471490.0,0.0,0.0,0.0,115480690.0,0.0,115480690.0
2014-11-14,799.0,799.0,757.0,776.0,6627.0,0.2583979328165375,0.0,31920000.0,18466570.0,0.0,0.0,0.0,50386570.0,0.0,50386570.0
2014-11-17,775.0,780.0,775.0,778.0,254.0,0.25773195876288657,0.0,0.0,1968910.0,0.0,0.0,0.0,1968910.0,0.0,1968910.0
2014-11-18,785.0,785.0,784.0,784.0,13.0,0.7712082262210797,0.0,0.0,101930.0,0.0,0.0,0.0,101930.0,0.0,101930.0
2014-11-19,788.0,788.0,756.0,777.0,708.0,-0.8928571428571428,0.0,0.0,5492010.0,0.0,0.0,0.0,430440.0,5061570.0,5492010.0
2014-11-20,800.0,800.0,767.0,770.0,2957.0,-0.9009009009009009,0.0,0.0,22774730.0,0.0,0.0,0.0,22774730.0,0.0,22774730.0
2014-11-21,785.0,785.0,760.0,771.0,2529.0,0.12987012987012986,0.0,0.0,19227880.0,0.0,0.0,0.0,19227880.0,0.0,19227880.0
2014-11-24,780.0,798.0,779.0,782.0,92.0,1.4267185473411155,0.0,0.0,721300.0,0.0,0.0,0.0,721300.0,0.0,721300.0
2014-11-25,799.0,799.0,770.0,784.0,517.0,0.2557544757033248,0.0,0.0,3988330.0,0.0,0.0,0.0,3988330.0,0.0,3988330.0
2014-11-26,771.0,782.0,770.0,770.0,753.0,-1.7857142857142856,0.0,0.0,5831480.0,0.0,0.0,0.0,5831480.0,0.0,5831480.0
2014-11-27,772.0,780.0,772.0,779.0,728.0,1.1688311688311688,0.0,0.0,5666080.0,0.0,0.0,0.0,5666080.0,0.0,5666080.0
2014-11-28,780.0,780.0,761.0,761.0,6905.0,-2.3106546854942236,0.0,0.0,52905660.0,0.0,0.0,0.0,52905660.0,0.0,52905660.0
2014-12-01,762.0,765.0,753.0,756.0,3180.0,-0.657030223390276,0.0,0.0,23652500.0,534100.0,0.0,0.0,24186600.0,0.0,24186600.0
2014-12-02,756.0,773.0,753.0,773.0,632.0,2.2486772486772484,0.0,0.0,4780940.0,0.0,0.0,0.0,4780940.0,0.0,4780940.0
2014-12-03,773.0,773.0,773.0,773.0,100.0,0.0,0.0,0.0,773000.0,0.0,0.0,0.0,773000.0,0.0,773000.0
2014-12-04,772.0,772.0,772.0,772.0,13.0,-0.129366106080207,0.0,0.0,100360.0,0.0,0.0,0.0,100360.0,0.0,100360.0
2014-12-05,772.0,777.0,772.0,777.0,1010.0,0.6476683937823834,0.0,0.0,7797850.0,0.0,46320.0,146680.0,7604850.0,0.0,7797850.0
2014-12-08,773.0,773.0,773.0,773.0,0.0,-0.5148005148005148,0.0,0.0,0.0,0.0,0.0,0.0,0.0,0.0,0.0
2014-12-09,770.0,770.0,747.0,767.0,1241.0,-0.7761966364812419,0.0,0.0,9538100.0,0.0,0.0,0.0,9538100.0,0.0,9538100.0
2014-12-10,767.0,776.0,750.0,758.0,305.0,-1.1734028683181226,0.0,530600.0,1772040.0,0.0,0.0,422730.0,1879910.0,0.0,2302640.0
2014-12-11,758.0,760.0,750.0,760.0,2070.0,0.2638522427440633,0.0,2868400.0,12676860.0,0.0,68220.0,454800.0,15022240.0,0.0,15545260.0
2014-12-12,759.0,774.0,756.0,773.0,1907.0,1.710526315789474,0.0,0.0,14514240.0,0.0,137430.0,885140.0,13491670.0,0.0,14514240.0
2014-12-15,761.0,771.0,755.0,765.0,2503.0,-1.034928848641656,0.0,1522000.0,17503830.0,0.0,30440.0,0.0,18995390.0,0.0,19025830.0
2014-12-16,765.0,765.0,765.0,765.0,3.0,0.0,0.0,0.0,22950.0,0.0,22950.0,0.0,0.0,0.0,22950.0
2014-12-17,765.0,765.0,765.0,765.0,0.0,0.0,0.0,0.0,0.0,0.0,0.0,0.0,0.0,0.0,0.0
2014-12-18,765.0,772.0,765.0,766.0,410.0,0.130718954248366,0.0,0.0,3144710.0,0.0,137700.0,704010.0,2303000.0,0.0,3144710.0
2014-12-19,752.0,765.0,751.0,765.0,521.0,-0.13054830287206268,0.0,0.0,3913090.0,0.0,0.0,0.0,3913090.0,0.0,3913090.0
2014-12-22,757.0,780.0,757.0,780.0,202.0,1.9607843137254901,0.0,541470.0,1002690.0,0.0,0.0,0.0,1544160.0,0.0,1544160.0
2014-12-23,769.0,785.0,769.0,782.0,222.0,0.2564102564102564,0.0,0.0,1725540.0,0.0,0.0,0.0,1725540.0,0.0,1725540.0
2014-12-24,782.0,786.0,780.0,784.0,258.0,0.2557544757033248,0.0,1404000.0,612620.0,0.0,0.0,0.0,2016620.0,0.0,2016620.0
2014-12-26,784.0,784.0,775.0,784.0,182.0,0.0,0.0,0.0,1426710.0,0.0,0.0,995680.0,431030.0,0.0,1426710.0
2014-12-29,761.0,769.0,741.0,769.0,2006.0,-1.913265306122449,0.0,4736150.0,10328250.0,0.0,75850.0,1314010.0,13674540.0,0.0,15064400.0
2014-12-30,768.0,772.0,748.0,761.0,770.0,-1.0403120936280885,0.0,3884890.0,1968240.0,0.0,138420.0,615200.0,5099510.0,0.0,5853130.0
2015-01-02,746.0,798.0,746.0,798.0,100.0,4.862023653088042,0.0,0.0,775510.0,0.0,0.0,0.0,775510.0,0.0,775510.0
2015-01-05,765.0,788.0,765.0,788.0,19.0,-1.2531328320802004,0.0,0.0,145940.0,0.0,0.0,0.0,145940.0,0.0,145940.0
2015-01-06,777.0,777.0,777.0,777.0,1.0,-1.3959390862944163,0.0,0.0,7770.0,0.0,0.0,0.0,7770.0,0.0,7770.0
2015-01-07,772.0,772.0,772.0,772.0,0.0,-0.6435006435006435,0.0,0.0,0.0,0.0,0.0,0.0,0.0,0.0,0.0
2015-01-08,756.0,766.0,750.0,750.0,2751.0,-2.849740932642487,0.0,0.0,20643520.0,0.0,0.0,0.0,20643520.0,0.0,20643520.0
2015-01-09,747.0,747.0,730.0,730.0,2088.0,-2.666666666666667,0.0,0.0,15295650.0,0.0,0.0,0.0,15295650.0,0.0,15295650.0
2015-01-12,714.0,727.0,714.0,716.0,1388.0,-1.9178082191780823,0.0,0.0,9939300.0,0.0,0.0,0.0,9939300.0,0.0,9939300.0
2015-01-13,715.0,735.0,715.0,735.0,131.0,2.653631284916201,0.0,0.0,940800.0,0.0,0.0,0.0,940800.0,0.0,940800.0
2015-01-14,721.0,721.0,721.0,721.0,1.0,-1.9047619047619049,0.0,0.0,7210.0,0.0,0.0,0.0,7210.0,0.0,7210.0
2015-01-15,722.0,723.0,722.0,723.0,3.0,0.27739251040221913,0.0,0.0,21680.0,0.0,0.0,0.0,21680.0,0.0,21680.0
2015-01-16,715.0,715.0,706.0,706.0,196.0,-2.351313969571231,0.0,0.0,1396570.0,0.0,0.0,0.0,1396570.0,0.0,1396570.0
2015-01-19,706.0,706.0,698.0,698.0,138.0,-1.13314447592068,0.0,0.0,974200.0,0.0,63540.0,197680.0,712980.0,0.0,974200.0
2015-01-20,719.0,719.0,700.0,712.0,441.0,2.005730659025788,0.0,0.0,3103080.0,0.0,0.0,0.0,2547720.0,555360.0,3103080.0
2015-01-21,710.0,745.0,710.0,715.0,1844.0,0.42134831460674155,0.0,0.0,12487080.0,706860.0,0.0,0.0,13193940.0,0.0,13193940.0
2015-01-22,716.0,717.0,715.0,716.0,939.0,0.13986013986013987,0.0,0.0,6717480.0,0.0,0.0,0.0,6717480.0,0.0,6717480.0
2015-01-23,716.0,734.0,715.0,730.0,142.0,1.9553072625698324,0.0,0.0,1017650.0,0.0,0.0,0.0,1017650.0,0.0,1017650.0
2015-01-26,705.0,720.0,705.0,709.0,1410.0,-2.8767123287671232,0.0,0.0,9998620.0,0.0,0.0,0.0,9998620.0,0.0,9998620.0
2015-01-27,709.0,716.0,704.0,716.0,2510.0,0.9873060648801129,0.0,0.0,17749860.0,0.0,0.0,0.0,17749860.0,0.0,17749860.0
2015-01-28,716.0,716.0,716.0,716.0,111.0,0.0,0.0,0.0,794760.0,0.0,0.0,0.0,794760.0,0.0,794760.0
2015-01-29,715.0,718.0,715.0,716.0,38.0,0.0,0.0,0.0,272200.0,0.0,0.0,0.0,272200.0,0.0,272200.0
2015-01-30,703.0,706.0,703.0,705.0,114.0,-1.536312849162011,0.0,0.0,801650.0,0.0,0.0,0.0,801650.0,0.0,801650.0
2015-02-02,662.0,704.0,662.0,686.0,240.0,-2.6950354609929077,0.0,0.0,1644510.0,0.0,0.0,0.0,1644510.0,0.0,1644510.0
2015-02-03,688.0,690.0,680.0,690.0,1414.0,0.5830903790087464,0.0,0.0,9743520.0,0.0,0.0,0.0,9743520.0,0.0,9743520.0
2015-02-04,686.0,697.0,685.0,686.0,552.0,-0.5797101449275363,0.0,0.0,3790480.0,0.0,0.0,0.0,3790480.0,0.0,3790480.0
2015-02-05,694.0,694.0,690.0,691.0,492.0,0.7288629737609329,0.0,0.0,3408740.0,0.0,0.0,0.0,3408740.0,0.0,3408740.0
2015-02-06,691.0,697.0,680.0,697.0,1087.0,0.8683068017366137,0.0,0.0,7213700.0,318320.0,0.0,0.0,7532020.0,0.0,7532020.0
2015-02-09,681.0,703.0,681.0,697.0,745.0,0.0,0.0,0.0,5184620.0,0.0,0.0,0.0,5184620.0,0.0,5184620.0
2015-02-10,713.0,713.0,690.0,694.0,528.0,-0.430416068866571,0.0,0.0,3651330.0,0.0,0.0,0.0,3651330.0,0.0,3651330.0
2015-02-11,697.0,704.0,695.0,695.0,1659.0,0.1440922190201729,803470.0,139420.0,9858560.0,827050.0,0.0,0.0,11628500.0,0.0,11628500.0
2015-02-12,695.0,703.0,690.0,701.0,296.0,0.8633093525179856,6950.0,0.0,2062090.0,0.0,0.0,0.0,2069040.0,0.0,2069040.0
2015-02-13,701.0,701.0,700.0,700.0,15.0,-0.14265335235378032,98140.0,0.0,7000.0,0.0,0.0,0.0,105140.0,0.0,105140.0
2015-02-16,693.0,701.0,693.0,700.0,2281.0,0.0,694000.0,381150.0,14835670.0,0.0,0.0,0.0,15910820.0,0.0,15910820.0
2015-02-17,700.0,702.0,698.0,702.0,7000.0,0.2857142857142857,4207000.0,15297740.0,29500400.0,0.0,0.0,0.0,49005140.0,0.0,49005140.0
2015-02-23,704.0,725.0,702.0,719.0,1638.0,2.4216524216524213,0.0,1064390.0,10523850.0,0.0,0.0,0.0,11452190.0,136050.0,11588240.0
2015-02-24,720.0,819.0,718.0,739.0,19898.0,2.781641168289291,0.0,933600.0,150221960.0,0.0,0.0,890740.0,148413610.0,1851210.0,151155560.0
2015-02-25,768.0,849.0,760.0,816.0,75581.0,10.419485791610285,0.0,1975200.0,609012330.0,2333800.0,0.0,2826000.0,609118310.0,1377020.0,613321330.0
2015-02-26,816.0,816.0,701.0,725.0,24918.0,-11.151960784313726,0.0,17733280.0,166803900.0,2377000.0,0.0,752150.0,184991530.0,1170500.0,186914180.0
2015-02-27,728.0,749.0,715.0,727.0,6378.0,0.27586206896551724,0.0,0.0,46525160.0,14420.0,0.0,0.0,45038220.0,1501360.0,46539580.0
2015-03-02,738.0,738.0,702.0,715.0,2677.0,-1.6506189821182942,0.0,511520.0,18692440.0,0.0,0.0,0.0,19203960.0,0.0,19203960.0
2015-03-03,725.0,725.0,702.0,719.0,2463.0,0.5594405594405595,0.0,7240.0,17459670.0,0.0,0.0,0.0,17466910.0,0.0,17466910.0
2015-03-04,708.0,742.0,708.0,734.0,2814.0,2.086230876216968,0.0,0.0,20566830.0,0.0,0.0,3375900.0,17190930.0,0.0,20566830.0
2015-03-05,735.0,742.0,730.0,735.0,1222.0,0.13623978201634876,0.0,0.0,8963800.0,0.0,0.0,229090.0,8734710.0,0.0,8963800.0
2015-03-06,736.0,749.0,721.0,742.0,1430.0,0.9523809523809524,0.0,0.0,10607680.0,0.0,0.0,2168800.0,8438880.0,0.0,10607680.0
2015-03-09,731.0,744.0,707.0,712.0,1239.0,-4.0431266846361185,0.0,7440.0,8879220.0,0.0,0.0,731080.0,8155580.0,0.0,8886660.0
2015-03-10,712.0,735.0,712.0,712.0,3759.0,0.0,0.0,7350.0,26799490.0,0.0,35600.0,220720.0,26550520.0,0.0,26806840.0
2015-03-11,720.0,737.0,715.0,736.0,4472.0,3.3707865168539324,0.0,0.0,32380860.0,0.0,0.0,0.0,32380860.0,0.0,32380860.0
2015-03-12,739.0,741.0,730.0,740.0,454.0,0.5434782608695652,0.0,0.0,3344230.0,0.0,0.0,1146770.0,2197460.0,0.0,3344230.0
2015-03-13,751.0,751.0,701.0,712.0,4993.0,-3.783783783783784,0.0,0.0,35679880.0,0.0,0.0,0.0,35679880.0,0.0,35679880.0
2015-03-16,722.0,738.0,716.0,735.0,4189.0,3.2303370786516856,0.0,0.0,30438660.0,0.0,0.0,138700.0,30299960.0,0.0,30438660.0
2015-03-17,735.0,737.0,731.0,731.0,538.0,-0.5442176870748299,0.0,0.0,3954760.0,0.0,0.0,0.0,3954760.0,0.0,3954760.0
2015-03-18,722.0,738.0,720.0,726.0,7538.0,-0.6839945280437756,0.0,0.0,55031520.0,0.0,0.0,9318500.0,45713020.0,0.0,55031520.0
2015-03-19,730.0,740.0,721.0,734.0,412.0,1.1019283746556474,0.0,0.0,3007930.0,0.0,0.0,0.0,3007930.0,0.0,3007930.0
2015-03-20,750.0,750.0,721.0,730.0,837.0,-0.544959128065395,0.0,0.0,6116940.0,0.0,0.0,0.0,6116940.0,0.0,6116940.0
2015-03-23,730.0,839.0,720.0,839.0,166869.0,14.931506849315069,0.0,999280.0,1365129530.0,0.0,0.0,2428850.0,1363072160.0,627800.0,1366128810.0
2015-03-24,806.0,859.0,730.0,730.0,207383.0,-12.99165673420739,0.0,3203450.0,1628814390.0,400000.0,29303160.0,67004270.0,1536110410.0,0.0,1632417840.0
2015-03-25,736.0,736.0,717.0,717.0,46366.0,-1.7808219178082192,0.0,0.0,336594820.0,0.0,0.0,0.0,336594820.0,0.0,336594820.0
2015-03-26,717.0,739.0,706.0,718.0,14927.0,0.1394700139470014,0.0,1416000.0,105531400.0,0.0,0.0,1448000.0,105499400.0,0.0,106947400.0
2015-03-27,720.0,726.0,710.0,712.0,11907.0,-0.8356545961002786,0.0,0.0,85489840.0,0.0,0.0,0.0,85489840.0,0.0,85489840.0
2015-03-30,715.0,744.0,715.0,731.0,12327.0,2.6685393258426964,0.0,0.0,89785410.0,0.0,0.0,0.0,89785410.0,0.0,89785410.0
2015-03-31,741.0,741.0,731.0,740.0,3640.0,1.231190150478796,0.0,0.0,26725010.0,0.0,0.0,0.0,26725010.0,0.0,26725010.0
2015-04-01,729.0,740.0,720.0,730.0,15206.0,-1.3513513513513513,0.0,94900.0,109942910.0,0.0,0.0,51881520.0,58156290.0,0.0,110037810.0
2015-04-02,738.0,739.0,720.0,729.0,8988.0,-0.136986301369863,0.0,1225700.0,64002430.0,0.0,0.0,1230970.0,63997160.0,0.0,65228130.0
2015-04-03,722.0,740.0,722.0,732.0,9505.0,0.411522633744856,0.0,0.0,69629210.0,0.0,2452200.0,13740880.0,53436130.0,0.0,69629210.0
2015-04-06,735.0,744.0,730.0,740.0,17830.0,1.092896174863388,0.0,1249500.0,129694680.0,0.0,0.0,59740210.0,71203970.0,0.0,130944180.0
2015-04-07,740.0,758.0,738.0,744.0,11977.0,0.5405405405405406,0.0,0.0,89146810.0,0.0,0.0,40163890.0,48982920.0,0.0,89146810.0
2015-04-08,754.0,754.0,735.0,744.0,8427.0,0.0,0.0,0.0,62570610.0,0.0,0.0,0.0,62570610.0,0.0,62570610.0
2015-04-09,741.0,747.0,732.0,742.0,11891.0,-0.2688172043010753,0.0,0.0,85304390.0,2484330.0,0.0,10885820.0,76902900.0,0.0,87788720.0
2015-04-10,742.0,754.0,733.0,736.0,11368.0,-0.8086253369272237,0.0,0.0,81260000.0,2498330.0,0.0,14669620.0,69088710.0,0.0,83758330.0
2015-04-13,738.0,757.0,735.0,751.0,14831.0,2.0380434782608696,0.0,0.0,108191900.0,2444000.0,0.0,0.0,110635900.0,0.0,110635900.0
2015-04-14,756.0,784.0,751.0,755.0,28797.0,0.5326231691078562,0.0,0.0,217483620.0,2501590.0,0.0,32026120.0,187959090.0,0.0,219985210.0
2015-04-15,768.0,774.0,753.0,755.0,13247.0,0.0,0.0,0.0,98364360.0,2523100.0,0.0,0.0,100887460.0,0.0,100887460.0
2015-04-16,755.0,796.0,755.0,783.0,26231.0,3.708609271523179,0.0,0.0,202604370.0,2587680.0,0.0,13557840.0,191634210.0,0.0,205192050.0
2015-04-17,800.0,802.0,766.0,767.0,7453.0,-2.0434227330779056,0.0,0.0,55709830.0,2569270.0,0.0,0.0,58279100.0,0.0,58279100.0
2015-04-20,767.0,767.0,740.0,750.0,21216.0,-2.216427640156454,0.0,0.0,158219630.0,0.0,0.0,0.0,158219630.0,0.0,158219630.0
2015-04-21,775.0,775.0,743.0,747.0,5156.0,-0.4,0.0,6182610.0,32493290.0,0.0,0.0,0.0,38675900.0,0.0,38675900.0
2015-04-22,770.0,770.0,740.0,742.0,10093.0,-0.6693440428380187,0.0,7440.0,75082700.0,0.0,0.0,0.0,75090140.0,0.0,75090140.0
2015-04-23,743.0,757.0,735.0,757.0,10622.0,2.0215633423180592,0.0,0.0,79273090.0,0.0,0.0,6618590.0,72573650.0,80850.0,79273090.0
2015-04-24,757.0,760.0,745.0,756.0,9704.0,-0.13210039630118892,0.0,0.0,73068380.0,0.0,0.0,41804240.0,31181090.0,83050.0,73068380.0
2015-04-27,751.0,759.0,751.0,759.0,7916.0,0.3968253968253968,0.0,0.0,59668100.0,0.0,0.0,1664550.0,57943310.0,60240.0,59668100.0
2015-04-28,778.0,778.0,751.0,751.0,6326.0,-1.0540184453227932,0.0,0.0,48407450.0,0.0,0.0,0.0,41212350.0,7195100.0,48407450.0
2015-04-29,753.0,753.0,741.0,746.0,5674.0,-0.6657789613848202,0.0,0.0,42314510.0,0.0,0.0,0.0,34993250.0,7321260.0,42314510.0
2015-04-30,738.0,752.0,738.0,743.0,5417.0,-0.40214477211796246,0.0,0.0,40257450.0,0.0,0.0,0.0,37708130.0,2549320.0,40257450.0
2015-05-04,768.0,768.0,741.0,755.0,6257.0,1.6150740242261103,0.0,0.0,46760760.0,0.0,0.0,17141610.0,29619150.0,0.0,46760760.0
2015-05-06,755.0,783.0,742.0,749.0,12242.0,-0.7947019867549668,0.0,1134000.0,90634480.0,0.0,0.0,39837300.0,51931180.0,0.0,91768480.0
2015-05-07,755.0,765.0,748.0,750.0,3032.0,0.13351134846461948,0.0,0.0,19030510.0,3742500.0,0.0,4125000.0,18648010.0,0.0,22773010.0
2015-05-08,775.0,775.0,750.0,765.0,4580.0,2.0,0.0,0.0,34603180.0,0.0,0.0,9979750.0,24623430.0,0.0,34603180.0
2015-05-11,765.0,768.0,754.0,765.0,1741.0,0.0,0.0,7570.0,13302930.0,0.0,0.0,7650.0,13302850.0,0.0,13310500.0
2015-05-12,760.0,780.0,760.0,765.0,10901.0,0.0,0.0,1146000.0,79072960.0,3497580.0,0.0,2670020.0,81046520.0,0.0,83716540.0
2015-05-13,775.0,784.0,762.0,766.0,5988.0,0.130718954248366,0.0,7750.0,45907320.0,0.0,0.0,0.0,45915070.0,0.0,45915070.0
2015-05-14,767.0,869.0,767.0,859.0,115145.0,12.140992167101828,0.0,10225860.0,943242010.0,4205520.0,0.0,148836600.0,796928400.0,11908390.0,957673390.0
2015-05-15,905.0,987.0,885.0,970.0,602826.0,12.922002328288706,0.0,19922520.0,5722774520.0,5818560.0,0.0,980573780.0,4762058650.0,5883170.0,5748515600.0
2015-05-18,1000.0,1010.0,880.0,965.0,237957.0,-0.5154639175257731,0.0,7857200.0,2211265670.0,26792010.0,9469800.0,3961810.0,2210623250.0,21860020.0,2245914880.0
2015-05-19,965.0,1000.0,907.0,940.0,128567.0,-2.5906735751295336,0.0,900900.0,1204477380.0,17878190.0,7116400.0,110488040.0,1092969940.0,12682090.0,1223256470.0
2015-05-20,923.0,923.0,832.0,886.0,173231.0,-5.74468085106383,0.0,8582450.0,1489899530.0,30360350.0,0.0,145274650.0,1372838300.0,10729380.0,1528842330.0
2015-05-21,864.0,895.0,841.0,887.0,64017.0,0.1128668171557562,0.0,1194200.0,548079210.0,2577150.0,0.0,25442750.0,511148300.0,15259510.0,551850560.0
2015-05-22,871.0,897.0,829.0,848.0,72409.0,-4.3968432919954905,0.0,0.0,603350670.0,8314860.0,0.0,84800.0,594538880.0,17041850.0,611665530.0
2015-05-26,847.0,856.0,830.0,834.0,50510.0,-1.650943396226415,0.0,99960.0,412241360.0,12104150.0,0.0,202969400.0,208876110.0,12599960.0,424445470.0
2015-05-27,823.0,887.0,823.0,875.0,54793.0,4.916067146282973,0.0,1125800.0,457158910.0,13590180.0,8700000.0,1140100.0,453047860.0,8986930.0,471874890.0
2015-05-28,862.0,895.0,853.0,869.0,37448.0,-0.6857142857142857,0.0,17790000.0,294836210.0,15219220.0,3580000.0,18721830.0,298092800.0,7450800.0,327845430.0
2015-05-29,863.0,881.0,838.0,852.0,23244.0,-1.9562715765247412,0.0,0.0,171176830.0,27649180.0,0.0,0.0,198826010.0,0.0,198826010.0
2015-06-01,878.0,882.0,852.0,867.0,29988.0,1.7605633802816902,0.0,1198400.0,255875760.0,3295370.0,0.0,158594010.0,88371240.0,13404280.0,260369530.0
2015-06-02,888.0,888.0,855.0,864.0,24450.0,-0.34602076124567477,0.0,0.0,205017410.0,6721300.0,4400000.0,0.0,199616010.0,7722700.0,211738710.0
2015-06-03,842.0,873.0,804.0,864.0,33730.0,0.0,0.0,0.0,278731940.0,5018480.0,0.0,16843710.0,260684940.0,6221770.0,283750420.0
2015-06-04,815.0,849.0,810.0,830.0,37746.0,-3.935185185185185,0.0,0.0,296675530.0,14660260.0,0.0,0.0,311335790.0,0.0,311335790.0
2015-06-05,821.0,954.0,821.0,940.0,184717.0,13.253012048192772,0.0,21259210.0,1659082180.0,40349270.0,9200000.0,81151800.0,1546590560.0,83748300.0,1720690660.0
2015-06-08,938.0,999.0,890.0,949.0,88162.0,0.9574468085106382,0.0,5138010.0,795140780.0,42243680.0,4800000.0,0.0,790895580.0,46826890.0,842522470.0
2015-06-09,935.0,995.0,915.0,962.0,62630.0,1.36986301369863,0.0,0.0,568357400.0,24847470.0,0.0,0.0,567807380.0,25397490.0,593204870.0
2015-06-10,950.0,975.0,950.0,960.0,64697.0,-0.2079002079002079,0.0,0.0,620507030.0,2563300.0,0.0,0.0,619653930.0,3416400.0,623070330.0
2015-06-11,994.0,1100.0,970.0,1100.0,344207.0,14.583333333333334,0.0,0.0,3638129930.0,70427100.0,11000000.0,660000000.0,2994547370.0,43009660.0,3708557030.0
2015-06-12,1050.0,1265.0,1025.0,1225.0,219633.0,11.363636363636363,0.0,0.0,2404304450.0,51478300.0,0.0,7035000.0,2387090200.0,61657550.0,2455782750.0
2015-06-15,1165.0,1260.0,1140.0,1205.0,65034.0,-1.6326530612244898,0.0,1210000.0,711703150.0,63425500.0,0.0,27369300.0,704905550.0,44063800.0,776338650.0
2015-06-16,1200.0,1250.0,1100.0,1140.0,68338.0,-5.394190871369295,0.0,1089000.0,769559000.0,17139800.0,0.0,1080000.0,758787950.0,27919850.0,787787800.0
2015-06-17,1110.0,1195.0,1045.0,1085.0,70927.0,-4.824561403508771,0.0,1120000.0,685835200.0,101488000.0,0.0,1075000.0,763701850.0,23666350.0,788443200.0
2015-06-18,1100.0,1145.0,1065.0,1105.0,34358.0,1.8433179723502304,0.0,2298500.0,342075150.0,36180050.0,0.0,2319500.0,336974600.0,41259600.0,380553700.0
2015-06-19,1095.0,1420.0,1085.0,1350.0,188463.0,22.171945701357465,0.0,1210000.0,2327900800.0,160395250.0,0.0,44056300.0,2235545100.0,209904650.0,2489506050.0
2015-06-22,1340.0,1380.0,1215.0,1310.0,107506.0,-2.9629629629629632,0.0,0.0,1290644000.0,81025050.0,0.0,0.0,1273169150.0,98499900.0,1371669050.0
2015-06-23,1300.0,1475.0,1280.0,1395.0,136279.0,6.488549618320611,0.0,3496850.0,1801215150.0,84087550.0,0.0,20469550.0,1791570800.0,76759200.0,1888799550.0
2015-06-24,1415.0,1460.0,1320.0,1360.0,86985.0,-2.5089605734767026,0.0,3007150.0,1155995350.0,48119200.0,0.0,37521050.0,1144129700.0,25470950.0,1207121700.0
2015-06-25,1340.0,1435.0,1265.0,1340.0,90452.0,-1.4705882352941175,0.0,3268000.0,1147353250.0,58528200.0,0.0,3296000.0,1190185450.0,15668000.0,1209149450.0
2015-06-26,1315.0,1315.0,1180.0,1200.0,162383.0,-10.44776119402985,0.0,2236500.0,1927816300.0,66674450.0,0.0,2205000.0,1953503950.0,41018300.0,1996727250.0
2015-06-29,1200.0,1225.0,1140.0,1180.0,39147.0,-1.6666666666666667,0.0,3500000.0,334360700.0,119972450.0,0.0,10428650.0,429184300.0,18220200.0,457833150.0
2015-06-30,1180.0,1210.0,1130.0,1200.0,27961.0,1.694915254237288,0.0,0.0,295892800.0,29977950.0,0.0,0.0,293661600.0,32209150.0,325870750.0
2015-07-01,1210.0,1210.0,1090.0,1090.0,92389.0,-9.166666666666666,0.0,1155000.0,981051300.0,68423400.0,344000.0,3153650.0,1009944650.0,37187400.0,1050629700.0
2015-07-02,1100.0,1140.0,1020.0,1075.0,87490.0,-1.3761467889908259,0.0,5603000.0,786798150.0,140404350.0,0.0,3437900.0,917129500.0,12238100.0,932805500.0
2015-07-03,1080.0,1370.0,1060.0,1265.0,247900.0,17.674418604651162,0.0,0.0,3005694500.0,72122000.0,614700.0,5827850.0,2864760450.0,206613500.0,3077816500.0
2015-07-06,1225.0,1245.0,1170.0,1175.0,54217.0,-7.114624505928854,0.0,0.0,626171300.0,24604600.0,0.0,0.0,530687800.0,120088100.0,650775900.0
2015-07-07,1175.0,1300.0,1090.0,1260.0,106694.0,7.234042553191489,73336750.0,2360000.0,1070975000.0,124232500.0,0.0,2376150.0,1095699700.0,172828400.0,1270904250.0
2015-07-08,1290.0,1290.0,1115.0,1180.0,52783.0,-6.349206349206349,0.0,1185000.0,605983850.0,21558500.0,0.0,1210000.0,558710500.0,68806850.0,628727350.0
2015-07-09,1180.0,1190.0,1065.0,1070.0,54902.0,-9.322033898305085,0.0,1705000.0,588395050.0,19248950.0,0.0,1667500.0,555138650.0,52542850.0,609349000.0
2015-07-10,1000.0,1080.0,993.0,1045.0,97122.0,-2.336448598130841,6360100.0,75107500.0,789056990.0,117066500.0,0.0,0.0,978112340.0,9478750.0,987591090.0
2015-07-13,1045.0,1170.0,1045.0,1130.0,27995.0,8.133971291866029,3455000.0,1519050.0,276092950.0,31818750.0,276250.0,1511600.0,291026450.0,20071450.0,312885750.0
2015-07-14,1170.0,1170.0,1100.0,1150.0,16583.0,1.7699115044247788,0.0,3370000.0,164161800.0,20217700.0,113000.0,3405000.0,176790250.0,7441250.0,187749500.0
2015-07-15,1170.0,1170.0,1055.0,1090.0,32282.0,-5.217391304347826,0.0,1158600.0,332498700.0,21763450.0,822850.0,1148600.0,349845550.0,3603750.0,355420750.0
2015-07-16,1075.0,1110.0,1070.0,1075.0,19257.0,-1.3761467889908259,1230450.0,0.0,159817350.0,49012700.0,0.0,0.0,210060500.0,0.0,210060500.0
2015-07-17,1075.0,1185.0,1070.0,1115.0,28866.0,3.7209302325581395,0.0,1188000.0,304793700.0,15300450.0,0.0,1199000.0,306439650.0,13643500.0,321282150.0
2015-07-20,1110.0,1120.0,1055.0,1100.0,40011.0,-1.345291479820628,0.0,3597000.0,414218400.0,14920100.0,366300.0,14830000.0,414141450.0,3397750.0,432735500.0
2015-07-21,1080.0,1135.0,1045.0,1080.0,27379.0,-1.8181818181818181,0.0,1751500.0,286550250.0,6435750.0,161950.0,67767850.0,220916700.0,5891000.0,294737500.0
2015-07-22,1090.0,1120.0,1060.0,1105.0,33991.0,2.314814814814815,2175000.0,1264300.0,354620500.0,15019050.0,0.0,1286300.0,371792550.0,0.0,373078850.0
2015-07-23,1100.0,1125.0,1075.0,1095.0,18110.0,-0.904977375565611,0.0,1188000.0,194127600.0,1487850.0,683050.0,1193500.0,178230500.0,16696400.0,196803450.0
2015-07-24,1075.0,1100.0,1055.0,1080.0,35220.0,-1.36986301369863,0.0,2343000.0,368890900.0,5125850.0,0.0,2365000.0,343055650.0,30939100.0,376359750.0
2015-07-27,1095.0,1120.0,1070.0,1120.0,16935.0,3.7037037037037033,3016950.0,0.0,177588350.0,3884200.0,0.0,0.0,170428650.0,14060850.0,184489500.0
2015-07-28,1120.0,1120.0,1050.0,1085.0,30304.0,-3.125,2175000.0,0.0,309877900.0,13417000.0,845600.0,56417050.0,210902850.0,57304400.0,325469900.0
2015-07-29,1050.0,1280.0,1045.0,1210.0,114420.0,11.52073732718894,1230000.0,3752350.0,1286334900.0,43062950.0,0.0,3762500.0,1299842050.0,30775650.0,1334380200.0
2015-07-30,1195.0,1230.0,1120.0,1150.0,60422.0,-4.958677685950414,0.0,2370000.0,673376300.0,33176650.0,0.0,2370000.0,630390700.0,76162250.0,708922950.0
2015-07-31,1170.0,1190.0,1125.0,1160.0,26365.0,0.8695652173913043,0.0,0.0,304244050.0,0.0,0.0,0.0,271547350.0,32696700.0,304244050.0
2015-08-03,1150.0,1180.0,1140.0,1160.0,18845.0,0.0,0.0,2310000.0,194413250.0,21218450.0,0.0,2340000.0,210987600.0,4614100.0,217941700.0
2015-08-04,1170.0,1220.0,1145.0,1200.0,28913.0,3.4482758620689653,0.0,0.0,343700800.0,1200000.0,0.0,0.0,322169450.0,22731350.0,344900800.0
2015-08-05,1220.0,1220.0,1160.0,1200.0,17278.0,0.0,0.0,2345000.0,183256500.0,17708950.0,0.0,2369700.0,197136900.0,3803850.0,203310450.0
2015-08-06,1210.0,1240.0,1170.0,1180.0,31121.0,-1.6666666666666667,0.0,0.0,345180800.0,27174150.0,0.0,0.0,358367600.0,13987350.0,372354950.0
2015-08-07,1190.0,1200.0,1165.0,1170.0,11097.0,-0.847457627118644,0.0,0.0,126118150.0,4654100.0,0.0,0.0,130497400.0,274850.0,130772250.0
2015-08-10,1170.0,1230.0,1060.0,1130.0,26025.0,-3.418803418803419,0.0,1135000.0,287823350.0,7052950.0,0.0,1075650.0,273421100.0,21514550.0,296011300.0
2015-08-11,1160.0,1160.0,999.0,1070.0,81586.0,-5.3097345132743365,0.0,1130000.0,822928940.0,35668550.0,0.0,1110000.0,843100390.0,15517100.0,859727490.0
2015-08-12,1050.0,1080.0,1020.0,1065.0,29019.0,-0.46728971962616817,0.0,0.0,291280300.0,10522900.0,0.0,0.0,269296350.0,32506850.0,301803200.0
2015-08-13,1030.0,1095.0,1030.0,1090.0,11642.0,2.3474178403755865,0.0,0.0,102168900.0,20582650.0,0.0,0.0,122751550.0,0.0,122751550.0
2015-08-17,1090.0,1135.0,1060.0,1090.0,17133.0,0.0,9701500.0,1110000.0,170957300.0,8241700.0,0.0,1115000.0,170974050.0,17921450.0,190010500.0
2015-08-18,1150.0,1150.0,1090.0,1100.0,20460.0,0.9174311926605505,165000.0,0.0,223064050.0,4172900.0,0.0,0.0,216601300.0,10800650.0,227401950.0
2015-08-19,1135.0,1135.0,1055.0,1125.0,43653.0,2.272727272727273,4487700.0,0.0,459580600.0,13222250.0,2480300.0,124397500.0,314609150.0,35803600.0,477290550.0
2015-08-20,1120.0,1135.0,1075.0,1075.0,12558.0,-4.444444444444445,2185500.0,0.0,131626650.0,3290700.0,0.0,0.0,129964350.0,7138500.0,137102850.0
2015-08-21,1035.0,1070.0,995.0,1040.0,29622.0,-3.255813953488372,0.0,9021500.0,291833500.0,3756500.0,0.0,50143650.0,240969420.0,13498430.0,304611500.0
2015-08-24,1040.0,1060.0,960.0,964.0,17792.0,-7.307692307692308,59520.0,0.0,175373040.0,496300.0,605850.0,0.0,164373260.0,10949750.0,175928860.0
2015-08-25,965.0,997.0,960.0,989.0,6143.0,2.5933609958506225,0.0,0.0,55314230.0,5099670.0,0.0,0.0,58017230.0,2396670.0,60413900.0
2015-08-26,999.0,1040.0,989.0,1040.0,6980.0,5.156723963599596,0.0,0.0,61153490.0,8752600.0,304500.0,0.0,69551690.0,49900.0,69906090.0
2015-08-27,1025.0,1040.0,1010.0,1025.0,9840.0,-1.4423076923076923,0.0,0.0,93786850.0,6744050.0,0.0,0.0,100530900.0,0.0,100530900.0
2015-08-28,1030.0,1030.0,997.0,1000.0,10780.0,-2.4390243902439024,120300.0,3802410.0,100381250.0,3589350.0,0.0,0.0,107783420.0,109890.0,107893310.0
2015-08-31,991.0,1010.0,986.0,1000.0,5597.0,0.0,0.0,0.0,54252700.0,1475830.0,0.0,0.0,55728530.0,0.0,55728530.0
2015-09-01,999.0,1000.0,981.0,986.0,7726.0,-1.4000000000000001,356710.0,0.0,74522750.0,1721840.0,0.0,0.0,76511660.0,89640.0,76601300.0
2015-09-02,999.0,999.0,987.0,997.0,139.0,1.1156186612576064,0.0,0.0,1385530.0,0.0,0.0,0.0,1086430.0,299100.0,1385530.0
2015-09-03,1000.0,1000.0,980.0,997.0,1822.0,0.0,0.0,0.0,18002050.0,0.0,0.0,0.0,14728540.0,3273510.0,18002050.0
2015-09-04,976.0,996.0,976.0,980.0,1382.0,-1.7051153460381143,0.0,0.0,13605050.0,0.0,293430.0,0.0,11873330.0,1438290.0,13605050.0
2015-09-07,985.0,989.0,971.0,974.0,633.0,-0.6122448979591837,0.0,0.0,6171200.0,0.0,0.0,0.0,5099670.0,1071530.0,6171200.0
2015-09-08,990.0,997.0,932.0,977.0,8419.0,0.3080082135523614,58620.0,1134000.0,78007530.0,0.0,0.0,1131560.0,75549840.0,2518750.0,79200150.0
2015-09-09,978.0,1000.0,954.0,999.0,3342.0,2.2517911975435005,0.0,19550.0,33098510.0,77090.0,0.0,19880.0,28070930.0,5104340.0,33195150.0
2015-09-10,1000.0,1035.0,999.0,1015.0,1975.0,1.6016016016016015,0.0,0.0,19978370.0,70350.0,0.0,0.0,18391530.0,1657190.0,20048720.0
2015-09-11,1015.0,1040.0,991.0,1015.0,3041.0,0.0,0.0,0.0,27840000.0,2827900.0,0.0,0.0,29357250.0,1310650.0,30667900.0
2015-09-14,1015.0,1015.0,983.0,988.0,2114.0,-2.6600985221674875,0.0,0.0,20949310.0,0.0,0.0,0.0,19020990.0,1928320.0,20949310.0
2015-09-15,980.0,1005.0,972.0,995.0,2192.0,0.708502024291498,0.0,786400.0,20373910.0,286430.0,0.0,786080.0,20481700.0,178960.0,21446740.0
2015-09-16,995.0,995.0,948.0,974.0,2523.0,-2.1105527638190953,0.0,0.0,24346110.0,260120.0,0.0,0.0,23936780.0,669450.0,24606230.0
2015-09-17,989.0,995.0,960.0,995.0,4314.0,2.1560574948665296,0.0,0.0,42477700.0,0.0,0.0,0.0,41165020.0,1312680.0,42477700.0
2015-09-18,996.0,1010.0,988.0,996.0,8845.0,0.10050251256281408,0.0,0.0,88258440.0,0.0,0.0,0.0,86939440.0,1319000.0,88258440.0
2015-09-21,1005.0,1005.0,967.0,976.0,4514.0,-2.0080321285140563,0.0,784000.0,40871500.0,2221300.0,0.0,782530.0,40263770.0,2830500.0,43876800.0
2015-09-22,999.0,999.0,955.0,974.0,5646.0,-0.20491803278688525,349690.0,784650.0,53399740.0,19440.0,0.0,0.0,51181880.0,3371640.0,54553520.0
2015-09-23,970.0,970.0,922.0,932.0,8161.0,-4.312114989733059,18710.0,3402980.0,72128910.0,1138610.0,0.0,0.0,73559120.0,3130090.0,76689210.0
2015-09-24,946.0,946.0,924.0,943.0,2626.0,1.1802575107296138,0.0,0.0,24511530.0,0.0,0.0,0.0,23978690.0,532840.0,24511530.0
2015-09-25,943.0,947.0,911.0,944.0,1982.0,0.10604453870625664,0.0,1203170.0,17342860.0,0.0,46850.0,0.0,17720390.0,778790.0,18546030.0
2015-09-30,944.0,966.0,910.0,930.0,4402.0,-1.4830508474576272,0.0,0.0,40594830.0,9170.0,0.0,0.0,40014060.0,589940.0,40604000.0
2015-10-01,934.0,943.0,910.0,920.0,22441.0,-1.0752688172043012,42931850.0,0.0,163890820.0,27690.0,0.0,0.0,205226780.0,1623580.0,206850360.0
2015-10-02,929.0,930.0,900.0,917.0,18756.0,-0.32608695652173914,347380.0,1974930.0,164857440.0,3258060.0,0.0,0.0,170107080.0,330730.0,170437810.0
2015-10-05,917.0,1130.0,917.0,949.0,50993.0,3.4896401308615053,0.0,1610650.0,513751020.0,4075500.0,0.0,1620100.0,504874460.0,12942610.0,519437170.0
2015-10-06,978.0,993.0,950.0,981.0,10805.0,3.371970495258166,0.0,848980.0,102344270.0,2295620.0,0.0,859400.0,103290070.0,1339400.0,105488870.0
2015-10-07,981.0,991.0,946.0,982.0,8580.0,0.10193679918450561,0.0,0.0,81284900.0,1424800.0,0.0,0.0,81578770.0,1130930.0,82709700.0
2015-10-08,982.0,998.0,964.0,975.0,4624.0,-0.7128309572301426,0.0,0.0,44578870.0,520610.0,0.0,0.0,43150410.0,1949070.0,45099480.0
2015-10-12,1010.0,1010.0,966.0,968.0,6213.0,-0.717948717948718,0.0,0.0,59444250.0,1474620.0,0.0,0.0,60859470.0,59400.0,60918870.0
2015-10-13,968.0,985.0,965.0,980.0,7625.0,1.2396694214876034,0.0,9720.0,73058680.0,1518220.0,0.0,9810.0,73744100.0,832710.0,74586620.0
2015-10-14,980.0,997.0,968.0,979.0,4472.0,-0.10204081632653061,0.0,780000.0,42738240.0,0.0,0.0,778750.0,38980630.0,3758860.0,43518240.0
2015-10-15,979.0,993.0,970.0,988.0,3488.0,0.9193054136874361,0.0,0.0,30272680.0,3973720.0,0.0,0.0,34246400.0,0.0,34246400.0
2015-10-16,1000.0,1035.0,988.0,1000.0,8188.0,1.214574898785425,0.0,0.0,80637110.0,1533900.0,0.0,299700.0,81871310.0,0.0,82171010.0
2015-10-19,995.0,1025.0,987.0,991.0,1888.0,-0.8999999999999999,19820.0,109010.0,17984310.0,627240.0,0.0,0.0,18740380.0,0.0,18740380.0
2015-10-20,999.0,999.0,983.0,989.0,5272.0,-0.20181634712411706,0.0,0.0,50957860.0,1154480.0,0.0,0.0,52112340.0,0.0,52112340.0
2015-10-21,988.0,989.0,977.0,987.0,7528.0,-0.20222446916076847,0.0,0.0,72007680.0,1877260.0,0.0,0.0,73786840.0,98100.0,73884940.0
2015-10-22,982.0,988.0,970.0,977.0,12890.0,-1.0131712259371835,0.0,0.0,125404790.0,0.0,0.0,0.0,124497990.0,906800.0,125404790.0
2015-10-23,988.0,988.0,934.0,940.0,23157.0,-3.7871033776867966,9580.0,0.0,219366450.0,895130.0,0.0,0.0,216719830.0,3551330.0,220271160.0
2015-10-26,940.0,953.0,921.0,935.0,13446.0,-0.5319148936170213,0.0,0.0,124300690.0,1026210.0,0.0,0.0,125326900.0,0.0,125326900.0
2015-10-27,935.0,948.0,917.0,939.0,15882.0,0.42780748663101603,56160.0,0.0,135936490.0,10627900.0,0.0,0.0,146582750.0,37800.0,146620550.0
2015-10-28,939.0,947.0,924.0,945.0,2057.0,0.6389776357827476,0.0,0.0,18191890.0,1068460.0,0.0,0.0,19232060.0,28290.0,19260350.0
2015-10-29,945.0,960.0,935.0,950.0,7256.0,0.5291005291005291,0.0,0.0,67546310.0,1065970.0,0.0,0.0,68593220.0,19060.0,68612280.0
2015-10-30,934.0,952.0,921.0,922.0,12999.0,-2.9473684210526314,0.0,0.0,120167290.0,37560.0,27660.0,0.0,118881420.0,1295770.0,120204850.0
2015-11-02,930.0,970.0,923.0,931.0,2359.0,0.9761388286334056,0.0,0.0,22099230.0,0.0,0.0,0.0,21790050.0,309180.0,22099230.0
2015-11-03,927.0,961.0,925.0,961.0,2679.0,3.22234156820623,18620.0,83790.0,24962950.0,0.0,0.0,0.0,24412640.0,652720.0,25065360.0
2015-11-04,953.0,981.0,952.0,963.0,744.0,0.20811654526534862,0.0,0.0,7157260.0,0.0,0.0,0.0,5943980.0,1213280.0,7157260.0
2015-11-05,967.0,974.0,950.0,964.0,663.0,0.10384215991692627,0.0,0.0,6372430.0,0.0,0.0,0.0,4631610.0,1740820.0,6372430.0
2015-11-06,947.0,965.0,915.0,921.0,5606.0,-4.460580912863071,0.0,0.0,49252520.0,2658240.0,0.0,0.0,49864310.0,2046450.0,51910760.0
2015-11-09,925.0,929.0,905.0,906.0,16836.0,-1.6286644951140066,0.0,0.0,153532620.0,0.0,0.0,0.0,151284660.0,2247960.0,153532620.0
2015-11-10,953.0,953.0,886.0,900.0,6158.0,-0.6622516556291391,0.0,0.0,55344050.0,0.0,0.0,21575660.0,29799560.0,3968830.0,55344050.0
2015-11-11,892.0,919.0,889.0,902.0,10088.0,0.2222222222222222,0.0,0.0,90105480.0,18150.0,0.0,31865020.0,58213620.0,44990.0,90123630.0
2015-11-12,902.0,902.0,854.0,880.0,13446.0,-2.4390243902439024,0.0,0.0,119115700.0,169740.0,0.0,66561110.0,51192720.0,1531610.0,119285440.0
2015-11-13,872.0,888.0,856.0,857.0,19841.0,-2.6136363636363633,0.0,0.0,170186120.0,1288850.0,0.0,75171090.0,94669600.0,1634280.0,171474970.0
2015-11-16,840.0,849.0,820.0,820.0,23203.0,-4.3173862310385065,0.0,0.0,191014290.0,1047300.0,0.0,105307440.0,86270350.0,483800.0,192061590.0
2015-11-17,825.0,847.0,821.0,841.0,9628.0,2.5609756097560976,0.0,0.0,77677000.0,2364900.0,0.0,67210.0,79974690.0,0.0,80041900.0
2015-11-18,840.0,840.0,780.0,790.0,40251.0,-6.064209274673008,0.0,0.0,321492410.0,5362110.0,0.0,39552580.0,287059370.0,242570.0,326854520.0
2015-11-19,810.0,810.0,799.0,801.0,3004.0,1.3924050632911391,136740.0,0.0,22134030.0,1844330.0,32040.0,0.0,24066990.0,16070.0,24115100.0
2015-11-20,801.0,820.0,786.0,801.0,7139.0,0.0,0.0,0.0,53061980.0,3354910.0,0.0,0.0,55776890.0,640000.0,56416890.0
2015-11-23,801.0,823.0,801.0,813.0,1644.0,1.4981273408239701,0.0,0.0,12757690.0,560700.0,0.0,0.0,12394580.0,923810.0,13318390.0
2015-11-24,813.0,820.0,812.0,820.0,5337.0,0.8610086100861009,0.0,0.0,43481820.0,0.0,0.0,0.0,42975430.0,506390.0,43481820.0
2015-11-25,820.0,820.0,810.0,818.0,2410.0,-0.24390243902439024,0.0,0.0,18681190.0,908430.0,0.0,0.0,16836330.0,2753290.0,19589620.0
2015-11-26,820.0,820.0,812.0,820.0,6538.0,0.24449877750611246,0.0,0.0,49362930.0,3919890.0,0.0,0.0,53282820.0,0.0,53282820.0
2015-11-27,820.0,825.0,815.0,825.0,2822.0,0.6097560975609756,0.0,0.0,22664410.0,457440.0,0.0,0.0,23121850.0,0.0,23121850.0
2015-11-30,828.0,829.0,805.0,805.0,2706.0,-2.4242424242424243,0.0,0.0,21995610.0,0.0,40490.0,0.0,20402320.0,1552800.0,21995610.0
2015-12-01,802.0,811.0,789.0,805.0,6726.0,0.0,0.0,0.0,53631520.0,0.0,0.0,0.0,53213970.0,417550.0,53631520.0
2015-12-02,805.0,805.0,762.0,779.0,8544.0,-3.229813664596273,0.0,0.0,66936710.0,0.0,0.0,44519630.0,19936260.0,2480820.0,66936710.0
2015-12-03,772.0,786.0,751.0,751.0,14355.0,-3.594351732991014,0.0,0.0,106485600.0,2732040.0,0.0,0.0,108643250.0,574390.0,109217640.0
2015-12-04,751.0,818.0,751.0,805.0,5011.0,7.1904127829560585,0.0,0.0,33843870.0,5541280.0,0.0,0.0,37640790.0,1744360.0,39385150.0
2015-12-07,815.0,815.0,789.0,813.0,1736.0,0.9937888198757764,0.0,0.0,13504350.0,474700.0,0.0,0.0,10012710.0,3966340.0,13979050.0
2015-12-08,819.0,819.0,793.0,793.0,2247.0,-2.4600246002460024,0.0,0.0,17995790.0,0.0,0.0,0.0,14626070.0,3369720.0,17995790.0
2015-12-09,804.0,805.0,784.0,804.0,6178.0,1.3871374527112232,55640.0,0.0,48994300.0,0.0,0.0,26117720.0,22149670.0,782550.0,49049940.0
2015-12-10,805.0,1005.0,793.0,861.0,134990.0,7.08955223880597,32190.0,0.0,1202348400.0,10456010.0,0.0,5635000.0,1189847820.0,17353780.0,1212836600.0
2015-12-11,850.0,851.0,770.0,770.0,62145.0,-10.569105691056912,0.0,0.0,495787590.0,7279120.0,0.0,0.0,490290190.0,12776520.0,503066710.0
2015-12-14,772.0,785.0,750.0,771.0,13484.0,0.12987012987012986,0.0,0.0,101578390.0,2170230.0,0.0,0.0,94741650.0,9006970.0,103748620.0
2015-12-15,753.0,776.0,748.0,762.0,24203.0,-1.1673151750972763,0.0,0.0,176914130.0,5848360.0,30360.0,174570.0,175547650.0,7009910.0,182762490.0
2015-12-16,776.0,790.0,770.0,778.0,9825.0,2.099737532808399,0.0,0.0,72313710.0,4041360.0,0.0,37728160.0,37571950.0,1054960.0,76355070.0
2015-12-17,778.0,785.0,772.0,780.0,4482.0,0.2570694087403599,0.0,1559460.0,32454500.0,868100.0,0.0,8884200.0,25904580.0,93280.0,34882060.0
2015-12-18,780.0,798.0,780.0,795.0,3427.0,1.9230769230769231,0.0,630800.0,22576800.0,3831530.0,0.0,0.0,26466900.0,572230.0,27039130.0
2015-12-21,806.0,806.0,790.0,797.0,12740.0,0.25157232704402516,0.0,0.0,101557230.0,693390.0,0.0,0.0,100454230.0,1796390.0,102250620.0
2015-12-22,797.0,827.0,790.0,825.0,11444.0,3.5131744040150563,0.0,0.0,89394120.0,2516950.0,0.0,0.0,91107070.0,804000.0,91911070.0
2015-12-23,825.0,829.0,806.0,809.0,5201.0,-1.9393939393939394,0.0,0.0,41940780.0,532020.0,32840.0,188830.0,42251130.0,0.0,42472800.0
2015-12-24,806.0,820.0,806.0,809.0,2424.0,0.0,0.0,0.0,17030330.0,2659230.0,0.0,0.0,19689560.0,0.0,19689560.0
2015-12-28,809.0,826.0,785.0,800.0,6288.0,-1.1124845488257107,0.0,0.0,50582440.0,0.0,0.0,0.0,48503410.0,2079030.0,50582440.0
2015-12-29,798.0,799.0,772.0,780.0,6745.0,-2.5,7900.0,0.0,49964060.0,2956840.0,0.0,0.0,51739800.0,1189000.0,52928800.0
2015-12-30,789.0,807.0,789.0,790.0,3090.0,1.282051282051282,0.0,0.0,19571970.0,4884940.0,0.0,0.0,24456910.0,0.0,24456910.0
2016-01-04,794.0,794.0,780.0,782.0,2052.0,-1.0126582278481013,7850.0,0.0,15378540.0,691090.0,0.0,0.0,16077480.0,0.0,16077480.0
2016-01-05,785.0,785.0,755.0,776.0,5878.0,-0.7672634271099744,183400.0,0.0,43510690.0,1149210.0,0.0,0.0,40648980.0,4194320.0,44843300.0
2016-01-06,776.0,793.0,715.0,740.0,13254.0,-4.639175257731959,1536280.0,0.0,91125080.0,5500670.0,0.0,0.0,94761450.0,3400580.0,98162030.0
2016-01-07,740.0,745.0,723.0,727.0,6999.0,-1.7567567567567568,0.0,0.0,51097620.0,198720.0,0.0,0.0,47558950.0,3737390.0,51296340.0
2016-01-08,721.0,730.0,700.0,730.0,18136.0,0.41265474552957354,7110.0,0.0,128154740.0,1140400.0,0.0,0.0,129252480.0,49770.0,129302250.0
2016-01-11,730.0,757.0,716.0,727.0,2178.0,-0.410958904109589,7190.0,0.0,15300060.0,593310.0,0.0,0.0,15900560.0,0.0,15900560.0
2016-01-12,747.0,747.0,729.0,738.0,1259.0,1.5130674002751032,0.0,0.0,8506950.0,801810.0,0.0,0.0,8419930.0,888830.0,9308760.0
2016-01-13,755.0,755.0,734.0,748.0,1948.0,1.3550135501355014,0.0,0.0,14183190.0,236380.0,0.0,0.0,13712940.0,706630.0,14419570.0
2016-01-14,758.0,758.0,703.0,717.0,9906.0,-4.144385026737968,294630.0,0.0,68679050.0,2455930.0,43040.0,0.0,68597210.0,2789360.0,71429610.0
2016-01-15,722.0,724.0,709.0,712.0,2055.0,-0.697350069735007,7140.0,0.0,14335910.0,337140.0,0.0,0.0,14594320.0,85870.0,14680190.0
2016-01-18,714.0,719.0,700.0,714.0,7095.0,0.2808988764044944,77800.0,0.0,49210170.0,791000.0,0.0,0.0,48589720.0,1489250.0,50078970.0
2016-01-19,714.0,717.0,700.0,715.0,3044.0,0.1400560224089636,0.0,0.0,21023360.0,448100.0,0.0,0.0,21221970.0,249490.0,21471460.0
2016-01-20,714.0,714.0,701.0,704.0,3859.0,-1.5384615384615385,21130.0,0.0,27001550.0,289480.0,0.0,0.0,25726790.0,1585370.0,27312160.0
2016-01-21,682.0,710.0,682.0,697.0,1061.0,-0.9943181818181818,6970.0,0.0,7403390.0,0.0,0.0,0.0,6576780.0,833580.0,7410360.0
2016-01-22,693.0,712.0,693.0,707.0,1194.0,1.4347202295552368,7070.0,0.0,7525360.0,837090.0,0.0,0.0,7645630.0,723890.0,8369520.0
2016-01-25,707.0,711.0,701.0,704.0,416.0,-0.4243281471004243,0.0,0.0,2936780.0,7020.0,0.0,0.0,2943800.0,0.0,2943800.0
2016-01-26,711.0,711.0,695.0,702.0,388.0,-0.2840909090909091,0.0,0.0,2723470.0,0.0,0.0,0.0,1999720.0,723750.0,2723470.0
2016-01-27,700.0,711.0,696.0,697.0,4668.0,-0.7122507122507122,0.0,0.0,32350810.0,461760.0,0.0,0.0,32586000.0,226570.0,32812570.0
2016-01-28,687.0,714.0,687.0,706.0,889.0,1.291248206599713,21180.0,0.0,6204490.0,0.0,0.0,0.0,6065060.0,160610.0,6225670.0
2016-01-29,742.0,742.0,691.0,706.0,7423.0,0.0,0.0,0.0,52486430.0,0.0,7050.0,593600.0,51568000.0,317780.0,52486430.0
2016-02-01,717.0,717.0,699.0,704.0,7795.0,-0.28328611898017,0.0,0.0,54807600.0,0.0,0.0,149100.0,54228760.0,429740.0,54807600.0
2016-02-02,720.0,727.0,699.0,722.0,1789.0,2.556818181818182,0.0,0.0,12531870.0,0.0,0.0,0.0,12341290.0,190580.0,12531870.0
2016-02-03,720.0,721.0,683.0,694.0,6268.0,-3.8781163434903045,6870.0,0.0,43432040.0,0.0,0.0,0.0,34461440.0,8977470.0,43438910.0
2016-02-04,697.0,719.0,686.0,705.0,4969.0,1.585014409221902,0.0,0.0,34762250.0,20850.0,0.0,719000.0,33874670.0,189430.0,34783100.0
2016-02-05,734.0,734.0,703.0,711.0,2090.0,0.851063829787234,0.0,0.0,14794030.0,14160.0,0.0,0.0,14594200.0,213990.0,14808190.0
2016-02-11,708.0,708.0,680.0,695.0,2588.0,-2.250351617440225,48630.0,0.0,17834610.0,0.0,0.0,0.0,14374610.0,3508630.0,17883240.0
2016-02-12,695.0,695.0,657.0,670.0,1974.0,-3.597122302158273,19920.0,0.0,13242720.0,0.0,0.0,0.0,8806680.0,4455960.0,13262640.0
2016-02-15,611.0,667.0,611.0,629.0,17559.0,-6.119402985074627,0.0,0.0,110631330.0,0.0,67956910.0,0.0,38532410.0,4142010.0,110631330.0
2016-02-16,630.0,636.0,605.0,619.0,22213.0,-1.5898251192368837,0.0,0.0,136961090.0,0.0,0.0,1121180.0,132474790.0,3365120.0,136961090.0
2016-02-17,612.0,804.0,612.0,628.0,541979.0,1.4539579967689822,1950000.0,0.0,3958312860.0,5607960.0,12759200.0,6340000.0,3938348670.0,8422950.0,3965870820.0
2016-02-18,630.0,632.0,610.0,614.0,59793.0,-2.229299363057325,0.0,0.0,370064060.0,0.0,0.0,0.0,367727010.0,2337050.0,370064060.0
2016-02-19,617.0,627.0,614.0,618.0,13320.0,0.6514657980456027,0.0,0.0,82635320.0,0.0,0.0,0.0,79446720.0,3188600.0,82635320.0
2016-02-22,620.0,637.0,610.0,615.0,14309.0,-0.48543689320388345,0.0,0.0,88062440.0,0.0,0.0,0.0,84914200.0,3148240.0,88062440.0
2016-02-23,622.0,622.0,611.0,618.0,13331.0,0.4878048780487805,0.0,0.0,81796210.0,0.0,0.0,0.0,77834370.0,3961840.0,81796210.0
2016-02-24,609.0,621.0,608.0,614.0,5860.0,-0.6472491909385114,0.0,0.0,35920010.0,0.0,24560.0,0.0,31940970.0,3954480.0,35920010.0
2016-02-25,614.0,616.0,612.0,612.0,4252.0,-0.32573289902280134,0.0,0.0,26072650.0,0.0,0.0,0.0,22392870.0,3679780.0,26072650.0
2016-02-26,614.0,629.0,611.0,627.0,9136.0,2.450980392156863,0.0,0.0,56343450.0,0.0,0.0,0.0,53326010.0,3017440.0,56343450.0
2016-02-29,626.0,635.0,616.0,629.0,5084.0,0.3189792663476874,0.0,0.0,31811880.0,0.0,0.0,0.0,28533800.0,3278080.0,31811880.0
2016-03-02,624.0,645.0,624.0,641.0,5895.0,1.9077901430842605,83330.0,365370.0,37125460.0,0.0,0.0,0.0,34610390.0,2963770.0,37574160.0
2016-03-03,641.0,657.0,636.0,655.0,11195.0,2.1840873634945397,724070.0,3218980.0,68256860.0,0.0,0.0,0.0,69691240.0,2508670.0,72199910.0
2016-03-04,646.0,669.0,645.0,652.0,7314.0,-0.45801526717557256,58690.0,0.0,47992870.0,0.0,0.0,0.0,45211200.0,2840360.0,48051560.0
2016-03-07,655.0,655.0,633.0,648.0,7165.0,-0.6134969325153374,0.0,0.0,46047820.0,0.0,0.0,0.0,45561000.0,486820.0,46047820.0
2016-03-08,650.0,673.0,641.0,658.0,18389.0,1.5432098765432098,0.0,0.0,120752480.0,0.0,2008160.0,0.0,118744320.0,0.0,120752480.0
2016-03-09,661.0,670.0,654.0,665.0,10882.0,1.0638297872340425,0.0,0.0,71878670.0,0.0,0.0,0.0,71872020.0,6650.0,71878670.0
2016-03-10,673.0,675.0,650.0,663.0,2421.0,-0.30075187969924816,0.0,0.0,16125760.0,0.0,0.0,0.0,16125760.0,0.0,16125760.0
2016-03-11,651.0,663.0,634.0,659.0,4611.0,-0.603318250377074,0.0,0.0,29993910.0,0.0,0.0,0.0,29993910.0,0.0,29993910.0
2016-03-14,659.0,699.0,656.0,674.0,20781.0,2.2761760242792106,0.0,0.0,140871910.0,0.0,33650.0,188440.0,140649820.0,0.0,140871910.0
2016-03-15,674.0,740.0,670.0,696.0,34694.0,3.2640949554896146,0.0,0.0,239068430.0,4607910.0,0.0,0.0,238808960.0,4867380.0,243676340.0
2016-03-16,711.0,715.0,683.0,710.0,13508.0,2.0114942528735633,0.0,0.0,87960660.0,6942140.0,0.0,0.0,94902800.0,0.0,94902800.0
2016-03-17,718.0,719.0,692.0,705.0,3747.0,-0.7042253521126761,0.0,0.0,26085010.0,187440.0,0.0,0.0,25490200.0,782250.0,26272450.0
2016-03-18,705.0,710.0,660.0,695.0,16775.0,-1.4184397163120568,0.0,0.0,113443630.0,1920440.0,0.0,0.0,108061370.0,7302700.0,115364070.0
2016-03-21,693.0,695.0,669.0,678.0,8894.0,-2.446043165467626,0.0,0.0,59861290.0,0.0,0.0,0.0,59259370.0,601920.0,59861290.0
2016-03-22,678.0,678.0,651.0,655.0,23608.0,-3.392330383480826,0.0,0.0,149749600.0,5620030.0,0.0,0.0,155369630.0,0.0,155369630.0
2016-03-23,667.0,667.0,651.0,665.0,5072.0,1.5267175572519083,59850.0,285950.0,33280830.0,0.0,0.0,0.0,29284530.0,4342100.0,33626630.0
2016-03-24,665.0,666.0,646.0,655.0,17853.0,-1.5037593984962405,0.0,0.0,111732160.0,4089180.0,0.0,0.0,115821340.0,0.0,115821340.0
2016-03-25,660.0,666.0,649.0,663.0,2984.0,1.2213740458015268,0.0,0.0,19250310.0,234360.0,0.0,0.0,19484670.0,0.0,19484670.0
2016-03-28,670.0,670.0,643.0,660.0,14070.0,-0.4524886877828055,0.0,0.0,91107510.0,117000.0,423150.0,0.0,90801360.0,0.0,91224510.0
2016-03-29,647.0,660.0,641.0,642.0,12056.0,-2.727272727272727,0.0,0.0,77962470.0,148120.0,0.0,2726330.0,75260570.0,123690.0,78110590.0
2016-03-30,652.0,653.0,641.0,646.0,4732.0,0.6230529595015576,0.0,0.0,30365920.0,0.0,0.0,0.0,30365920.0,0.0,30365920.0
2016-03-31,648.0,648.0,633.0,634.0,7153.0,-1.8575851393188854,0.0,0.0,45474340.0,0.0,0.0,0.0,45474340.0,0.0,45474340.0
2016-04-01,625.0,644.0,615.0,640.0,8655.0,0.9463722397476341,0.0,0.0,54258230.0,0.0,1366580.0,0.0,52891650.0,0.0,54258230.0
2016-04-04,648.0,648.0,635.0,636.0,1541.0,-0.625,0.0,0.0,9797670.0,0.0,0.0,0.0,9797670.0,0.0,9797670.0
2016-04-05,645.0,646.0,635.0,643.0,4271.0,1.10062893081761,0.0,0.0,27508180.0,0.0,12860.0,0.0,25106220.0,2389100.0,27508180.0
2016-04-06,647.0,655.0,639.0,652.0,1551.0,1.3996889580093312,420840.0,0.0,9631930.0,0.0,51600.0,0.0,10001170.0,0.0,10052770.0
2016-04-07,648.0,658.0,643.0,650.0,2610.0,-0.3067484662576687,0.0,0.0,16811580.0,148580.0,0.0,0.0,11992600.0,4967560.0,16960160.0
2016-04-08,650.0,665.0,643.0,656.0,2991.0,0.9230769230769231,98160.0,0.0,19456310.0,0.0,0.0,0.0,19554470.0,0.0,19554470.0
2016-04-11,663.0,665.0,647.0,658.0,9516.0,0.3048780487804878,0.0,0.0,62517690.0,0.0,0.0,0.0,62517690.0,0.0,62517690.0
2016-04-12,658.0,664.0,655.0,660.0,2469.0,0.303951367781155,0.0,0.0,16325570.0,0.0,0.0,0.0,16325570.0,0.0,16325570.0
2016-04-14,664.0,664.0,650.0,656.0,4093.0,-0.6060606060606061,0.0,0.0,26703120.0,0.0,0.0,0.0,26703120.0,0.0,26703120.0
2016-04-15,659.0,690.0,652.0,677.0,9393.0,3.201219512195122,0.0,0.0,62945380.0,0.0,0.0,0.0,62945380.0,0.0,62945380.0
2016-04-18,677.0,682.0,650.0,672.0,6641.0,-0.7385524372230428,3393900.0,0.0,39656280.0,848640.0,0.0,0.0,43898820.0,0.0,43898820.0
2016-04-19,671.0,672.0,660.0,667.0,2673.0,-0.744047619047619,1962740.0,0.0,15607960.0,231350.0,46690.0,0.0,17755360.0,0.0,17802050.0
2016-04-20,666.0,672.0,656.0,658.0,5190.0,-1.3493253373313343,0.0,0.0,34295510.0,0.0,0.0,0.0,34295510.0,0.0,34295510.0
2016-04-21,660.0,685.0,660.0,673.0,3029.0,2.2796352583586628,0.0,0.0,20374590.0,0.0,94090.0,0.0,19540600.0,739900.0,20374590.0
2016-04-22,673.0,727.0,662.0,714.0,19138.0,6.092124814264487,0.0,0.0,132968930.0,924330.0,0.0,0.0,132566680.0,1326580.0,133893260.0
2016-04-25,713.0,720.0,691.0,692.0,5076.0,-3.081232492997199,0.0,0.0,35533630.0,0.0,0.0,0.0,35533630.0,0.0,35533630.0
2016-04-26,704.0,705.0,682.0,688.0,8018.0,-0.5780346820809248,0.0,0.0,55510070.0,0.0,0.0,0.0,55510070.0,0.0,55510070.0
2016-04-27,688.0,694.0,686.0,687.0,4114.0,-0.14534883720930233,3460800.0,0.0,24876790.0,0.0,20610.0,0.0,28316980.0,0.0,28337590.0
2016-04-28,695.0,723.0,692.0,700.0,7968.0,1.8922852983988356,0.0,0.0,53626080.0,1901430.0,0.0,0.0,55527510.0,0.0,55527510.0
2016-04-29,700.0,709.0,688.0,691.0,4426.0,-1.2857142857142856,0.0,0.0,27545320.0,3298900.0,6910.0,0.0,27436640.0,3400670.0,30844220.0
2016-05-02,680.0,704.0,680.0,691.0,3653.0,0.0,0.0,0.0,23343200.0,1899520.0,0.0,0.0,23408650.0,1834070.0,25242720.0
2016-05-03,691.0,706.0,688.0,705.0,3169.0,2.0260492040520983,0.0,0.0,22222370.0,0.0,0.0,0.0,22222370.0,0.0,22222370.0
2016-05-04,714.0,715.0,692.0,715.0,3637.0,1.4184397163120568,0.0,0.0,25936720.0,0.0,0.0,0.0,23880400.0,2056320.0,25936720.0
2016-05-09,700.0,715.0,690.0,690.0,4895.0,-3.4965034965034967,6970.0,0.0,34428210.0,0.0,0.0,0.0,34435180.0,0.0,34435180.0
2016-05-10,680.0,696.0,677.0,689.0,10319.0,-0.14492753623188406,0.0,0.0,70390700.0,0.0,0.0,0.0,70390700.0,0.0,70390700.0
2016-05-11,708.0,708.0,690.0,706.0,7836.0,2.467343976777939,0.0,0.0,54899170.0,0.0,0.0,0.0,54899170.0,0.0,54899170.0
2016-05-12,708.0,728.0,693.0,726.0,5061.0,2.8328611898017,0.0,0.0,27828220.0,8318600.0,0.0,0.0,36146820.0,0.0,36146820.0
2016-05-13,720.0,871.0,710.0,765.0,65412.0,5.371900826446281,7510.0,0.0,516120780.0,1015340.0,7790000.0,0.0,506289920.0,3063710.0,517143630.0
2016-05-16,780.0,780.0,732.0,741.0,10740.0,-3.1372549019607843,0.0,0.0,78277800.0,1688330.0,0.0,0.0,79966130.0,0.0,79966130.0
2016-05-17,741.0,778.0,732.0,742.0,6914.0,0.1349527665317139,0.0,0.0,51297100.0,0.0,0.0,0.0,51297100.0,0.0,51297100.0
2016-05-18,750.0,760.0,729.0,760.0,5430.0,2.4258760107816713,111960.0,0.0,40465800.0,0.0,0.0,0.0,40577760.0,0.0,40577760.0
2016-05-19,746.0,850.0,746.0,807.0,40361.0,6.184210526315789,0.0,0.0,323292600.0,0.0,4150000.0,0.0,313423600.0,5719000.0,323292600.0
2016-05-20,805.0,825.0,790.0,824.0,23511.0,2.1065675340768277,0.0,0.0,187859260.0,3373600.0,0.0,0.0,191232860.0,0.0,191232860.0
2016-05-23,801.0,824.0,756.0,788.0,30072.0,-4.368932038834951,0.0,0.0,231121800.0,7086000.0,0.0,0.0,238207800.0,0.0,238207800.0
2016-05-24,807.0,807.0,760.0,773.0,25015.0,-1.903553299492386,0.0,0.0,191401700.0,2316000.0,80000.0,0.0,191295560.0,2342140.0,193717700.0
2016-05-25,760.0,810.0,760.0,803.0,17048.0,3.8809831824062093,0.0,0.0,132659140.0,0.0,4614040.0,0.0,121395100.0,6650000.0,132659140.0
2016-05-26,803.0,835.0,776.0,803.0,11243.0,0.0,0.0,0.0,89739230.0,0.0,805000.0,0.0,88934230.0,0.0,89739230.0
2016-05-27,803.0,804.0,783.0,787.0,3448.0,-1.9925280199252802,0.0,0.0,27466690.0,0.0,1737030.0,0.0,25729660.0,0.0,27466690.0
2016-05-30,800.0,800.0,778.0,794.0,3439.0,0.8894536213468869,0.0,0.0,26908720.0,0.0,633190.0,0.0,26275530.0,0.0,26908720.0
2016-05-31,794.0,794.0,774.0,785.0,3863.0,-1.1335012594458438,0.0,0.0,30197560.0,0.0,0.0,0.0,30197560.0,0.0,30197560.0
2016-06-01,783.0,783.0,770.0,770.0,10749.0,-1.910828025477707,0.0,0.0,83047340.0,0.0,0.0,0.0,83047340.0,0.0,83047340.0
2016-06-02,777.0,777.0,764.0,767.0,2365.0,-0.38961038961038963,30880.0,0.0,18107150.0,0.0,0.0,0.0,11903190.0,6234840.0,18138030.0
2016-06-03,770.0,770.0,736.0,750.0,19598.0,-2.216427640156454,7480.0,22510000.0,124203680.0,0.0,0.0,0.0,146721160.0,0.0,146721160.0
2016-06-07,750.0,894.0,745.0,829.0,70502.0,10.533333333333333,0.0,0.0,582617120.0,0.0,22650.0,0.0,582594470.0,0.0,582617120.0
2016-06-08,837.0,858.0,823.0,855.0,23572.0,3.1363088057901085,153460.0,0.0,198816170.0,0.0,0.0,8415000.0,190554630.0,0.0,198969630.0
2016-06-09,856.0,888.0,838.0,842.0,20849.0,-1.5204678362573099,119470.0,0.0,178509730.0,0.0,220610.0,1059600.0,177348990.0,0.0,178629200.0
2016-06-10,856.0,856.0,829.0,844.0,7651.0,0.23752969121140144,0.0,0.0,64210800.0,0.0,199920.0,0.0,64010880.0,0.0,64210800.0
2016-06-13,844.0,844.0,830.0,843.0,8857.0,-0.11848341232227488,83250.0,0.0,73656460.0,0.0,831470.0,0.0,72908240.0,0.0,73739710.0
2016-06-14,825.0,860.0,810.0,816.0,8531.0,-3.202846975088968,81200.0,0.0,69918050.0,0.0,0.0,0.0,69999250.0,0.0,69999250.0
2016-06-15,820.0,821.0,800.0,821.0,2217.0,0.6127450980392157,0.0,0.0,17927030.0,0.0,0.0,0.0,17927030.0,0.0,17927030.0
2016-06-16,810.0,834.0,795.0,795.0,5340.0,-3.1668696711327646,63990.0,0.0,42860230.0,0.0,0.0,7868800.0,35055420.0,0.0,42924220.0
2016-06-17,802.0,807.0,800.0,800.0,2931.0,0.628930817610063,8010.0,0.0,23470670.0,0.0,0.0,7218000.0,16260680.0,0.0,23478680.0
2016-06-20,806.0,806.0,791.0,801.0,1788.0,0.125,0.0,0.0,14313800.0,0.0,0.0,0.0,14313800.0,0.0,14313800.0
2016-06-21,817.0,817.0,799.0,809.0,6562.0,0.9987515605493134,0.0,0.0,52638040.0,0.0,0.0,0.0,52638040.0,0.0,52638040.0
2016-06-22,816.0,816.0,801.0,804.0,2002.0,-0.6180469715698393,0.0,0.0,16079520.0,0.0,0.0,0.0,16079520.0,0.0,16079520.0
2016-06-23,800.0,836.0,800.0,822.0,1097.0,2.2388059701492535,0.0,0.0,8952630.0,0.0,0.0,0.0,8952630.0,0.0,8952630.0
2016-06-24,849.0,849.0,771.0,793.0,3801.0,-3.5279805352798053,243530.0,0.0,29938880.0,0.0,0.0,0.0,30182410.0,0.0,30182410.0
2016-06-27,761.0,826.0,761.0,782.0,8550.0,-1.3871374527112232,7670.0,0.0,68003390.0,0.0,0.0,0.0,68011060.0,0.0,68011060.0
2016-06-28,771.0,790.0,771.0,790.0,5273.0,1.0230179028132993,0.0,0.0,41373870.0,0.0,123680.0,564290.0,40685900.0,0.0,41373870.0
2016-06-29,810.0,810.0,780.0,797.0,1687.0,0.8860759493670887,0.0,0.0,13415490.0,0.0,0.0,0.0,13415490.0,0.0,13415490.0
2016-06-30,783.0,820.0,783.0,810.0,11729.0,1.631116687578419,0.0,0.0,95634590.0,0.0,0.0,0.0,95634590.0,0.0,95634590.0
2016-07-01,810.0,810.0,795.0,809.0,1370.0,-0.12345679012345678,0.0,0.0,10917510.0,0.0,0.0,0.0,10917510.0,0.0,10917510.0
2016-07-04,890.0,890.0,811.0,815.0,4535.0,0.7416563658838072,0.0,0.0,37618230.0,0.0,0.0,0.0,37618230.0,0.0,37618230.0
2016-07-05,815.0,815.0,798.0,815.0,1151.0,0.0,5092920.0,0.0,4257180.0,0.0,0.0,0.0,9350100.0,0.0,9350100.0
2016-07-06,801.0,820.0,801.0,816.0,2955.0,0.1226993865030675,17031170.0,0.0,7093520.0,0.0,0.0,0.0,24124690.0,0.0,24124690.0
2016-07-07,845.0,845.0,805.0,820.0,7502.0,0.49019607843137253,4387250.0,0.0,58416350.0,0.0,0.0,0.0,62803600.0,0.0,62803600.0
2016-07-08,820.0,825.0,815.0,825.0,21506.0,0.6097560975609756,3450760.0,0.0,173168850.0,0.0,0.0,0.0,176619610.0,0.0,176619610.0
2016-07-11,850.0,850.0,830.0,836.0,1176.0,1.3333333333333335,7623090.0,0.0,2173150.0,0.0,0.0,0.0,9796240.0,0.0,9796240.0
2016-07-12,840.0,840.0,824.0,824.0,4564.0,-1.4354066985645932,10283240.0,0.0,27894470.0,0.0,0.0,0.0,38177710.0,0.0,38177710.0
2016-07-13,839.0,839.0,816.0,825.0,3171.0,0.12135922330097086,605550.0,0.0,25388250.0,0.0,0.0,0.0,25993800.0,0.0,25993800.0
2016-07-14,847.0,847.0,817.0,834.0,4421.0,1.090909090909091,8773060.0,0.0,27752410.0,0.0,0.0,0.0,36525470.0,0.0,36525470.0
2016-07-15,849.0,849.0,816.0,820.0,9249.0,-1.6786570743405276,13246770.0,0.0,62771560.0,0.0,0.0,0.0,76018330.0,0.0,76018330.0
2016-07-18,844.0,844.0,807.0,819.0,2220.0,-0.12195121951219512,8265040.0,0.0,9722360.0,0.0,0.0,0.0,17987400.0,0.0,17987400.0
2016-07-19,808.0,822.0,808.0,822.0,5153.0,0.3663003663003663,9000710.0,0.0,33225910.0,0.0,0.0,0.0,42226620.0,0.0,42226620.0
2016-07-20,821.0,821.0,790.0,804.0,7350.0,-2.18978102189781,0.0,0.0,59505230.0,0.0,0.0,0.0,59505230.0,0.0,59505230.0
2016-07-21,804.0,805.0,801.0,803.0,2916.0,-0.12437810945273632,0.0,0.0,23393870.0,0.0,0.0,0.0,23393870.0,0.0,23393870.0
2016-07-22,802.0,833.0,801.0,833.0,2970.0,3.7359900373599,0.0,0.0,23814150.0,0.0,0.0,0.0,23814150.0,0.0,23814150.0
2016-07-25,833.0,833.0,803.0,808.0,775.0,-3.0012004801920766,0.0,0.0,6274650.0,0.0,0.0,0.0,6274650.0,0.0,6274650.0
2016-07-26,793.0,805.0,793.0,805.0,965.0,-0.3712871287128713,0.0,0.0,7685830.0,0.0,0.0,0.0,7685830.0,0.0,7685830.0
2016-07-27,836.0,836.0,786.0,800.0,3875.0,-0.6211180124223602,1504440.0,0.0,29245640.0,0.0,6982040.0,0.0,23768040.0,0.0,30750080.0
2016-07-28,799.0,800.0,796.0,797.0,3362.0,-0.375,1691960.0,0.0,25127890.0,0.0,7040330.0,0.0,19779520.0,0.0,26819850.0
2016-07-29,800.0,800.0,797.0,797.0,2849.0,0.0,798000.0,0.0,21986630.0,0.0,4608000.0,0.0,18176630.0,0.0,22784630.0
2016-08-01,835.0,835.0,800.0,816.0,3934.0,2.3839397741530743,0.0,0.0,31638880.0,0.0,0.0,0.0,31638880.0,0.0,31638880.0
2016-08-02,797.0,815.0,797.0,805.0,368.0,-1.3480392156862746,167370.0,0.0,2797810.0,0.0,0.0,0.0,2965180.0,0.0,2965180.0
2016-08-03,800.0,820.0,800.0,815.0,528.0,1.2422360248447204,152190.0,0.0,4111660.0,0.0,0.0,0.0,4263850.0,0.0,4263850.0
2016-08-04,782.0,810.0,782.0,792.0,4131.0,-2.8220858895705523,3174580.0,0.0,29623350.0,0.0,0.0,0.0,32797930.0,0.0,32797930.0
2016-08-05,796.0,817.0,796.0,814.0,902.0,2.7777777777777777,0.0,0.0,7329660.0,0.0,0.0,0.0,7329660.0,0.0,7329660.0
2016-08-08,829.0,829.0,812.0,812.0,251.0,-0.2457002457002457,81200.0,0.0,1959150.0,0.0,0.0,0.0,2040350.0,0.0,2040350.0
2016-08-09,812.0,812.0,793.0,793.0,2609.0,-2.3399014778325125,828720.0,0.0,20043060.0,0.0,8544000.0,0.0,12327780.0,0.0,20871780.0
2016-08-10,829.0,829.0,793.0,798.0,989.0,0.6305170239596469,126880.0,0.0,7834560.0,0.0,995550.0,0.0,6965890.0,0.0,7961440.0
2016-08-11,790.0,806.0,790.0,800.0,9224.0,0.2506265664160401,79600.0,0.0,73625720.0,0.0,65690850.0,0.0,8014470.0,0.0,73705320.0
2016-08-12,800.0,800.0,780.0,789.0,1468.0,-1.375,1571470.0,0.0,9980010.0,0.0,10166980.0,0.0,1384500.0,0.0,11551480.0
2016-08-16,791.0,810.0,791.0,809.0,457.0,2.5348542458808616,0.0,0.0,3650020.0,0.0,0.0,0.0,3650020.0,0.0,3650020.0
2016-08-17,809.0,814.0,800.0,800.0,8587.0,-1.1124845488257107,0.0,0.0,69059930.0,0.0,0.0,0.0,69059930.0,0.0,69059930.0
2016-08-18,783.0,828.0,783.0,787.0,769.0,-1.625,0.0,0.0,6038070.0,0.0,0.0,0.0,6038070.0,0.0,6038070.0
2016-08-19,780.0,810.0,780.0,807.0,6008.0,2.5412960609911055,207020.0,0.0,47159070.0,0.0,0.0,0.0,47366090.0,0.0,47366090.0
2016-08-22,825.0,825.0,806.0,806.0,40.0,-0.12391573729863693,104780.0,0.0,220550.0,0.0,0.0,0.0,325330.0,0.0,325330.0
2016-08-23,805.0,813.0,798.0,812.0,555.0,0.7444168734491315,183940.0,0.0,4309970.0,0.0,0.0,0.0,4493910.0,0.0,4493910.0
2016-08-24,796.0,819.0,796.0,810.0,683.0,-0.24630541871921183,543380.0,0.0,5009220.0,0.0,0.0,0.0,5552600.0,0.0,5552600.0
2016-08-25,800.0,803.0,797.0,803.0,459.0,-0.8641975308641975,248930.0,0.0,3420160.0,0.0,0.0,0.0,3669090.0,0.0,3669090.0
2016-08-26,793.0,809.0,793.0,800.0,186.0,-0.37359900373599003,47580.0,0.0,1445020.0,0.0,0.0,0.0,1492600.0,0.0,1492600.0
2016-08-29,803.0,803.0,787.0,800.0,135.0,0.0,357750.0,0.0,716650.0,0.0,24000.0,0.0,1050400.0,0.0,1074400.0
2016-08-30,800.0,809.0,800.0,800.0,589.0,0.0,248000.0,0.0,2466960.0,2000000.0,0.0,0.0,4714960.0,0.0,4714960.0
2016-08-31,811.0,811.0,770.0,789.0,11754.0,-1.375,146870.0,0.0,90588040.0,0.0,0.0,0.0,90734910.0,0.0,90734910.0
2016-09-01,799.0,806.0,799.0,800.0,5588.0,1.394169835234474,24150.0,0.0,44681840.0,0.0,0.0,0.0,44705990.0,0.0,44705990.0
2016-09-02,800.0,811.0,790.0,809.0,1702.0,1.125,5444420.0,0.0,8103780.0,0.0,0.0,0.0,13548200.0,0.0,13548200.0
2016-09-05,809.0,822.0,800.0,811.0,1948.0,0.2472187886279357,5007670.0,0.0,10780170.0,0.0,0.0,0.0,15787840.0,0.0,15787840.0
2016-09-06,800.0,810.0,800.0,810.0,4846.0,-0.12330456226880394,5322920.0,0.0,33521410.0,0.0,243000.0,0.0,38601330.0,0.0,38844330.0
2016-09-07,810.0,823.0,810.0,823.0,1322.0,1.6049382716049383,8217590.0,0.0,2621520.0,0.0,49080.0,0.0,10790030.0,0.0,10839110.0
2016-09-08,821.0,821.0,806.0,820.0,553.0,-0.3645200486026731,3886830.0,0.0,647680.0,0.0,0.0,0.0,4534510.0,0.0,4534510.0
2016-09-09,821.0,821.0,806.0,818.0,89.0,-0.24390243902439024,0.0,0.0,728120.0,0.0,0.0,0.0,728120.0,0.0,728120.0
2016-09-12,818.0,818.0,800.0,810.0,425.0,-0.9779951100244498,104000.0,0.0,3297980.0,0.0,0.0,0.0,3401980.0,0.0,3401980.0
2016-09-13,805.0,835.0,803.0,816.0,225.0,0.7407407407407408,99600.0,0.0,1751450.0,0.0,0.0,0.0,1851050.0,0.0,1851050.0
2016-09-19,815.0,815.0,793.0,800.0,1302.0,-1.9607843137254901,793000.0,0.0,9626380.0,0.0,0.0,0.0,10419380.0,0.0,10419380.0
2016-09-20,800.0,804.0,794.0,800.0,5620.0,0.0,794000.0,0.0,44220730.0,0.0,0.0,0.0,43014730.0,2000000.0,45014730.0
2016-09-21,820.0,820.0,794.0,810.0,651.0,1.25,0.0,0.0,5244070.0,0.0,0.0,0.0,5244070.0,0.0,5244070.0
2016-09-22,815.0,815.0,794.0,794.0,2059.0,-1.9753086419753085,0.0,0.0,16375890.0,0.0,95880.0,0.0,16280010.0,0.0,16375890.0
2016-09-23,793.0,806.0,793.0,795.0,536.0,0.12594458438287154,0.0,0.0,4252510.0,0.0,0.0,0.0,4252510.0,0.0,4252510.0
2016-09-26,806.0,806.0,787.0,787.0,3410.0,-1.0062893081761006,0.0,0.0,27032000.0,0.0,0.0,0.0,27032000.0,0.0,27032000.0
2016-09-27,772.0,786.0,772.0,786.0,1747.0,-0.12706480304955528,786000.0,0.0,12796130.0,0.0,0.0,0.0,13582130.0,0.0,13582130.0
2016-09-28,777.0,800.0,773.0,780.0,3457.0,-0.7633587786259541,1554000.0,0.0,25332010.0,0.0,0.0,0.0,26886010.0,0.0,26886010.0
2016-09-29,777.0,780.0,771.0,780.0,4502.0,0.0,46800.0,0.0,34741890.0,0.0,0.0,0.0,34788690.0,0.0,34788690.0
2016-09-30,780.0,793.0,770.0,780.0,7980.0,0.0,0.0,0.0,61592160.0,0.0,0.0,0.0,61592160.0,0.0,61592160.0
2016-10-04,772.0,797.0,772.0,795.0,593.0,1.9230769230769231,0.0,0.0,4635360.0,0.0,0.0,0.0,4635360.0,0.0,4635360.0
2016-10-05,797.0,797.0,790.0,791.0,7883.0,-0.5031446540880503,0.0,0.0,62327200.0,0.0,237000.0,0.0,62090200.0,0.0,62327200.0
2016-10-06,791.0,811.0,791.0,803.0,19272.0,1.5170670037926675,1127840.0,3567290.0,150056940.0,0.0,290580.0,0.0,154461490.0,0.0,154752070.0
2016-10-07,819.0,840.0,815.0,840.0,26596.0,4.60772104607721,0.0,0.0,220312590.0,0.0,0.0,0.0,220312590.0,0.0,220312590.0
2016-10-10,842.0,871.0,842.0,857.0,9981.0,2.0238095238095237,0.0,0.0,85309510.0,0.0,0.0,0.0,85309510.0,0.0,85309510.0
2016-10-11,857.0,875.0,851.0,851.0,2897.0,-0.7001166861143524,0.0,0.0,24795750.0,0.0,0.0,0.0,24795750.0,0.0,24795750.0
2016-10-12,883.0,883.0,848.0,850.0,1208.0,-0.11750881316098707,0.0,0.0,10587690.0,0.0,0.0,0.0,10587690.0,0.0,10587690.0
2016-10-13,850.0,859.0,850.0,853.0,5895.0,0.35294117647058826,0.0,0.0,50335610.0,0.0,0.0,0.0,50335610.0,0.0,50335610.0
2016-10-14,878.0,878.0,850.0,853.0,968.0,0.0,0.0,140480.0,8120940.0,0.0,0.0,0.0,8261420.0,0.0,8261420.0
2016-10-17,812.0,860.0,812.0,860.0,734.0,0.8206330597889802,0.0,0.0,6075930.0,0.0,0.0,0.0,6075930.0,0.0,6075930.0
2016-10-18,836.0,858.0,836.0,840.0,674.0,-2.3255813953488373,0.0,0.0,5655260.0,0.0,0.0,0.0,5655260.0,0.0,5655260.0
2016-10-19,877.0,877.0,836.0,843.0,933.0,0.35714285714285715,0.0,0.0,7900440.0,0.0,0.0,0.0,7900440.0,0.0,7900440.0
2016-10-20,870.0,870.0,830.0,830.0,4110.0,-1.542111506524318,0.0,0.0,34476990.0,0.0,0.0,0.0,34476990.0,0.0,34476990.0
2016-10-21,831.0,861.0,831.0,849.0,632.0,2.289156626506024,0.0,0.0,5421900.0,0.0,0.0,0.0,5421900.0,0.0,5421900.0
2016-10-24,830.0,858.0,830.0,857.0,668.0,0.9422850412249705,0.0,0.0,5586130.0,0.0,0.0,0.0,5586130.0,0.0,5586130.0
2016-10-25,856.0,856.0,825.0,826.0,4041.0,-3.6172695449241536,0.0,0.0,33467860.0,0.0,0.0,0.0,33467860.0,0.0,33467860.0
2016-10-26,826.0,838.0,820.0,838.0,858.0,1.4527845036319613,0.0,590840.0,6463320.0,0.0,0.0,0.0,7054160.0,0.0,7054160.0
2016-10-27,825.0,825.0,800.0,800.0,11862.0,-4.534606205250596,0.0,0.0,96393230.0,0.0,16244750.0,0.0,80148480.0,0.0,96393230.0
2016-10-28,799.0,820.0,796.0,820.0,837.0,2.5,0.0,1435000.0,5294030.0,0.0,0.0,0.0,6729030.0,0.0,6729030.0
2016-10-31,797.0,819.0,796.0,809.0,1239.0,-1.3414634146341464,0.0,0.0,9890180.0,0.0,0.0,0.0,9890180.0,0.0,9890180.0
2016-11-01,793.0,817.0,793.0,810.0,484.0,0.12360939431396785,0.0,0.0,3845720.0,0.0,0.0,0.0,3845720.0,0.0,3845720.0
2016-11-02,796.0,796.0,765.0,795.0,7757.0,-1.8518518518518516,0.0,0.0,60561670.0,0.0,0.0,0.0,60561670.0,0.0,60561670.0
2016-11-03,795.0,795.0,780.0,781.0,4295.0,-1.7610062893081762,0.0,0.0,33537630.0,0.0,0.0,0.0,33537630.0,0.0,33537630.0
2016-11-04,771.0,795.0,771.0,795.0,1892.0,1.792573623559539,0.0,0.0,14672570.0,0.0,0.0,0.0,14672570.0,0.0,14672570.0
2016-11-07,794.0,794.0,790.0,790.0,3393.0,-0.628930817610063,0.0,0.0,26819140.0,0.0,0.0,0.0,26819140.0,0.0,26819140.0
2016-11-08,818.0,818.0,811.0,811.0,78.0,2.6582278481012658,8110.0,0.0,625490.0,0.0,57260.0,0.0,576340.0,0.0,633600.0
2016-11-09,782.0,802.0,772.0,802.0,2289.0,-1.1097410604192355,7820.0,0.0,17812760.0,0.0,0.0,0.0,17820580.0,0.0,17820580.0
2016-11-10,802.0,803.0,782.0,803.0,932.0,0.12468827930174563,0.0,0.0,7457670.0,0.0,0.0,0.0,7457670.0,0.0,7457670.0
2016-11-11,784.0,805.0,784.0,805.0,225.0,0.24906600249066002,0.0,0.0,1807710.0,0.0,7920.0,0.0,1799790.0,0.0,1807710.0
2016-11-14,795.0,817.0,795.0,816.0,761.0,1.3664596273291925,0.0,0.0,6154420.0,0.0,0.0,0.0,6154420.0,0.0,6154420.0
2016-11-15,816.0,816.0,801.0,803.0,2114.0,-1.5931372549019607,0.0,0.0,16971330.0,0.0,32080.0,128480.0,16810770.0,0.0,16971330.0
2016-11-16,809.0,809.0,795.0,796.0,5027.0,-0.8717310087173101,7991840.0,0.0,32277740.0,0.0,0.0,0.0,40269580.0,0.0,40269580.0
2016-11-17,805.0,818.0,802.0,810.0,2136.0,1.7587939698492463,564360.0,2039860.0,14591980.0,0.0,8060130.0,0.0,9136070.0,0.0,17196200.0
2016-11-18,802.0,822.0,802.0,822.0,3359.0,1.4814814814814816,0.0,0.0,27165430.0,0.0,8090.0,0.0,27157340.0,0.0,27165430.0
2016-11-21,822.0,824.0,810.0,810.0,666.0,-1.4598540145985401,0.0,0.0,5480300.0,0.0,0.0,0.0,5480300.0,0.0,5480300.0
2016-11-22,805.0,810.0,802.0,810.0,2655.0,0.0,0.0,0.0,21389660.0,0.0,0.0,0.0,21389660.0,0.0,21389660.0
2016-11-23,805.0,810.0,801.0,810.0,201.0,0.0,0.0,0.0,1610400.0,0.0,0.0,0.0,1610400.0,0.0,1610400.0
2016-11-24,810.0,810.0,797.0,804.0,1261.0,-0.7407407407407408,96430.0,0.0,9989280.0,0.0,0.0,0.0,10085710.0,0.0,10085710.0
2016-11-25,800.0,810.0,800.0,810.0,3166.0,0.7462686567164178,97200.0,0.0,25404550.0,0.0,0.0,0.0,25501750.0,0.0,25501750.0
2016-11-28,823.0,823.0,806.0,815.0,948.0,0.6172839506172839,97800.0,0.0,7647160.0,0.0,0.0,0.0,7744960.0,0.0,7744960.0
2016-11-29,822.0,822.0,800.0,812.0,5185.0,-0.36809815950920244,0.0,0.0,41679540.0,0.0,0.0,0.0,41679540.0,0.0,41679540.0
2016-11-30,809.0,812.0,802.0,803.0,3132.0,-1.1083743842364533,96360.0,0.0,25151640.0,0.0,0.0,0.0,25248000.0,0.0,25248000.0
2016-12-01,803.0,805.0,800.0,801.0,4325.0,-0.24906600249066002,96600.0,0.0,34506450.0,0.0,0.0,0.0,34603050.0,0.0,34603050.0
2016-12-02,801.0,802.0,793.0,795.0,4641.0,-0.7490636704119851,95960.0,0.0,36831650.0,0.0,0.0,0.0,36927610.0,0.0,36927610.0
2016-12-05,795.0,802.0,780.0,802.0,1996.0,0.8805031446540881,0.0,2171780.0,13714720.0,0.0,0.0,0.0,15886500.0,0.0,15886500.0
2016-12-06,789.0,804.0,789.0,804.0,2217.0,0.24937655860349126,0.0,547290.0,17028330.0,0.0,0.0,0.0,17575620.0,0.0,17575620.0
2016-12-07,800.0,802.0,792.0,800.0,2734.0,-0.4975124378109453,6179910.0,310580.0,15352210.0,0.0,0.0,0.0,21842700.0,0.0,21842700.0
2016-12-08,792.0,800.0,792.0,800.0,4010.0,0.0,0.0,39660.0,31746770.0,0.0,0.0,0.0,31786430.0,0.0,31786430.0
2016-12-09,800.0,800.0,797.0,800.0,4790.0,0.0,0.0,71940.0,38242060.0,0.0,0.0,0.0,38314000.0,0.0,38314000.0
2016-12-12,805.0,808.0,799.0,803.0,2214.0,0.375,3178190.0,168610.0,14424030.0,0.0,0.0,0.0,17770830.0,0.0,17770830.0
2016-12-13,811.0,811.0,802.0,810.0,315.0,0.8717310087173101,0.0,40280.0,2509570.0,0.0,0.0,0.0,2549850.0,0.0,2549850.0
2016-12-14,810.0,824.0,806.0,817.0,14363.0,0.8641975308641975,195400.0,357050.0,116571120.0,0.0,0.0,0.0,117123570.0,0.0,117123570.0
2016-12-15,832.0,845.0,818.0,845.0,5916.0,3.4271725826193387,2826290.0,737330.0,45828940.0,0.0,0.0,0.0,49392560.0,0.0,49392560.0
2016-12-16,862.0,880.0,860.0,878.0,16451.0,3.9053254437869818,208500.0,1267410.0,141488530.0,0.0,34440.0,0.0,142930000.0,0.0,142964440.0
2016-12-19,879.0,917.0,879.0,908.0,7893.0,3.416856492027335,1236790.0,3192710.0,67024850.0,0.0,254290.0,0.0,71200060.0,0.0,71454350.0
2016-12-20,917.0,927.0,905.0,926.0,5909.0,1.9823788546255507,0.0,6271180.0,47834910.0,0.0,0.0,0.0,54106090.0,0.0,54106090.0
2016-12-21,928.0,928.0,912.0,922.0,4776.0,-0.4319654427645789,0.0,11011930.0,32874880.0,0.0,0.0,0.0,43886810.0,0.0,43886810.0
2016-12-22,884.0,928.0,884.0,923.0,2031.0,0.10845986984815618,0.0,5335850.0,13193450.0,0.0,0.0,0.0,18529300.0,0.0,18529300.0
2016-12-23,922.0,922.0,899.0,907.0,1044.0,-1.7334777898158178,36000.0,27150.0,9355220.0,0.0,27210.0,0.0,9391160.0,0.0,9418370.0
2016-12-26,928.0,935.0,908.0,916.0,3115.0,0.9922822491730982,155520.0,2372030.0,26442800.0,0.0,0.0,0.0,28970350.0,0.0,28970350.0
2016-12-27,944.0,944.0,910.0,939.0,5066.0,2.5109170305676853,84310.0,0.0,46697390.0,0.0,0.0,0.0,46781700.0,0.0,46781700.0
2016-12-28,901.0,930.0,901.0,929.0,4879.0,-1.0649627263045793,4111490.0,0.0,41208670.0,0.0,129880.0,0.0,45190280.0,0.0,45320160.0
2016-12-29,930.0,943.0,930.0,935.0,1386.0,0.6458557588805167,159600.0,2487100.0,10319200.0,0.0,0.0,0.0,12965900.0,0.0,12965900.0
2017-01-02,930.0,978.0,906.0,960.0,10129.0,2.6737967914438503,114400.0,0.0,96036150.0,0.0,0.0,0.0,96150550.0,0.0,96150550.0
2017-01-03,960.0,979.0,953.0,978.0,11604.0,1.875,0.0,0.0,112756800.0,0.0,0.0,0.0,112170600.0,586200.0,112756800.0
2017-01-04,978.0,995.0,970.0,986.0,10446.0,0.81799591002045,276540.0,0.0,102013240.0,0.0,0.0,0.0,102289780.0,0.0,102289780.0
2017-01-05,986.0,999.0,981.0,988.0,7916.0,0.2028397565922921,49500.0,237600.0,78084030.0,0.0,0.0,0.0,78371130.0,0.0,78371130.0
2017-01-06,988.0,1030.0,988.0,1005.0,9617.0,1.7206477732793521,0.0,0.0,97162780.0,0.0,0.0,0.0,97162780.0,0.0,97162780.0
2017-01-09,1015.0,1015.0,960.0,1005.0,7927.0,0.0,0.0,0.0,79426710.0,0.0,0.0,0.0,79426710.0,0.0,79426710.0
2017-01-10,995.0,1005.0,981.0,990.0,2586.0,-1.4925373134328357,797650.0,0.0,24966060.0,0.0,118920.0,0.0,25644790.0,0.0,25763710.0
2017-01-11,1040.0,1040.0,995.0,996.0,2089.0,0.6060606060606061,1012230.0,0.0,20014350.0,0.0,876060.0,0.0,20150520.0,0.0,21026580.0
2017-01-12,1000.0,1020.0,969.0,1010.0,7195.0,1.4056224899598393,16613960.0,0.0,55325430.0,0.0,20000.0,0.0,71919390.0,0.0,71939390.0
2017-01-13,1010.0,1020.0,991.0,1020.0,8167.0,0.9900990099009901,2276150.0,0.0,79755850.0,0.0,170600.0,0.0,81861400.0,0.0,82032000.0
2017-01-16,1015.0,1015.0,960.0,978.0,7127.0,-4.117647058823529,9589860.0,0.0,59730870.0,0.0,137650.0,0.0,69183080.0,0.0,69320730.0
2017-01-17,978.0,1010.0,978.0,1000.0,3958.0,2.2494887525562373,9431800.0,0.0,29995460.0,0.0,110000.0,0.0,39317260.0,0.0,39427260.0
2017-01-18,990.0,1020.0,984.0,996.0,4524.0,-0.4,11879140.0,0.0,30409760.0,2445300.0,0.0,20387760.0,21888790.0,2457650.0,44734200.0
2017-01-19,1010.0,1010.0,997.0,1005.0,3820.0,0.9036144578313252,5401000.0,0.0,32978390.0,0.0,0.0,0.0,38379390.0,0.0,38379390.0
2017-01-20,995.0,1005.0,980.0,1005.0,2238.0,0.0,12942610.0,0.0,6925210.0,2400550.0,0.0,13879270.0,8389100.0,0.0,22268370.0
2017-01-23,1000.0,1010.0,910.0,990.0,3943.0,-1.4925373134328357,9829200.0,0.0,29105360.0,0.0,120000.0,0.0,36523710.0,2290850.0,38934560.0
2017-01-24,990.0,1010.0,975.0,995.0,3350.0,0.5050505050505051,9502450.0,0.0,23931290.0,0.0,0.0,0.0,33293740.0,140000.0,33433740.0
2017-01-25,983.0,1025.0,935.0,941.0,9505.0,-5.427135678391959,9030750.0,0.0,75671260.0,8607880.0,0.0,0.0,91954110.0,1355780.0,93309890.0
2017-01-26,923.0,1015.0,923.0,955.0,7552.0,1.487778958554729,10443690.0,0.0,61876560.0,1398850.0,0.0,0.0,69803960.0,3915140.0,73719100.0
2017-01-31,933.0,955.0,931.0,934.0,3210.0,-2.1989528795811517,6940410.0,0.0,23393480.0,0.0,0.0,0.0,27412650.0,2921240.0,30333890.0
2017-02-01,934.0,981.0,920.0,941.0,3958.0,0.7494646680942184,9410530.0,610170.0,20985320.0,6412770.0,0.0,0.0,36585660.0,833130.0,37418790.0
2017-02-02,940.0,1000.0,923.0,943.0,4836.0,0.21253985122210414,8664470.0,0.0,36492510.0,422480.0,3411320.0,0.0,39832330.0,2335810.0,45579460.0
2017-02-03,1000.0,1000.0,901.0,948.0,8178.0,0.5302226935312832,8663870.0,0.0,64861030.0,3230570.0,0.0,0.0,70843340.0,5912130.0,76755470.0
2017-02-06,948.0,963.0,925.0,928.0,5657.0,-2.109704641350211,7408940.0,0.0,45894880.0,343730.0,0.0,0.0,51401940.0,2245610.0,53647550.0
2017-02-07,928.0,963.0,926.0,928.0,2025.0,0.0,0.0,0.0,19358120.0,0.0,0.0,0.0,19197130.0,160990.0,19358120.0
2017-02-08,928.0,948.0,908.0,908.0,15748.0,-2.1551724137931036,0.0,0.0,136722660.0,7179220.0,0.0,0.0,143335800.0,566080.0,143901880.0
2017-02-09,908.0,936.0,908.0,936.0,1736.0,3.0837004405286343,0.0,0.0,15813090.0,0.0,0.0,0.0,15813090.0,0.0,15813090.0
2017-02-10,936.0,946.0,913.0,921.0,2215.0,-1.6025641025641024,0.0,0.0,20399680.0,110640.0,516680.0,0.0,19900040.0,93600.0,20510320.0
2017-02-13,921.0,949.0,905.0,927.0,9793.0,0.6514657980456027,139180.0,0.0,87756040.0,2493540.0,12997740.0,0.0,74865200.0,2525820.0,90388760.0
2017-02-14,915.0,947.0,900.0,942.0,17039.0,1.6181229773462782,9430.0,0.0,157048130.0,37200.0,7285540.0,0.0,149809220.0,0.0,157094760.0
2017-02-15,920.0,945.0,920.0,921.0,4631.0,-2.229299363057325,0.0,0.0,42449320.0,286110.0,15499620.0,0.0,26307960.0,927850.0,42735430.0
2017-02-16,921.0,936.0,906.0,928.0,6343.0,0.760043431053203,9180.0,0.0,57674140.0,788010.0,8141500.0,0.0,50255430.0,74400.0,58471330.0
2017-02-17,1060.0,1205.0,1055.0,1205.0,241902.0,29.84913793103448,3540000.0,0.0,2866131350.0,2464000.0,20087350.0,0.0,2850573000.0,1475000.0,2872135350.0
2017-02-20,1180.0,1225.0,1150.0,1180.0,224840.0,-2.0746887966804977,0.0,0.0,2654430600.0,1241000.0,24666850.0,14514800.0,2614327700.0,2162250.0,2655671600.0
2017-02-21,1185.0,1190.0,1150.0,1190.0,82381.0,0.847457627118644,0.0,0.0,965986100.0,0.0,12629050.0,0.0,953357050.0,0.0,965986100.0
2017-02-22,1170.0,1190.0,1115.0,1160.0,83378.0,-2.5210084033613445,0.0,0.0,952156500.0,0.0,12031850.0,0.0,940124650.0,0.0,952156500.0
2017-02-23,1140.0,1160.0,1080.0,1100.0,50947.0,-5.172413793103448,0.0,0.0,567143350.0,0.0,11757350.0,709400.0,554676600.0,0.0,567143350.0
2017-02-24,1095.0,1115.0,1070.0,1100.0,28018.0,0.0,677850.0,0.0,304458350.0,0.0,2116750.0,0.0,303019450.0,0.0,305136200.0
2017-02-27,1100.0,1115.0,1080.0,1105.0,11958.0,0.45454545454545453,0.0,0.0,130759750.0,0.0,0.0,0.0,130748700.0,11050.0,130759750.0
2017-02-28,1105.0,1145.0,1105.0,1135.0,26508.0,2.7149321266968327,78900.0,0.0,296001150.0,0.0,11256400.0,0.0,284823650.0,0.0,296080050.0
2017-03-02,1130.0,1160.0,1120.0,1160.0,24551.0,2.2026431718061676,8407150.0,0.0,262385700.0,9832000.0,0.0,716800.0,277831000.0,2077050.0,280624850.0
2017-03-03,1145.0,1175.0,1140.0,1160.0,25224.0,0.0,0.0,0.0,291825450.0,0.0,0.0,0.0,284033850.0,7791600.0,291825450.0
2017-03-06,1160.0,1245.0,1155.0,1200.0,61502.0,3.4482758620689653,59450.0,0.0,658816950.0,76245800.0,11650.0,0.0,733957350.0,1153200.0,735122200.0
2017-03-07,1195.0,1220.0,1190.0,1220.0,11514.0,1.6666666666666667,0.0,0.0,138495500.0,0.0,1326600.0,0.0,137168900.0,0.0,138495500.0
2017-03-08,1220.0,1220.0,1165.0,1170.0,16949.0,-4.098360655737705,0.0,0.0,201026600.0,0.0,0.0,0.0,200672600.0,354000.0,201026600.0
2017-03-09,1165.0,1180.0,1150.0,1150.0,7529.0,-1.7094017094017095,0.0,0.0,87535950.0,0.0,0.0,0.0,78069300.0,9466650.0,87535950.0
2017-03-10,1150.0,1155.0,1130.0,1150.0,5920.0,0.0,0.0,0.0,67429300.0,0.0,402500.0,0.0,67026800.0,0.0,67429300.0
2017-03-13,1135.0,1170.0,1135.0,1155.0,8355.0,0.43478260869565216,694650.0,0.0,88416500.0,6900400.0,0.0,0.0,96011550.0,0.0,96011550.0
2017-03-14,1145.0,1165.0,1140.0,1150.0,3708.0,-0.4329004329004329,0.0,0.0,42621300.0,0.0,0.0,0.0,42621300.0,0.0,42621300.0
2017-03-15,1150.0,1170.0,1140.0,1160.0,2966.0,0.8695652173913043,0.0,0.0,34176900.0,0.0,80800.0,0.0,34096100.0,0.0,34176900.0
2017-03-16,1150.0,1190.0,1150.0,1180.0,6236.0,1.7241379310344827,0.0,0.0,64332950.0,9048000.0,58800.0,0.0,73322150.0,0.0,73380950.0
2017-03-17,1190.0,1205.0,1165.0,1190.0,7767.0,0.847457627118644,11850.0,0.0,92011650.0,0.0,0.0,0.0,92023500.0,0.0,92023500.0
2017-03-20,1195.0,1200.0,1170.0,1190.0,18927.0,0.0,0.0,0.0,224284550.0,0.0,5914650.0,24891850.0,148428900.0,45049150.0,224284550.0
2017-03-21,1180.0,1245.0,1180.0,1215.0,16476.0,2.100840336134454,0.0,0.0,198821150.0,1468500.0,0.0,0.0,195130300.0,5159350.0,200289650.0
2017-03-22,1205.0,1220.0,1160.0,1185.0,17829.0,-2.4691358024691357,0.0,2028000.0,208613950.0,2215600.0,23900.0,0.0,199555650.0,13278000.0,212857550.0
2017-03-23,1185.0,1195.0,1165.0,1180.0,5356.0,-0.42194092827004215,0.0,0.0,62952100.0,0.0,0.0,0.0,62952100.0,0.0,62952100.0
2017-03-24,1170.0,1180.0,1165.0,1180.0,2541.0,0.0,23550.0,0.0,29630900.0,0.0,0.0,0.0,29654450.0,0.0,29654450.0
2017-03-27,1175.0,1200.0,1140.0,1185.0,3326.0,0.423728813559322,0.0,0.0,38624300.0,11600.0,0.0,0.0,37434250.0,1201650.0,38635900.0
2017-03-28,1170.0,1185.0,1160.0,1175.0,2809.0,-0.8438818565400843,0.0,0.0,32815450.0,0.0,0.0,0.0,32815450.0,0.0,32815450.0
2017-03-29,1180.0,1190.0,1150.0,1190.0,12170.0,1.276595744680851,0.0,0.0,141849900.0,391000.0,0.0,0.0,137992400.0,4248500.0,142240900.0
2017-03-30,1180.0,1195.0,1160.0,1185.0,3761.0,-0.42016806722689076,0.0,0.0,44485550.0,0.0,0.0,0.0,42892550.0,1593000.0,44485550.0
2017-03-31,1200.0,1200.0,1165.0,1185.0,1517.0,0.0,0.0,0.0,17906300.0,0.0,0.0,0.0,16707800.0,1198500.0,17906300.0
2017-04-03,1175.0,1215.0,1175.0,1200.0,8473.0,1.2658227848101267,0.0,5997150.0,95026750.0,35700.0,0.0,8407600.0,89353300.0,3298700.0,101059600.0
2017-04-04,1200.0,1200.0,1180.0,1200.0,2940.0,0.0,0.0,0.0,34150000.0,829500.0,3923350.0,0.0,31044200.0,11950.0,34979500.0
2017-04-05,1210.0,1215.0,1185.0,1200.0,6829.0,0.0,0.0,0.0,82047300.0,23800.0,0.0,0.0,79428550.0,2642550.0,82071100.0
2017-04-06,1190.0,1300.0,1180.0,1220.0,32411.0,1.6666666666666667,0.0,0.0,317779650.0,80128350.0,880450.0,0.0,381286350.0,15741200.0,397908000.0
2017-04-07,1235.0,1245.0,1215.0,1235.0,6305.0,1.2295081967213115,0.0,0.0,77647650.0,0.0,528500.0,0.0,77057900.0,61250.0,77647650.0
2017-04-10,1225.0,1240.0,1200.0,1225.0,9309.0,-0.8097165991902834,0.0,0.0,113993700.0,0.0,5576950.0,2077250.0,106302600.0,36900.0,113993700.0
2017-04-11,1210.0,1315.0,1195.0,1305.0,47771.0,6.530612244897959,0.0,0.0,605373250.0,932300.0,372000.0,0.0,598570300.0,7363250.0,606305550.0
2017-04-12,1305.0,1375.0,1300.0,1370.0,30861.0,4.980842911877394,0.0,0.0,412451500.0,769950.0,1447500.0,0.0,409980750.0,1793200.0,413221450.0
2017-04-13,1365.0,1450.0,1360.0,1400.0,51279.0,2.18978102189781,0.0,679950.0,718449750.0,0.0,562150.0,671700.0,634108950.0,83786900.0,719129700.0
2017-04-14,1370.0,1410.0,1365.0,1400.0,9706.0,0.0,41550.0,0.0,127398200.0,6975000.0,2133200.0,0.0,132281550.0,0.0,134414750.0
2017-04-17,1420.0,1465.0,1375.0,1400.0,41225.0,0.0,0.0,0.0,566183850.0,18422000.0,578800.0,14400.0,579902300.0,4110350.0,584605850.0
2017-04-18,1430.0,1470.0,1380.0,1470.0,67391.0,5.0,0.0,0.0,902043150.0,62238400.0,0.0,0.0,955401700.0,8879850.0,964281550.0
2017-04-19,0.0,0.0,0.0,1470.0,0.0,0.0,,,,,,,,,
2017-04-20,0.0,0.0,0.0,1470.0,0.0,0.0,,,,,,,,,
2017-04-21,0.0,0.0,0.0,1470.0,0.0,0.0,,,,,,,,,
2017-04-24,0.0,0.0,0.0,1470.0,0.0,0.0,,,,,,,,,
2017-04-25,0.0,0.0,0.0,1470.0,0.0,0.0,,,,,,,,,
2017-04-26,0.0,0.0,0.0,1470.0,0.0,0.0,,,,,,,,,
2017-04-27,0.0,0.0,0.0,1470.0,0.0,0.0,,,,,,,,,
2017-04-28,0.0,0.0,0.0,1470.0,0.0,0.0,,,,,,,,,
2017-05-02,0.0,0.0,0.0,1470.0,0.0,0.0,,,,,,,,,
2017-05-04,0.0,0.0,0.0,1470.0,0.0,0.0,,,,,,,,,
2017-05-08,0.0,0.0,0.0,1470.0,0.0,0.0,,,,,,,,,
2017-05-10,0.0,0.0,0.0,1470.0,0.0,0.0,,,,,,,,,
2017-05-11,1500.0,1580.0,1270.0,1285.0,4595793.0,-12.585034013605442,0.0,117425.0,6260044725.0,2418490.0,0.0,114470.0,6260731795.0,1734375.0,6262580640.0
2017-05-12,1280.0,1340.0,1210.0,1250.0,1589617.0,-2.7237354085603114,290900.0,0.0,2018314375.0,229330.0,325000.0,0.0,2013279300.0,5230305.0,2018834605.0
2017-05-15,1255.0,1255.0,1195.0,1235.0,506393.0,-1.2,0.0,0.0,615367750.0,0.0,0.0,0.0,615367750.0,0.0,615367750.0
2017-05-16,1220.0,1230.0,1170.0,1190.0,492899.0,-3.643724696356275,11900.0,0.0,588743185.0,0.0,0.0,0.0,588755085.0,0.0,588755085.0
2017-05-17,1175.0,1200.0,1150.0,1160.0,265345.0,-2.5210084033613445,0.0,0.0,310844000.0,0.0,0.0,0.0,310844000.0,0.0,310844000.0
2017-05-18,1125.0,1200.0,1125.0,1165.0,275235.0,0.43103448275862066,3540.0,0.0,322001950.0,0.0,0.0,0.0,321998525.0,6965.0,322005490.0
2017-05-19,1145.0,1185.0,1145.0,1160.0,172560.0,-0.4291845493562232,0.0,0.0,199080480.0,1997500.0,0.0,0.0,201077980.0,0.0,201077980.0
2017-05-22,1170.0,1170.0,1115.0,1130.0,220002.0,-2.586206896551724,63280.0,0.0,246550875.0,2206575.0,19210.0,0.0,248801520.0,0.0,248820730.0
2017-05-23,1130.0,1140.0,1115.0,1135.0,127086.0,0.4424778761061947,894380.0,0.0,141060080.0,1670315.0,0.0,0.0,143624775.0,0.0,143624775.0
2017-05-24,1140.0,1190.0,1130.0,1155.0,318842.0,1.762114537444934,947335.0,0.0,367476025.0,0.0,0.0,0.0,311606285.0,56817075.0,368423360.0
2017-05-25,1155.0,1270.0,1155.0,1195.0,960281.0,3.463203463203463,0.0,97110.0,1157979590.0,0.0,0.0,91260.0,1157985440.0,0.0,1158076700.0
2017-05-26,1200.0,1215.0,1165.0,1185.0,276642.0,-0.8368200836820083,0.0,0.0,329094770.0,0.0,0.0,0.0,326964670.0,2130100.0,329094770.0
2017-05-29,1220.0,1220.0,1100.0,1110.0,288840.0,-6.329113924050633,0.0,0.0,325769330.0,4550855.0,0.0,0.0,328985310.0,1334875.0,330320185.0
2017-05-30,1110.0,1115.0,1050.0,1105.0,411494.0,-0.45045045045045046,0.0,0.0,412937815.0,32003795.0,0.0,0.0,444364470.0,577140.0,444941610.0
2017-05-31,1085.0,1100.0,1075.0,1090.0,176448.0,-1.3574660633484164,0.0,0.0,191675940.0,0.0,0.0,0.0,189193625.0,2482315.0,191675940.0
2017-06-01,1090.0,1130.0,1075.0,1125.0,173304.0,3.211009174311927,0.0,0.0,191095930.0,240150.0,7208000.0,0.0,183780455.0,347625.0,191336080.0
2017-06-02,1135.0,1135.0,1105.0,1120.0,114887.0,-0.4444444444444444,3799920.0,1135.0,124274345.0,199585.0,0.0,1120.0,126060445.0,2213420.0,128274985.0
2017-06-05,1110.0,1135.0,1060.0,1095.0,135263.0,-2.232142857142857,320460.0,0.0,147390070.0,369300.0,6799950.0,0.0,131244020.0,10035860.0,148079830.0
2017-06-07,1095.0,1100.0,1050.0,1050.0,157516.0,-4.10958904109589,1899870.0,70185.0,165658060.0,60415.0,0.0,0.0,167104040.0,584490.0,167688530.0
2017-06-08,1050.0,1065.0,1000.0,1025.0,398941.0,-2.380952380952381,0.0,0.0,386052350.0,20673680.0,0.0,66610.0,406659420.0,0.0,406726030.0
2017-06-09,1025.0,1045.0,1015.0,1030.0,85955.0,0.4878048780487805,0.0,0.0,85796555.0,2861715.0,0.0,0.0,88658270.0,0.0,88658270.0
2017-06-12,1030.0,1065.0,1025.0,1045.0,90212.0,1.4563106796116505,169190.0,0.0,93204125.0,1206100.0,5225.0,0.0,94543900.0,30290.0,94579415.0
2017-06-13,1045.0,1065.0,1005.0,1050.0,66984.0,0.4784688995215311,19950.0,96600.0,66456160.0,3317170.0,0.0,0.0,68940350.0,949530.0,69889880.0
2017-06-14,1050.0,1060.0,1040.0,1055.0,46927.0,0.4761904761904762,953745.0,0.0,46785535.0,1409925.0,0.0,0.0,49038510.0,110695.0,49149205.0
2017-06-15,1075.0,1075.0,1025.0,1030.0,129768.0,-2.3696682464454977,970920.0,0.0,134206080.0,62230.0,36380.0,0.0,128319150.0,6883700.0,135239230.0
2017-06-16,1030.0,1055.0,1010.0,1010.0,51412.0,-1.9417475728155338,0.0,0.0,52492785.0,93570.0,7180.0,0.0,52279415.0,299760.0,52586355.0
2017-06-19,1015.0,1035.0,1005.0,1020.0,74392.0,0.9900990099009901,37925.0,0.0,75457270.0,143455.0,8200.0,0.0,75630450.0,0.0,75638650.0
2017-06-20,1020.0,1035.0,1000.0,1005.0,134147.0,-1.4705882352941175,0.0,0.0,132342120.0,2552265.0,0.0,0.0,134894385.0,0.0,134894385.0
2017-06-21,1015.0,1025.0,986.0,1000.0,164696.0,-0.4975124378109453,0.0,0.0,163919770.0,965375.0,632686.0,93840.0,162825697.0,1332922.0,164885145.0
2017-06-22,1000.0,1015.0,986.0,1015.0,59666.0,1.5,0.0,991000.0,58240742.0,299100.0,1281785.0,0.0,57865830.0,383227.0,59530842.0
2017-06-23,1010.0,1025.0,998.0,1000.0,36286.0,-1.477832512315271,0.0,0.0,36009985.0,369653.0,0.0,0.0,36341068.0,38570.0,36379638.0
2017-06-26,1000.0,1015.0,988.0,992.0,87395.0,-0.8,0.0,0.0,86913886.0,0.0,0.0,0.0,86737223.0,176663.0,86913886.0
2017-06-27,993.0,1020.0,984.0,988.0,42317.0,-0.4032258064516129,0.0,0.0,41836657.0,148200.0,0.0,0.0,41913221.0,71636.0,41984857.0
2017-06-28,999.0,999.0,980.0,987.0,31896.0,-0.10121457489878542,0.0,0.0,30542410.0,900911.0,0.0,0.0,31225901.0,217420.0,31443321.0
2017-06-29,1000.0,1000.0,978.0,989.0,31544.0,0.2026342451874367,0.0,862612.0,30153591.0,29400.0,0.0,0.0,31043616.0,1987.0,31045603.0
2017-06-30,999.0,999.0,986.0,988.0,51371.0,-0.10111223458038424,989.0,20015630.0,30855782.0,142560.0,0.0,0.0,51014961.0,0.0,51014961.0
2017-07-03,1005.0,1010.0,977.0,988.0,51668.0,0.0,12827274.0,0.0,38008204.0,233449.0,3964.0,0.0,48159007.0,2905956.0,51068927.0
2017-07-04,996.0,998.0,964.0,969.0,62118.0,-1.9230769230769231,0.0,122008.0,60031682.0,350743.0,0.0,0.0,59638459.0,865974.0,60504433.0
2017-07-05,995.0,995.0,947.0,962.0,139187.0,-0.7223942208462332,0.0,0.0,129787194.0,3808313.0,20085.0,120497.0,129486321.0,3968604.0,133595507.0
2017-07-06,970.0,970.0,948.0,956.0,127850.0,-0.6237006237006237,0.0,18312516.0,100948927.0,2662651.0,959.0,0.0,120742083.0,1181052.0,121924094.0
2017-07-07,956.0,956.0,913.0,923.0,185607.0,-3.4518828451882846,923.0,5550.0,156404183.0,15940568.0,16612.0,0.0,172154715.0,179897.0,172351224.0
2017-07-10,923.0,939.0,896.0,916.0,98805.0,-0.7583965330444203,0.0,12523753.0,77344069.0,336752.0,0.0,0.0,90123488.0,81086.0,90204574.0
2017-07-11,927.0,927.0,901.0,916.0,32456.0,0.0,0.0,181297.0,29274024.0,62493.0,0.0,0.0,28609648.0,908166.0,29517814.0
2017-07-12,916.0,917.0,899.0,902.0,63514.0,-1.5283842794759825,902.0,90900.0,56975527.0,362710.0,0.0,0.0,48296570.0,9133469.0,57430039.0
2017-07-13,902.0,907.0,886.0,893.0,14362.0,-0.9977827050997782,0.0,0.0,11825056.0,1011114.0,0.0,0.0,12635691.0,200479.0,12836170.0
2017-07-14,899.0,899.0,880.0,882.0,38014.0,-1.2318029115341544,0.0,0.0,33501416.0,205482.0,0.0,0.0,33297222.0,409676.0,33706898.0
2017-07-17,889.0,889.0,874.0,886.0,127717.0,0.45351473922902497,0.0,0.0,110191366.0,1981000.0,0.0,0.0,105716490.0,6455876.0,112172366.0
2017-07-18,891.0,893.0,871.0,885.0,110560.0,-0.1128668171557562,0.0,0.0,97669345.0,0.0,0.0,0.0,89664888.0,8004457.0,97669345.0
2017-07-19,873.0,912.0,873.0,906.0,52760.0,2.3728813559322033,0.0,62580.0,46782939.0,445692.0,0.0,63253.0,47137158.0,90800.0,47291211.0
2017-07-20,911.0,932.0,906.0,927.0,98774.0,2.3178807947019866,0.0,927.0,91248042.0,0.0,0.0,0.0,90901641.0,347328.0,91248969.0
2017-07-21,935.0,935.0,918.0,927.0,26374.0,0.0,0.0,61182.0,24112567.0,221720.0,0.0,0.0,22866744.0,1528725.0,24395469.0
2017-07-24,939.0,939.0,885.0,908.0,95564.0,-2.0496224379719528,0.0,0.0,85314094.0,950702.0,0.0,0.0,79494808.0,6769988.0,86264796.0
2017-07-25,908.0,916.0,900.0,912.0,89818.0,0.4405286343612335,0.0,0.0,81713677.0,0.0,0.0,0.0,71780775.0,9932902.0,81713677.0
2017-07-26,912.0,918.0,900.0,907.0,29240.0,-0.5482456140350876,0.0,0.0,26516865.0,3652.0,0.0,0.0,26516877.0,3640.0,26520517.0
2017-07-27,902.0,915.0,895.0,910.0,104681.0,0.33076074972436603,0.0,1317822.0,92383055.0,654705.0,9043.0,0.0,89697219.0,4649320.0,94355582.0
2017-07-28,920.0,920.0,896.0,910.0,53621.0,0.0,0.0,0.0,39675668.0,8652876.0,0.0,0.0,34812357.0,13516187.0,48328544.0
2017-07-31,910.0,910.0,900.0,909.0,43094.0,-0.10989010989010989,0.0,0.0,38895029.0,0.0,0.0,0.0,38893221.0,1808.0,38895029.0
2017-08-01,901.0,938.0,901.0,928.0,37529.0,2.0902090209020905,12956.0,0.0,34305930.0,0.0,0.0,0.0,33589410.0,729476.0,34318886.0
2017-08-02,928.0,943.0,920.0,943.0,101814.0,1.6163793103448276,930.0,0.0,95036737.0,368107.0,0.0,0.0,94893481.0,512293.0,95405774.0
2017-08-03,943.0,948.0,921.0,939.0,64931.0,-0.4241781548250266,0.0,116900.0,57891692.0,2728322.0,0.0,0.0,60161407.0,575507.0,60736914.0
2017-08-04,935.0,943.0,926.0,939.0,53943.0,0.0,0.0,0.0,50247551.0,0.0,933.0,116688.0,49522777.0,607153.0,50247551.0
2017-08-07,944.0,944.0,922.0,941.0,15146.0,0.21299254526091588,0.0,0.0,14223480.0,0.0,0.0,0.0,7381319.0,6842161.0,14223480.0
2017-08-08,928.0,947.0,926.0,943.0,41232.0,0.21253985122210414,0.0,38501.0,38798278.0,0.0,0.0,1414500.0,35260649.0,2161630.0,38836779.0
2017-08-09,949.0,949.0,928.0,944.0,43626.0,0.10604453870625664,26340256.0,0.0,14843178.0,0.0,0.0,2836000.0,38347434.0,0.0,41183434.0
2017-08-10,948.0,948.0,910.0,940.0,54705.0,-0.423728813559322,0.0,0.0,50398778.0,1849.0,3715.0,0.0,50396912.0,0.0,50400627.0
2017-08-11,938.0,938.0,920.0,932.0,4235.0,-0.851063829787234,1864.0,0.0,3636729.0,302680.0,0.0,0.0,3941273.0,0.0,3941273.0
2017-08-14,940.0,940.0,922.0,932.0,43452.0,0.0,879201.0,0.0,35922155.0,3544922.0,19509.0,0.0,40271889.0,54880.0,40346278.0
2017-08-16,948.0,958.0,932.0,952.0,82340.0,2.1459227467811157,425944.0,1458426.0,71350670.0,4745460.0,0.0,1327500.0,71125767.0,5527233.0,77980500.0
2017-08-17,954.0,1020.0,952.0,960.0,286457.0,0.8403361344537815,0.0,296673.0,279242019.0,2155524.0,0.0,293455.0,278009544.0,3391217.0,281694216.0
2017-08-18,980.0,990.0,960.0,988.0,119472.0,2.9166666666666665,7782.0,108593.0,113167279.0,3473275.0,0.0,0.0,116744214.0,12715.0,116756929.0
2017-08-21,1010.0,1190.0,1000.0,1085.0,7026443.0,9.817813765182185,0.0,18325445.0,7725916750.0,11387125.0,0.0,40098645.0,7695846150.0,19684525.0,7755629320.0
2017-08-22,1095.0,1095.0,1045.0,1050.0,925086.0,-3.225806451612903,39999750.0,10450000.0,919795195.0,7032145.0,0.0,121410.0,976190540.0,965140.0,977277090.0
2017-08-23,1060.0,1060.0,1010.0,1030.0,590052.0,-1.9047619047619049,0.0,0.0,608300175.0,47840.0,38839750.0,1045.0,569343330.0,163890.0,608348015.0
2017-08-24,1025.0,1035.0,1000.0,1020.0,287190.0,-0.9708737864077669,0.0,0.0,288443830.0,1919000.0,0.0,0.0,284552305.0,5810525.0,290362830.0
2017-08-25,1020.0,1025.0,982.0,982.0,385153.0,-3.7254901960784315,0.0,19817000.0,361363037.0,1456994.0,0.0,0.0,382449799.0,187232.0,382637031.0
2017-08-28,992.0,1025.0,970.0,1020.0,251878.0,3.8696537678207736,0.0,19033009.0,211225781.0,20706450.0,0.0,0.0,250965240.0,0.0,250965240.0
2017-08-29,1000.0,1005.0,983.0,996.0,178264.0,-2.3529411764705883,0.0,0.0,177284969.0,0.0,15480179.0,0.0,161226114.0,578676.0,177284969.0
2017-08-30,1005.0,1015.0,990.0,1010.0,150630.0,1.4056224899598393,0.0,0.0,150295798.0,330032.0,10968398.0,0.0,139210098.0,447334.0,150625830.0
2017-08-31,1030.0,1035.0,998.0,1005.0,169452.0,-0.49504950495049505,0.0,160800.0,164196151.0,7666531.0,0.0,0.0,172023482.0,0.0,172023482.0
2017-09-01,1005.0,1025.0,999.0,1020.0,85270.0,1.4925373134328357,395760.0,0.0,80739331.0,4792630.0,0.0,160330.0,85767391.0,0.0,85927721.0
2017-09-04,1005.0,1010.0,985.0,995.0,97646.0,-2.450980392156863,0.0,0.0,90718107.0,6642940.0,20874.0,0.0,97340173.0,0.0,97361047.0
2017-09-05,1005.0,1025.0,990.0,1000.0,137267.0,0.5025125628140703,0.0,28018.0,130263278.0,6916096.0,3990.0,0.0,125016530.0,12186872.0,137207392.0
2017-09-06,1000.0,1010.0,979.0,980.0,142650.0,-2.0,10537139.0,0.0,130455554.0,0.0,0.0,26840.0,135513767.0,5452086.0,140992693.0
2017-09-07,971.0,999.0,969.0,979.0,95622.0,-0.10204081632653061,0.0,2926500.0,88368500.0,1985506.0,0.0,980.0,92871251.0,408275.0,93280506.0
2017-09-08,978.0,978.0,938.0,957.0,115371.0,-2.247191011235955,7656.0,2417500.0,107927742.0,486036.0,79404.0,0.0,106860967.0,3898563.0,110838934.0
2017-09-11,954.0,986.0,941.0,970.0,72715.0,1.3584117032392893,4871.0,0.0,50598182.0,19502726.0,105790.0,0.0,67747436.0,2252553.0,70105779.0
2017-09-12,966.0,996.0,966.0,974.0,62291.0,0.4123711340206186,0.0,0.0,60719155.0,322096.0,0.0,0.0,54610495.0,6430756.0,61041251.0
2017-09-13,973.0,986.0,966.0,981.0,41549.0,0.7186858316221766,0.0,985.0,40194319.0,322398.0,0.0,0.0,40514747.0,2955.0,40517702.0
2017-09-14,981.0,996.0,977.0,982.0,17084.0,0.10193679918450561,0.0,0.0,16819350.0,978.0,0.0,0.0,15298600.0,1521728.0,16820328.0
2017-09-15,982.0,982.0,974.0,977.0,15337.0,-0.5091649694501018,0.0,0.0,15002956.0,0.0,7824.0,0.0,14995132.0,0.0,15002956.0
2017-09-18,978.0,984.0,950.0,963.0,64464.0,-1.4329580348004094,0.0,0.0,56278629.0,5625772.0,40419.0,0.0,61527904.0,336078.0,61904401.0
2017-09-19,976.0,976.0,936.0,936.0,94233.0,-2.803738317757009,0.0,0.0,88479389.0,588152.0,50954.0,0.0,85972217.0,3044370.0,89067541.0
2017-09-20,957.0,957.0,912.0,923.0,81756.0,-1.3888888888888888,0.0,108693.0,72924705.0,2925568.0,0.0,0.0,73947745.0,2011221.0,75958966.0
2017-09-21,923.0,923.0,903.0,920.0,136903.0,-0.3250270855904659,0.0,0.0,124963664.0,283765.0,7304.0,0.0,125199733.0,40392.0,125247429.0
2017-09-22,940.0,983.0,910.0,919.0,171391.0,-0.10869565217391304,0.0,0.0,159426793.0,446810.0,0.0,0.0,159796618.0,76985.0,159873603.0
2017-09-25,910.0,953.0,897.0,905.0,111476.0,-1.5233949945593037,62391.0,0.0,98932233.0,2233287.0,0.0,0.0,100518797.0,709114.0,101227911.0
2017-09-26,933.0,933.0,850.0,860.0,318055.0,-4.972375690607735,0.0,0.0,274715174.0,1699561.0,1016520.0,0.0,274014273.0,1383942.0,276414735.0
2017-09-27,856.0,997.0,856.0,856.0,411498.0,-0.46511627906976744,0.0,0.0,357073166.0,7097307.0,678359.0,0.0,356236131.0,7255983.0,364170473.0
2017-09-28,856.0,882.0,852.0,861.0,55250.0,0.5841121495327103,0.0,0.0,39793624.0,7897452.0,0.0,0.0,47064562.0,626514.0,47691076.0
2017-09-29,881.0,881.0,861.0,880.0,49646.0,2.2067363530778166,0.0,1308944.0,41167353.0,667622.0,5802103.0,0.0,37323547.0,18269.0,43143919.0
2017-10-10,903.0,903.0,855.0,861.0,86823.0,-2.159090909090909,0.0,0.0,74927802.0,1088560.0,2434860.0,0.0,72429494.0,1152008.0,76016362.0
2017-10-11,855.0,897.0,850.0,886.0,39961.0,2.9036004645760745,0.0,0.0,34619957.0,139748.0,0.0,3518000.0,30263798.0,977907.0,34759705.0
2017-10-12,886.0,906.0,872.0,902.0,35894.0,1.805869074492099,1424227.0,4482533.0,25562870.0,418000.0,5237475.0,0.0,24305598.0,2344557.0,31887630.0
2017-10-13,905.0,907.0,886.0,901.0,23633.0,-0.11086474501108648,0.0,0.0,21085765.0,0.0,3633179.0,0.0,16894768.0,557818.0,21085765.0
2017-10-16,901.0,915.0,866.0,889.0,34286.0,-1.3318534961154271,0.0,0.0,30418256.0,0.0,473097.0,0.0,11861768.0,18083391.0,30418256.0
2017-10-17,914.0,914.0,890.0,902.0,6416.0,1.4623172103487065,0.0,0.0,5240524.0,525690.0,803857.0,0.0,4651342.0,311015.0,5766214.0
2017-10-18,902.0,915.0,872.0,886.0,30150.0,-1.7738359201773837,0.0,0.0,24982696.0,1533251.0,3458955.0,0.0,23047892.0,9100.0,26515947.0
2017-10-19,886.0,917.0,858.0,904.0,24982.0,2.0316027088036117,0.0,0.0,22359359.0,4365.0,2645.0,0.0,22332864.0,28215.0,22363724.0
2017-10-20,917.0,918.0,876.0,914.0,65517.0,1.1061946902654867,0.0,0.0,58979493.0,0.0,0.0,0.0,58081095.0,898398.0,58979493.0
2017-10-23,884.0,923.0,884.0,915.0,23361.0,0.10940919037199125,0.0,0.0,20407193.0,573711.0,2462390.0,0.0,18515769.0,2745.0,20980904.0
2017-10-24,911.0,912.0,888.0,904.0,25599.0,-1.2021857923497268,0.0,0.0,21748876.0,1227580.0,0.0,0.0,22976456.0,0.0,22976456.0
2017-10-25,904.0,915.0,889.0,904.0,23927.0,0.0,0.0,0.0,18605635.0,2852865.0,894.0,0.0,20856208.0,601398.0,21458500.0
2017-10-26,891.0,919.0,889.0,904.0,28169.0,0.0,0.0,0.0,25181568.0,0.0,2692.0,0.0,25178876.0,0.0,25181568.0
2017-10-27,904.0,922.0,886.0,919.0,70529.0,1.6592920353982303,0.0,0.0,63463388.0,0.0,11612.0,0.0,62344976.0,1106800.0,63463388.0
2017-10-30,919.0,919.0,898.0,911.0,26114.0,-0.8705114254624592,902.0,0.0,21395963.0,2239875.0,0.0,0.0,23610350.0,26390.0,23636740.0
2017-10-31,911.0,919.0,895.0,905.0,80059.0,-0.6586169045005488,76020.0,358380.0,70170886.0,1465200.0,0.0,0.0,71683716.0,386770.0,72070486.0
2017-11-01,900.0,918.0,875.0,914.0,29410.0,0.9944751381215469,1802.0,34466.0,26499222.0,0.0,0.0,70027.0,26456313.0,9150.0,26535490.0
2017-11-02,914.0,927.0,896.0,914.0,29782.0,0.0,0.0,48332.0,27175926.0,0.0,3993943.0,0.0,20801331.0,2428984.0,27224258.0
2017-11-03,930.0,930.0,905.0,919.0,14163.0,0.5470459518599562,0.0,0.0,12537494.0,342468.0,2733.0,48273.0,12754341.0,74615.0,12879962.0
2017-11-06,919.0,997.0,919.0,948.0,181759.0,3.1556039173014145,70125.0,583872.0,172253373.0,989584.0,0.0,255281.0,172672616.0,969057.0,173896954.0
2017-11-07,971.0,971.0,910.0,955.0,43363.0,0.7383966244725738,0.0,0.0,40829277.0,0.0,111261.0,0.0,40442744.0,275272.0,40829277.0
2017-11-08,954.0,958.0,931.0,955.0,23012.0,0.0,0.0,0.0,21699222.0,0.0,9904697.0,0.0,11650335.0,144190.0,21699222.0
2017-11-09,960.0,980.0,953.0,962.0,33809.0,0.7329842931937173,214941.0,0.0,32143549.0,0.0,960.0,0.0,32344076.0,13454.0,32358490.0
2017-11-10,965.0,967.0,936.0,960.0,93868.0,-0.2079002079002079,0.0,0.0,88640899.0,0.0,0.0,0.0,88589126.0,51773.0,88640899.0
2017-11-13,942.0,951.0,930.0,941.0,41347.0,-1.9791666666666665,0.0,0.0,38760583.0,0.0,0.0,0.0,38760583.0,0.0,38760583.0
2017-11-14,941.0,941.0,901.0,918.0,224983.0,-2.4442082890541976,0.0,0.0,204383758.0,0.0,39997.0,0.0,203989534.0,354227.0,204383758.0
2017-11-15,918.0,918.0,884.0,884.0,274287.0,-3.7037037037037033,0.0,0.0,244137721.0,0.0,202906.0,17820.0,243916995.0,0.0,244137721.0
2017-11-16,884.0,892.0,875.0,884.0,66158.0,0.0,0.0,0.0,58400699.0,0.0,4400.0,0.0,58326879.0,69420.0,58400699.0
2017-11-17,884.0,910.0,870.0,885.0,384711.0,0.11312217194570137,4471.0,196911.0,337885565.0,0.0,10049240.0,195650.0,323631167.0,4210890.0,338086947.0
2017-11-20,885.0,885.0,866.0,870.0,246924.0,-1.694915254237288,0.0,0.0,215066509.0,0.0,0.0,0.0,214866781.0,199728.0,215066509.0
2017-11-21,896.0,896.0,861.0,870.0,68770.0,0.0,0.0,0.0,59610381.0,0.0,2113038.0,0.0,57497343.0,0.0,59610381.0
2017-11-22,870.0,889.0,844.0,850.0,409019.0,-2.2988505747126435,1718.0,0.0,349924148.0,0.0,0.0,0.0,349925866.0,0.0,349925866.0
2017-11-23,850.0,855.0,836.0,849.0,380877.0,-0.1176470588235294,0.0,0.0,320244629.0,0.0,173594.0,0.0,320071035.0,0.0,320244629.0
2017-11-24,849.0,859.0,841.0,853.0,65854.0,0.47114252061248524,0.0,0.0,55668822.0,339800.0,0.0,4793669.0,51214953.0,0.0,56008622.0
2017-11-27,853.0,869.0,835.0,853.0,40454.0,0.0,0.0,105652.0,34532186.0,0.0,22178.0,4325116.0,30290544.0,0.0,34637838.0
2017-11-28,853.0,875.0,848.0,860.0,25570.0,0.8206330597889802,0.0,0.0,21826753.0,0.0,13632.0,0.0,21813121.0,0.0,21826753.0
2017-11-29,860.0,870.0,849.0,850.0,39955.0,-1.1627906976744187,850.0,0.0,34055121.0,0.0,0.0,0.0,34055971.0,0.0,34055971.0
2017-11-30,850.0,850.0,835.0,844.0,418539.0,-0.7058823529411765,294660.0,0.0,350699395.0,0.0,0.0,0.0,350994055.0,0.0,350994055.0
2017-12-01,860.0,860.0,830.0,842.0,113486.0,-0.23696682464454977,72032.0,0.0,93028900.0,1612649.0,28550.0,2746470.0,91125587.0,812974.0,94713581.0
2017-12-04,842.0,858.0,820.0,838.0,144843.0,-0.4750593824228029,20637.0,0.0,118458874.0,1541731.0,1919481.0,1689569.0,116412192.0,0.0,120021242.0
2017-12-05,835.0,835.0,820.0,832.0,67621.0,-0.7159904534606205,3324.0,83844.0,55694302.0,0.0,1647.0,0.0,52041799.0,3738024.0,55781470.0
2017-12-06,832.0,832.0,819.0,828.0,57329.0,-0.4807692307692308,69410.0,0.0,44817809.0,2407620.0,0.0,0.0,39403404.0,7891435.0,47294839.0
2017-12-07,828.0,828.0,809.0,826.0,105516.0,-0.24154589371980675,0.0,0.0,84113177.0,1917695.0,0.0,0.0,71133810.0,14897062.0,86030872.0
2017-12-08,826.0,836.0,811.0,831.0,82297.0,0.6053268765133172,831.0,0.0,62931409.0,4764285.0,60741.0,0.0,62546612.0,5089172.0,67696525.0
2017-12-11,835.0,846.0,825.0,844.0,204311.0,1.5643802647412757,70274.0,0.0,170999021.0,0.0,0.0,0.0,170667567.0,401728.0,171069295.0
2017-12-12,854.0,854.0,836.0,850.0,67285.0,0.7109004739336493,86091.0,0.0,55469531.0,1612700.0,32988.0,4804334.0,51597781.0,733219.0,57168322.0
2017-12-13,869.0,955.0,850.0,865.0,428981.0,1.7647058823529411,119227.0,0.0,382854063.0,1563545.0,0.0,0.0,376384151.0,8152684.0,384536835.0
2017-12-14,864.0,882.0,851.0,880.0,38610.0,1.7341040462427744,0.0,0.0,33209434.0,91863.0,0.0,146523.0,33154774.0,0.0,33301297.0
2017-12-15,880.0,880.0,855.0,866.0,41768.0,-1.5909090909090908,0.0,0.0,35899574.0,0.0,0.0,0.0,35898699.0,875.0,35899574.0
2017-12-18,866.0,866.0,851.0,852.0,28907.0,-1.6166281755196306,0.0,0.0,24705670.0,0.0,22316.0,0.0,24683354.0,0.0,24705670.0
2017-12-19,850.0,852.0,835.0,852.0,62979.0,0.0,42979.0,0.0,52242549.0,503162.0,0.0,0.0,52788690.0,0.0,52788690.0
2017-12-20,860.0,860.0,836.0,840.0,26182.0,-1.4084507042253522,0.0,0.0,22070847.0,8420.0,0.0,0.0,22079267.0,0.0,22079267.0
2017-12-21,848.0,848.0,800.0,832.0,49789.0,-0.9523809523809524,161558.0,0.0,37059938.0,3555886.0,26418.0,0.0,40464352.0,286612.0,40777382.0
2017-12-22,832.0,840.0,821.0,832.0,23655.0,0.0,23352.0,0.0,19353779.0,155990.0,0.0,0.0,19409837.0,123284.0,19533121.0
2017-12-26,815.0,832.0,811.0,815.0,11902.0,-2.043269230769231,0.0,0.0,9767139.0,0.0,0.0,0.0,9767139.0,0.0,9767139.0
2017-12-27,820.0,823.0,796.0,823.0,69348.0,0.98159509202454,38373.0,0.0,53284723.0,2623275.0,823.0,1066616.0,50766632.0,4112300.0,55946371.0
2017-12-28,831.0,831.0,791.0,822.0,42970.0,-0.12150668286755771,98640.0,0.0,35232190.0,0.0,0.0,0.0,31669303.0,3661527.0,35330830.0
2018-01-02,822.0,822.0,795.0,812.0,55102.0,-1.2165450121654502,0.0,476595.0,43868233.0,5614.0,2436.0,0.0,44348006.0,0.0,44350442.0
2018-01-03,801.0,810.0,798.0,804.0,166618.0,-0.9852216748768473,0.0,84000.0,126397128.0,6866965.0,0.0,0.0,133300533.0,47560.0,133348093.0
2018-01-04,799.0,809.0,798.0,801.0,148952.0,-0.3731343283582089,0.0,422940.0,119194347.0,52866.0,0.0,8880000.0,110790153.0,0.0,119670153.0
2018-01-05,800.0,814.0,800.0,813.0,57756.0,1.4981273408239701,131050.0,1342131.0,45119515.0,0.0,0.0,5253447.0,41339249.0,0.0,46592696.0
2018-01-08,820.0,820.0,783.0,813.0,124452.0,0.0,0.0,0.0,99551656.0,32160.0,0.0,601447.0,93775515.0,5206854.0,99583816.0
2018-01-09,812.0,813.0,775.0,791.0,112650.0,-2.706027060270603,0.0,465904.0,87772816.0,1118799.0,40065.0,0.0,88838897.0,478557.0,89357519.0
2018-01-10,791.0,810.0,786.0,805.0,132832.0,1.7699115044247788,88592.0,0.0,105635577.0,0.0,100005.0,2084637.0,101095386.0,2444141.0,105724169.0
2018-01-11,813.0,813.0,795.0,797.0,52176.0,-0.9937888198757764,134508.0,94068.0,41410836.0,0.0,33562.0,0.0,41605850.0,0.0,41639412.0
2018-01-12,802.0,805.0,790.0,796.0,19208.0,-0.12547051442910914,356389.0,0.0,14887322.0,0.0,32527.0,7700588.0,7510596.0,0.0,15243711.0
2018-01-15,796.0,796.0,785.0,795.0,55169.0,-0.12562814070351758,0.0,5377035.0,38200080.0,0.0,0.0,13552715.0,30024400.0,0.0,43577115.0
2018-01-16,800.0,800.0,786.0,799.0,14627.0,0.5031446540880503,312960.0,786.0,11320621.0,0.0,0.0,157009.0,11477358.0,0.0,11634367.0
2018-01-17,799.0,799.0,769.0,775.0,243443.0,-3.0037546933667083,0.0,54950.0,182128643.0,6884587.0,0.0,402215.0,188665965.0,0.0,189068180.0
2018-01-18,775.0,791.0,775.0,789.0,64926.0,1.806451612903226,438340.0,0.0,50295748.0,153463.0,0.0,0.0,50808457.0,79094.0,50887551.0
2018-01-19,789.0,803.0,789.0,803.0,42605.0,1.7743979721166032,1006159.0,2815318.0,30160622.0,37224.0,0.0,0.0,34018521.0,802.0,34019323.0
2018-01-22,803.0,804.0,791.0,801.0,33968.0,-0.24906600249066002,0.0,0.0,27148151.0,0.0,0.0,0.0,27135291.0,12860.0,27148151.0
2018-01-23,801.0,803.0,795.0,801.0,81670.0,0.0,0.0,5472500.0,59738168.0,0.0,0.0,0.0,65210668.0,0.0,65210668.0
2018-01-24,801.0,805.0,792.0,802.0,39846.0,0.12484394506866417,73600.0,974395.0,30792893.0,0.0,0.0,0.0,31198484.0,642404.0,31840888.0
2018-01-25,806.0,816.0,801.0,815.0,199371.0,1.6209476309226933,66010.0,2498505.0,157610941.0,594415.0,4056.0,372027.0,160392983.0,805.0,160769871.0
2018-01-26,814.0,827.0,812.0,822.0,67889.0,0.8588957055214724,906495.0,4044980.0,50485651.0,0.0,4898.0,0.0,55421477.0,10751.0,55437126.0
2018-01-29,822.0,838.0,820.0,836.0,42509.0,1.70316301703163,202764.0,977256.0,34061105.0,0.0,2481.0,523928.0,33066319.0,1648397.0,35241125.0
2018-01-30,839.0,840.0,826.0,830.0,38520.0,-0.7177033492822966,46480.0,0.0,32057244.0,0.0,0.0,0.0,32103724.0,0.0,32103724.0
2018-01-31,820.0,839.0,820.0,833.0,30255.0,0.3614457831325301,0.0,0.0,24808290.0,264860.0,6616.0,213933.0,19847931.0,5004670.0,25073150.0
2018-02-01,821.0,833.0,802.0,812.0,207155.0,-2.5210084033613445,0.0,1909782.0,159873653.0,6099454.0,0.0,0.0,167882889.0,0.0,167882889.0
2018-02-02,820.0,1045.0,808.0,851.0,3474395.0,4.80295566502463,0.0,44550.0,3206987828.0,9754985.0,1879172.0,6959650.0,3197816391.0,10132150.0,3216787363.0
2018-02-05,878.0,1000.0,878.0,951.0,5633182.0,11.750881316098708,535472.0,751262.0,5283814296.0,24441393.0,895950.0,4108181.0,5280712098.0,23826194.0,5309542423.0
2018-02-06,905.0,919.0,842.0,887.0,914440.0,-6.729758149316509,256166.0,39780.0,797509664.0,1631150.0,0.0,459352.0,790690127.0,8287281.0,799436760.0
2018-02-07,905.0,1035.0,893.0,900.0,2146717.0,1.4656144306651635,41565.0,102515.0,2045994746.0,16591643.0,1889.0,143225.0,2057931777.0,4653578.0,2062730469.0
2018-02-08,924.0,939.0,904.0,908.0,210956.0,0.8888888888888888,3660.0,0.0,190647562.0,2205628.0,117241.0,7347.0,188657810.0,4074452.0,192856850.0
2018-02-09,906.0,971.0,859.0,874.0,660027.0,-3.7444933920704844,251424.0,504813.0,593625363.0,5362608.0,347852.0,0.0,592527228.0,6869128.0,599744208.0
2018-02-12,892.0,919.0,875.0,897.0,205746.0,2.631578947368421,208664.0,0.0,183184901.0,243760.0,30598.0,984458.0,182368415.0,253854.0,183637325.0
2018-02-13,932.0,932.0,871.0,871.0,228225.0,-2.898550724637681,0.0,0.0,187520433.0,14122290.0,1770.0,27528.0,195140667.0,6472758.0,201642723.0
2018-02-14,887.0,887.0,863.0,876.0,103237.0,0.5740528128587831,863.0,37453.0,89725902.0,422944.0,0.0,0.0,89633584.0,553578.0,90187162.0
2018-02-19,894.0,929.0,871.0,880.0,210723.0,0.45662100456621,0.0,0.0,182462199.0,5775786.0,0.0,82236.0,180217207.0,7938542.0,188237985.0
2018-02-20,878.0,916.0,871.0,895.0,165885.0,1.7045454545454544,880.0,79716.0,139040632.0,9142394.0,88456.0,0.0,142449726.0,5725440.0,148263622.0
2018-02-21,896.0,1150.0,896.0,1000.0,5837208.0,11.731843575418994,149340.0,0.0,5928452478.0,150625576.0,203799.0,45300.0,5982486305.0,96491990.0,6079227394.0
2018-02-22,1000.0,1015.0,957.0,1000.0,704157.0,0.0,7904.0,0.0,679076253.0,14003652.0,721936.0,192642.0,609253228.0,82920003.0,693087809.0
2018-02-23,1000.0,1020.0,970.0,1000.0,446618.0,0.0,0.0,0.0,418058771.0,26584698.0,165000.0,27832.0,436611545.0,7839092.0,444643469.0
2018-02-26,1015.0,1085.0,997.0,1050.0,976856.0,5.0,8210.0,138645.0,1006054277.0,11132520.0,0.0,1536305.0,960131412.0,55665935.0,1017333652.0
2018-02-27,1060.0,1060.0,987.0,1020.0,385840.0,-2.857142857142857,12180.0,0.0,369024158.0,23583791.0,1295725.0,46350.0,389071057.0,2206997.0,392620129.0
2018-02-28,1000.0,1055.0,981.0,1000.0,354796.0,-1.9607843137254901,77560.0,599905.0,343867292.0,11140344.0,0.0,245244.0,332540281.0,22899576.0,355685101.0
2018-03-02,1045.0,1300.0,1000.0,1140.0,11684230.0,14.000000000000002,112200.0,283300.0,13824147935.0,275616340.0,45880.0,611610.0,13977964805.0,121537480.0,14100159775.0
2018-03-05,1160.0,1180.0,1090.0,1090.0,1646730.0,-4.385964912280701,41144925.0,3315000.0,1786640795.0,19300145.0,0.0,3330000.0,1806242610.0,40828255.0,1850400865.0
2018-03-06,1125.0,1175.0,1090.0,1125.0,1210574.0,3.211009174311927,0.0,0.0,1327727830.0,40101600.0,42875165.0,0.0,1257460195.0,67494070.0,1367829430.0
2018-03-07,1125.0,1125.0,1035.0,1075.0,608077.0,-4.444444444444445,160135.0,0.0,617134480.0,41636780.0,0.0,0.0,649026525.0,9904870.0,658931395.0
2018-03-08,1065.0,1080.0,1020.0,1050.0,390517.0,-2.3255813953488373,67595.0,0.0,406744180.0,198805.0,0.0,516000.0,396244910.0,10249670.0,407010580.0
2018-03-09,1050.0,1050.0,1010.0,1035.0,348442.0,-1.4285714285714286,0.0,5125000.0,335991830.0,15584065.0,0.0,0.0,356606285.0,94610.0,356700895.0
2018-03-12,1060.0,1060.0,1000.0,1025.0,729019.0,-0.966183574879227,0.0,3290295.0,697197680.0,39936945.0,235610.0,8310000.0,731861935.0,17375.0,740424920.0
2018-03-13,1025.0,1045.0,1000.0,1030.0,335822.0,0.4878048780487805,0.0,0.0,331200480.0,12273735.0,84460.0,0.0,341077085.0,2312670.0,343474215.0
2018-03-14,1030.0,1070.0,1015.0,1065.0,296860.0,3.3980582524271843,0.0,282540.0,288461880.0,22034275.0,0.0,293620.0,307071890.0,3413185.0,310778695.0
2018-03-15,1045.0,1065.0,1020.0,1045.0,254758.0,-1.8779342723004695,8260.0,442870.0,256494350.0,6309675.0,0.0,416955.0,255669730.0,7168470.0,263255155.0
2018-03-16,1030.0,1050.0,1015.0,1035.0,172099.0,-0.9569377990430622,8240.0,445050.0,159387490.0,17284615.0,0.0,447200.0,171558245.0,5119950.0,177125395.0
2018-03-19,1035.0,1050.0,1000.0,1035.0,214082.0,0.0,0.0,4105000.0,205868735.0,9966755.0,0.0,0.0,196308515.0,23631975.0,219940490.0
2018-03-20,1035.0,1045.0,1015.0,1045.0,245591.0,0.966183574879227,0.0,0.0,244880435.0,9151830.0,15525.0,4156270.0,233720000.0,16140470.0,254032265.0
2018-03-21,1040.0,1150.0,1025.0,1080.0,1093729.0,3.349282296650718,0.0,0.0,1155851360.0,35649270.0,0.0,0.0,1152696070.0,38804560.0,1191500630.0
2018-03-22,1080.0,1080.0,1025.0,1025.0,226960.0,-5.092592592592593,42465.0,0.0,234579155.0,762160.0,0.0,0.0,200593495.0,34790285.0,235383780.0
2018-03-23,1010.0,1030.0,990.0,1005.0,339194.0,-1.951219512195122,0.0,0.0,301758914.0,39452315.0,515520.0,31620.0,339904464.0,759625.0,341211229.0
2018-03-26,1000.0,1050.0,993.0,1020.0,177894.0,1.4925373134328357,0.0,9980.0,179486101.0,1181595.0,628775.0,0.0,175858215.0,4190686.0,180677676.0
2018-03-27,1025.0,1050.0,1025.0,1035.0,104427.0,1.4705882352941175,0.0,0.0,101307135.0,6716680.0,0.0,0.0,106952720.0,1071095.0,108023815.0
2018-03-28,1030.0,1035.0,1000.0,1010.0,145595.0,-2.4154589371980677,3030.0,260855.0,113858810.0,33052365.0,12160.0,259570.0,143672375.0,3230955.0,147175060.0
2018-03-29,1010.0,1035.0,1010.0,1025.0,44115.0,1.4851485148514851,0.0,0.0,42867495.0,2386245.0,0.0,9315.0,39143900.0,6100525.0,45253740.0
2018-03-30,1045.0,1105.0,1020.0,1060.0,292964.0,3.414634146341464,1147985.0,28150345.0,259764135.0,21763570.0,0.0,479515.0,267850170.0,42496350.0,310826035.0
2018-04-02,1050.0,1070.0,1040.0,1055.0,110310.0,-0.4716981132075472,22065.0,0.0,105445405.0,10697135.0,0.0,0.0,115939875.0,224730.0,116164605.0
2018-04-03,1065.0,1065.0,1035.0,1040.0,97268.0,-1.4218009478672986,0.0,0.0,100836745.0,928715.0,0.0,8440.0,100477635.0,1279385.0,101765460.0
2018-04-04,1065.0,1065.0,1035.0,1050.0,55039.0,0.9615384615384616,0.0,0.0,50629535.0,6874915.0,28365.0,0.0,55724925.0,1751160.0,57504450.0
2018-04-05,1040.0,1060.0,1020.0,1045.0,90379.0,-0.4761904761904762,288750.0,448095.0,82430020.0,10322105.0,0.0,431600.0,92560510.0,496860.0,93488970.0
2018-04-06,1035.0,1040.0,1010.0,1030.0,98256.0,-1.4354066985645932,0.0,430360.0,95000790.0,4654740.0,0.0,405900.0,99586015.0,93975.0,100085890.0
2018-04-09,1025.0,1035.0,1005.0,1020.0,99688.0,-0.9708737864077669,29870.0,0.0,83442475.0,17666930.0,0.0,0.0,101063795.0,75480.0,101139275.0
2018-04-10,1025.0,1060.0,997.0,1040.0,123088.0,1.9607843137254901,232085.0,15225.0,121889146.0,2908158.0,0.0,0.0,101098599.0,23946015.0,125044614.0
2018-04-11,1030.0,1050.0,1010.0,1010.0,118719.0,-2.8846153846153846,104735.0,35020.0,117873770.0,3243225.0,0.0,34510.0,120037680.0,1184560.0,121256750.0
2018-04-12,1020.0,1045.0,1010.0,1035.0,76664.0,2.4752475247524752,0.0,0.0,71690250.0,7003515.0,0.0,16560.0,76799980.0,1877225.0,78693765.0
2018-04-13,1045.0,1050.0,1020.0,1035.0,85843.0,0.0,31050.0,0.0,88123210.0,501675.0,0.0,20900.0,82382365.0,6252670.0,88655935.0
2018-04-16,1015.0,1050.0,1015.0,1045.0,64555.0,0.966183574879227,0.0,2040.0,62003275.0,5167675.0,0.0,2070.0,67169885.0,1035.0,67172990.0
2018-04-17,1050.0,1065.0,1035.0,1060.0,100048.0,1.4354066985645932,0.0,0.0,95296195.0,10124440.0,0.0,0.0,102801530.0,2619105.0,105420635.0
2018-04-18,1075.0,1080.0,1035.0,1070.0,268518.0,0.9433962264150944,0.0,0.0,249828305.0,35646240.0,0.0,0.0,239670185.0,45804360.0,285474545.0
2018-04-19,1075.0,1205.0,1075.0,1180.0,755868.0,10.2803738317757,382400.0,0.0,805729655.0,57638695.0,0.0,0.0,798594870.0,65155880.0,863750750.0
2018-04-20,1180.0,1225.0,1130.0,1225.0,409176.0,3.8135593220338984,54715.0,23300.0,441864480.0,44804780.0,116375.0,181970.0,478462395.0,7986535.0,486747275.0
2018-04-23,1225.0,1245.0,1180.0,1185.0,283135.0,-3.2653061224489797,42165.0,0.0,309272640.0,34672940.0,0.0,0.0,336004800.0,7982945.0,343987745.0
2018-04-24,1195.0,1220.0,1155.0,1190.0,128730.0,0.42194092827004215,63295.0,0.0,140231345.0,11999870.0,0.0,1385920.0,141550745.0,9357845.0,152294510.0
2018-04-25,1190.0,1210.0,1120.0,1155.0,144593.0,-2.941176470588235,159895.0,1312955.0,140217080.0,25785995.0,0.0,0.0,155584290.0,11891635.0,167475925.0
2018-04-26,1165.0,1180.0,1135.0,1165.0,98516.0,0.8658008658008658,0.0,54960.0,102995260.0,10812245.0,85895.0,0.0,110239620.0,3536950.0,113862465.0
2018-04-27,1165.0,1220.0,1150.0,1170.0,170878.0,0.4291845493562232,0.0,56350.0,169189520.0,32031780.0,0.0,89705.0,187483605.0,13704340.0,201277650.0
2018-04-30,1170.0,1210.0,1155.0,1165.0,186368.0,-0.4273504273504274,0.0,142740.0,188261160.0,31666160.0,26935.0,0.0,209802445.0,10240680.0,220070060.0
2018-05-02,1200.0,1240.0,1145.0,1205.0,180842.0,3.4334763948497855,16310.0,0.0,175039110.0,38899510.0,10755.0,0.0,211850455.0,2093720.0,213954930.0
2018-05-03,1260.0,1260.0,1195.0,1215.0,113905.0,0.8298755186721992,59685.0,127730.0,130265180.0,9484855.0,0.0,0.0,99545415.0,40392035.0,139937450.0
2018-05-04,1245.0,1310.0,1190.0,1230.0,879004.0,1.2345679012345678,80725.0,1131460.0,991696620.0,107003815.0,0.0,921450.0,1057376320.0,41614850.0,1099912620.0
2018-05-08,1215.0,1270.0,1170.0,1185.0,319664.0,-3.6585365853658534,26440.0,0.0,346408680.0,42135160.0,35575.0,22320.0,358567115.0,29945270.0,388570280.0
2018-05-09,1185.0,1195.0,1125.0,1180.0,108128.0,-0.42194092827004215,0.0,107640.0,106932865.0,18310435.0,47370.0,0.0,117805715.0,7497855.0,125350940.0
2018-05-10,1190.0,1240.0,1165.0,1220.0,94178.0,3.389830508474576,21690.0,0.0,95611840.0,17171865.0,27820.0,0.0,111435285.0,1342290.0,112805395.0
2018-05-11,1235.0,1245.0,1205.0,1220.0,54709.0,0.0,59040.0,0.0,58034730.0,8839090.0,0.0,0.0,61051920.0,5880940.0,66932860.0
2018-05-14,1250.0,1250.0,1220.0,1235.0,211598.0,1.2295081967213115,19760.0,0.0,205678170.0,54329585.0,0.0,0.0,259443470.0,584045.0,260027515.0
2018-05-15,1260.0,1285.0,1225.0,1230.0,238771.0,-0.4048582995951417,56700.0,0.0,290489835.0,10736885.0,19940.0,2550.0,290267170.0,10993760.0,301283420.0
2018-05-16,1230.0,1280.0,1205.0,1230.0,244718.0,0.0,1742850.0,30704800.0,234471135.0,35127430.0,0.0,0.0,281573875.0,20472340.0,302046215.0
2018-05-17,1240.0,1290.0,1230.0,1230.0,224521.0,0.0,185935.0,0.0,279819605.0,3871245.0,0.0,32125.0,253306040.0,30538620.0,283876785.0
2018-05-18,1235.0,1345.0,1235.0,1270.0,503394.0,3.2520325203252036,55470.0,6373400.0,618051070.0,22807315.0,0.0,0.0,575306600.0,71980655.0,647287255.0
2018-05-21,1275.0,1560.0,1270.0,1480.0,3138417.0,16.535433070866144,0.0,3919770.0,4359547150.0,187741410.0,118225.0,7053680.0,4349867150.0,194169275.0,4551208330.0
2018-05-23,1480.0,1480.0,1390.0,1405.0,747621.0,-5.0675675675675675,408090.0,0.0,943950055.0,120018290.0,0.0,4142760.0,987258110.0,72975565.0,1064376435.0
2018-05-24,1395.0,1410.0,1320.0,1375.0,361105.0,-2.135231316725979,493910.0,12167960.0,451039690.0,26668835.0,0.0,0.0,474894070.0,15476325.0,490370395.0
2018-05-25,1360.0,1385.0,1290.0,1335.0,204409.0,-2.909090909090909,110415.0,0.0,249855255.0,22246160.0,457145.0,0.0,236318470.0,35436215.0,272211830.0
2018-05-28,1325.0,1395.0,1300.0,1355.0,225651.0,1.4981273408239701,57620.0,0.0,239843785.0,63518735.0,0.0,0.0,294032465.0,9387675.0,303420140.0
2018-05-29,1370.0,1380.0,1310.0,1345.0,176152.0,-0.7380073800738007,59635.0,0.0,217394385.0,16502610.0,0.0,0.0,195116880.0,38839750.0,233956630.0
2018-05-30,1345.0,1350.0,1295.0,1300.0,72837.0,-3.3457249070631967,498345.0,396500.0,90829575.0,3601220.0,0.0,0.0,87941950.0,7383690.0,95325640.0
2018-05-31,1325.0,1325.0,1280.0,1320.0,97816.0,1.5384615384615385,249290.0,0.0,116830985.0,9615225.0,10510.0,0.0,121205680.0,5479310.0,126695500.0
2018-06-01,1330.0,1330.0,1290.0,1295.0,79539.0,-1.893939393939394,2039360.0,6200020.0,91151035.0,4685480.0,16945.0,0.0,100994175.0,3064775.0,104075895.0
2018-06-04,1350.0,1350.0,1290.0,1305.0,80455.0,0.7722007722007722,0.0,0.0,99151320.0,6175430.0,3915.0,0.0,95071255.0,10251580.0,105326750.0
2018-06-05,1360.0,1360.0,1300.0,1320.0,49466.0,1.1494252873563218,56545.0,116145.0,61028915.0,3688020.0,0.0,0.0,56103985.0,8785640.0,64889625.0
2018-06-07,1320.0,1340.0,1305.0,1325.0,71564.0,0.3787878787878788,57405.0,0.0,91026930.0,3170020.0,2650.0,0.0,93489410.0,762295.0,94254355.0
2018-06-08,1310.0,1340.0,1295.0,1305.0,139094.0,-1.509433962264151,0.0,0.0,103305130.0,78341950.0,4267390.0,0.0,97201850.0,80177840.0,181647080.0
2018-06-11,1320.0,1320.0,1275.0,1305.0,112889.0,0.0,0.0,0.0,57861215.0,90201245.0,0.0,0.0,58755970.0,89306490.0,148062460.0
2018-06-12,1305.0,1335.0,1280.0,1295.0,86026.0,-0.7662835249042145,2590.0,0.0,104032960.0,7840480.0,62400.0,9787500.0,92928000.0,9098130.0,111876030.0
2018-06-14,1285.0,1330.0,1235.0,1245.0,124276.0,-3.861003861003861,1446145.0,0.0,150606940.0,3897870.0,0.0,0.0,146875975.0,9074980.0,155950955.0
2018-06-15,1245.0,1290.0,1235.0,1250.0,58757.0,0.4016064257028112,3270380.0,0.0,49462215.0,20991960.0,0.0,0.0,69834425.0,3890130.0,73724555.0
2018-06-18,1270.0,1270.0,1225.0,1225.0,75631.0,-2.0,2419630.0,0.0,76272680.0,15208670.0,6742560.0,0.0,84921320.0,2237100.0,93900980.0
2018-06-19,1240.0,1285.0,1210.0,1210.0,86807.0,-1.2244897959183674,3226380.0,0.0,97102600.0,6127560.0,814670.0,0.0,102893080.0,2748790.0,106456540.0
2018-06-20,1205.0,1285.0,1200.0,1270.0,110016.0,4.958677685950414,2290605.0,0.0,96372055.0,37333225.0,4276900.0,0.0,126116445.0,5602540.0,135995885.0
2018-06-21,1290.0,1325.0,1250.0,1250.0,39101.0,-1.574803149606299,2603950.0,0.0,41696455.0,5663320.0,34630.0,0.0,46842970.0,3086125.0,49963725.0
2018-06-22,1250.0,1280.0,1240.0,1260.0,75448.0,0.8,1565960.0,0.0,92095390.0,1303945.0,7510.0,0.0,77475765.0,17482020.0,94965295.0
2018-06-25,1245.0,1300.0,1245.0,1280.0,63837.0,1.5873015873015872,32190.0,0.0,77856160.0,3347515.0,0.0,0.0,71976185.0,9259680.0,81235865.0
2018-06-26,1280.0,1280.0,1240.0,1255.0,38159.0,-1.953125,18820.0,0.0,47645445.0,0.0,56035.0,0.0,33064800.0,14543430.0,47664265.0
2018-06-27,1255.0,1275.0,1205.0,1250.0,34059.0,-0.398406374501992,2540.0,0.0,41110040.0,1159985.0,0.0,0.0,35437215.0,6835350.0,42272565.0
2018-06-28,1250.0,1300.0,1225.0,1225.0,47505.0,-2.0,47840.0,0.0,59312750.0,0.0,1262670.0,0.0,48143860.0,9954060.0,59360590.0
2018-06-29,1225.0,1275.0,1200.0,1235.0,50480.0,0.8163265306122449,3690.0,0.0,59518725.0,1719640.0,0.0,0.0,52087335.0,9154720.0,61242055.0
2018-07-02,1235.0,1245.0,1175.0,1200.0,83460.0,-2.834008097165992,2490.0,0.0,84623515.0,15302060.0,0.0,0.0,78883545.0,21044520.0,99928065.0
2018-07-03,1200.0,1215.0,1155.0,1185.0,51001.0,-1.25,4840.0,0.0,58978560.0,795330.0,0.0,0.0,50852960.0,8925770.0,59778730.0
2018-07-04,1175.0,1195.0,1155.0,1160.0,34719.0,-2.109704641350211,6960.0,0.0,39986570.0,587295.0,0.0,0.0,32932250.0,7648575.0,40580825.0
2018-07-05,1160.0,1225.0,1120.0,1130.0,77020.0,-2.586206896551724,125005.0,0.0,87468440.0,1626650.0,0.0,0.0,75786210.0,13433885.0,89220095.0
2018-07-06,1135.0,1200.0,1120.0,1135.0,30579.0,0.4424778761061947,6930.0,0.0,34638190.0,337995.0,7945.0,0.0,30214310.0,4760860.0,34983115.0
2018-07-09,1135.0,1145.0,1120.0,1140.0,21742.0,0.4405286343612335,57885.0,0.0,24316705.0,196620.0,0.0,2229315.0,17624930.0,4716965.0,24571210.0
2018-07-10,1130.0,1155.0,1110.0,1145.0,22760.0,0.43859649122807015,44730.0,0.0,24683575.0,998215.0,0.0,0.0,21609715.0,4116805.0,25726520.0
2018-07-11,1130.0,1145.0,1115.0,1120.0,60218.0,-2.1834061135371177,346730.0,1138415.0,64566110.0,1772960.0,0.0,0.0,53112005.0,14712210.0,67824215.0
2018-07-12,1125.0,1170.0,1125.0,1135.0,51977.0,1.3392857142857142,22800.0,965885.0,58341825.0,2300.0,52165.0,5644670.0,39399395.0,14236580.0,59332810.0
2018-07-13,1165.0,1165.0,1125.0,1135.0,34428.0,0.0,31835.0,0.0,39043250.0,0.0,46740.0,0.0,33746605.0,5281740.0,39075085.0
2018-07-16,1200.0,1200.0,1125.0,1145.0,31766.0,0.881057268722467,14885.0,0.0,36421690.0,0.0,46330.0,0.0,30833710.0,5556535.0,36436575.0
2018-07-17,1170.0,1170.0,1145.0,1150.0,9487.0,0.43668122270742354,234945.0,0.0,10703745.0,0.0,0.0,0.0,9385320.0,1553370.0,10938690.0
2018-07-18,1140.0,1195.0,1125.0,1155.0,57506.0,0.43478260869565216,12725.0,273535.0,65184100.0,436895.0,13795.0,0.0,56175935.0,9717525.0,65907255.0
2018-07-19,1135.0,1155.0,1125.0,1155.0,33975.0,0.0,10395.0,0.0,38767770.0,0.0,0.0,0.0,32546165.0,6232000.0,38778165.0
2018-07-20,1160.0,1175.0,1140.0,1155.0,48452.0,0.0,9240.0,0.0,55882475.0,0.0,508305.0,0.0,41133350.0,14250060.0,55891715.0
2018-07-23,1140.0,1165.0,1130.0,1150.0,21958.0,-0.4329004329004329,56595.0,0.0,25186970.0,0.0,576945.0,0.0,15853340.0,8813280.0,25243565.0
2018-07-24,1140.0,1150.0,1120.0,1140.0,22798.0,-0.8695652173913043,5750.0,97180.0,25630705.0,0.0,709330.0,0.0,19793275.0,5231030.0,25733635.0
2018-07-25,1140.0,1155.0,1050.0,1125.0,85415.0,-1.3157894736842104,4600.0,0.0,90720495.0,3368400.0,38110.0,0.0,78345870.0,15709515.0,94093495.0
2018-07-26,1130.0,1130.0,1080.0,1115.0,23341.0,-0.8888888888888888,6575.0,0.0,25651215.0,139965.0,227130.0,0.0,16704710.0,8865915.0,25797755.0
2018-07-27,1115.0,1135.0,1100.0,1100.0,28184.0,-1.345291479820628,5625.0,0.0,31196105.0,0.0,42425.0,0.0,26975275.0,4184030.0,31201730.0
2018-07-30,1090.0,1125.0,1060.0,1080.0,102094.0,-1.8181818181818181,5500.0,0.0,109261320.0,1026335.0,21600.0,0.0,93940145.0,16331410.0,110293155.0
2018-07-31,1080.0,1225.0,1080.0,1120.0,245786.0,3.7037037037037033,0.0,0.0,280500710.0,3399445.0,53650.0,0.0,234248925.0,49597580.0,283900155.0
2018-08-01,1120.0,1210.0,1110.0,1160.0,167054.0,3.571428571428571,11490.0,520800.0,181985075.0,10108125.0,9280.0,0.0,176256715.0,16359495.0,192625490.0
2018-08-02,1210.0,1210.0,1130.0,1130.0,72105.0,-2.586206896551724,0.0,59415.0,81525930.0,865210.0,5650.0,0.0,73613820.0,8831085.0,82450555.0
2018-08-03,1135.0,1465.0,1135.0,1265.0,18784912.0,11.946902654867257,6325.0,7979220.0,25934184055.0,347452700.0,91110.0,21248460.0,25863208660.0,405074070.0,26289622300.0
2018-08-06,1325.0,1425.0,1265.0,1285.0,6527178.0,1.5810276679841897,1579170.0,0.0,8662202265.0,57842925.0,3855.0,6794750.0,8505308075.0,209517680.0,8721624360.0
2018-08-07,1290.0,1355.0,1260.0,1335.0,2460055.0,3.8910505836575875,200800.0,0.0,3186013355.0,56273645.0,0.0,155400.0,3202761195.0,39571205.0,3242487800.0
2018-08-08,1445.0,1675.0,1390.0,1430.0,10189071.0,7.116104868913857,6360000.0,64736385.0,15397551625.0,69051475.0,6136685.0,12562970.0,15330572870.0,188426960.0,15537699485.0
2018-08-09,1480.0,1485.0,1395.0,1450.0,1380140.0,1.3986013986013985,80820.0,0.0,1919818050.0,49973540.0,14300.0,326880.0,1925099975.0,44431255.0,1969872410.0
2018-08-10,1405.0,1450.0,1390.0,1445.0,625775.0,-0.3448275862068966,7225.0,0.0,881220585.0,6417450.0,14150.0,53765.0,865728610.0,21848735.0,887645260.0
2018-08-13,1415.0,1425.0,1310.0,1310.0,773534.0,-9.342560553633218,49700.0,0.0,1035620220.0,16485910.0,9555.0,0.0,1031284480.0,20861795.0,1052155830.0
2018-08-14,1290.0,1385.0,1285.0,1380.0,490575.0,5.343511450381679,51375.0,0.0,621567430.0,34797905.0,7905.0,8022080.0,635973035.0,12413690.0,656416710.0
2018-08-16,1330.0,1495.0,1330.0,1400.0,1323650.0,1.4492753623188406,55585.0,0.0,1798816015.0,85267200.0,11720.0,35880.0,1787446710.0,96644490.0,1884138800.0
2018-08-17,1410.0,1425.0,1350.0,1360.0,302154.0,-2.857142857142857,59080.0,55800.0,393982735.0,22252415.0,9590.0,2284200.0,400203785.0,13852455.0,416350030.0
2018-08-20,1365.0,1370.0,1300.0,1320.0,333263.0,-2.941176470588235,36990.0,0.0,416394440.0,22313395.0,7860.0,1967550.0,435065860.0,1703555.0,438744825.0
2018-08-21,1310.0,1440.0,1300.0,1440.0,907854.0,9.090909090909092,84220905.0,0.0,1095793625.0,77536655.0,9380.0,0.0,1211666435.0,45875370.0,1257551185.0
2018-08-22,1450.0,1535.0,1390.0,1530.0,2046111.0,6.25,165663905.0,28138255.0,2651344965.0,176928965.0,12915.0,44950.0,2780373400.0,241644825.0,3022076090.0
2018-08-23,1520.0,1615.0,1495.0,1535.0,1255861.0,0.32679738562091504,114289760.0,19512975.0,1658393120.0,144398815.0,23025.0,82890.0,1796176555.0,140312200.0,1936594670.0
2018-08-24,1535.0,1540.0,1480.0,1495.0,505036.0,-2.6058631921824107,5980.0,0.0,708200735.0,50686360.0,40545.0,18835840.0,720333820.0,19682870.0,758893075.0
2018-08-27,1490.0,1580.0,1405.0,1530.0,1190392.0,2.341137123745819,112709875.0,0.0,1621273975.0,61030725.0,79270.0,26646070.0,1708442330.0,59846905.0,1795014575.0
2018-08-28,1530.0,1580.0,1500.0,1525.0,350516.0,-0.32679738562091504,38452230.0,0.0,475237020.0,21756370.0,21420.0,0.0,496409360.0,39014840.0,535445620.0
2018-08-29,1525.0,1600.0,1510.0,1540.0,674257.0,0.9836065573770493,30667085.0,0.0,964918150.0,56128900.0,52940.0,0.0,1011456325.0,40204870.0,1051714135.0
2018-08-30,1560.0,1565.0,1450.0,1450.0,469713.0,-5.844155844155844,1450.0,0.0,668642435.0,34964355.0,0.0,0.0,692487265.0,11120975.0,703608240.0
2018-08-31,1445.0,1630.0,1445.0,1515.0,2761797.0,4.482758620689655,50180.0,5073600.0,3995880545.0,277766300.0,72340.0,0.0,4089316985.0,189381300.0,4278770625.0
2018-09-03,1515.0,1545.0,1495.0,1500.0,430254.0,-0.9900990099009901,27051605.0,0.0,604119115.0,19725625.0,2319080.0,2027250.0,627687960.0,18862055.0,650896345.0
2018-09-04,1500.0,1765.0,1475.0,1650.0,6504858.0,10.0,0.0,0.0,10506256655.0,318062845.0,8970.0,5040000.0,10506100250.0,313170280.0,10824319500.0
2018-09-05,1645.0,1650.0,1565.0,1570.0,1366340.0,-4.848484848484849,0.0,0.0,2164221120.0,36382060.0,6475.0,0.0,1918881510.0,281715195.0,2200603180.0
2018-09-06,1570.0,1635.0,1550.0,1570.0,759132.0,0.0,42520.0,0.0,1165304720.0,41908705.0,74240.0,0.0,1124881660.0,82300045.0,1207255945.0
2018-09-07,1560.0,1590.0,1480.0,1525.0,628072.0,-2.8662420382165608,9075.0,0.0,895386805.0,63663955.0,62800.0,0.0,891500760.0,67496275.0,959059835.0
2018-09-10,1505.0,1555.0,1470.0,1495.0,445176.0,-1.9672131147540985,28580.0,0.0,586788820.0,83194285.0,6020.0,0.0,651908570.0,18097095.0,670011685.0
2018-09-11,1495.0,1535.0,1485.0,1500.0,253241.0,0.33444816053511706,408560.0,0.0,351333770.0,29009630.0,0.0,0.0,362156795.0,18595165.0,380751960.0
2018-09-12,1510.0,1550.0,1470.0,1490.0,479774.0,-0.6666666666666667,1448875.0,0.0,689563205.0,29142710.0,15055.0,60586370.0,592105630.0,67447735.0,720154790.0
2018-09-13,1495.0,1590.0,1495.0,1530.0,817927.0,2.684563758389262,680150.0,0.0,1156232795.0,104898005.0,7775.0,0.0,1184713985.0,77089190.0,1261810950.0
2018-09-14,1550.0,1550.0,1490.0,1500.0,233040.0,-1.9607843137254901,1500.0,0.0,289707325.0,63207130.0,4587740.0,0.0,346631625.0,1696590.0,352915955.0
2018-09-17,1520.0,1520.0,1390.0,1390.0,532830.0,-7.333333333333333,0.0,1281715.0,702224075.0,61753820.0,0.0,0.0,731131355.0,34128255.0,765259610.0
2018-09-18,1395.0,1445.0,1390.0,1400.0,291097.0,0.7194244604316548,78970.0,0.0,365696860.0,45066495.0,0.0,0.0,408664580.0,2177745.0,410842325.0
2018-09-19,1405.0,1420.0,1350.0,1360.0,285515.0,-2.857142857142857,13765.0,0.0,370172550.0,22318435.0,96155945.0,0.0,244469850.0,51878955.0,392504750.0
2018-09-20,1355.0,1395.0,1340.0,1360.0,237133.0,0.0,35660.0,0.0,306901720.0,15461310.0,51680.0,0.0,296270020.0,26076990.0,322398690.0
2018-09-21,1330.0,1425.0,1330.0,1380.0,193708.0,1.4705882352941175,466390.0,0.0,223500180.0,41955590.0,0.0,0.0,255974475.0,9947685.0,265922160.0
2018-09-27,1390.0,1410.0,1360.0,1400.0,86585.0,1.4492753623188406,42000.0,0.0,119616445.0,880860.0,50690.0,0.0,115600805.0,4887810.0,120539305.0
2018-09-28,1400.0,1425.0,1355.0,1390.0,60392.0,-0.7142857142857143,111230.0,0.0,83499580.0,0.0,51245.0,695000.0,75877555.0,6987010.0,83610810.0
2018-10-01,1390.0,1390.0,1310.0,1360.0,157667.0,-2.158273381294964,2668305.0,0.0,193206475.0,16964380.0,0.0,0.0,210536920.0,2302240.0,212839160.0
2018-10-02,1370.0,1400.0,1340.0,1360.0,128796.0,0.0,84280.0,0.0,164277075.0,12376545.0,39060.0,0.0,154687015.0,22011825.0,176737900.0
2018-10-04,1355.0,1385.0,1315.0,1330.0,93356.0,-2.2058823529411766,174090.0,0.0,118825345.0,5649625.0,36315.0,0.0,121006130.0,3606615.0,124649060.0
2018-10-05,1315.0,1330.0,1275.0,1320.0,71820.0,-0.7518796992481203,330510.0,0.0,91029335.0,2084340.0,49400.0,0.0,86512030.0,6882755.0,93444185.0
2018-10-08,1295.0,1320.0,1240.0,1265.0,145276.0,-4.166666666666666,71170.0,0.0,161776260.0,23575870.0,0.0,0.0,182616035.0,2807265.0,185423300.0
2018-10-10,1240.0,1265.0,1205.0,1230.0,141211.0,-2.766798418972332,100255.0,0.0,170198820.0,2614565.0,43050.0,0.0,149238160.0,23632430.0,172913640.0
2018-10-11,1115.0,1210.0,1115.0,1170.0,192265.0,-4.878048780487805,59440.0,0.0,196243670.0,28460225.0,0.0,6387220.0,210645205.0,7730910.0,224763335.0
2018-10-12,1135.0,1240.0,1135.0,1200.0,161645.0,2.564102564102564,262780.0,0.0,178347785.0,15517100.0,90820.0,0.0,184573520.0,9463325.0,194127665.0
2018-10-15,1210.0,1215.0,1195.0,1205.0,75690.0,0.4166666666666667,197475.0,0.0,90201030.0,853050.0,0.0,0.0,88528145.0,2723410.0,91251555.0
2018-10-16,1200.0,1280.0,1200.0,1225.0,254336.0,1.6597510373443984,67355.0,0.0,281410135.0,32773355.0,45140.0,0.0,312321570.0,1884135.0,314250845.0
2018-10-17,1235.0,1255.0,1215.0,1235.0,98720.0,0.8163265306122449,28405.0,0.0,117547500.0,4466915.0,0.0,0.0,120868390.0,1174430.0,122042820.0
2018-10-18,1235.0,1375.0,1235.0,1295.0,821847.0,4.8582995951417,22015.0,0.0,1013885460.0,66021405.0,23340.0,0.0,965629880.0,114275660.0,1079928880.0
2018-10-19,1270.0,1270.0,1225.0,1270.0,182550.0,-1.9305019305019304,258945.0,0.0,206184535.0,21331285.0,140520.0,0.0,224826515.0,2807730.0,227774765.0
2018-10-22,1270.0,1275.0,1230.0,1275.0,150602.0,0.39370078740157477,36905.0,0.0,179152855.0,10012090.0,0.0,0.0,183086760.0,6115090.0,189201850.0
2018-10-23,1265.0,1280.0,1225.0,1245.0,85740.0,-2.3529411764705883,23660.0,0.0,100043020.0,7640655.0,55550.0,0.0,96143855.0,11507930.0,107707335.0
2018-10-24,1245.0,1275.0,1205.0,1240.0,125109.0,-0.4016064257028112,59875.0,0.0,147443305.0,7639160.0,0.0,0.0,116528470.0,38613870.0,155142340.0
2018-10-25,1180.0,1220.0,1170.0,1200.0,126062.0,-3.225806451612903,20420.0,0.0,132918080.0,17428340.0,518425.0,0.0,134884440.0,14963975.0,150366840.0
2018-10-26,1210.0,1225.0,1130.0,1145.0,126118.0,-4.583333333333333,107390.0,0.0,137535705.0,9514575.0,3198930.0,0.0,124951840.0,19006900.0,147157670.0
2018-10-29,1145.0,1205.0,1060.0,1065.0,138517.0,-6.986899563318777,765745.0,0.0,144349815.0,9137820.0,0.0,0.0,141817955.0,12435425.0,154253380.0
2018-10-30,1015.0,1120.0,1015.0,1110.0,84292.0,4.225352112676056,927935.0,0.0,81364415.0,8057980.0,0.0,0.0,84482590.0,5867740.0,90350330.0
2018-10-31,1115.0,1195.0,1110.0,1175.0,138854.0,5.8558558558558556,42530.0,0.0,150990295.0,11142265.0,0.0,0.0,148813595.0,13361495.0,162175090.0
2018-11-01,1180.0,1200.0,1135.0,1140.0,389466.0,-2.9787234042553195,440615.0,0.0,430002820.0,20386165.0,343072110.0,0.0,96777055.0,10980435.0,450829600.0
2018-11-02,1135.0,1230.0,1135.0,1195.0,232932.0,4.824561403508771,73165.0,304800.0,251463285.0,26795910.0,0.0,0.0,270939375.0,7697785.0,278637160.0
2018-11-05,1200.0,1210.0,1165.0,1195.0,81245.0,0.0,29930.0,0.0,90265535.0,6621505.0,0.0,0.0,88864560.0,8052410.0,96916970.0
2018-11-06,1225.0,1235.0,1200.0,1215.0,95849.0,1.6736401673640167,9720.0,0.0,115115205.0,1204065.0,4860.0,0.0,111960170.0,4363960.0,116328990.0
2018-11-07,1220.0,1280.0,1205.0,1230.0,248328.0,1.2345679012345678,13530.0,0.0,296598585.0,12702090.0,0.0,0.0,293563195.0,15751010.0,309314205.0
2018-11-08,1240.0,1255.0,1230.0,1230.0,83730.0,0.0,22140.0,375150.0,98294770.0,4871450.0,8680.0,0.0,103554830.0,0.0,103563510.0
2018-11-09,1230.0,1260.0,1220.0,1230.0,63594.0,0.0,203060.0,90280.0,76062245.0,2065090.0,1225.0,0.0,70014835.0,8404615.0,78420675.0
2018-11-12,1230.0,1390.0,1210.0,1300.0,1137744.0,5.691056910569105,82660.0,167165.0,1441914350.0,43674480.0,3885.0,171765.0,1427737735.0,57925270.0,1485838655.0
2018-11-13,1275.0,1305.0,1240.0,1300.0,213753.0,0.0,179895.0,0.0,242516255.0,30618820.0,0.0,0.0,238950510.0,34364460.0,273314970.0
2018-11-14,1295.0,1295.0,1260.0,1260.0,109137.0,-3.076923076923077,15135.0,25400.0,133300980.0,5419420.0,0.0,0.0,136663385.0,2097550.0,138760935.0
2018-11-15,1255.0,1300.0,1225.0,1275.0,144818.0,1.1904761904761905,123355.0,0.0,169327480.0,11776815.0,2490.0,0.0,174683880.0,6541280.0,181227650.0
2018-11-16,1275.0,1295.0,1250.0,1250.0,100538.0,-1.9607843137254901,801385.0,64515.0,117359075.0,9471425.0,58190.0,0.0,126182035.0,1456175.0,127696400.0
2018-11-19,1265.0,1275.0,1250.0,1265.0,63738.0,1.2,859350.0,0.0,58876730.0,20640440.0,0.0,0.0,72825775.0,7550745.0,80376520.0
2018-11-20,1265.0,1265.0,1230.0,1245.0,76258.0,-1.5810276679841897,127240.0,62000.0,74482170.0,20490450.0,37400.0,0.0,94557165.0,567295.0,95161860.0
2018-11-21,1230.0,1260.0,1210.0,1245.0,58633.0,0.0,168540.0,0.0,61578005.0,10084095.0,0.0,0.0,71753480.0,77160.0,71830640.0
2018-11-22,1255.0,1280.0,1240.0,1250.0,75667.0,0.4016064257028112,31378825.0,0.0,59563455.0,3976130.0,94915.0,0.0,94293055.0,530440.0,94918410.0
2018-11-23,1265.0,1290.0,1245.0,1250.0,128012.0,0.0,636540.0,313720.0,149272315.0,11938875.0,0.0,0.0,150803025.0,11358425.0,162161450.0
2018-11-26,1240.0,1295.0,1240.0,1270.0,216228.0,1.6,10055950.0,0.0,242734950.0,19973175.0,0.0,5964705.0,265774330.0,1025040.0,272764075.0
2018-11-27,1330.0,1330.0,1265.0,1280.0,59728.0,0.7874015748031495,8806585.0,55880.0,65281335.0,2351780.0,0.0,0.0,68109430.0,8386150.0,76495580.0
2018-11-28,1285.0,1290.0,1255.0,1275.0,121230.0,-0.390625,24225.0,67310.0,145411905.0,8057770.0,61900.0,14015720.0,139470840.0,12750.0,153561210.0
2018-11-29,1300.0,1300.0,1265.0,1275.0,126715.0,0.0,4309910.0,0.0,156334765.0,607375.0,0.0,0.0,158966405.0,2285645.0,161252050.0
2018-11-30,1285.0,1285.0,1250.0,1275.0,64332.0,0.0,11560040.0,277200.0,64977700.0,4663600.0,0.0,0.0,72973245.0,8505295.0,81478540.0
2018-12-03,1275.0,1325.0,1260.0,1320.0,290733.0,3.5294117647058822,1087270.0,1278740.0,322879285.0,49821080.0,1619320.0,0.0,368250210.0,5196845.0,375066375.0
2018-12-04,1320.0,1345.0,1300.0,1320.0,75133.0,0.0,25080.0,552820.0,89947645.0,8096585.0,29040.0,0.0,96873880.0,1719210.0,98622130.0
2018-12-05,1320.0,1395.0,1305.0,1390.0,357113.0,5.303030303030303,19460.0,0.0,468983760.0,15775610.0,8319595.0,0.0,447444335.0,29014900.0,484778830.0
2018-12-06,1410.0,1495.0,1355.0,1410.0,669298.0,1.4388489208633095,113175.0,0.0,925930120.0,30372665.0,17213310.0,0.0,858396485.0,80806165.0,956415960.0
2018-12-07,1415.0,1450.0,1370.0,1405.0,275257.0,-0.3546099290780142,235715.0,0.0,352324155.0,33194775.0,8370.0,0.0,380611235.0,5135040.0,385754645.0
2018-12-10,1400.0,1405.0,1345.0,1345.0,91114.0,-4.270462633451958,37825.0,13600000.0,105246480.0,5543355.0,5500.0,0.0,124183615.0,238545.0,124427660.0
2018-12-11,1345.0,1395.0,1300.0,1330.0,121650.0,-1.1152416356877324,524670.0,0.0,146028185.0,14088105.0,21290.0,10920.0,155397010.0,5211740.0,160640960.0
2018-12-12,1315.0,1380.0,1315.0,1330.0,126436.0,0.0,923250.0,3975000.0,127083715.0,36499300.0,6675.0,0.0,165744395.0,2730195.0,168481265.0
2018-12-13,1335.0,1425.0,1330.0,1380.0,167323.0,3.7593984962406015,884450.0,0.0,209427465.0,21058075.0,0.0,0.0,218939440.0,12430550.0,231369990.0
2018-12-14,1380.0,1415.0,1355.0,1390.0,61673.0,0.7246376811594203,18398590.0,0.0,60393605.0,6408005.0,5520.0,0.0,77065615.0,8129065.0,85200200.0
2018-12-17,1365.0,1495.0,1350.0,1460.0,263190.0,5.0359712230215825,217615.0,0.0,360535660.0,20253785.0,6925.0,0.0,365643405.0,15356730.0,381007060.0
2018-12-18,1455.0,1465.0,1400.0,1400.0,203894.0,-4.10958904109589,8400.0,0.0,270593385.0,21115335.0,77280.0,408915.0,284637710.0,6593215.0,291717120.0
2018-12-19,1400.0,1420.0,1365.0,1385.0,85514.0,-1.0714285714285714,47090.0,0.0,112629680.0,5326165.0,5500.0,0.0,112880970.0,5116465.0,118002935.0
2018-12-20,1395.0,1435.0,1365.0,1400.0,83131.0,1.083032490974729,134795.0,0.0,114273270.0,2615980.0,0.0,0.0,102537895.0,14486150.0,117024045.0
2018-12-21,1400.0,1400.0,1350.0,1360.0,62904.0,-2.857142857142857,437210.0,1284360.0,80735885.0,3486085.0,4080.0,0.0,85939460.0,0.0,85943540.0
2018-12-24,1360.0,1380.0,1335.0,1360.0,66553.0,0.0,559825.0,0.0,85408400.0,4500890.0,856220.0,0.0,83834680.0,5778215.0,90469115.0
2018-12-26,1355.0,1355.0,1300.0,1335.0,100712.0,-1.8382352941176472,504520.0,0.0,131452920.0,1277330.0,0.0,0.0,124694430.0,8540340.0,133234770.0
2018-12-27,1330.0,1375.0,1315.0,1330.0,59734.0,-0.37453183520599254,823685.0,0.0,66782555.0,12531360.0,1110215.0,0.0,72545135.0,6482250.0,80137600.0
2018-12-28,1320.0,1345.0,1275.0,1305.0,237400.0,-1.8796992481203008,197675.0,0.0,262589380.0,47306875.0,391120.0,0.0,306374020.0,3328790.0,310093930.0
2019-01-02,1340.0,1360.0,1270.0,1300.0,114264.0,-0.38314176245210724,9086125.0,0.0,123736010.0,16180000.0,65080.0,1336175.0,133377740.0,14223140.0,149002135.0
2019-01-03,1300.0,1315.0,1275.0,1315.0,70442.0,1.153846153846154,4162365.0,126720.0,83662870.0,3211520.0,0.0,0.0,87439860.0,3723615.0,91163475.0
2019-01-04,1315.0,1315.0,1285.0,1315.0,90518.0,0.0,1664945.0,0.0,112410840.0,3696725.0,2892610.0,0.0,113559805.0,1320095.0,117772510.0
2019-01-07,1315.0,1410.0,1315.0,1355.0,153781.0,3.041825095057034,246805.0,1020000.0,199106295.0,10050285.0,56170.0,0.0,198266825.0,12100390.0,210423385.0
2019-01-08,1360.0,1405.0,1345.0,1370.0,58108.0,1.107011070110701,97270.0,934270.0,76868565.0,1885600.0,2700.0,99000.0,75750775.0,3933230.0,79785705.0
2019-01-09,1370.0,1425.0,1365.0,1410.0,125823.0,2.9197080291970803,105735.0,0.0,160387780.0,15828430.0,23770.0,0.0,174314995.0,1983180.0,176321945.0
2019-01-10,1415.0,1435.0,1370.0,1400.0,87067.0,-0.7092198581560284,107800.0,0.0,113975200.0,6696075.0,11090.0,0.0,117738955.0,3029030.0,120779075.0
2019-01-11,1410.0,1425.0,1390.0,1415.0,76574.0,1.0714285714285714,194620.0,0.0,100827315.0,6433785.0,0.0,0.0,105887935.0,1567785.0,107455720.0
2019-01-14,1405.0,1420.0,1385.0,1390.0,51506.0,-1.76678445229682,29190.0,0.0,65073985.0,6953070.0,12465.0,0.0,65115285.0,6928495.0,72056245.0
2019-01-15,1395.0,1410.0,1385.0,1400.0,75162.0,0.7194244604316548,63005.0,0.0,102174605.0,2708805.0,0.0,0.0,101610850.0,3335565.0,104946415.0
2019-01-16,1400.0,1430.0,1390.0,1415.0,159626.0,1.0714285714285714,66505.0,0.0,198747635.0,25548530.0,92605.0,0.0,222715480.0,1554585.0,224362670.0
2019-01-17,1415.0,1475.0,1395.0,1420.0,186413.0,0.35335689045936397,32550.0,0.0,254124420.0,12804695.0,83840.0,0.0,244302450.0,22575375.0,266961665.0
2019-01-18,1420.0,1425.0,1380.0,1425.0,128261.0,0.35211267605633806,78375.0,86940.0,177978820.0,1546640.0,1400.0,0.0,176576560.0,3112815.0,179690775.0
2019-01-21,1435.0,1475.0,1410.0,1470.0,224656.0,3.1578947368421053,10290.0,0.0,319969330.0,6497075.0,68600.0,0.0,308842370.0,17565725.0,326476695.0
2019-01-22,1470.0,1540.0,1460.0,1520.0,378224.0,3.4013605442176873,7600.0,0.0,540049835.0,31333640.0,113705.0,0.0,552389875.0,18887495.0,571391075.0
2019-01-23,1520.0,1550.0,1460.0,1500.0,167534.0,-1.3157894736842104,104090.0,0.0,226004865.0,26358855.0,0.0,0.0,242694700.0,9773110.0,252467810.0
2019-01-24,1480.0,1500.0,1450.0,1490.0,92643.0,-0.6666666666666667,52150.0,0.0,132739465.0,3602740.0,57290.0,0.0,135846700.0,490365.0,136394355.0
2019-01-25,1490.0,1490.0,1440.0,1465.0,91327.0,-1.6778523489932886,11760.0,0.0,125381125.0,7865715.0,23425.0,0.0,132660325.0,574850.0,133258600.0
2019-01-28,1465.0,1485.0,1430.0,1440.0,129271.0,-1.7064846416382253,0.0,0.0,182651875.0,5429365.0,64095.0,0.0,175638875.0,12378270.0,188081240.0
2019-01-29,1440.0,1445.0,1425.0,1435.0,48515.0,-0.3472222222222222,31570.0,0.0,68075275.0,1581945.0,134725.0,0.0,68229240.0,1324825.0,69688790.0
2019-01-30,1445.0,1465.0,1440.0,1455.0,106589.0,1.3937282229965158,0.0,0.0,147723250.0,6554285.0,142340.0,0.0,153671200.0,463995.0,154277535.0
2019-01-31,1450.0,1485.0,1380.0,1395.0,413251.0,-4.123711340206185,4701630.0,136390.0,544319925.0,40048170.0,554665.0,39060.0,569055965.0,19556425.0,589206115.0
2019-02-01,1400.0,1425.0,1385.0,1405.0,123174.0,0.7168458781362007,0.0,107030.0,161501780.0,11097060.0,10083225.0,0.0,148366175.0,14256470.0,172705870.0
2019-02-07,1405.0,1415.0,1375.0,1405.0,143230.0,0.0,0.0,0.0,193803910.0,5735700.0,979090.0,0.0,194415600.0,4144920.0,199539610.0
2019-02-08,1405.0,1415.0,1380.0,1400.0,115602.0,-0.3558718861209964,0.0,0.0,142028500.0,19016030.0,271210.0,0.0,158097530.0,2675790.0,161044530.0
2019-02-11,1400.0,1400.0,1375.0,1395.0,68104.0,-0.35714285714285715,0.0,69250.0,94296910.0,24840.0,816900.0,0.0,91190160.0,2383940.0,94391000.0
2019-02-12,1395.0,1435.0,1380.0,1410.0,114278.0,1.0752688172043012,35355.0,0.0,153529320.0,6970465.0,15510.0,0.0,154415520.0,6104110.0,160535140.0
2019-02-13,1415.0,1420.0,1390.0,1410.0,94039.0,0.0,1782585.0,0.0,125430065.0,4353440.0,87420.0,0.0,126865185.0,4613485.0,131566090.0
2019-02-14,1415.0,1430.0,1395.0,1400.0,101672.0,-0.7092198581560284,462680.0,0.0,139961790.0,2141010.0,0.0,0.0,133440755.0,9124725.0,142565480.0
2019-02-15,1400.0,1410.0,1370.0,1385.0,196293.0,-1.0714285714285714,470850.0,0.0,265259920.0,5632610.0,0.0,0.0,247402865.0,23960515.0,271363380.0
2019-02-18,1385.0,1400.0,1365.0,1390.0,65591.0,0.36101083032490977,143075.0,81420.0,87053745.0,3358965.0,155510.0,0.0,82850125.0,7631570.0,90637205.0
2019-02-19,1390.0,1410.0,1375.0,1405.0,112880.0,1.079136690647482,28100.0,0.0,154691385.0,2760035.0,115385.0,0.0,144639075.0,12725060.0,157479520.0
2019-02-20,1405.0,1415.0,1380.0,1395.0,117032.0,-0.7117437722419928,70080.0,0.0,161274075.0,2075085.0,11160.0,1405.0,151402835.0,12003840.0,163419240.0
2019-02-21,1395.0,1405.0,1375.0,1390.0,147232.0,-0.35842293906810035,568510.0,0.0,202250245.0,1582270.0,30430.0,0.0,192467500.0,11903095.0,204401025.0
2019-02-22,1390.0,1470.0,1385.0,1420.0,261769.0,2.158273381294964,52340.0,0.0,366511420.0,4839445.0,0.0,0.0,341879935.0,29523270.0,371403205.0
2019-02-25,1420.0,1490.0,1420.0,1490.0,382515.0,4.929577464788732,11920.0,0.0,524064965.0,34923485.0,16230.0,73440.0,548027675.0,10883025.0,559000370.0
2019-02-26,1480.0,1505.0,1445.0,1445.0,227097.0,-3.0201342281879198,8670.0,0.0,313611910.0,19014720.0,5780.0,0.0,316343605.0,16285915.0,332635300.0
2019-02-27,1445.0,1465.0,1435.0,1455.0,103436.0,0.6920415224913495,5820.0,0.0,148328935.0,1337345.0,16005.0,0.0,143011890.0,6644205.0,149672100.0
2019-02-28,1455.0,1470.0,1350.0,1350.0,286674.0,-7.216494845360824,4050.0,0.0,395063075.0,9912495.0,8580.0,0.0,366774690.0,38196350.0,404979620.0
2019-03-04,1375.0,1425.0,1360.0,1420.0,149726.0,5.185185185185185,24971755.0,0.0,171150280.0,13580355.0,18100.0,0.0,202502395.0,7181895.0,209702390.0
2019-03-05,1410.0,1420.0,1355.0,1390.0,160722.0,-2.112676056338028,426355.0,0.0,201951855.0,19227360.0,4611315.0,0.0,198568075.0,18426180.0,221605570.0
2019-03-06,1385.0,1395.0,1350.0,1360.0,226853.0,-2.158273381294964,80330.0,0.0,296962425.0,12608340.0,12009470.0,0.0,283974300.0,13667325.0,309651095.0
2019-03-07,1360.0,1370.0,1325.0,1360.0,223151.0,0.0,97800.0,120600.0,297582375.0,2967855.0,11934050.0,13305470.0,260329150.0,15199960.0,300768630.0
2019-03-08,1360.0,1360.0,1330.0,1345.0,87751.0,-1.1029411764705883,48420.0,0.0,110446330.0,7129960.0,4020.0,0.0,111819750.0,5800940.0,117624710.0
2019-03-11,1355.0,1360.0,1315.0,1340.0,95852.0,-0.37174721189591076,420400.0,0.0,122793400.0,3756220.0,0.0,0.0,121200505.0,5769515.0,126970020.0
2019-03-12,1340.0,1355.0,1325.0,1350.0,49637.0,0.7462686567164178,136350.0,0.0,64625485.0,2128040.0,29510.0,0.0,65394235.0,1466130.0,66889875.0
2019-03-13,1360.0,1360.0,1320.0,1330.0,87017.0,-1.4814814814814816,318400.0,0.0,112247680.0,2770590.0,0.0,0.0,110188855.0,5147815.0,115336670.0
2019-03-14,1335.0,1340.0,1325.0,1340.0,31165.0,0.7518796992481203,46900.0,0.0,41462335.0,0.0,0.0,0.0,41461175.0,48060.0,41509235.0
2019-03-15,1350.0,1380.0,1340.0,1360.0,135066.0,1.4925373134328357,84335.0,0.0,171665560.0,11760210.0,37940.0,0.0,165693845.0,17778320.0,183510105.0
2019-03-18,1355.0,1395.0,1340.0,1365.0,125934.0,0.3676470588235294,110015.0,0.0,156043555.0,16139790.0,0.0,0.0,162771830.0,9521530.0,172293360.0
2019-03-19,1380.0,1380.0,1350.0,1350.0,65621.0,-1.098901098901099,25650.0,0.0,87525315.0,1341450.0,0.0,0.0,84181125.0,4711290.0,88892415.0
2019-03-20,1375.0,1375.0,1330.0,1350.0,68461.0,0.0,21600.0,0.0,88876820.0,2929550.0,0.0,0.0,80482795.0,11345175.0,91827970.0
2019-03-21,1375.0,1375.0,1330.0,1345.0,66853.0,-0.3703703703703704,8070.0,0.0,87265275.0,2365740.0,0.0,0.0,85774895.0,3864190.0,89639085.0
2019-03-22,1345.0,1355.0,1340.0,1345.0,60682.0,0.0,17485.0,0.0,78775890.0,2756335.0,0.0,0.0,80296200.0,1253510.0,81549710.0
2019-03-25,1330.0,1350.0,1330.0,1330.0,32519.0,-1.1152416356877324,5320.0,0.0,43326430.0,20025.0,140175.0,0.0,38197255.0,5014345.0,43351775.0
2019-03-26,1355.0,1355.0,1325.0,1335.0,45208.0,0.37593984962406013,30650.0,0.0,60246110.0,0.0,952280.0,0.0,57544755.0,1779725.0,60276760.0
2019-03-27,1335.0,1340.0,1295.0,1340.0,83406.0,0.37453183520599254,96480.0,0.0,109500095.0,338245.0,0.0,0.0,106492695.0,3442125.0,109934820.0
2019-03-28,1345.0,1345.0,1310.0,1325.0,47750.0,-1.1194029850746268,1062840.0,0.0,56915095.0,5189170.0,1003025.0,0.0,56406235.0,5757845.0,63167105.0
2019-03-29,1315.0,1385.0,1315.0,1350.0,86311.0,1.8867924528301887,1656530.0,0.0,110083285.0,4309125.0,1635630.0,0.0,104826550.0,9586760.0,116048940.0
2019-04-01,1345.0,1375.0,1335.0,1365.0,96231.0,1.1111111111111112,1126855.0,0.0,126551820.0,2823755.0,7091390.0,0.0,117034650.0,6376390.0,130502430.0
2019-04-02,1360.0,1370.0,1350.0,1360.0,32574.0,-0.3663003663003663,194675.0,0.0,44025985.0,66500.0,13580.0,0.0,40114425.0,4159155.0,44287160.0
2019-04-03,1360.0,1375.0,1350.0,1360.0,84632.0,0.0,8160.0,6700050.0,106656805.0,1570975.0,7039745.0,0.0,104265365.0,3630880.0,114935990.0
2019-04-04,1355.0,1375.0,1345.0,1360.0,57655.0,0.0,16320.0,0.0,77195710.0,1071090.0,19040.0,0.0,76373970.0,1890110.0,78283120.0
2019-04-05,1360.0,1370.0,1340.0,1340.0,215541.0,-1.4705882352941175,12060.0,0.0,287854100.0,3156045.0,52260.0,0.0,288384855.0,2585090.0,291022205.0
2019-04-08,1350.0,1365.0,1325.0,1335.0,162448.0,-0.3731343283582089,517095.0,9345.0,215263485.0,1874045.0,0.0,0.0,216099970.0,1564000.0,217663970.0
2019-04-09,1335.0,1335.0,1320.0,1325.0,137990.0,-0.7490636704119851,5300.0,0.0,182044555.0,596250.0,0.0,0.0,182273705.0,372400.0,182646105.0
2019-04-10,1325.0,1345.0,1310.0,1335.0,114402.0,0.7547169811320755,4005.0,0.0,127884740.0,23453215.0,54640.0,0.0,151221905.0,65415.0,151341960.0
2019-04-11,1335.0,1350.0,1330.0,1345.0,38408.0,0.7490636704119851,0.0,0.0,51576430.0,0.0,186515.0,0.0,48846595.0,2543320.0,51576430.0
2019-04-12,1345.0,1360.0,1340.0,1355.0,59248.0,0.7434944237918215,0.0,0.0,77303215.0,2700000.0,136625.0,0.0,70319375.0,9547215.0,80003215.0
2019-04-15,1360.0,1365.0,1335.0,1355.0,114914.0,0.0,52845.0,0.0,149971195.0,5142150.0,29780.0,0.0,139891580.0,15244830.0,155166190.0
2019-04-16,1355.0,1405.0,1350.0,1380.0,332602.0,1.8450184501845017,57960.0,0.0,453383675.0,5304390.0,2760.0,272845.0,437049090.0,21421330.0,458746025.0
2019-04-17,1385.0,1400.0,1340.0,1385.0,81093.0,0.36231884057971014,130120.0,0.0,109944855.0,1478030.0,63710.0,0.0,106769745.0,4719550.0,111553005.0
2019-04-18,1385.0,1385.0,1345.0,1365.0,72570.0,-1.444043321299639,4368040.0,0.0,94080860.0,87680.0,5371975.0,0.0,93072630.0,91975.0,98536580.0
2019-04-19,1365.0,1375.0,1345.0,1370.0,68820.0,0.3663003663003663,4705870.0,0.0,84086230.0,5199105.0,16330.0,0.0,88757710.0,5217165.0,93991205.0
2019-04-22,1385.0,1385.0,1360.0,1370.0,78859.0,0.0,4779770.0,0.0,98156320.0,5157625.0,35690.0,0.0,108058025.0,0.0,108093715.0
2019-04-23,1370.0,1390.0,1365.0,1390.0,67537.0,1.4598540145985401,6236560.0,0.0,85479890.0,1519380.0,82320.0,0.0,91983475.0,1170035.0,93235830.0
2019-04-24,1380.0,1390.0,1365.0,1375.0,41695.0,-1.079136690647482,4803860.0,82500.0,52484985.0,0.0,1365.0,0.0,54957270.0,2412710.0,57371345.0
2019-04-25,1375.0,1390.0,1340.0,1360.0,78837.0,-1.090909090909091,5719265.0,0.0,100915560.0,1348080.0,69730.0,0.0,101627570.0,6285605.0,107982905.0
2019-04-26,1360.0,1375.0,1335.0,1370.0,144521.0,0.7352941176470588,5684305.0,0.0,188505945.0,1769755.0,43625.0,0.0,192794715.0,3121665.0,195960005.0
2019-04-29,1370.0,1375.0,1350.0,1370.0,76444.0,0.0,7596570.0,276750.0,89061115.0,7423580.0,0.0,0.0,103913085.0,444930.0,104358015.0
2019-04-30,1370.0,1380.0,1355.0,1375.0,64913.0,0.36496350364963503,39875.0,0.0,85387600.0,3337730.0,0.0,1965600.0,83747545.0,3052060.0,88765205.0
2019-05-02,1370.0,1385.0,1355.0,1385.0,71895.0,0.7272727272727273,0.0,0.0,94779245.0,4030970.0,297000.0,0.0,97958340.0,554875.0,98810215.0
2019-05-03,1385.0,1400.0,1360.0,1360.0,134816.0,-1.8050541516245486,1360.0,0.0,180281290.0,5096490.0,1375.0,0.0,180762225.0,4615540.0,185379140.0
2019-05-07,1360.0,1380.0,1335.0,1370.0,135921.0,0.7352941176470588,80990.0,0.0,170740575.0,14059250.0,0.0,0.0,181021060.0,3859755.0,184880815.0
2019-05-08,1370.0,1370.0,1350.0,1370.0,81606.0,0.0,1370.0,0.0,110651240.0,146055.0,0.0,0.0,110798665.0,0.0,110798665.0
2019-05-09,1360.0,1375.0,1310.0,1330.0,202067.0,-2.9197080291970803,13225.0,0.0,262138705.0,6941580.0,0.0,0.0,266005805.0,3087705.0,269093510.0
2019-05-10,1330.0,1330.0,1295.0,1315.0,73078.0,-1.1278195488721803,39580.0,0.0,93314060.0,2427480.0,55440.0,0.0,94438660.0,1287020.0,95781120.0
2019-05-13,1290.0,1315.0,1280.0,1295.0,91067.0,-1.520912547528517,33870.0,0.0,115819855.0,2543940.0,0.0,0.0,110761900.0,7635765.0,118397665.0
2019-05-14,1280.0,1295.0,1265.0,1290.0,107053.0,-0.3861003861003861,549050.0,0.0,124675800.0,11871550.0,302910.0,0.0,134154110.0,2639380.0,137096400.0
2019-05-15,1290.0,1295.0,1280.0,1290.0,39278.0,0.0,39990.0,0.0,48374885.0,2202985.0,0.0,0.0,50224955.0,392905.0,50617860.0
2019-05-16,1290.0,1300.0,1275.0,1295.0,48085.0,0.3875968992248062,373420.0,0.0,60523295.0,843520.0,0.0,0.0,59215365.0,2524870.0,61740235.0
2019-05-17,1290.0,1295.0,1240.0,1275.0,135980.0,-1.5444015444015444,52275.0,133120.0,169710885.0,2484255.0,0.0,0.0,170255290.0,2125245.0,172380535.0
2019-05-20,1260.0,1345.0,1225.0,1295.0,259657.0,1.5686274509803921,40145.0,0.0,323685435.0,7332810.0,0.0,0.0,287104290.0,43954100.0,331058390.0
2019-05-21,1320.0,1320.0,1275.0,1300.0,26462.0,0.3861003861003861,131205.0,0.0,32811670.0,1347495.0,1280.0,133900.0,31477280.0,2677910.0,34290370.0
2019-05-22,1290.0,1315.0,1280.0,1315.0,28846.0,1.153846153846154,38135.0,0.0,32699940.0,4728900.0,0.0,0.0,34332915.0,3134060.0,37466975.0
2019-05-23,1305.0,1315.0,1290.0,1310.0,25171.0,-0.38022813688212925,204360.0,0.0,32605850.0,0.0,0.0,0.0,28322790.0,4487420.0,32810210.0
2019-05-24,1285.0,1315.0,1275.0,1315.0,28095.0,0.38167938931297707,32725.0,0.0,30673120.0,5440610.0,0.0,0.0,33252905.0,2893550.0,36146455.0
2019-05-27,1290.0,1310.0,1250.0,1285.0,39183.0,-2.2813688212927756,15420.0,0.0,46827645.0,3159100.0,70675.0,0.0,45577455.0,4354035.0,50002165.0
2019-05-28,1275.0,1310.0,1260.0,1285.0,29706.0,0.0,10280.0,0.0,37782935.0,303530.0,0.0,0.0,33875235.0,4221510.0,38096745.0
2019-05-29,1275.0,1295.0,1250.0,1275.0,53991.0,-0.7782101167315175,170585.0,0.0,67921600.0,488880.0,0.0,0.0,64740040.0,3841025.0,68581065.0
2019-05-30,1270.0,1280.0,1245.0,1280.0,60511.0,0.39215686274509803,17920.0,0.0,75872020.0,94690.0,0.0,0.0,74003640.0,1980990.0,75984630.0
2019-05-31,1270.0,1315.0,1260.0,1310.0,61520.0,2.34375,34055.0,0.0,77012735.0,2225855.0,0.0,0.0,73094095.0,6178550.0,79272645.0
2019-06-03,1290.0,1315.0,1285.0,1300.0,36309.0,-0.7633587786259541,408735.0,0.0,45783800.0,1037435.0,533130.0,0.0,44433785.0,2263055.0,47229970.0
2019-06-04,1290.0,1305.0,1270.0,1300.0,68558.0,0.0,8107160.0,1295.0,78270150.0,1957020.0,2274070.0,0.0,85671355.0,390200.0,88335625.0
2019-06-05,1295.0,1305.0,1290.0,1295.0,32730.0,-0.38461538461538464,11635.0,1295.0,41033210.0,1379300.0,71500.0,0.0,42000405.0,353535.0,42425440.0
2019-06-07,1290.0,1300.0,1270.0,1300.0,60569.0,0.3861003861003861,5200.0,0.0,76523285.0,1156495.0,3830250.0,0.0,66804560.0,7050170.0,77684980.0
2019-06-10,1300.0,1300.0,1285.0,1290.0,38423.0,-0.7692307692307693,3870.0,1300.0,48723520.0,997170.0,0.0,0.0,49724565.0,1295.0,49725860.0
2019-06-11,1285.0,1320.0,1285.0,1315.0,61072.0,1.937984496124031,85325.0,1310.0,79702090.0,22185.0,0.0,0.0,75704210.0,4106700.0,79810910.0
2019-06-12,1320.0,1355.0,1305.0,1345.0,207390.0,2.2813688212927756,4669580.0,3683240.0,265299140.0,2390300.0,2584755.0,0.0,271029265.0,2428240.0,276042260.0
2019-06-13,1345.0,1350.0,1330.0,1350.0,96897.0,0.37174721189591076,4050.0,0.0,130097090.0,0.0,0.0,0.0,130101140.0,0.0,130101140.0
2019-06-14,1350.0,1365.0,1345.0,1355.0,89940.0,0.3703703703703704,14910.0,0.0,119351010.0,2211360.0,40650.0,126015.0,113259275.0,8151340.0,121577280.0
2019-06-17,1355.0,1365.0,1345.0,1355.0,94462.0,0.0,121655.0,0.0,127416160.0,37800.0,1355.0,0.0,127574260.0,0.0,127575615.0
2019-06-18,1355.0,1360.0,1340.0,1350.0,62649.0,-0.36900369003690037,36585.0,1882095.0,81965415.0,487760.0,1350.0,29590.0,84336865.0,4050.0,84371855.0
2019-06-19,1350.0,1360.0,1335.0,1340.0,56035.0,-0.7407407407407408,0.0,0.0,75430610.0,0.0,28120.0,0.0,75330940.0,71550.0,75430610.0
2019-06-20,1345.0,1345.0,1315.0,1340.0,67882.0,0.0,84420.0,0.0,89997455.0,0.0,0.0,2383920.0,87695275.0,2680.0,90081875.0
2019-06-21,1355.0,1355.0,1325.0,1340.0,46932.0,0.0,9380.0,0.0,62131825.0,719530.0,0.0,0.0,61275880.0,1584855.0,62860735.0
2019-06-24,1365.0,1625.0,1355.0,1475.0,6182927.0,10.074626865671641,22696500.0,919960.0,8928619890.0,151201420.0,22484455.0,6967390.0,8811707320.0,262278605.0,9103437770.0
2019-06-25,1480.0,1510.0,1435.0,1510.0,1204127.0,2.3728813559322033,6902730.0,1510000.0,1741524065.0,22070870.0,0.0,0.0,1742433105.0,29574560.0,1772007665.0
2019-06-26,1490.0,1495.0,1440.0,1470.0,558643.0,-2.6490066225165565,7350.0,0.0,800775005.0,16488350.0,28800.0,0.0,807747855.0,9494050.0,817270705.0
2019-06-27,1460.0,1520.0,1415.0,1415.0,770135.0,-3.741496598639456,886415.0,0.0,1084719810.0,35590995.0,915365.0,0.0,1081235610.0,39046245.0,1121197220.0
2019-06-28,1420.0,1455.0,1405.0,1420.0,270699.0,0.35335689045936397,3762960.0,0.0,376411495.0,6425335.0,0.0,0.0,384052110.0,2547680.0,386599790.0
2019-07-01,1425.0,1450.0,1385.0,1410.0,280043.0,-0.7042253521126761,35225.0,114800.0,380873550.0,12785330.0,1385.0,0.0,387086625.0,6720895.0,393808905.0
2019-07-02,1410.0,1430.0,1400.0,1425.0,216081.0,1.0638297872340425,19950.0,0.0,279471005.0,25333800.0,0.0,1405000.0,301462540.0,1957215.0,304824755.0
2019-07-03,1430.0,1470.0,1415.0,1465.0,458599.0,2.807017543859649,24875.0,0.0,627327025.0,36646295.0,0.0,0.0,600511595.0,63486600.0,663998195.0
2019-07-04,1470.0,1480.0,1430.0,1480.0,287640.0,1.023890784982935,0.0,0.0,408418530.0,11559370.0,8287040.0,0.0,400103020.0,11587840.0,419977900.0
2019-07-05,1485.0,1485.0,1430.0,1450.0,285749.0,-2.027027027027027,0.0,0.0,391677275.0,22814840.0,87640.0,0.0,401572630.0,12831845.0,414492115.0
2019-07-08,1450.0,1480.0,1410.0,1430.0,276193.0,-1.3793103448275863,30475.0,0.0,384711545.0,9621375.0,39815.0,0.0,377098310.0,17225270.0,394363395.0
2019-07-09,1405.0,1430.0,1355.0,1375.0,344816.0,-3.8461538461538463,107580.0,0.0,447560205.0,30360775.0,94515.0,0.0,447616255.0,30317790.0,478028560.0
2019-07-10,1360.0,1405.0,1360.0,1400.0,85825.0,1.8181818181818181,30695.0,0.0,109099835.0,10387060.0,72520.0,0.0,101941085.0,17503985.0,119517590.0
2019-07-11,1400.0,1405.0,1380.0,1400.0,54881.0,0.0,0.0,0.0,72162000.0,4246590.0,46085.0,0.0,72895285.0,3467220.0,76408590.0
2019-07-12,1405.0,1410.0,1365.0,1390.0,92335.0,-0.7142857142857143,2000625.0,0.0,118437805.0,7465320.0,2013460.0,0.0,123796335.0,2093955.0,127903750.0
2019-07-15,1390.0,1440.0,1380.0,1425.0,142433.0,2.5179856115107913,5073965.0,705000.0,188325730.0,6267185.0,5096460.0,0.0,188307315.0,6968105.0,200371880.0
2019-07-16,1425.0,1435.0,1400.0,1420.0,70786.0,-0.3508771929824561,0.0,0.0,94978935.0,4869320.0,4260.0,0.0,98327905.0,1516090.0,99848255.0
2019-07-17,1405.0,1425.0,1350.0,1355.0,161334.0,-4.577464788732395,93495.0,0.0,212583400.0,7802650.0,4065.0,0.0,219346130.0,1129350.0,220479545.0
2019-07-18,1360.0,1370.0,1345.0,1355.0,36214.0,0.0,0.0,0.0,47029965.0,1949720.0,10840.0,0.0,42118510.0,6850335.0,48979685.0
2019-07-19,1355.0,1405.0,1345.0,1375.0,70355.0,1.4760147601476015,0.0,0.0,93390130.0,2526760.0,316265.0,0.0,91123170.0,4477455.0,95916890.0
2019-07-22,1365.0,1415.0,1350.0,1370.0,53732.0,-0.36363636363636365,2902625.0,0.0,65496215.0,4743100.0,2915115.0,0.0,69723415.0,503410.0,73141940.0
2019-07-23,1375.0,1385.0,1350.0,1370.0,34862.0,0.0,0.0,0.0,45558695.0,1933200.0,23170.0,0.0,46870975.0,597750.0,47491895.0
2019-07-24,1370.0,1375.0,1340.0,1355.0,49048.0,-1.094890510948905,6750.0,0.0,65944195.0,311165.0,2140975.0,0.0,58953625.0,5167510.0,66262110.0
2019-07-25,1345.0,1360.0,1275.0,1300.0,236207.0,-4.059040590405904,2000115.0,0.0,254819865.0,50522100.0,2010320.0,0.0,302260615.0,3071145.0,307342080.0
2019-07-26,1290.0,1310.0,1270.0,1295.0,84978.0,-0.38461538461538464,2620.0,0.0,101546655.0,8025980.0,1295.0,637500.0,107035140.0,1901320.0,109575255.0
2019-07-29,1295.0,1295.0,1170.0,1205.0,329657.0,-6.94980694980695,4664625.0,0.0,370922075.0,29101335.0,4680155.0,0.0,389719450.0,10288430.0,404688035.0
2019-07-30,1160.0,1225.0,1160.0,1210.0,119142.0,0.4149377593360996,20570.0,10852800.0,115327020.0,16519945.0,0.0,0.0,137422385.0,5297950.0,142720335.0
2019-07-31,1210.0,1220.0,1175.0,1215.0,57935.0,0.4132231404958678,4036445.0,0.0,59671905.0,5630520.0,4127620.0,0.0,59130450.0,6080800.0,69338870.0
2019-08-01,1210.0,1270.0,1195.0,1245.0,68161.0,2.4691358024691357,95870.0,0.0,78393220.0,5535755.0,9960.0,173055.0,57368635.0,26473195.0,84024845.0
2019-08-02,1200.0,1230.0,1185.0,1185.0,103313.0,-4.819277108433735,55685.0,1200000.0,115301160.0,7338730.0,0.0,1212055.0,114527455.0,8156065.0,123895575.0
2019-08-05,1185.0,1260.0,1140.0,1140.0,195821.0,-3.79746835443038,2003280.0,0.0,212708630.0,14332690.0,2198980.0,0.0,206321865.0,20523755.0,229044600.0
2019-08-06,1040.0,1125.0,1035.0,1050.0,637730.0,-7.894736842105263,3320860.0,0.0,617506200.0,60081665.0,3016335.0,0.0,649540040.0,28352350.0,680908725.0
2019-08-07,1060.0,1100.0,1055.0,1095.0,93478.0,4.285714285714286,9705.0,0.0,93614510.0,6823580.0,14065.0,0.0,94821380.0,5612350.0,100447795.0
2019-08-08,1105.0,1160.0,1090.0,1155.0,115314.0,5.47945205479452,2290.0,0.0,116783145.0,13078320.0,151525.0,0.0,121128815.0,8583415.0,129863755.0
2019-08-09,1160.0,1180.0,1160.0,1180.0,42293.0,2.1645021645021645,0.0,0.0,46340440.0,3119200.0,37670.0,0.0,48518895.0,903075.0,49459640.0
2019-08-12,1180.0,1205.0,1160.0,1205.0,42922.0,2.11864406779661,0.0,0.0,50400845.0,732605.0,34945.0,0.0,44036595.0,7061910.0,51133450.0
2019-08-13,1195.0,1215.0,1185.0,1210.0,45309.0,0.4149377593360996,0.0,0.0,50897480.0,3471230.0,1679795.0,0.0,44734135.0,7954780.0,54368710.0
2019-08-14,1210.0,1225.0,1200.0,1225.0,29233.0,1.2396694214876034,0.0,0.0,35547485.0,0.0,492200.0,0.0,32785635.0,2269650.0,35547485.0
2019-08-16,1205.0,1215.0,1170.0,1200.0,62822.0,-2.0408163265306123,25355.0,0.0,65976735.0,8485985.0,36000.0,0.0,71850125.0,2601950.0,74488075.0
2019-08-19,1205.0,1220.0,1190.0,1200.0,17547.0,0.0,289050.0,0.0,20501725.0,307020.0,3575590.0,0.0,13762590.0,3759615.0,21097795.0
2019-08-20,1195.0,1240.0,1195.0,1230.0,23113.0,2.5,29520.0,0.0,27467335.0,743915.0,2540760.0,0.0,25382315.0,317695.0,28240770.0
2019-08-21,1235.0,1245.0,1205.0,1245.0,42433.0,1.2195121951219512,23655.0,0.0,51404135.0,928340.0,6475850.0,0.0,45131990.0,748290.0,52356130.0
2019-08-22,1230.0,1255.0,1205.0,1225.0,102960.0,-1.6064257028112447,2065925.0,0.0,122881045.0,2073870.0,19300895.0,0.0,98376195.0,9343750.0,127020840.0
2019-08-23,1210.0,1250.0,1205.0,1230.0,90956.0,0.40816326530612246,12300.0,0.0,106026605.0,5613205.0,16661765.0,0.0,77125860.0,17864485.0,111652110.0
2019-08-26,1180.0,1210.0,1180.0,1200.0,39137.0,-2.4390243902439024,813655.0,0.0,44106945.0,1709545.0,8855385.0,0.0,36506040.0,1268720.0,46630145.0
2019-08-27,1210.0,1220.0,1200.0,1215.0,14716.0,1.25,13365.0,0.0,17805600.0,0.0,3635.0,0.0,16442380.0,1372950.0,17818965.0
2019-08-28,1215.0,1235.0,1210.0,1235.0,38338.0,1.646090534979424,665595.0,0.0,46271205.0,0.0,3690.0,0.0,46933110.0,0.0,46936800.0
2019-08-29,1220.0,1235.0,1205.0,1220.0,42423.0,-1.214574898785425,6100.0,0.0,50083800.0,1463380.0,12200.0,0.0,51179960.0,361120.0,51553280.0
2019-08-30,1230.0,1240.0,1210.0,1235.0,51709.0,1.2295081967213115,4940.0,38522460.0,24349805.0,574655.0,0.0,0.0,59851110.0,3600750.0,63451860.0
2019-09-02,1220.0,1240.0,1215.0,1230.0,41461.0,-0.4048582995951417,3690.0,0.0,50933695.0,0.0,1230.0,0.0,49587505.0,1348650.0,50937385.0
2019-09-03,1235.0,1240.0,1225.0,1240.0,12936.0,0.8130081300813009,0.0,0.0,15930760.0,0.0,51705.0,0.0,14341555.0,1537500.0,15930760.0
2019-09-04,1235.0,1260.0,1225.0,1250.0,52501.0,0.8064516129032258,0.0,0.0,62057885.0,3447485.0,15000.0,0.0,65479210.0,11160.0,65505370.0
2019-09-05,1245.0,1275.0,1240.0,1270.0,66915.0,1.6,9328100.0,0.0,74642465.0,435315.0,64305.0,0.0,83516075.0,825500.0,84405880.0
2019-09-06,1265.0,1295.0,1260.0,1290.0,119619.0,1.574803149606299,23180875.0,0.0,128246115.0,1318015.0,17850.0,0.0,152727155.0,0.0,152745005.0
2019-09-09,1280.0,1290.0,1265.0,1280.0,39215.0,-0.7751937984496124,7680.0,0.0,48130435.0,1875135.0,5120.0,0.0,48774210.0,1233920.0,50013250.0
2019-09-10,1280.0,1290.0,1265.0,1270.0,52141.0,-0.78125,11470.0,0.0,66486050.0,0.0,142745.0,0.0,59544380.0,6810395.0,66497520.0
2019-09-11,1270.0,1315.0,1270.0,1300.0,75334.0,2.3622047244094486,43920.0,0.0,93617540.0,3576560.0,331725.0,0.0,90621705.0,6284590.0,97238020.0
2019-09-16,1305.0,1320.0,1295.0,1320.0,44416.0,1.5384615384615385,0.0,0.0,55856115.0,2252275.0,52715.0,0.0,52872975.0,5182700.0,58108390.0
2019-09-17,1300.0,1315.0,1290.0,1305.0,43882.0,-1.1363636363636365,129690.0,0.0,53568285.0,3530160.0,32625.0,0.0,49402830.0,7792680.0,57228135.0
2019-09-18,1310.0,1320.0,1295.0,1315.0,30269.0,0.7662835249042145,0.0,0.0,39505725.0,0.0,59020.0,0.0,38657795.0,788910.0,39505725.0
2019-09-19,1315.0,1325.0,1300.0,1320.0,23871.0,0.38022813688212925,114840.0,0.0,31045385.0,284270.0,133995.0,0.0,30040210.0,1270290.0,31444495.0
2019-09-20,1320.0,1340.0,1305.0,1325.0,65208.0,0.3787878787878788,527350.0,0.0,85786455.0,2620.0,83585.0,0.0,85983360.0,249480.0,86316425.0
2019-09-23,1325.0,1350.0,1305.0,1340.0,73100.0,1.1320754716981132,53600.0,0.0,97195325.0,60720.0,5280.0,0.0,95473545.0,1830820.0,97309645.0
2019-09-24,1340.0,1365.0,1335.0,1355.0,60694.0,1.1194029850746268,36585.0,0.0,82118025.0,1355.0,5228170.0,0.0,74590855.0,2336940.0,82155965.0
2019-09-25,1355.0,1360.0,1320.0,1330.0,65797.0,-1.8450184501845017,2152490.0,0.0,81221815.0,4238625.0,2133885.0,0.0,84143165.0,1335880.0,87612930.0
2019-09-26,1330.0,1340.0,1310.0,1330.0,30499.0,0.0,27930.0,0.0,39727250.0,690325.0,0.0,0.0,39359690.0,1085815.0,40445505.0
2019-09-27,1305.0,1325.0,1295.0,1315.0,69352.0,-1.1278195488721803,35545.0,5881500.0,83297270.0,1540570.0,0.0,0.0,85787485.0,4967400.0,90754885.0
2019-09-30,1315.0,1325.0,1300.0,1320.0,33519.0,0.38022813688212925,227040.0,0.0,43691870.0,22355.0,0.0,0.0,39409785.0,4531480.0,43941265.0
2019-10-01,1340.0,1345.0,1305.0,1345.0,25196.0,1.893939393939394,1401325.0,0.0,30909580.0,1195440.0,0.0,0.0,27601500.0,5904845.0,33506345.0
2019-10-02,1345.0,1350.0,1325.0,1340.0,42323.0,-0.37174721189591076,737000.0,0.0,55972930.0,0.0,0.0,0.0,55415675.0,1294255.0,56709930.0
2019-10-04,1340.0,1340.0,1320.0,1330.0,60741.0,-0.7462686567164178,41230.0,0.0,79713880.0,1040360.0,72800.0,0.0,73129220.0,7593450.0,80795470.0
2019-10-07,1330.0,1330.0,1280.0,1280.0,121412.0,-3.7593984962406015,28160.0,0.0,144175405.0,12864640.0,0.0,0.0,157036885.0,31320.0,157068205.0
2019-10-08,1275.0,1290.0,1265.0,1280.0,36083.0,0.0,19200.0,0.0,40591550.0,5421710.0,0.0,0.0,45945280.0,87180.0,46032460.0
2019-10-10,1280.0,1285.0,1265.0,1285.0,42201.0,0.390625,16695.0,0.0,53682505.0,0.0,3855.0,0.0,53688970.0,6375.0,53699200.0
2019-10-11,1270.0,1305.0,1270.0,1300.0,37322.0,1.1673151750972763,110450.0,0.0,47394530.0,568210.0,0.0,0.0,48073190.0,0.0,48073190.0
2019-10-14,1305.0,1315.0,1280.0,1300.0,74273.0,0.0,5200.0,0.0,94293955.0,1765070.0,0.0,0.0,95547855.0,516370.0,96064225.0
2019-10-15,1295.0,1310.0,1280.0,1300.0,47007.0,0.0,6719065.0,0.0,53888510.0,0.0,0.0,0.0,60607575.0,0.0,60607575.0
2019-10-16,1300.0,1315.0,1295.0,1310.0,39711.0,0.7692307692307693,1388630.0,0.0,50268430.0,112230.0,29965.0,0.0,51226460.0,512865.0,51769290.0
2019-10-17,1310.0,1320.0,1310.0,1310.0,26432.0,0.0,2620.0,0.0,34688960.0,0.0,0.0,0.0,34690270.0,1310.0,34691580.0
2019-10-18,1300.0,1340.0,1300.0,1335.0,43731.0,1.9083969465648856,8631065.0,0.0,48917785.0,88105.0,9205.0,0.0,55928035.0,1699715.0,57636955.0
2019-10-21,1325.0,1355.0,1320.0,1350.0,43570.0,1.1235955056179776,6750.0,26745.0,58264515.0,28245.0,1832955.0,0.0,55844790.0,648510.0,58326255.0
2019-10-22,1360.0,1360.0,1335.0,1345.0,82972.0,-0.3703703703703704,0.0,4065.0,110691875.0,1061180.0,255370.0,0.0,110961105.0,540645.0,111757120.0
2019-10-23,1350.0,1360.0,1325.0,1340.0,87631.0,-0.37174721189591076,0.0,3975000.0,111515065.0,1904850.0,382015.0,0.0,117012900.0,0.0,117394915.0
2019-10-24,1340.0,1350.0,1330.0,1340.0,69291.0,0.0,0.0,0.0,90669825.0,1965455.0,26790.0,0.0,92019525.0,588965.0,92635280.0
2019-10-25,1330.0,1345.0,1325.0,1340.0,19808.0,0.0,540035.0,4595880.0,21242435.0,0.0,11970.0,0.0,24066175.0,2300205.0,26378350.0
2019-10-28,1340.0,1355.0,1315.0,1340.0,43016.0,0.0,8121100.0,11690640.0,35335790.0,2114640.0,8040.0,0.0,56801275.0,452855.0,57262170.0
2019-10-29,1355.0,1355.0,1325.0,1350.0,31213.0,0.7462686567164178,39150.0,4797000.0,36272565.0,621310.0,54680.0,0.0,41551145.0,124200.0,41730025.0
2019-10-30,1350.0,1360.0,1335.0,1350.0,27380.0,0.0,59400.0,1206000.0,35535560.0,25460.0,152550.0,0.0,34766720.0,1907150.0,36826420.0
2019-10-31,1365.0,1365.0,1340.0,1350.0,68663.0,0.0,27000.0,24374435.0,68041705.0,0.0,148470.0,0.0,92294670.0,0.0,92443140.0
2019-11-01,1350.0,1415.0,1340.0,1400.0,108738.0,3.7037037037037033,72365.0,6598600.0,143137595.0,116400.0,103600.0,31395.0,133391185.0,16398780.0,149924960.0
2019-11-04,1400.0,1465.0,1400.0,1450.0,324030.0,3.571428571428571,15950.0,41164820.0,415246025.0,9587655.0,99695.0,0.0,457074460.0,8840295.0,466014450.0
2019-11-05,1440.0,1445.0,1415.0,1435.0,79478.0,-1.0344827586206897,11480.0,16556585.0,95912985.0,906300.0,0.0,0.0,113344000.0,43350.0,113387350.0
2019-11-06,1435.0,1475.0,1425.0,1465.0,29707.0,2.0905923344947737,0.0,0.0,43195225.0,0.0,39555.0,0.0,43117580.0,38090.0,43195225.0
2019-11-07,1465.0,1465.0,1430.0,1445.0,39194.0,-1.3651877133105803,2021680.0,2903005.0,51543135.0,1440.0,15895.0,0.0,56283130.0,170235.0,56469260.0
2019-11-08,1445.0,1480.0,1445.0,1470.0,80430.0,1.7301038062283738,3158610.0,0.0,113940125.0,417585.0,1968750.0,0.0,113632050.0,1915520.0,117516320.0
2019-11-11,1470.0,1475.0,1450.0,1465.0,71205.0,-0.3401360544217687,86435.0,16899300.0,85249075.0,1757640.0,96440.0,0.0,103871190.0,24820.0,103992450.0
2019-11-12,1455.0,1465.0,1445.0,1460.0,21265.0,-0.3412969283276451,39420.0,5011125.0,25356520.0,490335.0,10220.0,5983850.0,24772120.0,131210.0,30897400.0
2019-11-13,1450.0,1470.0,1440.0,1460.0,24345.0,0.0,56940.0,2255405.0,26353800.0,6703355.0,331420.0,0.0,31970030.0,3068050.0,35369500.0
2019-11-14,1450.0,1455.0,1415.0,1440.0,88061.0,-1.36986301369863,0.0,29431660.0,92131910.0,4249180.0,1375765.0,0.0,124223665.0,213320.0,125812750.0
2019-11-15,1425.0,1470.0,1425.0,1440.0,19737.0,0.0,1377400.0,0.0,26674165.0,437835.0,8139450.0,0.0,18781890.0,1568060.0,28489400.0
2019-11-18,1440.0,1465.0,1395.0,1435.0,73145.0,-0.3472222222222222,31456545.0,18094500.0,51895845.0,2538885.0,3080380.0,0.0,100007640.0,897755.0,103985775.0
2019-11-19,1435.0,1445.0,1410.0,1440.0,33604.0,0.34843205574912894,18614875.0,2319450.0,26113485.0,864000.0,2353985.0,0.0,45557825.0,0.0,47911810.0
2019-11-20,1440.0,1585.0,1425.0,1440.0,333976.0,0.0,37699435.0,0.0,451854305.0,12652960.0,7574815.0,0.0,474549595.0,20082290.0,502206700.0
2019-11-21,1485.0,1485.0,1430.0,1460.0,90448.0,1.3888888888888888,9864135.0,1291500.0,113572785.0,5457600.0,3450040.0,0.0,126725715.0,10265.0,130186020.0
2019-11-22,1460.0,1480.0,1445.0,1460.0,108328.0,0.0,4605650.0,0.0,148869055.0,5320745.0,0.0,0.0,156088255.0,2707195.0,158795450.0
2019-11-25,1455.0,1475.0,1455.0,1470.0,86229.0,0.684931506849315,15789300.0,1475.0,103810765.0,6901005.0,2410620.0,1460.0,122632225.0,1458240.0,126502545.0
2019-11-26,1470.0,1525.0,1470.0,1525.0,148949.0,3.741496598639456,22060945.0,3035.0,184921495.0,16315045.0,2481295.0,3015.0,214171175.0,6645035.0,223300520.0
2019-11-27,1525.0,1550.0,1500.0,1500.0,98179.0,-1.639344262295082,20233345.0,0.0,124829055.0,4458600.0,884340.0,0.0,148050460.0,586200.0,149521000.0
2019-11-28,1505.0,1540.0,1485.0,1500.0,93452.0,0.0,19485740.0,0.0,119297790.0,1003485.0,0.0,0.0,139274015.0,513000.0,139787015.0
2019-11-29,1495.0,1505.0,1450.0,1500.0,120312.0,0.0,97050.0,18394845.0,146540620.0,11922955.0,2653625.0,0.0,158813500.0,15488345.0,176955470.0
2019-12-02,1500.0,1525.0,1490.0,1510.0,61775.0,0.6666666666666667,99550.0,43645.0,76829900.0,15946760.0,444200.0,3385500.0,87238285.0,1851870.0,92919855.0
2019-12-03,1510.0,1515.0,1480.0,1500.0,110643.0,-0.6622516556291391,9315870.0,2524000.0,150456605.0,3059595.0,0.0,0.0,162762730.0,2593340.0,165356070.0
2019-12-04,1500.0,1515.0,1470.0,1490.0,111653.0,-0.6666666666666667,71490.0,15939000.0,145958635.0,3769635.0,0.0,0.0,164848095.0,890665.0,165738760.0
2019-12-05,1490.0,1490.0,1435.0,1450.0,86766.0,-2.684563758389262,53580.0,18346500.0,101433085.0,6250630.0,0.0,0.0,124648415.0,1435380.0,126083795.0
2019-12-06,1450.0,1470.0,1430.0,1460.0,34499.0,0.6896551724137931,21880.0,0.0,45554170.0,4417780.0,0.0,0.0,49876630.0,117200.0,49993830.0
2019-12-09,1445.0,1475.0,1445.0,1470.0,29152.0,0.684931506849315,1888310.0,190740.0,31936240.0,8666765.0,26370.0,0.0,34811765.0,7843920.0,42682055.0
2019-12-10,1480.0,1480.0,1455.0,1475.0,15548.0,0.3401360544217687,10325.0,0.0,22759615.0,0.0,35240.0,0.0,22215540.0,519160.0,22769940.0
2019-12-11,1460.0,1490.0,1455.0,1490.0,28710.0,1.0169491525423728,2138290.0,1475.0,39723245.0,414640.0,29800.0,0.0,36990550.0,5257300.0,42277650.0
2019-12-12,1480.0,1500.0,1465.0,1480.0,12659.0,-0.6711409395973155,3343030.0,0.0,14793360.0,546840.0,4810430.0,0.0,12710810.0,1161990.0,18683230.0
2019-12-13,1480.0,1505.0,1475.0,1485.0,31075.0,0.33783783783783783,750905.0,0.0,44043390.0,1472830.0,929285.0,0.0,45133695.0,204145.0,46267125.0
2019-12-16,1485.0,1525.0,1475.0,1520.0,74505.0,2.356902356902357,5319530.0,0.0,104035135.0,2115210.0,192805.0,0.0,107786245.0,3490825.0,111469875.0
2019-12-17,1515.0,1545.0,1500.0,1530.0,89165.0,0.6578947368421052,0.0,0.0,134762065.0,1092660.0,73415.0,0.0,132186280.0,3595030.0,135854725.0
2019-12-18,1520.0,1540.0,1490.0,1510.0,59908.0,-1.3071895424836601,125565.0,29800.0,83976220.0,6059685.0,85925.0,0.0,88909670.0,1195675.0,90191270.0
2019-12-19,1510.0,1510.0,1470.0,1495.0,46035.0,-0.9933774834437087,0.0,22527000.0,45176145.0,805320.0,44850.0,0.0,68185190.0,278425.0,68508465.0
2019-12-20,1495.0,1750.0,1485.0,1485.0,5336825.0,-0.6688963210702341,5481820.0,5922175.0,8093442975.0,478544430.0,5578375.0,97777905.0,7902113615.0,577921505.0,8583391400.0
2019-12-23,1485.0,1510.0,1470.0,1490.0,361666.0,0.33670033670033667,264440.0,0.0,490406665.0,45496670.0,7450.0,0.0,524763770.0,11396555.0,536167775.0
2019-12-24,1485.0,1575.0,1455.0,1555.0,677399.0,4.3624161073825505,428831405.0,1004250.0,545358915.0,66080720.0,322890.0,148294645.0,855488920.0,37168835.0,1041275290.0
2019-12-26,1535.0,1585.0,1515.0,1555.0,253952.0,0.0,4141780.0,0.0,353709815.0,34974250.0,4166340.0,335720.0,385732825.0,2590960.0,392825845.0
2019-12-27,1540.0,1550.0,1475.0,1495.0,186207.0,-3.858520900321544,1003490.0,327405.0,261865200.0,14552660.0,406770.0,0.0,272892750.0,4449235.0,277748755.0
2019-12-30,1485.0,1500.0,1445.0,1495.0,150124.0,0.0,70165.0,22203545.0,193863095.0,4638480.0,77385.0,0.0,220111455.0,586445.0,220775285.0
2020-01-02,1500.0,1515.0,1470.0,1505.0,98591.0,0.6688963210702341,41048820.0,0.0,105948990.0,2980.0,3295420.0,139590.0,139901070.0,3664710.0,147000790.0
2020-01-03,1510.0,1520.0,1475.0,1495.0,42342.0,-0.6644518272425249,116110.0,0.0,59051735.0,3904035.0,9854920.0,0.0,46217915.0,6999045.0,63071880.0
2020-01-06,1470.0,1480.0,1440.0,1440.0,92975.0,-3.678929765886288,210515.0,0.0,128315850.0,6036045.0,20300.0,0.0,134467155.0,74955.0,134562410.0
2020-01-07,1450.0,1470.0,1435.0,1465.0,52964.0,1.7361111111111112,0.0,0.0,76521630.0,103760.0,300945.0,0.0,76303935.0,20510.0,76625390.0
2020-01-08,1465.0,1465.0,1400.0,1405.0,126889.0,-4.09556313993174,6275515.0,0.0,170564165.0,3102095.0,6214275.0,0.0,170419475.0,3308025.0,179941775.0
2020-01-09,1415.0,1460.0,1415.0,1450.0,40118.0,3.202846975088968,50710.0,0.0,57686320.0,42600.0,160850.0,0.0,57579630.0,39150.0,57779630.0
2020-01-10,1465.0,1465.0,1440.0,1460.0,28171.0,0.6896551724137931,12807970.0,0.0,27798625.0,270880.0,1700160.0,0.0,39003195.0,174120.0,40877475.0
2020-01-13,1450.0,1490.0,1450.0,1485.0,39415.0,1.7123287671232876,11574080.0,0.0,45974040.0,187100.0,246515.0,0.0,56888610.0,600095.0,57735220.0
2020-01-14,1480.0,1500.0,1470.0,1470.0,23285.0,-1.0101010101010102,0.0,0.0,33894840.0,489260.0,79510.0,0.0,31696830.0,2607760.0,34384100.0
2020-01-15,1475.0,1490.0,1460.0,1470.0,27854.0,0.0,82535.0,0.0,40857135.0,1475.0,2502015.0,0.0,33106735.0,5332395.0,40941145.0
2020-01-16,1475.0,1490.0,1460.0,1470.0,33736.0,0.0,28042845.0,0.0,21449475.0,0.0,61730.0,0.0,47546550.0,1884040.0,49492320.0
2020-01-17,1465.0,1485.0,1450.0,1455.0,61197.0,-1.0204081632653061,38103005.0,0.0,50877910.0,694425.0,2511790.0,0.0,87032910.0,130640.0,89675340.0
2020-01-20,1455.0,1465.0,1445.0,1455.0,36547.0,0.0,31427060.0,0.0,20412540.0,1241235.0,1844605.0,0.0,51169300.0,66930.0,53080835.0
2020-01-21,1455.0,1465.0,1415.0,1415.0,65083.0,-2.7491408934707904,6883145.0,0.0,83230360.0,3291170.0,5399110.0,0.0,86699710.0,1305855.0,93404675.0
2020-01-22,1400.0,1510.0,1400.0,1430.0,204443.0,1.0600706713780919,7322550.0,8266310.0,254690445.0,25052290.0,8931910.0,0.0,250535495.0,35864190.0,295331595.0
2020-01-23,1425.0,1505.0,1420.0,1500.0,100615.0,4.895104895104895,193980.0,0.0,147931300.0,425705.0,509630.0,4388125.0,134300730.0,9352500.0,148550985.0
2020-01-28,1465.0,1480.0,1415.0,1480.0,81349.0,-1.3333333333333335,196075.0,0.0,115494405.0,1216670.0,95300.0,0.0,115584025.0,1227825.0,116907150.0
2020-01-29,1450.0,1505.0,1450.0,1485.0,47347.0,0.33783783783783783,36625.0,0.0,64529920.0,5524870.0,88570.0,0.0,66918475.0,3084370.0,70091415.0
2020-01-30,1480.0,1490.0,1425.0,1425.0,52467.0,-4.040404040404041,187330.0,1425000.0,71682790.0,3068380.0,249590.0,0.0,71924125.0,4189785.0,76363500.0
2020-01-31,1440.0,1550.0,1430.0,1455.0,290120.0,2.1052631578947367,5580340.0,0.0,410374430.0,9895405.0,5396840.0,0.0,373880320.0,46573015.0,425850175.0
2020-02-03,1465.0,1600.0,1430.0,1435.0,1220326.0,-1.3745704467353952,2404245.0,0.0,1807198955.0,50675980.0,48238345.0,340545.0,1686763700.0,124936590.0,1860279180.0
2020-02-04,1490.0,1490.0,1415.0,1430.0,133249.0,-0.34843205574912894,4815695.0,10137240.0,167866830.0,7999765.0,4826820.0,0.0,179606035.0,6386675.0,190819530.0
2020-02-05,1430.0,1495.0,1410.0,1420.0,113194.0,-0.6993006993006993,2149260.0,7090000.0,146852570.0,5429470.0,16128540.0,0.0,144250880.0,1141880.0,161521300.0
2020-02-06,1435.0,1475.0,1435.0,1465.0,108889.0,3.169014084507042,11720.0,0.0,155660560.0,2258840.0,20309110.0,14400.0,136585390.0,1022220.0,157931120.0
2020-02-07,1450.0,1465.0,1445.0,1445.0,46481.0,-1.3651877133105803,4335.0,0.0,61504355.0,5875645.0,20104560.0,0.0,47173285.0,106490.0,67384335.0
2020-02-10,1445.0,1485.0,1425.0,1465.0,44195.0,1.384083044982699,54205.0,0.0,61434880.0,2888460.0,1465.0,332880.0,62375985.0,1667215.0,64377545.0
2020-02-11,1465.0,1495.0,1440.0,1465.0,57169.0,0.0,10255.0,327810.0,81356955.0,1845170.0,137880.0,0.0,78687050.0,4715260.0,83540190.0
2020-02-12,1470.0,1480.0,1450.0,1470.0,45269.0,0.3412969283276451,0.0,0.0,66285850.0,92550.0,964625.0,0.0,65224145.0,189630.0,66378400.0
2020-02-13,1470.0,1485.0,1455.0,1475.0,41195.0,0.3401360544217687,0.0,0.0,60721965.0,0.0,118000.0,0.0,59664075.0,939890.0,60721965.0
2020-02-14,1455.0,1490.0,1455.0,1485.0,62505.0,0.6779661016949152,0.0,0.0,84131470.0,8363840.0,69795.0,0.0,91676660.0,748855.0,92495310.0
2020-02-17,1485.0,1495.0,1465.0,1480.0,47468.0,-0.33670033670033667,44400.0,0.0,61125880.0,9331795.0,39960.0,0.0,69176595.0,1285520.0,70502075.0
2020-02-18,1480.0,1505.0,1450.0,1490.0,90240.0,0.6756756756756757,2049640.0,0.0,125607410.0,5622980.0,2020925.0,0.0,127567270.0,3691835.0,133280030.0
2020-02-19,1490.0,1510.0,1440.0,1480.0,120225.0,-0.6711409395973155,350765.0,0.0,171488480.0,6647540.0,183520.0,0.0,170371460.0,7931805.0,178486785.0
2020-02-20,1505.0,1535.0,1445.0,1470.0,541056.0,-0.6756756756756757,8782255.0,4899825.0,753129080.0,45316400.0,16618770.0,0.0,727374705.0,68134085.0,812127560.0
2020-02-21,1470.0,1495.0,1450.0,1470.0,94865.0,0.0,2079235.0,0.0,133450480.0,3593950.0,2003590.0,4745505.0,128018050.0,4356520.0,139123665.0
2020-02-24,1485.0,1515.0,1370.0,1380.0,408053.0,-6.122448979591836,5794630.0,20705735.0,534031480.0,24563310.0,5517845.0,7001680.0,540854060.0,31721570.0,585095155.0
2020-02-25,1355.0,1410.0,1295.0,1335.0,536503.0,-3.260869565217391,12309475.0,105276935.0,518175115.0,74881390.0,12233610.0,0.0,689266940.0,9142365.0,710642915.0
2020-02-26,1285.0,1350.0,1285.0,1330.0,95082.0,-0.37453183520599254,49370.0,24484070.0,96032155.0,4850815.0,2660.0,0.0,122278215.0,3135535.0,125416410.0
2020-02-27,1320.0,1335.0,1265.0,1280.0,240437.0,-3.7593984962406015,2144740.0,85880125.0,216402995.0,8036620.0,2546305.0,0.0,308355830.0,1562345.0,312464480.0
2020-02-28,1260.0,1260.0,1180.0,1235.0,115878.0,-3.515625,94150.0,9895000.0,129379025.0,4475045.0,2460.0,301340.0,139726430.0,3812990.0,143843220.0
2020-03-02,1235.0,1270.0,1210.0,1270.0,105425.0,2.834008097165992,173905.0,13215310.0,109017490.0,8835305.0,0.0,0.0,120330810.0,10911200.0,131242010.0
2020-03-03,1290.0,1330.0,1260.0,1285.0,82075.0,1.1811023622047243,93550.0,8161650.0,91996695.0,5971500.0,17101835.0,0.0,86324170.0,2797390.0,106223395.0
2020-03-04,1280.0,1305.0,1275.0,1290.0,83257.0,0.38910505836575876,70635.0,8363760.0,95062065.0,3645070.0,26775.0,0.0,103538635.0,3576120.0,107141530.0
2020-03-05,1315.0,1330.0,1290.0,1315.0,88349.0,1.937984496124031,27605.0,6238350.0,106500115.0,3275545.0,365345.0,0.0,108133180.0,7543090.0,116041615.0
2020-03-06,1315.0,1315.0,1260.0,1285.0,97616.0,-2.2813688212927756,3091955.0,7017500.0,112867080.0,1893680.0,3244220.0,19100490.0,101632605.0,892900.0,124870215.0
2020-03-09,1265.0,1290.0,1210.0,1230.0,120987.0,-4.280155642023346,6147035.0,4701000.0,133186390.0,6033640.0,9364315.0,0.0,130148750.0,10555000.0,150068065.0
2020-03-10,1210.0,1235.0,1195.0,1230.0,121268.0,0.0,1135345.0,41775000.0,102241540.0,1620205.0,2232895.0,0.0,130337745.0,14201450.0,146772090.0
2020-03-11,1230.0,1230.0,1150.0,1165.0,161803.0,-5.284552845528456,43235.0,15021000.0,173391255.0,2549915.0,1835055.0,0.0,182748685.0,6421665.0,191005405.0
2020-03-12,1125.0,1150.0,1065.0,1120.0,314330.0,-3.862660944206009,260040.0,6749750.0,326207250.0,12768065.0,6690650.0,0.0,293594255.0,45700200.0,345985105.0
2020-03-13,1050.0,1050.0,938.0,1010.0,356446.0,-9.821428571428571,340702.0,2180302.0,304472818.0,43628561.0,0.0,58294754.0,256428748.0,35898881.0,350622383.0
2020-03-16,1015.0,1050.0,950.0,960.0,458837.0,-4.9504950495049505,2122471.0,8830000.0,410888075.0,30209628.0,3827974.0,88443359.0,291421928.0,68356913.0,452050174.0
2020-03-17,825.0,929.0,825.0,876.0,255189.0,-8.75,899.0,1261030.0,205874303.0,18150848.0,22404527.0,26907425.0,163925059.0,12050069.0,225287080.0
2020-03-18,890.0,919.0,862.0,863.0,116426.0,-1.4840182648401825,25463.0,2689000.0,89242565.0,11421697.0,9077036.0,0.0,77692398.0,16609291.0,103378725.0
2020-03-19,863.0,875.0,765.0,776.0,324510.0,-10.081112398609502,53196.0,10691198.0,227723225.0,21282940.0,0.0,14807588.0,212327013.0,32615958.0,259750559.0
2020-03-20,755.0,799.0,750.0,775.0,402469.0,-0.12886597938144329,3878474.0,9816155.0,281386037.0,14875621.0,153409329.0,9312.0,134192204.0,22345442.0,309956287.0
2020-03-23,766.0,766.0,718.0,722.0,201501.0,-6.838709677419355,16607.0,4368000.0,126017661.0,17442239.0,15345586.0,1949400.0,115856327.0,14693194.0,147844507.0
2020-03-24,723.0,756.0,723.0,751.0,132667.0,4.016620498614958,48464.0,0.0,96452234.0,2201371.0,41722836.0,0.0,53927750.0,3051483.0,98702069.0
2020-03-25,789.0,829.0,770.0,829.0,248848.0,10.386151797603196,8909.0,0.0,183690235.0,14882172.0,531606.0,0.0,191750759.0,6298951.0,198581316.0
2020-03-26,841.0,959.0,829.0,943.0,357530.0,13.751507840772014,3772.0,0.0,288278271.0,37320182.0,230914.0,0.0,297962395.0,27408916.0,325602225.0
2020-03-27,998.0,1040.0,942.0,949.0,250835.0,0.6362672322375398,1025426.0,0.0,220110144.0,23297236.0,977453.0,0.0,198193554.0,45261799.0,244432806.0
2020-03-30,949.0,968.0,926.0,953.0,56566.0,0.42149631190727077,30517.0,0.0,44440639.0,8816504.0,15197353.0,0.0,31227243.0,6863064.0,53287660.0
2020-03-31,954.0,1005.0,954.0,990.0,137327.0,3.882476390346275,90995.0,0.0,119360557.0,14925617.0,0.0,0.0,123104633.0,11272536.0,134377169.0
2020-04-01,994.0,1105.0,990.0,1005.0,449821.0,1.5151515151515151,37185.0,0.0,426728535.0,44452943.0,5195.0,5500000.0,385233848.0,80479620.0,471218663.0
2020-04-02,1005.0,1025.0,988.0,1025.0,105886.0,1.9900497512437811,108860.0,7865200.0,91233369.0,6903697.0,70665.0,0.0,88603709.0,17436752.0,106111126.0
2020-04-03,1035.0,1190.0,1035.0,1110.0,603616.0,8.292682926829269,25530.0,5761785.0,631101830.0,32869620.0,25440530.0,14110610.0,600600285.0,29607340.0,669758765.0
2020-04-06,1125.0,1170.0,1090.0,1170.0,254139.0,5.405405405405405,30420.0,0.0,253848375.0,32480490.0,0.0,0.0,274672165.0,11687120.0,286359285.0
2020-04-07,1190.0,1215.0,1130.0,1150.0,284128.0,-1.7094017094017095,95475.0,0.0,303726200.0,24491890.0,0.0,0.0,301751820.0,26561745.0,328313565.0
2020-04-08,1145.0,1200.0,1125.0,1170.0,216982.0,1.7391304347826086,15225.0,0.0,226884465.0,27371200.0,0.0,0.0,252824270.0,1446620.0,254270890.0
2020-04-09,1170.0,1190.0,1120.0,1140.0,222385.0,-2.564102564102564,345675.0,0.0,248717960.0,7562965.0,26910.0,0.0,254785630.0,1814060.0,256626600.0
2020-04-10,1150.0,1475.0,1135.0,1255.0,2900621.0,10.087719298245613,2096865.0,15682500.0,3641483535.0,133941720.0,2130640.0,9340500.0,3585600205.0,196133275.0,3793204620.0
2020-04-13,1250.0,1250.0,1180.0,1210.0,424135.0,-3.5856573705179287,41070.0,0.0,463448260.0,48416025.0,1210.0,0.0,490373700.0,21530445.0,511905355.0
2020-04-14,1200.0,1235.0,1180.0,1210.0,223532.0,0.0,2836365.0,0.0,177438885.0,88701730.0,6673995.0,0.0,260588920.0,1714065.0,268976980.0
2020-04-16,1190.0,1225.0,1180.0,1220.0,155856.0,0.8264462809917356,7320.0,44782360.0,138325640.0,3863320.0,64425.0,0.0,177104100.0,9810115.0,186978640.0
2020-04-17,1270.0,1300.0,1220.0,1270.0,348717.0,4.098360655737705,5080.0,268816345.0,164301020.0,8755115.0,255680.0,0.0,399147720.0,42474160.0,441877560.0
2020-04-20,1270.0,1305.0,1260.0,1300.0,158262.0,2.3622047244094486,38990.0,39617035.0,163086440.0,1248145.0,2842370.0,0.0,180109610.0,21038630.0,203990610.0
2020-04-21,1285.0,1310.0,1200.0,1265.0,203738.0,-2.6923076923076925,5060.0,16904250.0,218583795.0,20709745.0,3795.0,3900000.0,229598480.0,22700575.0,256202850.0
2020-04-22,1250.0,1270.0,1215.0,1270.0,174975.0,0.3952569169960474,1270.0,66779985.0,142785890.0,8284105.0,68043515.0,0.0,142701940.0,7105795.0,217851250.0
2020-04-23,1270.0,1370.0,1260.0,1295.0,279428.0,1.968503937007874,3885.0,147933755.0,215632455.0,2114705.0,37377175.0,0.0,314965650.0,13341975.0,365684800.0
2020-04-24,1280.0,1340.0,1280.0,1320.0,207937.0,1.9305019305019304,6600.0,158716125.0,104619040.0,9228430.0,17495470.0,2560000.0,213286375.0,39228350.0,272570195.0
2020-04-27,1320.0,1390.0,1320.0,1345.0,162138.0,1.893939393939394,5380.0,39267820.0,156855345.0,23446910.0,1345.0,135750.0,215896860.0,3541500.0,219575455.0
2020-04-28,1370.0,1390.0,1335.0,1360.0,132221.0,1.1152416356877324,210565.0,44953495.0,134294305.0,241195.0,151420.0,0.0,170037555.0,9510585.0,179699560.0
2020-04-29,1360.0,1380.0,1350.0,1365.0,187313.0,0.3676470588235294,4078620.0,68150000.0,178044845.0,4798560.0,128270.0,68500.0,253069040.0,1806215.0,255072025.0
2020-05-04,1345.0,1380.0,1340.0,1370.0,136122.0,0.3663003663003663,289070.0,0.0,164223000.0,21331985.0,20270.0,0.0,182142735.0,3681050.0,185844055.0
2020-05-06,1370.0,1435.0,1350.0,1365.0,102298.0,-0.36496350364963503,337705.0,2726500.0,136794790.0,479530.0,0.0,69000.0,137762005.0,2507520.0,140338525.0
2020-05-07,1365.0,1410.0,1350.0,1400.0,297570.0,2.564102564102564,71275.0,0.0,409010690.0,4102445.0,0.0,0.0,393440615.0,19743795.0,413184410.0
2020-05-08,1400.0,1430.0,1390.0,1410.0,132864.0,0.7142857142857143,46515.0,0.0,186234645.0,155930.0,493155.0,0.0,172017635.0,13926300.0,186437090.0
2020-05-11,1410.0,1430.0,1400.0,1410.0,138662.0,0.0,105675.0,0.0,191530025.0,4185155.0,84795.0,0.0,187939630.0,7796430.0,195820855.0
2020-05-12,1410.0,1415.0,1375.0,1405.0,135102.0,-0.3546099290780142,7919410.0,35327040.0,131016260.0,14169870.0,0.0,4245000.0,167225730.0,16961850.0,188432580.0
2020-05-13,1365.0,1390.0,1355.0,1385.0,54281.0,-1.4234875444839856,7745005.0,0.0,65284715.0,1739175.0,0.0,0.0,72295935.0,2472960.0,74768895.0
2020-05-14,1385.0,1385.0,1350.0,1380.0,92787.0,-0.36101083032490977,7789645.0,0.0,117846545.0,1278805.0,0.0,0.0,124302325.0,2612670.0,126914995.0
2020-05-15,1390.0,1400.0,1315.0,1400.0,86697.0,1.4492753623188406,13906155.0,0.0,104751415.0,823860.0,72660.0,0.0,113834025.0,5574745.0,119481430.0
2020-05-18,1390.0,1440.0,1390.0,1430.0,74318.0,2.142857142857143,6267920.0,0.0,91120015.0,7682570.0,31395.0,0.0,102796400.0,2242710.0,105070505.0
2020-05-19,1440.0,1450.0,1410.0,1425.0,115762.0,-0.34965034965034963,0.0,0.0,153698790.0,10996705.0,22805.0,0.0,157602170.0,7070520.0,164695495.0
2020-05-20,1425.0,1425.0,1400.0,1420.0,56306.0,-0.3508771929824561,1062060.0,0.0,74931220.0,3265220.0,31200.0,0.0,78244655.0,982645.0,79258500.0
2020-05-21,1410.0,1415.0,1380.0,1390.0,120753.0,-2.112676056338028,7000.0,0.0,168456875.0,6975.0,31970.0,0.0,159872205.0,8566675.0,168470850.0
2020-05-22,1390.0,1400.0,1340.0,1390.0,180565.0,0.0,0.0,0.0,227495485.0,20457115.0,519020.0,0.0,228744125.0,18689455.0,247952600.0
2020-05-25,1390.0,1400.0,1375.0,1390.0,56152.0,0.0,12510.0,3753000.0,73849730.0,298850.0,9725.0,0.0,74750565.0,3153800.0,77914090.0
2020-05-26,1400.0,1420.0,1390.0,1410.0,42770.0,1.4388489208633095,4230.0,9506685.0,46638555.0,3862205.0,121935.0,0.0,58414620.0,1475120.0,60011675.0
2020-05-27,1410.0,1445.0,1385.0,1405.0,104396.0,-0.3546099290780142,0.0,2506500.0,136465085.0,7162575.0,40710.0,0.0,140729905.0,5363545.0,146134160.0
2020-05-28,1410.0,1410.0,1355.0,1375.0,68480.0,-2.135231316725979,5500.0,0.0,91230470.0,2695000.0,169160.0,0.0,88330495.0,5431315.0,93930970.0
2020-05-29,1370.0,1370.0,1345.0,1370.0,98177.0,-0.36363636363636365,8205.0,0.0,123989160.0,9201355.0,93160.0,0.0,132184735.0,920825.0,133198720.0
2020-06-01,1365.0,1410.0,1355.0,1405.0,96617.0,2.5547445255474455,135205.0,27870420.0,103137050.0,3297025.0,2433405.0,0.0,130276890.0,1729405.0,134439700.0
2020-06-02,1410.0,1415.0,1385.0,1410.0,52399.0,0.3558718861209964,53580.0,6156000.0,67101135.0,0.0,333435.0,0.0,59637105.0,13340175.0,73310715.0
2020-06-03,1395.0,1410.0,1375.0,1390.0,68226.0,-1.4184397163120568,0.0,7479000.0,83472705.0,3745575.0,5327680.0,0.0,86776865.0,2592735.0,94697280.0
2020-06-04,1390.0,1395.0,1360.0,1380.0,66738.0,-0.7194244604316548,0.0,3151000.0,88121330.0,691115.0,503700.0,0.0,84795850.0,6663895.0,91963445.0
2020-06-05,1370.0,1390.0,1355.0,1365.0,64818.0,-1.0869565217391304,10950.0,4494000.0,82436595.0,1626190.0,359430.0,0.0,73426140.0,14782165.0,88567735.0
2020-06-08,1365.0,1385.0,1360.0,1375.0,81314.0,0.7326007326007326,26170.0,8640720.0,101685495.0,1150875.0,5070625.0,0.0,93380485.0,13052150.0,111503260.0
2020-06-09,1380.0,1390.0,1360.0,1370.0,53938.0,-0.36363636363636365,8220.0,7416500.0,66443590.0,0.0,280850.0,0.0,72947280.0,640180.0,73868310.0
2020-06-10,1365.0,1370.0,1350.0,1350.0,48889.0,-1.4598540145985401,3375005.0,0.0,61865445.0,1047200.0,8674880.0,0.0,57442040.0,170730.0,66287650.0
2020-06-11,1350.0,1360.0,1320.0,1335.0,52059.0,-1.1111111111111112,0.0,4660000.0,61275455.0,3698035.0,168210.0,0.0,68713770.0,751510.0,69633490.0
2020-06-12,1290.0,1315.0,1260.0,1295.0,100229.0,-2.9962546816479403,1295.0,2025145.0,121178355.0,6264350.0,3286845.0,0.0,121985610.0,4196690.0,129469145.0
2020-06-15,1295.0,1300.0,1215.0,1230.0,104188.0,-5.019305019305019,1001220.0,25031050.0,88075815.0,16067305.0,1040145.0,0.0,114414950.0,14720295.0,130175390.0
2020-06-16,1230.0,1285.0,1230.0,1270.0,60569.0,3.2520325203252036,0.0,12118000.0,61959000.0,1569405.0,305940.0,0.0,72627005.0,2713460.0,75646405.0
2020-06-17,1270.0,1305.0,1235.0,1260.0,41900.0,-0.7874015748031495,361790.0,3380665.0,48569200.0,458480.0,7269790.0,0.0,38684335.0,6816010.0,52770135.0
2020-06-18,1270.0,1285.0,1250.0,1285.0,20580.0,1.984126984126984,0.0,494470.0,25539585.0,30240.0,29555.0,0.0,24536380.0,1498360.0,26064295.0
2020-06-19,1285.0,1300.0,1270.0,1300.0,36411.0,1.1673151750972763,2600.0,15360.0,42974770.0,3658540.0,52790.0,0.0,45362025.0,1236455.0,46651270.0
2020-06-22,1300.0,1300.0,1280.0,1290.0,18554.0,-0.7692307692307693,0.0,0.0,23831200.0,0.0,6786480.0,0.0,16955020.0,89700.0,23831200.0
2020-06-23,1305.0,1305.0,1260.0,1280.0,19903.0,-0.7751937984496124,0.0,1143000.0,22820955.0,1342940.0,14080.0,0.0,23028445.0,2264370.0,25306895.0
2020-06-24,1270.0,1290.0,1250.0,1265.0,70815.0,-1.171875,5060.0,3640500.0,84432565.0,886730.0,4608655.0,15120.0,82469980.0,1871100.0,88964855.0
2020-06-25,1260.0,1275.0,1230.0,1275.0,26040.0,0.7905138339920948,82875.0,0.0,28511860.0,3653960.0,3825.0,0.0,32190530.0,54340.0,32248695.0
2020-06-26,1275.0,1280.0,1250.0,1260.0,30891.0,-1.1764705882352942,1260.0,0.0,38747040.0,518760.0,19075.0,0.0,37868130.0,1379855.0,39267060.0
2020-06-29,1260.0,1260.0,1225.0,1235.0,15927.0,-1.984126984126984,0.0,0.0,18778465.0,879660.0,1235.0,0.0,19118305.0,538585.0,19658125.0
2020-06-30,1235.0,1270.0,1235.0,1240.0,38192.0,0.4048582995951417,86800.0,0.0,44322820.0,3096045.0,135200.0,0.0,46622695.0,747770.0,47505665.0
2020-07-01,1240.0,1245.0,1215.0,1235.0,25541.0,-0.4032258064516129,12350.0,5019250.0,25357375.0,990915.0,0.0,0.0,31082230.0,297660.0,31379890.0
2020-07-02,1240.0,1245.0,1225.0,1245.0,12128.0,0.8097165991902834,41010.0,1493000.0,13419730.0,57575.0,3690.0,0.0,14956785.0,50840.0,15011315.0
2020-07-03,1255.0,1270.0,1225.0,1250.0,35776.0,0.4016064257028112,157540.0,2214425.0,42094020.0,24035.0,0.0,0.0,43177500.0,1312520.0,44490020.0
2020-07-06,1250.0,1260.0,1240.0,1255.0,21354.0,0.4,1255.0,2128000.0,24246200.0,291250.0,169285.0,0.0,26497420.0,0.0,26666705.0
2020-07-07,1265.0,1275.0,1260.0,1270.0,10447.0,1.1952191235059761,0.0,0.0,13246145.0,0.0,34050.0,0.0,11649805.0,1562290.0,13246145.0
2020-07-08,1270.0,1280.0,1245.0,1250.0,20378.0,-1.574803149606299,0.0,0.0,24323165.0,1380650.0,1429725.0,0.0,21887715.0,2386375.0,25703815.0
2020-07-09,1260.0,1275.0,1245.0,1265.0,26238.0,1.2,0.0,0.0,31235595.0,1843845.0,17710.0,0.0,33061730.0,0.0,33079440.0
2020-07-10,1280.0,1300.0,1260.0,1290.0,32553.0,1.9762845849802373,15480.0,3020435.0,36139420.0,2663700.0,0.0,0.0,37334130.0,4504905.0,41839035.0
2020-07-13,1285.0,1320.0,1275.0,1300.0,61549.0,0.7751937984496124,41600.0,462825.0,74910455.0,3988200.0,0.0,285600.0,78300025.0,817455.0,79403080.0
2020-07-14,1290.0,1555.0,1275.0,1315.0,1302020.0,1.153846153846154,3945.0,2315565.0,1790145340.0,46043980.0,47580.0,0.0,1797513405.0,40947845.0,1838508830.0
2020-07-15,1340.0,1435.0,1310.0,1340.0,588943.0,1.9011406844106464,0.0,6975000.0,779776275.0,18283630.0,538230.0,6625000.0,776517040.0,21354635.0,805034905.0
2020-07-16,1330.0,1410.0,1320.0,1370.0,169423.0,2.2388059701492535,0.0,0.0,226157355.0,6046150.0,133290.0,0.0,225123170.0,6947045.0,232203505.0
2020-07-17,1385.0,1420.0,1370.0,1380.0,234171.0,0.7299270072992701,0.0,0.0,321065320.0,5007935.0,580845.0,0.0,322472610.0,3019800.0,326073255.0
2020-07-20,1375.0,1540.0,1370.0,1475.0,693137.0,6.884057971014493,0.0,0.0,988447695.0,29480605.0,157825.0,30593860.0,948287935.0,38888680.0,1017928300.0
2020-07-21,1480.0,1680.0,1425.0,1590.0,1361400.0,7.796610169491526,0.0,0.0,2031678780.0,101710520.0,227820.0,37709960.0,2017083450.0,78368070.0,2133389300.0
2020-07-22,1590.0,1690.0,1515.0,1645.0,880622.0,3.459119496855346,0.0,79038230.0,1248297035.0,74059090.0,59220.0,121651780.0,1141418995.0,138264360.0,1401394355.0
2020-07-23,1670.0,2095.0,1660.0,1895.0,7884033.0,15.19756838905775,6631150.0,15903580.0,14381531055.0,915966540.0,1586250.0,134474935.0,14334331100.0,849640040.0,15320032325.0
2020-07-24,1905.0,1935.0,1720.0,1755.0,1502140.0,-7.387862796833773,1033260.0,5340000.0,2470277920.0,219414780.0,6569025.0,87436830.0,2366940350.0,235119755.0,2696065960.0
2020-07-27,1745.0,1745.0,1605.0,1610.0,909064.0,-8.262108262108262,0.0,0.0,1408216875.0,105976090.0,54740.0,217550340.0,1177519930.0,119067955.0,1514192965.0
2020-07-28,1615.0,1760.0,1490.0,1630.0,1262829.0,1.2422360248447204,0.0,0.0,1873284905.0,170326585.0,1835870.0,157816765.0,1766711760.0,117247095.0,2043611490.0
2020-07-29,1595.0,1990.0,1555.0,1685.0,2912249.0,3.374233128834356,0.0,0.0,4757390405.0,350184625.0,23590.0,150835000.0,4598150200.0,358566240.0,5107575030.0
2020-07-30,1685.0,2085.0,1590.0,1815.0,4605019.0,7.71513353115727,1014250.0,4679590.0,7988877415.0,599709220.0,1203735.0,34925210.0,7946226290.0,611925240.0,8594280475.0
2020-07-31,1835.0,1855.0,1750.0,1755.0,1006722.0,-3.3057851239669422,15795.0,0.0,1654249875.0,166928040.0,0.0,251114715.0,1411894045.0,158184950.0,1821193710.0
2020-08-03,1770.0,1770.0,1675.0,1700.0,568045.0,-3.133903133903134,56100.0,502740.0,844051105.0,123557145.0,150410.0,237558235.0,657325430.0,73133015.0,968167090.0
2020-08-04,1685.0,1690.0,1575.0,1630.0,449360.0,-4.117647058823529,1000135.0,480520.0,674431460.0,55785645.0,1421305.0,83638480.0,615866785.0,30771190.0,731697760.0
2020-08-05,1615.0,1715.0,1595.0,1660.0,591211.0,1.8404907975460123,1000400.0,299870200.0,602758955.0,66110620.0,1283430.0,0.0,916522460.0,51934285.0,969740175.0
2020-08-06,1675.0,1675.0,1595.0,1595.0,567949.0,-3.91566265060241,0.0,300067150.0,603950905.0,24651815.0,110595.0,0.0,893333730.0,35225545.0,928669870.0
2020-08-07,1615.0,1615.0,1495.0,1520.0,523242.0,-4.702194357366771,0.0,999900.0,691149160.0,109815355.0,117040.0,0.0,751209720.0,50637655.0,801964415.0
2020-08-10,1520.0,1520.0,1430.0,1470.0,713398.0,-3.289473684210526,1000100.0,10386000.0,892588365.0,140181545.0,1116685.0,0.0,963636535.0,79402790.0,1044156010.0
2020-08-11,1470.0,1550.0,1450.0,1520.0,612222.0,3.4013605442176873,0.0,4440000.0,821995475.0,88167385.0,125215.0,39690.0,864356600.0,50081355.0,914602860.0
2020-08-12,1525.0,1705.0,1465.0,1625.0,1396375.0,6.907894736842106,17875.0,542755.0,2025681390.0,230541785.0,136500.0,6932620.0,1822511535.0,427203150.0,2256783805.0
2020-08-13,1625.0,1670.0,1540.0,1670.0,539928.0,2.769230769230769,0.0,0.0,829705560.0,54075210.0,780955.0,0.0,814676480.0,68323335.0,883780770.0
2020-08-14,1700.0,1700.0,1585.0,1610.0,436580.0,-3.592814371257485,0.0,0.0,666291230.0,43173445.0,138460.0,551780.0,661818570.0,46955865.0,709464675.0
2020-08-18,1600.0,1605.0,1475.0,1475.0,388220.0,-8.385093167701864,1008620.0,13567500.0,483977720.0,99587795.0,1109115.0,0.0,553405580.0,43626940.0,598141635.0
2020-08-19,1505.0,1550.0,1430.0,1500.0,706023.0,1.694915254237288,1747075.0,8845000.0,879317740.0,147377205.0,133500.0,34482085.0,933601445.0,69069990.0,1037287020.0
2020-08-20,1475.0,1505.0,1355.0,1360.0,508377.0,-9.333333333333334,1000545.0,2524500.0,647087785.0,64756905.0,1061445.0,0.0,657149615.0,57158675.0,715369735.0
2020-08-21,1375.0,1400.0,1280.0,1330.0,687389.0,-2.2058823529411766,63090.0,0.0,776958900.0,125985965.0,39900.0,0.0,807568185.0,95399870.0,903007955.0
2020-08-24,1340.0,1345.0,1265.0,1340.0,236088.0,0.7518796992481203,0.0,0.0,269544225.0,38804295.0,53600.0,0.0,281181625.0,27113295.0,308348520.0
2020-08-25,1400.0,1400.0,1350.0,1395.0,169742.0,4.104477611940299,0.0,0.0,222193635.0,10024960.0,53010.0,0.0,225157825.0,7007760.0,232218595.0
2020-08-26,1395.0,1405.0,1345.0,1365.0,172975.0,-2.1505376344086025,39585.0,0.0,220788500.0,15843540.0,54600.0,0.0,219044885.0,17572140.0,236671625.0
2020-08-27,1375.0,1380.0,1300.0,1340.0,177978.0,-1.8315018315018317,428720.0,2084000.0,216404435.0,19202570.0,28140.0,0.0,212852795.0,25238790.0,238119725.0
2020-08-28,1330.0,1700.0,1315.0,1510.0,3903145.0,12.686567164179104,4278205.0,4214455.0,5655380280.0,330001900.0,31710.0,45382930.0,5333794755.0,614665445.0,5993874840.0
2020-08-31,1455.0,1500.0,1430.0,1430.0,861631.0,-5.298013245033113,0.0,0.0,1086379900.0,165158620.0,76635.0,0.0,1177404820.0,74057065.0,1251538520.0
2020-09-01,1450.0,1455.0,1400.0,1450.0,358336.0,1.3986013986013985,0.0,1282500.0,458480980.0,52682670.0,42050.0,0.0,483450045.0,28954055.0,512446150.0
2020-09-02,1460.0,1615.0,1435.0,1460.0,2703685.0,0.6896551724137931,0.0,25192615.0,3720753020.0,371703675.0,133580.0,6975100.0,3692951785.0,417588845.0,4117649310.0
2020-09-03,1475.0,1490.0,1430.0,1445.0,465277.0,-1.0273972602739725,0.0,6379000.0,625160530.0,45967750.0,141895.0,14231915.0,627646820.0,35486650.0,677507280.0
2020-09-04,1400.0,1490.0,1380.0,1465.0,529183.0,1.384083044982699,257965.0,23225315.0,654406970.0,86822520.0,33695.0,0.0,692669610.0,72009465.0,764712770.0
2020-09-07,1460.0,1505.0,1425.0,1485.0,388931.0,1.3651877133105803,0.0,41836500.0,451234730.0,80524920.0,131670.0,14682120.0,526682695.0,32099665.0,573596150.0
2020-09-08,1490.0,1510.0,1470.0,1485.0,300065.0,0.0,560875.0,62589665.0,346223875.0,36836340.0,820310.0,0.0,365152575.0,80237870.0,446210755.0
2020-09-09,1455.0,1530.0,1455.0,1495.0,339559.0,0.6734006734006733,0.0,39123965.0,395745945.0,72978830.0,588615.0,291525.0,467462515.0,39506085.0,507848740.0
2020-09-10,1495.0,1585.0,1470.0,1585.0,660453.0,6.0200668896321075,4366705.0,66493910.0,844907325.0,91068540.0,701825.0,29255985.0,897471110.0,79407560.0,1006836480.0
2020-09-11,1585.0,1620.0,1550.0,1560.0,221581.0,-1.5772870662460567,0.0,12999500.0,316237780.0,20540745.0,633305.0,0.0,303952430.0,45192290.0,349778025.0
2020-09-14,1560.0,1620.0,1545.0,1585.0,366704.0,1.6025641025641024,0.0,42043140.0,481674280.0,52239525.0,903070.0,0.0,547438575.0,27615300.0,575956945.0
2020-09-15,1585.0,1590.0,1540.0,1570.0,241867.0,-0.9463722397476341,0.0,65994175.0,283369220.0,29304730.0,1300250.0,29066350.0,305165490.0,43136035.0,378668125.0
2020-09-16,1565.0,1590.0,1545.0,1560.0,114749.0,-0.6369426751592357,12135510.0,10686500.0,141753035.0,14273750.0,672575.0,0.0,165892650.0,12283570.0,178848795.0
2020-09-17,1585.0,1585.0,1500.0,1520.0,222913.0,-2.564102564102564,3992310.0,20775900.0,270996255.0,47094620.0,63840.0,0.0,306037510.0,36757735.0,342859085.0
2020-09-18,1545.0,1595.0,1520.0,1575.0,546861.0,3.618421052631579,85050.0,29519670.0,754193755.0,70264780.0,14175.0,151680.0,787956615.0,65940785.0,854063255.0
2020-09-21,1560.0,1620.0,1545.0,1590.0,293936.0,0.9523809523809524,0.0,51705765.0,392993995.0,19084625.0,561365.0,0.0,402194150.0,61028870.0,463784385.0
2020-09-22,1595.0,1860.0,1575.0,1625.0,5967810.0,2.20125786163522,2000065.0,149737455.0,9643736930.0,459355080.0,6579055.0,209344280.0,9437455285.0,601450910.0,10254829530.0
2020-09-23,1620.0,2110.0,1570.0,2090.0,11671838.0,28.615384615384613,808703290.0,146249315.0,20329489280.0,1104695690.0,1996145.0,90458480.0,21151859390.0,1144823560.0,22389137575.0
2020-09-24,2045.0,2640.0,1945.0,2395.0,21369667.0,14.5933014354067,86665555.0,181493950.0,49264872435.0,1922277135.0,1748240.0,341881640.0,49149256985.0,1962422210.0,51455309075.0
2020-09-25,2325.0,2450.0,2120.0,2285.0,6154698.0,-4.592901878914405,653575610.0,169012030.0,12339737535.0,794234855.0,97004295.0,254553085.0,12857546230.0,747456420.0,13956560030.0
2020-09-28,2285.0,2600.0,2120.0,2170.0,7412397.0,-5.032822757111598,1008680.0,299560.0,16172910645.0,1067902960.0,1784090.0,55157235.0,16149595710.0,1035584810.0,17242121845.0
2020-09-29,2210.0,2600.0,2155.0,2370.0,17643743.0,9.216589861751153,46163345.0,224352270.0,40338759490.0,2472686820.0,1026400.0,306403900.0,40266369235.0,2508162390.0,43081961925.0
2020-10-05,2335.0,2345.0,2205.0,2315.0,2341250.0,-2.320675105485232,25465.0,48856360.0,4866755730.0,412217770.0,44003510.0,79350270.0,4830624645.0,373876900.0,5327855325.0
2020-10-06,2280.0,2555.0,2275.0,2410.0,5134315.0,4.103671706263499,2682535.0,12025000.0,11756435395.0,805195720.0,2201865.0,14782875.0,11614590405.0,944763505.0,12576338650.0
2020-10-07,2370.0,3120.0,2350.0,3055.0,28309031.0,26.763485477178424,777266285.0,292166880.0,75952891200.0,3728950185.0,6890740.0,163728960.0,76984931065.0,3595723785.0,80751274550.0
2020-10-08,2975.0,2985.0,2885.0,2925.0,1941961.0,-4.25531914893617,14775000.0,37569500.0,5657918540.0,192420.0,17285560.0,35640500.0,5654765715.0,2763685.0,5710455460.0
2020-10-12,2895.0,2955.0,2855.0,2935.0,925647.0,0.3418803418803419,3460075.0,41769445.0,2645340070.0,586935.0,170230.0,1604505.0,2689228225.0,153565.0,2691156525.0
2020-10-13,2915.0,2955.0,2880.0,2890.0,859843.0,-1.5332197614991483,0.0,0.0,2464329655.0,35834875.0,339290.0,13063075.0,2480938965.0,5823200.0,2500164530.0
2020-10-14,2830.0,2910.0,2645.0,2725.0,1873063.0,-5.709342560553633,3971350.0,31778080.0,4747928355.0,390831310.0,79829590.0,244768920.0,4306341395.0,543569190.0,5174509095.0
2020-10-15,2755.0,2915.0,2585.0,2625.0,3194922.0,-3.669724770642202,630000.0,4656000.0,8197686180.0,699065605.0,5588060.0,133420285.0,8088248680.0,674780760.0,8902037785.0
2020-10-16,2650.0,2680.0,2460.0,2515.0,757835.0,-4.190476190476191,1831870.0,1240000.0,1418208030.0,501236035.0,1956130.0,1255000.0,1765994305.0,153310500.0,1922515935.0
2020-10-19,2490.0,2575.0,2420.0,2470.0,501812.0,-1.7892644135188867,3021240.0,0.0,774655660.0,483711800.0,25215355.0,5805125.0,1122912320.0,107455900.0,1261388700.0
2020-10-20,2450.0,2550.0,2390.0,2440.0,577195.0,-1.214574898785425,1015760.0,0.0,962975540.0,443751345.0,2972310.0,0.0,1299056465.0,105713870.0,1407742645.0
2020-10-21,2470.0,2790.0,2465.0,2480.0,6650098.0,1.639344262295082,10380.0,85317070.0,16387416675.0,1171794595.0,54639785.0,61422545.0,15187664335.0,2340812055.0,17644538720.0
2020-10-22,2435.0,2530.0,2250.0,2295.0,1215136.0,-7.459677419354839,0.0,0.0,2377173810.0,503638375.0,402415.0,2325.0,2602735780.0,277671665.0,2880812185.0
2020-10-23,2360.0,2445.0,2240.0,2290.0,845918.0,-0.2178649237472767,1000500.0,0.0,1587734730.0,389319510.0,1231720.0,0.0,1760026355.0,216796665.0,1978054740.0
2020-10-26,2295.0,2410.0,2230.0,2255.0,473498.0,-1.5283842794759825,0.0,0.0,733427530.0,356274225.0,126766110.0,0.0,786007660.0,176927985.0,1089701755.0
2020-10-27,2260.0,2340.0,2220.0,2315.0,289304.0,2.6607538802660753,1012080.0,0.0,344342210.0,317967240.0,1061310.0,0.0,567636415.0,94623805.0,663321530.0
2020-10-28,2320.0,2455.0,2315.0,2415.0,373544.0,4.319654427645788,0.0,0.0,691788740.0,203535510.0,65155.0,0.0,739187180.0,156071915.0,895324250.0
2020-10-29,2400.0,2470.0,2345.0,2430.0,311425.0,0.6211180124223602,617870.0,0.0,584492765.0,167753030.0,262405.0,0.0,636124755.0,116476505.0,752863665.0
2020-10-30,2425.0,2510.0,2425.0,2430.0,290670.0,0.0,234310.0,134475.0,573423565.0,138083225.0,12150.0,0.0,532213100.0,179650325.0,711875575.0
2020-11-02,2425.0,2570.0,2410.0,2570.0,420207.0,5.761316872427984,150950.0,0.0,851684645.0,203038945.0,0.0,0.0,798696515.0,256178025.0,1054874540.0
2020-11-03,2590.0,2645.0,2500.0,2510.0,345284.0,-2.3346303501945527,62890.0,0.0,838796680.0,42459660.0,22590.0,0.0,672923310.0,208373330.0,881319230.0
2020-11-04,2510.0,2520.0,2390.0,2485.0,300016.0,-0.9960159362549801,32165.0,0.0,621284035.0,113547355.0,0.0,106621340.0,540675085.0,87567130.0,734863555.0
2020-11-05,2490.0,2560.0,2305.0,2330.0,1027152.0,-6.237424547283702,1001490.0,0.0,2195262310.0,252439740.0,970719470.0,0.0,1254302130.0,223681940.0,2448703540.0
2020-11-06,2360.0,2360.0,2295.0,2335.0,571544.0,0.2145922746781116,0.0,0.0,827455400.0,497464550.0,724205.0,0.0,1262433605.0,61762140.0,1324919950.0
2020-11-09,2335.0,2430.0,2320.0,2390.0,509958.0,2.355460385438972,15781425.0,0.0,685620240.0,508580945.0,1887630.0,0.0,1130744080.0,77350900.0,1209982610.0
2020-11-10,2390.0,2550.0,2320.0,2500.0,632414.0,4.602510460251046,4888690.0,2460.0,1175378260.0,386804680.0,1368280.0,0.0,1402305615.0,163400195.0,1567074090.0
2020-11-11,2500.0,2520.0,2420.0,2485.0,390187.0,-0.6,4960.0,0.0,693454225.0,269905270.0,231105.0,2480.0,870249050.0,92881820.0,963364455.0
2020-11-12,2485.0,2580.0,2470.0,2475.0,379572.0,-0.4024144869215292,655875.0,0.0,733209460.0,219452475.0,652340.0,0.0,864994435.0,87671035.0,953317810.0
2020-11-13,2505.0,2750.0,2455.0,2585.0,1684557.0,4.444444444444445,6145090.0,0.0,4057741735.0,254605025.0,1618145.0,0.0,3667865525.0,649008180.0,4318491850.0
2020-11-16,2580.0,2580.0,2465.0,2490.0,720983.0,-3.67504835589942,0.0,0.0,1713955110.0,86404955.0,398720.0,0.0,1446508570.0,353452775.0,1800360065.0
2020-11-17,2490.0,2490.0,2355.0,2385.0,523591.0,-4.216867469879518,2025905.0,0.0,1070900435.0,186957670.0,2093275.0,0.0,1167401970.0,90388765.0,1259884010.0
2020-11-18,2405.0,2660.0,2395.0,2475.0,2123166.0,3.7735849056603774,1030005.0,0.0,4834915930.0,566927710.0,3510185.0,0.0,4914118650.0,485244810.0,5402873645.0
2020-11-19,2485.0,2485.0,2390.0,2420.0,452137.0,-2.2222222222222223,1025995.0,0.0,981934585.0,107264020.0,1251140.0,0.0,847631675.0,241341785.0,1090224600.0
2020-11-20,2460.0,2540.0,2415.0,2500.0,598479.0,3.3057851239669422,0.0,11350140.0,1320728045.0,148137940.0,1003790.0,11505070.0,1394077460.0,73629805.0,1480216125.0
2020-11-23,2500.0,2665.0,2485.0,2545.0,1774369.0,1.7999999999999998,8162610.0,0.0,4243791140.0,315103925.0,6973935.0,0.0,3765893640.0,794190100.0,4567057675.0
2020-11-24,2560.0,2600.0,2460.0,2465.0,450701.0,-3.143418467583497,0.0,252545.0,1049684230.0,73752155.0,22607585.0,0.0,954870070.0,146211275.0,1123688930.0
2020-11-25,2465.0,2495.0,2295.0,2325.0,787853.0,-5.679513184584178,2006960.0,0.0,1632897075.0,238549595.0,469066900.0,0.0,1157647085.0,246739645.0,1873453630.0
2020-11-26,2330.0,2450.0,2300.0,2360.0,552921.0,1.5053763440860215,1000370.0,0.0,1175502685.0,123197015.0,14628345.0,0.0,1159854435.0,125217290.0,1299700070.0
2020-11-27,2475.0,3065.0,2415.0,3065.0,7548359.0,29.8728813559322,214550000.0,0.0,20814511785.0,443528505.0,237123725.0,21638900.0,20333632400.0,880195265.0,21472590290.0
2020-11-30,3230.0,3920.0,3175.0,3460.0,38758078.0,12.887438825448614,201628020.0,106925570.0,136308523350.0,4041958390.0,404328480.0,1522354725.0,133682774350.0,5049577775.0,140659035330.0
2020-12-01,3420.0,3480.0,3275.0,3460.0,5932190.0,0.0,4889570.0,59723755.0,18230522785.0,1730845590.0,194576100.0,16350095.0,18505622670.0,1309432835.0,20025981700.0
2020-12-02,3400.0,3445.0,3230.0,3250.0,2916889.0,-6.069364161849711,0.0,15388695.0,9269425000.0,423925215.0,5094190.0,119220420.0,8759245010.0,825179290.0,9708738910.0
2020-12-03,3125.0,3275.0,3090.0,3205.0,3176317.0,-1.3846153846153846,12820.0,323500.0,9261807515.0,837997190.0,237170.0,1570760.0,9499184900.0,599148195.0,10100141025.0
2020-12-04,3185.0,4165.0,3175.0,4165.0,63924405.0,29.95319812792512,338379945.0,468217200.0,240465648495.0,5538547200.0,14710160.0,394228125.0,240520898235.0,5880956320.0,246810792840.0
2020-12-07,4430.0,5090.0,4165.0,4165.0,56194778.0,0.0,0.0,160606440.0,256712724625.0,6037686975.0,883917070.0,225382060.0,256060986885.0,5740732025.0,262911018040.0
2020-12-08,4200.0,4355.0,4015.0,4110.0,11236130.0,-1.3205282112845138,13921035.0,147659655.0,44195202235.0,2468668570.0,18774535.0,30800910.0,44032518295.0,2743357755.0,46825451495.0
2020-12-09,4075.0,4110.0,3880.0,3905.0,4450400.0,-4.987834549878346,8308755.0,15121270.0,16332650280.0,1279656890.0,1122040.0,31692225.0,16351809520.0,1251113410.0,17635737195.0
2020-12-10,3865.0,4170.0,3730.0,3800.0,8137380.0,-2.6888604353393086,8467880.0,19694340.0,30221079215.0,2127507885.0,22304715.0,58810805.0,30231619460.0,2064014340.0,32376749320.0
2020-12-11,3790.0,4035.0,3705.0,4030.0,9417830.0,6.052631578947368,451302080.0,49226170.0,33605523325.0,2474739340.0,10822080.0,43334020.0,33907170990.0,2619463825.0,36580790915.0
2020-12-14,4025.0,4735.0,4020.0,4185.0,29323207.0,3.8461538461538463,151470190.0,76096465.0,123073454885.0,5986587335.0,474944310.0,205555040.0,122739808670.0,5867300855.0,129287608875.0
2020-12-15,4185.0,4230.0,3935.0,3935.0,3430904.0,-5.973715651135006,70830.0,62414135.0,12298205970.0,1388513555.0,152596305.0,61177445.0,12202552080.0,1332878660.0,13749204490.0
2020-12-16,4095.0,4600.0,4090.0,4265.0,25571993.0,8.386277001270647,607700670.0,162838265.0,105112745990.0,5652141060.0,1032045.0,39721305.0,105600175140.0,5894497495.0,111535425985.0
2020-12-17,4435.0,5060.0,4360.0,4555.0,38267640.0,6.799531066822978,389842600.0,114334265.0,172849198625.0,9294518490.0,695939575.0,168646180.0,172548839820.0,9234468405.0,182647893980.0
2020-12-18,4565.0,4645.0,4345.0,4540.0,7153825.0,-0.3293084522502744,162435205.0,45432990.0,29898673800.0,1951535120.0,341290035.0,24484640.0,29606962205.0,2085340235.0,32058077115.0
2020-12-21,4475.0,5070.0,4245.0,4650.0,32612949.0,2.4229074889867843,886369595.0,175105880.0,145832436650.0,7304236650.0,165142105.0,128472165.0,146700352025.0,7204182480.0,154198148775.0
2020-12-22,4710.0,4990.0,4485.0,4525.0,16211625.0,-2.6881720430107525,11429815.0,41007785.0,72309449010.0,5213821865.0,880605065.0,131038385.0,71268402130.0,5295662895.0,77575708475.0
2020-12-23,4630.0,4705.0,4045.0,4160.0,3616310.0,-8.066298342541437,2054970.0,7412000.0,13972128025.0,1758197695.0,5331725.0,1383000.0,13968708730.0,1764369235.0,15739792690.0
2020-12-24,4020.0,4420.0,3800.0,3890.0,4160444.0,-6.490384615384616,478385.0,1155445.0,14718665695.0,2160763850.0,4231540.0,8083250.0,14686515855.0,2182232730.0,16881063375.0
2020-12-28,3765.0,3810.0,3420.0,3440.0,2741775.0,-11.568123393316196,0.0,73900.0,8167635210.0,1633887105.0,780860.0,71810.0,8651041785.0,1149701760.0,9801596215.0
2020-12-29,3450.0,3580.0,3435.0,3445.0,1497581.0,0.14534883720930233,296360.0,0.0,4520310035.0,687829015.0,1681980.0,0.0,4146216705.0,1060536725.0,5208435410.0
2020-12-30,3465.0,3675.0,3330.0,3500.0,4241117.0,1.5965166908563133,29707305.0,1402000.0,13361456795.0,1547997910.0,7277615.0,3500.0,13424217000.0,1509065895.0,14940564010.0
2021-01-04,3530.0,3530.0,3235.0,3280.0,1907951.0,-6.2857142857142865,6650.0,35310080.0,5626078765.0,679376825.0,29101790.0,13560285.0,5623216410.0,674893835.0,6340772320.0
2021-01-05,3280.0,3340.0,3225.0,3280.0,1322694.0,0.0,0.0,29667690.0,3351079225.0,960737755.0,1614300.0,0.0,3448360735.0,891509635.0,4341484670.0
2021-01-06,3285.0,3305.0,3210.0,3290.0,895655.0,0.3048780487804878,4076165.0,332500.0,2217154240.0,691099575.0,506765.0,0.0,2500084415.0,412071300.0,2912662480.0
2021-01-07,3285.0,3295.0,3210.0,3215.0,805068.0,-2.2796352583586628,0.0,34884500.0,2182614335.0,395053315.0,1375690.0,0.0,2110500650.0,500675810.0,2612552150.0
2021-01-08,3215.0,3240.0,3030.0,3065.0,1478397.0,-4.665629860031104,24815.0,15620.0,3944959470.0,660774925.0,1172675.0,8544290.0,3764708915.0,831348950.0,4605774830.0
2021-01-11,3030.0,3295.0,2895.0,2940.0,4039075.0,-4.078303425774878,16524025.0,3208245.0,10031918935.0,2249882670.0,1483370.0,29354300.0,10538733300.0,1731962905.0,12301533875.0
2021-01-12,3035.0,3280.0,3015.0,3110.0,8579655.0,5.782312925170068,105083445.0,56881900.0,24691472460.0,2204442855.0,276790.0,639000.0,24193607015.0,2863357855.0,27057880660.0
2021-01-13,3120.0,3415.0,3080.0,3155.0,7300032.0,1.4469453376205788,22969600.0,85530090.0,22149518050.0,1505421995.0,105214350.0,57764435.0,21927837030.0,1672623920.0,23763439735.0
2021-01-14,3130.0,3150.0,2970.0,2990.0,1064249.0,-5.229793977812995,0.0,105050.0,2927624020.0,287603210.0,21600410.0,67982085.0,2769316460.0,356433325.0,3215332280.0
2021-01-15,2990.0,3015.0,2925.0,2950.0,685920.0,-1.3377926421404682,41590.0,20670.0,1684013350.0,344984965.0,156350.0,2950.0,1839864365.0,189036910.0,2029060575.0
2021-01-18,2880.0,2950.0,2830.0,2840.0,506595.0,-3.728813559322034,0.0,5795.0,1144172575.0,312590470.0,133480.0,0.0,1219384700.0,237250660.0,1456768840.0
2021-01-19,2850.0,3130.0,2720.0,2940.0,2142196.0,3.5211267605633805,14199885.0,30062575.0,5152777035.0,1120337920.0,3703745.0,11136000.0,5325070800.0,977466870.0,6317377415.0
2021-01-20,2940.0,3000.0,2900.0,2905.0,636560.0,-1.1904761904761905,0.0,0.0,1541625230.0,322980800.0,1008035.0,29050.0,1514185460.0,349383485.0,1864606030.0
2021-01-21,2900.0,2925.0,2860.0,2860.0,365008.0,-1.549053356282272,14300.0,0.0,871459440.0,180445040.0,1531130.0,0.0,924734775.0,125652875.0,1051918780.0
2021-01-22,2865.0,2895.0,2810.0,2880.0,324752.0,0.6993006993006993,0.0,0.0,690941190.0,236966565.0,618030.0,0.0,811425755.0,115863970.0,927907755.0
2021-01-25,2870.0,2880.0,2830.0,2845.0,304596.0,-1.215277777777778,2110100.0,0.0,743223165.0,120705525.0,1214255.0,0.0,760880905.0,103943630.0,866038790.0
2021-01-26,2850.0,2910.0,2725.0,2820.0,346513.0,-0.8787346221441126,5749745.0,0.0,869337455.0,104990815.0,7414855.0,14290005.0,799506255.0,158866900.0,980078015.0
2021-01-27,2815.0,3095.0,2780.0,2850.0,1319079.0,1.0638297872340425,0.0,3010.0,3418609390.0,420925330.0,346820.0,32839700.0,3184961255.0,621389955.0,3839537730.0
2021-01-28,3020.0,3705.0,2995.0,3180.0,40818057.0,11.578947368421053,96176065.0,180923370.0,137819486595.0,6710561190.0,37656700.0,329982605.0,138029814175.0,6409693740.0,144807147220.0
2021-01-29,3295.0,3450.0,2880.0,2905.0,11098405.0,-8.647798742138365,559895.0,29970.0,33149449180.0,2644074055.0,97597820.0,13243655.0,32378224975.0,3305046650.0,35794113100.0
2021-02-01,3045.0,3085.0,2805.0,2880.0,2478034.0,-0.8605851979345954,2153820.0,1326940.0,6426720135.0,810312875.0,2448705.0,1246450.0,6430733990.0,806084625.0,7240513770.0
2021-02-02,2880.0,2885.0,2710.0,2805.0,1873097.0,-2.604166666666667,1131125.0,56100.0,4633826360.0,636043190.0,1450735.0,0.0,4896353025.0,373253015.0,5271056775.0
2021-02-03,2805.0,2845.0,2750.0,2795.0,1326357.0,-0.35650623885918004,150930.0,2497500.0,3251233585.0,432229270.0,542230.0,0.0,3172826665.0,512742390.0,3686111285.0
2021-02-04,2820.0,2930.0,2800.0,2880.0,2474203.0,3.041144901610018,48960.0,0.0,6256790575.0,838113905.0,390350.0,2587500.0,5994440755.0,1097534835.0,7094953440.0
2021-02-05,2915.0,2915.0,2785.0,2815.0,751945.0,-2.256944444444444,39410.0,0.0,1947586680.0,176441585.0,5630.0,0.0,1944287480.0,179774565.0,2124067675.0
2021-02-08,2850.0,2855.0,2730.0,2785.0,694255.0,-1.0657193605683837,30635.0,0.0,1697729850.0,233931340.0,13870.0,0.0,1767365690.0,164312265.0,1931691825.0
2021-02-09,2740.0,2800.0,2720.0,2735.0,602649.0,-1.7953321364452424,16430.0,0.0,1483418080.0,177931580.0,0.0,0.0,1400938605.0,260427485.0,1661366090.0
2021-02-10,2750.0,3060.0,2735.0,2760.0,7636894.0,0.9140767824497258,2760.0,32297300.0,20979490885.0,1272758220.0,5520.0,0.0,20968585165.0,1315958480.0,22284549165.0
2021-02-15,2825.0,3240.0,2800.0,3080.0,19404823.0,11.594202898550725,888992835.0,68214355.0,54156949025.0,4251979875.0,15953220.0,22681720.0,55333855490.0,3993645660.0,59366136090.0
2021-02-16,3675.0,3980.0,3455.0,3900.0,31542479.0,26.623376623376622,390475075.0,156529110.0,107864121950.0,9000186365.0,1001636505.0,204297655.0,107088323240.0,9117055100.0,117411312500.0
2021-02-17,3925.0,4820.0,3600.0,4200.0,48522572.0,7.6923076923076925,1397228155.0,70960695.0,197399603750.0,14666349305.0,423276975.0,76480000.0,198211703195.0,14822681735.0,213534141905.0
2021-02-18,4100.0,4120.0,3050.0,3090.0,8563951.0,-26.42857142857143,0.0,37540230.0,25309771130.0,3944136515.0,649505225.0,4139475.0,24763659105.0,3874144070.0,29291447875.0
2021-02-19,3100.0,3455.0,3100.0,3160.0,7585320.0,2.26537216828479,1010795.0,13070185.0,22018581035.0,2727773625.0,338385315.0,29974080.0,21506711885.0,2885364360.0,24760435640.0
2021-02-22,3100.0,3265.0,3065.0,3090.0,2447833.0,-2.2151898734177213,3090.0,9584800.0,6816491060.0,899708095.0,12420.0,0.0,6815573270.0,910201355.0,7725787045.0
2021-02-23,3010.0,3050.0,2965.0,2995.0,1449363.0,-3.074433656957929,1157830.0,0.0,3397697465.0,939356385.0,0.0,0.0,3747020810.0,591190870.0,4338211680.0
2021-02-24,2965.0,3190.0,2875.0,2880.0,1531369.0,-3.8397328881469113,1277960.0,4972245.0,4021011410.0,611874995.0,1005960.0,4845765.0,3807121090.0,826163795.0,4639136610.0
2021-02-25,2885.0,2960.0,2840.0,2915.0,1049108.0,1.215277777777778,113685.0,0.0,2442025710.0,597697175.0,0.0,12995455.0,2692307045.0,334534070.0,3039836570.0
2021-02-26,2835.0,2890.0,2795.0,2850.0,886269.0,-2.2298456260720414,119700.0,988750.0,1878875785.0,629901640.0,36980.0,0.0,1896193155.0,613655740.0,2509885875.0
2021-03-02,2870.0,2930.0,2820.0,2905.0,710347.0,1.9298245614035088,72540.0,0.0,1272838730.0,768264750.0,2905.0,0.0,1655378105.0,385795010.0,2041176020.0
2021-03-03,2940.0,2995.0,2860.0,2900.0,626141.0,-0.17211703958691912,43500.0,0.0,1561586425.0,256579790.0,5795.0,0.0,1215925555.0,602278365.0,1818209715.0
2021-03-04,2895.0,2975.0,2850.0,2910.0,584714.0,0.3448275862068966,37830.0,51418000.0,1311725940.0,335456570.0,0.0,0.0,1243109210.0,455529130.0,1698638340.0
2021-03-05,2910.0,3040.0,2890.0,2930.0,897103.0,0.6872852233676976,32230.0,0.0,2204074725.0,429329875.0,0.0,0.0,2011932395.0,621504435.0,2633436830.0
2021-03-08,2965.0,2970.0,2840.0,2845.0,584677.0,-2.901023890784983,25640.0,0.0,1409232855.0,281760100.0,0.0,0.0,1232853400.0,458165195.0,1691018595.0
2021-03-09,2855.0,2880.0,2730.0,2780.0,548789.0,-2.2847100175746924,30330.0,0.0,1210086430.0,315912235.0,75060.0,1815820.0,1182489355.0,341648760.0,1526028995.0
2021-03-10,2780.0,2820.0,2735.0,2735.0,475361.0,-1.618705035971223,136755.0,0.0,1050509570.0,268557810.0,76580.0,0.0,1055695105.0,263432450.0,1319204135.0
2021-03-11,2765.0,2865.0,2715.0,2760.0,561443.0,0.9140767824497258,0.0,0.0,1207848685.0,358241575.0,60720.0,0.0,1295682340.0,270347200.0,1566090260.0
2021-03-12,2805.0,2890.0,2800.0,2845.0,539212.0,3.0797101449275366,153630.0,65179265.0,1011229740.0,451354295.0,199835.0,65321445.0,1252918805.0,209476845.0,1527916930.0
2021-03-15,2825.0,3100.0,2825.0,3100.0,1640465.0,8.963093145869948,0.0,35274570.0,4069376260.0,842199745.0,207830.0,8700000.0,4224425185.0,713517560.0,4946850575.0
2021-03-16,3225.0,3285.0,3020.0,3150.0,1952914.0,1.6129032258064515,2002795.0,123850550.0,5471078330.0,617116540.0,2081730.0,657900.0,5320223355.0,891085230.0,6214048215.0
2021-03-17,3150.0,3240.0,3145.0,3215.0,1038325.0,2.0634920634920633,45010.0,99991765.0,2567530685.0,651723495.0,189390.0,2723355.0,3002008590.0,314369620.0,3319290955.0
2021-03-18,3220.0,3360.0,3210.0,3305.0,1485076.0,2.7993779160186625,47340005.0,88542780.0,4016001795.0,730875955.0,39195.0,144738660.0,4155165595.0,582817085.0,4882760535.0
2021-03-19,3310.0,4090.0,3310.0,3700.0,19753584.0,11.951588502269288,142329180.0,64422920.0,70549675845.0,4267443000.0,4233405.0,46555935.0,70252978555.0,4720103050.0,75023870945.0
2021-03-22,3700.0,3770.0,3620.0,3660.0,2878897.0,-1.0810810810810811,63833515.0,138541875.0,9471761940.0,935386390.0,84950945.0,11177625.0,9309063310.0,1204331840.0,10609523720.0
2021-03-23,3650.0,4295.0,3620.0,3855.0,17993707.0,5.327868852459016,304081385.0,153219365.0,66894989095.0,5239947440.0,1289145.0,142115075.0,67081377335.0,5367455730.0,72592237285.0
2021-03-24,3860.0,3935.0,3420.0,3420.0,2577703.0,-11.284046692607005,2530240.0,31117780.0,7975692075.0,1489479255.0,289648875.0,12471050.0,8103432265.0,1093267160.0,9498819350.0
2021-03-25,3470.0,4040.0,3460.0,3760.0,10780929.0,9.941520467836257,15965170.0,106843050.0,38051889100.0,3432058015.0,4310380.0,41883495.0,37718976380.0,3841585080.0,41606755335.0
2021-03-26,3740.0,4000.0,3740.0,3825.0,4778940.0,1.7287234042553192,55201015.0,19210540.0,16534457855.0,1960145280.0,17096460.0,55316635.0,16618699015.0,1877902580.0,18569014690.0
2021-03-29,3860.0,3930.0,3650.0,3735.0,1243758.0,-2.3529411764705883,0.0,0.0,3772204665.0,897639610.0,54364800.0,0.0,3876491270.0,738988205.0,4669844275.0
2021-03-30,3735.0,3960.0,3610.0,3895.0,2044043.0,4.28380187416332,7660.0,37911235.0,6087033415.0,1746071525.0,144035.0,66038880.0,6889659465.0,915181455.0,7871023835.0
2021-03-31,3845.0,4090.0,3830.0,4010.0,2530413.0,2.952503209242619,20050.0,79392580.0,7827912475.0,2108889480.0,1102370.0,12722000.0,8574401520.0,1427988695.0,10016214585.0
2021-04-01,4015.0,4065.0,3915.0,3950.0,1115878.0,-1.4962593516209477,0.0,29217180.0,3734995655.0,689150040.0,170060.0,5977500.0,3814530015.0,632685300.0,4453362875.0
2021-04-02,3925.0,4050.0,3900.0,3950.0,858219.0,0.0,0.0,15369450.0,2841500380.0,534391755.0,79000.0,14970475.0,3112139570.0,264072540.0,3391261585.0
2021-04-05,4100.0,4105.0,3930.0,3935.0,777643.0,-0.37974683544303794,0.0,0.0,2815657950.0,280639280.0,464330.0,15339790.0,2628017605.0,452475505.0,3096297230.0
2021-04-06,3905.0,3995.0,3800.0,3910.0,656064.0,-0.6353240152477764,949705.0,117542995.0,1799113205.0,637556040.0,199410.0,1159315.0,2308573285.0,245229935.0,2555161945.0
2021-04-07,3900.0,4155.0,3820.0,4125.0,3053062.0,5.498721227621484,0.0,71615000.0,9920902940.0,2425930165.0,74250.0,12125000.0,10802891585.0,1603357270.0,12418448105.0
2021-04-08,4190.0,4650.0,4140.0,4285.0,15154517.0,3.878787878787879,0.0,421431030.0,63516716280.0,3259768380.0,237225.0,400970650.0,60926254580.0,5870453235.0,67197915690.0
2021-04-09,4305.0,4500.0,3985.0,4085.0,3749182.0,-4.667444574095683,0.0,0.0,14528027545.0,1494201230.0,73515.0,58732760.0,13732523595.0,2230898905.0,16022228775.0
2021-04-12,4130.0,4170.0,4000.0,4030.0,1038642.0,-1.346389228886169,0.0,0.0,3806995375.0,419714865.0,64333625.0,77524470.0,3700941300.0,383910845.0,4226710240.0
2021-04-13,3980.0,4125.0,3950.0,4035.0,800129.0,0.12406947890818859,150420.0,21408590.0,2738431480.0,478786000.0,931740.0,39975755.0,2752189835.0,445679160.0,3238776490.0
2021-04-14,4040.0,4620.0,3955.0,4210.0,9706889.0,4.337050805452292,116235000.0,18707870.0,38345325240.0,3593406665.0,168400.0,143749390.0,38724510930.0,3205246055.0,42073674775.0
2021-04-15,4250.0,4460.0,4200.0,4360.0,3553253.0,3.5629453681710213,87139870.0,1113010.0,13254859785.0,2101145990.0,121043185.0,17340.0,13480047435.0,1843150695.0,15444258655.0
2021-04-16,4415.0,4485.0,4230.0,4265.0,1308838.0,-2.1788990825688073,0.0,65910070.0,5142988355.0,466421995.0,86776625.0,1516795.0,4448609905.0,1138417095.0,5675320420.0
2021-04-19,4300.0,4310.0,3895.0,3920.0,2315321.0,-8.089097303634233,19625.0,162348315.0,8448333000.0,707597925.0,431850.0,30853650.0,8096573100.0,1190440265.0,9318298865.0
2021-04-20,3800.0,3975.0,3735.0,3925.0,1549382.0,0.12755102040816327,21459825.0,261487640.0,4748013160.0,930235520.0,278165.0,11790000.0,5275026950.0,674101030.0,5961196145.0
2021-04-21,3930.0,4085.0,3905.0,3950.0,1730709.0,0.6369426751592357,67545.0,19650000.0,6127303035.0,802909575.0,1109820.0,520797235.0,5628951800.0,799071300.0,6949930155.0
2021-04-22,3990.0,4055.0,3870.0,3895.0,769415.0,-1.3924050632911391,110165.0,19740000.0,2869891270.0,155411790.0,780810.0,19077480.0,2719273325.0,306021610.0,3045153225.0
2021-04-23,3965.0,3975.0,3840.0,3845.0,687902.0,-1.2836970474967908,19225.0,89403675.0,2356677150.0,239407935.0,7715.0,0.0,2332352485.0,353147785.0,2685507985.0
2021-04-26,3805.0,3845.0,3685.0,3760.0,686946.0,-2.2106631989596877,18800.0,15103900.0,2216243370.0,342636675.0,81785.0,0.0,2431222735.0,142698225.0,2574002745.0
2021-04-27,3730.0,3745.0,3605.0,3615.0,733254.0,-3.856382978723404,126790.0,1995900.0,2399923335.0,277181980.0,53573480.0,1815000.0,2484541385.0,139298140.0,2679228005.0
2021-04-28,3625.0,3640.0,3505.0,3510.0,445248.0,-2.904564315352697,21140320.0,1449350.0,1332420595.0,224156445.0,28140.0,0.0,1330936600.0,248201970.0,1579166710.0
2021-04-29,3550.0,3625.0,3415.0,3510.0,341223.0,0.0,338245.0,0.0,936899580.0,266202120.0,7020.0,0.0,1005591015.0,197841910.0,1203439945.0
2021-04-30,3480.0,3620.0,3470.0,3505.0,432294.0,-0.14245014245014245,31545.0,69600.0,1441622760.0,91932195.0,42060.0,47539750.0,1018504235.0,467570055.0,1533656100.0
2021-05-03,3465.0,3570.0,3435.0,3465.0,216165.0,-1.1412268188302426,7015890.0,0.0,622345605.0,124063580.0,0.0,0.0,675932905.0,77492170.0,753425075.0
2021-05-04,3465.0,3500.0,3325.0,3360.0,330744.0,-3.0303030303030303,21892420.0,3400000.0,959714715.0,133640020.0,0.0,0.0,961800290.0,156846865.0,1118647155.0
2021-05-06,3320.0,3470.0,3315.0,3470.0,272107.0,3.273809523809524,399050.0,0.0,713040315.0,218412385.0,1756580.0,0.0,762533375.0,167561795.0,931851750.0
2021-05-07,3510.0,3580.0,3420.0,3550.0,249386.0,2.3054755043227666,382445.0,7002500.0,828138875.0,34392530.0,41880.0,0.0,773154190.0,96720280.0,869916350.0
2021-05-10,3550.0,3570.0,3490.0,3545.0,300558.0,-0.14084507042253522,95575.0,3525000.0,1019476270.0,42357775.0,10635.0,0.0,1016084025.0,49359960.0,1065454620.0
2021-05-11,3520.0,3600.0,3455.0,3470.0,243874.0,-2.1156558533145273,385170.0,0.0,791156515.0,66497090.0,1105325.0,21794460.0,779904010.0,55234980.0,858038775.0
2021-05-12,3480.0,3515.0,3430.0,3470.0,162225.0,0.0,111190.0,0.0,534312225.0,28323120.0,124920.0,22605980.0,449186795.0,90828840.0,562746535.0
2021-05-13,3400.0,3430.0,3280.0,3300.0,269548.0,-4.899135446685879,16495.0,0.0,817579575.0,85297115.0,2936575.0,0.0,865723590.0,34233020.0,902893185.0
2021-05-14,3315.0,3360.0,3260.0,3285.0,180600.0,-0.45454545454545453,1204875.0,0.0,480331815.0,113701365.0,7096160.0,0.0,543436970.0,44704925.0,595238055.0
2021-05-17,3275.0,3320.0,3200.0,3200.0,204382.0,-2.5875190258751903,197905.0,354780.0,586549210.0,78958960.0,1243800.0,0.0,519804305.0,145012750.0,666060855.0
2021-05-18,3260.0,3325.0,3160.0,3270.0,157020.0,2.1875,0.0,9682500.0,356076260.0,144896435.0,107970.0,5005280.0,432843150.0,72698795.0,510655195.0
2021-05-20,3270.0,3305.0,3200.0,3210.0,110751.0,-1.834862385321101,61260.0,0.0,348740520.0,11075380.0,102720.0,4204185.0,279251520.0,76318735.0,359877160.0
2021-05-21,3210.0,3330.0,3195.0,3210.0,141249.0,0.0,316315.0,321000.0,423256040.0,33635775.0,32100.0,0.0,391375840.0,66121190.0,457529130.0
2021-05-24,3195.0,3210.0,3125.0,3130.0,159423.0,-2.4922118380062304,9425.0,314500.0,470313495.0,31301865.0,21910.0,6869780.0,438108180.0,56939415.0,501939285.0
2021-05-25,3155.0,3205.0,3130.0,3200.0,112037.0,2.2364217252396164,6365.0,0.0,314732365.0,41050240.0,47925.0,0.0,342007295.0,13733750.0,355788970.0
2021-05-26,3185.0,3295.0,3185.0,3250.0,176749.0,1.5625,275065.0,0.0,474695475.0,98589750.0,85264540.0,646000.0,406553480.0,81096270.0,573560290.0
2021-05-27,3260.0,3280.0,3205.0,3270.0,100152.0,0.6153846153846154,58795.0,6209900.0,269897615.0,47639765.0,39215.0,0.0,257293360.0,66473500.0,323806075.0
2021-05-28,3270.0,3315.0,3250.0,3305.0,200927.0,1.0703363914373087,13220.0,3320770.0,590699445.0,68594170.0,72710.0,0.0,652269665.0,10285230.0,662627605.0
2021-05-31,3305.0,3415.0,3265.0,3320.0,225493.0,0.45385779122541603,76305.0,23170000.0,677509135.0,49640180.0,0.0,0.0,659728065.0,90667555.0,750395620.0
2021-06-01,3330.0,3360.0,3310.0,3320.0,166810.0,0.0,16600.0,0.0,517050680.0,37760565.0,11097950.0,0.0,507375885.0,36354010.0,554827845.0
2021-06-02,3335.0,3480.0,3335.0,3480.0,601049.0,4.819277108433735,0.0,17000000.0,1635282010.0,411010245.0,159505.0,0.0,1925640285.0,137492465.0,2063292255.0
2021-06-03,3480.0,3480.0,3410.0,3445.0,208761.0,-1.0057471264367817,0.0,10350000.0,695126080.0,13699250.0,44815.0,0.0,572190000.0,146940515.0,719175330.0
2021-06-04,3445.0,3470.0,3420.0,3460.0,108664.0,0.43541364296081275,3460.0,12379880.0,334981050.0,27868690.0,65745.0,0.0,346530475.0,28636860.0,375233080.0
2021-06-07,3460.0,3550.0,3445.0,3510.0,461492.0,1.4450867052023122,10530.0,0.0,1166469230.0,448738805.0,60546995.0,0.0,1473739835.0,80931735.0,1615218565.0
2021-06-08,3540.0,3540.0,3405.0,3430.0,284532.0,-2.2792022792022792,17100.0,0.0,976870890.0,3979395.0,20580.0,0.0,741576940.0,239269865.0,980867385.0
2021-06-09,3455.0,3455.0,3315.0,3385.0,205075.0,-1.3119533527696794,0.0,0.0,597903795.0,95614170.0,23730.0,850000.0,649472065.0,43172170.0,693517965.0
2021-06-10,3355.0,3490.0,3335.0,3390.0,313418.0,0.14771048744460857,71385.0,29041345.0,774297085.0,271202260.0,10170.0,0.0,957847010.0,116754895.0,1074612075.0
2021-06-11,3390.0,3510.0,3385.0,3455.0,323658.0,1.9174041297935103,0.0,13630000.0,868300040.0,235031430.0,423940.0,0.0,996293315.0,120244215.0,1116961470.0
2021-06-14,3455.0,3780.0,3435.0,3575.0,1943643.0,3.4732272069464547,17750.0,4299070.0,6592656810.0,474452820.0,551380.0,14747200.0,5896333670.0,1159794200.0,7071426450.0
2021-06-15,3575.0,3600.0,3490.0,3530.0,244064.0,-1.2587412587412588,0.0,0.0,831003110.0,29841705.0,239000.0,0.0,822521580.0,38084235.0,860844815.0
2021-06-16,3555.0,3590.0,3520.0,3530.0,263728.0,0.0,24735.0,0.0,832507995.0,102452670.0,1228520.0,0.0,908699910.0,25056970.0,934985400.0
2021-06-17,3530.0,3625.0,3505.0,3625.0,480996.0,2.6912181303116145,614745.0,4341000.0,1265034685.0,455086890.0,343360.0,0.0,1581765965.0,142967995.0,1725077320.0
2021-06-18,3575.0,3605.0,3555.0,3560.0,242257.0,-1.7931034482758619,0.0,0.0,842357640.0,23325355.0,89025.0,15719700.0,634534190.0,215340080.0,865682995.0
2021-06-21,3520.0,3535.0,3440.0,3475.0,232099.0,-2.387640449438202,0.0,0.0,713179165.0,96534315.0,118190.0,45448725.0,701335980.0,62810585.0,809713480.0
2021-06-22,3680.0,3995.0,3550.0,3550.0,4460279.0,2.158273381294964,0.0,0.0,15816291050.0,996725890.0,28455.0,75647420.0,15523137855.0,1214203210.0,16813016940.0
2021-06-23,3610.0,3610.0,3485.0,3520.0,323219.0,-0.8450704225352111,0.0,0.0,1039387510.0,96311025.0,1689620.0,0.0,1043551790.0,90457125.0,1135698535.0
2021-06-24,3500.0,3630.0,3435.0,3510.0,323116.0,-0.2840909090909091,0.0,0.0,896955620.0,229665455.0,21035.0,0.0,1025120835.0,101479205.0,1126621075.0
2021-06-25,3515.0,3530.0,3450.0,3455.0,163184.0,-1.566951566951567,0.0,0.0,547277060.0,21653615.0,674520.0,0.0,537758055.0,30498100.0,568930675.0
2021-06-28,3425.0,3520.0,3400.0,3470.0,167655.0,0.43415340086830684,0.0,0.0,545104930.0,37160420.0,163090.0,16538740.0,523706740.0,41856780.0,582265350.0
2021-06-29,3460.0,3505.0,3435.0,3470.0,174910.0,0.0,6950.0,0.0,572152695.0,34592525.0,111045.0,8582640.0,549035540.0,49022945.0,606752170.0
2021-06-30,3560.0,3560.0,3450.0,3465.0,97872.0,-0.1440922190201729,1912680.0,0.0,332326530.0,6260185.0,1687990.0,2269380.0,299670705.0,36871320.0,340499395.0
2021-07-01,3500.0,3510.0,3410.0,3420.0,240766.0,-1.2987012987012987,109440.0,0.0,695795105.0,137403865.0,363880.0,4398775.0,725491995.0,103053760.0,833308410.0
2021-07-02,3400.0,3460.0,3400.0,3405.0,122307.0,-0.43859649122807015,0.0,0.0,360167540.0,59976725.0,105555.0,16563735.0,359232290.0,44242685.0,420144265.0
2021-07-05,3380.0,3465.0,3380.0,3420.0,114966.0,0.4405286343612335,0.0,0.0,347107605.0,46049930.0,82080.0,16637725.0,346049970.0,30387760.0,393157535.0
2021-07-06,3420.0,3480.0,3405.0,3430.0,145954.0,0.29239766081871343,6870.0,0.0,499449425.0,2475215.0,65180.0,18038860.0,451354945.0,32472525.0,501931510.0
2021-07-07,3530.0,3830.0,3475.0,3740.0,7546710.0,9.037900874635568,11369625.0,39826750.0,24737639095.0,3147849395.0,62840.0,158381945.0,24716736155.0,3061503925.0,27936684865.0
2021-07-08,3755.0,3760.0,3500.0,3540.0,1641943.0,-5.347593582887701,12743630.0,2821100.0,5387713815.0,494645650.0,11270735.0,0.0,5299521610.0,587131850.0,5897924195.0
2021-07-09,3595.0,3665.0,3490.0,3510.0,1368263.0,-0.847457627118644,67790.0,9311010.0,4389579050.0,513526655.0,13060940.0,46785000.0,4444448750.0,408189815.0,4912484505.0
2021-07-12,3635.0,3720.0,3555.0,3560.0,1143056.0,1.4245014245014245,221260.0,0.0,3624528820.0,528797505.0,534330.0,54711050.0,3472934560.0,625367645.0,4153547585.0
2021-07-13,3560.0,3570.0,3470.0,3505.0,486783.0,-1.544943820224719,38555.0,105150.0,1453170895.0,248579975.0,28055.0,0.0,1541467520.0,160399000.0,1701894575.0
2021-07-14,3510.0,3580.0,3495.0,3520.0,358030.0,0.42796005706134094,3520.0,0.0,1028055185.0,238167255.0,52720.0,0.0,1160484100.0,105689140.0,1266225960.0
2021-07-15,3560.0,3565.0,3480.0,3490.0,265573.0,-0.8522727272727272,0.0,52350.0,855771175.0,76971570.0,45390.0,0.0,828894620.0,103855085.0,932795095.0
2021-07-16,3460.0,3575.0,3410.0,3455.0,436447.0,-1.002865329512894,0.0,8542195.0,1114426085.0,403599595.0,58765.0,3401300.0,1257664430.0,265443380.0,1526567875.0
2021-07-19,3445.0,3480.0,3305.0,3320.0,385410.0,-3.907380607814761,0.0,1646150.0,1248717710.0,44755350.0,40225.0,0.0,953184510.0,341894475.0,1295119210.0
2021-07-20,3315.0,3340.0,3250.0,3295.0,235083.0,-0.7530120481927711,0.0,2419725.0,651255010.0,120398730.0,95625.0,0.0,686763855.0,87213985.0,774073465.0
2021-07-21,3360.0,3365.0,3285.0,3285.0,127395.0,-0.30349013657056145,3335.0,0.0,392441710.0,30154520.0,49290.0,0.0,334876520.0,87673755.0,422599565.0
2021-07-22,3285.0,3305.0,3195.0,3260.0,265887.0,-0.76103500761035,0.0,48900.0,785835280.0,75628115.0,32420.0,0.0,786882315.0,74597560.0,861512295.0
2021-07-23,3260.0,3290.0,3240.0,3275.0,110860.0,0.4601226993865031,0.0,0.0,338790065.0,22732055.0,19625.0,0.0,343062185.0,18440310.0,361522120.0
2021-07-26,3300.0,3305.0,3240.0,3265.0,84539.0,-0.3053435114503817,13040.0,1358975.0,271706240.0,3423675.0,13060.0,0.0,249554580.0,26934290.0,276501930.0
2021-07-27,3265.0,3280.0,3220.0,3265.0,89097.0,0.0,699030.0,0.0,206251955.0,82775355.0,0.0,0.0,283231665.0,6494675.0,289726340.0
2021-07-28,3260.0,3300.0,3215.0,3245.0,137320.0,-0.6125574272588056,544560.0,48675.0,360986510.0,84391540.0,0.0,0.0,393137370.0,52833915.0,445971285.0
2021-07-29,3240.0,3250.0,3215.0,3230.0,82070.0,-0.46224961479198773,67830.0,48450.0,243697750.0,21126440.0,58065.0,0.0,257515195.0,7367210.0,264940470.0
2021-07-30,3210.0,3230.0,3175.0,3195.0,162140.0,-1.08359133126935,63900.0,1054350.0,482253750.0,34048935.0,76640.0,0.0,458998580.0,58345715.0,517420935.0
2021-08-02,3195.0,3235.0,3100.0,3110.0,157036.0,-2.660406885758998,0.0,139950.0,454700860.0,37218700.0,327670.0,0.0,443241050.0,48490790.0,492059510.0
2021-08-03,3090.0,3155.0,3025.0,3070.0,250481.0,-1.2861736334405145,119390.0,92100.0,548634685.0,219134510.0,140785.0,0.0,738345745.0,29494155.0,767980685.0
2021-08-04,3120.0,3160.0,3070.0,3110.0,115437.0,1.3029315960912053,3140.0,0.0,195070285.0,164864485.0,180345.0,0.0,337862605.0,21894960.0,359937910.0
2021-08-05,3160.0,3160.0,3110.0,3140.0,72174.0,0.964630225080386,0.0,3923500.0,161600625.0,60734230.0,14207540.0,0.0,183479865.0,28570950.0,226258355.0
2021-08-06,3150.0,3150.0,3085.0,3100.0,103232.0,-1.2738853503184715,0.0,93000.0,296865610.0,23667755.0,536325.0,15357425.0,238796455.0,65936160.0,320626365.0
2021-08-09,3095.0,3095.0,3015.0,3085.0,139879.0,-0.4838709677419355,0.0,1934770.0,415919855.0,7907655.0,277020.0,9652105.0,290656365.0,125176790.0,425762280.0
2021-08-10,3070.0,3080.0,3000.0,3010.0,144169.0,-2.4311183144246353,0.0,144480.0,384510355.0,49723275.0,463605.0,0.0,372541440.0,61373065.0,434378110.0
2021-08-11,3045.0,3060.0,2990.0,3020.0,200483.0,0.33222591362126247,0.0,916500.0,412434975.0,191871305.0,123370.0,0.0,559558710.0,45540700.0,605222780.0
2021-08-12,3045.0,3045.0,2955.0,2965.0,142112.0,-1.8211920529801324,4529625.0,142320.0,362054915.0,57898930.0,0.0,0.0,315630665.0,108995125.0,424625790.0
2021-08-13,2985.0,2985.0,2865.0,2915.0,190187.0,-1.6863406408094435,34880.0,9615350.0,377541230.0,165903755.0,0.0,0.0,421857835.0,131237380.0,553095215.0
2021-08-17,2875.0,2905.0,2770.0,2775.0,295333.0,-4.802744425385934,36075.0,222000.0,556450940.0,272323210.0,0.0,0.0,683912975.0,145119250.0,829032225.0
2021-08-18,2670.0,2880.0,2635.0,2825.0,269256.0,1.8018018018018018,463085.0,5710060.0,386241875.0,356102175.0,0.0,2840.0,654229450.0,94284905.0,748517195.0
2021-08-19,2765.0,2875.0,2695.0,2700.0,138724.0,-4.424778761061947,304160.0,2085250.0,288946255.0,91078350.0,2431680.0,0.0,302623545.0,77358790.0,382414015.0
2021-08-20,2700.0,2740.0,2540.0,2540.0,213699.0,-5.9259259259259265,38100.0,3020450.0,355010900.0,202209985.0,2625.0,0.0,432718655.0,127558155.0,560279435.0
2021-08-23,2510.0,2675.0,2475.0,2635.0,212235.0,3.740157480314961,70170.0,1736100.0,276710225.0,273264580.0,1949060.0,0.0,510321145.0,39510870.0,551781075.0
2021-08-24,2635.0,2795.0,2630.0,2785.0,105340.0,5.692599620493358,163470.0,0.0,176121255.0,113764810.0,47345.0,0.0,243993375.0,46008815.0,290049535.0
2021-08-25,2785.0,2845.0,2745.0,2800.0,94147.0,0.5385996409335727,109035.0,0.0,212108675.0,49982060.0,22400.0,0.0,189503580.0,72673790.0,262199770.0
2021-08-26,2760.0,2970.0,2760.0,2790.0,195468.0,-0.35714285714285715,8370.0,0.0,440302540.0,112491700.0,0.0,0.0,434257240.0,118545370.0,552802610.0
2021-08-27,2785.0,2845.0,2735.0,2810.0,106356.0,0.7168458781362007,8430.0,0.0,159419935.0,139357165.0,0.0,0.0,238336515.0,60449015.0,298785530.0
2021-08-30,2810.0,2860.0,2790.0,2815.0,82947.0,0.1779359430604982,11255.0,0.0,175825365.0,57413980.0,532730.0,8415000.0,179277040.0,45025830.0,233250600.0
2021-08-31,2790.0,2845.0,2740.0,2770.0,83930.0,-1.5985790408525755,5540.0,88640.0,212292515.0,20585050.0,44430.0,0.0,194347510.0,38579805.0,232971745.0
2021-09-01,2750.0,2825.0,2750.0,2810.0,140675.0,1.444043321299639,0.0,33645.0,210912055.0,182685620.0,228830.0,0.0,391763520.0,1638970.0,393631320.0
2021-09-02,2815.0,2840.0,2790.0,2820.0,62074.0,0.3558718861209964,16905.0,0.0,143761040.0,30728610.0,33745.0,0.0,139389805.0,35083005.0,174506555.0
2021-09-03,2830.0,2850.0,2790.0,2845.0,108945.0,0.8865248226950355,8455.0,1520400.0,244994590.0,60879255.0,5690.0,0.0,232980350.0,74416660.0,307402700.0
2021-09-06,2860.0,2870.0,2805.0,2855.0,65138.0,0.35149384885764495,0.0,1758680.0,143317310.0,39676700.0,8565.0,0.0,179720620.0,5023505.0,184752690.0
2021-09-07,2855.0,2870.0,2820.0,2835.0,66743.0,-0.7005253940455342,5665.0,45360.0,161589660.0,27286005.0,2835.0,0.0,170965385.0,17958470.0,188926690.0
2021-09-08,2835.0,2855.0,2800.0,2800.0,57469.0,-1.2345679012345678,0.0,44800.0,148273915.0,13360810.0,2800.0,0.0,144564285.0,17112440.0,161679525.0
2021-09-09,2790.0,2805.0,2700.0,2730.0,107189.0,-2.5,180155.0,174720.0,233297410.0,60414950.0,514265.0,0.0,272711450.0,20841520.0,294067235.0
2021-09-10,2750.0,2755.0,2700.0,2745.0,68888.0,0.5494505494505495,93260.0,0.0,144018835.0,43710265.0,0.0,0.0,174206930.0,13615430.0,187822360.0
2021-09-13,2745.0,2820.0,2630.0,2695.0,117123.0,-1.8214936247723135,48465.0,86240.0,270470210.0,43950120.0,0.0,0.0,225395090.0,89159945.0,314555035.0
2021-09-14,2670.0,2725.0,2650.0,2710.0,80627.0,0.5565862708719851,51490.0,267000.0,154035930.0,62492365.0,0.0,0.0,186829375.0,30017410.0,216846785.0
2021-09-15,2695.0,2740.0,2690.0,2705.0,74288.0,-0.18450184501845018,0.0,3035280.0,154906600.0,43432070.0,40575.0,0.0,172908480.0,28424895.0,201373950.0
2021-09-16,2700.0,2745.0,2680.0,2680.0,131570.0,-0.9242144177449169,1135125.0,949500.0,298585095.0,56444350.0,0.0,24550.0,320304715.0,36784805.0,357114070.0
2021-09-17,2680.0,2695.0,2595.0,2630.0,168546.0,-1.8656716417910446,81440.0,1371110.0,365700280.0,74277250.0,344490.0,0.0,403239570.0,37846020.0,441430080.0
2021-09-23,2610.0,2615.0,2555.0,2600.0,75045.0,-1.1406844106463878,36400.0,83200.0,167546240.0,25673405.0,2600.0,0.0,173810810.0,19525835.0,193339245.0
2021-09-24,2555.0,2700.0,2555.0,2575.0,69704.0,-0.9615384615384616,908975.0,41200.0,170333755.0,8979500.0,0.0,1345185.0,137498915.0,41419330.0,180263430.0
2021-09-27,2590.0,2645.0,2520.0,2605.0,92322.0,1.1650485436893203,1504735.0,1975485.0,159023140.0,75011175.0,5210.0,0.0,222048580.0,15460745.0,237514535.0
2021-09-28,2605.0,2645.0,2525.0,2540.0,70265.0,-2.495201535508637,536870.0,0.0,155151590.0,24409285.0,15240.0,0.0,104604675.0,75477830.0,180097745.0
2021-09-29,2500.0,2530.0,2420.0,2445.0,116810.0,-3.740157480314961,710115.0,117360.0,202773470.0,83578525.0,0.0,0.0,231225595.0,55953875.0,287179470.0
2021-09-30,2395.0,2480.0,2395.0,2450.0,72361.0,0.2044989775051125,272400.0,0.0,121445500.0,54691805.0,12250.0,0.0,163920815.0,12476640.0,176409705.0
2021-10-01,2405.0,2450.0,2325.0,2325.0,134071.0,-5.1020408163265305,55800.0,188340.0,247515270.0,70432590.0,37200.0,0.0,244985160.0,73169640.0,318192000.0
2021-10-05,2325.0,2330.0,2130.0,2200.0,209674.0,-5.376344086021505,185620.0,211200.0,351312800.0,116257165.0,0.0,360660.0,420176695.0,47429430.0,467966785.0
2021-10-06,2180.0,2275.0,2170.0,2230.0,122204.0,1.3636363636363635,1318395.0,0.0,167764710.0,101442790.0,17840.0,0.0,210637755.0,59870300.0,270525895.0
2021-10-07,2230.0,2300.0,2230.0,2275.0,57165.0,2.0179372197309418,6745.0,0.0,85903355.0,43797135.0,401070.0,0.0,121709930.0,7596235.0,129707235.0
2021-10-08,2300.0,2310.0,2270.0,2310.0,45502.0,1.5384615384615385,25280.0,0.0,75912770.0,28196150.0,0.0,0.0,90553155.0,13581045.0,104134200.0
2021-10-12,2310.0,2315.0,2210.0,2285.0,104353.0,-1.0822510822510822,1690315.0,371240.0,217907245.0,15734665.0,0.0,0.0,158063115.0,77640350.0,235703465.0
2021-10-13,2220.0,2425.0,2220.0,2330.0,222183.0,1.9693654266958425,16250.0,0.0,450357470.0,70889570.0,2330.0,231500.0,395229375.0,125800085.0,521263290.0
2021-10-14,2330.0,2465.0,2305.0,2405.0,319729.0,3.2188841201716736,4760.0,0.0,644668110.0,122086270.0,0.0,0.0,678995645.0,87763495.0,766759140.0
2021-10-15,2450.0,2450.0,2385.0,2415.0,134719.0,0.4158004158004158,62680.0,0.0,251312385.0,73187405.0,7230.0,305435.0,292475300.0,31774505.0,324562470.0
2021-10-18,2410.0,2460.0,2400.0,2430.0,107805.0,0.6211180124223602,2657280.0,0.0,172279955.0,87079865.0,4860.0,0.0,248531000.0,13481240.0,262017100.0
2021-10-19,2430.0,2480.0,2425.0,2435.0,80872.0,0.205761316872428,19480.0,0.0,162394505.0,35161820.0,543565.0,0.0,154136055.0,42896185.0,197575805.0
2021-10-20,2440.0,2460.0,2400.0,2420.0,60571.0,-0.6160164271047228,12110.0,55680.0,110450245.0,36638535.0,2751770.0,2440.0,107894865.0,36507495.0,147156570.0
2021-10-21,2430.0,2455.0,2290.0,2395.0,94551.0,-1.0330578512396695,326650.0,100590.0,206934550.0,20347275.0,0.0,0.0,185317230.0,42391835.0,227709065.0
2021-10-22,2480.0,3110.0,2435.0,2945.0,30273542.0,22.964509394572026,231225105.0,213826660.0,86437320820.0,2451786410.0,228162375.0,220032885.0,84952899655.0,3933064080.0,89334158995.0
2021-10-25,3000.0,3005.0,2720.0,2810.0,4864235.0,-4.584040747028863,3565135.0,30294335.0,12559230330.0,1158894300.0,2041330.0,3002575.0,12770579290.0,976360905.0,13751984100.0
2021-10-26,2885.0,2925.0,2755.0,2825.0,3171621.0,0.5338078291814947,50075225.0,1088450.0,8475841685.0,445486750.0,1477120.0,21103320.0,8297412815.0,652498855.0,8972492110.0
2021-10-27,2805.0,2820.0,2755.0,2810.0,1205615.0,-0.5309734513274336,12487480.0,50580.0,3073459750.0,279690280.0,7017240.0,2780.0,3041345530.0,317322540.0,3365688090.0
2021-10-28,2760.0,2770.0,2555.0,2600.0,1256423.0,-7.473309608540925,0.0,395200.0,3217301130.0,142704735.0,51737445.0,0.0,2969515385.0,339148235.0,3360401065.0
2021-10-29,2605.0,2675.0,2530.0,2620.0,905699.0,0.7692307692307693,652800.0,2672360.0,2055620650.0,293282130.0,681015.0,1343660.0,2180233780.0,169969485.0,2352227940.0
2021-11-01,2640.0,2640.0,2545.0,2565.0,392246.0,-2.099236641221374,180465.0,15612470.0,898363565.0,98130640.0,0.0,15340000.0,873768555.0,123178585.0,1012287140.0
2021-11-02,2550.0,2625.0,2545.0,2580.0,375460.0,0.5847953216374269,2748505.0,0.0,770420105.0,198576470.0,0.0,0.0,893199090.0,78545990.0,971745080.0
2021-11-03,2580.0,2620.0,2545.0,2555.0,261628.0,-0.9689922480620154,1355725.0,28325.0,587930580.0,86242335.0,378700.0,0.0,576579210.0,98599055.0,675556965.0
2021-11-04,2570.0,2685.0,2465.0,2595.0,1280655.0,1.5655577299412915,254310.0,0.0,2987889085.0,319741135.0,3645860.0,0.0,2728925785.0,575312885.0,3307884530.0
2021-11-05,2620.0,2620.0,2470.0,2500.0,345914.0,-3.6608863198458574,92630.0,200000.0,786897025.0,87170720.0,0.0,0.0,744039560.0,130320815.0,874360375.0
2021-11-08,2475.0,2545.0,2460.0,2515.0,240876.0,0.6,1115795.0,2510.0,409907725.0,191402240.0,1373700.0,0.0,591071890.0,9982680.0,602428270.0
2021-11-09,2520.0,2550.0,2465.0,2480.0,234146.0,-1.3916500994035785,32240.0,5059200.0,543900050.0,33849100.0,4970.0,4962480.0,439888995.0,137984145.0,582840590.0
2021-11-10,2480.0,2480.0,2340.0,2475.0,365328.0,-0.20161290322580644,29110.0,259875.0,695113700.0,180036140.0,0.0,0.0,822793810.0,52645015.0,875438825.0
2021-11-11,2405.0,2470.0,2350.0,2395.0,283963.0,-3.2323232323232323,11995.0,201180.0,493498180.0,184286785.0,0.0,0.0,575511930.0,102486210.0,677998140.0
2021-11-12,2535.0,2700.0,2420.0,2540.0,1624504.0,6.05427974947808,30480.0,0.0,3501383315.0,606204835.0,203070.0,0.0,3628371320.0,479044240.0,4107618630.0
2021-11-15,2515.0,2555.0,2485.0,2495.0,364242.0,-1.7716535433070866,1257035.0,99800.0,650865795.0,263239210.0,1413035.0,0.0,765042390.0,149006415.0,915461840.0
2021-11-16,2480.0,2500.0,2380.0,2395.0,286465.0,-4.008016032064128,26495.0,201180.0,652211145.0,44860800.0,93405.0,0.0,550505445.0,146700770.0,697299620.0
2021-11-17,2375.0,2395.0,2300.0,2350.0,247581.0,-1.8789144050104383,580675.0,98700.0,478312335.0,99623225.0,79860.0,0.0,487088620.0,91446455.0,578614935.0
2021-11-18,2335.0,2350.0,2300.0,2315.0,188361.0,-1.4893617021276597,0.0,101860.0,342497120.0,95029690.0,55560.0,20940.0,340661375.0,96890795.0,437628670.0
2021-11-19,2310.0,2335.0,2255.0,2330.0,134262.0,0.6479481641468683,0.0,1624000.0,268622200.0,39229890.0,11650.0,0.0,261789675.0,47674765.0,309476090.0
2021-11-22,2400.0,2400.0,2285.0,2305.0,438648.0,-1.0729613733905579,0.0,6564060.0,944642760.0,75264010.0,1697480.0,5336510.0,754113755.0,265323085.0,1026470830.0
2021-11-23,2340.0,2595.0,2340.0,2375.0,3167794.0,3.036876355748373,8960005.0,84788185.0,6944667195.0,777876550.0,3099715.0,7330000.0,6946642480.0,859219740.0,7816291935.0
2021-11-24,2380.0,2415.0,2330.0,2385.0,340196.0,0.42105263157894735,0.0,4770000.0,647480620.0,152952285.0,276255.0,78248045.0,662477105.0,64201500.0,805202905.0
2021-11-25,2370.0,2375.0,2280.0,2280.0,301259.0,-4.40251572327044,0.0,200640.0,640267575.0,55375475.0,208320.0,2061475.0,545396155.0,148177740.0,695843690.0
2021-11-26,2225.0,2330.0,2220.0,2250.0,720087.0,-1.3157894736842104,1502860.0,11405010.0,1327219360.0,287917115.0,1490645.0,2250000.0,1367517890.0,256785810.0,1628044345.0
2021-11-29,2230.0,2415.0,2150.0,2270.0,477262.0,0.8888888888888888,4243985.0,0.0,891413095.0,185429160.0,1012270.0,0.0,830205600.0,249868370.0,1081086240.0
2021-11-30,2270.0,2275.0,2050.0,2080.0,421566.0,-8.370044052863436,2080.0,449280.0,875967530.0,32128290.0,3244965.0,10711500.0,734857750.0,159732965.0,908547180.0
2021-12-01,2080.0,2170.0,2025.0,2155.0,147749.0,3.6057692307692304,288125.0,0.0,227907235.0,84362265.0,254925.0,0.0,267594745.0,44707955.0,312557625.0
2021-12-02,2115.0,2310.0,2110.0,2285.0,598881.0,6.0324825986078885,5621855.0,52730635.0,993077580.0,301410220.0,449250.0,53994960.0,1215432565.0,82963515.0,1352840290.0
2021-12-03,2270.0,2285.0,2215.0,2265.0,167028.0,-0.87527352297593,38505.0,49830.0,294294560.0,82196105.0,6795.0,2280.0,332286625.0,44283300.0,376579000.0
2021-12-06,2245.0,2295.0,2235.0,2255.0,125418.0,-0.44150110375275936,51865.0,49610.0,231614935.0,53195315.0,215565.0,1359000.0,230567840.0,52769320.0,284911725.0
2021-12-07,2250.0,2275.0,2230.0,2245.0,89988.0,-0.4434589800443459,123475.0,51635.0,180261245.0,22116220.0,2437430.0,0.0,121552925.0,78562220.0,202552575.0
2021-12-08,2260.0,2320.0,2245.0,2270.0,264023.0,1.1135857461024499,1742555.0,113000.0,524132745.0,76111875.0,3616035.0,0.0,540056090.0,58428050.0,602100175.0
2021-12-09,2260.0,2300.0,2255.0,2295.0,148357.0,1.1013215859030838,75455.0,0.0,234891005.0,103551340.0,408565.0,0.0,327045285.0,11063950.0,338517800.0
2021-12-10,2295.0,2365.0,2290.0,2325.0,336268.0,1.3071895424836601,102235.0,0.0,614915175.0,166467555.0,873075.0,2079000.0,687024970.0,91507920.0,781484965.0
2021-12-13,2325.0,2345.0,2285.0,2315.0,176105.0,-0.43010752688172044,0.0,11700930.0,340486025.0,57072765.0,868085.0,2325.0,352634215.0,55755095.0,409259720.0
2021-12-14,2320.0,2330.0,2280.0,2290.0,127079.0,-1.079913606911447,89470.0,103085.0,240961400.0,52229160.0,45800.0,0.0,247508095.0,45829220.0,293383115.0
2021-12-15,2300.0,2375.0,2300.0,2355.0,334021.0,2.8384279475982535,215375.0,0.0,652731155.0,127598875.0,35325.0,0.0,663681365.0,116828715.0,780545405.0
2021-12-16,2420.0,2470.0,2295.0,2345.0,590293.0,-0.42462845010615713,201370.0,72635.0,1284606315.0,108644955.0,429525.0,0.0,1089063165.0,304032585.0,1393525275.0
2021-12-17,2300.0,2325.0,2270.0,2285.0,182916.0,-2.55863539445629,115945.0,153125.0,350093285.0,70234950.0,723260.0,0.0,379079620.0,40794425.0,420597305.0
2021-12-20,2285.0,2285.0,2210.0,2235.0,99569.0,-2.1881838074398248,172785.0,100585.0,201673585.0,21940870.0,83035.0,0.0,186087465.0,37717325.0,223887825.0
2021-12-21,2230.0,2265.0,2190.0,2255.0,189428.0,0.8948545861297539,89770.0,0.0,389166325.0,33663490.0,31570.0,0.0,281414495.0,141473520.0,422919585.0
2021-12-22,2265.0,2270.0,2210.0,2235.0,82371.0,-0.8869179600886918,120435.0,49170.0,166104205.0,18332575.0,15645.0,0.0,161669345.0,22921395.0,184606385.0
2021-12-23,2240.0,2245.0,2200.0,2200.0,134748.0,-1.5659955257270695,6625.0,101200.0,278997310.0,18740050.0,13200.0,0.0,245046600.0,52785385.0,297845185.0
2021-12-24,2200.0,2240.0,2200.0,2205.0,57797.0,0.22727272727272727,99275.0,2215.0,117067015.0,10717730.0,0.0,0.0,106906400.0,20979835.0,127886235.0
2021-12-27,2190.0,2215.0,2170.0,2195.0,92875.0,-0.45351473922902497,4405.0,52675.0,174148040.0,29822425.0,4390.0,0.0,185829890.0,18193265.0,204027545.0
2021-12-28,2205.0,2205.0,2160.0,2180.0,124018.0,-0.683371298405467,41465.0,3063275.0,227840625.0,39851800.0,0.0,0.0,216648085.0,54149080.0,270797165.0
2021-12-29,2145.0,2220.0,2145.0,2210.0,76349.0,1.3761467889908259,116130.0,0.0,145393255.0,21826565.0,0.0,0.0,157940755.0,9395195.0,167335950.0
2021-12-30,2205.0,2235.0,2190.0,2215.0,104323.0,0.22624434389140274,0.0,0.0,210772355.0,19848890.0,68510.0,0.0,210406860.0,20145875.0,230621245.0
2022-01-03,2215.0,2220.0,2190.0,2215.0,69406.0,0.0,0.0,0.0,137772015.0,15333340.0,568705.0,0.0,143398635.0,9138015.0,153105355.0
2022-01-04,2225.0,2255.0,2195.0,2215.0,122826.0,0.0,130390.0,0.0,221702530.0,50125845.0,4410.0,0.0,249829330.0,22125025.0,271958765.0
2022-01-05,2250.0,2600.0,2235.0,2400.0,6473033.0,8.35214446952596,137060.0,6054545.0,15429508290.0,608948840.0,9680.0,26719275.0,15246913860.0,771005920.0,16044648735.0
2022-01-06,2400.0,2450.0,2265.0,2275.0,1003443.0,-5.208333333333334,26462615.0,5937500.0,1767899460.0,564469820.0,6300890.0,3570000.0,2197151125.0,157747380.0,2364769395.0
2022-01-07,2290.0,2325.0,2265.0,2265.0,317562.0,-0.43956043956043955,0.0,2285000.0,569162495.0,155937750.0,14501540.0,0.0,630104660.0,82779045.0,727385245.0
2022-01-10,2290.0,2330.0,2270.0,2285.0,259819.0,0.8830022075055187,139385.0,0.0,514715330.0,82583200.0,4840365.0,4630000.0,424580685.0,163386865.0,597437915.0
2022-01-11,2285.0,2285.0,2180.0,2235.0,281533.0,-2.1881838074398248,53040.0,2647000.0,557143450.0,65465745.0,1575510.0,0.0,487756630.0,135977095.0,625309235.0
2022-01-12,2240.0,2255.0,2205.0,2245.0,132049.0,0.44742729306487694,78420.0,8232500.0,266987985.0,18644055.0,101025.0,1122500.0,278633250.0,14086185.0,293942960.0
2022-01-13,2245.0,2255.0,2195.0,2210.0,124184.0,-1.55902004454343,174610.0,11100.0,254864125.0,20110570.0,64130.0,0.0,246864420.0,28231855.0,275160405.0
2022-01-14,2185.0,2205.0,2100.0,2125.0,288599.0,-3.8461538461538463,116160.0,255850.0,524941140.0,94706910.0,0.0,52650825.0,497335105.0,70034130.0,620020060.0
2022-01-17,2130.0,2150.0,2055.0,2065.0,140290.0,-2.823529411764706,292440.0,0.0,278861990.0,13416425.0,0.0,0.0,231192590.0,61378265.0,292570855.0
2022-01-18,2065.0,2100.0,2030.0,2040.0,126216.0,-1.2106537530266344,116340.0,0.0,246298925.0,14441240.0,6175.0,0.0,193467260.0,67383070.0,260856505.0
2022-01-19,2055.0,2065.0,2005.0,2030.0,166302.0,-0.49019607843137253,327035.0,494460.0,299944305.0,37576960.0,0.0,0.0,294998840.0,43343920.0,338342760.0
2022-01-20,2030.0,2075.0,2000.0,2040.0,110290.0,0.49261083743842365,51150.0,0.0,127430655.0,97439855.0,0.0,38760.0,196455985.0,28426915.0,224921660.0
2022-01-21,2075.0,2075.0,2010.0,2035.0,101989.0,-0.24509803921568626,125405.0,0.0,191983950.0,15775590.0,4070.0,0.0,163152915.0,44727960.0,207884945.0
2022-01-24,2000.0,2030.0,1980.0,1980.0,187407.0,-2.7027027027027026,433795.0,0.0,313842340.0,59963340.0,0.0,0.0,266082500.0,108156975.0,374239475.0
2022-01-25,1990.0,2120.0,1890.0,1890.0,444864.0,-4.545454545454546,754650.0,0.0,726958755.0,145934240.0,3986530.0,0.0,697029560.0,172631555.0,873647645.0
2022-01-26,1845.0,1965.0,1845.0,1885.0,202851.0,-0.26455026455026454,1175170.0,0.0,231475595.0,155821550.0,0.0,0.0,337655540.0,50816775.0,388472315.0
2022-01-27,1885.0,1935.0,1780.0,1805.0,169258.0,-4.244031830238726,560500.0,0.0,264056850.0,44074495.0,3101375.0,0.0,261491350.0,44099120.0,308691845.0
2022-01-28,1785.0,1880.0,1765.0,1880.0,120030.0,4.1551246537396125,526230.0,0.0,145573915.0,72748115.0,293785.0,0.0,198587320.0,19967155.0,218848260.0
2022-02-03,1885.0,1980.0,1885.0,1975.0,127923.0,5.053191489361701,1337080.0,915700.0,178078020.0,73062460.0,228580.0,0.0,232185280.0,20979400.0,253393260.0
2022-02-04,2080.0,2240.0,1990.0,1995.0,2555419.0,1.0126582278481013,23940.0,6160000.0,4991408470.0,459753340.0,1290395.0,5076610.0,4713690065.0,737288680.0,5457345750.0
2022-02-07,1995.0,2050.0,1980.0,2005.0,167657.0,0.5012531328320802,1102455.0,0.0,237169320.0,99585695.0,172000.0,0.0,314569940.0,23115530.0,337857470.0
2022-02-08,2000.0,2050.0,1980.0,2010.0,142831.0,0.24937655860349126,2582505.0,11734150.0,204122110.0,70388890.0,86430.0,0.0,256390585.0,32350640.0,288827655.0
2022-02-09,2025.0,2040.0,2000.0,2020.0,80088.0,0.4975124378109453,0.0,8572290.0,92840710.0,60488545.0,635460.0,1011790.0,150715155.0,9539140.0,161901545.0
2022-02-10,2020.0,2030.0,1995.0,2005.0,100694.0,-0.7425742574257426,0.0,20200.0,171178685.0,30910180.0,2312805.0,0.0,170953680.0,28842580.0,202109065.0
2022-02-11,2000.0,2000.0,1960.0,1965.0,96648.0,-1.99501246882793,0.0,0.0,142189105.0,48480540.0,2017825.0,0.0,168577785.0,20074035.0,190669645.0
2022-02-14,1945.0,1945.0,1840.0,1850.0,187016.0,-5.852417302798982,0.0,391600.0,283930250.0,63940810.0,42630.0,0.0,247937730.0,100282300.0,348262660.0
2022-02-15,1820.0,2330.0,1820.0,1900.0,3919442.0,2.7027027027027026,7490.0,56400.0,7512208260.0,709542215.0,45600.0,11297205.0,7528270675.0,682200885.0,8221814365.0
2022-02-16,1910.0,2015.0,1905.0,1985.0,376397.0,4.473684210526316,2628695.0,0.0,425842075.0,309497640.0,1958420.0,4054600.0,692176930.0,39778460.0,737968410.0
2022-02-17,1975.0,2080.0,1970.0,2005.0,316649.0,1.0075566750629723,7943465.0,997150.0,365181465.0,267650645.0,879660.0,0.0,501970765.0,138922300.0,641772725.0
2022-02-18,1985.0,2060.0,1970.0,2045.0,254609.0,1.99501246882793,0.0,297750.0,376436155.0,139331745.0,4361380.0,307500.0,466056510.0,45340260.0,516065650.0
2022-02-21,2000.0,2050.0,2000.0,2030.0,183374.0,-0.7334963325183375,0.0,200000.0,277229730.0,93489855.0,3956485.0,0.0,346344985.0,20618115.0,370919585.0
2022-02-22,2025.0,2030.0,1965.0,1965.0,131971.0,-3.201970443349754,5910.0,0.0,234491705.0,28007155.0,5895.0,0.0,182179680.0,80319195.0,262504770.0
2022-02-23,1970.0,2000.0,1950.0,1975.0,106025.0,0.5089058524173028,1975.0,0.0,172297605.0,37121545.0,13825.0,0.0,145487190.0,63920110.0,209421125.0
2022-02-24,1975.0,1975.0,1885.0,1885.0,290142.0,-4.556962025316456,90880.0,199355.0,412434005.0,142987345.0,0.0,0.0,451007030.0,104704555.0,555711585.0
2022-02-25,1885.0,1930.0,1805.0,1920.0,337844.0,1.8567639257294428,1885.0,10276900.0,482093115.0,146139035.0,5760.0,0.0,569194285.0,69310890.0,638510935.0
2022-02-28,1925.0,1930.0,1895.0,1915.0,247439.0,-0.26041666666666663,45960.0,4997000.0,314286180.0,154001260.0,7680.0,0.0,461412585.0,11910135.0,473330400.0
2022-03-02,1910.0,1960.0,1905.0,1945.0,676417.0,1.5665796344647518,7765.0,76400.0,950566400.0,350557455.0,1945.0,407345.0,1266453175.0,34345555.0,1301208020.0
2022-03-03,1950.0,1975.0,1930.0,1975.0,205563.0,1.5424164524421593,66815.0,0.0,267623830.0,134661245.0,27575.0,78600.0,363959330.0,38286385.0,402351890.0
2022-03-04,1965.0,1985.0,1945.0,1970.0,124866.0,-0.25316455696202533,90160.0,0.0,181093310.0,63795450.0,21655.0,0.0,172468125.0,72489140.0,244978920.0
2022-03-07,1965.0,1970.0,1915.0,1915.0,142623.0,-2.7918781725888326,184805.0,19200.0,266656860.0,7666250.0,1920.0,0.0,179570985.0,94954210.0,274527115.0
2022-03-08,1905.0,1905.0,1850.0,1850.0,202153.0,-3.3942558746736298,113540.0,438550.0,362071500.0,15267380.0,0.0,0.0,155084855.0,222806115.0,377890970.0
2022-03-10,1870.0,1945.0,1855.0,1915.0,252753.0,3.5135135135135136,401745.0,0.0,388831650.0,91011210.0,66980.0,0.0,446212850.0,33964775.0,480244605.0
2022-03-11,1920.0,1960.0,1910.0,1930.0,262421.0,0.7832898172323759,11590.0,0.0,234766495.0,272559720.0,1930.0,77600.0,476820035.0,30438240.0,507337805.0
2022-03-14,1920.0,1935.0,1875.0,1885.0,129903.0,-2.33160621761658,1905.0,209250.0,196261395.0,51493875.0,11310.0,0.0,185386310.0,62568805.0,247966425.0
2022-03-15,1885.0,1920.0,1870.0,1885.0,61575.0,0.0,22620.0,0.0,102384835.0,13906525.0,214890.0,0.0,60309395.0,55789695.0,116313980.0
2022-03-16,1895.0,1910.0,1885.0,1905.0,69357.0,1.0610079575596816,0.0,5552250.0,89031485.0,36852280.0,131445.0,0.0,118230310.0,13074260.0,131436015.0
2022-03-17,1905.0,2010.0,1905.0,1990.0,436350.0,4.4619422572178475,23880.0,0.0,604971475.0,256113105.0,97415.0,234000.0,746267800.0,114509245.0,861108460.0
2022-03-18,1990.0,2015.0,1965.0,1970.0,154871.0,-1.0050251256281406,0.0,0.0,254642345.0,53095870.0,98800.0,0.0,195931660.0,111707755.0,307738215.0
2022-03-21,1970.0,2015.0,1970.0,1990.0,76274.0,1.015228426395939,55665.0,0.0,136607540.0,14653920.0,0.0,661920.0,144378005.0,6277200.0,151317125.0
2022-03-22,2010.0,2010.0,1985.0,2000.0,91077.0,0.5025125628140703,19970.0,0.0,162397140.0,19197170.0,106000.0,0.0,153059350.0,28448930.0,181614280.0
2022-03-23,2010.0,2020.0,1985.0,2000.0,163868.0,0.0,2015.0,0.0,252391515.0,75221115.0,131970.0,0.0,300701925.0,26780750.0,327614645.0
2022-03-24,1990.0,2025.0,1990.0,2010.0,171550.0,0.5,0.0,0.0,260406920.0,83876400.0,249200.0,0.0,330631285.0,13402835.0,344283320.0
2022-03-25,2010.0,2050.0,1990.0,2045.0,114571.0,1.7412935323383085,0.0,5995715.0,185086345.0,40415290.0,47035.0,0.0,192879005.0,38571310.0,231497350.0
2022-03-28,2045.0,2075.0,2015.0,2050.0,192423.0,0.24449877750611246,46985.0,3978800.0,356710450.0,32299640.0,287400.0,4689500.0,319571685.0,68487290.0,393035875.0
2022-03-29,2035.0,2060.0,2020.0,2030.0,93508.0,-0.975609756097561,98165.0,0.0,161488810.0,28934115.0,359445.0,142450.0,173064940.0,16954255.0,190521090.0
2022-03-30,2020.0,2050.0,1975.0,2015.0,229841.0,-0.7389162561576355,0.0,0.0,263912770.0,197594925.0,136890.0,0.0,429916485.0,31454320.0,461507695.0
2022-03-31,2015.0,2050.0,2010.0,2050.0,91290.0,1.7369727047146404,0.0,0.0,128287685.0,56890950.0,69325.0,0.0,173931410.0,11177900.0,185178635.0
2022-04-01,2040.0,2055.0,2005.0,2050.0,158362.0,0.0,0.0,0.0,269809500.0,51663200.0,61300.0,1541600.0,291508715.0,28361085.0,321472700.0
2022-04-04,2030.0,2055.0,2025.0,2050.0,88684.0,0.0,0.0,623200.0,158746385.0,21587390.0,61440.0,0.0,167520535.0,13375000.0,180956975.0
2022-04-05,2050.0,2600.0,2050.0,2265.0,20266092.0,10.487804878048781,36895045.0,77472435.0,46637382710.0,2466628305.0,80765.0,153902435.0,45849333870.0,3215061425.0,49218378495.0
2022-04-06,2275.0,2425.0,2250.0,2290.0,3157098.0,1.1037527593818985,74680040.0,235000.0,6201755620.0,1043900490.0,39022555.0,240620.0,6311285645.0,970022330.0,7320571150.0
2022-04-07,2260.0,2280.0,2135.0,2170.0,881163.0,-5.240174672489083,103930.0,219500.0,1610202935.0,323728765.0,55461750.0,0.0,1611137250.0,267656130.0,1934255130.0
2022-04-08,2150.0,2190.0,2085.0,2120.0,521477.0,-2.3041474654377883,1510520.0,0.0,952222155.0,152504165.0,11818015.0,0.0,973460150.0,120958675.0,1106236840.0
2022-04-11,2085.0,2150.0,2080.0,2150.0,293391.0,1.4150943396226416,40660.0,208500.0,494055165.0,125939285.0,865510.0,1972250.0,537480405.0,79925445.0,620243610.0
2022-04-12,2120.0,2160.0,2055.0,2120.0,484094.0,-1.3953488372093024,0.0,0.0,910730865.0,105059965.0,3614905.0,0.0,776881870.0,235294055.0,1015790830.0
2022-04-13,2130.0,2155.0,2110.0,2130.0,273838.0,0.4716981132075472,255600.0,5712660.0,497632785.0,80273085.0,110750.0,0.0,466263005.0,117500375.0,583874130.0
2022-04-14,2145.0,2145.0,2100.0,2115.0,413948.0,-0.7042253521126761,152280.0,5243850.0,852133365.0,45534515.0,105970.0,0.0,764995265.0,137962775.0,903064010.0
2022-04-15,2295.0,2320.0,2100.0,2120.0,2128956.0,0.2364066193853428,150705.0,2098800.0,4522398280.0,158769170.0,290465.0,459000.0,3876190420.0,806477070.0,4683416955.0
2022-04-18,2115.0,2155.0,2105.0,2125.0,286669.0,0.2358490566037736,0.0,1468920.0,542040790.0,65162615.0,82870.0,0.0,534851025.0,73738430.0,608672325.0
2022-04-19,2120.0,2130.0,2095.0,2115.0,290748.0,-0.4705882352941176,48615.0,2590800.0,587380600.0,23310155.0,25360.0,10716705.0,556264770.0,46323335.0,613330170.0
2022-04-20,2130.0,2300.0,2100.0,2210.0,1851801.0,4.491725768321513,1423240.0,3207500.0,3390640760.0,700804340.0,15470.0,0.0,3733019360.0,363041010.0,4096075840.0
2022-04-21,2255.0,2265.0,2180.0,2260.0,1074596.0,2.262443438914027,0.0,15238465.0,2055753280.0,323328275.0,1443405.0,0.0,1997019675.0,395856940.0,2394320020.0
2022-04-22,2245.0,2315.0,2205.0,2300.0,1194227.0,1.7699115044247788,0.0,7640150.0,2447356740.0,255725675.0,1418215.0,0.0,2375820385.0,333483965.0,2710722565.0
2022-04-25,2275.0,2550.0,2225.0,2435.0,6509295.0,5.869565217391305,212275.0,7606190.0,14921818445.0,846620770.0,120560.0,28441015.0,14465375520.0,1282320585.0,15776257680.0
2022-04-26,2580.0,2675.0,2365.0,2380.0,7815349.0,-2.2587268993839835,414855.0,6999570.0,18918611470.0,863500610.0,0.0,28171355.0,18422370860.0,1338984290.0,19789526505.0
2022-04-27,2395.0,2560.0,2250.0,2300.0,1527347.0,-3.361344537815126,64292495.0,7543000.0,2941292440.0,603523790.0,24722755.0,0.0,2994483930.0,597445040.0,3616651725.0
2022-04-28,2300.0,2345.0,2105.0,2135.0,964049.0,-7.173913043478261,5564130.0,36500100.0,1762839980.0,309506565.0,26338605.0,9482135.0,1877941285.0,200648750.0,2114410775.0
2022-04-29,2160.0,2230.0,2140.0,2200.0,489015.0,3.0444964871194378,2224280.0,4370000.0,918179645.0,145547275.0,0.0,0.0,860193725.0,210127475.0,1070321200.0
2022-05-02,2215.0,2345.0,2215.0,2290.0,567582.0,4.090909090909091,1217435.0,0.0,867728075.0,411647265.0,0.0,224000.0,1108948405.0,171420370.0,1280592775.0
2022-05-03,2300.0,2320.0,2235.0,2260.0,443321.0,-1.3100436681222707,654780.0,8912000.0,858506265.0,142462995.0,74520.0,0.0,760787505.0,249674015.0,1010536040.0
2022-05-04,2275.0,2280.0,2165.0,2210.0,290521.0,-2.2123893805309733,28735.0,5308000.0,582815170.0,54561765.0,2210.0,0.0,521606350.0,121105110.0,642713670.0
2022-05-06,2160.0,2525.0,2155.0,2265.0,5953798.0,2.48868778280543,127530.0,0.0,12750373235.0,1196549185.0,97440.0,4407950.0,12603491440.0,1339053120.0,13947049950.0
2022-05-09,2250.0,2265.0,2115.0,2135.0,688198.0,-5.739514348785872,138775.0,0.0,1306979980.0,185350440.0,2125.0,0.0,1324643230.0,167823840.0,1492469195.0
2022-05-10,2060.0,2160.0,1975.0,2080.0,582026.0,-2.576112412177986,115440.0,0.0,988978055.0,206242415.0,4160.0,0.0,1033529060.0,161802690.0,1195335910.0
2022-05-11,2090.0,2525.0,2090.0,2280.0,10882215.0,9.615384615384617,5606840.0,106843210.0,22604853065.0,2978933190.0,21234960.0,88711955.0,23377214045.0,2209075345.0,25696236305.0
2022-05-12,2235.0,2275.0,2130.0,2130.0,939903.0,-6.578947368421052,37997025.0,0.0,1636456590.0,396713540.0,147220.0,39222910.0,1529003105.0,502793920.0,2071167155.0
2022-05-13,2150.0,2175.0,2070.0,2070.0,521493.0,-2.8169014084507045,1088820.0,0.0,1028211860.0,62861700.0,36104125.0,0.0,728991790.0,327066465.0,1092162380.0
2022-05-16,2070.0,2130.0,2070.0,2120.0,250240.0,2.4154589371980677,4240.0,0.0,463637885.0,62549230.0,120825.0,0.0,485141155.0,40929375.0,526191355.0
2022-05-17,2105.0,2150.0,2095.0,2130.0,231460.0,0.4716981132075472,61730.0,0.0,465410085.0,24971150.0,785475.0,0.0,407964430.0,81693060.0,490442965.0
2022-05-18,2130.0,2155.0,2080.0,2120.0,327274.0,-0.4694835680751174,133630.0,13606060.0,623108105.0,55862605.0,65745.0,0.0,559784225.0,132860430.0,692710400.0
2022-05-19,2085.0,2085.0,2025.0,2040.0,253700.0,-3.7735849056603774,653075.0,0.0,503367070.0,14314275.0,38760.0,2060.0,416132475.0,102161125.0,518334420.0
2022-05-20,2045.0,2070.0,2005.0,2020.0,201231.0,-0.9803921568627451,1058980.0,12162420.0,352215325.0,42543065.0,0.0,0.0,361820315.0,46159475.0,407979790.0
2022-05-23,2020.0,2055.0,2005.0,2025.0,165297.0,0.24752475247524752,1020825.0,0.0,308797015.0,24759345.0,85040.0,0.0,283832465.0,50659680.0,334577185.0
2022-05-24,2025.0,2035.0,1995.0,1995.0,333213.0,-1.4814814814814816,2029485.0,1990895.0,670376805.0,22760885.0,0.0,0.0,597794580.0,99363490.0,697158070.0
2022-05-25,2220.0,2265.0,2025.0,2065.0,2070623.0,3.508771929824561,12560.0,0.0,4303953250.0,168643690.0,11101795.0,18426305.0,4061538635.0,381542765.0,4472609500.0
2022-05-26,2065.0,2075.0,2010.0,2020.0,312527.0,-2.1791767554479415,4633860.0,2138700.0,533746770.0,95969460.0,554605.0,0.0,588665115.0,47269070.0,636488790.0
2022-05-27,2040.0,2045.0,2000.0,2005.0,195769.0,-0.7425742574257426,2269660.0,2231100.0,355727715.0,34241690.0,2015.0,0.0,370955990.0,23512160.0,394470165.0
2022-05-30,2005.0,2050.0,2005.0,2040.0,135177.0,1.7456359102244388,2096660.0,2293970.0,208101895.0,62178200.0,0.0,0.0,270067380.0,4603345.0,274670725.0
2022-05-31,2045.0,2050.0,2015.0,2030.0,144075.0,-0.49019607843137253,828240.0,812000.0,273191150.0,17556665.0,8120.0,53170.0,265454940.0,26871825.0,292388055.0
2022-06-02,2030.0,2050.0,2015.0,2035.0,136226.0,0.24630541871921183,26465.0,0.0,235484485.0,41379005.0,18310.0,10165000.0,246303835.0,20402810.0,276889955.0
2022-06-03,2055.0,2080.0,2035.0,2050.0,165526.0,0.7371007371007371,12300.0,0.0,284209245.0,55832465.0,102330.0,0.0,309991485.0,29960195.0,340054010.0
2022-06-07,2050.0,2060.0,2020.0,2040.0,89144.0,-0.4878048780487805,2036780.0,2030000.0,171408260.0,5972080.0,8160.0,0.0,159613310.0,21825650.0,181447120.0
2022-06-08,2035.0,2040.0,2000.0,2015.0,147978.0,-1.2254901960784315,18120.0,0.0,290351815.0,7918885.0,0.0,0.0,270051170.0,28237650.0,298288820.0
2022-06-09,2000.0,2075.0,1995.0,2030.0,238546.0,0.7444168734491315,3564560.0,3562885.0,414006525.0,61058930.0,2015.0,0.0,422970475.0,59220410.0,482192900.0
2022-06-10,2040.0,2045.0,2000.0,2005.0,144639.0,-1.2315270935960592,4010.0,1007500.0,283541075.0,7056090.0,4010.0,0.0,263999145.0,27605520.0,291608675.0
2022-06-13,2000.0,2005.0,1855.0,1875.0,244940.0,-6.483790523690773,2887500.0,2857500.0,425128715.0,40333360.0,1960.0,0.0,409339105.0,61866010.0,471207075.0
2022-06-14,1850.0,1890.0,1815.0,1845.0,150979.0,-1.6,118050.0,0.0,245174585.0,33393810.0,0.0,0.0,249847230.0,28839215.0,278686445.0
2022-06-15,1825.0,1920.0,1790.0,1800.0,152136.0,-2.4390243902439024,173135.0,0.0,247772585.0,28615335.0,79200.0,0.0,239843575.0,36638280.0,276561055.0
2022-06-16,1825.0,1850.0,1755.0,1780.0,141900.0,-1.1111111111111112,53460.0,0.0,197777370.0,58765520.0,16020.0,357305.0,218248450.0,37974575.0,256596350.0
2022-06-17,1710.0,1770.0,1685.0,1755.0,124206.0,-1.4044943820224718,2047370.0,998760.0,150613160.0,60204440.0,141735.0,0.0,165643050.0,48078945.0,213863730.0
2022-06-20,1745.0,1760.0,1560.0,1590.0,271701.0,-9.401709401709402,188755.0,0.0,370131335.0,70349510.0,1590.0,0.0,393013500.0,47654510.0,440669600.0
2022-06-21,1590.0,1655.0,1565.0,1605.0,143695.0,0.9433962264150944,1560060.0,8210970.0,116279340.0,105848795.0,21165.0,0.0,197546265.0,34331735.0,231899165.0
2022-06-22,1640.0,1680.0,1505.0,1525.0,177316.0,-4.984423676012461,673985.0,0.0,241743155.0,35756560.0,722220.0,0.0,180136890.0,97314590.0,278173700.0
2022-06-23,1510.0,1540.0,1395.0,1395.0,321314.0,-8.524590163934425,2563100.0,0.0,285937065.0,180556525.0,1385055.0,0.0,395030720.0,72640915.0,469056690.0
2022-06-24,1390.0,1560.0,1390.0,1500.0,317861.0,7.526881720430108,1276320.0,0.0,301128425.0,170944165.0,2285640.0,0.0,360674940.0,110388330.0,473348910.0
2022-06-27,1500.0,1580.0,1500.0,1580.0,129654.0,5.333333333333334,1555.0,0.0,114856240.0,86313005.0,330020.0,517815.0,179255385.0,21067580.0,201170800.0
2022-06-28,1555.0,1600.0,1555.0,1575.0,66995.0,-0.31645569620253167,0.0,0.0,60193580.0,45230530.0,0.0,0.0,68905260.0,36518850.0,105424110.0
2022-06-29,1530.0,1590.0,1525.0,1575.0,60361.0,0.0,12590.0,0.0,68942410.0,25194345.0,1585.0,0.0,74914790.0,19232970.0,94149345.0
2022-06-30,1575.0,1580.0,1535.0,1535.0,55595.0,-2.5396825396825395,158400.0,0.0,79110200.0,7356855.0,0.0,0.0,30761670.0,55863785.0,86625455.0
2022-07-01,1560.0,1580.0,1465.0,1495.0,100500.0,-2.6058631921824107,45220.0,0.0,134117250.0,18365490.0,0.0,0.0,79243050.0,73284910.0,152527960.0
2022-07-04,1480.0,1580.0,1435.0,1440.0,154310.0,-3.678929765886288,117590.0,0.0,171484550.0,55880975.0,47525.0,0.0,139285455.0,88150135.0,227483115.0
2022-07-05,1465.0,1570.0,1410.0,1560.0,192903.0,8.333333333333332,950250.0,0.0,173417430.0,120949080.0,0.0,0.0,258470095.0,36846665.0,295316760.0
2022-07-06,1540.0,1570.0,1465.0,1490.0,158905.0,-4.487179487179487,25390.0,0.0,165622210.0,76577300.0,779335.0,0.0,196412370.0,45033195.0,242224900.0
2022-07-07,1515.0,1560.0,1515.0,1550.0,60832.0,4.026845637583892,151625.0,0.0,57399220.0,36321380.0,3100.0,0.0,80370755.0,13498370.0,93872225.0
2022-07-08,1560.0,1615.0,1550.0,1580.0,83088.0,1.935483870967742,23710.0,0.0,72796515.0,58855560.0,0.0,0.0,103933535.0,27742250.0,131675785.0
2022-07-11,1575.0,1595.0,1560.0,1585.0,50592.0,0.31645569620253167,53890.0,2580400.0,49459975.0,28049750.0,6340.0,0.0,70538015.0,9599660.0,80144015.0
2022-07-12,1600.0,1600.0,1500.0,1540.0,104040.0,-2.8391167192429023,152310.0,0.0,125858580.0,33172815.0,0.0,0.0,120603205.0,38580500.0,159183705.0
2022-07-13,1515.0,1600.0,1515.0,1550.0,102462.0,0.6493506493506493,10860.0,996215.0,130918010.0,26424070.0,43515.0,0.0,116909740.0,41395900.0,158349155.0
2022-07-14,1520.0,1580.0,1510.0,1550.0,60777.0,0.0,0.0,0.0,63988605.0,29706745.0,3105.0,0.0,83360285.0,10331960.0,93695350.0
2022-07-15,1535.0,1570.0,1510.0,1545.0,66119.0,-0.3225806451612903,9280.0,0.0,72592605.0,28536415.0,0.0,0.0,76590195.0,24548105.0,101138300.0
2022-07-18,1545.0,1620.0,1540.0,1610.0,143341.0,4.207119741100324,11574980.0,0.0,135601230.0,79781650.0,3220.0,0.0,213051335.0,13903305.0,226957860.0
2022-07-19,1590.0,1660.0,1590.0,1635.0,119084.0,1.5527950310559007,0.0,0.0,156905680.0,36566635.0,1635.0,817500.0,171533130.0,21120050.0,193472315.0
2022-07-20,1650.0,1675.0,1630.0,1640.0,142118.0,0.3058103975535168,239330.0,0.0,191163465.0,42553525.0,6600.0,0.0,168228485.0,65721235.0,233956320.0
2022-07-21,1640.0,1760.0,1620.0,1700.0,800109.0,3.6585365853658534,997640.0,0.0,1184450800.0,183189615.0,51245.0,3072225.0,1084087700.0,281426885.0,1368638055.0
2022-07-22,1700.0,1700.0,1615.0,1665.0,182035.0,-2.0588235294117645,28305.0,0.0,249019225.0,53076935.0,983175.0,0.0,258799585.0,42341705.0,302124465.0
2022-07-25,1660.0,1665.0,1605.0,1625.0,152001.0,-2.4024024024024024,14625.0,0.0,200402365.0,48369745.0,42350.0,0.0,191312000.0,57432385.0,248786735.0
2022-07-26,1720.0,2110.0,1720.0,1830.0,20800224.0,12.615384615384615,11835665.0,34622110.0,40853755040.0,1128257710.0,20576735.0,70555505.0,40448650090.0,1488688195.0,42028470525.0
2022-07-27,1865.0,1940.0,1830.0,1830.0,2808219.0,0.0,120455605.0,0.0,4610006910.0,540872450.0,2596150.0,0.0,4583877700.0,684861115.0,5271334965.0
2022-07-28,1850.0,1855.0,1750.0,1785.0,828719.0,-2.459016393442623,126735.0,0.0,1262037860.0,215299810.0,37859645.0,0.0,1303127700.0,136477060.0,1477464405.0
2022-07-29,1750.0,1790.0,1745.0,1770.0,434107.0,-0.8403361344537815,430110.0,8851770.0,648972980.0,109703185.0,27294795.0,0.0,654903110.0,85760140.0,767958045.0
2022-08-01,1770.0,1775.0,1715.0,1750.0,380339.0,-1.1299435028248588,132965.0,6103510.0,584012250.0,74065005.0,21797550.0,0.0,543198660.0,99317520.0,664313730.0
2022-08-02,1750.0,1750.0,1670.0,1725.0,469319.0,-1.4285714285714286,189310.0,3400000.0,690684080.0,105498920.0,25196695.0,0.0,635717265.0,138858350.0,799772310.0
2022-08-03,1715.0,1740.0,1690.0,1735.0,182089.0,0.5797101449275363,161275.0,0.0,251877710.0,61757750.0,6274580.0,0.0,287880285.0,19641870.0,313796735.0
2022-08-04,1735.0,1760.0,1720.0,1745.0,245102.0,0.5763688760806917,219025.0,0.0,327307145.0,98579160.0,570995.0,0.0,375868645.0,49665690.0,426105330.0
2022-08-05,1735.0,1755.0,1705.0,1730.0,231478.0,-0.8595988538681949,17310.0,0.0,383652170.0,19301570.0,62580.0,0.0,383162000.0,19746470.0,402971050.0
2022-08-08,1820.0,1830.0,1715.0,1720.0,492360.0,-0.5780346820809248,352600.0,6655760.0,810023725.0,46282865.0,5150.0,173000.0,668584950.0,194551850.0,863314950.0
2022-08-09,1710.0,1745.0,1700.0,1735.0,171687.0,0.872093023255814,0.0,0.0,269793365.0,25339085.0,121105.0,5773160.0,251510750.0,37727435.0,295132450.0
2022-08-10,1735.0,1735.0,1705.0,1720.0,128105.0,-0.8645533141210375,511865.0,0.0,177081230.0,42103990.0,15465.0,0.0,186030820.0,33650800.0,219697085.0
2022-08-11,1735.0,1745.0,1720.0,1740.0,222373.0,1.1627906976744187,0.0,0.0,306540560.0,79238105.0,41710.0,5885000.0,363487385.0,16364570.0,385778665.0
2022-08-12,1735.0,1830.0,1735.0,1740.0,462557.0,0.0,0.0,117980.0,711540725.0,105998170.0,221300.0,1111625.0,681973050.0,134350900.0,817656875.0
2022-08-16,1750.0,1765.0,1740.0,1750.0,181386.0,0.5747126436781609,148715.0,0.0,288109330.0,29285730.0,14010.0,0.0,292468380.0,25061385.0,317543775.0
2022-08-17,1750.0,1750.0,1700.0,1700.0,207083.0,-2.857142857142857,0.0,149640.0,344789045.0,10500330.0,52700.0,2046000.0,281977810.0,71362505.0,355439015.0
2022-08-18,1700.0,1710.0,1655.0,1680.0,110383.0,-1.1764705882352942,0.0,300600.0,164508155.0,20719250.0,16870.0,0.0,171999905.0,13511230.0,185528005.0
2022-08-19,1680.0,1705.0,1660.0,1675.0,114490.0,-0.2976190476190476,6765.0,0.0,151530020.0,40531785.0,477615.0,501000.0,169609010.0,21480945.0,192068570.0
2022-08-22,1655.0,1710.0,1645.0,1665.0,126635.0,-0.5970149253731344,454670.0,0.0,190000040.0,20438880.0,183310.0,4940815.0,172852805.0,32916660.0,210893590.0
2022-08-23,1800.0,1860.0,1645.0,1665.0,1349996.0,0.0,385245.0,0.0,2212788960.0,138909370.0,116815.0,0.0,2115318035.0,236648725.0,2352083575.0
2022-08-24,1665.0,1685.0,1625.0,1640.0,164704.0,-1.5015015015015014,9855.0,0.0,232905480.0,38206420.0,36060.0,0.0,246209360.0,24876335.0,271121755.0
2022-08-25,1665.0,1680.0,1645.0,1670.0,160700.0,1.8292682926829267,0.0,0.0,182888430.0,84046955.0,38380.0,0.0,243972235.0,22924770.0,266935385.0
2022-08-26,1685.0,1690.0,1650.0,1665.0,108201.0,-0.29940119760479045,0.0,0.0,155304575.0,25381135.0,89600.0,0.0,146892970.0,33703140.0,180685710.0
2022-08-29,1590.0,1700.0,1585.0,1625.0,294986.0,-2.4024024024024024,0.0,0.0,387774750.0,93794560.0,22785.0,0.0,374119225.0,107427300.0,481569310.0
2022-08-30,1630.0,1655.0,1625.0,1640.0,94834.0,0.9230769230769231,0.0,0.0,122261825.0,32800825.0,295755.0,0.0,146503095.0,8263800.0,155062650.0
2022-08-31,1640.0,1665.0,1635.0,1635.0,170003.0,-0.3048780487804878,0.0,0.0,193252415.0,86970270.0,4925.0,0.0,259328445.0,20889315.0,280222685.0
2022-09-01,1635.0,1640.0,1580.0,1585.0,162662.0,-3.058103975535168,6340.0,2387500.0,237736370.0,20233420.0,0.0,0.0,209986995.0,50376635.0,260363630.0
2022-09-02,1575.0,1600.0,1535.0,1535.0,164974.0,-3.1545741324921135,3579485.0,3142500.0,192728870.0,57466660.0,0.0,0.0,233925115.0,22992400.0,256917515.0
2022-09-05,1535.0,1545.0,1485.0,1500.0,194815.0,-2.2801302931596092,13500.0,0.0,146928130.0,146624930.0,4515.0,0.0,269827140.0,23734905.0,293566560.0
2022-09-06,1490.0,1525.0,1485.0,1525.0,76505.0,1.6666666666666667,1116835.0,0.0,72312605.0,41829735.0,6100.0,0.0,107196690.0,8056385.0,115259175.0
2022-09-07,1525.0,1545.0,1455.0,1500.0,117955.0,-1.639344262295082,193550.0,0.0,138338275.0,37918675.0,0.0,0.0,127225340.0,49225160.0,176450500.0
2022-09-08,1500.0,1520.0,1495.0,1515.0,73544.0,1.0,103615.0,1505000.0,82746075.0,26280025.0,0.0,0.0,92060210.0,18574505.0,110634715.0
2022-09-13,1515.0,1565.0,1515.0,1560.0,149796.0,2.9702970297029703,20280.0,0.0,173378810.0,57210745.0,37440.0,1555000.0,210820935.0,18196460.0,230609835.0
2022-09-14,1510.0,1545.0,1500.0,1535.0,57279.0,-1.6025641025641024,173225.0,0.0,54017945.0,32850235.0,0.0,0.0,71643280.0,15398125.0,87041405.0
2022-09-15,1530.0,1555.0,1520.0,1540.0,65036.0,0.32573289902280134,59940.0,0.0,79408455.0,20409620.0,0.0,0.0,66932805.0,32945210.0,99878015.0
2022-09-16,1515.0,1530.0,1490.0,1495.0,111853.0,-2.922077922077922,88205.0,8895250.0,139597850.0,19415745.0,0.0,0.0,105366625.0,62630425.0,167997050.0
2022-09-19,1495.0,1505.0,1440.0,1480.0,134720.0,-1.0033444816053512,14800.0,0.0,148084445.0,49232850.0,0.0,8658075.0,153295515.0,35378505.0,197332095.0
2022-09-20,1455.0,1530.0,1455.0,1475.0,172992.0,-0.33783783783783783,11800.0,2349675.0,186076545.0,65965615.0,0.0,0.0,230341440.0,24062195.0,254403635.0
2022-09-21,1490.0,1510.0,1465.0,1465.0,159638.0,-0.6779661016949152,95705.0,0.0,173760260.0,63291915.0,0.0,7500000.0,191574240.0,38073640.0,237147880.0
2022-09-22,1465.0,1480.0,1395.0,1435.0,149790.0,-2.04778156996587,58800.0,0.0,172415085.0,40835780.0,0.0,0.0,160178010.0,53131655.0,213309665.0
2022-09-23,1410.0,1430.0,1375.0,1375.0,268769.0,-4.181184668989547,108745.0,0.0,320135080.0,55331605.0,0.0,0.0,263320530.0,112254900.0,375575430.0
2022-09-26,1325.0,1350.0,1265.0,1285.0,220008.0,-6.545454545454546,128260.0,0.0,184253275.0,99790400.0,0.0,0.0,253750930.0,30421005.0,284171935.0
2022-09-27,1280.0,1315.0,1250.0,1275.0,129237.0,-0.7782101167315175,26775.0,0.0,96324330.0,68966695.0,0.0,0.0,127064640.0,38253160.0,165317800.0
2022-09-28,1265.0,1325.0,1210.0,1235.0,157911.0,-3.1372549019607843,179010.0,5995670.0,136718190.0,56877910.0,0.0,0.0,146566725.0,53204055.0,199770780.0
2022-09-29,1235.0,1285.0,1235.0,1245.0,109085.0,0.8097165991902834,144915.0,0.0,80074975.0,56625990.0,0.0,0.0,121636085.0,15209795.0,136845880.0
2022-09-30,1195.0,1260.0,1195.0,1230.0,76312.0,-1.2048192771084338,125950.0,0.0,59397925.0,34291105.0,0.0,0.0,80268330.0,13546650.0,93814980.0
2022-10-04,1240.0,1275.0,1240.0,1260.0,88203.0,2.4390243902439024,311585.0,0.0,62675655.0,47923295.0,0.0,0.0,109121795.0,1788740.0,110910535.0
2022-10-05,1280.0,1310.0,1250.0,1275.0,108632.0,1.1904761904761905,101780.0,0.0,128765210.0,10456240.0,0.0,0.0,78115765.0,61207465.0,139323230.0
2022-10-06,1275.0,1475.0,1275.0,1350.0,1162835.0,5.88235294117647,2196765.0,0.0,1409545150.0,185180615.0,1268160.0,0.0,1283234155.0,312420215.0,1596922530.0
2022-10-07,1340.0,1340.0,1295.0,1305.0,161680.0,-3.3333333333333335,6525.0,0.0,171322285.0,40823755.0,944075.0,0.0,179045000.0,32163490.0,212152565.0
2022-10-11,1275.0,1290.0,1245.0,1255.0,118600.0,-3.8314176245210727,33885.0,0.0,120556945.0,29105985.0,76600.0,0.0,117632825.0,31987390.0,149696815.0
2022-10-12,1225.0,1260.0,1225.0,1260.0,67140.0,0.398406374501992,87850.0,0.0,67712015.0,15773575.0,128060.0,0.0,63118050.0,20327330.0,83573440.0
2022-10-13,1245.0,1255.0,1185.0,1190.0,197158.0,-5.555555555555555,33320.0,0.0,210332890.0,27400650.0,0.0,7801540.0,147195545.0,82769775.0,237766860.0
2022-10-14,1190.0,1265.0,1190.0,1235.0,145978.0,3.7815126050420167,0.0,0.0,119588360.0,60608595.0,71630.0,0.0,164760205.0,15365120.0,180196955.0
2022-10-17,1230.0,1300.0,1220.0,1295.0,93505.0,4.8582995951417,0.0,0.0,78540685.0,39318055.0,63835.0,0.0,112697470.0,5097435.0,117858740.0
2022-10-18,1300.0,1340.0,1290.0,1330.0,94499.0,2.7027027027027026,0.0,0.0,88099645.0,36041715.0,14355.0,0.0,101380420.0,22746585.0,124141360.0
2022-10-19,1330.0,1350.0,1305.0,1325.0,73300.0,-0.37593984962406013,0.0,0.0,78624040.0,18928475.0,21200.0,0.0,75940530.0,21590785.0,97552515.0
2022-10-20,1325.0,1340.0,1280.0,1280.0,76965.0,-3.3962264150943398,234420.0,0.0,68243620.0,31864470.0,0.0,0.0,87186125.0,13156385.0,100342510.0
2022-10-21,1280.0,1405.0,1265.0,1310.0,553337.0,2.34375,134930.0,0.0,621628655.0,112514600.0,0.0,0.0,560078900.0,174199285.0,734278185.0
2022-10-24,1360.0,1360.0,1300.0,1305.0,163667.0,-0.38167938931297707,80155.0,13150000.0,158837050.0,43900635.0,5220.0,0.0,175838190.0,40124430.0,215967840.0
2022-10-25,1310.0,1345.0,1255.0,1295.0,177408.0,-0.7662835249042145,71825.0,6525000.0,139480290.0,82885170.0,1295.0,0.0,220210080.0,8750910.0,228962285.0
2022-10-26,1300.0,1325.0,1280.0,1295.0,68453.0,0.0,236680.0,0.0,85234930.0,3202740.0,0.0,0.0,81659960.0,7014390.0,88674350.0
2022-10-27,1290.0,1335.0,1290.0,1335.0,115775.0,3.088803088803089,190115.0,0.0,107512725.0,44316745.0,52065.0,0.0,146508920.0,5458600.0,152019585.0
2022-10-28,1325.0,1340.0,1300.0,1305.0,54207.0,-2.247191011235955,9135.0,0.0,64503785.0,6693245.0,0.0,0.0,48673270.0,22532895.0,71206165.0
2022-10-31,1325.0,1330.0,1285.0,1305.0,77815.0,0.0,1315.0,5883760.0,74466690.0,21537215.0,26290.0,0.0,75865065.0,25997625.0,101888980.0
2022-11-01,1310.0,1330.0,1300.0,1330.0,59883.0,1.9157088122605364,0.0,0.0,49469770.0,29511150.0,14590.0,0.0,58028860.0,20937470.0,78980920.0
2022-11-02,1330.0,1360.0,1315.0,1345.0,63686.0,1.1278195488721803,0.0,9673920.0,67922825.0,7706965.0,5380.0,0.0,81411660.0,3886670.0,85303710.0
2022-11-03,1330.0,1350.0,1300.0,1320.0,49532.0,-1.858736059479554,5280.0,0.0,50385670.0,15232930.0,0.0,0.0,61533350.0,4090530.0,65623880.0
2022-11-04,1335.0,1335.0,1275.0,1310.0,65200.0,-0.7575757575757576,2620.0,0.0,78359120.0,6297375.0,57870.0,0.0,68363030.0,16238215.0,84659115.0
2022-11-07,1310.0,1330.0,1310.0,1320.0,42112.0,0.7633587786259541,0.0,0.0,33531275.0,22102770.0,96360.0,0.0,54604250.0,933435.0,55634045.0
2022-11-08,1325.0,1345.0,1320.0,1335.0,59276.0,1.1363636363636365,0.0,6676335.0,42966770.0,29515040.0,92115.0,0.0,77639615.0,1426415.0,79158145.0
2022-11-09,1340.0,1355.0,1330.0,1335.0,103351.0,0.0,0.0,0.0,128176430.0,10105670.0,743850.0,2670.0,126258640.0,11276940.0,138282100.0
2022-11-10,1335.0,1370.0,1315.0,1340.0,72114.0,0.37453183520599254,0.0,0.0,89770455.0,6991780.0,384900.0,0.0,91478575.0,4898760.0,96762235.0
2022-11-11,1370.0,1380.0,1340.0,1365.0,216770.0,1.8656716417910446,1063780.0,6800000.0,273579610.0,14029030.0,272650.0,0.0,228902735.0,66297035.0,295472420.0
2022-11-14,1365.0,1385.0,1355.0,1365.0,59823.0,0.0,0.0,0.0,69618755.0,12239450.0,77805.0,0.0,80011430.0,1768970.0,81858205.0
2022-11-15,1365.0,1395.0,1350.0,1375.0,64182.0,0.7326007326007326,38500.0,0.0,77047310.0,10702940.0,248875.0,0.0,83659350.0,3880525.0,87788750.0
2022-11-16,1370.0,1375.0,1350.0,1370.0,62443.0,-0.36363636363636365,140510.0,0.0,83346170.0,1418720.0,16440.0,0.0,75233045.0,9655915.0,84905400.0
2022-11-17,1370.0,1370.0,1345.0,1360.0,36911.0,-0.7299270072992701,23100.0,0.0,44358935.0,5598765.0,27400.0,0.0,46153185.0,3800215.0,49980800.0
2022-11-18,1360.0,1365.0,1345.0,1350.0,68769.0,-0.7352941176470588,230850.0,0.0,87299140.0,5446275.0,4377240.0,0.0,74951820.0,13647205.0,92976265.0
2022-11-21,1345.0,1365.0,1325.0,1325.0,51739.0,-1.8518518518518516,75525.0,0.0,64506180.0,4608715.0,0.0,0.0,58892555.0,10297865.0,69190420.0
2022-11-22,1320.0,1335.0,1305.0,1310.0,79593.0,-1.1320754716981132,52400.0,0.0,98256250.0,6362440.0,0.0,0.0,99005050.0,5666040.0,104671090.0
2022-11-23,1310.0,1340.0,1310.0,1325.0,68703.0,1.1450381679389312,710235.0,2487450.0,77332295.0,9727745.0,116160.0,0.0,88357015.0,1784550.0,90257725.0
2022-11-24,1340.0,1440.0,1330.0,1355.0,877353.0,2.2641509433962264,1999590.0,135500.0,1143409440.0,70092180.0,0.0,0.0,1122520150.0,93116560.0,1215636710.0
2022-11-25,1360.0,1375.0,1350.0,1360.0,59742.0,0.36900369003690037,1278710.0,0.0,74513955.0,5385670.0,1079275.0,0.0,70940315.0,9158745.0,81178335.0
2022-11-28,1380.0,1380.0,1310.0,1310.0,131505.0,-3.6764705882352944,74710.0,0.0,170181020.0,6258910.0,75790.0,0.0,156973830.0,19465020.0,176514640.0
2022-11-29,1285.0,1350.0,1285.0,1340.0,73055.0,2.2900763358778624,28140.0,1330.0,80760715.0,15544180.0,18760.0,0.0,93919610.0,2395995.0,96334365.0
2022-11-30,1350.0,1380.0,1345.0,1360.0,103619.0,1.4925373134328357,13600.0,649740.0,107995630.0,32412875.0,21750.0,0.0,129581440.0,11468655.0,141071845.0
2022-12-01,1375.0,1375.0,1350.0,1360.0,105563.0,0.0,15000.0,0.0,127168230.0,16682990.0,6795.0,1365.0,130878755.0,12979305.0,143866220.0
2022-12-02,1370.0,1380.0,1355.0,1370.0,69560.0,0.7352941176470588,13700.0,0.0,81562825.0,13490650.0,0.0,0.0,94850935.0,216240.0,95067175.0
2022-12-05,1360.0,1385.0,1360.0,1370.0,60293.0,0.0,10960.0,0.0,77910085.0,4508200.0,1370.0,0.0,82300380.0,127495.0,82429245.0
2022-12-06,1370.0,1370.0,1340.0,1350.0,46930.0,-1.4598540145985401,0.0,0.0,60680235.0,2582920.0,310260.0,0.0,59109795.0,3843100.0,63263155.0
2022-12-07,1330.0,1350.0,1315.0,1330.0,53691.0,-1.4814814814814816,0.0,0.0,70991085.0,563330.0,22610.0,0.0,68164435.0,3367370.0,71554415.0
2022-12-08,1330.0,1340.0,1300.0,1300.0,93009.0,-2.2556390977443606,5305.0,0.0,120755940.0,1162365.0,24720.0,0.0,112386350.0,9512540.0,121923610.0
2022-12-09,1305.0,1325.0,1300.0,1310.0,51005.0,0.7692307692307693,77070.0,39150.0,63241295.0,3214690.0,0.0,0.0,66177965.0,394240.0,66572205.0
2022-12-12,1310.0,1330.0,1300.0,1325.0,52346.0,1.1450381679389312,76635.0,0.0,67003980.0,1840545.0,0.0,0.0,67581885.0,1339275.0,68921160.0
2022-12-13,1325.0,1335.0,1315.0,1325.0,49509.0,0.0,68925.0,0.0,63867570.0,1532250.0,68640.0,0.0,65390795.0,9310.0,65468745.0
2022-12-14,1325.0,1350.0,1325.0,1345.0,63129.0,1.509433962264151,60525.0,0.0,77011875.0,7688405.0,99530.0,0.0,84348185.0,313090.0,84760805.0
2022-12-15,1355.0,1360.0,1325.0,1345.0,65860.0,0.0,145275.0,0.0,84974030.0,3154550.0,14685.0,0.0,87907270.0,351900.0,88273855.0
2022-12-16,1340.0,1355.0,1330.0,1345.0,72903.0,0.0,185615.0,0.0,93036185.0,4791460.0,0.0,6750000.0,89819500.0,1443760.0,98013260.0
2022-12-19,1340.0,1345.0,1330.0,1335.0,36883.0,-0.7434944237918215,45390.0,0.0,48188550.0,1045930.0,0.0,0.0,46882600.0,2397270.0,49279870.0
2022-12-20,1335.0,1340.0,1280.0,1300.0,83591.0,-2.6217228464419478,136940.0,0.0,106418530.0,3014395.0,1004495.0,0.0,95598280.0,12967090.0,109569865.0
2022-12-21,1295.0,1310.0,1285.0,1290.0,26668.0,-0.7692307692307693,163865.0,1300.0,34333110.0,0.0,0.0,0.0,20578025.0,13920250.0,34498275.0
2022-12-22,1300.0,1325.0,1295.0,1300.0,36437.0,0.7751937984496124,258705.0,6525.0,45112425.0,2183675.0,0.0,0.0,43375005.0,4186325.0,47561330.0
2022-12-23,1300.0,1300.0,1235.0,1265.0,60404.0,-2.6923076923076925,93610.0,110895.0,75917165.0,236250.0,0.0,0.0,57308510.0,19049410.0,76357920.0
2022-12-26,1265.0,1270.0,1215.0,1220.0,64630.0,-3.557312252964427,143030.0,85350.0,77451775.0,2371695.0,0.0,0.0,68682725.0,11369125.0,80051850.0
2022-12-27,1210.0,1225.0,1205.0,1220.0,65175.0,0.0,154855.0,414960.0,78133220.0,577045.0,0.0,0.0,75457095.0,3822985.0,79280080.0
2022-12-28,1220.0,1220.0,1190.0,1200.0,42753.0,-1.639344262295082,15600.0,3615.0,51268810.0,102775.0,270300.0,0.0,37819545.0,13300955.0,51390800.0
2022-12-29,1195.0,1200.0,1135.0,1150.0,145092.0,-4.166666666666666,75160.0,656640.0,159207480.0,6714000.0,1160.0,0.0,148914010.0,17738110.0,166653280.0
2023-01-02,1140.0,1145.0,1075.0,1075.0,114487.0,-6.521739130434782,607565.0,343670.0,105266735.0,20658295.0,0.0,0.0,114208940.0,12667325.0,126876265.0
2023-01-03,1075.0,1085.0,994.0,1060.0,332068.0,-1.3953488372093024,1066555.0,10537000.0,287025413.0,41056793.0,635545.0,0.0,331252901.0,7797315.0,339685761.0
2023-01-04,1070.0,1080.0,1045.0,1060.0,77911.0,0.0,0.0,177785.0,63865350.0,18628575.0,803900.0,0.0,72731785.0,9136025.0,82671710.0
2023-01-05,1075.0,1100.0,1065.0,1075.0,94781.0,1.4150943396226416,0.0,361215.0,92068660.0,9972715.0,332535.0,0.0,90734545.0,11335510.0,102402590.0
2023-01-06,1080.0,1135.0,1070.0,1125.0,222780.0,4.651162790697675,2325340.0,256100.0,215020760.0,29809765.0,3091545.0,0.0,236858715.0,7461705.0,247411965.0
2023-01-09,1140.0,1155.0,1130.0,1140.0,70294.0,1.3333333333333335,0.0,389870.0,69988990.0,9905540.0,215495.0,0.0,78430205.0,1638700.0,80284400.0
2023-01-10,1140.0,1150.0,1135.0,1135.0,56881.0,-0.43859649122807015,0.0,3766630.0,59700070.0,1431670.0,445630.0,0.0,62558820.0,1893920.0,64898370.0
2023-01-11,1135.0,1155.0,1135.0,1150.0,71998.0,1.3215859030837005,55200.0,400200.0,73595800.0,8638975.0,387840.0,0.0,81879925.0,422410.0,82690175.0
2023-01-12,1150.0,1230.0,1135.0,1155.0,267046.0,0.43478260869565216,27720.0,223905.0,295877380.0,20158285.0,1901710.0,0.0,294625400.0,19760180.0,316287290.0
2023-01-13,1155.0,1175.0,1145.0,1160.0,69603.0,0.4329004329004329,0.0,401355.0,73108620.0,6760825.0,125280.0,0.0,77085630.0,3059890.0,80270800.0
2023-01-16,1165.0,1175.0,1150.0,1150.0,94774.0,-0.8620689655172413,0.0,385185.0,100474850.0,8682415.0,104650.0,0.0,105253050.0,4184750.0,109542450.0
2023-01-17,1150.0,1160.0,1135.0,1140.0,106943.0,-0.8695652173913043,0.0,7980.0,111416750.0,10782985.0,62700.0,0.0,118650510.0,3494505.0,122207715.0
2023-01-18,1140.0,1155.0,1120.0,1125.0,59584.0,-1.3157894736842104,19125.0,4540.0,62197405.0,5025425.0,104625.0,0.0,66372340.0,769530.0,67246495.0
2023-01-19,1115.0,1140.0,1115.0,1130.0,50850.0,0.4444444444444444,0.0,0.0,51776090.0,5609350.0,32770.0,0.0,54038875.0,3313795.0,57385440.0
2023-01-20,1120.0,1140.0,1120.0,1135.0,43701.0,0.4424778761061947,0.0,7945.0,45093075.0,4282190.0,31780.0,0.0,48807765.0,543665.0,49383210.0
2023-01-25,1134.0,1160.0,1134.0,1155.0,110618.0,1.762114537444934,0.0,0.0,116755081.0,10365084.0,21945.0,0.0,125754218.0,1344002.0,127120165.0
2023-01-26,1161.0,1175.0,1161.0,1169.0,72961.0,1.2121212121212122,0.0,2338.0,78308423.0,6842733.0,17535.0,0.0,84362046.0,773913.0,85153494.0
2023-01-27,1169.0,1178.0,1169.0,1172.0,54244.0,0.2566295979469632,53912.0,0.0,58694821.0,4834012.0,67930.0,0.0,63328209.0,186606.0,63582745.0
2023-01-30,1175.0,1179.0,1166.0,1170.0,41412.0,-0.17064846416382254,56160.0,5850.0,44585904.0,3854331.0,125190.0,0.0,44641021.0,3736034.0,48502245.0
2023-01-31,1169.0,1179.0,1159.0,1173.0,62766.0,0.2564102564102564,0.0,655289.0,67744744.0,4915943.0,12903.0,0.0,72680852.0,622221.0,73315976.0
2023-02-01,1179.0,1185.0,1171.0,1181.0,48625.0,0.6820119352088662,0.0,7098.0,55348691.0,2021245.0,8267.0,0.0,51947975.0,5420792.0,57377034.0
2023-02-02,1176.0,1187.0,1176.0,1182.0,88119.0,0.0846740050804403,0.0,0.0,95194823.0,8783463.0,8274.0,0.0,102732243.0,1237769.0,103978286.0
2023-02-03,1193.0,1193.0,1173.0,1175.0,111089.0,-0.5922165820642978,0.0,1179.0,127905219.0,3053782.0,483025.0,0.0,130185781.0,291374.0,130960180.0
2023-02-06,1175.0,1176.0,1166.0,1175.0,32986.0,0.0,3094842.0,410610.0,32311325.0,2776495.0,0.0,0.0,37089770.0,1503502.0,38593272.0
2023-02-07,1163.0,1175.0,1163.0,1171.0,50806.0,-0.3404255319148936,590392.0,1172.0,55682153.0,3174493.0,0.0,0.0,54708751.0,4739459.0,59448210.0
2023-02-08,1171.0,1176.0,1160.0,1170.0,60826.0,-0.08539709649871904,30420.0,4684.0,64215196.0,6903133.0,0.0,0.0,66336796.0,4816637.0,71153433.0
2023-02-09,1170.0,1175.0,1160.0,1160.0,104424.0,-0.8547008547008548,2320.0,1168.0,117965334.0,3548293.0,0.0,0.0,121101168.0,415947.0,121517115.0
2023-02-10,1160.0,1175.0,1139.0,1140.0,142946.0,-1.7241379310344827,0.0,1143.0,161439382.0,2312938.0,0.0,0.0,150169964.0,13583499.0,163753463.0
2023-02-13,1140.0,1158.0,1122.0,1128.0,81763.0,-1.0526315789473684,0.0,6834.0,89399803.0,2897905.0,8120147.0,0.0,73765381.0,10419014.0,92304542.0
2023-02-14,1128.0,1161.0,1125.0,1156.0,123789.0,2.4822695035460995,0.0,2306.0,132271100.0,9743376.0,23120.0,0.0,140067530.0,1926132.0,142016782.0
2023-02-15,1162.0,1171.0,1135.0,1140.0,64207.0,-1.384083044982699,0.0,0.0,74055014.0,52092.0,15960.0,0.0,52660862.0,21430284.0,74107106.0
2023-02-16,1140.0,1163.0,1140.0,1162.0,75858.0,1.9298245614035088,0.0,400833.0,84167762.0,2922248.0,15106.0,0.0,83027096.0,4448641.0,87490843.0
2023-02-17,1162.0,1170.0,1151.0,1151.0,62481.0,-0.9466437177280551,2324.0,399982.0,70876283.0,1110543.0,11510.0,0.0,68390825.0,3986797.0,72389132.0
2023-02-20,1145.0,1162.0,1141.0,1157.0,36183.0,0.5212858384013901,0.0,6918.0,38541698.0,3022707.0,174707.0,0.0,40219267.0,1177349.0,41571323.0
2023-02-21,1166.0,1169.0,1154.0,1165.0,38139.0,0.6914433880726015,0.0,0.0,41328126.0,2974863.0,58250.0,0.0,42736663.0,1508076.0,44302989.0
2023-02-22,1158.0,1186.0,1156.0,1180.0,70185.0,1.2875536480686696,54280.0,3540.0,78832002.0,3311211.0,38940.0,0.0,72878453.0,9283640.0,82201033.0
2023-02-23,1168.0,1171.0,1152.0,1154.0,64692.0,-2.2033898305084745,125353.0,0.0,69500796.0,5290436.0,25388.0,0.0,61910811.0,12980386.0,74916585.0
2023-02-24,1154.0,1163.0,1140.0,1154.0,55959.0,0.0,28845.0,4584.0,63690034.0,515322.0,5770.0,0.0,39880362.0,24352653.0,64238785.0
2023-02-27,1145.0,1175.0,1143.0,1151.0,67161.0,-0.25996533795493937,71362.0,6996.0,74460534.0,3069946.0,0.0,0.0,64389847.0,13218991.0,77608838.0
2023-02-28,1148.0,1163.0,1148.0,1157.0,35848.0,0.5212858384013901,9254.0,651358.0,36890117.0,3753960.0,0.0,0.0,39965516.0,1339173.0,41304689.0
2023-03-02,1169.0,1169.0,1148.0,1148.0,34358.0,-0.7778738115816767,11536.0,4624.0,39013857.0,640173.0,82848.0,0.0,34164629.0,5422713.0,39670190.0
2023-03-03,1155.0,1160.0,1144.0,1149.0,35294.0,0.08710801393728224,0.0,2300.0,38055480.0,2475699.0,13788.0,394568.0,35593395.0,4531728.0,40533479.0
2023-03-06,1145.0,1148.0,1135.0,1141.0,70408.0,-0.6962576153176675,27384.0,2282.0,69100435.0,11088984.0,7987.0,0.0,76250333.0,3960765.0,80219085.0
2023-03-07,1141.0,1149.0,1134.0,1141.0,42607.0,0.0,161688.0,5710.0,45431662.0,2853295.0,26151.0,0.0,46013036.0,2413168.0,48452355.0
2023-03-08,1141.0,1146.0,1125.0,1125.0,62166.0,-1.4022787028922,0.0,3396.0,66264927.0,3904211.0,0.0,0.0,56201857.0,13970677.0,70172534.0
2023-03-09,1125.0,1143.0,1109.0,1129.0,88265.0,0.35555555555555557,83551.0,2230.0,95364353.0,3225294.0,0.0,0.0,80555352.0,18120076.0,98675428.0
2023-03-10,1110.0,1122.0,1103.0,1103.0,52712.0,-2.3029229406554474,0.0,2214.0,54157485.0,4172616.0,19854.0,0.0,40333105.0,17979356.0,58332315.0
2023-03-13,1077.0,1089.0,1052.0,1067.0,94513.0,-3.2638259292837715,3205.0,4252.0,97359417.0,3179365.0,17072.0,0.0,73996312.0,26532855.0,100546239.0
2023-03-14,1051.0,1051.0,1015.0,1016.0,66360.0,-4.779756326148079,2036.0,3069.0,65479804.0,2348562.0,549492.0,0.0,46867520.0,20416459.0,67833471.0
2023-03-15,1016.0,1032.0,1016.0,1021.0,90654.0,0.4921259842519685,2046.0,2056.0,87207452.0,5212842.0,129681.0,1672533.0,88612004.0,2010178.0,92424396.0
2023-03-16,1025.0,1028.0,1008.0,1014.0,47448.0,-0.6856023506366308,2034.0,0.0,45969167.0,2154064.0,51714.0,0.0,36024298.0,12049253.0,48125265.0
2023-03-17,1015.0,1045.0,1015.0,1039.0,59088.0,2.465483234714004,1038.0,7273.0,58211728.0,2567199.0,129875.0,0.0,58409236.0,2248127.0,60787238.0
2023-03-20,1039.0,1063.0,1024.0,1025.0,63234.0,-1.3474494706448508,2062.0,0.0,56075126.0,9234159.0,61500.0,0.0,58252134.0,6997713.0,65311347.0
2023-03-21,1025.0,1040.0,1020.0,1026.0,90875.0,0.0975609756097561,0.0,0.0,90879104.0,2387024.0,44118.0,0.0,85595863.0,7626147.0,93266128.0
2023-03-22,1026.0,1030.0,1010.0,1013.0,61339.0,-1.267056530214425,2024.0,12192.0,61290858.0,961234.0,32416.0,0.0,54284625.0,7949267.0,62266308.0
2023-03-23,1012.0,1012.0,966.0,972.0,188002.0,-4.047384007897334,9744.0,0.0,181828797.0,3155404.0,245916.0,0.0,169621254.0,15126775.0,184993945.0
2023-03-24,972.0,997.0,970.0,997.0,106540.0,2.57201646090535,2949.0,8937.0,92880997.0,11504404.0,24925.0,0.0,96686111.0,7686251.0,104397287.0
2023-03-27,997.0,1032.0,961.0,1000.0,73465.0,0.3009027081243731,0.0,8032.0,68155890.0,4470149.0,17000.0,0.0,65340713.0,7276358.0,72634071.0
2023-03-28,1004.0,1009.0,980.0,1009.0,29192.0,0.8999999999999999,0.0,5039.0,26282009.0,2868744.0,14126.0,0.0,27445389.0,1696277.0,29155792.0
2023-03-29,1010.0,1011.0,1000.0,1007.0,42417.0,-0.19821605550049554,0.0,3012.0,31846482.0,10764288.0,401181.0,0.0,39883721.0,2328880.0,42613782.0
2023-03-30,1007.0,1024.0,1007.0,1017.0,32148.0,0.9930486593843099,6078.0,1017.0,30057437.0,2453202.0,1014.0,0.0,30228132.0,2288588.0,32517734.0
2023-03-31,1017.0,1017.0,1005.0,1005.0,50060.0,-1.1799410029498525,3015.0,14049100.0,31549738.0,4998219.0,51255.0,2815556.0,42702076.0,5031185.0,50600072.0
2023-04-03,1040.0,1040.0,1009.0,1013.0,75059.0,0.7960199004975124,5083.0,0.0,69296546.0,6896767.0,35455.0,0.0,76035859.0,127082.0,76198396.0
2023-04-04,1013.0,1028.0,1013.0,1020.0,35948.0,0.6910167818361304,13306.0,0.0,30312110.0,6457667.0,57168.0,0.0,35892469.0,833446.0,36783083.0
2023-04-05,1024.0,1025.0,1015.0,1020.0,29327.0,0.0,3060.0,15300.0,27114622.0,2737008.0,140632.0,0.0,24563567.0,5165791.0,29869990.0
2023-04-06,1020.0,1028.0,1005.0,1012.0,52829.0,-0.7843137254901961,86205.0,0.0,49334641.0,4167920.0,36418.0,0.0,45240566.0,8311782.0,53588766.0
2023-04-07,1012.0,1025.0,1010.0,1019.0,19501.0,0.691699604743083,1022.0,0.0,19326928.0,462735.0,19361.0,0.0,14430048.0,5341276.0,19790685.0
2023-04-10,1019.0,1019.0,993.0,1007.0,83067.0,-1.1776251226692835,0.0,18000.0,77778045.0,5452248.0,161028.0,0.0,70688877.0,12398388.0,83248293.0
2023-04-11,1000.0,1006.0,989.0,992.0,81148.0,-1.4895729890764648,0.0,0.0,77627821.0,3071501.0,69486.0,0.0,75880496.0,4749340.0,80699322.0
2023-04-12,992.0,1005.0,992.0,1004.0,31578.0,1.2096774193548387,0.0,0.0,28065636.0,3500032.0,122488.0,0.0,27437695.0,4005485.0,31565668.0
2023-04-13,1004.0,1006.0,992.0,1005.0,64002.0,0.099601593625498,0.0,0.0,56117884.0,7826727.0,160788.0,0.0,59911229.0,3872594.0,63944611.0
2023-04-14,1008.0,1014.0,1005.0,1011.0,52274.0,0.5970149253731344,0.0,1013.0,44333664.0,8481696.0,249645.0,0.0,45536028.0,7030700.0,52816373.0
2023-04-17,1011.0,1018.0,1007.0,1010.0,50967.0,-0.09891196834817012,3030.0,8096.0,46357697.0,5144839.0,157595.0,0.0,42854108.0,8501959.0,51513662.0
2023-04-18,1012.0,1019.0,1000.0,1007.0,56251.0,-0.297029702970297,0.0,3015.0,56097988.0,559336.0,336326.0,0.0,50499620.0,5824393.0,56660339.0
2023-04-19,1007.0,1011.0,1001.0,1008.0,96453.0,0.09930486593843098,0.0,5037016.0,84556462.0,7425005.0,277193.0,0.0,95379755.0,1361535.0,97018483.0
2023-04-20,1011.0,1015.0,998.0,998.0,68691.0,-0.992063492063492,0.0,4028.0,66469877.0,2478824.0,106797.0,0.0,65789899.0,3056033.0,68952729.0
2023-04-21,993.0,1016.0,989.0,1011.0,169981.0,1.3026052104208417,1988.0,4048.0,164832822.0,6395123.0,128397.0,0.0,164532390.0,6573194.0,171233981.0
2023-04-24,1003.0,1019.0,980.0,993.0,95400.0,-1.7804154302670623,0.0,8892.0,83453787.0,11652399.0,70543.0,0.0,80001650.0,15042885.0,95115078.0
2023-04-25,983.0,990.0,950.0,972.0,137115.0,-2.1148036253776437,69012.0,1936.0,128949598.0,4084465.0,21384.0,0.0,120935919.0,12147708.0,133105011.0
2023-04-26,970.0,980.0,950.0,972.0,30855.0,0.0,0.0,974.0,28391222.0,1489755.0,16524.0,0.0,23206887.0,6658540.0,29881951.0
2023-04-27,965.0,978.0,955.0,978.0,68748.0,0.6172839506172839,11736.0,1934.0,64574825.0,1397405.0,6846.0,0.0,61759927.0,4219127.0,65985900.0
2023-04-28,983.0,990.0,965.0,971.0,69329.0,-0.7157464212678937,150132.0,22398.0,66080369.0,1332413.0,0.0,0.0,64787712.0,2797600.0,67585312.0
2023-05-02,971.0,976.0,962.0,973.0,44036.0,0.20597322348094746,1946.0,2925.0,40449173.0,2245512.0,362241.0,0.0,42072267.0,265048.0,42699556.0
2023-05-03,995.0,1003.0,976.0,1000.0,55885.0,2.774922918807811,0.0,705294.0,46980059.0,7982016.0,367734.0,0.0,54763464.0,536171.0,55667369.0
2023-05-04,990.0,1000.0,990.0,999.0,35188.0,-0.1,7992.0,0.0,33038339.0,1974084.0,569246.0,0.0,31832492.0,2618677.0,35020415.0
2023-05-08,999.0,1004.0,994.0,999.0,36420.0,0.0,0.0,0.0,32159294.0,4190050.0,393090.0,0.0,35781064.0,175190.0,36349344.0
2023-05-09,999.0,1001.0,988.0,992.0,25606.0,-0.7007007007007007,47616.0,0.0,24848085.0,525445.0,148800.0,0.0,23419167.0,1853179.0,25421146.0
2023-05-10,992.0,1000.0,986.0,998.0,39612.0,0.6048387096774194,45908.0,0.0,37167134.0,2073131.0,0.0,0.0,31034500.0,8251673.0,39286173.0
2023-05-11,998.0,1000.0,990.0,998.0,22776.0,0.0,69860.0,0.0,21448928.0,1128791.0,76846.0,0.0,22570733.0,0.0,22647579.0
2023-05-12,998.0,1006.0,992.0,1000.0,70405.0,0.2004008016032064,81011.0,0.0,69664608.0,702945.0,803000.0,0.0,67656529.0,1989035.0,70448564.0
2023-05-15,995.0,998.0,987.0,991.0,33900.0,-0.8999999999999999,71784.0,19820.0,32267526.0,1226288.0,7928.0,0.0,17483647.0,16093843.0,33585418.0
2023-05-16,991.0,994.0,985.0,992.0,28720.0,0.10090817356205853,0.0,0.0,28335211.0,98208.0,4960.0,0.0,17324067.0,11104392.0,28433419.0
2023-05-17,1002.0,1016.0,993.0,1014.0,106093.0,2.217741935483871,0.0,0.0,105836724.0,975772.0,4056.0,0.0,105899980.0,908460.0,106812496.0
2023-05-18,1021.0,1029.0,1013.0,1023.0,123824.0,0.8875739644970414,0.0,0.0,121467740.0,4792679.0,3069.0,10140.0,126047007.0,200203.0,126260419.0
2023-05-19,1032.0,1034.0,1000.0,1011.0,132570.0,-1.1730205278592376,0.0,0.0,128495077.0,5805382.0,2022.0,0.0,134106876.0,191561.0,134300459.0
2023-05-22,1017.0,1028.0,1011.0,1028.0,104331.0,1.6815034619188922,1019.0,0.0,101251229.0,5496418.0,1104691.0,0.0,105100120.0,543855.0,106748666.0
2023-05-23,1033.0,1034.0,1024.0,1030.0,73449.0,0.19455252918287938,0.0,0.0,73225958.0,2305290.0,162172.0,0.0,74192823.0,1176253.0,75531248.0
2023-05-24,1030.0,1034.0,1015.0,1015.0,63897.0,-1.4563106796116505,0.0,0.0,61653301.0,3609311.0,13207.0,0.0,62449865.0,2799540.0,65262612.0
2023-05-25,1021.0,1031.0,1016.0,1028.0,37884.0,1.2807881773399015,47288.0,0.0,37260507.0,1404387.0,5140.0,0.0,38130728.0,576314.0,38712182.0
2023-05-26,1028.0,1035.0,1021.0,1026.0,56623.0,-0.19455252918287938,0.0,0.0,57450626.0,647492.0,247266.0,0.0,55658157.0,2192695.0,58098118.0
2023-05-30,1026.0,1038.0,1018.0,1035.0,79340.0,0.8771929824561403,1048933.0,1034.0,75966463.0,4868022.0,53820.0,0.0,81691883.0,138749.0,81884452.0
2023-05-31,1035.0,1043.0,1013.0,1013.0,96350.0,-2.1256038647342996,0.0,35805.0,95955557.0,3153485.0,98261.0,0.0,98860124.0,186462.0,99144847.0
2023-06-01,1013.0,1035.0,1013.0,1032.0,38242.0,1.8756169792694966,10140.0,0.0,38440296.0,770338.0,36120.0,0.0,37803637.0,1381017.0,39220774.0
2023-06-02,1032.0,1042.0,1022.0,1034.0,66798.0,0.1937984496124031,0.0,0.0,65182528.0,3982723.0,25850.0,0.0,68477535.0,661866.0,69165251.0
2023-06-05,1043.0,1050.0,1035.0,1043.0,56123.0,0.8704061895551257,0.0,0.0,50396422.0,8092546.0,27118.0,0.0,58008185.0,453665.0,58488968.0
2023-06-07,1043.0,1055.0,1043.0,1054.0,85808.0,1.0546500479386385,0.0,105300.0,84073408.0,5798107.0,106400.0,0.0,89646642.0,223773.0,89976815.0
2023-06-08,1054.0,1059.0,1046.0,1059.0,97428.0,0.47438330170777987,0.0,0.0,101216282.0,1415059.0,25416.0,0.0,102348731.0,257194.0,102631341.0
2023-06-09,1059.0,1075.0,1058.0,1067.0,145742.0,0.7554296506137866,0.0,1070.0,152092828.0,3406041.0,18139.0,0.0,154810232.0,671568.0,155499939.0
2023-06-12,1067.0,1075.0,1066.0,1075.0,74981.0,0.7497656982193065,1067000.0,0.0,75494927.0,3741510.0,23650.0,0.0,80003197.0,276590.0,80303437.0
2023-06-13,1075.0,1078.0,1054.0,1055.0,63461.0,-1.8604651162790697,47601.0,0.0,66585137.0,1120672.0,29540.0,0.0,63158332.0,4565538.0,67753410.0
2023-06-14,1055.0,1062.0,1044.0,1047.0,68611.0,-0.7582938388625593,10844571.0,0.0,60406051.0,755923.0,30363.0,1045.0,64083895.0,7891242.0,72006545.0
2023-06-15,1047.0,1047.0,1034.0,1034.0,75810.0,-1.241642788920726,0.0,0.0,77480227.0,1383259.0,20680.0,0.0,77063347.0,1779459.0,78863486.0
2023-06-16,1034.0,1047.0,1032.0,1047.0,18391.0,1.2572533849129592,0.0,0.0,18592330.0,515204.0,16752.0,0.0,18512155.0,578627.0,19107534.0
2023-06-19,1043.0,1051.0,1036.0,1047.0,41808.0,0.0,0.0,0.0,42867858.0,760151.0,18846.0,0.0,43471296.0,137867.0,43628009.0
2023-06-20,1047.0,1059.0,1046.0,1058.0,52431.0,1.0506208213944603,0.0,0.0,53903080.0,1304841.0,2516016.0,0.0,52681405.0,10500.0,55207921.0
2023-06-21,1058.0,1061.0,1050.0,1056.0,43691.0,-0.1890359168241966,0.0,0.0,46200878.0,6318.0,625195.0,0.0,41912108.0,3669893.0,46207196.0
2023-06-22,1050.0,1055.0,1043.0,1054.0,57895.0,-0.1893939393939394,0.0,0.0,60319914.0,306811.0,13694.0,29288.0,58114053.0,2469690.0,60626725.0
2023-06-23,1050.0,1050.0,1013.0,1030.0,129956.0,-2.2770398481973433,0.0,0.0,133359600.0,781253.0,49440.0,1027.0,126300971.0,7789415.0,134140853.0
2023-06-26,1030.0,1030.0,1009.0,1026.0,49462.0,-0.3883495145631068,0.0,0.0,50600402.0,2043.0,12312.0,0.0,47333170.0,3256963.0,50602445.0
2023-06-27,1036.0,1036.0,1017.0,1033.0,92687.0,0.682261208576998,0.0,0.0,88258407.0,6716475.0,1033.0,0.0,94790794.0,183055.0,94974882.0
2023-06-28,1029.0,1033.0,1019.0,1033.0,74432.0,0.0,0.0,0.0,74151825.0,2044421.0,0.0,0.0,76163344.0,32902.0,76196246.0
2023-06-29,1032.0,1032.0,1009.0,1009.0,55937.0,-2.3233301064859635,0.0,0.0,56721888.0,20400.0,2018.0,0.0,51185319.0,5554951.0,56742288.0
2023-06-30,1009.0,1024.0,1007.0,1023.0,87282.0,1.3875123885034688,0.0,353150.0,85025041.0,2753047.0,0.0,0.0,84519780.0,3611458.0,88131238.0
2023-07-03,1023.0,1043.0,1023.0,1025.0,41628.0,0.19550342130987292,0.0,0.0,38469847.0,4414040.0,2050.0,0.0,42685182.0,196655.0,42883887.0
2023-07-04,1036.0,1036.0,1025.0,1030.0,50797.0,0.4878048780487805,0.0,0.0,51667558.0,593806.0,0.0,0.0,51808749.0,452615.0,52261364.0
2023-07-05,1041.0,1041.0,1025.0,1033.0,31738.0,0.2912621359223301,1033.0,0.0,32111532.0,606768.0,0.0,0.0,32697531.0,21802.0,32719333.0
2023-07-06,1037.0,1037.0,1025.0,1029.0,26700.0,-0.3872216844143272,0.0,0.0,27390167.0,129360.0,26754.0,0.0,23289981.0,4202792.0,27519527.0
2023-07-07,1021.0,1021.0,1005.0,1005.0,43217.0,-2.3323615160349855,0.0,0.0,43744279.0,0.0,0.0,0.0,38757979.0,4986300.0,43744279.0
2023-07-10,1005.0,1010.0,995.0,1010.0,60575.0,0.4975124378109453,12656831.0,0.0,42016150.0,6045036.0,0.0,0.0,59650640.0,1067377.0,60718017.0
2023-07-11,1005.0,1010.0,998.0,1003.0,35692.0,-0.6930693069306931,5685005.0,0.0,28611556.0,1538465.0,1057196.0,0.0,34203621.0,574209.0,35835026.0
2023-07-12,1021.0,1021.0,1000.0,1000.0,58340.0,-0.29910269192422734,2011015.0,0.0,56380986.0,239825.0,54021.0,0.0,58252737.0,325068.0,58631826.0
2023-07-13,1000.0,1010.0,1000.0,1002.0,71749.0,0.2,0.0,0.0,71413872.0,625394.0,791449.0,0.0,71224616.0,23201.0,72039266.0
2023-07-14,1002.0,1005.0,998.0,1002.0,41135.0,0.0,0.0,0.0,40287308.0,877716.0,43040.0,0.0,38999076.0,2122908.0,41165024.0
2023-07-17,1002.0,1005.0,992.0,1002.0,51427.0,0.0,8188673.0,0.0,42165839.0,1050827.0,90180.0,7915800.0,41831861.0,1567498.0,51405339.0
2023-07-18,1005.0,1008.0,998.0,1000.0,36174.0,-0.19960079840319359,7410060.0,0.0,26740996.0,2048665.0,67000.0,0.0,32408813.0,3723908.0,36199721.0
2023-07-19,1000.0,1000.0,988.0,989.0,36506.0,-1.0999999999999999,0.0,198200.0,36026175.0,0.0,11868.0,0.0,32574184.0,3638323.0,36224375.0
2023-07-20,989.0,989.0,980.0,989.0,30873.0,0.0,0.0,0.0,29920254.0,503243.0,10879.0,0.0,28265497.0,2147121.0,30423497.0
2023-07-21,989.0,991.0,977.0,991.0,29834.0,0.20222446916076847,1222244.0,0.0,27612308.0,471443.0,0.0,0.0,26483159.0,2822836.0,29305995.0
2023-07-24,991.0,991.0,967.0,968.0,26590.0,-2.320887991927346,30008.0,0.0,25490855.0,375545.0,0.0,0.0,19151279.0,6745129.0,25896408.0
2023-07-25,968.0,968.0,921.0,921.0,128740.0,-4.855371900826446,18420.0,0.0,120149415.0,1148761.0,0.0,0.0,114069987.0,7246609.0,121316596.0
2023-07-26,921.0,921.0,854.0,854.0,229458.0,-7.27470141150923,29013.0,4635450.0,190120933.0,5297112.0,0.0,0.0,192753521.0,7328987.0,200082508.0
2023-07-27,854.0,880.0,831.0,879.0,60795.0,2.927400468384075,4395.0,0.0,50998172.0,1734660.0,0.0,0.0,50675722.0,2061505.0,52737227.0
2023-07-28,879.0,946.0,879.0,910.0,75870.0,3.526734926052332,0.0,1010457.0,65784684.0,1752430.0,12740.0,0.0,66791402.0,1743429.0,68547571.0
2023-07-31,920.0,942.0,920.0,939.0,50928.0,3.1868131868131866,0.0,0.0,43442441.0,3871177.0,3742.0,0.0,45822719.0,1487157.0,47313618.0
2023-08-01,939.0,966.0,937.0,955.0,96194.0,1.703940362087327,0.0,0.0,89818259.0,1062736.0,5730.0,0.0,86513506.0,4361759.0,90880995.0
2023-08-02,955.0,963.0,937.0,941.0,39762.0,-1.4659685863874345,9600.0,0.0,37466879.0,256452.0,7528.0,0.0,36509650.0,1215753.0,37732931.0
2023-08-03,937.0,958.0,935.0,956.0,46398.0,1.5940488841657812,0.0,0.0,40546586.0,3517510.0,4780.0,0.0,40024202.0,4035114.0,44064096.0
2023-08-04,956.0,965.0,948.0,952.0,34813.0,-0.41841004184100417,0.0,0.0,32891692.0,430278.0,10527894.0,0.0,22164295.0,629781.0,33321970.0
2023-08-07,952.0,960.0,942.0,958.0,36013.0,0.6302521008403361,0.0,0.0,33373248.0,760583.0,3832.0,0.0,33507273.0,622726.0,34133831.0
2023-08-08,948.0,972.0,923.0,949.0,55063.0,-0.9394572025052191,0.0,0.0,50967401.0,728612.0,9490.0,0.0,50093304.0,1593219.0,51696013.0
2023-08-09,948.0,958.0,931.0,953.0,23224.0,0.42149631190727077,21804.0,0.0,21624411.0,305337.0,758209.0,0.0,20129879.0,1063464.0,21951552.0
2023-08-10,967.0,967.0,944.0,956.0,30483.0,0.3147953830010493,606948.0,0.0,27155957.0,1311067.0,134176.0,0.0,27241572.0,1698224.0,29073972.0
2023-08-11,965.0,965.0,947.0,962.0,36004.0,0.6276150627615062,4611256.0,0.0,27932330.0,1992816.0,50912.0,0.0,32255936.0,2229554.0,34536402.0
2023-08-14,962.0,962.0,944.0,953.0,42841.0,-0.9355509355509356,0.0,0.0,40170376.0,528485.0,24842.0,0.0,39075423.0,1598596.0,40698861.0
2023-08-16,906.0,943.0,906.0,917.0,59596.0,-3.777544596012592,3672.0,0.0,53405281.0,1253603.0,10089.0,0.0,50451717.0,4200750.0,54662556.0
2023-08-17,907.0,907.0,883.0,886.0,61006.0,-3.380588876772083,32813.0,0.0,54042311.0,406468.0,55198.0,0.0,50793307.0,3633087.0,54481592.0
2023-08-18,886.0,902.0,866.0,902.0,60485.0,1.805869074492099,885.0,0.0,52311143.0,1356599.0,36080.0,0.0,50965460.0,2667087.0,53668627.0
2023-08-21,867.0,898.0,867.0,882.0,25663.0,-2.2172949002217295,21168.0,0.0,21609087.0,1140710.0,13230.0,0.0,21504685.0,1253050.0,22770965.0
2023-08-22,882.0,927.0,874.0,891.0,53985.0,1.0204081632653061,0.0,1000593.0,46268872.0,692278.0,8019.0,0.0,45782388.0,2171336.0,47961743.0
2023-08-23,891.0,891.0,884.0,887.0,24186.0,-0.44893378226711567,0.0,0.0,21486113.0,3550.0,6209.0,0.0,20509088.0,974366.0,21489663.0
2023-08-24,882.0,899.0,879.0,899.0,47840.0,1.3528748590755355,0.0,0.0,41525775.0,1391715.0,4495.0,0.0,41649639.0,1263356.0,42917490.0
2023-08-25,899.0,936.0,887.0,893.0,74968.0,-0.6674082313681869,41076.0,0.0,64819941.0,2423840.0,1744754.0,0.0,63078920.0,2461183.0,67284857.0
2023-08-28,893.0,893.0,882.0,887.0,46646.0,-0.6718924972004479,887.0,0.0,39019959.0,2360651.0,1774.0,0.0,40514642.0,865081.0,41381497.0
2023-08-29,887.0,893.0,881.0,893.0,50747.0,0.6764374295377678,0.0,0.0,42625510.0,2395669.0,8443815.0,0.0,36508234.0,69130.0,45021179.0
2023-08-30,893.0,901.0,880.0,896.0,67828.0,0.33594624860022393,0.0,0.0,57541063.0,2739562.0,6978598.0,0.0,50948826.0,2353201.0,60280625.0
2023-08-31,892.0,892.0,879.0,882.0,57504.0,-1.5625,0.0,0.0,50228039.0,515171.0,6331022.0,0.0,39774930.0,4637258.0,50743210.0
2023-09-01,882.0,882.0,865.0,865.0,53536.0,-1.9274376417233559,0.0,500229.0,45596645.0,547577.0,24220.0,0.0,43049304.0,3570927.0,46644451.0
2023-09-04,857.0,920.0,854.0,867.0,67781.0,0.23121387283236997,43750.0,0.0,57167928.0,1639581.0,8849128.0,0.0,48274236.0,1727895.0,58851259.0
2023-09-05,867.0,880.0,860.0,869.0,68974.0,0.2306805074971165,0.0,0.0,57599784.0,2165782.0,980623.0,0.0,56816905.0,1968038.0,59765566.0
2023-09-06,869.0,895.0,862.0,869.0,55254.0,0.0,0.0,0.0,47119745.0,1366050.0,13035.0,0.0,47591263.0,881497.0,48485795.0
2023-09-07,869.0,869.0,853.0,853.0,47409.0,-1.8411967779056386,0.0,0.0,40639176.0,111750.0,8530.0,0.0,36510709.0,4231687.0,40750926.0
2023-09-08,853.0,858.0,844.0,856.0,64500.0,0.3516998827667058,0.0,0.0,53392648.0,1445111.0,5992.0,0.0,54490407.0,341360.0,54837759.0
2023-09-11,856.0,869.0,851.0,868.0,37136.0,1.4018691588785046,0.0,57754.0,29811892.0,2003480.0,6076.0,0.0,31421664.0,445386.0,31873126.0
2023-09-12,868.0,879.0,867.0,873.0,26370.0,0.5760368663594471,30531.0,0.0,21362023.0,1564033.0,2619.0,0.0,22386865.0,567103.0,22956587.0
2023-09-13,869.0,1134.0,867.0,1131.0,15438584.0,29.553264604810998,199999944.0,1166829924.0,15370479832.0,252445110.0,200002437.0,1178169874.0,15336282003.0,275300496.0,16989754810.0
2023-09-14,1098.0,1115.0,994.0,1008.0,2715413.0,-10.875331564986737,1241244.0,14038797.0,2746296143.0,73218556.0,375037.0,25308748.0,2755114516.0,53996439.0,2834794740.0
2023-09-15,1017.0,1043.0,980.0,1008.0,1044168.0,0.0,19007.0,417298.0,984334137.0,76457302.0,528070.0,17033435.0,984574655.0,59091584.0,1061227744.0
2023-09-18,1008.0,1059.0,978.0,991.0,841314.0,-1.6865079365079365,0.0,0.0,778565217.0,73204388.0,263676.0,4405055.0,797467398.0,49633476.0,851769605.0
2023-09-19,991.0,999.0,936.0,952.0,442327.0,-3.9354187689202824,0.0,0.0,414385423.0,11399899.0,4760.0,0.0,411074760.0,14705802.0,425785322.0
2023-09-20,950.0,978.0,936.0,978.0,209980.0,2.73109243697479,0.0,0.0,185744947.0,14739504.0,9780.0,0.0,189852567.0,10622104.0,200484451.0
2023-09-21,978.0,986.0,937.0,938.0,203214.0,-4.08997955010225,182676.0,0.0,182013500.0,11194373.0,3752.0,500325.0,167529859.0,25356613.0,193390549.0
2023-09-22,930.0,938.0,914.0,921.0,137432.0,-1.812366737739872,59135.0,0.0,116080305.0,10697047.0,3684.0,0.0,120722522.0,6110281.0,126836487.0
2023-09-25,921.0,960.0,891.0,891.0,229354.0,-3.257328990228013,49458.0,0.0,185219150.0,23710110.0,11583.0,0.0,188909409.0,20057726.0,208978718.0
2023-09-26,891.0,902.0,865.0,873.0,147385.0,-2.0202020202020203,100933.0,0.0,122209220.0,6756717.0,2619.0,0.0,121401051.0,7663200.0,129066870.0
2023-09-27,856.0,904.0,856.0,889.0,110591.0,1.8327605956471937,146789.0,0.0,81401086.0,15426338.0,0.0,0.0,90631493.0,6342720.0,96974213.0
2023-10-04,880.0,887.0,857.0,879.0,116334.0,-1.124859392575928,42766.0,189223.0,86005414.0,15195353.0,14981.0,192224.0,89615153.0,11610398.0,101432756.0
2023-10-05,879.0,918.0,878.0,886.0,74097.0,0.7963594994311717,16923.0,157155.0,57240393.0,8382374.0,27466.0,0.0,59783663.0,5985716.0,65796845.0
2023-10-06,880.0,904.0,880.0,899.0,69284.0,1.4672686230248306,34975.0,500743.0,53550386.0,7719102.0,0.0,0.0,55373667.0,6431539.0,61805206.0
2023-10-10,910.0,910.0,847.0,876.0,125017.0,-2.5583982202447166,15028.0,161869.0,91213811.0,19941002.0,5398.0,55691.0,105055440.0,6215181.0,111331710.0
2023-10-11,872.0,900.0,871.0,898.0,86395.0,2.5114155251141552,10616.0,154877.0,51870066.0,24949706.0,0.0,0.0,75893869.0,1091396.0,76985265.0
2023-10-12,904.0,919.0,897.0,916.0,124035.0,2.0044543429844097,0.0,0.0,83516888.0,28860040.0,0.0,0.0,111659745.0,717183.0,112376928.0
2023-10-13,916.0,918.0,890.0,899.0,77669.0,-1.8558951965065504,1792.0,0.0,63462805.0,6373647.0,14384.0,183182.0,61466251.0,8174427.0,69838244.0
2023-10-16,899.0,910.0,863.0,880.0,159843.0,-2.1134593993325916,3526.0,0.0,137147962.0,2659996.0,14347.0,240489.0,128216088.0,11340560.0,139811484.0
2023-10-17,872.0,894.0,872.0,878.0,34155.0,-0.22727272727272727,19353.0,0.0,27133286.0,2890915.0,0.0,0.0,25914569.0,4128985.0,30043554.0
2023-10-18,883.0,883.0,862.0,867.0,56709.0,-1.2528473804100226,3494.0,0.0,48765705.0,527024.0,0.0,0.0,35931443.0,13364780.0,49296223.0
2023-10-19,867.0,867.0,826.0,850.0,154133.0,-1.9607843137254901,11895.0,0.0,123283925.0,6447424.0,0.0,0.0,98165045.0,31578199.0,129743244.0
2023-10-20,847.0,847.0,815.0,824.0,124778.0,-3.058823529411765,20598.0,0.0,96239566.0,6572421.0,0.0,275705.0,84307464.0,18249416.0,102832585.0
2023-10-23,810.0,828.0,807.0,815.0,87676.0,-1.0922330097087378,0.0,0.0,66634111.0,4898291.0,0.0,0.0,65035861.0,6496541.0,71532402.0
2023-10-24,801.0,833.0,795.0,809.0,118156.0,-0.7361963190184049,25002.0,0.0,88049659.0,6917246.0,0.0,0.0,91649739.0,3342168.0,94991907.0
2023-10-25,818.0,825.0,809.0,818.0,56109.0,1.1124845488257107,89979.0,0.0,25161056.0,20532428.0,0.0,0.0,41164492.0,4618971.0,45783463.0
2023-10-26,818.0,820.0,793.0,805.0,78021.0,-1.5892420537897312,124663.0,0.0,62178900.0,497596.0,0.0,0.0,44231308.0,18569851.0,62801159.0
2023-10-27,805.0,813.0,784.0,796.0,138925.0,-1.1180124223602486,42275.0,0.0,102190253.0,8142943.0,0.0,0.0,104183042.0,6192429.0,110375471.0
2023-10-30,796.0,821.0,789.0,815.0,67292.0,2.386934673366834,29285.0,0.0,39210508.0,15018242.0,0.0,0.0,52891760.0,1366275.0,54258035.0
2023-10-31,824.0,826.0,795.0,800.0,68101.0,-1.8404907975460123,16859.0,0.0,50659037.0,4416054.0,0.0,0.0,46667824.0,8424126.0,55091950.0
2023-11-01,800.0,820.0,800.0,814.0,83112.0,1.7500000000000002,9770.0,0.0,55297912.0,12004693.0,0.0,0.0,60767234.0,6545141.0,67312375.0
2023-11-02,815.0,826.0,814.0,825.0,74238.0,1.3513513513513513,6592.0,500810.0,41496169.0,18865445.0,0.0,0.0,59438764.0,1430252.0,60869016.0
2023-11-03,833.0,853.0,825.0,849.0,128904.0,2.909090909090909,3396.0,0.0,89250472.0,18528250.0,0.0,0.0,107465284.0,316834.0,107782118.0
2023-11-06,849.0,863.0,849.0,857.0,25336.0,0.9422850412249705,69167.0,0.0,20345724.0,1228886.0,3414.0,0.0,20914648.0,725715.0,21643777.0
2023-11-07,858.0,858.0,833.0,845.0,57151.0,-1.4002333722287048,6760.0,0.0,47945970.0,497848.0,18568.0,0.0,32822782.0,15609228.0,48450578.0
2023-11-08,843.0,878.0,843.0,852.0,79280.0,0.8284023668639053,0.0,0.0,63142627.0,5356234.0,98947.0,0.0,53541867.0,14858047.0,68498861.0
2023-11-09,852.0,861.0,845.0,855.0,41003.0,0.35211267605633806,0.0,0.0,30873873.0,4030930.0,108176.0,0.0,32178886.0,2617741.0,34904803.0
2023-11-10,855.0,855.0,841.0,845.0,61116.0,-1.1695906432748537,609921.0,0.0,50450667.0,511107.0,49010.0,0.0,39358468.0,12164217.0,51571695.0
2023-11-13,845.0,855.0,829.0,829.0,61156.0,-1.8934911242603552,0.0,0.0,50264575.0,628395.0,79590.0,0.0,49063921.0,1749459.0,50892970.0
2023-11-14,820.0,848.0,820.0,845.0,68750.0,1.9300361881785282,0.0,0.0,37766685.0,19773455.0,59770.0,0.0,57477872.0,2498.0,57540140.0
2023-11-15,854.0,855.0,835.0,845.0,69746.0,0.0,48137.0,0.0,47470555.0,11230116.0,19297.0,0.0,58322148.0,407363.0,58748808.0
2023-11-16,845.0,854.0,831.0,850.0,55176.0,0.591715976331361,13599.0,0.0,42929791.0,3669128.0,117300.0,0.0,46050754.0,444464.0,46612518.0
2023-11-17,850.0,851.0,843.0,845.0,28545.0,-0.5882352941176471,2550.0,0.0,23661183.0,521885.0,150425.0,0.0,21086285.0,2948908.0,24185618.0
2023-11-20,837.0,861.0,837.0,852.0,55705.0,0.8284023668639053,0.0,0.0,34181460.0,13157878.0,12780.0,0.0,42847176.0,4479382.0,47339338.0
2023-11-21,865.0,865.0,842.0,844.0,57935.0,-0.9389671361502347,0.0,0.0,45212397.0,4097727.0,2532.0,0.0,48886834.0,420758.0,49310124.0
2023-11-22,844.0,847.0,840.0,846.0,28147.0,0.23696682464454977,55744.0,0.0,23148856.0,557606.0,34638.0,0.0,23696362.0,31206.0,23762206.0
2023-11-23,846.0,846.0,838.0,843.0,46144.0,-0.3546099290780142,37065.0,0.0,38438969.0,351498.0,0.0,0.0,33608948.0,5218584.0,38827532.0
2023-11-24,843.0,843.0,837.0,838.0,35686.0,-0.5931198102016607,13410.0,0.0,29933346.0,7578.0,0.0,0.0,26227752.0,3726582.0,29954334.0
2023-11-27,838.0,838.0,825.0,831.0,55579.0,-0.8353221957040573,2493.0,0.0,46236991.0,832.0,0.0,0.0,44550213.0,1690103.0,46240316.0
2023-11-28,827.0,827.0,811.0,816.0,79317.0,-1.8050541516245486,0.0,0.0,63988840.0,961254.0,19488.0,820000.0,57219871.0,6890735.0,64950094.0
2023-11-29,816.0,816.0,801.0,805.0,161472.0,-1.3480392156862746,4025.0,0.0,119472918.0,10816448.0,0.0,8070000.0,72047732.0,50175659.0,130293391.0
2023-11-30,805.0,839.0,805.0,820.0,64866.0,1.8633540372670807,5740.0,0.0,52660422.0,584358.0,0.0,4180000.0,47566027.0,1504493.0,53250520.0
2023-12-01,820.0,835.0,818.0,823.0,72756.0,0.3658536585365854,823.0,0.0,59982846.0,0.0,0.0,4115000.0,49609799.0,6258870.0,59983669.0
2023-12-04,823.0,831.0,821.0,828.0,30131.0,0.6075334143377886,0.0,0.0,24867102.0,8251.0,3312.0,0.0,23979153.0,892888.0,24875353.0
2023-12-05,828.0,828.0,822.0,827.0,37900.0,-0.12077294685990338,0.0,0.0,31273157.0,0.0,2481.0,0.0,23151736.0,8118940.0,31273157.0
2023-12-06,827.0,827.0,820.0,825.0,30299.0,-0.24183796856106407,0.0,0.0,24887837.0,82400.0,17325.0,0.0,24087049.0,865863.0,24970237.0
2023-12-07,820.0,837.0,820.0,821.0,57909.0,-0.48484848484848486,0.0,0.0,47716259.0,98877.0,3284.0,0.0,45895567.0,1916285.0,47815136.0
2023-12-08,821.0,829.0,819.0,829.0,103812.0,0.9744214372716199,254910.0,0.0,76592128.0,8753705.0,0.0,0.0,85466276.0,134467.0,85600743.0
2023-12-11,830.0,847.0,828.0,835.0,119089.0,0.7237635705669482,38435.0,0.0,95070630.0,4490011.0,0.0,0.0,93859925.0,5739151.0,99599076.0
2023-12-12,836.0,845.0,836.0,840.0,51415.0,0.5988023952095809,21840.0,4205000.0,33611611.0,5418373.0,0.0,4205000.0,38047657.0,1004167.0,43256824.0
2023-12-13,840.0,849.0,836.0,839.0,35702.0,-0.11904761904761905,143728.0,0.0,29795133.0,6729.0,0.0,0.0,26200989.0,3744601.0,29945590.0
2023-12-14,839.0,847.0,839.0,844.0,33511.0,0.5959475566150179,64048.0,0.0,28192126.0,845.0,0.0,0.0,24324515.0,3932504.0,28257019.0
2023-12-15,847.0,849.0,842.0,846.0,31664.0,0.23696682464454977,86129.0,0.0,22639344.0,3995229.0,0.0,1330875.0,24453175.0,936652.0,26720702.0
2023-12-18,846.0,851.0,842.0,848.0,48590.0,0.2364066193853428,59317.0,0.0,41050255.0,0.0,0.0,10140901.0,29945558.0,1023113.0,41109572.0
2023-12-19,848.0,848.0,836.0,845.0,43485.0,-0.3537735849056604,130087.0,0.0,36479793.0,5064.0,0.0,0.0,35915073.0,699871.0,36614944.0
2023-12-20,849.0,849.0,836.0,845.0,29971.0,0.0,289750.0,0.0,24873592.0,32859.0,0.0,0.0,24153213.0,1042988.0,25196201.0
2023-12-21,843.0,850.0,836.0,845.0,70001.0,0.0,106470.0,0.0,58739206.0,0.0,67600.0,2030650.0,53956135.0,2791291.0,58845676.0
2023-12-22,841.0,850.0,841.0,847.0,62122.0,0.2366863905325444,60984.0,0.0,43462852.0,9048044.0,6776.0,12600205.0,39631679.0,333220.0,52571880.0
2023-12-26,848.0,869.0,840.0,852.0,54417.0,0.5903187721369539,43452.0,0.0,45633021.0,699107.0,0.0,0.0,44667369.0,1708211.0,46375580.0
2023-12-27,852.0,852.0,826.0,833.0,64374.0,-2.2300469483568075,233795.0,500764.0,52988143.0,11634.0,4165.0,0.0,43274533.0,10455638.0,53734336.0
2023-12-28,820.0,835.0,820.0,835.0,84326.0,0.24009603841536614,41737.0,0.0,69979826.0,189874.0,25777.0,0.0,64600228.0,5585432.0,70211437.0
2024-01-02,835.0,835.0,825.0,827.0,82686.0,-0.9580838323353293,45485.0,0.0,68034907.0,292934.0,829.0,0.0,62917063.0,5455434.0,68373326.0
2024-01-03,827.0,843.0,780.0,834.0,215544.0,0.8464328899637243,0.0,0.0,172645097.0,5006664.0,316992.0,0.0,170529452.0,6805317.0,177651761.0
2024-01-04,834.0,844.0,834.0,841.0,67811.0,0.8393285371702638,19320.0,0.0,56291791.0,635910.0,269568.0,0.0,55729172.0,948281.0,56947021.0
2024-01-05,841.0,843.0,835.0,840.0,103521.0,-0.11890606420927466,0.0,0.0,85728860.0,1146984.0,126863.0,0.0,83949646.0,2799335.0,86875844.0
2024-01-08,840.0,840.0,820.0,840.0,54538.0,0.0,19320.0,0.0,45545838.0,5034.0,120927.0,0.0,41528458.0,3920807.0,45570192.0
2024-01-09,842.0,842.0,830.0,840.0,18735.0,0.0,439320.0,0.0,14717473.0,566635.0,77284.0,0.0,15598355.0,47789.0,15723428.0
2024-01-10,840.0,1092.0,829.0,909.0,19051733.0,8.214285714285714,10533918.0,10081215.0,19055281658.0,413260424.0,13230890.0,11014089.0,19025499763.0,439412473.0,19489157215.0
2024-01-11,909.0,935.0,879.0,895.0,1583127.0,-1.54015401540154,260795.0,2566304.0,1146931520.0,278655756.0,184786.0,1129397.0,1346628987.0,80471205.0,1428414375.0
2024-01-12,900.0,908.0,858.0,869.0,673931.0,-2.905027932960894,460414.0,0.0,546245695.0,44272872.0,72896.0,414054.0,477651283.0,112840748.0,590978981.0
2024-01-15,861.0,864.0,841.0,842.0,329883.0,-3.1070195627157653,214500.0,0.0,263381421.0,16149160.0,737745.0,558934.0,232638154.0,45810248.0,279745081.0
2024-01-16,842.0,846.0,823.0,828.0,239732.0,-1.66270783847981,352121.0,500044.0,193094890.0,5938384.0,83627.0,439832.0,167890858.0,31471122.0,199885439.0
2024-01-17,834.0,838.0,789.0,797.0,426713.0,-3.7439613526570046,58208.0,0.0,339817175.0,2383208.0,17534.0,0.0,323354384.0,18886673.0,342258591.0
2024-01-18,801.0,831.0,793.0,809.0,181049.0,1.5056461731493098,22740.0,0.0,139913275.0,6471378.0,13753.0,0.0,130159867.0,16233773.0,146407393.0
2024-01-19,810.0,836.0,809.0,818.0,168292.0,1.1124845488257107,0.0,22391853.0,110040538.0,6024525.0,17996.0,0.0,129899494.0,8539426.0,138456916.0
2024-01-22,838.0,838.0,800.0,809.0,133291.0,-1.1002444987775062,1616.0,16101000.0,84103555.0,7542423.0,22652.0,0.0,95319159.0,12406783.0,107748594.0
2024-01-23,809.0,816.0,801.0,804.0,131667.0,-0.6180469715698393,0.0,4020000.0,87050989.0,15108154.0,320796.0,0.0,92199531.0,13658816.0,106179143.0
2024-01-24,806.0,814.0,795.0,801.0,131942.0,-0.3731343283582089,4022.0,6381000.0,71951207.0,27058394.0,300425.0,0.0,80102045.0,24992153.0,105394623.0
2024-01-25,797.0,801.0,790.0,799.0,118674.0,-0.24968789013732834,19109.0,3970000.0,83755518.0,6464175.0,194670.0,0.0,76867532.0,17146600.0,94208802.0
2024-01-26,788.0,820.0,788.0,803.0,146751.0,0.5006257822277848,20269.0,500610.0,106979013.0,10676581.0,361350.0,0.0,111606514.0,6208609.0,118176473.0
2024-01-29,809.0,863.0,803.0,830.0,401416.0,3.3623910336239105,0.0,0.0,273108000.0,60402164.0,108805.0,0.0,283020994.0,50380365.0,333510164.0
2024-01-30,830.0,845.0,825.0,832.0,75130.0,0.24096385542168677,0.0,15570473.0,43648039.0,3496608.0,4992.0,2496000.0,56136202.0,4077926.0,62715120.0
2024-01-31,828.0,838.0,822.0,833.0,48110.0,0.1201923076923077,1668.0,0.0,38513756.0,1376250.0,4998.0,0.0,25986590.0,13900086.0,39891674.0
2024-02-01,833.0,837.0,813.0,834.0,54297.0,0.12004801920768307,0.0,0.0,38442521.0,6316275.0,181282.0,0.0,39607012.0,4970502.0,44758796.0
2024-02-02,826.0,854.0,820.0,844.0,126826.0,1.1990407673860912,0.0,0.0,102895343.0,3869669.0,86922.0,0.0,89462150.0,17215940.0,106765012.0
2024-02-05,844.0,850.0,831.0,840.0,103769.0,-0.47393364928909953,19297.0,0.0,85479387.0,1722261.0,30249.0,0.0,76699825.0,10490871.0,87220945.0
2024-02-06,832.0,845.0,819.0,823.0,38023.0,-2.0238095238095237,0.0,0.0,27332139.0,4046601.0,18929.0,0.0,28011339.0,3348472.0,31378740.0
2024-02-07,823.0,829.0,816.0,828.0,39783.0,0.6075334143377886,50294.0,0.0,28605401.0,4103650.0,0.0,0.0,31307743.0,1451602.0,32759345.0
2024-02-08,828.0,833.0,824.0,827.0,20068.0,-0.12077294685990338,7459.0,0.0,12783154.0,3847681.0,38189.0,0.0,16066086.0,534019.0,16638294.0
2024-02-13,827.0,843.0,815.0,815.0,151676.0,-1.4510278113663846,27710.0,0.0,83366167.0,41204020.0,19042.0,0.0,122617565.0,1961290.0,124597897.0
2024-02-14,825.0,828.0,814.0,815.0,53732.0,0.0,815.0,500775.0,38524563.0,4877023.0,818.0,0.0,41112670.0,2789688.0,43903176.0
2024-02-15,815.0,828.0,815.0,820.0,63921.0,0.6134969325153374,0.0,500384.0,49435009.0,2454890.0,13944.0,0.0,50858413.0,1517926.0,52390283.0
2024-02-16,820.0,840.0,819.0,828.0,49211.0,0.975609756097561,0.0,0.0,36161779.0,4556701.0,21528.0,0.0,36547676.0,4149276.0,40718480.0
2024-02-19,828.0,834.0,823.0,826.0,128334.0,-0.24154589371980675,0.0,0.0,74922339.0,31378169.0,47987.0,0.0,105427696.0,824825.0,106300508.0
2024-02-20,839.0,848.0,823.0,838.0,74674.0,1.4527845036319613,0.0,0.0,58489923.0,3804797.0,16759.0,0.0,56158324.0,6119637.0,62294720.0
2024-02-21,837.0,843.0,822.0,827.0,52739.0,-1.3126491646778042,0.0,0.0,42108861.0,1781986.0,832.0,0.0,37165686.0,6724329.0,43890847.0
2024-02-22,827.0,834.0,815.0,828.0,50682.0,0.12091898428053204,0.0,0.0,40551673.0,1144603.0,36421.0,0.0,36520069.0,5139786.0,41696276.0
2024-02-23,829.0,845.0,828.0,841.0,105914.0,1.570048309178744,19343.0,12603276.0,75832070.0,446623.0,4196.0,0.0,68540130.0,20356986.0,88901312.0
2024-02-26,841.0,853.0,825.0,846.0,169390.0,0.5945303210463734,0.0,0.0,132538520.0,9282751.0,18521.0,43793567.0,78765029.0,19244154.0,141821271.0
2024-02-27,846.0,922.0,830.0,840.0,979982.0,-0.7092198581560284,0.0,0.0,761016563.0,99467904.0,10123.0,0.0,733531514.0,126942830.0,860484467.0
2024-02-28,840.0,870.0,833.0,844.0,313000.0,0.4761904761904762,0.0,0.0,197820359.0,66537548.0,165067.0,26317835.0,232110804.0,5764201.0,264357907.0
2024-02-29,852.0,855.0,841.0,845.0,52830.0,0.11848341232227488,0.0,0.0,44495199.0,224853.0,50706.0,0.0,34976334.0,9693012.0,44720052.0
2024-03-04,840.0,865.0,840.0,858.0,250807.0,1.5384615384615385,19711.0,0.0,195124676.0,19577222.0,42879.0,0.0,197922239.0,16756491.0,214721609.0
2024-03-05,858.0,858.0,816.0,856.0,85253.0,-0.2331002331002331,0.0,0.0,71481845.0,666760.0,43633.0,0.0,63880325.0,8224647.0,72148605.0
2024-03-06,856.0,873.0,840.0,853.0,164937.0,-0.35046728971962615,3412.0,0.0,127174854.0,13624372.0,76767.0,12731994.0,111450467.0,16543410.0,140802638.0
2024-03-07,853.0,868.0,849.0,860.0,81441.0,0.8206330597889802,43826.0,0.0,68594470.0,1045962.0,5160.0,0.0,60517529.0,9161569.0,69684258.0
2024-03-08,850.0,867.0,845.0,851.0,79781.0,-1.0465116279069768,851.0,0.0,66597688.0,1224632.0,13610.0,0.0,52623664.0,15185897.0,67823171.0
2024-03-11,851.0,863.0,844.0,848.0,85428.0,-0.35252643948296125,0.0,0.0,62212134.0,10330887.0,0.0,0.0,65715132.0,6827889.0,72543021.0
2024-03-12,848.0,849.0,828.0,830.0,82081.0,-2.1226415094339623,0.0,0.0,68591832.0,90907.0,5820.0,831.0,46434240.0,22241848.0,68682739.0
2024-03-13,820.0,830.0,810.0,810.0,173996.0,-2.4096385542168677,0.0,0.0,136893334.0,5093386.0,12166.0,0.0,132296049.0,9678505.0,141986720.0
2024-03-14,810.0,853.0,809.0,824.0,46619.0,1.728395061728395,0.0,0.0,35752991.0,2301929.0,27127.0,0.0,26139296.0,11888497.0,38054920.0
2024-03-15,814.0,814.0,797.0,804.0,193806.0,-2.4271844660194173,0.0,0.0,122386141.0,33160500.0,50461.0,0.0,128075766.0,27420414.0,155546641.0
2024-03-18,804.0,815.0,798.0,810.0,67228.0,0.7462686567164178,3214.0,0.0,52689883.0,1339726.0,20250.0,0.0,52371942.0,1640631.0,54032823.0
2024-03-19,810.0,824.0,804.0,810.0,47165.0,0.0,813.0,0.0,37813378.0,455446.0,67983.0,0.0,23404330.0,14797324.0,38269637.0
2024-03-20,810.0,819.0,809.0,811.0,57857.0,0.12345679012345678,4055.0,0.0,46519365.0,405552.0,813.0,0.0,43966554.0,2961605.0,46928972.0
2024-03-21,811.0,825.0,807.0,813.0,41510.0,0.2466091245376079,0.0,0.0,32444891.0,1250924.0,138774.0,0.0,30752809.0,2804232.0,33695815.0
2024-03-22,813.0,813.0,802.0,811.0,72281.0,-0.24600246002460024,0.0,0.0,45546957.0,12767465.0,19463.0,0.0,56964453.0,1330506.0,58314422.0
2024-03-25,816.0,823.0,810.0,816.0,95833.0,0.6165228113440198,0.0,0.0,75590918.0,2611124.0,44880.0,0.0,75367618.0,2789544.0,78202042.0
2024-03-26,816.0,816.0,810.0,814.0,29232.0,-0.24509803921568626,0.0,0.0,22602014.0,1143510.0,6510.0,0.0,22553475.0,1185539.0,23745524.0
2024-03-27,820.0,825.0,807.0,815.0,73623.0,0.12285012285012285,1630.0,4841592.0,52068374.0,3009743.0,4073.0,0.0,48251322.0,11665944.0,59921339.0
2024-03-28,815.0,816.0,802.0,802.0,71270.0,-1.5950920245398774,7218.0,0.0,57682890.0,0.0,10438.0,0.0,42820932.0,14858738.0,57690108.0
2024-03-29,799.0,815.0,797.0,802.0,88437.0,0.0,0.0,401000.0,62773968.0,7715160.0,0.0,0.0,62327872.0,8562256.0,70890128.0
2024-04-01,812.0,812.0,802.0,807.0,74807.0,0.6234413965087282,37093.0,162000.0,59574315.0,543686.0,0.0,0.0,48186657.0,12130437.0,60317094.0
2024-04-02,810.0,848.0,804.0,848.0,381875.0,5.080545229244114,50804.0,453507.0,262708239.0,53682381.0,53273.0,1682.0,299633188.0,17206788.0,316894931.0
2024-04-03,848.0,901.0,843.0,900.0,681178.0,6.132075471698113,11580559.0,2510286.0,552726737.0,31162364.0,33123.0,1464482.0,572427605.0,24054736.0,597979946.0
2024-04-04,902.0,907.0,860.0,887.0,310749.0,-1.4444444444444444,0.0,0.0,232972182.0,39019260.0,117735.0,2435621.0,260846609.0,8591477.0,271991442.0
2024-04-05,870.0,885.0,860.0,879.0,168363.0,-0.9019165727170236,0.0,0.0,139973838.0,6815077.0,8080266.0,505848.0,129669985.0,8532816.0,146788915.0
2024-04-08,874.0,893.0,865.0,865.0,155698.0,-1.5927189988623434,0.0,0.0,113484607.0,22214724.0,3460000.0,501030.0,122957217.0,8781084.0,135699331.0
2024-04-09,860.0,872.0,844.0,855.0,97060.0,-1.1560693641618496,0.0,0.0,72603829.0,10326823.0,286042.0,0.0,81149891.0,1494719.0,82930652.0
2024-04-11,843.0,854.0,835.0,847.0,61071.0,-0.9356725146198831,0.0,0.0,50470097.0,1033191.0,22947.0,0.0,47119741.0,4360600.0,51503288.0
2024-04-12,841.0,855.0,806.0,827.0,156190.0,-2.3612750885478158,18975.0,0.0,129843384.0,352872.0,47966.0,0.0,117537942.0,12629323.0,130215231.0
2024-04-15,819.0,850.0,819.0,830.0,102027.0,0.36275695284159615,5864606.0,548136.0,78522514.0,141896.0,0.0,0.0,71340698.0,13736454.0,85077152.0
2024-04-16,830.0,846.0,811.0,830.0,110212.0,0.0,7895717.0,0.0,75749031.0,7057804.0,0.0,0.0,73534921.0,17167631.0,90702552.0
2024-04-17,830.0,858.0,824.0,850.0,145108.0,2.4096385542168677,10222857.0,0.0,89628565.0,22825192.0,1653.0,0.0,113917842.0,8757119.0,122676614.0
2024-04-18,850.0,863.0,840.0,845.0,72621.0,-0.5882352941176471,1827388.0,1290000.0,58088596.0,664969.0,0.0,1908010.0,53332247.0,6630696.0,61870953.0
2024-04-19,845.0,860.0,826.0,840.0,81668.0,-0.591715976331361,203637.0,4155000.0,56834500.0,7279108.0,82665.0,0.0,59410694.0,8978886.0,68472245.0
2024-04-22,822.0,845.0,816.0,843.0,93842.0,0.35714285714285715,5168036.0,7425000.0,61076631.0,4055339.0,0.0,0.0,75674929.0,2050077.0,77725006.0
2024-04-23,843.0,849.0,836.0,848.0,31162.0,0.5931198102016607,85228.0,0.0,26146637.0,75784.0,0.0,0.0,25746771.0,560878.0,26307649.0
2024-04-24,848.0,857.0,815.0,818.0,140574.0,-3.5377358490566038,94372.0,2155357.0,113582086.0,965290.0,856800.0,0.0,109776107.0,6164198.0,116797105.0
2024-04-25,818.0,830.0,816.0,818.0,63193.0,0.0,50008.0,4114816.0,47447413.0,427806.0,2460000.0,0.0,41144650.0,8435393.0,52040043.0
2024-04-26,818.0,829.0,817.0,820.0,20095.0,0.24449877750611246,49228.0,0.0,13817893.0,2630031.0,36313.0,1156004.0,14092596.0,1212239.0,16497152.0
2024-04-29,823.0,835.0,815.0,830.0,58908.0,1.2195121951219512,37419.0,13230451.0,33027008.0,2265118.0,9097000.0,49880.0,34376918.0,5036198.0,48559996.0
2024-04-30,830.0,837.0,824.0,834.0,50344.0,0.48192771084337355,60033.0,0.0,35407860.0,6310688.0,0.0,0.0,40802126.0,976455.0,41778581.0
2024-05-02,834.0,870.0,834.0,869.0,303599.0,4.1966426858513195,20668.0,0.0,244669541.0,13157884.0,36474.0,4491838.0,247586870.0,5732911.0,257848093.0
2024-05-03,871.0,1079.0,871.0,941.0,9392620.0,8.285385500575373,540074.0,27964182.0,8694423036.0,645320988.0,493410.0,43896116.0,8570834226.0,753024528.0,9368248280.0
2024-05-07,945.0,953.0,905.0,917.0,814257.0,-2.5504782146652496,15029919.0,17308205.0,616823767.0,107508499.0,84556.0,2013085.0,718547229.0,36025520.0,756670390.0
2024-05-08,917.0,972.0,895.0,951.0,677571.0,3.707742639040349,11576228.0,14301504.0,551557486.0,60643839.0,4401515.0,8625070.0,540002747.0,85049725.0,638079057.0
2024-05-09,935.0,960.0,922.0,952.0,255043.0,0.10515247108307045,4760207.0,0.0,207335967.0,27488535.0,498805.0,6542620.0,222364278.0,10179006.0,239584709.0
2024-05-10,943.0,943.0,903.0,922.0,221787.0,-3.1512605042016806,2471724.0,918000.0,185476409.0,15449766.0,398685.0,4344104.0,189553556.0,10019554.0,204315899.0
2024-05-13,930.0,947.0,908.0,942.0,205591.0,2.1691973969631237,1838932.0,0.0,154510131.0,34340710.0,4710.0,0.0,163089620.0,27595443.0,190689773.0
2024-05-14,941.0,956.0,928.0,952.0,132671.0,1.0615711252653928,930000.0,0.0,110292892.0,13262220.0,35777.0,288920.0,112771538.0,11388877.0,124485112.0
2024-05-16,961.0,968.0,920.0,930.0,271367.0,-2.3109243697478994,0.0,496961.0,240296422.0,12588800.0,19536.0,491164.0,229088949.0,23782534.0,253382183.0
2024-05-17,930.0,945.0,922.0,944.0,98840.0,1.5053763440860215,943.0,0.0,77787704.0,14553483.0,1512288.0,0.0,81334546.0,9495296.0,92342130.0
2024-05-20,944.0,1038.0,944.0,989.0,954570.0,4.766949152542373,326167.0,12838328.0,741628658.0,200097465.0,51220.0,5839712.0,805893846.0,143105840.0,954890618.0
2024-05-21,1001.0,1046.0,960.0,1010.0,608253.0,2.1233569261880687,2182154.0,1484228.0,489474388.0,127346150.0,2087730.0,1173659.0,487719388.0,129506143.0,620486920.0
2024-05-22,1010.0,1040.0,983.0,1000.0,177370.0,-0.9900990099009901,118908.0,0.0,165958915.0,11398453.0,182598.0,2287380.0,130171057.0,44835241.0,177476276.0
2024-05-23,1000.0,1000.0,948.0,948.0,196192.0,-5.2,2931201.0,0.0,161929985.0,24441020.0,135323.0,2015054.0,132401679.0,54750150.0,189302206.0
2024-05-24,950.0,998.0,949.0,988.0,185027.0,4.219409282700422,5930857.0,0.0,124824461.0,50536805.0,0.0,0.0,161272572.0,20019551.0,181292123.0
2024-05-27,988.0,1006.0,918.0,925.0,345604.0,-6.376518218623482,5660877.0,12506947.0,278869930.0,29913204.0,0.0,0.0,293227775.0,33723183.0,326950958.0
2024-05-28,925.0,947.0,898.0,944.0,180482.0,2.054054054054054,1869779.0,0.0,118643328.0,45872342.0,0.0,0.0,129723562.0,36661887.0,166385449.0
2024-05-29,944.0,947.0,912.0,914.0,87332.0,-3.1779661016949152,33002.0,1830000.0,70416589.0,8419411.0,0.0,0.0,54831667.0,25867335.0,80699002.0
2024-05-30,919.0,919.0,893.0,905.0,127303.0,-0.9846827133479212,20930.0,0.0,107214736.0,8748682.0,0.0,0.0,104332525.0,11651823.0,115984348.0
2024-05-31,905.0,945.0,899.0,901.0,126613.0,-0.44198895027624313,5019099.0,0.0,85666812.0,26175073.0,0.0,0.0,104418454.0,12442530.0,116860984.0
2024-06-03,906.0,907.0,875.0,896.0,269399.0,-0.5549389567147613,6759172.0,8815000.0,169764619.0,54242721.0,0.0,0.0,228083658.0,11497854.0,239581512.0
2024-06-04,896.0,908.0,876.0,892.0,42193.0,-0.4464285714285714,6253.0,0.0,33795931.0,3957542.0,0.0,0.0,32454627.0,5305099.0,37759726.0
2024-06-05,893.0,908.0,882.0,897.0,78114.0,0.5605381165919282,2668786.0,2270507.0,61259229.0,3204790.0,5349.0,0.0,63990914.0,5407049.0,69403312.0
2024-06-07,897.0,909.0,874.0,874.0,176220.0,-2.564102564102564,7155000.0,1748000.0,139024378.0,8721591.0,9798.0,0.0,142034911.0,14604260.0,156648969.0
2024-06-10,874.0,884.0,862.0,879.0,37610.0,0.5720823798627002,1736000.0,1373500.0,22232740.0,7459275.0,45711.0,0.0,27477050.0,5278754.0,32801515.0
2024-06-11,879.0,891.0,873.0,883.0,66527.0,0.4550625711035267,1766000.0,0.0,42378928.0,14396956.0,13240.0,0.0,48804988.0,9723656.0,58541884.0
2024-06-12,883.0,894.0,880.0,886.0,31155.0,0.33975084937712347,0.0,500742.0,26885648.0,263664.0,25693.0,0.0,26114195.0,1510166.0,27650054.0
2024-06-13,880.0,992.0,880.0,925.0,733016.0,4.401805869074492,895000.0,947025.0,556080905.0,121798024.0,1910563.0,935640.0,576174895.0,100699856.0,679720954.0
2024-06-14,946.0,1030.0,921.0,960.0,1085143.0,3.783783783783784,973524.0,13228125.0,880291249.0,173369164.0,15749681.0,1556200.0,1007469448.0,43086733.0,1067862062.0
2024-06-17,960.0,968.0,932.0,945.0,181268.0,-1.5625,0.0,0.0,163877494.0,7767225.0,293380.0,12721664.0,114782606.0,43847069.0,171644719.0
2024-06-18,945.0,956.0,907.0,907.0,147351.0,-4.021164021164021,20976.0,8220000.0,117780661.0,10054377.0,156112.0,1827919.0,106673744.0,27418239.0,136076014.0
2024-06-19,907.0,932.0,907.0,920.0,61950.0,1.4332965821389196,0.0,0.0,51641434.0,4977846.0,176373.0,1349507.0,46553622.0,8539778.0,56619280.0
2024-06-20,929.0,929.0,912.0,928.0,69782.0,0.8695652173913043,0.0,0.0,61482703.0,2753970.0,213770.0,1648659.0,54466956.0,7907288.0,64236673.0
2024-06-21,928.0,935.0,880.0,902.0,88913.0,-2.8017241379310347,29153.0,1359000.0,76506423.0,3229599.0,148967.0,1562243.0,68505656.0,10907309.0,81124175.0
2024-06-24,902.0,933.0,869.0,880.0,146365.0,-2.4390243902439024,901.0,0.0,122249421.0,6874521.0,66267.0,233477.0,116071812.0,12753287.0,129124843.0
2024-06-25,870.0,914.0,865.0,914.0,84744.0,3.8636363636363633,1740000.0,500528.0,67240354.0,4739635.0,79386.0,1305961.0,66540153.0,6295017.0,74220517.0
2024-06-26,905.0,907.0,871.0,891.0,83307.0,-2.516411378555799,0.0,0.0,73152972.0,1102540.0,195204.0,1551820.0,59569289.0,12939199.0,74255512.0
2024-06-27,891.0,893.0,858.0,860.0,95477.0,-3.479236812570146,872876.0,500767.0,76397512.0,4847139.0,44910.0,106983.0,71048565.0,11417836.0,82618294.0
2024-06-28,862.0,882.0,845.0,880.0,149299.0,2.3255813953488373,170000.0,0.0,117225106.0,12070450.0,5319408.0,878.0,109160167.0,14985103.0,129465556.0
2024-07-01,882.0,920.0,880.0,895.0,115452.0,1.7045454545454544,0.0,0.0,94270211.0,10334227.0,40275.0,0.0,86011969.0,18552194.0,104604438.0
2024-07-02,895.0,895.0,871.0,884.0,56298.0,-1.2290502793296088,0.0,0.0,48992889.0,724013.0,35360.0,0.0,34802713.0,14878829.0,49716902.0
2024-07-03,884.0,891.0,856.0,860.0,148823.0,-2.7149321266968327,889.0,0.0,117697559.0,13262988.0,512056.0,0.0,117287069.0,13162311.0,130961436.0
2024-07-04,860.0,883.0,851.0,882.0,65618.0,2.558139534883721,0.0,0.0,52178920.0,4961536.0,33514.0,0.0,47832742.0,9274200.0,57140456.0
2024-07-05,882.0,907.0,875.0,891.0,63801.0,1.0204081632653061,1758000.0,0.0,53355681.0,1245259.0,182930.0,0.0,48488575.0,7687435.0,56358940.0
2024-07-08,891.0,916.0,833.0,872.0,219041.0,-2.132435465768799,5273969.0,0.0,164043789.0,23295479.0,90418.0,0.0,184453938.0,8068881.0,192613237.0
2024-07-09,877.0,888.0,871.0,880.0,40061.0,0.9174311926605505,887.0,0.0,32503435.0,2762548.0,58102.0,0.0,32405829.0,2802939.0,35266870.0
2024-07-10,872.0,887.0,862.0,870.0,57765.0,-1.1363636363636365,0.0,0.0,50093302.0,679643.0,35680.0,0.0,45701156.0,5036109.0,50772945.0
2024-07-11,870.0,881.0,865.0,879.0,60874.0,1.0344827586206897,0.0,500151.0,47199973.0,5526017.0,116737.0,0.0,51855805.0,1253599.0,53226141.0
2024-07-12,879.0,883.0,870.0,876.0,48726.0,-0.3412969283276451,0.0,0.0,39013005.0,3636421.0,67452.0,0.0,36597299.0,5984675.0,42649426.0
2024-07-15,876.0,904.0,876.0,898.0,73757.0,2.5114155251141552,0.0,176200.0,50674912.0,14982912.0,10746.0,0.0,63318777.0,2504501.0,65834024.0
2024-07-16,898.0,898.0,883.0,896.0,41123.0,-0.22271714922048996,895.0,0.0,36494427.0,156064.0,33152.0,0.0,34249258.0,2368976.0,36651386.0
2024-07-17,892.0,1020.0,886.0,972.0,1343937.0,8.482142857142858,1916426.0,26676419.0,1033284879.0,241107743.0,30777834.0,16282918.0,1131772492.0,124152223.0,1302985467.0
2024-07-18,950.0,1044.0,917.0,1025.0,900438.0,5.4526748971193415,344592.0,4613902.0,698284410.0,192267871.0,6155056.0,10510785.0,751472116.0,127372818.0,895510775.0
2024-07-19,1010.0,1063.0,1006.0,1030.0,432758.0,0.4878048780487805,13608602.0,10207585.0,311447689.0,109322087.0,4183048.0,8417026.0,343321540.0,88664349.0,444585963.0
2024-07-22,1029.0,1029.0,1010.0,1020.0,152816.0,-0.9708737864077669,9194.0,35278627.0,92801978.0,27144222.0,81399.0,1718895.0,138427846.0,15005881.0,155234021.0
2024-07-23,1019.0,1042.0,992.0,1013.0,116252.0,-0.6862745098039216,8074.0,5050000.0,94471131.0,17366980.0,10027592.0,916658.0,90127439.0,15824496.0,116896185.0
2024-07-24,1002.0,1011.0,998.0,1005.0,67091.0,-0.7897334649555774,73361.0,0.0,60989262.0,6175344.0,1332993.0,2775459.0,56582304.0,6547211.0,67237967.0
2024-07-25,1005.0,1020.0,990.0,1020.0,50998.0,1.4925373134328357,0.0,0.0,43062990.0,8091525.0,47394.0,1676368.0,41291289.0,8139464.0,51154515.0
2024-07-26,1009.0,1047.0,1003.0,1030.0,109804.0,0.9803921568627451,0.0,0.0,102768087.0,10172427.0,26703.0,6279814.0,95063275.0,11570722.0,112940514.0
2024-07-29,1030.0,1045.0,1011.0,1041.0,90892.0,1.0679611650485437,5192.0,0.0,87033304.0,6419098.0,16508.0,11384296.0,79397755.0,2659035.0,93457594.0
2024-07-30,1030.0,1048.0,1010.0,1028.0,63138.0,-1.248799231508165,25826.0,0.0,63991746.0,952111.0,425895.0,180434.0,54366554.0,9996800.0,64969683.0
2024-07-31,1031.0,1031.0,1013.0,1015.0,57048.0,-1.264591439688716,1017.0,0.0,50181312.0,8017582.0,73222.0,158694.0,52937541.0,5030454.0,58199911.0
2024-08-01,1011.0,1025.0,1011.0,1014.0,59818.0,-0.09852216748768472,0.0,10212368.0,41818132.0,8770698.0,58812.0,3048.0,55355382.0,5383956.0,60801198.0
2024-08-02,1023.0,1023.0,980.0,999.0,143982.0,-1.4792899408284024,16771.0,16067991.0,118596997.0,8297870.0,137119.0,1132975.0,134162060.0,7547475.0,142979629.0
2024-08-05,989.0,999.0,866.0,901.0,259577.0,-9.80980980980981,613467.0,31382343.0,165951327.0,41663371.0,109712.0,1627799.0,182585814.0,55287183.0,239610508.0
2024-08-06,892.0,950.0,892.0,935.0,131180.0,3.7735849056603774,56356.0,0.0,89485542.0,31640528.0,52541.0,7106833.0,85571584.0,28451468.0,121182426.0
2024-08-07,935.0,961.0,921.0,921.0,59827.0,-1.4973262032085561,120411.0,0.0,49157233.0,6533855.0,29940.0,792779.0,50252952.0,4735828.0,55811499.0
2024-08-08,918.0,1020.0,902.0,1008.0,465676.0,9.446254071661238,2312066.0,0.0,389659843.0,60051984.0,42536833.0,3519188.0,333150108.0,72817764.0,452023893.0
2024-08-09,1008.0,1090.0,1008.0,1020.0,711777.0,1.1904761904761905,4800995.0,2170431.0,634641676.0,103126003.0,2453851.0,9884164.0,547025774.0,185375316.0,744739105.0
2024-08-12,1010.0,1064.0,1010.0,1022.0,155513.0,0.19607843137254902,20722.0,0.0,129427678.0,32306534.0,137424.0,1956964.0,132987206.0,26673340.0,161754934.0
2024-08-13,1022.0,1070.0,990.0,993.0,86133.0,-2.8375733855185907,0.0,0.0,79970115.0,7364102.0,61490.0,599522.0,50343803.0,36329402.0,87334217.0
2024-08-14,993.0,1047.0,983.0,983.0,297141.0,-1.0070493454179255,0.0,0.0,268725647.0,33131669.0,11974.0,23489342.0,228212631.0,50143369.0,301857316.0
2024-08-16,985.0,1050.0,985.0,1048.0,289629.0,6.612410986775178,0.0,0.0,225564564.0,70038644.0,290594.0,7194200.0,265589630.0,22528784.0,295603208.0
2024-08-19,1055.0,1055.0,1033.0,1052.0,155719.0,0.38167938931297707,0.0,0.0,155899968.0,6330528.0,121265.0,674103.0,134618904.0,26816224.0,162230496.0
2024-08-20,1052.0,1091.0,1038.0,1090.0,333702.0,3.6121673003802277,0.0,0.0,325846276.0,33359923.0,28339.0,15098800.0,317597177.0,26481883.0,359206199.0
2024-08-21,1090.0,1140.0,1080.0,1120.0,473209.0,2.7522935779816518,25058.0,7234960.0,423984166.0,95177900.0,461594.0,23124703.0,460053935.0,42781852.0,526422084.0
2024-08-22,1120.0,1177.0,1119.0,1155.0,344145.0,3.125,1155.0,0.0,327875984.0,68898329.0,8080.0,19667436.0,321218511.0,55881441.0,396775468.0
2024-08-23,1155.0,1377.0,1140.0,1356.0,4121903.0,17.402597402597404,1602435.0,152728695.0,4193629160.0,1004890026.0,1623906.0,86650038.0,4398051550.0,866524822.0,5352850316.0
2024-08-26,1416.0,1420.0,1252.0,1320.0,1243954.0,-2.6548672566371683,7920.0,12920000.0,1324464729.0,307044884.0,942670.0,10549147.0,1201926078.0,431019638.0,1644437533.0
2024-08-27,1320.0,1326.0,1263.0,1297.0,271960.0,-1.7424242424242427,0.0,0.0,307158885.0,43619071.0,476596.0,3922637.0,249132918.0,97245805.0,350777956.0
2024-08-28,1303.0,1380.0,1281.0,1380.0,438251.0,6.399383191981496,9506.0,0.0,479419587.0,107929041.0,313384.0,2880268.0,460370472.0,123794010.0,587358134.0
2024-08-29,1380.0,1428.0,1350.0,1405.0,361178.0,1.8115942028985508,26280.0,1380.0,437956684.0,62524959.0,31602.0,3027166.0,393531389.0,103919146.0,500509303.0
2024-08-30,1391.0,1518.0,1371.0,1508.0,696029.0,7.330960854092526,289766.0,7610677.0,826367801.0,191646226.0,4475.0,5474427.0,897303003.0,123132565.0,1025914470.0
2024-09-02,1496.0,1496.0,1379.0,1419.0,496357.0,-5.901856763925729,0.0,0.0,594901770.0,115125881.0,245787.0,2524149.0,415003446.0,292254269.0,710027651.0
2024-09-03,1419.0,1599.0,1391.0,1558.0,872679.0,9.795630725863285,18929962.0,4879257.0,969099688.0,327888709.0,10906.0,4936406.0,1085335842.0,230514462.0,1320797616.0
2024-09-04,1542.0,1636.0,1453.0,1620.0,843168.0,3.979460847240052,1685610.0,17816910.0,1083100454.0,217253541.0,1602.0,0.0,999462106.0,320392807.0,1319856515.0
2024-09-05,1649.0,1690.0,1540.0,1646.0,874953.0,1.6049382716049383,239237.0,152172239.0,991667355.0,291059397.0,120697.0,1501760.0,996585695.0,436930076.0,1435138228.0
2024-09-06,1651.0,1799.0,1651.0,1771.0,1958547.0,7.594167679222358,15944411.0,2212938.0,2736633347.0,635212925.0,379186.0,7295292.0,2664703189.0,717625954.0,3390003621.0
2024-09-09,1533.0,1590.0,1367.0,1485.0,2812267.0,-16.149068322981368,41123819.0,9651955.0,3437072149.0,579283685.0,6522994.0,100876448.0,3326860276.0,632871890.0,4067131608.0
2024-09-10,1481.0,1491.0,1333.0,1358.0,794005.0,-8.552188552188552,14278985.0,4131529.0,812022928.0,278654553.0,0.0,44961181.0,863825838.0,200300976.0,1109087995.0
2024-09-11,1360.0,1413.0,1225.0,1259.0,629760.0,-7.290132547864507,9441.0,2999760.0,577817341.0,251007099.0,0.0,5488000.0,686128134.0,140217507.0,831833641.0
2024-09-12,1270.0,1350.0,1208.0,1212.0,548051.0,-3.733121525019857,2583.0,3751900.0,478011245.0,216419863.0,2424.0,0.0,593019550.0,105163617.0,698185591.0
2024-09-13,1221.0,1240.0,1098.0,1153.0,999591.0,-4.867986798679868,0.0,0.0,840941737.0,303883813.0,3459.0,300168.0,937053242.0,207468681.0,1144825550.0
2024-09-19,1170.0,1170.0,1045.0,1067.0,722262.0,-7.458803122289679,0.0,0.0,644822855.0,139630182.0,0.0,0.0,652307412.0,132145625.0,784453037.0
2024-09-20,1086.0,1229.0,1078.0,1097.0,1407171.0,2.8116213683223994,3534.0,0.0,1206051230.0,402680827.0,0.0,17398527.0,1230560832.0,360776232.0,1608735591.0
2024-09-23,1087.0,1087.0,1002.0,1025.0,521814.0,-6.563354603463993,0.0,2753819.0,434918728.0,102761414.0,1025.0,0.0,388894513.0,151538423.0,540433961.0
2024-09-24,1025.0,1097.0,1005.0,1063.0,248663.0,3.7073170731707314,1063.0,0.0,194161611.0,67241385.0,0.0,0.0,218578254.0,42825805.0,261404059.0
2024-09-25,1063.0,1095.0,991.0,1001.0,947033.0,-5.832549388523048,0.0,0.0,806249723.0,160823549.0,10010.0,75177050.0,719728223.0,172157989.0,967073272.0
2024-09-26,1002.0,1012.0,933.0,941.0,964102.0,-5.994005994005994,1000.0,1460783.0,763157241.0,161889944.0,11343.0,0.0,815285080.0,111212545.0,926508968.0
2024-09-27,941.0,975.0,932.0,950.0,419716.0,0.9564293304994688,0.0,0.0,292231011.0,107755589.0,12341.0,0.0,321433172.0,78541087.0,399986600.0
2024-09-30,942.0,970.0,937.0,950.0,211094.0,0.0,65550.0,6337293.0,149445177.0,44899213.0,0.0,0.0,170552472.0,30194761.0,200747233.0
2024-10-02,900.0,962.0,900.0,962.0,269718.0,1.263157894736842,56160.0,0.0,229154785.0,25023484.0,0.0,0.0,208476838.0,45757591.0,254234429.0
2024-10-04,964.0,969.0,943.0,962.0,126163.0,0.0,4801.0,0.0,80707327.0,40080941.0,0.0,0.0,99613342.0,21179727.0,120793069.0
2024-10-07,962.0,991.0,957.0,980.0,223067.0,1.8711018711018712,15631.0,0.0,158406583.0,57585558.0,964.0,0.0,192260676.0,23746132.0,216007772.0
2024-10-08,980.0,1034.0,975.0,1021.0,346728.0,4.183673469387755,26546.0,0.0,297370821.0,53311281.0,0.0,0.0,287287595.0,63421053.0,350708648.0
2024-10-10,1021.0,1025.0,975.0,998.0,165894.0,-2.2526934378060726,2982.0,0.0,143740141.0,21649572.0,0.0,6567237.0,89333843.0,69491615.0,165392695.0
2024-10-11,1016.0,1016.0,973.0,984.0,87913.0,-1.402805611222445,4992.0,0.0,77334792.0,9978964.0,0.0,0.0,64652676.0,22666072.0,87318748.0
2024-10-14,985.0,1021.0,983.0,1001.0,205997.0,1.7276422764227644,21021.0,1007.0,127417757.0,79761092.0,12081.0,0.0,178551491.0,28637305.0,207200877.0
2024-10-15,1021.0,1037.0,982.0,1034.0,151192.0,3.296703296703297,23782.0,0.0,109378510.0,43853015.0,23704.0,0.0,123231821.0,29999782.0,153255307.0
2024-10-16,1028.0,1034.0,1001.0,1015.0,76833.0,-1.83752417794971,0.0,0.0,75693031.0,2149080.0,7101.0,0.0,46188730.0,31646280.0,77842111.0
2024-10-17,1004.0,1044.0,995.0,1036.0,185294.0,2.0689655172413794,0.0,1030.0,132786160.0,56474869.0,7240.0,0.0,168335236.0,20919583.0,189262059.0
2024-10-18,1031.0,1043.0,1005.0,1006.0,132647.0,-2.8957528957528957,2012.0,10078000.0,108741770.0,15819777.0,1013.0,0.0,103236045.0,31404501.0,134641559.0
2024-10-21,1007.0,1029.0,950.0,965.0,187220.0,-4.075546719681909,1930.0,1997000.0,149620739.0,33650231.0,5904.0,2260850.0,150644554.0,32358592.0,185269900.0
2024-10-22,964.0,986.0,915.0,954.0,155220.0,-1.1398963730569949,28120.0,0.0,122278631.0,26568468.0,0.0,0.0,117359577.0,31515642.0,148875219.0
2024-10-23,954.0,957.0,875.0,919.0,302742.0,-3.668763102725367,66076.0,0.0,200477747.0,78902984.0,76277.0,0.0,246416466.0,32954064.0,279446807.0
2024-10-24,902.0,926.0,902.0,918.0,60772.0,-0.1088139281828074,3672.0,0.0,55044076.0,746542.0,0.0,1838000.0,34658001.0,19298289.0,55794290.0
2024-10-25,897.0,944.0,880.0,919.0,324401.0,0.10893246187363835,2757.0,981876.0,228030554.0,61953234.0,5625632.0,8891000.0,224891210.0,51560579.0,290968421.0
2024-10-28,919.0,962.0,909.0,930.0,103003.0,1.1969532100108813,26152.0,506369.0,70708060.0,24361262.0,0.0,0.0,50713454.0,44888389.0,95601843.0
2024-10-29,929.0,930.0,906.0,917.0,47249.0,-1.3978494623655915,0.0,0.0,35159959.0,8140908.0,0.0,0.0,30583852.0,12717015.0,43300867.0
2024-10-30,916.0,930.0,898.0,921.0,63296.0,0.43620501635768816,65875.0,928.0,42055975.0,15748884.0,0.0,0.0,45699045.0,12172617.0,57871662.0
2024-10-31,921.0,922.0,898.0,912.0,219842.0,-0.9771986970684038,22685.0,0.0,149606170.0,49328030.0,912.0,0.0,188801612.0,10154361.0,198956885.0
2024-11-01,912.0,912.0,885.0,904.0,147842.0,-0.8771929824561403,45979.0,0.0,118335215.0,14125303.0,899.0,0.0,101894591.0,30611007.0,132506497.0
2024-11-04,904.0,938.0,897.0,923.0,160068.0,2.101769911504425,3668.0,0.0,89252005.0,57923709.0,923.0,0.0,112949112.0,34229347.0,147179382.0
2024-11-05,923.0,949.0,907.0,935.0,53303.0,1.3001083423618636,0.0,0.0,38448012.0,10740089.0,24313.0,0.0,38408601.0,10755187.0,49188101.0
2024-11-06,940.0,940.0,901.0,901.0,114395.0,-3.6363636363636362,21344.0,0.0,102614026.0,1860426.0,4566.0,33156800.0,41555508.0,29778922.0,104495796.0
2024-11-07,902.0,957.0,870.0,901.0,218168.0,0.0,0.0,0.0,155938421.0,39311002.0,7195.0,0.0,157859108.0,37383120.0,195249423.0
2024-11-08,893.0,912.0,877.0,890.0,84548.0,-1.2208657047724751,0.0,491181.0,73587238.0,1333106.0,6230.0,0.0,38222925.0,37182370.0,75411525.0
2024-11-11,890.0,908.0,875.0,892.0,160241.0,0.22471910112359553,11601.0,66924.0,134364514.0,8280487.0,0.0,0.0,92813970.0,49909556.0,142723526.0
2024-11-12,909.0,909.0,829.0,847.0,366329.0,-5.044843049327354,20623.0,0.0,277779653.0,33168795.0,0.0,0.0,194124744.0,116844327.0,310969071.0
2024-11-13,860.0,860.0,753.0,790.0,524263.0,-6.729634002361275,1621515.0,438900.0,357649810.0,58178595.0,0.0,409487.0,358178165.0,59301168.0,417888820.0
2024-11-14,791.0,801.0,747.0,760.0,250475.0,-3.79746835443038,30580.0,6902362.0,167738972.0,17689356.0,0.0,31647.0,169890490.0,22439133.0,192361270.0
2024-11-15,760.0,908.0,758.0,860.0,1262726.0,13.157894736842104,374564.0,2260384.0,826748453.0,257756609.0,0.0,85610.0,847025332.0,240029068.0,1087140010.0
2024-11-18,860.0,900.0,847.0,858.0,232527.0,-0.23255813953488372,78152.0,24916.0,148866402.0,54540598.0,5999.0,549499.0,174210399.0,28744171.0,203510068.0
2024-11-19,854.0,895.0,840.0,865.0,74845.0,0.8158508158508158,2595.0,0.0,61756798.0,2651961.0,0.0,0.0,55441897.0,8969457.0,64411354.0
2024-11-20,851.0,887.0,820.0,832.0,157554.0,-3.815028901734104,0.0,0.0,116979964.0,16423738.0,2565.0,0.0,118283872.0,15117265.0,133403702.0
2024-11-21,832.0,964.0,811.0,855.0,607457.0,2.7644230769230766,1709.0,0.0,460081934.0,71295480.0,98334.0,1243842.0,421923506.0,108113441.0,531379123.0
2024-11-22,855.0,975.0,852.0,950.0,561524.0,11.11111111111111,114933.0,502933.0,384078684.0,138567467.0,261423.0,1541952.0,450451561.0,71009081.0,523264017.0
2024-11-25,930.0,993.0,903.0,958.0,308159.0,0.8421052631578947,0.0,11664.0,236827431.0,57964108.0,52968839.0,11844.0,202489155.0,39333365.0,294803203.0
2024-11-26,958.0,1195.0,958.0,1189.0,1658757.0,24.112734864300624,1476065.0,16391766.0,1470630047.0,355367410.0,3264271.0,13942337.0,1512156924.0,314501756.0,1843865288.0
2024-11-27,1219.0,1240.0,1113.0,1128.0,564591.0,-5.130361648444071,206253.0,12642115.0,591270161.0,66126658.0,17498.0,10512378.0,504213710.0,155501601.0,670245187.0
2024-11-28,1199.0,1450.0,1164.0,1272.0,4372693.0,12.76595744680851,95882.0,17687666.0,4971202197.0,807368580.0,1888004.0,35687663.0,4645328041.0,1113450617.0,5796354325.0
2024-11-29,1197.0,1283.0,1157.0,1205.0,661825.0,-5.267295597484277,382544.0,3824466.0,622942699.0,177471371.0,79217.0,11470792.0,677861987.0,115209084.0,804621080.0
2024-12-02,1205.0,1384.0,1169.0,1292.0,1063509.0,7.219917012448132,69494.0,459989.0,1123362170.0,241061305.0,91383.0,1026481.0,987592770.0,376242324.0,1364952958.0
2024-12-03,1292.0,1316.0,1203.0,1230.0,335516.0,-4.798761609907121,3718.0,1292.0,363795618.0,54899642.0,1230.0,1265.0,335879533.0,82818242.0,418700270.0
2024-12-04,1229.0,1262.0,1200.0,1230.0,175284.0,0.0,76091.0,0.0,172358131.0,42224482.0,0.0,0.0,170690625.0,43968079.0,214658704.0
2024-12-05,1229.0,1229.0,1130.0,1150.0,281417.0,-6.504065040650407,14950.0,296418.0,286433266.0,43302403.0,0.0,304292.0,290054495.0,39688250.0,330047037.0
2024-12-06,1179.0,1280.0,1118.0,1210.0,546472.0,5.217391304347826,30855.0,10844345.0,449459495.0,195364454.0,121797.0,1387514.0,509506042.0,144683796.0,655699149.0
2024-12-09,1210.0,1243.0,1176.0,1210.0,180239.0,0.0,97140.0,0.0,176437140.0,40811468.0,0.0,0.0,144681188.0,72664560.0,217345748.0
2024-12-10,1210.0,1420.0,1187.0,1420.0,622540.0,17.355371900826448,129731.0,1410.0,507893604.0,324304786.0,1224.0,1400.0,763043789.0,69283118.0,832329531.0
2024-12-11,1420.0,1488.0,1353.0,1426.0,371933.0,0.42253521126760557,349698.0,2842131.0,459042478.0,62713212.0,0.0,0.0,355728028.0,169219491.0,524947519.0
2024-12-12,1427.0,1485.0,1391.0,1404.0,254508.0,-1.5427769985974753,57600.0,0.0,337495371.0,27953485.0,31381.0,922348.0,272592698.0,91960029.0,365506456.0
2024-12-13,1429.0,1467.0,1360.0,1447.0,170773.0,3.0626780626780628,0.0,0.0,220352319.0,22268554.0,53607.0,521220.0,206567224.0,35478822.0,242620873.0
2024-12-16,1430.0,1460.0,1315.0,1397.0,303517.0,-3.455425017277125,5588.0,0.0,393805079.0,27749082.0,115643.0,1287143.0,341090758.0,79066205.0,421559749.0
2024-12-17,1397.0,1447.0,1383.0,1400.0,132585.0,0.21474588403722264,43492.0,0.0,129186622.0,59248139.0,0.0,0.0,169630041.0,18848212.0,188478253.0
2024-12-18,1408.0,1651.0,1391.0,1530.0,1197417.0,9.285714285714286,318636.0,7714848.0,1313382567.0,526478048.0,50490.0,6053.0,1574201007.0,273636549.0,1847894099.0
2024-12-19,1531.0,1676.0,1436.0,1611.0,782497.0,5.294117647058823,156245.0,14312874.0,921302568.0,298328102.0,14499.0,7617478.0,868549497.0,357918315.0,1234099789.0
2024-12-20,1602.0,1647.0,1465.0,1538.0,365027.0,-4.531346989447548,112178.0,1641.0,499462574.0,61206693.0,9175.0,14059.0,388460350.0,172299502.0,560783086.0
2024-12-23,1538.0,1546.0,1450.0,1474.0,284887.0,-4.161248374512354,1456.0,0.0,337786561.0,86909477.0,57660.0,1481.0,313436740.0,111201613.0,424697494.0
2024-12-24,1474.0,1520.0,1429.0,1454.0,98921.0,-1.3568521031207599,0.0,0.0,126930112.0,16966718.0,0.0,1748949.0,104487600.0,37660281.0,143896830.0
2024-12-26,1454.0,1488.0,1385.0,1407.0,267998.0,-3.2324621733149934,0.0,0.0,309139202.0,72052377.0,1477.0,4506572.0,343142479.0,33541051.0,381191579.0
2024-12-27,1352.0,1379.0,1200.0,1288.0,401317.0,-8.45771144278607,42228.0,0.0,361090919.0,161018943.0,5298.0,44055.0,421303691.0,100799046.0,522152090.0
2024-12-30,1288.0,1344.0,1203.0,1268.0,157703.0,-1.5527950310559007,5072.0,0.0,124672058.0,77282701.0,0.0,0.0,157815915.0,44143916.0,201959831.0
2025-01-02,1268.0,1268.0,1202.0,1242.0,222918.0,-2.050473186119874,63175.0,0.0,208105839.0,66424001.0,0.0,0.0,223434891.0,51158124.0,274593015.0
2025-01-03,1229.0,1285.0,1213.0,1249.0,152767.0,0.5636070853462157,30305.0,0.0,141007127.0,52331008.0,0.0,0.0,143886982.0,49481458.0,193368440.0
2025-01-06,1236.0,1468.0,1236.0,1295.0,645274.0,3.682946357085669,42501.0,1397.0,682246407.0,197634425.0,66000.0,1329.0,544888762.0,334968639.0,879924730.0
2025-01-07,1299.0,1375.0,1256.0,1338.0,155686.0,3.3204633204633205,1310.0,0.0,153990262.0,49952968.0,13380.0,0.0,168713336.0,35217824.0,203944540.0
2025-01-08,1320.0,1320.0,1275.0,1283.0,115217.0,-4.110612855007474,2582.0,0.0,128530864.0,19851055.0,26943.0,0.0,115670635.0,32686923.0,148384501.0
2025-01-09,1283.0,1288.0,1250.0,1251.0,92961.0,-2.4941543257989087,70014.0,0.0,97842129.0,19357303.0,0.0,0.0,85517182.0,31752264.0,117269446.0
2025-01-10,1263.0,1411.0,1240.0,1385.0,234613.0,10.711430855315747,29371.0,9100.0,229805001.0,84212251.0,39957.0,9331.0,259165526.0,54840909.0,314055723.0
2025-01-13,1386.0,1424.0,1335.0,1416.0,172661.0,2.2382671480144403,1399.0,0.0,149283074.0,89365380.0,33936.0,0.0,159838465.0,78777452.0,238649853.0
2025-01-14,1401.0,1437.0,1335.0,1340.0,136849.0,-5.367231638418079,0.0,0.0,169756722.0,16198767.0,5360.0,1338000.0,124886475.0,59725654.0,185955489.0
2025-01-15,1326.0,1327.0,1270.0,1305.0,176063.0,-2.6119402985074625,0.0,0.0,196586867.0,31128505.0,1305.0,0.0,192198563.0,35515504.0,227715372.0
2025-01-16,1304.0,1328.0,1244.0,1244.0,153148.0,-4.674329501915709,0.0,0.0,169993134.0,23522374.0,47800.0,0.0,174441912.0,19025796.0,193515508.0
2025-01-17,1244.0,1257.0,1195.0,1226.0,101984.0,-1.4469453376205788,58344.0,0.0,109718419.0,14661987.0,8582.0,0.0,99145582.0,25284586.0,124438750.0
2025-01-20,1226.0,1322.0,1197.0,1276.0,239458.0,4.078303425774878,0.0,0.0,198881409.0,100989427.0,19140.0,0.0,252792729.0,47058967.0,299870836.0
2025-01-21,1315.0,1315.0,1239.0,1278.0,46560.0,0.1567398119122257,59272.0,0.0,51297299.0,8329445.0,38612.0,0.0,20794951.0,38852453.0,59686016.0
2025-01-22,1265.0,1293.0,1197.0,1201.0,100971.0,-6.025039123630673,2402.0,0.0,117399612.0,7442220.0,0.0,0.0,97805745.0,27038489.0,124844234.0
2025-01-23,1208.0,1253.0,1207.0,1240.0,46987.0,3.24729392173189,4960.0,0.0,40196515.0,17538330.0,29856.0,0.0,49461140.0,8248809.0,57739805.0
2025-01-24,1240.0,1363.0,1240.0,1324.0,294748.0,6.774193548387098,0.0,0.0,253244491.0,134758480.0,1324.0,0.0,362029228.0,25972419.0,388002971.0
2025-01-31,1350.0,1393.0,1310.0,1389.0,211960.0,4.909365558912387,24420.0,0.0,210570645.0,76069833.0,0.0,0.0,224577670.0,62087228.0,286664898.0
2025-02-03,1377.0,1377.0,1288.0,1295.0,190767.0,-6.767458603311735,72673.0,0.0,194543401.0,55445249.0,3907.0,0.0,177319044.0,72738372.0,250061323.0
2025-02-04,1295.0,1384.0,1295.0,1360.0,149532.0,5.019305019305019,66539.0,0.0,125891780.0,76012548.0,23120.0,0.0,177048000.0,24899747.0,201970867.0
2025-02-05,1374.0,1417.0,1311.0,1334.0,98837.0,-1.911764705882353,1358.0,2107944.0,116542518.0,13748469.0,60030.0,0.0,94648326.0,37691933.0,132400289.0
2025-02-06,1334.0,1398.0,1313.0,1320.0,71176.0,-1.0494752623688157,0.0,0.0,87166451.0,7352642.0,21120.0,0.0,73962452.0,20535521.0,94519093.0
2025-02-07,1331.0,1334.0,1250.0,1264.0,122686.0,-4.242424242424243,0.0,0.0,138284211.0,17771121.0,1264.0,0.0,127186143.0,28867925.0,156055332.0
2025-02-10,1264.0,1347.0,1264.0,1291.0,112611.0,2.1360759493670884,178781.0,0.0,110150887.0,37267289.0,0.0,0.0,101477435.0,46119522.0,147596957.0
2025-02-11,1300.0,1366.0,1271.0,1348.0,62850.0,4.415182029434547,180762.0,0.0,63966270.0,19310152.0,0.0,0.0,72059043.0,11398141.0,83457184.0
2025-02-12,1348.0,1368.0,1288.0,1288.0,86049.0,-4.451038575667656,176456.0,0.0,95421773.0,18604713.0,144256.0,0.0,87720832.0,26337854.0,114202942.0
2025-02-13,1275.0,1309.0,1260.0,1275.0,68587.0,-1.0093167701863355,0.0,6999144.0,74186027.0,6546091.0,61200.0,0.0,65362960.0,22307102.0,87731262.0
2025-02-14,1285.0,1397.0,1265.0,1331.0,271479.0,4.392156862745098,0.0,1495557.0,257215484.0,107235013.0,33275.0,1463454.0,290933133.0,73516192.0,365946054.0
2025-02-17,1330.0,1332.0,1245.0,1299.0,203100.0,-2.404207362885049,0.0,0.0,247002572.0,13821025.0,16887.0,0.0,193145188.0,67661522.0,260823597.0
2025-02-18,1347.0,1347.0,1245.0,1265.0,130480.0,-2.617397998460354,80500.0,0.0,152407596.0,13339224.0,0.0,0.0,128835175.0,36992145.0,165827320.0
2025-02-19,1251.0,1321.0,1251.0,1279.0,115039.0,1.1067193675889329,0.0,0.0,119819185.0,26757799.0,43486.0,0.0,136474619.0,10058879.0,146576984.0
2025-02-20,1270.0,1301.0,1231.0,1239.0,90119.0,-3.1274433150899137,30000.0,0.0,101465321.0,12086787.0,12390.0,0.0,93462045.0,20107673.0,113582108.0
2025-02-21,1239.0,1245.0,1190.0,1200.0,189381.0,-3.14769975786925,29328.0,2419990.0,197852744.0,28751158.0,22800.0,0.0,205643803.0,23386617.0,229053220.0
2025-02-24,1189.0,1230.0,1177.0,1204.0,106501.0,0.33333333333333337,0.0,0.0,106937956.0,21514632.0,6020.0,1292876.0,116795455.0,10358237.0,128452588.0
2025-02-25,1194.0,1231.0,1194.0,1225.0,71150.0,1.744186046511628,0.0,0.0,79270403.0,6624017.0,11025.0,0.0,62278399.0,23604996.0,85894420.0
2025-02-26,1226.0,1229.0,1182.0,1197.0,70720.0,-2.2857142857142856,0.0,0.0,81873582.0,3324504.0,26334.0,188871.0,75387903.0,9594978.0,85198086.0
2025-02-27,1187.0,1200.0,1149.0,1162.0,97681.0,-2.923976608187134,35596.0,0.0,97494747.0,17134698.0,0.0,0.0,103405689.0,11259352.0,114665041.0
2025-02-28,1162.0,1214.0,1151.0,1168.0,71733.0,0.5163511187607573,498147.0,0.0,74150975.0,10161063.0,0.0,0.0,59841622.0,24968563.0,84810185.0
2025-03-04,1168.0,1186.0,1075.0,1135.0,102178.0,-2.8253424657534243,45400.0,1211028.0,90494275.0,23668008.0,16236.0,0.0,88210046.0,27192429.0,115418711.0
2025-03-05,1135.0,1229.0,1135.0,1179.0,109006.0,3.8766519823788546,101992.0,0.0,86682895.0,43927854.0,18864.0,0.0,110183797.0,20510080.0,130712741.0
2025-03-06,1200.0,1210.0,1160.0,1170.0,60126.0,-0.7633587786259541,27232.0,776777.0,61374907.0,9339386.0,5850.0,665408.0,53666007.0,17181037.0,71518302.0
2025-03-07,1172.0,1188.0,1121.0,1138.0,23334.0,-2.735042735042735,13656.0,2334.0,25107718.0,1614449.0,0.0,2294.0,20101530.0,6634333.0,26738157.0
2025-03-10,1138.0,1148.0,1080.0,1093.0,165489.0,-3.9543057996485063,5465.0,656700.0,139984635.0,42090491.0,5465.0,1008510.0,160649119.0,21074197.0,182737291.0
2025-03-11,1080.0,1130.0,1063.0,1084.0,61333.0,-0.8234217749313815,61466.0,0.0,55168374.0,11164602.0,24508.0,504334.0,57416781.0,8448819.0,66394442.0
2025-03-12,1081.0,1130.0,1079.0,1092.0,55951.0,0.7380073800738007,0.0,932448.0,52126121.0,8404801.0,45864.0,0.0,53019320.0,8398186.0,61463370.0
2025-03-13,1091.0,1097.0,972.0,1019.0,474184.0,-6.684981684981685,0.0,2192935.0,407183226.0,69018206.0,112257.0,2052146.0,348677494.0,127552470.0,478394367.0
2025-03-14,1019.0,1324.0,1019.0,1324.0,3956150.0,29.931305201177626,0.0,16948299.0,4173189133.0,849785283.0,374639.0,17525716.0,4179222257.0,842800103.0,5039922715.0
2025-03-17,1476.0,1500.0,1227.0,1263.0,5221853.0,-4.607250755287009,31575.0,4795331.0,6309227622.0,900392057.0,11367.0,16718271.0,6063137927.0,1134579020.0,7214446585.0
2025-03-18,1365.0,1501.0,1260.0,1265.0,4112918.0,0.1583531274742676,0.0,1988091.0,4851093246.0,806938060.0,39215.0,2066793.0,4805252182.0,852661207.0,5660019397.0
2025-03-19,1263.0,1577.0,1253.0,1413.0,8660340.0,11.699604743083004,11304.0,55944704.0,9907575619.0,2597254461.0,4239.0,14856305.0,10076753822.0,2469171722.0,12560786088.0
2025-03-20,1413.0,1460.0,1292.0,1292.0,1034217.0,-8.563340410474169,30153.0,4466280.0,1256642550.0,129863222.0,6460.0,57788.0,1151804531.0,239133426.0,1391002205.0
2025-03-21,1254.0,1359.0,1223.0,1306.0,544709.0,1.08359133126935,75335.0,895524.0,524099958.0,180985947.0,116234.0,81705.0,586192838.0,119665987.0,706056764.0
2025-03-24,1306.0,1307.0,1260.0,1272.0,269835.0,-2.6033690658499236,0.0,1997748.0,284783650.0,58699187.0,0.0,2016684.0,289432243.0,54031658.0,345480585.0
2025-03-25,1226.0,1321.0,1173.0,1252.0,466952.0,-1.5723270440251573,0.0,2110082.0,449156351.0,127488439.0,36308.0,2136220.0,506726193.0,69856151.0,578754872.0
2025-03-26,1225.0,1225.0,1175.0,1182.0,306979.0,-5.5910543130990416,0.0,2524959.0,320662164.0,43305017.0,4728.0,14484.0,320945678.0,45527250.0,366492140.0
2025-03-27,1182.0,1247.0,1164.0,1230.0,237085.0,4.060913705583756,25830.0,2260750.0,223663429.0,60085493.0,0.0,3366310.0,236924413.0,45744779.0,286035502.0
2025-03-28,1230.0,1240.0,1176.0,1182.0,145835.0,-3.902439024390244,82740.0,2281115.0,150549857.0,20729371.0,0.0,1416456.0,141365568.0,30861059.0,173643083.0
2025-03-31,1169.0,1285.0,1126.0,1172.0,341367.0,-0.8460236886632826,83603.0,1284257.0,353861867.0,54527572.0,68307.0,3749048.0,344129179.0,61810765.0,409757299.0
2025-04-01,1162.0,1232.0,1153.0,1198.0,145948.0,2.218430034129693,37577.0,1664324.0,120986959.0,52082388.0,0.0,1985916.0,143551322.0,29234010.0,174771248.0
2025-04-02,1200.0,1247.0,1190.0,1209.0,203913.0,0.9181969949916527,0.0,9817878.0,190008322.0,47442799.0,4836.0,711480.0,207787385.0,38765298.0,247268999.0
2025-04-03,1174.0,1220.0,1174.0,1218.0,97373.0,0.7444168734491315,141831.0,0.0,106451273.0,10229163.0,0.0,2166528.0,89780140.0,24875599.0,116822267.0
2025-04-04,1205.0,1252.0,1167.0,1233.0,158352.0,1.2315270935960592,118433.0,1179182.0,158018631.0,31356344.0,0.0,11635810.0,117728631.0,61308149.0,190672590.0
2025-04-07,1229.0,1230.0,1116.0,1127.0,224112.0,-8.59691808596918,133515.0,0.0,244457646.0,13937540.0,18032.0,412086.0,186535237.0,71563346.0,258528701.0
2025-04-08,1178.0,1178.0,1125.0,1150.0,131871.0,2.0408163265306123,127397.0,3396000.0,108918751.0,38137784.0,0.0,0.0,128654892.0,21925040.0,150579932.0
2025-04-09,1150.0,1182.0,1102.0,1166.0,154039.0,1.391304347826087,98599.0,318531.0,128419429.0,48141621.0,0.0,86086.0,157557164.0,19334930.0,176978180.0
2025-04-10,1198.0,1250.0,1173.0,1197.0,173006.0,2.6586620926243567,0.0,2798874.0,126699667.0,78537960.0,32319.0,14339940.0,175195681.0,18468561.0,208036501.0
2025-04-11,1201.0,1284.0,1195.0,1263.0,188958.0,5.513784461152882,358692.0,2333924.0,192870436.0,39785516.0,0.0,3791518.0,198763935.0,32793115.0,235348568.0
2025-04-14,1280.0,1288.0,1191.0,1231.0,243047.0,-2.5336500395882817,0.0,8994180.0,246627494.0,43761384.0,0.0,10036036.0,225374844.0,63972178.0,299383058.0
2025-04-15,1231.0,1277.0,1194.0,1246.0,127592.0,1.2185215272136474,28704.0,1843758.0,113897845.0,41911493.0,8722.0,12364523.0,104891077.0,40417478.0,157681800.0
2025-04-16,1252.0,1256.0,1165.0,1204.0,328042.0,-3.3707865168539324,0.0,19981290.0,311481724.0,60590515.0,16856.0,30411840.0,290435258.0,71189575.0,392053529.0
2025-04-17,1204.0,1232.0,1115.0,1179.0,402571.0,-2.0764119601328903,0.0,9492945.0,359089596.0,99545401.0,0.0,26115480.0,404082716.0,37929746.0,468127942.0
2025-04-18,1170.0,1172.0,1119.0,1126.0,464216.0,-4.495335029686174,0.0,1447669.0,412166419.0,112473915.0,130616.0,11032600.0,453620844.0,61303943.0,526088003.0
2025-04-21,1178.0,1179.0,1117.0,1151.0,148248.0,2.2202486678507993,0.0,0.0,131984264.0,36637510.0,10359.0,1463400.0,126125432.0,41022583.0,168621774.0
2025-04-22,1141.0,1179.0,1141.0,1178.0,178058.0,2.3457862728062553,0.0,0.0,169269152.0,37158500.0,17670.0,0.0,190529470.0,15880512.0,206427652.0
2025-04-23,1195.0,1208.0,1160.0,1181.0,180702.0,0.2546689303904924,0.0,0.0,166029278.0,49044997.0,47240.0,67545.0,181757704.0,33201786.0,215074275.0
2025-04-24,1182.0,1207.0,1130.0,1152.0,182151.0,-2.4555461473327687,0.0,0.0,177780386.0,32218779.0,230400.0,0.0,157379012.0,52389753.0,209999165.0
2025-04-25,1152.0,1175.0,1152.0,1167.0,129080.0,1.3020833333333335,0.0,0.0,127047426.0,23228414.0,35010.0,0.0,130541805.0,19699025.0,150275840.0
2025-04-28,1167.0,1167.0,1097.0,1125.0,405788.0,-3.5989717223650386,0.0,3673231.0,364186060.0,88139416.0,27253.0,1762992.0,338831336.0,115377126.0,455998707.0
2025-04-29,1125.0,1125.0,1089.0,1095.0,178722.0,-2.666666666666667,14235.0,0.0,171285084.0,25294719.0,0.0,0.0,160836831.0,35757207.0,196594038.0
2025-04-30,1096.0,1113.0,1077.0,1093.0,113812.0,-0.182648401826484,0.0,27432893.0,68504035.0,28140441.0,29511.0,0.0,96643919.0,27403939.0,124077369.0
2025-05-02,1070.0,1129.0,1058.0,1105.0,189961.0,1.0978956999085088,0.0,31387665.0,123384462.0,51759813.0,141440.0,6778596.0,179723633.0,19888271.0,206531940.0
2025-05-07,1149.0,1170.0,1096.0,1116.0,127633.0,0.9954751131221719,0.0,2962850.0,123219837.0,15643600.0,10044.0,2088680.0,107543979.0,32183584.0,141826287.0
2025-05-08,1130.0,1132.0,1098.0,1115.0,116401.0,-0.08960573476702509,0.0,3236250.0,117691586.0,8554683.0,0.0,0.0,98029769.0,31452750.0,129482519.0
2025-05-09,1115.0,1115.0,1030.0,1050.0,331174.0,-5.829596412556054,0.0,6743840.0,313719378.0,29924793.0,49350.0,11557475.0,272032872.0,66748314.0,350388011.0
2025-05-12,1035.0,1100.0,1035.0,1094.0,115699.0,4.190476190476191,1094.0,3976679.0,93038654.0,26984728.0,37196.0,1330364.0,102051871.0,20581724.0,124001155.0
2025-05-13,1094.0,1114.0,1072.0,1094.0,82553.0,0.0,0.0,2352832.0,72783574.0,14740682.0,107212.0,1933344.0,64488756.0,23347776.0,89877088.0
2025-05-14,1094.0,1095.0,1029.0,1042.0,288228.0,-4.753199268738574,0.0,4608536.0,247531714.0,52904122.0,10420.0,2517746.0,276123428.0,26392778.0,305044372.0
2025-05-15,1042.0,1080.0,1028.0,1028.0,196672.0,-1.3435700575815739,3084.0,8697660.0,128517075.0,67448988.0,3084.0,17623619.0,163134435.0,23905669.0,204666807.0
2025-05-16,1028.0,1039.0,1014.0,1030.0,112093.0,0.19455252918287938,0.0,5668730.0,94883210.0,14287691.0,378010.0,13835332.0,76529273.0,24097016.0,114839631.0
2025-05-19,1016.0,1050.0,993.0,1010.0,133874.0,-1.9417475728155338,0.0,1597779.0,113113327.0,20629165.0,157560.0,3358203.0,110805697.0,21018811.0,135340271.0
2025-05-20,1010.0,1029.0,997.0,1006.0,71702.0,-0.39603960396039606,0.0,0.0,57226518.0,14960442.0,168758.0,5009246.0,53415878.0,13593078.0,72186960.0
2025-05-21,996.0,1033.0,996.0,1027.0,331397.0,2.0874751491053676,0.0,0.0,257667807.0,79269740.0,54431.0,0.0,323217689.0,13665427.0,336937547.0
2025-05-22,1032.0,1032.0,996.0,997.0,194072.0,-2.9211295034079843,0.0,1262016.0,171465190.0,22249133.0,96709.0,16333147.0,139709659.0,38836824.0,194976339.0
2025-05-23,1032.0,1032.0,994.0,1006.0,171833.0,0.9027081243731194,0.0,1000000.0,126678786.0,44524324.0,16096.0,49891514.0,94735352.0,27560148.0,172203110.0
2025-05-26,1020.0,1035.0,1001.0,1008.0,111849.0,0.19880715705765406,0.0,3696617.0,56971968.0,52924480.0,19152.0,0.0,102699996.0,10873917.0,113593065.0
2025-05-27,1015.0,1038.0,997.0,999.0,112680.0,-0.8928571428571428,0.0,0.0,106865162.0,6449156.0,9990.0,0.0,69238931.0,44065397.0,113314318.0
2025-05-28,996.0,1019.0,993.0,1002.0,189220.0,0.3003003003003003,0.0,0.0,117239449.0,73128109.0,160596.0,3148503.0,175701069.0,11357390.0,190367558.0
2025-05-29,1002.0,1025.0,999.0,1016.0,135621.0,1.3972055888223553,0.0,0.0,102271490.0,34413909.0,50800.0,0.0,126777291.0,9857308.0,136685399.0
2025-05-30,1016.0,1087.0,1015.0,1063.0,263657.0,4.625984251968504,0.0,0.0,220598388.0,56132805.0,34016.0,0.0,239867240.0,36829937.0,276731193.0
2025-06-02,1077.0,1237.0,1054.0,1176.0,1829353.0,10.630291627469427,117644500.0,22784121.0,1580312270.0,416934771.0,0.0,27178541.0,1746500985.0,363996136.0,2137675662.0
2025-06-04,1211.0,1227.0,1167.0,1198.0,364935.0,1.870748299319728,48531808.0,5802518.0,273735797.0,107953024.0,0.0,8996046.0,343108733.0,83918368.0,436023147.0
2025-06-05,1198.0,1198.0,1156.0,1184.0,231542.0,-1.1686143572621035,23997716.0,814062.0,199075987.0,47519746.0,231202.0,821002.0,200514018.0,69841289.0,271407511.0
2025-06-09,1184.0,1197.0,1160.0,1164.0,186910.0,-1.6891891891891893,38412.0,0.0,197953208.0,21656149.0,31506.0,0.0,187065133.0,32551130.0,219647769.0
2025-06-10,1179.0,1198.0,1167.0,1167.0,97396.0,0.25773195876288657,7002.0,999436.0,92698485.0,21059691.0,3501.0,0.0,85959773.0,28801340.0,114764614.0
2025-06-11,1167.0,1192.0,1167.0,1189.0,124385.0,1.8851756640959727,59450.0,0.0,110454495.0,36893898.0,0.0,262547.0,128611083.0,18534213.0,147407843.0
2025-06-12,1199.0,1200.0,1163.0,1186.0,113819.0,-0.2523128679562658,123344.0,4682000.0,106876408.0,21983242.0,0.0,0.0,102712768.0,30952226.0,133664994.0
2025-06-13,1187.0,1215.0,1160.0,1172.0,152108.0,-1.1804384485666104,186348.0,0.0,130859207.0,48768474.0,0.0,0.0,99849252.0,79964777.0,179814029.0
2025-06-16,1172.0,1187.0,1145.0,1185.0,118287.0,1.1092150170648465,26749.0,0.0,89656134.0,48407872.0,36735.0,0.0,72124492.0,65929528.0,138090755.0
2025-06-17,1185.0,1188.0,1125.0,1157.0,244864.0,-2.3628691983122363,27017.0,4211854.0,232325478.0,45371037.0,164101.0,2848635.0,163253170.0,115669480.0,281935386.0
2025-06-18,1155.0,1164.0,1118.0,1118.0,256578.0,-3.3707865168539324,17062220.0,36297543.0,132387047.0,104079064.0,17833218.0,2338875.0,176204448.0,93449333.0,289825874.0
2025-06-19,1150.0,1160.0,1121.0,1133.0,163590.0,1.3416815742397137,17208241.0,1134000.0,114469405.0,53624318.0,0.0,0.0,130610523.0,55825441.0,186435964.0
2025-06-20,1127.0,1146.0,1095.0,1104.0,204815.0,-2.559576345984113,30447538.0,6313190.0,162998479.0,28480448.0,242880.0,3196852.0,167143236.0,57656687.0,228239655.0
2025-06-23,1110.0,1136.0,1081.0,1118.0,169598.0,1.2681159420289856,77878.0,0.0,156201828.0,33244949.0,45838.0,3050480.0,120645095.0,65783242.0,189524655.0
2025-06-24,1131.0,1198.0,1120.0,1177.0,249253.0,5.277280858676208,2354.0,3926403.0,223692915.0,63916678.0,3531.0,3834918.0,269323965.0,18375936.0,291538350.0
2025-06-25,1177.0,1178.0,1131.0,1131.0,177842.0,-3.908241291418862,57861.0,6407665.0,174693812.0,21974789.0,0.0,4256482.0,186718318.0,12159327.0,203134127.0
2025-06-26,1131.0,1139.0,1093.0,1120.0,128146.0,-0.9725906277630416,60572.0,4931615.0,119297957.0,17944824.0,1120.0,4971145.0,119125634.0,18137069.0,142234968.0
2025-06-27,1117.0,1148.0,1097.0,1109.0,205439.0,-0.9821428571428571,29989.0,2614260.0,207498998.0,17443944.0,5545.0,2605708.0,195536773.0,29439165.0,227587191.0
2025-06-30,1109.0,1147.0,1100.0,1144.0,122804.0,3.1559963931469794,260832.0,0.0,95129110.0,43862964.0,0.0,54624.0,115438862.0,23759420.0,139252906.0
2025-07-01,1130.0,1191.0,1130.0,1176.0,227783.0,2.797202797202797,92904.0,29270318.0,135012320.0,102680533.0,0.0,5863188.0,232975346.0,28217541.0,267056075.0
2025-07-02,1189.0,1215.0,1155.0,1214.0,271386.0,3.231292517006803,392122.0,3100578.0,230333456.0,90031029.0,65930515.0,8481554.0,227910996.0,21534120.0,323857185.0
2025-07-03,1214.0,1319.0,1205.0,1319.0,417799.0,8.649093904448106,102882.0,6376152.0,402197607.0,119306039.0,0.0,5478655.0,457560290.0,64943735.0,527982680.0
2025-07-04,1318.0,1319.0,1235.0,1269.0,213103.0,-3.790750568612585,243648.0,33435514.0,206315765.0,30769796.0,0.0,1283.0,168750017.0,102013423.0,270764723.0
2025-07-07,1260.0,1466.0,1243.0,1329.0,1502519.0,4.7281323877068555,130625.0,20633713.0,1564224647.0,475950263.0,0.0,32798120.0,1457293885.0,570847243.0,2060939248.0
2025-07-08,1318.0,1380.0,1282.0,1338.0,247567.0,0.6772009029345373,0.0,11641154.0,237539975.0,83483127.0,47980859.0,11048414.0,187086938.0,86548045.0,332664256.0
2025-07-09,1331.0,1349.0,1304.0,1312.0,149729.0,-1.9431988041853512,0.0,10724008.0,156142449.0,31480463.0,84179724.0,945259.0,64878463.0,48343474.0,198346920.0
2025-07-10,1312.0,1337.0,1240.0,1260.0,150171.0,-3.9634146341463414,7560.0,4753968.0,140223165.0,46226807.0,4702003.0,4886156.0,147347123.0,34276218.0,191211500.0
2025-07-11,1260.0,1333.0,1243.0,1289.0,275629.0,2.301587301587302,29003.0,20927892.0,191086763.0,142499282.0,82931981.0,5675448.0,172893420.0,93042091.0,354542940.0
2025-07-14,1297.0,1297.0,1256.0,1273.0,50045.0,-1.2412723041117144,11457.0,356440.0,50505310.0,12626450.0,77653.0,0.0,42087352.0,21334652.0,63499657.0
2025-07-15,1273.0,1310.0,1243.0,1281.0,72384.0,0.6284367635506678,112458.0,0.0,71671657.0,20029161.0,0.0,356160.0,59104196.0,32352920.0,91813276.0
2025-07-16,1281.0,1281.0,1200.0,1229.0,110287.0,-4.059328649492584,273413.0,0.0,109196229.0,27372690.0,0.0,0.0,96033815.0,40808517.0,136842332.0
2025-07-17,1230.0,1257.0,1225.0,1250.0,68319.0,1.7087062652563059,175698.0,3072728.0,39143177.0,42127938.0,0.0,3100488.0,70854260.0,10564793.0,84519541.0
2025-07-18,1255.0,1263.0,1204.0,1224.0,92831.0,-2.08,72216.0,154000.0,97320875.0,16286791.0,0.0,128441.0,83060331.0,30645110.0,113833882.0
2025-07-21,1224.0,1224.0,1164.0,1164.0,169229.0,-4.901960784313726,0.0,4434612.0,173594901.0,22058591.0,111660.0,795854.0,168367713.0,30812877.0,200088104.0
2025-07-22,1157.0,1209.0,1150.0,1195.0,115954.0,2.663230240549828,0.0,1317625.0,66618276.0,68579313.0,20315.0,4989231.0,112323038.0,19182630.0,136515214.0
2025-07-23,1183.0,1216.0,1164.0,1192.0,59271.0,-0.2510460251046025,0.0,2258520.0,53187592.0,15456086.0,69136.0,280718.0,29258411.0,41293933.0,70902198.0
2025-07-24,1194.0,1195.0,1149.0,1161.0,251374.0,-2.6006711409395975,0.0,10840500.0,202739000.0,79915434.0,92008.0,12902111.0,210228806.0,70272009.0,293494934.0
2025-07-25,1161.0,1174.0,1151.0,1166.0,69029.0,0.4306632213608958,65296.0,0.0,60392908.0,19696338.0,0.0,365459.0,52742380.0,27046703.0,80154542.0
2025-07-28,1166.0,1166.0,1139.0,1141.0,56284.0,-2.144082332761578,1141.0,0.0,59792864.0,4738679.0,5705.0,0.0,26187047.0,38339932.0,64532684.0
2025-07-29,1129.0,1167.0,1129.0,1149.0,48054.0,0.7011393514461,0.0,35867.0,35294975.0,19734384.0,26427.0,123858.0,48928729.0,5986212.0,55065226.0
2025-07-30,1149.0,1160.0,1123.0,1150.0,37494.0,0.08703220191470844,0.0,215894.0,39966243.0,2528680.0,97750.0,253046.0,31656984.0,10703037.0,42710817.0
2025-07-31,1150.0,1150.0,1117.0,1129.0,46183.0,-1.8260869565217392,71440.0,0.0,47350637.0,4906325.0,0.0,0.0,43125374.0,9203028.0,52328402.0
2025-08-01,1123.0,1123.0,1068.0,1087.0,158962.0,-3.720106288751107,73916.0,3459720.0,156845086.0,12797099.0,0.0,1251798.0,136920019.0,35004004.0,173175821.0
2025-08-04,1085.0,1107.0,1071.0,1100.0,46544.0,1.1959521619135236,39600.0,3245000.0,36495610.0,10872941.0,7700.0,2191548.0,29236755.0,19217148.0,50653151.0
2025-08-05,1100.0,1141.0,1094.0,1097.0,64920.0,-0.27272727272727276,1097.0,2544567.0,44919411.0,24033515.0,88857.0,1003011.0,56086680.0,14320042.0,71498590.0
2025-08-06,1098.0,1122.0,1090.0,1105.0,23230.0,0.7292616226071102,2194.0,0.0,21575821.0,3949351.0,44200.0,0.0,16831055.0,8652111.0,25527366.0
2025-08-07,1105.0,1125.0,1087.0,1097.0,81531.0,-0.7239819004524887,807015.0,10073203.0,63740115.0,14727410.0,47171.0,10060324.0,65816609.0,13423639.0,89347743.0
2025-08-08,1105.0,1119.0,1090.0,1107.0,77465.0,0.9115770282588878,5017128.0,4025878.0,56372752.0,19959036.0,0.0,0.0,64249782.0,21125012.0,85374794.0
2025-08-11,1113.0,1113.0,1052.0,1065.0,205834.0,-3.7940379403794036,21300.0,1510801.0,194951163.0,24515495.0,0.0,3872216.0,159830525.0,57296018.0,220998759.0
2025-08-12,1065.0,1111.0,1050.0,1067.0,173347.0,0.18779342723004694,2134.0,4783500.0,160987619.0,18073476.0,0.0,0.0,159140471.0,24706258.0,183846729.0
2025-08-13,1067.0,1099.0,1015.0,1063.0,239279.0,-0.37488284910965325,1063.0,723094.0,208041013.0,38520388.0,5575687.0,727621.0,216193976.0,24788274.0,247285558.0
2025-08-14,1063.0,1077.0,1050.0,1064.0,62627.0,0.09407337723424271,0.0,4604587.0,32486780.0,29350543.0,55328.0,4639557.0,37668833.0,24078192.0,66441910.0
2025-08-18,1064.0,1064.0,1025.0,1035.0,183218.0,-2.725563909774436,0.0,6968980.0,138137149.0,43925389.0,100395.0,2006160.0,178046790.0,8878173.0,189031518.0
2025-08-19,1025.0,1034.0,1000.0,1025.0,129866.0,-0.966183574879227,33825.0,11107997.0,104519681.0,15295791.0,0.0,5220453.0,116600721.0,9136120.0,130957294.0
2025-08-20,1025.0,1025.0,1004.0,1025.0,33541.0,0.0,15375.0,6573430.0,16333503.0,11130915.0,0.0,1904985.0,24601219.0,7547019.0,34053223.0
2025-08-21,1056.0,1056.0,1019.0,1019.0,63716.0,-0.5853658536585366,0.0,3527084.0,55786280.0,6322429.0,75406.0,7180746.0,46750962.0,11628679.0,65635793.0
2025-08-22,1019.0,1034.0,1019.0,1032.0,21569.0,1.2757605495583906,0.0,1021000.0,12889979.0,8247588.0,46440.0,405847.0,16190662.0,5515618.0,22158567.0
2025-08-25,1032.0,1060.0,1023.0,1032.0,38363.0,0.0,0.0,234921.0,30661569.0,8864391.0,43344.0,7848609.0,13167373.0,18701555.0,39760881.0
2025-08-26,1037.0,1049.0,1023.0,1045.0,30909.0,1.2596899224806202,0.0,0.0,30143110.0,1944798.0,49115.0,0.0,24545846.0,7492947.0,32087908.0
2025-08-27,1034.0,1060.0,1034.0,1057.0,54184.0,1.1483253588516746,0.0,2113485.0,38508250.0,16288775.0,33824.0,0.0,50883585.0,5993101.0,56910510.0
2025-08-28,1061.0,1085.0,1045.0,1063.0,80788.0,0.5676442762535477,0.0,4961615.0,65593986.0,15746561.0,226419.0,0.0,74113012.0,11962731.0,86302162.0
2025-08-29,1063.0,1085.0,1053.0,1080.0,67027.0,1.5992474129821261,1080.0,18105.0,68014868.0,3315095.0,5400.0,694878.0,30840344.0,39808526.0,71349148.0
2025-09-01,1073.0,1083.0,1055.0,1057.0,43561.0,-2.1296296296296298,14798.0,0.0,44826378.0,1401115.0,3171.0,0.0,23332742.0,22906378.0,46242291.0
2025-09-02,1057.0,1083.0,1047.0,1078.0,71948.0,1.9867549668874174,0.0,2492160.0,54799547.0,19752311.0,2156.0,2513872.0,64303269.0,10224721.0,77044018.0
2025-09-03,1078.0,1080.0,1067.0,1067.0,50623.0,-1.0204081632653061,0.0,3793280.0,45916193.0,4480571.0,8536.0,612304.0,42421315.0,11147889.0,54190044.0
2025-09-04,1067.0,1075.0,1017.0,1038.0,185045.0,-2.7179006560449857,0.0,4622343.0,178623805.0,8665348.0,268842.0,5065931.0,156733045.0,29843678.0,191911496.0
2025-09-05,1049.0,1069.0,1030.0,1049.0,117255.0,1.0597302504816954,0.0,0.0,108877407.0,13352463.0,349992.0,2640694.0,90022097.0,29217087.0,122229870.0
2025-09-08,1053.0,1071.0,1027.0,1048.0,47743.0,-0.09532888465204957,0.0,1510194.0,39792955.0,8664044.0,58688.0,1520456.0,27688478.0,20699571.0,49967193.0
2025-09-09,1040.0,1072.0,1038.0,1062.0,112113.0,1.3358778625954197,0.0,0.0,102170525.0,16516170.0,42480.0,0.0,109612243.0,9031972.0,118686695.0
2025-09-10,1063.0,1068.0,1035.0,1043.0,87137.0,-1.7890772128060264,0.0,1493840.0,84197633.0,5400655.0,74101.0,0.0,76798107.0,14219920.0,91092128.0
2025-09-11,1043.0,1055.0,1027.0,1051.0,107204.0,0.7670182166826461,80927.0,141622.0,106241636.0,4921579.0,0.0,1631782.0,92333225.0,17420757.0,111385764.0
2025-09-12,1051.0,1063.0,1043.0,1051.0,77950.0,0.0,158701.0,2617560.0,68614061.0,10589861.0,0.0,1578065.0,69467250.0,10934868.0,81980183.0
2025-09-15,1076.0,1076.0,1036.0,1059.0,46164.0,0.7611798287345386,46596.0,0.0,38692881.0,9676002.0,48714.0,0.0,35250815.0,13115950.0,48415479.0
2025-09-16,1063.0,1063.0,1045.0,1058.0,61459.0,-0.09442870632672333,27508.0,0.0,63783211.0,1056722.0,106858.0,0.0,46422897.0,18337686.0,64867441.0
2025-09-17,1059.0,1059.0,1041.0,1045.0,78543.0,-1.2287334593572778,61655.0,3122154.0,76770930.0,2539777.0,20900.0,2108774.0,63887857.0,16476985.0,82494516.0
2025-09-18,1050.0,1055.0,1040.0,1052.0,42320.0,0.6698564593301436,10520.0,497598.0,31970069.0,11831094.0,4208.0,2585947.0,35200078.0,6519048.0,44309281.0
2025-09-19,1052.0,1057.0,1044.0,1050.0,38347.0,-0.19011406844106463,75600.0,0.0,33817407.0,6325519.0,12600.0,0.0,30870200.0,9335726.0,40218526.0
2025-09-22,1042.0,1088.0,1028.0,1078.0,116383.0,2.666666666666667,74382.0,0.0,53343155.0,69697187.0,34496.0,0.0,108515722.0,14564506.0,123114724.0
2025-09-23,1078.0,1087.0,1065.0,1080.0,81025.0,0.1855287569573284,103680.0,999243.0,64100291.0,22158030.0,0.0,1005774.0,75857811.0,10497659.0,87361244.0
2025-09-24,1080.0,1085.0,1032.0,1069.0,96856.0,-1.0185185185185186,0.0,2470242.0,92835325.0,8190117.0,4276.0,1953047.0,91653135.0,9885226.0,103495684.0
2025-09-25,1069.0,1080.0,1059.0,1075.0,58383.0,0.5612722170252572,24725.0,999580.0,46468101.0,15158965.0,5375.0,1535714.0,55279345.0,5830937.0,62651371.0
2025-09-26,1076.0,1083.0,1064.0,1077.0,63589.0,0.18604651162790697,38772.0,0.0,48796782.0,19541499.0,0.0,0.0,64891157.0,3485896.0,68377053.0
2025-09-29,1077.0,1277.0,1077.0,1162.0,1561607.0,7.892293407613741,0.0,9531268.0,1344492777.0,489945193.0,227752.0,9219955.0,1486797019.0,347724512.0,1843969238.0
2025-09-30,1162.0,1199.0,1111.0,1141.0,207985.0,-1.8072289156626504,0.0,2490812.0,141107015.0,97061810.0,21679.0,2348962.0,179921919.0,58367077.0,240659637.0
2025-10-01,1141.0,1149.0,1100.0,1108.0,88155.0,-2.892199824715162,19944.0,2489098.0,76322752.0,19724523.0,13296.0,1524178.0,81260226.0,15758617.0,98556317.0
2025-10-02,1108.0,1157.0,1093.0,1157.0,247864.0,4.422382671480144,0.0,12063019.0,187997138.0,80873402.0,161980.0,27751461.0,228251360.0,24768758.0,280933559.0
2025-10-10,1157.0,1250.0,1157.0,1187.0,286986.0,2.592912705272256,109204.0,51643548.0,227910473.0,63539715.0,119887.0,10740859.0,294575380.0,37766814.0,343202940.0
2025-10-13,1180.0,1220.0,1150.0,1204.0,321393.0,1.4321819713563606,110768.0,16340756.0,245536037.0,118739481.0,3612.0,44013907.0,260275270.0,76434253.0,380727042.0
2025-10-14,1204.0,1224.0,1191.0,1206.0,151063.0,0.16611295681063123,9648.0,7455774.0,144712279.0,29998865.0,7236.0,12766780.0,133611295.0,35791255.0,182176566.0
2025-10-15,1208.0,1259.0,1207.0,1245.0,224819.0,3.233830845771144,16185.0,23928242.0,154311248.0,100040474.0,6225.0,7585000.0,229804507.0,40900417.0,278296149.0
2025-10-16,1245.0,1263.0,1215.0,1238.0,160049.0,-0.5622489959839357,0.0,1559741.0,178975879.0,17865499.0,92850.0,1532482.0,150325302.0,46450485.0,198401119.0
2025-10-17,1238.0,1300.0,1233.0,1290.0,419976.0,4.20032310177706,296562.0,41512884.0,339876274.0,151708511.0,74820.0,52377534.0,445095392.0,35846485.0,533394231.0
2025-10-20,1290.0,1297.0,1243.0,1260.0,153539.0,-2.3255813953488373,32760.0,3731302.0,164343963.0,25009071.0,0.0,532988.0,116567781.0,76016327.0,193117096.0
2025-10-21,1270.0,1324.0,1270.0,1313.0,269787.0,4.2063492063492065,72215.0,0.0,266576815.0,84511303.0,5252.0,439766.0,305267773.0,45447542.0,351160333.0
2025-10-22,1314.0,1344.0,1295.0,1305.0,265616.0,-0.6092916984006093,19575.0,24992659.0,265329869.0,59465828.0,2610.0,19495211.0,246383124.0,83926986.0,349807931.0
2025-10-23,1305.0,1337.0,1273.0,1293.0,118512.0,-0.9195402298850575,31032.0,2972961.0,130622793.0,21205193.0,0.0,4628329.0,77599777.0,72603873.0,154831979.0
2025-10-24,1294.0,1301.0,1245.0,1261.0,133064.0,-2.474864655839134,2522.0,7344550.0,120678407.0,41157469.0,0.0,4148118.0,108303206.0,56731624.0,169182948.0
2025-10-27,1261.0,1285.0,1231.0,1267.0,132678.0,0.47581284694686754,229351.0,1134900.0,94300594.0,70962549.0,0.0,11010865.0,122977495.0,32639034.0,166627394.0
2025-10-28,1261.0,1285.0,1257.0,1276.0,62562.0,0.7103393843725335,33176.0,1061570.0,58814420.0,19569826.0,0.0,938595.0,63775017.0,14765380.0,79478992.0
2025-10-29,1266.0,1308.0,1262.0,1281.0,114346.0,0.3918495297805642,14091.0,13110601.0,105951200.0,27849189.0,12810.0,3264114.0,109320249.0,34327908.0,146925081.0
2025-10-30,1267.0,1267.0,1191.0,1204.0,180821.0,-6.0109289617486334,242004.0,871500.0,195139382.0,23811956.0,0.0,331881.0,170638784.0,49094177.0,220064842.0
2025-10-31,1204.0,1250.0,1173.0,1199.0,125025.0,-0.41528239202657813,14388.0,1115262.0,112090161.0,38695238.0,19184.0,1659170.0,120581293.0,29655402.0,151915049.0
2025-11-03,1197.0,1248.0,1134.0,1141.0,138584.0,-4.837364470391994,0.0,882816.0,134612704.0,25765132.0,138061.0,5440714.0,127994795.0,27687082.0,161260652.0
2025-11-04,1170.0,1185.0,1136.0,1150.0,104400.0,0.7887817703768624,211600.0,9708200.0,84586639.0,26204266.0,42550.0,5518258.0,67247423.0,47902474.0,120710705.0
2025-11-05,1150.0,1233.0,1131.0,1215.0,178850.0,5.6521739130434785,72900.0,84864.0,104448476.0,107023737.0,70470.0,4057508.0,171549187.0,35952812.0,211629977.0
2025-11-06,1215.0,1220.0,1170.0,1178.0,54400.0,-3.0452674897119345,44764.0,3433380.0,48095552.0,12927317.0,243846.0,2234505.0,36177069.0,25845593.0,64501013.0
2025-11-07,1175.0,1175.0,1111.0,1118.0,92618.0,-5.093378607809847,34658.0,1586040.0,89233662.0,14382473.0,70434.0,1919044.0,84928615.0,18318740.0,105236833.0
2025-11-10,1118.0,1146.0,1107.0,1137.0,32778.0,1.6994633273703041,52302.0,0.0,19476435.0,17554752.0,229674.0,2969146.0,27984660.0,5900009.0,37083489.0
2025-11-11,1137.0,1190.0,1137.0,1161.0,83481.0,2.1108179419525066,0.0,5889324.0,70670522.0,21085084.0,163701.0,4938845.0,68094950.0,24447434.0,97644930.0
2025-11-12,1172.0,1195.0,1135.0,1180.0,73086.0,1.636520241171404,31860.0,8308700.0,60739245.0,16422088.0,31860.0,9376844.0,67132412.0,8960777.0,85501893.0
2025-11-13,1186.0,1275.0,1186.0,1205.0,316308.0,2.11864406779661,28198.0,21617186.0,262212411.0,107873506.0,223972.0,14582799.0,315482554.0,61441976.0,391731301.0
2025-11-14,1210.0,1262.0,1178.0,1195.0,101862.0,-0.8298755186721992,132760.0,0.0,93495856.0,28805892.0,0.0,7008971.0,59810118.0,55615419.0,122434508.0
2025-11-17,1195.0,1198.0,1144.0,1150.0,43581.0,-3.765690376569038,57500.0,879088.0,44569159.0,5236556.0,0.0,0.0,26704331.0,24037972.0,50742303.0
2025-11-18,1149.0,1149.0,1087.0,1110.0,73925.0,-3.4782608695652173,81030.0,1197712.0,76324194.0,5497729.0,0.0,703580.0,52740223.0,29656862.0,83100665.0
2025-11-19,1081.0,1145.0,1081.0,1121.0,41568.0,0.990990990990991,20178.0,0.0,29253279.0,17426670.0,12331.0,1334526.0,33843778.0,11509492.0,46700127.0
2025-11-20,1117.0,1140.0,1105.0,1121.0,60212.0,0.0,1121.0,2839819.0,50501591.0,14098016.0,28025.0,1286053.0,62047581.0,4078888.0,67440547.0
2025-11-21,1113.0,1145.0,1071.0,1088.0,78380.0,-2.943800178412132,95254.0,1786716.0,65352136.0,18847354.0,0.0,2562558.0,66635685.0,16883217.0,86081460.0
2025-11-24,1100.0,1113.0,1055.0,1079.0,44236.0,-0.8272058823529412,89557.0,999708.0,38047935.0,8871828.0,0.0,11115136.0,25197727.0,11696165.0,48009028.0
2025-11-25,1025.0,1095.0,1025.0,1031.0,190011.0,-4.448563484708063,43302.0,1057162.0,133248953.0,65160089.0,0.0,1475328.0,176401720.0,21632458.0,199509506.0
2025-11-26,1031.0,1103.0,1031.0,1093.0,57390.0,6.0135790494665375,0.0,1593323.0,41691121.0,17736207.0,53557.0,13154059.0,45223832.0,2589203.0,61020651.0
2025-11-27,1100.0,1125.0,1087.0,1124.0,67319.0,2.8362305580969807,0.0,0.0,57070763.0,17670312.0,92168.0,0.0,58410325.0,16238582.0,74741075.0
2025-11-28,1125.0,1140.0,1094.0,1110.0,58052.0,-1.2455516014234875,86580.0,3565501.0,54544073.0,6459260.0,0.0,5844040.0,46371712.0,12439662.0,64655414.0
2025-12-01,1110.0,1116.0,1097.0,1115.0,52990.0,0.45045045045045046,0.0,4129400.0,52938737.0,1407277.0,13380.0,7776645.0,36318637.0,14366752.0,58475414.0
2025-12-02,1116.0,1119.0,1065.0,1102.0,37603.0,-1.1659192825112108,0.0,1310473.0,34517656.0,5291199.0,9918.0,15726418.0,12209776.0,13173216.0,41119328.0
2025-12-03,1105.0,1170.0,1082.0,1133.0,133793.0,2.813067150635209,26059.0,1997204.0,91707772.0,56026219.0,43054.0,8319464.0,124906581.0,16488155.0,149757254.0
2025-12-04,1135.0,1157.0,1121.0,1141.0,80464.0,0.706090026478376,1141.0,0.0,78364862.0,13036567.0,44499.0,992124.0,81929095.0,8436852.0,91402570.0
2025-12-05,1147.0,1412.0,1122.0,1215.0,5935719.0,6.4855390008764235,0.0,85151080.0,6669915971.0,1042687853.0,58320.0,119686823.0,6541652318.0,1136357443.0,7797754904.0
2025-12-08,1215.0,1240.0,1192.0,1201.0,434907.0,-1.1522633744855968,0.0,5164484.0,344185954.0,176399446.0,46839.0,5293241.0,456875471.0,63534333.0,525749884.0
2025-12-09,1197.0,1239.0,1177.0,1213.0,156343.0,0.9991673605328892,40029.0,7076390.0,139912513.0,40021929.0,0.0,9128266.0,160585261.0,17337334.0,187050861.0
2025-12-10,1193.0,1254.0,1191.0,1200.0,134127.0,-1.0717230008244023,0.0,549246.0,115394267.0,48479507.0,31200.0,128100.0,139350398.0,24913322.0,164423020.0
2025-12-11,1200.0,1209.0,1161.0,1161.0,162124.0,-3.25,0.0,5274929.0,150627404.0,34535496.0,60372.0,4853997.0,168499367.0,17024093.0,190437829.0
2025-12-12,1163.0,1164.0,1134.0,1146.0,158309.0,-1.2919896640826873,0.0,0.0,130892136.0,50347469.0,52716.0,16998077.0,137757735.0,26431077.0,181239605.0
2025-12-15,1146.0,1207.0,1105.0,1126.0,173853.0,-1.7452006980802792,6756.0,2723000.0,153276449.0,41916504.0,2252.0,3129821.0,173801340.0,20989296.0,197922709.0
2025-12-16,1126.0,1177.0,1108.0,1138.0,111817.0,1.0657193605683837,81936.0,2773402.0,102134910.0,21555842.0,0.0,2159590.0,101389920.0,22996580.0,126546090.0
2025-12-17,1141.0,1248.0,1141.0,1235.0,307399.0,8.52372583479789,109915.0,1143924.0,259702399.0,110649278.0,0.0,1800130.0,320887463.0,48917923.0,371605516.0
2025-12-18,1255.0,1257.0,1199.0,1211.0,164940.0,-1.9433198380566803,0.0,2496120.0,169974612.0,28345388.0,24220.0,1235913.0,164146203.0,35409784.0,200816120.0
2025-12-19,1211.0,1211.0,1162.0,1175.0,143046.0,-2.972749793559042,0.0,4913047.0,126485232.0,36724363.0,49350.0,3539479.0,135802041.0,28731772.0,168122642.0
2025-12-22,1180.0,1180.0,1149.0,1162.0,172323.0,-1.1063829787234043,0.0,4333568.0,176713281.0,20121589.0,55884.0,24994699.0,151365023.0,24752832.0,201168438.0
2025-12-23,1172.0,1173.0,1150.0,1161.0,85619.0,-0.08605851979345956,0.0,0.0,78355134.0,21066315.0,148566.0,616028.0,85278291.0,13378564.0,99421449.0
2025-12-24,1161.0,1161.0,1123.0,1137.0,86699.0,-2.0671834625323,0.0,1259250.0,73393313.0,24405790.0,21603.0,605634.0,82748922.0,15682194.0,99058353.0
2025-12-26,1131.0,1166.0,1117.0,1157.0,126826.0,1.759014951627089,87932.0,999492.0,112357715.0,30053086.0,0.0,1661834.0,123254735.0,18581656.0,143498225.0
2025-12-29,1193.0,1193.0,1100.0,1126.0,150883.0,-2.679343128781331,90817.0,2132546.0,147999704.0,20206245.0,84128.0,2088280.0,129701024.0,38555880.0,170429312.0
2025-12-30,1116.0,1170.0,1115.0,1126.0,104672.0,0.0,0.0,1545149.0,104838313.0,13188996.0,245468.0,1535816.0,105153584.0,12637590.0,119572458.0
