날짜,시가,고가,저가,종가,거래량,등락률,매수_기관합계,매수_기타법인,매수_개인,매수_외국인합계,매도_기관합계,매도_기타법인,매도_개인,매도_외국인합계,전체
2013-10-24,,,,,,,0.0,0.0,1393500.0,0.0,0.0,0.0,1393500.0,0.0,1393500.0
2013-10-25,,,,,,,0.0,0.0,480000.0,0.0,0.0,0.0,480000.0,0.0,480000.0
2013-10-28,,,,,,,0.0,0.0,1200000.0,0.0,0.0,0.0,1200000.0,0.0,1200000.0
2013-10-29,,,,,,,0.0,0.0,6300000.0,0.0,0.0,0.0,6300000.0,0.0,6300000.0
2013-10-30,,,,,,,0.0,0.0,15691000.0,0.0,0.0,0.0,15691000.0,0.0,15691000.0
2013-10-31,,,,,,,0.0,0.0,242000.0,0.0,0.0,0.0,242000.0,0.0,242000.0
2013-11-01,,,,,,,0.0,0.0,2415500.0,0.0,0.0,0.0,2415500.0,0.0,2415500.0
2013-11-04,,,,,,,0.0,0.0,7483450.0,0.0,0.0,0.0,7483450.0,0.0,7483450.0
2013-11-05,,,,,,,0.0,0.0,6236500.0,0.0,0.0,0.0,6236500.0,0.0,6236500.0
2013-11-06,,,,,,,0.0,0.0,0.0,0.0,0.0,0.0,0.0,0.0,0.0
2013-11-07,,,,,,,0.0,0.0,240000.0,0.0,0.0,0.0,240000.0,0.0,240000.0
2013-11-08,,,,,,,0.0,0.0,478000.0,0.0,0.0,0.0,478000.0,0.0,478000.0
2013-11-11,,,,,,,0.0,0.0,47800000.0,7170000.0,0.0,0.0,54970000.0,0.0,54970000.0
2013-11-12,,,,,,,0.0,0.0,478000.0,0.0,215100.0,0.0,262900.0,0.0,478000.0
2013-11-13,,,,,,,0.0,0.0,478000.0,0.0,0.0,0.0,478000.0,0.0,478000.0
2013-11-14,,,,,,,0.0,0.0,990000.0,0.0,0.0,0.0,990000.0,0.0,990000.0
2013-11-15,,,,,,,0.0,0.0,239000.0,0.0,239000.0,0.0,0.0,0.0,239000.0
2013-11-18,,,,,,,0.0,0.0,0.0,0.0,0.0,0.0,0.0,0.0,0.0
2013-11-19,,,,,,,0.0,0.0,0.0,0.0,0.0,0.0,0.0,0.0,0.0
2013-11-20,,,,,,,0.0,0.0,0.0,0.0,0.0,0.0,0.0,0.0,0.0
2013-11-21,,,,,,,0.0,0.0,0.0,0.0,0.0,0.0,0.0,0.0,0.0
2013-11-22,,,,,,,0.0,0.0,0.0,0.0,0.0,0.0,0.0,0.0,0.0
2013-11-25,,,,,,,4546000.0,0.0,239500.0,0.0,0.0,0.0,4785500.0,0.0,4785500.0
2013-11-26,,,,,,,0.0,0.0,0.0,0.0,0.0,0.0,0.0,0.0,0.0
2013-11-27,,,,,,,0.0,0.0,240000.0,0.0,0.0,0.0,240000.0,0.0,240000.0
2013-11-28,,,,,,,720000.0,0.0,481000.0,0.0,0.0,0.0,1201000.0,0.0,1201000.0
2013-11-29,,,,,,,0.0,0.0,0.0,0.0,0.0,0.0,0.0,0.0,0.0
2013-12-02,,,,,,,0.0,0.0,0.0,0.0,0.0,0.0,0.0,0.0,0.0
2013-12-03,2400.0,2400.0,2400.0,2400.0,10.0,,240000.0,0.0,0.0,0.0,0.0,0.0,240000.0,0.0,240000.0
2013-12-04,2405.0,2405.0,2405.0,2405.0,10.0,0.20833333333333334,240500.0,0.0,0.0,0.0,0.0,0.0,240500.0,0.0,240500.0
2013-12-05,2395.0,2395.0,2395.0,2395.0,10.0,-0.4158004158004158,0.0,0.0,239500.0,0.0,0.0,0.0,239500.0,0.0,239500.0
2013-12-06,2580.0,2580.0,2580.0,2580.0,11.0,7.724425887265135,0.0,0.0,283100.0,0.0,0.0,0.0,283100.0,0.0,283100.0
2013-12-09,2510.0,2510.0,2510.0,2510.0,130.0,-2.7131782945736433,0.0,0.0,3263000.0,0.0,0.0,0.0,3263000.0,0.0,3263000.0
2013-12-10,2400.0,2510.0,2390.0,2510.0,1580.0,0.0,2390000.0,0.0,35530000.0,0.0,0.0,0.0,37920000.0,0.0,37920000.0
2013-12-11,2505.0,2505.0,2505.0,2505.0,0.0,-0.199203187250996,0.0,0.0,0.0,0.0,0.0,0.0,0.0,0.0,0.0
2013-12-12,2690.0,2690.0,2690.0,2690.0,10.0,7.385229540918163,0.0,0.0,269000.0,0.0,0.0,0.0,269000.0,0.0,269000.0
2013-12-13,2580.0,2580.0,2580.0,2580.0,0.0,-4.089219330855019,0.0,0.0,0.0,0.0,0.0,0.0,0.0,0.0,0.0
2013-12-16,2455.0,2565.0,2315.0,2505.0,281.0,-2.9069767441860463,0.0,0.0,6891800.0,0.0,0.0,0.0,6891800.0,0.0,6891800.0
2013-12-17,2500.0,2500.0,2500.0,2500.0,0.0,-0.19960079840319359,0.0,0.0,0.0,0.0,0.0,0.0,0.0,0.0,0.0
2013-12-18,2500.0,2500.0,2500.0,2500.0,0.0,0.0,0.0,0.0,0.0,0.0,0.0,0.0,0.0,0.0,0.0
2013-12-19,2500.0,2500.0,2500.0,2500.0,0.0,0.0,0.0,0.0,0.0,0.0,0.0,0.0,0.0,0.0,0.0
2013-12-20,2500.0,2500.0,2500.0,2500.0,0.0,0.0,0.0,0.0,0.0,0.0,0.0,0.0,0.0,0.0,0.0
2013-12-23,2390.0,2390.0,2365.0,2365.0,20.0,-5.4,0.0,0.0,475500.0,0.0,0.0,0.0,475500.0,0.0,475500.0
2013-12-24,2365.0,2365.0,2360.0,2360.0,20.0,-0.21141649048625794,0.0,0.0,472500.0,0.0,0.0,0.0,472500.0,0.0,472500.0
2013-12-26,2320.0,2380.0,2320.0,2330.0,230.0,-1.2711864406779663,0.0,0.0,5350000.0,0.0,0.0,0.0,5350000.0,0.0,5350000.0
2013-12-27,2330.0,2355.0,2330.0,2355.0,20.0,1.0729613733905579,0.0,0.0,468500.0,0.0,0.0,0.0,468500.0,0.0,468500.0
2013-12-30,2370.0,2370.0,2370.0,2370.0,10.0,0.6369426751592357,0.0,0.0,237000.0,0.0,0.0,0.0,237000.0,0.0,237000.0
2014-01-02,2410.0,2410.0,2370.0,2370.0,350.0,0.0,1205000.0,0.0,7110000.0,0.0,0.0,0.0,8315000.0,0.0,8315000.0
2014-01-03,2390.0,2575.0,2390.0,2495.0,450.0,5.274261603375527,2785500.0,0.0,8224500.0,0.0,3620000.0,0.0,7390000.0,0.0,11010000.0
2014-01-06,2370.0,2425.0,2370.0,2425.0,30.0,-2.80561122244489,0.0,0.0,722000.0,0.0,237000.0,0.0,485000.0,0.0,722000.0
2014-01-07,2425.0,2425.0,2425.0,2425.0,0.0,0.0,0.0,0.0,0.0,0.0,0.0,0.0,0.0,0.0,0.0
2014-01-08,2420.0,2420.0,2420.0,2420.0,50.0,-0.2061855670103093,1210000.0,0.0,0.0,0.0,0.0,0.0,1210000.0,0.0,1210000.0
2014-01-09,2410.0,2410.0,2410.0,2410.0,10.0,-0.4132231404958678,0.0,0.0,241000.0,0.0,241000.0,0.0,0.0,0.0,241000.0
2014-01-10,2400.0,2615.0,2400.0,2490.0,160.0,3.319502074688797,2349500.0,0.0,1698000.0,0.0,1698000.0,0.0,2349500.0,0.0,4047500.0
2014-01-13,2450.0,2450.0,2450.0,2450.0,0.0,-1.6064257028112447,0.0,0.0,0.0,0.0,0.0,0.0,0.0,0.0,0.0
2014-01-14,2440.0,2440.0,2440.0,2440.0,0.0,-0.40816326530612246,0.0,0.0,0.0,0.0,0.0,0.0,0.0,0.0,0.0
2014-01-15,2420.0,2525.0,2420.0,2475.0,370.0,1.4344262295081966,2500000.0,0.0,6567000.0,0.0,2445000.0,0.0,6622000.0,0.0,9067000.0
2014-01-16,2460.0,2480.0,2460.0,2480.0,30.0,0.20202020202020202,0.0,0.0,741500.0,0.0,0.0,0.0,741500.0,0.0,741500.0
2014-01-17,2455.0,2455.0,2415.0,2415.0,250.0,-2.620967741935484,1227500.0,0.0,4875000.0,0.0,0.0,0.0,6102500.0,0.0,6102500.0
2014-01-20,2410.0,2420.0,2400.0,2400.0,80.0,-0.6211180124223602,0.0,0.0,1928000.0,0.0,0.0,0.0,1928000.0,0.0,1928000.0
2014-01-21,2405.0,2405.0,2405.0,2405.0,10.0,0.20833333333333334,0.0,0.0,240500.0,0.0,0.0,0.0,240500.0,0.0,240500.0
2014-01-22,2400.0,2415.0,2400.0,2415.0,60.0,0.4158004158004158,0.0,0.0,1441500.0,0.0,1200000.0,0.0,241500.0,0.0,1441500.0
2014-01-23,2400.0,2425.0,2390.0,2425.0,170.0,0.4140786749482402,0.0,0.0,4070500.0,0.0,0.0,0.0,4070500.0,0.0,4070500.0
2014-01-24,2385.0,2415.0,2385.0,2410.0,50.0,-0.6185567010309279,0.0,0.0,1203000.0,0.0,0.0,0.0,1203000.0,0.0,1203000.0
2014-01-27,2420.0,2420.0,2340.0,2370.0,150.0,-1.6597510373443984,2350000.0,0.0,1184000.0,0.0,242000.0,0.0,3292000.0,0.0,3534000.0
2014-01-28,2370.0,2370.0,2370.0,2370.0,0.0,0.0,0.0,0.0,0.0,0.0,0.0,0.0,0.0,0.0,0.0
2014-01-29,2370.0,2375.0,2370.0,2375.0,110.0,0.21097046413502107,0.0,0.0,2611000.0,0.0,0.0,0.0,2611000.0,0.0,2611000.0
2014-02-03,2370.0,2375.0,2370.0,2375.0,90.0,0.0,0.0,0.0,2134500.0,0.0,1185000.0,0.0,949500.0,0.0,2134500.0
2014-02-04,2390.0,2590.0,2375.0,2405.0,1440.0,1.263157894736842,240500.0,0.0,34102000.0,0.0,1442000.0,0.0,32900500.0,0.0,34342500.0
2014-02-05,2370.0,2370.0,2370.0,2370.0,10.0,-1.4553014553014554,0.0,0.0,237000.0,0.0,0.0,0.0,237000.0,0.0,237000.0
2014-02-06,2390.0,2395.0,2390.0,2395.0,70.0,1.0548523206751055,479000.0,0.0,1195000.0,0.0,1195000.0,0.0,479000.0,0.0,1674000.0
2014-02-07,2400.0,2420.0,2395.0,2395.0,80.0,0.0,0.0,0.0,1920500.0,0.0,0.0,0.0,1920500.0,0.0,1920500.0
2014-02-10,2395.0,2395.0,2395.0,2395.0,50.0,0.0,0.0,0.0,1197500.0,0.0,0.0,0.0,1197500.0,0.0,1197500.0
2014-02-11,2400.0,2470.0,2400.0,2470.0,70.0,3.1315240083507305,1235000.0,0.0,480000.0,0.0,0.0,0.0,1715000.0,0.0,1715000.0
2014-02-12,2470.0,2510.0,2470.0,2480.0,390.0,0.4048582995951417,1255000.0,0.0,8401000.0,0.0,1979000.0,0.0,7677000.0,0.0,9656000.0
2014-02-13,2460.0,2460.0,2460.0,2460.0,0.0,-0.8064516129032258,0.0,0.0,0.0,0.0,0.0,0.0,0.0,0.0,0.0
2014-02-14,2410.0,2430.0,2400.0,2420.0,590.0,-1.6260162601626018,1205000.0,0.0,12992000.0,0.0,0.0,0.0,14197000.0,0.0,14197000.0
2014-02-17,2420.0,2470.0,2420.0,2470.0,40.0,2.066115702479339,0.0,0.0,973000.0,0.0,0.0,0.0,973000.0,0.0,973000.0
2014-02-18,2485.0,2505.0,2485.0,2500.0,670.0,1.214574898785425,0.0,0.0,16732000.0,0.0,1245000.0,0.0,15487000.0,0.0,16732000.0
2014-02-19,2560.0,2625.0,2560.0,2625.0,89.0,5.0,0.0,0.0,2295750.0,0.0,1285000.0,0.0,1010750.0,0.0,2295750.0
2014-02-20,2645.0,3015.0,2625.0,2900.0,10650.0,10.476190476190476,1427500.0,0.0,294169500.0,6825000.0,0.0,0.0,302422000.0,0.0,302422000.0
2014-02-21,2869.0,2875.0,2749.0,2875.0,761.0,-0.8620689655172413,5650000.0,0.0,15767400.0,0.0,1425000.0,0.0,19992400.0,0.0,21417400.0
2014-02-24,2765.0,2840.0,2760.0,2840.0,340.0,-1.2173913043478262,2767500.0,0.0,6711000.0,0.0,0.0,0.0,9478500.0,0.0,9478500.0
2014-02-25,2880.0,2955.0,2805.0,2895.0,2772.0,1.936619718309859,4357500.0,0.0,17353850.0,58075000.0,0.0,0.0,79786350.0,0.0,79786350.0
2014-02-26,2870.0,3070.0,2860.0,3070.0,160.0,6.0449050086355784,1430000.0,0.0,3216000.0,0.0,1470000.0,0.0,3176000.0,0.0,4646000.0
2014-02-27,3080.0,3080.0,2900.0,2960.0,211.0,-3.5830618892508146,1470000.0,0.0,4827600.0,0.0,901000.0,0.0,5396600.0,0.0,6297600.0
2014-02-28,3120.0,3120.0,2890.0,2890.0,500.0,-2.364864864864865,1460000.0,0.0,13294000.0,0.0,0.0,0.0,14754000.0,0.0,14754000.0
2014-03-03,2890.0,2890.0,2814.0,2870.0,451.0,-0.6920415224913495,1407500.0,0.0,11428200.0,0.0,0.0,0.0,12835700.0,0.0,12835700.0
2014-03-04,2870.0,2950.0,2870.0,2950.0,251.0,2.7874564459930316,1435000.0,0.0,5827500.0,0.0,1475000.0,0.0,5787500.0,0.0,7262500.0
2014-03-05,2950.0,3340.0,2935.0,3160.0,1722.0,7.118644067796611,1917500.0,0.0,49172800.0,1232000.0,6325000.0,0.0,45997300.0,0.0,52322300.0
2014-03-06,3200.0,3300.0,3160.0,3270.0,2670.0,3.481012658227848,2864000.0,4905000.0,63622000.0,15640500.0,4870000.0,0.0,82161500.0,0.0,87031500.0
2014-03-07,3275.0,3350.0,3270.0,3330.0,2260.0,1.834862385321101,1637500.0,4017000.0,68644500.0,0.0,0.0,0.0,74299000.0,0.0,74299000.0
2014-03-10,3310.0,3335.0,3310.0,3330.0,60.0,0.0,0.0,0.0,1996000.0,0.0,0.0,0.0,1996000.0,0.0,1996000.0
2014-03-11,3330.0,3345.0,3230.0,3325.0,690.0,-0.15015015015015015,1672500.0,0.0,21054500.0,0.0,0.0,0.0,21723500.0,1003500.0,22727000.0
2014-03-12,3249.0,3249.0,3225.0,3225.0,141.0,-3.007518796992481,1625000.0,0.0,2953700.0,0.0,0.0,0.0,4578700.0,0.0,4578700.0
2014-03-13,3140.0,3190.0,3030.0,3070.0,570.0,-4.8062015503875966,4647500.0,0.0,12898500.0,0.0,0.0,0.0,17546000.0,0.0,17546000.0
2014-03-14,3025.0,3270.0,2990.0,3110.0,970.0,1.3029315960912053,1512500.0,0.0,28296500.0,0.0,1545000.0,0.0,28264000.0,0.0,29809000.0
2014-03-17,3110.0,3180.0,3105.0,3180.0,270.0,2.2508038585209005,1565000.0,0.0,6867000.0,0.0,1575000.0,0.0,6857000.0,0.0,8432000.0
2014-03-18,3150.0,3160.0,3090.0,3160.0,220.0,-0.628930817610063,1570000.0,0.0,5320500.0,0.0,0.0,0.0,6890500.0,0.0,6890500.0
2014-03-19,3100.0,3120.0,3020.0,3050.0,390.0,-3.481012658227848,0.0,0.0,11969000.0,0.0,0.0,0.0,11969000.0,0.0,11969000.0
2014-03-20,3050.0,3080.0,2940.0,2980.0,277.0,-2.2950819672131146,1500000.0,0.0,6833000.0,0.0,534800.0,2039700.0,5758500.0,0.0,8333000.0
2014-03-21,2895.0,2960.0,2895.0,2960.0,869.0,-0.6711409395973155,0.0,0.0,25240050.0,0.0,1480000.0,5799000.0,17961050.0,0.0,25240050.0
2014-03-24,3010.0,3130.0,3000.0,3130.0,170.0,5.743243243243244,915000.0,0.0,4273000.0,0.0,1838000.0,0.0,3350000.0,0.0,5188000.0
2014-03-25,3250.0,3250.0,3250.0,3250.0,10.0,3.8338658146964857,0.0,0.0,325000.0,0.0,0.0,0.0,325000.0,0.0,325000.0
2014-03-26,3120.0,3120.0,2905.0,2920.0,1380.0,-10.153846153846153,2975000.0,0.0,37465000.0,0.0,312000.0,0.0,40128000.0,0.0,40440000.0
2014-03-27,2905.0,2920.0,2800.0,2920.0,771.0,0.0,0.0,0.0,22078200.0,0.0,0.0,0.0,22078200.0,0.0,22078200.0
2014-03-28,2880.0,2925.0,2880.0,2925.0,130.0,0.17123287671232876,0.0,0.0,3783000.0,0.0,0.0,0.0,3783000.0,0.0,3783000.0
2014-03-31,2920.0,2920.0,2900.0,2900.0,400.0,-0.8547008547008548,0.0,0.0,11634000.0,0.0,0.0,0.0,11634000.0,0.0,11634000.0
2014-04-01,2890.0,2890.0,2840.0,2870.0,560.0,-1.0344827586206897,0.0,0.0,16046000.0,0.0,0.0,0.0,16046000.0,0.0,16046000.0
2014-04-02,2860.0,2870.0,2840.0,2870.0,380.0,0.0,0.0,0.0,10853000.0,0.0,0.0,0.0,10853000.0,0.0,10853000.0
2014-04-03,2855.0,2855.0,2765.0,2800.0,511.0,-2.4390243902439024,1392500.0,0.0,12863000.0,0.0,0.0,0.0,14255500.0,0.0,14255500.0
2014-04-04,2755.0,2820.0,2749.0,2815.0,390.0,0.5357142857142857,0.0,0.0,10862000.0,0.0,0.0,0.0,10862000.0,0.0,10862000.0
2014-04-07,2795.0,2800.0,2795.0,2800.0,450.0,-0.5328596802841918,0.0,0.0,12596000.0,0.0,0.0,0.0,12596000.0,0.0,12596000.0
2014-04-08,2800.0,2950.0,2800.0,2845.0,750.0,1.607142857142857,1138000.0,0.0,284500.0,19850500.0,1455000.0,0.0,19818000.0,0.0,21273000.0
2014-04-09,2890.0,2950.0,2890.0,2950.0,170.0,3.690685413005272,0.0,0.0,4969000.0,0.0,2910000.0,0.0,2059000.0,0.0,4969000.0
2014-04-10,2880.0,2929.0,2880.0,2905.0,210.0,-1.5254237288135595,871500.0,0.0,5219000.0,0.0,2905000.0,0.0,3185500.0,0.0,6090500.0
2014-04-11,2930.0,2930.0,2930.0,2930.0,11.0,0.8605851979345954,0.0,0.0,322300.0,0.0,293000.0,0.0,29300.0,0.0,322300.0
2014-04-14,2930.0,2970.0,2930.0,2970.0,50.0,1.3651877133105803,0.0,0.0,1469000.0,0.0,297000.0,0.0,1172000.0,0.0,1469000.0
2014-04-15,2825.0,2895.0,2825.0,2895.0,110.0,-2.525252525252525,1412500.0,0.0,1702000.0,0.0,0.0,0.0,3114500.0,0.0,3114500.0
2014-04-16,2935.0,2935.0,2935.0,2935.0,50.0,1.381692573402418,0.0,0.0,1467500.0,0.0,0.0,0.0,1467500.0,0.0,1467500.0
2014-04-17,2955.0,2955.0,2955.0,2955.0,38.0,0.6814310051107325,0.0,0.0,1122900.0,0.0,0.0,0.0,1122900.0,0.0,1122900.0
2014-04-18,2960.0,3000.0,2960.0,2960.0,1900.0,0.1692047377326565,0.0,0.0,56561500.0,0.0,1480000.0,54481500.0,600000.0,0.0,56561500.0
2014-04-21,3005.0,3040.0,3000.0,3005.0,261.0,1.5202702702702704,0.0,0.0,7876600.0,0.0,1549600.0,0.0,6327000.0,0.0,7876600.0
2014-04-22,2975.0,3005.0,2970.0,3000.0,400.0,-0.16638935108153077,0.0,0.0,11962000.0,0.0,0.0,4801500.0,7160500.0,0.0,11962000.0
2014-04-23,3050.0,3050.0,2990.0,3000.0,830.0,0.0,3025000.0,0.0,10809500.0,11285000.0,0.0,22425000.0,2694500.0,0.0,25119500.0
2014-04-24,3045.0,3050.0,3000.0,3035.0,1060.0,1.1666666666666667,0.0,0.0,10808500.0,21347000.0,1525000.0,20975500.0,9655000.0,0.0,32155500.0
2014-04-25,3035.0,3035.0,3035.0,3035.0,58.0,0.0,0.0,0.0,1749600.0,0.0,173100.0,0.0,1576500.0,0.0,1749600.0
2014-04-28,3040.0,3090.0,3030.0,3090.0,2650.0,1.8121911037891267,4297500.0,18300000.0,58284000.0,0.0,11961500.0,65866500.0,3053500.0,0.0,80881500.0
2014-04-29,3120.0,3130.0,3120.0,3130.0,22.0,1.2944983818770228,0.0,0.0,687000.0,0.0,0.0,0.0,687000.0,0.0,687000.0
2014-04-30,3090.0,3130.0,3090.0,3120.0,80.0,-0.3194888178913738,0.0,0.0,2481000.0,0.0,1545000.0,0.0,936000.0,0.0,2481000.0
2014-05-02,3160.0,3160.0,3100.0,3160.0,220.0,1.282051282051282,0.0,0.0,6938000.0,0.0,0.0,0.0,6938000.0,0.0,6938000.0
2014-05-07,3180.0,3180.0,3090.0,3140.0,742.0,-0.6329113924050633,3095000.0,0.0,13743200.0,6253000.0,1590000.0,2186000.0,19315200.0,0.0,23091200.0
2014-05-08,3150.0,3150.0,3140.0,3140.0,140.0,0.0,0.0,0.0,4397000.0,0.0,0.0,315000.0,4082000.0,0.0,4397000.0
2014-05-09,3190.0,3190.0,3100.0,3125.0,1600.0,-0.47770700636942676,0.0,0.0,50094500.0,0.0,1590000.0,33710000.0,14794500.0,0.0,50094500.0
2014-05-12,3095.0,3155.0,3095.0,3155.0,80.0,0.96,0.0,0.0,2482000.0,0.0,0.0,0.0,2482000.0,0.0,2482000.0
2014-05-13,3150.0,3150.0,3120.0,3150.0,81.0,-0.15847860538827258,0.0,0.0,2548000.0,0.0,0.0,0.0,973000.0,1575000.0,2548000.0
2014-05-14,3150.0,3150.0,3125.0,3125.0,430.0,-0.7936507936507936,1575000.0,0.0,11933500.0,0.0,0.0,6265000.0,943500.0,6300000.0,13508500.0
2014-05-15,3105.0,3120.0,3095.0,3095.0,870.0,-0.96,1547500.0,0.0,25426000.0,0.0,0.0,3120000.0,23853500.0,0.0,26973500.0
2014-05-16,3069.0,3100.0,3050.0,3055.0,810.0,-1.2924071082390953,1535000.0,0.0,23328000.0,0.0,0.0,16316000.0,8547000.0,0.0,24863000.0
2014-05-19,3150.0,3150.0,3054.0,3070.0,950.0,0.4909983633387889,1535000.0,0.0,27860500.0,0.0,0.0,19026000.0,2494500.0,7875000.0,29395500.0
2014-05-20,3125.0,3149.0,3125.0,3135.0,750.0,2.1172638436482085,0.0,0.0,23585000.0,0.0,1565000.0,5643000.0,627000.0,15750000.0,23585000.0
2014-05-21,3150.0,3150.0,3150.0,3150.0,250.0,0.4784688995215311,0.0,0.0,7875000.0,0.0,0.0,0.0,0.0,7875000.0,7875000.0
2014-05-22,3200.0,3285.0,3140.0,3140.0,7120.0,-0.31746031746031744,1570000.0,62800000.0,24215000.0,137600000.0,0.0,183935000.0,2250000.0,40000000.0,226185000.0
2014-05-23,3195.0,3195.0,3145.0,3175.0,2447.0,1.1146496815286624,0.0,31600000.0,45811750.0,0.0,0.0,57815500.0,5621250.0,13975000.0,77411750.0
2014-05-26,3175.0,3229.0,3175.0,3175.0,209.0,0.0,0.0,0.0,6688750.0,0.0,1615000.0,0.0,2208250.0,2865500.0,6688750.0
2014-05-27,3170.0,3170.0,3170.0,3170.0,10.0,-0.15748031496062992,0.0,0.0,317000.0,0.0,0.0,0.0,317000.0,0.0,317000.0
2014-05-28,3300.0,3300.0,3160.0,3215.0,7320.0,1.4195583596214512,0.0,31861000.0,201965000.0,0.0,0.0,156099500.0,30743000.0,46983500.0,233826000.0
2014-05-29,3190.0,3275.0,3180.0,3210.0,8934.0,-0.15552099533437014,0.0,0.0,286974900.0,0.0,0.0,173161500.0,50013400.0,63800000.0,286974900.0
2014-05-30,3225.0,3260.0,3200.0,3225.0,8696.0,0.46728971962616817,0.0,0.0,279975000.0,0.0,0.0,200710500.0,22182000.0,57082500.0,279975000.0
2014-06-02,3230.0,3240.0,3200.0,3230.0,4576.0,0.15503875968992248,0.0,0.0,125165450.0,22641600.0,419900.0,17729200.0,64857950.0,64800000.0,147807050.0
2014-06-03,3220.0,3240.0,3154.0,3230.0,2584.0,0.0,0.0,0.0,82893150.0,32000.0,612550.0,11789500.0,70490700.0,32400.0,82925150.0
2014-06-05,3250.0,3295.0,3220.0,3255.0,6601.0,0.7739938080495357,0.0,0.0,74638700.0,139750000.0,0.0,92679450.0,56741750.0,64967500.0,214388700.0
2014-06-09,3250.0,3250.0,3215.0,3240.0,624.0,-0.4608294930875576,0.0,0.0,20185650.0,0.0,0.0,0.0,10988150.0,9197500.0,20185650.0
2014-06-10,3245.0,3245.0,3205.0,3240.0,2585.0,0.0,0.0,0.0,83698150.0,0.0,0.0,62985600.0,20712550.0,0.0,83698150.0
2014-06-11,3220.0,3340.0,3220.0,3295.0,2587.0,1.6975308641975309,0.0,0.0,84039650.0,0.0,0.0,22732500.0,5504650.0,55802500.0,84039650.0
2014-06-12,3275.0,3305.0,3275.0,3300.0,2680.0,0.15174506828528073,0.0,0.0,58963400.0,28974650.0,0.0,15211650.0,7226400.0,65500000.0,87938050.0
2014-06-13,3290.0,3300.0,3260.0,3300.0,4009.0,0.0,0.0,0.0,88554850.0,43424950.0,163250.0,55440000.0,10576550.0,65800000.0,131979800.0
2014-06-16,3290.0,3290.0,3255.0,3285.0,2711.0,-0.45454545454545453,0.0,0.0,88918550.0,0.0,0.0,0.0,40884550.0,48034000.0,88918550.0
2014-06-17,3285.0,3290.0,3270.0,3285.0,581.0,0.0,0.0,0.0,14521400.0,4566150.0,65400.0,13140000.0,4566150.0,1316000.0,19087550.0
2014-06-18,3254.0,3300.0,3254.0,3270.0,883.0,-0.45662100456621,0.0,0.0,28838100.0,0.0,0.0,25343000.0,3495100.0,0.0,28838100.0
2014-06-19,3300.0,3395.0,3255.0,3285.0,8345.0,0.45871559633027525,329000.0,0.0,207594150.0,66088900.0,0.0,209909100.0,64102950.0,0.0,274012050.0
2014-06-20,3290.0,3395.0,3285.0,3365.0,6387.0,2.43531202435312,32757900.0,0.0,109924000.0,69777650.0,0.0,141619050.0,70840500.0,0.0,212459550.0
2014-06-23,3400.0,3540.0,3400.0,3470.0,8910.0,3.1203566121842496,10691900.0,0.0,184056050.0,112507350.0,0.0,213857300.0,93398000.0,0.0,307255300.0
2014-06-24,3465.0,3465.0,3365.0,3400.0,2607.0,-2.0172910662824206,0.0,0.0,88641650.0,0.0,0.0,0.0,88641650.0,0.0,88641650.0
2014-06-25,3470.0,3500.0,3350.0,3380.0,1397.0,-0.5882352941176471,340000.0,0.0,37564550.0,9579250.0,0.0,0.0,47483800.0,0.0,47483800.0
2014-06-26,3420.0,3420.0,3350.0,3380.0,3578.0,0.0,338000.0,0.0,117524050.0,2940600.0,0.0,79738800.0,41063850.0,0.0,120802650.0
2014-06-27,3435.0,3435.0,3395.0,3435.0,672.0,1.6272189349112427,651700.0,0.0,21955250.0,373750.0,0.0,20520000.0,2460700.0,0.0,22980700.0
2014-06-30,3435.0,3435.0,3410.0,3430.0,348.0,-0.1455604075691412,0.0,0.0,11897600.0,0.0,0.0,0.0,11897600.0,0.0,11897600.0
2014-07-01,3440.0,3460.0,3400.0,3420.0,895.0,-0.2915451895043732,344000.0,0.0,23386800.0,6970050.0,0.0,23844000.0,6856850.0,0.0,30700850.0
2014-07-02,3475.0,3475.0,3430.0,3470.0,248.0,1.461988304093567,0.0,0.0,7482000.0,1066200.0,0.0,0.0,8548200.0,0.0,8548200.0
2014-07-03,3500.0,3570.0,3460.0,3500.0,477.0,0.8645533141210375,0.0,0.0,16611150.0,0.0,0.0,0.0,16611150.0,0.0,16611150.0
2014-07-04,3540.0,3540.0,3440.0,3440.0,1050.0,-1.7142857142857144,0.0,0.0,36425350.0,0.0,0.0,0.0,36425350.0,0.0,36425350.0
2014-07-07,3455.0,3485.0,3450.0,3475.0,512.0,1.0174418604651163,0.0,0.0,9067400.0,8625000.0,0.0,0.0,17692400.0,0.0,17692400.0
2014-07-08,3500.0,3540.0,3500.0,3540.0,158.0,1.870503597122302,0.0,0.0,5393900.0,175000.0,0.0,0.0,5568900.0,0.0,5568900.0
2014-07-09,3540.0,3560.0,3500.0,3555.0,1226.0,0.423728813559322,0.0,0.0,27364950.0,15783000.0,0.0,0.0,43147950.0,0.0,43147950.0
2014-07-10,3620.0,3660.0,3575.0,3630.0,1415.0,2.109704641350211,0.0,0.0,51301200.0,0.0,17903350.0,0.0,33397850.0,0.0,51301200.0
2014-07-11,3630.0,3660.0,3575.0,3660.0,794.0,0.8264462809917356,0.0,0.0,28613650.0,0.0,7559800.0,0.0,21053850.0,0.0,28613650.0
2014-07-14,3650.0,3949.0,3650.0,3950.0,2153.0,7.923497267759563,0.0,0.0,62233650.0,18794350.0,386000.0,0.0,80642000.0,0.0,81028000.0
2014-07-15,3950.0,4050.0,3930.0,3965.0,2948.0,0.37974683544303794,12346600.0,0.0,81088550.0,23700000.0,0.0,0.0,117135150.0,0.0,117135150.0
2014-07-16,3970.0,4195.0,3950.0,4155.0,1492.0,4.791929382093317,4917400.0,0.0,34550100.0,20533100.0,416000.0,0.0,59584600.0,0.0,60000600.0
2014-07-17,4155.0,4200.0,4095.0,4160.0,1220.0,0.12033694344163659,11971500.0,0.0,18578100.0,19730300.0,0.0,0.0,15420450.0,34859450.0,50279900.0
2014-07-18,4120.0,4285.0,4120.0,4190.0,1810.0,0.7211538461538461,0.0,0.0,58246950.0,17531000.0,414000.0,0.0,35578300.0,39785650.0,75777950.0
2014-07-21,4250.0,4555.0,4160.0,4160.0,818.0,-0.7159904534606205,423000.0,0.0,35132250.0,0.0,0.0,0.0,26869600.0,8685650.0,35555250.0
2014-07-22,4200.0,4200.0,4060.0,4065.0,590.0,-2.283653846153846,0.0,0.0,24435650.0,0.0,0.0,0.0,24435650.0,0.0,24435650.0
2014-07-23,4040.0,4200.0,4035.0,4190.0,3023.0,3.075030750307503,30572950.0,0.0,70149300.0,24497400.0,0.0,0.0,107000700.0,18218950.0,125219650.0
2014-07-24,4175.0,4175.0,4065.0,4110.0,200.0,-1.9093078758949882,0.0,0.0,8196300.0,0.0,0.0,0.0,6108800.0,2087500.0,8196300.0
2014-07-25,4155.0,4300.0,4150.0,4255.0,3112.0,3.5279805352798053,79485350.0,17144400.0,29689900.0,6090000.0,12935200.0,0.0,115475450.0,3999000.0,132409650.0
2014-07-28,4255.0,4330.0,4200.0,4230.0,1172.0,-0.5875440658049353,0.0,0.0,26048850.0,23595450.0,7184500.0,0.0,34963850.0,7495950.0,49644300.0
2014-07-29,4275.0,4440.0,4000.0,4145.0,3267.0,-2.0094562647754137,420000.0,0.0,100528000.0,32686000.0,0.0,49649500.0,83984500.0,0.0,133634000.0
2014-07-30,4135.0,4200.0,4070.0,4200.0,285.0,1.3268998793727382,0.0,0.0,11754850.0,0.0,0.0,204700.0,11550150.0,0.0,11754850.0
2014-07-31,4125.0,4175.0,4080.0,4175.0,378.0,-0.5952380952380952,0.0,0.0,15524850.0,0.0,0.0,0.0,6526500.0,8998350.0,15524850.0
2014-08-01,4170.0,4170.0,4140.0,4160.0,660.0,-0.3592814371257485,0.0,0.0,27446250.0,0.0,417000.0,0.0,27029250.0,0.0,27446250.0
2014-08-04,4180.0,4300.0,4160.0,4260.0,2304.0,2.403846153846154,0.0,33237750.0,64026450.0,0.0,12600000.0,16943150.0,35158800.0,32562250.0,97264200.0
2014-08-05,4260.0,4260.0,4125.0,4185.0,1162.0,-1.7605633802816902,0.0,0.0,48491350.0,0.0,2520000.0,0.0,17289050.0,28682300.0,48491350.0
2014-08-06,4225.0,4285.0,4185.0,4245.0,4866.0,1.4336917562724014,0.0,0.0,191154550.0,13712000.0,26452400.0,16798400.0,60255900.0,101359850.0,204866550.0
2014-08-07,4245.0,4275.0,4190.0,4230.0,2920.0,-0.35335689045936397,0.0,0.0,88287650.0,34990300.0,0.0,16978800.0,34029850.0,72269300.0,123277950.0
2014-08-08,4185.0,4225.0,4120.0,4195.0,3502.0,-0.8274231678486997,0.0,0.0,145491200.0,0.0,0.0,62289050.0,49010700.0,34191450.0,145491200.0
2014-08-11,4135.0,4180.0,4135.0,4180.0,1292.0,-0.3575685339690107,0.0,0.0,52761300.0,914650.0,0.0,0.0,53675950.0,0.0,53675950.0
2014-08-12,4145.0,4230.0,4145.0,4175.0,794.0,-0.11961722488038277,0.0,13594550.0,19452850.0,0.0,0.0,0.0,24120150.0,8927250.0,33047400.0
2014-08-13,4175.0,4240.0,4160.0,4240.0,1775.0,1.5568862275449102,0.0,0.0,70784500.0,3669700.0,0.0,4170000.0,29668000.0,40616200.0,74454200.0
2014-08-14,4285.0,4300.0,4200.0,4230.0,712.0,-0.2358490566037736,0.0,0.0,28687400.0,1616900.0,0.0,0.0,22357700.0,7946600.0,30304300.0
2014-08-18,4230.0,4230.0,4200.0,4215.0,690.0,-0.3546099290780142,0.0,0.0,26700550.0,2322050.0,0.0,0.0,29022600.0,0.0,29022600.0
2014-08-19,4235.0,4280.0,4210.0,4250.0,11787.0,0.8303677342823249,8249500.0,0.0,485001100.0,7351000.0,0.0,0.0,88396600.0,412205000.0,500601600.0
2014-08-20,4270.0,4285.0,4250.0,4285.0,333.0,0.823529411764706,0.0,0.0,11196850.0,3023700.0,0.0,0.0,14220550.0,0.0,14220550.0
2014-08-21,4290.0,4385.0,4290.0,4310.0,2016.0,0.5834305717619603,0.0,0.0,52973950.0,33902700.0,0.0,0.0,86876650.0,0.0,86876650.0
2014-08-22,4320.0,4350.0,4320.0,4350.0,951.0,0.9280742459396751,0.0,0.0,39608650.0,1561550.0,0.0,0.0,41170200.0,0.0,41170200.0
2014-08-25,4315.0,4355.0,4315.0,4350.0,154.0,0.0,0.0,0.0,5575700.0,1081500.0,0.0,0.0,6657200.0,0.0,6657200.0
2014-08-26,4320.0,4375.0,4320.0,4370.0,239.0,0.45977011494252873,0.0,0.0,9726250.0,653850.0,0.0,0.0,10380100.0,0.0,10380100.0
2014-08-27,4350.0,4425.0,4340.0,4400.0,428.0,0.6864988558352403,0.0,0.0,17129000.0,1619400.0,0.0,0.0,18748400.0,0.0,18748400.0
2014-08-28,4400.0,4440.0,4400.0,4400.0,554.0,0.0,4685350.0,0.0,15547000.0,4229150.0,0.0,0.0,24461500.0,0.0,24461500.0
2014-08-29,4325.0,5000.0,4300.0,4635.0,1997.0,5.340909090909091,456500.0,0.0,81770900.0,8562700.0,914000.0,0.0,89046750.0,829350.0,90790100.0
2014-09-01,4675.0,4675.0,4600.0,4630.0,209.0,-0.10787486515641855,0.0,0.0,9324850.0,323050.0,0.0,0.0,9647900.0,0.0,9647900.0
2014-09-02,4650.0,4655.0,4505.0,4580.0,653.0,-1.079913606911447,916000.0,0.0,16489750.0,12555000.0,0.0,0.0,15041450.0,14919300.0,29960750.0
2014-09-03,4510.0,4630.0,4510.0,4630.0,34.0,1.0917030567685588,0.0,0.0,1558600.0,0.0,270600.0,0.0,1150000.0,138000.0,1558600.0
2014-09-04,4630.0,4770.0,4535.0,4540.0,2486.0,-1.9438444924406046,465000.0,0.0,28641100.0,86472000.0,458000.0,0.0,34219750.0,80900350.0,115578100.0
2014-09-05,4500.0,4535.0,4500.0,4525.0,303.0,-0.3303964757709251,0.0,0.0,13683150.0,0.0,0.0,0.0,7167150.0,6516000.0,13683150.0
2014-09-11,4600.0,4600.0,4495.0,4520.0,470.0,-0.11049723756906078,0.0,0.0,21239650.0,0.0,0.0,0.0,4370250.0,16869400.0,21239650.0
2014-09-12,4590.0,4590.0,4430.0,4500.0,673.0,-0.4424778761061947,448500.0,0.0,29828500.0,0.0,0.0,0.0,17580500.0,12696500.0,30277000.0
2014-09-15,4480.0,4640.0,4415.0,4640.0,186.0,3.111111111111111,0.0,0.0,8314700.0,0.0,0.0,0.0,6619450.0,1695250.0,8314700.0
2014-09-16,4545.0,4600.0,4480.0,4510.0,1475.0,-2.8017241379310347,0.0,0.0,43995550.0,22420000.0,0.0,0.0,30609650.0,35805900.0,66415550.0
2014-09-17,4530.0,4535.0,4460.0,4515.0,446.0,0.11086474501108648,451000.0,0.0,19558550.0,0.0,0.0,0.0,14865700.0,5143850.0,20009550.0
2014-09-18,4460.0,4570.0,4360.0,4450.0,322.0,-1.4396456256921373,446000.0,0.0,13953550.0,0.0,0.0,0.0,8962550.0,5437000.0,14399550.0
2014-09-19,4450.0,4500.0,4450.0,4475.0,1227.0,0.5617977528089888,0.0,0.0,54921800.0,0.0,0.0,0.0,49140650.0,5781150.0,54921800.0
2014-09-22,4475.0,4475.0,4400.0,4440.0,446.0,-0.782122905027933,444000.0,0.0,19232950.0,0.0,0.0,0.0,17149250.0,2527700.0,19676950.0
2014-09-23,4385.0,4400.0,4295.0,4320.0,434.0,-2.7027027027027026,439000.0,0.0,18485200.0,0.0,0.0,0.0,17705150.0,1219050.0,18924200.0
2014-09-24,4310.0,4510.0,4200.0,4395.0,1705.0,1.7361111111111112,441000.0,0.0,57128750.0,15246000.0,0.0,0.0,71613450.0,1202300.0,72815750.0
2014-09-25,4450.0,4460.0,4335.0,4335.0,178.0,-1.3651877133105803,433500.0,0.0,7306250.0,0.0,44600.0,0.0,6563650.0,1131500.0,7739750.0
2014-09-26,4335.0,4440.0,4305.0,4430.0,2399.0,2.1914648212226067,0.0,0.0,104916100.0,0.0,0.0,0.0,103868900.0,1047200.0,104916100.0
2014-09-29,4460.0,4565.0,4420.0,4485.0,648.0,1.2415349887133182,890500.0,0.0,28116500.0,0.0,450000.0,0.0,27580300.0,976700.0,29007000.0
2014-09-30,4485.0,4650.0,4400.0,4470.0,661.0,-0.33444816053511706,447000.0,0.0,23384550.0,5844050.0,0.0,0.0,28780400.0,895200.0,29675600.0
2014-10-01,4420.0,4440.0,4285.0,4345.0,1779.0,-2.796420581655481,870100.0,0.0,76547750.0,0.0,0.0,0.0,76200450.0,1217400.0,77417850.0
2014-10-02,4410.0,4410.0,4275.0,4330.0,212.0,-0.34522439585730724,429000.0,0.0,8706700.0,0.0,88200.0,0.0,8188150.0,859350.0,9135700.0
2014-10-06,4300.0,4425.0,4260.0,4325.0,224.0,-0.11547344110854503,0.0,0.0,9581850.0,0.0,0.0,0.0,8299600.0,1282250.0,9581850.0
2014-10-07,4210.0,4320.0,4205.0,4320.0,369.0,-0.11560693641618498,0.0,0.0,15626050.0,0.0,428000.0,0.0,14012350.0,1185700.0,15626050.0
2014-10-08,4265.0,4330.0,4105.0,4250.0,393.0,-1.6203703703703702,425000.0,0.0,16116450.0,0.0,0.0,0.0,15440450.0,1101000.0,16541450.0
2014-10-10,4300.0,4300.0,4155.0,4230.0,1759.0,-0.4705882352941176,0.0,0.0,7050400.0,68370000.0,0.0,0.0,74037900.0,1382500.0,75420400.0
2014-10-13,4230.0,4230.0,4010.0,4110.0,831.0,-2.8368794326241136,1239500.0,0.0,32540250.0,0.0,0.0,0.0,32929300.0,850450.0,33779750.0
2014-10-14,4030.0,4030.0,3754.0,3980.0,1254.0,-3.1630170316301705,0.0,0.0,49347550.0,0.0,0.0,0.0,41967600.0,7379950.0,49347550.0
2014-10-15,3980.0,4014.0,3939.0,3985.0,78.0,0.12562814070351758,0.0,0.0,2456650.0,635400.0,0.0,0.0,2894050.0,198000.0,3092050.0
2014-10-16,3955.0,3995.0,3949.0,3950.0,155.0,-0.8782936010037641,395500.0,0.0,4888500.0,872800.0,0.0,0.0,6156800.0,0.0,6156800.0
2014-10-17,3934.0,4000.0,3934.0,3945.0,324.0,-0.12658227848101267,1388650.0,0.0,8905550.0,2536250.0,0.0,0.0,12790950.0,39500.0,12830450.0
2014-10-20,3965.0,3965.0,3930.0,3950.0,200.0,0.12674271229404308,1421450.0,0.0,6463750.0,0.0,0.0,0.0,7885200.0,0.0,7885200.0
2014-10-21,3920.0,4050.0,3900.0,4040.0,287.0,2.278481012658228,401500.0,0.0,10959750.0,0.0,405000.0,0.0,10956250.0,0.0,11361250.0
2014-10-22,4080.0,4140.0,4045.0,4090.0,2438.0,1.2376237623762376,4617050.0,0.0,1022450.0,93797050.0,0.0,0.0,99436550.0,0.0,99436550.0
2014-10-23,4110.0,4110.0,4110.0,4110.0,41.0,0.4889975550122249,0.0,0.0,1685100.0,0.0,411000.0,0.0,1274100.0,0.0,1685100.0
2014-10-24,4064.0,4100.0,4015.0,4100.0,255.0,-0.24330900243309003,0.0,0.0,10309150.0,0.0,0.0,0.0,10309150.0,0.0,10309150.0
2014-10-27,3740.0,4095.0,3740.0,4000.0,168.0,-2.4390243902439024,374000.0,0.0,6071450.0,0.0,1586000.0,0.0,4859450.0,0.0,6445450.0
2014-10-28,4000.0,4050.0,4000.0,4005.0,1013.0,0.125,400000.0,0.0,201100.0,40105000.0,0.0,0.0,40706100.0,0.0,40706100.0
2014-10-29,4069.0,4485.0,4015.0,4070.0,325.0,1.6229712858926344,421000.0,0.0,13071800.0,0.0,402000.0,0.0,13090800.0,0.0,13492800.0
2014-10-30,4070.0,4089.0,4009.0,4010.0,341.0,-1.4742014742014742,0.0,0.0,13870150.0,0.0,0.0,0.0,13870150.0,0.0,13870150.0
2014-10-31,4100.0,4100.0,3955.0,4000.0,73.0,-0.24937655860349126,439550.0,0.0,2481000.0,0.0,0.0,0.0,2920550.0,0.0,2920550.0
2014-11-03,3960.0,4040.0,3960.0,4030.0,253.0,0.75,396000.0,0.0,9738500.0,0.0,404000.0,0.0,9730500.0,0.0,10134500.0
2014-11-04,3980.0,4200.0,3980.0,4000.0,123.0,-0.7444168734491315,0.0,0.0,5055400.0,0.0,1202000.0,0.0,3853400.0,0.0,5055400.0
2014-11-05,4000.0,4000.0,3890.0,3985.0,73.0,-0.375,0.0,0.0,2881950.0,0.0,0.0,0.0,2881950.0,0.0,2881950.0
2014-11-06,3700.0,3950.0,3550.0,3800.0,1452.0,-4.642409033877039,746500.0,0.0,52633150.0,0.0,376000.0,0.0,53003650.0,0.0,53379650.0
2014-11-07,3800.0,3835.0,3749.0,3830.0,83.0,0.7894736842105263,0.0,0.0,3148200.0,0.0,0.0,0.0,3148200.0,0.0,3148200.0
2014-11-10,3950.0,3950.0,3790.0,3850.0,478.0,0.5221932114882507,0.0,0.0,18192200.0,0.0,967500.0,0.0,17224700.0,0.0,18192200.0
2014-11-11,3850.0,3850.0,3785.0,3785.0,218.0,-1.6883116883116882,0.0,0.0,8365150.0,0.0,0.0,0.0,8365150.0,0.0,8365150.0
2014-11-12,3814.0,3820.0,3785.0,3785.0,259.0,0.0,0.0,0.0,9853850.0,0.0,0.0,0.0,9853850.0,0.0,9853850.0
2014-11-13,3804.0,3804.0,3760.0,3795.0,75.0,0.26420079260237783,0.0,0.0,2836050.0,0.0,0.0,0.0,2836050.0,0.0,2836050.0
2014-11-14,3760.0,3800.0,3749.0,3750.0,401.0,-1.185770750988142,377000.0,0.0,14692750.0,0.0,0.0,0.0,15069750.0,0.0,15069750.0
2014-11-17,3830.0,3830.0,3675.0,3825.0,614.0,2.0,0.0,0.0,22989350.0,0.0,0.0,0.0,22989350.0,0.0,22989350.0
2014-11-18,3705.0,3825.0,3650.0,3665.0,1422.0,-4.183006535947712,370500.0,0.0,51471450.0,549750.0,381000.0,0.0,36174000.0,15836700.0,52391700.0
2014-11-19,3700.0,3730.0,3640.0,3675.0,493.0,0.2728512960436562,327600.0,0.0,17760750.0,0.0,0.0,0.0,10268700.0,7819650.0,18088350.0
2014-11-20,3675.0,3700.0,3655.0,3670.0,200.0,-0.13605442176870747,0.0,0.0,7376000.0,0.0,0.0,0.0,7376000.0,0.0,7376000.0
2014-11-21,3730.0,3749.0,3625.0,3750.0,388.0,2.17983651226158,367000.0,0.0,13801700.0,0.0,0.0,0.0,7449950.0,6718750.0,14168700.0
2014-11-24,3685.0,3760.0,3650.0,3760.0,205.0,0.26666666666666666,367000.0,0.0,7170550.0,0.0,0.0,0.0,7537550.0,0.0,7537550.0
2014-11-25,3730.0,3760.0,3680.0,3760.0,510.0,0.0,0.0,558000.0,18373500.0,0.0,373000.0,556500.0,2172000.0,15830000.0,18931500.0
2014-11-26,3765.0,3825.0,3725.0,3770.0,3047.0,0.26595744680851063,0.0,0.0,9293200.0,105420000.0,0.0,0.0,114713200.0,0.0,114713200.0
2014-11-27,3790.0,3790.0,3779.0,3785.0,54.0,0.3978779840848806,0.0,0.0,2042350.0,0.0,0.0,0.0,2042350.0,0.0,2042350.0
2014-11-28,3644.0,3780.0,3644.0,3780.0,152.0,-0.13210039630118892,0.0,0.0,5610250.0,0.0,374000.0,0.0,5236250.0,0.0,5610250.0
2014-12-01,3710.0,3840.0,3600.0,3840.0,1549.0,1.5873015873015872,0.0,0.0,56267500.0,0.0,7751100.0,0.0,47949400.0,567000.0,56267500.0
2014-12-02,3840.0,3840.0,3650.0,3820.0,329.0,-0.5208333333333333,746000.0,0.0,11527700.0,0.0,6740050.0,0.0,5533650.0,0.0,12273700.0
2014-12-03,3820.0,3820.0,3750.0,3800.0,212.0,-0.5235602094240838,0.0,0.0,8023950.0,0.0,0.0,0.0,8023950.0,0.0,8023950.0
2014-12-04,3670.0,3800.0,3670.0,3720.0,146.0,-2.1052631578947367,184000.0,0.0,5232050.0,0.0,4400950.0,0.0,1015100.0,0.0,5416050.0
2014-12-05,3730.0,3730.0,3630.0,3720.0,258.0,0.0,363000.0,0.0,9048400.0,0.0,373000.0,0.0,9038400.0,0.0,9411400.0
2014-12-08,3749.0,3749.0,3749.0,3750.0,12.0,0.8064516129032258,0.0,0.0,450000.0,0.0,375000.0,0.0,75000.0,0.0,450000.0
2014-12-09,3700.0,3740.0,3700.0,3740.0,230.0,-0.26666666666666666,0.0,0.0,8514150.0,0.0,0.0,0.0,8514150.0,0.0,8514150.0
2014-12-10,3670.0,3710.0,3570.0,3695.0,327.0,-1.2032085561497325,729000.0,0.0,11043750.0,0.0,367000.0,0.0,11405750.0,0.0,11772750.0
2014-12-11,3709.0,3709.0,3709.0,3710.0,20.0,0.40595399188092013,0.0,0.0,742000.0,0.0,0.0,0.0,742000.0,0.0,742000.0
2014-12-12,3635.0,3700.0,3635.0,3700.0,6.0,-0.2695417789757413,0.0,0.0,218750.0,0.0,181750.0,0.0,37000.0,0.0,218750.0
2014-12-15,3620.0,3690.0,3580.0,3630.0,367.0,-1.891891891891892,362000.0,0.0,12891350.0,0.0,6798500.0,0.0,6454850.0,0.0,13253350.0
2014-12-16,3650.0,3675.0,3600.0,3675.0,830.0,1.2396694214876034,725000.0,0.0,14418250.0,14965000.0,6059750.0,0.0,24048500.0,0.0,30108250.0
2014-12-17,3669.0,3669.0,3669.0,3670.0,0.0,-0.13605442176870747,0.0,0.0,0.0,0.0,0.0,0.0,0.0,0.0,0.0
2014-12-18,3670.0,3670.0,3665.0,3665.0,56.0,-0.13623978201634876,0.0,0.0,2055150.0,0.0,0.0,0.0,2055150.0,0.0,2055150.0
2014-12-19,3625.0,3655.0,3575.0,3600.0,1247.0,-1.7735334242837655,358000.0,0.0,44251600.0,0.0,0.0,0.0,44609600.0,0.0,44609600.0
2014-12-22,3615.0,3640.0,3565.0,3640.0,1800.0,1.1111111111111112,0.0,0.0,64545150.0,0.0,4271200.0,0.0,60273950.0,0.0,64545150.0
2014-12-23,3635.0,3635.0,3550.0,3635.0,1722.0,-0.13736263736263737,0.0,0.0,47089300.0,14540000.0,21315950.0,0.0,40313350.0,0.0,61629300.0
2014-12-24,3635.0,3640.0,3585.0,3640.0,275.0,0.1375515818431912,0.0,0.0,9905400.0,0.0,4597800.0,0.0,5307600.0,0.0,9905400.0
2014-12-26,3640.0,3735.0,3640.0,3735.0,121.0,2.60989010989011,0.0,0.0,4415100.0,0.0,0.0,0.0,4415100.0,0.0,4415100.0
2014-12-29,3615.0,3720.0,3610.0,3720.0,200.0,-0.4016064257028112,0.0,0.0,7268350.0,0.0,4687600.0,0.0,2580750.0,0.0,7268350.0
2014-12-30,3720.0,3720.0,3720.0,3720.0,0.0,0.0,0.0,0.0,0.0,0.0,0.0,0.0,0.0,0.0,0.0
2015-01-02,3720.0,3720.0,3720.0,3720.0,1.0,0.0,0.0,0.0,37200.0,0.0,0.0,0.0,37200.0,0.0,37200.0
2015-01-05,3645.0,3740.0,3640.0,3740.0,172.0,0.5376344086021506,0.0,0.0,6278150.0,0.0,0.0,0.0,6278150.0,0.0,6278150.0
2015-01-06,3654.0,3745.0,3654.0,3745.0,2.0,0.1336898395721925,0.0,0.0,74000.0,0.0,0.0,0.0,74000.0,0.0,74000.0
2015-01-07,3615.0,3960.0,3615.0,3655.0,34.0,-2.403204272363151,0.0,0.0,1257350.0,0.0,0.0,0.0,1257350.0,0.0,1257350.0
2015-01-08,3630.0,3695.0,3630.0,3635.0,3.0,-0.5471956224350205,0.0,0.0,109600.0,0.0,0.0,0.0,109600.0,0.0,109600.0
2015-01-09,3960.0,3960.0,3620.0,3710.0,28.0,2.063273727647868,0.0,0.0,1035400.0,0.0,0.0,0.0,1035400.0,0.0,1035400.0
2015-01-12,3720.0,3850.0,3709.0,3830.0,76.0,3.234501347708895,0.0,0.0,2854500.0,0.0,0.0,0.0,2854500.0,0.0,2854500.0
2015-01-13,3975.0,3975.0,3660.0,3810.0,62.0,-0.5221932114882507,0.0,0.0,2360600.0,0.0,0.0,0.0,2360600.0,0.0,2360600.0
2015-01-14,3715.0,3800.0,3710.0,3800.0,120.0,-0.26246719160104987,0.0,0.0,4526800.0,0.0,0.0,0.0,4526800.0,0.0,4526800.0
2015-01-15,3955.0,3955.0,3729.0,3930.0,77.0,3.421052631578948,0.0,0.0,2936750.0,0.0,0.0,0.0,2936750.0,0.0,2936750.0
2015-01-16,3869.0,3869.0,3869.0,3870.0,0.0,-1.5267175572519083,0.0,0.0,0.0,0.0,0.0,0.0,0.0,0.0,0.0
2015-01-19,3705.0,3869.0,3705.0,3870.0,65.0,0.0,0.0,0.0,2464700.0,0.0,0.0,0.0,2464700.0,0.0,2464700.0
2015-01-20,3715.0,3880.0,3715.0,3880.0,3.0,0.2583979328165375,0.0,0.0,113850.0,0.0,0.0,0.0,113850.0,0.0,113850.0
2015-01-21,3880.0,3880.0,3880.0,3880.0,1.0,0.0,0.0,0.0,38800.0,0.0,0.0,0.0,38800.0,0.0,38800.0
2015-01-22,3900.0,3900.0,3845.0,3845.0,217.0,-0.902061855670103,0.0,0.0,8433900.0,0.0,0.0,0.0,8433900.0,0.0,8433900.0
2015-01-23,3715.0,3895.0,3715.0,3895.0,22.0,1.3003901170351104,0.0,0.0,820200.0,0.0,0.0,0.0,820200.0,0.0,820200.0
2015-01-26,3665.0,3810.0,3665.0,3805.0,68.0,-2.3106546854942236,0.0,0.0,2527650.0,0.0,0.0,0.0,2527650.0,0.0,2527650.0
2015-01-27,3805.0,3805.0,3745.0,3745.0,58.0,-1.5768725361366622,0.0,0.0,2177150.0,0.0,0.0,0.0,2177150.0,0.0,2177150.0
2015-01-28,3700.0,3900.0,3665.0,3850.0,524.0,2.803738317757009,0.0,0.0,19392650.0,0.0,0.0,0.0,19392650.0,0.0,19392650.0
2015-01-29,3850.0,3850.0,3745.0,3750.0,82.0,-2.5974025974025974,0.0,0.0,3126850.0,0.0,0.0,0.0,3126850.0,0.0,3126850.0
2015-01-30,3850.0,3850.0,3724.0,3795.0,232.0,1.2,0.0,0.0,8741000.0,0.0,0.0,0.0,8741000.0,0.0,8741000.0
2015-02-02,3800.0,3844.0,3800.0,3835.0,2047.0,1.0540184453227932,0.0,0.0,1792950.0,76000000.0,0.0,0.0,77792950.0,0.0,77792950.0
2015-02-03,3850.0,3885.0,3834.0,3845.0,14.0,0.2607561929595828,0.0,0.0,538350.0,0.0,0.0,0.0,538350.0,0.0,538350.0
2015-02-04,3845.0,3845.0,3800.0,3800.0,410.0,-1.1703511053315996,0.0,0.0,15719500.0,0.0,0.0,0.0,10374950.0,5344550.0,15719500.0
2015-02-05,3775.0,3800.0,3770.0,3800.0,165.0,0.0,0.0,0.0,6253500.0,0.0,0.0,0.0,6253500.0,0.0,6253500.0
2015-02-06,3790.0,3850.0,3750.0,3795.0,935.0,-0.13157894736842105,0.0,0.0,35471150.0,0.0,0.0,0.0,13925150.0,21546000.0,35471150.0
2015-02-09,3800.0,3800.0,3795.0,3795.0,27.0,0.0,0.0,0.0,1024700.0,0.0,0.0,0.0,1024700.0,0.0,1024700.0
2015-02-10,3760.0,3820.0,3760.0,3820.0,115.0,0.6587615283267457,0.0,0.0,4324850.0,0.0,0.0,0.0,4324850.0,0.0,4324850.0
2015-02-11,3695.0,3850.0,3695.0,3840.0,119.0,0.5235602094240838,0.0,0.0,4564450.0,0.0,0.0,0.0,4564450.0,0.0,4564450.0
2015-02-12,3680.0,3870.0,3680.0,3860.0,539.0,0.5208333333333333,0.0,0.0,20412400.0,0.0,0.0,0.0,20412400.0,0.0,20412400.0
2015-02-13,3860.0,3860.0,3855.0,3860.0,35.0,0.0,0.0,0.0,1350550.0,0.0,0.0,0.0,1350550.0,0.0,1350550.0
2015-02-16,3860.0,3860.0,3820.0,3860.0,78.0,0.0,0.0,0.0,2996000.0,0.0,0.0,0.0,2996000.0,0.0,2996000.0
2015-02-17,3860.0,3860.0,3860.0,3860.0,246.0,0.0,0.0,0.0,9495600.0,0.0,0.0,0.0,9495600.0,0.0,9495600.0
2015-02-23,3850.0,3915.0,3850.0,3875.0,392.0,0.38860103626943004,0.0,0.0,15102400.0,0.0,0.0,0.0,15102400.0,0.0,15102400.0
2015-02-24,3889.0,3940.0,3805.0,3930.0,260.0,1.4193548387096775,0.0,0.0,9916150.0,0.0,0.0,0.0,9916150.0,0.0,9916150.0
2015-02-25,3960.0,3960.0,3845.0,3900.0,113.0,-0.7633587786259541,0.0,0.0,4442900.0,0.0,0.0,0.0,4442900.0,0.0,4442900.0
2015-02-26,3840.0,3955.0,3840.0,3955.0,951.0,1.4102564102564104,0.0,0.0,37087200.0,0.0,0.0,0.0,37087200.0,0.0,37087200.0
2015-02-27,3955.0,3955.0,3935.0,3955.0,456.0,0.0,0.0,0.0,17993400.0,0.0,0.0,0.0,17993400.0,0.0,17993400.0
2015-03-02,3954.0,3980.0,3954.0,3980.0,15.0,0.6321112515802781,0.0,0.0,594150.0,0.0,0.0,0.0,594150.0,0.0,594150.0
2015-03-03,3980.0,4000.0,3860.0,4000.0,234.0,0.5025125628140703,0.0,0.0,9209700.0,0.0,0.0,0.0,9209700.0,0.0,9209700.0
2015-03-04,4000.0,4000.0,3905.0,3990.0,866.0,-0.25,0.0,0.0,34615850.0,0.0,0.0,0.0,34615850.0,0.0,34615850.0
2015-03-05,4019.0,4025.0,4014.0,4025.0,11.0,0.8771929824561403,0.0,0.0,442600.0,0.0,0.0,0.0,442600.0,0.0,442600.0
2015-03-06,4220.0,4220.0,4000.0,4090.0,40.0,1.6149068322981366,0.0,0.0,1614300.0,0.0,0.0,0.0,1614300.0,0.0,1614300.0
2015-03-09,4070.0,4120.0,4050.0,4120.0,257.0,0.7334963325183375,0.0,0.0,10470450.0,0.0,0.0,0.0,10470450.0,0.0,10470450.0
2015-03-10,4120.0,4185.0,3900.0,4090.0,428.0,-0.7281553398058253,0.0,0.0,16958300.0,0.0,0.0,0.0,16958300.0,0.0,16958300.0
2015-03-11,4145.0,4145.0,4145.0,4145.0,1.0,1.3447432762836184,0.0,0.0,41450.0,0.0,0.0,0.0,41450.0,0.0,41450.0
2015-03-12,4175.0,4175.0,4175.0,4175.0,1.0,0.7237635705669482,0.0,0.0,41750.0,0.0,0.0,0.0,41750.0,0.0,41750.0
2015-03-13,3935.0,4280.0,3935.0,4280.0,64.0,2.5149700598802394,0.0,0.0,2650950.0,0.0,0.0,0.0,2650950.0,0.0,2650950.0
2015-03-16,4020.0,4240.0,4005.0,4160.0,321.0,-2.803738317757009,0.0,0.0,13051550.0,0.0,0.0,0.0,4408800.0,8642750.0,13051550.0
2015-03-17,4010.0,4150.0,4010.0,4035.0,1476.0,-3.0048076923076925,0.0,0.0,59298150.0,0.0,0.0,0.0,17874050.0,41424100.0,59298150.0
2015-03-18,4000.0,4069.0,3960.0,4070.0,567.0,0.8674101610904585,0.0,0.0,22517200.0,0.0,0.0,0.0,22517200.0,0.0,22517200.0
2015-03-19,4070.0,4120.0,3990.0,4050.0,835.0,-0.4914004914004914,0.0,0.0,33362650.0,0.0,0.0,0.0,33362650.0,0.0,33362650.0
2015-03-20,4050.0,4054.0,3950.0,3980.0,198.0,-1.728395061728395,0.0,0.0,7899600.0,0.0,0.0,0.0,7899600.0,0.0,7899600.0
2015-03-23,3979.0,4035.0,3955.0,3955.0,10.0,-0.628140703517588,0.0,0.0,398300.0,0.0,0.0,0.0,398300.0,0.0,398300.0
2015-03-24,3905.0,4050.0,3905.0,3910.0,801.0,-1.1378002528445006,0.0,0.0,31353800.0,0.0,0.0,0.0,31353800.0,0.0,31353800.0
2015-03-25,3950.0,3984.0,3900.0,3940.0,190.0,0.7672634271099744,0.0,0.0,7446100.0,0.0,0.0,0.0,7446100.0,0.0,7446100.0
2015-03-26,3870.0,3965.0,3870.0,3965.0,517.0,0.6345177664974619,0.0,0.0,20151100.0,0.0,154800.0,0.0,19996300.0,0.0,20151100.0
2015-03-27,4009.0,4009.0,4009.0,4010.0,1.0,1.1349306431273645,0.0,0.0,40100.0,0.0,0.0,0.0,40100.0,0.0,40100.0
2015-03-30,4015.0,4015.0,4015.0,4015.0,8.0,0.12468827930174563,0.0,0.0,321200.0,0.0,0.0,0.0,321200.0,0.0,321200.0
2015-03-31,4050.0,4050.0,3930.0,4045.0,788.0,0.7471980074719801,0.0,0.0,31105100.0,0.0,0.0,0.0,31105100.0,0.0,31105100.0
2015-04-01,4040.0,4040.0,4040.0,4040.0,7.0,-0.12360939431396785,0.0,0.0,282800.0,0.0,0.0,0.0,282800.0,0.0,282800.0
2015-04-02,4280.0,4280.0,4070.0,4105.0,232.0,1.608910891089109,0.0,0.0,9857200.0,0.0,0.0,0.0,9857200.0,0.0,9857200.0
2015-04-03,4195.0,4195.0,3950.0,4105.0,73.0,0.0,0.0,0.0,2994150.0,0.0,0.0,0.0,2994150.0,0.0,2994150.0
2015-04-06,4105.0,4105.0,4015.0,4100.0,264.0,-0.12180267965895249,0.0,0.0,10817250.0,0.0,0.0,0.0,10817250.0,0.0,10817250.0
2015-04-07,4095.0,4135.0,4085.0,4135.0,442.0,0.853658536585366,0.0,0.0,15187050.0,2968800.0,0.0,0.0,18155850.0,0.0,18155850.0
2015-04-08,4055.0,4135.0,4055.0,4135.0,470.0,0.0,0.0,0.0,15550350.0,3621400.0,0.0,0.0,19171750.0,0.0,19171750.0
2015-04-09,4130.0,4150.0,4130.0,4150.0,344.0,0.36275695284159615,0.0,0.0,11775400.0,2440100.0,0.0,0.0,14215500.0,0.0,14215500.0
2015-04-10,4150.0,4200.0,4130.0,4180.0,68.0,0.7228915662650602,0.0,0.0,2284450.0,543000.0,0.0,0.0,2827450.0,0.0,2827450.0
2015-04-13,4170.0,4180.0,4100.0,4175.0,72.0,-0.11961722488038277,0.0,0.0,2398500.0,583500.0,0.0,0.0,2982000.0,0.0,2982000.0
2015-04-14,4180.0,4180.0,4170.0,4170.0,29.0,-0.11976047904191617,0.0,0.0,1209500.0,0.0,0.0,0.0,1209500.0,0.0,1209500.0
2015-04-15,4165.0,4165.0,4065.0,4160.0,181.0,-0.2398081534772182,0.0,0.0,6021700.0,1496650.0,0.0,0.0,7518350.0,0.0,7518350.0
2015-04-16,4255.0,4255.0,4155.0,4235.0,15.0,1.8028846153846152,0.0,0.0,548650.0,84450.0,0.0,0.0,633100.0,0.0,633100.0
2015-04-17,4235.0,4275.0,4064.0,4255.0,56.0,0.47225501770956313,0.0,0.0,1961550.0,379100.0,0.0,0.0,2340650.0,0.0,2340650.0
2015-04-20,4270.0,4545.0,4255.0,4420.0,353.0,3.8777908343125738,0.0,0.0,13463850.0,1762800.0,0.0,0.0,15226650.0,0.0,15226650.0
2015-04-21,4485.0,4485.0,4230.0,4380.0,17.0,-0.904977375565611,0.0,0.0,730450.0,0.0,0.0,0.0,730450.0,0.0,730450.0
2015-04-22,4415.0,4415.0,4170.0,4170.0,120.0,-4.794520547945205,0.0,0.0,5087050.0,0.0,0.0,0.0,5087050.0,0.0,5087050.0
2015-04-23,4215.0,4215.0,4130.0,4160.0,81.0,-0.2398081534772182,0.0,0.0,3384350.0,0.0,0.0,0.0,3384350.0,0.0,3384350.0
2015-04-24,4210.0,4210.0,4100.0,4125.0,428.0,-0.8413461538461539,0.0,0.0,17603200.0,0.0,0.0,0.0,17603200.0,0.0,17603200.0
2015-04-27,4125.0,4180.0,4110.0,4135.0,32.0,0.24242424242424243,0.0,0.0,1324750.0,0.0,0.0,0.0,1324750.0,0.0,1324750.0
2015-04-28,4140.0,4140.0,4135.0,4135.0,19.0,0.0,0.0,0.0,785900.0,0.0,0.0,0.0,785900.0,0.0,785900.0
2015-04-29,4350.0,4350.0,4015.0,4160.0,2118.0,0.6045949214026602,0.0,0.0,86968700.0,0.0,0.0,0.0,86968700.0,0.0,86968700.0
2015-04-30,4160.0,4250.0,4160.0,4235.0,3.0,1.8028846153846152,0.0,0.0,126450.0,0.0,0.0,0.0,126450.0,0.0,126450.0
2015-05-04,4400.0,4400.0,4145.0,4145.0,47.0,-2.125147579693034,0.0,0.0,1967350.0,0.0,0.0,0.0,1967350.0,0.0,1967350.0
2015-05-06,4120.0,4145.0,4100.0,4100.0,1134.0,-1.0856453558504222,0.0,0.0,46567250.0,0.0,0.0,0.0,46567250.0,0.0,46567250.0
2015-05-07,4145.0,4145.0,4145.0,4145.0,1.0,1.097560975609756,0.0,0.0,41450.0,0.0,0.0,0.0,41450.0,0.0,41450.0
2015-05-08,4110.0,4145.0,4100.0,4100.0,485.0,-1.0856453558504222,0.0,0.0,15458850.0,4521000.0,0.0,0.0,19979850.0,0.0,19979850.0
2015-05-11,4105.0,4105.0,4050.0,4095.0,175.0,-0.12195121951219512,0.0,0.0,7160250.0,0.0,0.0,0.0,7160250.0,0.0,7160250.0
2015-05-12,4100.0,4185.0,4100.0,4185.0,3101.0,2.197802197802198,0.0,0.0,127150850.0,0.0,0.0,0.0,1690850.0,125460000.0,127150850.0
2015-05-13,4185.0,4185.0,4185.0,4185.0,90.0,0.0,0.0,0.0,3766500.0,0.0,0.0,0.0,3766500.0,0.0,3766500.0
2015-05-14,4110.0,4190.0,4110.0,4190.0,14.0,0.11947431302270012,0.0,0.0,578550.0,0.0,0.0,0.0,578550.0,0.0,578550.0
2015-05-15,4185.0,4185.0,4185.0,4185.0,60.0,-0.11933174224343676,0.0,0.0,2511000.0,0.0,0.0,0.0,2511000.0,0.0,2511000.0
2015-05-18,4170.0,4170.0,4165.0,4165.0,2.0,-0.4778972520908005,0.0,0.0,83350.0,0.0,0.0,0.0,83350.0,0.0,83350.0
2015-05-19,4160.0,4170.0,4160.0,4170.0,1732.0,0.12004801920768307,0.0,0.0,72052850.0,0.0,0.0,0.0,72052850.0,0.0,72052850.0
2015-05-20,4180.0,4180.0,4160.0,4160.0,507.0,-0.2398081534772182,0.0,0.0,21092400.0,0.0,0.0,0.0,21092400.0,0.0,21092400.0
2015-05-21,4160.0,4160.0,4150.0,4150.0,2467.0,-0.2403846153846154,0.0,0.0,102453100.0,0.0,0.0,0.0,102453100.0,0.0,102453100.0
2015-05-22,4130.0,4140.0,4130.0,4140.0,310.0,-0.24096385542168677,0.0,0.0,12803800.0,0.0,0.0,0.0,12803800.0,0.0,12803800.0
2015-05-26,4110.0,4145.0,4110.0,4130.0,81.0,-0.24154589371980675,0.0,0.0,3346950.0,0.0,0.0,0.0,3346950.0,0.0,3346950.0
2015-05-27,4130.0,4130.0,4130.0,4130.0,5.0,0.0,0.0,0.0,206500.0,0.0,0.0,0.0,206500.0,0.0,206500.0
2015-05-28,4130.0,4130.0,4110.0,4130.0,194.0,0.0,0.0,0.0,8000450.0,0.0,0.0,0.0,8000450.0,0.0,8000450.0
2015-05-29,4100.0,4190.0,4100.0,4190.0,47.0,1.4527845036319613,0.0,0.0,1946350.0,0.0,0.0,0.0,1946350.0,0.0,1946350.0
2015-06-01,4170.0,4190.0,4170.0,4190.0,130.0,0.0,0.0,0.0,5426600.0,0.0,0.0,0.0,5426600.0,0.0,5426600.0
2015-06-02,4120.0,4125.0,4089.0,4090.0,71.0,-2.386634844868735,0.0,0.0,2915850.0,0.0,0.0,0.0,2915850.0,0.0,2915850.0
2015-06-03,4000.0,4000.0,3995.0,4000.0,72.0,-2.2004889975550124,0.0,0.0,2879900.0,0.0,0.0,0.0,2879900.0,0.0,2879900.0
2015-06-04,3994.0,4000.0,3960.0,3965.0,83.0,-0.8750000000000001,0.0,0.0,3303800.0,0.0,0.0,0.0,3303800.0,0.0,3303800.0
2015-06-05,3965.0,4000.0,3745.0,3745.0,448.0,-5.548549810844893,0.0,0.0,17072850.0,0.0,0.0,12420950.0,4651900.0,0.0,17072850.0
2015-06-08,3740.0,3995.0,3740.0,3985.0,34.0,6.408544726301736,0.0,0.0,1317250.0,0.0,0.0,0.0,1317250.0,0.0,1317250.0
2015-06-09,3989.0,3989.0,3989.0,3990.0,1.0,0.12547051442910914,0.0,0.0,39900.0,0.0,0.0,0.0,39900.0,0.0,39900.0
2015-06-10,3920.0,3920.0,3749.0,3750.0,348.0,-6.015037593984962,0.0,0.0,13266600.0,0.0,0.0,0.0,13266600.0,0.0,13266600.0
2015-06-11,3820.0,3820.0,3745.0,3745.0,271.0,-0.13333333333333333,0.0,0.0,10188050.0,0.0,0.0,0.0,10188050.0,0.0,10188050.0
2015-06-12,3749.0,3810.0,3749.0,3750.0,88.0,0.13351134846461948,0.0,0.0,756400.0,2550000.0,0.0,0.0,3306400.0,0.0,3306400.0
2015-06-15,3795.0,3899.0,3760.0,3895.0,60.0,3.8666666666666667,0.0,0.0,2291000.0,0.0,0.0,0.0,2291000.0,0.0,2291000.0
2015-06-16,3784.0,3935.0,3784.0,3895.0,80.0,0.0,0.0,0.0,3081450.0,0.0,0.0,0.0,3081450.0,0.0,3081450.0
2015-06-17,3934.0,4140.0,3905.0,4140.0,1877.0,6.290115532734275,0.0,11178000.0,66425700.0,0.0,0.0,0.0,77603700.0,0.0,77603700.0
2015-06-18,4435.0,4435.0,4040.0,4045.0,1090.0,-2.2946859903381642,0.0,12476850.0,33729500.0,0.0,0.0,0.0,46206350.0,0.0,46206350.0
2015-06-19,4110.0,4250.0,4080.0,4080.0,630.0,0.865265760197775,0.0,40800.0,25972900.0,0.0,0.0,0.0,26013700.0,0.0,26013700.0
2015-06-22,4475.0,4475.0,4080.0,4090.0,440.0,0.24509803921568626,0.0,2281100.0,16357700.0,0.0,0.0,0.0,18638800.0,0.0,18638800.0
2015-06-23,4200.0,4340.0,4195.0,4325.0,531.0,5.745721271393643,0.0,2328550.0,20344750.0,0.0,0.0,0.0,22673300.0,0.0,22673300.0
2015-06-24,4325.0,4375.0,4270.0,4335.0,3057.0,0.23121387283236997,0.0,18337650.0,113655200.0,0.0,0.0,0.0,80376800.0,51616050.0,131992850.0
2015-06-25,4335.0,4335.0,4210.0,4275.0,541.0,-1.384083044982699,0.0,2927450.0,20170650.0,0.0,0.0,0.0,23098100.0,0.0,23098100.0
2015-06-26,4170.0,4455.0,4170.0,4335.0,827.0,1.4035087719298245,0.0,5849000.0,29637050.0,0.0,0.0,0.0,35486050.0,0.0,35486050.0
2015-06-29,4240.0,4240.0,3920.0,4080.0,3806.0,-5.88235294117647,0.0,0.0,151806500.0,0.0,0.0,32145700.0,119660800.0,0.0,151806500.0
2015-06-30,4080.0,4105.0,4080.0,4105.0,17.0,0.6127450980392157,0.0,0.0,697600.0,0.0,0.0,0.0,697600.0,0.0,697600.0
2015-07-01,4040.0,4165.0,3945.0,4065.0,976.0,-0.9744214372716199,0.0,0.0,39526100.0,0.0,1212000.0,0.0,38314100.0,0.0,39526100.0
2015-07-02,4070.0,4115.0,4059.0,4115.0,397.0,1.2300123001230012,406500.0,0.0,15789200.0,0.0,0.0,0.0,16195700.0,0.0,16195700.0
2015-07-03,4150.0,4425.0,4140.0,4180.0,637.0,1.5795868772782502,420000.0,0.0,26784300.0,0.0,2138000.0,0.0,25066300.0,0.0,27204300.0
2015-07-06,4190.0,4350.0,4080.0,4190.0,1227.0,0.23923444976076555,0.0,0.0,52210950.0,0.0,0.0,0.0,51346450.0,864500.0,52210950.0
2015-07-07,4245.0,4250.0,4135.0,4155.0,582.0,-0.8353221957040573,0.0,0.0,24296750.0,0.0,0.0,0.0,24296750.0,0.0,24296750.0
2015-07-08,4190.0,4280.0,4120.0,4195.0,182.0,0.9626955475330927,417000.0,0.0,7167200.0,0.0,0.0,0.0,7584200.0,0.0,7584200.0
2015-07-09,4185.0,4195.0,4060.0,4190.0,174.0,-0.11918951132300357,0.0,0.0,7263850.0,0.0,815000.0,0.0,6448850.0,0.0,7263850.0
2015-07-10,4200.0,4270.0,4190.0,4270.0,399.0,1.9093078758949882,0.0,0.0,16833400.0,0.0,0.0,0.0,16833400.0,0.0,16833400.0
2015-07-13,4270.0,4300.0,4200.0,4300.0,632.0,0.702576112412178,0.0,0.0,26828250.0,0.0,0.0,0.0,14597300.0,12230950.0,26828250.0
2015-07-14,4330.0,4450.0,4215.0,4450.0,3357.0,3.488372093023256,0.0,0.0,146580200.0,0.0,1306000.0,0.0,97176950.0,48097250.0,146580200.0
2015-07-15,4430.0,4520.0,4210.0,4445.0,3032.0,-0.11235955056179776,0.0,438750.0,133076300.0,0.0,0.0,0.0,103711950.0,29803100.0,133515050.0
2015-07-16,4460.0,4610.0,4460.0,4555.0,2049.0,2.4746906636670416,4460000.0,0.0,69509000.0,18631100.0,0.0,0.0,59510100.0,33090000.0,92600100.0
2015-07-17,4250.0,4550.0,4250.0,4455.0,458.0,-2.1953896816684964,877500.0,0.0,7338750.0,12267800.0,1690800.0,0.0,18793250.0,0.0,20484050.0
2015-07-20,4290.0,4500.0,4265.0,4265.0,653.0,-4.264870931537598,431000.0,14071000.0,13809600.0,0.0,0.0,0.0,28311600.0,0.0,28311600.0
2015-07-21,4205.0,4290.0,4200.0,4290.0,244.0,0.5861664712778429,0.0,0.0,10311200.0,0.0,0.0,0.0,10096700.0,214500.0,10311200.0
2015-07-22,4295.0,4295.0,4200.0,4210.0,155.0,-1.8648018648018647,0.0,0.0,6547150.0,0.0,0.0,0.0,6547150.0,0.0,6547150.0
2015-07-23,4200.0,4210.0,4200.0,4210.0,43.0,0.0,0.0,0.0,1807000.0,0.0,0.0,0.0,1807000.0,0.0,1807000.0
2015-07-24,4620.0,4620.0,4220.0,4300.0,310.0,2.137767220902613,1701500.0,0.0,11585000.0,0.0,1170800.0,0.0,12115700.0,0.0,13286500.0
2015-07-27,4330.0,4330.0,4190.0,4190.0,438.0,-2.558139534883721,843500.0,0.0,17671750.0,0.0,433000.0,0.0,18082250.0,0.0,18515250.0
2015-07-28,4150.0,4490.0,4150.0,4490.0,416.0,7.159904534606206,0.0,0.0,17943400.0,0.0,857000.0,1065000.0,16021400.0,0.0,17943400.0
2015-07-29,4490.0,4575.0,4175.0,4185.0,210.0,-6.7928730512249444,432500.0,0.0,8591100.0,0.0,445000.0,0.0,8578600.0,0.0,9023600.0
2015-07-30,4155.0,4255.0,4150.0,4180.0,74.0,-0.11947431302270012,415000.0,0.0,2663000.0,0.0,0.0,0.0,3078000.0,0.0,3078000.0
2015-07-31,4100.0,4210.0,4055.0,4210.0,413.0,0.7177033492822966,410000.0,0.0,16586750.0,0.0,417000.0,0.0,16579750.0,0.0,16996750.0
2015-08-03,4200.0,4200.0,4115.0,4115.0,29.0,-2.2565320665083135,0.0,0.0,1199150.0,0.0,0.0,0.0,1199150.0,0.0,1199150.0
2015-08-04,4120.0,4185.0,4045.0,4070.0,721.0,-1.0935601458080195,405500.0,0.0,29028950.0,0.0,0.0,0.0,29434450.0,0.0,29434450.0
2015-08-05,4140.0,4355.0,4050.0,4220.0,197.0,3.6855036855036856,0.0,0.0,8133750.0,0.0,842000.0,0.0,7291750.0,0.0,8133750.0
2015-08-06,4165.0,4245.0,4075.0,4090.0,489.0,-3.080568720379147,414500.0,0.0,19691950.0,0.0,0.0,0.0,20106450.0,0.0,20106450.0
2015-08-07,4060.0,4165.0,4060.0,4110.0,359.0,0.4889975550122249,406000.0,0.0,14232100.0,0.0,0.0,0.0,14638100.0,0.0,14638100.0
2015-08-10,4190.0,4190.0,4054.0,4065.0,600.0,-1.094890510948905,410000.0,0.0,24006750.0,0.0,0.0,0.0,24416750.0,0.0,24416750.0
2015-08-11,4090.0,4230.0,4065.0,4150.0,603.0,2.091020910209102,0.0,0.0,24702500.0,0.0,0.0,0.0,24702500.0,0.0,24702500.0
2015-08-12,4155.0,4155.0,4020.0,4100.0,172.0,-1.2048192771084338,0.0,0.0,6977650.0,0.0,404000.0,0.0,6573650.0,0.0,6977650.0
2015-08-13,4105.0,4140.0,4030.0,4135.0,24.0,0.853658536585366,0.0,0.0,990650.0,0.0,82800.0,0.0,907850.0,0.0,990650.0
2015-08-17,4140.0,4255.0,4135.0,4135.0,4409.0,0.0,414000.0,47975000.0,133949600.0,0.0,0.0,0.0,182338600.0,0.0,182338600.0
2015-08-18,4135.0,4180.0,4060.0,4065.0,9398.0,-1.6928657799274487,0.0,41350000.0,341218450.0,0.0,2067500.0,0.0,380500950.0,0.0,382568450.0
2015-08-19,4059.0,4115.0,4000.0,4115.0,390.0,1.2300123001230012,803500.0,5533800.0,5296550.0,4000000.0,0.0,0.0,15633850.0,0.0,15633850.0
2015-08-20,4115.0,4115.0,4095.0,4100.0,38.0,-0.3645200486026731,0.0,0.0,1560400.0,0.0,0.0,0.0,1560400.0,0.0,1560400.0
2015-08-21,4280.0,4280.0,3890.0,4045.0,142.0,-1.3414634146341464,395500.0,0.0,5317700.0,0.0,3204000.0,0.0,2509200.0,0.0,5713200.0
2015-08-24,4200.0,4200.0,3910.0,4060.0,469.0,0.3708281829419036,396000.0,5513100.0,12540800.0,0.0,402000.0,0.0,18047900.0,0.0,18449900.0
2015-08-25,4060.0,4060.0,3950.0,4000.0,56.0,-1.477832512315271,395000.0,0.0,1833450.0,0.0,40600.0,0.0,1711350.0,476500.0,2228450.0
2015-08-26,3900.0,4170.0,3880.0,3965.0,646.0,-0.8750000000000001,394500.0,0.0,24971000.0,0.0,1614000.0,0.0,2240850.0,21510650.0,25365500.0
2015-08-27,4060.0,4095.0,4045.0,4045.0,52.0,2.01765447667087,0.0,0.0,2108450.0,0.0,40500.0,0.0,2067950.0,0.0,2108450.0
2015-08-28,4070.0,4100.0,4000.0,4100.0,317.0,1.3597033374536465,0.0,0.0,3448700.0,9441900.0,407000.0,0.0,12483600.0,0.0,12890600.0
2015-08-31,4100.0,4100.0,4100.0,4100.0,1.0,0.0,0.0,0.0,41000.0,0.0,0.0,0.0,41000.0,0.0,41000.0
2015-09-01,4120.0,4120.0,4010.0,4110.0,38.0,0.24390243902439024,0.0,0.0,1561200.0,0.0,164800.0,0.0,1396400.0,0.0,1561200.0
2015-09-02,4110.0,4110.0,4110.0,4110.0,110.0,0.0,411000.0,0.0,4110000.0,0.0,411000.0,0.0,4110000.0,0.0,4521000.0
2015-09-03,4110.0,4110.0,4105.0,4110.0,102.0,0.0,0.0,0.0,4190150.0,0.0,0.0,0.0,4190150.0,0.0,4190150.0
2015-09-04,4100.0,4120.0,4005.0,4120.0,50.0,0.24330900243309003,770450.0,0.0,1263900.0,0.0,412000.0,0.0,1622350.0,0.0,2034350.0
2015-09-07,4060.0,4120.0,4060.0,4120.0,6.0,0.0,0.0,0.0,244200.0,0.0,0.0,0.0,244200.0,0.0,244200.0
2015-09-08,4040.0,4110.0,4040.0,4110.0,168.0,-0.24271844660194172,0.0,0.0,6799900.0,0.0,0.0,0.0,6799900.0,0.0,6799900.0
2015-09-09,4050.0,4110.0,4050.0,4110.0,315.0,0.0,0.0,0.0,12880300.0,0.0,0.0,0.0,12880300.0,0.0,12880300.0
2015-09-10,4135.0,4135.0,4135.0,4135.0,15.0,0.6082725060827251,0.0,0.0,620250.0,0.0,0.0,0.0,620250.0,0.0,620250.0
2015-09-11,4160.0,4185.0,4160.0,4185.0,50.0,1.2091898428053205,0.0,0.0,2090000.0,0.0,416000.0,0.0,1674000.0,0.0,2090000.0
2015-09-14,4195.0,4195.0,4195.0,4195.0,1.0,0.23894862604540024,0.0,0.0,41950.0,0.0,0.0,0.0,41950.0,0.0,41950.0
2015-09-15,4180.0,4180.0,4180.0,4180.0,0.0,-0.3575685339690107,0.0,0.0,0.0,0.0,0.0,0.0,0.0,0.0,0.0
2015-09-16,4155.0,4155.0,4155.0,4155.0,1.0,-0.5980861244019139,0.0,0.0,41550.0,0.0,0.0,0.0,41550.0,0.0,41550.0
2015-09-17,4170.0,4170.0,4030.0,4120.0,116.0,-0.842358604091456,406000.0,0.0,4302850.0,0.0,41700.0,0.0,4667150.0,0.0,4708850.0
2015-09-18,4195.0,4200.0,4090.0,4195.0,46.0,1.820388349514563,0.0,0.0,1922650.0,0.0,417000.0,0.0,1505650.0,0.0,1922650.0
2015-09-21,4200.0,4200.0,4055.0,4055.0,343.0,-3.3373063170441,405500.0,0.0,13550700.0,0.0,0.0,0.0,13956200.0,0.0,13956200.0
2015-09-22,4050.0,4125.0,4050.0,4125.0,6.0,1.726263871763255,0.0,0.0,243950.0,0.0,0.0,0.0,243950.0,0.0,243950.0
2015-09-23,4060.0,4135.0,4050.0,4100.0,275.0,-0.6060606060606061,405500.0,0.0,3369700.0,7460400.0,0.0,0.0,11235600.0,0.0,11235600.0
2015-09-24,4100.0,4100.0,4100.0,4100.0,0.0,0.0,0.0,0.0,0.0,0.0,0.0,0.0,0.0,0.0,0.0
2015-09-25,4135.0,4135.0,4135.0,4135.0,20.0,0.853658536585366,0.0,0.0,827000.0,0.0,0.0,0.0,827000.0,0.0,827000.0
2015-09-30,4135.0,4180.0,4135.0,4180.0,12.0,1.0882708585247884,0.0,0.0,500700.0,0.0,0.0,0.0,459350.0,41350.0,500700.0
2015-10-01,4180.0,4180.0,4180.0,4180.0,0.0,0.0,0.0,0.0,0.0,0.0,0.0,0.0,0.0,0.0,0.0
2015-10-02,4110.0,4110.0,4005.0,4110.0,81.0,-1.674641148325359,406000.0,0.0,2878550.0,0.0,0.0,0.0,3284550.0,0.0,3284550.0
2015-10-05,4105.0,4105.0,4095.0,4095.0,9.0,-0.36496350364963503,0.0,0.0,368650.0,0.0,0.0,0.0,368650.0,0.0,368650.0
2015-10-06,4095.0,4095.0,4089.0,4090.0,3.0,-0.1221001221001221,0.0,0.0,122750.0,0.0,0.0,0.0,122750.0,0.0,122750.0
2015-10-07,4089.0,4089.0,4089.0,4090.0,17.0,0.0,0.0,0.0,695300.0,0.0,0.0,0.0,695300.0,0.0,695300.0
2015-10-08,4130.0,4130.0,4130.0,4130.0,10.0,0.9779951100244498,0.0,0.0,413000.0,0.0,0.0,0.0,413000.0,0.0,413000.0
2015-10-12,4150.0,4150.0,4150.0,4150.0,10.0,0.48426150121065376,0.0,0.0,415000.0,0.0,0.0,0.0,415000.0,0.0,415000.0
2015-10-13,4130.0,4130.0,4130.0,4130.0,0.0,-0.48192771084337355,0.0,0.0,0.0,0.0,0.0,0.0,0.0,0.0,0.0
2015-10-14,4120.0,4120.0,4120.0,4120.0,4.0,-0.24213075060532688,0.0,0.0,164800.0,0.0,0.0,0.0,164800.0,0.0,164800.0
2015-10-15,4055.0,4160.0,4050.0,4160.0,264.0,0.9708737864077669,405500.0,0.0,10378900.0,0.0,0.0,0.0,10784400.0,0.0,10784400.0
2015-10-16,4170.0,4170.0,4150.0,4150.0,31.0,-0.2403846153846154,0.0,0.0,1289500.0,0.0,0.0,0.0,1289500.0,0.0,1289500.0
2015-10-19,4195.0,4195.0,4195.0,4195.0,20.0,1.0843373493975903,0.0,0.0,839000.0,0.0,0.0,0.0,839000.0,0.0,839000.0
2015-10-20,4195.0,4195.0,4195.0,4195.0,0.0,0.0,0.0,0.0,0.0,0.0,0.0,0.0,0.0,0.0,0.0
2015-10-21,4180.0,4195.0,4180.0,4195.0,75.0,0.0,0.0,0.0,3138750.0,0.0,0.0,0.0,3138750.0,0.0,3138750.0
2015-10-22,4115.0,4195.0,4115.0,4195.0,25.0,0.0,828500.0,0.0,207650.0,0.0,417000.0,0.0,619150.0,0.0,1036150.0
2015-10-23,4105.0,4190.0,4105.0,4190.0,174.0,-0.11918951132300357,410500.0,0.0,6865600.0,0.0,0.0,0.0,7276100.0,0.0,7276100.0
2015-10-26,4190.0,4190.0,4185.0,4185.0,101.0,-0.11933174224343676,0.0,0.0,4226900.0,0.0,0.0,0.0,4226900.0,0.0,4226900.0
2015-10-27,4185.0,4185.0,4185.0,4185.0,0.0,0.0,0.0,0.0,0.0,0.0,0.0,0.0,0.0,0.0,0.0
2015-10-28,4175.0,4175.0,4120.0,4165.0,30.0,-0.4778972520908005,412000.0,0.0,833850.0,0.0,0.0,0.0,1245850.0,0.0,1245850.0
2015-10-29,4140.0,4140.0,4140.0,4140.0,0.0,-0.6002400960384154,0.0,0.0,0.0,0.0,0.0,0.0,0.0,0.0,0.0
2015-10-30,4040.0,4040.0,4035.0,4040.0,42.0,-2.4154589371980677,0.0,40400.0,1656100.0,0.0,0.0,0.0,1696500.0,0.0,1696500.0
2015-11-02,4050.0,4130.0,4050.0,4100.0,418.0,1.4851485148514851,0.0,0.0,571300.0,16362000.0,0.0,0.0,16933300.0,0.0,16933300.0
2015-11-03,4100.0,4100.0,4059.0,4095.0,19.0,-0.12195121951219512,0.0,0.0,777350.0,0.0,0.0,0.0,613350.0,164000.0,777350.0
2015-11-04,4100.0,4885.0,4085.0,4245.0,1526.0,3.6630036630036633,425000.0,0.0,10395700.0,52521000.0,1720000.0,0.0,9100700.0,52521000.0,63341700.0
2015-11-05,4125.0,4200.0,4084.0,4155.0,49.0,-2.1201413427561837,409000.0,0.0,1606200.0,0.0,42000.0,0.0,1973200.0,0.0,2015200.0
2015-11-06,4195.0,4195.0,4195.0,4195.0,22.0,0.9626955475330927,0.0,0.0,922900.0,0.0,0.0,0.0,922900.0,0.0,922900.0
2015-11-09,4150.0,4150.0,4060.0,4060.0,174.0,-3.2181168057210967,406000.0,0.0,6694450.0,40600.0,0.0,0.0,7141050.0,0.0,7141050.0
2015-11-10,4050.0,4290.0,4050.0,4145.0,1210.0,2.0935960591133003,413500.0,0.0,2950500.0,47165450.0,416000.0,0.0,50113450.0,0.0,50529450.0
2015-11-11,4395.0,4395.0,4110.0,4315.0,78.0,4.101326899879373,0.0,0.0,3353800.0,0.0,1268000.0,0.0,2085800.0,0.0,3353800.0
2015-11-12,4280.0,4280.0,4250.0,4250.0,25.0,-1.5063731170336037,0.0,0.0,1065750.0,0.0,428000.0,0.0,637750.0,0.0,1065750.0
2015-11-13,4215.0,4215.0,4215.0,4215.0,2.0,-0.823529411764706,0.0,0.0,84300.0,0.0,0.0,0.0,84300.0,0.0,84300.0
2015-11-16,4160.0,4250.0,4150.0,4250.0,5514.0,0.8303677342823249,0.0,0.0,999800.0,230695550.0,0.0,0.0,231695350.0,0.0,231695350.0
2015-11-17,4250.0,4290.0,4250.0,4290.0,48.0,0.9411764705882352,0.0,0.0,2046800.0,0.0,427000.0,0.0,1619800.0,0.0,2046800.0
2015-11-18,4200.0,4270.0,4200.0,4270.0,888.0,-0.4662004662004662,0.0,0.0,37911200.0,0.0,811300.0,0.0,37099900.0,0.0,37911200.0
2015-11-19,4280.0,4280.0,4075.0,4075.0,60.0,-4.566744730679157,407500.0,0.0,2043650.0,0.0,128400.0,0.0,2322750.0,0.0,2451150.0
2015-11-20,4145.0,4280.0,4070.0,4220.0,101.0,3.5582822085889574,0.0,0.0,4207000.0,0.0,1680000.0,0.0,2527000.0,0.0,4207000.0
2015-11-23,4285.0,4285.0,4270.0,4270.0,40.0,1.1848341232227488,0.0,0.0,1711000.0,0.0,0.0,0.0,1711000.0,0.0,1711000.0
2015-11-24,4270.0,4270.0,4190.0,4190.0,12.0,-1.873536299765808,0.0,0.0,510500.0,0.0,41900.0,0.0,468600.0,0.0,510500.0
2015-11-25,4050.0,4240.0,4050.0,4240.0,55.0,1.1933174224343674,0.0,0.0,2257350.0,0.0,418000.0,0.0,1839350.0,0.0,2257350.0
2015-11-26,4230.0,4290.0,4165.0,4250.0,14.0,0.2358490566037736,0.0,0.0,586950.0,0.0,0.0,0.0,586950.0,0.0,586950.0
2015-11-27,4250.0,4250.0,4250.0,4250.0,1.0,0.0,0.0,0.0,42500.0,0.0,0.0,0.0,42500.0,0.0,42500.0
2015-11-30,4230.0,4345.0,4195.0,4195.0,44.0,-1.2941176470588236,0.0,0.0,1883150.0,0.0,888300.0,0.0,994850.0,0.0,1883150.0
2015-12-01,4210.0,4210.0,4060.0,4210.0,39.0,0.3575685339690107,410000.0,0.0,1191850.0,0.0,168400.0,0.0,1433450.0,0.0,1601850.0
2015-12-02,4100.0,4220.0,4100.0,4220.0,64.0,0.23752969121140144,410000.0,0.0,2226600.0,0.0,42200.0,0.0,2594400.0,0.0,2636600.0
2015-12-03,4210.0,4270.0,4210.0,4270.0,15.0,1.1848341232227488,0.0,0.0,634500.0,0.0,421000.0,0.0,213500.0,0.0,634500.0
2015-12-04,4210.0,4210.0,4210.0,4210.0,0.0,-1.405152224824356,0.0,0.0,0.0,0.0,0.0,0.0,0.0,0.0,0.0
2015-12-07,4200.0,4200.0,4050.0,4065.0,4613.0,-3.44418052256532,0.0,70049500.0,18265950.0,98617500.0,0.0,0.0,6946700.0,179986250.0,186932950.0
2015-12-08,4000.0,4044.0,4000.0,4035.0,255.0,-0.7380073800738007,0.0,0.0,10210600.0,0.0,0.0,0.0,7206450.0,3004150.0,10210600.0
2015-12-09,4100.0,4100.0,3960.0,4080.0,38.0,1.1152416356877324,400000.0,0.0,1121850.0,0.0,0.0,0.0,1281850.0,240000.0,1521850.0
2015-12-10,4165.0,4165.0,4165.0,4165.0,1.0,2.083333333333333,0.0,0.0,41650.0,0.0,0.0,0.0,41650.0,0.0,41650.0
2015-12-11,4160.0,4160.0,4050.0,4100.0,43.0,-1.56062424969988,0.0,0.0,1748350.0,0.0,0.0,0.0,1383500.0,364850.0,1748350.0
2015-12-14,4000.0,4045.0,3965.0,4045.0,41.0,-1.3414634146341464,118950.0,0.0,1518950.0,0.0,0.0,0.0,1637900.0,0.0,1637900.0
2015-12-15,3905.0,4009.0,3905.0,4010.0,16.0,-0.865265760197775,0.0,0.0,631850.0,0.0,40100.0,0.0,591750.0,0.0,631850.0
2015-12-16,4010.0,4010.0,3935.0,3935.0,374.0,-1.8703241895261846,0.0,0.0,14717800.0,0.0,0.0,0.0,10782800.0,3935000.0,14717800.0
2015-12-17,3935.0,3935.0,3935.0,3935.0,71.0,0.0,0.0,0.0,2793850.0,0.0,0.0,0.0,0.0,2793850.0,2793850.0
2015-12-18,3935.0,4035.0,3920.0,4035.0,110.0,2.5412960609911055,0.0,0.0,4331200.0,0.0,0.0,0.0,396200.0,3935000.0,4331200.0
2015-12-21,3969.0,3975.0,3969.0,3970.0,66.0,-1.6109045848822798,0.0,0.0,2621400.0,0.0,0.0,0.0,436700.0,2184700.0,2621400.0
2015-12-22,3970.0,3970.0,3925.0,3945.0,114.0,-0.6297229219143577,0.0,0.0,4521050.0,0.0,0.0,0.0,555550.0,3965500.0,4521050.0
2015-12-23,3949.0,3949.0,3940.0,3950.0,151.0,0.12674271229404308,395000.0,0.0,5569400.0,0.0,0.0,0.0,39400.0,5925000.0,5964400.0
2015-12-24,3960.0,4250.0,3920.0,4250.0,618.0,7.59493670886076,0.0,0.0,25333350.0,0.0,0.0,0.0,21373350.0,3960000.0,25333350.0
2015-12-28,4250.0,4250.0,4080.0,4080.0,146.0,-4.0,408000.0,0.0,5598250.0,0.0,0.0,0.0,6006250.0,0.0,6006250.0
2015-12-29,4005.0,4085.0,4000.0,4085.0,51.0,0.12254901960784313,400000.0,0.0,1648300.0,0.0,0.0,0.0,2048300.0,0.0,2048300.0
2015-12-30,4130.0,4200.0,4130.0,4200.0,301.0,2.8151774785801713,0.0,12600000.0,41300.0,0.0,419300.0,0.0,8484000.0,3738000.0,12641300.0
2016-01-04,4200.0,4200.0,4045.0,4045.0,38.0,-3.6904761904761907,0.0,0.0,1574400.0,0.0,0.0,0.0,1574400.0,0.0,1574400.0
2016-01-05,4045.0,4045.0,4009.0,4010.0,27.0,-0.865265760197775,120300.0,0.0,968900.0,0.0,0.0,0.0,361100.0,728100.0,1089200.0
2016-01-06,4190.0,4190.0,4130.0,4130.0,6.0,2.9925187032418954,0.0,0.0,250600.0,0.0,41300.0,0.0,209300.0,0.0,250600.0
2016-01-07,4100.0,4100.0,4100.0,4100.0,0.0,-0.7263922518159807,0.0,0.0,0.0,0.0,0.0,0.0,0.0,0.0,0.0
2016-01-08,4014.0,4100.0,3900.0,3900.0,98.0,-4.878048780487805,401500.0,0.0,3502450.0,0.0,0.0,0.0,3493950.0,410000.0,3903950.0
2016-01-11,3905.0,3905.0,3900.0,3900.0,215.0,0.0,390500.0,0.0,7997000.0,0.0,0.0,0.0,4331500.0,4056000.0,8387500.0
2016-01-12,3900.0,3900.0,3869.0,3870.0,14.0,-0.7692307692307693,0.0,0.0,544400.0,0.0,0.0,0.0,544400.0,0.0,544400.0
2016-01-13,3895.0,3895.0,3895.0,3895.0,10.0,0.6459948320413437,0.0,0.0,389500.0,0.0,0.0,0.0,389500.0,0.0,389500.0
2016-01-14,3995.0,3995.0,3940.0,3940.0,4.0,1.1553273427471118,0.0,0.0,158250.0,0.0,0.0,0.0,158250.0,0.0,158250.0
2016-01-15,3929.0,3929.0,3929.0,3930.0,12.0,-0.25380710659898476,0.0,0.0,471600.0,0.0,0.0,0.0,471600.0,0.0,471600.0
2016-01-18,3929.0,3929.0,3929.0,3930.0,20.0,0.0,0.0,0.0,786000.0,0.0,0.0,0.0,589500.0,196500.0,786000.0
2016-01-19,3929.0,3929.0,3929.0,3930.0,0.0,0.0,0.0,0.0,0.0,0.0,0.0,0.0,0.0,0.0,0.0
2016-01-20,3880.0,3880.0,3830.0,3880.0,55.0,-1.2722646310432568,384000.0,0.0,1735600.0,0.0,0.0,2081300.0,38300.0,0.0,2119600.0
2016-01-21,3810.0,3810.0,3800.0,3800.0,98.0,-2.0618556701030926,761000.0,0.0,2965150.0,0.0,0.0,1748000.0,1978150.0,0.0,3726150.0
2016-01-22,3800.0,3800.0,3795.0,3800.0,22.0,0.0,380000.0,0.0,455950.0,0.0,0.0,798000.0,37950.0,0.0,835950.0
2016-01-25,3860.0,3909.0,3835.0,3910.0,37.0,2.8947368421052633,0.0,0.0,1427650.0,0.0,464200.0,729600.0,233850.0,0.0,1427650.0
2016-01-26,3800.0,3885.0,3800.0,3885.0,52.0,-0.639386189258312,0.0,0.0,1979850.0,0.0,383000.0,1482000.0,114850.0,0.0,1979850.0
2016-01-27,3820.0,3930.0,3820.0,3870.0,93.0,-0.3861003861003861,385000.0,0.0,3198550.0,0.0,1538000.0,887100.0,769950.0,388500.0,3583550.0
2016-01-28,3880.0,3915.0,3880.0,3890.0,152.0,0.516795865633075,0.0,0.0,5913550.0,0.0,0.0,2178400.0,3735150.0,0.0,5913550.0
2016-01-29,3930.0,3930.0,3900.0,3900.0,2.0,0.2570694087403599,0.0,0.0,78300.0,0.0,39300.0,39000.0,0.0,0.0,78300.0
2016-02-01,3900.0,3900.0,3840.0,3900.0,29.0,0.0,390000.0,0.0,738600.0,0.0,0.0,0.0,621600.0,507000.0,1128600.0
2016-02-02,3730.0,4090.0,3730.0,3910.0,270.0,0.2564102564102564,0.0,0.0,10352250.0,0.0,1938000.0,1896300.0,2677950.0,3840000.0,10352250.0
2016-02-03,3899.0,3899.0,3800.0,3835.0,147.0,-1.9181585677749362,382500.0,0.0,5241100.0,0.0,0.0,3262100.0,461500.0,1900000.0,5623600.0
2016-02-04,3835.0,3889.0,3835.0,3890.0,130.0,1.4341590612777053,0.0,0.0,5000500.0,0.0,0.0,1727700.0,1355300.0,1917500.0,5000500.0
2016-02-05,3885.0,4080.0,3880.0,4080.0,165.0,4.884318766066838,0.0,0.0,6441400.0,0.0,394000.0,0.0,3324400.0,2723000.0,6441400.0
2016-02-11,3989.0,3989.0,3985.0,3990.0,45.0,-2.2058823529411766,0.0,0.0,1795000.0,0.0,0.0,1396500.0,0.0,398500.0,1795000.0
2016-02-12,3905.0,3905.0,3800.0,3800.0,26.0,-4.761904761904762,390500.0,0.0,609500.0,0.0,0.0,39050.0,960950.0,0.0,1000000.0
2016-02-15,3850.0,3955.0,3850.0,3955.0,12.0,4.078947368421053,0.0,0.0,464100.0,0.0,385000.0,0.0,79100.0,0.0,464100.0
2016-02-16,3955.0,3955.0,3955.0,3955.0,61.0,0.0,0.0,0.0,2412550.0,0.0,0.0,0.0,1226050.0,1186500.0,2412550.0
2016-02-17,3955.0,3960.0,3940.0,3940.0,102.0,-0.37926675094816686,0.0,0.0,4034700.0,0.0,396000.0,0.0,0.0,3638700.0,4034700.0
2016-02-18,3940.0,3940.0,3910.0,3940.0,195.0,0.0,1180500.0,0.0,6475950.0,0.0,0.0,1219850.0,3757400.0,2679200.0,7656450.0
2016-02-19,3950.0,3950.0,3930.0,3940.0,76.0,0.0,0.0,0.0,2995300.0,0.0,0.0,0.0,0.0,2995300.0,2995300.0
2016-02-22,3940.0,4010.0,3940.0,3990.0,84.0,1.2690355329949239,395000.0,0.0,2943100.0,0.0,998500.0,0.0,197500.0,2142100.0,3338100.0
2016-02-23,3940.0,3964.0,3830.0,3955.0,91.0,-0.8771929824561403,76600.0,0.0,3479700.0,0.0,394000.0,0.0,1401050.0,1761250.0,3556300.0
2016-02-24,4155.0,4300.0,4055.0,4055.0,5407.0,2.5284450063211126,0.0,0.0,223286350.0,0.0,0.0,0.0,129276350.0,94010000.0,223286350.0
2016-02-25,4090.0,4160.0,4070.0,4160.0,2353.0,2.5893958076448826,0.0,0.0,96813000.0,0.0,0.0,0.0,65946600.0,30866400.0,96813000.0
2016-02-26,4180.0,4180.0,4070.0,4115.0,116.0,-1.0817307692307692,0.0,0.0,4729300.0,0.0,0.0,0.0,4564300.0,165000.0,4729300.0
2016-02-29,4110.0,4115.0,4090.0,4110.0,3225.0,-0.12150668286755771,0.0,0.0,132108850.0,0.0,0.0,0.0,122716950.0,9391900.0,132108850.0
2016-03-02,4110.0,4110.0,4000.0,4080.0,2029.0,-0.7299270072992701,0.0,0.0,81775600.0,0.0,0.0,0.0,81775600.0,0.0,81775600.0
2016-03-03,4005.0,4400.0,4005.0,4040.0,1539.0,-0.9803921568627451,827500.0,0.0,62486400.0,0.0,415000.0,0.0,40287650.0,22611250.0,63313900.0
2016-03-04,4090.0,4185.0,4090.0,4185.0,1440.0,3.5891089108910887,0.0,0.0,59482100.0,0.0,0.0,0.0,10174300.0,49307800.0,59482100.0
2016-03-07,4185.0,4185.0,4045.0,4085.0,532.0,-2.3894862604540026,0.0,0.0,22078550.0,0.0,0.0,0.0,22078550.0,0.0,22078550.0
2016-03-08,4105.0,4225.0,4105.0,4225.0,460.0,3.4271725826193387,0.0,0.0,18932600.0,0.0,0.0,0.0,18932600.0,0.0,18932600.0
2016-03-09,4230.0,4300.0,4230.0,4280.0,666.0,1.301775147928994,0.0,0.0,28506200.0,0.0,0.0,0.0,4752200.0,23754000.0,28506200.0
2016-03-10,4290.0,4300.0,4200.0,4215.0,2506.0,-1.5186915887850467,4225000.0,0.0,25609050.0,76050000.0,0.0,0.0,16256300.0,89627750.0,105884050.0
2016-03-11,4215.0,4275.0,4215.0,4270.0,211.0,1.3048635824436536,0.0,0.0,7554400.0,1349850.0,0.0,0.0,8904250.0,0.0,8904250.0
2016-03-14,4570.0,4570.0,4270.0,4445.0,1006.0,4.098360655737705,427000.0,0.0,42854450.0,0.0,439000.0,0.0,4142450.0,38700000.0,43281450.0
2016-03-15,4445.0,4445.0,4230.0,4380.0,1032.0,-1.4623172103487065,8600000.0,0.0,29332750.0,6473250.0,433000.0,0.0,5273000.0,38700000.0,44406000.0
2016-03-16,4375.0,4375.0,4250.0,4295.0,48.0,-1.9406392694063925,0.0,0.0,1794700.0,257300.0,0.0,0.0,2052000.0,0.0,2052000.0
2016-03-17,4295.0,4390.0,4275.0,4385.0,1300.0,2.0954598370197903,0.0,0.0,47907150.0,8259800.0,0.0,0.0,19531950.0,36635000.0,56166950.0
2016-03-18,4300.0,4410.0,4300.0,4405.0,959.0,0.45610034207525657,434500.0,0.0,36402500.0,4559350.0,0.0,0.0,5835350.0,35561000.0,41396350.0
2016-03-21,4405.0,4405.0,4270.0,4280.0,400.0,-2.837684449489217,431000.0,0.0,16873800.0,0.0,0.0,0.0,16996800.0,308000.0,17304800.0
2016-03-22,4270.0,4300.0,4240.0,4290.0,578.0,0.23364485981308408,0.0,0.0,22418300.0,2318250.0,0.0,0.0,24736550.0,0.0,24736550.0
2016-03-23,4290.0,4335.0,4280.0,4300.0,138.0,0.2331002331002331,0.0,0.0,5271450.0,646500.0,0.0,0.0,5917950.0,0.0,5917950.0
2016-03-24,4245.0,4320.0,4245.0,4270.0,153.0,-0.6976744186046512,0.0,0.0,5846700.0,683700.0,0.0,0.0,6530400.0,0.0,6530400.0
2016-03-25,4245.0,4485.0,4240.0,4485.0,589.0,5.035128805620609,0.0,0.0,25203750.0,0.0,0.0,0.0,10407050.0,14796700.0,25203750.0
2016-03-28,4280.0,4340.0,4275.0,4340.0,284.0,-3.2329988851727984,430000.0,0.0,9774750.0,2023500.0,0.0,0.0,12228250.0,0.0,12228250.0
2016-03-29,4340.0,4375.0,4230.0,4340.0,815.0,0.0,424500.0,0.0,33968650.0,553150.0,218000.0,0.0,13271300.0,21457000.0,34946300.0
2016-03-30,4340.0,4445.0,4330.0,4445.0,392.0,2.4193548387096775,0.0,0.0,15089700.0,1950700.0,0.0,0.0,17040400.0,0.0,17040400.0
2016-03-31,4445.0,4480.0,4355.0,4405.0,509.0,-0.8998875140607425,435500.0,0.0,19075750.0,3041100.0,44800.0,0.0,22507550.0,0.0,22552350.0
2016-04-01,4500.0,4500.0,4200.0,4345.0,700.0,-1.362088535754824,0.0,0.0,27060800.0,3490650.0,0.0,0.0,30551450.0,0.0,30551450.0
2016-04-04,4220.0,4435.0,4220.0,4425.0,277.0,1.8411967779056386,0.0,0.0,11220550.0,830800.0,1751000.0,0.0,10300350.0,0.0,12051350.0
2016-04-05,4425.0,4500.0,4375.0,4475.0,334.0,1.1299435028248588,0.0,0.0,12732050.0,2230000.0,447000.0,0.0,14515050.0,0.0,14962050.0
2016-04-06,4475.0,4600.0,4370.0,4580.0,750.0,2.346368715083799,0.0,0.0,32522800.0,976800.0,13276950.0,0.0,20222650.0,0.0,33499600.0
2016-04-07,4600.0,4795.0,4455.0,4500.0,1299.0,-1.7467248908296942,466000.0,0.0,58870650.0,0.0,13825600.0,0.0,45511050.0,0.0,59336650.0
2016-04-08,4500.0,4635.0,4370.0,4400.0,419.0,-2.2222222222222223,910000.0,0.0,17565250.0,0.0,14074150.0,0.0,4401100.0,0.0,18475250.0
2016-04-11,4310.0,4365.0,4300.0,4300.0,242.0,-2.272727272727273,0.0,0.0,8684550.0,1786450.0,0.0,0.0,10471000.0,0.0,10471000.0
2016-04-12,4300.0,4345.0,4300.0,4335.0,105.0,0.813953488372093,0.0,0.0,4111150.0,434000.0,0.0,0.0,4545150.0,0.0,4545150.0
2016-04-14,4340.0,4380.0,4335.0,4370.0,608.0,0.8073817762399077,0.0,0.0,24632550.0,1871700.0,13116300.0,3055500.0,10332450.0,0.0,26504250.0
2016-04-15,4370.0,4375.0,4340.0,4340.0,511.0,-0.6864988558352403,8740000.0,0.0,10749950.0,2841500.0,13547400.0,0.0,8784050.0,0.0,22331450.0
2016-04-18,4450.0,4450.0,4365.0,4370.0,374.0,0.6912442396313364,0.0,0.0,13953300.0,2407850.0,12242400.0,0.0,4118750.0,0.0,16361150.0
2016-04-19,4345.0,4600.0,4345.0,4500.0,471.0,2.9748283752860414,897000.0,0.0,18386100.0,1549200.0,15857500.0,0.0,4974800.0,0.0,20832300.0
2016-04-20,4500.0,4690.0,4500.0,4630.0,482.0,2.888888888888889,0.0,0.0,19931850.0,2298900.0,926000.0,0.0,21304750.0,0.0,22230750.0
2016-04-21,4500.0,4975.0,4500.0,4790.0,553.0,3.455723542116631,9948200.0,0.0,16170550.0,0.0,0.0,0.0,26118750.0,0.0,26118750.0
2016-04-22,4790.0,4970.0,4790.0,4930.0,321.0,2.9227557411273484,0.0,0.0,15769200.0,0.0,6797600.0,0.0,8971600.0,0.0,15769200.0
2016-04-25,4930.0,5000.0,4930.0,4930.0,322.0,0.0,0.0,0.0,15876650.0,0.0,0.0,0.0,15876650.0,0.0,15876650.0
2016-04-26,4860.0,5000.0,4760.0,4925.0,708.0,-0.10141987829614604,0.0,0.0,34825200.0,0.0,0.0,0.0,34825200.0,0.0,34825200.0
2016-04-27,0.0,0.0,0.0,4925.0,0.0,0.0,,,,,,,,,
2016-04-28,0.0,0.0,0.0,4925.0,0.0,0.0,,,,,,,,,
2016-04-29,0.0,0.0,0.0,4925.0,0.0,0.0,,,,,,,,,
2016-05-02,0.0,0.0,0.0,4925.0,0.0,0.0,,,,,,,,,
2016-05-03,0.0,0.0,0.0,4925.0,0.0,0.0,,,,,,,,,
2016-05-04,0.0,0.0,0.0,4925.0,0.0,0.0,,,,,,,,,
2016-05-09,0.0,0.0,0.0,4925.0,0.0,0.0,,,,,,,,,
2016-05-10,0.0,0.0,0.0,4925.0,0.0,0.0,,,,,,,,,
2016-05-11,0.0,0.0,0.0,4925.0,0.0,0.0,,,,,,,,,
2016-05-12,0.0,0.0,0.0,4925.0,0.0,0.0,,,,,,,,,
2016-05-13,0.0,0.0,0.0,4925.0,0.0,0.0,,,,,,,,,
2016-05-16,0.0,0.0,0.0,4925.0,0.0,0.0,,,,,,,,,
2016-05-17,0.0,0.0,0.0,4925.0,0.0,0.0,,,,,,,,,
2016-05-18,0.0,0.0,0.0,4925.0,0.0,0.0,,,,,,,,,
2016-05-19,0.0,0.0,0.0,4925.0,0.0,0.0,,,,,,,,,
2016-05-20,6400.0,6400.0,4685.0,4805.0,479032.0,-2.4365482233502536,15578950.0,0.0,2648926565.0,3238300.0,16800600.0,78359040.0,2569379330.0,3204845.0,2667743815.0
2016-05-23,4790.0,4790.0,4455.0,4535.0,51403.0,-5.6191467221644125,7726955.0,0.0,225729210.0,0.0,0.0,0.0,233456165.0,0.0,233456165.0
2016-05-24,4445.0,4540.0,4190.0,4310.0,32666.0,-4.961411245865491,2182500.0,7965720.0,131943035.0,0.0,0.0,0.0,142091255.0,0.0,142091255.0
2016-05-25,4335.0,4445.0,4190.0,4255.0,19744.0,-1.2761020881670533,0.0,0.0,84881375.0,0.0,0.0,0.0,84881375.0,0.0,84881375.0
2016-05-26,4235.0,4380.0,4200.0,4285.0,19681.0,0.7050528789659225,0.0,0.0,83353070.0,0.0,0.0,0.0,83353070.0,0.0,83353070.0
2016-05-27,4225.0,4330.0,4225.0,4260.0,3635.0,-0.5834305717619603,0.0,0.0,15469015.0,0.0,0.0,0.0,15469015.0,0.0,15469015.0
2016-05-30,4225.0,4330.0,4175.0,4310.0,7497.0,1.1737089201877933,0.0,0.0,31952150.0,0.0,0.0,0.0,31952150.0,0.0,31952150.0
2016-05-31,4270.0,4440.0,4270.0,4420.0,6077.0,2.5522041763341066,0.0,0.0,26538665.0,0.0,0.0,0.0,26538665.0,0.0,26538665.0
2016-06-01,4425.0,4500.0,4340.0,4475.0,4573.0,1.244343891402715,0.0,0.0,20166855.0,0.0,0.0,0.0,20166855.0,0.0,20166855.0
2016-06-02,4400.0,4590.0,4400.0,4560.0,4960.0,1.899441340782123,0.0,0.0,22269835.0,0.0,0.0,0.0,22269835.0,0.0,22269835.0
2016-06-03,4505.0,4590.0,4430.0,4520.0,6795.0,-0.8771929824561403,0.0,0.0,30887785.0,0.0,0.0,0.0,30887785.0,0.0,30887785.0
2016-06-07,4470.0,4640.0,4470.0,4475.0,1571.0,-0.995575221238938,44800.0,0.0,7088460.0,0.0,46000.0,0.0,7087260.0,0.0,7133260.0
2016-06-08,4495.0,4520.0,4425.0,4500.0,4640.0,0.5586592178770949,0.0,0.0,20736690.0,0.0,0.0,0.0,20736690.0,0.0,20736690.0
2016-06-09,4445.0,4505.0,4400.0,4505.0,2758.0,0.1111111111111111,0.0,0.0,12186355.0,0.0,0.0,0.0,12186355.0,0.0,12186355.0
2016-06-10,4610.0,4610.0,4430.0,4500.0,632.0,-0.11098779134295228,0.0,0.0,2876585.0,0.0,0.0,0.0,2876585.0,0.0,2876585.0
2016-06-13,4420.0,4520.0,4400.0,4400.0,1226.0,-2.2222222222222223,0.0,0.0,5481555.0,0.0,0.0,0.0,5481555.0,0.0,5481555.0
2016-06-14,4300.0,4340.0,4235.0,4315.0,2517.0,-1.9318181818181817,0.0,0.0,10769160.0,0.0,0.0,0.0,10769160.0,0.0,10769160.0
2016-06-15,4375.0,4410.0,4210.0,4210.0,1949.0,-2.4333719582850524,0.0,0.0,8415870.0,0.0,0.0,0.0,8415870.0,0.0,8415870.0
2016-06-16,4230.0,4300.0,4200.0,4300.0,751.0,2.137767220902613,0.0,0.0,3180910.0,0.0,0.0,0.0,3180910.0,0.0,3180910.0
2016-06-17,4250.0,4370.0,4250.0,4355.0,1717.0,1.2790697674418605,0.0,0.0,7369905.0,0.0,0.0,0.0,7369905.0,0.0,7369905.0
2016-06-20,4280.0,4390.0,4280.0,4370.0,1221.0,0.3444316877152698,0.0,0.0,5322440.0,0.0,0.0,0.0,5322440.0,0.0,5322440.0
2016-06-21,4370.0,4700.0,4370.0,4460.0,4259.0,2.059496567505721,0.0,0.0,18976785.0,0.0,89300.0,0.0,18887485.0,0.0,18976785.0
2016-06-22,4495.0,4495.0,4350.0,4420.0,1538.0,-0.8968609865470852,89150.0,0.0,6639975.0,0.0,0.0,0.0,6729125.0,0.0,6729125.0
2016-06-23,4335.0,4480.0,4270.0,4270.0,953.0,-3.3936651583710407,0.0,0.0,4116975.0,0.0,0.0,0.0,4116975.0,0.0,4116975.0
2016-06-24,4290.0,4430.0,4185.0,4240.0,6014.0,-0.702576112412178,42050.0,0.0,25860315.0,0.0,0.0,2095280.0,23807085.0,0.0,25902365.0
2016-06-27,4160.0,4310.0,4155.0,4190.0,4837.0,-1.179245283018868,41600.0,0.0,20142890.0,0.0,85600.0,14490170.0,5608720.0,0.0,20184490.0
2016-06-28,4300.0,4300.0,4155.0,4290.0,2045.0,2.386634844868735,0.0,0.0,8747170.0,0.0,42200.0,0.0,8704970.0,0.0,8747170.0
2016-06-29,4160.0,4335.0,4160.0,4330.0,7734.0,0.9324009324009324,0.0,0.0,32947225.0,0.0,42900.0,0.0,32904325.0,0.0,32947225.0
2016-06-30,4330.0,4365.0,4310.0,4345.0,122.0,0.3464203233256351,0.0,0.0,530810.0,0.0,0.0,0.0,530810.0,0.0,530810.0
2016-07-01,4290.0,4430.0,4285.0,4320.0,962.0,-0.5753739930955121,0.0,0.0,4158130.0,0.0,0.0,0.0,4158130.0,0.0,4158130.0
2016-07-04,4315.0,4420.0,4305.0,4350.0,70.0,0.6944444444444444,0.0,0.0,303125.0,0.0,0.0,0.0,303125.0,0.0,303125.0
2016-07-05,4320.0,4395.0,4320.0,4385.0,1146.0,0.8045977011494253,0.0,0.0,4394790.0,625640.0,0.0,0.0,5020430.0,0.0,5020430.0
2016-07-06,4305.0,4305.0,4300.0,4300.0,880.0,-1.9384264538198404,0.0,0.0,3329360.0,455855.0,0.0,0.0,3785215.0,0.0,3785215.0
2016-07-07,4320.0,4375.0,4270.0,4320.0,256.0,0.46511627906976744,0.0,0.0,970585.0,133705.0,0.0,0.0,1104290.0,0.0,1104290.0
2016-07-08,4225.0,4375.0,4225.0,4280.0,523.0,-0.9259259259259258,0.0,0.0,2259395.0,0.0,0.0,0.0,2259395.0,0.0,2259395.0
2016-07-11,4265.0,4325.0,4245.0,4290.0,5826.0,0.23364485981308408,0.0,0.0,21956635.0,2860020.0,0.0,0.0,24816655.0,0.0,24816655.0
2016-07-12,4340.0,4340.0,4250.0,4275.0,1588.0,-0.34965034965034963,0.0,0.0,6070325.0,707485.0,0.0,0.0,6777810.0,0.0,6777810.0
2016-07-13,4280.0,4310.0,4185.0,4250.0,5985.0,-0.5847953216374269,0.0,0.0,21489845.0,3967600.0,0.0,8382885.0,17074560.0,0.0,25457445.0
2016-07-14,4205.0,4325.0,4190.0,4240.0,5253.0,-0.2352941176470588,0.0,0.0,19188545.0,2895360.0,0.0,0.0,22083905.0,0.0,22083905.0
2016-07-15,4240.0,4280.0,4170.0,4280.0,3447.0,0.9433962264150944,0.0,0.0,13046890.0,1542915.0,0.0,0.0,14589805.0,0.0,14589805.0
2016-07-18,4350.0,4350.0,4190.0,4250.0,405.0,-0.7009345794392523,0.0,0.0,1467160.0,254520.0,0.0,0.0,1721680.0,0.0,1721680.0
2016-07-19,4225.0,4355.0,4225.0,4355.0,1351.0,2.4705882352941173,0.0,0.0,5136445.0,615060.0,0.0,0.0,5751505.0,0.0,5751505.0
2016-07-20,4350.0,4355.0,4250.0,4320.0,2402.0,-0.8036739380022963,0.0,0.0,9060520.0,1195635.0,0.0,0.0,10256155.0,0.0,10256155.0
2016-07-21,4270.0,4355.0,4265.0,4280.0,4381.0,-0.9259259259259258,0.0,0.0,16831555.0,2117720.0,0.0,0.0,18949275.0,0.0,18949275.0
2016-07-22,4250.0,4310.0,4250.0,4310.0,567.0,0.7009345794392523,0.0,0.0,2263115.0,171650.0,0.0,0.0,2434765.0,0.0,2434765.0
2016-07-25,4255.0,4390.0,4255.0,4315.0,2660.0,0.11600928074245939,0.0,0.0,10131765.0,1337825.0,4315525.0,0.0,7154065.0,0.0,11469590.0
2016-07-26,4300.0,4445.0,4300.0,4395.0,7517.0,1.8539976825028968,0.0,0.0,29540310.0,3547270.0,2199400.0,0.0,30888180.0,0.0,33087580.0
2016-07-27,4560.0,4560.0,4395.0,4410.0,4043.0,0.3412969283276451,0.0,0.0,17808090.0,0.0,4404835.0,0.0,13403255.0,0.0,17808090.0
2016-07-28,4400.0,4430.0,4400.0,4415.0,7547.0,0.11337868480725624,0.0,0.0,28851510.0,4410350.0,0.0,0.0,33261860.0,0.0,33261860.0
2016-07-29,4415.0,4505.0,4415.0,4450.0,2117.0,0.7927519818799547,0.0,0.0,8862860.0,507560.0,0.0,0.0,9370420.0,0.0,9370420.0
2016-08-01,4450.0,4480.0,4420.0,4470.0,3725.0,0.44943820224719105,0.0,0.0,14967700.0,1674725.0,0.0,0.0,16642425.0,0.0,16642425.0
2016-08-02,4450.0,4780.0,4425.0,4495.0,1166.0,0.5592841163310962,0.0,0.0,5298660.0,0.0,0.0,0.0,5298660.0,0.0,5298660.0
2016-08-03,4730.0,4745.0,4460.0,4500.0,1603.0,0.11123470522803114,0.0,0.0,7287240.0,4710.0,0.0,0.0,7287325.0,4625.0,7291950.0
2016-08-04,4450.0,4460.0,4400.0,4420.0,605.0,-1.7777777777777777,0.0,0.0,2682045.0,0.0,0.0,0.0,2682045.0,0.0,2682045.0
2016-08-05,4420.0,4545.0,4200.0,4480.0,27323.0,1.3574660633484164,0.0,0.0,117439880.0,0.0,0.0,0.0,117439880.0,0.0,117439880.0
2016-08-08,4480.0,4645.0,4330.0,4335.0,10362.0,-3.2366071428571432,0.0,0.0,45612170.0,0.0,0.0,0.0,17125070.0,28487100.0,45612170.0
2016-08-09,4370.0,4375.0,4300.0,4375.0,14245.0,0.922722029988466,0.0,0.0,57225710.0,4410295.0,0.0,0.0,48650265.0,12985740.0,61636005.0
2016-08-10,4375.0,4375.0,4335.0,4360.0,55.0,-0.34285714285714286,0.0,0.0,195205.0,43490.0,0.0,0.0,238695.0,0.0,238695.0
2016-08-11,4360.0,4400.0,4320.0,4335.0,1527.0,-0.573394495412844,0.0,0.0,5985885.0,635645.0,0.0,0.0,6621530.0,0.0,6621530.0
2016-08-12,4380.0,4415.0,4330.0,4375.0,2230.0,0.922722029988466,0.0,2101305.0,6620980.0,1063195.0,0.0,0.0,9785480.0,0.0,9785480.0
2016-08-16,4350.0,4450.0,4350.0,4445.0,4709.0,1.6,0.0,0.0,19280690.0,1431690.0,0.0,1435500.0,19276880.0,0.0,20712380.0
2016-08-17,4495.0,4590.0,4475.0,4510.0,2874.0,1.4623172103487065,0.0,0.0,11262955.0,1637350.0,0.0,0.0,12900305.0,0.0,12900305.0
2016-08-18,4510.0,4545.0,4400.0,4540.0,217.0,0.6651884700665188,0.0,0.0,869380.0,113195.0,0.0,0.0,982575.0,0.0,982575.0
2016-08-19,4545.0,4700.0,4545.0,4640.0,2918.0,2.2026431718061676,0.0,0.0,12252180.0,1341270.0,4720590.0,0.0,8872860.0,0.0,13593450.0
2016-08-22,4410.0,4740.0,4410.0,4550.0,844.0,-1.9396551724137931,0.0,0.0,3182075.0,634065.0,0.0,0.0,3816140.0,0.0,3816140.0
2016-08-23,4550.0,4570.0,4410.0,4515.0,787.0,-0.7692307692307693,0.0,0.0,3179275.0,376135.0,0.0,0.0,3555410.0,0.0,3555410.0
2016-08-24,4515.0,4515.0,4400.0,4430.0,3144.0,-1.8826135105204873,0.0,0.0,12690830.0,1178320.0,0.0,0.0,13869150.0,0.0,13869150.0
2016-08-25,4440.0,4445.0,4370.0,4445.0,1278.0,0.33860045146726864,0.0,22100.0,5143075.0,483470.0,0.0,22200.0,5626445.0,0.0,5648645.0
2016-08-26,4445.0,4565.0,4410.0,4500.0,1889.0,1.2373453318335208,0.0,0.0,7687250.0,788185.0,0.0,0.0,8475435.0,0.0,8475435.0
2016-08-29,4500.0,4530.0,4400.0,4440.0,6124.0,-1.3333333333333335,0.0,0.0,24202970.0,2964510.0,0.0,0.0,27167480.0,0.0,27167480.0
2016-08-30,4440.0,4470.0,4400.0,4470.0,6541.0,0.6756756756756757,0.0,0.0,25619590.0,3192675.0,0.0,0.0,28812265.0,0.0,28812265.0
2016-08-31,4470.0,4495.0,4400.0,4440.0,14635.0,-0.6711409395973155,0.0,0.0,55877780.0,8541565.0,0.0,0.0,64419345.0,0.0,64419345.0
2016-09-01,4405.0,4700.0,4380.0,4520.0,6329.0,1.8018018018018018,0.0,4969800.0,19144455.0,4506985.0,2257500.0,581120.0,25089815.0,692805.0,28621240.0
2016-09-02,4410.0,4600.0,4410.0,4525.0,1200.0,0.11061946902654868,0.0,0.0,4686765.0,783575.0,0.0,0.0,5470340.0,0.0,5470340.0
2016-09-05,4550.0,4580.0,4470.0,4520.0,886.0,-0.11049723756906078,0.0,0.0,3414975.0,593005.0,0.0,0.0,4007980.0,0.0,4007980.0
2016-09-06,4490.0,4760.0,4445.0,4510.0,18845.0,-0.22123893805309736,0.0,2412800.0,70354980.0,11894320.0,0.0,0.0,84662100.0,0.0,84662100.0
2016-09-07,4695.0,4695.0,4300.0,4435.0,61210.0,-1.662971175166297,0.0,2919400.0,235195330.0,31905680.0,0.0,0.0,270020410.0,0.0,270020410.0
2016-09-08,4480.0,4485.0,4405.0,4470.0,2593.0,0.7891770011273956,0.0,0.0,9971545.0,1545970.0,0.0,0.0,11517515.0,0.0,11517515.0
2016-09-09,4470.0,4470.0,4410.0,4445.0,258.0,-0.5592841163310962,0.0,0.0,1152520.0,0.0,0.0,0.0,1152520.0,0.0,1152520.0
2016-09-12,4370.0,4500.0,4305.0,4500.0,4551.0,1.2373453318335208,0.0,0.0,20151670.0,0.0,0.0,2904000.0,17247670.0,0.0,20151670.0
2016-09-13,4500.0,4600.0,4470.0,4590.0,339.0,2.0,0.0,0.0,1548935.0,0.0,0.0,0.0,1548935.0,0.0,1548935.0
2016-09-19,4800.0,4800.0,4500.0,4550.0,1350.0,-0.8714596949891068,0.0,0.0,5228995.0,1031730.0,0.0,0.0,6260725.0,0.0,6260725.0
2016-09-20,4945.0,4945.0,4545.0,4695.0,19322.0,3.1868131868131866,0.0,5174100.0,72667725.0,12951730.0,0.0,0.0,90788850.0,4705.0,90793555.0
2016-09-21,4605.0,4875.0,4605.0,4815.0,3400.0,2.5559105431309903,0.0,0.0,16409055.0,0.0,0.0,0.0,16409055.0,0.0,16409055.0
2016-09-22,4850.0,4850.0,4615.0,4765.0,1264.0,-1.0384215991692627,953000.0,0.0,4994145.0,0.0,0.0,0.0,5947145.0,0.0,5947145.0
2016-09-23,4765.0,4895.0,4765.0,4785.0,1129.0,0.4197271773347324,0.0,0.0,5413000.0,0.0,0.0,0.0,5413000.0,0.0,5413000.0
2016-09-26,4800.0,4870.0,4650.0,4850.0,856.0,1.3584117032392893,0.0,0.0,4137485.0,0.0,0.0,0.0,4137485.0,0.0,4137485.0
2016-09-27,4885.0,4900.0,4710.0,4715.0,3257.0,-2.7835051546391756,3838650.0,0.0,11645570.0,0.0,0.0,0.0,15484220.0,0.0,15484220.0
2016-09-28,4840.0,4840.0,4700.0,4715.0,525.0,0.0,0.0,0.0,2468220.0,0.0,0.0,0.0,2468220.0,0.0,2468220.0
2016-09-29,4670.0,4710.0,4580.0,4600.0,4417.0,-2.4390243902439024,0.0,0.0,20422680.0,0.0,0.0,0.0,20422680.0,0.0,20422680.0
2016-09-30,4580.0,4580.0,4450.0,4525.0,3481.0,-1.6304347826086956,0.0,0.0,15756735.0,0.0,0.0,3972490.0,11784245.0,0.0,15756735.0
2016-10-04,4430.0,4505.0,4400.0,4470.0,2009.0,-1.2154696132596685,0.0,0.0,8884600.0,0.0,0.0,0.0,8857810.0,26790.0,8884600.0
2016-10-05,4470.0,4590.0,4470.0,4530.0,816.0,1.342281879194631,0.0,0.0,3682520.0,0.0,0.0,0.0,3682520.0,0.0,3682520.0
2016-10-06,4700.0,4700.0,4405.0,4470.0,964.0,-1.3245033112582782,0.0,0.0,4320365.0,0.0,0.0,0.0,4320365.0,0.0,4320365.0
2016-10-07,4450.0,4540.0,4415.0,4540.0,2157.0,1.5659955257270695,0.0,0.0,9614410.0,0.0,0.0,0.0,9614410.0,0.0,9614410.0
2016-10-10,4450.0,4700.0,4450.0,4540.0,679.0,0.0,0.0,0.0,3072495.0,0.0,0.0,0.0,3072495.0,0.0,3072495.0
2016-10-11,4550.0,4555.0,4470.0,4535.0,2407.0,-0.11013215859030838,0.0,0.0,10877565.0,0.0,0.0,0.0,10877565.0,0.0,10877565.0
2016-10-12,4535.0,4560.0,4500.0,4545.0,1726.0,0.2205071664829107,0.0,0.0,7776235.0,0.0,0.0,0.0,7776235.0,0.0,7776235.0
2016-10-13,4560.0,4700.0,4500.0,4585.0,2808.0,0.88008800880088,733110.0,0.0,12011965.0,0.0,0.0,0.0,12745075.0,0.0,12745075.0
2016-10-14,4510.0,4550.0,4505.0,4515.0,1137.0,-1.5267175572519083,0.0,0.0,5126340.0,0.0,0.0,0.0,5126340.0,0.0,5126340.0
2016-10-17,4470.0,4510.0,4445.0,4510.0,6789.0,-0.11074197120708748,0.0,0.0,30329630.0,0.0,0.0,7869200.0,22460430.0,0.0,30329630.0
2016-10-18,4535.0,4535.0,4465.0,4535.0,1246.0,0.5543237250554324,0.0,0.0,5577895.0,0.0,4470010.0,362800.0,745085.0,0.0,5577895.0
2016-10-19,4700.0,4700.0,4500.0,4510.0,424.0,-0.5512679162072767,940000.0,0.0,1017170.0,0.0,0.0,0.0,1957170.0,0.0,1957170.0
2016-10-20,4645.0,4645.0,4515.0,4600.0,448.0,1.9955654101995564,0.0,0.0,2041300.0,0.0,0.0,0.0,2041300.0,0.0,2041300.0
2016-10-21,4600.0,4700.0,4535.0,4600.0,645.0,0.0,0.0,0.0,2935180.0,0.0,0.0,0.0,2935180.0,0.0,2935180.0
2016-10-24,4675.0,4700.0,4505.0,4595.0,3097.0,-0.10869565217391304,187245.0,0.0,14004270.0,0.0,0.0,0.0,14191515.0,0.0,14191515.0
2016-10-25,4595.0,4595.0,4455.0,4475.0,15228.0,-2.6115342763873777,0.0,0.0,68088780.0,0.0,0.0,0.0,68088780.0,0.0,68088780.0
2016-10-26,4510.0,4510.0,4445.0,4510.0,4878.0,0.782122905027933,0.0,0.0,21690810.0,0.0,0.0,0.0,21690810.0,0.0,21690810.0
2016-10-27,4455.0,4495.0,4450.0,4460.0,629.0,-1.1086474501108647,0.0,0.0,2802265.0,0.0,0.0,0.0,2802265.0,0.0,2802265.0
2016-10-28,4405.0,4515.0,4405.0,4410.0,2366.0,-1.1210762331838564,0.0,0.0,10449300.0,0.0,0.0,0.0,10449300.0,0.0,10449300.0
2016-10-31,4370.0,4460.0,4370.0,4445.0,3044.0,0.7936507936507936,0.0,0.0,13395655.0,0.0,0.0,0.0,13395655.0,0.0,13395655.0
2016-11-01,4420.0,4580.0,4420.0,4425.0,816.0,-0.44994375703037126,45750.0,0.0,3581160.0,0.0,0.0,0.0,3626910.0,0.0,3626910.0
2016-11-02,4520.0,4520.0,4370.0,4375.0,3476.0,-1.1299435028248588,0.0,0.0,15197640.0,0.0,0.0,13113925.0,2083715.0,0.0,15197640.0
2016-11-03,4395.0,4450.0,4320.0,4450.0,4377.0,1.7142857142857144,0.0,0.0,19344375.0,0.0,0.0,0.0,19344375.0,0.0,19344375.0
2016-11-04,4450.0,4600.0,4450.0,4545.0,3360.0,2.134831460674157,0.0,0.0,15002780.0,0.0,0.0,0.0,15002780.0,0.0,15002780.0
2016-11-07,4500.0,4530.0,4400.0,4510.0,744.0,-0.77007700770077,0.0,0.0,3318480.0,0.0,0.0,0.0,3318480.0,0.0,3318480.0
2016-11-08,4455.0,4565.0,4455.0,4525.0,3146.0,0.3325942350332594,0.0,0.0,1821755.0,12369385.0,0.0,0.0,14191140.0,0.0,14191140.0
2016-11-09,4465.0,4525.0,4200.0,4365.0,4879.0,-3.535911602209945,0.0,2230000.0,19218465.0,0.0,0.0,6133315.0,15315150.0,0.0,21448465.0
2016-11-10,4365.0,4440.0,4320.0,4355.0,922.0,-0.22909507445589922,0.0,0.0,4009100.0,0.0,0.0,0.0,4009100.0,0.0,4009100.0
2016-11-11,4270.0,4395.0,4270.0,4375.0,716.0,0.4592422502870264,0.0,0.0,3123740.0,0.0,0.0,0.0,3123740.0,0.0,3123740.0
2016-11-14,4440.0,4445.0,4370.0,4370.0,1874.0,-0.1142857142857143,0.0,2219500.0,6069485.0,0.0,0.0,0.0,8288985.0,0.0,8288985.0
2016-11-15,4395.0,4430.0,4390.0,4430.0,1781.0,1.3729977116704806,0.0,0.0,4587000.0,3239385.0,0.0,0.0,7826385.0,0.0,7826385.0
2016-11-16,4425.0,4455.0,4380.0,4455.0,2034.0,0.5643340857787811,0.0,0.0,9012935.0,0.0,0.0,0.0,9012935.0,0.0,9012935.0
2016-11-17,4460.0,4680.0,4355.0,4450.0,5060.0,-0.11223344556677892,92485.0,0.0,22593990.0,0.0,0.0,0.0,22686475.0,0.0,22686475.0
2016-11-18,4450.0,4450.0,4450.0,4450.0,900.0,0.0,0.0,0.0,4005000.0,0.0,0.0,0.0,4005000.0,0.0,4005000.0
2016-11-21,4650.0,5200.0,4505.0,4520.0,31069.0,1.5730337078651686,0.0,0.0,119147210.0,28954085.0,0.0,0.0,148053195.0,48100.0,148101295.0
2016-11-22,4440.0,4650.0,4440.0,4650.0,7589.0,2.8761061946902653,0.0,0.0,26022665.0,8196015.0,0.0,0.0,34218680.0,0.0,34218680.0
2016-11-23,4650.0,4670.0,4540.0,4660.0,3801.0,0.21505376344086022,0.0,0.0,4693790.0,12948800.0,0.0,9255585.0,8387005.0,0.0,17642590.0
2016-11-24,4520.0,4660.0,4520.0,4650.0,5104.0,-0.2145922746781116,0.0,0.0,2320640.0,21411400.0,0.0,0.0,23732040.0,0.0,23732040.0
2016-11-25,4515.0,4690.0,4515.0,4680.0,3382.0,0.6451612903225806,0.0,0.0,3391915.0,12349100.0,0.0,0.0,15741015.0,0.0,15741015.0
2016-11-28,4680.0,4775.0,4680.0,4695.0,1055.0,0.3205128205128205,0.0,0.0,4944030.0,0.0,0.0,0.0,4944030.0,0.0,4944030.0
2016-11-29,4695.0,4800.0,4530.0,4695.0,11000.0,0.0,0.0,0.0,3922565.0,46993975.0,0.0,21650500.0,29266040.0,0.0,50916540.0
2016-11-30,4745.0,4745.0,4600.0,4665.0,4207.0,-0.6389776357827476,0.0,0.0,6784360.0,12585600.0,0.0,4601410.0,14768550.0,0.0,19369960.0
2016-12-01,4600.0,4665.0,4565.0,4600.0,2383.0,-1.3933547695605575,0.0,0.0,10979405.0,0.0,0.0,9666175.0,1313230.0,0.0,10979405.0
2016-12-02,4600.0,4610.0,4550.0,4600.0,2825.0,0.0,0.0,0.0,13011640.0,0.0,0.0,0.0,13011640.0,0.0,13011640.0
2016-12-05,4995.0,4995.0,4560.0,4565.0,1255.0,-0.7608695652173914,0.0,0.0,5779705.0,0.0,4605035.0,0.0,1174670.0,0.0,5779705.0
2016-12-06,4600.0,4700.0,4555.0,4700.0,1999.0,2.9572836801752467,0.0,0.0,9263990.0,0.0,0.0,3245440.0,6018550.0,0.0,9263990.0
2016-12-07,4890.0,4890.0,4565.0,4665.0,146.0,-0.7446808510638299,0.0,0.0,679485.0,0.0,0.0,0.0,679485.0,0.0,679485.0
2016-12-08,4665.0,4695.0,4665.0,4695.0,4001.0,0.6430868167202572,0.0,0.0,10791320.0,7963340.0,0.0,0.0,18754660.0,0.0,18754660.0
2016-12-09,4695.0,4695.0,4645.0,4695.0,15.0,0.0,0.0,0.0,70150.0,0.0,0.0,0.0,70150.0,0.0,70150.0
2016-12-12,4695.0,4695.0,4620.0,4690.0,12572.0,-0.10649627263045794,0.0,0.0,4520530.0,53751675.0,0.0,8807820.0,49464385.0,0.0,58272205.0
2016-12-13,4700.0,4700.0,4620.0,4685.0,414.0,-0.10660980810234541,0.0,0.0,1929650.0,0.0,0.0,0.0,1929650.0,0.0,1929650.0
2016-12-14,4700.0,4700.0,4550.0,4675.0,1778.0,-0.21344717182497333,0.0,0.0,8241885.0,0.0,0.0,0.0,8241885.0,0.0,8241885.0
2016-12-15,4675.0,4675.0,4615.0,4620.0,136.0,-1.1764705882352942,0.0,0.0,634330.0,0.0,0.0,0.0,634330.0,0.0,634330.0
2016-12-16,4620.0,4700.0,4605.0,4605.0,246.0,-0.3246753246753247,0.0,0.0,1150050.0,0.0,0.0,0.0,1150050.0,0.0,1150050.0
2016-12-19,4540.0,4600.0,4510.0,4545.0,1430.0,-1.3029315960912053,0.0,0.0,6470370.0,0.0,0.0,0.0,6470370.0,0.0,6470370.0
2016-12-20,4545.0,4585.0,4505.0,4580.0,1330.0,0.77007700770077,0.0,0.0,6052745.0,0.0,0.0,0.0,6052745.0,0.0,6052745.0
2016-12-21,4450.0,4665.0,4450.0,4645.0,123.0,1.4192139737991267,0.0,0.0,551855.0,0.0,0.0,0.0,551855.0,0.0,551855.0
2016-12-22,4640.0,4670.0,4640.0,4670.0,85.0,0.5382131324004306,0.0,0.0,394820.0,0.0,0.0,0.0,394820.0,0.0,394820.0
2016-12-23,4700.0,4700.0,4620.0,4670.0,1958.0,0.0,0.0,2581700.0,6604570.0,0.0,0.0,0.0,9186270.0,0.0,9186270.0
2016-12-26,4800.0,4800.0,4620.0,4790.0,577.0,2.569593147751606,0.0,0.0,2744400.0,0.0,0.0,323875.0,2420525.0,0.0,2744400.0
2016-12-27,4800.0,4925.0,4750.0,4910.0,35272.0,2.5052192066805845,0.0,2131250.0,169932380.0,0.0,4865000.0,0.0,167198630.0,0.0,172063630.0
2016-12-28,4910.0,4995.0,4700.0,4975.0,520.0,1.3238289205702647,0.0,0.0,2564870.0,0.0,0.0,0.0,2564870.0,0.0,2564870.0
2016-12-29,4975.0,4975.0,4800.0,4970.0,7923.0,-0.10050251256281408,0.0,546635.0,1787390.0,36972495.0,0.0,0.0,39306520.0,0.0,39306520.0
2017-01-02,4750.0,4970.0,4750.0,4970.0,3202.0,0.0,0.0,475000.0,9940.0,15407000.0,0.0,0.0,15891940.0,0.0,15891940.0
2017-01-03,4960.0,4960.0,4770.0,4850.0,7423.0,-2.414486921529175,0.0,0.0,1202730.0,35370650.0,0.0,4573120.0,32000260.0,0.0,36573380.0
2017-01-04,4850.0,4980.0,4800.0,4860.0,883.0,0.2061855670103093,0.0,0.0,4281050.0,0.0,0.0,0.0,4281050.0,0.0,4281050.0
2017-01-05,4880.0,5000.0,4860.0,4860.0,771.0,0.0,0.0,1651250.0,2139725.0,0.0,0.0,0.0,3790975.0,0.0,3790975.0
2017-01-06,4900.0,4920.0,4860.0,4920.0,4988.0,1.2345679012345678,0.0,0.0,4821190.0,19477840.0,0.0,0.0,24299030.0,0.0,24299030.0
2017-01-09,4915.0,4915.0,4915.0,4915.0,220.0,-0.10162601626016261,0.0,0.0,1081300.0,0.0,0.0,0.0,1081300.0,0.0,1081300.0
2017-01-10,4915.0,5130.0,4615.0,4700.0,32668.0,-4.374364191251272,0.0,0.0,6829125.0,153722260.0,63895070.0,0.0,8186315.0,88470000.0,160551385.0
2017-01-11,4780.0,4780.0,4700.0,4725.0,116.0,0.5319148936170213,0.0,0.0,547235.0,0.0,0.0,0.0,547235.0,0.0,547235.0
2017-01-12,4720.0,4835.0,4650.0,4835.0,2595.0,2.328042328042328,0.0,0.0,12148630.0,0.0,0.0,453120.0,11695510.0,0.0,12148630.0
2017-01-13,4700.0,4790.0,4700.0,4790.0,558.0,-0.9307135470527405,0.0,0.0,2633675.0,0.0,0.0,0.0,2633675.0,0.0,2633675.0
2017-01-16,4790.0,4790.0,4690.0,4725.0,1226.0,-1.3569937369519833,0.0,0.0,5774130.0,0.0,0.0,0.0,5774130.0,0.0,5774130.0
2017-01-17,4700.0,4725.0,4695.0,4720.0,2653.0,-0.10582010582010583,0.0,0.0,12485430.0,0.0,0.0,0.0,11162430.0,1323000.0,12485430.0
2017-01-18,4705.0,4710.0,4700.0,4710.0,537.0,-0.211864406779661,0.0,0.0,2526055.0,0.0,0.0,0.0,2526055.0,0.0,2526055.0
2017-01-19,4650.0,4675.0,4620.0,4640.0,3122.0,-1.48619957537155,0.0,0.0,14490375.0,0.0,0.0,10771360.0,3719015.0,0.0,14490375.0
2017-01-20,4660.0,4720.0,4550.0,4550.0,2002.0,-1.9396551724137931,0.0,0.0,9202220.0,0.0,0.0,0.0,9202220.0,0.0,9202220.0
2017-01-23,4630.0,4630.0,4545.0,4630.0,397.0,1.7582417582417582,0.0,0.0,1812360.0,0.0,0.0,0.0,1812360.0,0.0,1812360.0
2017-01-24,4500.0,4580.0,4420.0,4510.0,5770.0,-2.591792656587473,0.0,225000.0,25674410.0,0.0,0.0,530400.0,7369010.0,18000000.0,25899410.0
2017-01-25,4460.0,4500.0,4460.0,4470.0,2014.0,-0.8869179600886918,0.0,0.0,8990805.0,0.0,0.0,0.0,8990805.0,0.0,8990805.0
2017-01-26,4400.0,4455.0,4225.0,4455.0,4900.0,-0.33557046979865773,0.0,529420.0,20998440.0,0.0,0.0,5276200.0,16251660.0,0.0,21527860.0
2017-01-31,4455.0,4500.0,4360.0,4360.0,4243.0,-2.132435465768799,0.0,880000.0,17786615.0,0.0,0.0,6601490.0,12065125.0,0.0,18666615.0
2017-02-01,4380.0,4495.0,4380.0,4495.0,56.0,3.096330275229358,0.0,0.0,249740.0,0.0,0.0,0.0,249740.0,0.0,249740.0
2017-02-02,4595.0,4595.0,4475.0,4475.0,14.0,-0.44493882091212456,0.0,0.0,62825.0,0.0,0.0,0.0,62825.0,0.0,62825.0
2017-02-03,4460.0,4460.0,4450.0,4450.0,43.0,-0.5586592178770949,0.0,0.0,191570.0,0.0,0.0,0.0,191570.0,0.0,191570.0
2017-02-06,4450.0,4450.0,4450.0,4450.0,75.0,0.0,0.0,0.0,333750.0,0.0,0.0,0.0,333750.0,0.0,333750.0
2017-02-07,4430.0,4430.0,4300.0,4400.0,829.0,-1.1235955056179776,0.0,0.0,3590025.0,0.0,0.0,2580970.0,1009055.0,0.0,3590025.0
2017-02-08,4365.0,4485.0,4365.0,4485.0,367.0,1.9318181818181817,0.0,0.0,1602800.0,0.0,0.0,0.0,1602800.0,0.0,1602800.0
2017-02-09,4445.0,4530.0,4440.0,4530.0,244.0,1.0033444816053512,0.0,0.0,1085585.0,0.0,0.0,0.0,1085585.0,0.0,1085585.0
2017-02-10,4410.0,4550.0,4410.0,4425.0,118.0,-2.3178807947019866,0.0,0.0,521440.0,0.0,0.0,0.0,521440.0,0.0,521440.0
2017-02-13,4495.0,4495.0,4420.0,4485.0,316.0,1.3559322033898304,0.0,0.0,1416340.0,0.0,0.0,0.0,1416340.0,0.0,1416340.0
2017-02-14,4540.0,4540.0,4405.0,4525.0,252.0,0.8918617614269788,0.0,233620.0,892965.0,0.0,0.0,0.0,1126585.0,0.0,1126585.0
2017-02-15,4520.0,4520.0,4520.0,4520.0,0.0,-0.11049723756906078,0.0,0.0,0.0,0.0,0.0,0.0,0.0,0.0,0.0
2017-02-16,4595.0,4620.0,4590.0,4620.0,2002.0,2.2123893805309733,0.0,0.0,9217350.0,0.0,0.0,0.0,9217350.0,0.0,9217350.0
2017-02-17,4620.0,5080.0,4600.0,4600.0,2885.0,-0.4329004329004329,0.0,0.0,13824860.0,0.0,0.0,254690.0,13570170.0,0.0,13824860.0
2017-02-20,4620.0,4830.0,4600.0,4830.0,2047.0,5.0,0.0,0.0,9588305.0,0.0,0.0,0.0,9588305.0,0.0,9588305.0
2017-02-21,4850.0,4885.0,4620.0,4795.0,339.0,-0.7246376811594203,0.0,0.0,586305.0,1037900.0,0.0,0.0,1624205.0,0.0,1624205.0
2017-02-22,4655.0,4900.0,4645.0,4715.0,632.0,-1.6684045881126173,0.0,0.0,3026150.0,0.0,0.0,0.0,3026150.0,0.0,3026150.0
2017-02-23,4925.0,5000.0,4715.0,4715.0,149.0,0.0,0.0,0.0,722565.0,0.0,0.0,0.0,722565.0,0.0,722565.0
2017-02-24,4620.0,4950.0,4620.0,4950.0,27.0,4.984093319194061,0.0,0.0,127350.0,0.0,0.0,0.0,127350.0,0.0,127350.0
2017-02-27,4770.0,4930.0,4765.0,4920.0,33.0,-0.6060606060606061,0.0,0.0,159515.0,0.0,0.0,0.0,159515.0,0.0,159515.0
2017-02-28,4920.0,4990.0,4865.0,4865.0,29599.0,-1.1178861788617886,0.0,0.0,2949840.0,141634000.0,0.0,0.0,144583840.0,0.0,144583840.0
2017-03-02,4865.0,4980.0,4865.0,4925.0,916.0,1.2332990750256936,0.0,0.0,2511540.0,1965255.0,0.0,0.0,4476795.0,0.0,4476795.0
2017-03-03,4925.0,4960.0,4855.0,4960.0,3268.0,0.7106598984771574,0.0,0.0,11624185.0,4515280.0,0.0,0.0,16139465.0,0.0,16139465.0
2017-03-06,4960.0,4960.0,4870.0,4940.0,1238.0,-0.4032258064516129,0.0,0.0,222185.0,5880800.0,0.0,0.0,6102985.0,0.0,6102985.0
2017-03-07,4885.0,4910.0,4885.0,4890.0,1606.0,-1.0121457489878543,0.0,0.0,48850.0,7829380.0,0.0,0.0,7878230.0,0.0,7878230.0
2017-03-08,4860.0,4945.0,4840.0,4840.0,7248.0,-1.0224948875255624,0.0,0.0,18126105.0,17076000.0,0.0,33489140.0,1712965.0,0.0,35202105.0
2017-03-09,4845.0,4860.0,4820.0,4860.0,708.0,0.4132231404958678,0.0,0.0,3423850.0,0.0,0.0,0.0,3423850.0,0.0,3423850.0
2017-03-10,4750.0,4960.0,4750.0,4830.0,107.0,-0.6172839506172839,0.0,0.0,224825.0,285640.0,0.0,0.0,510465.0,0.0,510465.0
2017-03-13,4830.0,4865.0,4700.0,4865.0,108.0,0.7246376811594203,0.0,0.0,521905.0,0.0,0.0,0.0,521905.0,0.0,521905.0
2017-03-14,4515.0,4910.0,4515.0,4910.0,1396.0,0.9249743062692704,0.0,0.0,1883005.0,4860000.0,0.0,0.0,6743005.0,0.0,6743005.0
2017-03-15,4710.0,4940.0,4710.0,4940.0,270.0,0.6109979633401221,0.0,0.0,550705.0,755105.0,0.0,0.0,1305810.0,0.0,1305810.0
2017-03-16,4940.0,4940.0,4860.0,4935.0,2563.0,-0.10121457489878542,0.0,0.0,586630.0,12039840.0,0.0,0.0,12626470.0,0.0,12626470.0
2017-03-17,4720.0,4930.0,4720.0,4835.0,360.0,-2.026342451874367,0.0,0.0,1732345.0,0.0,0.0,0.0,1732345.0,0.0,1732345.0
2017-03-20,4940.0,5000.0,4900.0,4995.0,6298.0,3.3092037228541886,0.0,0.0,1849180.0,29264660.0,0.0,0.0,31113840.0,0.0,31113840.0
2017-03-21,4900.0,4935.0,4885.0,4935.0,660.0,-1.2012012012012012,0.0,0.0,3233870.0,0.0,0.0,0.0,3233870.0,0.0,3233870.0
2017-03-22,4935.0,4935.0,4935.0,4935.0,105.0,0.0,0.0,0.0,518175.0,0.0,0.0,0.0,518175.0,0.0,518175.0
2017-03-23,4995.0,5060.0,4890.0,4965.0,2951.0,0.60790273556231,0.0,0.0,14754360.0,0.0,0.0,649350.0,14105010.0,0.0,14754360.0
2017-03-24,4815.0,5040.0,4810.0,5030.0,16502.0,1.3091641490433032,0.0,0.0,7514500.0,74923200.0,0.0,0.0,82437700.0,0.0,82437700.0
2017-03-27,5070.0,5070.0,4980.0,5050.0,30341.0,0.3976143141153081,0.0,0.0,27282950.0,125692430.0,0.0,0.0,152975380.0,0.0,152975380.0
2017-03-28,5040.0,5240.0,5040.0,5090.0,41656.0,0.7920792079207921,0.0,0.0,6183950.0,204704220.0,1008000.0,0.0,209880170.0,0.0,210888170.0
2017-03-29,5090.0,5230.0,5090.0,5230.0,161.0,2.75049115913556,0.0,0.0,835030.0,0.0,0.0,0.0,835030.0,0.0,835030.0
2017-03-30,5240.0,5290.0,5200.0,5260.0,1476.0,0.5736137667304015,0.0,0.0,3544870.0,4200000.0,0.0,0.0,7729090.0,15780.0,7744870.0
2017-03-31,5290.0,5480.0,5230.0,5400.0,4981.0,2.6615969581749046,0.0,0.0,23841360.0,2581100.0,0.0,0.0,16809230.0,9613230.0,26422460.0
2017-04-03,5410.0,5980.0,5410.0,5700.0,9089.0,5.555555555555555,0.0,0.0,43945310.0,6693360.0,4324500.0,0.0,32321980.0,13992190.0,50638670.0
2017-04-04,5700.0,5700.0,5330.0,5430.0,25895.0,-4.736842105263158,0.0,0.0,21306600.0,122882460.0,6038000.0,0.0,130889610.0,7261450.0,144189060.0
2017-04-05,5490.0,5600.0,5400.0,5500.0,21567.0,1.289134438305709,0.0,0.0,7183030.0,113149120.0,1556500.0,0.0,117393650.0,1382000.0,120332150.0
2017-04-06,5530.0,5530.0,5490.0,5520.0,2341.0,0.36363636363636365,0.0,0.0,9873650.0,3028350.0,0.0,0.0,11389520.0,1512480.0,12902000.0
2017-04-07,5520.0,5600.0,5520.0,5570.0,1741.0,0.9057971014492754,0.0,0.0,729510.0,9007000.0,0.0,0.0,8121000.0,1615510.0,9736510.0
2017-04-10,5500.0,5500.0,5400.0,5400.0,2007.0,-3.052064631956912,0.0,0.0,4680720.0,6311700.0,0.0,0.0,3941420.0,7051000.0,10992420.0
2017-04-11,5310.0,5630.0,5310.0,5560.0,144.0,2.9629629629629632,0.0,0.0,797960.0,0.0,0.0,0.0,797960.0,0.0,797960.0
2017-04-12,5570.0,5600.0,5530.0,5580.0,3466.0,0.3597122302158274,0.0,0.0,2596640.0,16772440.0,0.0,0.0,16020080.0,3349000.0,19369080.0
2017-04-13,5410.0,5580.0,5410.0,5580.0,863.0,0.0,0.0,0.0,555490.0,4242500.0,0.0,0.0,860510.0,3937480.0,4797990.0
2017-04-14,5600.0,5670.0,5540.0,5580.0,14333.0,0.0,0.0,0.0,70464360.0,9795000.0,0.0,0.0,80225780.0,33580.0,80259360.0
2017-04-17,5580.0,5740.0,5540.0,5540.0,981.0,-0.7168458781362007,0.0,0.0,5509540.0,0.0,0.0,0.0,5509540.0,0.0,5509540.0
2017-04-18,5540.0,5570.0,5540.0,5570.0,16.0,0.5415162454873645,0.0,0.0,88850.0,0.0,0.0,0.0,88850.0,0.0,88850.0
2017-04-19,5550.0,5900.0,5550.0,5900.0,6239.0,5.9245960502693,0.0,0.0,10512780.0,24859610.0,0.0,0.0,35372390.0,0.0,35372390.0
2017-04-20,5760.0,5990.0,5760.0,5990.0,139.0,1.5254237288135595,0.0,0.0,807520.0,0.0,0.0,0.0,807520.0,0.0,807520.0
2017-04-21,5980.0,5980.0,5980.0,5980.0,464720.0,-0.1669449081803005,0.0,2915992500.0,119600.0,0.0,0.0,0.0,2916112100.0,0.0,2916112100.0
2017-04-24,6000.0,6000.0,5840.0,5840.0,6217.0,-2.341137123745819,0.0,0.0,2793240.0,33631690.0,0.0,0.0,36424930.0,0.0,36424930.0
2017-04-25,5870.0,6070.0,5870.0,6070.0,414.0,3.9383561643835616,0.0,0.0,939150.0,1556730.0,0.0,0.0,2495880.0,0.0,2495880.0
2017-04-26,6070.0,6080.0,6070.0,6080.0,2.0,0.16474464579901155,0.0,0.0,12150.0,0.0,0.0,0.0,12150.0,0.0,12150.0
2017-04-27,6080.0,6080.0,5880.0,5880.0,25.0,-3.289473684210526,0.0,0.0,147960.0,0.0,0.0,0.0,147960.0,0.0,147960.0
2017-04-28,6180.0,6180.0,5820.0,6040.0,113.0,2.7210884353741496,0.0,0.0,669770.0,0.0,0.0,0.0,669770.0,0.0,669770.0
2017-05-02,6040.0,6200.0,6040.0,6120.0,9081.0,1.3245033112582782,0.0,0.0,37511240.0,17576400.0,0.0,0.0,55087640.0,0.0,55087640.0
2017-05-04,6200.0,6200.0,6000.0,6100.0,2121.0,-0.32679738562091504,0.0,0.0,186900.0,12635700.0,0.0,0.0,12822600.0,0.0,12822600.0
2017-05-08,5990.0,6090.0,5990.0,6070.0,91.0,-0.49180327868852464,0.0,0.0,552800.0,0.0,0.0,0.0,552800.0,0.0,552800.0
2017-05-10,6070.0,6070.0,5710.0,5890.0,5188.0,-2.9654036243822075,0.0,0.0,1109610.0,30320000.0,0.0,0.0,31429610.0,0.0,31429610.0
2017-05-11,5850.0,6000.0,5850.0,5980.0,163.0,1.5280135823429541,0.0,0.0,973780.0,0.0,0.0,0.0,973780.0,0.0,973780.0
2017-05-12,5980.0,6100.0,5900.0,5980.0,397.0,0.0,0.0,0.0,2350300.0,0.0,0.0,0.0,2350300.0,0.0,2350300.0
2017-05-15,5880.0,5880.0,5880.0,5880.0,2.0,-1.6722408026755853,0.0,0.0,11760.0,0.0,0.0,0.0,11760.0,0.0,11760.0
2017-05-16,6020.0,6020.0,5860.0,5860.0,21.0,-0.3401360544217687,0.0,0.0,123330.0,0.0,0.0,0.0,123330.0,0.0,123330.0
2017-05-17,6090.0,6090.0,5900.0,5900.0,19.0,0.6825938566552902,0.0,0.0,114300.0,0.0,0.0,0.0,114300.0,0.0,114300.0
2017-05-18,5750.0,5800.0,5680.0,5760.0,529.0,-2.3728813559322033,0.0,0.0,3028960.0,0.0,0.0,0.0,2045640.0,983320.0,3028960.0
2017-05-19,5950.0,5950.0,5360.0,5530.0,2428.0,-3.9930555555555554,0.0,0.0,13487710.0,0.0,0.0,0.0,9117940.0,4369770.0,13487710.0
2017-05-22,5530.0,5910.0,5450.0,5500.0,4448.0,-0.5424954792043399,0.0,0.0,24618540.0,0.0,0.0,0.0,23856520.0,762020.0,24618540.0
2017-05-23,5300.0,5500.0,5300.0,5400.0,1190.0,-1.8181818181818181,0.0,0.0,6448150.0,0.0,0.0,0.0,6448150.0,0.0,6448150.0
2017-05-24,5390.0,5780.0,5310.0,5420.0,18146.0,0.3703703703703704,5489010.0,0.0,93757730.0,0.0,0.0,0.0,55618020.0,43628720.0,99246740.0
2017-05-25,5520.0,5520.0,5300.0,5440.0,1385.0,0.36900369003690037,0.0,0.0,7468810.0,0.0,0.0,0.0,7468810.0,0.0,7468810.0
2017-05-26,5360.0,5500.0,5360.0,5500.0,2219.0,1.1029411764705883,0.0,0.0,12122790.0,0.0,0.0,0.0,12122790.0,0.0,12122790.0
2017-05-29,5550.0,5700.0,5520.0,5580.0,9919.0,1.4545454545454546,0.0,0.0,10175340.0,45518900.0,0.0,0.0,13860790.0,41833450.0,55694240.0
2017-05-30,5580.0,5850.0,5570.0,5690.0,1557.0,1.971326164874552,0.0,0.0,8759030.0,0.0,0.0,0.0,8759030.0,0.0,8759030.0
2017-05-31,5720.0,5790.0,5700.0,5760.0,2387.0,1.2302284710017575,0.0,0.0,6218110.0,7468820.0,0.0,0.0,13686930.0,0.0,13686930.0
2017-06-01,5590.0,5760.0,5590.0,5740.0,1292.0,-0.3472222222222222,0.0,0.0,7295280.0,0.0,0.0,0.0,7295280.0,0.0,7295280.0
2017-06-02,5830.0,5830.0,5620.0,5780.0,2047.0,0.6968641114982579,0.0,0.0,3112440.0,8745000.0,0.0,0.0,11857440.0,0.0,11857440.0
2017-06-05,5780.0,5830.0,5780.0,5830.0,281.0,0.8650519031141869,0.0,0.0,1626720.0,0.0,0.0,0.0,1626720.0,0.0,1626720.0
2017-06-07,5800.0,5900.0,5770.0,5800.0,3534.0,-0.5145797598627788,0.0,0.0,1939810.0,18560000.0,0.0,0.0,20499810.0,0.0,20499810.0
2017-06-08,5830.0,5900.0,5560.0,5640.0,473.0,-2.7586206896551726,0.0,0.0,2698350.0,0.0,0.0,0.0,2190200.0,508150.0,2698350.0
2017-06-09,5600.0,5680.0,5550.0,5680.0,1664.0,0.7092198581560284,0.0,0.0,9267460.0,0.0,0.0,0.0,1427460.0,7840000.0,9267460.0
2017-06-12,5610.0,5700.0,5610.0,5700.0,233.0,0.35211267605633806,0.0,0.0,1326560.0,0.0,0.0,0.0,688160.0,638400.0,1326560.0
2017-06-13,5620.0,5890.0,5620.0,5780.0,281.0,1.4035087719298245,0.0,0.0,1620300.0,0.0,0.0,0.0,1354450.0,265850.0,1620300.0
2017-06-14,5630.0,5860.0,5630.0,5790.0,3257.0,0.17301038062283738,0.0,0.0,18779160.0,0.0,0.0,0.0,8853540.0,9925620.0,18779160.0
2017-06-15,5880.0,5880.0,5700.0,5700.0,1474.0,-1.5544041450777202,0.0,0.0,8507930.0,0.0,1166000.0,0.0,6485770.0,856160.0,8507930.0
2017-06-16,5700.0,5790.0,5680.0,5710.0,539.0,0.17543859649122806,0.0,1332150.0,1751040.0,0.0,0.0,0.0,1085760.0,1997430.0,3083190.0
2017-06-19,5700.0,5790.0,5600.0,5630.0,1764.0,-1.4010507880910683,0.0,0.0,9924750.0,0.0,0.0,1313060.0,5563850.0,3047840.0,9924750.0
2017-06-20,5610.0,5900.0,5610.0,5660.0,954.0,0.5328596802841918,0.0,998360.0,4409560.0,0.0,0.0,0.0,5189790.0,218130.0,5407920.0
2017-06-21,5700.0,6100.0,4520.0,5520.0,9243.0,-2.4734982332155475,0.0,0.0,52736350.0,0.0,0.0,0.0,44714340.0,8022010.0,52736350.0
2017-06-22,5700.0,5700.0,5370.0,5460.0,4085.0,-1.0869565217391304,0.0,0.0,22486310.0,0.0,0.0,0.0,18486230.0,4000080.0,22486310.0
2017-06-23,5600.0,5600.0,5480.0,5510.0,175.0,0.9157509157509158,0.0,0.0,963840.0,0.0,0.0,0.0,963840.0,0.0,963840.0
2017-06-26,5540.0,6000.0,5360.0,5400.0,2207.0,-1.9963702359346642,0.0,0.0,12122330.0,0.0,0.0,0.0,9235010.0,2887320.0,12122330.0
2017-06-27,5580.0,5580.0,5400.0,5480.0,950.0,1.4814814814814816,0.0,970560.0,4192190.0,0.0,0.0,0.0,4264250.0,898500.0,5162750.0
2017-06-28,5480.0,5520.0,5430.0,5430.0,584.0,-0.9124087591240875,0.0,0.0,3196600.0,0.0,0.0,0.0,1382540.0,1814060.0,3196600.0
2017-06-29,6080.0,6080.0,5430.0,5460.0,1640.0,0.5524861878453038,0.0,0.0,9041070.0,0.0,0.0,0.0,4284440.0,4756630.0,9041070.0
2017-06-30,6010.0,6010.0,5570.0,5580.0,7335.0,2.197802197802198,0.0,0.0,41246560.0,0.0,1680000.0,0.0,25523770.0,14042790.0,41246560.0
2017-07-03,5510.0,5740.0,5500.0,5690.0,3108.0,1.971326164874552,0.0,0.0,17669480.0,0.0,0.0,0.0,10820930.0,6848550.0,17669480.0
2017-07-04,5610.0,5990.0,5600.0,5670.0,3234.0,-0.35149384885764495,0.0,1043830.0,17392500.0,0.0,0.0,0.0,10524750.0,7911580.0,18436330.0
2017-07-05,5690.0,5930.0,5670.0,5750.0,1973.0,1.4109347442680775,0.0,0.0,11255230.0,0.0,0.0,17160.0,11238070.0,0.0,11255230.0
2017-07-06,5750.0,5960.0,5650.0,5730.0,3466.0,-0.34782608695652173,0.0,0.0,11412480.0,8379000.0,0.0,0.0,4566540.0,15224940.0,19791480.0
2017-07-07,5690.0,5890.0,5690.0,5740.0,92.0,0.17452006980802792,0.0,0.0,527370.0,0.0,0.0,0.0,338460.0,188910.0,527370.0
2017-07-10,5770.0,5960.0,5730.0,5730.0,142.0,-0.17421602787456447,0.0,0.0,824260.0,0.0,0.0,0.0,732440.0,91820.0,824260.0
2017-07-11,5730.0,5750.0,5700.0,5750.0,169.0,0.34904013961605584,0.0,0.0,966550.0,0.0,0.0,0.0,800630.0,165920.0,966550.0
2017-07-12,5750.0,5750.0,5590.0,5600.0,33934.0,-2.608695652173913,0.0,0.0,50357500.0,141000000.0,0.0,0.0,178544050.0,12813450.0,191357500.0
2017-07-13,5970.0,6000.0,5570.0,5600.0,63208.0,0.0,0.0,0.0,354278380.0,0.0,0.0,0.0,348301740.0,5976640.0,354278380.0
2017-07-14,5620.0,5700.0,5550.0,5630.0,2835.0,0.5357142857142857,0.0,0.0,14445620.0,1492950.0,0.0,0.0,14852120.0,1086450.0,15938570.0
2017-07-17,5630.0,5680.0,5620.0,5640.0,225.0,0.17761989342806395,0.0,0.0,1270200.0,0.0,0.0,0.0,1072440.0,197760.0,1270200.0
2017-07-18,5640.0,5680.0,5550.0,5620.0,41520.0,-0.3546099290780142,0.0,0.0,230135980.0,1570650.0,0.0,0.0,231593630.0,113000.0,231706630.0
2017-07-19,5620.0,5650.0,5560.0,5630.0,36020.0,0.1779359430604982,0.0,0.0,200656810.0,0.0,0.0,0.0,151788920.0,48867890.0,200656810.0
2017-07-20,5630.0,5630.0,5570.0,5630.0,50411.0,0.0,0.0,0.0,281449810.0,844090.0,0.0,0.0,282293900.0,0.0,282293900.0
2017-07-21,5650.0,5860.0,5590.0,5860.0,1923.0,4.085257548845471,0.0,0.0,8282770.0,2554630.0,0.0,0.0,10837400.0,0.0,10837400.0
2017-07-24,5860.0,5860.0,5770.0,5770.0,869.0,-1.5358361774744027,0.0,0.0,5040700.0,0.0,0.0,0.0,5040700.0,0.0,5040700.0
2017-07-25,5740.0,5740.0,5690.0,5690.0,233.0,-1.386481802426343,0.0,0.0,1335550.0,0.0,0.0,28500.0,1307050.0,0.0,1335550.0
2017-07-26,5690.0,5720.0,5630.0,5720.0,252.0,0.5272407732864675,0.0,0.0,1424610.0,0.0,0.0,0.0,1424610.0,0.0,1424610.0
2017-07-27,5640.0,5890.0,5640.0,5770.0,348.0,0.8741258741258742,0.0,0.0,1980970.0,11380.0,0.0,0.0,1992350.0,0.0,1992350.0
2017-07-28,5770.0,5780.0,5700.0,5700.0,539.0,-1.2131715771230502,0.0,0.0,1944430.0,1134300.0,0.0,0.0,3078730.0,0.0,3078730.0
2017-07-31,5700.0,5750.0,5680.0,5750.0,5762.0,0.8771929824561403,0.0,0.0,2194510.0,30567510.0,0.0,0.0,32762020.0,0.0,32762020.0
2017-08-01,5920.0,5920.0,5720.0,5760.0,386.0,0.17391304347826086,0.0,0.0,2251360.0,0.0,0.0,326340.0,1925020.0,0.0,2251360.0
2017-08-02,5630.0,5860.0,5630.0,5750.0,5896.0,-0.1736111111111111,0.0,0.0,8255200.0,25264640.0,0.0,485840.0,33034000.0,0.0,33519840.0
2017-08-03,5750.0,5780.0,5660.0,5740.0,1236.0,-0.17391304347826086,0.0,0.0,7095840.0,0.0,0.0,0.0,7095840.0,0.0,7095840.0
2017-08-04,5780.0,5850.0,5710.0,5790.0,343.0,0.8710801393728222,0.0,0.0,1999950.0,0.0,0.0,0.0,1999950.0,0.0,1999950.0
2017-08-07,5780.0,5880.0,5700.0,5880.0,1224.0,1.5544041450777202,0.0,0.0,7152080.0,0.0,0.0,0.0,7152080.0,0.0,7152080.0
2017-08-08,5680.0,5900.0,5680.0,5840.0,507.0,-0.6802721088435374,0.0,0.0,2929430.0,0.0,0.0,662000.0,2267430.0,0.0,2929430.0
2017-08-09,5830.0,5840.0,5720.0,5800.0,841.0,-0.684931506849315,0.0,0.0,4873920.0,0.0,0.0,0.0,4873920.0,0.0,4873920.0
2017-08-10,5850.0,5850.0,5730.0,5800.0,292.0,0.0,0.0,0.0,1687450.0,0.0,0.0,0.0,1687450.0,0.0,1687450.0
2017-08-11,5680.0,5940.0,5680.0,5900.0,934.0,1.7241379310344827,0.0,0.0,5382360.0,0.0,0.0,0.0,5382360.0,0.0,5382360.0
2017-08-14,5900.0,5900.0,5710.0,5740.0,1281.0,-2.711864406779661,0.0,0.0,7377480.0,0.0,0.0,57400.0,7320080.0,0.0,7377480.0
2017-08-16,5750.0,5750.0,5600.0,5600.0,5645.0,-2.4390243902439024,0.0,0.0,7076400.0,24902640.0,0.0,0.0,31979040.0,0.0,31979040.0
2017-08-17,5630.0,5800.0,5600.0,5620.0,909.0,0.35714285714285715,0.0,293800.0,4841630.0,0.0,2056920.0,0.0,3078510.0,0.0,5135430.0
2017-08-18,5780.0,5780.0,5490.0,5560.0,1724.0,-1.0676156583629894,0.0,0.0,9701940.0,0.0,1815980.0,0.0,7885960.0,0.0,9701940.0
2017-08-21,5600.0,5780.0,5470.0,5650.0,480.0,1.618705035971223,0.0,0.0,2649000.0,0.0,0.0,0.0,2649000.0,0.0,2649000.0
2017-08-22,5650.0,5750.0,5580.0,5600.0,504.0,-0.8849557522123894,0.0,1526070.0,1292640.0,0.0,0.0,955890.0,1862820.0,0.0,2818710.0
2017-08-23,5750.0,5750.0,5610.0,5700.0,471.0,1.7857142857142856,0.0,0.0,2672400.0,0.0,0.0,0.0,2672400.0,0.0,2672400.0
2017-08-24,5800.0,5800.0,5680.0,5680.0,156.0,-0.3508771929824561,0.0,0.0,888150.0,0.0,0.0,0.0,888150.0,0.0,888150.0
2017-08-25,5790.0,5790.0,5580.0,5730.0,3542.0,0.8802816901408451,0.0,0.0,238920.0,20088610.0,0.0,0.0,20327530.0,0.0,20327530.0
2017-08-28,5780.0,5790.0,5630.0,5750.0,529.0,0.34904013961605584,0.0,0.0,1829180.0,1207500.0,0.0,0.0,3036680.0,0.0,3036680.0
2017-08-29,5660.0,5750.0,5660.0,5730.0,3233.0,-0.34782608695652173,0.0,0.0,20219380.0,0.0,0.0,0.0,20219380.0,0.0,20219380.0
2017-08-30,6200.0,7440.0,5690.0,5700.0,1575356.0,-0.5235602094240838,1763540.0,247154960.0,10508591590.0,557540.0,35416470.0,246163390.0,10300070530.0,176417240.0,10758067630.0
2017-08-31,5690.0,5730.0,5490.0,5550.0,151410.0,-2.631578947368421,0.0,0.0,777064040.0,66921780.0,0.0,5540.0,843980280.0,0.0,843985820.0
2017-09-01,5510.0,5600.0,5320.0,5330.0,74447.0,-3.963963963963964,1082000.0,0.0,290178740.0,112190130.0,0.0,0.0,403450870.0,0.0,403450870.0
2017-09-04,5120.0,5350.0,5070.0,5240.0,27584.0,-1.6885553470919326,0.0,0.0,91796080.0,52500000.0,0.0,0.0,144296080.0,0.0,144296080.0
2017-09-05,5310.0,5350.0,5110.0,5210.0,18042.0,-0.5725190839694656,0.0,659150.0,93170840.0,0.0,0.0,193710.0,93636280.0,0.0,93829990.0
2017-09-06,5210.0,5400.0,5130.0,5230.0,7210.0,0.3838771593090211,1562970.0,0.0,35776580.0,0.0,0.0,0.0,37339550.0,0.0,37339550.0
2017-09-07,5170.0,5320.0,5110.0,5200.0,8254.0,-0.5736137667304015,0.0,0.0,42786720.0,0.0,0.0,802340.0,41984380.0,0.0,42786720.0
2017-09-08,5210.0,5350.0,5110.0,5160.0,8713.0,-0.7692307692307693,0.0,0.0,44757330.0,0.0,0.0,877200.0,43880130.0,0.0,44757330.0
2017-09-11,5160.0,5190.0,4970.0,4980.0,23432.0,-3.488372093023256,0.0,0.0,117300260.0,0.0,0.0,0.0,54266885.0,63033375.0,117300260.0
2017-09-12,4985.0,5090.0,4975.0,5020.0,11521.0,0.8032128514056224,0.0,0.0,41334580.0,16204345.0,0.0,0.0,57538925.0,0.0,57538925.0
2017-09-13,5050.0,5050.0,4935.0,5030.0,12924.0,0.199203187250996,0.0,0.0,46104700.0,18116420.0,0.0,0.0,64221120.0,0.0,64221120.0
2017-09-14,5060.0,5070.0,4975.0,5020.0,3542.0,-0.19880715705765406,0.0,0.0,13466300.0,4250980.0,0.0,0.0,17717280.0,0.0,17717280.0
2017-09-15,5070.0,5070.0,4990.0,5020.0,5940.0,0.0,0.0,0.0,21779205.0,7940000.0,0.0,0.0,29719205.0,0.0,29719205.0
2017-09-18,5060.0,5060.0,4975.0,5060.0,8665.0,0.796812749003984,0.0,0.0,33939475.0,9422330.0,0.0,0.0,43361805.0,0.0,43361805.0
2017-09-19,5120.0,5130.0,5000.0,5060.0,2547.0,0.0,0.0,0.0,12796560.0,20000.0,0.0,0.0,12816560.0,0.0,12816560.0
2017-09-20,5150.0,5160.0,5060.0,5060.0,4945.0,0.0,0.0,0.0,18925810.0,6208620.0,0.0,0.0,25134430.0,0.0,25134430.0
2017-09-21,5100.0,5110.0,5060.0,5090.0,2225.0,0.592885375494071,0.0,0.0,10726620.0,576840.0,0.0,0.0,11303460.0,0.0,11303460.0
2017-09-22,5110.0,5110.0,4980.0,5070.0,4445.0,-0.3929273084479371,0.0,0.0,9930970.0,12457940.0,0.0,0.0,22388910.0,0.0,22388910.0
2017-09-25,5040.0,5130.0,5020.0,5130.0,6428.0,1.183431952662722,0.0,0.0,8720900.0,23599020.0,0.0,0.0,32319920.0,0.0,32319920.0
2017-09-26,5020.0,5150.0,5020.0,5080.0,1427.0,-0.9746588693957114,0.0,0.0,4553150.0,2640520.0,0.0,0.0,7193670.0,0.0,7193670.0
2017-09-27,5090.0,5090.0,5030.0,5080.0,755.0,0.0,0.0,0.0,3826780.0,0.0,0.0,0.0,3826780.0,0.0,3826780.0
2017-09-28,5110.0,5140.0,5030.0,5090.0,511.0,0.19685039370078738,0.0,0.0,2593960.0,0.0,0.0,0.0,2593960.0,0.0,2593960.0
2017-09-29,5110.0,5200.0,5080.0,5180.0,919.0,1.768172888015717,0.0,0.0,4718700.0,0.0,0.0,0.0,4718700.0,0.0,4718700.0
2017-10-10,5250.0,5350.0,5250.0,5280.0,7132.0,1.9305019305019304,0.0,0.0,12415570.0,25142250.0,0.0,0.0,37557820.0,0.0,37557820.0
2017-10-11,5300.0,5340.0,5160.0,5300.0,1153.0,0.3787878787878788,0.0,0.0,325980.0,5778660.0,0.0,0.0,6104640.0,0.0,6104640.0
2017-10-12,5300.0,5330.0,5300.0,5300.0,1584.0,0.0,0.0,0.0,2911510.0,5490800.0,0.0,0.0,8402310.0,0.0,8402310.0
2017-10-13,5300.0,5320.0,5300.0,5300.0,1488.0,0.0,0.0,0.0,52470.0,7833400.0,0.0,0.0,7885870.0,0.0,7885870.0
2017-10-16,5100.0,5310.0,5100.0,5310.0,4626.0,0.18867924528301888,0.0,0.0,6484280.0,17888100.0,0.0,0.0,24372380.0,0.0,24372380.0
2017-10-17,5180.0,5440.0,5180.0,5310.0,986.0,0.0,0.0,0.0,1749700.0,3478830.0,0.0,0.0,5228530.0,0.0,5228530.0
2017-10-18,5300.0,5310.0,5300.0,5310.0,550.0,0.0,0.0,0.0,53100.0,2862000.0,0.0,0.0,2915100.0,0.0,2915100.0
2017-10-19,5300.0,5310.0,5250.0,5310.0,5767.0,0.0,0.0,0.0,1688580.0,28874150.0,0.0,0.0,30562730.0,0.0,30562730.0
2017-10-20,5310.0,5370.0,5300.0,5310.0,1364.0,0.0,0.0,0.0,372480.0,6858200.0,0.0,0.0,7230680.0,0.0,7230680.0
2017-10-23,5200.0,5310.0,5200.0,5300.0,4652.0,-0.18832391713747645,0.0,0.0,5884410.0,18533960.0,0.0,0.0,24418370.0,0.0,24418370.0
2017-10-24,5310.0,5370.0,5260.0,5260.0,2539.0,-0.7547169811320755,0.0,0.0,206700.0,13249720.0,0.0,0.0,13456420.0,0.0,13456420.0
2017-10-25,5430.0,5430.0,5300.0,5300.0,3339.0,0.7604562737642585,0.0,0.0,9865060.0,7950000.0,0.0,0.0,17815060.0,0.0,17815060.0
2017-10-26,5300.0,5420.0,5290.0,5290.0,7898.0,-0.18867924528301888,0.0,0.0,5907780.0,35965800.0,0.0,0.0,41873580.0,0.0,41873580.0
2017-10-27,5320.0,5360.0,5200.0,5240.0,2912.0,-0.945179584120983,0.0,0.0,15257700.0,0.0,0.0,0.0,15257700.0,0.0,15257700.0
2017-10-30,5440.0,5440.0,5240.0,5330.0,1817.0,1.717557251908397,0.0,0.0,9693820.0,0.0,0.0,0.0,9693820.0,0.0,9693820.0
2017-10-31,5230.0,5350.0,5220.0,5310.0,650.0,-0.37523452157598497,0.0,0.0,3410310.0,0.0,0.0,0.0,3410310.0,0.0,3410310.0
2017-11-01,5210.0,5380.0,5210.0,5350.0,229.0,0.7532956685499058,0.0,0.0,1217450.0,0.0,0.0,0.0,1217450.0,0.0,1217450.0
2017-11-02,5400.0,5420.0,5330.0,5380.0,3038.0,0.5607476635514018,0.0,0.0,204960.0,16200000.0,0.0,0.0,16404960.0,0.0,16404960.0
2017-11-03,5400.0,5600.0,5300.0,5420.0,8509.0,0.7434944237918215,0.0,0.0,19419100.0,27000000.0,0.0,0.0,46419100.0,0.0,46419100.0
2017-11-06,5430.0,5470.0,5430.0,5440.0,1873.0,0.36900369003690037,0.0,0.0,1240350.0,8932350.0,0.0,0.0,10172700.0,0.0,10172700.0
2017-11-07,5460.0,5490.0,5350.0,5460.0,3557.0,0.3676470588235294,0.0,0.0,3010110.0,16350000.0,0.0,0.0,19360110.0,0.0,19360110.0
2017-11-08,5490.0,5510.0,5440.0,5440.0,896.0,-0.3663003663003663,0.0,0.0,4888080.0,0.0,0.0,544200.0,4343880.0,0.0,4888080.0
2017-11-09,5440.0,5520.0,5440.0,5500.0,3803.0,1.1029411764705883,0.0,0.0,19310530.0,1441600.0,0.0,6537380.0,14214750.0,0.0,20752130.0
2017-11-10,5500.0,5500.0,5360.0,5480.0,674.0,-0.36363636363636365,0.0,0.0,3660900.0,0.0,0.0,0.0,3660900.0,0.0,3660900.0
2017-11-13,5370.0,5510.0,5350.0,5480.0,1841.0,0.0,0.0,0.0,9973310.0,0.0,0.0,0.0,9973310.0,0.0,9973310.0
2017-11-14,5350.0,5490.0,5350.0,5350.0,599.0,-2.3722627737226274,0.0,0.0,3223860.0,0.0,541000.0,0.0,2682860.0,0.0,3223860.0
2017-11-15,5400.0,5400.0,5310.0,5310.0,105.0,-0.7476635514018692,0.0,0.0,558790.0,0.0,0.0,0.0,558790.0,0.0,558790.0
2017-11-16,5300.0,5390.0,5250.0,5350.0,1137.0,0.7532956685499058,0.0,0.0,6080610.0,0.0,0.0,0.0,6080610.0,0.0,6080610.0
2017-11-17,5400.0,5450.0,5280.0,5440.0,163.0,1.6822429906542056,0.0,0.0,884340.0,0.0,0.0,0.0,884340.0,0.0,884340.0
2017-11-20,5440.0,5590.0,5440.0,5500.0,2516.0,1.1029411764705883,0.0,0.0,13856790.0,0.0,4950000.0,0.0,8906790.0,0.0,13856790.0
2017-11-21,5580.0,5580.0,5420.0,5430.0,711.0,-1.2727272727272727,0.0,0.0,3878310.0,0.0,0.0,958700.0,2919610.0,0.0,3878310.0
2017-11-22,5430.0,5430.0,5350.0,5350.0,302.0,-1.4732965009208103,0.0,0.0,1622330.0,0.0,0.0,102510.0,1519820.0,0.0,1622330.0
2017-11-23,5280.0,5470.0,5280.0,5440.0,624.0,1.6822429906542056,0.0,0.0,3311410.0,0.0,0.0,0.0,3311410.0,0.0,3311410.0
2017-11-24,5490.0,5540.0,5250.0,5440.0,209.0,0.0,0.0,0.0,1144440.0,0.0,0.0,0.0,1144440.0,0.0,1144440.0
2017-11-27,5310.0,5490.0,5310.0,5450.0,1011.0,0.1838235294117647,0.0,0.0,5496880.0,0.0,0.0,0.0,5496880.0,0.0,5496880.0
2017-11-28,5320.0,5470.0,5320.0,5450.0,425.0,0.0,0.0,0.0,2301120.0,0.0,0.0,543050.0,1758070.0,0.0,2301120.0
2017-11-29,5400.0,5470.0,5330.0,5450.0,629.0,0.0,0.0,0.0,3419210.0,0.0,0.0,0.0,3419210.0,0.0,3419210.0
2017-11-30,4950.0,5410.0,4950.0,5370.0,2605.0,-1.4678899082568808,0.0,0.0,13576890.0,0.0,0.0,0.0,13576890.0,0.0,13576890.0
2017-12-01,5440.0,5440.0,5310.0,5410.0,332.0,0.74487895716946,0.0,0.0,1784880.0,0.0,0.0,0.0,1784880.0,0.0,1784880.0
2017-12-04,5360.0,5440.0,5300.0,5330.0,554.0,-1.478743068391867,0.0,0.0,2955110.0,0.0,0.0,0.0,2955110.0,0.0,2955110.0
2017-12-05,5330.0,5330.0,5300.0,5300.0,1069.0,-0.5628517823639775,0.0,5151600.0,515330.0,0.0,0.0,0.0,5666930.0,0.0,5666930.0
2017-12-06,5270.0,5550.0,5230.0,5340.0,1534.0,0.7547169811320755,0.0,0.0,6689480.0,1479180.0,0.0,0.0,8168660.0,0.0,8168660.0
2017-12-07,5390.0,5490.0,5290.0,5290.0,3134.0,-0.9363295880149813,0.0,0.0,2186290.0,14840810.0,0.0,0.0,17027100.0,0.0,17027100.0
2017-12-08,5250.0,5350.0,5240.0,5240.0,1084.0,-0.945179584120983,0.0,0.0,5698620.0,0.0,0.0,0.0,5698620.0,0.0,5698620.0
2017-12-11,5210.0,5340.0,5210.0,5300.0,169.0,1.1450381679389312,0.0,0.0,885240.0,0.0,0.0,0.0,885240.0,0.0,885240.0
2017-12-12,5340.0,5340.0,5240.0,5270.0,559.0,-0.5660377358490566,0.0,0.0,2972290.0,0.0,0.0,0.0,2972290.0,0.0,2972290.0
2017-12-13,5270.0,5300.0,5230.0,5300.0,219.0,0.5692599620493358,0.0,0.0,1153260.0,0.0,0.0,0.0,1153260.0,0.0,1153260.0
2017-12-14,5300.0,5330.0,5210.0,5240.0,1563.0,-1.1320754716981132,0.0,0.0,8211910.0,0.0,0.0,0.0,8211910.0,0.0,8211910.0
2017-12-15,5290.0,5330.0,5170.0,5240.0,131.0,0.0,0.0,0.0,689890.0,0.0,0.0,0.0,302130.0,387760.0,689890.0
2017-12-18,5290.0,5290.0,5160.0,5240.0,2634.0,0.0,0.0,0.0,13662440.0,0.0,0.0,0.0,13468560.0,193880.0,13662440.0
2017-12-19,5330.0,5330.0,5180.0,5180.0,278.0,-1.1450381679389312,0.0,0.0,1442210.0,0.0,0.0,0.0,1442210.0,0.0,1442210.0
2017-12-20,5210.0,5240.0,5020.0,5240.0,442.0,1.1583011583011582,0.0,0.0,2274130.0,0.0,0.0,0.0,2274130.0,0.0,2274130.0
2017-12-21,5110.0,5280.0,5080.0,5270.0,322.0,0.5725190839694656,0.0,0.0,1662620.0,0.0,0.0,0.0,1662620.0,0.0,1662620.0
2017-12-22,5230.0,5250.0,5160.0,5250.0,211.0,-0.3795066413662239,0.0,0.0,1099340.0,0.0,0.0,0.0,1099340.0,0.0,1099340.0
2017-12-26,5290.0,5290.0,5180.0,5200.0,769.0,-0.9523809523809524,0.0,0.0,4003370.0,0.0,0.0,0.0,4003370.0,0.0,4003370.0
2017-12-27,5250.0,5250.0,5250.0,5250.0,21.0,0.9615384615384616,0.0,0.0,110250.0,0.0,0.0,0.0,110250.0,0.0,110250.0
2017-12-28,4725.0,5320.0,4725.0,5270.0,1754.0,0.38095238095238093,0.0,0.0,8763530.0,0.0,0.0,0.0,7505780.0,1257750.0,8763530.0
2018-01-02,5260.0,5260.0,5140.0,5220.0,575.0,-0.9487666034155597,0.0,0.0,2978240.0,0.0,0.0,0.0,2978240.0,0.0,2978240.0
2018-01-03,5250.0,5250.0,5150.0,5150.0,2149.0,-1.3409961685823755,0.0,0.0,11093260.0,0.0,0.0,0.0,11093260.0,0.0,11093260.0
2018-01-04,5150.0,5150.0,5080.0,5080.0,1261.0,-1.3592233009708738,0.0,0.0,6428250.0,0.0,0.0,0.0,6428250.0,0.0,6428250.0
2018-01-05,5080.0,5130.0,5010.0,5030.0,1188.0,-0.984251968503937,0.0,0.0,6000080.0,0.0,0.0,0.0,6000080.0,0.0,6000080.0
2018-01-08,5090.0,5090.0,4975.0,5040.0,334.0,0.19880715705765406,0.0,0.0,1669535.0,0.0,0.0,0.0,1669535.0,0.0,1669535.0
2018-01-09,5070.0,5080.0,5070.0,5070.0,26.0,0.5952380952380952,0.0,0.0,132060.0,0.0,0.0,0.0,132060.0,0.0,132060.0
2018-01-10,5090.0,5090.0,5050.0,5090.0,11.0,0.39447731755424065,0.0,0.0,55650.0,0.0,0.0,0.0,55650.0,0.0,55650.0
2018-01-11,5100.0,5100.0,5080.0,5090.0,105.0,0.0,0.0,0.0,529360.0,5100.0,0.0,0.0,534460.0,0.0,534460.0
2018-01-12,5100.0,5100.0,5000.0,5040.0,5254.0,-0.9823182711198428,0.0,0.0,26274270.0,0.0,0.0,0.0,1534060.0,24740210.0,26274270.0
2018-01-15,5040.0,5040.0,4965.0,5000.0,3417.0,-0.7936507936507936,0.0,0.0,17082970.0,0.0,0.0,0.0,2842670.0,14240300.0,17082970.0
2018-01-16,5090.0,5190.0,4955.0,4980.0,3102.0,-0.4,0.0,0.0,15452420.0,0.0,0.0,0.0,4476500.0,10975920.0,15452420.0
2018-01-17,5070.0,5070.0,4950.0,4965.0,79.0,-0.30120481927710846,0.0,0.0,393085.0,0.0,0.0,0.0,393085.0,0.0,393085.0
2018-01-18,4905.0,5070.0,4905.0,4965.0,477.0,0.0,0.0,0.0,2366655.0,0.0,0.0,0.0,2366655.0,0.0,2366655.0
2018-01-19,4900.0,4980.0,4845.0,4980.0,3265.0,0.3021148036253776,0.0,0.0,15864315.0,0.0,0.0,0.0,15864315.0,0.0,15864315.0
2018-01-22,4980.0,5080.0,4980.0,5040.0,1017.0,1.2048192771084338,0.0,0.0,5100615.0,0.0,0.0,0.0,5100615.0,0.0,5100615.0
2018-01-23,4940.0,5060.0,4940.0,5050.0,569.0,0.1984126984126984,0.0,0.0,2844765.0,0.0,0.0,0.0,2844765.0,0.0,2844765.0
2018-01-24,5050.0,5050.0,4815.0,4995.0,4787.0,-1.089108910891089,0.0,0.0,23638405.0,0.0,0.0,0.0,23638405.0,0.0,23638405.0
2018-01-25,5080.0,5080.0,4880.0,5000.0,1132.0,0.10010010010010009,0.0,0.0,5617540.0,0.0,0.0,0.0,5617540.0,0.0,5617540.0
2018-01-26,5000.0,5090.0,4950.0,5000.0,626.0,0.0,0.0,0.0,3121570.0,0.0,0.0,0.0,3121570.0,0.0,3121570.0
2018-01-29,4900.0,5000.0,4900.0,4990.0,2056.0,-0.2,0.0,0.0,10175010.0,0.0,0.0,0.0,7487930.0,2687080.0,10175010.0
2018-01-30,4990.0,5330.0,4910.0,4985.0,3151.0,-0.1002004008016032,0.0,0.0,15906890.0,0.0,0.0,0.0,10117815.0,5789075.0,15906890.0
2018-01-31,4995.0,4995.0,4930.0,4950.0,2137.0,-0.7021063189568706,0.0,0.0,10593140.0,0.0,0.0,0.0,9147740.0,1445400.0,10593140.0
2018-02-01,4995.0,4995.0,4930.0,4965.0,1744.0,0.30303030303030304,0.0,0.0,8621675.0,0.0,0.0,0.0,8621675.0,0.0,8621675.0
2018-02-02,5140.0,5140.0,4855.0,5050.0,515.0,1.7119838872104733,0.0,0.0,2561355.0,0.0,0.0,0.0,2561355.0,0.0,2561355.0
2018-02-05,5150.0,5150.0,5030.0,5030.0,236.0,-0.39603960396039606,0.0,0.0,1190310.0,0.0,0.0,0.0,1190310.0,0.0,1190310.0
2018-02-06,4905.0,5030.0,4740.0,4780.0,21147.0,-4.970178926441352,0.0,0.0,100704945.0,636560.0,0.0,0.0,101341505.0,0.0,101341505.0
2018-02-07,4850.0,4850.0,4840.0,4845.0,101.0,1.3598326359832638,0.0,0.0,488995.0,0.0,0.0,0.0,488995.0,0.0,488995.0
2018-02-08,4900.0,4900.0,4745.0,4745.0,1158.0,-2.063983488132095,0.0,0.0,5544420.0,0.0,0.0,0.0,5544420.0,0.0,5544420.0
2018-02-09,4795.0,4990.0,4655.0,4750.0,5505.0,0.10537407797681769,0.0,0.0,5019625.0,21018985.0,0.0,0.0,26038610.0,0.0,26038610.0
2018-02-12,5000.0,5200.0,4750.0,4775.0,2063.0,0.5263157894736842,0.0,0.0,10055585.0,142500.0,0.0,0.0,10198085.0,0.0,10198085.0
2018-02-13,4775.0,4980.0,4750.0,4750.0,2242.0,-0.5235602094240838,0.0,0.0,7369770.0,3301250.0,0.0,0.0,10671020.0,0.0,10671020.0
2018-02-14,4770.0,4835.0,4500.0,4755.0,2640.0,0.10526315789473684,0.0,0.0,6632685.0,5766500.0,0.0,0.0,12399185.0,0.0,12399185.0
2018-02-19,4835.0,4835.0,4750.0,4770.0,1618.0,0.31545741324921134,0.0,0.0,5767250.0,1942750.0,0.0,0.0,7710000.0,0.0,7710000.0
2018-02-20,4835.0,4995.0,4775.0,4785.0,2996.0,0.3144654088050315,0.0,0.0,14529645.0,0.0,0.0,0.0,14529645.0,0.0,14529645.0
2018-02-21,4840.0,5160.0,4805.0,4895.0,1406.0,2.2988505747126435,0.0,0.0,6869085.0,0.0,0.0,0.0,6869085.0,0.0,6869085.0
2018-02-22,4820.0,4975.0,4810.0,4975.0,632.0,1.634320735444331,0.0,0.0,3084615.0,0.0,0.0,0.0,3084615.0,0.0,3084615.0
2018-02-23,4995.0,4995.0,4860.0,4920.0,284.0,-1.105527638190955,0.0,0.0,1396235.0,0.0,0.0,0.0,1396235.0,0.0,1396235.0
2018-02-26,4870.0,5080.0,4870.0,4915.0,111.0,-0.10162601626016261,0.0,0.0,549210.0,0.0,0.0,0.0,549210.0,0.0,549210.0
2018-02-27,5060.0,5060.0,4915.0,4960.0,73.0,0.9155645981688708,0.0,0.0,364025.0,0.0,0.0,0.0,364025.0,0.0,364025.0
2018-02-28,5000.0,5000.0,4850.0,4860.0,1951.0,-2.0161290322580645,0.0,0.0,2534795.0,6954900.0,0.0,0.0,9489695.0,0.0,9489695.0
2018-03-02,4865.0,4900.0,4830.0,4860.0,2541.0,0.0,0.0,0.0,4716510.0,7595100.0,0.0,0.0,12311610.0,0.0,12311610.0
2018-03-05,4860.0,4910.0,4790.0,4840.0,428.0,-0.411522633744856,0.0,0.0,2068265.0,0.0,0.0,0.0,2068265.0,0.0,2068265.0
2018-03-06,4830.0,4865.0,4770.0,4840.0,162.0,0.0,0.0,0.0,773925.0,0.0,0.0,0.0,773925.0,0.0,773925.0
2018-03-07,4835.0,4835.0,4750.0,4750.0,791.0,-1.859504132231405,0.0,0.0,3179350.0,584250.0,0.0,0.0,3763600.0,0.0,3763600.0
2018-03-08,4750.0,4750.0,4600.0,4750.0,5729.0,0.0,0.0,0.0,1887415.0,25273045.0,0.0,0.0,27160460.0,0.0,27160460.0
2018-03-09,4750.0,4765.0,4750.0,4750.0,530.0,0.0,0.0,0.0,1259830.0,1258750.0,0.0,0.0,2518580.0,0.0,2518580.0
2018-03-12,4760.0,4795.0,4755.0,4760.0,3582.0,0.21052631578947367,0.0,0.0,2772945.0,14280000.0,0.0,0.0,17052945.0,0.0,17052945.0
2018-03-13,4845.0,4970.0,4845.0,4845.0,3106.0,1.7857142857142856,0.0,0.0,3946680.0,11153190.0,0.0,0.0,15099870.0,0.0,15099870.0
2018-03-14,4845.0,4870.0,4845.0,4870.0,528.0,0.5159958720330238,0.0,0.0,623035.0,1938000.0,0.0,0.0,2561035.0,0.0,2561035.0
2018-03-15,4870.0,4880.0,4845.0,4880.0,82.0,0.20533880903490762,0.0,0.0,140975.0,256785.0,0.0,0.0,397760.0,0.0,397760.0
2018-03-16,4880.0,4880.0,4775.0,4880.0,5023.0,0.0,0.0,0.0,924825.0,23415885.0,0.0,0.0,24340710.0,0.0,24340710.0
2018-03-19,4880.0,4910.0,4800.0,4910.0,647.0,0.6147540983606558,0.0,0.0,3120100.0,0.0,0.0,0.0,3120100.0,0.0,3120100.0
2018-03-20,4830.0,4900.0,4730.0,4800.0,1130.0,-2.240325865580448,0.0,0.0,5388060.0,0.0,0.0,0.0,5388060.0,0.0,5388060.0
2018-03-21,4800.0,4895.0,4800.0,4805.0,833.0,0.10416666666666667,0.0,0.0,3998795.0,0.0,0.0,0.0,3998795.0,0.0,3998795.0
2018-03-22,4800.0,4900.0,4610.0,4685.0,3032.0,-2.497398543184183,0.0,0.0,14256695.0,0.0,0.0,4017630.0,3584990.0,6654075.0,14256695.0
2018-03-23,4685.0,4760.0,4600.0,4705.0,2345.0,0.42689434364994666,0.0,0.0,10867910.0,0.0,0.0,4660.0,10863250.0,0.0,10867910.0
2018-03-26,4700.0,4700.0,4455.0,4485.0,22510.0,-4.675876726886291,0.0,0.0,92894195.0,8098300.0,0.0,0.0,10589430.0,90403065.0,100992495.0
2018-03-27,4490.0,4790.0,4490.0,4605.0,478.0,2.6755852842809364,0.0,0.0,2266025.0,0.0,0.0,0.0,2266025.0,0.0,2266025.0
2018-03-28,4540.0,4600.0,4540.0,4540.0,758.0,-1.4115092290988056,0.0,0.0,3441615.0,0.0,0.0,0.0,3441615.0,0.0,3441615.0
2018-03-29,4540.0,4750.0,4470.0,4620.0,601.0,1.762114537444934,0.0,0.0,2285465.0,432590.0,0.0,0.0,2718055.0,0.0,2718055.0
2018-03-30,4620.0,4725.0,4510.0,4630.0,115.0,0.21645021645021645,0.0,0.0,528610.0,0.0,0.0,0.0,528610.0,0.0,528610.0
2018-04-02,4615.0,4630.0,4570.0,4570.0,85.0,-1.2958963282937366,0.0,0.0,391965.0,0.0,0.0,0.0,391965.0,0.0,391965.0
2018-04-03,4570.0,4685.0,4480.0,4515.0,966.0,-1.2035010940919038,0.0,0.0,4363885.0,0.0,0.0,0.0,4363885.0,0.0,4363885.0
2018-04-04,4515.0,4555.0,4500.0,4540.0,147.0,0.5537098560354374,0.0,0.0,661870.0,0.0,0.0,0.0,661870.0,0.0,661870.0
2018-04-05,4500.0,4500.0,4480.0,4485.0,333.0,-1.2114537444933922,0.0,0.0,1495005.0,0.0,0.0,0.0,1495005.0,0.0,1495005.0
2018-04-06,4485.0,4485.0,4385.0,4460.0,1640.0,-0.5574136008918618,0.0,0.0,7228855.0,0.0,0.0,0.0,7228855.0,0.0,7228855.0
2018-04-09,4415.0,4505.0,4415.0,4500.0,529.0,0.8968609865470852,0.0,0.0,2374900.0,0.0,0.0,0.0,2374900.0,0.0,2374900.0
2018-04-10,4460.0,4505.0,4460.0,4460.0,1018.0,-0.8888888888888888,0.0,0.0,485065.0,4058600.0,0.0,0.0,4543665.0,0.0,4543665.0
2018-04-11,4465.0,4535.0,4460.0,4475.0,673.0,0.336322869955157,0.0,0.0,1655095.0,1351380.0,0.0,0.0,3006475.0,0.0,3006475.0
2018-04-12,4475.0,4525.0,4465.0,4505.0,157.0,0.6703910614525139,0.0,0.0,701800.0,0.0,0.0,0.0,701800.0,0.0,701800.0
2018-04-13,4475.0,4540.0,4475.0,4495.0,98.0,-0.22197558268590456,0.0,0.0,442555.0,0.0,0.0,0.0,442555.0,0.0,442555.0
2018-04-16,4490.0,4530.0,4460.0,4510.0,153.0,0.33370411568409347,0.0,0.0,671580.0,13380.0,0.0,0.0,684960.0,0.0,684960.0
2018-04-17,4510.0,4530.0,4510.0,4530.0,11.0,0.4434589800443459,0.0,0.0,49665.0,0.0,0.0,0.0,49665.0,0.0,49665.0
2018-04-18,4550.0,4565.0,4550.0,4565.0,304.0,0.772626931567329,0.0,0.0,68400.0,1314950.0,0.0,0.0,1383350.0,0.0,1383350.0
2018-04-19,4550.0,4600.0,4550.0,4585.0,448.0,0.43811610076670315,0.0,0.0,54855.0,2001280.0,0.0,0.0,2056135.0,0.0,2056135.0
2018-04-20,4600.0,4620.0,4600.0,4620.0,572.0,0.7633587786259541,0.0,0.0,538355.0,2093000.0,0.0,0.0,2631355.0,0.0,2631355.0
2018-04-23,4600.0,4610.0,4600.0,4600.0,141.0,-0.4329004329004329,0.0,0.0,594140.0,55200.0,0.0,0.0,649340.0,0.0,649340.0
2018-04-24,4630.0,4635.0,4630.0,4630.0,1165.0,0.6521739130434783,0.0,0.0,3544025.0,1852000.0,0.0,0.0,5396025.0,0.0,5396025.0
2018-04-25,4700.0,4715.0,4700.0,4715.0,4026.0,1.8358531317494602,0.0,0.0,122335.0,18800000.0,0.0,0.0,18922335.0,0.0,18922335.0
2018-04-26,4715.0,4755.0,4715.0,4750.0,1664.0,0.7423117709437964,0.0,0.0,303455.0,7584000.0,0.0,0.0,7887455.0,0.0,7887455.0
2018-04-27,4700.0,4750.0,4700.0,4720.0,30.0,-0.631578947368421,0.0,0.0,137165.0,4700.0,0.0,0.0,141865.0,0.0,141865.0
2018-04-30,4715.0,4735.0,4700.0,4715.0,358.0,-0.1059322033898305,0.0,0.0,249495.0,1433500.0,0.0,0.0,1682995.0,0.0,1682995.0
2018-05-02,4710.0,4770.0,4610.0,4770.0,862.0,1.166489925768823,0.0,0.0,1993435.0,2104250.0,0.0,0.0,4097685.0,0.0,4097685.0
2018-05-03,4770.0,4795.0,4750.0,4750.0,314.0,-0.41928721174004197,0.0,0.0,545660.0,950000.0,0.0,0.0,1495660.0,0.0,1495660.0
2018-05-04,4750.0,4775.0,4750.0,4775.0,142.0,0.5263157894736842,0.0,0.0,552755.0,123500.0,0.0,0.0,676255.0,0.0,676255.0
2018-05-08,4770.0,4880.0,4770.0,4880.0,1543.0,2.1989528795811517,0.0,0.0,7509605.0,0.0,0.0,0.0,7509605.0,0.0,7509605.0
2018-05-09,4850.0,4940.0,4750.0,4830.0,577.0,-1.0245901639344261,0.0,0.0,2045945.0,717250.0,0.0,0.0,2763195.0,0.0,2763195.0
2018-05-10,4830.0,5000.0,4830.0,5000.0,415.0,3.5196687370600417,0.0,0.0,2048935.0,0.0,0.0,0.0,2048935.0,0.0,2048935.0
2018-05-11,5050.0,5050.0,4880.0,5000.0,523.0,0.0,0.0,0.0,2574395.0,0.0,0.0,0.0,2574395.0,0.0,2574395.0
2018-05-14,5000.0,5060.0,5000.0,5060.0,5711.0,1.2,0.0,3047490.0,1515210.0,23995000.0,0.0,3000000.0,25557700.0,0.0,28557700.0
2018-05-15,5000.0,5050.0,5000.0,5040.0,3435.0,-0.3952569169960474,0.0,0.0,2515290.0,14670000.0,0.0,14070000.0,3115290.0,0.0,17185290.0
2018-05-16,5000.0,5040.0,5000.0,5020.0,4242.0,-0.3968253968253968,0.0,0.0,1206350.0,20010000.0,0.0,0.0,21216350.0,0.0,21216350.0
2018-05-17,5000.0,5040.0,5000.0,5040.0,1620.0,0.398406374501992,0.0,0.0,940380.0,7160000.0,0.0,0.0,8100380.0,0.0,8100380.0
2018-05-18,5000.0,5250.0,5000.0,5240.0,7923.0,3.968253968253968,0.0,0.0,21833600.0,18260000.0,0.0,0.0,40093600.0,0.0,40093600.0
2018-05-21,5200.0,5300.0,5020.0,5240.0,1852.0,0.0,0.0,0.0,9687470.0,0.0,0.0,0.0,9687470.0,0.0,9687470.0
2018-05-23,5390.0,5570.0,5370.0,5470.0,8765.0,4.3893129770992365,0.0,0.0,48070180.0,0.0,0.0,50130.0,48020050.0,0.0,48070180.0
2018-05-24,5720.0,5720.0,4725.0,5280.0,6413.0,-3.473491773308958,0.0,0.0,32513595.0,0.0,0.0,0.0,32513595.0,0.0,32513595.0
2018-05-25,5000.0,5260.0,5000.0,5250.0,2967.0,-0.5681818181818182,0.0,0.0,2783480.0,12065000.0,0.0,0.0,14848480.0,0.0,14848480.0
2018-05-28,5550.0,5550.0,5010.0,5190.0,1254.0,-1.1428571428571428,0.0,0.0,6439540.0,0.0,0.0,0.0,6439540.0,0.0,6439540.0
2018-05-29,5100.0,5100.0,5020.0,5070.0,459.0,-2.312138728323699,0.0,0.0,2330680.0,0.0,0.0,0.0,2264380.0,66300.0,2330680.0
2018-05-30,5050.0,5060.0,5000.0,5010.0,4203.0,-1.183431952662722,0.0,0.0,748610.0,20270000.0,0.0,0.0,21018610.0,0.0,21018610.0
2018-05-31,5090.0,5090.0,5000.0,5000.0,5269.0,-0.19960079840319359,0.0,0.0,1346590.0,25000000.0,0.0,25135000.0,1211590.0,0.0,26346590.0
2018-06-01,5000.0,5060.0,5000.0,5000.0,27051.0,0.0,0.0,0.0,255340.0,135000000.0,0.0,0.0,135255340.0,0.0,135255340.0
2018-06-04,5000.0,5100.0,4910.0,4950.0,24468.0,-1.0,0.0,0.0,1601840.0,120735000.0,0.0,0.0,122331740.0,5100.0,122336840.0
2018-06-05,5080.0,5100.0,4960.0,5070.0,2745.0,2.4242424242424243,0.0,0.0,13948810.0,0.0,0.0,0.0,12434110.0,1514700.0,13948810.0
2018-06-07,4905.0,5080.0,4865.0,5070.0,157.0,0.0,0.0,0.0,794870.0,0.0,0.0,0.0,794870.0,0.0,794870.0
2018-06-08,5050.0,5090.0,4875.0,5090.0,114.0,0.39447731755424065,0.0,0.0,567835.0,0.0,0.0,0.0,567835.0,0.0,567835.0
2018-06-11,4900.0,5060.0,4900.0,5060.0,71.0,-0.5893909626719057,0.0,0.0,354935.0,0.0,0.0,0.0,354935.0,0.0,354935.0
2018-06-12,4925.0,5020.0,4920.0,5000.0,13.0,-1.185770750988142,0.0,0.0,64340.0,0.0,0.0,0.0,64340.0,0.0,64340.0
2018-06-14,5000.0,5000.0,4940.0,4995.0,69.0,-0.1,0.0,0.0,343370.0,0.0,0.0,0.0,343370.0,0.0,343370.0
2018-06-15,4830.0,4870.0,4830.0,4845.0,690.0,-3.003003003003003,0.0,0.0,3346920.0,0.0,0.0,0.0,3346920.0,0.0,3346920.0
2018-06-18,4845.0,4845.0,4780.0,4780.0,289.0,-1.3415892672858616,0.0,0.0,1388080.0,0.0,0.0,0.0,1388080.0,0.0,1388080.0
2018-06-19,4700.0,4950.0,4700.0,4910.0,523.0,2.7196652719665275,0.0,0.0,2461670.0,0.0,0.0,0.0,2461670.0,0.0,2461670.0
2018-06-20,4700.0,4770.0,4700.0,4720.0,832.0,-3.8696537678207736,0.0,0.0,3928785.0,0.0,0.0,0.0,3928785.0,0.0,3928785.0
2018-06-21,4900.0,4900.0,4570.0,4650.0,320.0,-1.4830508474576272,0.0,0.0,1493865.0,0.0,0.0,0.0,1493865.0,0.0,1493865.0
2018-06-22,4590.0,4680.0,4540.0,4680.0,37.0,0.6451612903225806,0.0,0.0,169310.0,0.0,0.0,0.0,169310.0,0.0,169310.0
2018-06-25,4580.0,4800.0,4580.0,4610.0,1862.0,-1.4957264957264957,0.0,0.0,8574755.0,0.0,0.0,0.0,8574755.0,0.0,8574755.0
2018-06-26,4595.0,4640.0,4435.0,4615.0,319.0,0.10845986984815618,0.0,497840.0,923170.0,0.0,0.0,0.0,1421010.0,0.0,1421010.0
2018-06-27,4800.0,4800.0,4500.0,4590.0,76.0,-0.5417118093174431,0.0,0.0,344105.0,0.0,0.0,0.0,344105.0,0.0,344105.0
2018-06-28,4585.0,4585.0,4430.0,4430.0,1221.0,-3.485838779956427,0.0,0.0,5461555.0,0.0,0.0,0.0,5461555.0,0.0,5461555.0
2018-06-29,4410.0,4480.0,4390.0,4410.0,789.0,-0.4514672686230248,0.0,0.0,3481930.0,0.0,0.0,0.0,3481930.0,0.0,3481930.0
2018-07-02,4390.0,4560.0,4320.0,4350.0,2419.0,-1.3605442176870748,0.0,0.0,10578980.0,0.0,0.0,0.0,10578980.0,0.0,10578980.0
2018-07-03,4500.0,4500.0,4390.0,4485.0,2540.0,3.103448275862069,0.0,0.0,3152290.0,8015600.0,0.0,0.0,6667180.0,4500710.0,11167890.0
2018-07-04,4370.0,4595.0,4370.0,4595.0,4.0,2.4526198439241917,0.0,0.0,17795.0,0.0,0.0,0.0,17795.0,0.0,17795.0
2018-07-05,4790.0,4790.0,4370.0,4370.0,453.0,-4.896626768226333,0.0,0.0,1986415.0,0.0,0.0,0.0,1986415.0,0.0,1986415.0
2018-07-06,4370.0,4370.0,4360.0,4365.0,1272.0,-0.11441647597254005,0.0,0.0,5557745.0,0.0,0.0,0.0,798815.0,4758930.0,5557745.0
2018-07-09,4350.0,4350.0,4320.0,4330.0,34.0,-0.8018327605956471,0.0,0.0,147500.0,0.0,0.0,0.0,147500.0,0.0,147500.0
2018-07-10,4320.0,4395.0,4320.0,4345.0,1348.0,0.3464203233256351,0.0,0.0,5862270.0,0.0,0.0,0.0,568320.0,5293950.0,5862270.0
2018-07-11,4345.0,4345.0,4290.0,4320.0,885.0,-0.5753739930955121,0.0,0.0,3821370.0,0.0,0.0,0.0,1481450.0,2339920.0,3821370.0
2018-07-12,4490.0,4490.0,4305.0,4305.0,434.0,-0.3472222222222222,0.0,0.0,1876415.0,0.0,0.0,0.0,333455.0,1542960.0,1876415.0
2018-07-13,4305.0,4310.0,4290.0,4295.0,29208.0,-0.23228803716608595,0.0,0.0,6728055.0,119011725.0,0.0,0.0,705275.0,125034505.0,125739780.0
2018-07-16,4445.0,4445.0,4300.0,4360.0,334.0,1.5133876600698486,0.0,0.0,1442905.0,0.0,0.0,0.0,1442905.0,0.0,1442905.0
2018-07-17,4405.0,4405.0,4300.0,4335.0,894.0,-0.573394495412844,0.0,0.0,3861070.0,0.0,0.0,0.0,547820.0,3313250.0,3861070.0
2018-07-18,4290.0,4400.0,4290.0,4300.0,1130.0,-0.8073817762399077,0.0,0.0,4859120.0,0.0,0.0,0.0,133420.0,4725700.0,4859120.0
2018-07-19,4305.0,4340.0,4290.0,4340.0,27.0,0.9302325581395349,0.0,0.0,116535.0,0.0,0.0,0.0,116535.0,0.0,116535.0
2018-07-20,4290.0,4310.0,4290.0,4290.0,26.0,-1.1520737327188941,0.0,0.0,111560.0,0.0,0.0,0.0,111560.0,0.0,111560.0
2018-07-23,4290.0,4290.0,4180.0,4220.0,16.0,-1.6317016317016315,0.0,0.0,67410.0,0.0,0.0,0.0,67410.0,0.0,67410.0
2018-07-24,4220.0,4280.0,4090.0,4200.0,280.0,-0.47393364928909953,0.0,0.0,1172225.0,0.0,0.0,0.0,1172225.0,0.0,1172225.0
2018-07-25,4400.0,4400.0,4155.0,4155.0,57.0,-1.0714285714285714,0.0,0.0,238090.0,0.0,0.0,0.0,238090.0,0.0,238090.0
2018-07-26,4300.0,4300.0,4090.0,4090.0,352.0,-1.5643802647412757,0.0,0.0,1443630.0,0.0,0.0,0.0,1443630.0,0.0,1443630.0
2018-07-27,4090.0,4300.0,4035.0,4100.0,635.0,0.24449877750611246,0.0,0.0,2579900.0,0.0,0.0,0.0,2579900.0,0.0,2579900.0
2018-07-30,4280.0,4390.0,4070.0,4100.0,1784.0,0.0,0.0,0.0,7309320.0,0.0,0.0,0.0,3026580.0,4282740.0,7309320.0
2018-07-31,4300.0,4300.0,4055.0,4130.0,419.0,0.7317073170731708,0.0,0.0,1723755.0,0.0,0.0,0.0,1723755.0,0.0,1723755.0
2018-08-01,4215.0,4400.0,4055.0,4360.0,5535.0,5.569007263922518,0.0,0.0,22740395.0,0.0,0.0,0.0,6475065.0,16265330.0,22740395.0
2018-08-02,4395.0,4395.0,4100.0,4165.0,956.0,-4.472477064220183,0.0,0.0,3935760.0,0.0,0.0,0.0,3935760.0,0.0,3935760.0
2018-08-03,4230.0,4230.0,4055.0,4130.0,986.0,-0.8403361344537815,0.0,0.0,4047185.0,0.0,0.0,0.0,4047185.0,0.0,4047185.0
2018-08-06,4290.0,4290.0,4100.0,4200.0,109.0,1.694915254237288,0.0,0.0,464680.0,0.0,0.0,0.0,464680.0,0.0,464680.0
2018-08-07,4200.0,4200.0,4090.0,4100.0,684.0,-2.380952380952381,0.0,0.0,2804910.0,0.0,0.0,0.0,2804910.0,0.0,2804910.0
2018-08-08,4100.0,4100.0,4070.0,4080.0,828.0,-0.4878048780487805,0.0,0.0,3376525.0,0.0,0.0,0.0,3376525.0,0.0,3376525.0
2018-08-09,4100.0,4100.0,4085.0,4100.0,149.0,0.49019607843137253,0.0,0.0,610870.0,0.0,0.0,0.0,610870.0,0.0,610870.0
2018-08-10,4100.0,4115.0,4100.0,4115.0,252.0,0.3658536585365854,0.0,0.0,1033350.0,0.0,0.0,0.0,1033350.0,0.0,1033350.0
2018-08-13,4115.0,4145.0,4100.0,4140.0,285.0,0.6075334143377886,0.0,0.0,1168690.0,0.0,0.0,0.0,1168690.0,0.0,1168690.0
2018-08-14,4035.0,4115.0,4035.0,4060.0,104.0,-1.932367149758454,0.0,0.0,421855.0,0.0,0.0,0.0,421855.0,0.0,421855.0
2018-08-16,4060.0,4060.0,4055.0,4055.0,603.0,-0.12315270935960591,0.0,0.0,2448160.0,0.0,0.0,0.0,2448160.0,0.0,2448160.0
2018-08-17,4035.0,4100.0,4015.0,4100.0,200.0,1.1097410604192355,0.0,0.0,808925.0,0.0,0.0,0.0,808925.0,0.0,808925.0
2018-08-20,4100.0,4115.0,4040.0,4100.0,305.0,0.0,0.0,0.0,1251945.0,0.0,0.0,0.0,1251945.0,0.0,1251945.0
2018-08-21,4105.0,4250.0,4105.0,4235.0,270.0,3.2926829268292686,0.0,0.0,1139880.0,0.0,0.0,0.0,1139880.0,0.0,1139880.0
2018-08-22,4135.0,4235.0,4135.0,4210.0,895.0,-0.5903187721369539,0.0,0.0,3768260.0,0.0,0.0,0.0,3768260.0,0.0,3768260.0
2018-08-23,4195.0,4225.0,4140.0,4160.0,6.0,-1.187648456057007,0.0,0.0,25105.0,0.0,0.0,0.0,25105.0,0.0,25105.0
2018-08-24,4150.0,4185.0,4110.0,4185.0,160.0,0.6009615384615385,0.0,0.0,663835.0,0.0,0.0,0.0,663835.0,0.0,663835.0
2018-08-27,4195.0,4195.0,4165.0,4165.0,2.0,-0.4778972520908005,0.0,0.0,8360.0,0.0,0.0,0.0,8360.0,0.0,8360.0
2018-08-28,4195.0,4195.0,4140.0,4170.0,11.0,0.12004801920768307,0.0,0.0,45830.0,0.0,0.0,0.0,45830.0,0.0,45830.0
2018-08-29,4100.0,4170.0,4100.0,4170.0,114.0,0.0,0.0,0.0,475245.0,0.0,0.0,0.0,475245.0,0.0,475245.0
2018-08-30,4105.0,4170.0,4105.0,4170.0,388.0,0.0,0.0,0.0,1602710.0,0.0,0.0,0.0,1602710.0,0.0,1602710.0
2018-08-31,4110.0,4155.0,4110.0,4155.0,143.0,-0.3597122302158274,0.0,0.0,591120.0,0.0,0.0,0.0,591120.0,0.0,591120.0
2018-09-03,4150.0,4150.0,4150.0,4150.0,29.0,-0.12033694344163659,0.0,0.0,120350.0,0.0,0.0,0.0,120350.0,0.0,120350.0
2018-09-04,4085.0,4190.0,4085.0,4190.0,31.0,0.9638554216867471,0.0,125700.0,4085.0,0.0,0.0,0.0,129785.0,0.0,129785.0
2018-09-05,4175.0,4175.0,4120.0,4135.0,100.0,-1.3126491646778042,0.0,0.0,412500.0,0.0,0.0,0.0,412500.0,0.0,412500.0
2018-09-06,4100.0,4180.0,4080.0,4080.0,3550.0,-1.3301088270858523,0.0,599760.0,738305.0,13212900.0,0.0,0.0,943065.0,13607900.0,14550965.0
2018-09-07,4080.0,4300.0,4080.0,4120.0,52.0,0.9803921568627451,0.0,0.0,176235.0,36810.0,0.0,0.0,213045.0,0.0,213045.0
2018-09-10,4360.0,4360.0,4120.0,4225.0,109.0,2.5485436893203883,0.0,0.0,464705.0,0.0,0.0,0.0,464705.0,0.0,464705.0
2018-09-11,4145.0,4315.0,4145.0,4300.0,51.0,1.7751479289940828,0.0,0.0,212265.0,0.0,0.0,0.0,212265.0,0.0,212265.0
2018-09-12,4140.0,4235.0,4100.0,4175.0,2566.0,-2.9069767441860463,0.0,0.0,10347220.0,270600.0,0.0,5096340.0,5521480.0,0.0,10617820.0
2018-09-13,4175.0,4220.0,4175.0,4175.0,502.0,0.0,0.0,0.0,2095895.0,0.0,0.0,0.0,2095895.0,0.0,2095895.0
2018-09-14,4250.0,4250.0,4145.0,4175.0,483.0,0.0,0.0,0.0,2015845.0,0.0,0.0,0.0,354195.0,1661650.0,2015845.0
2018-09-17,4175.0,4175.0,4120.0,4150.0,6575.0,-0.5988023952095809,0.0,0.0,27282520.0,0.0,0.0,0.0,7437220.0,19845300.0,27282520.0
2018-09-18,4150.0,4210.0,4100.0,4150.0,27999.0,0.0,0.0,0.0,8856405.0,105985000.0,0.0,0.0,62279405.0,52562000.0,114841405.0
2018-09-19,4170.0,4170.0,4105.0,4165.0,78.0,0.3614457831325301,0.0,0.0,323690.0,0.0,0.0,0.0,323690.0,0.0,323690.0
2018-09-20,4150.0,4230.0,4110.0,4130.0,49.0,-0.8403361344537815,0.0,0.0,202200.0,0.0,0.0,0.0,202200.0,0.0,202200.0
2018-09-21,4115.0,4115.0,4105.0,4105.0,237.0,-0.6053268765133172,0.0,0.0,974070.0,0.0,0.0,0.0,974070.0,0.0,974070.0
2018-09-27,4105.0,4280.0,4100.0,4265.0,1462.0,3.8976857490864796,0.0,0.0,2324640.0,3690000.0,0.0,0.0,6014640.0,0.0,6014640.0
2018-09-28,4140.0,4220.0,4140.0,4170.0,114.0,-2.2274325908558033,0.0,0.0,476740.0,0.0,0.0,0.0,476740.0,0.0,476740.0
2018-10-01,4220.0,4320.0,4170.0,4260.0,46.0,2.158273381294964,0.0,0.0,195970.0,0.0,0.0,0.0,195970.0,0.0,195970.0
2018-10-02,4470.0,4470.0,4180.0,4220.0,359.0,-0.9389671361502347,0.0,0.0,1590710.0,0.0,0.0,0.0,1581770.0,8940.0,1590710.0
2018-10-04,4200.0,4200.0,4200.0,4200.0,61.0,-0.47393364928909953,0.0,0.0,256200.0,0.0,0.0,0.0,256200.0,0.0,256200.0
2018-10-05,4120.0,4315.0,4120.0,4285.0,5.0,2.0238095238095237,0.0,0.0,21320.0,0.0,0.0,0.0,21320.0,0.0,21320.0
2018-10-08,4185.0,4375.0,4185.0,4355.0,118.0,1.633605600933489,470340.0,0.0,42750.0,0.0,0.0,0.0,513090.0,0.0,513090.0
2018-10-10,4355.0,4355.0,4105.0,4275.0,135.0,-1.8369690011481057,0.0,0.0,556445.0,0.0,443340.0,0.0,113105.0,0.0,556445.0
2018-10-11,4245.0,4245.0,4245.0,4245.0,315.0,-0.7017543859649122,0.0,0.0,1337175.0,0.0,0.0,0.0,1337175.0,0.0,1337175.0
2018-10-12,4130.0,4130.0,4100.0,4120.0,5211.0,-2.944640753828033,0.0,0.0,2608890.0,18761600.0,0.0,123000.0,21247490.0,0.0,21370490.0
2018-10-15,4105.0,4150.0,4105.0,4145.0,532.0,0.6067961165048543,0.0,0.0,2183980.0,0.0,0.0,0.0,2183980.0,0.0,2183980.0
2018-10-16,4200.0,4300.0,4200.0,4215.0,112.0,1.6887816646562124,0.0,0.0,479580.0,0.0,0.0,0.0,479580.0,0.0,479580.0
2018-10-17,4295.0,4295.0,4125.0,4265.0,30.0,1.1862396204033214,0.0,0.0,124650.0,0.0,0.0,0.0,124650.0,0.0,124650.0
2018-10-18,4135.0,4260.0,4135.0,4260.0,2.0,-0.11723329425556857,0.0,0.0,8395.0,0.0,0.0,0.0,8395.0,0.0,8395.0
2018-10-19,4115.0,4215.0,4100.0,4100.0,1190.0,-3.755868544600939,0.0,0.0,2320885.0,2566600.0,0.0,0.0,4887485.0,0.0,4887485.0
2018-10-22,4100.0,4265.0,4100.0,4255.0,3488.0,3.7804878048780486,0.0,0.0,574080.0,13730900.0,0.0,0.0,14304980.0,0.0,14304980.0
2018-10-23,4110.0,4250.0,4100.0,4105.0,661.0,-3.525264394829612,0.0,0.0,2712185.0,0.0,0.0,0.0,2712185.0,0.0,2712185.0
2018-10-24,4100.0,4175.0,4100.0,4100.0,31555.0,-0.12180267965895249,0.0,0.0,87185.0,129289400.0,0.0,0.0,129376585.0,0.0,129376585.0
2018-10-25,4050.0,4145.0,4050.0,4125.0,6.0,0.6097560975609756,0.0,0.0,24550.0,0.0,0.0,0.0,24550.0,0.0,24550.0
2018-10-26,4095.0,4095.0,4000.0,4000.0,40.0,-3.0303030303030303,0.0,0.0,162165.0,0.0,0.0,0.0,162165.0,0.0,162165.0
2018-10-29,4000.0,4070.0,4000.0,4070.0,2.0,1.7500000000000002,0.0,0.0,8070.0,0.0,0.0,0.0,8070.0,0.0,8070.0
2018-10-30,3850.0,4060.0,3850.0,3980.0,84.0,-2.211302211302211,0.0,0.0,333375.0,0.0,0.0,0.0,333375.0,0.0,333375.0
2018-10-31,3980.0,3980.0,3980.0,3980.0,14.0,0.0,0.0,0.0,55720.0,0.0,0.0,0.0,55720.0,0.0,55720.0
2018-11-01,3850.0,3970.0,3850.0,3970.0,28.0,-0.25125628140703515,0.0,0.0,108345.0,0.0,0.0,0.0,108345.0,0.0,108345.0
2018-11-02,3810.0,3940.0,3810.0,3920.0,326.0,-1.2594458438287155,0.0,0.0,1263900.0,0.0,0.0,0.0,1263900.0,0.0,1263900.0
2018-11-05,3920.0,3920.0,3845.0,3865.0,534.0,-1.403061224489796,0.0,0.0,2065575.0,0.0,0.0,0.0,2065575.0,0.0,2065575.0
2018-11-06,3810.0,3900.0,3810.0,3840.0,39.0,-0.646830530401035,0.0,0.0,150240.0,0.0,0.0,0.0,150240.0,0.0,150240.0
2018-11-07,3845.0,3885.0,3845.0,3875.0,803.0,0.9114583333333334,0.0,0.0,3110360.0,0.0,0.0,0.0,3110360.0,0.0,3110360.0
2018-11-08,3860.0,3895.0,3815.0,3845.0,153.0,-0.7741935483870968,0.0,0.0,586645.0,0.0,0.0,0.0,586645.0,0.0,586645.0
2018-11-09,3870.0,3960.0,3815.0,3815.0,941.0,-0.7802340702210664,0.0,0.0,3615055.0,0.0,0.0,0.0,1455765.0,2159290.0,3615055.0
2018-11-12,3895.0,3990.0,3710.0,3745.0,1639.0,-1.834862385321101,0.0,0.0,6217710.0,0.0,0.0,0.0,6217710.0,0.0,6217710.0
2018-11-13,3770.0,3780.0,3600.0,3670.0,664.0,-2.0026702269692924,0.0,0.0,2413890.0,0.0,0.0,0.0,2413890.0,0.0,2413890.0
2018-11-14,3800.0,3800.0,3630.0,3700.0,304.0,0.8174386920980926,0.0,0.0,1125325.0,0.0,0.0,0.0,1125325.0,0.0,1125325.0
2018-11-15,3565.0,3695.0,3550.0,3650.0,432.0,-1.3513513513513513,0.0,0.0,1553830.0,0.0,0.0,0.0,1553830.0,0.0,1553830.0
2018-11-16,3680.0,3685.0,3600.0,3680.0,2224.0,0.821917808219178,0.0,0.0,8013600.0,0.0,0.0,0.0,8013600.0,0.0,8013600.0
2018-11-19,3665.0,3685.0,3610.0,3680.0,4718.0,0.0,0.0,0.0,17321770.0,0.0,0.0,12130115.0,1511655.0,3680000.0,17321770.0
2018-11-20,3680.0,3745.0,3625.0,3660.0,1113.0,-0.5434782608695652,0.0,0.0,4094980.0,0.0,0.0,0.0,2611940.0,1483040.0,4094980.0
2018-11-21,3690.0,3690.0,3630.0,3665.0,92.0,0.1366120218579235,0.0,0.0,336065.0,0.0,0.0,0.0,336065.0,0.0,336065.0
2018-11-22,3665.0,3665.0,3610.0,3645.0,65.0,-0.5457025920873124,0.0,0.0,235115.0,0.0,0.0,0.0,235115.0,0.0,235115.0
2018-11-23,3645.0,3650.0,3600.0,3645.0,139.0,0.0,0.0,0.0,502095.0,0.0,0.0,0.0,483845.0,18250.0,502095.0
2018-11-26,3615.0,3650.0,3575.0,3645.0,250.0,0.0,0.0,0.0,907190.0,0.0,0.0,0.0,560440.0,346750.0,907190.0
2018-11-27,3650.0,3650.0,3635.0,3650.0,1259.0,0.1371742112482853,0.0,0.0,4586335.0,0.0,0.0,0.0,4224985.0,361350.0,4586335.0
2018-11-28,3645.0,3645.0,3605.0,3645.0,18.0,-0.136986301369863,0.0,0.0,65485.0,0.0,0.0,0.0,65485.0,0.0,65485.0
2018-11-29,3615.0,3640.0,3615.0,3640.0,2.0,-0.1371742112482853,0.0,0.0,7255.0,0.0,0.0,0.0,7255.0,0.0,7255.0
2018-11-30,3635.0,3635.0,3600.0,3635.0,232.0,-0.13736263736263737,0.0,0.0,837015.0,0.0,0.0,0.0,837015.0,0.0,837015.0
2018-12-03,3640.0,3650.0,3585.0,3650.0,4046.0,0.41265474552957354,0.0,0.0,14519315.0,0.0,0.0,0.0,1946265.0,12573050.0,14519315.0
2018-12-04,3650.0,3650.0,3610.0,3650.0,227.0,0.0,0.0,0.0,823620.0,0.0,0.0,0.0,801720.0,21900.0,823620.0
2018-12-05,3650.0,3650.0,3610.0,3645.0,116.0,-0.136986301369863,0.0,0.0,422520.0,0.0,0.0,0.0,415220.0,7300.0,422520.0
2018-12-06,3615.0,3650.0,3615.0,3635.0,279.0,-0.2743484224965706,0.0,0.0,1014375.0,0.0,0.0,0.0,1007075.0,7300.0,1014375.0
2018-12-07,3620.0,3645.0,3580.0,3640.0,20.0,0.1375515818431912,0.0,0.0,72540.0,0.0,14560.0,0.0,57980.0,0.0,72540.0
2018-12-10,3585.0,3690.0,3585.0,3590.0,447.0,-1.3736263736263736,0.0,0.0,1603980.0,0.0,0.0,0.0,1033150.0,570830.0,1603980.0
2018-12-11,3585.0,3670.0,3560.0,3670.0,260.0,2.2284122562674096,0.0,0.0,928700.0,0.0,0.0,0.0,137915.0,790785.0,928700.0
2018-12-12,3685.0,3685.0,3605.0,3670.0,5288.0,0.0,0.0,15905780.0,3471525.0,0.0,0.0,0.0,19377305.0,0.0,19377305.0
2018-12-13,3620.0,3680.0,3620.0,3680.0,82.0,0.2724795640326975,0.0,0.0,301700.0,0.0,0.0,0.0,301700.0,0.0,301700.0
2018-12-14,3680.0,3685.0,3680.0,3685.0,29.0,0.1358695652173913,0.0,0.0,106855.0,0.0,0.0,0.0,106855.0,0.0,106855.0
2018-12-17,3685.0,3710.0,3685.0,3690.0,15.0,0.13568521031207598,0.0,0.0,55320.0,0.0,0.0,0.0,55320.0,0.0,55320.0
2018-12-18,3690.0,3690.0,3630.0,3690.0,128.0,0.0,0.0,0.0,471900.0,0.0,0.0,0.0,471900.0,0.0,471900.0
2018-12-19,3690.0,3690.0,3630.0,3675.0,2065.0,-0.40650406504065045,0.0,6000390.0,1498175.0,0.0,0.0,0.0,7498565.0,0.0,7498565.0
2018-12-20,3620.0,3750.0,3620.0,3750.0,3372.0,2.0408163265306123,0.0,0.0,12345040.0,0.0,0.0,0.0,12345040.0,0.0,12345040.0
2018-12-21,3740.0,3740.0,3640.0,3650.0,70.0,-2.666666666666667,0.0,0.0,255200.0,0.0,0.0,0.0,255200.0,0.0,255200.0
2018-12-24,3735.0,3735.0,3650.0,3700.0,126.0,1.36986301369863,0.0,0.0,460515.0,0.0,0.0,0.0,460515.0,0.0,460515.0
2018-12-26,3700.0,3700.0,3650.0,3650.0,37.0,-1.3513513513513513,0.0,0.0,135250.0,0.0,0.0,0.0,135250.0,0.0,135250.0
2018-12-27,3650.0,3845.0,3645.0,3645.0,14.0,-0.136986301369863,0.0,0.0,51280.0,0.0,0.0,0.0,51280.0,0.0,51280.0
2018-12-28,3565.0,3710.0,3565.0,3710.0,832.0,1.7832647462277091,0.0,0.0,2987935.0,0.0,0.0,0.0,2987935.0,0.0,2987935.0
2019-01-02,3710.0,3800.0,3710.0,3750.0,379.0,1.078167115902965,0.0,0.0,1421195.0,0.0,0.0,0.0,1421195.0,0.0,1421195.0
2019-01-03,3770.0,3770.0,3660.0,3735.0,460.0,-0.4,0.0,0.0,1703425.0,0.0,0.0,0.0,1703425.0,0.0,1703425.0
2019-01-04,3700.0,3700.0,3610.0,3630.0,474.0,-2.8112449799196786,0.0,134125.0,1586500.0,0.0,0.0,0.0,1720625.0,0.0,1720625.0
2019-01-07,3680.0,3695.0,3640.0,3695.0,1260.0,1.790633608815427,0.0,3971240.0,615825.0,0.0,0.0,0.0,4587065.0,0.0,4587065.0
2019-01-08,3680.0,3680.0,3610.0,3635.0,172.0,-1.6238159675236805,0.0,0.0,622075.0,0.0,0.0,0.0,622075.0,0.0,622075.0
2019-01-09,3635.0,3675.0,3625.0,3645.0,712.0,0.2751031636863824,0.0,0.0,2585175.0,0.0,0.0,0.0,2585175.0,0.0,2585175.0
2019-01-10,3795.0,3795.0,3600.0,3645.0,5.0,0.0,0.0,0.0,18385.0,0.0,0.0,0.0,18385.0,0.0,18385.0
2019-01-11,3710.0,3710.0,3655.0,3655.0,17.0,0.2743484224965706,0.0,0.0,62190.0,0.0,0.0,0.0,62190.0,0.0,62190.0
2019-01-14,3705.0,3705.0,3705.0,3705.0,1.0,1.3679890560875512,0.0,0.0,3705.0,0.0,0.0,0.0,3705.0,0.0,3705.0
2019-01-15,3705.0,3735.0,3695.0,3695.0,40.0,-0.2699055330634278,0.0,0.0,148025.0,0.0,0.0,0.0,148025.0,0.0,148025.0
2019-01-16,3695.0,3695.0,3630.0,3650.0,594.0,-1.2178619756427604,0.0,0.0,2191085.0,0.0,0.0,0.0,2191085.0,0.0,2191085.0
2019-01-17,3680.0,3680.0,3645.0,3665.0,7479.0,0.410958904109589,0.0,0.0,27301250.0,0.0,0.0,0.0,27301250.0,0.0,27301250.0
2019-01-18,3710.0,3710.0,3650.0,3690.0,1016.0,0.6821282401091405,0.0,0.0,3730580.0,0.0,0.0,0.0,3726925.0,3655.0,3730580.0
2019-01-21,3805.0,3805.0,3650.0,3660.0,301.0,-0.8130081300813009,0.0,0.0,1111455.0,0.0,0.0,0.0,1111455.0,0.0,1111455.0
2019-01-22,3710.0,3765.0,3630.0,3660.0,8286.0,0.0,0.0,0.0,30107920.0,0.0,0.0,0.0,30107920.0,0.0,30107920.0
2019-01-23,3710.0,3710.0,3660.0,3700.0,70.0,1.092896174863388,0.0,0.0,258635.0,0.0,0.0,0.0,258635.0,0.0,258635.0
2019-01-24,3710.0,3710.0,3670.0,3705.0,172.0,0.13513513513513514,0.0,0.0,637325.0,0.0,0.0,0.0,637325.0,0.0,637325.0
2019-01-25,3740.0,3790.0,3710.0,3725.0,682.0,0.5398110661268556,0.0,0.0,2541910.0,0.0,0.0,0.0,2541910.0,0.0,2541910.0
2019-01-28,3740.0,3765.0,3725.0,3750.0,311.0,0.6711409395973155,0.0,0.0,1161440.0,0.0,0.0,0.0,1161440.0,0.0,1161440.0
2019-01-29,3790.0,3790.0,3705.0,3705.0,292.0,-1.2,0.0,0.0,1092395.0,0.0,0.0,0.0,1092395.0,0.0,1092395.0
2019-01-30,3720.0,3760.0,3720.0,3755.0,177.0,1.349527665317139,0.0,0.0,661710.0,0.0,0.0,0.0,661710.0,0.0,661710.0
2019-01-31,3795.0,3795.0,3700.0,3750.0,134.0,-0.13315579227696406,0.0,0.0,502490.0,0.0,0.0,0.0,502490.0,0.0,502490.0
2019-02-01,3845.0,3845.0,3730.0,3775.0,85.0,0.6666666666666667,0.0,0.0,319210.0,0.0,0.0,0.0,319210.0,0.0,319210.0
2019-02-07,3835.0,3835.0,3705.0,3770.0,59.0,-0.13245033112582782,0.0,0.0,221960.0,0.0,0.0,0.0,127710.0,94250.0,221960.0
2019-02-08,3840.0,3840.0,3785.0,3785.0,32.0,0.3978779840848806,0.0,0.0,121405.0,0.0,0.0,0.0,121405.0,0.0,121405.0
2019-02-11,3845.0,3850.0,3665.0,3700.0,5600.0,-2.2457067371202113,0.0,0.0,20874630.0,0.0,0.0,0.0,13289630.0,7585000.0,20874630.0
2019-02-12,3750.0,3750.0,3690.0,3720.0,387.0,0.5405405405405406,0.0,0.0,1443885.0,0.0,0.0,0.0,539765.0,904120.0,1443885.0
2019-02-13,3775.0,3775.0,3695.0,3725.0,1448.0,0.13440860215053765,0.0,0.0,5427260.0,0.0,0.0,0.0,4498760.0,928500.0,5427260.0
2019-02-14,3750.0,3750.0,3690.0,3730.0,664.0,0.1342281879194631,0.0,0.0,2455780.0,0.0,0.0,0.0,2075680.0,380100.0,2455780.0
2019-02-15,3750.0,3775.0,3660.0,3735.0,916.0,0.13404825737265416,0.0,0.0,3353990.0,0.0,0.0,0.0,2987810.0,366180.0,3353990.0
2019-02-18,3735.0,3735.0,3700.0,3730.0,3.0,-0.13386880856760375,0.0,0.0,11165.0,0.0,0.0,0.0,11165.0,0.0,11165.0
2019-02-19,3760.0,3760.0,3675.0,3680.0,1244.0,-1.3404825737265416,0.0,0.0,4574900.0,0.0,0.0,0.0,4574900.0,0.0,4574900.0
2019-02-20,3685.0,3685.0,3660.0,3675.0,1612.0,-0.1358695652173913,0.0,0.0,2247265.0,3670000.0,0.0,0.0,523995.0,5393270.0,5917265.0
2019-02-21,3685.0,3695.0,3685.0,3695.0,1414.0,0.5442176870748299,0.0,0.0,5224690.0,0.0,0.0,0.0,1038255.0,4186435.0,5224690.0
2019-02-22,3695.0,3740.0,3685.0,3695.0,2095.0,0.0,0.0,0.0,7751865.0,0.0,0.0,0.0,6783525.0,968340.0,7751865.0
2019-02-25,3750.0,3750.0,3735.0,3740.0,870.0,1.2178619756427604,0.0,0.0,3254820.0,0.0,0.0,0.0,3254820.0,0.0,3254820.0
2019-02-26,3755.0,3760.0,3750.0,3750.0,4204.0,0.267379679144385,0.0,0.0,15779460.0,0.0,0.0,0.0,13295150.0,2484310.0,15779460.0
2019-02-27,3845.0,3845.0,3700.0,3735.0,217.0,-0.4,0.0,0.0,824605.0,0.0,0.0,0.0,717000.0,107605.0,824605.0
2019-02-28,3800.0,3800.0,3735.0,3745.0,38.0,0.2677376171352075,0.0,0.0,142085.0,0.0,0.0,0.0,142085.0,0.0,142085.0
2019-03-04,3760.0,3760.0,3750.0,3750.0,567.0,0.13351134846461948,0.0,0.0,2129040.0,0.0,0.0,0.0,1509900.0,619140.0,2129040.0
2019-03-05,3750.0,3795.0,3700.0,3725.0,2856.0,-0.6666666666666667,0.0,0.0,10608270.0,0.0,0.0,0.0,3162920.0,7445350.0,10608270.0
2019-03-06,3725.0,3725.0,3700.0,3700.0,564.0,-0.6711409395973155,0.0,0.0,2088265.0,0.0,0.0,0.0,201040.0,1887225.0,2088265.0
2019-03-07,3795.0,3795.0,3700.0,3700.0,318.0,0.0,0.0,0.0,1187115.0,0.0,0.0,0.0,1141665.0,45450.0,1187115.0
2019-03-08,3795.0,3795.0,3650.0,3650.0,326.0,-1.3513513513513513,0.0,0.0,1216440.0,0.0,0.0,0.0,687070.0,529370.0,1216440.0
2019-03-11,3650.0,3650.0,3605.0,3645.0,2354.0,-0.136986301369863,0.0,0.0,8536580.0,0.0,0.0,0.0,5959205.0,2577375.0,8536580.0
2019-03-12,3670.0,3745.0,3670.0,3745.0,4.0,2.7434842249657065,0.0,0.0,14835.0,0.0,0.0,0.0,14835.0,0.0,14835.0
2019-03-13,3640.0,3680.0,3635.0,3640.0,1196.0,-2.803738317757009,0.0,0.0,4352470.0,0.0,0.0,0.0,4352470.0,0.0,4352470.0
2019-03-14,3630.0,3640.0,3600.0,3635.0,1867.0,-0.13736263736263737,0.0,0.0,6746550.0,0.0,0.0,0.0,6746550.0,0.0,6746550.0
2019-03-15,3605.0,3645.0,3605.0,3640.0,1589.0,0.1375515818431912,0.0,0.0,5757990.0,0.0,0.0,0.0,5757990.0,0.0,5757990.0
2019-03-18,3645.0,3780.0,3630.0,3780.0,2629.0,3.8461538461538463,0.0,0.0,9564875.0,0.0,0.0,0.0,9564875.0,0.0,9564875.0
2019-03-19,3685.0,3735.0,3685.0,3700.0,1930.0,-2.1164021164021163,0.0,0.0,7141660.0,0.0,0.0,0.0,7141660.0,0.0,7141660.0
2019-03-20,3690.0,3780.0,3690.0,3780.0,37.0,2.1621621621621623,0.0,0.0,138955.0,0.0,0.0,0.0,138955.0,0.0,138955.0
2019-03-21,3645.0,3780.0,3645.0,3780.0,184.0,0.0,0.0,0.0,688225.0,0.0,0.0,0.0,688225.0,0.0,688225.0
2019-03-22,3825.0,3825.0,3660.0,3660.0,927.0,-3.1746031746031744,0.0,0.0,3397745.0,0.0,0.0,0.0,3397745.0,0.0,3397745.0
2019-03-25,3640.0,3650.0,3620.0,3630.0,116.0,-0.819672131147541,0.0,0.0,420080.0,0.0,0.0,0.0,420080.0,0.0,420080.0
2019-03-26,3680.0,3680.0,3625.0,3625.0,509.0,-0.13774104683195593,0.0,0.0,1847020.0,0.0,0.0,0.0,1847020.0,0.0,1847020.0
2019-03-27,3825.0,3825.0,3625.0,3775.0,6.0,4.137931034482759,0.0,0.0,22585.0,0.0,0.0,0.0,22585.0,0.0,22585.0
2019-03-28,3660.0,3750.0,3620.0,3650.0,658.0,-3.3112582781456954,0.0,0.0,2387600.0,0.0,0.0,0.0,2387600.0,0.0,2387600.0
2019-03-29,3635.0,3650.0,3630.0,3650.0,2314.0,0.0,0.0,0.0,8412770.0,0.0,0.0,0.0,8412770.0,0.0,8412770.0
2019-04-01,3630.0,3650.0,3625.0,3650.0,813.0,0.0,0.0,0.0,2956680.0,0.0,0.0,0.0,2702060.0,254620.0,2956680.0
2019-04-02,3630.0,3680.0,3630.0,3680.0,842.0,0.821917808219178,0.0,0.0,3073360.0,0.0,0.0,0.0,298910.0,2774450.0,3073360.0
2019-04-03,3665.0,3685.0,3645.0,3680.0,304.0,0.0,0.0,0.0,1118345.0,0.0,0.0,0.0,319840.0,798505.0,1118345.0
2019-04-04,3700.0,3730.0,3695.0,3730.0,242.0,1.358695652173913,0.0,0.0,895465.0,0.0,0.0,0.0,618070.0,277395.0,895465.0
2019-04-05,3730.0,3795.0,3705.0,3790.0,590.0,1.6085790884718498,0.0,0.0,2222735.0,0.0,0.0,0.0,1883625.0,339110.0,2222735.0
2019-04-08,3790.0,3790.0,3780.0,3790.0,119.0,0.0,0.0,0.0,451000.0,0.0,0.0,0.0,451000.0,0.0,451000.0
2019-04-09,3790.0,3810.0,3760.0,3800.0,99.0,0.2638522427440633,0.0,0.0,375195.0,0.0,0.0,0.0,375195.0,0.0,375195.0
2019-04-10,3675.0,3800.0,3675.0,3795.0,227.0,-0.13157894736842105,0.0,0.0,733535.0,125400.0,0.0,0.0,858935.0,0.0,858935.0
2019-04-11,3820.0,3820.0,3735.0,3780.0,2873.0,-0.3952569169960474,0.0,0.0,10766570.0,0.0,0.0,0.0,10766570.0,0.0,10766570.0
2019-04-12,3755.0,3850.0,3750.0,3850.0,1452.0,1.8518518518518516,0.0,0.0,5576810.0,0.0,0.0,0.0,5576810.0,0.0,5576810.0
2019-04-15,3840.0,4130.0,3810.0,4020.0,2097.0,4.415584415584416,0.0,0.0,8440060.0,0.0,0.0,0.0,8440060.0,0.0,8440060.0
2019-04-16,4040.0,4040.0,3990.0,4040.0,819.0,0.4975124378109453,0.0,410970.0,2887015.0,0.0,0.0,0.0,3297985.0,0.0,3297985.0
2019-04-17,4040.0,4090.0,4040.0,4060.0,1201.0,0.49504950495049505,0.0,0.0,4871940.0,0.0,0.0,0.0,4871940.0,0.0,4871940.0
2019-04-18,4180.0,4180.0,3855.0,4045.0,147.0,-0.3694581280788177,0.0,0.0,600305.0,0.0,0.0,0.0,600305.0,0.0,600305.0
2019-04-19,4035.0,4035.0,3890.0,3965.0,1311.0,-1.9777503090234856,0.0,0.0,5110150.0,0.0,0.0,0.0,5110150.0,0.0,5110150.0
2019-04-22,4030.0,4030.0,3920.0,3920.0,1460.0,-1.1349306431273645,0.0,1794360.0,3946665.0,0.0,0.0,0.0,5741025.0,0.0,5741025.0
2019-04-23,3905.0,3975.0,3885.0,3885.0,3828.0,-0.8928571428571428,0.0,155800.0,14856535.0,0.0,0.0,0.0,15012335.0,0.0,15012335.0
2019-04-24,3870.0,4030.0,3805.0,3860.0,1745.0,-0.6435006435006435,0.0,0.0,6748660.0,0.0,0.0,0.0,6748660.0,0.0,6748660.0
2019-04-25,3860.0,3925.0,3810.0,3820.0,780.0,-1.0362694300518136,0.0,0.0,2983805.0,0.0,0.0,0.0,2983805.0,0.0,2983805.0
2019-04-26,4965.0,4965.0,3800.0,3825.0,470669.0,0.13089005235602094,1986000.0,0.0,2076967355.0,10897275.0,1986000.0,35325975.0,1820190115.0,232348540.0,2089850630.0
2019-04-29,3715.0,3720.0,3630.0,3690.0,75752.0,-3.5294117647058822,0.0,369000.0,278431040.0,0.0,0.0,0.0,278800040.0,0.0,278800040.0
2019-04-30,3665.0,3750.0,3660.0,3700.0,34517.0,0.27100271002710025,0.0,0.0,127038680.0,0.0,0.0,0.0,127038680.0,0.0,127038680.0
2019-05-02,3690.0,3720.0,3675.0,3720.0,26225.0,0.5405405405405406,0.0,2897880.0,94080685.0,0.0,0.0,0.0,96978565.0,0.0,96978565.0
2019-05-03,3795.0,3795.0,3720.0,3720.0,4558.0,0.0,0.0,1045320.0,15938235.0,0.0,0.0,0.0,16983555.0,0.0,16983555.0
2019-05-07,3720.0,3720.0,3660.0,3700.0,5390.0,-0.5376344086021506,0.0,0.0,19768415.0,0.0,0.0,0.0,19768415.0,0.0,19768415.0
2019-05-08,3655.0,3700.0,3650.0,3700.0,2324.0,0.0,0.0,0.0,8507835.0,0.0,0.0,0.0,8507835.0,0.0,8507835.0
2019-05-09,3710.0,3710.0,3600.0,3690.0,7335.0,-0.2702702702702703,0.0,0.0,26894295.0,0.0,0.0,0.0,26894295.0,0.0,26894295.0
2019-05-10,3685.0,3685.0,3650.0,3680.0,5631.0,-0.27100271002710025,0.0,1503800.0,19083015.0,0.0,0.0,0.0,20586815.0,0.0,20586815.0
2019-05-13,3610.0,3650.0,3610.0,3640.0,3100.0,-1.0869565217391304,0.0,0.0,11257755.0,0.0,0.0,0.0,11257755.0,0.0,11257755.0
2019-05-14,3610.0,3675.0,3610.0,3655.0,4722.0,0.4120879120879121,0.0,253400.0,16905765.0,0.0,0.0,0.0,17159165.0,0.0,17159165.0
2019-05-15,3630.0,3700.0,3630.0,3670.0,6330.0,0.4103967168262654,0.0,0.0,23050295.0,0.0,0.0,0.0,23050295.0,0.0,23050295.0
2019-05-16,3710.0,3745.0,3670.0,3740.0,900.0,1.9073569482288828,0.0,0.0,3336445.0,0.0,0.0,0.0,3336445.0,0.0,3336445.0
2019-05-17,3750.0,3760.0,3700.0,3720.0,892.0,-0.53475935828877,0.0,0.0,3324990.0,0.0,0.0,0.0,3324990.0,0.0,3324990.0
2019-05-20,3720.0,3785.0,3720.0,3750.0,4728.0,0.8064516129032258,0.0,0.0,17690705.0,0.0,0.0,0.0,17690705.0,0.0,17690705.0
2019-05-21,3750.0,3750.0,3675.0,3680.0,7305.0,-1.866666666666667,0.0,0.0,27162815.0,0.0,0.0,0.0,27162815.0,0.0,27162815.0
2019-05-22,3705.0,3780.0,3705.0,3715.0,2490.0,0.9510869565217392,0.0,0.0,9326775.0,0.0,0.0,0.0,9326775.0,0.0,9326775.0
2019-05-23,3715.0,3715.0,3665.0,3675.0,280.0,-1.0767160161507403,0.0,0.0,1032320.0,0.0,0.0,0.0,1032320.0,0.0,1032320.0
2019-05-24,3750.0,3750.0,3705.0,3705.0,12464.0,0.8163265306122449,0.0,0.0,9147765.0,37500000.0,0.0,0.0,46647765.0,0.0,46647765.0
2019-05-27,3730.0,3740.0,3700.0,3725.0,10060.0,0.5398110661268556,0.0,0.0,222245.0,37288290.0,0.0,0.0,37510535.0,0.0,37510535.0
2019-05-28,3765.0,3765.0,3730.0,3755.0,6220.0,0.8053691275167786,0.0,0.0,26275.0,23199555.0,0.0,0.0,23225830.0,0.0,23225830.0
2019-05-29,3765.0,3785.0,3705.0,3775.0,6115.0,0.5326231691078562,0.0,0.0,4206015.0,18800000.0,0.0,0.0,23006015.0,0.0,23006015.0
2019-05-30,3775.0,3775.0,3675.0,3695.0,615.0,-2.119205298013245,0.0,0.0,2269905.0,0.0,0.0,0.0,2269905.0,0.0,2269905.0
2019-05-31,3720.0,3760.0,3720.0,3760.0,1290.0,1.7591339648173208,0.0,0.0,4719300.0,122760.0,0.0,221840.0,4620220.0,0.0,4842060.0
2019-06-03,3785.0,3785.0,3770.0,3770.0,175.0,0.26595744680851063,0.0,0.0,660610.0,0.0,0.0,0.0,660610.0,0.0,660610.0
2019-06-04,3800.0,3840.0,3800.0,3835.0,1320.0,1.7241379310344827,0.0,3835.0,627335.0,4389000.0,0.0,0.0,5020170.0,0.0,5020170.0
2019-06-05,3850.0,3875.0,3835.0,3845.0,7866.0,0.2607561929595828,0.0,0.0,7180705.0,23093255.0,0.0,0.0,26840520.0,3433440.0,30273960.0
2019-06-07,3850.0,3850.0,3760.0,3790.0,645.0,-1.4304291287386215,0.0,0.0,2472045.0,0.0,0.0,0.0,2472045.0,0.0,2472045.0
2019-06-10,3890.0,3890.0,3840.0,3860.0,2469.0,1.8469656992084433,0.0,0.0,9534335.0,0.0,0.0,100360.0,7619075.0,1814900.0,9534335.0
2019-06-11,3870.0,3900.0,3860.0,3900.0,3901.0,1.0362694300518136,0.0,0.0,15165815.0,0.0,0.0,0.0,12444515.0,2721300.0,15165815.0
2019-06-12,3895.0,3900.0,3860.0,3895.0,3370.0,-0.1282051282051282,0.0,3890.0,13108870.0,0.0,0.0,0.0,13112760.0,0.0,13112760.0
2019-06-13,3940.0,3940.0,3825.0,3875.0,869.0,-0.5134788189987163,0.0,3880.0,3375425.0,0.0,0.0,0.0,3379305.0,0.0,3379305.0
2019-06-14,3790.0,3935.0,3790.0,3915.0,83.0,1.032258064516129,0.0,0.0,324160.0,0.0,0.0,0.0,324160.0,0.0,324160.0
2019-06-17,3920.0,3920.0,3815.0,3865.0,1184.0,-1.277139208173691,0.0,0.0,4592555.0,0.0,0.0,0.0,4592555.0,0.0,4592555.0
2019-06-18,3850.0,3915.0,3835.0,3840.0,400.0,-0.646830530401035,0.0,0.0,1543225.0,0.0,0.0,0.0,1543225.0,0.0,1543225.0
2019-06-19,3935.0,3935.0,3870.0,3885.0,2642.0,1.171875,0.0,3885.0,2667465.0,7561980.0,0.0,0.0,10233330.0,0.0,10233330.0
2019-06-20,3945.0,3945.0,3900.0,3900.0,2138.0,0.3861003861003861,0.0,0.0,1694805.0,6645600.0,0.0,2410200.0,5930205.0,0.0,8340405.0
2019-06-21,3950.0,3985.0,3895.0,3895.0,10712.0,-0.1282051282051282,0.0,0.0,2814445.0,39500000.0,0.0,0.0,42314445.0,0.0,42314445.0
2019-06-24,3900.0,3990.0,3900.0,3900.0,5077.0,0.12836970474967907,0.0,0.0,19115925.0,690300.0,0.0,0.0,305660.0,19500565.0,19806225.0
2019-06-25,3975.0,3975.0,3895.0,3930.0,318.0,0.7692307692307693,0.0,0.0,1244680.0,0.0,0.0,0.0,1244680.0,0.0,1244680.0
2019-06-26,3915.0,3965.0,3830.0,3835.0,2667.0,-2.4173027989821882,0.0,0.0,10245040.0,0.0,0.0,0.0,8284205.0,1960835.0,10245040.0
2019-06-27,3825.0,3945.0,3805.0,3830.0,1123.0,-0.1303780964797914,0.0,0.0,4299340.0,0.0,0.0,0.0,4299340.0,0.0,4299340.0
2019-06-28,3970.0,3970.0,3810.0,3855.0,429.0,0.6527415143603132,0.0,0.0,1654255.0,0.0,0.0,0.0,1654255.0,0.0,1654255.0
2019-07-01,3855.0,3910.0,3830.0,3865.0,3061.0,0.25940337224383914,0.0,0.0,11760420.0,0.0,0.0,0.0,11760420.0,0.0,11760420.0
2019-07-02,3865.0,3935.0,3850.0,3860.0,281.0,-0.129366106080207,0.0,0.0,1086155.0,0.0,0.0,0.0,1086155.0,0.0,1086155.0
2019-07-03,3970.0,3970.0,3830.0,3875.0,202.0,0.38860103626943004,0.0,0.0,777655.0,0.0,0.0,0.0,777655.0,0.0,777655.0
2019-07-04,3960.0,3960.0,3815.0,3870.0,561.0,-0.12903225806451613,0.0,0.0,2153720.0,0.0,0.0,0.0,2153720.0,0.0,2153720.0
2019-07-05,3930.0,3930.0,3815.0,3875.0,309.0,0.12919896640826875,0.0,0.0,1179250.0,0.0,0.0,0.0,1179250.0,0.0,1179250.0
2019-07-08,3875.0,3875.0,3770.0,3800.0,2340.0,-1.935483870967742,0.0,0.0,8972075.0,0.0,0.0,0.0,8972075.0,0.0,8972075.0
2019-07-09,3890.0,3890.0,3725.0,3785.0,724.0,-0.39473684210526316,0.0,0.0,2710815.0,0.0,0.0,0.0,2710815.0,0.0,2710815.0
2019-07-10,3785.0,3785.0,3735.0,3770.0,809.0,-0.3963011889035667,0.0,0.0,3028735.0,0.0,0.0,0.0,3028735.0,0.0,3028735.0
2019-07-11,3755.0,3770.0,3710.0,3770.0,526.0,0.0,0.0,0.0,1957930.0,0.0,0.0,0.0,1957930.0,0.0,1957930.0
2019-07-12,3795.0,3795.0,3670.0,3670.0,161.0,-2.6525198938992043,0.0,0.0,591600.0,0.0,0.0,0.0,591600.0,0.0,591600.0
2019-07-15,3770.0,3780.0,3745.0,3745.0,63.0,2.043596730245232,0.0,0.0,237630.0,0.0,0.0,0.0,237630.0,0.0,237630.0
2019-07-16,3775.0,3775.0,3675.0,3745.0,651.0,0.0,0.0,0.0,2443595.0,0.0,0.0,0.0,2443595.0,0.0,2443595.0
2019-07-17,3795.0,3795.0,3680.0,3730.0,120.0,-0.4005340453938585,0.0,0.0,442950.0,0.0,0.0,0.0,442950.0,0.0,442950.0
2019-07-18,3750.0,3755.0,3750.0,3750.0,5214.0,0.5361930294906166,0.0,0.0,803315.0,18750000.0,0.0,0.0,19553315.0,0.0,19553315.0
2019-07-19,3700.0,3755.0,3700.0,3700.0,2246.0,-1.3333333333333335,0.0,0.0,8311775.0,0.0,0.0,0.0,8311775.0,0.0,8311775.0
2019-07-22,3685.0,3740.0,3625.0,3680.0,394.0,-0.5405405405405406,0.0,0.0,1460985.0,0.0,0.0,0.0,1460985.0,0.0,1460985.0
2019-07-23,3625.0,3800.0,3625.0,3695.0,204.0,0.4076086956521739,0.0,0.0,753155.0,0.0,0.0,0.0,753155.0,0.0,753155.0
2019-07-24,3700.0,3780.0,3700.0,3780.0,4.0,2.3004059539918806,0.0,0.0,15040.0,0.0,0.0,0.0,15040.0,0.0,15040.0
2019-07-25,3800.0,3800.0,3795.0,3795.0,1600.0,0.3968253968253968,0.0,0.0,0.0,6079950.0,0.0,0.0,6079950.0,0.0,6079950.0
2019-07-26,3740.0,3785.0,3740.0,3740.0,273.0,-1.4492753623188406,0.0,0.0,1021070.0,0.0,0.0,0.0,1021070.0,0.0,1021070.0
2019-07-29,3740.0,3740.0,3575.0,3610.0,919.0,-3.4759358288770055,0.0,0.0,3311545.0,0.0,0.0,0.0,3311545.0,0.0,3311545.0
2019-07-30,3750.0,3750.0,3680.0,3685.0,332.0,2.0775623268698062,0.0,0.0,1225900.0,0.0,0.0,0.0,1225900.0,0.0,1225900.0
2019-07-31,3690.0,3690.0,3630.0,3630.0,140.0,-1.4925373134328357,3630.0,0.0,505305.0,0.0,0.0,0.0,508935.0,0.0,508935.0
2019-08-01,3630.0,3700.0,3500.0,3560.0,133.0,-1.9283746556473829,0.0,0.0,472520.0,0.0,0.0,0.0,451520.0,21000.0,472520.0
2019-08-02,3545.0,3560.0,3545.0,3560.0,1536.0,0.0,0.0,0.0,5467650.0,0.0,0.0,0.0,127650.0,5340000.0,5467650.0
2019-08-05,3405.0,3550.0,3405.0,3420.0,502.0,-3.932584269662921,0.0,0.0,1714055.0,0.0,0.0,0.0,1714055.0,0.0,1714055.0
2019-08-06,3420.0,3420.0,3410.0,3410.0,172.0,-0.29239766081871343,0.0,0.0,586590.0,0.0,0.0,0.0,586590.0,0.0,586590.0
2019-08-07,3495.0,3495.0,3495.0,3495.0,2.0,2.4926686217008798,0.0,0.0,6990.0,0.0,0.0,0.0,6990.0,0.0,6990.0
2019-08-08,3495.0,3600.0,3495.0,3590.0,95.0,2.7181688125894135,203580.0,0.0,132505.0,0.0,0.0,0.0,336085.0,0.0,336085.0
2019-08-09,3590.0,3590.0,3590.0,3590.0,6.0,0.0,0.0,0.0,21540.0,0.0,0.0,0.0,21540.0,0.0,21540.0
2019-08-12,3590.0,3590.0,3475.0,3475.0,635.0,-3.203342618384401,1556170.0,0.0,699505.0,0.0,0.0,0.0,2255675.0,0.0,2255675.0
2019-08-13,3475.0,3535.0,3400.0,3530.0,652.0,1.5827338129496402,0.0,0.0,2273695.0,0.0,0.0,0.0,2273695.0,0.0,2273695.0
2019-08-14,3530.0,3535.0,3530.0,3535.0,803.0,0.141643059490085,0.0,0.0,2837740.0,0.0,0.0,0.0,1423790.0,1413950.0,2837740.0
2019-08-16,3400.0,3470.0,3400.0,3450.0,2175.0,-2.4045261669024045,0.0,0.0,7488565.0,0.0,0.0,0.0,7488565.0,0.0,7488565.0
2019-08-19,3360.0,3480.0,3360.0,3480.0,127.0,0.8695652173913043,0.0,0.0,437845.0,0.0,0.0,0.0,437845.0,0.0,437845.0
2019-08-20,3500.0,3575.0,3500.0,3570.0,266.0,2.586206896551724,0.0,0.0,935470.0,0.0,0.0,0.0,935470.0,0.0,935470.0
2019-08-21,3720.0,3720.0,3420.0,3635.0,645.0,1.8207282913165268,0.0,0.0,2382995.0,0.0,0.0,0.0,2110515.0,272480.0,2382995.0
2019-08-22,3730.0,3730.0,3535.0,3555.0,223.0,-2.200825309491059,0.0,0.0,789275.0,0.0,0.0,0.0,679645.0,109630.0,789275.0
2019-08-23,3680.0,3680.0,3510.0,3590.0,234.0,0.9845288326300985,0.0,0.0,829155.0,0.0,0.0,0.0,46210.0,782945.0,829155.0
2019-08-26,3715.0,3715.0,3500.0,3615.0,94.0,0.6963788300835655,0.0,0.0,342020.0,0.0,0.0,0.0,342020.0,0.0,342020.0
2019-08-27,3685.0,3685.0,3550.0,3555.0,7.0,-1.6597510373443984,0.0,0.0,25530.0,0.0,0.0,0.0,25530.0,0.0,25530.0
2019-08-28,3555.0,3555.0,3460.0,3500.0,181.0,-1.5471167369901548,0.0,0.0,631595.0,0.0,0.0,0.0,631595.0,0.0,631595.0
2019-08-29,3455.0,3580.0,3450.0,3580.0,727.0,2.2857142857142856,0.0,0.0,2519825.0,0.0,0.0,0.0,2043150.0,476675.0,2519825.0
2019-08-30,3675.0,3675.0,3520.0,3525.0,383.0,-1.536312849162011,0.0,0.0,1377050.0,0.0,0.0,0.0,1232450.0,144600.0,1377050.0
2019-09-02,3420.0,3645.0,3420.0,3645.0,1048.0,3.404255319148936,0.0,0.0,3766590.0,0.0,0.0,0.0,3766590.0,0.0,3766590.0
2019-09-03,3500.0,3675.0,3500.0,3580.0,182.0,-1.7832647462277091,0.0,0.0,651760.0,0.0,0.0,0.0,651760.0,0.0,651760.0
2019-09-04,3735.0,3735.0,3535.0,3540.0,1051.0,-1.1173184357541899,0.0,0.0,3765365.0,0.0,0.0,0.0,3765365.0,0.0,3765365.0
2019-09-05,3580.0,3660.0,3565.0,3660.0,34.0,3.389830508474576,0.0,0.0,121485.0,0.0,0.0,0.0,121485.0,0.0,121485.0
2019-09-06,3660.0,3720.0,3605.0,3705.0,9.0,1.2295081967213115,0.0,0.0,33020.0,0.0,0.0,0.0,33020.0,0.0,33020.0
2019-09-09,3735.0,3735.0,3580.0,3705.0,693.0,0.0,0.0,0.0,2571970.0,0.0,0.0,0.0,2571970.0,0.0,2571970.0
2019-09-10,3735.0,3820.0,3585.0,3690.0,1779.0,-0.4048582995951417,0.0,0.0,6688755.0,0.0,0.0,0.0,5906855.0,781900.0,6688755.0
2019-09-11,3700.0,3700.0,3690.0,3695.0,519.0,0.13550135501355012,0.0,0.0,1920620.0,0.0,0.0,0.0,78020.0,1842600.0,1920620.0
2019-09-16,3700.0,3700.0,3615.0,3700.0,421.0,0.13531799729364005,0.0,0.0,1550510.0,0.0,0.0,0.0,570490.0,980020.0,1550510.0
2019-09-17,3700.0,3720.0,3605.0,3655.0,458.0,-1.2162162162162162,0.0,0.0,1694185.0,0.0,0.0,0.0,820295.0,873890.0,1694185.0
2019-09-18,3665.0,3680.0,3635.0,3670.0,432.0,0.4103967168262654,0.0,0.0,1586215.0,0.0,0.0,0.0,506885.0,1079330.0,1586215.0
2019-09-19,3715.0,3715.0,3615.0,3630.0,630.0,-1.08991825613079,0.0,0.0,2318270.0,0.0,0.0,0.0,2318270.0,0.0,2318270.0
2019-09-20,3600.0,3800.0,3600.0,3660.0,5141.0,0.8264462809917356,0.0,0.0,19031285.0,0.0,0.0,0.0,14621065.0,4410220.0,19031285.0
2019-09-23,3700.0,3700.0,3620.0,3660.0,34339.0,0.0,0.0,0.0,124690045.0,0.0,0.0,0.0,1296230.0,123393815.0,124690045.0
2019-09-24,3750.0,3750.0,3640.0,3675.0,295.0,0.4098360655737705,0.0,0.0,1089275.0,0.0,0.0,0.0,1089275.0,0.0,1089275.0
2019-09-25,3780.0,3780.0,3630.0,3700.0,433.0,0.6802721088435374,0.0,0.0,1593435.0,0.0,0.0,0.0,1593435.0,0.0,1593435.0
2019-09-26,3700.0,3700.0,3645.0,3650.0,2722.0,-1.3513513513513513,0.0,0.0,9936795.0,0.0,332605.0,0.0,475030.0,9129160.0,9936795.0
2019-09-27,3700.0,3700.0,3550.0,3615.0,11314.0,-0.9589041095890412,0.0,0.0,41154625.0,0.0,0.0,0.0,14427450.0,26727175.0,41154625.0
2019-09-30,3620.0,3625.0,3600.0,3600.0,2785.0,-0.4149377593360996,0.0,0.0,10063935.0,0.0,0.0,0.0,2152935.0,7911000.0,10063935.0
2019-10-01,3620.0,3690.0,3565.0,3645.0,816.0,1.25,0.0,0.0,2954655.0,0.0,0.0,0.0,2703495.0,251160.0,2954655.0
2019-10-02,3670.0,3670.0,3585.0,3630.0,282.0,-0.411522633744856,0.0,0.0,1024285.0,0.0,0.0,0.0,1024285.0,0.0,1024285.0
2019-10-04,3615.0,3625.0,3570.0,3570.0,537.0,-1.6528925619834711,0.0,0.0,1921945.0,0.0,0.0,0.0,1921945.0,0.0,1921945.0
2019-10-07,3550.0,3600.0,3500.0,3500.0,1467.0,-1.9607843137254901,0.0,0.0,5151090.0,0.0,0.0,0.0,5151090.0,0.0,5151090.0
2019-10-08,3540.0,3540.0,3430.0,3510.0,435.0,0.2857142857142857,0.0,0.0,1528175.0,0.0,0.0,0.0,1528175.0,0.0,1528175.0
2019-10-10,3515.0,3515.0,3355.0,3420.0,33708.0,-2.564102564102564,0.0,0.0,114252625.0,0.0,0.0,0.0,26614200.0,87638425.0,114252625.0
2019-10-11,3420.0,3490.0,3370.0,3460.0,585.0,1.1695906432748537,0.0,0.0,2004930.0,0.0,0.0,0.0,2004930.0,0.0,2004930.0
2019-10-14,3405.0,3475.0,3405.0,3460.0,585.0,0.0,0.0,0.0,2018375.0,0.0,0.0,0.0,2018375.0,0.0,2018375.0
2019-10-15,3405.0,3450.0,3390.0,3390.0,3515.0,-2.023121387283237,0.0,0.0,11978970.0,0.0,0.0,0.0,5706690.0,6272280.0,11978970.0
2019-10-16,3425.0,3425.0,3350.0,3390.0,13930.0,0.0,0.0,0.0,46936360.0,0.0,0.0,0.0,3322530.0,43613830.0,46936360.0
2019-10-17,3390.0,3410.0,3360.0,3405.0,47288.0,0.4424778761061947,0.0,0.0,158936840.0,0.0,0.0,0.0,6957560.0,151979280.0,158936840.0
2019-10-18,3405.0,3405.0,3405.0,3405.0,310.0,0.0,0.0,0.0,1055550.0,0.0,0.0,0.0,132795.0,922755.0,1055550.0
2019-10-21,3400.0,3400.0,3360.0,3375.0,1321.0,-0.881057268722467,0.0,0.0,4458140.0,0.0,0.0,0.0,4458140.0,0.0,4458140.0
2019-10-22,3400.0,3400.0,3360.0,3370.0,1190.0,-0.14814814814814814,0.0,0.0,4034400.0,0.0,0.0,0.0,2986890.0,1047510.0,4034400.0
2019-10-23,3340.0,3395.0,3340.0,3360.0,3659.0,-0.2967359050445104,0.0,0.0,12301485.0,0.0,0.0,0.0,477195.0,11824290.0,12301485.0
2019-10-24,3390.0,3390.0,3350.0,3360.0,5690.0,0.0,0.0,0.0,2317345.0,16950000.0,0.0,0.0,2283445.0,16983900.0,19267345.0
2019-10-25,3380.0,3380.0,3340.0,3375.0,12024.0,0.4464285714285714,0.0,0.0,6795850.0,33800000.0,0.0,0.0,9530270.0,31065580.0,40595850.0
2019-10-28,3380.0,3380.0,3350.0,3375.0,11642.0,0.0,0.0,0.0,5509725.0,33800000.0,0.0,0.0,8693685.0,30616040.0,39309725.0
2019-10-29,3380.0,3380.0,3340.0,3345.0,14469.0,-0.8888888888888888,0.0,0.0,14964450.0,33800000.0,0.0,0.0,18371490.0,30392960.0,48764450.0
2019-10-30,3350.0,3435.0,3350.0,3415.0,23871.0,2.092675635276532,0.0,0.0,46494470.0,33500000.0,0.0,0.0,747225.0,79247245.0,79994470.0
2019-10-31,3450.0,3450.0,3400.0,3425.0,112.0,0.29282576866764276,0.0,0.0,384875.0,0.0,0.0,0.0,384875.0,0.0,384875.0
2019-11-01,3400.0,3400.0,3360.0,3390.0,11333.0,-1.0218978102189782,0.0,0.0,4492695.0,34000000.0,3400.0,0.0,11398095.0,27091200.0,38492695.0
2019-11-04,3400.0,3400.0,3365.0,3365.0,1329.0,-0.7374631268436578,0.0,0.0,4492475.0,0.0,0.0,0.0,1113475.0,3379000.0,4492475.0
2019-11-05,3315.0,3500.0,3315.0,3375.0,2214.0,0.2971768202080238,0.0,0.0,7472715.0,0.0,0.0,0.0,722715.0,6750000.0,7472715.0
2019-11-06,3450.0,3450.0,3350.0,3380.0,2877.0,0.14814814814814814,0.0,0.0,9659900.0,0.0,0.0,0.0,3275900.0,6384000.0,9659900.0
2019-11-07,3380.0,3380.0,3365.0,3365.0,11754.0,-0.4437869822485207,0.0,0.0,5920440.0,33800000.0,0.0,0.0,9574220.0,30146220.0,39720440.0
2019-11-08,3440.0,3440.0,3310.0,3310.0,3107.0,-1.634472511144131,0.0,0.0,10445555.0,0.0,0.0,0.0,3996055.0,6449500.0,10445555.0
2019-11-11,3315.0,3390.0,3315.0,3385.0,30858.0,2.2658610271903323,0.0,0.0,69361330.0,34189000.0,0.0,0.0,8752010.0,94798320.0,103550330.0
2019-11-12,3415.0,3420.0,3405.0,3405.0,1621.0,0.5908419497784343,0.0,0.0,5528760.0,0.0,0.0,0.0,5528760.0,0.0,5528760.0
2019-11-13,3495.0,3495.0,3360.0,3390.0,192.0,-0.4405286343612335,0.0,0.0,660160.0,0.0,0.0,0.0,660160.0,0.0,660160.0
2019-11-14,3475.0,3475.0,3305.0,3390.0,53377.0,0.0,0.0,0.0,177664060.0,0.0,0.0,0.0,7584830.0,170079230.0,177664060.0
2019-11-15,3380.0,3380.0,3330.0,3360.0,9520.0,-0.8849557522123894,0.0,0.0,31904185.0,0.0,0.0,0.0,67185.0,31837000.0,31904185.0
2019-11-18,3300.0,3340.0,3300.0,3320.0,13325.0,-1.1904761904761905,0.0,0.0,44213960.0,0.0,0.0,0.0,4381245.0,39832715.0,44213960.0
2019-11-19,3350.0,3350.0,3300.0,3310.0,8890.0,-0.30120481927710846,0.0,0.0,29415020.0,0.0,0.0,0.0,4600020.0,24815000.0,29415020.0
2019-11-20,3310.0,3310.0,3290.0,3300.0,16386.0,-0.3021148036253776,0.0,0.0,54139310.0,0.0,0.0,0.0,9519600.0,44619710.0,54139310.0
2019-11-21,3330.0,3330.0,3260.0,3270.0,7048.0,-0.9090909090909091,0.0,0.0,22983080.0,0.0,0.0,0.0,1788870.0,21194210.0,22983080.0
2019-11-22,3300.0,3300.0,3285.0,3300.0,6141.0,0.9174311926605505,0.0,0.0,20265025.0,0.0,0.0,0.0,20265025.0,0.0,20265025.0
2019-11-25,3330.0,3335.0,3330.0,3335.0,1883.0,1.0606060606060608,0.0,0.0,6274790.0,0.0,0.0,0.0,6274790.0,0.0,6274790.0
2019-11-26,3285.0,3350.0,3285.0,3340.0,2884.0,0.14992503748125938,0.0,0.0,9637835.0,0.0,0.0,0.0,9637835.0,0.0,9637835.0
2019-11-27,3340.0,3390.0,3340.0,3390.0,99265.0,1.4970059880239521,0.0,0.0,5337560.0,326264560.0,0.0,0.0,5337560.0,326264560.0,331602120.0
2019-11-28,3475.0,3475.0,3400.0,3415.0,472.0,0.7374631268436578,0.0,0.0,1606370.0,0.0,0.0,0.0,1606370.0,0.0,1606370.0
2019-11-29,3445.0,3445.0,3440.0,3440.0,76.0,0.7320644216691069,0.0,0.0,261520.0,0.0,0.0,0.0,261520.0,0.0,261520.0
2019-12-02,3350.0,3380.0,3350.0,3380.0,490.0,-1.744186046511628,0.0,0.0,1648190.0,0.0,0.0,0.0,1648190.0,0.0,1648190.0
2019-12-03,3375.0,3410.0,3355.0,3355.0,195.0,-0.7396449704142012,0.0,0.0,655425.0,0.0,0.0,0.0,655425.0,0.0,655425.0
2019-12-04,3395.0,3395.0,3395.0,3395.0,10.0,1.1922503725782414,0.0,0.0,33950.0,0.0,0.0,0.0,33950.0,0.0,33950.0
2019-12-05,3390.0,3390.0,3390.0,3390.0,4.0,-0.14727540500736377,0.0,0.0,13560.0,0.0,0.0,0.0,13560.0,0.0,13560.0
2019-12-06,3425.0,3430.0,3360.0,3370.0,237.0,-0.5899705014749262,0.0,0.0,798100.0,0.0,0.0,0.0,798100.0,0.0,798100.0
2019-12-09,3320.0,3370.0,3320.0,3365.0,161.0,-0.1483679525222552,0.0,0.0,539700.0,0.0,0.0,0.0,539700.0,0.0,539700.0
2019-12-10,3295.0,3425.0,3295.0,3405.0,132.0,1.188707280832095,0.0,0.0,445055.0,0.0,0.0,0.0,445055.0,0.0,445055.0
2019-12-11,3335.0,3395.0,3300.0,3375.0,1566.0,-0.881057268722467,0.0,0.0,5193030.0,0.0,0.0,0.0,5193030.0,0.0,5193030.0
2019-12-12,3370.0,3440.0,3340.0,3435.0,1050.0,1.7777777777777777,0.0,0.0,3534530.0,0.0,0.0,0.0,3534530.0,0.0,3534530.0
2019-12-13,3340.0,3430.0,3340.0,3430.0,335.0,-0.1455604075691412,0.0,0.0,1148355.0,0.0,0.0,0.0,1148355.0,0.0,1148355.0
2019-12-16,3360.0,3425.0,3360.0,3410.0,158.0,-0.5830903790087464,0.0,0.0,533655.0,0.0,0.0,0.0,533655.0,0.0,533655.0
2019-12-17,3350.0,3405.0,3350.0,3395.0,1110.0,-0.43988269794721413,0.0,0.0,3766360.0,0.0,0.0,0.0,3766360.0,0.0,3766360.0
2019-12-18,3395.0,3435.0,3395.0,3435.0,686.0,1.1782032400589102,0.0,0.0,2332180.0,0.0,0.0,0.0,2332180.0,0.0,2332180.0
2019-12-19,3450.0,3450.0,3420.0,3420.0,3.0,-0.43668122270742354,0.0,0.0,10290.0,0.0,0.0,0.0,10290.0,0.0,10290.0
2019-12-20,3410.0,3460.0,3410.0,3460.0,23.0,1.1695906432748537,0.0,0.0,78530.0,0.0,0.0,0.0,78530.0,0.0,78530.0
2019-12-23,3440.0,3440.0,3420.0,3420.0,100.0,-1.1560693641618496,0.0,0.0,342950.0,0.0,0.0,0.0,342950.0,0.0,342950.0
2019-12-24,3420.0,3430.0,3420.0,3420.0,422.0,0.0,0.0,0.0,1446400.0,0.0,0.0,0.0,1446400.0,0.0,1446400.0
2019-12-26,3420.0,3500.0,3420.0,3445.0,2374.0,0.7309941520467835,0.0,0.0,8277900.0,0.0,0.0,0.0,8277900.0,0.0,8277900.0
2019-12-27,3445.0,3515.0,3365.0,3470.0,355.0,0.7256894049346879,0.0,0.0,1233405.0,0.0,0.0,0.0,1233405.0,0.0,1233405.0
2019-12-30,3500.0,3500.0,3350.0,3400.0,610.0,-2.0172910662824206,0.0,0.0,2058555.0,0.0,0.0,0.0,2058555.0,0.0,2058555.0
2020-01-02,3425.0,3425.0,3395.0,3410.0,39.0,0.29411764705882354,0.0,0.0,133120.0,0.0,0.0,0.0,133120.0,0.0,133120.0
2020-01-03,3410.0,3410.0,3375.0,3400.0,1463.0,-0.2932551319648094,0.0,0.0,4972890.0,0.0,0.0,0.0,4972890.0,0.0,4972890.0
2020-01-06,3400.0,3425.0,3360.0,3405.0,2998.0,0.14705882352941177,0.0,0.0,10198300.0,0.0,0.0,0.0,10198300.0,0.0,10198300.0
2020-01-07,3405.0,3490.0,3405.0,3465.0,414.0,1.762114537444934,0.0,0.0,1411505.0,0.0,0.0,0.0,1411505.0,0.0,1411505.0
2020-01-08,3405.0,3405.0,3350.0,3400.0,1321.0,-1.875901875901876,0.0,0.0,4480120.0,0.0,0.0,0.0,4480120.0,0.0,4480120.0
2020-01-09,3400.0,3485.0,3340.0,3475.0,246.0,2.2058823529411766,0.0,0.0,842680.0,0.0,0.0,0.0,842680.0,0.0,842680.0
2020-01-10,3400.0,3450.0,3400.0,3450.0,475.0,-0.7194244604316548,0.0,0.0,1623510.0,0.0,0.0,0.0,1623510.0,0.0,1623510.0
2020-01-13,3405.0,3435.0,3400.0,3430.0,494.0,-0.5797101449275363,0.0,0.0,1680235.0,0.0,0.0,0.0,1680235.0,0.0,1680235.0
2020-01-14,3430.0,3430.0,3385.0,3430.0,520.0,0.0,0.0,0.0,1770135.0,0.0,0.0,0.0,1770135.0,0.0,1770135.0
2020-01-15,3420.0,3430.0,3400.0,3400.0,208.0,-0.8746355685131195,0.0,0.0,710460.0,0.0,0.0,0.0,710460.0,0.0,710460.0
2020-01-16,3365.0,3390.0,3360.0,3385.0,1025.0,-0.4411764705882353,0.0,0.0,3444580.0,0.0,0.0,0.0,3444580.0,0.0,3444580.0
2020-01-17,3420.0,3420.0,3380.0,3380.0,300.0,-0.14771048744460857,0.0,0.0,1014050.0,0.0,0.0,0.0,1014050.0,0.0,1014050.0
2020-01-20,3400.0,3400.0,3370.0,3370.0,163.0,-0.2958579881656805,0.0,0.0,533220.0,16875.0,0.0,0.0,550095.0,0.0,550095.0
2020-01-21,3300.0,3390.0,3300.0,3390.0,242.0,0.5934718100890208,0.0,0.0,807500.0,0.0,0.0,0.0,807500.0,0.0,807500.0
2020-01-22,3385.0,3385.0,3355.0,3355.0,19.0,-1.0324483775811208,0.0,0.0,63835.0,0.0,0.0,0.0,63835.0,0.0,63835.0
2020-01-23,3355.0,3355.0,3305.0,3340.0,1657.0,-0.44709388971684055,0.0,0.0,5483085.0,0.0,0.0,0.0,5483085.0,0.0,5483085.0
2020-01-28,3385.0,3385.0,3305.0,3305.0,1869.0,-1.0479041916167664,0.0,0.0,6190385.0,0.0,0.0,0.0,6190385.0,0.0,6190385.0
2020-01-29,3310.0,3330.0,3310.0,3320.0,5.0,0.45385779122541603,0.0,0.0,16600.0,0.0,0.0,0.0,16600.0,0.0,16600.0
2020-01-30,3320.0,3370.0,3315.0,3315.0,183.0,-0.15060240963855423,0.0,0.0,606860.0,0.0,0.0,0.0,56540.0,550320.0,606860.0
2020-01-31,3315.0,3340.0,3300.0,3300.0,85.0,-0.4524886877828055,0.0,0.0,281635.0,0.0,0.0,0.0,132625.0,149010.0,281635.0
2020-02-03,3300.0,3380.0,3300.0,3340.0,2177.0,1.2121212121212122,0.0,0.0,7204390.0,0.0,0.0,0.0,4561050.0,2643340.0,7204390.0
2020-02-04,3340.0,3340.0,3315.0,3335.0,16.0,-0.14970059880239522,0.0,0.0,53165.0,0.0,0.0,0.0,20015.0,33150.0,53165.0
2020-02-05,3335.0,3335.0,3335.0,3335.0,23.0,0.0,0.0,0.0,76705.0,0.0,0.0,0.0,76705.0,0.0,76705.0
2020-02-06,3315.0,3355.0,3315.0,3355.0,1770.0,0.5997001499250375,0.0,0.0,5868465.0,0.0,0.0,0.0,5868465.0,0.0,5868465.0
2020-02-07,3350.0,3390.0,3350.0,3365.0,69.0,0.29806259314456035,0.0,0.0,231675.0,0.0,0.0,0.0,187930.0,43745.0,231675.0
2020-02-10,3365.0,3390.0,3350.0,3390.0,395.0,0.7429420505200593,0.0,0.0,1330295.0,0.0,0.0,0.0,1330295.0,0.0,1330295.0
2020-02-11,3290.0,3400.0,3290.0,3400.0,1422.0,0.2949852507374631,0.0,0.0,4739125.0,0.0,0.0,0.0,4739125.0,0.0,4739125.0
2020-02-12,3400.0,3440.0,3320.0,3430.0,2246.0,0.8823529411764706,0.0,0.0,7619100.0,0.0,0.0,0.0,7619100.0,0.0,7619100.0
2020-02-13,3360.0,3425.0,3360.0,3400.0,192.0,-0.8746355685131195,0.0,0.0,652745.0,0.0,0.0,0.0,652745.0,0.0,652745.0
2020-02-14,3325.0,3395.0,3325.0,3395.0,192.0,-0.14705882352941177,0.0,0.0,640440.0,0.0,0.0,0.0,640440.0,0.0,640440.0
2020-02-17,3355.0,3395.0,3345.0,3380.0,85.0,-0.4418262150220913,0.0,0.0,285485.0,0.0,0.0,0.0,285485.0,0.0,285485.0
2020-02-18,3335.0,3465.0,3335.0,3375.0,169.0,-0.14792899408284024,0.0,0.0,570740.0,0.0,0.0,0.0,570740.0,0.0,570740.0
2020-02-19,3370.0,3480.0,3300.0,3480.0,396.0,3.111111111111111,0.0,0.0,1334205.0,0.0,0.0,0.0,1334205.0,0.0,1334205.0
2020-02-20,3480.0,3480.0,3460.0,3480.0,143.0,0.0,0.0,0.0,497540.0,0.0,0.0,0.0,497540.0,0.0,497540.0
2020-02-21,3440.0,3440.0,3440.0,3440.0,0.0,-1.1494252873563218,0.0,0.0,0.0,0.0,0.0,0.0,0.0,0.0,0.0
2020-02-24,3325.0,3340.0,3310.0,3325.0,730.0,-3.343023255813953,0.0,0.0,2418860.0,0.0,0.0,0.0,1424360.0,994500.0,2418860.0
2020-02-25,3325.0,3330.0,3290.0,3300.0,108.0,-0.7518796992481203,0.0,0.0,356155.0,0.0,332995.0,0.0,23160.0,0.0,356155.0
2020-02-26,3265.0,3310.0,3265.0,3275.0,761.0,-0.7575757575757576,0.0,0.0,2490960.0,0.0,1279880.0,0.0,1211080.0,0.0,2490960.0
2020-02-27,3345.0,3345.0,3265.0,3265.0,374.0,-0.3053435114503817,0.0,0.0,1222240.0,0.0,0.0,0.0,1222240.0,0.0,1222240.0
2020-02-28,3250.0,3250.0,3160.0,3210.0,2247.0,-1.6845329249617151,0.0,0.0,7233005.0,0.0,0.0,0.0,7233005.0,0.0,7233005.0
2020-03-02,3210.0,3300.0,3210.0,3280.0,294.0,2.1806853582554515,0.0,0.0,948065.0,0.0,0.0,0.0,948065.0,0.0,948065.0
2020-03-03,3140.0,3260.0,3140.0,3180.0,468.0,-3.048780487804878,0.0,0.0,1504250.0,0.0,0.0,0.0,509410.0,994840.0,1504250.0
2020-03-04,3180.0,3180.0,3110.0,3115.0,32242.0,-2.044025157232704,0.0,0.0,100369975.0,0.0,0.0,0.0,100369975.0,0.0,100369975.0
2020-03-05,3155.0,3155.0,3115.0,3120.0,1098.0,0.16051364365971107,0.0,0.0,3422680.0,0.0,0.0,0.0,3422680.0,0.0,3422680.0
2020-03-06,3110.0,3110.0,3100.0,3110.0,2188.0,-0.3205128205128205,0.0,0.0,6801385.0,0.0,0.0,4724090.0,2077295.0,0.0,6801385.0
2020-03-09,3085.0,3085.0,2900.0,2950.0,2171.0,-5.144694533762058,0.0,0.0,6342035.0,0.0,0.0,70725.0,6271310.0,0.0,6342035.0
2020-03-10,2940.0,2990.0,2905.0,2990.0,76.0,1.3559322033898304,0.0,0.0,221995.0,0.0,0.0,0.0,221995.0,0.0,221995.0
2020-03-11,2875.0,2980.0,2875.0,2895.0,455.0,-3.177257525083612,0.0,0.0,1315655.0,0.0,0.0,0.0,1315655.0,0.0,1315655.0
2020-03-12,2895.0,2895.0,2775.0,2795.0,133.0,-3.454231433506045,0.0,0.0,372655.0,0.0,0.0,0.0,372655.0,0.0,372655.0
2020-03-13,2140.0,2550.0,2140.0,2550.0,1490.0,-8.765652951699463,477980.0,0.0,2906475.0,0.0,0.0,0.0,3384455.0,0.0,3384455.0
2020-03-16,2850.0,2895.0,2500.0,2500.0,2485.0,-1.9607843137254901,0.0,0.0,6879580.0,0.0,545400.0,0.0,6334180.0,0.0,6879580.0
2020-03-17,2300.0,2485.0,2300.0,2310.0,1408.0,-7.6,0.0,0.0,3343950.0,0.0,0.0,0.0,3343950.0,0.0,3343950.0
2020-03-18,2400.0,2400.0,2310.0,2375.0,456.0,2.813852813852814,0.0,0.0,1093075.0,0.0,0.0,0.0,445750.0,647325.0,1093075.0
2020-03-19,2260.0,2400.0,2160.0,2160.0,3385.0,-9.05263157894737,0.0,1712880.0,5486840.0,354000.0,0.0,0.0,5584650.0,1969070.0,7553720.0
2020-03-20,2160.0,2400.0,2130.0,2130.0,2698.0,-1.3888888888888888,0.0,0.0,5778545.0,0.0,0.0,0.0,1854445.0,3924100.0,5778545.0
2020-03-23,2130.0,2190.0,2015.0,2025.0,258.0,-4.929577464788732,0.0,0.0,541465.0,0.0,0.0,0.0,333690.0,207775.0,541465.0
2020-03-24,1940.0,2080.0,1940.0,2080.0,666.0,2.7160493827160495,0.0,0.0,1371895.0,0.0,0.0,0.0,753425.0,618470.0,1371895.0
2020-03-25,2100.0,2380.0,2100.0,2160.0,1402.0,3.8461538461538463,0.0,0.0,3173205.0,0.0,0.0,0.0,2653405.0,519800.0,3173205.0
2020-03-26,2165.0,2300.0,2145.0,2240.0,1504.0,3.7037037037037033,0.0,0.0,3246590.0,0.0,0.0,0.0,2598205.0,648385.0,3246590.0
2020-03-27,2290.0,2290.0,2200.0,2250.0,1035.0,0.4464285714285714,0.0,0.0,2325275.0,0.0,0.0,0.0,765440.0,1559835.0,2325275.0
2020-03-30,2235.0,2240.0,2235.0,2240.0,39.0,-0.4444444444444444,0.0,0.0,88745.0,0.0,0.0,0.0,88745.0,0.0,88745.0
2020-03-31,2240.0,2355.0,2240.0,2355.0,338.0,5.133928571428571,0.0,0.0,788500.0,0.0,0.0,0.0,719500.0,69000.0,788500.0
2020-04-01,2225.0,2395.0,2225.0,2350.0,827.0,-0.21231422505307856,0.0,0.0,1916335.0,0.0,0.0,0.0,1916335.0,0.0,1916335.0
2020-04-02,2300.0,2430.0,2300.0,2430.0,118.0,3.404255319148936,0.0,0.0,273055.0,0.0,0.0,0.0,273055.0,0.0,273055.0
2020-04-03,2450.0,2450.0,2450.0,2450.0,22.0,0.823045267489712,0.0,0.0,53900.0,0.0,0.0,0.0,53900.0,0.0,53900.0
2020-04-06,2360.0,2495.0,2360.0,2475.0,622.0,1.0204081632653061,0.0,0.0,1536620.0,0.0,0.0,0.0,1536620.0,0.0,1536620.0
2020-04-07,2495.0,2495.0,2355.0,2495.0,246.0,0.8080808080808081,0.0,0.0,605570.0,0.0,0.0,0.0,573395.0,32175.0,605570.0
2020-04-08,2490.0,2545.0,2355.0,2545.0,1615.0,2.004008016032064,0.0,0.0,4038625.0,0.0,0.0,0.0,4038625.0,0.0,4038625.0
2020-04-09,2545.0,2625.0,2460.0,2605.0,1286.0,2.357563850687623,0.0,0.0,3283545.0,0.0,0.0,0.0,3283545.0,0.0,3283545.0
2020-04-10,2500.0,2790.0,2500.0,2700.0,1533.0,3.6468330134357005,0.0,0.0,4072045.0,0.0,0.0,0.0,4072045.0,0.0,4072045.0
2020-04-13,2780.0,2780.0,2590.0,2645.0,370.0,-2.037037037037037,0.0,0.0,974945.0,0.0,0.0,0.0,974945.0,0.0,974945.0
2020-04-14,2645.0,2670.0,2635.0,2660.0,188.0,0.5671077504725899,0.0,0.0,499315.0,0.0,0.0,0.0,499315.0,0.0,499315.0
2020-04-16,2680.0,2750.0,2660.0,2700.0,46.0,1.5037593984962405,0.0,0.0,124955.0,0.0,0.0,0.0,124955.0,0.0,124955.0
2020-04-17,2700.0,2780.0,2690.0,2730.0,168.0,1.1111111111111112,0.0,0.0,453885.0,0.0,0.0,0.0,453885.0,0.0,453885.0
2020-04-20,2655.0,2795.0,2655.0,2735.0,145.0,0.18315018315018314,0.0,0.0,392265.0,0.0,0.0,0.0,392265.0,0.0,392265.0
2020-04-21,2835.0,2835.0,2655.0,2685.0,325.0,-1.8281535648994516,0.0,0.0,882820.0,0.0,0.0,0.0,882820.0,0.0,882820.0
2020-04-22,2680.0,2680.0,2650.0,2675.0,49.0,-0.37243947858473,0.0,0.0,130415.0,0.0,0.0,0.0,130415.0,0.0,130415.0
2020-04-23,2675.0,2675.0,2655.0,2655.0,372.0,-0.7476635514018692,0.0,0.0,989910.0,0.0,0.0,0.0,490025.0,499885.0,989910.0
2020-04-24,2685.0,2685.0,2650.0,2660.0,209.0,0.18832391713747645,0.0,0.0,556555.0,0.0,0.0,0.0,556555.0,0.0,556555.0
2020-04-27,2660.0,2700.0,2660.0,2700.0,737.0,1.5037593984962405,0.0,0.0,1979160.0,0.0,0.0,0.0,1979160.0,0.0,1979160.0
2020-04-28,2745.0,2745.0,2670.0,2705.0,82.0,0.1851851851851852,0.0,0.0,223720.0,0.0,0.0,0.0,223720.0,0.0,223720.0
2020-04-29,2705.0,2735.0,2515.0,2730.0,1006.0,0.9242144177449169,0.0,0.0,2646035.0,0.0,0.0,0.0,2646035.0,0.0,2646035.0
2020-05-04,2730.0,2730.0,2625.0,2730.0,289.0,0.0,0.0,0.0,783460.0,0.0,0.0,0.0,780730.0,2730.0,783460.0
2020-05-06,2890.0,2890.0,2715.0,2740.0,5935.0,0.3663003663003663,0.0,0.0,16646760.0,0.0,0.0,0.0,11675205.0,4971555.0,16646760.0
2020-05-07,2770.0,2770.0,2730.0,2730.0,1247.0,-0.36496350364963503,0.0,0.0,3408175.0,0.0,0.0,0.0,948105.0,2460070.0,3408175.0
2020-05-08,2840.0,2840.0,2730.0,2740.0,4067.0,0.3663003663003663,0.0,0.0,10152200.0,994620.0,0.0,0.0,5962750.0,5184070.0,11146820.0
2020-05-11,2790.0,2790.0,2700.0,2740.0,472718.0,0.0,0.0,1273278000.0,21878255.0,0.0,0.0,1273278000.0,5521200.0,16357055.0,1295156255.0
2020-05-12,2740.0,2740.0,2690.0,2690.0,519.0,-1.824817518248175,0.0,0.0,1413155.0,0.0,0.0,0.0,1171060.0,242095.0,1413155.0
2020-05-13,2610.0,2680.0,2610.0,2650.0,214.0,-1.486988847583643,0.0,0.0,566920.0,0.0,0.0,0.0,31620.0,535300.0,566920.0
2020-05-14,2650.0,2650.0,2595.0,2600.0,334.0,-1.8867924528301887,0.0,0.0,871560.0,0.0,0.0,0.0,233045.0,638515.0,871560.0
2020-05-15,2600.0,2665.0,2600.0,2620.0,3883.0,0.7692307692307693,0.0,0.0,10096085.0,0.0,0.0,0.0,1635685.0,8460400.0,10096085.0
2020-05-18,2550.0,2600.0,2550.0,2600.0,1305.0,-0.7633587786259541,0.0,0.0,3386235.0,0.0,0.0,0.0,3157435.0,228800.0,3386235.0
2020-05-19,2600.0,2675.0,2600.0,2605.0,3200.0,0.19230769230769232,0.0,0.0,8396640.0,0.0,0.0,0.0,4235640.0,4161000.0,8396640.0
2020-05-20,2610.0,2645.0,2610.0,2645.0,6780.0,1.5355086372360844,0.0,0.0,17729420.0,0.0,0.0,0.0,568470.0,17160950.0,17729420.0
2020-05-21,2645.0,2735.0,2645.0,2705.0,6621.0,2.2684310018903595,0.0,0.0,17590615.0,0.0,0.0,0.0,8325615.0,9265000.0,17590615.0
2020-05-22,2705.0,2750.0,2650.0,2670.0,635.0,-1.2939001848428837,0.0,0.0,1683740.0,0.0,0.0,0.0,1678240.0,5500.0,1683740.0
2020-05-25,2670.0,2670.0,2585.0,2625.0,10253.0,-1.6853932584269662,0.0,0.0,26865000.0,13025.0,0.0,0.0,3558425.0,23319600.0,26878025.0
2020-05-26,2645.0,2745.0,2625.0,2685.0,8865.0,2.2857142857142856,0.0,0.0,23509210.0,0.0,0.0,0.0,6309515.0,17199695.0,23509210.0
2020-05-27,2630.0,2675.0,2630.0,2670.0,7508.0,-0.5586592178770949,0.0,0.0,19773095.0,0.0,0.0,0.0,3448685.0,16324410.0,19773095.0
2020-05-28,2635.0,2690.0,2630.0,2645.0,2955.0,-0.9363295880149813,0.0,0.0,7818765.0,0.0,0.0,0.0,7818765.0,0.0,7818765.0
2020-05-29,2680.0,2680.0,2625.0,2670.0,588.0,0.945179584120983,0.0,0.0,1546345.0,0.0,0.0,0.0,1546345.0,0.0,1546345.0
2020-06-01,2675.0,2775.0,2675.0,2750.0,43061.0,2.9962546816479403,0.0,0.0,118415410.0,0.0,0.0,0.0,13958285.0,104457125.0,118415410.0
2020-06-02,2750.0,2750.0,2710.0,2740.0,2990.0,-0.36363636363636365,0.0,0.0,8210675.0,0.0,0.0,0.0,2295425.0,5915250.0,8210675.0
2020-06-03,2740.0,2750.0,2710.0,2720.0,4972.0,-0.7299270072992701,0.0,0.0,13627360.0,0.0,0.0,0.0,10491720.0,3135640.0,13627360.0
2020-06-04,2720.0,2745.0,2710.0,2745.0,1804.0,0.9191176470588236,0.0,0.0,4904275.0,0.0,0.0,0.0,3044500.0,1859775.0,4904275.0
2020-06-05,2735.0,2745.0,2715.0,2745.0,795.0,0.0,0.0,0.0,2159940.0,0.0,0.0,0.0,2159940.0,0.0,2159940.0
2020-06-08,2750.0,2800.0,2740.0,2750.0,20539.0,0.18214936247723132,0.0,0.0,56536995.0,0.0,0.0,0.0,44777995.0,11759000.0,56536995.0
2020-06-09,2760.0,2995.0,2760.0,2910.0,17824.0,5.818181818181818,0.0,0.0,51985540.0,0.0,0.0,0.0,51985540.0,0.0,51985540.0
2020-06-10,2915.0,2940.0,2825.0,2835.0,9647.0,-2.5773195876288657,0.0,0.0,27636615.0,0.0,0.0,0.0,27636615.0,0.0,27636615.0
2020-06-11,2900.0,2900.0,2750.0,2750.0,16768.0,-2.9982363315696645,0.0,0.0,48211900.0,0.0,0.0,0.0,16248150.0,31963750.0,48211900.0
2020-06-12,2620.0,2930.0,2620.0,2805.0,13181.0,2.0,0.0,0.0,37591865.0,0.0,0.0,0.0,36508280.0,1083585.0,37591865.0
2020-06-15,2880.0,2880.0,2735.0,2735.0,9375.0,-2.4955436720142603,0.0,0.0,26468915.0,0.0,0.0,0.0,25318265.0,1150650.0,26468915.0
2020-06-16,2735.0,2800.0,2695.0,2790.0,7659.0,2.010968921389397,0.0,0.0,21106935.0,0.0,0.0,0.0,11454935.0,9652000.0,21106935.0
2020-06-17,2800.0,3625.0,2800.0,3625.0,511921.0,29.92831541218638,0.0,0.0,1803870815.0,2189610.0,0.0,0.0,1522110130.0,283950295.0,1806060425.0
2020-06-18,3900.0,4710.0,3900.0,4710.0,604284.0,29.931034482758623,0.0,0.0,2774293735.0,14130.0,0.0,453714300.0,2038351525.0,282242040.0,2774307865.0
2020-06-19,5110.0,5570.0,3370.0,3395.0,869374.0,-27.919320594479828,0.0,0.0,3591265125.0,278000.0,0.0,0.0,3166777255.0,424765870.0,3591543125.0
2020-06-22,3290.0,3290.0,3060.0,3170.0,212151.0,-6.62739322533137,0.0,0.0,658839170.0,8599855.0,0.0,0.0,666388085.0,1050940.0,667439025.0
2020-06-23,3250.0,3250.0,3000.0,3185.0,140474.0,0.47318611987381703,0.0,0.0,432711000.0,3015.0,0.0,0.0,424706715.0,8007300.0,432714015.0
2020-06-24,3155.0,3300.0,3070.0,3170.0,88301.0,-0.47095761381475665,0.0,0.0,282340080.0,0.0,0.0,0.0,282340080.0,0.0,282340080.0
2020-06-25,3070.0,3215.0,3065.0,3140.0,62691.0,-0.9463722397476341,0.0,0.0,197512445.0,94500.0,0.0,0.0,197606945.0,0.0,197606945.0
2020-06-26,3160.0,3190.0,3050.0,3120.0,64597.0,-0.6369426751592357,0.0,0.0,201123300.0,317500.0,0.0,0.0,201440800.0,0.0,201440800.0
2020-06-29,3190.0,3220.0,3030.0,3220.0,70368.0,3.205128205128205,0.0,0.0,220153205.0,152750.0,0.0,0.0,220302890.0,3065.0,220305955.0
2020-06-30,3285.0,3285.0,3135.0,3145.0,70436.0,-2.329192546583851,0.0,0.0,225361245.0,97350.0,0.0,0.0,225458595.0,0.0,225458595.0
2020-07-01,3145.0,3520.0,3145.0,3310.0,199206.0,5.246422893481717,0.0,0.0,674130520.0,0.0,0.0,0.0,673437520.0,693000.0,674130520.0
2020-07-02,3305.0,3865.0,3305.0,3590.0,220541.0,8.459214501510575,0.0,0.0,794641805.0,0.0,0.0,0.0,794641805.0,0.0,794641805.0
2020-07-03,3520.0,3520.0,3350.0,3410.0,96077.0,-5.013927576601671,0.0,53382630.0,277386515.0,0.0,0.0,0.0,330769145.0,0.0,330769145.0
2020-07-06,3330.0,3470.0,3325.0,3375.0,67885.0,-1.0263929618768328,0.0,16750000.0,212643010.0,100500.0,0.0,0.0,229493510.0,0.0,229493510.0
2020-07-07,3425.0,3425.0,3240.0,3275.0,78585.0,-2.9629629629629632,0.0,23836280.0,233717805.0,197700.0,0.0,0.0,257751785.0,0.0,257751785.0
2020-07-08,3250.0,3400.0,3180.0,3375.0,62229.0,3.0534351145038165,0.0,10865000.0,193689300.0,100900.0,0.0,0.0,204651840.0,3360.0,204655200.0
2020-07-09,3465.0,3465.0,3280.0,3320.0,65421.0,-1.6296296296296295,0.0,0.0,218815995.0,332000.0,0.0,0.0,218733395.0,414600.0,219147995.0
2020-07-10,3335.0,3365.0,3210.0,3245.0,33067.0,-2.2590361445783134,0.0,0.0,108060220.0,0.0,0.0,0.0,108060220.0,0.0,108060220.0
2020-07-13,3250.0,3250.0,3115.0,3165.0,55021.0,-2.465331278890601,0.0,0.0,173258835.0,0.0,0.0,0.0,173258835.0,0.0,173258835.0
2020-07-14,3185.0,3220.0,3120.0,3130.0,25258.0,-1.1058451816745656,0.0,0.0,80016065.0,0.0,0.0,0.0,80016065.0,0.0,80016065.0
2020-07-15,3170.0,3170.0,3055.0,3125.0,27643.0,-0.1597444089456869,0.0,0.0,85783005.0,0.0,0.0,0.0,85783005.0,0.0,85783005.0
2020-07-16,3175.0,3185.0,3065.0,3100.0,36237.0,-0.8,0.0,0.0,112734225.0,0.0,0.0,0.0,112734225.0,0.0,112734225.0
2020-07-17,3095.0,3100.0,3050.0,3060.0,20132.0,-1.2903225806451613,0.0,0.0,61722130.0,0.0,0.0,0.0,61722130.0,0.0,61722130.0
2020-07-20,3095.0,3095.0,2965.0,3035.0,47013.0,-0.8169934640522877,0.0,0.0,142460280.0,18180.0,0.0,0.0,142478460.0,0.0,142478460.0
2020-07-21,3085.0,3175.0,3035.0,3175.0,48524.0,4.612850082372323,0.0,0.0,151171125.0,0.0,0.0,0.0,151171125.0,0.0,151171125.0
2020-07-22,3165.0,3175.0,3105.0,3125.0,20151.0,-1.574803149606299,0.0,0.0,62837295.0,0.0,0.0,0.0,62837295.0,0.0,62837295.0
2020-07-23,3170.0,3170.0,3035.0,3080.0,31818.0,-1.44,0.0,0.0,97490955.0,306000.0,0.0,0.0,97796955.0,0.0,97796955.0
2020-07-24,3000.0,3125.0,3000.0,3060.0,54894.0,-0.6493506493506493,0.0,0.0,167477765.0,0.0,0.0,0.0,167477765.0,0.0,167477765.0
2020-07-27,3050.0,3150.0,3030.0,3120.0,27701.0,1.9607843137254901,0.0,481770.0,85155870.0,0.0,0.0,0.0,85637640.0,0.0,85637640.0
2020-07-28,3120.0,3120.0,3065.0,3110.0,18379.0,-0.3205128205128205,0.0,0.0,56736475.0,0.0,0.0,0.0,56736475.0,0.0,56736475.0
2020-07-29,3100.0,3110.0,3050.0,3095.0,14809.0,-0.482315112540193,0.0,0.0,45675065.0,0.0,0.0,0.0,45675065.0,0.0,45675065.0
2020-07-30,3080.0,3120.0,3060.0,3095.0,24717.0,0.0,0.0,0.0,76079310.0,0.0,0.0,0.0,76079310.0,0.0,76079310.0
2020-07-31,3095.0,3095.0,3025.0,3025.0,20511.0,-2.2617124394184165,0.0,0.0,62755740.0,0.0,0.0,0.0,62737500.0,18240.0,62755740.0
2020-08-03,3060.0,3060.0,3005.0,3015.0,12332.0,-0.3305785123966942,0.0,0.0,37236435.0,0.0,0.0,0.0,37236435.0,0.0,37236435.0
2020-08-04,3000.0,3030.0,2985.0,3010.0,22033.0,-0.16583747927031509,0.0,0.0,66093795.0,0.0,0.0,0.0,66093795.0,0.0,66093795.0
2020-08-05,3035.0,3075.0,2970.0,2980.0,17734.0,-0.9966777408637874,0.0,0.0,52968240.0,0.0,0.0,0.0,52968240.0,0.0,52968240.0
2020-08-06,3010.0,3010.0,2960.0,2960.0,21197.0,-0.6711409395973155,0.0,0.0,62892545.0,0.0,0.0,0.0,62892545.0,0.0,62892545.0
2020-08-07,2970.0,3035.0,2960.0,3000.0,22914.0,1.3513513513513513,0.0,0.0,68553530.0,0.0,0.0,0.0,68553530.0,0.0,68553530.0
2020-08-10,2995.0,2995.0,2955.0,2975.0,31324.0,-0.8333333333333334,0.0,0.0,92946745.0,0.0,0.0,0.0,92946745.0,0.0,92946745.0
2020-08-11,2990.0,3030.0,2975.0,2990.0,15897.0,0.5042016806722689,0.0,0.0,46897330.0,597000.0,0.0,0.0,47494330.0,0.0,47494330.0
2020-08-12,3060.0,3065.0,2970.0,3065.0,17758.0,2.508361204013378,0.0,0.0,53725135.0,0.0,0.0,0.0,53725135.0,0.0,53725135.0
2020-08-13,3070.0,3120.0,3070.0,3115.0,36229.0,1.631321370309951,0.0,0.0,111932535.0,0.0,0.0,0.0,110696535.0,1236000.0,111932535.0
2020-08-14,3175.0,3850.0,3020.0,3340.0,449814.0,7.223113964686998,0.0,10020000.0,1581325275.0,0.0,0.0,0.0,1591345275.0,0.0,1591345275.0
2020-08-18,3115.0,3130.0,3000.0,3000.0,171505.0,-10.179640718562874,0.0,0.0,526815910.0,218325.0,0.0,3130.0,522278645.0,4752460.0,527034235.0
2020-08-19,2990.0,3070.0,2985.0,3010.0,36350.0,0.33333333333333337,0.0,0.0,109355870.0,0.0,0.0,0.0,109355870.0,0.0,109355870.0
2020-08-20,2970.0,2970.0,2800.0,2800.0,63731.0,-6.976744186046512,0.0,0.0,180608695.0,0.0,0.0,445560.0,180163135.0,0.0,180608695.0
2020-08-21,2800.0,2980.0,2795.0,2850.0,30925.0,1.7857142857142856,0.0,0.0,87557305.0,0.0,0.0,0.0,87557305.0,0.0,87557305.0
2020-08-24,2805.0,2855.0,2785.0,2825.0,17790.0,-0.8771929824561403,0.0,0.0,50057535.0,0.0,0.0,0.0,50057535.0,0.0,50057535.0
2020-08-25,2830.0,2975.0,2825.0,2900.0,33814.0,2.6548672566371683,0.0,0.0,98379050.0,0.0,0.0,0.0,98379050.0,0.0,98379050.0
2020-08-26,2970.0,3420.0,2970.0,3095.0,430831.0,6.724137931034482,0.0,0.0,1418776950.0,3513040.0,0.0,0.0,1422289990.0,0.0,1422289990.0
2020-08-27,3250.0,3250.0,3075.0,3200.0,102113.0,3.392568659127625,0.0,1265000.0,310353355.0,11114410.0,0.0,0.0,322732765.0,0.0,322732765.0
2020-08-28,3200.0,3200.0,3110.0,3150.0,47884.0,-1.5625,0.0,3480000.0,142076540.0,4708750.0,0.0,0.0,150265290.0,0.0,150265290.0
2020-08-31,3180.0,3300.0,3150.0,3240.0,40974.0,2.857142857142857,0.0,0.0,129157880.0,2236500.0,0.0,0.0,131394380.0,0.0,131394380.0
2020-09-01,3290.0,3350.0,3030.0,3065.0,66659.0,-5.401234567901234,0.0,0.0,199124405.0,12311000.0,0.0,4665900.0,206769505.0,0.0,211435405.0
2020-09-02,3065.0,3115.0,3020.0,3050.0,35143.0,-0.48939641109298526,0.0,0.0,107449420.0,0.0,0.0,0.0,107449420.0,0.0,107449420.0
2020-09-03,3095.0,3095.0,3020.0,3040.0,37471.0,-0.32786885245901637,0.0,0.0,113166725.0,0.0,0.0,0.0,113166725.0,0.0,113166725.0
2020-09-04,2885.0,2955.0,2885.0,2950.0,45588.0,-2.9605263157894735,0.0,0.0,132969095.0,0.0,0.0,0.0,132969095.0,0.0,132969095.0
2020-09-07,2915.0,3000.0,2895.0,3000.0,60738.0,1.694915254237288,0.0,0.0,177533075.0,0.0,0.0,0.0,174790755.0,2742320.0,177533075.0
2020-09-08,2995.0,3000.0,2945.0,2945.0,41970.0,-1.8333333333333333,0.0,0.0,124442345.0,0.0,0.0,0.0,124442345.0,0.0,124442345.0
2020-09-09,2920.0,2990.0,2915.0,2930.0,19564.0,-0.5093378607809848,0.0,0.0,51196355.0,6175950.0,0.0,0.0,57372305.0,0.0,57372305.0
2020-09-10,2990.0,3000.0,2950.0,2990.0,11214.0,2.04778156996587,0.0,0.0,30193480.0,3313240.0,0.0,0.0,33506720.0,0.0,33506720.0
2020-09-11,2950.0,2990.0,2905.0,2930.0,24871.0,-2.0066889632107023,0.0,0.0,72720210.0,0.0,0.0,0.0,72720210.0,0.0,72720210.0
2020-09-14,2990.0,3010.0,2920.0,2980.0,70318.0,1.7064846416382253,0.0,0.0,208332695.0,0.0,0.0,0.0,208332695.0,0.0,208332695.0
2020-09-15,3035.0,3105.0,2970.0,3080.0,59797.0,3.3557046979865772,0.0,0.0,176725280.0,3960000.0,0.0,0.0,180685280.0,0.0,180685280.0
2020-09-16,3020.0,3080.0,3010.0,3030.0,30961.0,-1.6233766233766231,0.0,0.0,93531245.0,0.0,0.0,0.0,93531245.0,0.0,93531245.0
2020-09-17,3030.0,3030.0,2945.0,2985.0,23850.0,-1.4851485148514851,0.0,0.0,70940785.0,0.0,0.0,0.0,70940785.0,0.0,70940785.0
2020-09-18,3025.0,3085.0,2985.0,3030.0,49769.0,1.507537688442211,0.0,0.0,151174115.0,0.0,0.0,815070.0,150359045.0,0.0,151174115.0
2020-09-21,3125.0,3125.0,3045.0,3065.0,51471.0,1.155115511551155,0.0,0.0,153891655.0,4256110.0,0.0,0.0,150978160.0,7169605.0,158147765.0
2020-09-22,3005.0,3015.0,2945.0,2950.0,30868.0,-3.7520391517128875,0.0,0.0,91838635.0,0.0,0.0,0.0,91838635.0,0.0,91838635.0
2020-09-23,2980.0,2985.0,2930.0,2950.0,17499.0,0.0,0.0,0.0,51697770.0,0.0,0.0,0.0,51697770.0,0.0,51697770.0
2020-09-24,2875.0,2940.0,2860.0,2935.0,12750.0,-0.5084745762711864,0.0,0.0,36807100.0,0.0,0.0,0.0,36807100.0,0.0,36807100.0
2020-09-25,2880.0,2905.0,2870.0,2870.0,29718.0,-2.2146507666098807,0.0,0.0,85624570.0,0.0,0.0,0.0,85624570.0,0.0,85624570.0
2020-09-28,2990.0,2990.0,2900.0,2960.0,10902.0,3.1358885017421603,0.0,0.0,32019200.0,0.0,0.0,0.0,32019200.0,0.0,32019200.0
2020-09-29,2975.0,2975.0,2960.0,2965.0,10113.0,0.16891891891891891,0.0,0.0,29097990.0,889280.0,0.0,0.0,29987270.0,0.0,29987270.0
2020-10-05,2965.0,2995.0,2925.0,2975.0,22956.0,0.33726812816188867,0.0,0.0,68104455.0,87750.0,0.0,0.0,68192205.0,0.0,68192205.0
2020-10-06,2980.0,2985.0,2970.0,2985.0,9089.0,0.33613445378151263,0.0,0.0,27052525.0,0.0,0.0,0.0,27052525.0,0.0,27052525.0
2020-10-07,3040.0,3040.0,2975.0,2980.0,6375.0,-0.16750418760469013,0.0,0.0,19030615.0,0.0,0.0,0.0,19030615.0,0.0,19030615.0
2020-10-08,2980.0,2995.0,2975.0,2995.0,4286.0,0.5033557046979865,0.0,0.0,12774955.0,0.0,0.0,0.0,12774955.0,0.0,12774955.0
2020-10-12,2995.0,3010.0,2980.0,2995.0,2609.0,0.0,0.0,0.0,7814060.0,0.0,0.0,0.0,7814060.0,0.0,7814060.0
2020-10-13,3000.0,3000.0,2945.0,2995.0,8331.0,0.0,0.0,0.0,24780775.0,0.0,0.0,0.0,24691675.0,89100.0,24780775.0
2020-10-14,2995.0,2995.0,2950.0,2985.0,14613.0,-0.333889816360601,0.0,0.0,43289830.0,0.0,0.0,0.0,43289830.0,0.0,43289830.0
2020-10-15,2995.0,3270.0,2995.0,3270.0,194051.0,9.547738693467336,0.0,0.0,595973105.0,12028110.0,0.0,0.0,596555815.0,11445400.0,608001215.0
2020-10-16,3400.0,3400.0,3025.0,3060.0,95635.0,-6.422018348623854,0.0,0.0,300797355.0,0.0,0.0,0.0,300797355.0,0.0,300797355.0
2020-10-19,3095.0,3095.0,3005.0,3060.0,24502.0,0.0,0.0,0.0,74472590.0,0.0,0.0,0.0,74472590.0,0.0,74472590.0
2020-10-20,3040.0,3130.0,2995.0,3080.0,49845.0,0.6535947712418301,0.0,0.0,151674980.0,0.0,0.0,0.0,151674980.0,0.0,151674980.0
2020-10-21,3080.0,3200.0,3080.0,3140.0,47406.0,1.948051948051948,0.0,0.0,149698875.0,0.0,0.0,0.0,149698875.0,0.0,149698875.0
2020-10-22,3180.0,3195.0,3080.0,3175.0,47683.0,1.1146496815286624,0.0,0.0,150046480.0,0.0,0.0,0.0,150046480.0,0.0,150046480.0
2020-10-23,3155.0,3175.0,3120.0,3145.0,19230.0,-0.9448818897637795,0.0,0.0,60502720.0,0.0,0.0,0.0,60502720.0,0.0,60502720.0
2020-10-26,3155.0,3155.0,3000.0,3040.0,29277.0,-3.338632750397456,0.0,0.0,89390790.0,0.0,0.0,0.0,89390790.0,0.0,89390790.0
2020-10-27,2985.0,3060.0,2985.0,3030.0,19209.0,-0.3289473684210526,0.0,0.0,58154340.0,0.0,0.0,0.0,58154340.0,0.0,58154340.0
2020-10-28,3045.0,3045.0,3010.0,3025.0,24829.0,-0.16501650165016502,0.0,0.0,75084780.0,0.0,0.0,0.0,75084780.0,0.0,75084780.0
2020-10-29,3000.0,3025.0,2995.0,3000.0,22231.0,-0.8264462809917356,0.0,0.0,66699180.0,0.0,0.0,0.0,66699180.0,0.0,66699180.0
2020-10-30,3050.0,3050.0,2990.0,2990.0,9902.0,-0.33333333333333337,0.0,0.0,29677930.0,0.0,0.0,0.0,29677930.0,0.0,29677930.0
2020-11-02,2990.0,3020.0,2980.0,3005.0,9035.0,0.5016722408026756,0.0,0.0,26998565.0,0.0,0.0,0.0,26998565.0,0.0,26998565.0
2020-11-03,3030.0,3030.0,2990.0,3015.0,15085.0,0.33277870216306155,0.0,0.0,45157835.0,0.0,0.0,0.0,45157835.0,0.0,45157835.0
2020-11-04,3030.0,3030.0,3000.0,3000.0,13863.0,-0.4975124378109453,0.0,0.0,41782665.0,0.0,0.0,0.0,41782665.0,0.0,41782665.0
2020-11-05,3000.0,3000.0,2970.0,2995.0,4428.0,-0.16666666666666669,0.0,0.0,13248865.0,0.0,0.0,0.0,13248865.0,0.0,13248865.0
2020-11-06,3000.0,3010.0,2980.0,2995.0,7858.0,0.0,0.0,0.0,23478410.0,0.0,0.0,0.0,23478410.0,0.0,23478410.0
2020-11-09,3000.0,3040.0,3000.0,3020.0,15623.0,0.8347245409015025,0.0,0.0,47226420.0,0.0,0.0,0.0,47226420.0,0.0,47226420.0
2020-11-10,3050.0,3050.0,3010.0,3040.0,14105.0,0.6622516556291391,0.0,0.0,42733325.0,0.0,0.0,0.0,42733325.0,0.0,42733325.0
2020-11-11,3040.0,3105.0,3040.0,3095.0,35486.0,1.8092105263157896,0.0,0.0,109064620.0,0.0,0.0,0.0,109064620.0,0.0,109064620.0
2020-11-12,3155.0,3155.0,3075.0,3090.0,18277.0,-0.16155088852988692,0.0,0.0,56726590.0,250000.0,0.0,0.0,56976590.0,0.0,56976590.0
2020-11-13,3110.0,3120.0,3080.0,3100.0,7418.0,0.3236245954692557,0.0,0.0,22979730.0,0.0,0.0,0.0,22979730.0,0.0,22979730.0
2020-11-16,3100.0,3145.0,3090.0,3145.0,53377.0,1.4516129032258065,0.0,0.0,166809910.0,0.0,0.0,0.0,166495410.0,314500.0,166809910.0
2020-11-17,3140.0,3250.0,3115.0,3250.0,40329.0,3.338632750397456,0.0,0.0,129792855.0,0.0,0.0,0.0,129792855.0,0.0,129792855.0
2020-11-18,3250.0,3250.0,3160.0,3250.0,26346.0,0.0,0.0,0.0,84572870.0,0.0,0.0,0.0,84572870.0,0.0,84572870.0
2020-11-19,3110.0,3200.0,3110.0,3180.0,8925.0,-2.1538461538461537,0.0,0.0,28223095.0,0.0,0.0,0.0,28223095.0,0.0,28223095.0
2020-11-20,3155.0,3190.0,3150.0,3150.0,9266.0,-0.9433962264150944,0.0,0.0,29232710.0,0.0,0.0,0.0,29232710.0,0.0,29232710.0
2020-11-23,3150.0,3180.0,3130.0,3165.0,19544.0,0.4761904761904762,0.0,0.0,61543650.0,0.0,0.0,0.0,61543650.0,0.0,61543650.0
2020-11-24,3165.0,3225.0,3165.0,3175.0,16559.0,0.315955766192733,0.0,0.0,52789575.0,0.0,0.0,0.0,52789575.0,0.0,52789575.0
2020-11-25,3200.0,3250.0,3150.0,3150.0,17084.0,-0.7874015748031495,0.0,8684070.0,46080710.0,0.0,0.0,0.0,54764780.0,0.0,54764780.0
2020-11-26,3150.0,3200.0,3100.0,3200.0,4907.0,1.5873015873015872,0.0,3170000.0,12355475.0,0.0,0.0,0.0,15525475.0,0.0,15525475.0
2020-11-27,3200.0,3250.0,3150.0,3250.0,16980.0,1.5625,0.0,0.0,54540645.0,0.0,0.0,0.0,54284645.0,256000.0,54540645.0
2020-11-30,3240.0,3285.0,3225.0,3280.0,12189.0,0.9230769230769231,0.0,0.0,39884715.0,0.0,0.0,0.0,39884715.0,0.0,39884715.0
2020-12-01,3285.0,3320.0,3250.0,3295.0,29737.0,0.45731707317073167,0.0,0.0,97831805.0,0.0,0.0,0.0,97831805.0,0.0,97831805.0
2020-12-02,3295.0,3295.0,3250.0,3250.0,16474.0,-1.3657056145675266,0.0,0.0,54138470.0,0.0,0.0,5576000.0,48562470.0,0.0,54138470.0
2020-12-03,3250.0,3260.0,3245.0,3250.0,15178.0,0.0,0.0,0.0,49346255.0,0.0,0.0,6500000.0,42846255.0,0.0,49346255.0
2020-12-04,3235.0,3235.0,3145.0,3180.0,21594.0,-2.1538461538461537,0.0,0.0,68495775.0,0.0,0.0,0.0,68495775.0,0.0,68495775.0
2020-12-07,3180.0,3180.0,3100.0,3100.0,12817.0,-2.515723270440252,0.0,0.0,40174250.0,0.0,0.0,0.0,40174250.0,0.0,40174250.0
2020-12-08,3290.0,3330.0,3145.0,3145.0,84980.0,1.4516129032258065,0.0,0.0,280295410.0,96000.0,0.0,0.0,280391410.0,0.0,280391410.0
2020-12-09,3145.0,3310.0,3145.0,3295.0,27743.0,4.769475357710652,0.0,253715.0,90755140.0,0.0,0.0,0.0,91008855.0,0.0,91008855.0
2020-12-10,3295.0,3295.0,3180.0,3270.0,17758.0,-0.7587253414264037,0.0,0.0,56870440.0,0.0,0.0,0.0,56870440.0,0.0,56870440.0
2020-12-11,3270.0,3280.0,3220.0,3280.0,10130.0,0.3058103975535168,0.0,0.0,32941650.0,0.0,0.0,0.0,32941650.0,0.0,32941650.0
2020-12-14,3235.0,3280.0,3205.0,3280.0,14923.0,0.0,0.0,0.0,48283125.0,0.0,0.0,0.0,48283125.0,0.0,48283125.0
2020-12-15,3280.0,3280.0,3170.0,3205.0,18039.0,-2.2865853658536586,0.0,0.0,57827625.0,0.0,0.0,0.0,57827625.0,0.0,57827625.0
2020-12-16,3180.0,3190.0,3165.0,3190.0,23235.0,-0.46801872074883,0.0,0.0,73640205.0,0.0,0.0,0.0,73640205.0,0.0,73640205.0
2020-12-17,3225.0,3225.0,3170.0,3200.0,7365.0,0.3134796238244514,0.0,6400000.0,17252415.0,0.0,0.0,0.0,23652415.0,0.0,23652415.0
2020-12-18,3195.0,3195.0,3170.0,3180.0,11698.0,-0.625,0.0,0.0,37192375.0,0.0,0.0,0.0,37096675.0,95700.0,37192375.0
2020-12-21,3160.0,3220.0,3155.0,3200.0,8592.0,0.628930817610063,0.0,3539200.0,23864335.0,0.0,0.0,0.0,27403535.0,0.0,27403535.0
2020-12-22,3200.0,3200.0,3180.0,3200.0,36350.0,0.0,0.0,0.0,116303950.0,0.0,0.0,0.0,116303950.0,0.0,116303950.0
2020-12-23,3215.0,3240.0,3200.0,3200.0,5564.0,0.0,0.0,0.0,17938360.0,0.0,0.0,0.0,17938360.0,0.0,17938360.0
2020-12-24,3200.0,3200.0,3170.0,3195.0,12126.0,-0.15625,0.0,0.0,38710125.0,0.0,0.0,0.0,38710125.0,0.0,38710125.0
2020-12-28,3175.0,3195.0,3170.0,3175.0,4888.0,-0.6259780907668232,0.0,0.0,15532010.0,0.0,0.0,0.0,15532010.0,0.0,15532010.0
2020-12-29,3100.0,3240.0,3100.0,3220.0,7433.0,1.4173228346456692,0.0,0.0,23599655.0,0.0,0.0,238700.0,23360955.0,0.0,23599655.0
2020-12-30,3225.0,3225.0,3145.0,3185.0,5589.0,-1.0869565217391304,0.0,0.0,17759075.0,0.0,0.0,0.0,17759075.0,0.0,17759075.0
2021-01-04,3200.0,3200.0,3115.0,3130.0,5758.0,-1.726844583987441,0.0,0.0,18036510.0,0.0,0.0,0.0,18036510.0,0.0,18036510.0
2021-01-05,3130.0,3130.0,3080.0,3080.0,8157.0,-1.5974440894568689,0.0,0.0,25305090.0,0.0,0.0,0.0,25305090.0,0.0,25305090.0
2021-01-06,3050.0,3060.0,3000.0,3055.0,29727.0,-0.8116883116883116,0.0,0.0,89729225.0,0.0,0.0,0.0,44729225.0,45000000.0,89729225.0
2021-01-07,3050.0,3050.0,3000.0,3005.0,19565.0,-1.6366612111292964,0.0,0.0,58892065.0,0.0,0.0,0.0,58892065.0,0.0,58892065.0
2021-01-08,3030.0,3055.0,2995.0,3055.0,10574.0,1.6638935108153077,0.0,0.0,31842065.0,0.0,0.0,0.0,31842065.0,0.0,31842065.0
2021-01-11,3055.0,3055.0,2975.0,3005.0,14472.0,-1.6366612111292964,0.0,0.0,43333565.0,0.0,0.0,0.0,43333565.0,0.0,43333565.0
2021-01-12,2985.0,3020.0,2975.0,2975.0,8732.0,-0.9983361064891847,0.0,0.0,26019290.0,0.0,0.0,0.0,26019290.0,0.0,26019290.0
2021-01-13,2975.0,2995.0,2960.0,2985.0,9453.0,0.33613445378151263,0.0,577650.0,27465930.0,0.0,0.0,0.0,28043580.0,0.0,28043580.0
2021-01-14,2970.0,2970.0,2935.0,2945.0,19639.0,-1.340033500837521,0.0,295000.0,57494105.0,0.0,0.0,0.0,57789105.0,0.0,57789105.0
2021-01-15,2935.0,2935.0,2905.0,2920.0,17489.0,-0.8488964346349746,0.0,0.0,50985410.0,0.0,0.0,0.0,50985410.0,0.0,50985410.0
2021-01-18,2920.0,2925.0,2915.0,2915.0,3474.0,-0.17123287671232876,0.0,0.0,10133435.0,0.0,0.0,0.0,10133435.0,0.0,10133435.0
2021-01-19,2900.0,2940.0,2885.0,2940.0,12599.0,0.8576329331046313,0.0,0.0,36498720.0,0.0,0.0,0.0,36498720.0,0.0,36498720.0
2021-01-20,2965.0,2965.0,2920.0,2920.0,6535.0,-0.6802721088435374,0.0,0.0,19171455.0,0.0,0.0,0.0,19171455.0,0.0,19171455.0
2021-01-21,2925.0,2990.0,2920.0,2990.0,3496.0,2.3972602739726026,0.0,0.0,10341570.0,0.0,0.0,0.0,10341570.0,0.0,10341570.0
2021-01-22,2990.0,3000.0,2975.0,2995.0,7491.0,0.16722408026755853,0.0,0.0,22394225.0,0.0,0.0,0.0,22394225.0,0.0,22394225.0
2021-01-25,3010.0,3010.0,2990.0,2990.0,4478.0,-0.1669449081803005,0.0,1794000.0,11619740.0,0.0,0.0,0.0,13413740.0,0.0,13413740.0
2021-01-26,2990.0,3000.0,2990.0,3000.0,3386.0,0.33444816053511706,0.0,299000.0,9847140.0,0.0,0.0,0.0,10146140.0,0.0,10146140.0
2021-01-27,3020.0,3020.0,2990.0,3000.0,2471.0,0.0,0.0,0.0,7423490.0,0.0,0.0,0.0,7423490.0,0.0,7423490.0
2021-01-28,2960.0,2985.0,2895.0,2895.0,4296.0,-3.5000000000000004,0.0,0.0,12596245.0,0.0,0.0,0.0,12596245.0,0.0,12596245.0
2021-01-29,2995.0,2995.0,2855.0,2855.0,7813.0,-1.381692573402418,0.0,0.0,22766065.0,0.0,0.0,0.0,22766065.0,0.0,22766065.0
2021-02-01,2825.0,2965.0,2825.0,2955.0,1912.0,3.502626970227671,0.0,0.0,5507205.0,0.0,0.0,0.0,5507205.0,0.0,5507205.0
2021-02-02,3010.0,3010.0,2980.0,2980.0,9243.0,0.8460236886632826,0.0,0.0,27602965.0,0.0,0.0,0.0,27602965.0,0.0,27602965.0
2021-02-03,3000.0,3005.0,2905.0,2955.0,6654.0,-0.8389261744966443,0.0,0.0,19848680.0,0.0,0.0,0.0,19848680.0,0.0,19848680.0
2021-02-04,2960.0,2995.0,2955.0,2955.0,3832.0,0.0,0.0,2994630.0,8381850.0,0.0,0.0,0.0,11376480.0,0.0,11376480.0
2021-02-05,2960.0,2990.0,2955.0,2980.0,4539.0,0.8460236886632826,0.0,0.0,13454725.0,0.0,0.0,0.0,13454725.0,0.0,13454725.0
2021-02-08,2995.0,3000.0,2965.0,2985.0,10285.0,0.16778523489932887,0.0,0.0,30729030.0,0.0,0.0,0.0,30729030.0,0.0,30729030.0
2021-02-09,2990.0,3005.0,2990.0,2995.0,3544.0,0.33500837520938026,0.0,0.0,10617585.0,0.0,0.0,0.0,10617585.0,0.0,10617585.0
2021-02-10,3005.0,3020.0,2970.0,3020.0,4121.0,0.8347245409015025,0.0,0.0,12368690.0,0.0,0.0,0.0,12368690.0,0.0,12368690.0
2021-02-15,3030.0,3055.0,3020.0,3045.0,5014.0,0.8278145695364238,0.0,0.0,15262610.0,0.0,0.0,0.0,15262610.0,0.0,15262610.0
2021-02-16,3050.0,3050.0,3010.0,3020.0,5243.0,-0.8210180623973727,0.0,0.0,15861235.0,15050.0,0.0,0.0,15876285.0,0.0,15876285.0
2021-02-17,3005.0,3035.0,2990.0,2990.0,3277.0,-0.9933774834437087,0.0,0.0,9838010.0,0.0,0.0,0.0,9838010.0,0.0,9838010.0
2021-02-18,3020.0,3020.0,3000.0,3020.0,4785.0,1.0033444816053512,0.0,0.0,14410740.0,0.0,0.0,0.0,14410740.0,0.0,14410740.0
2021-02-19,3020.0,3065.0,2905.0,2940.0,38690.0,-2.6490066225165565,0.0,0.0,113022990.0,0.0,0.0,0.0,113022990.0,0.0,113022990.0
2021-02-22,2955.0,2985.0,2950.0,2950.0,3970.0,0.3401360544217687,0.0,2659500.0,9062120.0,0.0,0.0,0.0,11721620.0,0.0,11721620.0
2021-02-23,2950.0,2975.0,2935.0,2970.0,4122.0,0.6779661016949152,0.0,0.0,12216335.0,0.0,0.0,0.0,12216335.0,0.0,12216335.0
2021-02-24,2970.0,2970.0,2930.0,2940.0,1548.0,-1.0101010101010102,0.0,0.0,4556100.0,0.0,0.0,0.0,4556100.0,0.0,4556100.0
2021-02-25,2930.0,2950.0,2915.0,2950.0,5124.0,0.3401360544217687,0.0,2930000.0,12073200.0,0.0,0.0,0.0,15003200.0,0.0,15003200.0
2021-02-26,2920.0,2945.0,2915.0,2945.0,1170.0,-0.1694915254237288,0.0,0.0,3430140.0,0.0,0.0,0.0,3430140.0,0.0,3430140.0
2021-03-02,2965.0,2965.0,2915.0,2925.0,2176.0,-0.6791171477079796,0.0,0.0,6358515.0,0.0,0.0,0.0,6358515.0,0.0,6358515.0
2021-03-03,2925.0,2935.0,2910.0,2925.0,1763.0,0.0,0.0,0.0,5151150.0,0.0,0.0,0.0,5151150.0,0.0,5151150.0
2021-03-04,2920.0,2925.0,2900.0,2925.0,1242.0,0.0,0.0,0.0,3615370.0,0.0,0.0,0.0,3615370.0,0.0,3615370.0
2021-03-05,2900.0,2900.0,2830.0,2865.0,35341.0,-2.051282051282051,0.0,2870000.0,97481335.0,0.0,0.0,0.0,100351335.0,0.0,100351335.0
2021-03-08,2865.0,2890.0,2865.0,2870.0,1593.0,0.17452006980802792,0.0,0.0,4567210.0,0.0,0.0,0.0,4567210.0,0.0,4567210.0
2021-03-09,2870.0,2870.0,2855.0,2860.0,1425.0,-0.34843205574912894,0.0,0.0,4073975.0,0.0,0.0,0.0,4073975.0,0.0,4073975.0
2021-03-10,2865.0,2865.0,2860.0,2860.0,1691.0,0.0,0.0,0.0,4842660.0,0.0,0.0,0.0,4842660.0,0.0,4842660.0
2021-03-11,2845.0,2865.0,2845.0,2865.0,3300.0,0.17482517482517482,0.0,2859145.0,6574825.0,0.0,0.0,0.0,9433970.0,0.0,9433970.0
2021-03-12,2865.0,2940.0,2865.0,2940.0,2033.0,2.6178010471204187,0.0,2897100.0,2987805.0,0.0,0.0,0.0,5884905.0,0.0,5884905.0
2021-03-15,2940.0,2990.0,2940.0,2990.0,10662.0,1.7006802721088436,0.0,0.0,31796455.0,0.0,0.0,0.0,31796455.0,0.0,31796455.0
2021-03-16,2995.0,2995.0,2950.0,2950.0,3152.0,-1.3377926421404682,0.0,0.0,9318310.0,0.0,0.0,0.0,9318310.0,0.0,9318310.0
2021-03-17,2990.0,2990.0,2955.0,2960.0,2607.0,0.3389830508474576,0.0,0.0,7724610.0,0.0,0.0,0.0,7724610.0,0.0,7724610.0
2021-03-18,2960.0,2995.0,2960.0,2985.0,667.0,0.8445945945945946,0.0,0.0,1986655.0,0.0,0.0,0.0,1986655.0,0.0,1986655.0
2021-03-19,2985.0,2985.0,2980.0,2980.0,1177.0,-0.16750418760469013,0.0,0.0,3508605.0,0.0,0.0,0.0,3508605.0,0.0,3508605.0
2021-03-22,2980.0,2980.0,2960.0,2960.0,4403.0,-0.6711409395973155,0.0,0.0,13083480.0,0.0,0.0,0.0,13083480.0,0.0,13083480.0
2021-03-23,2960.0,2960.0,2915.0,2925.0,8587.0,-1.1824324324324325,0.0,0.0,25253980.0,0.0,0.0,0.0,25253980.0,0.0,25253980.0
2021-03-24,2895.0,2940.0,2895.0,2940.0,5113.0,0.5128205128205128,0.0,0.0,14958405.0,0.0,0.0,0.0,14958405.0,0.0,14958405.0
2021-03-25,2940.0,2950.0,2880.0,2895.0,18647.0,-1.530612244897959,0.0,0.0,54090010.0,14475.0,0.0,0.0,54104485.0,0.0,54104485.0
2021-03-26,2915.0,2955.0,2910.0,2945.0,7588.0,1.7271157167530224,0.0,0.0,22190855.0,0.0,0.0,0.0,22190855.0,0.0,22190855.0
2021-03-29,2960.0,2960.0,2935.0,2940.0,2777.0,-0.1697792869269949,0.0,0.0,8162405.0,0.0,0.0,0.0,8162405.0,0.0,8162405.0
2021-03-30,2915.0,2940.0,2915.0,2940.0,7767.0,0.0,0.0,0.0,22737300.0,0.0,0.0,0.0,22737300.0,0.0,22737300.0
2021-03-31,2950.0,2990.0,2950.0,2980.0,11417.0,1.3605442176870748,0.0,0.0,33762620.0,0.0,0.0,0.0,33762620.0,0.0,33762620.0
2021-04-01,3035.0,3035.0,2965.0,2990.0,8197.0,0.33557046979865773,0.0,0.0,24464920.0,0.0,0.0,0.0,24464920.0,0.0,24464920.0
2021-04-02,2965.0,3040.0,2965.0,3005.0,3544.0,0.5016722408026756,0.0,0.0,10662360.0,0.0,0.0,0.0,10662360.0,0.0,10662360.0
2021-04-05,2985.0,2985.0,2975.0,2980.0,3590.0,-0.8319467554076538,0.0,1986525.0,8708315.0,0.0,0.0,0.0,10694840.0,0.0,10694840.0
2021-04-06,3005.0,3030.0,3000.0,3010.0,2470.0,1.006711409395973,0.0,0.0,7427685.0,0.0,0.0,0.0,7427685.0,0.0,7427685.0
2021-04-07,3030.0,3040.0,3030.0,3040.0,16087.0,0.9966777408637874,0.0,0.0,48839765.0,0.0,0.0,2024345.0,46815420.0,0.0,48839765.0
2021-04-08,3100.0,3100.0,3060.0,3080.0,24974.0,1.3157894736842104,0.0,0.0,77077680.0,0.0,0.0,0.0,77077680.0,0.0,77077680.0
2021-04-09,3100.0,3140.0,3100.0,3140.0,20114.0,1.948051948051948,0.0,0.0,62889700.0,0.0,0.0,4680000.0,58209700.0,0.0,62889700.0
2021-04-12,3145.0,3145.0,3130.0,3145.0,8980.0,0.15923566878980894,0.0,0.0,28196365.0,0.0,0.0,1566860.0,26629505.0,0.0,28196365.0
2021-04-13,3145.0,3150.0,3145.0,3145.0,12035.0,0.0,0.0,0.0,37904700.0,0.0,0.0,0.0,37904700.0,0.0,37904700.0
2021-04-14,3160.0,3190.0,3155.0,3185.0,9981.0,1.2718600953895072,0.0,0.0,31695490.0,0.0,0.0,0.0,31695490.0,0.0,31695490.0
2021-04-15,3190.0,3215.0,3190.0,3215.0,5275.0,0.9419152276295133,0.0,0.0,16916860.0,0.0,0.0,0.0,16916860.0,0.0,16916860.0
2021-04-16,3215.0,3255.0,3215.0,3220.0,10616.0,0.15552099533437014,0.0,0.0,34345875.0,0.0,0.0,0.0,34345875.0,0.0,34345875.0
2021-04-19,3290.0,3590.0,3290.0,3450.0,44556.0,7.142857142857142,0.0,0.0,152702615.0,13660.0,0.0,3415000.0,148897625.0,403650.0,152716275.0
2021-04-20,3480.0,3510.0,3480.0,3500.0,32288.0,1.4492753623188406,0.0,0.0,113012450.0,0.0,0.0,0.0,113012450.0,0.0,113012450.0
2021-04-21,3510.0,3510.0,3410.0,3495.0,24336.0,-0.14285714285714285,0.0,0.0,84008890.0,0.0,0.0,0.0,83995090.0,13800.0,84008890.0
2021-04-22,3550.0,3560.0,3380.0,3470.0,18849.0,-0.7153075822603719,3560000.0,0.0,62513570.0,0.0,0.0,0.0,66073570.0,0.0,66073570.0
2021-04-23,3470.0,3470.0,3395.0,3430.0,17435.0,-1.1527377521613833,0.0,0.0,59321200.0,0.0,0.0,0.0,59321200.0,0.0,59321200.0
2021-04-26,3790.0,3790.0,3530.0,3535.0,25687.0,3.061224489795918,0.0,0.0,91945630.0,0.0,0.0,0.0,91945630.0,0.0,91945630.0
2021-04-27,3535.0,3535.0,3450.0,3450.0,12758.0,-2.4045261669024045,0.0,0.0,44225745.0,0.0,0.0,0.0,44225745.0,0.0,44225745.0
2021-04-28,3450.0,3450.0,3275.0,3380.0,10345.0,-2.0289855072463765,0.0,0.0,34555980.0,0.0,0.0,0.0,34555980.0,0.0,34555980.0
2021-04-29,3400.0,3465.0,3400.0,3435.0,6698.0,1.6272189349112427,0.0,0.0,22963355.0,0.0,0.0,0.0,22963355.0,0.0,22963355.0
2021-04-30,3440.0,3440.0,3390.0,3400.0,11373.0,-1.0189228529839884,0.0,0.0,38730545.0,0.0,0.0,0.0,38730545.0,0.0,38730545.0
2021-05-03,3410.0,3425.0,3400.0,3400.0,29348.0,0.0,0.0,0.0,100039470.0,0.0,0.0,0.0,100039470.0,0.0,100039470.0
2021-05-04,3400.0,3445.0,3370.0,3445.0,19348.0,1.3235294117647058,0.0,0.0,65951785.0,0.0,0.0,0.0,65951785.0,0.0,65951785.0
2021-05-06,3510.0,3700.0,3510.0,3670.0,59315.0,6.531204644412192,0.0,0.0,213485580.0,0.0,0.0,0.0,213485580.0,0.0,213485580.0
2021-05-07,3900.0,4135.0,3850.0,3850.0,79950.0,4.904632152588556,0.0,0.0,315430035.0,0.0,0.0,3900000.0,311530035.0,0.0,315430035.0
2021-05-10,3850.0,3850.0,3710.0,3775.0,36504.0,-1.948051948051948,0.0,0.0,137987585.0,0.0,0.0,7510000.0,130477585.0,0.0,137987585.0
2021-05-11,3825.0,3825.0,3790.0,3820.0,22623.0,1.1920529801324504,0.0,0.0,86356520.0,0.0,1204875.0,0.0,85151645.0,0.0,86356520.0
2021-05-12,3800.0,3800.0,3735.0,3740.0,20651.0,-2.094240837696335,0.0,0.0,77047425.0,261750.0,0.0,0.0,77309175.0,0.0,77309175.0
2021-05-13,3710.0,3745.0,3700.0,3715.0,7755.0,-0.6684491978609626,0.0,0.0,28855795.0,0.0,0.0,0.0,28596445.0,259350.0,28855795.0
2021-05-14,3755.0,3755.0,3635.0,3640.0,8941.0,-2.0188425302826376,0.0,0.0,32694305.0,0.0,0.0,0.0,32694305.0,0.0,32694305.0
2021-05-17,3720.0,3720.0,3665.0,3690.0,6384.0,1.3736263736263736,0.0,0.0,23535120.0,0.0,0.0,3665000.0,19870120.0,0.0,23535120.0
2021-05-18,3685.0,3685.0,3610.0,3610.0,10013.0,-2.168021680216802,0.0,0.0,36314350.0,0.0,0.0,0.0,36314350.0,0.0,36314350.0
2021-05-20,3610.0,3610.0,3500.0,3540.0,10181.0,-1.9390581717451523,0.0,0.0,36226170.0,0.0,0.0,0.0,36226170.0,0.0,36226170.0
2021-05-21,3510.0,3520.0,3505.0,3505.0,2524.0,-0.9887005649717515,0.0,0.0,8868855.0,0.0,0.0,0.0,8868855.0,0.0,8868855.0
2021-05-24,3500.0,3530.0,3485.0,3495.0,11406.0,-0.28530670470756064,0.0,0.0,39876560.0,0.0,0.0,0.0,39876560.0,0.0,39876560.0
2021-05-25,3495.0,3680.0,3495.0,3580.0,7135.0,2.432045779685265,0.0,0.0,25764725.0,0.0,0.0,1840000.0,23924725.0,0.0,25764725.0
2021-05-26,3745.0,3745.0,3600.0,3620.0,13296.0,1.1173184357541899,0.0,7200000.0,41157615.0,0.0,0.0,745000.0,47612615.0,0.0,48357615.0
2021-05-27,3660.0,3665.0,3620.0,3650.0,5485.0,0.8287292817679558,0.0,8051420.0,12019690.0,0.0,0.0,0.0,20071110.0,0.0,20071110.0
2021-05-28,3940.0,3940.0,3655.0,3710.0,9495.0,1.643835616438356,0.0,4060500.0,31158155.0,0.0,0.0,0.0,35218655.0,0.0,35218655.0
2021-05-31,3715.0,3715.0,3690.0,3700.0,7384.0,-0.2695417789757413,0.0,2600500.0,24773905.0,0.0,0.0,0.0,27374405.0,0.0,27374405.0
2021-06-01,3710.0,3835.0,3690.0,3795.0,14782.0,2.5675675675675675,0.0,0.0,55046385.0,379950.0,0.0,1967355.0,53458980.0,0.0,55426335.0
2021-06-02,3765.0,3845.0,3720.0,3805.0,9590.0,0.2635046113306983,0.0,0.0,36635615.0,0.0,0.0,0.0,31278585.0,5357030.0,36635615.0
2021-06-03,3810.0,3840.0,3620.0,3790.0,17931.0,-0.39421813403416556,0.0,0.0,68313470.0,0.0,0.0,0.0,60650470.0,7663000.0,68313470.0
2021-06-04,3790.0,3870.0,3735.0,3795.0,5672.0,0.13192612137203166,0.0,0.0,21618465.0,0.0,0.0,0.0,19217265.0,2401200.0,21618465.0
2021-06-07,3750.0,3840.0,3750.0,3810.0,8036.0,0.3952569169960474,0.0,0.0,30565605.0,0.0,0.0,0.0,26080125.0,4485480.0,30565605.0
2021-06-08,3850.0,3850.0,3780.0,3810.0,6346.0,0.0,0.0,0.0,24312460.0,0.0,0.0,0.0,20930360.0,3382100.0,24312460.0
2021-06-09,3810.0,3810.0,3755.0,3810.0,4904.0,0.0,0.0,2987040.0,15639485.0,0.0,0.0,0.0,15968110.0,2658415.0,18626525.0
2021-06-10,3945.0,3945.0,3860.0,3880.0,30469.0,1.837270341207349,0.0,0.0,119447505.0,0.0,0.0,3940000.0,97824070.0,17683435.0,119447505.0
2021-06-11,3880.0,3905.0,3850.0,3905.0,18324.0,0.6443298969072164,0.0,0.0,71132350.0,0.0,0.0,18353500.0,45109790.0,7669060.0,71132350.0
2021-06-14,3910.0,3915.0,3905.0,3915.0,5106.0,0.2560819462227913,0.0,5888160.0,14080570.0,0.0,0.0,0.0,16996470.0,2972260.0,19968730.0
2021-06-15,3920.0,3920.0,3890.0,3910.0,4488.0,-0.1277139208173691,0.0,0.0,17511275.0,0.0,0.0,0.0,14899055.0,2612220.0,17511275.0
2021-06-16,3915.0,3915.0,3885.0,3915.0,9603.0,0.1278772378516624,0.0,0.0,37530790.0,0.0,0.0,0.0,28957015.0,8573775.0,37530790.0
2021-06-17,3900.0,3900.0,3850.0,3875.0,5217.0,-1.0217113665389528,0.0,0.0,20249940.0,0.0,0.0,0.0,17919790.0,2330150.0,20249940.0
2021-06-18,3875.0,3890.0,3820.0,3830.0,5916.0,-1.1612903225806452,0.0,0.0,22802865.0,0.0,0.0,0.0,20292115.0,2510750.0,22802865.0
2021-06-21,3825.0,3845.0,3810.0,3810.0,9326.0,-0.5221932114882507,0.0,0.0,35681710.0,0.0,0.0,0.0,35681710.0,0.0,35681710.0
2021-06-22,3815.0,3880.0,3815.0,3870.0,4685.0,1.574803149606299,0.0,0.0,18082580.0,0.0,0.0,0.0,18082580.0,0.0,18082580.0
2021-06-23,3900.0,3900.0,3840.0,3840.0,4163.0,-0.7751937984496124,0.0,0.0,16008435.0,3845.0,0.0,0.0,16012280.0,0.0,16012280.0
2021-06-24,3820.0,3855.0,3795.0,3850.0,7426.0,0.26041666666666663,0.0,0.0,28577915.0,0.0,0.0,0.0,13325855.0,15252060.0,28577915.0
2021-06-25,3870.0,3870.0,3855.0,3870.0,9526.0,0.5194805194805194,0.0,0.0,36570955.0,270800.0,0.0,0.0,18406185.0,18435570.0,36841755.0
2021-06-28,3875.0,3875.0,3815.0,3825.0,5264.0,-1.1627906976744187,0.0,0.0,20168145.0,0.0,0.0,0.0,17386815.0,2781330.0,20168145.0
2021-06-29,3830.0,3875.0,3830.0,3855.0,16556.0,0.7843137254901961,0.0,0.0,63874790.0,0.0,0.0,0.0,16795895.0,47078895.0,63874790.0
2021-06-30,3855.0,3895.0,3840.0,3840.0,26317.0,-0.38910505836575876,0.0,0.0,101490795.0,0.0,0.0,0.0,36853440.0,64637355.0,101490795.0
2021-07-01,3840.0,3860.0,3840.0,3840.0,4431.0,0.0,0.0,0.0,17041110.0,0.0,0.0,0.0,5377550.0,11663560.0,17041110.0
2021-07-02,3870.0,3870.0,3800.0,3805.0,11969.0,-0.9114583333333334,0.0,0.0,45570760.0,134000.0,0.0,0.0,34319710.0,11385050.0,45704760.0
2021-07-05,3805.0,3820.0,3800.0,3805.0,3113.0,0.0,0.0,0.0,11847715.0,0.0,0.0,0.0,10071330.0,1776385.0,11847715.0
2021-07-06,3780.0,3830.0,3780.0,3830.0,2064.0,0.657030223390276,0.0,0.0,7870395.0,0.0,0.0,0.0,6688365.0,1182030.0,7870395.0
2021-07-07,3835.0,3835.0,3825.0,3825.0,4058.0,-0.13054830287206268,0.0,0.0,15543510.0,0.0,0.0,0.0,13195505.0,2348005.0,15543510.0
2021-07-08,3825.0,3825.0,3765.0,3780.0,3435.0,-1.1764705882352942,0.0,0.0,12978880.0,0.0,0.0,0.0,11333340.0,1645540.0,12978880.0
2021-07-09,3745.0,3745.0,3525.0,3700.0,14264.0,-2.1164021164021163,0.0,0.0,50958015.0,0.0,0.0,0.0,50958015.0,0.0,50958015.0
2021-07-12,3695.0,3695.0,3660.0,3695.0,4730.0,-0.13513513513513514,0.0,0.0,17295300.0,73200.0,0.0,3679660.0,11374090.0,2314750.0,17368500.0
2021-07-13,3700.0,3800.0,3700.0,3775.0,2446.0,2.165087956698241,0.0,0.0,9224730.0,0.0,0.0,1885000.0,6132840.0,1206890.0,9224730.0
2021-07-14,3775.0,3810.0,3775.0,3790.0,3230.0,0.3973509933774834,0.0,0.0,12266485.0,0.0,0.0,0.0,10746730.0,1519755.0,12266485.0
2021-07-15,3765.0,3810.0,3765.0,3805.0,2547.0,0.395778364116095,0.0,0.0,9659205.0,0.0,0.0,102735.0,8152450.0,1404020.0,9659205.0
2021-07-16,3755.0,3790.0,3745.0,3750.0,2000.0,-1.445466491458607,0.0,0.0,7544725.0,0.0,0.0,0.0,6674435.0,870290.0,7544725.0
2021-07-19,3745.0,3745.0,3700.0,3710.0,4635.0,-1.0666666666666667,0.0,0.0,17156075.0,0.0,0.0,0.0,15194175.0,1961900.0,17156075.0
2021-07-20,3710.0,3725.0,3685.0,3725.0,5914.0,0.40431266846361186,0.0,0.0,21838615.0,0.0,0.0,12915000.0,6328055.0,2595560.0,21838615.0
2021-07-21,3725.0,3725.0,3705.0,3720.0,1221.0,-0.1342281879194631,0.0,0.0,4528390.0,0.0,0.0,0.0,4001510.0,526880.0,4528390.0
2021-07-22,3720.0,3720.0,3710.0,3710.0,1937.0,-0.2688172043010753,0.0,0.0,7186795.0,0.0,0.0,0.0,6370525.0,816270.0,7186795.0
2021-07-23,3685.0,3735.0,3685.0,3705.0,3446.0,-0.13477088948787064,0.0,0.0,12601705.0,185250.0,0.0,0.0,10967015.0,1819940.0,12786955.0
2021-07-26,3710.0,3800.0,3710.0,3770.0,2670.0,1.7543859649122806,0.0,0.0,10096105.0,0.0,0.0,0.0,7628340.0,2467765.0,10096105.0
2021-07-27,3770.0,3770.0,3770.0,3770.0,3846.0,0.0,0.0,0.0,14499420.0,0.0,0.0,0.0,11747320.0,2752100.0,14499420.0
2021-07-28,3750.0,3750.0,3730.0,3730.0,3635.0,-1.0610079575596816,0.0,0.0,13586865.0,0.0,0.0,0.0,10879765.0,2707100.0,13586865.0
2021-07-29,3720.0,3720.0,3710.0,3715.0,2235.0,-0.40214477211796246,0.0,0.0,8303370.0,0.0,0.0,0.0,6367605.0,1935765.0,8303370.0
2021-07-30,3710.0,3710.0,3680.0,3700.0,1313.0,-0.4037685060565276,0.0,0.0,4854070.0,0.0,0.0,0.0,3004010.0,1850060.0,4854070.0
2021-08-02,3700.0,3700.0,3700.0,3700.0,2127.0,0.0,0.0,0.0,7869900.0,0.0,0.0,0.0,3429900.0,4440000.0,7869900.0
2021-08-03,3700.0,3700.0,3650.0,3650.0,373.0,-1.3513513513513513,0.0,0.0,1148630.0,219000.0,0.0,0.0,998630.0,369000.0,1367630.0
2021-08-04,3650.0,3650.0,3610.0,3645.0,1216.0,-0.136986301369863,0.0,0.0,4431715.0,0.0,0.0,0.0,3245465.0,1186250.0,4431715.0
2021-08-05,3645.0,3700.0,3645.0,3645.0,3378.0,0.0,0.0,0.0,12410220.0,0.0,0.0,1845000.0,6625520.0,3939700.0,12410220.0
2021-08-06,3645.0,3675.0,3645.0,3670.0,1509.0,0.6858710562414266,0.0,0.0,5537975.0,0.0,0.0,0.0,4121180.0,1416795.0,5537975.0
2021-08-09,3670.0,3795.0,3670.0,3750.0,6761.0,2.17983651226158,0.0,0.0,25570755.0,0.0,0.0,0.0,25570755.0,0.0,25570755.0
2021-08-10,3830.0,3830.0,3750.0,3770.0,2566.0,0.5333333333333333,0.0,0.0,9662495.0,0.0,0.0,0.0,9662495.0,0.0,9662495.0
2021-08-11,3770.0,3770.0,3740.0,3740.0,1440.0,-0.7957559681697612,0.0,0.0,5419100.0,0.0,0.0,3619200.0,1799900.0,0.0,5419100.0
2021-08-12,3750.0,3800.0,3745.0,3775.0,1886.0,0.9358288770053476,0.0,0.0,7130975.0,0.0,0.0,3460675.0,3670300.0,0.0,7130975.0
2021-08-13,3670.0,3775.0,3635.0,3760.0,641.0,-0.3973509933774834,0.0,0.0,2370860.0,0.0,0.0,83605.0,2105505.0,181750.0,2370860.0
2021-08-17,3650.0,3675.0,3615.0,3615.0,1831.0,-3.856382978723404,0.0,0.0,6631745.0,0.0,0.0,0.0,6541370.0,90375.0,6631745.0
2021-08-18,3615.0,3700.0,3615.0,3700.0,2689.0,2.351313969571231,0.0,0.0,9820495.0,0.0,0.0,0.0,9820495.0,0.0,9820495.0
2021-08-19,3660.0,3765.0,3625.0,3625.0,2359.0,-2.027027027027027,0.0,0.0,8689675.0,0.0,0.0,0.0,8689675.0,0.0,8689675.0
2021-08-20,3625.0,3625.0,3560.0,3560.0,2740.0,-1.7931034482758619,0.0,0.0,9846460.0,0.0,0.0,0.0,9846460.0,0.0,9846460.0
2021-08-23,3550.0,3690.0,3550.0,3690.0,1788.0,3.651685393258427,0.0,0.0,6408300.0,0.0,0.0,0.0,6408300.0,0.0,6408300.0
2021-08-24,3645.0,3690.0,3645.0,3685.0,5500.0,-0.13550135501355012,0.0,0.0,20155910.0,0.0,0.0,0.0,20155910.0,0.0,20155910.0
2021-08-25,3650.0,3690.0,3650.0,3690.0,1339.0,0.13568521031207598,0.0,0.0,4926685.0,0.0,0.0,0.0,4926685.0,0.0,4926685.0
2021-08-26,3770.0,3770.0,3690.0,3690.0,3272.0,0.0,0.0,0.0,12241840.0,0.0,0.0,0.0,12241840.0,0.0,12241840.0
2021-08-27,3690.0,3690.0,3560.0,3670.0,3959.0,-0.5420054200542005,0.0,36550.0,14227780.0,0.0,0.0,368000.0,13896330.0,0.0,14264330.0
2021-08-30,3670.0,3670.0,3560.0,3600.0,12174.0,-1.9073569482288828,0.0,11170000.0,32506080.0,0.0,0.0,0.0,43676080.0,0.0,43676080.0
2021-08-31,3650.0,3710.0,3650.0,3670.0,3453.0,1.9444444444444444,0.0,0.0,12748730.0,0.0,0.0,0.0,12748730.0,0.0,12748730.0
2021-09-01,3670.0,3700.0,3655.0,3660.0,2468.0,-0.2724795640326975,0.0,7100400.0,1933295.0,0.0,0.0,0.0,9033695.0,0.0,9033695.0
2021-09-02,3815.0,3815.0,3680.0,3680.0,4917.0,0.546448087431694,0.0,0.0,18378545.0,0.0,0.0,0.0,18378545.0,0.0,18378545.0
2021-09-03,3840.0,3840.0,3720.0,3785.0,3139.0,2.8532608695652173,0.0,0.0,12026930.0,0.0,0.0,0.0,10586930.0,1440000.0,12026930.0
2021-09-06,3755.0,3785.0,3755.0,3760.0,5243.0,-0.6605019815059445,0.0,1252080.0,18531655.0,0.0,0.0,0.0,19367835.0,415900.0,19783735.0
2021-09-07,3760.0,3760.0,3740.0,3750.0,3162.0,-0.26595744680851063,0.0,0.0,11853360.0,0.0,0.0,0.0,11853360.0,0.0,11853360.0
2021-09-08,3750.0,3760.0,3750.0,3760.0,3673.0,0.26666666666666666,0.0,0.0,13790470.0,0.0,0.0,0.0,13790470.0,0.0,13790470.0
2021-09-09,3760.0,3760.0,3720.0,3720.0,989.0,-1.0638297872340425,0.0,0.0,3682960.0,0.0,0.0,0.0,3682960.0,0.0,3682960.0
2021-09-10,3720.0,3730.0,3700.0,3725.0,749.0,0.13440860215053765,0.0,0.0,2776140.0,0.0,0.0,37000.0,2739140.0,0.0,2776140.0
2021-09-13,3725.0,3725.0,3625.0,3625.0,5031.0,-2.684563758389262,0.0,0.0,18512560.0,0.0,0.0,0.0,18512560.0,0.0,18512560.0
2021-09-14,3665.0,3665.0,3655.0,3660.0,1889.0,0.9655172413793104,0.0,0.0,6915575.0,0.0,0.0,0.0,6915575.0,0.0,6915575.0
2021-09-15,3625.0,3850.0,3625.0,3790.0,14447.0,3.551912568306011,0.0,0.0,45811875.0,9590320.0,0.0,0.0,36152195.0,19250000.0,55402195.0
2021-09-16,3740.0,3790.0,3740.0,3750.0,3247.0,-1.0554089709762533,0.0,0.0,12172660.0,0.0,0.0,0.0,12172660.0,0.0,12172660.0
2021-09-17,3750.0,3750.0,3720.0,3730.0,3235.0,-0.5333333333333333,0.0,0.0,12083665.0,0.0,0.0,0.0,12083665.0,0.0,12083665.0
2021-09-23,3730.0,3730.0,3645.0,3645.0,1451.0,-2.278820375335121,0.0,0.0,5290735.0,0.0,0.0,0.0,5290735.0,0.0,5290735.0
2021-09-24,3645.0,3645.0,3595.0,3645.0,2906.0,0.0,0.0,0.0,10474770.0,0.0,0.0,0.0,10474770.0,0.0,10474770.0
2021-09-27,3600.0,3610.0,3570.0,3610.0,8751.0,-0.9602194787379973,0.0,17363945.0,13953335.0,0.0,0.0,0.0,22365480.0,8951800.0,31317280.0
2021-09-28,3610.0,3610.0,3570.0,3570.0,30830.0,-1.10803324099723,0.0,18202750.0,91956665.0,0.0,0.0,89628420.0,20530995.0,0.0,110159415.0
2021-09-29,3525.0,3525.0,3520.0,3520.0,1670.0,-1.400560224089636,0.0,4390440.0,1489990.0,0.0,0.0,0.0,5880430.0,0.0,5880430.0
2021-09-30,3520.0,3555.0,3515.0,3515.0,2378.0,-0.14204545454545456,0.0,2920965.0,5442840.0,0.0,0.0,0.0,8363805.0,0.0,8363805.0
2021-10-01,3520.0,3520.0,3515.0,3515.0,1860.0,0.0,0.0,3163500.0,3378165.0,0.0,0.0,0.0,6541665.0,0.0,6541665.0
2021-10-05,3475.0,3550.0,3455.0,3550.0,2990.0,0.995732574679943,0.0,4685800.0,5750165.0,0.0,0.0,0.0,10435965.0,0.0,10435965.0
2021-10-06,3550.0,3550.0,3435.0,3530.0,1777.0,-0.5633802816901409,0.0,2910600.0,3245745.0,0.0,0.0,0.0,6156345.0,0.0,6156345.0
2021-10-07,3530.0,3600.0,3530.0,3600.0,2880.0,1.9830028328611897,0.0,7793400.0,2498175.0,0.0,0.0,0.0,10291575.0,0.0,10291575.0
2021-10-08,3630.0,3720.0,3600.0,3720.0,2973.0,3.3333333333333335,0.0,5996000.0,4852500.0,0.0,0.0,0.0,10848500.0,0.0,10848500.0
2021-10-12,3720.0,3720.0,3650.0,3720.0,5146.0,0.0,0.0,16593600.0,2456950.0,0.0,0.0,0.0,19050550.0,0.0,19050550.0
2021-10-13,3720.0,3740.0,3650.0,3720.0,1637.0,0.0,0.0,4854500.0,1134510.0,0.0,0.0,0.0,5989010.0,0.0,5989010.0
2021-10-14,3690.0,3755.0,3690.0,3715.0,284.0,-0.13440860215053765,0.0,0.0,1054520.0,0.0,0.0,0.0,1054520.0,0.0,1054520.0
2021-10-15,3730.0,3730.0,3690.0,3705.0,165.0,-0.2691790040376851,0.0,0.0,611300.0,0.0,0.0,0.0,611300.0,0.0,611300.0
2021-10-18,3710.0,3710.0,3700.0,3710.0,1946.0,0.1349527665317139,0.0,0.0,7219340.0,0.0,0.0,0.0,7219340.0,0.0,7219340.0
2021-10-19,3670.0,3690.0,3670.0,3670.0,1298.0,-1.078167115902965,0.0,0.0,4763700.0,0.0,0.0,0.0,4763700.0,0.0,4763700.0
2021-10-20,3640.0,3670.0,3640.0,3670.0,248.0,0.0,0.0,0.0,904670.0,0.0,0.0,0.0,904670.0,0.0,904670.0
2021-10-21,3640.0,3640.0,3635.0,3640.0,366.0,-0.8174386920980926,0.0,0.0,1332220.0,0.0,0.0,0.0,1332220.0,0.0,1332220.0
2021-10-22,3670.0,3670.0,3645.0,3645.0,138.0,0.13736263736263737,0.0,0.0,504095.0,0.0,0.0,0.0,504095.0,0.0,504095.0
2021-10-25,3640.0,3640.0,3590.0,3600.0,1901.0,-1.2345679012345678,0.0,5752000.0,1008475.0,76440.0,0.0,0.0,6836915.0,0.0,6836915.0
2021-10-26,3600.0,3625.0,3600.0,3625.0,3625.0,0.6944444444444444,0.0,10860000.0,2261950.0,0.0,0.0,0.0,13121950.0,0.0,13121950.0
2021-10-27,3625.0,3640.0,3625.0,3640.0,208.0,0.41379310344827586,0.0,0.0,754910.0,0.0,0.0,0.0,754910.0,0.0,754910.0
2021-10-28,3640.0,3640.0,3635.0,3635.0,206.0,-0.13736263736263737,0.0,0.0,749030.0,0.0,0.0,0.0,749030.0,0.0,749030.0
2021-10-29,3655.0,3670.0,3650.0,3670.0,528.0,0.9628610729023385,0.0,0.0,1932765.0,0.0,0.0,0.0,1932765.0,0.0,1932765.0
2021-11-01,3670.0,3670.0,3545.0,3600.0,1690.0,-1.9073569482288828,0.0,0.0,6104180.0,0.0,0.0,0.0,6104180.0,0.0,6104180.0
2021-11-02,3610.0,3640.0,3610.0,3635.0,2875.0,0.9722222222222222,0.0,0.0,10451125.0,0.0,0.0,0.0,10451125.0,0.0,10451125.0
2021-11-03,3635.0,3660.0,3635.0,3635.0,176.0,0.0,0.0,0.0,639785.0,0.0,625220.0,0.0,14565.0,0.0,639785.0
2021-11-04,3600.0,3655.0,3590.0,3610.0,1172.0,-0.6877579092159559,0.0,0.0,4234555.0,0.0,0.0,0.0,4234555.0,0.0,4234555.0
2021-11-05,3610.0,3610.0,3540.0,3570.0,2553.0,-1.10803324099723,0.0,0.0,9085690.0,0.0,0.0,0.0,9085690.0,0.0,9085690.0
2021-11-08,3600.0,3600.0,3425.0,3590.0,4481.0,0.5602240896358543,0.0,0.0,16004795.0,0.0,0.0,0.0,15947195.0,57600.0,16004795.0
2021-11-09,3585.0,3585.0,3525.0,3585.0,2766.0,-0.1392757660167131,0.0,0.0,9908415.0,0.0,0.0,0.0,9908415.0,0.0,9908415.0
2021-11-10,3585.0,3585.0,3520.0,3530.0,121.0,-1.5341701534170153,0.0,0.0,427440.0,0.0,0.0,0.0,427440.0,0.0,427440.0
2021-11-11,3525.0,3530.0,3525.0,3530.0,1203.0,0.0,0.0,0.0,4240635.0,0.0,0.0,1762500.0,2478135.0,0.0,4240635.0
2021-11-12,3530.0,3535.0,3530.0,3535.0,784.0,0.141643059490085,0.0,0.0,2767650.0,0.0,0.0,0.0,2767650.0,0.0,2767650.0
2021-11-15,3540.0,3540.0,3530.0,3530.0,230.0,-0.14144271570014144,0.0,0.0,811950.0,0.0,0.0,0.0,811950.0,0.0,811950.0
2021-11-16,3530.0,3530.0,3525.0,3525.0,1379.0,-0.141643059490085,0.0,0.0,4860980.0,0.0,0.0,0.0,4860980.0,0.0,4860980.0
2021-11-17,3550.0,3550.0,3460.0,3485.0,3282.0,-1.1347517730496455,0.0,0.0,11426815.0,0.0,0.0,0.0,11426815.0,0.0,11426815.0
2021-11-18,3485.0,3485.0,3470.0,3485.0,1104.0,0.0,0.0,0.0,3847235.0,0.0,0.0,0.0,3847235.0,0.0,3847235.0
2021-11-19,3450.0,3510.0,3450.0,3500.0,563.0,0.430416068866571,0.0,0.0,1969650.0,0.0,0.0,0.0,1969650.0,0.0,1969650.0
2021-11-22,3500.0,3500.0,3470.0,3500.0,310.0,0.0,0.0,0.0,1084100.0,0.0,0.0,0.0,1084100.0,0.0,1084100.0
2021-11-23,3520.0,3520.0,3470.0,3515.0,982.0,0.4285714285714286,0.0,0.0,3409445.0,0.0,0.0,0.0,3409445.0,0.0,3409445.0
2021-11-24,3515.0,3515.0,3515.0,3515.0,482.0,0.0,0.0,0.0,1694230.0,0.0,0.0,0.0,1694230.0,0.0,1694230.0
2021-11-25,3520.0,3520.0,3485.0,3520.0,1050.0,0.1422475106685633,0.0,0.0,3659880.0,0.0,0.0,0.0,3659880.0,0.0,3659880.0
2021-11-26,3500.0,3500.0,3485.0,3485.0,119.0,-0.9943181818181818,0.0,0.0,415495.0,0.0,0.0,182000.0,233495.0,0.0,415495.0
2021-11-29,3485.0,3485.0,3385.0,3385.0,526.0,-2.8694404591104736,0.0,0.0,1782660.0,0.0,0.0,0.0,1782660.0,0.0,1782660.0
2021-11-30,3360.0,3360.0,3325.0,3330.0,2104.0,-1.6248153618906942,0.0,0.0,7046780.0,0.0,0.0,0.0,7046780.0,0.0,7046780.0
2021-12-01,3300.0,3360.0,3300.0,3360.0,2128.0,0.9009009009009009,0.0,0.0,7084650.0,0.0,0.0,0.0,7084650.0,0.0,7084650.0
2021-12-02,3385.0,3385.0,3360.0,3385.0,734.0,0.744047619047619,0.0,0.0,2484215.0,0.0,0.0,0.0,2484215.0,0.0,2484215.0
2021-12-03,3355.0,3450.0,3335.0,3450.0,497.0,1.9202363367799113,0.0,0.0,1675290.0,0.0,0.0,0.0,1675290.0,0.0,1675290.0
2021-12-06,3415.0,3420.0,3400.0,3415.0,1970.0,-1.0144927536231882,0.0,0.0,6707280.0,0.0,0.0,0.0,6707280.0,0.0,6707280.0
2021-12-07,3390.0,3420.0,3390.0,3420.0,139.0,0.14641288433382138,0.0,0.0,473005.0,0.0,0.0,0.0,473005.0,0.0,473005.0
2021-12-08,3420.0,3440.0,3370.0,3370.0,1268.0,-1.461988304093567,0.0,0.0,4312500.0,0.0,0.0,0.0,4312500.0,0.0,4312500.0
2021-12-09,3370.0,3420.0,3370.0,3420.0,257.0,1.483679525222552,0.0,0.0,874620.0,0.0,0.0,0.0,874620.0,0.0,874620.0
2021-12-10,3455.0,3500.0,3425.0,3500.0,2150.0,2.3391812865497075,0.0,0.0,7374400.0,0.0,0.0,0.0,7374400.0,0.0,7374400.0
2021-12-13,3460.0,3540.0,3415.0,3495.0,1234.0,-0.14285714285714285,0.0,0.0,4286435.0,0.0,0.0,0.0,4286435.0,0.0,4286435.0
2021-12-14,3490.0,3490.0,3425.0,3485.0,372.0,-0.28612303290414876,0.0,0.0,1293405.0,0.0,0.0,0.0,1293405.0,0.0,1293405.0
2021-12-15,3500.0,3500.0,3400.0,3400.0,917.0,-2.4390243902439024,0.0,0.0,3119875.0,0.0,0.0,0.0,3119875.0,0.0,3119875.0
2021-12-16,3450.0,3450.0,3370.0,3435.0,692.0,1.0294117647058822,0.0,0.0,2336715.0,0.0,0.0,0.0,2336715.0,0.0,2336715.0
2021-12-17,3360.0,3435.0,3360.0,3375.0,667.0,-1.7467248908296942,0.0,0.0,2261975.0,0.0,0.0,0.0,2261975.0,0.0,2261975.0
2021-12-20,3375.0,3380.0,3375.0,3380.0,123.0,0.14814814814814814,0.0,0.0,415735.0,0.0,0.0,0.0,344755.0,70980.0,415735.0
2021-12-21,3380.0,3380.0,3350.0,3375.0,2911.0,-0.14792899408284024,0.0,0.0,9819120.0,0.0,0.0,0.0,8862580.0,956540.0,9819120.0
2021-12-22,3340.0,3345.0,3340.0,3340.0,512.0,-1.037037037037037,0.0,0.0,1709305.0,0.0,0.0,0.0,412160.0,1297145.0,1709305.0
2021-12-23,3300.0,3300.0,3300.0,3300.0,3010.0,-1.1976047904191618,0.0,0.0,9933400.0,0.0,0.0,0.0,3333400.0,6600000.0,9933400.0
2021-12-24,3300.0,3330.0,3280.0,3300.0,460.0,0.0,0.0,0.0,1519065.0,0.0,0.0,0.0,201465.0,1317600.0,1519065.0
2021-12-27,3290.0,3300.0,3290.0,3300.0,649.0,0.0,0.0,3300.0,2138390.0,0.0,0.0,0.0,9890.0,2131800.0,2141690.0
2021-12-28,3330.0,3360.0,3305.0,3360.0,171.0,1.8181818181818181,0.0,0.0,570835.0,0.0,0.0,0.0,319845.0,250990.0,570835.0
2021-12-29,3365.0,3365.0,3330.0,3345.0,2512.0,-0.4464285714285714,0.0,0.0,8387560.0,0.0,0.0,0.0,1192760.0,7194800.0,8387560.0
2021-12-30,3380.0,3380.0,3335.0,3335.0,319.0,-0.29895366218236175,0.0,0.0,1065215.0,0.0,0.0,0.0,541125.0,524090.0,1065215.0
2022-01-03,3355.0,3400.0,3350.0,3375.0,2794.0,1.199400299850075,0.0,0.0,9407905.0,0.0,0.0,0.0,5816595.0,3591310.0,9407905.0
2022-01-04,3430.0,4270.0,3375.0,3700.0,1210367.0,9.62962962962963,0.0,0.0,4746964355.0,2289655.0,0.0,0.0,4722213660.0,27040350.0,4749254010.0
2022-01-05,3700.0,4575.0,3550.0,4055.0,1259721.0,9.594594594594595,0.0,10698020.0,5245866730.0,18019105.0,0.0,0.0,5262651840.0,11932015.0,5274583855.0
2022-01-06,4055.0,4090.0,3795.0,3840.0,153905.0,-5.30209617755857,0.0,0.0,600806395.0,977770.0,0.0,12179565.0,585268975.0,4335625.0,601784165.0
2022-01-07,3890.0,4655.0,3755.0,4135.0,1631622.0,7.682291666666667,305335.0,19903125.0,7095731815.0,7084815.0,303760.0,0.0,7116301440.0,6419890.0,7123025090.0
2022-01-10,4095.0,4155.0,3760.0,3995.0,219801.0,-3.3857315598548974,0.0,0.0,865523395.0,484695.0,0.0,18890900.0,846118440.0,998750.0,866008090.0
2022-01-11,3945.0,4705.0,3825.0,4205.0,1333828.0,5.256570713391739,0.0,9430720.0,5833350525.0,15827445.0,0.0,0.0,5848545915.0,10062775.0,5858608690.0
2022-01-12,4215.0,4480.0,4030.0,4110.0,266732.0,-2.2592152199762188,17140.0,0.0,1107524690.0,7987370.0,17760.0,9625410.0,1096261660.0,9624370.0,1115529200.0
2022-01-13,4155.0,4315.0,3740.0,3940.0,290867.0,-4.13625304136253,0.0,0.0,1172570540.0,15430805.0,0.0,0.0,1071769420.0,116231925.0,1188001345.0
2022-01-14,3910.0,4045.0,3800.0,3950.0,57864.0,0.25380710659898476,0.0,0.0,227163365.0,749600.0,0.0,0.0,227908975.0,3990.0,227912965.0
2022-01-17,3980.0,4255.0,3770.0,3880.0,201898.0,-1.7721518987341773,0.0,0.0,808973765.0,713230.0,0.0,0.0,795814390.0,13872605.0,809686995.0
2022-01-18,3880.0,3945.0,3730.0,3740.0,67209.0,-3.608247422680412,0.0,0.0,245403120.0,11534350.0,0.0,0.0,250662515.0,6274955.0,256937470.0
2022-01-19,3800.0,3880.0,3700.0,3805.0,31335.0,1.7379679144385027,0.0,0.0,115394205.0,2740535.0,761305.0,0.0,116502210.0,871225.0,118134740.0
2022-01-20,3800.0,3815.0,3705.0,3750.0,53728.0,-1.445466491458607,0.0,0.0,188095585.0,12534360.0,0.0,0.0,200629945.0,0.0,200629945.0
2022-01-21,3760.0,3890.0,3635.0,3640.0,42277.0,-2.933333333333333,0.0,0.0,150819190.0,7654655.0,0.0,0.0,153763275.0,4710570.0,158473845.0
2022-01-24,3630.0,3710.0,3505.0,3640.0,31974.0,0.0,0.0,0.0,113481770.0,998820.0,0.0,0.0,106760795.0,7719795.0,114480590.0
2022-01-25,3650.0,3655.0,3515.0,3570.0,22886.0,-1.9230769230769231,0.0,0.0,79711660.0,1623800.0,0.0,7066525.0,72506770.0,1762165.0,81335460.0
2022-01-26,3650.0,3650.0,3490.0,3530.0,13473.0,-1.1204481792717087,0.0,0.0,47749480.0,0.0,0.0,0.0,44050820.0,3698660.0,47749480.0
2022-01-27,3610.0,3610.0,3400.0,3550.0,28172.0,0.56657223796034,0.0,0.0,98768375.0,0.0,0.0,0.0,91404595.0,7363780.0,98768375.0
2022-01-28,3550.0,3705.0,3500.0,3600.0,22573.0,1.4084507042253522,0.0,0.0,74722085.0,6276650.0,0.0,0.0,80998735.0,0.0,80998735.0
2022-02-03,3600.0,3770.0,3600.0,3650.0,20686.0,1.3888888888888888,0.0,73800.0,65353280.0,10348070.0,0.0,0.0,72027020.0,3748130.0,75775150.0
2022-02-04,3735.0,3760.0,3610.0,3705.0,22039.0,1.5068493150684932,0.0,0.0,62647345.0,18983280.0,0.0,0.0,76796865.0,4833760.0,81630625.0
2022-02-07,3665.0,3745.0,3660.0,3720.0,12215.0,0.4048582995951417,0.0,0.0,44708240.0,459080.0,0.0,0.0,44599615.0,567705.0,45167320.0
2022-02-08,3745.0,3745.0,3550.0,3570.0,13732.0,-4.032258064516129,0.0,0.0,49710805.0,43540.0,0.0,0.0,49706245.0,48100.0,49754345.0
2022-02-09,3570.0,3675.0,3515.0,3570.0,20374.0,0.0,0.0,35600.0,64388310.0,8077565.0,0.0,0.0,71150515.0,1350960.0,72501475.0
2022-02-10,3600.0,3600.0,3525.0,3565.0,9575.0,-0.1400560224089636,0.0,855000.0,32673850.0,434605.0,0.0,0.0,33952695.0,10760.0,33963455.0
2022-02-11,3500.0,3600.0,3445.0,3450.0,19920.0,-3.225806451612903,0.0,0.0,59094340.0,10733685.0,0.0,0.0,66458800.0,3369225.0,69828025.0
2022-02-14,3445.0,3500.0,3260.0,3390.0,18303.0,-1.7391304347826086,0.0,0.0,57286355.0,4800820.0,0.0,0.0,61518200.0,568975.0,62087175.0
2022-02-15,3365.0,3600.0,3310.0,3310.0,17502.0,-2.359882005899705,0.0,0.0,56526050.0,3331790.0,0.0,0.0,58347690.0,1510150.0,59857840.0
2022-02-16,3330.0,3410.0,3280.0,3385.0,4123.0,2.2658610271903323,0.0,0.0,13785995.0,40020.0,0.0,0.0,13179125.0,646890.0,13826015.0
2022-02-17,3445.0,3590.0,3445.0,3500.0,5010.0,3.3973412112259975,0.0,0.0,16978570.0,420000.0,0.0,0.0,15052115.0,2346455.0,17398570.0
2022-02-18,3465.0,3545.0,3420.0,3495.0,5316.0,-0.14285714285714285,0.0,0.0,18561385.0,28115.0,0.0,0.0,18317690.0,271810.0,18589500.0
2022-02-21,3510.0,3635.0,3480.0,3530.0,3457.0,1.0014306151645207,0.0,0.0,12244405.0,27960.0,0.0,0.0,11596455.0,675910.0,12272365.0
2022-02-22,3530.0,3530.0,3470.0,3500.0,5723.0,-0.84985835694051,0.0,0.0,19959795.0,0.0,0.0,0.0,18062865.0,1896930.0,19959795.0
2022-02-23,3535.0,3540.0,3425.0,3450.0,6821.0,-1.4285714285714286,0.0,0.0,23483145.0,20650.0,0.0,0.0,23390710.0,113085.0,23503795.0
2022-02-24,3455.0,3465.0,3410.0,3445.0,5478.0,-0.14492753623188406,0.0,0.0,18761030.0,6910.0,0.0,0.0,14694130.0,4073810.0,18767940.0
2022-02-25,3450.0,3600.0,3310.0,3450.0,7912.0,0.14513788098693758,0.0,0.0,26960130.0,37445.0,0.0,0.0,24538365.0,2459210.0,26997575.0
2022-02-28,3475.0,3640.0,3470.0,3505.0,5119.0,1.5942028985507246,0.0,0.0,17930085.0,0.0,0.0,0.0,17777185.0,152900.0,17930085.0
2022-03-02,3545.0,3600.0,3545.0,3545.0,3562.0,1.1412268188302426,0.0,0.0,12609310.0,143800.0,0.0,0.0,8103490.0,4649620.0,12753110.0
2022-03-03,3550.0,3570.0,3540.0,3560.0,6302.0,0.4231311706629055,0.0,0.0,22417045.0,0.0,0.0,0.0,17945685.0,4471360.0,22417045.0
2022-03-04,3530.0,3560.0,3460.0,3545.0,9745.0,-0.42134831460674155,0.0,70800.0,33720325.0,273385.0,0.0,0.0,34064510.0,0.0,34064510.0
2022-03-07,3540.0,3550.0,3455.0,3530.0,4875.0,-0.4231311706629055,0.0,0.0,17066165.0,0.0,0.0,0.0,15795995.0,1270170.0,17066165.0
2022-03-08,3500.0,3505.0,3455.0,3505.0,1808.0,-0.708215297450425,0.0,0.0,6291680.0,10380.0,0.0,0.0,5955995.0,346065.0,6302060.0
2022-03-10,3505.0,3535.0,3465.0,3465.0,5406.0,-1.1412268188302426,0.0,0.0,18857600.0,14000.0,0.0,0.0,18861015.0,10585.0,18871600.0
2022-03-11,3465.0,3550.0,3440.0,3525.0,4704.0,1.7316017316017316,0.0,0.0,16339325.0,134830.0,0.0,0.0,11416005.0,5058150.0,16474155.0
2022-03-14,3525.0,3525.0,3310.0,3500.0,7345.0,-0.7092198581560284,0.0,0.0,25305915.0,243325.0,0.0,0.0,24627235.0,922005.0,25549240.0
2022-03-15,3550.0,3550.0,3415.0,3485.0,2902.0,-0.4285714285714286,0.0,0.0,9929755.0,136945.0,0.0,0.0,9527100.0,539600.0,10066700.0
2022-03-16,3485.0,3485.0,3320.0,3385.0,59463.0,-2.8694404591104736,0.0,0.0,199834695.0,808540.0,0.0,0.0,137959385.0,62683850.0,200643235.0
2022-03-17,3375.0,3435.0,3365.0,3395.0,13437.0,0.29542097488921715,0.0,135300.0,45176040.0,336555.0,0.0,0.0,31403320.0,14244575.0,45647895.0
2022-03-18,3395.0,3455.0,3360.0,3380.0,11450.0,-0.4418262150220913,0.0,1394850.0,37197190.0,237715.0,0.0,0.0,26661105.0,12168650.0,38829755.0
2022-03-21,3380.0,3430.0,3350.0,3395.0,12332.0,0.4437869822485207,0.0,3380.0,41417495.0,360360.0,1062635.0,0.0,27788365.0,12930235.0,41781235.0
2022-03-22,3395.0,3530.0,3370.0,3455.0,13191.0,1.7673048600883652,0.0,0.0,45319345.0,119300.0,0.0,0.0,43720370.0,1718275.0,45438645.0
2022-03-23,3435.0,3490.0,3420.0,3435.0,3430.0,-0.5788712011577424,0.0,34275.0,11751430.0,0.0,0.0,0.0,11634075.0,151630.0,11785705.0
2022-03-24,3435.0,3440.0,3415.0,3435.0,3042.0,0.0,0.0,0.0,10440480.0,0.0,0.0,0.0,9970295.0,470185.0,10440480.0
2022-03-25,3435.0,3435.0,3375.0,3395.0,8890.0,-1.1644832605531297,0.0,0.0,30305840.0,0.0,0.0,0.0,20708480.0,9597360.0,30305840.0
2022-03-28,3415.0,3420.0,3320.0,3395.0,6107.0,0.0,0.0,0.0,20216245.0,309465.0,0.0,0.0,10264290.0,10261420.0,20525710.0
2022-03-29,3350.0,3450.0,3350.0,3425.0,2037.0,0.8836524300441826,0.0,891315.0,6080615.0,0.0,0.0,0.0,4902550.0,2069380.0,6971930.0
2022-03-30,3425.0,3455.0,3360.0,3420.0,7475.0,-0.145985401459854,0.0,0.0,25525715.0,30555.0,0.0,0.0,17885740.0,7670530.0,25556270.0
2022-03-31,3420.0,3525.0,3390.0,3510.0,10876.0,2.631578947368421,0.0,3395000.0,27509555.0,6741485.0,0.0,0.0,26282225.0,11363815.0,37646040.0
2022-04-01,3510.0,3565.0,3445.0,3475.0,6745.0,-0.9971509971509971,0.0,0.0,23195710.0,375790.0,0.0,0.0,9847925.0,13723575.0,23571500.0
2022-04-04,3615.0,3705.0,3475.0,3540.0,37473.0,1.870503597122302,0.0,0.0,131572400.0,1602020.0,0.0,0.0,90114195.0,43060225.0,133174420.0
2022-04-05,3545.0,3620.0,3510.0,3615.0,38241.0,2.11864406779661,0.0,786980.0,132350140.0,2737020.0,0.0,0.0,90397950.0,45476190.0,135874140.0
2022-04-06,3620.0,3705.0,3460.0,3570.0,43941.0,-1.2448132780082988,0.0,0.0,151422810.0,3996680.0,0.0,0.0,100728195.0,54691295.0,155419490.0
2022-04-07,3570.0,3570.0,3525.0,3540.0,4999.0,-0.8403361344537815,0.0,0.0,17389390.0,306750.0,0.0,0.0,11881470.0,5814670.0,17696140.0
2022-04-08,3600.0,3600.0,3430.0,3475.0,14577.0,-1.8361581920903955,0.0,0.0,50497115.0,424480.0,0.0,0.0,30872240.0,20049355.0,50921595.0
2022-04-11,3495.0,3550.0,3460.0,3500.0,17082.0,0.7194244604316548,0.0,0.0,59082980.0,721020.0,0.0,0.0,40703940.0,19100060.0,59804000.0
2022-04-12,3505.0,3595.0,3465.0,3550.0,17312.0,1.4285714285714286,0.0,0.0,60596285.0,299625.0,0.0,0.0,39591745.0,21304165.0,60895910.0
2022-04-13,3560.0,3650.0,3530.0,3630.0,48049.0,2.2535211267605635,0.0,0.0,170457485.0,1634965.0,0.0,1088250.0,129538190.0,41466010.0,172092450.0
2022-04-14,3650.0,3650.0,3580.0,3615.0,3367.0,-0.4132231404958678,0.0,0.0,12067095.0,75675.0,0.0,0.0,11911125.0,231645.0,12142770.0
2022-04-15,3620.0,3700.0,3600.0,3630.0,5328.0,0.4149377593360996,0.0,0.0,19367825.0,0.0,0.0,0.0,18602695.0,765130.0,19367825.0
2022-04-18,3655.0,3690.0,3505.0,3560.0,19729.0,-1.9283746556473829,0.0,0.0,69438955.0,572400.0,0.0,0.0,69911300.0,100055.0,70011355.0
2022-04-19,3610.0,3690.0,3560.0,3660.0,8527.0,2.8089887640449436,0.0,361000.0,29779390.0,572260.0,0.0,0.0,29664385.0,1048265.0,30712650.0
2022-04-20,3680.0,3765.0,3630.0,3710.0,20823.0,1.366120218579235,0.0,0.0,75887070.0,1441270.0,0.0,0.0,75428005.0,1900335.0,77328340.0
2022-04-21,3730.0,3750.0,3680.0,3730.0,22048.0,0.5390835579514826,0.0,152110.0,81544755.0,59190.0,0.0,0.0,81483840.0,272215.0,81756055.0
2022-04-22,3725.0,3740.0,3660.0,3730.0,8491.0,0.0,0.0,0.0,31255410.0,29390.0,0.0,0.0,31162865.0,121935.0,31284800.0
2022-04-25,3700.0,3760.0,3615.0,3640.0,7594.0,-2.4128686327077746,0.0,0.0,27801335.0,192450.0,0.0,0.0,27693780.0,300005.0,27993785.0
2022-04-26,3620.0,3745.0,3620.0,3685.0,3399.0,1.2362637362637363,0.0,0.0,12505715.0,0.0,0.0,0.0,10183150.0,2322565.0,12505715.0
2022-04-27,3685.0,3685.0,3610.0,3655.0,3732.0,-0.8141112618724559,0.0,0.0,13562160.0,10890.0,0.0,0.0,13209385.0,363665.0,13573050.0
2022-04-28,3615.0,3675.0,3615.0,3670.0,4436.0,0.4103967168262654,0.0,0.0,16210345.0,3615.0,0.0,7350.0,16180990.0,25620.0,16213960.0
2022-04-29,3690.0,3755.0,3600.0,3650.0,10823.0,-0.544959128065395,0.0,362000.0,39017315.0,116430.0,0.0,7470.0,36472825.0,3015450.0,39495745.0
2022-05-02,3650.0,3675.0,3610.0,3675.0,1697.0,0.684931506849315,0.0,0.0,6177145.0,28895.0,0.0,0.0,6084930.0,121110.0,6206040.0
2022-05-03,3685.0,3700.0,3635.0,3695.0,4626.0,0.5442176870748299,0.0,0.0,17051705.0,0.0,0.0,0.0,17048035.0,3670.0,17051705.0
2022-05-04,3700.0,3715.0,3585.0,3585.0,6955.0,-2.9769959404600814,0.0,0.0,24977445.0,187410.0,0.0,0.0,23499710.0,1665145.0,25164855.0
2022-05-06,3660.0,3660.0,3565.0,3565.0,3211.0,-0.5578800557880056,0.0,0.0,11510675.0,14320.0,0.0,109800.0,11079080.0,336115.0,11524995.0
2022-05-09,3565.0,3665.0,3475.0,3575.0,5578.0,0.2805049088359046,0.0,0.0,19737750.0,0.0,0.0,0.0,19698525.0,39225.0,19737750.0
2022-05-10,3590.0,3590.0,3400.0,3530.0,5634.0,-1.2587412587412588,0.0,0.0,19379250.0,10425.0,0.0,0.0,14129575.0,5260100.0,19389675.0
2022-05-11,3545.0,3640.0,3480.0,3595.0,2879.0,1.8413597733711047,0.0,0.0,9859150.0,273350.0,0.0,0.0,9872300.0,260200.0,10132500.0
2022-05-12,3570.0,3615.0,3465.0,3605.0,1048.0,0.27816411682892905,0.0,0.0,3689570.0,10460.0,0.0,0.0,3389255.0,310775.0,3700030.0
2022-05-13,3605.0,3625.0,3440.0,3560.0,9532.0,-1.248266296809986,0.0,17650.0,33104105.0,173000.0,0.0,0.0,32935835.0,358920.0,33294755.0
2022-05-16,3560.0,3560.0,3500.0,3525.0,551.0,-0.9831460674157303,0.0,0.0,1944945.0,0.0,0.0,0.0,1930725.0,14220.0,1944945.0
2022-05-17,3525.0,3580.0,3525.0,3550.0,193.0,0.7092198581560284,0.0,0.0,683995.0,0.0,0.0,0.0,680435.0,3560.0,683995.0
2022-05-18,3550.0,3560.0,3485.0,3495.0,3447.0,-1.5492957746478873,0.0,0.0,12100930.0,0.0,0.0,0.0,11893900.0,207030.0,12100930.0
2022-05-19,3495.0,3495.0,3430.0,3480.0,2943.0,-0.4291845493562232,0.0,0.0,10132370.0,10455.0,0.0,0.0,10115025.0,27800.0,10142825.0
2022-05-20,3470.0,3650.0,3450.0,3450.0,6936.0,-0.8620689655172413,0.0,0.0,24142060.0,100860.0,0.0,0.0,24146935.0,95985.0,24242920.0
2022-05-23,3455.0,3475.0,3350.0,3415.0,8445.0,-1.0144927536231882,0.0,0.0,28544350.0,373475.0,0.0,0.0,28910895.0,6930.0,28917825.0
2022-05-24,3485.0,3485.0,3415.0,3465.0,2760.0,1.4641288433382138,0.0,616845.0,8897055.0,0.0,0.0,0.0,9416750.0,97150.0,9513900.0
2022-05-25,3470.0,3555.0,3410.0,3500.0,795.0,1.0101010101010102,0.0,0.0,2777710.0,0.0,0.0,0.0,2777710.0,0.0,2777710.0
2022-05-26,3470.0,3985.0,3430.0,3440.0,267273.0,-1.7142857142857144,0.0,129375.0,986453190.0,2466505.0,0.0,218810.0,983710400.0,5119860.0,989049070.0
2022-05-27,3475.0,3480.0,3345.0,3425.0,10411.0,-0.436046511627907,0.0,0.0,34042395.0,1519095.0,0.0,0.0,35180750.0,380740.0,35561490.0
2022-05-30,3400.0,3515.0,3400.0,3445.0,4482.0,0.583941605839416,0.0,0.0,15432100.0,0.0,0.0,0.0,15169590.0,262510.0,15432100.0
2022-05-31,3550.0,3550.0,3445.0,3445.0,2010.0,0.0,0.0,0.0,7055145.0,0.0,0.0,0.0,7027010.0,28135.0,7055145.0
2022-06-02,3470.0,3470.0,3415.0,3455.0,543.0,0.29027576197387517,0.0,6880.0,1862290.0,0.0,0.0,0.0,1633050.0,236120.0,1869170.0
2022-06-03,3465.0,3490.0,3435.0,3480.0,4037.0,0.723589001447178,0.0,0.0,13995065.0,0.0,0.0,0.0,13911835.0,83230.0,13995065.0
2022-06-07,3500.0,3500.0,3420.0,3420.0,9806.0,-1.7241379310344827,0.0,0.0,33777495.0,6840.0,0.0,0.0,33574155.0,210180.0,33784335.0
2022-06-08,3440.0,3570.0,3430.0,3450.0,2028.0,0.8771929824561403,0.0,0.0,7078570.0,0.0,0.0,0.0,6668380.0,410190.0,7078570.0
2022-06-09,3430.0,3520.0,3425.0,3430.0,1270.0,-0.5797101449275363,0.0,0.0,4383820.0,0.0,0.0,0.0,4345850.0,37970.0,4383820.0
2022-06-10,3430.0,3480.0,3420.0,3435.0,3186.0,0.1457725947521866,0.0,0.0,10987085.0,0.0,0.0,0.0,10962785.0,24300.0,10987085.0
2022-06-13,3435.0,3435.0,3235.0,3290.0,9612.0,-4.2212518195050945,0.0,16500.0,32104150.0,35805.0,0.0,3243590.0,28599090.0,313775.0,32156455.0
2022-06-14,3180.0,3275.0,3180.0,3255.0,6844.0,-1.0638297872340425,0.0,0.0,22130200.0,0.0,0.0,0.0,22126945.0,3255.0,22130200.0
2022-06-15,3275.0,3275.0,3210.0,3240.0,1689.0,-0.4608294930875576,0.0,0.0,5461480.0,16190.0,0.0,0.0,5151670.0,326000.0,5477670.0
2022-06-16,3235.0,3400.0,3235.0,3265.0,2920.0,0.7716049382716049,0.0,0.0,9581890.0,22830.0,0.0,0.0,9517985.0,86735.0,9604720.0
2022-06-17,3200.0,3260.0,3175.0,3205.0,3369.0,-1.8376722817764166,0.0,0.0,10807615.0,6360.0,0.0,0.0,10810715.0,3260.0,10813975.0
2022-06-20,3180.0,3195.0,2985.0,3000.0,18252.0,-6.3962558502340086,0.0,0.0,55332440.0,63960.0,0.0,0.0,55314745.0,81655.0,55396400.0
2022-06-21,3000.0,3130.0,3000.0,3070.0,2670.0,2.3333333333333335,0.0,0.0,8050165.0,0.0,0.0,0.0,7966570.0,83595.0,8050165.0
2022-06-22,3070.0,3070.0,2980.0,3015.0,3471.0,-1.7915309446254073,0.0,0.0,10391115.0,0.0,0.0,0.0,10367120.0,23995.0,10391115.0
2022-06-23,2900.0,3015.0,2850.0,2855.0,6908.0,-5.306799336650083,0.0,0.0,20011145.0,0.0,0.0,0.0,19817000.0,194145.0,20011145.0
2022-06-24,2940.0,3075.0,2855.0,3075.0,177.0,7.705779334500876,0.0,0.0,522855.0,2970.0,0.0,0.0,525825.0,0.0,525825.0
2022-06-27,3075.0,3090.0,3030.0,3085.0,1316.0,0.3252032520325203,0.0,0.0,4060360.0,0.0,0.0,0.0,4054200.0,6160.0,4060360.0
2022-06-28,2995.0,3250.0,2995.0,3245.0,1651.0,5.186385737439222,0.0,0.0,5015970.0,0.0,0.0,0.0,4951070.0,64900.0,5015970.0
2022-06-29,3150.0,3275.0,3150.0,3175.0,455.0,-2.157164869029276,0.0,0.0,1449275.0,0.0,0.0,0.0,1449275.0,0.0,1449275.0
2022-06-30,3195.0,3195.0,3020.0,3020.0,764.0,-4.881889763779528,0.0,0.0,2358630.0,0.0,0.0,0.0,2352290.0,6340.0,2358630.0
2022-07-01,3070.0,3070.0,3045.0,3045.0,53.0,0.8278145695364238,0.0,0.0,161745.0,0.0,0.0,0.0,161745.0,0.0,161745.0
2022-07-04,3130.0,3130.0,3015.0,3105.0,25.0,1.9704433497536946,0.0,0.0,77700.0,0.0,0.0,0.0,77700.0,0.0,77700.0
2022-07-05,3125.0,3125.0,3025.0,3040.0,2344.0,-2.0933977455716586,0.0,0.0,7187435.0,0.0,0.0,0.0,7138030.0,49405.0,7187435.0
2022-07-06,3000.0,3040.0,2965.0,3000.0,773.0,-1.3157894736842104,0.0,0.0,2315235.0,0.0,0.0,0.0,2312200.0,3035.0,2315235.0
2022-07-07,2975.0,3095.0,2970.0,3095.0,938.0,3.166666666666667,0.0,0.0,2825135.0,2995.0,0.0,0.0,2825035.0,3095.0,2828130.0
2022-07-08,3010.0,3095.0,3010.0,3085.0,362.0,-0.32310177705977383,0.0,0.0,1109825.0,0.0,0.0,0.0,1100555.0,9270.0,1109825.0
2022-07-11,3095.0,3095.0,3015.0,3055.0,665.0,-0.9724473257698543,0.0,0.0,2008265.0,0.0,0.0,0.0,2002165.0,6100.0,2008265.0
2022-07-12,2970.0,3075.0,2950.0,2970.0,3009.0,-2.7823240589198037,0.0,17880.0,8933005.0,0.0,0.0,0.0,8941785.0,9100.0,8950885.0
2022-07-13,2995.0,2995.0,2975.0,2990.0,111.0,0.6734006734006733,0.0,0.0,331195.0,0.0,0.0,0.0,331195.0,0.0,331195.0
2022-07-14,2860.0,2990.0,2860.0,2990.0,844.0,0.0,0.0,0.0,2476840.0,14830.0,0.0,0.0,2479745.0,11925.0,2491670.0
2022-07-15,2950.0,2950.0,2825.0,2825.0,13189.0,-5.518394648829431,0.0,0.0,37991430.0,46430.0,0.0,0.0,37988870.0,48990.0,38037860.0
2022-07-18,2855.0,2900.0,2855.0,2890.0,1528.0,2.3008849557522124,0.0,0.0,4375995.0,0.0,0.0,0.0,4375995.0,0.0,4375995.0
2022-07-19,2885.0,2920.0,2835.0,2905.0,1118.0,0.5190311418685121,0.0,0.0,3217150.0,0.0,0.0,0.0,3214250.0,2900.0,3217150.0
2022-07-20,2875.0,2905.0,2860.0,2900.0,1881.0,-0.17211703958691912,0.0,0.0,5386145.0,23025.0,0.0,0.0,5409170.0,0.0,5409170.0
2022-07-21,2900.0,2900.0,2890.0,2895.0,5176.0,-0.1724137931034483,0.0,40520.0,14960845.0,0.0,0.0,0.0,15001365.0,0.0,15001365.0
2022-07-22,2920.0,2920.0,2900.0,2900.0,731.0,0.17271157167530224,0.0,0.0,2120840.0,0.0,0.0,0.0,2120840.0,0.0,2120840.0
2022-07-25,2900.0,2900.0,2870.0,2900.0,4143.0,0.0,0.0,0.0,5536860.0,6437140.0,0.0,0.0,11974000.0,0.0,11974000.0
2022-07-26,2880.0,2910.0,2875.0,2910.0,2064.0,0.3448275862068966,0.0,0.0,4374685.0,1616450.0,0.0,0.0,5985365.0,5770.0,5991135.0
2022-07-27,2865.0,2935.0,2835.0,2900.0,13957.0,-0.3436426116838488,0.0,0.0,25400475.0,14862715.0,0.0,0.0,33733530.0,6529660.0,40263190.0
2022-07-28,2900.0,2925.0,2880.0,2905.0,922.0,0.1724137931034483,0.0,0.0,2653030.0,28800.0,0.0,0.0,2530030.0,151800.0,2681830.0
2022-07-29,2890.0,2920.0,2855.0,2915.0,6508.0,0.34423407917383825,0.0,28950.0,18591290.0,330030.0,0.0,0.0,16471350.0,2478920.0,18950270.0
2022-08-01,2900.0,2930.0,2890.0,2920.0,6998.0,0.17152658662092624,0.0,0.0,20389730.0,23280.0,0.0,0.0,7994800.0,12418210.0,20413010.0
2022-08-02,2925.0,2925.0,2830.0,2920.0,501.0,0.0,0.0,5790.0,1103215.0,340810.0,0.0,0.0,532615.0,917200.0,1449815.0
2022-08-03,2930.0,2930.0,2870.0,2920.0,2155.0,0.0,0.0,0.0,6282590.0,0.0,0.0,0.0,3169305.0,3113285.0,6282590.0
2022-08-04,2940.0,2970.0,2905.0,2970.0,16902.0,1.7123287671232876,0.0,0.0,49574885.0,58100.0,0.0,0.0,10568770.0,39064215.0,49632985.0
2022-08-05,2985.0,3080.0,2970.0,3075.0,2931.0,3.535353535353535,0.0,0.0,8850585.0,98475.0,0.0,0.0,8723620.0,225440.0,8949060.0
2022-08-08,3040.0,3075.0,3020.0,3060.0,1174.0,-0.4878048780487805,0.0,0.0,3536820.0,30295.0,0.0,0.0,3567115.0,0.0,3567115.0
2022-08-09,3060.0,3060.0,3020.0,3025.0,879.0,-1.1437908496732025,0.0,0.0,2661055.0,0.0,0.0,0.0,2661055.0,0.0,2661055.0
2022-08-10,3045.0,3045.0,3000.0,3035.0,546.0,0.3305785123966942,0.0,0.0,1643925.0,6010.0,0.0,0.0,1649935.0,0.0,1649935.0
2022-08-11,3050.0,3270.0,2985.0,3020.0,13756.0,-0.4942339373970346,0.0,0.0,40971525.0,914850.0,0.0,0.0,37818705.0,4067670.0,41886375.0
2022-08-12,3020.0,3060.0,3020.0,3030.0,2161.0,0.33112582781456956,0.0,0.0,6597870.0,0.0,0.0,0.0,6597870.0,0.0,6597870.0
2022-08-16,3025.0,3065.0,2970.0,2970.0,4426.0,-1.9801980198019802,0.0,0.0,13345895.0,0.0,0.0,0.0,13309115.0,36780.0,13345895.0
2022-08-17,2970.0,3095.0,2970.0,2995.0,5957.0,0.8417508417508417,0.0,8945.0,17713845.0,217920.0,0.0,0.0,17810220.0,130490.0,17940710.0
2022-08-18,2985.0,3005.0,2955.0,3005.0,1463.0,0.333889816360601,0.0,117000.0,4259030.0,0.0,0.0,0.0,4376030.0,0.0,4376030.0
2022-08-19,3005.0,3005.0,2950.0,2955.0,9595.0,-1.6638935108153077,0.0,0.0,28357915.0,115245.0,0.0,0.0,28428250.0,44910.0,28473160.0
2022-08-22,2990.0,2990.0,2945.0,2975.0,97.0,0.676818950930626,0.0,0.0,288270.0,0.0,0.0,0.0,288270.0,0.0,288270.0
2022-08-23,2930.0,2990.0,2930.0,2970.0,2369.0,-0.16806722689075632,0.0,0.0,7016250.0,0.0,0.0,0.0,6912410.0,103840.0,7016250.0
2022-08-24,2960.0,2990.0,2960.0,2960.0,4374.0,-0.33670033670033667,0.0,11950000.0,1108395.0,0.0,0.0,0.0,13058395.0,0.0,13058395.0
2022-08-25,2970.0,3015.0,2945.0,3010.0,8131.0,1.6891891891891893,0.0,0.0,24011975.0,157145.0,0.0,0.0,24166125.0,2995.0,24169120.0
2022-08-26,3030.0,3050.0,3015.0,3050.0,1378.0,1.3289036544850499,0.0,0.0,4179555.0,0.0,0.0,0.0,4176510.0,3045.0,4179555.0
2022-08-29,2965.0,2990.0,2895.0,2985.0,1407.0,-2.1311475409836063,0.0,0.0,4168055.0,0.0,0.0,0.0,4156125.0,11930.0,4168055.0
2022-08-30,2970.0,2990.0,2920.0,2980.0,3461.0,-0.16750418760469013,0.0,0.0,10187130.0,0.0,0.0,0.0,10181180.0,5950.0,10187130.0
2022-08-31,2965.0,2980.0,2930.0,2965.0,4427.0,-0.5033557046979865,0.0,0.0,13111125.0,0.0,0.0,0.0,13108165.0,2960.0,13111125.0
2022-09-01,2975.0,2995.0,2835.0,2835.0,11831.0,-4.3844856661045535,11939605.0,0.0,22323360.0,139870.0,1439560.0,0.0,32870475.0,92800.0,34402835.0
2022-09-02,2870.0,2975.0,2855.0,2930.0,6455.0,3.3509700176366843,3470300.0,0.0,15356885.0,58100.0,6689135.0,0.0,12131470.0,64680.0,18885285.0
2022-09-05,2870.0,2980.0,2870.0,2935.0,4494.0,0.17064846416382254,2097865.0,0.0,11034365.0,64055.0,4242100.0,0.0,8750940.0,203245.0,13196285.0
2022-09-06,2935.0,3070.0,2930.0,2995.0,4401.0,2.0442930153321974,0.0,0.0,13100675.0,2965.0,5283730.0,0.0,7792330.0,27580.0,13103640.0
2022-09-07,3000.0,3120.0,3000.0,3045.0,363877.0,1.669449081803005,9158775.0,0.0,8288635.0,1050449180.0,2151645.0,0.0,15316565.0,1050428380.0,1067896590.0
2022-09-08,3050.0,3050.0,3005.0,3005.0,4533.0,-1.3136288998357963,0.0,0.0,13750295.0,0.0,2201385.0,0.0,11527595.0,21315.0,13750295.0
2022-09-13,3040.0,3070.0,3015.0,3060.0,2349.0,1.8302828618968388,0.0,0.0,7133310.0,0.0,0.0,0.0,7005650.0,127660.0,7133310.0
2022-09-14,3040.0,3040.0,3015.0,3020.0,4087.0,-1.3071895424836601,2084640.0,0.0,10292795.0,0.0,0.0,0.0,12371355.0,6080.0,12377435.0
2022-09-15,3005.0,3040.0,3005.0,3020.0,2406.0,0.0,0.0,0.0,7250930.0,30200.0,2118430.0,0.0,5162700.0,0.0,7281130.0
2022-09-16,3035.0,3100.0,2980.0,3015.0,12786.0,-0.16556291390728478,2111450.0,0.0,36167170.0,77610.0,2153330.0,0.0,36125880.0,77020.0,38356230.0
2022-09-19,3015.0,3025.0,2975.0,2995.0,5655.0,-0.6633499170812603,4173030.0,0.0,12612545.0,77870.0,0.0,0.0,16863445.0,0.0,16863445.0
2022-09-20,2960.0,3010.0,2960.0,3010.0,2705.0,0.5008347245409015,0.0,0.0,8072920.0,0.0,2112515.0,0.0,5960405.0,0.0,8072920.0
2022-09-21,3030.0,3030.0,2985.0,3005.0,4732.0,-0.16611295681063123,3585250.0,0.0,10578925.0,0.0,1446580.0,0.0,12717595.0,0.0,14164175.0
2022-09-22,2990.0,3010.0,2980.0,3005.0,920.0,0.0,0.0,0.0,2760070.0,0.0,3000.0,0.0,2745060.0,12010.0,2760070.0
2022-09-23,3000.0,3010.0,2915.0,3010.0,1955.0,0.16638935108153077,3272770.0,0.0,2514680.0,0.0,38970.0,0.0,5748480.0,0.0,5787450.0
2022-09-26,2920.0,3150.0,2905.0,2970.0,8650.0,-1.3289036544850499,9478735.0,2134055.0,13817580.0,0.0,4827420.0,0.0,20464730.0,138220.0,25430370.0
2022-09-27,2910.0,2960.0,2835.0,2885.0,3576.0,-2.861952861952862,1705845.0,0.0,8728800.0,0.0,2095095.0,0.0,8339550.0,0.0,10434645.0
2022-09-28,2890.0,2890.0,2835.0,2870.0,1758.0,-0.5199306759098787,283500.0,0.0,4739920.0,0.0,2091450.0,0.0,2931970.0,0.0,5023420.0
2022-09-29,2830.0,2880.0,2830.0,2880.0,3499.0,0.34843205574912894,0.0,0.0,9931640.0,0.0,106200.0,0.0,9825440.0,0.0,9931640.0
2022-09-30,2835.0,2930.0,2835.0,2870.0,1395.0,-0.3472222222222222,2145050.0,0.0,1858670.0,0.0,52470.0,0.0,3951250.0,0.0,4003720.0
2022-10-04,2870.0,2910.0,2870.0,2905.0,680.0,1.2195121951219512,957390.0,0.0,1020840.0,0.0,619740.0,0.0,1358490.0,0.0,1978230.0
2022-10-05,3050.0,3050.0,2770.0,2920.0,8014.0,0.5163511187607573,2299500.0,0.0,21122210.0,0.0,4261590.0,0.0,19160120.0,0.0,23421710.0
2022-10-06,2865.0,2995.0,2865.0,2940.0,6821.0,0.684931506849315,7119355.0,0.0,12977410.0,2935.0,4344360.0,0.0,15755340.0,0.0,20099700.0
2022-10-07,2940.0,2950.0,2890.0,2950.0,7770.0,0.3401360544217687,16594930.0,0.0,6236885.0,0.0,2938905.0,0.0,19892910.0,0.0,22831815.0
2022-10-11,2950.0,2950.0,2850.0,2930.0,2030.0,-0.6779661016949152,0.0,0.0,5962545.0,0.0,2092020.0,0.0,3867580.0,2945.0,5962545.0
2022-10-12,2850.0,2915.0,2850.0,2870.0,1014.0,-2.04778156996587,23120.0,0.0,2826825.0,45680.0,0.0,0.0,2895625.0,0.0,2895625.0
2022-10-13,2950.0,2950.0,2895.0,2895.0,1104.0,0.8710801393728222,2900.0,0.0,3225115.0,0.0,99960.0,0.0,3125130.0,2925.0,3228015.0
2022-10-14,2840.0,3085.0,2840.0,3080.0,25503.0,6.390328151986183,2990.0,0.0,76956355.0,18330.0,29978245.0,0.0,46954980.0,44450.0,76977675.0
2022-10-17,3080.0,3140.0,3080.0,3125.0,23555.0,1.461038961038961,728060.0,0.0,71419095.0,985830.0,729240.0,0.0,55457360.0,16946385.0,73132985.0
2022-10-18,3150.0,3275.0,3150.0,3265.0,15351.0,4.4799999999999995,0.0,0.0,49207070.0,251830.0,0.0,0.0,49458900.0,0.0,49458900.0
2022-10-19,3120.0,3325.0,3120.0,3275.0,14971.0,0.3062787136294028,13035.0,0.0,48418830.0,823830.0,12945.0,5969700.0,43214095.0,58955.0,49255695.0
2022-10-20,3200.0,3375.0,3105.0,3105.0,31649.0,-5.190839694656488,4237650.0,0.0,100171140.0,648185.0,6630.0,0.0,104130125.0,920220.0,105056975.0
2022-10-21,3200.0,3200.0,3070.0,3130.0,3494.0,0.8051529790660225,0.0,0.0,10558795.0,459320.0,3904795.0,0.0,7113320.0,0.0,11018115.0
2022-10-24,3130.0,3210.0,3100.0,3100.0,1296.0,-0.9584664536741214,12720.0,0.0,4063310.0,0.0,186140.0,0.0,3883560.0,6330.0,4076030.0
2022-10-25,3130.0,3150.0,3070.0,3070.0,2190.0,-0.967741935483871,3135.0,0.0,6783980.0,0.0,0.0,0.0,6787115.0,0.0,6787115.0
2022-10-26,3065.0,3230.0,3065.0,3110.0,4811.0,1.3029315960912053,12575.0,0.0,14942510.0,0.0,15485.0,0.0,14361060.0,578540.0,14955085.0
2022-10-27,3085.0,3185.0,3085.0,3185.0,1121.0,2.4115755627009645,3185.0,0.0,3563545.0,0.0,3140.0,0.0,3458505.0,105085.0,3566730.0
2022-10-28,3255.0,3390.0,3170.0,3210.0,1678.0,0.7849293563579277,68305.0,0.0,5349940.0,0.0,67155.0,0.0,5198095.0,152995.0,5418245.0
2022-10-31,3280.0,3280.0,3210.0,3265.0,11316.0,1.7133956386292832,9785.0,0.0,36835425.0,0.0,9675.0,0.0,36767200.0,68335.0,36845210.0
2022-11-01,3265.0,3365.0,3180.0,3260.0,4949.0,-0.1531393568147014,26350.0,0.0,16184555.0,0.0,25810.0,0.0,16060185.0,124910.0,16210905.0
2022-11-02,3270.0,3305.0,3270.0,3275.0,10384.0,0.4601226993865031,0.0,0.0,34078960.0,0.0,0.0,0.0,33590730.0,488230.0,34078960.0
2022-11-03,3005.0,3305.0,3005.0,3280.0,20369.0,0.15267175572519084,19555.0,0.0,66685540.0,0.0,19350.0,0.0,66252730.0,433015.0,66705095.0
2022-11-04,3165.0,3390.0,3165.0,3370.0,13671.0,2.7439024390243905,20135.0,0.0,45025360.0,256170.0,16375.0,0.0,45136220.0,149070.0,45301665.0
2022-11-07,3370.0,3460.0,3370.0,3410.0,15189.0,1.1869436201780417,0.0,0.0,51408725.0,340255.0,3410.0,0.0,51613945.0,131625.0,51748980.0
2022-11-08,3445.0,3485.0,3360.0,3465.0,29254.0,1.6129032258064515,6880.0,0.0,101226555.0,6870.0,6805.0,135330.0,101015190.0,82980.0,101240305.0
2022-11-09,3465.0,3495.0,3390.0,3470.0,14152.0,0.1443001443001443,0.0,0.0,48065820.0,742350.0,0.0,340500.0,46878300.0,1589370.0,48808170.0
2022-11-10,3495.0,3495.0,3410.0,3450.0,21209.0,-0.5763688760806917,2581905.0,0.0,70602405.0,432310.0,2568590.0,0.0,70727495.0,320535.0,73616620.0
2022-11-11,3495.0,3510.0,3405.0,3495.0,27594.0,1.3043478260869565,428590.0,0.0,95791155.0,3435.0,432210.0,0.0,95144940.0,646030.0,96223180.0
2022-11-14,3510.0,3565.0,3510.0,3530.0,21662.0,1.0014306151645207,2140650.0,0.0,74185955.0,328710.0,0.0,0.0,76655315.0,0.0,76655315.0
2022-11-15,3550.0,3560.0,3515.0,3555.0,12533.0,0.708215297450425,324325.0,0.0,44015085.0,0.0,2132195.0,0.0,41998755.0,208460.0,44339410.0
2022-11-16,3470.0,3565.0,3470.0,3530.0,17584.0,-0.7032348804500703,4204820.0,0.0,58029050.0,63010.0,4557400.0,0.0,57554360.0,185120.0,62296880.0
2022-11-17,3560.0,3560.0,3335.0,3335.0,4352.0,-5.524079320113314,0.0,0.0,14413955.0,233525.0,0.0,438600.0,14002700.0,206180.0,14647480.0
2022-11-18,3395.0,3510.0,3355.0,3485.0,15237.0,4.497751124437781,90920.0,0.0,52080745.0,421275.0,3355.0,2602620.0,49765900.0,221065.0,52592940.0
2022-11-21,3605.0,3605.0,3460.0,3550.0,18449.0,1.8651362984218076,0.0,0.0,65771960.0,10755.0,87365.0,0.0,65450010.0,245340.0,65782715.0
2022-11-22,3630.0,3630.0,3535.0,3610.0,19503.0,1.6901408450704223,7225.0,0.0,70309865.0,180250.0,7135.0,0.0,70200825.0,289380.0,70497340.0
2022-11-23,3560.0,3655.0,3560.0,3655.0,14925.0,1.2465373961218837,3625.0,0.0,54123210.0,145700.0,3600.0,737935.0,53531000.0,0.0,54272535.0
2022-11-24,3675.0,3720.0,3640.0,3715.0,26989.0,1.6415868673050615,1843510.0,0.0,97359090.0,174190.0,1858550.0,0.0,97518240.0,0.0,99376790.0
2022-11-25,3685.0,3725.0,3650.0,3690.0,8662.0,-0.6729475100942126,22200.0,0.0,32082130.0,10965.0,22185.0,0.0,32037385.0,55725.0,32115295.0
2022-11-28,3680.0,3730.0,3655.0,3700.0,21028.0,0.27100271002710025,51170.0,0.0,77966905.0,0.0,51450.0,0.0,77862875.0,103750.0,78018075.0
2022-11-29,3735.0,3735.0,3495.0,3715.0,18967.0,0.40540540540540543,14625.0,0.0,69721635.0,283250.0,14615.0,0.0,69938205.0,66690.0,70019510.0
2022-11-30,3730.0,3740.0,3635.0,3735.0,25496.0,0.5383580080753702,247370.0,0.0,94662200.0,0.0,248600.0,0.0,94660970.0,0.0,94909570.0
2022-12-01,3700.0,3760.0,3565.0,3745.0,20944.0,0.2677376171352075,0.0,0.0,77522820.0,688985.0,0.0,33705.0,78178100.0,0.0,78211805.0
2022-12-02,3760.0,3780.0,3650.0,3770.0,16820.0,0.6675567423230975,15055.0,3204500.0,59891985.0,188250.0,15035.0,0.0,63284755.0,0.0,63299790.0
2022-12-05,3750.0,3820.0,3550.0,3650.0,28308.0,-3.183023872679045,0.0,0.0,106389360.0,900325.0,0.0,0.0,107115115.0,174570.0,107289685.0
2022-12-06,3650.0,3980.0,3605.0,3655.0,55308.0,0.136986301369863,14935.0,0.0,205879700.0,1850315.0,14985.0,34650.0,206575610.0,1119705.0,207744950.0
2022-12-07,3585.0,3805.0,3585.0,3705.0,14441.0,1.3679890560875512,2976775.0,0.0,49660025.0,888190.0,2969910.0,0.0,49441940.0,1113140.0,53524990.0
2022-12-08,3800.0,3800.0,3635.0,3730.0,19732.0,0.6747638326585695,2131850.0,0.0,71730030.0,0.0,0.0,0.0,72768800.0,1093080.0,73861880.0
2022-12-09,3850.0,3910.0,3720.0,3720.0,23348.0,-0.2680965147453083,2142370.0,0.0,86786115.0,30840.0,2163285.0,0.0,86226870.0,569170.0,88959325.0
2022-12-12,3720.0,3825.0,3720.0,3770.0,23134.0,1.3440860215053763,0.0,0.0,87935925.0,22950.0,2133820.0,0.0,85825055.0,0.0,87958875.0
2022-12-13,3770.0,3885.0,3680.0,3875.0,36214.0,2.7851458885941645,6440695.0,0.0,130174955.0,2720960.0,6426720.0,0.0,131980720.0,929170.0,139336610.0
2022-12-14,3925.0,3950.0,3865.0,3950.0,36547.0,1.935483870967742,11765.0,0.0,143501670.0,0.0,11650.0,35505.0,143176200.0,290080.0,143513435.0
2022-12-15,3815.0,3990.0,3760.0,3925.0,24698.0,-0.6329113924050633,640245.0,0.0,97257600.0,23410.0,639425.0,0.0,94749000.0,2532830.0,97921255.0
2022-12-16,3815.0,4005.0,3750.0,3750.0,11199.0,-4.45859872611465,4236445.0,0.0,38981535.0,305595.0,2087265.0,0.0,41436310.0,0.0,43523575.0
2022-12-19,3990.0,3990.0,3665.0,3755.0,3977.0,0.13333333333333333,11460.0,0.0,14941930.0,0.0,2098105.0,0.0,12603025.0,252260.0,14953390.0
2022-12-20,3780.0,3900.0,3650.0,3650.0,4072.0,-2.796271637816245,5866410.0,0.0,9350575.0,3780.0,3898560.0,0.0,11303650.0,18555.0,15220765.0
2022-12-21,3755.0,3755.0,3545.0,3550.0,4445.0,-2.73972602739726,4878260.0,0.0,10944290.0,182660.0,2866460.0,0.0,13120980.0,17770.0,16005210.0
2022-12-22,3630.0,3745.0,3535.0,3535.0,160.0,-0.42253521126760557,0.0,0.0,566455.0,0.0,64165.0,282800.0,219490.0,0.0,566455.0
2022-12-23,3460.0,3495.0,3400.0,3445.0,7351.0,-2.545968882602546,782040.0,0.0,24340230.0,0.0,4390160.0,1718530.0,18655005.0,358575.0,25122270.0
2022-12-26,3485.0,3485.0,3405.0,3440.0,3111.0,-0.14513788098693758,20760.0,0.0,10676545.0,0.0,10290.0,0.0,6989605.0,3697410.0,10697305.0
2022-12-27,3405.0,3450.0,3400.0,3450.0,1926.0,0.29069767441860467,13600.0,0.0,6554470.0,17025.0,23800.0,0.0,6509545.0,51750.0,6585095.0
2022-12-28,3425.0,3425.0,3405.0,3405.0,86.0,-1.3043478260869565,0.0,0.0,292850.0,0.0,0.0,0.0,292850.0,0.0,292850.0
2022-12-29,3405.0,3405.0,3270.0,3270.0,1160.0,-3.9647577092511015,0.0,0.0,3794855.0,0.0,0.0,0.0,3794855.0,0.0,3794855.0
2023-01-02,3360.0,3360.0,3195.0,3195.0,873.0,-2.293577981651376,0.0,0.0,2797575.0,0.0,0.0,0.0,2797575.0,0.0,2797575.0
2023-01-03,3205.0,3205.0,3195.0,3195.0,141.0,0.0,0.0,0.0,450535.0,0.0,0.0,0.0,450535.0,0.0,450535.0
2023-01-04,3280.0,3280.0,3195.0,3195.0,15.0,0.0,0.0,0.0,48625.0,0.0,0.0,0.0,48625.0,0.0,48625.0
2023-01-05,3230.0,3230.0,3200.0,3200.0,221.0,0.1564945226917058,0.0,0.0,710690.0,0.0,0.0,327125.0,383565.0,0.0,710690.0
2023-01-06,3200.0,3200.0,3165.0,3165.0,27.0,-1.09375,0.0,0.0,85970.0,0.0,0.0,0.0,85970.0,0.0,85970.0
2023-01-09,3110.0,3165.0,3110.0,3165.0,135.0,0.0,0.0,0.0,422810.0,0.0,0.0,0.0,422810.0,0.0,422810.0
2023-01-10,3245.0,3245.0,3160.0,3160.0,157.0,-0.1579778830963665,0.0,0.0,497350.0,0.0,0.0,0.0,497350.0,0.0,497350.0
2023-01-11,3160.0,3160.0,3150.0,3150.0,56.0,-0.31645569620253167,0.0,0.0,176460.0,0.0,0.0,0.0,176460.0,0.0,176460.0
2023-01-12,3200.0,3415.0,3170.0,3250.0,482.0,3.1746031746031744,0.0,0.0,1629295.0,0.0,0.0,0.0,1629295.0,0.0,1629295.0
2023-01-13,3300.0,3355.0,3300.0,3340.0,834.0,2.769230769230769,0.0,0.0,2795610.0,0.0,0.0,0.0,2795610.0,0.0,2795610.0
2023-01-16,3245.0,3335.0,3245.0,3335.0,413.0,-0.14970059880239522,0.0,0.0,1330985.0,19470.0,0.0,0.0,1350455.0,0.0,1350455.0
2023-01-17,3425.0,3425.0,3255.0,3260.0,722.0,-2.2488755622188905,0.0,0.0,2357125.0,0.0,0.0,645480.0,1711645.0,0.0,2357125.0
2023-01-18,3285.0,3285.0,3285.0,3285.0,8.0,0.7668711656441718,0.0,0.0,26280.0,0.0,0.0,0.0,26280.0,0.0,26280.0
2023-01-19,3275.0,3280.0,3205.0,3210.0,254.0,-2.28310502283105,0.0,0.0,815350.0,0.0,0.0,0.0,815350.0,0.0,815350.0
2023-01-20,3210.0,3210.0,3175.0,3175.0,197.0,-1.0903426791277258,0.0,0.0,625965.0,0.0,0.0,0.0,625965.0,0.0,625965.0
2023-01-25,3195.0,3195.0,3175.0,3180.0,98.0,0.15748031496062992,0.0,0.0,312795.0,0.0,0.0,0.0,312795.0,0.0,312795.0
2023-01-26,3190.0,3190.0,3180.0,3180.0,701.0,0.0,0.0,0.0,2236180.0,0.0,0.0,0.0,2236180.0,0.0,2236180.0
2023-01-27,3180.0,3180.0,3155.0,3170.0,1432.0,-0.3144654088050315,0.0,0.0,4500465.0,31700.0,0.0,0.0,4532165.0,0.0,4532165.0
2023-01-30,3200.0,3265.0,3200.0,3245.0,1868.0,2.365930599369085,0.0,0.0,6071245.0,0.0,0.0,0.0,6071245.0,0.0,6071245.0
2023-01-31,3240.0,3295.0,3240.0,3295.0,5.0,1.5408320493066257,0.0,0.0,16265.0,0.0,0.0,0.0,16265.0,0.0,16265.0
2023-02-01,3350.0,3350.0,3260.0,3345.0,207.0,1.5174506828528074,0.0,0.0,687850.0,0.0,0.0,0.0,687850.0,0.0,687850.0
2023-02-02,3395.0,3395.0,3395.0,3395.0,7.0,1.4947683109118086,0.0,0.0,23765.0,0.0,0.0,0.0,23765.0,0.0,23765.0
2023-02-03,3300.0,3440.0,3300.0,3440.0,50.0,1.3254786450662739,0.0,0.0,166060.0,0.0,0.0,0.0,166060.0,0.0,166060.0
2023-02-06,3620.0,3620.0,3290.0,3390.0,800.0,-1.4534883720930232,0.0,0.0,2691260.0,0.0,0.0,0.0,2546460.0,144800.0,2691260.0
2023-02-07,3390.0,3390.0,3305.0,3350.0,330.0,-1.1799410029498525,0.0,0.0,1098195.0,0.0,0.0,0.0,1098195.0,0.0,1098195.0
2023-02-08,3380.0,3380.0,3265.0,3265.0,123.0,-2.5373134328358207,0.0,0.0,405805.0,0.0,0.0,294590.0,111215.0,0.0,405805.0
2023-02-09,3285.0,3285.0,3270.0,3270.0,128.0,0.1531393568147014,0.0,0.0,419115.0,0.0,0.0,304110.0,115005.0,0.0,419115.0
2023-02-10,3310.0,3310.0,3255.0,3255.0,375.0,-0.45871559633027525,0.0,0.0,1225275.0,0.0,0.0,42510.0,1182765.0,0.0,1225275.0
2023-02-13,3250.0,3250.0,3145.0,3185.0,997.0,-2.1505376344086025,0.0,0.0,3118000.0,31650.0,0.0,0.0,3149650.0,0.0,3149650.0
2023-02-14,3195.0,3195.0,3190.0,3195.0,84.0,0.3139717425431711,0.0,0.0,268125.0,0.0,0.0,0.0,268125.0,0.0,268125.0
2023-02-15,3195.0,3200.0,3195.0,3200.0,303.0,0.1564945226917058,0.0,0.0,969590.0,0.0,0.0,0.0,966390.0,3200.0,969590.0
2023-02-16,3130.0,3335.0,3130.0,3245.0,1098.0,1.40625,0.0,0.0,3488770.0,3300.0,0.0,0.0,3492070.0,0.0,3492070.0
2023-02-17,3220.0,3220.0,3165.0,3200.0,312.0,-1.386748844375963,0.0,0.0,992875.0,0.0,0.0,0.0,992875.0,0.0,992875.0
2023-02-20,3165.0,3170.0,3160.0,3170.0,275.0,-0.9375,0.0,0.0,868175.0,3165.0,0.0,0.0,871340.0,0.0,871340.0
2023-02-21,3195.0,3195.0,3135.0,3180.0,826.0,0.31545741324921134,0.0,0.0,2592595.0,0.0,0.0,2210175.0,379240.0,3180.0,2592595.0
2023-02-22,3130.0,3165.0,3130.0,3165.0,297.0,-0.4716981132075472,0.0,0.0,930415.0,0.0,0.0,0.0,930415.0,0.0,930415.0
2023-02-23,3165.0,3165.0,3160.0,3165.0,169.0,0.0,0.0,0.0,534875.0,0.0,0.0,0.0,534875.0,0.0,534875.0
2023-02-24,3165.0,3165.0,3135.0,3160.0,695.0,-0.1579778830963665,0.0,0.0,2180960.0,0.0,0.0,0.0,2180960.0,0.0,2180960.0
2023-02-27,3170.0,3170.0,3170.0,3170.0,1.0,0.31645569620253167,0.0,0.0,3170.0,0.0,0.0,0.0,3170.0,0.0,3170.0
2023-02-28,3200.0,3200.0,3155.0,3160.0,208.0,-0.31545741324921134,0.0,0.0,665510.0,0.0,0.0,0.0,659110.0,6400.0,665510.0
2023-03-02,3160.0,3160.0,3130.0,3130.0,150.0,-0.949367088607595,0.0,0.0,466740.0,3130.0,0.0,0.0,469870.0,0.0,469870.0
2023-03-03,3140.0,3140.0,3120.0,3135.0,91.0,0.1597444089456869,0.0,0.0,283970.0,0.0,0.0,0.0,283970.0,0.0,283970.0
2023-03-06,3185.0,3185.0,3085.0,3085.0,530.0,-1.5948963317384368,0.0,0.0,1641260.0,0.0,0.0,0.0,1641260.0,0.0,1641260.0
2023-03-07,3085.0,3085.0,3085.0,3085.0,1623.0,0.0,0.0,0.0,5006955.0,0.0,0.0,0.0,5006955.0,0.0,5006955.0
2023-03-08,3085.0,3150.0,3085.0,3150.0,738.0,2.106969205834684,0.0,157500.0,2140925.0,15450.0,0.0,0.0,2313875.0,0.0,2313875.0
2023-03-09,3105.0,3170.0,3105.0,3150.0,21.0,0.0,0.0,0.0,66090.0,0.0,0.0,0.0,66090.0,0.0,66090.0
2023-03-10,3105.0,3180.0,3105.0,3140.0,51.0,-0.31746031746031744,0.0,0.0,160310.0,0.0,0.0,0.0,160310.0,0.0,160310.0
2023-03-13,3145.0,3145.0,3110.0,3110.0,612.0,-0.9554140127388535,0.0,0.0,1909195.0,0.0,0.0,0.0,1899775.0,9420.0,1909195.0
2023-03-14,3110.0,3145.0,3095.0,3100.0,296.0,-0.3215434083601286,0.0,0.0,927495.0,0.0,0.0,0.0,927495.0,0.0,927495.0
2023-03-15,3105.0,3130.0,3080.0,3130.0,1100.0,0.967741935483871,0.0,0.0,3404425.0,0.0,0.0,0.0,3398235.0,6190.0,3404425.0
2023-03-16,3130.0,3130.0,3130.0,3130.0,24.0,0.0,0.0,0.0,75120.0,0.0,0.0,0.0,75120.0,0.0,75120.0
2023-03-17,3130.0,3130.0,3110.0,3125.0,1753.0,-0.1597444089456869,0.0,0.0,5477800.0,0.0,0.0,0.0,5474675.0,3125.0,5477800.0
2023-03-20,3125.0,3125.0,3115.0,3120.0,38.0,-0.16,0.0,0.0,118385.0,0.0,0.0,0.0,118385.0,0.0,118385.0
2023-03-21,3170.0,3170.0,3115.0,3115.0,18.0,-0.16025641025641024,0.0,0.0,56290.0,0.0,0.0,0.0,56290.0,0.0,56290.0
2023-03-22,3115.0,3145.0,3115.0,3145.0,21.0,0.9630818619582664,0.0,0.0,65445.0,0.0,0.0,0.0,65445.0,0.0,65445.0
2023-03-23,3140.0,3140.0,3110.0,3120.0,666.0,-0.7949125596184419,0.0,0.0,2071895.0,0.0,0.0,0.0,2071895.0,0.0,2071895.0
2023-03-24,3100.0,3155.0,3100.0,3135.0,428.0,0.4807692307692308,0.0,0.0,1334475.0,0.0,0.0,0.0,1334475.0,0.0,1334475.0
2023-03-27,3165.0,3165.0,3070.0,3125.0,1639.0,-0.3189792663476874,0.0,0.0,5035215.0,0.0,0.0,0.0,5035215.0,0.0,5035215.0
2023-03-28,3120.0,3120.0,3110.0,3115.0,1730.0,-0.32,0.0,0.0,5387925.0,0.0,0.0,0.0,4765925.0,622000.0,5387925.0
2023-03-29,3080.0,3100.0,3050.0,3100.0,518.0,-0.4815409309791332,0.0,0.0,1584250.0,3050.0,0.0,0.0,1587300.0,0.0,1587300.0
2023-03-30,3060.0,3090.0,3050.0,3090.0,729.0,-0.3225806451612903,0.0,0.0,2229415.0,0.0,0.0,0.0,2226325.0,3090.0,2229415.0
2023-03-31,3095.0,3095.0,3090.0,3095.0,598.0,0.16181229773462785,0.0,0.0,1847915.0,0.0,0.0,0.0,1847915.0,0.0,1847915.0
2023-04-03,3095.0,3130.0,3095.0,3130.0,383.0,1.1308562197092082,0.0,0.0,1193015.0,0.0,0.0,0.0,1193015.0,0.0,1193015.0
2023-04-04,3130.0,3130.0,3095.0,3115.0,29.0,-0.4792332268370607,0.0,0.0,90095.0,0.0,0.0,0.0,90095.0,0.0,90095.0
2023-04-05,3190.0,3190.0,3150.0,3150.0,22.0,1.1235955056179776,0.0,0.0,69380.0,0.0,0.0,0.0,69380.0,0.0,69380.0
2023-04-06,3150.0,3150.0,3100.0,3140.0,53.0,-0.31746031746031744,0.0,0.0,165835.0,0.0,0.0,0.0,165835.0,0.0,165835.0
2023-04-07,3140.0,3140.0,3100.0,3100.0,456.0,-1.2738853503184715,0.0,0.0,1418680.0,0.0,0.0,0.0,1396980.0,21700.0,1418680.0
2023-04-10,3070.0,3115.0,3065.0,3075.0,419.0,-0.8064516129032258,0.0,0.0,1288235.0,0.0,0.0,0.0,1266780.0,21455.0,1288235.0
2023-04-11,3070.0,3100.0,3070.0,3100.0,42.0,0.8130081300813009,0.0,0.0,129270.0,0.0,0.0,0.0,129270.0,0.0,129270.0
2023-04-12,3100.0,3105.0,3050.0,3090.0,745.0,-0.3225806451612903,0.0,0.0,2300725.0,0.0,0.0,0.0,2300725.0,0.0,2300725.0
2023-04-13,3090.0,3090.0,3065.0,3090.0,160.0,0.0,0.0,0.0,491345.0,0.0,0.0,0.0,491345.0,0.0,491345.0
2023-04-14,3070.0,3095.0,3070.0,3090.0,109.0,0.0,0.0,0.0,337065.0,0.0,0.0,0.0,337065.0,0.0,337065.0
2023-04-17,3100.0,3105.0,3100.0,3100.0,523.0,0.3236245954692557,0.0,0.0,1621410.0,0.0,0.0,0.0,1596575.0,24835.0,1621410.0
2023-04-18,3065.0,3090.0,3055.0,3065.0,5337.0,-1.129032258064516,0.0,307530.0,16037565.0,12260.0,0.0,0.0,16351175.0,6180.0,16357355.0
2023-04-19,3045.0,3045.0,3000.0,3015.0,13661.0,-1.631321370309951,0.0,302000.0,40925280.0,0.0,0.0,0.0,41227280.0,0.0,41227280.0
2023-04-20,3005.0,3030.0,3005.0,3030.0,4939.0,0.4975124378109453,0.0,0.0,14959385.0,0.0,0.0,135225.0,14821140.0,3020.0,14959385.0
2023-04-21,3000.0,3020.0,2985.0,3015.0,6102.0,-0.49504950495049505,0.0,3000.0,18264185.0,0.0,0.0,0.0,18267185.0,0.0,18267185.0
2023-04-24,3015.0,3020.0,3010.0,3020.0,4026.0,0.16583747927031509,0.0,0.0,12151365.0,0.0,0.0,0.0,12151365.0,0.0,12151365.0
2023-04-25,3020.0,3020.0,2955.0,3000.0,2725.0,-0.6622516556291391,0.0,0.0,8063615.0,0.0,0.0,0.0,8063615.0,0.0,8063615.0
2023-04-26,3020.0,3020.0,2960.0,3020.0,14.0,0.6666666666666667,0.0,0.0,42100.0,0.0,0.0,0.0,42100.0,0.0,42100.0
2023-04-27,3020.0,3040.0,2960.0,3015.0,546.0,-0.16556291390728478,0.0,0.0,1652775.0,0.0,0.0,0.0,1643670.0,9105.0,1652775.0
2023-04-28,3030.0,3030.0,3025.0,3025.0,463.0,0.33167495854063017,0.0,0.0,1400630.0,0.0,0.0,0.0,1400630.0,0.0,1400630.0
2023-05-02,3085.0,3085.0,3045.0,3055.0,2522.0,0.9917355371900827,0.0,0.0,7671475.0,9135.0,0.0,0.0,7680610.0,0.0,7680610.0
2023-05-03,3040.0,3060.0,3040.0,3060.0,374.0,0.16366612111292964,0.0,608000.0,517200.0,12160.0,0.0,0.0,1137360.0,0.0,1137360.0
2023-05-04,3060.0,3065.0,3045.0,3045.0,72.0,-0.49019607843137253,0.0,0.0,219515.0,0.0,0.0,0.0,219515.0,0.0,219515.0
2023-05-08,3090.0,3090.0,3045.0,3070.0,7714.0,0.8210180623973727,0.0,0.0,23489310.0,0.0,0.0,0.0,23474085.0,15225.0,23489310.0
2023-05-09,3070.0,3085.0,3035.0,3085.0,183.0,0.4885993485342019,0.0,0.0,545170.0,12200.0,0.0,0.0,557370.0,0.0,557370.0
2023-05-10,3090.0,3090.0,3080.0,3080.0,135.0,-0.1620745542949757,0.0,0.0,415910.0,0.0,0.0,0.0,415910.0,0.0,415910.0
2023-05-11,3085.0,3090.0,3030.0,3065.0,481.0,-0.487012987012987,0.0,0.0,1461995.0,0.0,0.0,0.0,1065065.0,396930.0,1461995.0
2023-05-12,3070.0,3070.0,3025.0,3045.0,570.0,-0.6525285481239804,0.0,0.0,1725035.0,0.0,0.0,0.0,1725035.0,0.0,1725035.0
2023-05-15,3060.0,3065.0,3040.0,3045.0,20.0,0.0,0.0,0.0,61125.0,0.0,0.0,0.0,61125.0,0.0,61125.0
2023-05-16,3050.0,3050.0,3020.0,3040.0,86.0,-0.16420361247947454,0.0,0.0,260765.0,0.0,0.0,0.0,257725.0,3040.0,260765.0
2023-05-17,3010.0,3045.0,3010.0,3045.0,63.0,0.1644736842105263,0.0,0.0,190910.0,0.0,0.0,0.0,187870.0,3040.0,190910.0
2023-05-18,3065.0,3065.0,3065.0,3065.0,10.0,0.6568144499178982,0.0,0.0,30650.0,0.0,0.0,0.0,30650.0,0.0,30650.0
2023-05-19,3065.0,3075.0,3065.0,3075.0,17.0,0.3262642740619902,0.0,0.0,52200.0,0.0,0.0,0.0,52200.0,0.0,52200.0
2023-05-22,3090.0,3090.0,3040.0,3075.0,37.0,0.0,0.0,0.0,113550.0,0.0,0.0,0.0,113550.0,0.0,113550.0
2023-05-23,3080.0,3080.0,3025.0,3075.0,587.0,0.0,0.0,305500.0,1479915.0,0.0,0.0,0.0,1785415.0,0.0,1785415.0
2023-05-24,3070.0,3080.0,3045.0,3075.0,609.0,0.0,0.0,0.0,1852715.0,6120.0,0.0,0.0,1858835.0,0.0,1858835.0
2023-05-25,3075.0,3075.0,3055.0,3065.0,81.0,-0.3252032520325203,0.0,0.0,236435.0,12240.0,0.0,0.0,248675.0,0.0,248675.0
2023-05-26,3070.0,3080.0,3070.0,3070.0,279.0,0.1631321370309951,0.0,0.0,857145.0,0.0,0.0,0.0,857145.0,0.0,857145.0
2023-05-30,3030.0,3055.0,3030.0,3030.0,130.0,-1.3029315960912053,0.0,0.0,394610.0,0.0,0.0,0.0,394610.0,0.0,394610.0
2023-05-31,3030.0,3050.0,3030.0,3050.0,4861.0,0.6600660066006601,0.0,0.0,14762050.0,0.0,0.0,0.0,14762050.0,0.0,14762050.0
2023-06-01,3085.0,3090.0,3045.0,3090.0,392.0,1.3114754098360655,0.0,617000.0,592260.0,0.0,0.0,0.0,1209260.0,0.0,1209260.0
2023-06-02,3065.0,3100.0,3065.0,3100.0,535.0,0.3236245954692557,0.0,0.0,1652150.0,0.0,0.0,0.0,1652150.0,0.0,1652150.0
2023-06-05,3150.0,3150.0,3100.0,3105.0,163.0,0.16129032258064516,0.0,0.0,507065.0,0.0,0.0,0.0,507065.0,0.0,507065.0
2023-06-07,3110.0,3150.0,3110.0,3150.0,233.0,1.4492753623188406,0.0,0.0,733715.0,0.0,0.0,0.0,733715.0,0.0,733715.0
2023-06-08,3150.0,3150.0,3150.0,3150.0,305.0,0.0,0.0,0.0,960750.0,0.0,0.0,0.0,960750.0,0.0,960750.0
2023-06-09,3180.0,3180.0,3175.0,3175.0,14.0,0.7936507936507936,0.0,0.0,44510.0,0.0,0.0,0.0,44510.0,0.0,44510.0
2023-06-12,3175.0,3175.0,3165.0,3165.0,6.0,-0.31496062992125984,0.0,0.0,19020.0,0.0,0.0,0.0,19020.0,0.0,19020.0
2023-06-13,3165.0,3165.0,3105.0,3140.0,116.0,-0.7898894154818324,0.0,0.0,361215.0,0.0,0.0,0.0,361215.0,0.0,361215.0
2023-06-14,3095.0,3105.0,3095.0,3095.0,423.0,-1.4331210191082804,0.0,0.0,1309225.0,0.0,0.0,0.0,1309225.0,0.0,1309225.0
2023-06-15,3100.0,3150.0,3100.0,3150.0,938.0,1.7770597738287561,0.0,0.0,2938425.0,0.0,0.0,0.0,2932195.0,6230.0,2938425.0
2023-06-16,3190.0,3190.0,3150.0,3160.0,3097.0,0.31746031746031744,0.0,0.0,9797295.0,3150.0,0.0,0.0,9800445.0,0.0,9800445.0
2023-06-19,3160.0,3160.0,3120.0,3160.0,366.0,0.0,0.0,0.0,1156440.0,0.0,0.0,0.0,1156440.0,0.0,1156440.0
2023-06-20,3160.0,3160.0,3125.0,3160.0,89.0,0.0,0.0,0.0,280750.0,0.0,0.0,0.0,280750.0,0.0,280750.0
2023-06-21,3160.0,3160.0,3090.0,3100.0,2441.0,-1.89873417721519,0.0,2480000.0,5088220.0,0.0,0.0,0.0,65460.0,7502760.0,7568220.0
2023-06-22,3150.0,3150.0,3110.0,3140.0,190.0,1.2903225806451613,0.0,0.0,596490.0,0.0,0.0,0.0,596490.0,0.0,596490.0
2023-06-23,3135.0,3135.0,3125.0,3130.0,33.0,-0.3184713375796179,0.0,0.0,103295.0,0.0,0.0,0.0,103295.0,0.0,103295.0
2023-06-26,3130.0,3130.0,3100.0,3120.0,144.0,-0.3194888178913738,0.0,0.0,447710.0,0.0,0.0,0.0,441460.0,6250.0,447710.0
2023-06-27,3120.0,3120.0,3100.0,3120.0,609.0,0.0,0.0,0.0,1898415.0,0.0,0.0,0.0,1898415.0,0.0,1898415.0
2023-06-28,3125.0,3125.0,3120.0,3120.0,17.0,0.0,0.0,0.0,53070.0,0.0,0.0,0.0,53070.0,0.0,53070.0
2023-06-29,3165.0,3165.0,3160.0,3160.0,39.0,1.282051282051282,0.0,0.0,123320.0,0.0,0.0,0.0,123320.0,0.0,123320.0
2023-06-30,3160.0,3160.0,3100.0,3120.0,148.0,-1.2658227848101267,0.0,0.0,459810.0,0.0,0.0,0.0,459810.0,0.0,459810.0
2023-07-03,3120.0,3120.0,3120.0,3120.0,69.0,0.0,0.0,0.0,215280.0,0.0,0.0,0.0,215280.0,0.0,215280.0
2023-07-04,3120.0,3150.0,3120.0,3130.0,134.0,0.3205128205128205,0.0,0.0,419980.0,0.0,0.0,0.0,419980.0,0.0,419980.0
2023-07-05,3185.0,3185.0,3105.0,3115.0,76.0,-0.4792332268370607,0.0,0.0,236665.0,0.0,0.0,0.0,236665.0,0.0,236665.0
2023-07-06,3115.0,3155.0,3115.0,3155.0,36.0,1.2841091492776886,0.0,0.0,113540.0,0.0,0.0,0.0,113540.0,0.0,113540.0
2023-07-07,3150.0,3150.0,3080.0,3080.0,277.0,-2.3771790808240887,0.0,0.0,857590.0,0.0,0.0,0.0,857590.0,0.0,857590.0
2023-07-10,3095.0,3150.0,3095.0,3135.0,461.0,1.7857142857142856,0.0,0.0,1447945.0,0.0,0.0,0.0,1447945.0,0.0,1447945.0
2023-07-11,3170.0,3170.0,3105.0,3105.0,116.0,-0.9569377990430622,0.0,0.0,365795.0,0.0,0.0,0.0,365795.0,0.0,365795.0
2023-07-12,3075.0,3090.0,3075.0,3090.0,223.0,-0.4830917874396135,0.0,0.0,686430.0,0.0,0.0,0.0,686430.0,0.0,686430.0
2023-07-13,3065.0,3075.0,3065.0,3075.0,367.0,-0.48543689320388345,0.0,0.0,1122060.0,3065.0,0.0,0.0,1125125.0,0.0,1125125.0
2023-07-14,3060.0,3060.0,3025.0,3035.0,446.0,-1.3008130081300813,0.0,0.0,1353775.0,0.0,0.0,0.0,1353775.0,0.0,1353775.0
2023-07-17,3075.0,3075.0,2965.0,2965.0,614.0,-2.3064250411861615,0.0,0.0,1822920.0,0.0,0.0,0.0,1822920.0,0.0,1822920.0
2023-07-18,3015.0,3015.0,2975.0,3000.0,57.0,1.1804384485666104,0.0,0.0,170455.0,0.0,0.0,0.0,170455.0,0.0,170455.0
2023-07-19,3000.0,3000.0,2955.0,2955.0,1142.0,-1.5,0.0,14775.0,3361830.0,0.0,0.0,0.0,3376605.0,0.0,3376605.0
2023-07-20,2955.0,2975.0,2935.0,2950.0,205.0,-0.1692047377326565,0.0,0.0,599775.0,2935.0,0.0,0.0,602710.0,0.0,602710.0
2023-07-21,2930.0,2965.0,2930.0,2945.0,221.0,-0.1694915254237288,0.0,0.0,647955.0,0.0,0.0,0.0,647955.0,0.0,647955.0
2023-07-24,2945.0,2965.0,2910.0,2910.0,549.0,-1.1884550084889642,0.0,0.0,1601435.0,0.0,0.0,0.0,1601435.0,0.0,1601435.0
2023-07-25,2940.0,2940.0,2890.0,2890.0,497.0,-0.6872852233676976,0.0,0.0,1439465.0,0.0,0.0,0.0,1439465.0,0.0,1439465.0
2023-07-26,2860.0,2890.0,2850.0,2855.0,679.0,-1.2110726643598615,0.0,0.0,1939320.0,0.0,0.0,0.0,1939320.0,0.0,1939320.0
2023-07-27,2915.0,2915.0,2815.0,2825.0,509.0,-1.0507880910683012,0.0,0.0,1435545.0,0.0,0.0,0.0,1432710.0,2835.0,1435545.0
2023-07-28,2840.0,2840.0,2800.0,2820.0,617.0,-0.17699115044247787,0.0,0.0,1745100.0,0.0,0.0,84600.0,1660500.0,0.0,1745100.0
2023-07-31,2820.0,2900.0,2820.0,2900.0,130.0,2.8368794326241136,0.0,0.0,369000.0,0.0,0.0,0.0,369000.0,0.0,369000.0
2023-08-01,2955.0,2955.0,2875.0,2900.0,48.0,0.0,0.0,0.0,139210.0,0.0,0.0,0.0,139210.0,0.0,139210.0
2023-08-02,2900.0,2935.0,2900.0,2930.0,173.0,1.0344827586206897,0.0,0.0,505295.0,0.0,0.0,0.0,502365.0,2930.0,505295.0
2023-08-03,2950.0,2950.0,2850.0,2850.0,456.0,-2.7303754266211606,0.0,0.0,1299700.0,0.0,0.0,71250.0,1228450.0,0.0,1299700.0
2023-08-04,2870.0,2880.0,2870.0,2880.0,274.0,1.0526315789473684,0.0,269780.0,518235.0,0.0,0.0,72000.0,716015.0,0.0,788015.0
2023-08-07,2950.0,2950.0,2855.0,2855.0,2647.0,-0.8680555555555556,0.0,0.0,7560460.0,0.0,0.0,0.0,7560460.0,0.0,7560460.0
2023-08-08,2920.0,2920.0,2875.0,2875.0,84.0,0.7005253940455342,0.0,0.0,235485.0,8625.0,0.0,71875.0,172235.0,0.0,244110.0
2023-08-09,2930.0,2930.0,2845.0,2845.0,20.0,-1.0434782608695654,0.0,0.0,57835.0,0.0,0.0,0.0,57835.0,0.0,57835.0
2023-08-10,2940.0,2940.0,2900.0,2900.0,115.0,1.9332161687170473,0.0,0.0,334020.0,0.0,0.0,0.0,334020.0,0.0,334020.0
2023-08-11,2940.0,2940.0,2920.0,2940.0,213.0,1.3793103448275863,0.0,311640.0,314570.0,0.0,0.0,0.0,620330.0,5880.0,626210.0
2023-08-14,2935.0,2935.0,2930.0,2930.0,14.0,-0.3401360544217687,0.0,0.0,41075.0,0.0,0.0,0.0,41075.0,0.0,41075.0
2023-08-16,2895.0,2910.0,2895.0,2900.0,100.0,-1.023890784982935,0.0,0.0,290430.0,0.0,0.0,0.0,290430.0,0.0,290430.0
2023-08-17,2850.0,2890.0,2850.0,2890.0,169.0,-0.3448275862068966,0.0,0.0,482410.0,0.0,0.0,0.0,482410.0,0.0,482410.0
2023-08-18,2945.0,2945.0,2945.0,2945.0,2.0,1.9031141868512111,0.0,0.0,5890.0,0.0,0.0,0.0,5890.0,0.0,5890.0
2023-08-21,2945.0,2945.0,2935.0,2935.0,61.0,-0.3395585738539898,0.0,0.0,179130.0,0.0,0.0,0.0,179130.0,0.0,179130.0
2023-08-22,2960.0,2960.0,2885.0,2925.0,123.0,-0.34071550255536626,0.0,0.0,356095.0,0.0,0.0,0.0,356095.0,0.0,356095.0
2023-08-23,2945.0,2945.0,2880.0,2935.0,334.0,0.3418803418803419,0.0,0.0,967620.0,0.0,0.0,0.0,964725.0,2895.0,967620.0
2023-08-24,2935.0,2935.0,2925.0,2935.0,67.0,0.0,0.0,0.0,196515.0,0.0,0.0,0.0,196515.0,0.0,196515.0
2023-08-25,2920.0,2960.0,2920.0,2960.0,112.0,0.8517887563884157,0.0,0.0,330560.0,0.0,0.0,0.0,330560.0,0.0,330560.0
2023-08-28,2975.0,2975.0,2960.0,2960.0,80.0,0.0,0.0,0.0,237390.0,0.0,0.0,0.0,234420.0,2970.0,237390.0
2023-08-29,2850.0,2945.0,2850.0,2945.0,247.0,-0.5067567567567568,0.0,0.0,708335.0,0.0,0.0,0.0,708335.0,0.0,708335.0
2023-08-30,2965.0,2965.0,2910.0,2955.0,20.0,0.3395585738539898,0.0,0.0,59170.0,0.0,0.0,0.0,59170.0,0.0,59170.0
2023-08-31,2960.0,2960.0,2960.0,2960.0,6.0,0.1692047377326565,0.0,0.0,17760.0,0.0,0.0,0.0,17760.0,0.0,17760.0
2023-09-01,2970.0,2970.0,2920.0,2960.0,22.0,0.0,0.0,17815.0,46935.0,0.0,0.0,0.0,64750.0,0.0,64750.0
2023-09-04,2960.0,2960.0,2955.0,2955.0,31.0,-0.16891891891891891,0.0,38430.0,53190.0,0.0,0.0,0.0,91620.0,0.0,91620.0
2023-09-05,2955.0,2955.0,2920.0,2945.0,29.0,-0.338409475465313,0.0,0.0,82450.0,2920.0,0.0,0.0,85370.0,0.0,85370.0
2023-09-06,2940.0,2945.0,2925.0,2945.0,111.0,0.0,0.0,0.0,326510.0,0.0,0.0,0.0,326510.0,0.0,326510.0
2023-09-07,2905.0,2960.0,2905.0,2960.0,136.0,0.5093378607809848,0.0,0.0,395685.0,0.0,0.0,0.0,395685.0,0.0,395685.0
2023-09-08,2955.0,2955.0,2915.0,2955.0,102.0,-0.16891891891891891,0.0,0.0,299680.0,0.0,0.0,0.0,299680.0,0.0,299680.0
2023-09-11,2955.0,2955.0,2955.0,2955.0,213.0,0.0,0.0,0.0,629415.0,0.0,0.0,0.0,629415.0,0.0,629415.0
2023-09-12,2955.0,2955.0,2945.0,2945.0,11.0,-0.338409475465313,0.0,0.0,32450.0,0.0,0.0,0.0,32450.0,0.0,32450.0
2023-09-13,2965.0,2965.0,2915.0,2920.0,34.0,-0.8488964346349746,0.0,0.0,99725.0,0.0,0.0,0.0,96810.0,2915.0,99725.0
2023-09-14,2960.0,2960.0,2950.0,2955.0,24.0,1.1986301369863013,0.0,0.0,11825.0,59050.0,0.0,0.0,70875.0,0.0,70875.0
2023-09-15,2950.0,2960.0,2925.0,2960.0,184.0,0.1692047377326565,0.0,0.0,544225.0,0.0,0.0,0.0,544225.0,0.0,544225.0
2023-09-18,2960.0,2960.0,2920.0,2930.0,402.0,-1.0135135135135136,0.0,0.0,1183880.0,2920.0,0.0,219000.0,967800.0,0.0,1186800.0
2023-09-19,2930.0,2950.0,2925.0,2925.0,22.0,-0.17064846416382254,0.0,0.0,64650.0,0.0,0.0,0.0,64650.0,0.0,64650.0
2023-09-20,2955.0,2955.0,2915.0,2935.0,127.0,0.3418803418803419,0.0,0.0,369440.0,2915.0,0.0,0.0,372355.0,0.0,372355.0
2023-09-21,2935.0,2970.0,2935.0,2960.0,1356.0,0.8517887563884157,0.0,0.0,3901375.0,118000.0,0.0,0.0,4019375.0,0.0,4019375.0
2023-09-22,2965.0,2965.0,2960.0,2965.0,348.0,0.16891891891891891,0.0,0.0,1031815.0,0.0,0.0,0.0,1031815.0,0.0,1031815.0
2023-09-25,2970.0,2970.0,2970.0,2970.0,2.0,0.16863406408094433,0.0,0.0,5940.0,0.0,0.0,0.0,5940.0,0.0,5940.0
2023-09-26,2970.0,2970.0,2930.0,2960.0,219.0,-0.33670033670033667,0.0,0.0,642340.0,0.0,0.0,0.0,642340.0,0.0,642340.0
2023-09-27,2960.0,2965.0,2950.0,2950.0,138.0,-0.33783783783783783,0.0,0.0,408965.0,0.0,0.0,0.0,408965.0,0.0,408965.0
2023-10-04,2950.0,2970.0,2950.0,2950.0,970.0,0.0,0.0,0.0,2865455.0,0.0,0.0,0.0,2865455.0,0.0,2865455.0
2023-10-05,2970.0,2970.0,2920.0,2950.0,553.0,0.0,0.0,0.0,1615790.0,0.0,0.0,0.0,1615790.0,0.0,1615790.0
2023-10-06,2920.0,2945.0,2920.0,2945.0,80.0,-0.1694915254237288,0.0,0.0,233955.0,0.0,0.0,0.0,233955.0,0.0,233955.0
2023-10-10,3125.0,3125.0,2940.0,2970.0,511.0,0.8488964346349746,0.0,0.0,1567630.0,0.0,0.0,0.0,1567630.0,0.0,1567630.0
2023-10-11,2950.0,2950.0,2950.0,2950.0,102.0,-0.6734006734006733,0.0,0.0,300900.0,0.0,0.0,0.0,300900.0,0.0,300900.0
2023-10-12,2950.0,2950.0,2950.0,2950.0,1.0,0.0,0.0,0.0,0.0,2950.0,0.0,0.0,2950.0,0.0,2950.0
2023-10-13,3000.0,3000.0,2950.0,2970.0,193.0,0.6779661016949152,0.0,0.0,575020.0,0.0,0.0,0.0,575020.0,0.0,575020.0
2023-10-16,2940.0,2940.0,2915.0,2935.0,275.0,-1.1784511784511784,0.0,0.0,805995.0,0.0,0.0,0.0,685455.0,120540.0,805995.0
2023-10-17,2900.0,2970.0,2900.0,2940.0,463.0,0.17035775127768313,0.0,0.0,1344815.0,0.0,0.0,0.0,1344815.0,0.0,1344815.0
2023-10-18,2910.0,2910.0,2875.0,2880.0,2647.0,-2.0408163265306123,0.0,0.0,7614470.0,0.0,0.0,0.0,7614470.0,0.0,7614470.0
2023-10-19,2885.0,2885.0,2760.0,2800.0,3271.0,-2.7777777777777777,0.0,0.0,9218560.0,0.0,0.0,0.0,9218560.0,0.0,9218560.0
2023-10-20,2880.0,2880.0,2680.0,2700.0,5079.0,-3.571428571428571,0.0,0.0,13706530.0,0.0,0.0,0.0,13706530.0,0.0,13706530.0
2023-10-23,2750.0,2750.0,2740.0,2740.0,178.0,1.4814814814814816,0.0,0.0,483910.0,5480.0,0.0,0.0,489390.0,0.0,489390.0
2023-10-24,2765.0,2765.0,2765.0,2765.0,0.0,0.9124087591240875,0.0,0.0,0.0,0.0,0.0,0.0,0.0,0.0,0.0
2023-10-25,2820.0,2820.0,2755.0,2765.0,821.0,0.0,0.0,0.0,2198610.0,77465.0,0.0,0.0,2276075.0,0.0,2276075.0
2023-10-26,2790.0,2790.0,2670.0,2710.0,3532.0,-1.9891500904159132,0.0,0.0,9489060.0,0.0,0.0,0.0,9478380.0,10680.0,9489060.0
2023-10-27,2760.0,2760.0,2760.0,2760.0,5.0,1.8450184501845017,0.0,0.0,13800.0,0.0,0.0,0.0,13800.0,0.0,13800.0
2023-10-30,2745.0,2790.0,2745.0,2790.0,511.0,1.0869565217391304,0.0,0.0,1425195.0,0.0,0.0,0.0,588195.0,837000.0,1425195.0
2023-10-31,2875.0,2875.0,2790.0,2790.0,1164.0,0.0,0.0,0.0,3248000.0,0.0,0.0,0.0,3248000.0,0.0,3248000.0
2023-11-01,2870.0,2870.0,2860.0,2860.0,4.0,2.5089605734767026,0.0,0.0,11465.0,0.0,0.0,0.0,11465.0,0.0,11465.0
2023-11-02,2835.0,2855.0,2830.0,2855.0,95.0,-0.17482517482517482,0.0,0.0,269940.0,0.0,0.0,0.0,252890.0,17050.0,269940.0
2023-11-03,2815.0,2900.0,2815.0,2900.0,35.0,1.5761821366024518,0.0,0.0,101395.0,0.0,0.0,0.0,101395.0,0.0,101395.0
2023-11-06,2900.0,2900.0,2830.0,2830.0,155.0,-2.413793103448276,0.0,0.0,446210.0,0.0,0.0,0.0,446210.0,0.0,446210.0
2023-11-07,2845.0,2845.0,2800.0,2800.0,36.0,-1.0600706713780919,0.0,0.0,101175.0,0.0,0.0,0.0,101175.0,0.0,101175.0
2023-11-08,2800.0,2800.0,2750.0,2775.0,418.0,-0.8928571428571428,0.0,0.0,1151510.0,0.0,0.0,0.0,1099165.0,52345.0,1151510.0
2023-11-09,2750.0,2775.0,2750.0,2775.0,251.0,0.0,0.0,0.0,691500.0,0.0,0.0,0.0,691500.0,0.0,691500.0
2023-11-10,2820.0,2860.0,2820.0,2850.0,690.0,2.7027027027027026,0.0,855000.0,1109390.0,0.0,0.0,0.0,1964390.0,0.0,1964390.0
2023-11-13,2920.0,2920.0,2700.0,2700.0,247.0,-5.263157894736842,0.0,0.0,691860.0,0.0,0.0,0.0,691860.0,0.0,691860.0
2023-11-14,2815.0,2815.0,2730.0,2745.0,91.0,1.6666666666666667,0.0,0.0,250945.0,0.0,0.0,0.0,250945.0,0.0,250945.0
2023-11-15,2785.0,2790.0,2785.0,2790.0,386.0,1.639344262295082,0.0,0.0,1071250.0,5580.0,0.0,0.0,1021030.0,55800.0,1076830.0
2023-11-16,2790.0,2795.0,2790.0,2795.0,61.0,0.17921146953405018,0.0,27900.0,142295.0,0.0,0.0,0.0,170195.0,0.0,170195.0
2023-11-17,2825.0,2835.0,2800.0,2835.0,156.0,1.4311270125223614,0.0,282500.0,158725.0,0.0,0.0,0.0,441225.0,0.0,441225.0
2023-11-20,2835.0,2860.0,2835.0,2860.0,627.0,0.8818342151675485,0.0,0.0,1791090.0,0.0,0.0,0.0,1791090.0,0.0,1791090.0
2023-11-21,2860.0,2860.0,2860.0,2860.0,600.0,0.0,0.0,0.0,1716000.0,0.0,0.0,0.0,1716000.0,0.0,1716000.0
2023-11-22,2805.0,2885.0,2805.0,2885.0,694.0,0.8741258741258742,0.0,48875.0,1921925.0,2885.0,0.0,0.0,1973685.0,0.0,1973685.0
2023-11-23,2880.0,2890.0,2880.0,2890.0,7437.0,0.17331022530329288,0.0,0.0,21440130.0,23120.0,0.0,0.0,21463250.0,0.0,21463250.0
2023-11-24,2900.0,2900.0,2890.0,2900.0,1500.0,0.34602076124567477,0.0,0.0,4328290.0,11560.0,0.0,0.0,4339850.0,0.0,4339850.0
2023-11-27,2905.0,2905.0,2880.0,2880.0,189.0,-0.6896551724137931,0.0,0.0,539095.0,8660.0,0.0,0.0,547755.0,0.0,547755.0
2023-11-28,2900.0,2900.0,2850.0,2850.0,393.0,-1.0416666666666665,0.0,37700.0,1090050.0,0.0,0.0,0.0,1127750.0,0.0,1127750.0
2023-11-29,2880.0,2900.0,2855.0,2900.0,1518.0,1.7543859649122806,0.0,203000.0,4141140.0,0.0,0.0,0.0,4315440.0,28700.0,4344140.0
2023-11-30,2835.0,2890.0,2835.0,2885.0,519.0,-0.5172413793103449,0.0,8610.0,1465720.0,20195.0,0.0,0.0,1494525.0,0.0,1494525.0
2023-12-01,2885.0,2925.0,2870.0,2890.0,2647.0,0.17331022530329288,0.0,3802500.0,3906525.0,0.0,0.0,0.0,7709025.0,0.0,7709025.0
2023-12-04,2930.0,2960.0,2930.0,2950.0,8817.0,2.0761245674740483,0.0,293000.0,25753645.0,0.0,0.0,0.0,14502615.0,11544030.0,26046645.0
2023-12-05,2975.0,3030.0,2950.0,2950.0,9740.0,0.0,0.0,0.0,28410300.0,532485.0,0.0,89400.0,11253170.0,17600215.0,28942785.0
2023-12-06,2950.0,2955.0,2945.0,2945.0,6002.0,-0.1694915254237288,0.0,0.0,17702700.0,0.0,0.0,0.0,11481675.0,6221025.0,17702700.0
2023-12-07,2950.0,3020.0,2925.0,3010.0,13542.0,2.2071307300509337,0.0,67795.0,40660610.0,0.0,0.0,0.0,20604165.0,20124240.0,40728405.0
2023-12-08,3005.0,3050.0,2975.0,3050.0,4260.0,1.3289036544850499,0.0,0.0,12896380.0,0.0,0.0,0.0,6893010.0,6003370.0,12896380.0
2023-12-11,3045.0,3100.0,3010.0,3080.0,38434.0,0.9836065573770493,0.0,0.0,118376265.0,0.0,0.0,0.0,40513660.0,77862605.0,118376265.0
2023-12-12,3050.0,3055.0,3040.0,3050.0,10709.0,-0.974025974025974,0.0,0.0,31519280.0,1133670.0,0.0,0.0,16593020.0,16059930.0,32652950.0
2023-12-13,3060.0,3060.0,2950.0,2950.0,6213.0,-3.278688524590164,0.0,0.0,18507695.0,0.0,0.0,0.0,8582915.0,9924780.0,18507695.0
2023-12-14,2935.0,2950.0,2910.0,2910.0,11729.0,-1.3559322033898304,0.0,0.0,34280030.0,0.0,0.0,0.0,33249340.0,1030690.0,34280030.0
2023-12-15,2990.0,2990.0,2905.0,2930.0,6626.0,0.6872852233676976,0.0,0.0,19352490.0,0.0,0.0,0.0,19238640.0,113850.0,19352490.0
2023-12-18,2905.0,2930.0,2895.0,2930.0,4084.0,0.0,0.0,0.0,11849600.0,0.0,0.0,0.0,11611770.0,237830.0,11849600.0
2023-12-19,2930.0,2945.0,2905.0,2945.0,1745.0,0.5119453924914675,0.0,0.0,5125020.0,0.0,0.0,0.0,5107440.0,17580.0,5125020.0
2023-12-20,2945.0,2960.0,2940.0,2945.0,2053.0,0.0,0.0,0.0,6061805.0,0.0,0.0,0.0,4979505.0,1082300.0,6061805.0
2023-12-21,2920.0,2950.0,2920.0,2940.0,2116.0,-0.1697792869269949,0.0,0.0,6221945.0,0.0,0.0,196980.0,5977825.0,47140.0,6221945.0
2023-12-22,2970.0,2970.0,2920.0,2920.0,3548.0,-0.6802721088435374,0.0,0.0,10391455.0,0.0,0.0,0.0,10391455.0,0.0,10391455.0
2023-12-26,2920.0,2930.0,2900.0,2915.0,2427.0,-0.17123287671232876,0.0,0.0,7044770.0,0.0,0.0,0.0,7044770.0,0.0,7044770.0
2023-12-27,2900.0,2905.0,2895.0,2900.0,1372.0,-0.5145797598627788,0.0,0.0,3979340.0,0.0,0.0,174000.0,3799550.0,5790.0,3979340.0
2023-12-28,2870.0,2895.0,2870.0,2890.0,1889.0,-0.3448275862068966,0.0,0.0,5448345.0,0.0,0.0,311580.0,5128080.0,8685.0,5448345.0
2024-01-02,2865.0,2900.0,2865.0,2890.0,626.0,0.0,0.0,0.0,1798270.0,0.0,0.0,253440.0,1544830.0,0.0,1798270.0
2024-01-03,2900.0,2900.0,2875.0,2875.0,1514.0,-0.5190311418685121,0.0,0.0,4365555.0,0.0,0.0,295290.0,4070265.0,0.0,4365555.0
2024-01-04,2895.0,2900.0,2855.0,2890.0,1357.0,0.5217391304347827,0.0,1739000.0,2184385.0,0.0,0.0,144500.0,3778885.0,0.0,3923385.0
2024-01-05,2875.0,2890.0,2875.0,2880.0,451.0,-0.34602076124567477,0.0,0.0,1299480.0,0.0,0.0,287500.0,1011980.0,0.0,1299480.0
2024-01-08,2885.0,2885.0,2830.0,2830.0,5803.0,-1.7361111111111112,0.0,0.0,16556030.0,0.0,0.0,283000.0,16273030.0,0.0,16556030.0
2024-01-09,2870.0,2870.0,2835.0,2835.0,562.0,0.17667844522968199,0.0,284000.0,1312825.0,0.0,0.0,0.0,1579665.0,17160.0,1596825.0
2024-01-10,2840.0,2850.0,2825.0,2835.0,869.0,0.0,0.0,0.0,2461065.0,0.0,0.0,0.0,2461065.0,0.0,2461065.0
2024-01-11,2845.0,2845.0,2800.0,2815.0,1201.0,-0.7054673721340388,0.0,0.0,3377880.0,0.0,0.0,0.0,3377880.0,0.0,3377880.0
2024-01-12,2840.0,2840.0,2805.0,2805.0,907.0,-0.3552397868561279,0.0,0.0,2550150.0,0.0,0.0,0.0,2550150.0,0.0,2550150.0
2024-01-15,2820.0,2820.0,2790.0,2790.0,2466.0,-0.53475935828877,0.0,0.0,6900905.0,0.0,0.0,0.0,6900905.0,0.0,6900905.0
2024-01-16,2800.0,2800.0,2785.0,2790.0,617.0,0.0,0.0,0.0,1722005.0,0.0,0.0,0.0,1722005.0,0.0,1722005.0
2024-01-17,2810.0,2810.0,2765.0,2765.0,858.0,-0.8960573476702508,0.0,0.0,2380115.0,0.0,0.0,0.0,2380115.0,0.0,2380115.0
2024-01-18,2760.0,2780.0,2755.0,2760.0,1110.0,-0.18083182640144665,0.0,1108000.0,1958225.0,0.0,0.0,0.0,3066225.0,0.0,3066225.0
2024-01-19,2780.0,2785.0,2765.0,2765.0,427.0,0.18115942028985507,0.0,0.0,1184910.0,0.0,0.0,0.0,1184910.0,0.0,1184910.0
2024-01-22,2770.0,2780.0,2765.0,2770.0,642.0,0.18083182640144665,0.0,1388000.0,393395.0,0.0,0.0,0.0,1781395.0,0.0,1781395.0
2024-01-23,2770.0,2810.0,2770.0,2810.0,560.0,1.444043321299639,0.0,0.0,1560510.0,0.0,0.0,0.0,1560510.0,0.0,1560510.0
2024-01-24,2810.0,2810.0,2770.0,2775.0,1544.0,-1.2455516014234875,0.0,0.0,4278715.0,0.0,0.0,0.0,4278715.0,0.0,4278715.0
2024-01-25,2780.0,2780.0,2775.0,2780.0,497.0,0.18018018018018017,0.0,0.0,1380660.0,0.0,0.0,0.0,1380660.0,0.0,1380660.0
2024-01-26,2790.0,2790.0,2780.0,2780.0,516.0,0.0,0.0,0.0,1437170.0,0.0,0.0,0.0,1437170.0,0.0,1437170.0
2024-01-29,2780.0,2825.0,2780.0,2780.0,2523.0,0.0,0.0,0.0,7024245.0,0.0,0.0,0.0,7024245.0,0.0,7024245.0
2024-01-30,2810.0,2840.0,2810.0,2825.0,1110.0,1.618705035971223,0.0,1283300.0,1844745.0,0.0,0.0,0.0,3128045.0,0.0,3128045.0
2024-01-31,2830.0,2880.0,2830.0,2860.0,4734.0,1.238938053097345,0.0,992830.0,12586325.0,0.0,0.0,0.0,13579155.0,0.0,13579155.0
2024-02-01,2775.0,2920.0,2775.0,2900.0,7068.0,1.3986013986013985,0.0,11505.0,20433930.0,0.0,0.0,0.0,20445435.0,0.0,20445435.0
2024-02-02,2885.0,2920.0,2885.0,2920.0,6066.0,0.6896551724137931,0.0,0.0,17541235.0,0.0,0.0,0.0,17541235.0,0.0,17541235.0
2024-02-05,2950.0,2950.0,2890.0,2925.0,20335.0,0.17123287671232876,0.0,0.0,59024310.0,852820.0,0.0,0.0,37035280.0,22841850.0,59877130.0
2024-02-06,2935.0,2955.0,2935.0,2950.0,6514.0,0.8547008547008548,0.0,0.0,19216320.0,0.0,0.0,0.0,9071960.0,10144360.0,19216320.0
2024-02-07,2940.0,2980.0,2940.0,2980.0,4458.0,1.0169491525423728,0.0,0.0,13106305.0,139535.0,0.0,0.0,5914305.0,7331535.0,13245840.0
2024-02-08,3000.0,3015.0,2985.0,3005.0,5105.0,0.8389261744966443,0.0,0.0,15318885.0,0.0,0.0,6000000.0,754715.0,8564170.0,15318885.0
2024-02-13,3010.0,3025.0,3005.0,3005.0,10311.0,0.0,0.0,0.0,31128185.0,0.0,0.0,0.0,15993935.0,15134250.0,31128185.0
2024-02-14,3005.0,3005.0,2950.0,2950.0,14779.0,-1.8302828618968388,0.0,0.0,43838405.0,97525.0,0.0,0.0,17398700.0,26537230.0,43935930.0
2024-02-15,2965.0,2970.0,2930.0,2950.0,14785.0,0.0,0.0,0.0,43394730.0,8790.0,0.0,0.0,38147520.0,5256000.0,43403520.0
2024-02-16,2960.0,2970.0,2945.0,2970.0,1976.0,0.6779661016949152,0.0,0.0,5836840.0,0.0,0.0,0.0,2927310.0,2909530.0,5836840.0
2024-02-19,3000.0,3020.0,2975.0,3000.0,2989.0,1.0101010101010102,0.0,6154600.0,2801140.0,32940.0,0.0,0.0,4633205.0,4355475.0,8988680.0
2024-02-20,3040.0,3040.0,3000.0,3000.0,20111.0,0.0,0.0,40270130.0,20179125.0,0.0,0.0,0.0,16504420.0,43944835.0,60449255.0
2024-02-21,3000.0,3005.0,3000.0,3000.0,719.0,0.0,0.0,0.0,2158580.0,0.0,0.0,0.0,2158580.0,0.0,2158580.0
2024-02-22,3030.0,3030.0,3000.0,3010.0,3473.0,0.33333333333333337,0.0,4500000.0,5929735.0,0.0,0.0,6000000.0,4396680.0,33055.0,10429735.0
2024-02-23,3010.0,3030.0,3010.0,3020.0,1621.0,0.33222591362126247,0.0,0.0,4898265.0,0.0,0.0,0.0,4898265.0,0.0,4898265.0
2024-02-26,2980.0,3010.0,2980.0,3010.0,17957.0,-0.33112582781456956,0.0,29388000.0,24565230.0,0.0,0.0,0.0,53950230.0,3000.0,53953230.0
2024-02-27,3020.0,3020.0,3000.0,3010.0,10362.0,0.0,0.0,21768000.0,9318030.0,0.0,0.0,0.0,31086030.0,0.0,31086030.0
2024-02-28,3000.0,3035.0,3000.0,3035.0,3858.0,0.8305647840531563,0.0,9726000.0,1961665.0,0.0,0.0,0.0,11687665.0,0.0,11687665.0
2024-02-29,3035.0,3035.0,3000.0,3005.0,3994.0,-0.9884678747940692,0.0,5677995.0,6331640.0,0.0,0.0,0.0,11982365.0,27270.0,12009635.0
2024-03-04,3030.0,3030.0,3005.0,3020.0,1152.0,0.49916805324459235,0.0,574910.0,2890380.0,0.0,0.0,0.0,3465290.0,0.0,3465290.0
2024-03-05,3000.0,3015.0,3000.0,3010.0,2103.0,-0.33112582781456956,0.0,5358750.0,957390.0,0.0,0.0,0.0,6307110.0,9030.0,6316140.0
2024-03-06,3020.0,3020.0,3000.0,3000.0,506.0,-0.33222591362126247,0.0,0.0,1524220.0,0.0,0.0,0.0,1515180.0,9040.0,1524220.0
2024-03-07,3020.0,3025.0,3020.0,3025.0,730.0,0.8333333333333334,0.0,2094360.0,111870.0,0.0,0.0,0.0,2203210.0,3020.0,2206230.0
2024-03-08,2990.0,3040.0,2990.0,3040.0,1420.0,0.49586776859504134,0.0,2739000.0,1543275.0,0.0,0.0,0.0,4282275.0,0.0,4282275.0
2024-03-11,3000.0,3025.0,3000.0,3025.0,1383.0,-0.4934210526315789,0.0,3509025.0,668570.0,0.0,0.0,0.0,4177595.0,0.0,4177595.0
2024-03-12,3040.0,3050.0,3010.0,3045.0,4760.0,0.6611570247933884,0.0,12761000.0,1704230.0,0.0,0.0,0.0,14337760.0,127470.0,14465230.0
2024-03-13,3020.0,3030.0,3015.0,3020.0,822.0,-0.8210180623973727,0.0,1333200.0,1153805.0,0.0,0.0,0.0,2471865.0,15140.0,2487005.0
2024-03-14,3020.0,3025.0,3005.0,3005.0,538.0,-0.49668874172185434,0.0,0.0,1621480.0,0.0,0.0,0.0,1621480.0,0.0,1621480.0
2024-03-15,3030.0,3035.0,3005.0,3035.0,2307.0,0.9983361064891847,0.0,5016660.0,1949770.0,0.0,0.0,3005000.0,3949310.0,12120.0,6966430.0
2024-03-18,3030.0,3045.0,3030.0,3045.0,4433.0,0.3294892915980231,0.0,12840100.0,647555.0,0.0,0.0,0.0,13487655.0,0.0,13487655.0
2024-03-19,3045.0,3095.0,3045.0,3075.0,718.0,0.9852216748768473,0.0,0.0,2220055.0,0.0,0.0,0.0,2216975.0,3080.0,2220055.0
2024-03-20,3085.0,3085.0,3015.0,3015.0,567.0,-1.951219512195122,0.0,0.0,1710660.0,0.0,0.0,0.0,1710660.0,0.0,1710660.0
2024-03-21,3015.0,3015.0,3005.0,3005.0,2339.0,-0.33167495854063017,0.0,1562695.0,5477900.0,0.0,0.0,0.0,6992355.0,48240.0,7040595.0
2024-03-22,3010.0,3015.0,3000.0,3010.0,1422.0,0.16638935108153077,0.0,602000.0,3673895.0,0.0,0.0,0.0,4275895.0,0.0,4275895.0
2024-03-25,3010.0,3010.0,3005.0,3010.0,716.0,0.0,0.0,1324250.0,830460.0,0.0,0.0,0.0,2154710.0,0.0,2154710.0
2024-03-26,3020.0,3030.0,3020.0,3025.0,2099.0,0.4983388704318937,0.0,3780250.0,2566405.0,0.0,0.0,0.0,6346655.0,0.0,6346655.0
2024-03-27,3000.0,3030.0,3000.0,3010.0,4217.0,-0.49586776859504134,0.0,10302000.0,2456550.0,3010.0,0.0,0.0,12761560.0,0.0,12761560.0
2024-03-28,3030.0,3030.0,3010.0,3010.0,681.0,0.0,0.0,0.0,2054230.0,0.0,0.0,0.0,2054230.0,0.0,2054230.0
2024-03-29,3020.0,3030.0,3020.0,3030.0,2810.0,0.6644518272425249,0.0,8484000.0,30280.0,0.0,0.0,0.0,8514280.0,0.0,8514280.0
2024-04-01,3030.0,3030.0,3010.0,3010.0,4595.0,-0.6600660066006601,0.0,12665400.0,1249170.0,0.0,0.0,0.0,13914570.0,0.0,13914570.0
2024-04-02,3030.0,3040.0,3000.0,3000.0,3621.0,-0.33222591362126247,0.0,10640000.0,364440.0,0.0,0.0,0.0,11004440.0,0.0,11004440.0
2024-04-03,3035.0,3035.0,3030.0,3030.0,4701.0,1.0,0.0,14264500.0,3030.0,0.0,0.0,0.0,14264495.0,3035.0,14267530.0
2024-04-04,3035.0,3035.0,3010.0,3010.0,419.0,-0.6600660066006601,0.0,0.0,1261635.0,0.0,0.0,0.0,1261635.0,0.0,1261635.0
2024-04-05,3005.0,3020.0,3005.0,3015.0,799.0,0.16611295681063123,0.0,0.0,2406340.0,0.0,0.0,0.0,2406340.0,0.0,2406340.0
2024-04-08,3020.0,3020.0,3005.0,3010.0,336.0,-0.16583747927031509,0.0,0.0,1011650.0,0.0,0.0,0.0,1011650.0,0.0,1011650.0
2024-04-09,3025.0,3025.0,3020.0,3025.0,3721.0,0.4983388704318937,0.0,10890000.0,365470.0,0.0,0.0,0.0,11255470.0,0.0,11255470.0
2024-04-11,3000.0,3030.0,3000.0,3020.0,989.0,-0.1652892561983471,0.0,2275425.0,711790.0,0.0,0.0,0.0,2987215.0,0.0,2987215.0
2024-04-12,3005.0,3035.0,3005.0,3035.0,408.0,0.49668874172185434,0.0,670215.0,558960.0,0.0,0.0,0.0,1229175.0,0.0,1229175.0
2024-04-15,3015.0,3035.0,3005.0,3005.0,521.0,-0.9884678747940692,0.0,0.0,1566930.0,0.0,0.0,0.0,1566930.0,0.0,1566930.0
2024-04-16,3020.0,3035.0,2990.0,3005.0,5093.0,0.0,0.0,14109605.0,1325030.0,0.0,0.0,30050.0,15404585.0,0.0,15434635.0
2024-04-17,3030.0,3040.0,3030.0,3040.0,795.0,1.1647254575707155,0.0,0.0,2412350.0,0.0,0.0,0.0,2412350.0,0.0,2412350.0
2024-04-18,3030.0,3040.0,3010.0,3010.0,921.0,-0.9868421052631579,0.0,1818000.0,968640.0,0.0,0.0,0.0,2786640.0,0.0,2786640.0
2024-04-19,3020.0,3070.0,3020.0,3070.0,1210.0,1.9933554817275747,0.0,1212000.0,2460530.0,0.0,0.0,0.0,3672530.0,0.0,3672530.0
2024-04-22,3065.0,3070.0,3020.0,3020.0,528.0,-1.6286644951140066,0.0,0.0,1620005.0,0.0,0.0,0.0,1620005.0,0.0,1620005.0
2024-04-23,3050.0,3050.0,3010.0,3010.0,870.0,-0.33112582781456956,0.0,0.0,2625490.0,0.0,0.0,0.0,2625490.0,0.0,2625490.0
2024-04-24,3040.0,3045.0,3025.0,3045.0,1119.0,1.1627906976744187,0.0,0.0,3396265.0,0.0,0.0,0.0,3396265.0,0.0,3396265.0
2024-04-25,3050.0,3050.0,3020.0,3025.0,399.0,-0.6568144499178982,0.0,0.0,1207010.0,0.0,0.0,0.0,1207010.0,0.0,1207010.0
2024-04-26,3040.0,3040.0,2995.0,3010.0,1096.0,-0.49586776859504134,0.0,109035.0,3180220.0,0.0,0.0,0.0,3289255.0,0.0,3289255.0
2024-04-29,3010.0,3050.0,3010.0,3015.0,512.0,0.16611295681063123,0.0,0.0,1550520.0,0.0,0.0,0.0,1550520.0,0.0,1550520.0
2024-04-30,3015.0,3060.0,3015.0,3025.0,855.0,0.33167495854063017,0.0,0.0,2597730.0,3030.0,0.0,0.0,2600760.0,0.0,2600760.0
2024-05-02,3050.0,3060.0,3050.0,3050.0,1700.0,0.8264462809917356,0.0,0.0,5157550.0,27540.0,0.0,0.0,5182040.0,3050.0,5185090.0
2024-05-03,3060.0,3065.0,3060.0,3060.0,437.0,0.32786885245901637,0.0,0.0,1337285.0,0.0,0.0,0.0,1328105.0,9180.0,1337285.0
2024-05-07,3080.0,3080.0,3010.0,3010.0,536.0,-1.6339869281045754,0.0,0.0,1617285.0,0.0,0.0,0.0,1608085.0,9200.0,1617285.0
2024-05-08,3040.0,3040.0,3015.0,3015.0,643.0,0.16611295681063123,0.0,0.0,1942115.0,0.0,0.0,0.0,1933035.0,9080.0,1942115.0
2024-05-09,3030.0,3040.0,3015.0,3040.0,1736.0,0.8291873963515755,0.0,4539905.0,721105.0,0.0,0.0,0.0,5261010.0,0.0,5261010.0
2024-05-10,3015.0,3040.0,3015.0,3040.0,959.0,0.0,0.0,1914200.0,993460.0,0.0,0.0,0.0,2907660.0,0.0,2907660.0
2024-05-13,3040.0,3045.0,3035.0,3035.0,1394.0,-0.1644736842105263,0.0,2919055.0,1323055.0,0.0,0.0,106225.0,4135885.0,0.0,4242110.0
2024-05-14,3020.0,3050.0,3020.0,3045.0,1283.0,0.3294892915980231,0.0,2822210.0,1070965.0,0.0,0.0,0.0,3893175.0,0.0,3893175.0
2024-05-16,3045.0,3080.0,3045.0,3065.0,1004.0,0.6568144499178982,0.0,0.0,3068890.0,0.0,0.0,0.0,3068890.0,0.0,3068890.0
2024-05-17,3060.0,3060.0,3030.0,3035.0,590.0,-0.9787928221859705,0.0,0.0,1788990.0,0.0,0.0,0.0,1788990.0,0.0,1788990.0
2024-05-20,3040.0,3040.0,3035.0,3040.0,1224.0,0.16474464579901155,0.0,1185600.0,2531730.0,0.0,0.0,0.0,3717330.0,0.0,3717330.0
2024-05-21,3045.0,3045.0,3040.0,3040.0,562.0,0.0,0.0,334400.0,1374270.0,0.0,0.0,0.0,1708670.0,0.0,1708670.0
2024-05-22,3040.0,3055.0,3040.0,3040.0,570.0,0.0,0.0,0.0,1735875.0,0.0,0.0,0.0,1735875.0,0.0,1735875.0
2024-05-23,3060.0,3175.0,3035.0,3175.0,1987.0,4.440789473684211,0.0,0.0,6128820.0,0.0,0.0,688200.0,5440620.0,0.0,6128820.0
2024-05-24,3060.0,3180.0,3060.0,3155.0,4651.0,-0.6299212598425197,0.0,0.0,14702480.0,19050.0,0.0,0.0,14721530.0,0.0,14721530.0
2024-05-27,3170.0,3170.0,3060.0,3060.0,1007.0,-3.011093502377179,0.0,0.0,3136495.0,0.0,0.0,0.0,3136495.0,0.0,3136495.0
2024-05-28,3080.0,3080.0,3050.0,3065.0,808.0,0.16339869281045752,0.0,0.0,2471215.0,0.0,0.0,0.0,2458995.0,12220.0,2471215.0
2024-05-29,3070.0,3150.0,3070.0,3105.0,1614.0,1.3050570962479608,0.0,0.0,5012785.0,0.0,0.0,0.0,5012785.0,0.0,5012785.0
2024-05-30,3105.0,3105.0,3065.0,3105.0,724.0,0.0,0.0,0.0,2247620.0,0.0,0.0,0.0,2247620.0,0.0,2247620.0
2024-05-31,3050.0,3110.0,3050.0,3100.0,1947.0,-0.1610305958132045,0.0,0.0,6021350.0,0.0,0.0,0.0,6021350.0,0.0,6021350.0
2024-06-03,3010.0,3100.0,3010.0,3100.0,33096.0,0.0,0.0,58345100.0,44244940.0,0.0,0.0,0.0,102590040.0,0.0,102590040.0
2024-06-04,3120.0,3120.0,3070.0,3120.0,932.0,0.6451612903225806,0.0,0.0,2885640.0,0.0,0.0,0.0,2879400.0,6240.0,2885640.0
2024-06-05,3150.0,3150.0,3085.0,3085.0,425.0,-1.1217948717948718,0.0,0.0,1311220.0,0.0,0.0,0.0,1311220.0,0.0,1311220.0
2024-06-07,3115.0,3115.0,3065.0,3065.0,254.0,-0.6482982171799028,0.0,0.0,778705.0,0.0,0.0,0.0,778705.0,0.0,778705.0
2024-06-10,3045.0,3045.0,3040.0,3040.0,1746.0,-0.8156606851549755,0.0,0.0,5307850.0,0.0,0.0,0.0,5307850.0,0.0,5307850.0
2024-06-11,3030.0,3030.0,3010.0,3030.0,992.0,-0.3289473684210526,0.0,0.0,2999405.0,0.0,0.0,0.0,2999405.0,0.0,2999405.0
2024-06-12,3005.0,3100.0,3005.0,3100.0,8804.0,2.31023102310231,0.0,0.0,27113185.0,0.0,0.0,0.0,27113185.0,0.0,27113185.0
2024-06-13,3080.0,3110.0,3080.0,3100.0,4549.0,0.0,0.0,0.0,14103400.0,0.0,0.0,0.0,14103400.0,0.0,14103400.0
2024-06-14,3080.0,3120.0,3080.0,3110.0,4238.0,0.3225806451612903,0.0,0.0,13103060.0,0.0,0.0,0.0,13103060.0,0.0,13103060.0
2024-06-17,3110.0,3110.0,3065.0,3065.0,450.0,-1.4469453376205788,0.0,0.0,1383345.0,0.0,0.0,0.0,1383345.0,0.0,1383345.0
2024-06-18,3065.0,3125.0,3065.0,3125.0,1057.0,1.957585644371941,0.0,933200.0,2315175.0,0.0,0.0,0.0,3248375.0,0.0,3248375.0
2024-06-19,3120.0,3130.0,3090.0,3090.0,695.0,-1.1199999999999999,0.0,0.0,2172430.0,0.0,0.0,0.0,2172430.0,0.0,2172430.0
2024-06-20,3040.0,3105.0,3040.0,3105.0,1983.0,0.48543689320388345,0.0,3013710.0,3098365.0,0.0,0.0,0.0,6112075.0,0.0,6112075.0
2024-06-21,3045.0,3100.0,3045.0,3100.0,2586.0,-0.1610305958132045,0.0,3540920.0,4365725.0,15425.0,0.0,0.0,7922070.0,0.0,7922070.0
2024-06-24,3065.0,3100.0,3065.0,3100.0,3269.0,0.0,0.0,10084300.0,49075.0,0.0,0.0,0.0,10133375.0,0.0,10133375.0
2024-06-25,3050.0,3110.0,3050.0,3110.0,2033.0,0.3225806451612903,0.0,4064100.0,2243015.0,0.0,0.0,0.0,6291590.0,15525.0,6307115.0
2024-06-26,3145.0,3145.0,3105.0,3105.0,722.0,-0.1607717041800643,0.0,0.0,2249865.0,0.0,0.0,0.0,2249865.0,0.0,2249865.0
2024-06-27,3075.0,3080.0,3075.0,3080.0,404.0,-0.8051529790660225,0.0,0.0,1244300.0,0.0,0.0,0.0,1244300.0,0.0,1244300.0
2024-06-28,3090.0,3090.0,3075.0,3080.0,708.0,0.0,0.0,0.0,2181165.0,0.0,0.0,0.0,2181165.0,0.0,2181165.0
2024-07-01,3070.0,3090.0,3070.0,3080.0,483.0,0.0,0.0,0.0,1487200.0,0.0,0.0,0.0,1487200.0,0.0,1487200.0
2024-07-02,3100.0,3100.0,3070.0,3070.0,302.0,-0.3246753246753247,0.0,0.0,928900.0,0.0,0.0,0.0,928900.0,0.0,928900.0
2024-07-03,3065.0,3070.0,3065.0,3065.0,567.0,-0.16286644951140067,0.0,0.0,1738000.0,0.0,0.0,0.0,1738000.0,0.0,1738000.0
2024-07-04,3055.0,3105.0,3055.0,3105.0,5684.0,1.3050570962479608,0.0,15503100.0,2093425.0,0.0,0.0,0.0,17596525.0,0.0,17596525.0
2024-07-05,3060.0,3120.0,3060.0,3105.0,2177.0,0.0,0.0,0.0,6774430.0,0.0,0.0,0.0,6774430.0,0.0,6774430.0
2024-07-08,3120.0,3120.0,3080.0,3080.0,365.0,-0.8051529790660225,0.0,0.0,1125040.0,0.0,0.0,0.0,1125040.0,0.0,1125040.0
2024-07-09,3130.0,3130.0,3065.0,3065.0,361.0,-0.487012987012987,0.0,0.0,1109190.0,0.0,0.0,0.0,1109190.0,0.0,1109190.0
2024-07-10,3070.0,3080.0,3070.0,3075.0,2618.0,0.3262642740619902,0.0,0.0,8039860.0,0.0,0.0,0.0,8039860.0,0.0,8039860.0
2024-07-11,3100.0,3100.0,3080.0,3100.0,4734.0,0.8130081300813009,0.0,14012000.0,659400.0,0.0,0.0,0.0,14671400.0,0.0,14671400.0
2024-07-12,3070.0,3100.0,3070.0,3080.0,344.0,-0.6451612903225806,0.0,0.0,1059460.0,0.0,0.0,0.0,1059460.0,0.0,1059460.0
2024-07-15,3100.0,3110.0,3100.0,3100.0,3871.0,0.6493506493506493,0.0,11618800.0,381620.0,0.0,0.0,0.0,12000420.0,0.0,12000420.0
2024-07-16,3070.0,3110.0,3070.0,3110.0,881.0,0.3225806451612903,0.0,1546900.0,1187595.0,0.0,0.0,0.0,2734495.0,0.0,2734495.0
2024-07-17,3115.0,3115.0,3100.0,3105.0,5399.0,-0.1607717041800643,0.0,15500000.0,1240665.0,0.0,0.0,0.0,16740665.0,0.0,16740665.0
2024-07-18,3120.0,3120.0,3100.0,3110.0,704.0,0.1610305958132045,0.0,0.0,2189480.0,0.0,0.0,0.0,2189480.0,0.0,2189480.0
2024-07-19,3070.0,3090.0,3070.0,3090.0,1366.0,-0.6430868167202572,0.0,2864430.0,1347730.0,0.0,0.0,0.0,4212160.0,0.0,4212160.0
2024-07-22,3100.0,3100.0,3050.0,3050.0,709.0,-1.2944983818770228,0.0,0.0,2182930.0,0.0,0.0,0.0,2182930.0,0.0,2182930.0
2024-07-23,3100.0,3100.0,3050.0,3050.0,416.0,0.0,0.0,0.0,1271600.0,0.0,0.0,0.0,1271600.0,0.0,1271600.0
2024-07-24,3045.0,3070.0,3045.0,3070.0,536.0,0.6557377049180327,0.0,429800.0,1215670.0,0.0,0.0,0.0,1645470.0,0.0,1645470.0
2024-07-25,3070.0,3070.0,3030.0,3030.0,414.0,-1.3029315960912053,0.0,0.0,1254935.0,0.0,0.0,0.0,1254935.0,0.0,1254935.0
2024-07-26,3030.0,3030.0,3030.0,3030.0,227.0,0.0,0.0,0.0,687810.0,0.0,0.0,0.0,687810.0,0.0,687810.0
2024-07-29,3040.0,3050.0,3040.0,3050.0,2129.0,0.6600660066006601,0.0,3425150.0,3068240.0,0.0,0.0,0.0,6493390.0,0.0,6493390.0
2024-07-30,3060.0,3070.0,3060.0,3060.0,4293.0,0.32786885245901637,0.0,8711820.0,4426000.0,0.0,0.0,6120000.0,7017820.0,0.0,13137820.0
2024-07-31,3040.0,3150.0,3040.0,3150.0,1362.0,2.941176470588235,0.0,115900.0,4100180.0,0.0,0.0,0.0,4216080.0,0.0,4216080.0
2024-08-01,3065.0,3130.0,3065.0,3130.0,2843.0,-0.6349206349206349,0.0,3543300.0,5303265.0,0.0,0.0,0.0,8846565.0,0.0,8846565.0
2024-08-02,3135.0,3135.0,3085.0,3085.0,465.0,-1.4376996805111821,0.0,0.0,1437285.0,0.0,0.0,0.0,1437285.0,0.0,1437285.0
2024-08-05,3050.0,3050.0,2885.0,2885.0,3093.0,-6.482982171799027,0.0,0.0,9215000.0,0.0,0.0,0.0,9215000.0,0.0,9215000.0
2024-08-06,2945.0,2990.0,2840.0,2990.0,246.0,3.6395147313691507,0.0,0.0,708455.0,0.0,0.0,0.0,708455.0,0.0,708455.0
2024-08-07,2990.0,3040.0,2990.0,3040.0,202.0,1.6722408026755853,0.0,0.0,614030.0,0.0,0.0,0.0,614030.0,0.0,614030.0
2024-08-08,3090.0,3090.0,2980.0,3025.0,2945.0,-0.4934210526315789,0.0,1542750.0,7259345.0,0.0,0.0,0.0,8802095.0,0.0,8802095.0
2024-08-09,3060.0,3065.0,3005.0,3025.0,1528.0,0.0,0.0,0.0,4603895.0,0.0,0.0,0.0,4603895.0,0.0,4603895.0
2024-08-12,3030.0,3030.0,3000.0,3025.0,2101.0,0.0,0.0,602000.0,5703325.0,0.0,0.0,0.0,6305325.0,0.0,6305325.0
2024-08-13,3045.0,3045.0,3000.0,3005.0,408.0,-0.6611570247933884,0.0,0.0,1225360.0,0.0,0.0,0.0,1225360.0,0.0,1225360.0
2024-08-14,3020.0,3025.0,3020.0,3025.0,832.0,0.6655574043261231,0.0,1413360.0,1093485.0,0.0,0.0,0.0,2506845.0,0.0,2506845.0
2024-08-16,3025.0,3065.0,3025.0,3065.0,472.0,1.322314049586777,0.0,131150.0,1309850.0,0.0,0.0,0.0,1441000.0,0.0,1441000.0
2024-08-19,3065.0,3070.0,3065.0,3070.0,742.0,0.1631321370309951,0.0,2079510.0,196165.0,0.0,0.0,0.0,2275675.0,0.0,2275675.0
2024-08-20,3040.0,3070.0,3040.0,3070.0,2686.0,0.0,0.0,7225200.0,1000790.0,0.0,0.0,0.0,8225990.0,0.0,8225990.0
2024-08-21,3075.0,3080.0,3070.0,3080.0,9259.0,0.32573289902280134,0.0,27867840.0,647850.0,0.0,0.0,0.0,28515690.0,0.0,28515690.0
2024-08-22,3080.0,3080.0,3075.0,3080.0,1808.0,0.0,0.0,523600.0,5036975.0,0.0,0.0,0.0,5560575.0,0.0,5560575.0
2024-08-23,3030.0,3085.0,3030.0,3085.0,955.0,0.16233766233766234,0.0,2865550.0,76900.0,0.0,0.0,0.0,2942450.0,0.0,2942450.0
2024-08-26,3100.0,3100.0,3080.0,3090.0,1927.0,0.1620745542949757,0.0,5886455.0,58735.0,0.0,0.0,0.0,5945190.0,0.0,5945190.0
2024-08-27,3050.0,3090.0,3050.0,3090.0,7108.0,0.0,0.0,21400510.0,512000.0,0.0,0.0,0.0,21912510.0,0.0,21912510.0
2024-08-28,3090.0,3095.0,3090.0,3095.0,582.0,0.16181229773462785,0.0,1794100.0,6200.0,0.0,0.0,0.0,1800300.0,0.0,1800300.0
2024-08-29,3090.0,3095.0,3090.0,3095.0,976.0,0.0,0.0,0.0,3020705.0,0.0,0.0,0.0,3020705.0,0.0,3020705.0
2024-08-30,3090.0,3090.0,3050.0,3050.0,88.0,-1.4539579967689822,0.0,0.0,269200.0,0.0,0.0,0.0,269200.0,0.0,269200.0
2024-09-02,3070.0,3070.0,3030.0,3035.0,719.0,-0.49180327868852464,0.0,0.0,2181685.0,0.0,0.0,0.0,2181685.0,0.0,2181685.0
2024-09-03,3020.0,3035.0,3020.0,3030.0,903.0,-0.16474464579901155,0.0,0.0,2737060.0,0.0,0.0,0.0,2737060.0,0.0,2737060.0
2024-09-04,2990.0,3095.0,2990.0,3030.0,2464.0,0.0,0.0,3620850.0,3846405.0,0.0,0.0,0.0,7467255.0,0.0,7467255.0
2024-09-05,3000.0,3030.0,3000.0,3020.0,2925.0,-0.33003300330033003,0.0,1558200.0,7229030.0,0.0,0.0,0.0,8787230.0,0.0,8787230.0
2024-09-06,2960.0,3050.0,2960.0,3050.0,1989.0,0.9933774834437087,0.0,0.0,6052250.0,0.0,0.0,0.0,6052250.0,0.0,6052250.0
2024-09-09,3000.0,3020.0,3000.0,3020.0,1536.0,-0.9836065573770493,0.0,0.0,4628995.0,0.0,0.0,0.0,4628995.0,0.0,4628995.0
2024-09-10,3020.0,3020.0,3020.0,3020.0,9105.0,0.0,0.0,0.0,27497100.0,0.0,0.0,0.0,27497100.0,0.0,27497100.0
2024-09-11,3030.0,3030.0,3020.0,3020.0,8826.0,0.0,0.0,0.0,26654530.0,0.0,0.0,0.0,26654530.0,0.0,26654530.0
2024-09-12,3020.0,3030.0,3020.0,3020.0,3890.0,0.0,0.0,0.0,11749810.0,0.0,0.0,0.0,11749810.0,0.0,11749810.0
2024-09-13,3045.0,3045.0,3025.0,3025.0,409.0,0.16556291390728478,0.0,0.0,1237385.0,0.0,0.0,0.0,1237385.0,0.0,1237385.0
2024-09-19,3025.0,3065.0,3025.0,3050.0,1406.0,0.8264462809917356,0.0,2241120.0,2037705.0,0.0,0.0,0.0,4278825.0,0.0,4278825.0
2024-09-20,3060.0,3060.0,3040.0,3040.0,465.0,-0.32786885245901637,0.0,0.0,1414120.0,0.0,0.0,0.0,1414120.0,0.0,1414120.0
2024-09-23,3025.0,3060.0,3025.0,3060.0,1694.0,0.6578947368421052,0.0,5160540.0,9130.0,0.0,0.0,0.0,4288390.0,881280.0,5169670.0
2024-09-24,3040.0,3070.0,3040.0,3060.0,1461.0,0.0,0.0,2214350.0,2241220.0,0.0,0.0,3045000.0,1410570.0,0.0,4455570.0
2024-09-25,3020.0,3090.0,3020.0,3060.0,1785.0,0.0,0.0,4845300.0,658015.0,0.0,0.0,0.0,5503315.0,0.0,5503315.0
2024-09-26,3090.0,3090.0,3085.0,3090.0,850.0,0.9803921568627451,0.0,2595600.0,30890.0,0.0,0.0,0.0,2626490.0,0.0,2626490.0
2024-09-27,3020.0,3100.0,3020.0,3095.0,697.0,0.16181229773462785,0.0,1028970.0,1125860.0,0.0,0.0,0.0,2154830.0,0.0,2154830.0
2024-09-30,3095.0,3145.0,3095.0,3145.0,12894.0,1.615508885298869,0.0,40493600.0,43380.0,0.0,0.0,0.0,40536980.0,0.0,40536980.0
2024-10-02,3135.0,3160.0,3135.0,3160.0,8907.0,0.47694753577106513,0.0,26620050.0,1501675.0,0.0,0.0,0.0,28121725.0,0.0,28121725.0
2024-10-04,3180.0,3180.0,3095.0,3095.0,88.0,-2.0569620253164556,0.0,0.0,273890.0,0.0,0.0,0.0,273890.0,0.0,273890.0
2024-10-07,3125.0,3130.0,3100.0,3105.0,511.0,0.32310177705977383,0.0,0.0,1584880.0,0.0,0.0,0.0,1584880.0,0.0,1584880.0
2024-10-08,3050.0,3145.0,3050.0,3145.0,412.0,1.288244766505636,0.0,0.0,1283340.0,0.0,0.0,0.0,1283340.0,0.0,1283340.0
2024-10-10,3025.0,3150.0,3025.0,3120.0,412.0,-0.7949125596184419,0.0,0.0,1285440.0,0.0,0.0,0.0,1285440.0,0.0,1285440.0
2024-10-11,3190.0,3190.0,3055.0,3120.0,1260.0,0.0,0.0,0.0,3973955.0,0.0,0.0,0.0,3973955.0,0.0,3973955.0
2024-10-14,3165.0,3165.0,3120.0,3165.0,2529.0,1.4423076923076923,0.0,0.0,7962760.0,0.0,0.0,0.0,7962760.0,0.0,7962760.0
2024-10-15,3080.0,3155.0,3080.0,3150.0,2139.0,-0.47393364928909953,0.0,0.0,6737865.0,0.0,0.0,0.0,6737865.0,0.0,6737865.0
2024-10-16,3150.0,3190.0,3150.0,3160.0,1443.0,0.31746031746031744,0.0,0.0,4555720.0,0.0,0.0,0.0,4555720.0,0.0,4555720.0
2024-10-17,3090.0,3160.0,3090.0,3150.0,1121.0,-0.31645569620253167,0.0,0.0,3530980.0,0.0,0.0,0.0,3530980.0,0.0,3530980.0
2024-10-18,3190.0,3190.0,3145.0,3155.0,515.0,0.15873015873015872,0.0,0.0,1627610.0,0.0,0.0,0.0,1627610.0,0.0,1627610.0
2024-10-21,3070.0,3150.0,3070.0,3140.0,410.0,-0.4754358161648178,0.0,0.0,1286885.0,0.0,0.0,0.0,1286885.0,0.0,1286885.0
2024-10-22,3060.0,3130.0,3060.0,3130.0,2431.0,-0.3184713375796179,0.0,0.0,7608265.0,0.0,0.0,0.0,7608265.0,0.0,7608265.0
2024-10-23,3130.0,3140.0,3130.0,3140.0,455.0,0.3194888178913738,0.0,0.0,1425850.0,0.0,0.0,0.0,1425850.0,0.0,1425850.0
2024-10-24,3070.0,3145.0,3070.0,3140.0,796.0,0.0,0.0,0.0,2500205.0,0.0,0.0,0.0,2500205.0,0.0,2500205.0
2024-10-25,3085.0,3140.0,3085.0,3140.0,718.0,0.0,0.0,0.0,2250065.0,0.0,0.0,0.0,2250065.0,0.0,2250065.0
2024-10-28,3100.0,3150.0,3100.0,3150.0,4762.0,0.3184713375796179,0.0,8612100.0,6347470.0,0.0,0.0,0.0,14959570.0,0.0,14959570.0
2024-10-29,3160.0,3160.0,3130.0,3130.0,1402.0,-0.6349206349206349,0.0,0.0,4389380.0,0.0,0.0,0.0,4389380.0,0.0,4389380.0
2024-10-30,3115.0,3160.0,3115.0,3160.0,7486.0,0.9584664536741214,0.0,23571450.0,9435.0,0.0,0.0,0.0,23580885.0,0.0,23580885.0
2024-10-31,3145.0,3145.0,3100.0,3110.0,3513.0,-1.5822784810126582,0.0,4535300.0,6376040.0,0.0,0.0,0.0,10911340.0,0.0,10911340.0
2024-11-01,3120.0,3120.0,3065.0,3110.0,695.0,0.0,0.0,195300.0,1938400.0,0.0,0.0,0.0,2133700.0,0.0,2133700.0
2024-11-04,3120.0,3120.0,3010.0,3070.0,2284.0,-1.2861736334405145,0.0,579500.0,6337710.0,0.0,0.0,0.0,6917210.0,0.0,6917210.0
2024-11-05,3080.0,3110.0,3080.0,3110.0,6361.0,1.3029315960912053,0.0,13074700.0,6570150.0,0.0,0.0,0.0,19644850.0,0.0,19644850.0
2024-11-06,3060.0,3110.0,3060.0,3110.0,3726.0,0.0,0.0,3738600.0,7758980.0,0.0,0.0,0.0,11497580.0,0.0,11497580.0
2024-11-07,3070.0,3125.0,3070.0,3125.0,4721.0,0.482315112540193,0.0,0.0,14700100.0,0.0,0.0,0.0,14700100.0,0.0,14700100.0
2024-11-08,3075.0,3130.0,3075.0,3120.0,616.0,-0.16,0.0,624000.0,1291705.0,0.0,0.0,0.0,1915705.0,0.0,1915705.0
2024-11-11,3125.0,3125.0,3080.0,3115.0,801.0,-0.16025641025641024,0.0,1644720.0,842785.0,0.0,0.0,0.0,2487505.0,0.0,2487505.0
2024-11-12,3070.0,3110.0,3070.0,3100.0,2134.0,-0.4815409309791332,0.0,0.0,6614020.0,0.0,0.0,0.0,6614020.0,0.0,6614020.0
2024-11-13,3060.0,3085.0,3060.0,3070.0,573.0,-0.967741935483871,0.0,396030.0,1362745.0,0.0,0.0,0.0,1758775.0,0.0,1758775.0
2024-11-14,3070.0,3135.0,3070.0,3100.0,4288.0,0.9771986970684038,0.0,12861900.0,426925.0,0.0,0.0,0.0,13288825.0,0.0,13288825.0
2024-11-15,3130.0,3130.0,3060.0,3090.0,926.0,-0.3225806451612903,0.0,1696410.0,1154325.0,0.0,0.0,0.0,2850735.0,0.0,2850735.0
2024-11-18,3070.0,3100.0,3070.0,3100.0,10868.0,0.3236245954692557,0.0,27154520.0,6399090.0,0.0,0.0,0.0,33553610.0,0.0,33553610.0
2024-11-19,3060.0,3100.0,3060.0,3080.0,521.0,-0.6451612903225806,0.0,400400.0,1203390.0,0.0,0.0,0.0,1603790.0,0.0,1603790.0
2024-11-20,3060.0,3080.0,3055.0,3080.0,686.0,0.0,0.0,394240.0,1716630.0,0.0,0.0,0.0,2110870.0,0.0,2110870.0
2024-11-21,3070.0,3100.0,3070.0,3100.0,2268.0,0.6493506493506493,0.0,123200.0,6902455.0,0.0,0.0,0.0,7025655.0,0.0,7025655.0
2024-11-22,3080.0,3100.0,3075.0,3075.0,424.0,-0.8064516129032258,0.0,0.0,1311835.0,0.0,0.0,0.0,1311835.0,0.0,1311835.0
2024-11-25,3040.0,3100.0,3040.0,3100.0,882.0,0.8130081300813009,0.0,0.0,2724775.0,0.0,0.0,0.0,2724775.0,0.0,2724775.0
2024-11-26,3065.0,3120.0,3065.0,3120.0,646.0,0.6451612903225806,0.0,0.0,2007520.0,0.0,0.0,0.0,2007520.0,0.0,2007520.0
2024-11-27,3080.0,3100.0,3080.0,3100.0,1214.0,-0.641025641025641,0.0,2855100.0,904455.0,0.0,0.0,0.0,3759555.0,0.0,3759555.0
2024-11-28,3120.0,3120.0,3080.0,3080.0,416.0,-0.6451612903225806,0.0,813120.0,468595.0,0.0,0.0,0.0,1281715.0,0.0,1281715.0
2024-11-29,3100.0,3100.0,3085.0,3100.0,768.0,0.6493506493506493,0.0,0.0,2373190.0,0.0,0.0,0.0,2373190.0,0.0,2373190.0
2024-12-02,3120.0,3120.0,3050.0,3050.0,408.0,-1.6129032258064515,0.0,0.0,1244880.0,0.0,0.0,0.0,1244880.0,0.0,1244880.0
2024-12-03,3055.0,3120.0,3050.0,3100.0,1268.0,1.639344262295082,0.0,825440.0,3099150.0,0.0,0.0,0.0,3924590.0,0.0,3924590.0
2024-12-04,3060.0,3060.0,3060.0,3060.0,711.0,-1.2903225806451613,0.0,0.0,2175660.0,0.0,0.0,0.0,2175660.0,0.0,2175660.0
2024-12-05,3055.0,3080.0,3025.0,3065.0,874.0,0.16339869281045752,0.0,0.0,2661900.0,0.0,0.0,0.0,2661900.0,0.0,2661900.0
2024-12-06,3035.0,3075.0,3030.0,3035.0,1173.0,-0.9787928221859705,0.0,0.0,3558285.0,0.0,0.0,0.0,3558285.0,0.0,3558285.0
2024-12-09,2985.0,2990.0,2980.0,2990.0,1341.0,-1.4827018121911038,0.0,0.0,3997120.0,0.0,0.0,0.0,3997120.0,0.0,3997120.0
2024-12-10,2950.0,3045.0,2950.0,3045.0,974.0,1.839464882943144,0.0,0.0,2954670.0,0.0,0.0,0.0,2954670.0,0.0,2954670.0
2024-12-11,3045.0,3060.0,3045.0,3060.0,168.0,0.49261083743842365,0.0,0.0,511635.0,0.0,0.0,0.0,511635.0,0.0,511635.0
2024-12-12,3080.0,3080.0,3040.0,3040.0,161.0,-0.6535947712418301,0.0,0.0,489690.0,0.0,0.0,0.0,489690.0,0.0,489690.0
2024-12-13,3020.0,3050.0,3020.0,3050.0,234.0,0.3289473684210526,0.0,0.0,707290.0,0.0,0.0,0.0,707290.0,0.0,707290.0
2024-12-16,3070.0,3070.0,3050.0,3070.0,25.0,0.6557377049180327,0.0,0.0,76730.0,0.0,0.0,0.0,76730.0,0.0,76730.0
2024-12-17,3050.0,3070.0,3050.0,3070.0,74.0,0.0,0.0,0.0,225720.0,0.0,0.0,0.0,225720.0,0.0,225720.0
2024-12-18,3085.0,3090.0,3055.0,3085.0,65.0,0.4885993485342019,0.0,0.0,200460.0,0.0,0.0,0.0,200460.0,0.0,200460.0
2024-12-19,3045.0,3055.0,3045.0,3055.0,2.0,-0.9724473257698543,0.0,0.0,6100.0,0.0,0.0,0.0,6100.0,0.0,6100.0
2024-12-20,3060.0,3090.0,3060.0,3090.0,58.0,1.1456628477905073,0.0,0.0,175830.0,0.0,0.0,0.0,175830.0,0.0,175830.0
2024-12-23,3090.0,3200.0,3090.0,3090.0,518.0,0.0,0.0,0.0,1653135.0,0.0,0.0,0.0,1653135.0,0.0,1653135.0
2024-12-24,3040.0,3140.0,3040.0,3140.0,528.0,1.6181229773462782,0.0,0.0,1610120.0,0.0,0.0,0.0,1610120.0,0.0,1610120.0
2024-12-26,3070.0,3110.0,3070.0,3100.0,13184.0,-1.2738853503184715,0.0,39091000.0,1769040.0,0.0,0.0,0.0,40860040.0,0.0,40860040.0
2024-12-27,3085.0,3090.0,3085.0,3090.0,3.0,-0.3225806451612903,0.0,0.0,9265.0,0.0,0.0,0.0,9265.0,0.0,9265.0
2024-12-30,3085.0,3085.0,3085.0,3085.0,1.0,-0.16181229773462785,0.0,0.0,3085.0,0.0,0.0,0.0,3085.0,0.0,3085.0
2025-01-02,3050.0,3075.0,3050.0,3050.0,49.0,-1.1345218800648298,0.0,0.0,149500.0,0.0,0.0,0.0,149500.0,0.0,149500.0
2025-01-03,3050.0,3055.0,3045.0,3055.0,58.0,0.16393442622950818,0.0,0.0,177020.0,0.0,0.0,0.0,177020.0,0.0,177020.0
2025-01-06,3070.0,3070.0,3060.0,3060.0,6.0,0.16366612111292964,0.0,0.0,18400.0,0.0,0.0,0.0,18400.0,0.0,18400.0
2025-01-07,3060.0,3060.0,3050.0,3060.0,136.0,0.0,0.0,0.0,414970.0,0.0,0.0,0.0,414970.0,0.0,414970.0
2025-01-08,3065.0,3080.0,3035.0,3080.0,187.0,0.6535947712418301,0.0,0.0,573045.0,0.0,0.0,0.0,573045.0,0.0,573045.0
2025-01-09,3080.0,3080.0,3080.0,3080.0,3.0,0.0,0.0,0.0,9240.0,0.0,0.0,0.0,9240.0,0.0,9240.0
2025-01-10,3050.0,3075.0,3050.0,3075.0,3.0,-0.16233766233766234,0.0,0.0,9200.0,0.0,0.0,0.0,9200.0,0.0,9200.0
2025-01-13,3075.0,3075.0,3075.0,3075.0,8.0,0.0,0.0,0.0,24600.0,0.0,0.0,0.0,24600.0,0.0,24600.0
2025-01-14,3050.0,3070.0,3050.0,3070.0,18.0,-0.16260162601626016,0.0,0.0,54920.0,0.0,0.0,0.0,54920.0,0.0,54920.0
2025-01-15,3050.0,3070.0,3050.0,3050.0,208.0,-0.6514657980456027,0.0,0.0,636120.0,0.0,0.0,0.0,636120.0,0.0,636120.0
2025-01-16,3055.0,3070.0,3030.0,3070.0,96.0,0.6557377049180327,0.0,0.0,294215.0,0.0,0.0,0.0,294215.0,0.0,294215.0
2025-01-17,3065.0,3065.0,3015.0,3015.0,356.0,-1.7915309446254073,0.0,0.0,1078580.0,0.0,0.0,0.0,1078580.0,0.0,1078580.0
2025-01-20,3000.0,3050.0,3000.0,3050.0,3836.0,1.1608623548922055,0.0,0.0,11661210.0,0.0,0.0,0.0,11661210.0,0.0,11661210.0
2025-01-21,3050.0,3050.0,3010.0,3010.0,1327.0,-1.3114754098360655,0.0,0.0,3992710.0,0.0,0.0,0.0,3992710.0,0.0,3992710.0
2025-01-22,3030.0,3030.0,2985.0,3010.0,590.0,0.0,0.0,0.0,1761920.0,0.0,0.0,0.0,1761920.0,0.0,1761920.0
2025-01-23,2955.0,2960.0,2955.0,2960.0,390.0,-1.6611295681063125,0.0,0.0,1154395.0,0.0,0.0,0.0,1154395.0,0.0,1154395.0
2025-01-24,2915.0,2915.0,2915.0,2915.0,225.0,-1.5202702702702704,0.0,0.0,655875.0,0.0,0.0,0.0,655875.0,0.0,655875.0
2025-01-31,2915.0,2940.0,2915.0,2940.0,127.0,0.8576329331046313,0.0,0.0,370780.0,0.0,0.0,0.0,370780.0,0.0,370780.0
2025-02-03,2940.0,2945.0,2920.0,2945.0,130.0,0.17006802721088435,0.0,0.0,379910.0,0.0,0.0,0.0,379910.0,0.0,379910.0
2025-02-04,2970.0,2970.0,2970.0,2970.0,2.0,0.8488964346349746,0.0,0.0,5940.0,0.0,0.0,0.0,5940.0,0.0,5940.0
2025-02-05,2970.0,3000.0,2970.0,2995.0,245.0,0.8417508417508417,0.0,0.0,734200.0,0.0,0.0,0.0,734200.0,0.0,734200.0
2025-02-06,3080.0,3080.0,2930.0,2975.0,189.0,-0.667779632721202,0.0,0.0,560110.0,0.0,0.0,0.0,560110.0,0.0,560110.0
2025-02-07,2940.0,3095.0,2940.0,2985.0,449.0,0.33613445378151263,0.0,0.0,1352140.0,0.0,0.0,0.0,1352140.0,0.0,1352140.0
2025-02-10,2945.0,3015.0,2940.0,2970.0,268.0,-0.5025125628140703,0.0,0.0,799330.0,0.0,0.0,0.0,799330.0,0.0,799330.0
2025-02-11,2975.0,2975.0,2950.0,2970.0,609.0,0.0,0.0,0.0,1805675.0,0.0,0.0,0.0,1805675.0,0.0,1805675.0
2025-02-12,3000.0,3000.0,2970.0,2995.0,1843.0,0.8417508417508417,0.0,0.0,5509875.0,0.0,0.0,0.0,5509875.0,0.0,5509875.0
2025-02-13,2950.0,3030.0,2890.0,2950.0,530.0,-1.5025041736227045,0.0,0.0,1544280.0,0.0,0.0,0.0,1544280.0,0.0,1544280.0
2025-02-14,2970.0,2995.0,2950.0,2985.0,187.0,1.1864406779661016,0.0,0.0,552330.0,0.0,0.0,0.0,552330.0,0.0,552330.0
2025-02-17,2950.0,2980.0,2875.0,2980.0,772.0,-0.16750418760469013,0.0,49725.0,2199850.0,0.0,0.0,0.0,2249575.0,0.0,2249575.0
2025-02-18,3005.0,3015.0,2905.0,2950.0,604.0,-1.006711409395973,0.0,0.0,1751730.0,44250.0,0.0,0.0,1795980.0,0.0,1795980.0
2025-02-19,2990.0,2990.0,2950.0,2990.0,131.0,1.3559322033898304,0.0,0.0,391010.0,0.0,0.0,0.0,391010.0,0.0,391010.0
2025-02-20,2940.0,3040.0,2940.0,3040.0,215.0,1.6722408026755853,0.0,0.0,643600.0,0.0,0.0,0.0,643600.0,0.0,643600.0
2025-02-21,3145.0,3145.0,2970.0,3020.0,592.0,-0.6578947368421052,0.0,0.0,1738495.0,56430.0,0.0,0.0,1794925.0,0.0,1794925.0
2025-02-24,3065.0,3065.0,2965.0,3060.0,145.0,1.3245033112582782,0.0,0.0,440455.0,0.0,0.0,0.0,440455.0,0.0,440455.0
2025-02-25,2970.0,3040.0,2970.0,3040.0,475.0,-0.6535947712418301,0.0,0.0,1416530.0,0.0,0.0,0.0,1416530.0,0.0,1416530.0
2025-02-26,2995.0,3035.0,2995.0,3025.0,187.0,-0.4934210526315789,0.0,0.0,565330.0,0.0,0.0,0.0,565330.0,0.0,565330.0
2025-02-27,3030.0,3065.0,3030.0,3060.0,3372.0,1.1570247933884297,0.0,0.0,10217660.0,0.0,0.0,0.0,10217660.0,0.0,10217660.0
2025-02-28,3000.0,3040.0,3000.0,3040.0,239.0,-0.6535947712418301,0.0,0.0,726425.0,0.0,0.0,0.0,726425.0,0.0,726425.0
2025-03-04,3220.0,3220.0,3040.0,3050.0,910.0,0.3289473684210526,0.0,0.0,2794170.0,0.0,0.0,0.0,2794170.0,0.0,2794170.0
2025-03-05,3040.0,3055.0,3040.0,3050.0,6087.0,0.0,0.0,0.0,18529250.0,0.0,0.0,0.0,18529250.0,0.0,18529250.0
2025-03-06,2950.0,3060.0,2950.0,3050.0,11678.0,0.0,0.0,0.0,35610035.0,0.0,0.0,0.0,35610035.0,0.0,35610035.0
2025-03-07,2975.0,3055.0,2975.0,3050.0,660.0,0.0,0.0,0.0,2014100.0,0.0,0.0,0.0,2014100.0,0.0,2014100.0
2025-03-10,2950.0,3060.0,2950.0,3060.0,25.0,0.32786885245901637,0.0,0.0,75950.0,0.0,0.0,0.0,75950.0,0.0,75950.0
2025-03-11,2960.0,3140.0,2960.0,3125.0,29.0,2.1241830065359477,0.0,0.0,90600.0,0.0,0.0,0.0,90600.0,0.0,90600.0
2025-03-12,3010.0,3065.0,3010.0,3050.0,291.0,-2.4,0.0,0.0,886480.0,0.0,0.0,0.0,886480.0,0.0,886480.0
2025-03-13,3100.0,3100.0,3090.0,3090.0,31.0,1.3114754098360655,0.0,0.0,95870.0,0.0,0.0,0.0,95870.0,0.0,95870.0
2025-03-14,2995.0,3145.0,2995.0,3075.0,2712.0,-0.48543689320388345,0.0,0.0,8524595.0,0.0,0.0,0.0,8524595.0,0.0,8524595.0
2025-03-17,3000.0,3195.0,3000.0,3100.0,200.0,0.8130081300813009,0.0,0.0,615190.0,0.0,0.0,0.0,615190.0,0.0,615190.0
2025-03-18,3040.0,3200.0,3040.0,3165.0,764.0,2.0967741935483875,0.0,0.0,2350600.0,0.0,0.0,0.0,2290180.0,60420.0,2350600.0
2025-03-19,3140.0,3195.0,3080.0,3180.0,1489.0,0.47393364928909953,0.0,0.0,4737315.0,0.0,0.0,0.0,4737315.0,0.0,4737315.0
2025-03-20,3215.0,3215.0,3100.0,3170.0,413.0,-0.3144654088050315,0.0,0.0,1306075.0,0.0,0.0,0.0,1306075.0,0.0,1306075.0
2025-03-21,3090.0,3170.0,3090.0,3170.0,99.0,0.0,0.0,0.0,311975.0,0.0,0.0,0.0,311975.0,0.0,311975.0
2025-03-24,3110.0,3160.0,3110.0,3130.0,115.0,-1.2618296529968454,0.0,0.0,357980.0,0.0,0.0,0.0,357980.0,0.0,357980.0
2025-03-25,3175.0,3175.0,3140.0,3170.0,943.0,1.2779552715654952,0.0,0.0,2988335.0,0.0,0.0,0.0,2988335.0,0.0,2988335.0
2025-03-26,3220.0,3240.0,3205.0,3240.0,8799.0,2.2082018927444795,23427700.0,1610000.0,3265645.0,0.0,0.0,0.0,28251985.0,51360.0,28303345.0
2025-03-27,3100.0,3265.0,3100.0,3265.0,981.0,0.7716049382716049,0.0,22085.0,3157565.0,0.0,0.0,0.0,3179650.0,0.0,3179650.0
2025-03-28,3135.0,3300.0,3105.0,3260.0,730.0,-0.1531393568147014,0.0,464000.0,1866725.0,0.0,0.0,0.0,2330725.0,0.0,2330725.0
2025-03-31,3260.0,3280.0,3190.0,3260.0,5237.0,0.0,0.0,0.0,17109300.0,0.0,0.0,0.0,17109300.0,0.0,17109300.0
2025-04-01,3320.0,3320.0,3140.0,3320.0,306.0,1.8404907975460123,0.0,0.0,1013995.0,0.0,0.0,0.0,1013995.0,0.0,1013995.0
2025-04-02,3215.0,3320.0,3215.0,3320.0,425.0,0.0,0.0,405480.0,992805.0,0.0,0.0,0.0,1398285.0,0.0,1398285.0
2025-04-03,3320.0,3320.0,3175.0,3265.0,3200.0,-1.6566265060240966,0.0,9164800.0,1083395.0,0.0,0.0,0.0,10248195.0,0.0,10248195.0
2025-04-04,3265.0,3265.0,3265.0,3265.0,1.0,0.0,0.0,0.0,3265.0,0.0,0.0,0.0,3265.0,0.0,3265.0
2025-04-07,3335.0,3335.0,3100.0,3100.0,677.0,-5.053598774885145,0.0,0.0,2154900.0,0.0,0.0,0.0,2154900.0,0.0,2154900.0
2025-04-08,3230.0,3230.0,3110.0,3190.0,33.0,2.903225806451613,0.0,0.0,103175.0,0.0,0.0,0.0,103175.0,0.0,103175.0
2025-04-09,3110.0,3160.0,3110.0,3125.0,59.0,-2.037617554858934,0.0,0.0,183755.0,0.0,0.0,0.0,183755.0,0.0,183755.0
2025-04-10,3185.0,3185.0,3135.0,3180.0,47.0,1.76,0.0,0.0,148120.0,0.0,0.0,0.0,148120.0,0.0,148120.0
2025-04-11,3170.0,3170.0,3105.0,3170.0,1024.0,-0.3144654088050315,0.0,0.0,3213175.0,0.0,0.0,0.0,3213175.0,0.0,3213175.0
2025-04-14,3120.0,3290.0,3120.0,3280.0,1252.0,3.4700315457413247,0.0,0.0,3965780.0,0.0,0.0,0.0,3965780.0,0.0,3965780.0
2025-04-15,3280.0,3290.0,3280.0,3280.0,3268.0,0.0,0.0,0.0,10738330.0,0.0,0.0,0.0,10738330.0,0.0,10738330.0
2025-04-16,3150.0,3280.0,3150.0,3265.0,1847.0,-0.45731707317073167,0.0,0.0,6028000.0,0.0,0.0,0.0,6028000.0,0.0,6028000.0
2025-04-17,3260.0,3260.0,3250.0,3250.0,1661.0,-0.45941807044410415,0.0,0.0,5398430.0,0.0,0.0,0.0,5398430.0,0.0,5398430.0
2025-04-18,3325.0,3325.0,3165.0,3300.0,810.0,1.5384615384615385,0.0,0.0,2692030.0,0.0,0.0,0.0,2692030.0,0.0,2692030.0
2025-04-21,3200.0,3265.0,3200.0,3265.0,142.0,-1.0606060606060608,0.0,0.0,456705.0,0.0,0.0,0.0,456705.0,0.0,456705.0
2025-04-22,3230.0,3270.0,3205.0,3270.0,309.0,0.1531393568147014,0.0,0.0,1007040.0,0.0,0.0,0.0,1007040.0,0.0,1007040.0
2025-04-23,3210.0,3310.0,3210.0,3310.0,11816.0,1.2232415902140672,0.0,0.0,38974790.0,0.0,0.0,0.0,38974790.0,0.0,38974790.0
2025-04-24,3310.0,3310.0,3310.0,3310.0,50.0,0.0,0.0,0.0,165500.0,0.0,0.0,0.0,165500.0,0.0,165500.0
2025-04-25,3335.0,3345.0,3335.0,3335.0,3368.0,0.7552870090634441,0.0,0.0,11238100.0,0.0,0.0,0.0,11238100.0,0.0,11238100.0
2025-04-28,3355.0,3355.0,3335.0,3335.0,193.0,0.0,0.0,0.0,643695.0,0.0,0.0,0.0,643695.0,0.0,643695.0
2025-04-29,3335.0,3360.0,3335.0,3350.0,2632.0,0.4497751124437781,0.0,0.0,8817190.0,0.0,0.0,0.0,8817190.0,0.0,8817190.0
2025-04-30,3360.0,3360.0,3280.0,3340.0,407.0,-0.2985074626865672,0.0,0.0,1336400.0,0.0,0.0,0.0,1336400.0,0.0,1336400.0
2025-05-02,3340.0,3355.0,3340.0,3355.0,1776.0,0.4491017964071856,0.0,0.0,5933900.0,0.0,0.0,0.0,5933900.0,0.0,5933900.0
2025-05-07,3355.0,3395.0,3355.0,3395.0,1893.0,1.1922503725782414,0.0,0.0,6397960.0,0.0,0.0,0.0,6397960.0,0.0,6397960.0
2025-05-08,3400.0,3400.0,3400.0,3400.0,3500.0,0.14727540500736377,0.0,0.0,11900000.0,0.0,0.0,0.0,11900000.0,0.0,11900000.0
2025-05-09,3425.0,3435.0,3380.0,3435.0,2008.0,1.0294117647058822,0.0,0.0,6894950.0,0.0,0.0,0.0,6894950.0,0.0,6894950.0
2025-05-12,3450.0,3550.0,3450.0,3550.0,3922.0,3.3478893740902476,0.0,0.0,13788845.0,0.0,0.0,0.0,13788845.0,0.0,13788845.0
2025-05-13,3645.0,3675.0,3550.0,3655.0,8316.0,2.9577464788732395,0.0,0.0,30389100.0,0.0,0.0,0.0,30297600.0,91500.0,30389100.0
2025-05-14,3560.0,3680.0,3560.0,3680.0,1086.0,0.6839945280437756,0.0,0.0,3915295.0,0.0,0.0,0.0,3915295.0,0.0,3915295.0
2025-05-15,3680.0,3680.0,3600.0,3620.0,3202.0,-1.6304347826086956,0.0,0.0,11545890.0,0.0,0.0,0.0,11545890.0,0.0,11545890.0
2025-05-16,3620.0,3680.0,3475.0,3640.0,1230.0,0.5524861878453038,0.0,0.0,4463705.0,0.0,0.0,0.0,4391105.0,72600.0,4463705.0
2025-05-19,3685.0,3685.0,3600.0,3645.0,8029.0,0.13736263736263737,0.0,0.0,29277065.0,0.0,0.0,0.0,29277065.0,0.0,29277065.0
2025-05-20,3645.0,3735.0,3620.0,3735.0,14832.0,2.4691358024691357,0.0,0.0,55210730.0,0.0,0.0,0.0,55210730.0,0.0,55210730.0
2025-05-21,3780.0,3870.0,3780.0,3870.0,22244.0,3.614457831325301,0.0,0.0,85154210.0,0.0,0.0,0.0,85154210.0,0.0,85154210.0
2025-05-22,3900.0,3915.0,3900.0,3915.0,28171.0,1.1627906976744187,0.0,0.0,110176560.0,0.0,0.0,0.0,110176560.0,0.0,110176560.0
2025-05-23,3915.0,4005.0,3915.0,4005.0,16285.0,2.2988505747126435,0.0,0.0,64767415.0,0.0,0.0,0.0,64767415.0,0.0,64767415.0
2025-05-26,4040.0,4040.0,4015.0,4015.0,12025.0,0.24968789013732834,0.0,0.0,48366640.0,0.0,0.0,0.0,48366640.0,0.0,48366640.0
2025-05-27,4015.0,4015.0,3965.0,3965.0,1388.0,-1.2453300124533,0.0,0.0,5558170.0,0.0,0.0,0.0,5558170.0,0.0,5558170.0
2025-05-28,3960.0,4000.0,3915.0,4000.0,4537.0,0.8827238335435058,0.0,0.0,18004220.0,0.0,0.0,0.0,18004220.0,0.0,18004220.0
2025-05-29,4040.0,4040.0,3920.0,3960.0,6718.0,-1.0,0.0,0.0,26660455.0,0.0,0.0,0.0,26660455.0,0.0,26660455.0
2025-05-30,4050.0,4050.0,3950.0,4000.0,5940.0,1.0101010101010102,0.0,0.0,23664870.0,0.0,0.0,0.0,23664870.0,0.0,23664870.0
2025-06-02,4050.0,4050.0,3910.0,3910.0,6280.0,-2.25,0.0,0.0,25068735.0,0.0,0.0,0.0,25068735.0,0.0,25068735.0
2025-06-04,3910.0,4030.0,3910.0,4030.0,9432.0,3.0690537084398977,0.0,0.0,37826080.0,0.0,0.0,0.0,37826080.0,0.0,37826080.0
2025-06-05,3970.0,4040.0,3970.0,4040.0,4535.0,0.24813895781637718,0.0,0.0,18235490.0,0.0,0.0,0.0,18235490.0,0.0,18235490.0
2025-06-09,4040.0,4130.0,4040.0,4130.0,18327.0,2.2277227722772275,0.0,0.0,74963770.0,0.0,0.0,0.0,74963770.0,0.0,74963770.0
2025-06-10,4160.0,4160.0,4000.0,4000.0,4046.0,-3.14769975786925,0.0,0.0,16338860.0,0.0,0.0,0.0,16338860.0,0.0,16338860.0
2025-06-11,4080.0,4080.0,4020.0,4030.0,9090.0,0.75,0.0,0.0,36729610.0,0.0,0.0,0.0,36729610.0,0.0,36729610.0
2025-06-12,4035.0,4060.0,4035.0,4060.0,2637.0,0.7444168734491315,0.0,0.0,10691715.0,0.0,0.0,0.0,10691715.0,0.0,10691715.0
2025-06-13,4020.0,4025.0,3880.0,4000.0,1212.0,-1.477832512315271,0.0,0.0,4754430.0,38800.0,0.0,0.0,4793230.0,0.0,4793230.0
2025-06-16,4080.0,4100.0,4080.0,4100.0,11267.0,2.5,0.0,0.0,46061125.0,0.0,0.0,0.0,46061125.0,0.0,46061125.0
2025-06-17,4130.0,4130.0,4080.0,4100.0,6354.0,0.0,0.0,0.0,26070650.0,0.0,0.0,0.0,26070650.0,0.0,26070650.0
2025-06-18,4080.0,4125.0,4080.0,4125.0,1023.0,0.6097560975609756,0.0,0.0,4180500.0,0.0,0.0,0.0,4180500.0,0.0,4180500.0
2025-06-19,4125.0,4140.0,4125.0,4140.0,2957.0,0.36363636363636365,0.0,0.0,12197955.0,0.0,0.0,0.0,12197955.0,0.0,12197955.0
2025-06-20,4140.0,4180.0,4135.0,4140.0,5279.0,0.0,0.0,12500000.0,9468170.0,0.0,0.0,0.0,21968170.0,0.0,21968170.0
2025-06-23,4150.0,4160.0,4140.0,4155.0,6070.0,0.36231884057971014,0.0,0.0,25179070.0,0.0,0.0,0.0,25179070.0,0.0,25179070.0
2025-06-24,4180.0,4280.0,4180.0,4280.0,12696.0,3.0084235860409145,0.0,0.0,53660645.0,0.0,0.0,0.0,53660645.0,0.0,53660645.0
2025-06-25,4300.0,4350.0,4300.0,4350.0,11421.0,1.6355140186915886,0.0,0.0,49271420.0,0.0,0.0,0.0,49271420.0,0.0,49271420.0
2025-06-26,4350.0,4350.0,4180.0,4200.0,6408.0,-3.4482758620689653,0.0,0.0,27265815.0,0.0,0.0,0.0,27265815.0,0.0,27265815.0
2025-06-27,4265.0,4265.0,4210.0,4220.0,4546.0,0.4761904761904762,0.0,0.0,19282515.0,0.0,0.0,0.0,19282515.0,0.0,19282515.0
2025-06-30,4260.0,4260.0,4260.0,4260.0,2118.0,0.9478672985781991,0.0,0.0,9022680.0,0.0,0.0,0.0,9022680.0,0.0,9022680.0
2025-07-01,4260.0,4335.0,4200.0,4335.0,11635.0,1.7605633802816902,0.0,0.0,49792580.0,0.0,0.0,0.0,49792580.0,0.0,49792580.0
2025-07-02,4295.0,4345.0,4260.0,4345.0,4657.0,0.2306805074971165,0.0,0.0,20000215.0,0.0,0.0,0.0,20000215.0,0.0,20000215.0
2025-07-03,4370.0,4430.0,4365.0,4425.0,9990.0,1.8411967779056386,0.0,0.0,43686055.0,0.0,0.0,0.0,43686055.0,0.0,43686055.0
2025-07-04,4440.0,4440.0,4430.0,4435.0,4864.0,0.22598870056497175,0.0,0.0,21594595.0,0.0,0.0,0.0,21594595.0,0.0,21594595.0
2025-07-07,4435.0,4435.0,4380.0,4415.0,1549.0,-0.4509582863585118,0.0,0.0,6835860.0,0.0,0.0,0.0,6835860.0,0.0,6835860.0
2025-07-08,4370.0,4465.0,4370.0,4460.0,13660.0,1.0192525481313703,0.0,0.0,60643165.0,0.0,0.0,0.0,60643165.0,0.0,60643165.0
2025-07-09,4550.0,4575.0,4550.0,4570.0,6904.0,2.4663677130044843,0.0,0.0,31522015.0,0.0,0.0,0.0,31522015.0,0.0,31522015.0
2025-07-10,4600.0,4725.0,4600.0,4725.0,11918.0,3.391684901531729,0.0,0.0,55761790.0,0.0,0.0,0.0,55761790.0,0.0,55761790.0
2025-07-11,4800.0,4820.0,4775.0,4790.0,4332.0,1.3756613756613756,0.0,0.0,20795675.0,0.0,0.0,0.0,20795675.0,0.0,20795675.0
2025-07-14,4895.0,5100.0,4880.0,5100.0,11718.0,6.471816283924843,0.0,0.0,58033080.0,0.0,0.0,0.0,58033080.0,0.0,58033080.0
2025-07-15,5050.0,5070.0,5040.0,5060.0,1794.0,-0.7843137254901961,0.0,0.0,9081660.0,0.0,0.0,0.0,9081660.0,0.0,9081660.0
2025-07-16,5100.0,5100.0,5090.0,5090.0,1350.0,0.592885375494071,0.0,0.0,6881770.0,0.0,0.0,0.0,6861410.0,20360.0,6881770.0
2025-07-17,5080.0,5080.0,5070.0,5080.0,1383.0,-0.19646365422396855,0.0,0.0,7025080.0,0.0,0.0,0.0,7025080.0,0.0,7025080.0
2025-07-18,4950.0,5060.0,4800.0,5000.0,3077.0,-1.574803149606299,0.0,0.0,15000970.0,0.0,0.0,0.0,15000970.0,0.0,15000970.0
2025-07-21,5000.0,5000.0,4720.0,4725.0,10149.0,-5.5,0.0,0.0,48360115.0,0.0,0.0,0.0,48142765.0,217350.0,48360115.0
2025-07-22,4750.0,4750.0,4590.0,4590.0,6093.0,-2.857142857142857,0.0,0.0,28096350.0,0.0,0.0,0.0,28096350.0,0.0,28096350.0
2025-07-23,4500.0,4570.0,4420.0,4560.0,30243.0,-0.6535947712418301,0.0,15540305.0,119243370.0,0.0,0.0,0.0,134783675.0,0.0,134783675.0
2025-07-24,4645.0,4645.0,4170.0,4620.0,7581.0,1.3157894736842104,0.0,0.0,33252265.0,0.0,0.0,0.0,33252265.0,0.0,33252265.0
2025-07-25,4750.0,4750.0,4485.0,4580.0,3198.0,-0.8658008658008658,0.0,0.0,14522885.0,0.0,0.0,0.0,14522885.0,0.0,14522885.0
2025-07-28,4580.0,4695.0,4440.0,4555.0,922.0,-0.5458515283842794,0.0,0.0,4166305.0,0.0,0.0,0.0,4166305.0,0.0,4166305.0
2025-07-29,4595.0,4595.0,4445.0,4530.0,1044.0,-0.5488474204171241,0.0,0.0,4658685.0,0.0,0.0,0.0,4658685.0,0.0,4658685.0
2025-07-30,4495.0,4505.0,4490.0,4490.0,8151.0,-0.8830022075055187,0.0,0.0,36637595.0,0.0,0.0,0.0,36637595.0,0.0,36637595.0
2025-07-31,4580.0,4580.0,4440.0,4535.0,297.0,1.0022271714922049,0.0,0.0,1335635.0,0.0,0.0,0.0,1335635.0,0.0,1335635.0
2025-08-01,4545.0,4545.0,4445.0,4445.0,4326.0,-1.9845644983461963,0.0,0.0,19430385.0,0.0,0.0,0.0,19430385.0,0.0,19430385.0
2025-08-04,4445.0,4490.0,4445.0,4475.0,5748.0,0.6749156355455568,0.0,0.0,25735505.0,0.0,0.0,0.0,25735505.0,0.0,25735505.0
2025-08-05,4480.0,4495.0,4465.0,4495.0,2197.0,0.44692737430167595,0.0,0.0,9841315.0,0.0,0.0,0.0,9841315.0,0.0,9841315.0
2025-08-06,4930.0,4930.0,4695.0,4695.0,117.0,4.4493882091212456,0.0,0.0,555785.0,0.0,0.0,0.0,555785.0,0.0,555785.0
2025-08-07,4590.0,4590.0,4485.0,4495.0,1982.0,-4.259850905218317,0.0,0.0,8917780.0,0.0,0.0,0.0,8917780.0,0.0,8917780.0
2025-08-08,4500.0,4500.0,4470.0,4500.0,3510.0,0.11123470522803114,0.0,0.0,15697085.0,0.0,0.0,0.0,15697085.0,0.0,15697085.0
2025-08-11,4405.0,4405.0,4325.0,4325.0,1840.0,-3.888888888888889,0.0,0.0,8070925.0,0.0,0.0,0.0,8070925.0,0.0,8070925.0
2025-08-12,4485.0,4485.0,4310.0,4310.0,4899.0,-0.3468208092485549,0.0,0.0,21382540.0,0.0,0.0,0.0,21382540.0,0.0,21382540.0
2025-08-13,4300.0,4300.0,4215.0,4265.0,3297.0,-1.0440835266821344,0.0,0.0,14017955.0,0.0,0.0,0.0,14017955.0,0.0,14017955.0
2025-08-14,4260.0,4260.0,4220.0,4220.0,1909.0,-1.0550996483001172,0.0,0.0,8068375.0,0.0,0.0,0.0,8068375.0,0.0,8068375.0
2025-08-18,4200.0,4220.0,4175.0,4175.0,10590.0,-1.066350710900474,0.0,0.0,44469550.0,0.0,0.0,0.0,44469550.0,0.0,44469550.0
2025-08-19,4125.0,4220.0,4125.0,4220.0,10721.0,1.0778443113772456,0.0,0.0,45193775.0,0.0,0.0,0.0,45193775.0,0.0,45193775.0
2025-08-20,4200.0,4200.0,4175.0,4185.0,4598.0,-0.8293838862559242,0.0,0.0,19241505.0,0.0,0.0,0.0,19241505.0,0.0,19241505.0
2025-08-21,4310.0,4310.0,4205.0,4280.0,3748.0,2.2700119474313025,0.0,0.0,16019050.0,0.0,0.0,0.0,16019050.0,0.0,16019050.0
2025-08-22,4275.0,4325.0,4225.0,4325.0,6127.0,1.0514018691588785,0.0,0.0,25743435.0,406080.0,0.0,0.0,26149515.0,0.0,26149515.0
2025-08-25,4390.0,4390.0,4390.0,4390.0,1547.0,1.5028901734104045,0.0,0.0,6791330.0,0.0,0.0,0.0,6791330.0,0.0,6791330.0
2025-08-26,4525.0,4525.0,4295.0,4425.0,1786.0,0.7972665148063782,0.0,0.0,7989735.0,0.0,0.0,0.0,7971895.0,17840.0,7989735.0
2025-08-27,4275.0,4595.0,4275.0,4425.0,1419.0,0.0,0.0,0.0,6516530.0,0.0,0.0,0.0,6516530.0,0.0,6516530.0
2025-08-28,4555.0,4555.0,4310.0,4480.0,1565.0,1.2429378531073447,0.0,0.0,6821795.0,0.0,0.0,0.0,6620775.0,201020.0,6821795.0
2025-08-29,4300.0,4430.0,4300.0,4425.0,10556.0,-1.2276785714285714,0.0,0.0,46434430.0,0.0,0.0,0.0,46261855.0,172575.0,46434430.0
2025-09-01,4405.0,4575.0,4330.0,4425.0,13159.0,0.0,0.0,0.0,57760290.0,0.0,0.0,0.0,57755915.0,4375.0,57760290.0
2025-09-02,4420.0,4535.0,4420.0,4535.0,1139.0,2.4858757062146895,0.0,0.0,5035530.0,0.0,0.0,0.0,5030995.0,4535.0,5035530.0
2025-09-03,4535.0,4535.0,4350.0,4490.0,488.0,-0.9922822491730982,0.0,0.0,2180970.0,0.0,0.0,4500.0,2162895.0,13575.0,2180970.0
2025-09-04,4490.0,4490.0,4405.0,4405.0,747.0,-1.893095768374165,0.0,0.0,3292330.0,0.0,0.0,0.0,3292330.0,0.0,3292330.0
2025-09-05,4405.0,4405.0,4370.0,4405.0,988.0,0.0,0.0,0.0,4351580.0,0.0,0.0,0.0,4351580.0,0.0,4351580.0
2025-09-08,4475.0,4495.0,4445.0,4495.0,1495.0,2.0431328036322363,0.0,0.0,6693700.0,0.0,0.0,0.0,6693700.0,0.0,6693700.0
2025-09-09,4585.0,4585.0,4560.0,4570.0,3654.0,1.668520578420467,0.0,0.0,16681280.0,0.0,0.0,0.0,16681280.0,0.0,16681280.0
2025-09-10,4695.0,4695.0,4570.0,4580.0,1571.0,0.2188183807439825,0.0,0.0,7189100.0,0.0,0.0,0.0,7189100.0,0.0,7189100.0
2025-09-11,4635.0,4635.0,4605.0,4620.0,2573.0,0.8733624454148471,0.0,0.0,11864930.0,0.0,0.0,0.0,11864930.0,0.0,11864930.0
2025-09-12,4525.0,4640.0,4525.0,4640.0,4877.0,0.4329004329004329,0.0,0.0,22484575.0,0.0,0.0,0.0,22484575.0,0.0,22484575.0
2025-09-15,4800.0,4810.0,4800.0,4810.0,4173.0,3.6637931034482754,0.0,0.0,20030805.0,0.0,0.0,0.0,20030805.0,0.0,20030805.0
2025-09-16,5040.0,5040.0,4810.0,4985.0,3266.0,3.6382536382536386,0.0,0.0,16218890.0,0.0,0.0,0.0,16218890.0,0.0,16218890.0
2025-09-17,4980.0,4980.0,4950.0,4950.0,5774.0,-0.7021063189568706,0.0,0.0,28626860.0,0.0,0.0,0.0,28626860.0,0.0,28626860.0
2025-09-18,4950.0,4975.0,4950.0,4960.0,5110.0,0.20202020202020202,0.0,0.0,25394000.0,0.0,0.0,3258625.0,22135375.0,0.0,25394000.0
2025-09-19,5050.0,5050.0,4900.0,4995.0,1382.0,0.7056451612903225,0.0,0.0,6790140.0,0.0,0.0,3920000.0,2870140.0,0.0,6790140.0
2025-09-22,4995.0,4995.0,4990.0,4990.0,586.0,-0.10010010010010009,0.0,0.0,2924345.0,0.0,0.0,0.0,2924345.0,0.0,2924345.0
2025-09-23,4975.0,4975.0,4710.0,4850.0,1218.0,-2.80561122244489,0.0,0.0,5894195.0,0.0,0.0,0.0,5894195.0,0.0,5894195.0
2025-09-24,4855.0,4855.0,4800.0,4800.0,16.0,-1.0309278350515463,0.0,0.0,77575.0,0.0,0.0,0.0,77575.0,0.0,77575.0
2025-09-25,4790.0,4800.0,4780.0,4800.0,6174.0,0.0,0.0,0.0,29633185.0,0.0,0.0,0.0,29633185.0,0.0,29633185.0
2025-09-26,4790.0,4790.0,4720.0,4720.0,223.0,-1.6666666666666667,0.0,0.0,1052910.0,0.0,0.0,0.0,1052910.0,0.0,1052910.0
2025-09-29,4720.0,5140.0,4720.0,4945.0,534.0,4.766949152542373,0.0,0.0,2639725.0,0.0,0.0,0.0,2639725.0,0.0,2639725.0
2025-09-30,4940.0,4940.0,4860.0,4860.0,297.0,-1.7189079878665317,0.0,0.0,1457445.0,0.0,0.0,0.0,1457445.0,0.0,1457445.0
2025-10-01,4655.0,4790.0,4655.0,4700.0,1152.0,-3.292181069958848,0.0,0.0,5424220.0,0.0,0.0,0.0,5424220.0,0.0,5424220.0
2025-10-02,4695.0,4695.0,4605.0,4695.0,87.0,-0.10638297872340426,0.0,0.0,408370.0,0.0,0.0,0.0,408370.0,0.0,408370.0
2025-10-10,4695.0,4695.0,4415.0,4530.0,5395.0,-3.5143769968051117,0.0,0.0,24331140.0,0.0,0.0,0.0,24331140.0,0.0,24331140.0
2025-10-13,4530.0,4530.0,4400.0,4500.0,770.0,-0.6622516556291391,0.0,0.0,3472080.0,0.0,0.0,0.0,3472080.0,0.0,3472080.0
2025-10-14,4500.0,4500.0,4400.0,4460.0,462.0,-0.8888888888888888,0.0,0.0,2069020.0,0.0,0.0,0.0,2069020.0,0.0,2069020.0
2025-10-15,4630.0,4630.0,4460.0,4630.0,538.0,3.811659192825112,0.0,0.0,2432735.0,0.0,0.0,1794000.0,638735.0,0.0,2432735.0
2025-10-16,4650.0,4775.0,4640.0,4640.0,3485.0,0.21598272138228944,0.0,0.0,16201580.0,0.0,0.0,0.0,16201580.0,0.0,16201580.0
2025-10-17,5000.0,5000.0,4450.0,4465.0,166.0,-3.771551724137931,0.0,0.0,771025.0,0.0,0.0,0.0,771025.0,0.0,771025.0
2025-10-20,4385.0,4695.0,4385.0,4695.0,35.0,5.1511758118701,0.0,0.0,156880.0,0.0,0.0,0.0,156880.0,0.0,156880.0
2025-10-21,4695.0,4695.0,4595.0,4595.0,982.0,-2.1299254526091587,0.0,0.0,4512640.0,0.0,0.0,0.0,4512640.0,0.0,4512640.0
2025-10-22,4590.0,4590.0,4590.0,4590.0,5.0,-0.1088139281828074,0.0,0.0,22950.0,0.0,0.0,0.0,22950.0,0.0,22950.0
2025-10-23,4585.0,4585.0,4500.0,4500.0,1142.0,-1.9607843137254901,0.0,0.0,5139425.0,0.0,0.0,3465000.0,1674425.0,0.0,5139425.0
2025-10-24,4380.0,4475.0,4380.0,4400.0,5439.0,-2.2222222222222223,0.0,0.0,23996055.0,0.0,0.0,878000.0,23118055.0,0.0,23996055.0
2025-10-27,4485.0,4485.0,4315.0,4315.0,4191.0,-1.9318181818181817,0.0,0.0,18362620.0,0.0,0.0,6600000.0,11762620.0,0.0,18362620.0
2025-10-28,4500.0,4500.0,4175.0,4200.0,1071.0,-2.6651216685979144,0.0,0.0,4495375.0,0.0,0.0,12960.0,4482415.0,0.0,4495375.0
2025-10-29,4195.0,4300.0,4180.0,4290.0,8429.0,2.142857142857143,0.0,0.0,35174995.0,209000.0,0.0,530860.0,34853135.0,0.0,35383995.0
2025-10-30,4290.0,4290.0,4205.0,4275.0,1289.0,-0.34965034965034963,0.0,0.0,5500175.0,0.0,0.0,0.0,5289925.0,210250.0,5500175.0
2025-10-31,4375.0,4375.0,4355.0,4355.0,64.0,1.8713450292397662,0.0,0.0,279820.0,0.0,0.0,0.0,279820.0,0.0,279820.0
2025-11-03,4470.0,4470.0,4300.0,4440.0,145.0,1.951779563719862,0.0,0.0,645915.0,0.0,0.0,0.0,645915.0,0.0,645915.0
2025-11-04,4440.0,4440.0,4300.0,4395.0,210.0,-1.0135135135135136,0.0,0.0,921760.0,0.0,0.0,0.0,921760.0,0.0,921760.0
2025-11-05,4025.0,4310.0,4025.0,4305.0,497.0,-2.04778156996587,0.0,0.0,2052020.0,0.0,0.0,0.0,2052020.0,0.0,2052020.0
2025-11-06,4305.0,4475.0,4305.0,4370.0,6644.0,1.5098722415795587,0.0,0.0,28732370.0,0.0,0.0,0.0,28732370.0,0.0,28732370.0
2025-11-07,4365.0,4365.0,4250.0,4310.0,1314.0,-1.3729977116704806,0.0,0.0,5709240.0,0.0,0.0,0.0,5709240.0,0.0,5709240.0
2025-11-10,4010.0,4495.0,4010.0,4485.0,1202.0,4.060324825986079,0.0,0.0,5336425.0,0.0,0.0,0.0,5336425.0,0.0,5336425.0
2025-11-11,4485.0,4485.0,4480.0,4480.0,531.0,-0.11148272017837235,0.0,0.0,2378980.0,0.0,0.0,0.0,2378980.0,0.0,2378980.0
2025-11-12,4700.0,4700.0,4575.0,4575.0,28.0,2.1205357142857144,0.0,0.0,128710.0,0.0,0.0,0.0,128710.0,0.0,128710.0
2025-11-13,4690.0,4690.0,4635.0,4635.0,19.0,1.3114754098360655,0.0,0.0,88905.0,0.0,0.0,0.0,88905.0,0.0,88905.0
2025-11-14,4330.0,4600.0,4330.0,4545.0,372.0,-1.9417475728155338,0.0,0.0,1689340.0,0.0,0.0,0.0,1689340.0,0.0,1689340.0
2025-11-17,4545.0,4545.0,4530.0,4530.0,1850.0,-0.33003300330033003,0.0,0.0,8389510.0,0.0,0.0,0.0,8389510.0,0.0,8389510.0
2025-11-18,4520.0,4520.0,4510.0,4510.0,28.0,-0.44150110375275936,0.0,0.0,126410.0,0.0,0.0,0.0,126410.0,0.0,126410.0
2025-11-19,4485.0,4485.0,4485.0,4485.0,5.0,-0.5543237250554324,0.0,0.0,22425.0,0.0,0.0,0.0,22425.0,0.0,22425.0
2025-11-20,4470.0,4485.0,4460.0,4485.0,6384.0,0.0,0.0,0.0,28586425.0,0.0,0.0,0.0,28586425.0,0.0,28586425.0
2025-11-21,4490.0,4490.0,4480.0,4480.0,1266.0,-0.11148272017837235,0.0,0.0,5684215.0,0.0,0.0,0.0,5684215.0,0.0,5684215.0
2025-11-24,4480.0,4480.0,4475.0,4480.0,1900.0,0.0,0.0,0.0,8506250.0,0.0,0.0,0.0,8506250.0,0.0,8506250.0
2025-11-25,4360.0,4700.0,4360.0,4480.0,193.0,0.0,0.0,0.0,846190.0,0.0,0.0,0.0,846190.0,0.0,846190.0
2025-11-26,4345.0,4485.0,4345.0,4415.0,139.0,-1.4508928571428572,0.0,0.0,614655.0,0.0,0.0,0.0,614655.0,0.0,614655.0
2025-11-27,4480.0,4485.0,4480.0,4485.0,55.0,1.5855039637599093,0.0,0.0,246425.0,0.0,0.0,0.0,246425.0,0.0,246425.0
2025-11-28,4795.0,4795.0,4600.0,4600.0,443.0,2.564102564102564,0.0,0.0,2064855.0,0.0,0.0,0.0,2064855.0,0.0,2064855.0
2025-12-01,4455.0,4540.0,4455.0,4470.0,406.0,-2.8260869565217392,0.0,0.0,1811790.0,0.0,0.0,0.0,1811790.0,0.0,1811790.0
2025-12-02,4400.0,4545.0,4400.0,4535.0,6453.0,1.45413870246085,0.0,0.0,29131360.0,0.0,0.0,0.0,29131360.0,0.0,29131360.0
2025-12-03,4540.0,4695.0,4540.0,4685.0,1007.0,3.307607497243661,0.0,440380.0,4132050.0,0.0,0.0,0.0,4572430.0,0.0,4572430.0
2025-12-04,4505.0,4670.0,4505.0,4670.0,2193.0,-0.32017075773745995,0.0,0.0,10218145.0,0.0,0.0,0.0,10218145.0,0.0,10218145.0
2025-12-05,4780.0,4780.0,4745.0,4750.0,44.0,1.7130620985010707,0.0,0.0,209445.0,0.0,0.0,0.0,209445.0,0.0,209445.0
2025-12-08,4750.0,4750.0,4610.0,4610.0,2664.0,-2.9473684210526314,0.0,0.0,12346900.0,0.0,0.0,0.0,12346900.0,0.0,12346900.0
2025-12-09,4610.0,4690.0,4610.0,4640.0,2865.0,0.6507592190889371,0.0,0.0,13223895.0,0.0,0.0,0.0,13223895.0,0.0,13223895.0
2025-12-10,4795.0,4795.0,4630.0,4700.0,991.0,1.293103448275862,0.0,0.0,4669015.0,0.0,0.0,0.0,4669015.0,0.0,4669015.0
2025-12-11,4795.0,4795.0,4785.0,4785.0,166.0,1.8085106382978722,0.0,0.0,794320.0,0.0,0.0,0.0,794320.0,0.0,794320.0
2025-12-12,4800.0,4800.0,4785.0,4785.0,540.0,0.0,0.0,0.0,2584310.0,0.0,0.0,0.0,2584310.0,0.0,2584310.0
2025-12-15,4795.0,4795.0,4650.0,4650.0,1119.0,-2.8213166144200628,0.0,0.0,5204240.0,0.0,0.0,0.0,5204240.0,0.0,5204240.0
2025-12-16,4645.0,4650.0,4605.0,4650.0,1932.0,0.0,0.0,603850.0,8370535.0,0.0,0.0,0.0,8974385.0,0.0,8974385.0
2025-12-17,4735.0,4735.0,4665.0,4665.0,123.0,0.3225806451612903,0.0,0.0,575375.0,0.0,0.0,0.0,575375.0,0.0,575375.0
2025-12-18,4685.0,4685.0,4600.0,4600.0,1296.0,-1.3933547695605575,0.0,0.0,5964745.0,0.0,0.0,0.0,5964745.0,0.0,5964745.0
2025-12-19,4600.0,4600.0,4590.0,4590.0,441.0,-0.21739130434782608,0.0,0.0,2024775.0,0.0,0.0,0.0,2024775.0,0.0,2024775.0
2025-12-22,4315.0,4590.0,4315.0,4460.0,2976.0,-2.832244008714597,0.0,0.0,13044145.0,43150.0,0.0,0.0,13087295.0,0.0,13087295.0
2025-12-23,4520.0,4520.0,4410.0,4410.0,222.0,-1.1210762331838564,0.0,0.0,987705.0,0.0,0.0,0.0,987705.0,0.0,987705.0
2025-12-24,4635.0,4635.0,4405.0,4425.0,4467.0,0.3401360544217687,0.0,0.0,19873290.0,0.0,0.0,0.0,19873290.0,0.0,19873290.0
2025-12-26,4410.0,4430.0,4390.0,4430.0,15064.0,0.11299435028248588,0.0,6144410.0,60235445.0,0.0,0.0,0.0,66379855.0,0.0,66379855.0
2025-12-29,4325.0,4430.0,4325.0,4430.0,2370.0,0.0,0.0,8088200.0,2385460.0,0.0,0.0,0.0,10473660.0,0.0,10473660.0
2025-12-30,4430.0,4495.0,4425.0,4495.0,166.0,1.4672686230248306,0.0,0.0,738510.0,0.0,0.0,0.0,738510.0,0.0,738510.0
