날짜,시가,고가,저가,종가,거래량,등락률,매수_기관합계,매수_기타법인,매수_개인,매수_외국인합계,매도_기관합계,매도_기타법인,매도_개인,매도_외국인합계,전체
2013-10-24,,,,,,,552576400,18650000,6551589800,2086843100,1800026400,1121500,5227819300,2180692100,9209659300
2013-10-25,,,,,,,822037450,0,6105208350,1492038500,513043100,0,6238368200,1667873000,8419284300
2013-10-28,,,,,,,667177000,0,5911333900,1547686000,650886000,208402500,5237539400,2029369000,8126196900
2013-10-29,,,,,,,565487750,0,2963005200,2093644750,455446500,0,3916769450,1249921750,5622137700
2013-10-30,,,,,,,784984500,36900000,6031043800,1089884000,593878500,92311000,5651325300,1605297500,7942812300
2013-10-31,,,,,,,2038806500,1096500,10162009150,3668203800,3196709800,1847500,8249165850,4422392800,15870115950
2013-11-01,,,,,,,994736300,0,8119854800,1270582500,359660500,7010000,8399585600,1618917500,10385173600
2013-11-04,,,,,,,1727693000,30090000,5945393250,1024586500,536820300,0,4931071500,3259870950,8727762750
2013-11-05,,,,,,,509986000,7000000,5901106850,1567471000,446066200,0,4751977650,2787520000,7985563850
2013-11-06,,,,,,,886583750,343000,6602177500,2064885500,625632100,0,7182231150,1746126500,9553989750
2013-11-07,,,,,,,973211000,0,4527207100,883508000,1159481000,10430000,4326711100,887304000,6383926100
2013-11-08,,,,,,,1302945500,0,4579438450,2377427500,998139200,17204000,5592993750,1651474500,8259811450
2013-11-11,,,,,,,1638849250,26949500,3655454900,893895000,461015000,170827500,3680848150,1902458000,6215148650
2013-11-12,,,,,,,1338666700,0,3255480950,920099000,355304200,99452000,3960156950,1099333500,5514246650
2013-11-13,,,,,,,992074600,0,4890058500,1427855000,895133400,38314500,4755587700,1620952500,7309988100
2013-11-14,,,,,,,2863683500,0,5192755400,970698500,1109046750,0,5915487650,2002603000,9027137400
2013-11-15,,,,,,,4050725500,138999500,28812057750,3828088000,3172332500,58380500,17391597750,16207560000,36829870750
2013-11-18,,,,,,,1482362200,10861500,11879033200,5260531100,827548200,0,8153021300,9652218500,18632788000
2013-11-19,,,,,,,1972472250,72142000,20659937700,3022173500,4444246500,98639500,14477831950,6706007500,25726725450
2013-11-20,,,,,,,4760070500,29950000,42289767800,9063839500,8920904000,160743000,30158497300,16903483500,56143627800
2013-11-21,,,,,,,1620621500,137494000,27011293200,7414661000,6924310000,482999000,24416920700,4359840000,36184069700
2013-11-22,,,,,,,1032272450,21743000,17605830800,3993032200,3087261550,189862000,15160039400,4215715500,22652878450
2013-11-25,,,,,,,4795267000,87752000,17176470000,1570418000,2386397100,35350000,17368435400,3839724500,23629907000
2013-11-26,,,,,,,1838406900,40880000,8147218350,3862361000,1976435200,304174000,8205662550,3402594500,13888866250
2013-11-27,,,,,,,705879500,14850000,7683332850,1017052750,1593719750,0,5019136350,2808259000,9421115100
2013-11-28,,,,,,,1474786500,0,7905649250,804431000,1277536500,29600000,7111196250,1766534000,10184866750
2013-11-29,,,,,,,2788846500,603000,8673979200,1078187000,1092588000,0,9520597700,1928430000,12541615700
2013-12-02,,,,,,,1852429000,3000000,6086669150,733010750,677118500,0,5029804900,2968185500,8675108900
2013-12-03,,,,,,,705417350,1470000,9287141750,1025462000,2316433950,293500,5829701000,2873062650,11019491100
2013-12-04,26862.0,26955.0,26446.0,26678.0,276788.0,,725716150,2875000,6227911350,1023197600,1091972050,0,4797590050,2090138000,7979700100
2013-12-05,26585.0,27232.0,26585.0,26816.0,210969.0,0.5172801559337281,378936500,0,4581268300,1169462000,1551585500,14625000,3543588300,1019868000,6129666800
2013-12-06,26631.0,26955.0,26446.0,26493.0,196907.0,-1.2045047732696899,446497000,0,4730736450,496154000,1222935800,0,2853379200,1597072450,5673387450
2013-12-09,26955.0,27833.0,26538.0,27417.0,377749.0,3.4877137357037706,3757470450,14705000,5495264850,1865033500,1023675450,0,6920331000,3188467350,11132473800
2013-12-10,27509.0,27509.0,26631.0,26770.0,310012.0,-2.3598497282707807,856307450,14475000,7719305750,416815000,1501384000,25993500,3505574650,3973951050,9006903200
2013-12-11,26538.0,27001.0,26261.0,26354.0,461997.0,-1.5539783339559208,4360092000,0,7632834700,1226307500,937133000,79980000,5465236200,6736885000,13219234200
2013-12-12,26122.0,26446.0,25706.0,25707.0,768054.0,-2.4550352887607194,9768014100,13260500,8027610500,3667226800,2863033000,0,4276604100,14336474800,21476111900
2013-12-13,25568.0,25614.0,24412.0,24967.0,609115.0,-2.8785933792352276,967772500,22726000,12404745100,2978591000,1915888000,531000,12173304100,2284111500,16373834600
2013-12-16,24874.0,25105.0,24458.0,24643.0,390071.0,-1.2977129811350983,442475600,4561500,6609520750,3382586550,110883200,8010000,4512221700,5808029500,10439144400
2013-12-17,24828.0,25429.0,24735.0,25013.0,331104.0,1.5014405713590067,621859950,2690000,5431628350,2910824000,1742943000,0,4750220800,2473838500,8967002300
2013-12-18,25013.0,25429.0,24504.0,25291.0,268986.0,1.1114220605285252,2016667200,8024500,4203708400,1055597500,263169550,15972000,5104931550,1899924500,7283997600
2013-12-19,25706.0,25752.0,24597.0,24597.0,307772.0,-2.74405915147681,203577400,15148000,7335711800,771458500,1406763100,23890000,4436702100,2458540500,8325895700
2013-12-20,24643.0,25521.0,24597.0,25476.0,317033.0,3.573606537382608,1072933200,35390500,3818323150,3740672000,866599000,0,5907382850,1893337000,8667318850
2013-12-23,25475.0,26446.0,25429.0,25938.0,456328.0,1.8134715025906734,2923326550,0,7661126650,2277661500,1010727800,0,6339513050,5511873850,12862114700
2013-12-24,26076.0,26076.0,25660.0,25661.0,253912.0,-1.0679312206029763,1217123750,1677000,4957991800,900526000,983612750,36140000,3128729300,2928836500,7077318550
2013-12-26,25752.0,26076.0,25614.0,25614.0,307131.0,-0.1831573204473715,2952636300,0,4602260900,1016201000,95695000,538468000,4879873000,3057062200,8571098200
2013-12-27,25706.0,27741.0,25660.0,27741.0,1089672.0,8.304052471304756,15144509000,195397000,14705330000,1843624500,1008070500,1758000,16935593500,13943438500,31888860500
2013-12-30,27833.0,28804.0,27602.0,28203.0,1122145.0,1.6654049962149888,9227216000,26065500,19532979800,5638619000,1539310500,36179000,17766063800,15083327000,34424880300
2014-01-02,28527.0,29128.0,27833.0,28111.0,757228.0,-0.32620643193986454,5193330800,149095500,14447003750,3462818000,3432696200,116113000,10937623350,8765815500,23252248050
2014-01-03,28110.0,28110.0,27047.0,27417.0,508786.0,-2.4687844615986623,2194085600,275192000,11514896050,1146333500,1643092150,0,8787559000,4699856000,15130507150
2014-01-06,27324.0,27417.0,26631.0,26909.0,610361.0,-1.8528650107597477,6249938900,183790000,10097209700,1241029500,1070528200,2895000,9884827900,6813717000,17771968100
2014-01-07,27001.0,28018.0,27001.0,27741.0,606992.0,3.091902337507897,5232119800,0,9211485400,3671266000,948721000,60155000,8501965700,8604029500,18114871200
2014-01-08,28203.0,29035.0,28064.0,28851.0,921633.0,4.0012977181788685,12190832000,350863000,13871025800,2160212000,4725999500,188327500,20087236800,3571369000,28572932800
2014-01-09,29035.0,30931.0,28388.0,30608.0,1389162.0,6.0899102284149595,20282240900,573812000,21250136300,2938506000,5233082600,271871000,34922053000,4617688600,45044695200
2014-01-10,30607.0,31856.0,30468.0,30978.0,1192486.0,1.2088342916884476,13406079000,82370000,20823092700,5949143000,7840411500,106155000,25426170300,6887947900,40260684700
2014-01-13,31162.0,33381.0,30700.0,33012.0,1131279.0,6.5659500290528765,14788591900,1534269000,21368797850,1721446500,3938814000,208262000,27769525250,7496504000,39413105250
2014-01-14,32734.0,33844.0,32364.0,32827.0,930421.0,-0.5604022779595299,7737041500,44492500,19900818600,5580814500,3339763000,87277000,23657674600,6178452500,33263167100
2014-01-15,33196.0,34029.0,33058.0,33428.0,722357.0,1.830810003960155,6882840200,219310500,11572871350,7527013000,6372637050,21700000,15847365500,3960332500,26202035050
2014-01-16,33381.0,33751.0,33058.0,33289.0,564424.0,-0.4158190738303219,2157416750,137250500,9387261450,8700264500,5097618500,69808000,13510101700,1704665000,20382193200
2014-01-17,33011.0,33936.0,31902.0,32133.0,885096.0,-3.472618582715011,4094489500,5894500,18576408300,8293788750,7679183500,88381500,21314626550,1888389500,30970581050
2014-01-20,32087.0,32919.0,31532.0,32827.0,598874.0,2.1597734416332117,1945383000,242574500,12343128000,6465638500,2272965500,474265000,16977235500,1272258000,20996724000
2014-01-21,33104.0,34445.0,32826.0,34306.0,962631.0,4.505437597099949,7134812000,472277000,24466784600,3358679100,5488058700,953232000,24492626000,4498636000,35432552700
2014-01-22,34306.0,34306.0,32688.0,33890.0,669787.0,-1.212615868944208,4402986650,15751500,17978716950,1827421000,2800889150,52527000,16185859950,5185600000,24224876100
2014-01-23,33520.0,34537.0,33335.0,33567.0,512637.0,-0.9530835054588374,2919285500,309921500,13562225200,2042816000,3588288000,95515000,12963909200,2186536000,18834248200
2014-01-24,32595.0,32688.0,30607.0,30793.0,2603522.0,-8.264068877171031,11073064300,129070000,69295289200,7275176800,22077851800,164906000,43165951500,22363891000,87772600300
2014-01-27,29914.0,30561.0,29451.0,29822.0,979333.0,-3.153314064884877,6094015000,150987500,17298520400,8239585500,6998313250,98681500,18406790650,6279323000,31783108400
2014-01-28,29682.0,30515.0,29128.0,29729.0,719044.0,-0.31185031185031187,3393329300,390288500,15920587600,3398329000,5052885050,12840000,15387625350,2649184000,23102534400
2014-01-29,29960.0,31208.0,29960.0,31116.0,955507.0,4.665478152645565,8273421450,313647500,16129569900,7156742000,3069059500,416100500,20600332750,7787888100,31873380850
2014-02-03,30700.0,31486.0,29960.0,29960.0,801264.0,-3.7151304794960796,3266178300,21232000,19603137450,3635558000,4989115100,589367500,15471044150,5476579000,26526105750
2014-02-04,29128.0,29636.0,28573.0,29590.0,767285.0,-1.2349799732977305,3824244000,116554500,13526355000,6807819500,6309463000,95432000,13621669000,4248409000,24274973000
2014-02-05,29821.0,31116.0,29590.0,30700.0,897772.0,3.7512673200405544,12788936300,84684000,11116699500,5622822000,7366386400,69304000,15478934600,6698516800,29613141800
2014-02-06,30746.0,32503.0,30746.0,31948.0,1103809.0,4.06514657980456,16965424750,150350500,16335797750,4536283000,9412814500,91363500,22889326000,5594352000,37987856000
2014-02-07,29128.0,29451.0,27186.0,27186.0,5447019.0,-14.90547139101039,9631808400,403100000,144260782150,10408905500,40720302800,651114500,96831015750,26502163000,164704596050
2014-02-10,26816.0,27648.0,25752.0,27464.0,3823393.0,1.0225851541234459,17889963600,306602500,84008721300,8374415000,6452878600,45363500,76357966300,27723494000,110579702400
2014-02-11,27879.0,28434.0,27093.0,27232.0,1635169.0,-0.8447422079813574,2618704300,156747000,42943545350,3606287650,2177419150,86041000,40310241100,6751583050,49325284300
2014-02-12,27509.0,28110.0,26631.0,28065.0,1273459.0,3.058901292596945,6219936500,96202500,26170100050,5460394000,2095537100,78551500,32253116000,3519428450,37946633050
2014-02-13,28203.0,28388.0,27787.0,27834.0,610573.0,-0.8230892570817744,2243547000,240455000,14000887800,2044433000,2093233700,59469000,14094669500,2281950600,18529322800
2014-02-14,28018.0,28388.0,27879.0,27972.0,547448.0,0.495796507868075,921132000,95004000,12728285750,2901346000,1532183500,55998500,14270459750,787126000,16645767750
2014-02-17,28295.0,31902.0,28249.0,31162.0,2831234.0,11.404261404261403,28247903000,612238000,52115069800,12520154000,10417301800,229112000,76866310000,5982641000,93495364800
2014-02-18,31624.0,32040.0,28943.0,30515.0,2306333.0,-2.0762467107374367,22223699000,183925500,49767732000,5063976000,8438147500,438052000,61555638000,6807495000,77239332500
2014-02-19,30330.0,32642.0,30145.0,32087.0,2575487.0,5.151564804194658,32523440500,429512500,50647504850,5137552000,11578234100,90492500,74693107250,2376176000,88738009850
2014-02-20,32549.0,34537.0,32410.0,33336.0,2468111.0,3.8925421510268956,28374063000,2370177000,53375776050,5823279900,12951190650,404166000,68295701300,8292238000,89943295950
2014-02-21,33844.0,34676.0,33011.0,34029.0,1266901.0,2.078833693304536,14519861100,2725762500,27072996350,2086390850,6024481700,242060000,37352217100,2786252000,46405010800
2014-02-24,33659.0,34907.0,33520.0,34445.0,997477.0,1.2224867025184403,12754295500,1218656000,20080040650,2969935500,2629391250,50150250,28951669650,5391716500,37022927650
2014-02-25,34815.0,34815.0,33150.0,34075.0,1321813.0,-1.0741762229641456,19748781950,5430000,25201718900,3573669500,8417609350,65583000,33949503000,6096905000,48529600350
2014-02-26,34075.0,34676.0,33659.0,34260.0,593798.0,0.5429200293470285,7838950700,32387000,11748671500,2385905650,1670718800,614084000,17176484800,2544627250,22005914850
2014-02-27,34260.0,35046.0,33797.0,34769.0,845199.0,1.485697606538237,15127218500,241324000,14998673950,1249843000,4907316700,20251500,24689656250,1999835000,31617059450
2014-02-28,34214.0,34352.0,33243.0,33336.0,1202856.0,-4.121487531996894,13759289800,274011500,26932686550,2736064500,11815721550,1314376500,27284932150,3287022150,43702052350
2014-03-03,33335.0,34306.0,32688.0,34122.0,708347.0,2.3578113750899927,12915097200,175063000,10838900350,1904357000,2785853100,1838269000,18302947450,2906348000,25833417550
2014-03-04,33936.0,34445.0,33797.0,34075.0,533706.0,-0.13774104683195593,10815000000,0,7271437850,1623841000,4018797700,27653000,10334918150,5328910000,19710278850
2014-03-05,34491.0,35970.0,34214.0,35786.0,1172640.0,5.0212765957446805,11665520200,179538500,28965216150,3959044000,3937016100,375268000,37982147350,2474887400,44769318850
2014-03-06,35924.0,36340.0,35416.0,35925.0,760312.0,0.38842005253451073,8309373000,74892500,14352080450,6804287000,2801425400,389232000,18634859050,7715116500,29540632950
2014-03-07,36155.0,36941.0,35554.0,35832.0,772629.0,-0.2588726513569937,5507176250,253592000,17948028400,6580607000,4123611250,26925000,22639785150,3499082250,30289403650
2014-03-10,35739.0,35739.0,34260.0,34306.0,825268.0,-4.258763116767136,10015364900,221522000,18895594100,1929254700,8926911000,348040500,20209551450,1577232750,31061735700
2014-03-11,34907.0,35046.0,33751.0,34584.0,641279.0,0.8103538739579083,2516890400,170101000,18657598650,2492722500,7356564200,27636000,13633279850,2819832500,23837312550
2014-03-12,33982.0,34167.0,31948.0,32919.0,1665652.0,-4.814365024288689,12524105000,481171000,40505054300,5678910500,14943436300,477351000,35926338000,7842115500,59189240800
2014-03-13,33150.0,34352.0,32965.0,33983.0,970685.0,3.232175947021477,13550689750,714208000,16830767300,4489000000,10782940500,115762500,19674641050,5011321000,35584665050
2014-03-14,33289.0,33936.0,33011.0,33659.0,431640.0,-0.9534178854132949,3906913500,145457000,7866593250,3672551000,3507771500,92707000,7926616750,4064419500,15591514750
2014-03-17,33474.0,34121.0,32873.0,33474.0,474181.0,-0.5496301137882884,2101602400,54182000,10010762900,4952169500,4492091300,1826000,9019975200,3604824300,17118716800
2014-03-18,34075.0,34491.0,32688.0,32827.0,787254.0,-1.9328434008484199,5043134500,90970000,20339069650,2819542500,13420670000,39515000,13181342500,1651189150,28292716650
2014-03-19,33058.0,33659.0,32595.0,33243.0,502946.0,1.2672495202120206,3546424650,94013500,9427225450,4993126400,2573832500,5747000,14356626600,1124583900,18060790000
2014-03-20,33196.0,33751.0,32688.0,32688.0,295569.0,-1.669524411154228,1119078950,6388000,7823357250,1593735000,1045440450,213423000,7136804750,2146891000,10542559200
2014-03-21,32734.0,33011.0,31948.0,32411.0,493718.0,-0.8474057758198728,3758699500,0,10242225050,3254494000,2916575400,4921000,9904586500,4429335650,17255418550
2014-03-24,32410.0,32919.0,31994.0,32133.0,383056.0,-0.857733485545031,1384195500,9382500,8442049300,3523530500,3400883250,33589500,7201327550,2723357500,13359157800
2014-03-25,32133.0,33474.0,31856.0,33474.0,596432.0,4.173279805807114,7064087700,47985000,9299500050,4794846500,3119598700,33264000,15814094150,2239462400,21206419250
2014-03-26,33474.0,33751.0,32780.0,33058.0,385016.0,-1.2427555714883192,4450396750,7538500,7542121950,1797313000,2273294400,8940000,6679310000,4835825800,13797370200
2014-03-27,32919.0,33335.0,32087.0,33058.0,366723.0,0.0,2141695500,2376778000,6062952150,2379310500,3104091250,274588500,8117619900,1464436500,12960736150
2014-03-28,32318.0,33428.0,32318.0,33104.0,371593.0,0.13914937382781778,5304715100,0,6255213750,1725979000,5489750000,29686000,6787795350,978676500,13285907850
2014-03-31,33243.0,33566.0,32873.0,33567.0,342368.0,1.3986225229579505,2946893000,210638500,5595083050,3544089800,3394038300,70106000,7537853400,1294706650,12296704350
2014-04-01,33520.0,33659.0,32919.0,33567.0,280859.0,0.0,4634011500,123411500,4226146200,1123634500,3240710900,1072500,5207244800,1658175500,10107203700
2014-04-02,33520.0,34167.0,33289.0,33844.0,372043.0,0.8252152411594721,2495325000,61340500,6056094950,4981989500,2768551200,145725000,7843375250,2837098500,13594749950
2014-04-03,34029.0,34676.0,33844.0,34214.0,559028.0,1.093251388724737,6396149500,300450000,9785102800,4325986000,3541561000,0,14598456800,2667670500,20807688300
2014-04-04,34398.0,34445.0,33705.0,33983.0,398754.0,-0.6751622142982405,5592211500,45157000,6125107300,2890648600,3481444250,370500,6392679550,4778630100,14653124400
2014-04-07,33797.0,33890.0,32780.0,33243.0,484102.0,-2.1775593679192538,6439166550,16087500,8896720000,1995814500,5198564000,0,8054770550,4094454000,17347788550
2014-04-08,32734.0,33428.0,32734.0,33336.0,323375.0,0.27975814457178955,2837461500,45127000,5307181150,3388551900,5865422450,11833000,5196520500,504545600,11578321550
2014-04-09,33474.0,33659.0,33058.0,33289.0,298839.0,-0.1409887209023278,2738424500,3585000,4357492550,3674869000,3057393000,216612000,5246542550,2253823500,10774371050
2014-04-10,33659.0,34583.0,33428.0,34445.0,719163.0,3.472618582715011,12538082000,233808500,9705429450,4178659750,4379521750,75568500,19310477450,2890412000,26655979700
2014-04-11,34075.0,35092.0,33936.0,35046.0,562824.0,1.7448105675714907,11338922700,119190500,7954278550,1666367300,5401417200,4527000,13134541850,2538273000,21078759050
2014-04-14,34768.0,35369.0,34630.0,35139.0,304692.0,0.26536551960280774,5293974500,60016000,5051259100,1156622000,1290014000,151600000,8471191100,1649066500,11561871600
2014-04-15,35323.0,35832.0,34445.0,34445.0,329308.0,-1.9750135177438173,1876211000,108903000,8691109850,1792138000,2561514000,1877500,8036846350,1868124000,12468361850
2014-04-16,34491.0,34768.0,33890.0,34538.0,266892.0,0.2699956452315285,1697708050,72634000,5619210300,2521146200,2282429450,83282000,6187003100,1357984000,9910698550
2014-04-17,34768.0,35369.0,34676.0,35139.0,570466.0,1.7401123400312701,14266913000,52743500,5666181450,1675380500,7181905000,119829500,13287395450,1072088500,21661218450
2014-04-18,35601.0,36202.0,35046.0,35185.0,597613.0,0.1309086769686104,9445615000,196211000,9736746400,3540317000,11109364550,133364000,10152400350,1523760500,22918889400
2014-04-21,35184.0,35231.0,34167.0,34399.0,673981.0,-2.2339064942447067,7482615000,217877000,11839307800,5582178000,14375722400,1156713000,9233404400,356138000,25121977800
2014-04-22,33797.0,35000.0,33243.0,35000.0,1516118.0,1.7471438123201257,17333486350,1155451000,26106418500,11429557400,28400524650,191032500,24278500650,3154855450,56024913250
2014-04-23,35850.0,36150.0,35050.0,35150.0,1102787.0,0.4285714285714286,13361467050,22926500,16956657850,8922474500,16313594350,29857300,15117781150,7802293100,39263525900
2014-04-24,35250.0,36000.0,34800.0,35100.0,452312.0,-0.1422475106685633,2676848100,17600000,5036881350,8265902500,4017176200,3530000,7418905250,4557620500,15997231950
2014-04-25,34850.0,35600.0,34100.0,34400.0,441282.0,-1.9943019943019942,3269340900,0,8824629900,3227595900,6858061600,35877000,5412608300,3015019800,15321566700
2014-04-28,34100.0,35000.0,34100.0,35000.0,234055.0,1.744186046511628,3569804500,0,2925300400,1631056500,3151106000,156159000,3816039050,1002857350,8126161400
2014-04-29,35100.0,36300.0,35050.0,35300.0,404154.0,0.8571428571428572,2163947500,35650000,7886691700,4306008000,4177846800,42224000,7703303400,2468923000,14392297200
2014-04-30,35700.0,36400.0,35700.0,36300.0,462785.0,2.8328611898017,3162906100,82445000,6691830850,6775776000,4348902500,0,10146829450,2217226000,16712957950
2014-05-02,36500.0,36800.0,36350.0,36500.0,286408.0,0.5509641873278237,1857354000,1095500,3577823500,5045858500,2388329000,0,5920262000,2173540500,10482131500
2014-05-07,36800.0,36900.0,35900.0,35950.0,300557.0,-1.5068493150684932,2362004600,0,4431400550,4115191000,4147981550,926804500,4058209250,1775600850,10908596150
2014-05-08,35950.0,36150.0,35000.0,35450.0,298328.0,-1.3908205841446455,2101783550,1411000,5761393050,2690221000,4644499400,473260500,3673493200,1763555500,10554808600
2014-05-09,35400.0,36100.0,35400.0,35650.0,247320.0,0.5641748942172073,1366772200,0,3258022250,4207796000,2868021550,0,3463146900,2501422000,8832590450
2014-05-12,35450.0,35650.0,34700.0,34800.0,327494.0,-2.3842917251051894,1904530600,0,6411096050,3149153100,2504312400,10455000,6861983850,2088028500,11464779750
2014-05-13,35200.0,36200.0,35000.0,35900.0,533271.0,3.1609195402298855,2361759500,38266000,3780234950,12687051000,6023021600,126319000,7772183350,4945787500,18867311450
2014-05-14,35950.0,36600.0,35850.0,36350.0,345114.0,1.2534818941504178,2808113200,77726000,3012638350,6597333650,4333879600,107850000,6683919600,1370162000,12495811200
2014-05-15,36350.0,38350.0,35900.0,37550.0,956331.0,3.3012379642365883,16016001500,26250000,13271622250,6659871500,7296073700,52059000,24738886850,3886725700,35973745250
2014-05-16,37500.0,38500.0,37300.0,38400.0,1029960.0,2.263648468708389,18491962300,245897500,10589868850,9954331700,12044650100,295458500,23323997750,3617954000,39282060350
2014-05-19,38100.0,38650.0,37700.0,38400.0,605201.0,0.0,6567596500,427361500,12083120900,4023356000,8336233300,423496500,11607506600,2734198500,23101434900
2014-05-20,38300.0,38850.0,37600.0,37850.0,609302.0,-1.4322916666666665,1798713400,42945000,16137780750,5338921000,6359781050,91441000,14181106350,2686031750,23318360150
2014-05-21,38000.0,38050.0,36750.0,36850.0,549409.0,-2.642007926023778,3820946700,103516500,13387580450,3093576500,9390481750,379181000,9686090400,949867000,20405620150
2014-05-22,37150.0,37500.0,36600.0,37150.0,395700.0,0.8141112618724559,2455008000,67140000,9194109250,2970915500,7451248400,0,5916671350,1319253000,14687172750
2014-05-23,37300.0,37500.0,36250.0,36950.0,422557.0,-0.5383580080753702,2288412200,3727500,9063148300,4211504000,6181248000,89624000,7353099500,1942820500,15566792000
2014-05-26,36750.0,36950.0,35800.0,35950.0,477780.0,-2.706359945872801,1596690600,0,12829975900,2901044500,5659979500,156198500,7531457500,3980075500,17327711000
2014-05-27,35850.0,36300.0,35150.0,35800.0,521806.0,-0.4172461752433936,2589253800,712720500,11344725450,3925226500,8345835700,95809000,8608556050,1521725500,18571926250
2014-05-28,35800.0,36400.0,35500.0,36400.0,496469.0,1.675977653631285,4575575200,7260000,6055144250,7314910000,7601159300,0,8691206650,1660523500,17952889450
2014-05-29,36400.0,36400.0,35200.0,35550.0,512381.0,-2.3351648351648353,1672633500,100429000,10272316050,6162188500,6468435150,101847500,7762044900,3875239500,18207567050
2014-05-30,35600.0,35600.0,33000.0,33150.0,1687931.0,-6.751054852320674,8244580350,714870500,38421626500,9287766000,20619714750,101415000,24290242500,11657471100,56668843350
2014-06-02,32950.0,33800.0,32650.0,32900.0,625230.0,-0.7541478129713424,2584579150,93155700,13646297150,4424991250,7336655650,0,10710165150,2702202450,20749023250
2014-06-03,33150.0,33200.0,32500.0,32800.0,547310.0,-0.303951367781155,1517529750,9226500,7664024400,8817902000,8009564950,44865150,5025371100,4928881450,18008682650
2014-06-05,32750.0,33100.0,30500.0,31200.0,1165561.0,-4.878048780487805,3474949300,276779000,22622024450,10103471900,15485359150,273872400,12830338600,7887654500,36477224650
2014-06-09,31200.0,32650.0,31200.0,31850.0,775770.0,2.083333333333333,3793218050,384978900,12909153400,7709728900,12251532150,25585000,8713055950,3806906150,24797079250
2014-06-10,32050.0,32600.0,31850.0,32450.0,502411.0,1.8838304552590266,4030088100,183154450,6754765900,5231152100,7120256050,0,5442236850,3636667650,16199160550
2014-06-11,32600.0,32900.0,31650.0,31900.0,690649.0,-1.694915254237288,4624593750,413343700,12315072550,4845567700,13058967700,0,6540398200,2599211800,22198577700
2014-06-12,31800.0,32300.0,30800.0,32300.0,1786135.0,1.2539184952978055,12946228050,306896250,16029478100,27318041750,37463424900,73554450,8752170000,10311494800,56600644150
2014-06-13,31900.0,32650.0,31500.0,32400.0,724762.0,0.30959752321981426,8258972050,64812950,7477866550,7537643600,6605434350,219030550,9932382700,6582447550,23339295150
2014-06-16,32350.0,33550.0,32000.0,33350.0,563763.0,2.9320987654320985,5835489250,267205250,9770737500,2764454450,1829441250,15998100,10907717450,5884729650,18637886450
2014-06-17,33550.0,33550.0,32850.0,33100.0,371087.0,-0.7496251874062968,3059458250,283800250,7671651350,1252969550,3507036300,496500,6009540050,2750806550,12267879400
2014-06-18,32950.0,33150.0,32500.0,32750.0,290093.0,-1.0574018126888218,3026714350,289886500,4601314250,1590666550,3239764150,37340250,3450696600,2780780650,9508581650
2014-06-19,32800.0,33000.0,32050.0,32150.0,433609.0,-1.8320610687022902,3727250550,125280850,7965407550,2193683050,5734399700,97350000,6302640850,1877231450,14011622000
2014-06-20,32350.0,32550.0,31550.0,31600.0,439913.0,-1.7107309486780715,1853581500,196354500,7802470150,4195032200,6251848850,18546100,5506171150,2270872250,14047438350
2014-06-23,31500.0,33150.0,31500.0,32600.0,552837.0,3.1645569620253164,4260557550,120190700,9249115150,4386473198,5402901350,0,10237303850,2376131398,18016336598
2014-06-24,32900.0,33400.0,32300.0,33200.0,534005.0,1.8404907975460123,9349301100,231219950,6376357150,1591936700,5538597550,36736400,10308516700,1664964250,17548814900
2014-06-25,33150.0,33400.0,32900.0,33300.0,593181.0,0.30120481927710846,6714524650,147018000,11543575100,1249323400,8630838500,57131750,8479535850,2486935050,19654441150
2014-06-26,33350.0,33850.0,32350.0,32750.0,833029.0,-1.6516516516516515,7975776800,116045500,15884305850,3335844800,15096692800,102658950,9356690350,2755930850,27311972950
2014-06-27,32700.0,33250.0,32400.0,32600.0,484747.0,-0.45801526717557256,5555358250,286054050,8512052750,1504909600,7841058700,23754950,6344404300,1649156700,15858374650
2014-06-30,32750.0,33800.0,32750.0,33700.0,578530.0,3.374233128834356,7741321250,264966350,7734638450,3606614750,5579472750,37298200,12065114500,1665655350,19347540800
2014-07-01,34000.0,36100.0,33450.0,36050.0,1499553.0,6.973293768545995,24337422900,373888950,24361795300,3912483000,7569631650,384571750,41548156450,3483230300,52985590150
2014-07-02,36450.0,36500.0,35750.0,36150.0,680004.0,0.27739251040221913,5464775100,11896500,16693409250,2401087000,2505054150,502679250,15534584350,6028850100,24571167850
2014-07-03,36150.0,37050.0,35850.0,36200.0,797919.0,0.13831258644536654,12236374150,515601800,13864393350,2662396700,6077249900,238036500,19161618450,3801861150,29278766000
2014-07-04,36650.0,37500.0,36550.0,36850.0,721212.0,1.7955801104972375,12157648150,106091450,12717680550,1770148450,4492135050,59417800,19713913100,2486102650,26751568600
2014-07-07,36850.0,38150.0,36600.0,37950.0,970121.0,2.9850746268656714,13337039700,367802200,16686929800,6289803000,5898711950,360358950,26752589700,3669914100,36681574700
2014-07-08,37950.0,37950.0,36200.0,36800.0,837741.0,-3.0303030303030303,8796909850,413473400,20940042650,1048913650,7769857400,33646300,19534511350,3861324500,31199339550
2014-07-09,36800.0,38350.0,36150.0,38000.0,940488.0,3.260869565217391,16436454700,114623100,16232226450,2676706750,6057346150,87044250,22895835600,6419785000,35460011000
2014-07-10,38400.0,38800.0,37100.0,37100.0,876384.0,-2.368421052631579,11843348350,207313200,19314317250,1445758200,10116732700,37250000,12016367200,10640387100,32810737000
2014-07-11,37000.0,37400.0,36600.0,37000.0,567807.0,-0.2695417789757413,5893371650,27915350,12495331050,2588116800,4526120600,136500200,11898023850,4444090200,21004734850
2014-07-14,37000.0,39000.0,36850.0,38600.0,827863.0,4.324324324324325,18168758700,185657200,11231056250,1910693300,6383824550,102894400,18391681350,6617765150,31496165450
2014-07-15,39050.0,39450.0,37950.0,38400.0,925527.0,-0.5181347150259068,12217514550,154635550,21397738350,2097723600,8507262150,308417300,19662320800,7389611800,35867612050
2014-07-16,38650.0,38650.0,37150.0,37350.0,627976.0,-2.734375,7216710750,27355200,14010129800,2320770950,9050401650,551005950,12612795850,1360763250,23574966700
2014-07-17,37500.0,37650.0,36800.0,37500.0,689418.0,0.4016064257028112,6860753050,46675900,15764997350,2939138550,12291622250,480974300,12204668300,634300000,25611564850
2014-07-18,37100.0,37250.0,36000.0,36250.0,942061.0,-3.3333333333333335,8952917350,121983850,22889653850,2347059050,18408770150,191054850,12752738550,2959050550,34311614100
2014-07-21,36600.0,37000.0,36250.0,36650.0,593569.0,1.103448275862069,10125371450,13098600,10273910050,1391107150,4558061050,320665650,10085700450,6839060100,21803487250
2014-07-22,36900.0,37900.0,36850.0,37800.0,863985.0,3.1377899045020468,15959488250,273953650,13093200400,3086640300,4509985650,62227100,14617778450,13223291400,32413282600
2014-07-23,38000.0,39550.0,37850.0,39150.0,1669936.0,3.571428571428571,30758249600,877072000,25395357250,8238354600,9776369400,321630700,42338410400,12832622950,65269033450
2014-07-24,39350.0,40300.0,38350.0,38800.0,1516715.0,-0.8939974457215836,18616602300,364425300,31816533800,8992245900,14559511050,131439600,36222273750,8876582900,59789807300
2014-07-25,39200.0,40150.0,38850.0,39000.0,710957.0,0.5154639175257731,4921316200,170917100,21769675250,1135864250,5684640650,177363700,18876836100,3258932350,27997772800
2014-07-28,38700.0,40150.0,38300.0,40000.0,1133877.0,2.564102564102564,11599827950,61562600,22685239700,10647053750,5248781550,266702850,25771924050,13706275550,44993684000
2014-07-29,40500.0,40750.0,39250.0,39800.0,867371.0,-0.5,6890531500,272997400,22861760600,4592907350,4403345650,20857000,22217414500,7976579700,34618196850
2014-07-30,39800.0,40150.0,38550.0,39050.0,1160726.0,-1.8844221105527637,12229980300,515342200,28657037250,3752235800,17294025400,921116350,23747961150,3191492650,45154595550
2014-07-31,39050.0,39800.0,38650.0,39300.0,608006.0,0.6402048655569782,4630417350,171812000,14543656200,4465672550,6372767650,120545950,15477190350,1841054150,23811558100
2014-08-01,38650.0,39100.0,38500.0,38850.0,698563.0,-1.1450381679389312,8780141000,122578300,15376728250,2756343700,7923522100,64659600,10084210350,8963399200,27035791250
2014-08-04,38850.0,39000.0,38050.0,39000.0,502814.0,0.3861003861003861,4799661350,114381800,10851730150,3549481250,7161191500,360368150,10564594150,1229100750,19315254550
2014-08-05,39150.0,39200.0,37850.0,38250.0,427101.0,-1.9230769230769231,4156099050,63048800,10492392050,1697436500,7529030500,142977400,7308812700,1428155800,16408976400
2014-08-06,38150.0,38450.0,37000.0,37350.0,731628.0,-2.3529411764705883,6311156200,45406850,18690224650,2408744950,11330408200,225271300,12692450750,3207402400,27455532650
2014-08-07,37450.0,38250.0,37350.0,37650.0,541930.0,0.8032128514056224,4691378150,161428300,8433282400,7218809550,6662357050,201217600,10892927250,2748396500,20504898400
2014-08-08,37250.0,37850.0,36450.0,36550.0,595596.0,-2.921646746347941,3921359500,66857650,15578006750,2296131450,8465782350,239846200,10391302250,2765424550,21862355350
2014-08-11,36850.0,37000.0,36000.0,36600.0,407524.0,0.13679890560875513,4064106600,136595750,8329885450,2334937850,2656646250,60319100,8256954300,3891606000,14865525650
2014-08-12,36750.0,37400.0,36250.0,36400.0,363236.0,-0.546448087431694,2433151750,3635500,9645480400,1272590200,3328803800,10416000,6545655050,3469983000,13354857850
2014-08-13,36400.0,37200.0,36400.0,37000.0,442564.0,1.6483516483516485,2746903800,299764150,9702766600,3559912800,2360321150,0,6418917000,7530109200,16309347350
2014-08-14,37400.0,37750.0,36250.0,36400.0,633118.0,-1.6216216216216217,3501505050,371242850,17926206050,1477568200,6904388250,81598650,9329607750,6960927500,23276522150
2014-08-18,36700.0,37050.0,36000.0,36300.0,469296.0,-0.27472527472527475,2053434800,47332500,11698392900,3281256400,4018012200,81628700,8105126850,4875648850,17080416600
2014-08-19,36800.0,37250.0,36600.0,37000.0,507041.0,1.9283746556473829,5180550850,291191350,11504689000,1766224150,2354071200,11559600,11235090900,5141933650,18742655350
2014-08-20,37250.0,37250.0,36050.0,36100.0,444482.0,-2.4324324324324325,2613695100,323695000,12198424450,1035343500,4558252150,58590600,9239937350,2314377950,16171158050
2014-08-21,35850.0,36000.0,34700.0,35000.0,798466.0,-3.0470914127423825,4146792050,37095000,22047525750,1727498000,12936457350,300514300,13545084850,1176854300,27958910800
2014-08-22,34800.0,35100.0,34200.0,34900.0,417985.0,-0.2857142857142857,1020946300,31477000,10313046550,3113391400,1223881550,96281050,10338793100,2819905550,14478861250
2014-08-25,34600.0,35500.0,34450.0,35200.0,358566.0,0.8595988538681949,4673135950,0,6734559950,1186206850,2049187400,1494000,8603301150,1939920200,12593902750
2014-08-26,35600.0,36700.0,35550.0,36550.0,542005.0,3.835227272727273,8962297300,52607000,9243661650,1435371800,3937674950,401500,13918962250,1836899050,19693937750
2014-08-27,36950.0,36950.0,36000.0,36650.0,362521.0,0.27359781121751026,5081613650,121102300,6999777400,1050262800,3546957100,28544800,7554341300,2122912950,13252756150
2014-08-28,36600.0,36850.0,36200.0,36400.0,231038.0,-0.6821282401091405,3122352450,16383000,4953477050,325984050,2146323300,40227250,4923036550,1308609450,8418196550
2014-08-29,36550.0,37050.0,36000.0,36850.0,382465.0,1.2362637362637363,2490051600,46493000,8587040100,2918127300,1865468650,5510000,7078874950,5091858400,14041712000
2014-09-01,37000.0,37350.0,36700.0,37250.0,446911.0,1.0854816824966078,7930332350,507629700,6969184600,1151800750,2570260850,97390000,7990786900,5900509650,16558947400
2014-09-02,37650.0,37850.0,37050.0,37050.0,497844.0,-0.5369127516778524,7144945850,1007830200,9048603900,1434971050,3840898100,0,11968509200,2826943700,18636351000
2014-09-03,37100.0,37200.0,36400.0,36500.0,309450.0,-1.484480431848853,3130514300,305262700,6800597350,1107634250,2253156900,5601300,7573984100,1511266300,11344008600
2014-09-04,36850.0,37650.0,36850.0,36850.0,403850.0,0.9589041095890412,4050977750,75348250,9110014300,1783239050,1848827700,0,12678636800,492114850,15019579350
2014-09-05,36950.0,37550.0,36550.0,37350.0,280372.0,1.3568521031207599,4184762450,109339250,4972550500,1194914700,1205411950,5610000,8567430000,683114950,10461566900
2014-09-11,37800.0,38100.0,37100.0,37100.0,497184.0,-0.6693440428380187,4672288600,283634250,11006224450,2731762150,3759186850,74418150,8641846500,6218457950,18693909450
2014-09-12,37350.0,37600.0,36850.0,37350.0,259169.0,0.6738544474393532,2185701450,0,5736992950,1744270000,1027130250,0,5342474650,3297359500,9666964400
2014-09-15,37400.0,37450.0,35950.0,36200.0,563606.0,-3.0789825970548863,6175671800,67251450,12322419100,1933345150,4847215100,207023250,11183143600,4261305550,20498687500
2014-09-16,36250.0,36450.0,36050.0,36350.0,199664.0,0.4143646408839779,2264425500,23525050,3745429700,1214032950,1820798850,252524850,3971028500,1203061000,7247413200
2014-09-17,36400.0,36600.0,36000.0,36400.0,276910.0,0.1375515818431912,4397337100,39600000,5059176850,559111700,3244429950,446352550,5279877950,1084565200,10055225650
2014-09-18,36450.0,37800.0,36450.0,37250.0,630277.0,2.3351648351648353,7488445150,120905800,9849893600,6052819150,6280164350,553909100,15101235700,1576754550,23512063700
2014-09-19,38000.0,39300.0,37950.0,38900.0,1196186.0,4.429530201342282,20946621250,482962550,18820033800,6050300950,7935917700,765445650,33192314750,4406240450,46299918550
2014-09-22,39100.0,39300.0,38250.0,38600.0,487300.0,-0.7712082262210797,3333440650,213697600,11143918950,4180887900,7355319150,157308200,10336977900,1022339850,18871945100
2014-09-23,38300.0,38850.0,37800.0,38200.0,417243.0,-1.0362694300518136,2013038050,322885000,10357261200,3222084900,3249965550,85639000,10588187800,1991476800,15915269150
2014-09-24,38200.0,38800.0,37950.0,38000.0,396396.0,-0.5235602094240838,4112370100,76200000,9403002750,1597948000,3475827300,21616200,7783595300,3908482050,15189520850
2014-09-25,38500.0,39200.0,38300.0,38650.0,741541.0,1.710526315789474,13668139850,793945500,10176770650,4127072400,9237292250,11685000,17019040800,2497910350,28765928400
2014-09-26,38200.0,38600.0,37750.0,38450.0,287823.0,-0.517464424320828,3513994950,30440000,7131334800,331163750,2071343900,0,7955132400,980457200,11006933500
2014-09-29,38500.0,38650.0,36250.0,36950.0,892895.0,-3.901170351105332,8056030150,260065500,21873096100,2948018700,13811918200,456747850,16140166400,2728378000,33137210450
2014-09-30,36700.0,37250.0,36050.0,36650.0,540814.0,-0.8119079837618403,5889574750,0,9947479500,3908226850,5894297400,14998000,8514659550,5321326150,19745281100
2014-10-01,36350.0,36550.0,34750.0,35100.0,666775.0,-4.229195088676671,4408812900,266779600,17217291000,1725122550,6092658850,414364250,12032878250,5078104700,23618006050
2014-10-02,34500.0,34600.0,33700.0,34250.0,813006.0,-2.4216524216524213,6300128950,362523650,17933815100,3142170350,8533236350,527342050,11372559700,7305499950,27738638050
2014-10-06,34600.0,34850.0,34150.0,34300.0,337939.0,0.145985401459854,1439203050,0,9060790050,1121397000,2993298600,19889000,6066713550,2541488950,11621390100
2014-10-07,34200.0,34600.0,33550.0,33650.0,434299.0,-1.8950437317784257,2456031050,1700000,10183578000,2105649700,3835607200,140368500,7760570900,3010412150,14746958750
2014-10-08,33450.0,34350.0,33250.0,33700.0,347429.0,0.1485884101040119,1614085900,85015900,8006277650,2015375150,3164206100,14094600,6951427900,1591026000,11720754600
2014-10-10,33500.0,33700.0,31900.0,32000.0,663643.0,-5.044510385756676,3631680750,0,15886115050,2073488800,9579355350,314686850,7597892350,4099350050,21591284600
2014-10-13,31600.0,32100.0,30600.0,30900.0,796366.0,-3.4375000000000004,3438432950,228139900,15532735300,5532199600,9216046100,416023000,11816144800,3283293850,24731507750
2014-10-14,31100.0,31800.0,31100.0,31550.0,808602.0,2.103559870550162,5245439150,0,14469625350,5717901000,6917776250,325107300,8569315850,9620766100,25432965500
2014-10-15,31350.0,32500.0,31350.0,31700.0,879957.0,0.4754358161648178,13275703800,202515000,12655792200,2061411000,9455241950,159700000,12224092700,6356387350,28195422000
2014-10-16,31400.0,32350.0,30700.0,31700.0,746707.0,0.0,9678937550,42595600,9116331300,4785503200,8211678250,57828600,7857610600,7496250200,23623367650
2014-10-17,31700.0,31900.0,30000.0,30550.0,1011029.0,-3.627760252365931,3040692100,0,25346742950,2655406850,17488396450,21560000,8782505900,4750379550,31042841900
2014-10-20,31000.0,31900.0,30800.0,31700.0,491852.0,3.764320785597381,5196183150,136832050,6729562450,3440288700,2321078750,633800,11764212050,1416941750,15502866350
2014-10-21,31550.0,31850.0,29850.0,30300.0,877969.0,-4.416403785488959,3455501550,200438350,16902471950,6204358000,12104892050,349673850,13471364100,836839850,26762769850
2014-10-22,31100.0,31550.0,30700.0,31500.0,579718.0,3.9603960396039604,2340761400,21036250,11456621000,4269357900,5674331450,55743100,11166839450,1190862550,18087776550
2014-10-23,31300.0,31550.0,30600.0,31050.0,488699.0,-1.4285714285714286,1118595100,312500,9346271500,4671144300,8029009800,15575000,5864883900,1226854700,15136323400
2014-10-24,31400.0,31400.0,28100.0,29150.0,2122755.0,-6.119162640901772,7754222000,438024450,46358170450,8037707050,31462455250,51995000,27843584750,3230088950,62588123950
2014-10-27,29400.0,29900.0,29200.0,29900.0,565815.0,2.5728987993138936,2528523600,646720900,9674108250,3929714350,4685622200,195400600,9700684150,2197360150,16779067100
2014-10-28,29800.0,30050.0,29050.0,29400.0,577054.0,-1.6722408026755853,2767096100,39422500,11059395550,3093464600,9561324400,0,6884873650,513180700,16959378750
2014-10-29,29800.0,29900.0,28750.0,29800.0,2074743.0,1.3605442176870748,19552222800,173904900,33864486500,7525520150,30443067400,452299950,25275679100,4945087900,61116134350
2014-10-30,29350.0,29550.0,27700.0,28300.0,1986212.0,-5.033557046979865,5927519200,539448300,38082270250,12022863650,29560677700,466607350,21552349300,4992467050,56572101400
2014-10-31,28550.0,28550.0,27550.0,28100.0,987448.0,-0.7067137809187279,2156364200,126094250,17937221300,7421670950,15255259400,3028000,10870016750,1513046550,27641350700
2014-11-03,28200.0,28450.0,27200.0,27250.0,806632.0,-3.0249110320284696,610976250,12230500,18630662600,3068566300,7703894050,1536515850,10366861000,2715164750,22322435650
2014-11-04,27250.0,27750.0,25650.0,25800.0,1422021.0,-5.321100917431193,2171802950,227840000,27371238050,7582805300,16751788700,56763650,17578443850,2966690100,37353686300
2014-11-05,25800.0,26650.0,25800.0,26450.0,756411.0,2.5193798449612403,641052400,0,11699372650,7561757750,6477569050,7875000,10502803050,2913935700,19902182800
2014-11-06,26450.0,28100.0,26450.0,27950.0,1077891.0,5.671077504725898,2929154250,853343300,15236849750,10775911800,5850100450,0,18236037600,5709121050,29795259100
2014-11-07,28000.0,28200.0,27500.0,28100.0,696078.0,0.5366726296958855,4398676150,19580000,8766855100,6322269300,3541933650,504773350,10374046650,5086626900,19507380550
2014-11-10,28250.0,28500.0,27700.0,28350.0,652115.0,0.8896797153024912,1708261450,11260000,14273226450,2362161950,5595777850,118776500,9530949000,3109406500,18354909850
2014-11-11,28400.0,28400.0,27650.0,27900.0,770522.0,-1.5873015873015872,1020608700,1417900,12732935050,7753593500,5898841800,128717000,8059563150,7421433200,21508555150
2014-11-12,28050.0,28800.0,27750.0,28750.0,750386.0,3.046594982078853,4273188050,64706100,10439807000,6518776950,5634880050,28300000,12556276100,3077021950,21296478100
2014-11-13,28900.0,30150.0,28850.0,29750.0,1154191.0,3.4782608695652173,3099010400,29800000,16978960150,14266550600,5763256500,133950000,23220477300,5256637350,34374321150
2014-11-14,29850.0,29900.0,28900.0,28950.0,617956.0,-2.689075630252101,361300100,58100000,9910931550,7674671050,5073756000,28215650,8269357450,4633673600,18005002700
2014-11-17,28600.0,29500.0,28500.0,29300.0,364862.0,1.2089810017271159,1412778950,29164450,5417301550,3790266800,1122541850,109127200,6360349700,3057493000,10649511750
2014-11-18,29300.0,29500.0,28100.0,28200.0,1092291.0,-3.754266211604096,2371107950,2538000,18374743000,10493571850,7634743350,240932850,10663629300,12702655300,31241960800
2014-11-19,28500.0,28700.0,27650.0,28050.0,711918.0,-0.5319148936170213,98099800,0,10850796200,9009583900,8758791200,785157500,8196334750,2218196450,19958479900
2014-11-20,28150.0,28500.0,27650.0,27900.0,570343.0,-0.53475935828877,1062722750,0,11506770900,3372089350,7104105850,1402147400,5526427950,1908901800,15941583000
2014-11-21,28000.0,28150.0,27400.0,27650.0,591339.0,-0.8960573476702508,1566602950,202316150,12639887900,1933897700,9266832650,59046300,5993286400,1023539350,16342704700
2014-11-24,27850.0,29200.0,27800.0,29200.0,656350.0,5.605786618444846,3512314850,55983200,10991817700,4212223400,1386068350,5951500,16805374000,574945300,18772339150
2014-11-25,29200.0,29350.0,28650.0,28900.0,451532.0,-1.0273972602739725,1779541100,0,8874067050,2377932900,1777749300,129467700,7984116800,3140207250,13031541050
2014-11-26,28950.0,29200.0,28600.0,29000.0,372930.0,0.34602076124567477,1652278000,69975200,7546770400,1502966500,2120376650,0,6423099100,2228514350,10771990100
2014-11-27,29200.0,29200.0,27850.0,27900.0,539636.0,-3.793103448275862,166874550,0,13865424750,1169613650,5698560000,98869500,6990686500,2413796950,15201912950
2014-11-28,27550.0,27800.0,26700.0,26750.0,858070.0,-4.121863799283155,833996200,272576700,20911679550,1102042850,6813124950,67412500,10758142100,5481615750,23120295300
2014-12-01,26250.0,26600.0,25900.0,26250.0,623557.0,-1.8691588785046727,1495454650,5063050,11643341350,3201356200,3828099850,0,10403681600,2113433800,16345215250
2014-12-02,26550.0,26850.0,26100.0,26500.0,420965.0,0.9523809523809524,933038950,95658500,7917513300,2166719550,3124618150,0,5171826250,2816485900,11112930300
2014-12-03,26400.0,26750.0,26300.0,26600.0,263873.0,0.37735849056603776,833140700,23055000,4856332850,1290301650,2076538600,0,3716075450,1210216150,7002830200
2014-12-04,26800.0,27250.0,26700.0,27050.0,243936.0,1.6917293233082706,1227772150,0,4818980700,551863700,119588250,298336200,4892559350,1288132750,6598616550
2014-12-05,27100.0,27500.0,27100.0,27300.0,308412.0,0.9242144177449169,949912950,16380000,4557114000,2900980350,479215650,65513150,5923080250,1956578250,8424387300
2014-12-08,27500.0,27500.0,26650.0,26850.0,324138.0,-1.6483516483516485,1051902650,12782650,7080524100,566461700,1377431150,1086000,5470303450,1862850500,8711671100
2014-12-09,26800.0,26800.0,25850.0,25950.0,703566.0,-3.35195530726257,991209500,29852600,13675336800,3657611000,2302321400,21200000,7256597950,8773890550,18354009900
2014-12-10,25700.0,25800.0,24900.0,24950.0,794922.0,-3.8535645472061653,374899050,16834450,18053706250,1542346650,1563300950,35030000,11073494600,7315960850,19987786400
2014-12-11,24350.0,24700.0,23400.0,23400.0,1443806.0,-6.212424849699398,480070250,27581950,30343438350,3632795600,12219193950,106708400,17110060850,5047922950,34483886150
2014-12-12,23450.0,23850.0,23050.0,23350.0,919075.0,-0.2136752136752137,2637546300,239044100,15530490850,3091480400,3757969400,0,10069590400,7671001850,21498561650
2014-12-15,22700.0,24000.0,22400.0,23950.0,893276.0,2.569593147751606,5256814200,1449950,13001145700,2616238050,3146558100,119500,11378282350,6350687950,20875647900
2014-12-16,23650.0,24250.0,23400.0,23500.0,644950.0,-1.8789144050104383,1528392300,13575100,8542575850,5168309000,2389841800,34963150,7968976350,4859070950,15252852250
2014-12-17,23550.0,24200.0,23500.0,23900.0,420952.0,1.702127659574468,1096103900,10105200,6385857150,2598880950,528401350,239637200,6302263450,3020645200,10090947200
2014-12-18,24400.0,24500.0,22950.0,23850.0,594122.0,-0.20920502092050208,907202350,12415000,11749677600,1421053400,2118389400,0,7992062350,3979896600,14090348350
2014-12-19,24250.0,24400.0,23650.0,23750.0,412860.0,-0.41928721174004197,555430900,358500,7465223450,1877394600,630617600,0,6269215250,2998574600,9898407450
2014-12-22,24000.0,24100.0,23550.0,23600.0,396413.0,-0.631578947368421,180677450,1324400,7121731600,2100195300,1673181550,962248500,4890744550,1877754150,9403928750
2014-12-23,23750.0,24000.0,23050.0,23300.0,557544.0,-1.2711864406779663,805084800,9260000,10723155700,1473400600,3024725350,0,7240490200,2745685550,13010901100
2014-12-24,23300.0,23950.0,23150.0,23650.0,691269.0,1.502145922746781,1548900250,0,11935229100,2849480250,836237700,1306848300,11380419150,2810104450,16333609600
2014-12-26,23800.0,23950.0,23150.0,23200.0,426571.0,-1.9027484143763214,743364100,42098000,8879531900,328218600,603862800,3068200,8274734550,1111547050,9993212600
2014-12-29,23400.0,23700.0,23200.0,23300.0,375099.0,0.43103448275862066,706944800,0,5591932000,2477856750,1609917150,0,5734206750,1432609650,8776733550
2014-12-30,23200.0,23600.0,23200.0,23250.0,260358.0,-0.2145922746781116,381616050,2568500,4357117050,1337095800,661880350,3449200,3903137150,1509930700,6078397400
2015-01-02,22950.0,23200.0,22250.0,22400.0,930559.0,-3.655913978494624,2598923650,45987500,17286639950,1107524550,4998291100,2915200,11322488650,4715380700,21039075650
2015-01-05,22350.0,22400.0,21150.0,21400.0,1179868.0,-4.464285714285714,1294128750,57269550,21635100650,2310713150,5989825000,44069700,13785467500,5477849900,25297212100
2015-01-06,20750.0,21150.0,20300.0,20400.0,1082306.0,-4.672897196261682,2084773900,1453000,16447050550,3764882800,5138083150,144900000,11976899350,5038277750,22298160250
2015-01-07,20150.0,20750.0,19850.0,19900.0,1481356.0,-2.450980392156863,825281600,3000000,23538134350,5487547350,12190105600,0,11414363150,6249494550,29853963300
2015-01-08,20050.0,20500.0,20050.0,20200.0,922458.0,1.507537688442211,566104800,8445250,12872830450,5263592250,2029196150,0,12026334600,4655442000,18710972750
2015-01-09,20400.0,20800.0,20200.0,20700.0,840734.0,2.4752475247524752,1286939550,12213000,12529193050,3457008100,173328700,70629800,12276042350,4765352850,17285353700
2015-01-12,20750.0,21500.0,20600.0,21200.0,977130.0,2.4154589371980677,5152915900,58544000,13876150850,1577805950,1445267150,0,11246319700,7973829850,20665416700
2015-01-13,21250.0,21550.0,20650.0,20700.0,880776.0,-2.358490566037736,2001646700,11046000,14483710400,2083461050,1610060800,850000,8599576100,8369377250,18579864150
2015-01-14,20700.0,21150.0,20700.0,20800.0,431770.0,0.4830917874396135,1622548550,4379000,6319542000,1076305400,102710250,0,4974989050,3945075650,9022774950
2015-01-15,21000.0,21200.0,19950.0,20000.0,1278303.0,-3.8461538461538463,1252727800,53347500,23099535050,1732612300,5697845850,0,11311082250,9129294550,26138222650
2015-01-16,20800.0,21150.0,19950.0,20100.0,1927553.0,0.5,1530217400,48860250,36880832450,923524200,5896278100,0,27013945000,6473211200,39383434300
2015-01-19,20500.0,22850.0,20400.0,22050.0,2312179.0,9.701492537313433,13843628700,652029200,30843655200,4774411850,1010205150,110526750,40838112200,8154880850,50113724950
2015-01-20,22200.0,22500.0,21600.0,21750.0,1419903.0,-1.3605442176870748,3139000950,142617650,23910733650,4122629150,370484200,305915250,20464103450,10174478500,31314981400
2015-01-21,21750.0,21800.0,20850.0,21150.0,1131101.0,-2.7586206896551726,1813905350,67065250,20023157200,2040469550,775586650,132785000,14254429700,8781796000,23944597350
2015-01-22,21350.0,22250.0,21300.0,21650.0,1359804.0,2.3640661938534278,5664654200,725489650,20701658900,2556008300,284301200,268254700,20497692950,8597562200,29647811050
2015-01-23,22050.0,22200.0,21000.0,21200.0,1334755.0,-2.0785219399538106,3458624550,56326250,22864627300,2248808550,4560930300,138114550,17794222900,6135118900,28628386650
2015-01-26,21450.0,21500.0,20750.0,21050.0,760379.0,-0.7075471698113208,313360250,198901000,14069242050,1494557650,2826091050,0,8092644550,5157325350,16076060950
2015-01-27,21300.0,22850.0,21200.0,22750.0,1807152.0,8.076009501187649,6571540350,1415739900,28523039950,3893334100,984168450,1114347750,34526427600,3778710500,40403654300
2015-01-28,23550.0,25450.0,23400.0,25450.0,3629545.0,11.868131868131867,13698631150,1850493450,67753734050,5445322900,5715306400,162532500,74961111050,7909231600,88748181550
2015-01-29,24850.0,25850.0,24500.0,25100.0,2190525.0,-1.37524557956778,6605124400,1422522050,40394545950,6627824350,5030531200,398782950,38852819950,10767882650,55050016750
2015-01-30,25500.0,25650.0,24650.0,25050.0,1133562.0,-0.199203187250996,2101715200,317297300,23826607900,2151437400,702108100,49582050,21135143850,6510223800,28397057800
2015-02-02,25300.0,26500.0,25300.0,26100.0,1513505.0,4.191616766467066,6925212900,610144000,29302687950,2560936550,1800635350,598333750,32099377100,4900635200,39398981400
2015-02-03,26450.0,26450.0,25350.0,25600.0,1052503.0,-1.9157088122605364,3728593850,16172000,20889676800,2436792250,1899949400,1256662000,19826544000,4088079500,27071234900
2015-02-04,26100.0,26450.0,25500.0,25650.0,945804.0,0.1953125,4294777750,358212350,18330635050,1524837600,3014189900,294247950,18820025800,2379999100,24508462750
2015-02-05,25200.0,26300.0,24650.0,26100.0,1289820.0,1.7543859649122806,5872495550,810053950,20195932750,5907387800,3660237150,120890700,24774067750,4230674450,32785870050
2015-02-06,26400.0,26600.0,25750.0,26300.0,1026393.0,0.7662835249042145,7109453200,163777450,17804885100,1826222064,1136930850,1053824100,21373753950,3339828914,26904337814
2015-02-09,26100.0,27000.0,25900.0,26700.0,1016038.0,1.520912547528517,6055267850,10297250,17727749900,3380242100,3537166800,34258700,20974642450,2627489150,27173557100
2015-02-10,26500.0,26800.0,25800.0,26050.0,1015957.0,-2.4344569288389515,7366866650,1020000,18052115650,1167215100,4709774950,469217550,18558630700,2849594200,26587217400
2015-02-11,26250.0,26800.0,26050.0,26750.0,783109.0,2.6871401151631478,7560787100,274192200,10687721200,2298277150,1523491000,133250,17232710550,2064642850,20820977650
2015-02-12,26550.0,26750.0,25600.0,25800.0,1025122.0,-3.551401869158879,3437702950,135016000,21078622350,1954118450,8641402350,107878950,14745881500,3110296950,26605459750
2015-02-13,25850.0,26500.0,24850.0,26350.0,1354121.0,2.131782945736434,11143044750,258300000,19303062900,4107944616,3363037850,63910900,28374700200,3010703316,34812352266
2015-02-16,26800.0,27600.0,26550.0,27500.0,1174610.0,4.364326375711575,10903629950,159866700,17999402300,2941147150,1558006150,57222850,27910811600,2478005500,32004046100
2015-02-17,27700.0,28400.0,26200.0,26700.0,2134621.0,-2.909090909090909,7510980350,321728800,47645976550,2738119950,10403063150,584052650,42485488950,4744200900,58216805650
2015-02-23,27400.0,27750.0,27050.0,27600.0,850123.0,3.3707865168539324,7920084700,277134100,13382716700,1788631150,2095055850,118030900,19453558150,1701921750,23368566650
2015-02-24,27500.0,28050.0,27150.0,27650.0,724928.0,0.18115942028985507,4180830450,444305050,14702042250,705166950,2261299400,84390900,14037377700,3649276700,20032344700
2015-02-25,27200.0,28450.0,27000.0,28350.0,1443313.0,2.5316455696202533,12657074550,237759800,25191016150,2418312950,4150115800,350360600,35070758250,932928800,40504163450
2015-02-26,28500.0,30600.0,28200.0,30400.0,2517241.0,7.231040564373897,24309851300,775654350,40433850150,9735848800,4450967000,989069750,65148445700,4666722150,75255204600
2015-02-27,30850.0,31350.0,30300.0,30300.0,1457870.0,-0.3289473684210526,8138764200,319977200,31778940700,4372331700,8341063200,418842500,29122809800,6727298300,44610013800
2015-03-02,30850.0,32400.0,30850.0,32000.0,1779907.0,5.6105610561056105,20601210450,498499500,30029866750,5379314500,8294851350,442557450,43173162350,4598320050,56508891200
2015-03-03,32300.0,32650.0,31400.0,32200.0,1065777.0,0.625,6009853150,235370500,23569987950,4328346900,4707162150,7123500,25816136250,3613136600,34143558500
2015-03-04,32000.0,32250.0,31050.0,31700.0,1243558.0,-1.5527950310559007,7916316600,38990550,24579494700,6893140850,7677466500,992488200,26463484200,4294503800,39427942700
2015-03-05,31550.0,32800.0,31300.0,31700.0,950591.0,0.0,4727530850,330940200,20693452000,4753611200,6069159600,2199878400,19522982000,2713514250,30505534250
2015-03-06,31750.0,31950.0,31100.0,31850.0,684109.0,0.47318611987381703,3390137750,362466600,15791810550,1983265550,4080226150,220631900,15360533500,1866288900,21527680450
2015-03-09,31550.0,33100.0,31350.0,31650.0,1154710.0,-0.6279434850863422,4594008900,549401900,28204660900,3971308450,7066865750,516342600,26973606650,2762565150,37319380150
2015-03-10,32050.0,32150.0,30050.0,30600.0,1126435.0,-3.3175355450236967,4231876950,162548400,26780317200,3498614900,3809169500,69747100,27803236500,2991204350,34673357450
2015-03-11,30200.0,31550.0,30000.0,30950.0,1028251.0,1.1437908496732025,1643044700,544053250,24679888000,4881970100,7198380000,406682250,20926107350,3217786450,31748956050
2015-03-12,31000.0,31900.0,30650.0,30800.0,1027081.0,-0.48465266558966075,3928952800,540026700,26437845800,1185656800,5375073700,170412100,22490832050,4056164250,32092482100
2015-03-13,31400.0,31750.0,30900.0,31250.0,759628.0,1.461038961038961,6421697400,323772350,13290675350,3721535150,5198401450,3105000,14393876950,4162296850,23757680250
2015-03-16,31300.0,31500.0,30700.0,31150.0,997368.0,-0.32,12630252600,249876950,14372207450,3800450150,6376872550,115371750,19088890700,5471652150,31052787150
2015-03-17,31200.0,33500.0,31150.0,33500.0,2004098.0,7.54414125200642,17951674650,2269427650,38266669850,7219432700,4587627150,436415200,54575928200,6107234300,65707204850
2015-03-18,33550.0,34450.0,33100.0,33400.0,1329041.0,-0.2985074626865672,4923115150,852584450,30294100800,8764201700,3620175600,328547550,33208169250,7677109700,44834002100
2015-03-19,34500.0,34600.0,33200.0,33350.0,1085156.0,-0.14970059880239522,5120781800,156333750,26262570600,5122539750,7549963350,79953000,23054096850,5978212700,36662225900
2015-03-20,33300.0,33650.0,32450.0,32950.0,937323.0,-1.199400299850075,1771524600,120865200,21046526050,7965886350,6949094550,271070300,20106428900,3578208450,30904802200
2015-03-23,33200.0,33250.0,32500.0,32600.0,838846.0,-1.062215477996965,2541035100,127068150,21625694100,3250176350,4195976650,730567600,17443698750,5173730700,27543973700
2015-03-24,32650.0,33200.0,31750.0,32250.0,950715.0,-1.0736196319018405,2757914450,370550900,25272673450,2275514450,8038899700,314012100,16680463700,5643277750,30676653250
2015-03-25,32150.0,32950.0,31750.0,32400.0,729738.0,0.46511627906976744,1054242450,225057350,18059684950,4262908900,4228120950,535187600,15853366250,2985218850,23601893650
2015-03-26,31950.0,32050.0,30750.0,30850.0,1908488.0,-4.78395061728395,14212427700,107935150,41571129400,3414098450,23462634900,84369700,30547538300,5211047800,59305590700
2015-03-27,31300.0,31400.0,28900.0,29150.0,2596931.0,-5.510534846029174,7055885100,278051700,60139741200,9380753200,21263561800,480976450,54132694900,977198050,76854431200
2015-03-30,29450.0,30600.0,29300.0,30600.0,1216921.0,4.974271012006861,5497853650,833044500,23565717400,6569805950,6635611950,719568450,26078587750,3032653350,36466421500
2015-03-31,30850.0,31300.0,29850.0,30200.0,852288.0,-1.3071895424836601,1431061250,66122450,20058881600,4423962200,6422550700,546025200,16183281400,2828170200,25980027500
2015-04-01,30150.0,30600.0,29300.0,29800.0,552652.0,-1.3245033112582782,846883750,43379900,12835672750,2760495800,4065401350,41780600,10878910300,1500339950,16486432200
2015-04-02,30050.0,30450.0,29450.0,29650.0,732364.0,-0.5033557046979865,2649042650,22089150,16254915550,2874762900,9491946250,178710700,10269596250,1860557050,21800810250
2015-04-03,30400.0,31500.0,30400.0,31450.0,1237690.0,6.070826306913997,8678329100,347774900,23962135800,5316873250,4871156350,319669350,31710106450,1404180900,38305113050
2015-04-06,32400.0,33600.0,31700.0,32550.0,1841787.0,3.4976152623211445,14898370400,148192350,43146480550,2220689850,9109311450,742046450,46624655350,3937719900,60413733150
2015-04-07,33150.0,33450.0,32600.0,33000.0,815553.0,1.3824884792626728,7641183000,32316000,15389548700,3796298650,1582459900,526483850,21483055500,3267347100,26859346350
2015-04-08,33200.0,33350.0,32600.0,33200.0,996684.0,0.6060606060606061,9936219400,708063350,17633372250,4705696250,3076297650,191873000,25200128400,4515052200,32983351250
2015-04-09,33250.0,33900.0,32250.0,33500.0,1297596.0,0.9036144578313252,11154411550,1679227350,27506508700,2461389950,10036275000,51623400,30167364650,2546274500,42801537550
2015-04-10,33750.0,34400.0,33300.0,33600.0,887866.0,0.2985074626865672,7026681350,22346000,19703615750,3174702200,2802918900,793288000,23713108100,2618030300,29927345300
2015-04-13,34000.0,36250.0,33900.0,35900.0,2431489.0,6.845238095238096,11846904200,1079213400,60535279850,12584207350,9851708400,886193800,71103739150,4203963450,86045604800
2015-04-14,35750.0,36200.0,34600.0,35900.0,1574687.0,0.0,9299859150,92416200,42738107200,3971401700,6026085700,592014800,39512379200,9971304550,56101784250
2015-04-15,36500.0,37250.0,36050.0,36650.0,1429566.0,2.0891364902506964,11388039150,470234050,35608166500,5176762050,5017919500,460886400,41568308300,5596087550,52643201750
2015-04-16,36950.0,37150.0,35900.0,36300.0,863742.0,-0.9549795361527967,2016908200,445340150,25196273600,3694225900,4178211750,178708100,23308379650,3687448350,31352747850
2015-04-17,36150.0,36200.0,35050.0,35850.0,1049267.0,-1.2396694214876034,5773544850,7286350,28114970250,3519356050,8960273000,146048800,26412969500,1895866200,37415157500
2015-04-20,35050.0,36150.0,35000.0,36000.0,780930.0,0.41841004184100417,3252443100,212954950,19883223250,4471289300,4208444800,466669200,21585281250,1559515350,27819910600
2015-04-21,36200.0,36750.0,35550.0,35650.0,765314.0,-0.9722222222222222,2778487700,106148050,22551657000,2249144700,3126242950,218046250,19787144000,4554004250,27685437450
2015-04-22,35900.0,36550.0,33600.0,34850.0,1494581.0,-2.244039270687237,3739284600,150356350,37814740450,10924190250,19186937150,188373000,30785575050,2467686450,52628571650
2015-04-23,35350.0,35400.0,34000.0,34750.0,1293184.0,-0.2869440459110474,7617227700,106754850,27659580200,9268829900,12397576200,1449827150,24859135550,5945853750,44652392650
2015-04-24,34600.0,35300.0,34000.0,34250.0,837578.0,-1.4388489208633095,8022537700,182519450,17360021000,3375408050,4856706700,139176150,21923105600,2021497750,28940486200
2015-04-27,34250.0,35950.0,33850.0,35300.0,1160666.0,3.065693430656934,15721150950,332081700,20107360950,4785361200,7750082850,171338250,25953027250,7071506450,40945954800
2015-04-28,35500.0,35750.0,34450.0,34850.0,609274.0,-1.2747875354107647,2639871300,337831000,16620223950,1762658400,2129742500,69442000,13713715700,5447684450,21360584650
2015-04-29,35000.0,35100.0,33000.0,33800.0,1272154.0,-3.012912482065997,11152606200,432799900,28456166000,2808884450,11967954400,360434850,25882405150,4639662150,42850456550
2015-04-30,32700.0,33250.0,32000.0,32250.0,1577035.0,-4.585798816568047,11596908000,101942600,32209501400,7453934500,8325498500,531603100,28623079250,13882105650,51362286500
2015-05-04,32300.0,33250.0,31850.0,31850.0,880115.0,-1.2403100775193798,2793880600,97695000,20302697850,5224718200,5901131550,62105350,14069660950,8386093800,28418991650
2015-05-06,31550.0,32000.0,31050.0,31750.0,650339.0,-0.3139717425431711,3517485900,77159150,14408408350,2525951950,2510200850,95825000,15228005050,2694974450,20529005350
2015-05-07,31500.0,32400.0,31500.0,32100.0,513388.0,1.1023622047244095,3794056500,316579450,10871430500,1427396350,2917765100,85257950,8620778250,4785661500,16409462800
2015-05-08,31800.0,32300.0,31800.0,32050.0,347108.0,-0.1557632398753894,2112583200,100124200,7122986100,1774550250,1235553250,52351650,7246376750,2575962100,11110243750
2015-05-11,32850.0,33500.0,32350.0,32450.0,545057.0,1.24804992199688,4006199400,150448050,13385012550,353659500,2527606750,3132750,12152309300,3212270700,17895319500
2015-05-12,32600.0,33100.0,32150.0,32250.0,420161.0,-0.6163328197226503,2701924850,128052500,8835831200,2020312400,1497727400,28318250,8619640250,3540435050,13686120950
2015-05-13,32200.0,32550.0,31900.0,32250.0,465548.0,0.0,3520256100,0,9861061000,1632569100,2970644100,34927800,9793425750,2214888550,15013886200
2015-05-14,32250.0,33050.0,32000.0,33050.0,566047.0,2.4806201550387597,4126897650,61074050,9776550150,4562136600,2992246750,6037200,12022767350,3505607150,18526658450
2015-05-15,33400.0,33450.0,31500.0,31500.0,829384.0,-4.689863842662632,699808550,36963250,24422685300,1421539600,6588924300,626488550,15490535000,3875048850,26580996700
2015-05-18,31500.0,31700.0,30100.0,30350.0,813158.0,-3.650793650793651,1125108250,1604750,19872557900,3979326100,5019027150,44499750,18317286000,1597784100,24978597000
2015-05-19,30600.0,30800.0,30150.0,30300.0,661910.0,-0.16474464579901155,990921900,16665000,15048629650,4104254300,5802434250,0,12261104000,2096932600,20160470850
2015-05-20,29700.0,30250.0,29300.0,29850.0,1059278.0,-1.4851485148514851,1923305100,176452400,25321757400,4160173500,4816441900,5990000,20954451700,5804804800,31581688400
2015-05-21,29750.0,29800.0,28400.0,28550.0,1324720.0,-4.355108877721943,2063010950,94547500,32011364000,4200230600,9571886150,45565650,22446969900,6304731350,38369153050
2015-05-22,28550.0,29800.0,28550.0,29800.0,869848.0,4.378283712784588,6206262439,189208000,14601933650,4611129450,2994592950,38727900,15211760000,7363452689,25608533539
2015-05-26,29550.0,29650.0,28400.0,28550.0,935381.0,-4.194630872483222,1311563600,0,20445303250,5213141550,7695608100,137937600,11443791450,7692671250,26970008400
2015-05-27,28050.0,29100.0,27800.0,28700.0,950611.0,0.5253940455341506,1848506550,18809500,14854207200,10397562750,5896986000,430707850,12818870900,7972521250,27119086000
2015-05-28,28800.0,28950.0,27700.0,27700.0,840876.0,-3.484320557491289,561457950,0,20684457100,2318319400,5245127350,337386450,12645220450,5336500200,23564234450
2015-05-29,27950.0,28400.0,27050.0,27050.0,843840.0,-2.3465703971119134,1541455400,0,17124398950,4710095400,4818280050,2820000,11778869350,6775980350,23375949750
2015-06-01,26800.0,27650.0,26650.0,27250.0,656880.0,0.7393715341959335,2530928900,0,10587435950,4808433800,2575677000,0,11102598250,4248523400,17926798650
2015-06-02,27350.0,27700.0,26250.0,26250.0,744983.0,-3.669724770642202,534775450,1337500,14312076150,5105332350,2047432350,14673750,14118552400,3772862950,19953521450
2015-06-03,26150.0,27750.0,26100.0,27100.0,767628.0,3.2380952380952377,8106341750,0,9479942050,3223801850,2649777900,0,12125842250,6034465500,20810085650
2015-06-04,27200.0,29450.0,26950.0,29300.0,1501027.0,8.118081180811808,16246124350,173572750,15482966400,11038535400,2780329800,309729800,27273088500,12578050800,42941198900
2015-06-05,29000.0,29200.0,28350.0,28600.0,718164.0,-2.3890784982935154,2268022850,389957650,13392871950,4508822950,1783652100,6395200,8360605600,10409022500,20559675400
2015-06-08,28600.0,29100.0,28250.0,28800.0,602327.0,0.6993006993006993,2681068450,141203000,10469399750,3505630050,3341749500,33141850,6523197400,6899212500,16797301250
2015-06-09,28800.0,29950.0,28700.0,29100.0,734690.0,1.0416666666666665,3765298550,9448000,14897617000,2870494200,1309425150,121911850,13969808400,6141712350,21542857750
2015-06-10,29600.0,29750.0,29050.0,29550.0,689847.0,1.5463917525773196,6240326500,75136000,9386252800,4546606250,3687999100,11776250,10988657950,5559888250,20248321550
2015-06-11,29850.0,29900.0,28300.0,28300.0,981469.0,-4.230118443316413,4039942400,76875250,22047604750,2086151200,9043825550,497082450,12582124550,6127541050,28250573600
2015-06-12,28350.0,28900.0,27250.0,27400.0,827113.0,-3.180212014134275,2362104800,30495250,15935401150,4663759950,4273240250,65246950,13978068800,4675205150,22991761150
2015-06-15,27650.0,28050.0,27100.0,27400.0,430658.0,0.0,2066974800,13575000,7378133600,2380425900,1217096200,23600200,7501550650,3096862250,11839109300
2015-06-16,27300.0,27600.0,26250.0,26550.0,734314.0,-3.102189781021898,2446780350,32050000,15176138350,1892866600,4873708000,44605250,10439775000,4189747050,19547835300
2015-06-17,26750.0,28150.0,26700.0,28000.0,714592.0,5.4613935969868175,4105832750,371151700,11692793000,3581567700,1564959650,53700000,13888494900,4244190600,19751345150
2015-06-18,28300.0,28750.0,27500.0,27500.0,363716.0,-1.7857142857142856,716039250,63145000,8519371700,887872950,775912200,11117200,6615937250,2783462250,10186428900
2015-06-19,28000.0,28500.0,27200.0,27900.0,501732.0,1.4545454545454546,4927736200,69262000,7032517200,2025943100,886660450,26257500,9657818550,3484722000,14055458500
2015-06-22,28250.0,28900.0,28200.0,28500.0,442333.0,2.1505376344086025,2387849000,121773400,9284810350,841221450,2579370050,158608000,7985653050,1912023100,12635654200
2015-06-23,29100.0,29400.0,28150.0,28600.0,741106.0,0.3508771929824561,4146626300,64429700,15664720150,1375350750,9191103200,8745000,9997151850,2054126850,21251126900
2015-06-24,28550.0,28550.0,27350.0,27950.0,738253.0,-2.272727272727273,2749181600,66110000,16134026150,1647290350,4820613450,75043000,12986827500,2714124150,20596608100
2015-06-25,27650.0,27950.0,27400.0,27400.0,598111.0,-1.9677996422182469,416573550,8310000,13439393550,2657891100,2621804600,26936000,9534235750,4339191850,16522168200
2015-06-26,27350.0,27900.0,27050.0,27300.0,555244.0,-0.36496350364963503,1794303300,76888200,11562834800,1709266050,2067731700,341636650,8685204300,4048719700,15143292350
2015-06-29,26500.0,26900.0,25700.0,25850.0,1007694.0,-5.311355311355311,1026260700,10676700,23613558300,1756301350,6327584000,28497500,16998315150,3052400400,26406797050
2015-06-30,25850.0,26800.0,25750.0,26800.0,750143.0,3.67504835589942,1346316650,0,15572937650,2846956300,5009613300,83590000,11627588250,3045419050,19766210600
2015-07-01,26600.0,27250.0,26350.0,27100.0,551990.0,1.1194029850746268,1593874000,141180000,11571331400,1515520100,2599719200,0,10286604450,1935581850,14821905500
2015-07-02,27300.0,27450.0,26250.0,27200.0,1069187.0,0.36900369003690037,2030717450,155708750,15731215450,10672595200,6094226100,98505500,17882998700,4514506550,28590236850
2015-07-03,27200.0,27950.0,27050.0,27400.0,533840.0,0.7352941176470588,1084539400,100841350,7957680800,5511525114,2637465600,58769350,9314994500,2643357214,14654586664
2015-07-06,26650.0,27050.0,26200.0,26300.0,549556.0,-4.014598540145985,193620250,525354500,12361332650,1507694650,3796133800,22017000,8993694350,1776156900,14588002050
2015-07-07,26650.0,27200.0,26600.0,26850.0,522717.0,2.091254752851711,772346250,59060000,8509772900,4667201350,1297590750,64881750,10094139100,2551768900,14008380500
2015-07-08,27000.0,27400.0,26600.0,26700.0,353430.0,-0.5586592178770949,647734450,134232500,6474585350,2257367350,1437869600,57151000,5610373650,2408525400,9513919650
2015-07-09,26400.0,26550.0,25250.0,25800.0,1070583.0,-3.3707865168539324,999010750,63703300,24092149800,2304945300,10492199800,126316350,11647622850,5193670150,27459809150
2015-07-10,26000.0,27500.0,26000.0,26800.0,906991.0,3.875968992248062,3745652250,4005750,13366235250,7322634500,4350554700,163784550,18802151800,1122036700,24438527750
2015-07-13,27100.0,27850.0,26950.0,27600.0,567712.0,2.9850746268656714,2210882000,31902900,12028980900,1296214100,2036489250,69311200,11763362300,1698817150,15567979900
2015-07-14,28050.0,28700.0,27550.0,28450.0,787170.0,3.0797101449275366,4325101950,86145500,13250769400,4604833600,3037725900,256142700,17843477250,1129504600,22266850450
2015-07-15,30650.0,31300.0,29050.0,29850.0,2234203.0,4.92091388400703,5693385700,295960200,48695089050,12295277300,9670032700,656696550,50272375500,6380607500,66979712250
2015-07-16,29800.0,30300.0,29400.0,30150.0,889589.0,1.0050251256281406,2065627300,30959000,17239006750,7247098400,1284116650,80095000,23273343700,1945136100,26582691450
2015-07-17,30350.0,30500.0,28850.0,28900.0,866698.0,-4.1459369817578775,1650199050,139442000,19688456750,3944256850,4783944850,132730750,17216575350,3289103700,25422354650
2015-07-20,28550.0,28700.0,27500.0,27950.0,1147327.0,-3.2871972318339098,1086630500,27550000,23461387800,7251366950,8292675250,25524250,20528390500,2980345250,31826935250
2015-07-21,27800.0,28750.0,27700.0,28650.0,623812.0,2.5044722719141324,1977653100,95944900,11147496600,4522067650,1303998400,27502500,14716293750,1695367600,17743162250
2015-07-22,28500.0,28750.0,27950.0,28750.0,467712.0,0.34904013961605584,1364228300,158922900,8007564400,3719306850,1681735600,6266300,8507067500,3054953050,13250022450
2015-07-23,28700.0,28750.0,27200.0,27500.0,1412189.0,-4.3478260869565215,1459704250,206890150,23908518600,13280698000,17762497500,69335750,15142311300,5881666450,38855811000
2015-07-24,26900.0,27100.0,25550.0,25650.0,2006097.0,-6.7272727272727275,1346546500,63563900,38884838450,11905688200,13960891700,136476900,25263392600,12839875850,52200637050
2015-07-27,25600.0,26350.0,25400.0,26350.0,919022.0,2.729044834307992,4470581900,51700000,13965208650,5350992400,4792090400,61907950,12360502850,6623981750,23838482950
2015-07-28,25700.0,26450.0,25450.0,26200.0,795308.0,-0.5692599620493358,2972272450,12800000,14435700500,3192303100,2089119900,0,12827376000,5696580150,20613076050
2015-07-29,26400.0,26650.0,26100.0,26250.0,463903.0,0.19083969465648853,2019798500,48840000,7954942500,2228674000,658426800,83835000,10301536400,1208456800,12252255000
2015-07-30,26600.0,26700.0,25900.0,25900.0,533479.0,-1.3333333333333335,4355542450,5038550,8400971300,1319606750,2734493700,51927200,8650601000,2644137150,14081159050
2015-07-31,26650.0,27300.0,26050.0,26100.0,1207113.0,0.7722007722007722,3995743300,63258400,21326909350,6740760550,4813501650,151087300,18647040800,8515041850,32126671600
2015-08-03,26700.0,26700.0,25050.0,25200.0,832081.0,-3.4482758620689653,1087229100,113925000,18922432350,1184891600,4122784200,0,12368038450,4817655400,21308478050
2015-08-04,25100.0,25400.0,24150.0,24550.0,1195127.0,-2.579365079365079,1659179700,74050000,25035380950,2727193750,8862858500,56936700,17221721750,3354287450,29495804400
2015-08-05,24750.0,25150.0,24500.0,24700.0,599376.0,0.6109979633401221,848748500,4950000,10782460950,3209389050,3425599400,37695000,10451384250,930869850,14845548500
2015-08-06,24800.0,24950.0,24200.0,24200.0,581247.0,-2.0242914979757085,1349257950,87885000,10506926000,2330340250,1924159050,0,9894877550,2455372600,14274409200
2015-08-07,24400.0,24650.0,24050.0,24250.0,429660.0,0.2066115702479339,868547150,13690600,7091519150,2447908000,2574029100,29120000,6711413200,1107102600,10421664900
2015-08-10,24150.0,24300.0,23050.0,23050.0,641135.0,-4.948453608247423,985827000,6190250,12622434700,1406013500,3283478250,73590950,10420807250,1242589000,15020465450
2015-08-11,23400.0,23800.0,23200.0,23200.0,548553.0,0.6507592190889371,1005640150,50019650,6903549650,4895363850,2542197200,6990000,8959699150,1345686950,12854573300
2015-08-12,22750.0,23350.0,22700.0,22900.0,597519.0,-1.293103448275862,2650853650,50900650,8932168550,2071231900,1202657300,357329000,7198293150,4946875300,13705154750
2015-08-13,23150.0,24050.0,23050.0,23900.0,617990.0,4.366812227074235,2339202650,168812550,8202753000,3906843700,2328896000,0,8395799800,3892916100,14617611900
2015-08-17,24050.0,24200.0,23350.0,23500.0,337511.0,-1.6736401673640167,990867100,0,6169955300,818046400,1932588600,0,4133538850,1912741350,7978868800
2015-08-18,23500.0,23700.0,22900.0,23050.0,436709.0,-1.9148936170212765,1856242800,2512450,7505041500,746681950,862175850,353250,6397969150,2849980450,10110478700
2015-08-19,22900.0,23000.0,21800.0,22250.0,708987.0,-3.470715835140998,1382209800,40298650,12252556700,2109450200,810649800,55790000,12211821250,2706254300,15784515350
2015-08-20,21950.0,22500.0,21600.0,21600.0,486137.0,-2.9213483146067416,1382035200,2180000,8078502100,1197447950,2373437250,264000,6094082450,2192381550,10660165250
2015-08-21,20500.0,21200.0,20500.0,20850.0,758504.0,-3.4722222222222223,2418669950,42283450,9772297050,3611201600,2125158650,116243000,11141075550,2461974850,15844452050
2015-08-24,20600.0,21650.0,20400.0,21000.0,884003.0,0.7194244604316548,1201336800,256075300,12061465450,4992559350,2410638200,40712650,11510049050,4550037000,18511436900
2015-08-25,21300.0,22800.0,20900.0,22750.0,855138.0,8.333333333333332,4530770200,401309600,11040966600,2922616900,2027910250,146292350,12894965450,3826495250,18895663300
2015-08-26,22750.0,23750.0,22600.0,23600.0,783712.0,3.7362637362637363,4122012700,20302350,9503643250,4636865200,1022772250,180253650,11157440650,5922356950,18282823500
2015-08-27,23800.0,23950.0,23250.0,23550.0,529060.0,-0.211864406779661,913773500,125080000,8536776300,2857700200,1321702500,18600000,7255202050,3837825450,12433330000
2015-08-28,24300.0,24700.0,24250.0,24700.0,680321.0,4.8832271762208075,3922367150,74460600,6609092200,6071331600,1070168300,0,13723991850,1883091400,16677251550
2015-08-31,24750.0,24800.0,24100.0,24350.0,473861.0,-1.417004048582996,1022950600,11215000,6438084750,4044922950,612523300,18225000,7122794650,3763630350,11517173300
2015-09-01,24800.0,25000.0,23350.0,23350.0,712856.0,-4.1067761806981515,1390343350,1230000,12008889250,3645210050,3713372950,121270500,11783807250,1427221950,17045672650
2015-09-02,22800.0,23700.0,22750.0,23400.0,472604.0,0.21413276231263384,1971130900,23200,6567682800,2438518200,1889144400,38388500,7340953450,1708868750,10977355100
2015-09-03,23700.0,23950.0,23150.0,23250.0,319249.0,-0.641025641025641,787709600,90606200,5757163650,862416650,791429400,0,4344241350,2362225350,7497896100
2015-09-04,23150.0,23400.0,22400.0,22550.0,427964.0,-3.010752688172043,1204527750,0,7288746850,1252833250,1450426600,34097450,7639027250,622556550,9746107850
2015-09-07,22550.0,23250.0,22450.0,23200.0,238153.0,2.882483370288248,1747025100,0,3039319200,686903000,348297850,0,4401782200,723167250,5473247300
2015-09-08,23000.0,23700.0,23000.0,23350.0,238717.0,0.646551724137931,1414089850,0,3927414200,224162000,465582200,0,3375068750,1725015100,5565666050
2015-09-09,23800.0,24050.0,23400.0,23900.0,421328.0,2.355460385438972,3630027050,0,6013990100,354483200,1775850300,600000,5769765000,2452285050,9998500350
2015-09-10,23550.0,24800.0,23450.0,24400.0,739979.0,2.092050209205021,6926328150,24450000,6758623800,4264735350,777216550,136117500,10744546850,6316256400,17974137300
2015-09-11,24350.0,24950.0,24250.0,24300.0,318336.0,-0.4098360655737705,1311311200,0,4833975500,1678250400,884577650,0,5819617050,1119342400,7823537100
2015-09-14,24500.0,24700.0,23550.0,23650.0,403896.0,-2.674897119341564,1269903750,9984000,6419767150,1953781050,1014440400,0,6082957650,2556037900,9653435950
2015-09-15,23700.0,24300.0,23550.0,24000.0,345794.0,1.4799154334038054,763163150,49832500,4077297700,3424293730,844663550,672000,5893701250,1575550280,8314587080
2015-09-16,24400.0,26150.0,24300.0,26000.0,1327331.0,8.333333333333332,7526492000,656284850,16707174500,8965877950,2773974650,8264000,29604453550,1469137100,33855829300
2015-09-17,26500.0,26900.0,26150.0,26550.0,1014957.0,2.1153846153846154,5547600950,26733000,11889261300,9471485850,2420256400,167241050,22046439450,2301144200,26935081100
2015-09-18,26800.0,26800.0,25800.0,26400.0,594470.0,-0.5649717514124294,2223615050,38187450,11612919000,1674683050,2060495350,0,9453321350,4035587850,15549404550
2015-09-21,25800.0,26100.0,25300.0,25850.0,461291.0,-2.083333333333333,802832150,15142500,9477647200,1537904900,1762769000,56839950,8103193600,1910724200,11833526750
2015-09-22,26150.0,26150.0,25600.0,25750.0,366281.0,-0.3868471953578337,1287130950,20202000,6943475450,1205402450,1610881650,0,6523723300,1321605900,9456210850
2015-09-23,25400.0,25500.0,24650.0,24800.0,461408.0,-3.6893203883495143,982242800,10030000,9578478500,957704450,2643339050,14164500,6834799500,2036152700,11528455750
2015-09-24,24950.0,25150.0,24600.0,24700.0,201008.0,-0.4032258064516129,355510300,0,4014420800,616714500,1123402150,223674250,2661676250,977892950,4986645600
2015-09-25,24700.0,25200.0,24500.0,25200.0,242287.0,2.0242914979757085,544003750,0,3426585500,2050977350,559712050,148380200,4172196200,1141278150,6021566600
2015-09-30,24550.0,24900.0,24300.0,24550.0,355973.0,-2.579365079365079,681532700,4914600,5924219900,2144124550,869969150,122250000,3700780450,4061792150,8754791750
2015-10-01,24800.0,25600.0,24600.0,25400.0,306190.0,3.462321792260693,1031998250,0,5676322050,1007885000,630110250,0,6073599100,1012495950,7716205300
2015-10-02,25400.0,25550.0,24450.0,24450.0,520813.0,-3.740157480314961,1221551150,57279250,10286270400,1302815070,725106250,42385000,6934211300,5166213320,12867915870
2015-10-05,24750.0,24850.0,24150.0,24150.0,461863.0,-1.2269938650306749,725677550,215600000,7701187200,2639832050,2559763550,86910800,4981764000,3653858450,11282296800
2015-10-06,24600.0,25100.0,24600.0,24850.0,374596.0,2.898550724637681,560236800,0,5788529900,2956024150,1448334250,12425000,7076770150,767261450,9304790850
2015-10-07,25050.0,25450.0,24850.0,25150.0,420221.0,1.2072434607645874,2132516550,76050,6207464650,2242910900,1446293850,0,7111099850,2025574450,10582968150
2015-10-08,25250.0,26000.0,25200.0,25450.0,439883.0,1.1928429423459244,1429770350,17162500,7258820100,2533886350,1101982550,0,9401868450,735788300,11239639300
2015-10-12,26000.0,26550.0,25600.0,26450.0,759585.0,3.9292730844793713,5060229200,2981100,9211353450,5692564700,919980200,44533850,17580179050,1422435350,19967128450
2015-10-13,26400.0,26900.0,26250.0,26550.0,575859.0,0.3780718336483932,1780588950,295225100,8694412650,4543797650,842425800,153549300,12180614800,2137434450,15314024350
2015-10-14,26400.0,26400.0,25450.0,25500.0,593192.0,-3.954802259887006,1654517650,149133000,11278508050,2168112100,3085902500,0,8796557450,3367810850,15250270800
2015-10-15,25300.0,26150.0,25300.0,26100.0,339179.0,2.3529411764705883,1698039050,23025100,5007448650,2053808400,1369397950,336050000,6521113350,555759900,8782321200
2015-10-16,26250.0,26350.0,25700.0,25850.0,193293.0,-0.9578544061302682,499064250,0,3893897650,628321350,743963900,7226550,3723610050,546482750,5021283250
2015-10-19,26100.0,26200.0,25550.0,25550.0,205555.0,-1.160541586073501,441689750,669022250,3224954050,985311300,1075770850,0,3330067300,915139200,5320977350
2015-10-20,25850.0,26450.0,25800.0,26250.0,439230.0,2.73972602739726,1134189200,30122400,5888988450,4447174950,1452570750,45630050,8702453900,1299820300,11500475000
2015-10-21,26250.0,26900.0,26050.0,26700.0,516356.0,1.7142857142857144,2780954950,51289100,7648205850,3281082900,1771502100,240300,11172342850,817447550,13761532800
2015-10-22,26200.0,26200.0,25000.0,25000.0,864456.0,-6.367041198501873,2538792800,32759500,15745273050,3743562350,6803733250,71770550,11536291350,3648592550,22060387700
2015-10-23,25300.0,25700.0,24500.0,25050.0,802933.0,0.2,1713077350,3765000,13040138850,5381580050,4882082400,320544750,13639218300,1296715800,20138561250
2015-10-26,25150.0,25150.0,23900.0,24050.0,866115.0,-3.992015968063872,888063850,79254000,15748775000,4308288000,4322046550,68957900,12097408950,4535967450,21024380850
2015-10-27,23800.0,24550.0,23800.0,24350.0,345088.0,1.2474012474012475,529534250,72849500,5997046800,1785476750,1448936800,43632000,6335684150,556654350,8384907300
2015-10-28,24400.0,24450.0,23650.0,24200.0,355033.0,-0.6160164271047228,632825500,130999000,6220431400,1552862350,1456282500,67379700,5260201200,1753254850,8537118250
2015-10-29,24200.0,25000.0,24000.0,24000.0,480209.0,-0.8264462809917356,2430224800,53999000,7653258650,1574204450,2005301900,27630450,7151689650,2527064900,11711686900
2015-10-30,23900.0,24050.0,23050.0,23300.0,645697.0,-2.9166666666666665,3428455650,54064000,9608801850,1995701350,3458939750,26198000,8493053850,3108831250,15087022850
2015-11-02,23300.0,23650.0,22700.0,22800.0,441827.0,-2.1459227467811157,344490000,438100,7691077500,2151004550,2595943400,83630400,5047478750,2459957600,10187010150
2015-11-03,23000.0,23550.0,22950.0,23200.0,341455.0,1.7543859649122806,2309473250,0,4519122400,1092582300,1215926850,0,5358122900,1347128200,7921177950
2015-11-04,23350.0,23700.0,23250.0,23500.0,245304.0,1.293103448275862,383788850,258500,3393731800,1980937100,755187550,4834400,3678992100,1319702200,5758716250
2015-11-05,23300.0,23450.0,23000.0,23050.0,224163.0,-1.9148936170212765,727612200,0,4002670850,458774850,659991650,0,3058188650,1470877600,5189057900
2015-11-06,23100.0,23200.0,22650.0,22800.0,306197.0,-1.0845986984815619,2029247400,45800000,4468455700,457072100,1608684250,0,4169961450,1221929500,7000575200
2015-11-09,22550.0,22700.0,21950.0,22100.0,432237.0,-3.070175438596491,1415302600,0,7699509750,467050350,1605174900,22150000,6753279300,1201258500,9581862700
2015-11-10,21600.0,23050.0,21500.0,22800.0,594044.0,3.167420814479638,3064078250,41190600,6318912500,3928598450,1529703550,0,9381791150,2441285100,13352779800
2015-11-11,22900.0,23300.0,22400.0,22900.0,319410.0,0.43859649122807015,1703928650,1219800,4525105400,1056354950,837968600,0,3594182500,2854457700,7286608800
2015-11-12,22900.0,22950.0,22300.0,22350.0,225601.0,-2.4017467248908297,1057863900,583400,3700027500,319048550,427608950,0,2254455450,2395458950,5077523350
2015-11-13,22000.0,22650.0,21950.0,22350.0,213959.0,0.0,788631350,0,2525695350,1451336700,697194050,0,2562954350,1505515000,4765663400
2015-11-16,21800.0,22050.0,21600.0,21750.0,238490.0,-2.684563758389262,738398300,0,3401350600,1056690900,328891650,4350000,2458472900,2404725250,5196439800
2015-11-17,22200.0,22600.0,21950.0,22200.0,219794.0,2.0689655172413794,650725250,0,3329140500,922015450,578068550,0,2891322400,1432490250,4901881200
2015-11-18,22300.0,22350.0,21850.0,21950.0,216255.0,-1.1261261261261262,336752150,0,3892506600,538427800,1078236300,0,2639001050,1050449200,4767686550
2015-11-19,22250.0,22700.0,22000.0,22550.0,309538.0,2.733485193621868,777242750,9922000,3796542200,2371898700,455272900,0,5828449300,671883450,6955605650
2015-11-20,22650.0,22750.0,22500.0,22650.0,205925.0,0.4434589800443459,867967600,10260450,2991253150,783376600,1480899150,68629500,2197087200,906241950,4652857800
2015-11-23,22800.0,23050.0,22600.0,22650.0,313625.0,0.0,1758350250,27456500,4574154800,781717900,2749282250,0,3928320150,464077050,7141679450
2015-11-24,22800.0,23400.0,22600.0,23100.0,396362.0,1.9867549668874174,2277698100,40551650,4555641750,2298342950,1444848650,0,5715869600,2011516200,9172234450
2015-11-25,23250.0,23250.0,22650.0,22650.0,206587.0,-1.948051948051948,440930300,0,4062217750,206311650,1276305250,0,2667438800,765715650,4709459700
2015-11-26,22950.0,22950.0,22650.0,22750.0,254880.0,0.44150110375275936,1439389800,84949350,4071198200,210444000,590507250,12579000,3442724600,1760170500,5805981350
2015-11-27,22900.0,22950.0,22600.0,22650.0,195407.0,-0.43956043956043955,483271250,11209600,3683721000,268664850,395123500,3019100,3402047750,646676350,4446866700
2015-11-30,22650.0,22700.0,21900.0,21900.0,496638.0,-3.3112582781456954,1062292000,3285000,6897917950,3007514000,1433485600,48456850,4410479250,5078587250,10971008950
2015-12-01,21900.0,22350.0,21900.0,22200.0,227305.0,1.36986301369863,1019294250,0,2665483250,1360565900,1328996500,0,3029308450,687038450,5045343400
2015-12-02,22250.0,22450.0,21950.0,22000.0,176963.0,-0.9009009009009009,277664800,11000000,3206137750,421188950,548396500,0,2746734450,620860550,3915991500
2015-12-03,21850.0,22150.0,21350.0,21850.0,385845.0,-0.6818181818181818,1266875600,1660600,5039754500,2096485800,2135814150,44240350,4588111850,1636610150,8404776500
2015-12-04,21650.0,21950.0,21550.0,21650.0,201736.0,-0.9153318077803204,319607500,7595000,2875690800,1180134650,241136250,0,2159228950,1982662750,4383027950
2015-12-07,21850.0,22000.0,21300.0,21300.0,240710.0,-1.6166281755196306,794955150,2353000,2983119600,1408834050,994452400,21632300,3348374050,824803050,5189261800
2015-12-08,21150.0,21500.0,20900.0,21000.0,298143.0,-1.4084507042253522,467736600,2100000,3973152200,1867226650,1221801950,13072500,4266237650,809103350,6310215450
2015-12-09,20800.0,21000.0,20300.0,20400.0,487737.0,-2.857142857142857,1233768350,10000050,7663402000,1087325300,2086425050,40900000,6211125100,1656045550,9994495700
2015-12-10,20100.0,20550.0,19850.0,20250.0,823724.0,-0.7352941176470588,2836019350,34030000,10596088700,3065925050,2376385700,0,7808885100,6346792300,16532063100
2015-12-11,20400.0,20500.0,19900.0,20150.0,377897.0,-0.49382716049382713,989797700,2000000,4278979800,2314980450,639981900,60300,3026523150,3919192600,7585757950
2015-12-14,19800.0,19900.0,19300.0,19350.0,517971.0,-3.970223325062035,2550742950,0,6974205200,610511750,941570900,0,4971600700,4222288300,10135459900
2015-12-15,19200.0,19900.0,19050.0,19150.0,485841.0,-1.03359173126615,1577215900,1910000,6628028000,1160240000,744737400,0,3548158900,5074497600,9367393900
2015-12-16,19550.0,20050.0,19450.0,19750.0,524116.0,3.1331592689295036,2580689550,169253950,5793293450,1824534000,1688882700,20000,6335574550,2343293700,10367770950
2015-12-17,20050.0,20350.0,19550.0,19650.0,436203.0,-0.5063291139240507,1502000750,70610000,5067931000,2017181750,1746308950,536783950,4881677300,1492953300,8657723500
2015-12-18,19600.0,19950.0,19350.0,19600.0,379403.0,-0.2544529262086514,1221383150,37169500,5474871350,757202550,1597616650,0,3695678850,2197331050,7490626550
2015-12-21,19700.0,20000.0,19350.0,19650.0,493693.0,0.25510204081632654,578870650,21390000,7992511900,1081170450,3336727600,97850000,4101778850,2137586550,9673943000
2015-12-22,19800.0,20150.0,19450.0,20100.0,394637.0,2.2900763358778624,2015824700,301420100,4886624700,610888750,971873350,58598000,4924391550,1859895350,7814758250
2015-12-23,20100.0,20700.0,19950.0,20150.0,475181.0,0.24875621890547264,4086344200,342150,5002023550,569799150,1377073100,265872850,6566692250,1448870850,9658509050
2015-12-24,20450.0,20600.0,20200.0,20200.0,281399.0,0.24813895781637718,818920900,0,4574181000,331422850,250193500,0,4475141900,999189350,5724524750
2015-12-28,20100.0,20200.0,19550.0,19600.0,430176.0,-2.9702970297029703,583392950,98000000,7307315150,508691050,425504650,39500000,7446032950,586361550,8497399150
2015-12-29,19700.0,20250.0,19500.0,20000.0,241938.0,2.0408163265306123,153732700,125964250,3912859600,636055350,617771300,297750000,3362921750,550168850,4828611900
2015-12-30,20050.0,20200.0,19650.0,19750.0,267551.0,-1.25,5469450,33043200,4605289500,646518950,1626748450,11880000,2778168900,873523750,5290321100
2016-01-04,19750.0,19800.0,19100.0,19150.0,312584.0,-3.0379746835443036,138783000,47154050,5359595700,525735200,664944550,0,4043971150,1362352250,6071267950
2016-01-05,19000.0,19850.0,19000.0,19650.0,280910.0,2.610966057441253,1378057450,50982700,2336758750,1725965800,643489600,0,3773661300,1074613800,5491764700
2016-01-06,19650.0,19900.0,19250.0,19550.0,254572.0,-0.5089058524173028,918529800,38157300,3437236100,563722050,528851200,118350,2706554300,1722121400,4957645250
2016-01-07,19300.0,19800.0,19000.0,19100.0,366792.0,-2.3017902813299234,909067400,12485800,5632598600,497726450,1746349950,193100,3606038700,1699296500,7051878250
2016-01-08,18700.0,19100.0,18650.0,18950.0,466444.0,-0.7853403141361256,834916100,119279000,7063263700,753023000,1716121700,564000,4925320600,2128475500,8770481800
2016-01-11,18750.0,21100.0,18700.0,20800.0,1066042.0,9.762532981530343,5349398250,0,11942333750,4218199200,2316743100,37850,16645941050,2547209200,21509931200
2016-01-12,21250.0,21550.0,20150.0,20800.0,853388.0,0.0,5191210350,95594450,10576283200,1914889500,2868435750,144249300,10629443950,4135848500,17777977500
2016-01-13,21200.0,24150.0,21150.0,23600.0,2983365.0,13.461538461538462,14607484150,287389600,42522317900,11920899250,7595272900,526952400,55692929550,5522936050,69338090900
2016-01-14,23000.0,24450.0,22800.0,23800.0,1419514.0,0.847457627118644,6033315100,57655200,22217795250,5056878900,4416878300,38830300,22836605500,6073330350,33365644450
2016-01-15,24400.0,24400.0,22800.0,22850.0,874100.0,-3.9915966386554618,5835277550,328455600,12640852800,1755940150,1599779750,2140450,12921946550,6036659350,20560526100
2016-01-18,23900.0,24700.0,22550.0,22800.0,1487667.0,-0.2188183807439825,5036910750,75018300,27876261700,1633084900,3876888250,64054100,18631221000,12049112300,34621275650
2016-01-19,22950.0,23050.0,21950.0,22450.0,663814.0,-1.5350877192982455,3109290800,194688400,9390440450,2220147300,2965212200,10487150,9431077250,2507790350,14914566950
2016-01-20,22450.0,22650.0,20900.0,21700.0,979058.0,-3.34075723830735,2470224350,74391800,14997556000,3515796900,4510007300,174593700,12522336450,3851031600,21057969050
2016-01-21,21700.0,22450.0,21250.0,21750.0,874186.0,0.2304147465437788,5226529200,198128050,11935098750,1837554700,2489958550,47958750,11692319700,4967073700,19197310700
2016-01-22,22200.0,22850.0,21600.0,22700.0,911573.0,4.3678160919540225,4868329350,64099000,13412736800,1968921850,1575428900,15815000,12902209700,5820633400,20314087000
2016-01-25,23100.0,24150.0,22700.0,23450.0,987522.0,3.303964757709251,6263308000,284792050,14070934350,2698951700,1880439350,24042350,17912586500,3500917900,23317986100
2016-01-26,23100.0,23600.0,22650.0,23050.0,577032.0,-1.7057569296375266,1324729150,599974400,9378086900,2016487700,2022170500,8808600,8773162000,2515137050,13319278150
2016-01-27,23800.0,25600.0,23700.0,25400.0,2929374.0,10.195227765726681,9698075000,359800350,37213426100,25705697150,7584448150,698592850,61681519750,3012437850,72976998600
2016-01-28,26050.0,26450.0,24800.0,25800.0,1731528.0,1.574803149606299,10338388300,96493900,31178116400,2983639500,4751840800,18090450,33597294700,6229412150,44596638100
2016-01-29,25900.0,26200.0,25050.0,25300.0,1245885.0,-1.937984496124031,7011194400,297571050,18429475150,6060642750,15154761650,2603300,14761583700,1879934700,31798883350
2016-02-01,25750.0,25800.0,25000.0,25700.0,838144.0,1.5810276679841897,4331412800,99218300,10229509000,6637584250,6387064250,102075000,12023429400,2785155700,21297724350
2016-02-02,25600.0,25600.0,24700.0,25200.0,762808.0,-1.9455252918287937,4244151550,19474850,10046198100,4878003000,4178750950,109340050,12113150850,2786585650,19187827500
2016-02-03,24600.0,25800.0,24350.0,25550.0,741800.0,1.3888888888888888,4469309600,11188450,9201261000,4940199550,3241702950,27030500,13589823400,1763401750,18621958600
2016-02-04,25800.0,26400.0,25250.0,25450.0,840878.0,-0.3913894324853229,4688179450,107749500,13588417450,3331527600,4159476650,305710150,15587548200,1663139000,21715874000
2016-02-05,25700.0,25800.0,25350.0,25350.0,533768.0,-0.3929273084479371,3909549250,148266350,6133253150,3432639450,6578404000,58353450,6462845650,524105100,13623708200
2016-02-11,24150.0,24900.0,24150.0,24350.0,670206.0,-3.9447731755424065,827019800,80091150,9707243750,5794011550,4473030450,144390600,10936876450,854068750,16408366250
2016-02-12,24200.0,24950.0,23550.0,23900.0,859551.0,-1.8480492813141685,5227975550,40860000,10603947500,4965377400,6068591100,114231300,13135168400,1520169650,20838160450
2016-02-15,24550.0,25150.0,24350.0,25100.0,630122.0,5.02092050209205,5842329550,118154850,6119123000,3568565600,5189838300,341204550,9299087400,818042750,15648173000
2016-02-16,25300.0,25400.0,24550.0,24950.0,378614.0,-0.5976095617529881,874882450,62516200,6799087350,1701537200,1468801800,60796750,6043538150,1864886500,9438023200
2016-02-17,24950.0,25500.0,24400.0,25150.0,443622.0,0.8016032064128256,2315917300,10190500,6046645550,2744161550,2135366500,102086250,7678820250,1200641900,11116914900
2016-02-18,25900.0,26050.0,25300.0,25800.0,668456.0,2.584493041749503,4573814300,103600,9311434750,3302191750,1802995250,179345550,13391269650,1813933950,17187544400
2016-02-19,25550.0,26000.0,25450.0,25700.0,355893.0,-0.3875968992248062,1870350100,24986200,5727495750,1522003300,1562568000,140882100,5963816400,1477568850,9144835350
2016-02-22,25700.0,25700.0,25000.0,25200.0,444185.0,-1.9455252918287937,1107465700,62021600,7846737250,2197777900,4201323350,144871550,5860415650,1007391900,11214002450
2016-02-23,25800.0,25900.0,25050.0,25100.0,378294.0,-0.3968253968253968,1087862150,75660900,6082131000,2358746800,2886123050,183750250,5984553200,549974350,9604400850
2016-02-24,24850.0,24850.0,24000.0,24400.0,707453.0,-2.788844621513944,1710473800,87960400,11368998350,4020449400,5662591150,10314000,9627151850,1887824950,17187881950
2016-02-25,24550.0,24900.0,24300.0,24300.0,342597.0,-0.4098360655737705,448385250,48349000,4613593950,3302987300,1573627950,87018300,4627784750,2124884500,8413315500
2016-02-26,24700.0,25250.0,24400.0,25250.0,413601.0,3.909465020576132,1508444850,3910250,3729963100,4987613050,2164144650,112527050,6612753300,1340506250,10229931250
2016-02-29,25250.0,25350.0,24650.0,25100.0,358541.0,-0.594059405940594,3108185800,2088200,3506972850,2353698300,2801756650,28634000,3788709750,2351844750,8970945150
2016-03-02,25550.0,25950.0,25350.0,25850.0,552726.0,2.9880478087649402,4585379000,15544150,7733892050,1884894450,978049950,70750200,12053055100,1117854400,14219709650
2016-03-03,25850.0,26950.0,25850.0,26900.0,1135584.0,4.061895551257253,7744093300,204702050,13755842450,8598601050,3112500100,77565250,25161803750,1951369750,30303238850
2016-03-04,27000.0,27100.0,26350.0,26900.0,388865.0,0.0,3137615600,41430000,5907752450,1297642150,1891633850,132558600,6582328300,1777919450,10384440200
2016-03-07,26900.0,27700.0,26850.0,27100.0,929057.0,0.7434944237918215,13030462750,23638800,9161391950,3137155300,9409598150,54841000,14354954100,1533255550,25352648800
2016-03-08,27400.0,27550.0,26550.0,27150.0,616418.0,0.18450184501845018,7826285500,219832400,6428864200,2146042600,6335815050,67036000,9237982250,980191400,16621024700
2016-03-09,26900.0,27600.0,26500.0,27400.0,578038.0,0.9208103130755065,7416278750,57849950,6079086800,2102717900,1678782400,31397250,11770573300,2175180450,15655933400
2016-03-10,27650.0,28750.0,27550.0,28700.0,1319671.0,4.744525547445255,14232893050,169987350,12140163600,10860912700,5248442000,297882300,29941144300,1916488100,37403956700
2016-03-11,28700.0,28900.0,28150.0,28650.0,750471.0,-0.17421602787456447,9264757150,186934000,9164006500,2820419150,4851657300,103173250,12857585650,3623700600,21436116800
2016-03-14,29000.0,29200.0,27600.0,27600.0,672319.0,-3.664921465968586,7456871400,97540350,9268384800,2094593400,6733508800,504900,8818332500,3365043750,18917389950
2016-03-15,27750.0,28200.0,27450.0,27950.0,422323.0,1.2681159420289856,3304173800,736931200,5030043650,2718385600,4496619350,100052400,6567239500,625623000,11789534250
2016-03-16,27550.0,27750.0,26050.0,26200.0,1352361.0,-6.261180679785331,6714837150,190043200,26486346450,2560298700,13316019750,597547800,19513484700,2524473250,35951525500
2016-03-17,26600.0,27300.0,26550.0,27050.0,974182.0,3.2442748091603053,6838207100,138751200,11981359200,7353209800,10351237900,28877550,14645100150,1286311700,26311527300
2016-03-18,27350.0,28450.0,27350.0,28200.0,909709.0,4.251386321626617,9122259550,140341600,9197531300,7127550850,5636288300,117759350,18611232750,1222402900,25587683300
2016-03-21,28050.0,28500.0,27500.0,28350.0,517661.0,0.5319148936170213,5603695750,196862850,7178387600,1523208300,5624728000,8191500,6774730050,2094504950,14502154500
2016-03-22,28650.0,29000.0,27550.0,27950.0,1223108.0,-1.4109347442680775,6323382250,401957200,25005598450,2629921900,15332181800,1765021200,13616335250,3647321550,34360859800
2016-03-23,28050.0,28100.0,27200.0,27400.0,533653.0,-1.9677996422182469,1775394700,120850850,10336930750,2487635150,5229758150,30547250,7799213000,1661293050,14720811450
2016-03-24,27050.0,27550.0,27000.0,27050.0,383288.0,-1.2773722627737227,522447700,122475750,7654986050,2111596050,4263736800,224012400,4939399150,984357200,10411505550
2016-03-25,27300.0,28000.0,27050.0,27600.0,561497.0,2.033271719038817,4396768550,74933500,8469924450,2575265800,4130228400,79407200,8899357950,2407898750,15516892300
2016-03-28,27300.0,27400.0,26650.0,27000.0,402710.0,-2.1739130434782608,2211064400,7152000,7397220250,1265045700,3890756900,33808500,5670479900,1285437050,10880482350
2016-03-29,27150.0,27650.0,26800.0,27650.0,286109.0,2.4074074074074074,2333826150,187964050,3108404700,2178955550,1289633700,21925000,5866864950,630726800,7809150450
2016-03-30,27900.0,28200.0,27450.0,27850.0,406215.0,0.7233273056057866,2061097250,14057100,6756387850,2474202850,1884318050,156376000,7799507750,1465543250,11305745050
2016-03-31,28000.0,28000.0,26900.0,27300.0,603277.0,-1.9748653500897666,3262386050,0,9409931250,3728821900,5630472050,255106350,6852130600,3663430200,16401139200
2016-04-01,27300.0,27450.0,26500.0,26900.0,469433.0,-1.465201465201465,1743391950,80559800,6920153050,3878447950,2916455450,453050,6155331000,3550313250,12622552750
2016-04-04,26650.0,26750.0,25300.0,25800.0,1082535.0,-4.089219330855019,4379977150,216249300,20121279200,3236138650,10958265150,77297150,15249360850,1668721150,27953644300
2016-04-05,25800.0,26200.0,25400.0,25900.0,420605.0,0.3875968992248062,1409259950,19740700,5893111300,3586616700,3847971800,184254850,5293450950,1583051050,10908728650
2016-04-06,25950.0,27200.0,25950.0,27200.0,579918.0,5.019305019305019,6971084400,3282250,6881728900,1643656900,2766869500,51867700,11480168250,1200847000,15499752450
2016-04-07,27200.0,27400.0,26300.0,26500.0,556473.0,-2.5735294117647056,6372911150,25296200,6740358850,1713670950,4714065650,102990600,5570144700,4465036200,14852237150
2016-04-08,26400.0,26750.0,26050.0,26550.0,450558.0,0.18867924528301888,2875474050,4078500,5077284600,3965539750,5510026000,113435150,4608967800,1689947950,11922376900
2016-04-11,26350.0,26750.0,26050.0,26150.0,761140.0,-1.5065913370998116,6472317250,355545750,9923329000,3254407200,4247125100,379658550,6072840650,9305974900,20005599200
2016-04-12,25950.0,28300.0,25900.0,28250.0,1867461.0,8.030592734225621,19023974250,498988250,18749222600,13204137000,10207498100,169835200,36988108000,4110880800,51476322100
2016-04-14,28450.0,29150.0,28050.0,29150.0,1161908.0,3.185840707964602,10967494450,33751350,14438371300,7782512850,2142194750,16161600,27054586800,4009186800,33222129950
2016-04-15,29000.0,29000.0,27900.0,28200.0,765792.0,-3.2590051457975986,7024929200,146902600,12750551700,1821292400,6287920900,538586400,10418647100,4498521500,21743675900
2016-04-18,27800.0,28050.0,27300.0,28050.0,710557.0,-0.5319148936170213,6875069300,57254250,9922702350,2786095800,7414257850,111656250,6019117250,6096090350,19641121700
2016-04-19,28700.0,29400.0,28500.0,28600.0,990546.0,1.9607843137254901,8289911450,209708100,17071900600,3053477100,4534318700,60384600,19315406300,4714887650,28624997250
2016-04-20,29050.0,29250.0,28300.0,28450.0,646228.0,-0.5244755244755245,7070294150,833459200,9703551150,993727100,3746343350,164162000,11721536350,2968989900,18601031600
2016-04-21,28900.0,29500.0,28250.0,29400.0,1091892.0,3.3391915641476277,19314958150,299847750,10844095050,1329846200,3576427650,88670500,23260093150,4863555850,31788747150
2016-04-22,29200.0,29200.0,28300.0,28500.0,779048.0,-3.061224489795918,5569142050,28900000,15255056750,1489735400,6065506300,370039400,7588817800,8318470700,22342834200
2016-04-25,29300.0,29450.0,28300.0,28350.0,700322.0,-0.5263157894736842,1735847550,132635050,15656698550,2630439150,5783408050,4025550,12416396050,1951790650,20155620300
2016-04-26,28100.0,28250.0,27700.0,28000.0,470350.0,-1.2345679012345678,1646314750,25325000,10085772800,1383511050,4587913350,276255800,7663758100,612996350,13140923600
2016-04-27,28150.0,28600.0,27800.0,28300.0,504266.0,1.0714285714285714,6421808700,28500000,5865938350,1948918450,4203870350,112176850,8676502800,1272615500,14265165500
2016-04-28,28400.0,30050.0,28150.0,30000.0,2464074.0,6.007067137809187,33107068150,1129453750,29378794550,9701569650,8032346100,328754100,58980440350,5975345550,73316886100
2016-04-29,29800.0,31350.0,29250.0,31000.0,2174338.0,3.3333333333333335,34860836600,215324650,27411003450,3884003850,8623619000,1319052850,49715560900,6712935800,66371168550
2016-05-02,31250.0,31600.0,30800.0,30950.0,1124340.0,-0.16129032258064516,15874016150,37447100,16115950400,2911795400,5469343150,969931450,23452688300,5047246150,34939209050
2016-05-03,31350.0,31450.0,30050.0,30750.0,1152589.0,-0.6462035541195477,10433706700,183065650,21568807750,3130080350,4476691200,377796300,23111432950,7349740000,35315660450
2016-05-04,30700.0,30850.0,29350.0,29750.0,1115135.0,-3.2520325203252036,12519100350,141110000,17825394850,2797008400,11858263950,317181650,16323936100,4783231900,33282613600
2016-05-09,29650.0,29950.0,28950.0,29400.0,820448.0,-1.1764705882352942,6081307450,0,10616991400,7372936950,6413844350,473472350,13692665700,3491253400,24071235800
2016-05-10,29350.0,30200.0,28850.0,30100.0,640596.0,2.380952380952381,6470704600,106431000,7649855950,4739957500,3967652450,101960600,10717125400,4180210600,18966949050
2016-05-11,30350.0,31150.0,30300.0,31050.0,1153599.0,3.1561461794019934,16565992850,10470600,9070116400,10012651400,10289845650,301212400,21348640250,3719532950,35659231250
2016-05-12,30800.0,31500.0,30550.0,31500.0,769717.0,1.4492753623188406,15511022100,115335950,6115353100,2256574500,9380838200,476281500,12163107100,1978058850,23998285650
2016-05-13,31100.0,31550.0,30800.0,31500.0,473710.0,0.0,4841555350,80194450,5750547550,4168272250,3590591050,519961350,8313871350,2416145850,14840569600
2016-05-16,31200.0,31800.0,30700.0,31250.0,553757.0,-0.7936507936507936,7946849600,265526200,6100324500,3037060300,3734388000,381579850,10115812850,3117979900,17349760600
2016-05-17,31300.0,31600.0,30150.0,30300.0,726649.0,-3.04,5363985300,163365750,11358734650,5363965000,8039308400,383731850,11994209250,1832801200,22250050700
2016-05-18,29850.0,30950.0,29800.0,30450.0,498036.0,0.49504950495049505,4520269700,31741800,5512369300,5069424600,4305160450,87375650,8897130550,1844138750,15133805400
2016-05-19,30350.0,30450.0,28750.0,29150.0,928161.0,-4.269293924466338,6863295100,78836700,13657401850,6554419500,7989609800,63672550,14960681350,4139989450,27153953150
2016-05-20,29050.0,29700.0,29000.0,29500.0,409287.0,1.2006861063464835,4171370200,16276900,5917081450,1966049050,1933730050,23058100,6288940350,3825049100,12070777600
2016-05-23,29150.0,29750.0,28750.0,29450.0,344959.0,-0.1694915254237288,5467854450,65242800,4066589200,513676600,3812103100,176505050,5218192850,906562050,10113363050
2016-05-24,29150.0,29450.0,28400.0,28600.0,392658.0,-2.886247877758913,2654633600,44931650,6831746250,1753608500,3846842900,0,5760170450,1677906650,11284920000
2016-05-25,29300.0,29800.0,29150.0,29200.0,331971.0,2.097902097902098,4404586100,8760000,4072447800,1286086700,1253867550,125116700,6393319850,1999576500,9771880600
2016-05-26,29450.0,29450.0,28550.0,28600.0,240414.0,-2.054794520547945,953907350,146554450,4412577050,1415192700,1504082200,0,2470719500,2953429850,6928231550
2016-05-27,28500.0,29300.0,28500.0,28600.0,315409.0,0.0,1299512650,28530000,5960753750,1748656550,3487369500,60364450,3790544550,1699174450,9037452950
2016-05-30,28750.0,29050.0,28500.0,28850.0,353886.0,0.8741258741258742,4178198650,315776550,3757530350,1924003900,4339634850,143172750,4463181300,1229520550,10175509450
2016-05-31,28850.0,29650.0,28550.0,29600.0,425813.0,2.5996533795493932,4914630000,14685000,2727975400,4873615550,460401850,334702800,6753957750,4981843550,12530905950
2016-06-01,29400.0,30050.0,29300.0,29700.0,314484.0,0.33783783783783783,2570282850,757575850,2391295550,3639959450,984174700,135134050,5380275900,2859529050,9359113700
2016-06-02,30000.0,30000.0,28850.0,28900.0,392885.0,-2.6936026936026933,2511975800,8460450,5536668050,3387032350,3435505300,107644350,6091164900,1809822100,11444136650
2016-06-03,28950.0,29150.0,28150.0,28600.0,304479.0,-1.0380622837370241,1363589450,71350000,5679682500,1577967400,1574794700,0,4955436050,2162358600,8692589350
2016-06-07,28550.0,29150.0,28550.0,28900.0,282827.0,1.048951048951049,2520636600,2900000,3611582350,2054130650,2680960300,0,4515806900,992482400,8189249600
2016-06-08,28950.0,29050.0,28450.0,28800.0,240643.0,-0.34602076124567477,1291353000,1008750,4325591050,1294414500,1648600900,0,4287236100,976530300,6912367300
2016-06-09,28700.0,30200.0,28700.0,29450.0,903333.0,2.256944444444444,12824220400,216301350,9838551100,3919216100,8951574250,25856000,15715045000,2105813700,26798288950
2016-06-10,29600.0,30200.0,29550.0,29800.0,347274.0,1.1884550084889642,4793316100,21976000,4029787900,1565484800,1768592650,86811800,7695594400,859565950,10410564800
2016-06-13,29600.0,29650.0,28700.0,28850.0,323475.0,-3.1879194630872485,1520107200,16274950,6503148450,1302402750,3736828850,173723150,3600674600,1830706750,9341933350
2016-06-14,28600.0,29000.0,27900.0,28150.0,525193.0,-2.4263431542461005,2116357350,32848500,9412427600,3285098300,6466538100,516973000,5925889150,1937331500,14846731750
2016-06-15,28150.0,28150.0,27250.0,27300.0,555280.0,-3.019538188277087,2696764200,31497500,9709411750,2835540650,7518571700,54825000,6578960000,1120857400,15273214100
2016-06-16,27450.0,27750.0,26550.0,27000.0,551650.0,-1.098901098901099,2805961450,16742600,7140099200,4917652750,6272145550,257085350,7686312250,664912850,14880456000
2016-06-17,27150.0,27450.0,26450.0,26550.0,524625.0,-1.6666666666666667,2540348350,100832050,7866497750,3500343250,6859494500,19171150,5853729650,1275626100,14008021400
2016-06-20,26900.0,28550.0,26900.0,28400.0,538390.0,6.96798493408663,5069766950,17802000,5859349200,4072407000,2473917300,0,12119088700,426319150,15019325150
2016-06-21,28200.0,28650.0,28100.0,28150.0,260118.0,-0.8802816901408451,2536256100,197700000,2824132850,1826538150,1397721900,0,3955940050,2030965150,7384627100
2016-06-22,28200.0,28600.0,28000.0,28400.0,181714.0,0.8880994671403196,980704600,0,2464786200,1721895300,812830650,56900000,3270793150,1026862300,5167386100
2016-06-23,28400.0,28950.0,28150.0,28950.0,314996.0,1.936619718309859,2471319000,6792700,3573422950,2941188900,1076667150,34190000,5357740800,2524125600,8992723550
2016-06-24,29500.0,29500.0,26700.0,27450.0,1033065.0,-5.181347150259067,8928633550,412160850,15058098050,4327358300,4963885700,347791850,17174926950,6239646250,28726250750
2016-06-27,26800.0,27150.0,26300.0,26800.0,662823.0,-2.3679417122040074,2881052100,202563200,13734789150,826898550,7306779850,164946200,8524231100,1649345850,17645303000
2016-06-28,26400.0,27800.0,26300.0,27600.0,353317.0,2.9850746268656714,1337179600,0,5733846450,2565781650,1294120500,95389850,7033824950,1213472400,9636807700
2016-06-29,27900.0,28000.0,27450.0,27550.0,320257.0,-0.18115942028985507,1571734300,0,6395610800,917653250,1541772550,0,6691086100,652139700,8884998350
2016-06-30,28000.0,28350.0,27650.0,27750.0,263979.0,0.7259528130671506,3067782900,1114000,2926918150,1387863450,2242743550,226139800,4280631950,634163200,7383678500
2016-07-01,28150.0,28600.0,27900.0,28050.0,267290.0,1.0810810810810811,1473332000,0,3900794050,2163681550,2184569050,45253300,4675337900,632647350,7537807600
2016-07-04,28100.0,28700.0,27750.0,28650.0,282242.0,2.13903743315508,2002154050,136351500,3968156000,1909371300,1389883050,101766550,5830111850,694271400,8016032850
2016-07-05,28550.0,28650.0,28000.0,28200.0,265998.0,-1.5706806282722512,959563250,1967000,5961976700,592537300,3134243650,57128750,2813911600,1510760250,7516044250
2016-07-06,28000.0,28050.0,27200.0,27350.0,351887.0,-3.0141843971631204,684684450,65981450,7005119850,1897651250,4951463900,0,3677859100,1024114000,9653437000
2016-07-07,27600.0,27800.0,27050.0,27300.0,384151.0,-0.18281535648994515,704344100,17104500,7025360000,2760691850,4666849900,41708850,4896662400,902279300,10507500450
2016-07-08,26250.0,26550.0,25150.0,25800.0,2008500.0,-5.4945054945054945,14875203350,124415450,33210786550,3399648150,19134092800,37562700,20070537200,12367860800,51610053500
2016-07-11,25900.0,26250.0,25700.0,26200.0,450741.0,1.550387596899225,2765810100,36414150,6500535250,2409572850,2494293200,5260150,7244755150,1968023850,11712332350
2016-07-12,26050.0,26350.0,25950.0,26150.0,496408.0,-0.19083969465648853,4163057300,261145000,5341518500,3199255400,5093538850,96402850,6092126200,1682908300,12964976200
2016-07-13,26500.0,27150.0,26400.0,26650.0,481491.0,1.9120458891013385,2795449200,18263850,6705336450,3358980050,2439810050,0,9210720000,1227499500,12878029550
2016-07-14,26700.0,27000.0,26350.0,26700.0,399653.0,0.18761726078799248,3388141400,18684000,5438466450,1815372550,5313556200,15989050,3827211750,1503907400,10660664400
2016-07-15,27000.0,27050.0,26500.0,26500.0,323029.0,-0.7490636704119851,2327991400,4154000,4274740900,2003772700,3201904200,38796250,3261715700,2108242850,8610659000
2016-07-18,26500.0,26800.0,26500.0,26550.0,152650.0,0.18867924528301888,125427400,31393700,2556956850,1342936550,1057497200,95220650,2790515600,113481050,4056714500
2016-07-19,26350.0,26550.0,25850.0,26250.0,260070.0,-1.1299435028248588,302684750,37292400,4625436150,1831879750,2434874850,0,3635719550,726698650,6797293050
2016-07-20,26100.0,26450.0,26100.0,26300.0,257445.0,0.19047619047619047,2411531950,52650000,2487793800,1821422850,3203415800,2630000,3078393900,488958900,6773398600
2016-07-21,26400.0,26750.0,26200.0,26500.0,322678.0,0.7604562737642585,2254534050,86303050,3885076750,2296154450,5167231150,0,2847049650,507787500,8522068300
2016-07-22,26400.0,27150.0,26350.0,26900.0,387606.0,1.509433962264151,3666577300,305968300,4541084250,1925272300,1457503650,59324000,7253224650,1668849850,10438902150
2016-07-25,27150.0,27400.0,26950.0,27250.0,219226.0,1.3011152416356877,2402343000,6398750,2542771250,1020935050,315535350,27300000,4821423250,808189450,5972448050
2016-07-26,27200.0,27700.0,27050.0,27600.0,270927.0,1.2844036697247707,2631102450,9973100,3535866500,1258627350,603343400,0,5601956300,1230269700,7435569400
2016-07-27,27800.0,28200.0,27500.0,27600.0,582542.0,0.0,7025146000,28200000,7665134650,1544905850,4272544500,80139250,7175508950,4735193800,16263386500
2016-07-28,27600.0,28800.0,27550.0,28500.0,899394.0,3.260869565217391,8007497550,151106500,12256597250,5113820900,5564608700,245789050,16400246000,3318378450,25529022200
2016-07-29,27950.0,29300.0,27200.0,28700.0,1766054.0,0.7017543859649122,20516996500,414060500,16932547450,12186016977,6626623150,150634950,25224570600,18047792727,50049621427
2016-08-01,29150.0,29600.0,28700.0,29150.0,798811.0,1.5679442508710801,9342611550,972331700,6763965900,6301879350,3906736850,294221250,11922172600,7257657800,23380788500
2016-08-02,29000.0,29600.0,28850.0,29150.0,557696.0,0.0,9312152650,22702850,4099185500,2941163000,3272515950,28528550,10112606650,2961552850,16375204000
2016-08-03,28800.0,29250.0,28450.0,29150.0,309891.0,0.0,3636543000,0,3997576700,1333399400,908463800,157825000,6390934450,1510295850,8967519100
2016-08-04,29200.0,29350.0,28700.0,29000.0,342283.0,-0.5145797598627788,5848926650,3462000,2163681850,1923249600,4613454600,364250000,3564849250,1396766250,9939320100
2016-08-05,29050.0,29600.0,28900.0,29500.0,342507.0,1.7241379310344827,4495585800,102211700,2816375700,2674011700,2119402300,96722450,7439554900,432505250,10088184900
2016-08-08,29800.0,30050.0,29600.0,29800.0,348874.0,1.0169491525423728,4171256550,173207650,4892421850,1170051150,2046540950,1485000,6928461250,1430450000,10406937200
2016-08-09,29850.0,30050.0,29700.0,29950.0,322444.0,0.5033557046979865,5220400850,8170300,2942274500,1476870100,1526184600,277303350,5879967650,1964260150,9647715750
2016-08-10,29800.0,29900.0,29450.0,29600.0,295748.0,-1.1686143572621035,2365330950,10698700,3016018500,3368811450,2688544450,105273500,4844504150,1122537500,8760859600
2016-08-11,29500.0,29850.0,29250.0,29600.0,282785.0,0.0,4339202200,0,2647459200,1392387550,2735223100,0,3602332750,2041493100,8379048950
2016-08-12,29800.0,30000.0,29600.0,29950.0,275198.0,1.1824324324324325,2842523350,22937250,3476942400,1875188400,1522620500,72437200,5808758650,813775050,8217591400
2016-08-16,29900.0,30300.0,29600.0,29650.0,262207.0,-1.001669449081803,1340053350,90000,3959133650,2545523100,1066879900,78937000,4211291500,2487691700,7844800100
2016-08-17,29650.0,29800.0,29000.0,29100.0,341186.0,-1.854974704890388,823844100,0,6619560050,2531589300,2089444700,152965750,4933115550,2799467450,9974993450
2016-08-18,29100.0,29600.0,29100.0,29400.0,204863.0,1.0309278350515463,1485703600,0,2208397550,2332866050,1906089800,2650200,3404915550,713311650,6026967200
2016-08-19,29600.0,30900.0,29500.0,30800.0,1225223.0,4.761904761904762,13278366300,55807400,14215630650,9876323800,6256371050,54260950,29156557950,1958938200,37426128150
2016-08-22,30700.0,30750.0,30300.0,30600.0,368988.0,-0.6493506493506493,3816601600,210283050,4581272450,2677468350,2398293900,63814500,6318670500,2504846550,11285625450
2016-08-23,30950.0,31450.0,30400.0,30550.0,672692.0,-0.16339869281045752,8747431400,61278350,9108680100,2889431900,8584574700,61592400,10546917900,1613736750,20806821750
2016-08-24,30550.0,30600.0,29600.0,29600.0,571153.0,-3.109656301145663,3051434850,170647050,11110300850,2734635200,4520683400,327949450,7233144700,4985240400,17067017950
2016-08-25,29650.0,29950.0,29450.0,29650.0,298640.0,0.16891891891891891,2420926250,2973600,4881465500,1563966750,3069978300,88745300,4721812600,988795900,8869332100
2016-08-26,29600.0,29650.0,28850.0,29600.0,326347.0,-0.16863406408094433,3324602950,58479200,5107437150,1067323600,1544869500,14397000,6682454400,1316122000,9557842900
2016-08-29,29100.0,29600.0,28700.0,28850.0,218615.0,-2.5337837837837838,1977850900,60032500,3598598500,716701150,1905900900,21098800,3218415400,1207767950,6353183050
2016-08-30,29050.0,29250.0,28750.0,28900.0,151425.0,0.17331022530329288,1385671800,31211350,2561854900,403793550,1682913650,29150,2035606600,663982200,4382531600
2016-08-31,28650.0,29150.0,28500.0,28750.0,270623.0,-0.5190311418685121,2654357100,68724250,3156816600,1888834850,886947200,615312650,3514516850,2751956100,7768732800
2016-09-01,28750.0,29800.0,28550.0,29650.0,327491.0,3.130434782608696,4960048900,137031450,2684710550,1848486850,1397365550,165629950,6093456800,1973825450,9630277750
2016-09-02,29750.0,29900.0,29000.0,29100.0,193565.0,-1.854974704890388,440402900,30678100,4412306600,772911700,1476838400,14575000,2707797650,1457088250,5656299300
2016-09-05,29400.0,29850.0,29200.0,29700.0,252660.0,2.0618556701030926,2875421050,0,3223451450,1382005200,1506077550,0,4807307000,1167493150,7480877700
2016-09-06,29750.0,29750.0,28950.0,29050.0,272860.0,-2.1885521885521886,800552100,11213200,5255061950,1917727400,3503704000,220460000,2473353250,1787037400,7984554650
2016-09-07,29150.0,29350.0,28850.0,28950.0,191752.0,-0.34423407917383825,1457210200,47925900,2453407150,1615831550,2520347550,29100,2630482150,423516000,5574374800
2016-09-08,28950.0,29400.0,28650.0,29000.0,219874.0,0.17271157167530224,1668201750,28700000,3192960050,1461428850,2946738400,806400,2719557750,684188100,6351290650
2016-09-09,28850.0,29200.0,28650.0,28800.0,152514.0,-0.6896551724137931,1148703600,404850,2252064850,1001157950,1121391550,0,2583893750,697045950,4402331250
2016-09-12,28300.0,28500.0,27500.0,27500.0,462693.0,-4.513888888888888,3155212000,43623000,9197169100,473021750,4802557650,28100,4946857550,3119582550,12869025850
2016-09-13,27850.0,28000.0,27100.0,27350.0,235584.0,-0.5454545454545455,858852100,33124700,3927430600,1640549250,1627469000,0,2505144000,2327343650,6459956650
2016-09-19,27100.0,27350.0,26600.0,27300.0,312086.0,-0.18281535648994515,1374479000,17346800,5111173050,1918147050,4082761050,54039450,2312528350,1971817050,8421145900
2016-09-20,27300.0,27700.0,27000.0,27650.0,166313.0,1.282051282051282,1916509600,15959500,1979055800,646053200,1287183450,0,2007711100,1262683550,4557578100
2016-09-21,28000.0,28300.0,27650.0,28300.0,193083.0,2.3508137432188065,659418300,80765000,2112427000,2550283050,413070700,97889400,3348694450,1543238800,5402893350
2016-09-22,28800.0,29250.0,28450.0,28900.0,414494.0,2.1201413427561837,5239922650,48716650,4591127950,2115433150,2235271200,3618750,7152960600,2603349850,11995200400
2016-09-23,28900.0,29000.0,28650.0,28800.0,163660.0,-0.34602076124567477,984444050,144100,2775285800,946144250,1723107550,0,2166623400,816287250,4706018200
2016-09-26,28600.0,28950.0,28500.0,28600.0,124239.0,-0.6944444444444444,1296149450,0,1981399750,292849050,832867000,28600,2062462150,675040500,3570398250
2016-09-27,28250.0,29050.0,28250.0,29000.0,174027.0,1.3986013986013985,1599649500,0,2732566400,678735450,779040600,28400,3741140050,490742300,5010951350
2016-09-28,29000.0,29400.0,28700.0,28700.0,252480.0,-1.0344827586206897,3096516250,96409900,3347997900,784979350,1745927000,27037800,3957463500,1595475100,7325903400
2016-09-29,29350.0,30000.0,29300.0,29650.0,833927.0,3.3101045296167246,12939427850,17750000,8489468800,3293128050,8951848700,0,11602561250,4185364750,24739774700
2016-09-30,29500.0,29700.0,29100.0,29350.0,335169.0,-1.0118043844856661,4619549000,86777550,3661115400,1501960150,2196871650,29400,4885627100,2786873950,9869402100
2016-10-04,29800.0,30100.0,29550.0,29700.0,371526.0,1.192504258943782,4268556200,947958400,4547195950,1310819150,1700785400,67789850,7819926900,1486027550,11074529700
2016-10-05,29500.0,29950.0,29200.0,29900.0,283828.0,0.6734006734006733,3608222950,620578400,3364627400,818376900,1402245000,20068650,4246731100,2742760900,8411805650
2016-10-06,30000.0,30500.0,29750.0,30150.0,523940.0,0.8361204013377926,4757287500,72246000,6787820750,4145435000,6219776900,0,8431621500,1111390850,15762789250
2016-10-07,30100.0,30400.0,29650.0,29850.0,319605.0,-0.9950248756218906,1954438050,30000,4844995450,2750580400,4120428050,19462950,3694103950,1716048950,9550043900
2016-10-10,29900.0,30550.0,29800.0,30100.0,468674.0,0.8375209380234505,4827612850,41993850,5683682800,3571410750,6004635250,66780000,7675366700,377918300,14124700250
2016-10-11,30300.0,31000.0,30200.0,30950.0,702491.0,2.823920265780731,8130759350,74339300,7272884700,6062419350,3870567850,91928250,16181683050,1396223550,21540402700
2016-10-12,30600.0,31000.0,30250.0,30550.0,402267.0,-1.2924071082390953,3906372500,7638350,5145777800,3230619050,2191863650,1094737250,6058886650,2944920150,12290407700
2016-10-13,30550.0,30700.0,29600.0,29900.0,348856.0,-2.127659574468085,1157733100,43706200,5901978900,3352686750,3560974800,29711700,6045782000,819636450,10456104950
2016-10-14,30000.0,30300.0,29800.0,30000.0,282438.0,0.33444816053511706,2530512400,77636900,2534559850,3321364350,4063248450,32207300,3462572350,906045400,8464073500
2016-10-17,30050.0,30150.0,28650.0,28800.0,535742.0,-4.0,2856341450,8730000,10156360700,2583258750,6908575500,143157200,6640773250,1912184950,15604690900
2016-10-18,28900.0,29900.0,28450.0,29900.0,330918.0,3.8194444444444446,1756130100,13493600,2514685200,5417463100,3962978850,44607500,5332581950,361603700,9701772000
2016-10-19,29850.0,30100.0,29400.0,29500.0,225553.0,-1.3377926421404682,1485707150,4441000,3421309850,1779394250,1594189800,78487500,3206430400,1811744550,6690852250
2016-10-20,29600.0,29950.0,29000.0,29050.0,213325.0,-1.5254237288135595,1259723400,32915350,3825524150,1128543250,2667075400,11960000,2747901500,819769250,6246706150
2016-10-21,28850.0,29650.0,28850.0,29650.0,203195.0,2.0654044750430294,2528040900,59282150,2067866300,1322355750,1499482250,35470000,3463564100,979028750,5977545100
2016-10-24,29550.0,30100.0,29500.0,29900.0,212386.0,0.8431703204047217,1669234000,140216950,2785811500,1719600850,1880597800,1065600,2948327250,1484872650,6314863300
2016-10-25,29800.0,30350.0,29350.0,30250.0,445494.0,1.1705685618729096,6627560500,132643600,4908261100,1629038950,4550603200,86637250,6461128550,2199135150,13297504150
2016-10-26,29850.0,30150.0,28600.0,28750.0,705403.0,-4.958677685950414,3814291700,20017950,13094494650,3500516950,6305748300,44229800,5746911950,8332431200,20429321250
2016-10-27,28300.0,28800.0,27650.0,28700.0,932861.0,-0.17391304347826086,11644083500,278275150,11629442250,2764316150,7145951250,300389200,12258757100,6611019500,26316117050
2016-10-28,28400.0,28400.0,27600.0,27600.0,560879.0,-3.8327526132404177,3701626050,65241200,8760774450,3076833100,5446779300,1447708000,5114673150,3595314350,15604474800
2016-10-31,27600.0,27600.0,26650.0,26800.0,616752.0,-2.898550724637681,4520652500,127393000,8939853400,2996758500,5860637500,150898200,5450224050,5122897650,16584657400
2016-11-01,27000.0,27200.0,26250.0,26950.0,451736.0,0.5597014925373134,4871948700,15892400,5885590450,1360625750,2986905750,2295000,4944927700,4199928850,12134057300
2016-11-02,26600.0,26900.0,25750.0,25900.0,530399.0,-3.896103896103896,1977528500,15667100,8721608900,3180859700,2902978050,90943300,5666443000,5235299850,13895664200
2016-11-03,25750.0,26900.0,25550.0,26500.0,454287.0,2.3166023166023164,4462502700,107845100,4600427600,2803743150,4539279500,93819250,4782582500,2558837300,11974518550
2016-11-04,26400.0,26550.0,25900.0,26150.0,246244.0,-1.3207547169811322,1424164450,17561250,3036269050,1966372600,2390847700,44088900,1672656600,2336774150,6444367350
2016-11-07,26350.0,26550.0,25850.0,26250.0,304134.0,0.3824091778202677,1292107700,5180000,4997343800,1643442250,2881246300,0,3049374300,2007453150,7938073750
2016-11-08,26550.0,27400.0,26400.0,27150.0,411409.0,3.428571428571429,3762090600,5618150,3675018500,3627179700,2233391050,0,6389494800,2447021100,11069906950
2016-11-09,27200.0,27550.0,24900.0,25950.0,861013.0,-4.41988950276243,6905512150,5280000,12714799400,2738690750,3798979300,18511950,13823748300,4723042750,22364282300
2016-11-10,26700.0,27150.0,26500.0,26900.0,489870.0,3.6608863198458574,2705598100,243833950,7243662400,2940059750,3298710600,0,7939846900,1894596700,13133154200
2016-11-11,26750.0,27100.0,26300.0,26600.0,312556.0,-1.1152416356877324,1605575200,17310550,3964612900,2786171700,1317151250,0,3968865750,3087653350,8373670350
2016-11-14,26400.0,26650.0,26300.0,26450.0,243211.0,-0.5639097744360901,1738657100,0,3190865250,1507667650,2766477600,11113050,2611220100,1048379250,6437190000
2016-11-15,26450.0,26600.0,26100.0,26300.0,214029.0,-0.5671077504725899,692405150,2719500,4154690850,794557800,1296354100,0,2772920000,1575099200,5644373300
2016-11-16,26650.0,27650.0,26400.0,27400.0,571227.0,4.182509505703422,9873542550,0,3702371250,1932573500,2866265450,2645000,8714444550,3925132300,15508487300
2016-11-17,27350.0,27350.0,26750.0,26950.0,179783.0,-1.6423357664233578,1383243750,0,3041286950,423332700,1861451100,0,1746614400,1239797900,4847863400
2016-11-18,26950.0,26950.0,26350.0,26450.0,200114.0,-1.855287569573284,859339750,7920000,2966029400,1469409950,1979089050,26582600,2249221800,1047805650,5302699100
2016-11-21,26500.0,26500.0,25850.0,26000.0,283895.0,-1.7013232514177694,952109100,129750,4770577050,1643917350,3964388950,89073700,2458531200,854739400,7366733250
2016-11-22,26250.0,26500.0,25700.0,26150.0,335010.0,0.576923076923077,2210646200,200948350,4241393350,2078001000,3414016300,69395700,3789817800,1457759100,8730988900
2016-11-23,26100.0,26850.0,25950.0,26550.0,313815.0,1.5296367112810707,4149936450,68545000,2442025350,1668598950,1046158250,0,4959663100,2323284400,8329105750
2016-11-24,26600.0,26600.0,25500.0,25650.0,343282.0,-3.389830508474576,1794966300,0,6613038050,469684750,4195453250,0,2563701050,2118534800,8877689100
2016-11-25,25450.0,25550.0,23950.0,24500.0,1208447.0,-4.483430799220272,7473377350,184092600,18890581700,2798720100,17268061550,82553250,9476589550,2519567400,29346771750
2016-11-28,24400.0,24500.0,24050.0,24350.0,307316.0,-0.6122448979591837,2736509300,0,2899795000,1852509700,3477196500,0,2599442750,1412174750,7488814000
2016-11-29,24150.0,24450.0,24000.0,24100.0,262781.0,-1.0266940451745379,1457247350,9660000,3749532750,1133679900,2628921350,0,2532359050,1188839600,6350120000
2016-11-30,24100.0,24200.0,23050.0,23650.0,702429.0,-1.8672199170124482,5420599050,23425000,7413886400,3618074750,6818945100,565200,7233590400,2422884500,16475985200
2016-12-01,24050.0,25250.0,24050.0,24450.0,840468.0,3.382663847780127,7083207750,385971400,7586075400,5772287100,3655336850,4960000,12134465100,5032779700,20827541650
2016-12-02,24500.0,24750.0,23950.0,24500.0,325846.0,0.2044989775051125,2661938650,5276650,4005108750,1305606800,1161547700,0,4299100400,2517282750,7977930850
2016-12-05,24400.0,24650.0,23850.0,24600.0,236873.0,0.40816326530612246,3602826800,0,1686480050,498879600,1348355450,0,2846403550,1593427450,5788186450
2016-12-06,24700.0,25000.0,24550.0,24800.0,179215.0,0.8130081300813009,979187500,0,2470973300,997211300,428001550,6575000,2459357550,1553438000,4447372100
2016-12-07,24800.0,25150.0,24700.0,24850.0,224356.0,0.20161290322580644,1949694550,187090950,1467200250,1992025350,813403250,146267300,3378087450,1258253100,5596011100
2016-12-08,24950.0,25250.0,24600.0,24750.0,430132.0,-0.4024144869215292,4760199400,82176300,3928981700,1920949450,6663029550,0,3050439600,978837700,10692306850
2016-12-09,24700.0,25350.0,24650.0,24850.0,320817.0,0.40404040404040403,3219851900,4881450,2124006750,2672543800,1873447000,0,3750412450,2397424450,8021283900
2016-12-12,25350.0,26450.0,25350.0,26000.0,510796.0,4.627766599597585,6555757650,19227200,4688854800,2032000300,3241268100,20834500,8663160350,1370577000,13295839950
2016-12-13,26300.0,26400.0,25950.0,26050.0,304966.0,0.19230769230769232,2987990500,14147150,3259387300,1723633250,1726764750,25192850,3284929750,2948270850,7985158200
2016-12-14,26200.0,26250.0,25400.0,25500.0,301059.0,-2.111324376199616,2434976500,11087750,4551934900,717767000,3983030250,162099500,2241949250,1328687150,7715766150
2016-12-15,25250.0,25900.0,25100.0,25750.0,245964.0,0.9803921568627451,2235947900,77237100,3376001300,598354550,2269772300,80609150,2698660400,1238499000,6287540850
2016-12-16,26000.0,26250.0,25350.0,25750.0,300936.0,0.0,3092373150,589550,3648192600,950547150,3679839200,50528050,2324072250,1637262950,7691702450
2016-12-19,25900.0,25900.0,25100.0,25100.0,241185.0,-2.524271844660194,2192631450,5030000,3571238450,333085650,1701292350,38979900,1979505850,2382207450,6101985550
2016-12-20,25350.0,25700.0,25100.0,25600.0,203905.0,1.9920318725099602,1019431900,0,2294464450,1849853700,1319250950,0,2951274400,893224700,5163750050
2016-12-21,25700.0,26000.0,25400.0,25750.0,206632.0,0.5859375,2200595600,13912700,1792864500,1306265850,422143700,0,3733387050,1158107900,5313638650
2016-12-22,25700.0,26000.0,25300.0,25750.0,161038.0,0.0,1253382150,14099000,1920618700,951918800,1099145500,2580000,2219462300,818830850,4140018650
2016-12-23,25750.0,25950.0,25450.0,25700.0,154521.0,-0.1941747572815534,1810681850,76950,1459513900,692966150,648265850,41979600,1529123600,1743869800,3963238850
2016-12-26,25900.0,25900.0,25450.0,25600.0,140850.0,-0.38910505836575876,1588715450,14477250,1340318450,672781550,1616839250,12850000,1713911100,272692350,3616292700
2016-12-27,25550.0,25700.0,25250.0,25400.0,197607.0,-0.78125,1680177500,2611200,2257457800,1081873650,1765732900,103655850,2540900100,611831300,5022120150
2016-12-28,25400.0,26200.0,25400.0,26050.0,267840.0,2.559055118110236,3525982300,102800,1657459650,1741100450,1890483500,65125000,3858876550,1110160150,6924645200
2016-12-29,26000.0,26600.0,25850.0,26500.0,427935.0,1.727447216890595,8518627300,78750,1818425400,956448950,5683323850,118488600,4214978300,1276789650,11293580400
2017-01-02,26500.0,26900.0,26300.0,26600.0,274408.0,0.37735849056603776,3446239600,88481250,2201456050,1563902900,3759299850,58490000,2695072400,787217550,7300079800
2017-01-03,26600.0,27000.0,26450.0,26950.0,257022.0,1.3157894736842104,4535031550,0,1360112050,974333250,3548292650,0,2681375400,639808800,6869476850
2017-01-04,27000.0,27250.0,26650.0,27100.0,245506.0,0.5565862708719851,3728932900,3855300,2371155300,544329350,1556711300,9515000,4159074800,922971750,6648272850
2017-01-05,27250.0,28050.0,27200.0,27650.0,528185.0,2.029520295202952,8855845150,30631400,3341893450,2427247200,1617475750,36280000,11192598900,1809262550,14655617200
2017-01-06,27500.0,28400.0,27450.0,28250.0,470346.0,2.1699819168173597,8580114750,85799250,2146261150,2455241500,2134583450,132605850,9064067550,1936159800,13267416650
2017-01-09,28050.0,28300.0,27350.0,28250.0,336440.0,0.0,5607497800,58290700,2929749700,815861050,2211023300,27800,4898983750,2301364400,9411399250
2017-01-10,28150.0,28150.0,27150.0,27300.0,303854.0,-3.3628318584070795,1951891100,0,5001910850,1375076250,4027244050,0,2267989900,2033644250,8328878200
2017-01-11,27250.0,27950.0,27200.0,27800.0,273329.0,1.8315018315018317,2918466800,41405600,3131721800,1455921300,851432800,223978200,5495017800,977086700,7547515500
2017-01-12,27600.0,28150.0,27500.0,27500.0,367542.0,-1.079136690647482,3173425550,59046400,4519114950,2484586200,3149057000,118252300,5924185800,1044678000,10236173100
2017-01-13,27300.0,27450.0,26800.0,27300.0,348339.0,-0.7272727272727273,2235624300,47672300,4505741300,2690963900,2708531950,0,3159109300,3612360550,9480001800
2017-01-16,27300.0,27350.0,26750.0,27300.0,226695.0,0.0,2706669350,0,2467098450,943260400,1846339800,109909250,2342692250,1818086900,6117028200
2017-01-17,27050.0,27600.0,26800.0,27250.0,154993.0,-0.18315018315018314,1798961600,81150,2170206150,233269000,1021290650,66167850,1782577150,1332482250,4202517900
2017-01-18,27150.0,27150.0,26600.0,26800.0,215401.0,-1.651376146788991,1093300450,0,3824461300,854920450,1891156500,18725000,1893948250,1968852450,5772682200
2017-01-19,26850.0,26950.0,26150.0,26400.0,345248.0,-1.4925373134328357,3139202350,15829050,4744226750,1209440700,2882872000,1678850,2451068500,3773079500,9108698850
2017-01-20,26200.0,26300.0,25850.0,26050.0,346483.0,-1.3257575757575757,3393551250,18205000,4943630900,663434600,3994218150,0,2775697600,2248906000,9018821750
2017-01-23,26050.0,26650.0,26000.0,26400.0,267022.0,1.3435700575815739,2052287900,33970300,3638430300,1303160300,2862924350,1972500,2957707350,1205244600,7027848800
2017-01-24,26200.0,26500.0,25800.0,26350.0,262635.0,-0.1893939393939394,2366741200,151370650,3015105600,1305531100,2454713100,0,2158151850,2225883600,6838748550
2017-01-25,26400.0,26650.0,25450.0,25950.0,366035.0,-1.5180265654648957,2220277000,41115000,6633215900,511257950,4142572600,21652950,2149224750,3092415550,9405865850
2017-01-26,26100.0,28200.0,26100.0,28000.0,1254846.0,7.89980732177264,16478797150,22763400,10207887400,8065481600,9062246850,88784650,21603790100,4020107950,34774929550
2017-01-31,28000.0,28200.0,27300.0,27700.0,637372.0,-1.0714285714285714,6873896750,40207400,5963501100,4834097150,3321621400,0,6450925250,7939155750,17711702400
2017-02-01,27950.0,29100.0,27850.0,28600.0,1077896.0,3.2490974729241873,16509507000,87839900,9218465750,5227195600,7365071900,58779150,16017635900,7601521300,31043008250
2017-02-02,28850.0,29500.0,28400.0,28600.0,766103.0,0.0,8841946400,183681100,6518510900,6672961000,3467269850,145264100,11747745900,6856819550,22217099400
2017-02-03,28800.0,29150.0,28450.0,28700.0,392976.0,0.34965034965034963,5047939750,0,4020337700,2215815400,1201306800,23562200,5327045250,4732178600,11284092850
2017-02-06,28750.0,28800.0,27850.0,28350.0,354345.0,-1.2195121951219512,2372251750,22662500,6089890150,1509925700,3037858150,200200,4219195850,2737475900,9994730100
2017-02-07,28200.0,28500.0,27850.0,28500.0,219878.0,0.5291005291005291,1307287750,7888700,3214226200,1668936750,1646327350,0,3180201150,1371810900,6198339400
2017-02-08,28400.0,28450.0,27700.0,28200.0,277671.0,-1.0526315789473684,2745798900,2929750,4405917400,607914700,1707605750,13825000,3957162700,2083967300,7762560750
2017-02-09,28200.0,29100.0,28050.0,28750.0,480277.0,1.950354609929078,5663505900,46169500,5438952050,2697091200,2795865900,5770000,8023372200,3020710550,13845718650
2017-02-10,29000.0,29550.0,28700.0,29450.0,613352.0,2.4347826086956523,11320425500,3980850,3879914750,2739371150,1799943200,230785000,11352670650,4560293400,17943692250
2017-02-13,29500.0,29600.0,29200.0,29450.0,292392.0,0.0,3362378650,52775000,2454497850,2736655000,1590849000,0,4140187050,2875270450,8606306500
2017-02-14,29350.0,29350.0,28700.0,28850.0,373441.0,-2.037351443123939,3639064800,156855850,5919003200,1092288950,2337962300,52732900,4146788400,4269729200,10807212800
2017-02-15,29000.0,29050.0,28450.0,28450.0,229559.0,-1.386481802426343,1911590100,48051650,3392516300,1230565200,1830264000,114832750,3304839900,1332786600,6582723250
2017-02-16,28700.0,29250.0,28700.0,29000.0,284421.0,1.9332161687170473,3122939150,63058800,3129712150,1927426900,1213465950,3018750,4346006400,2680645900,8243137000
2017-02-17,28750.0,29150.0,28450.0,28550.0,206969.0,-1.5517241379310345,2606915950,0,2902775500,456585400,2197726700,63800000,2489875050,1214875100,5966276850
2017-02-20,28500.0,28600.0,27750.0,28050.0,393227.0,-1.7513134851138354,2061801800,80516200,6968933200,1916090700,5557741050,5560000,4219182100,1244858750,11027341900
2017-02-21,28050.0,29350.0,27850.0,29150.0,575373.0,3.9215686274509802,10792280450,37486300,3106414700,2757548650,3562893350,67189250,11796978300,1266669200,16693730100
2017-02-22,29000.0,29600.0,28900.0,29500.0,426541.0,1.2006861063464835,6491294300,0,3458872000,2563938900,2749247950,0,6053218500,3711638750,12514105200
2017-02-23,29500.0,29500.0,29000.0,29000.0,244177.0,-1.694915254237288,3990332350,12885750,2529416150,599766000,2688839600,0,2558915850,1884644800,7132400250
2017-02-24,28700.0,29250.0,28700.0,28850.0,245501.0,-0.5172413793103449,4443003250,2317850,1738480350,921531600,1637487800,95610000,2666901150,2705334100,7105333050
2017-02-27,28900.0,29400.0,28600.0,29100.0,270982.0,0.8665511265164645,3053266450,2905000,2062277200,2781208500,2093340350,2935000,4156386600,1646995200,7899657150
2017-02-28,29100.0,29900.0,29050.0,29800.0,465946.0,2.405498281786942,7843553450,8593300,3556076150,2443035900,2490410500,90027600,8455054300,2815766400,13851258800
2017-03-02,30450.0,30600.0,30100.0,30350.0,796826.0,1.8456375838926176,10621155450,81357750,9082629050,4455489500,3191745850,1750971350,14747380600,4550533950,24240631750
2017-03-03,30200.0,30550.0,29850.0,30100.0,322825.0,-0.8237232289950577,4345122300,101997600,4280851950,996903350,975793050,45541100,5711219650,2992321400,9724875200
2017-03-06,30250.0,30250.0,29450.0,29750.0,359836.0,-1.1627906976744187,4350409500,17880000,4768932400,1593218000,4249927500,2965000,3608589950,2868957450,10730439900
2017-03-07,29850.0,31200.0,29750.0,31100.0,969810.0,4.53781512605042,17655556300,191603850,6593328300,5495389100,6059821250,381515100,21074226100,2420315100,29935877550
2017-03-08,31300.0,31600.0,30700.0,30850.0,700714.0,-0.8038585209003215,8233186700,2263013000,6292334150,5009885150,7639370150,130595150,8150624550,5877829150,21798419000
2017-03-09,30600.0,30850.0,30150.0,30500.0,354944.0,-1.1345218800648298,4098308700,32942000,3912387100,2797983950,4376629350,40898800,5143702400,1280391200,10841621750
2017-03-10,30500.0,31450.0,30150.0,31250.0,542667.0,2.459016393442623,10213991050,2763200,4715708250,1880314000,4827913750,0,8401083400,3583779350,16812776500
2017-03-13,31150.0,31400.0,30800.0,31150.0,414158.0,-0.32,5654207650,312616750,4695700250,2236792550,4247990600,562168000,5517431600,2571727000,12899317200
2017-03-14,31650.0,32050.0,31150.0,31200.0,616276.0,0.16051364365971107,9816079100,22435200,5947397050,3723417150,6988863850,415469200,10013727400,2091268050,19509328500
2017-03-15,31350.0,31600.0,30950.0,31450.0,336887.0,0.8012820512820512,5962436950,31400,3658946000,942941050,3961548250,70175650,5466968550,1065662950,10564355400
2017-03-16,31900.0,32000.0,31550.0,31950.0,469883.0,1.5898251192368837,8525907100,104145450,4718145000,1632715100,4087061500,21046500,8770220450,2102584200,14980912650
2017-03-17,31950.0,32400.0,31600.0,32000.0,582231.0,0.1564945226917058,7575749650,246034650,5266078800,5567756100,4589188300,233649100,9444622600,4388159200,18655619200
2017-03-20,32000.0,32150.0,30950.0,31100.0,481346.0,-2.8125,4473868700,50953550,8029065850,2523618850,6155592700,13161500,6580461150,2328291600,15077506950
2017-03-21,31450.0,32000.0,31250.0,31400.0,536987.0,0.964630225080386,6010040450,11345850,5384413850,5586693250,6108683700,161762050,7008694350,3713353300,16992493400
2017-03-22,30900.0,31450.0,30750.0,30950.0,549736.0,-1.4331210191082804,6119210950,33053500,6970666850,3966800200,7435372650,70633200,6518462750,3065262900,17089731500
2017-03-23,31000.0,32300.0,30950.0,32150.0,646753.0,3.877221324717286,8371427500,92242100,6462882550,5706954400,4417537750,29646050,13096129400,3090193350,20633506550
2017-03-24,32300.0,32450.0,31050.0,31250.0,564388.0,-2.7993779160186625,6433561400,289234550,7875117750,3262681450,7223027050,0,6414763550,4222804550,17860595150
2017-03-27,31250.0,31650.0,30000.0,30200.0,653191.0,-3.36,3604775350,81670000,11542835600,4560713300,8965349300,748859400,7026558750,3049226800,19789994250
2017-03-28,30500.0,31300.0,30500.0,30900.0,515732.0,2.3178807947019866,4912909750,1624550,3747388100,7304753400,6984997450,0,7369925100,1611753250,15966675800
2017-03-29,31500.0,31500.0,30600.0,31300.0,404062.0,1.2944983818770228,5444429050,437500,3560304650,3550841850,4280280450,65954050,4414709450,3795069100,12556013050
2017-03-30,31100.0,31550.0,30300.0,30650.0,337903.0,-2.07667731629393,2537115100,244915800,5358992350,2206760000,4430483300,4260700,3904907450,2008131800,10347783250
2017-03-31,30700.0,31050.0,30400.0,30700.0,327126.0,0.1631321370309951,3307403650,82177900,2320294100,4324739550,5380621450,2513300,2643393900,2008086550,10034615200
2017-04-03,30800.0,30800.0,29950.0,30150.0,372313.0,-1.7915309446254073,2720750900,272302700,6751967250,1460358900,4658417400,33206600,4384960600,2128795150,11205379750
2017-04-04,30100.0,30100.0,29600.0,29800.0,398536.0,-1.1608623548922055,3360848700,35765000,5121539000,3370514550,6508135800,29435600,3596094050,1755001800,11888667250
2017-04-05,29750.0,31400.0,29750.0,31400.0,630378.0,5.369127516778524,11625980050,247585700,3695799650,3850601000,3418281350,236387200,10824391650,4940906200,19419966400
2017-04-06,31100.0,31650.0,30850.0,31600.0,402383.0,0.6369426751592357,6958580400,0,1854636550,3842220650,2136663150,364279600,6318629600,3835865250,12655437600
2017-04-07,31750.0,31950.0,31350.0,31800.0,399475.0,0.6329113924050633,3970903200,0,1965685450,6739973350,1477430800,6341550,6221586950,4971202700,12676562000
2017-04-10,31800.0,31850.0,30850.0,31300.0,314639.0,-1.5723270440251573,3892078750,20640700,2755362250,3177417650,3413407900,10815000,3278789150,3142487300,9845499350
2017-04-11,31100.0,31950.0,31050.0,31750.0,408944.0,1.4376996805111821,5266137700,110229800,2950338450,4595623250,3329057900,8478000,5853547200,3731246100,12922329200
2017-04-12,31950.0,32600.0,31850.0,32250.0,605866.0,1.574803149606299,7775460600,3240000,3328857200,8407971900,5268825500,0,8757190100,5489514100,19515529700
2017-04-13,32000.0,32150.0,31400.0,31500.0,501017.0,-2.3255813953488373,8596815100,13909750,5979539750,1243715450,8992194250,0,2914433900,3927351900,15833980050
2017-04-14,31450.0,31900.0,31350.0,31450.0,237279.0,-0.15873015873015872,4042821600,128688600,2015076700,1318577800,2972062400,189812550,3245269600,1098020150,7505164700
2017-04-17,31600.0,32000.0,31450.0,31550.0,224830.0,0.3179650238473768,2337089350,0,2361495200,2409985900,3613245450,32949000,2600414800,861961200,7108570450
2017-04-18,31650.0,31850.0,31450.0,31800.0,221028.0,0.7923930269413629,3186300600,66491700,1597658450,2148014350,3077542450,0,2929984050,990938600,6998465100
2017-04-19,31950.0,32150.0,31450.0,31600.0,272772.0,-0.628930817610063,2503318000,71047800,2864346300,3213343500,2364982800,82290000,2674957550,3529825250,8652055600
2017-04-20,31500.0,31650.0,31050.0,31200.0,326351.0,-1.2658227848101267,3107649400,0,4795839500,2289602150,5203702800,161446400,2209276850,2618665000,10193091050
2017-04-21,31350.0,32000.0,31300.0,31900.0,319592.0,2.2435897435897436,3450384800,288347650,2404504850,4010561300,2737095850,362267750,5838099500,1216335500,10153798600
2017-04-24,31900.0,32150.0,31400.0,31750.0,342834.0,-0.4702194357366771,2526159000,0,4171477850,4170251450,4777795050,16075000,3646630050,2427388200,10867888300
2017-04-25,31800.0,32550.0,31650.0,31800.0,614102.0,0.15748031496062992,6032609750,32150,5449388400,8220197500,8198784400,22550600,7135370650,4345522150,19702227800
2017-04-26,32150.0,32750.0,32050.0,32550.0,677214.0,2.358490566037736,9148706800,181571100,6913530700,5710255050,2994949700,270800400,11102243850,7586069700,21954063650
2017-04-27,32150.0,32150.0,30550.0,31400.0,1643306.0,-3.5330261136712746,14253725200,88495000,31696607850,5254708850,15466938200,285043100,17426174850,18115380750,51293536900
2017-04-28,31150.0,31700.0,30850.0,31300.0,366473.0,-0.3184713375796179,3261719750,18951050,2352642850,5857299900,3363286350,0,5164962500,2962364700,11490613550
2017-05-02,31300.0,31600.0,30700.0,30900.0,462757.0,-1.2779552715654952,3805579750,1294000,6879694750,3696253950,6307504000,423283600,2977072050,4674962800,14382822450
2017-05-04,30600.0,30600.0,29500.0,29650.0,1960881.0,-4.0453074433656955,7719375250,287854250,40208891000,10086596600,17971077250,188251900,14001039700,26142348250,58302717100
2017-05-08,29950.0,30000.0,29050.0,29900.0,1383524.0,0.8431703204047217,6460966450,59664350,20127249050,14154819750,10478424150,57070600,15271319700,14995885150,40802699600
2017-05-10,29850.0,30550.0,29650.0,30500.0,1013278.0,2.0066889632107023,5574105250,246222100,7559038650,17311991000,6787199400,20622650,18551630350,5331904600,30691357000
2017-05-11,30300.0,30650.0,30100.0,30250.0,800721.0,-0.819672131147541,9575855900,109196150,8622530500,5989565250,15854413200,3717900,5489604300,2949412400,24297147800
2017-05-12,30500.0,30550.0,30000.0,30350.0,348533.0,0.3305785123966942,3298331250,65615250,3673466600,3496032200,4130528800,16873400,4414205050,1971838050,10533445300
2017-05-15,30350.0,30450.0,29950.0,30200.0,394230.0,-0.4942339373970346,4641708800,6753100,5484463450,1725276000,4550434450,33408350,3801427300,3472931250,11858201350
2017-05-16,30450.0,30700.0,30200.0,30500.0,554341.0,0.9933774834437087,5538035300,77184950,8161426400,3123786100,2666732500,14640200,11143460000,3075600050,16900432750
2017-05-17,30500.0,30500.0,29800.0,30250.0,530872.0,-0.819672131147541,6963453100,18571250,6726375900,2246541100,5364948850,235165100,7410471750,2944355650,15954941350
2017-05-18,29800.0,30600.0,29750.0,30150.0,394968.0,-0.3305785123966942,1729799300,11880000,3460939600,6759651550,3726386150,10197300,5005846100,3219840900,11962270450
2017-05-19,30200.0,30550.0,30150.0,30350.0,288177.0,0.6633499170812603,1925335450,64195500,3091007950,3670687950,3210527950,30790500,4746074900,763833500,8751226850
2017-05-22,30450.0,31150.0,30450.0,31000.0,609195.0,2.14168039538715,3899535550,160659400,8213170600,6531151350,3187061250,138488850,10261631750,5217335050,18804516900
2017-05-23,31200.0,31400.0,30650.0,30950.0,500295.0,-0.16129032258064516,5186540300,62345750,6317266450,3935423600,5247121050,138367100,6981877000,3134210950,15501576100
2017-05-24,31000.0,31350.0,30600.0,30750.0,535299.0,-0.6462035541195477,1932454100,32711750,8513177450,6077499300,4306503400,4578050,6755389650,5489371500,16555842600
2017-05-25,31100.0,32550.0,30900.0,32500.0,1590793.0,5.691056910569105,7955293600,363428550,25674174400,16937039800,8052504100,150164250,36275322550,6451945450,50929936350
2017-05-26,32400.0,32700.0,31700.0,32000.0,948037.0,-1.5384615384615385,6562688600,252470250,19290972000,4318386900,9003552100,69146050,15969797000,5382022600,30424517750
2017-05-29,32050.0,32400.0,31650.0,31900.0,680117.0,-0.3125,2184304250,45582600,12815806000,6722221900,10191909400,107799450,9226774100,2241431800,21767914750
2017-05-30,32200.0,32200.0,31350.0,31700.0,592571.0,-0.6269592476489028,5502920000,79233000,9395615100,3788390850,5581066450,91756100,7124278500,5969057900,18766158950
2017-05-31,31500.0,31600.0,30500.0,30700.0,1468784.0,-3.1545741324921135,8241115650,256160000,30364236400,6433477650,19607329350,894062450,8746886200,16046711700,45294989700
2017-06-01,30800.0,30850.0,30200.0,30850.0,696838.0,0.4885993485342019,6187681750,141242000,9955440100,5050327250,6988949550,157631050,6765059400,7423051100,21334691100
2017-06-02,31050.0,31150.0,30800.0,30900.0,578972.0,0.1620745542949757,5066041050,8875100,7631310550,5227780600,4381151100,311000,9485861300,4066683900,17934007300
2017-06-05,31200.0,31200.0,30200.0,30500.0,733038.0,-1.2944983818770228,6477106350,106460000,12246334650,3432038250,11539866100,15319050,6755020950,3951733150,22261939250
2017-06-07,30500.0,30500.0,29950.0,30050.0,857537.0,-1.4754098360655739,9640737950,87907250,12689552800,3404119350,12523903250,3341850,5039030550,8256041700,25822317350
2017-06-08,30000.0,30100.0,29500.0,29900.0,2366956.0,-0.49916805324459235,36542295550,3933442200,17969023750,12045070950,22834198150,168145900,8428715200,39058773200,70489832450
2017-06-09,30000.0,30050.0,29350.0,29650.0,1187329.0,-0.8361204013377926,11881038700,438899300,19780070500,3038789600,11790862150,298500,7720960350,15626677100,35138798100
2017-06-12,29800.0,30450.0,29750.0,30300.0,966754.0,2.1922428330522767,9084648400,91670550,13538038100,6550391950,4491445150,549556050,17790539500,6433208300,29264749000
2017-06-13,30400.0,30550.0,29950.0,30500.0,497201.0,0.6600660066006601,6766462450,79433500,6738019450,1509478100,1766753300,12494450,9299007550,4015138200,15093393500
2017-06-14,30650.0,30850.0,30550.0,30800.0,610205.0,0.9836065573770493,7396856050,216318200,7563926300,3580265350,2826421650,217809750,11600925450,4112209050,18757365900
2017-06-15,30500.0,30600.0,29650.0,29800.0,986620.0,-3.2467532467532463,5996341300,373084250,19850107900,3257483650,14420941350,40231850,9334995050,5680848850,29477017100
2017-06-16,29850.0,30100.0,29550.0,29700.0,489059.0,-0.33557046979865773,3811510350,21305750,7984211750,2722472350,8378923850,35867500,4587979600,1536729250,14539500200
2017-06-19,29900.0,29950.0,29400.0,29650.0,455033.0,-0.16835016835016833,5487972100,425012000,5389778600,2216257250,4394462500,70355900,6169703700,2884497850,13519019950
2017-06-20,29650.0,29750.0,28750.0,28850.0,788326.0,-2.6981450252951094,4005388150,324757650,11730835300,6837533250,4669059800,107376100,13132126800,4989951650,22898514350
2017-06-21,28550.0,29600.0,28450.0,29200.0,573134.0,1.2131715771230502,5913360100,231503650,7677687950,2875786900,6214990600,336444550,7876715150,2270188300,16698338600
2017-06-22,28950.0,29150.0,28450.0,28650.0,616286.0,-1.8835616438356164,3892323450,86902900,11782135050,1889655200,7149112450,56969950,7424551750,3020382450,17651016600
2017-06-23,28850.0,29600.0,28750.0,29550.0,539286.0,3.1413612565445024,6505509000,182114200,5499279700,3651130150,2644219900,47969200,10419071700,2726772250,15838033050
2017-06-26,29550.0,29950.0,29400.0,29600.0,391843.0,0.1692047377326565,4996234600,112745850,5803500650,733590200,1588305750,16994450,7042434650,2998336450,11646071300
2017-06-27,29750.0,29750.0,28800.0,29100.0,395475.0,-1.6891891891891893,2631422650,73710000,7972304850,871087000,4733740900,114774400,3949732550,2750276650,11548524500
2017-06-28,29200.0,29550.0,29000.0,29250.0,307693.0,0.5154639175257731,3846043650,0,4014409600,1166511450,1379034400,11056400,5967959800,1668914100,9026964700
2017-06-29,29450.0,30300.0,29200.0,30150.0,682066.0,3.076923076923077,10425443200,189968100,7616107050,2248764700,3521639550,44750000,15062394150,1851499350,20480283050
2017-06-30,29850.0,30550.0,29700.0,30450.0,600469.0,0.9950248756218906,6809308350,368353300,8408711900,2574251350,3438103300,1010751250,9515084600,4196685750,18160624900
2017-07-03,30500.0,30600.0,30150.0,30350.0,394812.0,-0.3284072249589491,3905178100,340048000,5253888350,2476845500,1877657150,35799700,6893225800,3169277300,11975959950
2017-07-04,30500.0,31150.0,30350.0,30600.0,737705.0,0.8237232289950577,9242796750,160676900,11232714700,2112048750,4131129050,431695250,16171673750,2013739050,22748237100
2017-07-05,30800.0,31100.0,30550.0,31000.0,493814.0,1.3071895424836601,8029143700,397882500,4136701850,2663572400,2914888500,3306100,10621812350,1687293500,15227300450
2017-07-06,30900.0,31250.0,30650.0,31200.0,667193.0,0.6451612903225806,5610816050,545348500,9712799600,4774119500,4349442900,379080900,11793233200,4121326650,20643083650
2017-07-07,31200.0,31500.0,31050.0,31200.0,560809.0,0.0,8941562900,282850,5179863800,3448693750,2452623700,203190200,11231656550,3682932850,17570403300
2017-07-10,31150.0,32050.0,31150.0,31700.0,809022.0,1.6025641025641024,9263592200,215012800,10877297100,5358584400,3390031400,217607200,19088996950,3017850950,25714486500
2017-07-11,31600.0,32550.0,31600.0,32300.0,934898.0,1.8927444794952681,13152286350,299447300,13032117150,3699404650,5863939200,27718150,19030036000,5261562100,30183255450
2017-07-12,32250.0,32400.0,31700.0,31850.0,534448.0,-1.393188854489164,5132612750,155696850,8290599300,3517509900,5747945950,7383950,7234545050,4106543850,17096418800
2017-07-13,31800.0,32200.0,31500.0,31700.0,515673.0,-0.47095761381475665,6491452950,2878250,7372457200,2552708750,6891704750,64933800,7639668500,1823190100,16419497150
2017-07-14,31850.0,32250.0,31550.0,31900.0,498723.0,0.6309148264984227,5919869950,257643150,6205271800,3503819900,5962543000,0,6675803600,3248258200,15886604800
2017-07-17,32200.0,32600.0,31900.0,32250.0,593650.0,1.09717868338558,5772753700,154037900,6938947150,6280368300,4519419450,13678750,11526375200,3086633650,19146107050
2017-07-18,32450.0,32450.0,31650.0,31850.0,336375.0,-1.2403100775193798,3797815600,21377200,5624500600,1343178850,3988397050,19742200,4426412000,2352321000,10786872250
2017-07-19,31850.0,33000.0,31750.0,33000.0,743534.0,3.610675039246468,3486869950,206640000,14641122950,5864957650,4169733250,23160550,15344152450,4662544300,24199590550
2017-07-20,33200.0,34000.0,32900.0,33900.0,1133869.0,2.727272727272727,15161230800,399013050,17318108650,5149091500,3964185700,879104700,21855254350,11328899250,38027444000
2017-07-21,33800.0,34300.0,33450.0,34150.0,548339.0,0.7374631268436578,8553497450,428693900,7096779750,2582522800,3273512700,12060000,11600283550,3775637650,18661493900
2017-07-24,34150.0,34750.0,33800.0,34600.0,527013.0,1.3177159590043925,6342082800,170622200,7579296350,4004221900,5065591750,40690900,9362504700,3627435900,18096223250
2017-07-25,34600.0,34800.0,33500.0,33700.0,665051.0,-2.601156069364162,6939076000,169284000,10620887350,4821148200,9941709000,58210000,10053265850,2497210700,22550395550
2017-07-26,34000.0,34300.0,33200.0,33950.0,742161.0,0.741839762611276,7512628000,14673150,10071581300,7361300350,8917802100,319893100,11264818650,4457668950,24960182800
2017-07-27,33200.0,33550.0,32700.0,33000.0,1011611.0,-2.798232695139912,11886648450,7363950,16613398150,5000784200,6172810400,9951650,21821879250,5503553450,33508194750
2017-07-28,33050.0,33200.0,32300.0,32400.0,526826.0,-1.8181818181818181,5457673950,105695000,7846234150,3778707850,4535797400,229248950,8303024900,4120239700,17188310950
2017-07-31,32350.0,32700.0,31600.0,31850.0,642382.0,-1.6975308641975309,6752735600,3988050,8407926050,5337064800,8805702000,102429350,6532978350,5060604800,20501714500
2017-08-01,31850.0,32250.0,31400.0,31550.0,584282.0,-0.9419152276295133,5126259350,9636700,7812843950,5634031650,6638329750,76850250,6496147450,5371444200,18582771650
2017-08-02,31500.0,32400.0,31100.0,31850.0,631624.0,0.9508716323296356,8686630350,6949700,6280803150,5113681700,9452489700,0,6791812850,3843762350,20088064900
2017-08-03,31700.0,31700.0,29800.0,29950.0,1494518.0,-5.965463108320251,10366343100,83929650,29720651900,5041019400,17025014100,83994850,16838578000,11264357100,45211944050
2017-08-04,29800.0,31050.0,29800.0,30700.0,712695.0,2.5041736227045077,11154311200,0,7618206950,3035215400,6768780050,284855050,9916801150,4837297300,21807733550
2017-08-07,30550.0,31650.0,30450.0,31150.0,467325.0,1.4657980456026058,7513202250,46103300,4500997550,2576142750,2494994500,407550,7712111700,4428932100,14636445850
2017-08-08,31200.0,31200.0,30600.0,30850.0,303544.0,-0.9630818619582664,1783224450,38194500,3974471700,3579263800,3359741100,30996900,2219892250,3764524200,9375154450
2017-08-09,30250.0,30850.0,30000.0,30300.0,527482.0,-1.7828200972447326,4161006900,53423300,7227144950,4528408050,7221389000,155378250,5712380800,2880835150,15969983200
2017-08-10,30150.0,30650.0,29800.0,30100.0,528858.0,-0.6600660066006601,5004644250,304976200,5460728650,5177506800,8436851850,151250,4982406200,2528446600,15947855900
2017-08-11,29600.0,30200.0,29600.0,30050.0,468072.0,-0.16611295681063123,7619405800,11680000,3254441600,3159366300,3061863000,7345400,6925615200,4050070100,14044893700
2017-08-14,30100.0,30500.0,29850.0,29900.0,341532.0,-0.49916805324459235,4039751700,0,3344943750,2875322500,2645230950,120000,2951152100,4663514900,10260017950
2017-08-16,30150.0,30300.0,29450.0,29950.0,498337.0,0.16722408026755853,4112155250,1475000,6158655250,4568056650,4939290000,0,6429836350,3471215800,14840342150
2017-08-17,29650.0,30250.0,29350.0,30000.0,267227.0,0.1669449081803005,3607018350,6300000,3565252350,793126050,2278733500,0,2884501850,2808461400,7971696750
2017-08-18,29700.0,29900.0,29400.0,29800.0,201852.0,-0.6666666666666667,1396307200,26136000,3680868550,897133100,1144425750,89300000,2000737750,2765981350,6000444850
2017-08-21,29600.0,29800.0,28900.0,28900.0,654757.0,-3.0201342281879198,3557616050,293602300,12570590650,2656366350,3712084250,0,7130010800,8236080300,19078175350
2017-08-22,28950.0,29350.0,28950.0,29150.0,293503.0,0.8650519031141869,2857559850,0,3586508050,2094985000,3102695700,760500,3672813600,1762783100,8539052900
2017-08-23,29300.0,30000.0,29150.0,29450.0,338688.0,1.0291595197255576,2604863300,0,5719054000,1679452450,3114398750,0,5454763150,1434207850,10003369750
2017-08-24,29450.0,29600.0,29150.0,29350.0,249150.0,-0.3395585738539898,2699536200,0,3879499400,724480650,3393365900,6274450,1859680150,2044195750,7303516250
2017-08-25,29300.0,29500.0,29100.0,29400.0,330758.0,0.17035775127768313,3437661150,907350,4213138700,2032677200,3919705950,0,2579057200,3185621250,9684384400
2017-08-28,29250.0,29800.0,29250.0,29700.0,244983.0,1.0204081632653061,3925575600,20093000,2180257650,1134108850,2228926500,0,3626888950,1404219650,7260035100
2017-08-29,29500.0,29750.0,29200.0,29600.0,321905.0,-0.33670033670033667,3985322850,47795100,4032451950,1394760550,3235262850,29494550,2974627700,3220945350,9460330450
2017-08-30,29650.0,29750.0,28850.0,29150.0,501897.0,-1.5202702702702704,1929982150,2895000,10059171800,2591316200,7265057700,169310600,3685457700,3463539150,14583365150
2017-08-31,29150.0,29150.0,28250.0,28500.0,643530.0,-2.2298456260720414,2434700450,1425000,12811608550,3157854500,7614300150,58639400,6038674100,4693974850,18405588500
2017-09-01,28600.0,29050.0,28400.0,28550.0,488981.0,0.17543859649122806,2627848600,289866900,7962223000,3110165700,6648555700,0,4612599950,2728948550,13990104200
2017-09-04,27750.0,28700.0,27750.0,28550.0,297736.0,0.0,1269258350,58543350,3614282900,3542618250,1188969550,0,5014899150,2280834150,8484702850
2017-09-05,28700.0,29600.0,28600.0,29550.0,651315.0,3.502626970227671,12320160250,262734100,3854605300,2580831700,2432056300,192784150,12939380250,3454110650,19018331350
2017-09-06,29550.0,29700.0,28400.0,28500.0,517258.0,-3.5532994923857872,5013073450,8423550,8779380800,1132645150,5972878550,7222000,4120020650,4833401750,14933522950
2017-09-07,28750.0,28750.0,28200.0,28300.0,357829.0,-0.7017543859649122,2177577350,101805400,6735206200,1166808362,4697817650,43591000,2951805100,2488183562,10181397312
2017-09-08,28550.0,28650.0,27800.0,28050.0,401700.0,-0.88339222614841,2583968850,0,5947513650,2731391750,5257067400,0,4024106350,1981700500,11262874250
2017-09-11,28000.0,28150.0,27050.0,27200.0,706172.0,-3.0303030303030303,3654756850,464894100,13804666900,1421174700,12026075250,0,5241499800,2077917500,19345492550
2017-09-12,27550.0,27650.0,27200.0,27350.0,411834.0,0.5514705882352942,1844199950,0,4676554550,4750122400,5355433400,0,3210059800,2705383700,11270876900
2017-09-13,27350.0,27800.0,26700.0,27800.0,466769.0,1.6453382084095063,3239303000,87924850,7185111350,2202116950,3337588550,0,6578072550,2798795050,12714456150
2017-09-14,27650.0,28000.0,27350.0,27800.0,422758.0,0.0,5003013700,67119000,4127324400,2513595850,2862856750,0,3846014900,5002181300,11711052950
2017-09-15,27600.0,27650.0,27150.0,27550.0,519947.0,-0.8992805755395683,3091255000,54331500,7846116700,3229545550,7371537900,5004800,3032397000,3812309050,14221248750
2017-09-18,27550.0,27650.0,27200.0,27400.0,340612.0,-0.5444646098003629,1793268250,11485900,4832839400,2701240550,3138885550,0,4388078250,1811870300,9338834100
2017-09-19,27350.0,28750.0,27350.0,28700.0,606413.0,4.744525547445255,4929364200,138709500,4488357900,7694752100,2297702950,10667800,12193185100,2749627850,17251183700
2017-09-20,28650.0,28650.0,27950.0,28400.0,394639.0,-1.0452961672473868,4442109100,41810800,4789638200,1878361300,2364960250,0,3348135850,5438823300,11151919400
2017-09-21,28200.0,28250.0,27650.0,27850.0,368380.0,-1.936619718309859,2336686200,280478900,5988238600,1662856000,2769594100,0,3054032250,4444633350,10268259700
2017-09-22,27800.0,27950.0,26950.0,27100.0,526404.0,-2.6929982046678633,2899762300,176400000,7116151350,4089947500,3992755200,207946500,7168007700,2913551750,14282261150
2017-09-25,27000.0,27100.0,26150.0,26250.0,571648.0,-3.136531365313653,3012738100,24006500,7636554600,4431597900,6778406500,0,3829961650,4496528950,15104897100
2017-09-26,26250.0,27750.0,26250.0,27750.0,749380.0,5.714285714285714,5415978900,6615350,4329998000,10745561800,4634134000,0,8380447650,7483572400,20498154050
2017-09-27,27750.0,27900.0,27000.0,27250.0,450678.0,-1.8018018018018018,3551234050,44563050,6789416450,1922007300,2432280650,0,5330958400,4543981800,12307220850
2017-09-28,26500.0,26950.0,26350.0,26500.0,807215.0,-2.7522935779816518,7456378900,0,10135674300,3850146800,11849874450,30435450,6961478100,2600412000,21442200000
2017-09-29,26800.0,27000.0,26500.0,26650.0,220678.0,0.5660377358490566,1336685300,7198850,2631390150,1911212750,2236103500,0,2430178700,1220204850,5886487050
2017-10-10,26650.0,26800.0,25450.0,25750.0,1145185.0,-3.377110694183865,4902794050,24310000,19990743400,4551984500,16533291000,48411850,7415633550,5472495550,29469831950
2017-10-11,25650.0,26150.0,25600.0,25750.0,507915.0,0.0,1908974550,2610000,7650977850,3557445050,6431119450,10889900,5028823350,1649174750,13120007450
2017-10-12,25700.0,26650.0,25700.0,26400.0,819096.0,2.524271844660194,5664058250,318600,10025925850,5885422150,7567850900,159000,10755711300,3252003650,21575724850
2017-10-13,26450.0,26500.0,25950.0,26500.0,333067.0,0.3787878787878788,2956013100,0,4503558950,1268449350,1955503150,0,3755903400,3016614850,8728021400
2017-10-16,27150.0,27300.0,26400.0,26500.0,515894.0,0.0,2712151950,2670000,9865119450,1190002400,2857168200,23958350,6295216200,4593601050,13769943800
2017-10-17,26700.0,26700.0,26150.0,26350.0,345850.0,-0.5660377358490566,2795432450,0,5697401400,608724900,3588222700,52400,3124888100,2388395550,9101558750
2017-10-18,26350.0,26750.0,26200.0,26400.0,282674.0,0.18975332068311196,2473446150,12036700,3868663900,1130321600,1958033800,0,3867695300,1658739250,7484468350
2017-10-19,26500.0,26950.0,26500.0,26950.0,471317.0,2.083333333333333,2930752650,0,5325733450,4343849750,985593800,9833850,5240205400,6364702800,12600335850
2017-10-20,26950.0,27400.0,26600.0,27350.0,574625.0,1.4842300556586272,2217146500,56913700,7093791050,6160638750,2413766800,139133150,8060097600,4915492450,15528490000
2017-10-23,27400.0,27450.0,26950.0,27100.0,312616.0,-0.9140767824497258,2679410800,38681500,4350441250,1404265700,2331162450,5031650,3788016300,2348588850,8472799250
2017-10-24,27050.0,28400.0,27050.0,27600.0,823045.0,1.8450184501845017,7997645350,20348250,7035653850,7819732300,5715751150,74463050,12510905800,4572259750,22873379750
2017-10-25,27800.0,27950.0,26750.0,27050.0,660650.0,-1.9927536231884055,3968293850,54575000,12487653250,1418953400,7815961850,2227200,5006915800,5104370650,17929475500
2017-10-26,27000.0,27150.0,26750.0,27050.0,334318.0,0.0,1867360700,71093250,5457002300,1608241750,2007832600,246531700,4746871200,2002462500,9003698000
2017-10-27,27150.0,27500.0,26900.0,27050.0,435298.0,0.0,3269954450,1217250,7177953600,1373861200,1990924400,44432000,6795565050,2992065050,11822986500
2017-10-30,27050.0,27050.0,25900.0,26000.0,1116149.0,-3.8817005545286505,5864688700,282080650,19134802750,3893373200,13665242100,23828900,7620744500,7865129800,29174945300
2017-10-31,26050.0,26200.0,25950.0,26000.0,397395.0,0.0,2335952350,51448900,6269277600,1695269350,3799945000,0,3313589050,3238414150,10351948200
2017-11-01,25850.0,26400.0,25700.0,25850.0,536530.0,-0.576923076923077,2691888900,97141400,8883700650,2249595550,5191075700,0,6594126450,2137124350,13922326500
2017-11-02,25750.0,26550.0,25700.0,26550.0,520607.0,2.7079303675048356,2675977700,221135850,8253272700,2511958400,2885802850,0,9103048600,1673493200,13662344650
2017-11-03,26600.0,26900.0,26350.0,26700.0,266026.0,0.5649717514124294,1740275500,5927400,3415390950,1925023450,1305202300,0,5075558050,705856950,7086617300
2017-11-06,27050.0,27050.0,26650.0,26900.0,290348.0,0.7490636704119851,1983481700,59139950,3832684650,1914416100,1533101100,2670000,4083081800,2170869500,7789722400
2017-11-07,26800.0,28300.0,26800.0,28200.0,1468416.0,4.83271375464684,13845171550,75419800,14900329850,12236342550,6980380450,57698950,31271214450,2747969900,41057263750
2017-11-08,28050.0,28450.0,27700.0,28250.0,590733.0,0.1773049645390071,7565246000,0,6909805900,2193145600,3304453700,0,8495329500,4868414300,16668197500
2017-11-09,28300.0,28300.0,27750.0,27750.0,491232.0,-1.7699115044247788,5587209850,84000,5860923400,2239826550,6908275900,0,3422950400,3356817500,13688043800
2017-11-10,27550.0,28100.0,27550.0,27750.0,294546.0,0.0,2357453650,0,3208235800,2631655700,2636109800,21409700,3813286350,1726539300,8197345150
2017-11-13,27500.0,27700.0,27050.0,27200.0,413410.0,-1.981981981981982,3327850650,37540000,7170144650,719204850,3226514450,161139700,4523019450,3344066550,11254740150
2017-11-14,27100.0,27300.0,26450.0,27050.0,406356.0,-0.5514705882352942,3002380500,82620000,6984629100,803646350,2244947100,40786600,7281936050,1305606200,10873275950
2017-11-15,26900.0,26950.0,26050.0,26350.0,608253.0,-2.5878003696857674,3151571100,60351200,10941747950,1873168000,3793134700,31167700,9550107050,2652428800,16026838250
2017-11-16,26450.0,26700.0,26350.0,26650.0,241378.0,1.1385199240986716,2376461500,10640000,2498021600,1528913300,1553667800,13325000,3822387700,1024655900,6414036400
2017-11-17,26800.0,26950.0,26500.0,26650.0,270631.0,0.0,1598546350,53590050,4591342100,987990400,1617483800,15924800,3504214000,2093846300,7231468900
2017-11-20,26850.0,26850.0,26100.0,26200.0,380491.0,-1.6885553470919326,3250750150,89720500,5467926450,1249572600,1966717350,68956550,4393490900,3628804900,10057969700
2017-11-21,26150.0,26400.0,25850.0,25950.0,394660.0,-0.9541984732824428,2388624600,5190000,6712376250,1166821000,3312986950,15406600,4658697550,2285920750,10273011850
2017-11-22,25900.0,26350.0,25900.0,26100.0,236519.0,0.5780346820809248,1891389700,2610000,3212370100,1067729200,1443503500,23490000,3749965550,957139950,6174099000
2017-11-23,26300.0,26850.0,26300.0,26650.0,279833.0,2.10727969348659,2732350150,302255700,3586420800,831436200,723213550,0,4957174550,1772074750,7452462850
2017-11-24,26600.0,26650.0,26000.0,26450.0,299850.0,-0.7504690431519699,1791685000,1650600,5494987350,588760300,3138051700,0,3388914050,1350117500,7877083250
2017-11-27,26200.0,26600.0,26200.0,26450.0,227581.0,0.0,2781655050,34669350,2477874850,716277700,428691550,22614750,3881577450,1677593200,6010476950
2017-11-28,26550.0,27450.0,26550.0,27250.0,568342.0,3.0245746691871456,6023634400,17690750,6950461400,2459761300,2034080100,16606200,11321991300,2078870250,15451547850
2017-11-29,27250.0,27850.0,27050.0,27150.0,390633.0,-0.3669724770642202,3007228450,21332950,5688633850,1968888250,1180356850,13875000,6280962250,3210889400,10686083500
2017-11-30,27500.0,27600.0,26950.0,27250.0,495538.0,0.3683241252302026,2807684800,6961950,6748162500,3979118400,2394598700,75154750,6180650600,4891523600,13541927650
2017-12-01,27300.0,27400.0,26700.0,27100.0,289838.0,-0.5504587155963303,2632688000,0,4513424050,697910100,1792412300,0,3736011700,2315598150,7844022150
2017-12-04,27000.0,27650.0,27000.0,27300.0,332002.0,0.7380073800738007,2791922550,10694700,3610539550,2692887600,808250900,471979600,5404953050,2420860850,9106044400
2017-12-05,27100.0,28850.0,27100.0,28700.0,1361967.0,5.128205128205128,11861350700,115080900,11513148250,15115917950,6374846050,540530900,26904910250,4785210600,38605497800
2017-12-06,28700.0,28750.0,27750.0,27750.0,832589.0,-3.3101045296167246,5077682250,19319400,14645325700,3638817100,3253826700,72255100,9359693850,10695368800,23381144450
2017-12-07,27700.0,28050.0,27150.0,27300.0,508004.0,-1.6216216216216217,2671838450,54400,7967486750,3293975400,4387494650,26656800,4039043200,5480160350,13933355000
2017-12-08,27300.0,27550.0,26800.0,26900.0,289932.0,-1.465201465201465,1077378650,9542800,5411122000,1328164150,1216934250,25134950,3560341200,3023797200,7826207600
2017-12-11,26900.0,27100.0,26600.0,26750.0,279595.0,-0.5576208178438662,3160851900,4262000,3335390400,994486300,2797793200,37706000,2251952450,2407538950,7494990600
2017-12-12,26700.0,26950.0,26650.0,26650.0,230219.0,-0.3738317757009346,1278388550,258129650,3401574950,1221530300,1850829350,41126600,2066740600,2200926900,6159623450
2017-12-13,26650.0,28050.0,26650.0,27850.0,553102.0,4.50281425891182,4669004300,55800000,3779893000,6865535150,2424634500,69837500,11635472750,1240287700,15370232450
2017-12-14,27850.0,28150.0,27300.0,27300.0,488408.0,-1.9748653500897666,5455547800,116075100,4776155150,3169450000,6633047700,137805900,4824648300,1921726150,13517228050
2017-12-15,27600.0,28350.0,27550.0,28100.0,380151.0,2.93040293040293,4290503000,0,2466567950,3924395500,2254115050,65570200,5894838750,2466942450,10681466450
2017-12-18,27900.0,28300.0,27900.0,28100.0,192607.0,0.0,1791834400,0,2170744600,1451900100,873069550,28500200,3370387500,1142521850,5414479100
2017-12-19,28150.0,28350.0,27600.0,27850.0,228600.0,-0.8896797153024912,1335867000,335700,2975446750,2057718750,936946200,33928250,3577205900,1821287850,6369368200
2017-12-20,27750.0,28150.0,27600.0,27700.0,167834.0,-0.5385996409335727,1802724550,5600000,2415084400,450047100,394509450,31522200,2653516400,1593908000,4673456050
2017-12-21,27700.0,27750.0,27150.0,27350.0,236053.0,-1.263537906137184,1640110900,57430000,3203974700,1553863000,2273218050,34708250,3099289300,1048163000,6455378600
2017-12-22,27100.0,27500.0,26800.0,26900.0,372113.0,-1.6453382084095063,2184383550,119453800,4685261200,3069246100,4237103550,127659150,3955701900,1737880050,10058344650
2017-12-26,26900.0,27350.0,26900.0,27050.0,454194.0,0.5576208178438662,5622505950,6394250,5076347550,1596050750,3538695750,544528000,7591279350,626795400,12301298500
2017-12-27,27200.0,27550.0,26850.0,27350.0,329501.0,1.1090573012939002,1507017050,22201800,5154480150,2240900700,3180201600,0,3855990500,1888407600,8924599700
2017-12-28,27150.0,28300.0,27150.0,28300.0,441435.0,3.473491773308958,2093855800,103171400,6694600900,3420027690,3290641050,11487500,7244930000,1764597240,12311655790
2018-01-02,28300.0,28700.0,27850.0,28650.0,385067.0,1.2367491166077738,4809635400,22810000,4268425300,1831303850,1526026450,0,7098648850,2307499250,10932174550
2018-01-03,28150.0,28550.0,27900.0,28300.0,305747.0,-1.2216404886561953,2485992850,116429650,4491279150,1542082200,3070363300,338400,3365096750,2199985400,8635783850
2018-01-04,28500.0,30300.0,28100.0,29950.0,1360644.0,5.830388692579505,19125617200,176717600,9895851450,11000724450,5587641200,847299250,29935920350,3828049900,40198910700
2018-01-05,29500.0,30500.0,29500.0,29950.0,453075.0,0.0,4888496650,722451900,6865042250,1131382050,2057106350,19685000,9008925300,2521656200,13607372850
2018-01-08,30000.0,30900.0,29250.0,30500.0,687559.0,1.8363939899833055,5503125750,23558100,9132250050,6184042800,3375132050,55290550,13022890400,4389663700,20842976700
2018-01-09,30600.0,30800.0,30150.0,30550.0,453258.0,0.16393442622950818,5111510250,24369250,5148151200,3547306600,4459427650,3440850,6168845100,3199623700,13831337300
2018-01-10,30550.0,31650.0,30400.0,31250.0,923062.0,2.2913256955810146,9051976950,489474250,9983472650,9379208400,6218918250,307684950,18249178600,4128350450,28904132250
2018-01-11,31100.0,31250.0,30000.0,30100.0,550885.0,-3.6799999999999997,3431132550,197387200,9487656050,3596182850,7470212500,295569000,6899790200,2046786950,16712358650
2018-01-12,30400.0,31100.0,29950.0,30200.0,597674.0,0.33222591362126247,6087145800,118263450,5465978500,6535095300,6215797550,445624350,9542792800,2002268350,18206483050
2018-01-15,30350.0,30900.0,30300.0,30550.0,396660.0,1.1589403973509933,6721543600,30733500,4037496700,1358458900,3353862350,0,5611281250,3183089100,12148232700
2018-01-16,30350.0,30600.0,29700.0,29700.0,365585.0,-2.7823240589198037,2314031450,305301050,6104100250,2217572850,3644881150,0,4426359000,2869765450,10941005600
2018-01-17,29700.0,30150.0,29250.0,29450.0,470416.0,-0.8417508417508417,1713351250,91667400,6551443250,5524579500,6686327700,326259700,4714492300,2153961700,13881041400
2018-01-18,29450.0,29800.0,29150.0,29150.0,309635.0,-1.0186757215619695,1155010100,309036600,4693995000,2947910850,3139812700,66316000,2982286600,2917537250,9105952550
2018-01-19,29150.0,30850.0,29150.0,30700.0,927324.0,5.317324185248713,15783982000,52394100,7546632300,4743634000,7361853350,916620300,16480306950,3367861800,28126642400
2018-01-22,30600.0,30900.0,30150.0,30750.0,524854.0,0.16286644951140067,6555593200,233059900,6756641700,2487598850,5358354350,215300,4717773650,5956550350,16032893650
2018-01-23,30650.0,31700.0,30550.0,31000.0,619800.0,0.8130081300813009,8504077850,63107050,5994958850,4815453150,5760882200,305195000,9642200700,3669319000,19377596900
2018-01-24,31050.0,31300.0,30400.0,31000.0,375712.0,0.0,3701233500,35924500,4999660950,2837205950,1777920950,116447050,4533722300,5145934600,11574024900
2018-01-25,30850.0,32000.0,30800.0,31600.0,699127.0,1.935483870967742,6201402050,105384600,8935028650,6837591600,3790711050,162386000,14296965950,3829343900,22079406900
2018-01-26,31500.0,31500.0,30000.0,30500.0,1040560.0,-3.481012658227848,8459535300,262765800,16717278800,6193384200,15871086100,201173200,10693917450,4866787350,31632964100
2018-01-29,30700.0,32500.0,30700.0,31500.0,1532390.0,3.278688524590164,16330716200,419415100,18231193850,13837364550,11997342300,701403000,29393810150,6726134250,48818689700
2018-01-30,31850.0,33350.0,31850.0,32800.0,2113250.0,4.1269841269841265,20600597200,109583750,31924298600,16851919400,14802525450,349173100,43190099900,11144600500,69486398950
2018-01-31,32150.0,33500.0,31650.0,33250.0,1160234.0,1.3719512195121952,14795476900,167131900,10546927000,12692911300,8663099600,136770950,19031720500,10370856050,38202447100
2018-02-01,33250.0,33500.0,32650.0,33150.0,577932.0,-0.30075187969924816,9038748750,41284200,7449833750,2651742350,3631511750,20216000,10303135900,5226745400,19181609050
2018-02-02,33150.0,33200.0,32200.0,32500.0,389066.0,-1.9607843137254901,5849977400,753250,4041809700,2788510300,4129075800,61970700,6286173500,2203830650,12681050650
2018-02-05,31800.0,32950.0,31750.0,32500.0,649874.0,0.0,8337915900,89627150,4556340750,8072310300,4329895100,126347650,9521574000,7078377350,21056194100
2018-02-06,31350.0,32050.0,30800.0,31950.0,631001.0,-1.6923076923076923,7613263950,135170250,7333608050,4808482900,3642251400,254800,10010609200,6237409750,19890525150
2018-02-07,32100.0,32550.0,30450.0,30450.0,641802.0,-4.694835680751173,3248513450,520028000,10877838050,5409700250,7189937450,57100000,9130952350,3678089950,20056079750
2018-02-08,30550.0,31350.0,29600.0,31150.0,736112.0,2.2988505747126435,10294673950,7674400,6718948200,5446899250,8039967700,111189600,7894608300,6422430200,22468195800
2018-02-09,30050.0,30800.0,30050.0,30350.0,292254.0,-2.568218298555377,3477633450,0,3449030850,1967211400,2020908800,58656650,3550818150,3263492100,8893875700
2018-02-12,30400.0,30500.0,29450.0,30400.0,426860.0,0.16474464579901155,5026726250,57377000,5755179250,1953212400,2716582000,14707350,5695820700,4365384850,12792494900
2018-02-13,30750.0,30750.0,29850.0,29950.0,252395.0,-1.4802631578947367,3339755300,25961950,3369123400,906429850,2737441500,1906500,2956729100,1945193400,7641270500
2018-02-14,30000.0,30600.0,29950.0,30500.0,284265.0,1.8363939899833055,3224139500,6080000,2383159400,3004896650,2341993650,17089700,4413165550,1846026650,8618275550
2018-02-19,31050.0,31750.0,30850.0,31500.0,404873.0,3.278688524590164,3291451700,27003250,4712271900,4721069500,2474760850,95000000,6808876850,3373158650,12751796350
2018-02-20,31750.0,31850.0,31000.0,31150.0,206689.0,-1.1111111111111112,2835765650,0,2734518500,912660900,1794131700,9405000,3098801150,1580607200,6482945050
2018-02-21,31000.0,31200.0,30350.0,30600.0,258483.0,-1.7656500802568218,1779887550,60850000,3263703000,2812715600,3027143850,15350000,2571399600,2303262700,7917156150
2018-02-22,30300.0,30800.0,30100.0,30350.0,206602.0,-0.8169934640522877,886303400,0,2975773450,2409725550,2175414850,0,2304001100,1792386450,6271802400
2018-02-23,30800.0,30900.0,30350.0,30500.0,257773.0,0.4942339373970346,2857647250,4416100,2743139650,2271286800,1288670800,0,2984063400,3603755600,7876489800
2018-02-26,30850.0,31050.0,29750.0,30000.0,600856.0,-1.639344262295082,2832165800,195987850,9927521850,5175155800,5216123200,0,7492482200,5422225900,18130831300
2018-02-27,30200.0,30500.0,29800.0,29850.0,247563.0,-0.5,1475105450,103922000,3198919600,2652614700,2707836000,0,2506506650,2216219100,7430561750
2018-02-28,29700.0,30000.0,29200.0,29200.0,437482.0,-2.1775544388609713,2410844200,58700000,5436390350,4943453800,2011284400,0,5469349100,5368754850,12849388350
2018-03-02,28850.0,29250.0,28550.0,28800.0,350653.0,-1.36986301369863,2716103150,96667050,3940167900,3358846150,3966722550,0,3872279250,2272782450,10111784250
2018-03-05,28700.0,29000.0,27850.0,27900.0,444094.0,-3.125,2395825900,270375000,6835242500,3037934200,3217970400,17515250,4796156200,4507735750,12539377600
2018-03-06,28300.0,28600.0,28100.0,28500.0,306098.0,2.1505376344086025,3603721100,12972800,2724240000,2361598250,2259639600,0,2872677550,3570215000,8702532150
2018-03-07,28400.0,28900.0,27800.0,28000.0,465050.0,-1.7543859649122806,3834449050,36635950,5532129300,3770543750,3402100850,17077300,5562264150,4192315750,13173758050
2018-03-08,28050.0,29100.0,28050.0,29100.0,531964.0,3.9285714285714284,9202397800,97200100,3544382850,2502392800,6138439300,8610000,3554588100,5644736150,15346373550
2018-03-09,29100.0,30200.0,29050.0,29600.0,528418.0,1.718213058419244,6906758950,59600000,5273816350,3510005950,4321719650,59525000,8016580250,3352356350,15750181250
2018-03-12,30050.0,30100.0,29650.0,29950.0,235187.0,1.1824324324324325,2877374400,727140650,2205588950,1238928800,2154858550,1281400,3471105550,1421787300,7049032800
2018-03-13,29700.0,29900.0,28800.0,29000.0,353711.0,-3.1719532554257093,2268057700,28900000,6403626700,1638489700,5990933250,3443700,2643960950,1700736200,10339074100
2018-03-14,28650.0,29200.0,28450.0,28750.0,288187.0,-0.8620689655172413,1987833350,5720000,4445688150,1819653850,4028534350,57700000,3037685200,1134975800,8258895350
2018-03-15,28850.0,29000.0,28550.0,28850.0,225715.0,0.34782608695652173,2297981650,0,3146548850,1057322050,4056186200,28759850,1553970550,862935950,6501852550
2018-03-16,28850.0,29350.0,28800.0,29300.0,198442.0,1.559792027729636,2402018800,0,1677894100,1703934500,870466150,0,2668812000,2244569250,5783847400
2018-03-19,29300.0,29500.0,28800.0,29350.0,176605.0,0.17064846416382254,3268512850,0,1696641650,209686650,1096523900,0,2536310750,1542006500,5174841150
2018-03-20,29100.0,29650.0,29100.0,29450.0,177979.0,0.34071550255536626,1622312150,8740550,2441966700,1163253350,1790979250,0,2514970200,930323300,5236272750
2018-03-21,29450.0,29750.0,29350.0,29400.0,157397.0,-0.1697792869269949,1858443000,0,2037265000,752140300,1080384500,0,2480324550,1087139250,4647848300
2018-03-22,29500.0,29750.0,28750.0,29000.0,274505.0,-1.3605442176870748,2666436200,3575550,4048333850,1287619050,1097402550,307200200,4719805950,1881555950,8005964650
2018-03-23,28450.0,28800.0,27750.0,27800.0,516224.0,-4.137931034482759,3473826350,0,6907034300,4131526100,4318173350,27877300,7860642550,2305693550,14512386750
2018-03-26,27900.0,28900.0,27600.0,28800.0,286966.0,3.597122302158273,1943194050,0,2000938400,4197064500,2483410250,6056000,3879354200,1772376500,8141196950
2018-03-27,29000.0,29650.0,28900.0,29500.0,351248.0,2.430555555555556,5954025000,0,1672671600,2697664550,3059521300,6270400,5079296500,2179272950,10324361150
2018-03-28,29100.0,29950.0,28900.0,29400.0,350071.0,-0.3389830508474576,3578898250,24844200,4269934300,2464586150,2879237200,134332150,3843980550,3480713000,10338262900
2018-03-29,29350.0,29800.0,29000.0,29800.0,224561.0,1.3605442176870748,1864478300,0,1735417300,2999950000,968542550,11768200,2483167950,3136366900,6599845600
2018-03-30,29950.0,30250.0,29600.0,29600.0,234291.0,-0.6711409395973155,2523738250,0,2967771850,1523189800,1148586850,58845000,3647724850,2159543200,7014699900
2018-04-02,29350.0,29600.0,28600.0,28800.0,323370.0,-2.7027027027027026,2212706450,0,5452412950,1690222550,4039185450,2925000,4211619200,1101612300,9355341950
2018-04-03,28550.0,29200.0,28450.0,29050.0,196740.0,0.8680555555555556,2581552500,57112650,1647574350,1398231150,2495021250,247006750,1653410400,1289032250,5684470650
2018-04-04,28900.0,29150.0,28500.0,28600.0,165618.0,-1.549053356282272,1517993500,0,2552273250,688629450,1528830600,2740750,2264707700,962617150,4758896200
2018-04-05,28600.0,29200.0,28500.0,28800.0,265041.0,0.6993006993006993,1933388900,0,3077097800,2616233500,4294100200,0,2834639950,497980050,7626720200
2018-04-06,28800.0,29500.0,28500.0,29350.0,378392.0,1.9097222222222223,4325454400,89626650,4814723900,2004553900,2994131600,29300000,6463285100,1747642150,11234358850
2018-04-09,35150.0,35850.0,33000.0,33750.0,5072323.0,14.991482112436117,36673427400,1972108450,86573847650,47156934600,32771430350,1003219500,93577419150,45024249100,172376318100
2018-04-10,33800.0,34300.0,33450.0,33750.0,1890858.0,0.0,15254965700,852223800,21306596900,26524524900,21018834950,333415100,28505234500,14080826750,63938311300
2018-04-11,33500.0,33900.0,33000.0,33450.0,1023935.0,-0.8888888888888888,7012423750,317278550,10462799800,16521096400,7030729600,623627250,21328290900,5330950750,34313598500
2018-04-12,33500.0,34700.0,33350.0,34400.0,1288768.0,2.8400597907324365,17499833100,92053500,17045463600,9687788000,13311682300,853341200,22490514350,7669600350,44325138200
2018-04-13,34250.0,34800.0,33750.0,34450.0,509835.0,0.14534883720930233,7733654300,52819800,6126743050,3574747900,3738931900,4343400,8936219300,4808470450,17487965050
2018-04-16,34700.0,35150.0,34150.0,34250.0,584552.0,-0.5805515239477503,7234873900,129459700,9120270900,3819509200,3688954850,182942100,12481462700,3950754050,20304113700
2018-04-17,34400.0,34750.0,33650.0,33850.0,504761.0,-1.167883211678832,9070895150,14383050,4670199550,3466293250,5169110350,3445000,7002821550,5046394100,17221771000
2018-04-18,34050.0,35300.0,33800.0,35300.0,1201400.0,4.283604135893649,21812607000,122466150,10204001500,6705699200,11531212650,127436750,20784755850,6401368600,38844773850
2018-04-19,35300.0,37250.0,35100.0,36900.0,1718011.0,4.53257790368272,22790473800,443709950,26553866200,13097532550,14765942400,322246650,29385174800,18412218650,62885582500
2018-04-20,36950.0,37550.0,36000.0,37150.0,948771.0,0.6775067750677507,18990843450,67239850,8760703500,7264275900,11111354850,263546550,14384124250,9324037050,35083062700
2018-04-23,38000.0,38600.0,36850.0,37250.0,1528179.0,0.2691790040376851,21704646750,499199450,24170804350,11484009200,19486483800,295730300,24530001650,13546444000,57858659750
2018-04-24,37500.0,38800.0,36500.0,38150.0,968041.0,2.4161073825503356,15672637350,788082350,13710465550,6707113200,8323761200,412203900,18806584100,9335749250,36878298450
2018-04-25,38150.0,38450.0,36800.0,37000.0,1030777.0,-3.014416775884666,14763380250,38100000,14173111300,9758875200,12578904350,345899250,10812484600,14996178550,38733466750
2018-04-26,37100.0,39000.0,36850.0,38400.0,1296224.0,3.783783783783784,13041689150,102315900,17410821700,18819484600,14320360450,134087350,23678901250,11240962300,49374311350
2018-04-27,38750.0,38950.0,37350.0,37700.0,866846.0,-1.8229166666666667,9862897600,213152850,10786887350,12009682700,10483512850,93544800,10248865050,12046697800,32872620500
2018-04-30,39000.0,42300.0,38600.0,40800.0,3417632.0,8.222811671087534,35527591750,3216131550,65162956900,33445034400,27535874800,5974624600,71021686450,32819528750,137351714600
2018-05-02,41000.0,41950.0,39550.0,40450.0,1611094.0,-0.857843137254902,22147287400,474190150,33154849150,9641009850,20050866250,289714100,29783900250,15292855950,65417336550
2018-05-03,40600.0,41800.0,39550.0,40350.0,1005705.0,-0.2472187886279357,13953012300,442518000,15292311300,11273916900,9809543600,858372450,17732657550,12561184900,40961758500
2018-05-04,40350.0,42600.0,40150.0,42500.0,1368509.0,5.328376703841388,17443001600,202193400,21127338750,18505379700,10679582700,830642050,29692095450,16075593250,57277913450
2018-05-08,41850.0,42900.0,40900.0,40950.0,943617.0,-3.6470588235294117,8131376450,72573900,19814433150,11447773000,14095921300,168741300,15608684500,9592809400,39466156500
2018-05-09,40800.0,41750.0,39700.0,41100.0,580022.0,0.3663003663003663,10302203350,62942000,7560577350,5849084300,4725194600,371057200,13457694600,5220860600,23774807000
2018-05-10,41700.0,42900.0,41300.0,42900.0,1086659.0,4.37956204379562,27857105000,33581650,9367957350,8887779400,17224570750,533503250,20828687950,7559661450,46146423400
2018-05-11,43000.0,43900.0,41900.0,43600.0,858233.0,1.6317016317016315,15112067000,561945350,13709197150,7640050850,8324225900,114042050,17583561050,11001431350,37023260350
2018-05-14,44800.0,47350.0,44050.0,46750.0,2085396.0,7.224770642201834,42492352900,1020682650,40791671250,11996541050,18250672900,1107191400,49615925850,27327457700,96301247850
2018-05-15,46900.0,47550.0,45850.0,47050.0,1263805.0,0.6417112299465241,15143762000,778649300,18192433550,24910967700,15543352550,710981300,22131577200,20639901500,59025812550
2018-05-16,45100.0,46450.0,44250.0,44450.0,1533025.0,-5.526036131774708,22278079950,427103900,26856951750,19832199150,17943157050,635473600,34313389650,16502314450,69394334750
2018-05-17,45100.0,47500.0,44900.0,45700.0,1302332.0,2.81214848143982,11403265600,419378600,37590345100,10710613650,14676039600,827131700,32026524600,12593907050,60123602950
2018-05-18,45800.0,46750.0,45250.0,46700.0,798433.0,2.1881838074398248,10706459000,80404850,14414550650,11641873150,12833302600,131100600,17458536650,6420347800,36843287650
2018-05-21,46950.0,47600.0,45950.0,47450.0,1148949.0,1.6059957173447537,28917540500,58560000,14991890400,10055596400,24682040900,114411000,21421484250,7805651150,54023587300
2018-05-23,46950.0,48000.0,46050.0,47600.0,1119119.0,0.31612223393045313,17465500500,280682150,14117965950,20867373226,16221988350,1800041500,18191013550,16518478426,52731521826
2018-05-24,48000.0,48150.0,46800.0,47400.0,690807.0,-0.42016806722689076,12248630600,60416200,10340315200,10207915050,7734039650,127074100,12432919350,12563243950,32857277050
2018-05-25,45350.0,46700.0,44300.0,45900.0,1605168.0,-3.1645569620253164,25719472350,68992000,24318798900,23583431300,17512292900,2676245000,38448872000,15053284650,73690694550
2018-05-28,49000.0,54700.0,48700.0,51600.0,4391058.0,12.418300653594772,32603802850,695814500,162971150200,29802094500,43274009450,1766935550,143411763350,37620153700,226072862050
2018-05-29,50700.0,51000.0,47900.0,47950.0,1726808.0,-7.073643410852713,18898625650,421090900,52679453450,13106792400,25683045200,589620500,40440835100,18392461600,85105962400
2018-05-30,48050.0,48400.0,46800.0,48100.0,1141306.0,0.31282586027111575,16447342800,244972500,23314089550,14236611100,14331370850,1898998150,25153423650,12859223300,54243015950
2018-05-31,48900.0,49650.0,47550.0,49050.0,1188418.0,1.9750519750519753,21203756600,180421300,15807809350,20684614750,12832931300,236459500,21782715400,23024495800,57876602000
2018-06-01,49050.0,49500.0,47750.0,47750.0,847681.0,-2.650356778797146,17532140850,155208350,14228507950,9258888250,14669618450,12299600,18898611300,7594216050,41174745400
2018-06-04,48200.0,48800.0,46050.0,46400.0,1042796.0,-2.8272251308900525,10387175650,134579050,19937527850,18558709850,15224237950,232047250,24066664850,9495042350,49017992400
2018-06-05,46250.0,48600.0,46250.0,48600.0,833973.0,4.741379310344827,12601564000,291209900,14076001450,12852626550,13318279950,243861100,21082851350,5176409500,39821401900
2018-06-07,48850.0,49950.0,47900.0,48100.0,896794.0,-1.02880658436214,12179987400,374464350,15240697350,16214914150,13654007450,86902500,16992288550,13276864750,44010063250
2018-06-08,48400.0,48500.0,46300.0,46500.0,805997.0,-3.3264033264033266,6752765750,56222500,20904423000,10094368100,21331712850,18263000,10503325100,5954478400,37807779350
2018-06-11,46550.0,48000.0,46500.0,47550.0,952628.0,2.258064516129032,11715652300,150912150,14461541700,18671901950,22678910000,95551600,16817090700,5408455800,45000008100
2018-06-12,47950.0,47950.0,45100.0,45850.0,1425479.0,-3.5751840168243953,20085299950,914489300,27872703350,17060130000,20705987000,228048850,24789325050,20209261700,65932622600
2018-06-14,44400.0,46750.0,43800.0,45900.0,1459015.0,0.10905125408942204,29788227450,219213700,11464041050,25039456300,28378520250,826707750,22270573850,15035136650,66510938500
2018-06-15,46150.0,47300.0,45200.0,45700.0,820427.0,-0.4357298474945534,15535974100,77354600,10319725600,11966618600,13229863450,296019400,15430809400,8942980650,37899672900
2018-06-18,45100.0,45900.0,43500.0,44200.0,858003.0,-3.282275711159737,8784351600,21312000,11058470500,18262012850,15416486800,1118897350,16633309050,4957453750,38126146950
2018-06-19,44300.0,45200.0,42150.0,42650.0,1340022.0,-3.506787330316742,15736872450,36112200,9649013000,30742063450,24753989050,26133550,16072868650,15311069850,56164061100
2018-06-20,42550.0,45400.0,42550.0,45000.0,976968.0,5.509964830011723,16688003350,143063200,10364142050,15985763850,12886125550,758497500,13886013800,15650335600,43180972450
2018-06-21,44350.0,46450.0,44300.0,44500.0,1059273.0,-1.1111111111111112,20732537200,627259900,9497173950,14708090600,12351135350,106522450,12192860400,20914543450,45565061650
2018-06-22,44500.0,46650.0,44300.0,46600.0,1013222.0,4.719101123595506,17118377700,126281550,11826693800,17526436850,10553034750,1130157100,20414805750,14499792300,46597789900
2018-06-25,46600.0,49000.0,46250.0,48450.0,1257786.0,3.969957081545064,25693280750,86407200,15852190750,19185437550,13927171700,277354950,28957068600,17655721000,60817316250
2018-06-26,48350.0,49100.0,47250.0,48350.0,920835.0,-0.20639834881320948,15073915300,61171000,12021800950,17427033950,12247402850,508059400,15514690250,16313768700,44583921200
2018-06-27,48500.0,49150.0,45750.0,46150.0,919448.0,-4.550155118924509,13721299650,308641200,18685772950,10276786900,13854921550,56480900,16758747650,12322350600,42992500700
2018-06-28,46200.0,46850.0,45200.0,45250.0,607128.0,-1.9501625135427951,8218385150,9105550,8526411050,11103552400,8726226150,282583700,9160865800,9687778500,27857454150
2018-06-29,46200.0,46750.0,44700.0,46000.0,628769.0,1.6574585635359116,8770485800,70192000,8936948050,10882943800,9042311900,77509050,9654789500,9885959200,28660569650
2018-07-02,45850.0,46000.0,43100.0,43700.0,723279.0,-5.0,9580321250,5391150,12636619300,9577420800,15003356500,142930800,10895826550,5757638650,31799752500
2018-07-03,44350.0,45400.0,43500.0,45200.0,598987.0,3.4324942791762014,7215054200,127312750,6548321100,12921633750,6449501750,591239050,10229307100,9542273900,26812321800
2018-07-04,45100.0,46250.0,44500.0,45950.0,422585.0,1.6592920353982303,6926319450,108761100,5454238250,6809374900,4298976000,9153250,7167728400,7822836050,19298693700
2018-07-05,45950.0,46050.0,44300.0,45200.0,388277.0,-1.632208922742111,7651652550,5490600,5547181450,4271700350,7312682800,21562200,5199768700,4942011250,17476024950
2018-07-06,45500.0,47950.0,45350.0,47550.0,650845.0,5.199115044247788,14488317500,93535650,10229867300,5729393350,8446205950,76940950,16163332600,5854634300,30541113800
2018-07-09,47150.0,47850.0,46100.0,46750.0,636763.0,-1.6824395373291272,13700892300,50746600,10316239500,5927883900,8095163400,21878600,10425743600,11452976700,29995762300
2018-07-10,47300.0,47800.0,45800.0,45850.0,501656.0,-1.9251336898395723,7125910350,60565150,12742142800,3354367850,12376884750,26276800,6627590850,4252233750,23282986150
2018-07-11,45300.0,46450.0,44800.0,45700.0,637485.0,-0.3271537622682661,6907744850,130955000,7701020500,14400322850,13626976250,80220050,9847380450,5585466450,29140043200
2018-07-12,45700.0,46150.0,44350.0,44850.0,803479.0,-1.8599562363238513,15919697100,4480000,13327233900,7015131600,21395906950,218702300,8523402550,6128530800,36266542600
2018-07-13,45450.0,47250.0,45200.0,47000.0,686671.0,4.793756967670011,11483979100,71844350,6423375850,14033529300,8808029600,108452100,16694243700,6402003200,32012728600
2018-07-16,47150.0,47350.0,45250.0,45600.0,644176.0,-2.9787234042553195,7513665100,603225650,14635838950,6793997650,12147607200,1125150,7433079450,9964915550,29546727350
2018-07-17,46000.0,47000.0,45700.0,46300.0,482351.0,1.5350877192982455,7072510200,221166900,7141379850,7976056550,8821637800,0,9909039500,3680436200,22411113500
2018-07-18,46500.0,46600.0,43800.0,43800.0,893032.0,-5.399568034557236,7979081300,81861750,23497972850,8301438000,14872229200,324128900,11295276950,13368718850,39860353900
2018-07-19,44000.0,44500.0,42350.0,43950.0,711261.0,0.3424657534246575,14399787850,68813350,8469339550,8173378650,15667004200,69593050,10536546150,4838176000,31111319400
2018-07-20,43950.0,44700.0,43850.0,44500.0,430356.0,1.2514220705346986,5078396900,118047550,3835890150,10023056000,6834405000,89406100,6119074850,6012504650,19055390600
2018-07-23,44500.0,44850.0,43800.0,44000.0,479079.0,-1.1235955056179776,5595179850,8667750,3771737050,11520636650,8143103200,85075250,4363097300,8304945550,20896221300
2018-07-24,44000.0,46850.0,43850.0,46600.0,833890.0,5.909090909090909,20540528700,53063500,7419927550,10247794250,10517404550,221411650,18728713700,8793784100,38261314000
2018-07-25,47000.0,47900.0,45850.0,47500.0,792809.0,1.9313304721030045,13444024800,115768000,11720539150,12110660800,12915187600,113371000,19966893400,4395540750,37390992750
2018-07-26,46500.0,46650.0,42850.0,43000.0,3169657.0,-9.473684210526317,24468006700,536025250,101027230650,12905230000,56946036550,424958200,41820710400,39744787450,138936492600
2018-07-27,43100.0,43950.0,42750.0,43150.0,1282703.0,0.3488372093023256,13231631500,246244300,25060699450,17056182000,19159529450,409632800,28456288300,7569306700,55594757250
2018-07-30,43050.0,44350.0,43050.0,43950.0,988047.0,1.8539976825028968,10581830800,67392800,13001558400,19786435650,7122305050,204842500,30158138550,5951931550,43437217650
2018-07-31,43950.0,45300.0,43650.0,45300.0,810082.0,3.0716723549488054,9992760400,25939200,7713090100,18554529250,5015803450,54603950,26691410850,4524500700,36286318950
2018-08-01,45300.0,45450.0,44500.0,45300.0,395877.0,0.0,6048945300,49530350,5521758150,6259232750,4435279650,82810050,9048897350,4312479500,17879466550
2018-08-02,45050.0,46400.0,44350.0,44550.0,567363.0,-1.6556291390728477,5406310900,193221400,12472580700,7531736950,5386773750,6538850,9279785850,10930751500,25603849950
2018-08-03,44900.0,45600.0,44850.0,45600.0,416051.0,2.356902356902357,7835618050,6167300,3193399700,7807278700,4875062950,245125800,10605930050,3116344950,18842463750
2018-08-06,45700.0,45950.0,44200.0,44550.0,410763.0,-2.302631578947368,3588417900,79169200,8461482750,6271757900,7308698850,12379600,6078495000,5001254300,18400827750
2018-08-07,44600.0,44950.0,43650.0,44300.0,530345.0,-0.5611672278338945,5389514700,3984350,10288496550,7695114200,14045477200,6475000,5299607800,4025549800,23377109800
2018-08-08,44400.0,44800.0,43450.0,43750.0,526703.0,-1.2415349887133182,3018940750,50362550,10706001250,9411606250,10073693450,69715400,8974313600,4069188350,23186910800
2018-08-09,43300.0,44350.0,43200.0,43700.0,486964.0,-0.1142857142857143,7280323600,34330400,7750284100,6155788150,9787892450,20243100,9741742550,1670848150,21220726250
2018-08-10,44350.0,45050.0,44200.0,44850.0,598091.0,2.631578947368421,11208987300,114961900,5072034300,10362885650,6883930500,259418300,17489848450,2125671900,26758869150
2018-08-13,45000.0,45500.0,43750.0,43850.0,535654.0,-2.229654403567447,7100153400,109861400,7007725250,9539135400,8457718450,33649900,10275092300,4990414800,23756875450
2018-08-14,43900.0,45300.0,43450.0,45250.0,547718.0,3.192702394526796,4955939150,51514250,4749258650,14637426250,4885575250,52207000,12313532600,7142823450,24394138300
2018-08-16,45100.0,46000.0,44950.0,45100.0,471579.0,-0.3314917127071823,3054879900,90570000,5038900400,13178438900,4598412100,8289900,11169783550,5586303650,21362789200
2018-08-17,45550.0,45550.0,44300.0,44700.0,396046.0,-0.8869179600886918,4382309750,122100150,6339960900,6842727200,8337806400,19923900,5651774050,3677593650,17687098000
2018-08-20,45050.0,45600.0,44800.0,44900.0,962068.0,0.44742729306487694,3220499150,0,3234082500,36813560100,2579015050,782865000,6810971800,33095289900,43268141750
2018-08-21,44950.0,45000.0,44350.0,44650.0,348873.0,-0.5567928730512249,2588226300,8880000,6997639450,5987568450,8233513350,446890200,4428633350,2473277300,15582314200
2018-08-22,44350.0,46800.0,44350.0,46100.0,972962.0,3.2474804031354982,17396900900,207237950,14046269600,13218715500,9006820650,35498150,26000273600,9826531550,44869123950
2018-08-23,46400.0,48400.0,46250.0,48100.0,969472.0,4.3383947939262475,16431921650,1307941850,16493773450,12118982100,7755348500,1622628400,29487193850,7487448300,46352619050
2018-08-24,48200.0,48450.0,47350.0,48050.0,370566.0,-0.10395010395010396,6083010200,52869900,7607131550,4012369200,4202937000,204987000,7473227700,5874229150,17755380850
2018-08-27,47350.0,48450.0,46900.0,47950.0,585902.0,-0.20811654526534862,10089283150,10824050,8290815700,9724770150,10204316900,0,13714471150,4196905000,28115693050
2018-08-28,48700.0,49650.0,48000.0,48700.0,768227.0,1.5641293013555788,14644077400,79791700,13220573550,9714558000,12744874700,468251950,16364442100,8081431900,37659000650
2018-08-29,48350.0,49100.0,48000.0,48850.0,474558.0,0.3080082135523614,9478280700,7971700,7151709650,6416532500,7009056550,29105100,7893699450,8122633450,23054494550
2018-08-30,48900.0,48900.0,48000.0,48300.0,413084.0,-1.1258955987717503,7222726200,66160500,6233519750,6479673200,7577309250,115994650,5765699450,6543076300,20002079650
2018-08-31,47400.0,48050.0,46850.0,47900.0,623104.0,-0.8281573498964804,6906377100,56195000,11090175050,11469306050,8822794850,133475500,12042038000,8523744850,29522053200
2018-09-03,48250.0,48950.0,47800.0,47950.0,366280.0,0.10438413361169101,7919353950,55585000,5539089100,4177156600,6712256600,118595500,6695809150,4164523400,17691184650
2018-09-04,48050.0,48550.0,47650.0,48450.0,295913.0,1.0427528675703857,7874098500,1246700,3857155650,2492265650,4477717600,1797421950,6244074300,1705552650,14224766500
2018-09-05,48900.0,48950.0,46950.0,47050.0,507205.0,-2.8895768833849327,7144132000,63323450,12298620750,4762755550,6614866750,1420252200,7257739550,8975973250,24268831750
2018-09-06,47100.0,48550.0,47000.0,47550.0,561082.0,1.0626992561105209,12727071700,23355800,5373177450,8695600450,7173884300,2930929750,10363102500,6351288850,26819205400
2018-09-07,48100.0,49550.0,47450.0,49400.0,791012.0,3.890641430073607,15961429550,65101850,12015933950,10674486300,6722799450,93582250,25260032050,6640537900,38716951650
2018-09-10,49950.0,52100.0,49800.0,52000.0,1299871.0,5.263157894736842,30413670700,217408900,21329686150,14903134750,11040447600,89997400,46924814450,8808641050,66863900500
2018-09-11,52800.0,53300.0,51800.0,52600.0,717615.0,1.153846153846154,16412354600,72098300,12180607300,9100868900,10243093300,156850000,22284042100,5081943700,37765929100
2018-09-12,52300.0,53500.0,51000.0,53000.0,614793.0,0.7604562737642585,14981726400,44509800,11291054500,5943024800,9083072700,59451000,15761118000,7356673800,32260315500
2018-09-13,53000.0,53200.0,51800.0,52600.0,560427.0,-0.7547169811320755,12111069100,327868500,7832669000,9178486500,15455738100,17631200,7948709800,6028014000,29450093100
2018-09-14,52800.0,53200.0,51900.0,52700.0,372646.0,0.19011406844106463,5076598500,160847600,8239764800,6077192500,3733911700,75279500,10877763100,4867449100,19554403400
2018-09-17,53100.0,53500.0,51800.0,52800.0,428553.0,0.18975332068311196,2771531800,1496028300,7686771100,10546554200,10914304000,90946600,7332123300,4163511500,22500885400
2018-09-18,52400.0,53200.0,51100.0,51700.0,760061.0,-2.083333333333333,9252054800,255812700,15318534900,14553988950,18402453900,23672400,11016441600,9937823450,39380391350
2018-09-19,51800.0,52800.0,51000.0,51900.0,529958.0,0.3868471953578337,11741020200,961623700,6838459100,8031903600,10827062700,0,11621958100,5123985800,27573006600
2018-09-20,52600.0,52900.0,50600.0,51300.0,722087.0,-1.1560693641618496,10212019900,151678600,14471630400,12190276300,14528637700,42997000,12593838300,9860132200,37025605200
2018-09-21,51500.0,52400.0,50700.0,51600.0,1087475.0,0.5847953216374269,10473040800,588990800,12355026200,32560306600,17483219000,73155500,10365724200,28055265700,55977364400
2018-09-27,52200.0,52300.0,50800.0,51400.0,671659.0,-0.3875968992248062,9830600800,56896600,7651125600,17055739400,10601439500,110190300,7055537900,16827194700,34594362400
2018-09-28,51500.0,52300.0,51100.0,52300.0,542214.0,1.7509727626459144,8661437500,7704500,6844112500,12511233748,11996338200,60818100,8426077800,7541254148,28024488248
2018-10-01,52600.0,54700.0,52100.0,54500.0,1001216.0,4.2065009560229445,23520690600,360184600,17063290400,13123707500,14082478900,331375200,32355261700,7298757300,54067873100
2018-10-02,54900.0,55900.0,54200.0,54700.0,735578.0,0.3669724770642202,17127666300,107899600,15665891300,7675984700,7710755400,83900400,23174355800,9608430300,40577441900
2018-10-04,55800.0,56500.0,53300.0,54100.0,753366.0,-1.0968921389396709,15673894800,269930300,15073809700,10264631500,15613976700,38444800,14453778900,11176065900,41282266300
2018-10-05,53900.0,55500.0,52600.0,53500.0,645634.0,-1.1090573012939002,9876487100,76712900,13004010200,11687440900,16185662800,99327600,14299098800,4060561900,34644651100
2018-10-08,53500.0,54800.0,52000.0,53000.0,644845.0,-0.9345794392523363,12827802200,15360000,9922856200,11673177300,12209695900,261898000,13192341400,8775260400,34439195700
2018-10-10,53900.0,53900.0,50700.0,51600.0,795861.0,-2.6415094339622645,10186394300,74595500,12572676400,18196435400,15163376900,165460900,11800421200,13900842600,41030101600
2018-10-11,49000.0,50900.0,48250.0,49350.0,1186200.0,-4.3604651162790695,21776975850,339896950,13388898000,23041594050,16882451000,156121600,18296899650,23211892600,58547364850
2018-10-12,49250.0,51600.0,48500.0,50700.0,782983.0,2.735562310030395,18262617550,142205000,11907981650,8787229750,12027861650,727644050,14289460950,12055067300,39100033950
2018-10-15,50700.0,51900.0,48800.0,49200.0,494469.0,-2.9585798816568047,8416844250,27141850,10143405050,6213133350,13483157750,12245200,7743179300,3561942250,24800524500
2018-10-16,49500.0,50700.0,49100.0,50100.0,274070.0,1.8292682926829267,6107370850,72937450,3472128750,4052573600,4847111700,175146400,6359955650,2322796900,13705010650
2018-10-17,51200.0,51200.0,50000.0,50400.0,323697.0,0.5988023952095809,6503144400,144656900,5909953700,3843075300,7901294400,8973700,5161497500,3329064700,16400830300
2018-10-18,50500.0,50900.0,47900.0,48500.0,557559.0,-3.7698412698412698,6220349000,35303300,14798439400,6176784200,15658558650,126549600,8444331350,3001436300,27230875900
2018-10-19,48200.0,49750.0,47600.0,49600.0,439369.0,2.268041237113402,12656747350,55260800,4438951100,4383931850,8443519650,98101850,9501049700,3492219900,21534891100
2018-10-22,49400.0,49400.0,48000.0,48750.0,394504.0,-1.7137096774193548,10814379650,203353700,5832107100,2399324250,11937376300,21329250,3909072650,3381386500,19249164700
2018-10-23,48750.0,49800.0,47450.0,48150.0,586303.0,-1.2307692307692308,10056287900,10406000,8233197800,10000033200,11444791450,159842950,7551442950,9143847550,28299924900
2018-10-24,48600.0,48600.0,44000.0,44350.0,1931892.0,-7.892004153686397,21549929300,383101900,42772262650,22149860550,46633454850,284033650,23415568450,16522097450,86855154400
2018-10-25,43000.0,45000.0,42200.0,43950.0,760538.0,-0.9019165727170236,13783268950,8052500,11326261900,8223986550,12628839650,18110400,15084121000,5610498850,33341569900
2018-10-26,44350.0,44400.0,40850.0,42600.0,880568.0,-3.0716723549488054,12102433000,14409350,13497941450,11629148400,15837164600,8598700,17862813600,3535355300,37243932200
2018-10-29,42250.0,43750.0,41450.0,42000.0,883602.0,-1.4084507042253522,16755837350,54391400,7967077100,12715957350,9901207450,33010300,16499998000,11059047450,37493263200
2018-10-30,41800.0,43250.0,41200.0,43150.0,694831.0,2.738095238095238,7754629150,17610050,8977876200,12788104850,8501841900,70813500,11274308700,9691256150,29538220250
2018-10-31,43200.0,43350.0,41300.0,41750.0,839369.0,-3.2444959443800694,7682162500,49336000,18064913650,9391647250,18185108250,12143400,7763697850,9227109900,35188059400
2018-11-01,41950.0,42850.0,40200.0,40200.0,1024092.0,-3.7125748502994016,7474813900,21421000,21585161500,13171936000,13970590000,323996400,17153649450,10805096550,42253332400
2018-11-02,40600.0,43050.0,40600.0,43000.0,895115.0,6.965174129353234,9561375450,94263800,16938287250,10908671300,9689928050,80885050,21722788150,6008996550,37502597800
2018-11-05,42750.0,42750.0,41150.0,41550.0,649012.0,-3.372093023255814,4893295900,40731650,18220589150,3844019000,10292095000,90932050,8518074400,8097534250,26998635700
2018-11-06,42100.0,42450.0,40900.0,41500.0,628064.0,-0.12033694344163659,5651383450,27165000,12501460450,7920516150,10799228050,30233650,10450219200,4820844150,26100525050
2018-11-07,41850.0,42650.0,39900.0,40350.0,1010457.0,-2.7710843373493974,11623415900,81103600,18770827650,11204241400,18629607300,153985000,12880520650,10015475600,41679588550
2018-11-08,41100.0,42400.0,41050.0,41400.0,620777.0,2.6022304832713754,8438054900,208857750,8631447500,8566344350,8995788300,83000,13313404350,3535428850,25844704500
2018-11-09,41650.0,41900.0,41000.0,41350.0,356190.0,-0.12077294685990338,5672656450,2078500,4006486200,5086825000,3612826300,161977650,5339568200,5653674000,14768046150
2018-11-12,41250.0,42850.0,40800.0,42500.0,498061.0,2.781136638452237,7972077550,8918000,5025271600,8097709100,3189247800,13261800,11330950100,6570516550,21103976250
2018-11-13,42000.0,42700.0,41100.0,42500.0,652883.0,0.0,5106766350,52426100,4843354900,17296023100,4250143250,0,7233169650,15815257550,27298570450
2018-11-14,42450.0,42450.0,40250.0,40600.0,929325.0,-4.470588235294118,4526879400,562714800,22559931700,10155905050,20487053100,82609000,8419963950,8815804900,37805430950
2018-11-15,40600.0,41600.0,40400.0,41550.0,443250.0,2.3399014778325125,4541170800,1104350,7518984250,6176164000,4559930450,459431550,11994307900,1223753500,18237423400
2018-11-16,41950.0,42500.0,41300.0,42400.0,382800.0,2.0457280385078223,6867387950,15170000,4465208900,4813220450,4223210300,51759550,9678485350,2207532100,16160987300
2018-11-19,42700.0,43350.0,42150.0,42650.0,359315.0,0.589622641509434,4753528950,101172800,7246610200,3226686350,6134855200,64349300,6690776900,2438016900,15327998300
2018-11-20,42100.0,42350.0,41600.0,42300.0,318624.0,-0.8206330597889802,3449255300,7092000,5808991800,4106775550,6383661000,0,5775213700,1213239950,13372114650
2018-11-21,41550.0,41650.0,40650.0,41050.0,539054.0,-2.955082742316785,3570310750,168709400,13876497450,4476238100,12142491300,148007000,5609085650,4192171750,22091755700
2018-11-22,41050.0,41200.0,38850.0,39350.0,989048.0,-4.141291108404385,3334990400,101688550,25901658100,9816285500,22483909850,2071750,13987206150,2681434800,39154622550
2018-11-23,39600.0,40050.0,38700.0,39350.0,648784.0,0.0,3024311800,52023500,11869536250,10503559550,12758368450,38750,10610456700,2080567200,25449431100
2018-11-26,39750.0,40050.0,39300.0,39800.0,492577.0,1.1435832274459974,3662033250,12661500,7316389500,8556273700,8173673350,42172050,9562671650,1768840900,19547357950
2018-11-27,40150.0,41150.0,39850.0,41150.0,551546.0,3.391959798994975,5382624850,3469000,4808048700,12176358500,7243901450,15691100,13086119400,2024789100,22370501050
2018-11-28,41200.0,42550.0,40700.0,42350.0,559371.0,2.916160388821385,11109849150,849250,6986976050,5327153100,4676498900,100911800,14596007150,4051409700,23424827550
2018-11-29,43050.0,43700.0,42650.0,42950.0,586241.0,1.4167650531286895,13073734300,18643750,6639443250,5586602550,5894129150,103980650,13472638600,5847675450,25318423850
2018-11-30,43100.0,44850.0,43000.0,43600.0,1247952.0,1.5133876600698486,10739388150,13964500,9265924350,34628463900,11152032650,45790800,13227434600,30222482850,54647740900
2018-12-03,44200.0,45050.0,44150.0,44950.0,552523.0,3.096330275229358,11663774200,66724200,4135497300,8882830400,5704504900,531759200,10396895500,8115666500,24748826100
2018-12-04,44950.0,45600.0,44500.0,44850.0,400944.0,-0.22246941045606228,5216416850,43288400,3899041100,8870351250,7176684000,417278650,5639202500,4795932450,18029097600
2018-12-05,44300.0,45550.0,43700.0,44750.0,566078.0,-0.2229654403567447,7403841550,89756400,7583420350,10054075600,12537864000,402259650,7281926500,4909043750,25131093900
2018-12-06,44900.0,45150.0,43000.0,44250.0,519017.0,-1.1173184357541899,6734594500,15193200,6112574800,9934872750,8731008750,67100600,7225054750,6774071150,22797235250
2018-12-07,44800.0,44850.0,42700.0,43750.0,658949.0,-1.1299435028248588,7306675450,12890850,12001310500,9252941800,12708216700,326969400,7349418700,8189213800,28573818600
2018-12-10,42850.0,43900.0,42450.0,43100.0,460543.0,-1.4857142857142858,5660120550,3269500,4016013950,10173512500,10481164800,88099500,4075816450,5207835750,19852916500
2018-12-11,43450.0,43850.0,42150.0,43650.0,379391.0,1.2761020881670533,5625588200,1283500,3520981300,7241544400,6664095800,131466500,6635297300,2958537800,16389397400
2018-12-12,43850.0,44950.0,43650.0,44350.0,536459.0,1.6036655211912942,10101347900,887500,3589849000,10171239250,9184058850,313169500,6664841500,7701253800,23863323650
2018-12-13,44600.0,47400.0,43950.0,47400.0,925143.0,6.877113866967305,25551324150,3927400,6143364800,11353426600,12126240400,920421100,20332791200,9672590250,43052042950
2018-12-14,47450.0,47950.0,46650.0,47600.0,557451.0,0.42194092827004215,8173039000,151950000,7374595650,10683894650,6977909800,142108800,9247988450,10015472250,26383479300
2018-12-17,47850.0,48050.0,47100.0,47750.0,392617.0,0.31512605042016806,8870532000,32265100,3880485750,5906654950,5787107400,1177841550,5677664800,6047324050,18689937800
2018-12-18,47050.0,48250.0,46650.0,47400.0,427817.0,-0.7329842931937173,8966436550,136384850,5662904050,5559808200,7601884700,1059845550,7056499050,4607304350,20325533650
2018-12-19,47650.0,47900.0,45450.0,46150.0,641572.0,-2.6371308016877637,7795614250,357222850,12318558000,9050372950,14736364350,1192677450,8699567350,4893158900,29521768050
2018-12-20,46100.0,46700.0,45450.0,46450.0,409376.0,0.6500541711809318,8080439300,157529050,3864695800,6889441650,8903867350,304320050,7562275350,2221643050,18992105800
2018-12-21,46400.0,46400.0,44100.0,45250.0,864298.0,-2.583423035522067,8536857750,210905750,16602838700,13336863450,16528170900,144388100,9840144300,12174762350,38687465650
2018-12-24,45200.0,45200.0,43550.0,43850.0,540511.0,-3.0939226519337018,4219764450,128707750,10668563500,8768560850,11730215450,39640700,6440544100,5575196300,23785596550
2018-12-26,42650.0,43150.0,42200.0,42400.0,619047.0,-3.30672748004561,6506716150,42422600,9315959450,10513398000,11853952750,202512450,10370328700,3951702300,26378496200
2018-12-27,43150.0,44500.0,42800.0,44500.0,707136.0,4.952830188679245,7749127200,185763600,8203532150,14897881650,10147091100,30975000,12236670900,8621567600,31036304600
2018-12-28,44000.0,44600.0,43600.0,43750.0,460584.0,-1.6853932584269662,11270814100,8800000,5939964800,4926546350,16199390250,176018300,2614279300,3156437400,22146125250
2019-01-02,44000.0,44400.0,42050.0,42150.0,344776.0,-3.6571428571428575,4618235500,52551800,6845934150,3212218000,5545632800,52162600,3543620750,5587523300,14728939450
2019-01-03,42150.0,42900.0,41350.0,42250.0,397105.0,0.2372479240806643,5038448050,26338000,4945385600,6698046450,4875133050,0,4984835350,6848249700,16708218100
2019-01-04,42150.0,42400.0,40800.0,42300.0,484998.0,0.1183431952662722,6626177000,14025500,6981737000,6510547850,9700257350,126000,4770136000,5661968000,20132487350
2019-01-07,43500.0,44550.0,42500.0,43400.0,631397.0,2.6004728132387704,8302358250,134984750,6303061800,12833586100,6225528350,18567000,9979504650,11350390900,27573990900
2019-01-08,43400.0,44400.0,43050.0,43350.0,263244.0,-0.1152073732718894,5434067350,159066450,2863930800,3025874450,3290298300,20669800,3619143150,4552827800,11482939050
2019-01-09,43450.0,44400.0,43450.0,44350.0,318185.0,2.306805074971165,6845032850,89403200,2898622750,4194554850,3670087200,283565000,5927951500,4146009950,14027613650
2019-01-10,44400.0,45500.0,43550.0,45150.0,482188.0,1.8038331454340473,10232779350,20631700,3127756150,8278122950,7896456100,103240000,6868630550,6790963500,21659290150
2019-01-11,45050.0,45150.0,43350.0,43650.0,584277.0,-3.322259136212625,6145605450,913995300,13900109000,4671561150,13865891200,31179500,4050441300,7683758900,25631270900
2019-01-14,43700.0,44100.0,42700.0,43450.0,484320.0,-0.45819014891179843,3842211450,267192500,7549093900,9318843200,12461199900,333842850,3972871550,4209426750,20977341050
2019-01-15,43500.0,44100.0,43350.0,43850.0,341735.0,0.9205983889528193,5318509050,966200,3389333900,6292606260,7621833060,618830000,4991675350,1769077000,15001415410
2019-01-16,44000.0,46450.0,44000.0,45500.0,676712.0,3.762827822120866,10419199300,11964700,9886240500,10471685650,9978940350,660195500,17322830900,2827123400,30789090150
2019-01-17,45200.0,45600.0,44250.0,44700.0,298681.0,-1.7582417582417582,5695647350,35816500,5003961450,2650861850,4315881400,7007900,5791179900,3272217950,13386287150
2019-01-18,45000.0,45450.0,44200.0,45450.0,307836.0,1.6778523489932886,7560012200,4910450,2321071750,3960711750,3663637550,32911550,4989002250,5161154800,13846706150
2019-01-21,45600.0,45950.0,45150.0,45200.0,203683.0,-0.5500550055005501,4751760350,6788100,2654144700,1850279700,3042027650,3767250,2979080000,3238097950,9262972850
2019-01-22,45100.0,45650.0,43800.0,44250.0,378398.0,-2.101769911504425,5356576850,129490050,6963057550,4294898150,7230369500,4791550,4655235800,4853625750,16744022600
2019-01-23,44450.0,45900.0,44350.0,45900.0,383412.0,3.728813559322034,7533440500,20696500,2835476500,6991190600,4866285950,127788300,9996761100,2389968750,17380804100
2019-01-24,46000.0,47550.0,45700.0,47550.0,581136.0,3.594771241830065,10566725850,90192300,4104250000,12654519200,7022762600,33600500,14268718650,6090605600,27415687350
2019-01-25,47000.0,47500.0,46800.0,47400.0,303946.0,-0.31545741324921134,3051918050,93904550,4822739200,6357699800,5906969650,13160000,2944872400,5461259550,14326261600
2019-01-28,47250.0,47400.0,46300.0,46500.0,312990.0,-1.89873417721519,4992431850,38663800,6258068650,3300549700,7125176050,17649600,2290968750,5155919600,14589714000
2019-01-29,46400.0,46850.0,45250.0,46000.0,453751.0,-1.0752688172043012,5282676300,12751000,6923798000,8588522450,10650036900,2661200,4448163800,5706885850,20807747750
2019-01-30,47300.0,48150.0,46600.0,47600.0,681678.0,3.4782608695652173,14836411500,502835500,10540189500,6479877400,12548370850,52642650,14031252500,5727047900,32359313900
2019-01-31,48250.0,48250.0,46600.0,47050.0,417289.0,-1.1554621848739497,5595431700,96035700,6836473850,7109480750,8041381600,178959550,5659965300,5757115550,19637422000
2019-02-01,46650.0,47450.0,46600.0,46750.0,308929.0,-0.6376195536663124,5378484950,25636750,5044003600,4042648200,5501032700,34547150,5192196700,3762996950,14490773500
2019-02-07,47500.0,47600.0,46400.0,46850.0,364717.0,0.21390374331550802,5625527700,4655000,5730037000,5723514200,10028283650,110167650,4422736050,2522546550,17083733900
2019-02-08,46500.0,46800.0,45750.0,46050.0,305839.0,-1.7075773745997866,5141295550,0,5702478200,3233391200,6460528950,41265000,3924012150,3651358850,14077164950
2019-02-11,46300.0,46850.0,45950.0,46200.0,204816.0,0.32573289902280134,3666061050,0,2487237200,3334800950,4462846650,22588400,2720690550,2281973600,9488099200
2019-02-12,45950.0,46600.0,45950.0,46100.0,245782.0,-0.21645021645021645,3788187450,11779750,3080748500,4493302400,4693697250,283962450,2794442400,3601916000,11374018100
2019-02-13,46300.0,47900.0,46250.0,46500.0,542069.0,0.8676789587852495,6839231050,930000,10602142100,8133575700,7259623400,9710350,11266412050,7040133050,25575878850
2019-02-14,46700.0,47000.0,45550.0,47000.0,374190.0,1.0752688172043012,7989336250,6471800,4679993100,4630374050,7993564750,9150000,4053851600,5249608850,17306175200
2019-02-15,46600.0,47050.0,46100.0,46350.0,294424.0,-1.3829787234042552,4539057650,0,3672658450,5458117400,3927571200,7075600,3175120850,6560065850,13669833500
2019-02-18,46400.0,46450.0,45700.0,46000.0,272557.0,-0.7551240560949299,2616229850,1239200,5290121400,4627248700,4752435000,106110550,3644965850,4031327750,12534839150
2019-02-19,46250.0,46700.0,45800.0,46150.0,222745.0,0.32608695652173914,4219073950,0,2810985800,3289689950,3396700700,742100,4073761350,2848545550,10319749700
2019-02-20,46300.0,46550.0,45450.0,45550.0,401479.0,-1.3001083423618636,2853498650,20497500,8733714150,6715911100,10492709600,34472250,3688757300,4107682250,18323621400
2019-02-21,45550.0,46100.0,45300.0,46100.0,326488.0,1.2074643249176729,6345678600,2041300,3556737200,5025068500,6072890250,3022800,5297871300,3555741250,14929525600
2019-02-22,46100.0,46950.0,45850.0,46050.0,384330.0,-0.10845986984815618,5786884950,58535450,6461018100,5483322200,7998881000,8287000,5312308000,4470284700,17789760700
2019-02-25,46600.0,46700.0,45850.0,46300.0,352030.0,0.5428881650380022,5322636250,86740000,3734367350,7109261600,9279150300,3127750,4077198900,2893528250,16253005200
2019-02-26,45900.0,46000.0,44550.0,44550.0,864547.0,-3.7796976241900646,6464483350,64836250,25081759900,7142951900,21726949600,179032150,6841263850,10006785800,38754031400
2019-02-27,44600.0,44650.0,43000.0,43350.0,1033512.0,-2.6936026936026933,4570876150,189084000,31201360500,9018814750,28919498250,222587750,10671209600,5166839800,44980135400
2019-02-28,43450.0,43850.0,42600.0,42800.0,664453.0,-1.2687427912341407,5292228050,12767500,11264990050,12097599200,10838181750,98703050,9383025850,8347674150,28667584800
2019-03-04,42450.0,42550.0,41450.0,41650.0,881746.0,-2.6869158878504673,9400412050,37183000,17357714400,10206436400,19600183500,22833650,7854765650,9523963050,37001745850
2019-03-05,41500.0,41950.0,40750.0,41400.0,659911.0,-0.6002400960384154,6541051900,128836800,11603970850,8950922850,17299726850,1660000,6852217600,3071177950,27224782400
2019-03-06,41450.0,42200.0,41150.0,42050.0,446270.0,1.570048309178744,6880259450,7666500,5316808850,6510881400,4615949200,1255500,8868441500,5229970000,18715616200
2019-03-07,42250.0,42950.0,41950.0,42400.0,453985.0,0.8323424494649228,8995988500,102674900,4395099250,5802258800,5526355800,42613200,8675785150,5051267300,19296021450
2019-03-08,42350.0,42350.0,41150.0,41350.0,362484.0,-2.4764150943396226,3513108200,15619850,6164008150,5375490700,7127022150,39254000,4593666550,3308284200,15068226900
2019-03-11,41400.0,42050.0,40950.0,41600.0,270615.0,0.6045949214026602,3432412600,1033000,3316977500,4476152600,3887241900,38605000,5303996900,1996731900,11226575700
2019-03-12,42000.0,42300.0,41450.0,41750.0,271196.0,0.3605769230769231,3653911350,2087500,2935131150,4722745950,5240631800,1250300,3854236450,2217757400,11313875950
2019-03-13,41550.0,41700.0,40900.0,41700.0,366559.0,-0.11976047904191617,2756512300,1243500,5276453100,7089589900,5446939150,99153550,5219528150,4358177950,15123798800
2019-03-14,41750.0,42300.0,41250.0,41400.0,815232.0,-0.7194244604316548,12706451150,22906400,6226644500,15039907450,23819346600,12921750,4064158300,6099482850,33995909500
2019-03-15,41850.0,43600.0,41800.0,43600.0,929803.0,5.314009661835748,20461887950,90324700,6803567100,12783336550,6405474300,159062150,23106603150,10467976700,40139116300
2019-03-18,43250.0,43650.0,42850.0,43100.0,265280.0,-1.146788990825688,3542645950,14364150,4404465100,3485811150,4760414750,63955100,3100333000,3522583500,11447286350
2019-03-19,43900.0,44150.0,43500.0,43700.0,485112.0,1.3921113689095126,7204883900,17689700,5719709700,8336116105,6151300000,0,8703936450,6423162955,21278399405
2019-03-20,43550.0,44050.0,43300.0,44000.0,353082.0,0.6864988558352403,5191637100,0,2515762900,7734538950,5789409250,10570100,5683809450,3958150150,15441938950
2019-03-21,43850.0,44150.0,42300.0,42600.0,646074.0,-3.1818181818181817,5541930800,67526050,14282676950,7794617800,20061745300,145990450,4144837850,3334178000,27686751600
2019-03-22,42400.0,42500.0,41300.0,41650.0,705783.0,-2.2300469483568075,2834721400,101355000,17627499650,8804808700,16464918400,20201150,4774250700,8109014500,29368384750
2019-03-25,41350.0,41400.0,40600.0,40900.0,454207.0,-1.800720288115246,2243964100,78940500,9056936050,7204283250,8659532350,21850800,6088814100,3813926650,18584123900
2019-03-26,41000.0,41650.0,41000.0,41600.0,331057.0,1.7114914425427872,4607836550,69681700,3199062400,5835673676,3967802250,994850,4309656000,5433801226,13712254326
2019-03-27,42050.0,42400.0,41400.0,41450.0,300886.0,-0.3605769230769231,2202077850,870450,3790210050,6608376900,3008257400,2940200,6289886900,3300450750,12601535250
2019-03-28,41800.0,42200.0,40750.0,40950.0,377284.0,-1.2062726176115801,1565411550,99861950,7354779300,6559398400,6861977950,38839100,4632100050,4046534100,15579451200
2019-03-29,41200.0,42600.0,40900.0,42600.0,537515.0,4.029304029304029,6702255000,1067650,3439372100,12516714650,3773370200,99227050,11560350600,7226461550,22659409400
2019-04-01,42900.0,43150.0,42250.0,42700.0,309084.0,0.2347417840375587,7362314000,270434300,3119412850,2457277150,4904062100,100107150,5415342850,2789926200,13209438300
2019-04-02,43400.0,43400.0,42400.0,42800.0,222183.0,0.234192037470726,3740069850,4553350,3056309300,2701576000,4537893550,23069200,2719179850,2222365900,9502508500
2019-04-03,42450.0,43150.0,42250.0,43100.0,340610.0,0.7009345794392523,5869149400,42990000,4061836050,4605792650,6550490800,48284750,5740535200,2240457350,14579768100
2019-04-04,43150.0,43200.0,42600.0,42900.0,324766.0,-0.46403712296983757,5677034250,0,3616015650,4626720050,7661363000,33602300,4701036350,1523768300,13919769950
2019-04-05,43050.0,43100.0,42400.0,42900.0,369444.0,0.0,3825909400,46766500,5466157250,6437441250,9556115600,101945950,4932088750,1186124100,15776274400
2019-04-08,42950.0,43100.0,42000.0,42200.0,503999.0,-1.6317016317016315,2766314450,4309950,11013780500,7570369750,11362026100,66606900,4281081150,5645060500,21354774650
2019-04-09,42100.0,42400.0,41150.0,41350.0,605440.0,-2.014218009478673,4521281450,50551950,15211065100,5357342900,17507429650,95288900,4641355900,2896166950,25140241400
2019-04-10,41350.0,41350.0,39800.0,39850.0,1778428.0,-3.6275695284159615,8405922600,61472200,50475891100,12246779250,44089802800,362973350,11301214500,15436074500,71190065150
2019-04-11,40100.0,40500.0,39850.0,40150.0,925627.0,0.7528230865746549,7082860050,90840000,15433353150,14488080150,17703055650,10955550,10677524500,8703597650,37095133350
2019-04-12,40100.0,40200.0,39400.0,39600.0,650654.0,-1.36986301369863,5056369900,7951500,17845708400,2935237700,8994953600,42014750,12044154700,4764144450,25845267500
2019-04-15,39800.0,40100.0,39150.0,39300.0,605590.0,-0.7575757575757576,4708265950,18116200,15525951250,3620568750,9503339900,94486050,10846606450,3428469750,23872902150
2019-04-16,39300.0,40100.0,39250.0,40050.0,477534.0,1.9083969465648856,5381348850,129993650,7122219650,6404968550,2959371450,0,12589457850,3489701400,19038530700
2019-04-17,40150.0,40250.0,39600.0,40000.0,422196.0,-0.12484394506866417,4920455450,1600000,6509300300,5459757300,3112415000,1637950,9244161500,4532898600,16891113050
2019-04-18,39900.0,40250.0,38350.0,38700.0,818880.0,-3.25,4901806500,93846650,21365447300,5594332300,11813551800,237766100,12145189150,7758925700,31955432750
2019-04-19,38850.0,39300.0,38550.0,39100.0,357778.0,1.03359173126615,7479210100,43303000,4196909750,2239928850,4186280600,2796950,6355693800,3414580350,13959351700
2019-04-22,39200.0,39350.0,38700.0,38900.0,290928.0,-0.5115089514066496,4689540400,18707100,4668016900,1936527200,4057898800,332238450,5248220900,1674433450,11312791600
2019-04-23,38900.0,39150.0,38600.0,39050.0,283319.0,0.3856041131105398,1939882400,19762000,4614414000,4430719700,4810620600,4740900,3249049650,2940366950,11004778100
2019-04-24,39200.0,39450.0,38050.0,38150.0,508516.0,-2.3047375160051216,4628440150,28470200,10280893900,4710933550,6287966600,7062150,8094958950,5258750100,19648737800
2019-04-25,38200.0,38550.0,38050.0,38450.0,245618.0,0.7863695937090431,2895508550,10031950,3783609350,2709096600,2280259900,1912500,5243182850,1872891200,9398246450
2019-04-26,38800.0,39550.0,38400.0,39550.0,716398.0,2.860858257477243,10369723850,191614200,7793923350,9587412075,3283438200,56637850,12164001350,12438596075,27942673475
2019-04-29,39600.0,40500.0,39150.0,40500.0,817354.0,2.402022756005057,16126579150,124236400,7981375000,8649038600,4837769450,158193800,21858990200,6026275700,32881229150
2019-04-30,40700.0,41400.0,40050.0,40600.0,672980.0,0.24691358024691357,5597719300,56137850,7231268600,14486858050,8694867550,5712250,12469463600,6201940400,27371983800
2019-05-02,40600.0,41300.0,40250.0,40650.0,486163.0,0.12315270935960591,6052760150,13560500,2516360200,11318363000,7576760350,56973000,9239933200,3027377300,19901043850
2019-05-03,40700.0,41250.0,40200.0,40400.0,252465.0,-0.6150061500615006,1511122550,2420500,3208230600,5488490950,5608353350,26322500,3713891000,861697750,10210264600
2019-05-07,39750.0,40100.0,39250.0,40100.0,391555.0,-0.7425742574257426,2380752050,24161500,4850274250,8294017800,5745058250,25111900,4749284450,5029751000,15549205600
2019-05-08,39600.0,40300.0,39600.0,40300.0,272162.0,0.4987531172069825,2564503350,0,2855152350,5483597200,4172315700,44180000,3780120850,2906636350,10903252900
2019-05-09,39800.0,40200.0,38400.0,38400.0,470394.0,-4.714640198511166,2640343250,3827150,9490604350,6187418000,7521221050,0,4898353800,5902617900,18322192750
2019-05-10,38850.0,39150.0,37850.0,38050.0,392343.0,-0.9114583333333334,2528417750,21406500,6222998550,6238046550,5091874750,228335000,4941987300,4748672300,15010869350
2019-05-13,37750.0,38400.0,37400.0,37500.0,303654.0,-1.445466491458607,3273308150,38908500,4520694650,3652522300,4787184700,0,4639653100,2058595800,11485433600
2019-05-14,37100.0,38850.0,37100.0,38500.0,383389.0,2.666666666666667,5457251900,2964500,2657271250,6563472950,2619820400,15470500,6344492500,5701177200,14680960600
2019-05-15,38350.0,39500.0,38100.0,39500.0,316328.0,2.5974025974025974,3850197300,1146000,2786775950,5738046950,2452843400,21736950,5134673600,4766912250,12376166200
2019-05-16,39550.0,39700.0,38700.0,38900.0,237177.0,-1.5189873417721518,1988399850,0,2367510050,4911989750,2878738200,4759000,2933297250,3451105200,9267899650
2019-05-17,38950.0,40650.0,38950.0,39500.0,442539.0,1.5424164524421593,7211477900,59390750,3850241600,6593624850,3441632350,37416450,9929285450,4306400850,17714735100
2019-05-20,39150.0,40100.0,38950.0,39000.0,203852.0,-1.2658227848101267,2368225500,0,2922420450,2715904700,2821467100,49269200,2863101000,2272713350,8006550650
2019-05-21,38500.0,39000.0,38400.0,38600.0,350900.0,-1.0256410256410255,3892970450,233200,2577959600,7117079300,4710603150,0,2989212950,5888426450,13588242550
2019-05-22,38800.0,39250.0,38400.0,38850.0,332676.0,0.6476683937823834,3064336300,0,2125423350,7720558350,4102535600,0,2405318150,6402464250,12910318000
2019-05-23,39000.0,39750.0,38300.0,39550.0,372348.0,1.8018018018018018,4935852750,0,2040841500,7576758550,4089849850,107593850,5098052150,5257956950,14553452800
2019-05-24,38950.0,39800.0,38700.0,39050.0,339972.0,-1.2642225031605563,5365183400,7005000,1981314350,6032357400,3954159700,7931550,4286000550,5137768350,13385860150
2019-05-27,39050.0,39750.0,38700.0,39250.0,282727.0,0.5121638924455826,6421795650,0,1537345150,3181232100,2676936750,750500,3575401750,4887283900,11140372900
2019-05-28,39350.0,40550.0,39350.0,40400.0,693142.0,2.9299363057324843,12610156250,0,2742573550,12573789350,4469347050,10609250,12155079150,11291483700,27926519150
2019-05-29,40200.0,40300.0,39050.0,39700.0,391483.0,-1.7326732673267329,6724786350,2370000,4286086750,4491038700,4740893350,102198800,2905042050,7756147600,15504281800
2019-05-30,39250.0,40650.0,38750.0,40400.0,455182.0,1.7632241813602016,10343554150,0,2936198000,4861686850,2999238200,802000,7054672750,8086726050,18141439000
2019-05-31,40200.0,40500.0,39700.0,40150.0,269658.0,-0.6188118811881188,4240448400,0,1746841000,4860567600,2630909150,160400,2478748750,5738038700,10847857000
2019-06-03,39750.0,40700.0,39650.0,40500.0,418917.0,0.8717310087173101,8902987700,121800,1919299150,6075271500,6010404400,63250100,5354125350,5469900300,16897680150
2019-06-04,40500.0,41350.0,40200.0,40950.0,507298.0,1.1111111111111112,11607143000,826000,3104959650,6135823250,4671142500,80506250,9928465800,6168637350,20848751900
2019-06-05,41400.0,41800.0,40950.0,41300.0,426361.0,0.8547008547008548,11501334000,14648200,1798896000,4338083850,3295721300,5219250,7275397650,7076623850,17652962050
2019-06-07,41000.0,41300.0,40150.0,40550.0,411334.0,-1.8159806295399514,5657440050,3124850,4442159700,6593902850,4009090400,0,2873170550,9814366500,16696627450
2019-06-10,40750.0,41750.0,40550.0,41500.0,425856.0,2.342786683107275,9501589900,56936900,3157782000,4860378150,5311240950,11110000,9419700300,2834635700,17576686950
2019-06-11,41450.0,41750.0,41250.0,41500.0,253417.0,0.0,3265504600,1663250,1120760950,6137379400,3128199450,31437750,2845418100,4520252900,10525308200
2019-06-12,41550.0,42100.0,41450.0,41800.0,333055.0,0.7228915662650602,5591045500,4185000,2225963750,6116011450,3924269100,86127600,5783822200,4142986800,13937205700
2019-06-13,41800.0,42150.0,41400.0,41650.0,379467.0,-0.3588516746411483,6928130450,4237050,1857647600,7072953450,10872541000,0,3068179100,1922248450,15862968550
2019-06-14,41650.0,42350.0,41650.0,42300.0,526519.0,1.56062424969988,12390398750,9980850,1087964300,8722318800,2297099550,42300,7630573700,12282947150,22210662700
2019-06-17,42300.0,42300.0,41300.0,41300.0,294759.0,-2.3640661938534278,2976394500,5047300,4347576350,4984409850,2558964100,0,2378161150,7376302750,12313428000
2019-06-18,40900.0,41400.0,40650.0,40950.0,406475.0,-0.847457627118644,4825998700,0,3164988750,8652835200,4330512200,2252250,2223033000,10088025200,16643822650
2019-06-19,41350.0,41950.0,41200.0,41800.0,326128.0,2.0757020757020754,5044278050,0,1406181150,7158093350,3020051150,4150000,3567006050,7017345350,13608552550
2019-06-20,41700.0,42150.0,41500.0,41850.0,285358.0,0.11961722488038277,4336653300,0,1488904300,6118828550,2618917950,0,2384728750,6940739450,11944386150
2019-06-21,41550.0,42050.0,40450.0,40450.0,496911.0,-3.345280764635603,4258117800,29165000,6623944900,9425368600,5839665400,0,2513947750,11982983150,20336596300
2019-06-24,40950.0,41500.0,40850.0,41200.0,220303.0,1.8541409147095178,4048659650,8240000,1208398900,3809085600,2408528400,0,2809018000,3856837750,9074384150
2019-06-25,41100.0,41900.0,40750.0,40900.0,260026.0,-0.7281553398058253,4145555200,208500,2240873350,4364347100,2466623950,2922500,3357515350,4923922350,10750984150
2019-06-26,40600.0,40650.0,39100.0,39800.0,529009.0,-2.689486552567237,6134543800,60507050,9702841000,5152139250,7059301350,0,4430757500,9559972250,21050031100
2019-06-27,40000.0,40950.0,39750.0,40550.0,351729.0,1.8844221105527637,5915082850,1220000,1285015500,7063114700,3778563200,40850000,5006749900,5438269950,14264433050
2019-06-28,40350.0,40950.0,39800.0,40350.0,293263.0,-0.4932182490752158,5640739800,449400,1777993100,4418062950,3743639700,40800,2205974350,5887590400,11837245250
2019-07-01,41050.0,41300.0,40500.0,40500.0,225222.0,0.37174721189591076,4857663250,0,1905210500,2420346550,3934032250,81400,2525851150,2723255500,9183220300
2019-07-02,40450.0,40800.0,39950.0,40050.0,167110.0,-1.1111111111111112,2250259850,0,1390740000,3109000500,2279149500,0,909324400,3561526450,6750000350
2019-07-03,40400.0,40550.0,39150.0,39300.0,338174.0,-1.8726591760299627,3642080750,102280000,4610625200,5041885350,5667585600,1995000,2643700300,5083590400,13396871300
2019-07-04,39350.0,39700.0,38950.0,39150.0,235459.0,-0.38167938931297707,2419395350,84211100,3395413650,3317820150,6303824100,0,2135664050,777352100,9216840250
2019-07-05,39250.0,39600.0,38350.0,38900.0,351211.0,-0.6385696040868455,3794944800,261134100,5927933100,3641814850,8818540850,0,2647596050,2159689950,13625826850
2019-07-08,38900.0,39050.0,37850.0,37900.0,323414.0,-2.570694087403599,1692000900,23610600,6238508600,4388396400,3970964450,30440000,4387670300,3953441750,12342516500
2019-07-09,37700.0,37700.0,35600.0,35600.0,1021937.0,-6.068601583113456,6924758950,114746650,20028671600,9900166750,20378583100,255214450,7777030000,8557516400,36968343950
2019-07-10,35850.0,36050.0,34950.0,35650.0,600584.0,0.1404494382022472,2678314450,198366050,8451886950,9958084900,7155462350,0,6418769150,7712420850,21286652350
2019-07-11,35650.0,36300.0,35600.0,35850.0,422555.0,0.5610098176718092,3774454500,20464250,4315694800,7081064950,4951951750,4338000,4466642900,5768745850,15191678500
2019-07-12,36050.0,36350.0,35650.0,36150.0,251720.0,0.8368200836820083,2809896000,429600,1905776800,4369666750,2246512400,0,3464929100,3374327650,9085769150
2019-07-15,36200.0,36300.0,35150.0,35200.0,320528.0,-2.627939142461964,1162281800,2468000,6470433850,3713996050,5781610700,55374250,2817254950,2694939800,11349179700
2019-07-16,35450.0,35850.0,35400.0,35550.0,249028.0,0.9943181818181818,2153210350,0,2520497850,4203377750,1432079450,0,4038628400,3406378100,8877085950
2019-07-17,35300.0,35650.0,34050.0,34550.0,525663.0,-2.8129395218002813,2349161700,52296450,8314225750,7391079650,5353710450,36450000,6226145700,6490457400,18106763550
2019-07-18,34400.0,35200.0,34150.0,34250.0,505267.0,-0.8683068017366137,7395712450,46488150,5093047350,4969441300,3967359100,0,5633813350,7903516800,17504689250
2019-07-19,34450.0,35050.0,34400.0,34800.0,308401.0,1.6058394160583942,4996563650,35000,2291298750,3433579050,3732714650,103800,3041549350,3947108650,10721476450
2019-07-22,34800.0,35050.0,34500.0,34900.0,176993.0,0.28735632183908044,2363517300,7377000,2001644550,1793737450,1764793000,0,2192359700,2209123600,6166276300
2019-07-23,34900.0,35100.0,34600.0,34900.0,229236.0,0.0,2780499500,5227500,2769273100,2435007150,3033864150,12372300,1991843300,2951927500,7990007250
2019-07-24,34750.0,35100.0,34450.0,34500.0,175120.0,-1.146131805157593,1584766450,3455000,2726142150,1772415150,1359291300,383350,2434055450,2293048650,6086778750
2019-07-25,34350.0,34500.0,33100.0,33550.0,583318.0,-2.753623188405797,3283466450,32456000,7654381850,8507961100,7701341800,83952250,5082924700,6610046650,19478265400
2019-07-26,33350.0,33650.0,32650.0,33200.0,324958.0,-1.0432190760059614,2528697450,139032300,4390808800,3682270550,2957820900,9990000,3937123700,3835874500,10740809100
2019-07-29,33200.0,33650.0,32300.0,33250.0,440088.0,0.15060240963855423,6415765800,2372900,3818934450,4318785850,4930514950,0,6243781500,3381562550,14555859000
2019-07-30,33100.0,33850.0,33100.0,33450.0,252083.0,0.6015037593984963,4859487100,297900,1960346150,1640725900,2202497850,0,2908234200,3350125000,8460857050
2019-07-31,33150.0,34000.0,33150.0,33900.0,321470.0,1.345291479820628,4216013000,1012000,1695378100,4954063100,2397855450,51095000,3683911350,4733604400,10866466200
2019-08-01,33450.0,34050.0,33000.0,33250.0,317212.0,-1.9174041297935103,5267900450,0,1863438950,3482721150,2484153850,705600,2369207200,5759993900,10614060550
2019-08-02,32950.0,33450.0,32600.0,32600.0,235576.0,-1.954887218045113,2751119950,32900,2384142550,2614669850,1929412650,0,2434677250,3385875350,7749965250
2019-08-05,32100.0,32950.0,31650.0,32450.0,465488.0,-0.4601226993865031,6449566200,67402300,1682094700,6925075800,2231567050,160500,8110168750,4782242700,15124139000
2019-08-06,32000.0,32750.0,31500.0,31900.0,424675.0,-1.694915254237288,6209807650,52702350,2814297700,4588301950,2088692050,115174000,5881371700,5579871900,13665109650
2019-08-07,31900.0,32100.0,30650.0,31000.0,486620.0,-2.8213166144200628,3620031550,25339350,5227649300,6289943450,4914777150,0,4575866400,5672320100,15162963650
2019-08-08,31300.0,32600.0,31150.0,32350.0,490484.0,4.354838709677419,5869979150,6308400,2484292200,7436155000,6420408700,0,3581004050,5795322000,15796734750
2019-08-09,32400.0,32950.0,32050.0,32600.0,274311.0,0.7727975270479135,4945466500,0,1806215400,2186214500,2771006700,0,2063455900,4103433800,8937896400
2019-08-12,32400.0,34400.0,32400.0,33200.0,573146.0,1.8404907975460123,8823724050,0,5435593700,4901182050,6006527900,171050,6148263600,7005537250,19160499800
2019-08-13,32700.0,32850.0,31200.0,31400.0,591828.0,-5.421686746987952,3286356100,16729100,8725374850,6704789400,9230323550,116588300,5227238850,4159098750,18733249450
2019-08-14,31800.0,31850.0,30950.0,31150.0,455604.0,-0.7961783439490446,2504436450,13506750,6414832900,5269356300,7485266600,0,2891661500,3825204300,14202132400
2019-08-16,30900.0,31050.0,30500.0,30750.0,298803.0,-1.2841091492776886,1776096550,956350,2699602350,4715820600,3008622950,30700,2379868350,3803953850,9192475850
2019-08-19,31000.0,32050.0,30950.0,31900.0,265782.0,3.7398373983739837,2586179800,0,2175357100,3653103000,1233683100,0,4872961350,2307995450,8414639900
2019-08-20,31650.0,32150.0,31400.0,31850.0,260776.0,-0.1567398119122257,3026127150,10112200,2564869950,2699528950,1464226000,11119300,2224267850,4601025100,8300638250
2019-08-21,31850.0,32450.0,31800.0,31900.0,222977.0,0.15698587127158556,2043294050,0,1794302950,3320114550,2219702350,0,2215333650,2722675550,7157711550
2019-08-22,32100.0,32400.0,31800.0,32150.0,242824.0,0.7836990595611284,3432579750,16000000,2117120950,2224070400,2724480150,0,2174665850,2890625100,7789771100
2019-08-23,31600.0,31950.0,31300.0,31650.0,212050.0,-1.5552099533437014,2733454650,48217500,1855197750,2079145700,1520532150,0,1932203300,3263280150,6716015600
2019-08-26,30900.0,31550.0,30900.0,31000.0,167197.0,-2.0537124802527646,2693687150,0,909600800,1620639050,1551756600,33631650,1904136100,1734402650,5223927000
2019-08-27,31400.0,31800.0,30950.0,31200.0,366621.0,0.6451612903225806,3498281600,0,1415466300,6548754450,1931921100,8943400,1407986050,8113651800,11462502350
2019-08-28,31200.0,31850.0,30950.0,31400.0,287339.0,0.641025641025641,2354860300,0,2351440100,4284125050,3649524050,0,1385158550,3955742850,8990425450
2019-08-29,31350.0,31850.0,31250.0,31600.0,189331.0,0.6369426751592357,2225129900,0,1220316800,2525223950,922878000,0,1646245600,3401547050,5970670650
2019-08-30,32000.0,32850.0,31800.0,32400.0,382859.0,2.5316455696202533,6996551350,8107000,1460170900,3959614250,1783547900,0,4802855400,5838040200,12424443500
2019-09-02,34000.0,34650.0,31850.0,31900.0,262257.0,-1.5432098765432098,1795152900,15205000,3304297250,3370579300,2614427150,0,1697846550,4172960750,8485234450
2019-09-03,31950.0,32650.0,31750.0,31900.0,239141.0,0.0,3605702250,8296900,2539619250,1529814800,3700314250,43722900,2065919750,1873476300,7683433200
2019-09-04,31650.0,32150.0,31350.0,31750.0,311554.0,-0.4702194357366771,3711003850,31550,4030771100,2132503000,2621541700,0,1960075350,5292692450,9874309500
2019-09-05,32000.0,32850.0,31950.0,32300.0,340664.0,1.7322834645669292,5315206550,10642500,2942555350,2790425450,2424182500,125617400,4976959200,3532070750,11058829850
2019-09-06,32300.0,33050.0,32050.0,32050.0,331520.0,-0.7739938080495357,3341221750,119448750,3876959900,3422935800,2494146700,0,2821395000,5445024500,10760566200
2019-09-09,32100.0,33400.0,31850.0,32750.0,379308.0,2.1840873634945397,4359263450,9974450,2431077550,5666707100,2926005550,47959400,5957534300,3535523300,12467022550
2019-09-10,33200.0,33950.0,32600.0,33550.0,462618.0,2.4427480916030535,8824557150,40997900,3793928000,2851208300,2499261850,50655700,5643260100,7317513700,15510691350
2019-09-11,33950.0,34350.0,33700.0,33800.0,459016.0,0.7451564828614009,10810181800,11688400,2702102150,2083659500,5121982150,14273800,3685929750,6785446150,15607631850
2019-09-16,34550.0,35500.0,34350.0,35100.0,566826.0,3.8461538461538463,7178726600,20242000,5916922000,6694777650,4965935250,12407450,8299875650,6532449900,19810668250
2019-09-17,34800.0,35250.0,34600.0,35000.0,295123.0,-0.2849002849002849,5174689600,3006150,2731885050,2408291650,2772654800,456950,2808800800,4735959900,10317872450
2019-09-18,34850.0,34900.0,34100.0,34250.0,302111.0,-2.142857142857143,2900954250,790750,4239083350,3229770000,3429919300,0,2683628500,4257050550,10370598350
2019-09-19,34350.0,34400.0,33400.0,33600.0,305756.0,-1.897810218978102,2000459100,61366050,4663909250,3603238000,3749663550,88852700,2124056750,4366399400,10328972400
2019-09-20,34000.0,34000.0,33300.0,33800.0,301162.0,0.5952380952380952,1939242650,68579000,4047061050,4043093300,2585381650,18706600,4732441850,2761445900,10097976000
2019-09-23,33700.0,33950.0,33350.0,33500.0,241975.0,-0.8875739644970414,1204060650,0,4660251500,2247500600,4435626000,8611350,3092092400,575483000,8111812750
2019-09-24,33200.0,33750.0,33200.0,33600.0,191031.0,0.2985074626865672,2168670450,0,2069462200,2177319550,1341500900,0,2641328100,2432623200,6415452200
2019-09-25,33400.0,33600.0,32350.0,32550.0,306474.0,-3.125,2681228000,58227050,4650146300,2710609800,3025368350,0,2938349950,4136492850,10100211150
2019-09-26,32750.0,33350.0,32550.0,32800.0,210883.0,0.7680491551459293,1992205850,16325000,2077395250,2852024800,1254216500,0,2116692600,3567041800,6937950900
2019-09-27,33000.0,33000.0,31850.0,32200.0,298125.0,-1.8292682926829267,1592551850,625324200,4675232600,2696729300,5349363200,68752200,1311799500,2859923050,9589837950
2019-09-30,32200.0,33100.0,31800.0,33000.0,214447.0,2.484472049689441,1777554150,385800,1394920600,3814075650,1916809450,0,2406175450,2663951300,6986936200
2019-10-01,32650.0,33250.0,32500.0,32750.0,228164.0,-0.7575757575757576,3317525850,54162550,2377596800,1757578500,3678801700,7943000,1891551300,1928567700,7506863700
2019-10-02,32950.0,32950.0,32000.0,32000.0,284647.0,-2.2900763358778624,2014181750,1642500,5099844850,2073824750,4130782950,0,1964501400,3094209500,9189493850
2019-10-04,31800.0,32000.0,31000.0,31300.0,317711.0,-2.1875,2295786900,34910850,5751924600,1873938750,2742627150,15750000,3011835650,4186348300,9956561100
2019-10-07,31100.0,31550.0,30950.0,31150.0,231934.0,-0.4792332268370607,2099776050,31050,2907929600,2215705950,2221011600,0,2095119100,2907311950,7223442650
2019-10-08,31200.0,31450.0,30950.0,31350.0,279086.0,0.6420545746388443,3009956550,5593500,3654425700,2030280150,3600811500,0,1530268500,3569175900,8700255900
2019-10-10,31050.0,31250.0,30350.0,30600.0,594155.0,-2.3923444976076556,7946834950,10180550,5950948750,4342096200,6416538700,0,3279879100,8553642650,18250060450
2019-10-11,30950.0,31000.0,30450.0,30850.0,419264.0,0.8169934640522877,4080435500,3075000,3769447700,5044096050,5330316000,30875000,4267938950,3267924300,12897054250
2019-10-14,31200.0,31750.0,31000.0,31600.0,280525.0,2.4311183144246353,2639822300,99895950,2414712150,3667940550,2901941800,0,4684532700,1235896450,8822370950
2019-10-15,31550.0,32150.0,31450.0,31650.0,232885.0,0.15822784810126583,2460197350,0,2773396150,2163613700,1387841750,0,2651243300,3358122150,7397207200
2019-10-16,31800.0,32250.0,31650.0,31900.0,199467.0,0.7898894154818324,2625629500,132070750,2022606100,1572890400,1922448700,14360000,2238466400,2177921650,6353196750
2019-10-17,31900.0,32000.0,31550.0,31700.0,205829.0,-0.6269592476489028,1855780300,0,2101058550,2583120850,1095529800,116707100,1778202350,3549520450,6539959700
2019-10-18,32200.0,33400.0,32200.0,32800.0,868849.0,3.4700315457413247,10101825850,142738300,6620208100,11771851550,3922604100,0,14022223200,10691796500,28636623800
2019-10-21,32950.0,33200.0,32000.0,32050.0,265679.0,-2.2865853658536586,2494199350,64700,4254611550,1839825300,2730301100,5128000,1933537850,3919733950,8588700900
2019-10-22,32200.0,32800.0,31800.0,32400.0,266271.0,1.0920436817472698,3684931100,187612700,2781098050,1975472600,2172986250,0,2938877550,3517250650,8629114450
2019-10-23,32050.0,32300.0,31650.0,31900.0,245193.0,-1.5432098765432098,2647030800,3190000,2922480250,2249777150,1653261400,0,1755944850,4413271950,7822478200
2019-10-24,31950.0,32000.0,31250.0,31600.0,259711.0,-0.9404388714733543,1406247200,0,4354153400,2431422800,1768036750,78550000,1511204900,4834031750,8191823400
2019-10-25,31400.0,31550.0,30900.0,31100.0,365055.0,-1.5822784810126582,1612994100,1986150,6151322700,3598461650,1727860200,62100000,2522489350,7052315050,11364764600
2019-10-28,31350.0,31450.0,30800.0,30950.0,214787.0,-0.482315112540193,1606398850,54622000,3811096200,1179109100,1241625650,8298650,2271748950,3129552900,6651226150
2019-10-29,31050.0,31200.0,30400.0,30550.0,552402.0,-1.2924071082390953,1984379950,1291776650,9462617800,4212826600,2843055750,39695900,3625076950,10443772400,16951601000
2019-10-30,30650.0,31150.0,30600.0,30850.0,370608.0,0.9819967266775778,1774717750,9205000,3664792900,5980244950,3979457950,403800000,3739680050,3306022600,11428960600
2019-10-31,30950.0,31250.0,30850.0,30900.0,211499.0,0.1620745542949757,801767550,101984250,2806370000,2851793800,1724634400,62379000,2801398700,1973503500,6561915600
2019-11-01,30900.0,31000.0,30700.0,30700.0,229459.0,-0.6472491909385114,1062992500,0,3683511500,2318809950,4155772300,0,1847082050,1062459600,7065313950
2019-11-04,31000.0,31700.0,30900.0,31650.0,362600.0,3.0944625407166124,3096971000,0,2419584700,5888873000,2623207850,728435000,7227178250,826607600,11405428700
2019-11-05,31650.0,32750.0,31600.0,32750.0,421287.0,3.4755134281200633,6157633200,54203000,4076925600,3319465650,2743756300,1099989200,8057322000,1707159950,13608227450
2019-11-06,32800.0,32900.0,31850.0,32200.0,322269.0,-1.6793893129770994,2564882550,32100,5194568700,2632891650,4385040550,88525750,3089750250,2829058450,10392375000
2019-11-07,31850.0,32300.0,31700.0,32200.0,224655.0,0.0,2612447050,64000000,2170688100,2353965150,2936613000,0,2164514850,2099972450,7201100300
2019-11-08,32250.0,32700.0,32150.0,32550.0,225502.0,1.0869565217391304,3174474150,32828200,1927439600,2178156800,2439870100,64729050,3617827150,1190472450,7312898750
2019-11-11,32600.0,32650.0,31900.0,32000.0,144345.0,-1.6897081413210446,1628360350,0,1564185500,1446298550,1456236750,0,1370617200,1811990450,4638844400
2019-11-12,32000.0,32450.0,31850.0,32400.0,194558.0,1.25,3478659250,1608000,1226518750,1543306100,1868271850,15975000,1821920450,2543924800,6250092100
2019-11-13,32250.0,32500.0,31850.0,32000.0,175862.0,-1.2345679012345678,1823573450,4183050,1904374550,1921887450,1863332350,64100,1671577700,2119044350,5654018500
2019-11-14,32000.0,32150.0,31150.0,31250.0,353854.0,-2.34375,3880851850,156969050,4571164500,2504858050,3205061150,0,2179746050,5729036250,11113843450
2019-11-15,31600.0,32950.0,31400.0,32700.0,440805.0,4.64,5552314850,10112700,3521445200,5277896900,2442104600,50697500,10107411950,1761555600,14361769650
2019-11-18,32700.0,33100.0,32200.0,32450.0,226789.0,-0.764525993883792,1934690650,324000,2085965250,3360267900,1392331500,0,1892179750,4096736550,7381247800
2019-11-19,32350.0,32600.0,31850.0,32200.0,210003.0,-0.7704160246533128,1635583450,0,1980090500,3134632050,1696055200,319500,952281200,4101650100,6750306000
2019-11-20,32050.0,32200.0,31700.0,32000.0,220216.0,-0.6211180124223602,1824016600,1602500,1922377200,3286028950,2680795600,63700,1912133950,2441032000,7034025250
2019-11-21,32050.0,32200.0,30750.0,30950.0,388822.0,-3.28125,3095676500,62448950,6567004450,2376422800,3510413650,18910800,3654531850,4917696400,12101552700
2019-11-22,31050.0,31850.0,31050.0,31700.0,216756.0,2.4232633279483036,2598571550,2655400,940119900,3301615000,1788164250,63400000,2909334900,2082062700,6842961850
2019-11-25,31750.0,32200.0,31550.0,31950.0,232020.0,0.7886435331230284,3023075800,255200,1300608100,3086512500,2548831200,7364600,1890106250,2964149550,7410451600
2019-11-26,32000.0,32550.0,31100.0,31100.0,665334.0,-2.660406885758998,4143478800,4410950,6456301850,10349393550,6733071000,224700,4144054050,10076235400,20953585150
2019-11-27,31450.0,31550.0,30800.0,30950.0,283825.0,-0.482315112540193,1956334800,132060800,4786398350,1931179650,3749800150,2476000,2416010500,2637686950,8805973600
2019-11-28,30900.0,31050.0,30400.0,30550.0,365459.0,-1.2924071082390953,1572160550,31900100,8220808300,1369938100,5240965950,0,2045746950,3908094150,11194807050
2019-11-29,30850.0,30850.0,29950.0,30000.0,433441.0,-1.800327332242226,3311133100,179345500,7912091050,1691685800,3988846600,36000000,4093282550,4976126300,13094255450
2019-12-02,30200.0,30250.0,29450.0,29700.0,327288.0,-1.0,2036143250,120051900,5583666550,1999655100,2782471400,270300,3366185200,3590589900,9739516800
2019-12-03,29450.0,30150.0,28950.0,30100.0,271993.0,1.3468013468013467,2230491700,74678200,2715762100,3016091400,1189713350,60057500,2476513950,4310738600,8037023400
2019-12-04,29900.0,30400.0,29650.0,30100.0,239423.0,0.0,2552779750,3274000,1970212050,2674800300,1232368650,0,2224175050,3744522400,7201066100
2019-12-05,30100.0,30500.0,29800.0,30100.0,276092.0,0.0,3020181200,21999700,1753202150,3524004800,2459374050,0,2207819850,3652193950,8319387850
2019-12-06,30250.0,30550.0,30000.0,30400.0,242533.0,0.9966777408637874,1701386850,6496500,1434932200,4198908750,1165385600,79165000,2425146200,3672027500,7341724300
2019-12-09,30400.0,30750.0,30400.0,30400.0,174283.0,0.0,2076639200,305000,1981420400,1263919250,645766000,30650000,1740419450,2905448400,5322283850
2019-12-10,30350.0,31100.0,30350.0,30850.0,266931.0,1.4802631578947367,3502473300,4037400,2688190950,2029865750,2604677400,62000000,3100333650,2457556350,8224567400
2019-12-11,30800.0,31200.0,30550.0,31100.0,233200.0,0.8103727714748784,3065499750,4350500,1494207300,2665111950,1414512750,35621750,3042843700,2736191300,7229169500
2019-12-12,31200.0,31550.0,31000.0,31500.0,536929.0,1.2861736334405145,10092826050,11744100,1952704750,4822499700,9046974000,125550500,5435396900,2271853200,16879774600
2019-12-13,31750.0,32000.0,31650.0,32000.0,343289.0,1.5873015873015872,4756375050,0,2297349150,3879917200,3137597700,0,5952823650,1843220050,10933641400
2019-12-16,32000.0,32000.0,30900.0,31000.0,396277.0,-3.125,3269594150,325535100,6987211200,1811582150,4348565000,62227150,3421568000,4561562450,12393922600
2019-12-17,31000.0,31150.0,30500.0,30950.0,321958.0,-0.16129032258064516,3403818400,30550,3435581350,3073895350,2533180200,10791350,3128553800,4240800300,9913325650
2019-12-18,30750.0,31250.0,30750.0,31100.0,186322.0,0.48465266558966075,987644450,10351300,1394570750,3393107950,1803540700,178635650,2335302000,1468196100,5785674450
2019-12-19,31150.0,31500.0,31000.0,31450.0,206828.0,1.1254019292604502,2281680150,936000,1321798850,2875619500,1392233900,0,3141599000,1946201600,6480034500
2019-12-20,31600.0,31750.0,31200.0,31750.0,241631.0,0.9538950715421303,1674231450,0,2020364550,3927755200,1298619150,945000,2459064000,3863723050,7622351200
2019-12-23,31650.0,31950.0,31550.0,31900.0,188996.0,0.47244094488188976,2513349500,0,2042164950,1448623800,1150202950,15850000,3324036850,1514048450,6004138250
2019-12-24,31700.0,31950.0,31550.0,31650.0,160040.0,-0.7836990595611284,2069718950,10965100,2146669150,841614850,1688326150,116637450,2477943350,786061100,5068968050
2019-12-26,31800.0,31900.0,31550.0,31900.0,207228.0,0.7898894154818324,2315857550,56077300,3954644450,249128200,891796700,1327200,4764446250,918137350,6575707500
2019-12-27,31500.0,31600.0,30800.0,30900.0,390531.0,-3.1347962382445136,1711292150,5623750,8213086400,2195442650,6013730900,11279250,3669300900,2431133900,12125444950
2019-12-30,30900.0,31050.0,30750.0,31050.0,196645.0,0.48543689320388345,1529134650,103563450,2464810750,1986078050,2172122300,0,2224546700,1686917900,6083586900
2020-01-02,30900.0,31000.0,30500.0,30500.0,221803.0,-1.7713365539452495,1250467200,173722150,4403865900,967380900,2725810100,489600,2408289900,1660846550,6795436150
2020-01-03,30600.0,30850.0,30350.0,30500.0,195878.0,0.0,1925415100,46211000,2436205400,1573032050,3611970350,1590350,1500658250,866644600,5980863550
2020-01-06,30300.0,30450.0,29250.0,29350.0,426737.0,-3.7704918032786887,2260922600,65455450,8145604900,2171445750,4974283600,0,4377389100,3291756000,12643428700
2020-01-07,29450.0,29600.0,29000.0,29250.0,419123.0,-0.34071550255536626,2783471950,36320750,7838093750,1590707350,7464491550,0,2190404250,2593698000,12248593800
2020-01-08,28950.0,29000.0,27550.0,27650.0,913844.0,-5.47008547008547,4393041950,34880900,17117134700,4010616150,12253401100,15903000,8466676350,4819693250,25555673700
2020-01-09,28200.0,28400.0,27850.0,28100.0,588475.0,1.62748643761302,6059945600,10974200,8008728400,2490532600,7630410650,1135000,5071187950,3867447200,16570180800
2020-01-10,28200.0,28850.0,28050.0,28700.0,339244.0,2.135231316725979,4370007550,19065500,3398968150,1879301200,2045020500,0,4109039750,3513282150,9667342400
2020-01-13,28700.0,29500.0,28500.0,29200.0,361850.0,1.7421602787456445,4168962200,80567350,4350568700,1966706900,2682042900,14700000,4061262800,3808799450,10566805150
2020-01-14,29350.0,29750.0,29200.0,29250.0,268435.0,0.17123287671232876,1994838550,13050350,3238072450,2647082600,2127467600,0,3623951600,2141624750,7893043950
2020-01-15,29250.0,30350.0,29250.0,30050.0,527863.0,2.735042735042735,6523914800,54972150,3382248650,5890310500,3699094400,31202000,7962425300,4158724400,15851446100
2020-01-16,30000.0,30250.0,29800.0,29950.0,233550.0,-0.33277870216306155,3471024150,4567600,2011753550,1525238850,2045786350,601000,2140070450,2826126350,7012584150
2020-01-17,30000.0,30500.0,30000.0,30100.0,295592.0,0.5008347245409015,4299661950,13958300,1887918250,2731217450,2318098350,12259550,3573088500,3029309550,8932755950
2020-01-20,30100.0,30950.0,30000.0,30650.0,423298.0,1.8272425249169437,6070154850,47134850,2868836150,3977767800,2855969750,45525000,7202397550,2860001350,12963893650
2020-01-21,30650.0,31000.0,30200.0,30600.0,280954.0,-0.1631321370309951,3284107250,56813200,2987353000,2270756200,2796306950,0,3197553500,2605169200,8599029650
2020-01-22,30750.0,30850.0,30350.0,30450.0,226306.0,-0.49019607843137253,2378469650,66382600,1969747650,2504986850,1304726550,0,2703482200,2911378000,6919586750
2020-01-23,30200.0,30600.0,30000.0,30300.0,267112.0,-0.49261083743842365,1582474650,30100000,2284459200,4190304600,3600627350,0,1541671200,2945039900,8087338450
2020-01-28,29650.0,30150.0,28800.0,29050.0,371547.0,-4.125412541254125,2819722450,32749250,5831514950,2196194250,3763265150,37875650,4850249000,2228791100,10880180900
2020-01-29,29200.0,29650.0,28800.0,29250.0,306349.0,0.6884681583476765,3515560050,2890000,2778962150,2662040850,3801678600,8106300,2488694650,2660973500,8959453050
2020-01-30,29150.0,29550.0,28700.0,28850.0,304409.0,-1.3675213675213675,1564234550,20248300,3412356650,3816239200,4689810400,0,1646698850,2476569450,8813078700
2020-01-31,29000.0,29300.0,28000.0,28000.0,477827.0,-2.946273830155979,4540046400,28849000,5245066050,3814361350,3445660900,0,1993619650,8189042250,13628322800
2020-02-03,27800.0,28300.0,27500.0,27900.0,437023.0,-0.35714285714285715,3931466600,7089300,4634420000,3592330800,4885669650,0,3169860800,4109776250,12165306700
2020-02-04,27800.0,29000.0,27800.0,28550.0,361755.0,2.3297491039426523,3837695500,7235550,2436455350,4054040800,4857469750,0,2694568250,2783389200,10335427200
2020-02-05,29000.0,29200.0,28550.0,28850.0,359297.0,1.0507880910683012,3723174550,173700,2370612200,4308948350,3699558500,30236950,3709802950,2963310400,10402908800
2020-02-06,29300.0,30500.0,29250.0,30300.0,530131.0,5.025996533795494,6339486950,152348850,2360521750,7107829150,2007034900,158388600,10894031450,2900731750,15960186700
2020-02-07,30250.0,30500.0,29800.0,30050.0,207305.0,-0.825082508250825,1800334500,41636450,2298081400,2085677950,2600233000,0,1501121400,2124375900,6225730300
2020-02-10,29600.0,30300.0,29550.0,30150.0,209774.0,0.33277870216306155,2604860300,8964850,2272862550,1407772350,2233727900,0,1636422600,2424309550,6294460050
2020-02-11,30250.0,30700.0,30050.0,30400.0,229623.0,0.8291873963515755,3564941900,0,1638058400,1783465850,1698377450,39707150,2828093600,2420287950,6986466150
2020-02-12,30100.0,30700.0,30050.0,30700.0,282729.0,0.9868421052631579,5083589100,0,1809929400,1713067600,2274940550,16287800,3234080050,3081277700,8606586100
2020-02-13,30650.0,30750.0,29850.0,29850.0,428719.0,-2.768729641693811,4207076100,83856050,6366564800,2205306850,7924001450,6613000,1680318500,3251870850,12862803800
2020-02-14,29850.0,29900.0,29050.0,29300.0,410401.0,-1.8425460636515913,3270113950,63733950,6101407950,2573876350,5914178150,18323200,2281832650,3794798200,12009132200
2020-02-17,29350.0,29350.0,28550.0,29050.0,294576.0,-0.8532423208191127,2717219900,47024950,4158220750,1594799000,4761613450,82336250,1379122850,2294192050,8517264600
2020-02-18,28950.0,29200.0,28750.0,28850.0,237234.0,-0.6884681583476765,2183702800,2897500,2492733050,2174729900,3379517900,4519900,1106001400,2364024050,6854063250
2020-02-19,29050.0,29100.0,28450.0,28500.0,293483.0,-1.2131715771230502,2881638800,16250300,3352782550,2158873050,2307477800,0,1639232900,4462834000,8409544700
2020-02-20,28550.0,29050.0,28150.0,28200.0,413317.0,-1.0526315789473684,4207414500,15292000,4392099650,3146825450,4925461050,0,1949026250,4887144300,11761631600
2020-02-21,28100.0,28350.0,27550.0,27950.0,480744.0,-0.8865248226950355,4178569250,5908550,5629042300,3641387700,4219788950,69723900,2630554350,6534840600,13454907800
2020-02-24,27600.0,27750.0,26700.0,26700.0,706434.0,-4.47227191413238,5958571000,82988150,8862090550,4155238850,4851938200,0,6263885450,7943064900,19058888550
2020-02-25,26650.0,27500.0,26650.0,27350.0,426134.0,2.4344569288389515,5186190550,3141400,4547853750,1811385400,3943910300,1931200,3109824000,4492905600,11548571100
2020-02-26,27000.0,27750.0,26700.0,27200.0,489129.0,-0.5484460694698354,6574330900,3934900,3535282250,3251454650,5574986650,378700,2719681950,5069955400,13365002700
2020-02-27,27150.0,27450.0,26750.0,26900.0,356716.0,-1.1029411764705883,4509680500,487800,3395254300,1735033150,4128535350,30394000,3026645550,2454880850,9640455750
2020-02-28,26450.0,26650.0,25950.0,26250.0,766579.0,-2.41635687732342,7365040800,30109000,5165432600,7534528400,5829105500,104800,5662145400,8603755100,20095110800
2020-03-02,26100.0,26650.0,25650.0,26000.0,500613.0,-0.9523809523809524,4656677950,1558500,5112090900,3287641900,4777535200,187192650,3754389950,4338851450,13057969250
2020-03-03,26550.0,27100.0,26400.0,26500.0,417696.0,1.9230769230769231,3532923150,0,2542529450,5087586550,5297948550,80706000,4017772350,1766612250,11163039150
2020-03-04,26350.0,27100.0,26350.0,26850.0,321104.0,1.3207547169811322,3364629400,0,3415563250,1828993450,2729992050,0,3262695250,2616498800,8609186100
2020-03-05,27100.0,28350.0,26800.0,27850.0,511357.0,3.7243947858473,6094375500,55350,3854208750,4279139850,4485214350,125905500,6708132100,2908527500,14227779450
2020-03-06,27450.0,27550.0,26650.0,26900.0,379393.0,-3.4111310592459607,2448126400,11476000,5721290350,2051106300,3722442700,27100,3254727450,3254801800,10231999050
2020-03-09,26300.0,26300.0,24700.0,24850.0,914767.0,-7.6208178438661704,4909733000,135089700,15555344800,2376677150,8343737250,27303250,8580276250,6025527900,22976844650
2020-03-10,24500.0,25000.0,24250.0,24700.0,559665.0,-0.6036217303822937,5111864300,65874000,5540794550,3049488800,5700206650,9880000,4406647700,3651287300,13768021650
2020-03-11,24750.0,24850.0,23700.0,24100.0,461702.0,-2.42914979757085,3013747150,4399350,5107742100,3082596350,3764731800,0,4515505700,2928247450,11208484950
2020-03-12,23700.0,23750.0,21800.0,22150.0,1149867.0,-8.091286307053942,9598914100,78781250,10765173050,5404012900,10427722800,41043050,9214792150,6163323300,25846881300
2020-03-13,20000.0,21500.0,19200.0,20750.0,1525797.0,-6.320541760722348,8159016650,110001050,13187018650,9417240400,7328727250,121955000,13604989550,9817604950,30873276750
2020-03-16,20900.0,21450.0,20050.0,20350.0,689020.0,-1.9277108433734942,3638879800,8892800,6903533350,3720490050,4714213050,0,6833445100,2724137850,14271796000
2020-03-17,18550.0,20350.0,18550.0,19700.0,785447.0,-3.194103194103194,4256754000,6288950,6180421400,5009951750,4427849400,2955000,6091896900,4930714800,15453416100
2020-03-18,19850.0,20100.0,17650.0,17650.0,755478.0,-10.406091370558377,3750511550,75330500,7108726900,3419936300,3793106650,4805500,6070492900,4486100200,14354505250
2020-03-19,17850.0,18100.0,14650.0,15050.0,1851550.0,-14.730878186968837,5749541050,397735100,13539404200,9880544350,4497972650,72758000,19139995600,5856498450,29567224700
2020-03-20,15400.0,17700.0,15150.0,17700.0,1108678.0,17.60797342192691,5581533250,7962700,5040309300,7287574050,4068191050,64300000,8113521300,5671366950,17917379300
2020-03-23,15900.0,16950.0,15800.0,15900.0,733315.0,-10.16949152542373,3358800550,24393650,5907956500,2610540500,3584575000,47913300,4578043650,3691159250,11901691200
2020-03-24,16500.0,17850.0,16000.0,17350.0,781275.0,9.119496855345911,2783681700,175957200,5266232000,4937789950,2562270700,119662500,5564918200,4916809450,13163660850
2020-03-25,18200.0,19200.0,17800.0,18700.0,890296.0,7.780979827089338,3755401950,12494500,9472029200,3136012600,3522369450,51687500,8695847000,4106034300,16375938250
2020-03-26,18900.0,19400.0,18150.0,18300.0,807210.0,-2.13903743315508,4387394850,1920000,8584143100,2307341900,5378082350,8610000,6639202250,3254905250,15280799850
2020-03-27,19200.0,19400.0,17800.0,18450.0,886352.0,0.819672131147541,3674754100,6117900,8880879400,3862537600,3677511300,35781200,6781252650,5929743850,16424289000
2020-03-30,17650.0,19050.0,17550.0,18950.0,551668.0,2.710027100271003,3662149200,33887250,4169272150,2287380750,2855823050,7400000,5116655600,2172810700,10152689350
2020-03-31,19300.0,21500.0,19300.0,20500.0,1394932.0,8.179419525065963,6101920700,72968750,16303033300,5659752550,4500063800,67277900,16544671900,7025661700,28137675300
2020-04-01,19950.0,20400.0,19150.0,19150.0,736565.0,-6.585365853658537,3122067400,217218850,9799365400,1516963900,3619265800,203330000,5316079700,5516940050,14655615550
2020-04-02,19150.0,20300.0,18700.0,20050.0,833845.0,4.699738903394255,5232234050,18764000,6879902350,4177872550,3867552600,41303000,8025931750,4373985600,16308772950
2020-04-03,20200.0,20450.0,19200.0,19600.0,807176.0,-2.2443890274314215,4979281150,80915600,8573002200,2306747150,3723045800,51280000,5405473850,6760146450,15939946100
2020-04-06,20000.0,20450.0,19800.0,20400.0,645128.0,4.081632653061225,2388931150,287682850,7335205700,2961991450,2603180000,12182500,6923122000,3435326650,12973811150
2020-04-07,21100.0,21150.0,20250.0,20650.0,776608.0,1.2254901960784315,2235216050,250710200,11070555650,2498247400,4233406150,461145200,6705296900,4654881050,16054729300
2020-04-08,20400.0,22200.0,20250.0,21850.0,1069596.0,5.811138014527845,5318185850,128573950,8672682500,8752806250,3454206650,101474100,14379604600,4936963200,22872248550
2020-04-09,22250.0,22300.0,21750.0,22100.0,712275.0,1.1441647597254003,4676346600,148432100,9255945750,1562764050,2187870500,1989000,5909968150,7543660850,15643488500
2020-04-10,22100.0,22950.0,21900.0,22850.0,689544.0,3.3936651583710407,4262021700,1794000,7113329100,4079722500,2218659850,117925600,10843973000,2276308850,15456867300
2020-04-13,22850.0,23850.0,22500.0,22650.0,750498.0,-0.87527352297593,4676693000,549308700,9936020700,2265470750,5460773950,446642650,9597882200,1922194350,17427493150
2020-04-14,23100.0,24300.0,22800.0,23650.0,843169.0,4.415011037527594,4166931200,27790400,11956373600,3853211050,4152416800,245413800,12468098750,3138376900,20004306250
2020-04-16,23350.0,23900.0,22800.0,23500.0,600166.0,-0.6342494714587738,3048705150,56486350,8507015450,2451832150,2489690750,1876600,6652368150,4920103600,14064039100
2020-04-17,23950.0,24400.0,23700.0,23700.0,626140.0,0.851063829787234,3781144250,5496000,9506937550,1753264200,2750079000,57140100,9466037900,2773585000,15046842000
2020-04-20,23750.0,24700.0,23400.0,23950.0,777856.0,1.0548523206751055,4665891400,30671200,9944154150,4176551300,3974961950,0,9864352400,4977953700,18817268050
2020-04-21,24400.0,24650.0,23250.0,24200.0,903203.0,1.0438413361169103,6492227950,6382700,11634868150,3576009600,5923025850,45864550,11572164000,4168434000,21709488400
2020-04-22,23500.0,25100.0,23250.0,25100.0,795451.0,3.71900826446281,4177157700,34344600,7880150650,6943771050,5525018200,99711350,9190263450,4220431000,19035424000
2020-04-23,25150.0,25150.0,24400.0,24850.0,446193.0,-0.9960159362549801,3017278400,14925000,6359974500,1689833300,2450491500,222300,5265747100,3365550300,11082011200
2020-04-24,24650.0,24700.0,23600.0,24100.0,575395.0,-3.0181086519114686,1735732750,83527700,8020137500,4033955900,4908805400,0,5226883600,3737664850,13873353850
2020-04-27,24200.0,24700.0,24000.0,24500.0,471505.0,1.6597510373443984,2987771300,99098000,4946301100,3486614850,2034236200,179176000,7749771250,1556601800,11519785250
2020-04-28,25000.0,25300.0,24350.0,25300.0,511985.0,3.2653061224489797,2379994800,742500,6017642500,4325859700,2981782150,75025100,7221074750,2446357500,12724239500
2020-04-29,25450.0,25700.0,25000.0,25300.0,527881.0,0.0,4010548450,33496050,7914341500,1447828000,3497842250,3060000,6055025700,3850286050,13406214000
2020-05-04,24800.0,24900.0,24350.0,24350.0,521965.0,-3.7549407114624502,2910313200,63495900,7841602450,2030821050,5236656600,56340500,4434361200,3118874300,12846232600
2020-05-06,24700.0,24800.0,24150.0,24800.0,404917.0,1.8480492813141685,1875554850,10868000,4080503050,3988268000,2278390600,0,4658043850,3018759450,9955193900
2020-05-07,24800.0,25200.0,24700.0,24850.0,427112.0,0.20161290322580644,2458600200,50100000,4250628800,3903884800,2144358350,5416650,5863853750,2649585050,10663213800
2020-05-08,25250.0,25500.0,24900.0,25050.0,439412.0,0.8048289738430584,2243785350,10082500,4847156600,3970839900,4530474450,10062850,5187960650,1343366400,11071864350
2020-05-11,24950.0,25100.0,24500.0,24550.0,309407.0,-1.996007984031936,2101233450,38522500,3672535500,1876253450,2184305100,2505000,3840123050,1661611750,7688544900
2020-05-12,24300.0,24600.0,23700.0,23850.0,505282.0,-2.8513238289205702,1626461100,96780900,7322279550,3064706800,5903727200,24441600,4400038050,1782021500,12110228350
2020-05-13,23400.0,24350.0,23350.0,24350.0,302687.0,2.0964360587002098,1477415350,191785500,2871787850,2681830500,1752883650,779350,3656903150,1812253050,7222819200
2020-05-14,23950.0,24200.0,23350.0,23700.0,443952.0,-2.6694045174537986,2929885100,312080200,5555850950,1724454400,2714023400,93172050,2785023500,4930051700,10522270650
2020-05-15,23850.0,24050.0,23500.0,23800.0,275697.0,0.42194092827004215,1579786700,16560250,2801957850,2154041200,1889368900,199741050,3113765750,1349470300,6552346000
2020-05-18,24000.0,24050.0,23350.0,23850.0,243682.0,0.21008403361344538,1194285050,25875000,2715259200,1834508600,1598243250,33250000,2500709000,1637725600,5769927850
2020-05-19,24200.0,25400.0,24200.0,24950.0,713762.0,4.612159329140461,8237848650,37400000,4569445850,4947006600,1822835650,296705150,12835892700,2836267600,17791701100
2020-05-20,24950.0,25250.0,24600.0,25100.0,347034.0,0.6012024048096193,2446991550,79811250,3910210550,2247143750,2404839300,0,3761262500,2518055300,8684157100
2020-05-21,25100.0,25250.0,24600.0,24800.0,316468.0,-1.1952191235059761,940196900,134411600,5496176800,1276743900,3424295100,74327400,3129565200,1219341500,7847529200
2020-05-22,24900.0,24900.0,23950.0,24100.0,335093.0,-2.82258064516129,1080034000,24546900,5545730500,1481201900,2811364700,0,3792540200,1527608400,8131513300
2020-05-25,24350.0,24400.0,23900.0,24050.0,235446.0,-0.2074688796680498,956669600,528050,3692010550,1018852000,2740955700,0,2081333050,845771450,5668060200
2020-05-26,24400.0,28250.0,24250.0,27000.0,2922611.0,12.266112266112266,17836611150,1244427450,46131454750,13126902500,11584377000,1625271350,58167955400,6961792100,78339395850
2020-05-27,27250.0,28250.0,27100.0,28000.0,1391423.0,3.7037037037037033,10372708150,451863050,21984608750,5803694800,7221103300,114178450,26974845200,4302747800,38612874750
2020-05-28,29250.0,29250.0,26850.0,27950.0,1221963.0,-0.17857142857142858,3915772750,184026000,25361069000,4999763600,8247693000,35368150,17869625300,8307944900,34460631350
2020-05-29,27900.0,28850.0,27300.0,28550.0,896125.0,2.146690518783542,6297479150,80956500,10093772900,8990835900,5457149850,50610500,13607559600,6347724500,25463044450
2020-06-01,28500.0,28850.0,28150.0,28700.0,522907.0,0.5253940455341506,3308695450,397242950,7647628950,3584988600,3583910250,131398750,8805524300,2417722650,14938555950
2020-06-02,28400.0,28950.0,27900.0,28850.0,643695.0,0.5226480836236934,3215227300,141592600,11005305700,3937115350,2305425500,83301250,10360441400,5550072800,18299240950
2020-06-03,29000.0,29950.0,28900.0,29800.0,940669.0,3.2928942807625647,9901553250,363538950,13431868600,4186736500,4646481250,173075000,20979147450,2084993600,27883697300
2020-06-04,30100.0,30450.0,29050.0,29250.0,690302.0,-1.8456375838926176,4510633650,161851800,12793226900,2978121450,4762733750,207411300,11459052300,4014636450,20443833800
2020-06-05,29700.0,29700.0,29350.0,29450.0,352985.0,0.6837606837606838,2915220800,16992650,6036889250,1451744950,1849167050,55558500,6209593200,2306528900,10420847650
2020-06-08,29850.0,29850.0,28700.0,29250.0,471175.0,-0.6791171477079796,2302856850,87150,7896105800,3538131000,2778672850,94968300,7571147350,3292392300,13737180800
2020-06-09,29150.0,29450.0,28250.0,28700.0,516312.0,-1.8803418803418803,1497672950,31979950,10033690100,3249711150,4256447850,0,7395111200,3161495100,14813054150
2020-06-10,28700.0,28800.0,28100.0,28400.0,401386.0,-1.0452961672473868,2490584100,4472800,6526152100,2398498100,4926169900,6520500,4682368650,1804648050,11419707100
2020-06-11,28200.0,28550.0,27450.0,27750.0,765785.0,-2.2887323943661975,3776279700,155354750,11212480700,6156113750,11437986700,2206500,5653525250,4206510450,21300228900
2020-06-12,26500.0,27050.0,26350.0,26800.0,689983.0,-3.423423423423423,3717660150,32363000,9893797250,4757467100,4516130750,896192700,9252440550,3736523500,18401287500
2020-06-15,26600.0,26850.0,25050.0,25350.0,522259.0,-5.410447761194029,2134261050,51305500,6818845950,4605170400,4674547800,35810000,6817589450,2081635650,13609582900
2020-06-16,25900.0,26600.0,25900.0,26550.0,439340.0,4.733727810650888,2862009550,299820000,4194985650,4194473100,2768538600,0,4954687300,3828062400,11551288300
2020-06-17,26350.0,26650.0,25750.0,26550.0,453120.0,0.0,2235661000,23980000,3735501250,5903997200,3200461000,18637700,5031441000,3648599750,11899139450
2020-06-18,26300.0,26550.0,26000.0,26100.0,293900.0,-1.694915254237288,2294427650,5453300,4057097700,1349562150,4645032700,0,2034327200,1027180900,7706540800
2020-06-19,26450.0,26700.0,25700.0,26700.0,324137.0,2.2988505747126435,1951612150,36540000,3812495400,2717851200,1763958450,55441150,3892959250,2806139900,8518498750
2020-06-22,26400.0,27000.0,25900.0,25950.0,391036.0,-2.8089887640449436,1246028100,0,7270397700,1756793500,2900185850,0,4253522250,3119511200,10273219300
2020-06-23,26150.0,26250.0,25150.0,25300.0,300327.0,-2.5048169556840074,1101470600,7814050,5006745700,1557101500,2490358050,39517750,3423574650,1719681400,7673131850
2020-06-24,25400.0,25900.0,25150.0,25850.0,288408.0,2.1739130434782608,1940941950,25450,3705520950,1729502000,1922261700,107808600,4837652050,508268000,7375990350
2020-06-25,25400.0,25400.0,24800.0,24800.0,413373.0,-4.061895551257253,800483900,44855500,8147952800,1332801950,4405156600,25190000,3012679350,2883068200,10326094150
2020-06-26,25050.0,25150.0,24650.0,24950.0,312197.0,0.6048387096774194,1298460550,32028450,3364889150,3075875450,2946284150,28777050,2673411100,2122781300,7771253600
2020-06-29,24350.0,24550.0,24000.0,24350.0,357676.0,-2.404809619238477,1285537200,94986050,4431451950,2867400600,2644159150,146000,3386266950,2648803700,8679375800
2020-06-30,24500.0,25300.0,24450.0,24550.0,387742.0,0.8213552361396305,2020751950,7410000,4189933950,3402693100,2758491350,112492500,3839035500,2910769650,9620789000
2020-07-01,25100.0,25550.0,24700.0,24800.0,356079.0,1.0183299389002036,1914628700,0,5557466800,1498918100,2530648650,0,4541353500,1899011450,8971013600
2020-07-02,24900.0,25650.0,24850.0,25600.0,273222.0,3.225806451612903,2311364050,21782850,2807493050,1772905400,1183646500,278150,4527525650,1202095050,6913545350
2020-07-03,26150.0,26450.0,25500.0,26050.0,490920.0,1.7578125,5505948100,199485600,5691078850,1390910500,2984816850,24633000,6367378700,3410594500,12787423050
2020-07-06,26200.0,26350.0,25650.0,26250.0,338221.0,0.7677543186180422,2599641400,84851250,4046856100,2069878800,2217714050,26468400,4854689550,1702355550,8801227550
2020-07-07,26500.0,26500.0,26000.0,26250.0,297481.0,0.0,2043910050,53380250,2925735600,2784957600,1818035800,149371950,3801287200,2039288550,7807983500
2020-07-08,26250.0,26650.0,26150.0,26450.0,300845.0,0.7619047619047619,2214618200,2751250,3360052850,2356695000,2966032900,62570100,3635342750,1270171550,7934117300
2020-07-09,26450.0,26500.0,26000.0,26500.0,436295.0,0.1890359168241966,6004108300,5839750,3390663800,2081028450,2822485250,2635000,4273802750,4382717300,11481640300
2020-07-10,26600.0,26900.0,25550.0,25650.0,369539.0,-3.207547169811321,2193846000,12698400,5819749450,1589503200,4073585550,16020000,3564350450,1961841050,9615797050
2020-07-13,25700.0,26250.0,25100.0,26150.0,280866.0,1.949317738791423,2390934250,15408200,3323333450,1521214550,1909679500,15880050,4019321850,1306009050,7250890450
2020-07-14,26050.0,26250.0,25800.0,26100.0,173380.0,-0.19120458891013384,1211168050,5595500,2280935100,1016236100,1847628750,0,1909942850,756363150,4513934750
2020-07-15,26550.0,27950.0,26400.0,27150.0,869825.0,4.022988505747127,7363197150,11305000,10360161950,5951438700,3061555100,192788400,17362720150,3069039150,23686102800
2020-07-16,27150.0,28100.0,26950.0,27850.0,598387.0,2.578268876611418,6436009200,130680000,7550091900,2360165350,3740092850,26202500,9783639250,2927011850,16476946450
2020-07-17,27850.0,28100.0,27100.0,27250.0,403853.0,-2.154398563734291,2490538150,201161850,7337777250,1080348050,2877651400,34680450,6141404400,2056089050,11109825300
2020-07-20,27300.0,27750.0,26750.0,27500.0,402058.0,0.9174311926605505,3602281150,64151900,5517604000,1798781050,3416138700,82350000,5994262500,1490066900,10982818100
2020-07-21,27750.0,27850.0,27000.0,27250.0,351212.0,-0.9090909090909091,2132069850,14017450,5553305350,1886930400,4631885000,0,3731976800,1222461250,9586323050
2020-07-22,27450.0,28300.0,27300.0,27700.0,485835.0,1.651376146788991,2607939700,113706750,8199670850,2595449800,3044766000,237375000,8893962050,1340664050,13516767100
2020-07-23,27700.0,27800.0,26650.0,27000.0,409861.0,-2.527075812274368,1449472950,21347700,8877283650,712527350,4509609400,0,5006723250,1544299000,11060631650
2020-07-24,26700.0,27350.0,26550.0,26800.0,319125.0,-0.7407407407407408,2150154350,56061850,5521169100,869520000,2381960450,8544000,5078867400,1127533450,8596905300
2020-07-27,26800.0,27200.0,26300.0,26450.0,363656.0,-1.3059701492537312,1865525650,45600100,6328169050,1489189000,2310490800,42580250,3021412950,4353999800,9728483800
2020-07-28,26500.0,26750.0,25950.0,26400.0,439138.0,-0.1890359168241966,1729509050,29591550,7766536000,2027520600,4995196450,7915000,3562408450,2987637300,11553157200
2020-07-29,26200.0,26650.0,26050.0,26650.0,244766.0,0.946969696969697,1883419950,0,2806361950,1791859250,2344882900,0,3430753850,706004400,6481641150
2020-07-30,26500.0,27200.0,26450.0,26700.0,432152.0,0.18761726078799248,4678487650,16057500,6089466650,818033000,5181130650,26205000,4682413100,1712296050,11602044800
2020-07-31,26750.0,26950.0,25800.0,26950.0,681004.0,0.9363295880149813,4587529500,133522950,9119849400,4113524500,4160926850,7695600,6351254150,7434549750,17954426350
2020-08-03,26850.0,26900.0,26350.0,26500.0,378929.0,-1.6697588126159555,4196036950,46315050,5199732300,612304800,4779980850,1327500,3240280650,2032800100,10054389100
2020-08-04,26800.0,29500.0,26700.0,28250.0,3501113.0,6.60377358490566,20109235500,864535200,67099466400,11750049300,13424912850,75337500,75784381850,10538654200,99823286400
2020-08-05,28300.0,28300.0,27300.0,27400.0,1074945.0,-3.0088495575221237,4644493200,41527500,24001837950,981718300,9089349400,162545550,15409926050,5007755950,29669576950
2020-08-06,27400.0,27650.0,26850.0,27050.0,837199.0,-1.2773722627737227,3138569300,75025600,17532753550,1998196500,6675692000,69742500,11461457700,4537652750,22744544950
2020-08-07,27050.0,27400.0,26400.0,26700.0,764179.0,-1.2939001848428837,2727989050,20022500,14598645550,3092024550,5583371300,50631400,10412570700,4392108250,20438681650
2020-08-10,26650.0,27100.0,26400.0,26950.0,635477.0,0.9363295880149813,2631111000,34958750,11481406900,2826356500,5018269700,223284100,10133660500,1598618850,16973833150
2020-08-11,27500.0,28350.0,27200.0,27950.0,1421567.0,3.710575139146568,8452449400,32923600,24327653500,6759848150,5379754000,115187250,32090882450,1987050950,39572874650
2020-08-12,27650.0,28050.0,27050.0,27800.0,556068.0,-0.5366726296958855,2772287650,192727850,10569084900,1783389000,2651396100,19279600,10415603200,2231210500,15317489400
2020-08-13,28050.0,28150.0,27150.0,27600.0,690062.0,-0.7194244604316548,6658465650,14105250,10468043250,1984437700,3789838250,42826300,9691237950,5601149350,19125051850
2020-08-14,27850.0,28150.0,27000.0,27700.0,520118.0,0.36231884057971014,3832658400,28929750,8557531400,1948134000,3732642400,392000,8422862200,2211356950,14367253550
2020-08-18,27800.0,27850.0,25950.0,26100.0,769250.0,-5.776173285198556,4213032050,5664650,14286548300,2092410100,4395007700,19931300,11114783400,5067932700,20597655100
2020-08-19,26000.0,26600.0,26000.0,26200.0,316769.0,0.38314176245210724,2412342800,1428300,4404509350,1523959750,1881523200,0,5652296100,808420900,8342240200
2020-08-20,26000.0,26100.0,24600.0,24800.0,801921.0,-5.343511450381679,2252320650,99879000,14803617450,2951162850,7306358900,150127350,9169071750,3481421950,20106979950
2020-08-21,24800.0,25150.0,24550.0,24850.0,428463.0,0.20161290322580644,2447742400,125970450,7076890600,1009728950,2154160800,2505000,5494934000,3008732600,10660332400
2020-08-24,24850.0,25100.0,24350.0,24800.0,356338.0,-0.2012072434607646,2100767550,8444500,4611568550,2091130600,2489211450,8795500,4304261600,2009642650,8811911200
2020-08-25,25100.0,25700.0,24900.0,25600.0,375296.0,3.225806451612903,3378166600,108533450,4756340850,1287630050,1962103450,125250000,5783532650,1659784850,9530670950
2020-08-26,25650.0,25750.0,24900.0,25150.0,506378.0,-1.7578125,2096210500,3006150,8199978100,2441086450,4770130700,11061000,4217011150,3742078350,12740281200
2020-08-27,25100.0,25150.0,24450.0,24500.0,544617.0,-2.584493041749503,1514036250,3925000,9890593200,2044008250,3903624800,161352050,4631492500,4756093350,13452562700
2020-08-28,24700.0,25450.0,24600.0,25200.0,570496.0,2.857142857142857,3651873200,22929500,5927955300,4732247150,2787312950,171813400,9605875350,1770003450,14335005150
2020-08-31,25300.0,25700.0,24700.0,24700.0,745914.0,-1.984126984126984,3204075750,93659950,7879954800,7516352950,2988745450,0,5302593750,10402704250,18694043450
2020-09-01,24700.0,25850.0,24700.0,25750.0,520847.0,4.251012145748987,5089473550,16392100,5244975700,2875711100,2337213550,64880200,8743827850,2080630850,13226552450
2020-09-02,25950.0,26000.0,25250.0,25450.0,335712.0,-1.1650485436893203,2349849550,16605300,5282052750,903779700,2068887350,15575400,3341607850,3126216700,8552287300
2020-09-03,25650.0,25700.0,25200.0,25200.0,376557.0,-0.9823182711198428,1005286150,459512450,6612362900,1505026100,2709904650,0,3009559250,3862723700,9582187600
2020-09-04,24500.0,25000.0,24450.0,24950.0,316334.0,-0.992063492063492,1245387800,61313000,5307647250,1226487800,1969432700,288865000,4246183300,1336354850,7840835850
2020-09-07,25500.0,26150.0,25100.0,25900.0,609868.0,3.807615230460922,2582537950,518000,8494324000,4663084900,2085887750,115966500,11569577500,1969033100,15740464850
2020-09-08,26400.0,26400.0,25500.0,25650.0,454151.0,-0.9652509652509652,2605357200,191308800,7970582300,954279900,3442222400,7740000,4839692600,3431873200,11721528200
2020-09-09,25250.0,25650.0,25200.0,25250.0,298906.0,-1.5594541910331383,1889360350,25250000,4799229750,884151050,2000477900,117000500,3467589850,2012922900,7597991150
2020-09-10,25600.0,25600.0,25200.0,25200.0,339413.0,-0.19801980198019803,2026554450,142313750,5045778500,1378732200,3890059950,0,1962989550,2740329400,8593378900
2020-09-11,25200.0,25200.0,24650.0,25050.0,466021.0,-0.5952380952380952,1528045150,87374750,8496361500,1490685450,2377862450,24800,4405242800,4819336800,11602466850
2020-09-14,25100.0,25800.0,25050.0,25600.0,467897.0,2.19560878243513,4820570300,3840000,4192156350,2968011150,1405427100,242767900,8212006700,2124376100,11984577800
2020-09-15,25650.0,25750.0,25200.0,25550.0,354107.0,-0.1953125,2325612950,126650,5463875300,1209094600,1726543500,0,3680873050,3591292950,8998709500
2020-09-16,25500.0,25700.0,25150.0,25500.0,378028.0,-0.19569471624266144,1486768100,281326300,5864892850,1997799400,2767307250,33531500,3796222600,3033725300,9630786650
2020-09-17,25450.0,25500.0,25000.0,25050.0,473339.0,-1.7647058823529411,2308896650,185844250,7262723100,2153257600,2086407300,14739850,3309267600,6500306850,11910721600
2020-09-18,25100.0,25350.0,24950.0,25100.0,374122.0,0.19960079840319359,2292540850,125050,4332061850,2768490250,846795950,21626450,3570595450,4954200150,9393218000
2020-09-21,25250.0,25300.0,24750.0,25050.0,336052.0,-0.199203187250996,2403911500,1402050,4654898500,1373262650,1999434350,16724800,4057249850,2360065700,8433474700
2020-09-22,24900.0,25100.0,24200.0,24350.0,552397.0,-2.7944111776447107,1304330550,44615950,10377699000,1792413850,3754429150,179698250,4984388750,4600543200,13519059350
2020-09-23,24500.0,24650.0,23900.0,24050.0,354472.0,-1.2320328542094456,1282114000,24513000,6187237900,1062771050,2093479450,0,3974125700,2489030800,8556635950
2020-09-24,23700.0,23750.0,23200.0,23400.0,477244.0,-2.7027027027027026,1734688750,90015650,7969893950,1382430500,2645022150,30802300,5753564700,2747639700,11177028850
2020-09-25,23450.0,23650.0,23150.0,23450.0,338462.0,0.2136752136752137,2749763250,1185900,4434959450,733834750,2487989050,0,2322188250,3109566050,7919743350
2020-09-28,23650.0,23850.0,23400.0,23600.0,177050.0,0.6396588486140725,779087400,1959700,2520817150,880504200,666880300,0,2111766200,1403721950,4182368450
2020-09-29,23900.0,24350.0,23800.0,24150.0,372287.0,2.330508474576271,2873643200,71700,2703899400,3374388400,1670774100,0,4310616000,2970612600,8952002700
2020-10-05,24150.0,24750.0,24000.0,24700.0,324064.0,2.2774327122153206,2227959500,9844000,3443735450,2264304200,1185350200,2366400,4738345700,2019780850,7945843150
2020-10-06,24650.0,24900.0,24400.0,24550.0,228605.0,-0.6072874493927125,1179257250,13691900,3433002400,1008703550,1616626450,5327350,2155719350,1856981950,5634655100
2020-10-07,24600.0,25250.0,24350.0,25250.0,411280.0,2.8513238289205702,2831555850,208054600,4214909050,2999430800,1144992550,26914550,7390616550,1691426650,10253950300
2020-10-08,25500.0,25550.0,25100.0,25400.0,458032.0,0.594059405940594,3112672850,39086750,6075815500,2371325650,4080330650,26436750,4032688600,3459444750,11598900750
2020-10-12,25400.0,25550.0,25250.0,25500.0,303856.0,0.39370078740157477,1337095250,2530000,4592402900,1789434100,1496282800,34153000,5363689900,827336550,7721462250
2020-10-13,25700.0,25700.0,25150.0,25350.0,219983.0,-0.5882352941176471,923522200,0,3247494250,1398654450,2037196300,293515550,2537902950,701056100,5569670900
2020-10-14,25350.0,25450.0,24850.0,25000.0,275791.0,-1.3806706114398422,1505227950,13503200,3440230600,1956273150,1203203050,0,3248462150,2463569700,6915234900
2020-10-15,25000.0,25650.0,24750.0,25500.0,361506.0,2.0,1914128700,0,6524275750,699462900,1740908050,7440650,5549635850,1839882800,9137867350
2020-10-16,25450.0,25600.0,24900.0,25600.0,264956.0,0.39215686274509803,1577043000,0,4478769850,630938500,1440869300,0,3820173700,1425708350,6686751350
2020-10-19,25700.0,26750.0,25550.0,26450.0,1169629.0,3.3203125,12980728750,67779900,13985088350,3730466200,1441407650,261885350,25366755650,3694014550,30764063200
2020-10-20,26900.0,27500.0,26600.0,27500.0,1364504.0,3.9697542533081283,13624372900,401959250,19890046950,3129110250,3481655000,73426400,30590530500,2899877450,37045489350
2020-10-21,27350.0,28000.0,27050.0,27800.0,843618.0,1.090909090909091,10229202450,211412150,9900020600,3071363700,2204409700,11755400,19064177800,2131656000,23411998900
2020-10-22,27500.0,28200.0,27050.0,28200.0,999172.0,1.4388489208633095,9206502500,163658400,8369847600,9951497300,6866810700,55765000,16114038300,4654891800,27691505800
2020-10-23,28200.0,28400.0,27650.0,28300.0,762875.0,0.3546099290780142,13026199150,7471150,6014370050,2422985900,3866595900,43141100,12170074500,5391214750,21471026250
2020-10-26,28300.0,28500.0,27700.0,27950.0,522618.0,-1.2367491166077738,6485599800,198100,6334439400,1918591550,1892448200,2236000,11690021400,1154123250,14738828850
2020-10-27,27650.0,28000.0,27300.0,28000.0,578641.0,0.17889087656529518,6461092650,64472650,6314020450,3184473500,3907220850,90920500,8276769250,3749148650,16024059250
2020-10-28,27750.0,28700.0,27500.0,28550.0,596559.0,1.9642857142857142,7132200250,416519800,7514613800,1848873100,1989986250,317589550,10722180850,3882450300,16912206950
2020-10-29,27900.0,28050.0,27050.0,27300.0,626704.0,-4.378283712784588,2653539450,276817150,11590937650,2657976800,6775346350,149130000,7651463250,2603331450,17179271050
2020-10-30,27350.0,27550.0,26450.0,26700.0,573396.0,-2.197802197802198,3400550350,109000,5358854400,6765628450,3458191500,159510850,8036884600,3870555250,15525142200
2020-11-02,26700.0,28100.0,26700.0,27800.0,472993.0,4.119850187265917,8646514150,8017550,2805049850,1590776300,2352239150,10590950,7779502850,2908024900,13050357850
2020-11-03,27850.0,28700.0,27800.0,28550.0,655619.0,2.697841726618705,8028112850,288123400,5401626850,4945843950,2221664600,940099250,14396428600,1105514600,18663707050
2020-11-04,28750.0,28850.0,27700.0,28100.0,431851.0,-1.5761821366024518,2531172150,3448000,7147765500,2539102150,4020120750,257582900,5533667950,2410116200,12221487800
2020-11-05,28100.0,28700.0,27950.0,28600.0,480420.0,1.7793594306049825,6168998050,20044150,4040774600,3455667950,3899462250,37593900,8270809200,1477619400,13685484750
2020-11-06,28650.0,28700.0,28150.0,28150.0,277082.0,-1.5734265734265735,2371544250,180618300,3887636500,1408372800,2425663550,206454850,3909616450,1306437000,7848171850
2020-11-09,28400.0,29550.0,28250.0,29550.0,916458.0,4.9733570159857905,11639349400,181111350,10682137950,4209838900,3278858400,212492050,18749982700,4471104450,26712437600
2020-11-10,29900.0,30050.0,29150.0,29900.0,742232.0,1.1844331641285957,5949270000,779006400,10169602750,5210054200,4599918850,30052950,14351983700,3125977850,22107933350
2020-11-11,30000.0,31350.0,29800.0,31100.0,968952.0,4.013377926421405,11557466750,218896900,12943719850,4966955500,3567743050,368412450,22050382250,3700501250,29687039000
2020-11-12,30900.0,30950.0,30100.0,30200.0,646151.0,-2.8938906752411575,5507917150,291682650,9330522800,4527382600,7574601200,477038550,9073912300,2531953150,19657505200
2020-11-13,30000.0,30750.0,29900.0,30400.0,472556.0,0.6622516556291391,4786950200,142283450,5654350400,3769900400,3677046300,570693300,7655299450,2450445400,14353484450
2020-11-16,30900.0,31800.0,30400.0,31500.0,700264.0,3.618421052631579,8688372750,326842050,10096824250,2806230000,3308716150,298098500,14412146300,3899308100,21918269050
2020-11-17,31550.0,32050.0,31050.0,31350.0,440973.0,-0.4761904761904762,2923751550,165642300,8417965550,2416576600,3718456400,94214500,7954593650,2156671450,13923936000
2020-11-18,31200.0,31500.0,30750.0,31300.0,351384.0,-0.1594896331738437,2395754800,79400000,5422260450,3065836200,3091517150,40490000,6215818000,1615426300,10963251450
2020-11-19,31200.0,31250.0,30500.0,31250.0,474810.0,-0.1597444089456869,3041957600,43426500,7872637900,3719325250,4685418800,316775500,7327837450,2347315500,14677347250
2020-11-20,31900.0,32000.0,31300.0,31750.0,461483.0,1.6,4046469950,9701750,7431400300,3120681400,2892794500,193763150,9525518500,1996177250,14608253400
2020-11-23,31750.0,31900.0,31300.0,31900.0,404416.0,0.47244094488188976,1658704900,158897900,7933035650,3077996050,3517796900,3380350,8531861650,775595600,12828634500
2020-11-24,32000.0,32100.0,31500.0,31750.0,489368.0,-0.4702194357366771,3954728900,91241350,9253517000,2223283800,6828570200,3196850,6897696600,1793307400,15522771050
2020-11-25,32000.0,32950.0,31700.0,32250.0,1126298.0,1.574803149606299,13715716450,185766000,13407302250,9244579650,4403599100,332043400,22428183300,9389538550,36553364350
2020-11-26,32800.0,32800.0,31650.0,32600.0,405391.0,1.0852713178294573,2671171050,88541400,7428110700,2859529650,2321516000,24211900,6379581650,4322043250,13047352800
2020-11-27,32600.0,33300.0,32250.0,32900.0,359274.0,0.9202453987730062,2035914300,41245200,5504378600,4215363950,3048598600,131694400,6717405900,1899203150,11796902050
2020-11-30,32900.0,33100.0,31550.0,31700.0,834386.0,-3.64741641337386,4561037500,420018900,11573689150,10095221550,5299569050,478125900,7593327300,13278944850,26649967100
2020-12-01,31750.0,32050.0,31200.0,31800.0,399045.0,0.31545741324921134,1744158550,141302650,8646452100,2075907350,3996955400,363751000,6233105300,2014008950,12607820650
2020-12-02,32000.0,32050.0,31200.0,31800.0,466071.0,0.0,3296146200,9483150,8364493000,3072593450,4103945950,163678250,6651561650,3823529950,14742715800
2020-12-03,31600.0,32350.0,31200.0,32200.0,854837.0,1.257861635220126,8697415250,248645550,10946811650,7263426400,4483808500,239359600,15964751800,6468378950,27156298850
2020-12-04,32650.0,34850.0,32200.0,34350.0,1718281.0,6.6770186335403725,16522059800,477625500,34608441950,6042013050,10349470300,962504050,36759108500,9579057450,57650140300
2020-12-07,35000.0,35050.0,33600.0,34550.0,1399592.0,0.5822416302765648,8339611250,887472750,33438564000,5548008800,7406403650,324547500,29218438200,11264267450,48213656800
2020-12-08,34550.0,34550.0,33700.0,34100.0,531837.0,-1.3024602026049203,3871426700,123910050,12754085400,1347399750,3708503850,384820550,10067006650,3936490850,18096821900
2020-12-09,34550.0,35450.0,33950.0,35150.0,921779.0,3.0791788856304985,8651106650,59112550,18674649650,4720073450,3581379950,14794750,19149589750,9359177850,32104942300
2020-12-10,35100.0,38150.0,34700.0,38150.0,2081867.0,8.534850640113797,25349285650,194860750,39907494150,11912530600,8125202300,228024700,54267558750,14743385400,77364171150
2020-12-11,38900.0,39550.0,37600.0,38650.0,1309439.0,1.310615989515072,7986900550,531958700,33757626700,8007346700,8268136450,333892900,27652974850,14028828450,50283832650
2020-12-14,38300.0,38400.0,37500.0,37650.0,866075.0,-2.58732212160414,3325035800,122443950,24392064050,4848573450,10453946250,87618000,17156483400,4990069600,32688117250
2020-12-15,37600.0,37850.0,36250.0,37000.0,816168.0,-1.7264276228419653,5353667800,373185000,18262343850,6051840800,7404610600,388526250,18716831350,3531069250,30041037450
2020-12-16,37150.0,37400.0,36650.0,37000.0,474760.0,0.0,2273105250,414326450,11692600050,3163193400,4850097200,34336950,8751430650,3907360350,17543225150
2020-12-17,37000.0,37000.0,35800.0,36100.0,849181.0,-2.4324324324324325,2743264300,1401689700,20979609850,5578183050,10671331650,129671000,16201442250,3700302000,30702746900
2020-12-18,36300.0,37200.0,36050.0,37200.0,835045.0,3.0470914127423825,9931096450,310300900,15102651000,5411264750,4937666250,247190350,18699306350,6871150150,30755313100
2020-12-21,37300.0,37300.0,36250.0,37050.0,434168.0,-0.4032258064516129,3245866400,258266000,10163524950,2313220250,3327594600,68996500,9489247150,3095039350,15980877600
2020-12-22,36850.0,36850.0,35300.0,35500.0,917280.0,-4.183535762483131,2233954200,493609700,24428348700,5809275500,10025066150,1255688400,18342910750,3341522800,32965188100
2020-12-23,35500.0,35850.0,34700.0,35050.0,841510.0,-1.267605633802817,4031530950,392518600,16610852350,8642459150,9143844900,83540400,17013564700,3436411050,29677361050
2020-12-24,35550.0,36700.0,35350.0,35850.0,1034876.0,2.282453637660485,7284937500,109480200,21835760550,8059701500,4724650050,451306750,25941008050,6172914900,37289879750
2020-12-28,36200.0,36500.0,34850.0,35050.0,1250449.0,-2.2315202231520224,7962654200,170300350,26115742600,9878723300,6714361350,167775200,21887506500,15357777400,44127420450
2020-12-29,35050.0,36000.0,34850.0,35750.0,673912.0,1.9971469329529243,3263214650,177766200,15752460500,4797723100,5515836850,135100100,12490994300,5849233200,23991164450
2020-12-30,35850.0,38300.0,35750.0,37800.0,1378490.0,5.734265734265734,14604888350,1402627450,25356190100,10281090900,7007703650,509464300,37308345200,6819283650,51644796800
2021-01-04,38300.0,38300.0,37250.0,38050.0,976774.0,0.6613756613756614,6749861000,640860500,25904114850,3732370200,8609845900,439206100,19629469850,8348684700,37027206550
2021-01-05,38050.0,40550.0,37500.0,40000.0,1920208.0,5.124835742444152,24131900450,1258559550,38642828250,12393906450,10944130750,446547800,54021386050,11015130100,76427194700
2021-01-06,40950.0,41300.0,39400.0,39650.0,1289464.0,-0.8750000000000001,9596134100,530976550,37773556000,3954970550,13023257050,177823050,27591445150,11063111950,51855637200
2021-01-07,40500.0,41500.0,40100.0,40800.0,1107735.0,2.900378310214376,12371810850,417502300,25832407100,6770910300,6523533250,210287650,29984334050,8674475600,45392630550
2021-01-08,41500.0,42600.0,41100.0,41750.0,1736980.0,2.3284313725490198,12105180650,522380450,35379727650,24651739200,18167713900,463207750,36747213700,17280892600,72659027950
2021-01-11,42100.0,44350.0,40950.0,42950.0,1922705.0,2.874251497005988,12938288100,993976050,58207702750,9886840350,19250738900,848027100,50767170200,11160871050,82026807250
2021-01-12,42850.0,43350.0,40700.0,42750.0,1445362.0,-0.46565774155995343,10734305750,634577300,42959274150,6811785050,14577462900,575287000,30049285150,15937907200,61139942250
2021-01-13,42950.0,43550.0,42000.0,42800.0,894283.0,0.11695906432748539,12313704050,530355100,16925436200,8532831200,12323552750,179225750,21729820850,4069727200,38302326550
2021-01-14,42800.0,43000.0,42100.0,42900.0,767442.0,0.23364485981308408,11487167750,186322400,15955553600,5178799250,15965753700,69140550,11618906050,5154042700,32807843000
2021-01-15,43300.0,43500.0,41600.0,41900.0,767287.0,-2.331002331002331,7763980550,100672700,19825877600,4610854400,11001241050,440006700,14940436800,5919700700,32301385250
2021-01-18,41100.0,44200.0,40850.0,43100.0,1502862.0,2.863961813842482,21684339250,1403157250,29578668650,11854298500,9847944600,649113900,49668492550,4354912600,64520463650
2021-01-19,44200.0,44500.0,43300.0,44500.0,1297356.0,3.248259860788863,16732218200,1506184400,32269436900,6886959900,13789068450,542058150,35393997650,7669675150,57394799400
2021-01-20,45100.0,45200.0,43150.0,44000.0,1009149.0,-1.1235955056179776,3885771600,410260000,34725300300,5148235900,8907171700,1400652700,22892200950,10969542450,44169567800
2021-01-21,43800.0,44150.0,43350.0,43500.0,664694.0,-1.1363636363636365,3255503250,182714250,22071430150,3513017350,8543898950,70787350,18316826250,2091152450,29022665000
2021-01-22,44000.0,44100.0,42450.0,42550.0,975631.0,-2.1839080459770113,3155383750,405980550,35560918400,3122393550,13272762350,168454900,16471494300,12331964700,42244676250
2021-01-25,42650.0,43200.0,41650.0,42300.0,1160428.0,-0.5875440658049353,7114098600,314922750,35332357200,6158898550,14425196350,210615000,18696754350,15587711400,48920277100
2021-01-26,42800.0,42800.0,41300.0,41500.0,1056251.0,-1.8912529550827424,1998068600,466793900,34771450050,6816728950,14394888950,70677450,19518475950,10068999150,44053041500
2021-01-27,41600.0,42300.0,40850.0,41150.0,913589.0,-0.8433734939759037,3731721200,124133050,26713293750,7370586350,5871834850,180761100,17579802500,14307335900,37939734350
2021-01-28,39950.0,41300.0,39650.0,40100.0,1022991.0,-2.551640340218712,3684968400,282048100,27999665200,9257240650,10746028200,388004000,20759718700,9330171450,41223922350
2021-01-29,40200.0,40450.0,37850.0,38150.0,1303011.0,-4.86284289276808,5052831850,431645600,30577043900,14524274450,4833855950,432182950,28691618800,16628138100,50585795800
2021-02-01,38200.0,42000.0,37550.0,41750.0,1327909.0,9.436435124508519,10481827550,395311300,28090110000,14239279200,4092742250,532547400,36691743700,11889494700,53206528050
2021-02-02,42450.0,42750.0,40750.0,42050.0,1073207.0,0.718562874251497,5366473900,103644450,31238225950,8056176400,7261560300,142541600,22545270850,14815147950,44764520700
2021-02-03,42800.0,43200.0,41900.0,43000.0,1216208.0,2.2592152199762188,8016359100,650482750,33800531250,9397767850,5649427400,190879450,34485224200,11539609900,51865140950
2021-02-04,43800.0,43800.0,40500.0,40950.0,1980674.0,-4.767441860465117,5184592400,548627950,66332834700,10628266600,16597281750,1074048500,48768246350,16254745050,82694321650
2021-02-05,41100.0,41100.0,39350.0,40300.0,1209654.0,-1.5873015873015872,5536163700,247482250,33350914600,9278328350,9340231400,215805150,30611360750,8245491600,48412888900
2021-02-08,40300.0,40900.0,39850.0,40150.0,690908.0,-0.37220843672456577,4519508000,161362250,17581819900,5606483000,8245008000,338019950,15115121200,4171024000,27869173150
2021-02-09,40300.0,40500.0,39700.0,39800.0,645147.0,-0.8717310087173101,5382914250,336238400,14766582700,5304086100,6475309700,50603400,11169440550,8094467800,25789821450
2021-02-10,39800.0,40700.0,38850.0,40700.0,776556.0,2.261306532663317,10794854550,117688350,15613673650,4275750150,6521255650,124112300,16953390900,7203207850,30801966700
2021-02-15,40800.0,40800.0,39900.0,40000.0,606408.0,-1.71990171990172,1020361550,4162200,20921088250,2349080800,8185759350,181551200,9703590450,6223791800,24294692800
2021-02-16,40050.0,40250.0,39550.0,40000.0,545738.0,0.0,791219250,74229450,16477048400,4403690250,4272191500,128430700,11844070750,5501494400,21746187350
2021-02-17,39850.0,39850.0,39000.0,39400.0,792894.0,-1.5,3656420850,88311650,22443925300,4911396400,15400666550,14962450,11964095050,3720330150,31100054200
2021-02-18,39200.0,39600.0,38400.0,38400.0,695396.0,-2.5380710659898478,1753924650,142209300,19176638600,5989199950,4658031250,231019050,13090172250,9082749950,27061972500
2021-02-19,38400.0,38750.0,37250.0,38450.0,727610.0,0.13020833333333331,2761485850,481048850,16975371250,7402818100,5218753000,13724350,15053811550,7334435150,27620724050
2021-02-22,38450.0,38600.0,37650.0,37700.0,789715.0,-1.950585175552666,3865706000,92334250,17328527950,8787047550,8446064100,8351050,12318959200,9300241400,30073615750
2021-02-23,37700.0,38300.0,37250.0,37850.0,694437.0,0.3978779840848806,5382084800,91736150,13384748000,7436233500,4759262350,56236000,11355085700,10124218400,26294802450
2021-02-24,37850.0,38000.0,36300.0,36350.0,878863.0,-3.963011889035667,7226549650,149187350,18767507700,6515598650,4199254700,628109500,15089744850,12741734300,32658843350
2021-02-25,37050.0,37750.0,36750.0,37750.0,916648.0,3.851444291609354,9603468400,121772200,13345745500,11123033050,8893003900,19560350,12502571250,12778883650,34194019150
2021-02-26,36400.0,36900.0,35900.0,36350.0,911006.0,-3.708609271523179,4430434450,268142750,23135962800,5274951850,6482755850,5538100,9837903500,16783294400,33109491850
2021-03-02,37000.0,37200.0,36350.0,37000.0,718560.0,1.7881705639614855,8748890250,23088000,9535513900,8096569650,7110624450,32285050,15257938800,4003213500,26404061800
2021-03-03,36700.0,37550.0,36600.0,37500.0,446769.0,1.3513513513513513,4683305450,302740750,9160084350,2461085900,2587964950,12000000,8180862150,5826389350,16607216450
2021-03-04,37150.0,37150.0,35950.0,36450.0,810717.0,-2.8000000000000003,7099501400,252746650,16531831850,5712959050,7897343250,26234300,9413413200,12260048200,29597038950
2021-03-05,35950.0,36150.0,35400.0,36000.0,549052.0,-1.2345679012345678,4244103300,58433950,10896178350,4466145350,6436038950,17397200,8597849550,4613575250,19664860950
2021-03-08,36500.0,37400.0,36200.0,36350.0,576770.0,0.9722222222222222,5239185100,63403050,11576395050,4325860800,3917915500,0,11868640100,5418288400,21204844000
2021-03-09,36600.0,38000.0,36300.0,38000.0,1279560.0,4.53920220082531,13386663950,363057050,23047650050,10808799800,6445309850,29440000,25200187650,15931233350,47606170850
2021-03-10,38500.0,38500.0,36700.0,37050.0,1051091.0,-2.5,7513000500,29935000,23219001900,8586271900,8290393000,64972600,14040983100,16951860600,39348209300
2021-03-11,37300.0,38550.0,37200.0,38050.0,1371296.0,2.699055330634278,18544782100,280346100,17462487550,16002201450,14947139400,49405650,24797216400,12496055750,52289817200
2021-03-12,38700.0,39150.0,38300.0,39050.0,1081889.0,2.628120893561104,12420929850,402582500,19869649300,7859154350,3655428350,39291550,21673660400,15183935700,40552316000
2021-03-15,39300.0,41150.0,38900.0,40350.0,1999652.0,3.329065300896287,30445220850,804377700,34700048950,15101659650,5047727100,501183650,58121698800,17380697600,81051307150
2021-03-16,40900.0,41250.0,40400.0,40850.0,884835.0,1.2391573729863694,9843532100,343444850,19784536300,6130268450,3562650300,318269750,21872325700,10348535950,36101781700
2021-03-17,41000.0,41050.0,39850.0,40750.0,795811.0,-0.24479804161566704,7131868550,446721800,18659579450,5924989150,5061309400,348255050,16989742750,9763851750,32163158950
2021-03-18,41100.0,41750.0,40600.0,40650.0,803809.0,-0.245398773006135,10323421550,535635350,14145150850,7999022150,3751313950,805301900,18495199150,9951414900,33003229900
2021-03-19,40150.0,41000.0,39700.0,40500.0,823966.0,-0.36900369003690037,8558920900,544518950,12792937200,11444746300,7899250300,84721550,11372431750,13984719750,33341123350
2021-03-22,40800.0,41000.0,40400.0,40800.0,799870.0,0.7407407407407408,13960436050,171727250,13039263000,5407048750,8557532500,175966950,14433094400,9411881200,32578475050
2021-03-23,41050.0,43500.0,41050.0,42200.0,3365817.0,3.431372549019608,41737363250,1581550750,72523166350,27253365900,20503629350,2115394600,99344649800,21131772500,143095446250
2021-03-24,42250.0,42350.0,41000.0,42250.0,1196899.0,0.11848341232227488,17072755600,848820850,29557729800,2619956200,12963810600,82153000,21789985600,15263313250,50099262450
2021-03-25,41900.0,42550.0,41550.0,42250.0,1040241.0,0.0,11278270800,180041550,26066916200,6291984200,9205031250,384912900,22497355300,11729913300,43817212750
2021-03-26,42650.0,43650.0,42650.0,43450.0,1424298.0,2.8402366863905324,23190216200,723581950,28963430850,8910020450,4383191550,1544893450,44150139850,11709024600,61787249450
2021-03-29,44000.0,44950.0,43600.0,44250.0,1837509.0,1.8411967779056386,23109911650,1278628500,46984085900,10192471850,9863341550,289331450,55446806800,15965618100,81565097900
2021-03-30,44850.0,45000.0,42550.0,42900.0,1949741.0,-3.050847457627119,10867775300,594670950,61716406800,11393436550,18781091550,388763500,50086960050,15315474500,84572289600
2021-03-31,42900.0,43700.0,42200.0,43000.0,1020695.0,0.2331002331002331,8924037500,431754700,25676059100,8995256400,6443064950,170812250,29743197200,7670033300,44027107700
2021-04-01,43400.0,43400.0,41500.0,41700.0,1600795.0,-3.0232558139534884,7691860900,1013761650,53299369950,5063493250,19154617250,486872850,32635254950,14791740700,67068485750
2021-04-02,41950.0,42150.0,40850.0,41850.0,1422215.0,0.3597122302158274,7825037450,515345000,47945330050,2356580750,16114511200,465738250,30590122100,11471921700,58642293250
2021-04-05,41800.0,42800.0,41550.0,42300.0,1303449.0,1.0752688172043012,9035969650,592894500,37391001050,8008682100,19305635050,924645200,30929453200,3868813850,55028547300
2021-04-06,42750.0,43100.0,42100.0,42300.0,1159491.0,0.0,7585947300,589996550,30519215350,10697243550,7125640700,652336800,33276595200,8337830050,49392402750
2021-04-07,42650.0,42700.0,41850.0,42650.0,782594.0,0.8274231678486997,8209454550,110035300,20759464150,4053305400,6092761300,70221000,20370324750,6598952350,33132259400
2021-04-08,43100.0,45900.0,42400.0,45400.0,4408925.0,6.447831184056271,46377242100,1517118850,88599040400,61261538250,33934032800,2592649550,149070837750,12157419500,197754939600
2021-04-09,45650.0,46350.0,44700.0,45450.0,1911508.0,0.11013215859030838,11600547350,527290050,50218057000,24582500350,15009915350,945075500,45700835200,25272568700,86928394750
2021-04-12,45600.0,45650.0,44150.0,44750.0,1092795.0,-1.54015401540154,11079685700,157943900,29259960950,8488922500,10003712250,369589950,30384347350,8228863500,48986513050
2021-04-13,45000.0,45000.0,43400.0,43700.0,1577508.0,-2.346368715083799,7559056200,661816550,51101893500,9867499550,22424686100,505534150,34996334500,11263711050,69190265800
2021-04-14,43700.0,44250.0,43300.0,44000.0,801091.0,0.6864988558352403,7194361300,389243300,20975825750,6620121400,7152809900,172074150,20455967450,7398700250,35179551750
2021-04-15,44050.0,44650.0,43750.0,44150.0,658721.0,0.3409090909090909,5439550800,110990100,15849103100,7687144950,5267238000,193863300,19002558450,4623129200,29086788950
2021-04-16,44650.0,45400.0,44300.0,44850.0,1021858.0,1.5855039637599093,8606777100,283064650,18664061800,18309906800,6373596550,378648550,33030016100,6081549150,45863810350
2021-04-19,45250.0,45650.0,44900.0,45500.0,774708.0,1.4492753623188406,4743780550,605220650,14557010100,15278872700,4197410950,283098750,28194139800,2510234500,35184884000
2021-04-20,45500.0,46300.0,45450.0,46000.0,936558.0,1.098901098901099,4574864850,231839750,21652104100,16649059850,8442662600,212912700,32198037550,2254255700,43107868550
2021-04-21,45750.0,46550.0,45400.0,46000.0,1146355.0,0.0,6487721100,428607850,23171775150,22691239500,11187260550,275587400,32161956550,9154539100,52779343600
2021-04-22,46400.0,46450.0,45900.0,46100.0,570776.0,0.21739130434782608,4762642750,279932500,11457752800,9809507000,4619529600,525103900,16650025650,4515175900,26309835050
2021-04-23,45900.0,46400.0,45450.0,46250.0,675512.0,0.32537960954446854,4473025700,200712300,12708875000,13728019100,5670090700,505228000,21330512950,3604800450,31110632100
2021-04-26,46500.0,47450.0,46200.0,47450.0,882220.0,2.5945945945945943,8984880300,1076541050,18539852000,12802301500,5238600900,579405800,31628750450,3956817700,41403574850
2021-04-27,47600.0,48400.0,46750.0,48300.0,949898.0,1.7913593256059008,8604890400,779081750,21629133850,14409828000,7091740350,1467195700,29691354000,7172643950,45422934000
2021-04-28,48500.0,48850.0,46550.0,47050.0,1165353.0,-2.587991718426501,6651531200,147095550,35549159900,12949742400,11180285700,161969350,34341737450,9613536550,55297529050
2021-04-29,46150.0,47800.0,45750.0,46800.0,1510795.0,-0.5313496280552604,12497203500,252595800,43657857500,14136504950,16476800000,183806600,40183160350,13700394800,70544161750
2021-04-30,46850.0,46900.0,44150.0,44150.0,1429768.0,-5.662393162393163,9038342250,179638100,42945761900,12372520800,12905384250,702885700,38322041350,12605951750,64536263050
2021-05-03,43600.0,44700.0,43100.0,43500.0,1067147.0,-1.4722536806342015,8121694150,146352650,25705427200,12648439750,10849295700,356786250,23628544800,11787287000,46621913750
2021-05-04,43400.0,43650.0,42300.0,43250.0,848264.0,-0.5747126436781609,9124984600,104049900,18157124900,8959168400,10647500500,244921600,16730668850,8722236850,36345327800
2021-05-06,43250.0,45200.0,42850.0,44950.0,941209.0,3.9306358381502893,13392803750,171776500,17780547400,10516949100,5187670400,311013150,24927305750,11436087450,41862076750
2021-05-07,45300.0,46150.0,45100.0,45650.0,665741.0,1.557285873192436,9281477350,107677150,16631669450,4377111600,4673610250,99379150,17536997750,8087948400,30397935550
2021-05-10,46300.0,46300.0,45550.0,46100.0,579507.0,0.9857612267250823,7619618550,70240100,13366242100,5604230200,5287819950,93888300,17110172200,4168450500,26660330950
2021-05-11,45750.0,46450.0,45300.0,46250.0,572929.0,0.32537960954446854,5618621250,172654600,14790461450,5700418550,8066641600,156161450,13755878750,4303474050,26282155850
2021-05-12,45800.0,46000.0,43450.0,43850.0,1404383.0,-5.189189189189189,10894766800,280500500,44639836400,6259413600,16794582350,345148300,26726687900,18208098750,62074517300
2021-05-13,42750.0,44300.0,42450.0,43450.0,906254.0,-0.9122006841505131,13887443100,164482100,15758660750,9594193450,16991251800,65744250,15978839700,6368943650,39404779400
2021-05-14,43850.0,44000.0,43200.0,43450.0,455864.0,0.0,8002474600,50608400,8276819950,3529872350,5940954950,525000,8117622100,5800673250,19859775300
2021-05-17,43450.0,43750.0,42400.0,42800.0,703595.0,-1.4959723820483315,6389236700,25025050,15502871200,8245096500,6951229150,54476250,12573984500,10582539550,30162229450
2021-05-18,43150.0,44350.0,42900.0,44200.0,679771.0,3.2710280373831773,11610132550,184549100,10102940600,7945084150,7590168050,65849150,15678009000,6508680200,29842706400
2021-05-20,43500.0,44500.0,43500.0,44400.0,416595.0,0.4524886877828055,5481821750,8625800,7442166300,5451605150,5678391100,36812800,8103211100,4565804000,18384219000
2021-05-21,44400.0,44850.0,43200.0,43700.0,557360.0,-1.5765765765765765,4318862350,36283200,13586592750,6456692700,6702697500,25581950,11800934050,5869217500,24398431000
2021-05-24,43450.0,44200.0,43050.0,43600.0,425391.0,-0.2288329519450801,7495868350,2051300,6223501050,4877516850,7628146150,103583150,8467318450,2399889800,18598937550
2021-05-25,44050.0,44100.0,42500.0,43150.0,845142.0,-1.0321100917431194,5798419100,51011100,25005413400,5557593950,13130584050,373854750,12512216450,10395782300,36412437550
2021-05-26,43200.0,43500.0,42850.0,43350.0,544752.0,0.4634994206257242,5449705500,21920500,11986146150,6059530350,5947750150,44336750,9205331900,8319883700,23517302500
2021-05-27,43550.0,44800.0,43200.0,44350.0,1581588.0,2.306805074971165,18882854700,303519900,27236029000,23523297600,7212944750,36218400,27436307900,35260230150,69945701200
2021-05-28,44550.0,44550.0,43700.0,44400.0,670615.0,0.11273957158962795,11965515700,24557100,11613189900,6115646750,3776063500,67118500,15485462750,10390264700,29718909450
2021-05-31,44100.0,45100.0,43250.0,44750.0,930694.0,0.7882882882882882,15801165200,63225300,17781487850,7539962850,7458282250,70340300,19383672550,14273546100,41185841200
2021-06-01,44900.0,45100.0,44350.0,44850.0,615245.0,0.22346368715083798,9130816900,167626950,12624838500,5622701000,5058500900,279386600,13888495300,8319600550,27545983350
2021-06-02,44850.0,46050.0,44500.0,45400.0,1089530.0,1.2263099219620959,12386415600,1039394000,23085080350,12973951700,7660090950,129917200,24689267300,17005566200,49484841650
2021-06-03,45600.0,45650.0,44050.0,44800.0,821360.0,-1.3215859030837005,7571086500,338677500,23579041750,5261079400,7966317850,51523650,13399803700,15332239950,36749885150
2021-06-04,44500.0,45700.0,44250.0,44800.0,578364.0,0.0,6638638700,183156750,11514051400,7722708950,5429444300,14328550,12942719300,7672063650,26058555800
2021-06-07,45000.0,45050.0,44350.0,44950.0,735431.0,0.33482142857142855,9256628500,98994400,10219555400,13352842350,7648610050,34606900,14395765700,10849038000,32928020650
2021-06-08,44950.0,45550.0,44250.0,44450.0,1063261.0,-1.1123470522803114,11529877500,149641900,28597353700,7488525200,15109727400,116006100,17193694250,15345970550,47765398300
2021-06-09,44500.0,44550.0,42600.0,42800.0,1508686.0,-3.712035995500562,8462757900,323205350,47618065850,8748937950,11690218300,121778800,20790241300,32550728650,65152967050
2021-06-10,42900.0,43150.0,41900.0,42650.0,1086132.0,-0.35046728971962615,17319932350,136589850,19878806150,8949104200,17269541850,9135600,13165510050,15840245050,46284432550
2021-06-11,42800.0,43200.0,42550.0,43100.0,407179.0,1.0550996483001172,6025906900,143638400,8304706150,2988019900,5873716350,85600000,6824638100,4678316900,17462271350
2021-06-14,43100.0,43100.0,42600.0,42850.0,262843.0,-0.580046403712297,2656085200,176478100,7224732750,1199413600,3659992900,31228400,5354321750,2211166600,11256709650
2021-06-15,42850.0,43150.0,42400.0,42500.0,389501.0,-0.8168028004667445,3007160250,45209650,12442845800,1134856650,5276854800,223666750,7163851250,3965699550,16630072350
2021-06-16,42500.0,42950.0,42400.0,42500.0,591699.0,0.0,5394477100,123459750,14917806450,4765311550,10271671350,68684700,9375729100,5484969700,25201054850
2021-06-17,42300.0,42500.0,41950.0,42150.0,607615.0,-0.823529411764706,4102284000,59016900,17522594150,3894412250,6630285600,101237100,14421238650,4425545950,25578307300
2021-06-18,42200.0,42300.0,41800.0,42000.0,501165.0,-0.3558718861209964,4699716650,171959000,12877501000,3304768550,5505975950,119397650,10227641050,5200930550,21053945200
2021-06-21,41800.0,41900.0,40650.0,41300.0,987458.0,-1.6666666666666667,3064666150,430083350,27743278800,9338871700,10633028950,79090650,17189803500,12674976900,40576900000
2021-06-22,41400.0,42000.0,41300.0,41900.0,449967.0,1.4527845036319613,4693291450,25483200,8935030100,5124030100,3714036100,8325000,11332635200,3722838550,18777834850
2021-06-23,42100.0,42400.0,41250.0,41350.0,525234.0,-1.3126491646778042,4420976150,91819050,16305729700,1034836250,6080270400,107879200,12381664900,3283546650,21853361150
2021-06-24,41400.0,41700.0,41000.0,41500.0,791586.0,0.36275695284159615,7075396150,311267700,18305482500,6973407400,12018389800,151581800,11740140050,8755442100,32665553750
2021-06-25,42200.0,42900.0,41900.0,42600.0,1086079.0,2.6506024096385543,12757788800,414882250,24583420650,8396909850,5798338100,873712450,28274652850,11206298150,46153001550
2021-06-28,42950.0,44200.0,42650.0,43800.0,1349719.0,2.8169014084507045,13925400300,694420900,32073671350,12247470200,6459968900,746483550,43907834150,7826676150,58940962750
2021-06-29,43900.0,43900.0,42650.0,43100.0,924507.0,-1.5981735159817352,6533537150,324211650,29140616000,3836796900,7803838850,141205850,17662103800,14228013200,39835161700
2021-06-30,43250.0,43500.0,42750.0,42900.0,594872.0,-0.46403712296983757,3533828500,73180250,18638479750,3358303650,8202339600,235171200,11720560500,5445720850,25603792150
2021-07-01,43050.0,43150.0,42100.0,42300.0,747700.0,-1.3986013986013985,4601052850,206713050,22503688100,4406219200,9706043800,233752100,14366798100,7411079200,31717673200
2021-07-02,42350.0,43800.0,42350.0,43600.0,1043036.0,3.0732860520094563,13137144550,754270750,17682750750,13784851450,7928263600,175746800,31682405450,5572601650,45359017500
2021-07-05,43900.0,44000.0,43500.0,43850.0,680139.0,0.573394495412844,9861359150,157521350,17593222000,2188617100,4013058100,62294100,18357142950,7368224450,29800719600
2021-07-06,44000.0,44600.0,43600.0,43700.0,808584.0,-0.34207525655644244,8110702150,488168850,21836845750,5183295350,6596525950,538730300,23251271550,5232484300,35619012100
2021-07-07,43400.0,43450.0,42500.0,42950.0,544441.0,-1.7162471395881007,5639136600,265371600,15200324400,2314229450,5752997950,247104600,10793050050,6625909450,23419062050
2021-07-08,42950.0,43400.0,41950.0,42150.0,850648.0,-1.8626309662398137,7811605050,664973200,21779125950,5810283650,16365591500,135963700,13799738100,5764694550,36065987850
2021-07-09,41550.0,42300.0,41250.0,42050.0,742274.0,-0.2372479240806643,11097846550,88941950,14266060900,5520213350,7564444450,1247077550,14112351650,8049189100,30973062750
2021-07-12,42500.0,44000.0,42300.0,43600.0,1061529.0,3.686087990487515,11839538350,115996300,16747818300,17444898400,5088251850,220641100,33762535950,7076822450,46148251350
2021-07-13,44050.0,44400.0,43900.0,44300.0,844350.0,1.6055045871559634,14725546950,243367300,14371560850,7702882600,4862757150,398899500,27104765200,4676935850,37043357700
2021-07-14,43950.0,44850.0,43700.0,44200.0,657996.0,-0.2257336343115124,6871635050,635397650,14364688650,7295063200,4598732000,805672350,17051429050,6710951150,29166784550
2021-07-15,44200.0,44550.0,43500.0,44000.0,490478.0,-0.4524886877828055,7048857450,264478400,10970427900,3250878400,5346686750,23241850,9975866600,6188846950,21534642150
2021-07-16,43700.0,44250.0,43550.0,43900.0,403574.0,-0.22727272727272727,6301848850,40633900,7589178300,3789582800,5507431800,48466700,9131530600,3033814750,17721243850
2021-07-19,43550.0,43750.0,43100.0,43450.0,475178.0,-1.0250569476082005,8838145800,82156700,8433992350,3277040050,5919759950,51662450,8905414700,5754497800,20631334900
2021-07-20,43000.0,44100.0,42900.0,43650.0,606701.0,0.46029919447640966,8847193850,29571950,13846077750,3741943500,3884243550,58497550,17123698950,5398347000,26464787050
2021-07-21,44000.0,45050.0,43550.0,44250.0,919630.0,1.3745704467353952,12624912850,144142050,17442915300,10715704100,6401400200,392734050,26685983850,7447556200,40927674300
2021-07-22,44450.0,44650.0,44050.0,44300.0,580942.0,0.11299435028248588,6819933150,135127500,15134333450,3664853000,2736957650,118218650,11081908700,11817162100,25754247100
2021-07-23,44350.0,44600.0,43800.0,44200.0,462752.0,-0.2257336343115124,6929162750,36083700,9256695800,4253275850,3448855400,121940650,13889319200,3015102850,20475218100
2021-07-26,44450.0,44750.0,43600.0,43600.0,557922.0,-1.3574660633484164,5629609350,176422400,11136702000,7552900450,5337721050,213512100,14357786400,4586614650,24495634200
2021-07-27,43650.0,44500.0,43650.0,44000.0,489402.0,0.9174311926605505,6581711700,78566400,5926778450,9028976700,3192855150,51418350,11715096300,6656663450,21616033250
2021-07-28,44000.0,45400.0,43850.0,44800.0,1221279.0,1.8181818181818181,16249698350,425292050,23795410250,14316188050,8027413200,718498350,39120242150,6920435000,54786588700
2021-07-29,45200.0,45450.0,44450.0,45050.0,866401.0,0.5580357142857143,18830174150,534309100,13920204900,5754437350,5405255050,1261050650,22382984850,9989834950,39039125500
2021-07-30,44950.0,45050.0,43900.0,44050.0,866785.0,-2.2197558268590454,11557258350,285985600,16602565100,10012087300,7619884750,54084250,13903440850,16880486500,38457896350
2021-08-02,44250.0,44450.0,43350.0,43900.0,491155.0,-0.340522133938706,4408667100,199740600,11718733300,5210538800,5215946650,17309800,9556567650,6747855700,21537679800
2021-08-03,43700.0,44300.0,43250.0,43850.0,460948.0,-0.11389521640091116,4665642050,162877950,10126688850,5171110200,6932446000,132242850,8024848850,5036781350,20126319050
2021-08-04,43650.0,44150.0,43400.0,44050.0,376383.0,0.45610034207525657,6320517800,94773000,7363863450,2687134650,5970040100,0,8183477300,2312771500,16466288900
2021-08-05,44000.0,44150.0,43650.0,43700.0,295712.0,-0.7945516458569807,4465310900,70959100,6714133350,1712699850,3237818200,88788800,5748039350,3888456850,12963103200
2021-08-06,43800.0,43950.0,43200.0,43450.0,343693.0,-0.5720823798627002,3422748800,55450900,8940970800,2534182850,5320303600,66133650,6399677700,3167238400,14953353350
2021-08-09,43050.0,43250.0,42550.0,42600.0,523303.0,-1.9562715765247412,2833296100,190501950,16279419600,3114940200,7440776650,140977250,10267838800,4568565150,22418157850
2021-08-10,42600.0,42750.0,41850.0,42050.0,521260.0,-1.2910798122065728,3110766450,111829450,13537047100,5220159000,5511337050,192406900,12154849500,4121208550,21979802000
2021-08-11,42150.0,42700.0,41900.0,42150.0,396758.0,0.23781212841854932,4954423600,67404950,7205934550,4511513050,5364548900,186460250,7782788150,3405478850,16739276150
2021-08-12,42200.0,42900.0,42200.0,42350.0,477966.0,0.4744958481613286,6641005250,11435900,6414486200,7281653250,9860643250,234121800,7557588150,2696227400,20348580600
2021-08-13,42200.0,42850.0,41150.0,41750.0,527446.0,-1.4167650531286895,5319269100,219878400,11268898200,5180143450,5354507750,39236750,11185689500,5408755150,21988189150
2021-08-17,41900.0,42000.0,39950.0,40400.0,609886.0,-3.2335329341317367,6102617350,140010400,13709394350,4800219200,6695791450,6022350,10593731600,7456695900,24752241300
2021-08-18,40050.0,41150.0,40000.0,40950.0,354696.0,1.3613861386138615,5468679150,1656500,4691789800,4282485450,5303749250,116452650,5921166550,3103242450,14444610900
2021-08-19,40550.0,40550.0,38950.0,39200.0,584004.0,-4.273504273504273,4041247600,318214950,14686328750,4044890550,6181406250,101933150,10972072900,5835269550,23090681850
2021-08-20,39300.0,39650.0,38350.0,38500.0,496456.0,-1.7857142857142856,7077433250,147921000,8210696850,3829466550,5596494150,274822650,8839286400,4554914450,19265517650
2021-08-23,39100.0,39650.0,38300.0,38900.0,408149.0,1.0389610389610389,5566316600,93022650,6190656850,4101375150,6496280700,15987550,5506333500,3932769500,15951371250
2021-08-24,39300.0,40900.0,39300.0,40700.0,520634.0,4.627249357326478,10016897450,59090850,5207474000,5771627050,2365985400,186131350,12859742900,5643229700,21055089350
2021-08-25,40950.0,41800.0,40500.0,40950.0,458544.0,0.6142506142506142,7904125050,73570000,6804414250,4034440150,4599143050,131113200,7804590300,6281702900,18816549450
2021-08-26,40950.0,41150.0,40100.0,40550.0,415158.0,-0.9768009768009768,4700013500,97263350,6753138100,5273195000,6682236750,35654300,5369715000,4736003900,16823609950
2021-08-27,40450.0,41400.0,40250.0,40900.0,534911.0,0.8631319358816275,6327185350,94941350,4652891350,10710219350,3077542550,170906700,8701210500,9835577650,21785237400
2021-08-30,41400.0,44200.0,41400.0,43700.0,1809128.0,6.845965770171149,33256095550,976387000,29139503200,15428823200,9461863950,658139300,60675458950,8005346750,78800808950
2021-08-31,44250.0,44850.0,43550.0,44750.0,1219827.0,2.402745995423341,14455321650,308957500,23040544950,16256141950,11026637650,250989300,32369118850,10414220250,54060966050
2021-09-01,44550.0,44950.0,44100.0,44650.0,543349.0,-0.22346368715083798,6716648900,216966250,10817396850,6475936450,5414952850,352579100,13463653900,4995762600,24226948450
2021-09-02,44500.0,44950.0,44000.0,44750.0,536880.0,0.22396416573348266,6764861350,271804100,11216508900,5655361100,8409084500,228347100,12226697950,3044405900,23908535450
2021-09-03,45000.0,45600.0,44450.0,45250.0,704737.0,1.1173184357541899,12288072700,461367900,9612009900,9432256400,5591050200,341488500,20787158750,5074009450,31793706900
2021-09-06,45400.0,46000.0,44950.0,45400.0,689670.0,0.3314917127071823,16254395650,367273300,10402588250,4388429000,6571374800,874261700,17273683300,6693366400,31412686200
2021-09-07,45550.0,46050.0,45300.0,45850.0,500949.0,0.9911894273127754,11364776100,86585000,7958323800,3489231450,4648753650,205465350,15711979700,2332717650,22898916350
2021-09-08,45750.0,45800.0,44600.0,44800.0,777007.0,-2.2900763358778624,9199281350,406131250,13954702500,11458759500,8144083650,539014850,17650862550,8684913550,35018874600
2021-09-09,44750.0,45100.0,44200.0,44200.0,665619.0,-1.3392857142857142,8315384200,89823000,9426999200,11795515650,11771030200,97053650,11811918400,5947719800,29627722050
2021-09-10,44200.0,45200.0,43750.0,45000.0,551039.0,1.809954751131222,9927197500,220971550,10034365500,4391647100,3766921950,16837600,11488427800,9301994300,24574181650
2021-09-13,44700.0,45000.0,43650.0,44500.0,511693.0,-1.1111111111111112,6390881900,256922650,8546962450,7436773950,5409216700,25659350,11121495850,6075169050,22631540950
2021-09-14,44800.0,45450.0,44450.0,44750.0,558870.0,0.5617977528089888,8707086200,68943950,9928542800,6399929150,4922378150,233322900,10240836550,9707964500,25104502100
2021-09-15,44350.0,45600.0,44100.0,45000.0,591353.0,0.5586592178770949,8947302250,301650950,9416278450,8043231200,4516757550,928481200,16085070400,5178153700,26708462850
2021-09-16,45800.0,47350.0,45800.0,46100.0,1342253.0,2.4444444444444446,15401987100,505791700,31432068750,14978544800,11331139700,603731600,39768203350,10615317700,62318392350
2021-09-17,46150.0,46500.0,45400.0,46150.0,747169.0,0.10845986984815618,11915913200,560901600,11438498150,10512258950,6411500300,74661400,10700065600,17241344600,34427571900
2021-09-23,45350.0,45450.0,44450.0,44950.0,645554.0,-2.600216684723727,5113230700,513163300,16270230950,7074038050,8940705400,75394500,14992522000,4962041100,28970663000
2021-09-24,45000.0,45400.0,43900.0,44400.0,548438.0,-1.2235817575083427,6447890450,400145200,11175975250,6332900650,6588019500,53068600,9706711950,8009111500,24356911550
2021-09-27,44050.0,44800.0,43650.0,44150.0,467956.0,-0.5630630630630631,8124440700,32277000,7317622650,5241045500,5741228650,22452100,9140717100,5810988000,20715385850
2021-09-28,43900.0,44000.0,43050.0,43250.0,510776.0,-2.0385050962627407,5443309950,181538250,9672602350,6862854100,7284697650,26760800,11158963400,3689882800,22160304650
2021-09-29,42200.0,43100.0,41850.0,42450.0,579097.0,-1.8497109826589597,7528011400,213002250,11705834400,5039302400,9560697850,849881300,8633291450,5442279850,24486150450
2021-09-30,42450.0,43150.0,42100.0,42750.0,356835.0,0.7067137809187279,4996990900,116944200,5435676900,4680488300,4270728800,81049500,5621439800,5256882200,15230100300
2021-10-01,42500.0,42500.0,41100.0,41550.0,428832.0,-2.807017543859649,3378000600,177273750,9803211150,4502267650,5071685400,363919900,8414274650,4010873200,17860753150
2021-10-05,40850.0,42050.0,40600.0,41550.0,488570.0,0.0,8621158850,106400250,7134547750,4318467200,3809101750,161117800,6951550150,9258804350,20180574050
2021-10-06,41750.0,42250.0,40000.0,40200.0,642424.0,-3.2490974729241873,11198336500,258938600,10425551850,4298226200,10361288500,288760200,7568272250,7962732200,26181053150
2021-10-07,40700.0,42000.0,40400.0,41750.0,480224.0,3.8557213930348255,12988924900,44955000,4609719450,2300780000,5865247250,65594800,7796235000,6217302300,19944379350
2021-10-08,42000.0,42050.0,40750.0,40950.0,453828.0,-1.9161676646706587,5545883350,62628950,9954119600,3133989350,9399447550,39914200,3240401850,6016857650,18696621250
2021-10-12,40900.0,41350.0,40150.0,40950.0,406190.0,0.0,6300123650,25028150,3669666150,6516740300,6584716500,39938700,4482435100,5404467950,16511558250
2021-10-13,40950.0,41600.0,40500.0,41600.0,351181.0,1.5873015873015872,6338909600,76776050,4797214050,3235736000,3785508100,65095300,3808763700,6789268600,14448635700
2021-10-14,41750.0,42100.0,41350.0,41950.0,614194.0,0.8413461538461539,13248766650,4369000,6669305150,5755126900,12421306550,27735250,4805818550,8422707350,25677567700
2021-10-15,42200.0,42750.0,41950.0,42500.0,348049.0,1.3110846245530394,7507489200,255300,3687290200,3573658000,4711099450,63936850,6332173900,3661482500,14768692700
2021-10-18,42200.0,42250.0,41250.0,41650.0,492232.0,-2.0,5160044700,10200450,9603294700,5721976750,8569927300,82436750,4626069900,7217082650,20495516600
2021-10-19,41800.0,41900.0,41150.0,41650.0,316026.0,0.0,4340322550,19895400,3939837600,4803350750,4468889050,13225200,4690447200,3930844850,13103406300
2021-10-20,41700.0,41850.0,40750.0,41150.0,356196.0,-1.2004801920768309,4329802200,21128550,6457291750,3852664300,4502821100,109163350,5034936650,5013965700,14660886800
2021-10-21,41200.0,41900.0,41100.0,41600.0,465647.0,1.0935601458080195,4250715000,4125000,3444887650,11660508800,4496001000,418203550,5416110100,9029921800,19360236450
2021-10-22,41350.0,41450.0,40700.0,41250.0,352111.0,-0.8413461538461539,5977585750,4284150,5961792700,2530850100,6219358550,81775000,5015948850,3157430300,14474512700
2021-10-25,40900.0,41700.0,40750.0,41600.0,242418.0,0.8484848484848486,4597390500,531900,3301817250,2078855400,4116537000,24987800,4524003000,1313067250,9978595050
2021-10-26,41750.0,42500.0,41600.0,42350.0,429591.0,1.8028846153846152,10406682350,62336300,5120582500,2499915950,4249647250,147069700,8947208150,4745592000,18089517100
2021-10-27,42250.0,42450.0,41200.0,41400.0,523612.0,-2.2432113341204247,6947282500,27606500,9328453700,5474324500,7400045550,125462150,5452475900,8799683600,21777667200
2021-10-28,40700.0,42550.0,40700.0,41250.0,896030.0,-0.36231884057971014,19019275000,91504000,9950537300,8397033100,14978155400,43558050,12622824950,9813811000,37458349400
2021-10-29,42000.0,42100.0,41200.0,41350.0,419899.0,0.24242424242424243,3973691400,837000,7380913250,6115472450,4454221450,89605400,6451555850,6475531400,17470914100
2021-11-01,41450.0,42550.0,41350.0,41850.0,344003.0,1.2091898428053205,5011525550,26347100,4760777450,4677692300,2313325450,16950000,7642452900,4503614050,14476342400
2021-11-02,41950.0,43150.0,41950.0,42800.0,422656.0,2.2700119474313025,10668000400,33662200,3732380550,3608802000,2521115750,45376200,11858677250,3617675950,18042845150
2021-11-03,42950.0,43300.0,42300.0,42450.0,319117.0,-0.8177570093457943,5301507950,4417800,5477611350,2834436900,4212688800,33697050,4531683450,4839904700,13617974000
2021-11-04,42600.0,43250.0,41750.0,42150.0,478360.0,-0.7067137809187279,8077020150,1432000,7170156400,4987345550,5472903550,11367750,9656968800,5094714000,20235954100
2021-11-05,42050.0,42300.0,40850.0,41700.0,587562.0,-1.0676156583629894,9246417350,58517550,9608697200,5357051100,11665884600,78257150,8044881950,4481659500,24270683200
2021-11-08,41750.0,42350.0,41000.0,42150.0,324214.0,1.079136690647482,5981719900,34554200,4482423450,3043075950,5824392600,80224300,5624603800,2012552800,13541773500
2021-11-09,42100.0,42550.0,41450.0,41900.0,339023.0,-0.5931198102016607,4802926550,10528050,5689712500,3681899050,4444524950,51343750,5891514050,3797683400,14185066150
2021-11-10,41700.0,41800.0,40450.0,41150.0,558566.0,-1.7899761336515514,4685904000,98662300,10673881100,7390049150,10174258500,0,8307120700,4367117350,22848496550
2021-11-11,40550.0,40950.0,39400.0,39850.0,779533.0,-3.1591737545565004,8732822400,184597250,19858296400,2326624800,15568342100,346362900,8040729100,7146906750,31102340850
2021-11-12,39950.0,41400.0,39950.0,41100.0,443142.0,3.136762860727729,6536288950,60736500,4685003150,6866476500,3469026350,62316300,12193409800,2423752650,18148505100
2021-11-15,41250.0,42150.0,41050.0,42100.0,352807.0,2.4330900243309004,5282211700,30474000,2169406250,7240369700,2402290250,470552000,9188228950,2661390450,14722461650
2021-11-16,41900.0,42000.0,41200.0,41600.0,315684.0,-1.187648456057007,3108067450,1449800,3992978700,5988251450,3280145350,8290000,4926108250,4876203800,13090747400
2021-11-17,41250.0,41650.0,40150.0,40350.0,427701.0,-3.0048076923076925,2453379600,82501400,12674317100,2128796750,7571751850,4110400,5427874400,4335258200,17338994850
2021-11-18,40350.0,40650.0,40050.0,40400.0,211611.0,0.12391573729863693,3349649200,10873100,3150804850,2034006750,2550330850,243400,3432890950,2561868700,8545333900
2021-11-19,40350.0,40750.0,40000.0,40100.0,360556.0,-0.7425742574257426,3250616800,97097750,8195478800,2952905850,6704011050,21338150,5003424600,2767325400,14496099200
2021-11-22,39600.0,40450.0,39600.0,40300.0,431192.0,0.4987531172069825,6028839150,12054700,8967930800,2238475500,5636651200,92495100,7898978950,3619174900,17247300150
2021-11-23,40100.0,40450.0,39550.0,39550.0,373837.0,-1.8610421836228286,2113609750,27619500,9841351900,2912544850,6163104100,22230800,4398759000,4311032100,14895126000
2021-11-24,39650.0,40050.0,39100.0,39500.0,330255.0,-0.12642225031605564,1858890750,120747900,7450058050,3603491800,5735023850,28204000,4749617250,2520343400,13033188500
2021-11-25,39500.0,39700.0,38900.0,39050.0,317337.0,-1.139240506329114,2635832100,322779000,6784880050,2689270600,6462973900,1015700,3336119400,2632652750,12432761750
2021-11-26,38950.0,39150.0,38300.0,38450.0,337550.0,-1.5364916773367476,3653541150,116558150,7319715350,1950024950,4067893000,26432350,6548281350,2397232900,13039839600
2021-11-29,37750.0,38350.0,37550.0,37650.0,393981.0,-2.080624187256177,5740791050,121237700,5874397350,3180650550,3189343250,456144350,6785790600,4485798450,14917076650
2021-11-30,38100.0,38400.0,36500.0,36700.0,625000.0,-2.5232403718459495,4508087450,92249600,6311004050,12299503000,4379503100,20408200,6097860500,12713072300,23210844100
2021-12-01,36500.0,38150.0,36400.0,37600.0,466610.0,2.452316076294278,8203780750,4270400,4242205800,4992976800,6151996700,54321950,5104898450,6132016650,17443233750
2021-12-02,36950.0,39150.0,36800.0,39100.0,413554.0,3.9893617021276597,6378502850,9069200,3383638600,6051051150,5075820300,19158750,6425986100,4301296650,15822261800
2021-12-03,39050.0,39800.0,38600.0,39650.0,335817.0,1.4066496163682864,8712596200,164929600,2928263250,1437349200,3926543100,53135100,6176621450,3086838600,13243138250
2021-12-06,39650.0,40750.0,39200.0,40350.0,535725.0,1.7654476670870116,16332260500,88517100,3299093650,1872184800,5907470800,183147350,11857116400,3644321500,21592056050
2021-12-07,40750.0,41000.0,40450.0,40950.0,313824.0,1.486988847583643,6135229550,0,3205115850,3457778400,4360670050,156732300,6147330800,2133390650,12798123800
2021-12-08,41050.0,41350.0,40700.0,41000.0,363559.0,0.1221001221001221,7548972550,0,2636187150,4720120100,6188076650,65094000,6720376600,1931732550,14905279800
2021-12-09,41100.0,41150.0,40400.0,40800.0,431101.0,-0.4878048780487805,12135349900,1347100,3098211050,2339412400,10377079900,23011200,3190639200,3983590150,17574320450
2021-12-10,40500.0,41200.0,40300.0,41000.0,254718.0,0.49019607843137253,6149751750,14749200,1266069300,2998462450,2710180900,66178400,5774817750,1877855650,10429032700
2021-12-13,41050.0,41500.0,41000.0,41100.0,243779.0,0.24390243902439024,4563063550,0,2184865100,3320328300,1337731050,55923600,5911353850,2763248450,10068256950
2021-12-14,40900.0,41500.0,40300.0,41100.0,293076.0,0.0,4047577000,107125900,3439186400,4378045850,2366805400,0,6842738700,2762391050,11971935150
2021-12-15,40600.0,41950.0,40600.0,41500.0,342069.0,0.9732360097323601,8205655450,96901200,3310271050,2600069650,2879146150,27222500,7562682000,3743846700,14212897350
2021-12-16,41700.0,41800.0,40950.0,41550.0,238953.0,0.12048192771084339,4775272200,0,3451012500,1666861200,2348753350,40174000,3504817800,3999400750,9893145900
2021-12-17,41500.0,42250.0,41100.0,41850.0,292579.0,0.7220216606498195,5769052950,0,1952034400,4537412450,1504703300,28030800,7600790200,3124975500,12258499800
2021-12-20,41650.0,41650.0,40750.0,41100.0,212457.0,-1.7921146953405016,3795998450,20902600,3174861400,1747137600,4085445600,0,2991562150,1661892300,8738900050
2021-12-21,41100.0,41750.0,40950.0,41400.0,273279.0,0.7299270072992701,6230879200,14963450,1922857050,3142689350,3243401800,16467000,5430713600,2620806650,11311389050
2021-12-22,41350.0,41900.0,41150.0,41400.0,222789.0,0.0,5330405450,434875000,1956591450,1524250400,3661513900,17585000,4244087050,1322936350,9246122300
2021-12-23,41800.0,42000.0,41200.0,41400.0,305174.0,0.0,6050096350,862240000,2476755400,3260203900,4533246850,0,6358473550,1757575250,12649295650
2021-12-24,41500.0,42000.0,41400.0,41800.0,224620.0,0.966183574879227,4260500600,4165000,2975839600,2128175750,2612685550,4456850,5761163500,990375050,9368680950
2021-12-27,41900.0,41900.0,40900.0,41250.0,327770.0,-1.3157894736842104,4372434050,34845450,6666923900,2451940600,5002976100,0,7407497600,1115670300,13526144000
2021-12-28,41200.0,41650.0,40700.0,41350.0,493289.0,0.24242424242424243,9260397950,108680400,6568445050,4295013600,5773861700,18319550,10877492850,3562862900,20232537000
2021-12-29,41250.0,41300.0,40200.0,40500.0,482264.0,-2.0556227327690446,5716386650,31629700,10373763950,3460654200,11392866900,0,3875290300,4314277300,19582434500
2021-12-30,40550.0,40550.0,39350.0,39600.0,510104.0,-2.2222222222222223,5249408900,11415550,10129450450,4883069850,9322988750,83360000,6088703850,4778292150,20273344750
2022-01-03,39600.0,40200.0,39600.0,40050.0,272913.0,1.1363636363636365,3500367150,39600,3814243700,3583089100,5445328100,16820150,3854401100,1581190200,10897739550
2022-01-04,40100.0,41600.0,39700.0,41500.0,501580.0,3.620474406991261,7539836350,419594250,8340005000,4164415300,3743832150,8447350,12606190350,4105381050,20463850900
2022-01-05,41200.0,42900.0,41000.0,42700.0,1059738.0,2.891566265060241,26155191600,1673553950,13182780900,3793408250,10863473750,311461750,25714503500,7915495700,44804934700
2022-01-06,42250.0,44200.0,41950.0,43750.0,1069284.0,2.459016393442623,25503890600,1343438800,13469865850,6296894100,10562132400,1225509000,28841538700,5984909250,46614089350
2022-01-07,43650.0,44700.0,43150.0,44350.0,869943.0,1.3714285714285714,15142218400,1199052450,15695721950,6231911700,11063963750,320094400,18385234050,8499612300,38268904500
2022-01-10,44350.0,45250.0,43750.0,44350.0,658017.0,0.0,10693908000,429732600,9373527800,8707891350,10267611000,56995250,14590926250,4289527250,29205059750
2022-01-11,43800.0,44800.0,43300.0,43850.0,652084.0,-1.1273957158962795,9819823100,208935800,10810590600,7702114200,13963124350,13891150,9968748700,4595699500,28541463700
2022-01-12,43700.0,44000.0,42650.0,43850.0,747879.0,0.0,10636832100,416862050,12252183100,9049292300,13148669950,163200650,9433935650,9609363300,32355169550
2022-01-13,43300.0,44900.0,43150.0,44500.0,828327.0,1.4823261117445838,15431064500,43597600,7011087950,14211489750,14584617300,133813200,13262585850,8716223450,36697239800
2022-01-14,44450.0,44650.0,42600.0,43000.0,602460.0,-3.3707865168539324,6370624900,35245100,11749693600,7962292350,16763780600,454696400,6833203000,2066175950,26117855950
2022-01-17,42700.0,43150.0,42200.0,42800.0,363682.0,-0.46511627906976744,7811472200,85518050,4019202650,3567106450,7996271250,34304750,3725732800,3726990550,15483299350
2022-01-18,42950.0,43050.0,39500.0,40400.0,2004702.0,-5.607476635514018,25993733050,316466650,36524068050,17863495550,38136872300,2474417250,24630466300,15456007450,80697763300
2022-01-19,39800.0,41300.0,39750.0,40700.0,709989.0,0.7425742574257426,15995181500,36879550,6121020500,6775700850,6957544650,8998000,12657797100,9304442650,28928782400
2022-01-20,40700.0,41850.0,40650.0,41200.0,548412.0,1.2285012285012284,9771111000,95065500,5455501550,7293849550,5893077350,102774050,6911655900,9708020300,22615527600
2022-01-21,40600.0,40950.0,39350.0,39850.0,943278.0,-3.2766990291262137,10304001100,353552300,16138172950,10859740900,14026910550,84924450,15404140500,8139491750,37655467250
2022-01-24,39850.0,40500.0,39450.0,40000.0,767204.0,0.37641154328732745,14229024650,43825200,9780171200,6585754350,12487042100,59308600,10148930250,7943494450,30638775400
2022-01-25,40100.0,40150.0,38600.0,39050.0,504514.0,-2.375,7813192750,65857350,7753407350,4130129100,5416554100,0,5427111600,8918920850,19762586550
2022-01-26,39200.0,39850.0,38650.0,38650.0,329775.0,-1.0243277848911652,4840710750,11363850,5080777150,2982689200,4366169050,0,4540322000,4009049900,12915540950
2022-01-27,38800.0,39000.0,36450.0,37100.0,781786.0,-4.010349288486417,9072167800,82183900,13663929150,6133799650,13667820350,265375700,5603207350,9415677100,28952080500
2022-01-28,37050.0,39650.0,36950.0,39250.0,649859.0,5.795148247978436,12558380150,36218750,7179650550,5341604900,5849600150,289996450,11533486150,7442771600,25115854350
2022-02-03,39800.0,39900.0,38950.0,39250.0,459431.0,0.0,7463353000,177229700,6936819900,3511585800,5423812500,36462300,5481968600,7146745000,18088988400
2022-02-04,39250.0,40950.0,38900.0,40650.0,579329.0,3.56687898089172,10545004800,56920250,3763046350,8935936250,3703176900,156691750,8514896400,10926142600,23300907650
2022-02-07,40450.0,40500.0,38950.0,39450.0,543967.0,-2.952029520295203,5385622350,55274650,9480067800,6571010600,10831500050,94799650,5364797400,5200878300,21491975400
2022-02-08,39800.0,39950.0,38900.0,39350.0,475501.0,-0.25348542458808615,7423096900,898950,5660830050,5604059500,8349473400,2277350,5545423450,4791711200,18688885400
2022-02-09,39700.0,40650.0,39450.0,40400.0,338734.0,2.6683608640406606,6148902100,0,2747429100,4711090100,2818124300,111903800,7739432950,2937960250,13607421300
2022-02-10,40250.0,41350.0,39850.0,40550.0,443024.0,0.3712871287128713,5360283250,34388100,3771438600,8816771500,6739719800,60489550,7084699650,4097972450,17982881450
2022-02-11,40100.0,40450.0,39300.0,39400.0,379238.0,-2.8360049321824907,3667956700,55605750,7165149200,4151556600,4287462850,159332750,3899838250,6693634400,15040268250
2022-02-14,39100.0,39100.0,38400.0,38450.0,463469.0,-2.4111675126903553,5049371700,18297600,5506970450,7309802500,6493848500,25550950,3386675750,7978367050,17884442250
2022-02-15,38750.0,39200.0,37900.0,38350.0,413742.0,-0.26007802340702213,6152233000,14814300,4093984950,5636092250,5771772950,926615550,3872508900,5326227100,15897124500
2022-02-16,38850.0,39300.0,38600.0,38900.0,259619.0,1.4341590612777053,3910060850,12359250,4083201650,2104958800,3813443050,215694250,3223821000,2857622250,10110580550
2022-02-17,39200.0,40150.0,38550.0,39250.0,497925.0,0.8997429305912596,10408073300,43616900,4711317100,4527029900,8203930150,375641200,7591872250,3518593600,19690037200
2022-02-18,39000.0,40200.0,38750.0,39900.0,386440.0,1.6560509554140128,7107779750,60562500,3174589500,5005862300,6267435900,362294250,4743294400,3975769500,15348794050
2022-02-21,39400.0,41200.0,39150.0,41150.0,545588.0,3.132832080200501,12937373050,52575050,4052982650,5184528200,4777496550,303194700,12281438250,4865329450,22227458950
2022-02-22,40600.0,41150.0,40300.0,40650.0,330101.0,-1.2150668286755772,6447751150,0,4120464000,2849583150,4557968450,81700,3807930050,5051818100,13417798300
2022-02-23,41000.0,42300.0,40800.0,41900.0,504518.0,3.075030750307503,10265753050,515166750,6804300700,3448390850,4793367450,155024600,10527590150,5557629150,21033611350
2022-02-24,41250.0,42300.0,41100.0,41500.0,513613.0,-0.9546539379474941,7192586100,6376398450,4432559500,3354458000,7578079750,688315850,8678505750,4411100700,21356002050
2022-02-25,41850.0,42500.0,41400.0,41850.0,366487.0,0.8433734939759037,8055635500,999298400,4149608400,2135717850,5344092850,18570300,4978821450,4998775550,15340260150
2022-02-28,41750.0,43200.0,41450.0,42850.0,773048.0,2.3894862604540026,11642286550,251967900,5305989750,15566708300,13387616750,395491050,12934093400,6049751300,32766952500
2022-03-02,43000.0,43400.0,42700.0,43050.0,359602.0,0.4667444574095682,5717982600,56050000,3865898350,5837548950,4226487750,177636050,6326233650,4747122450,15477479900
2022-03-03,43550.0,44800.0,43500.0,44400.0,900949.0,3.1358885017421603,20341936550,199907300,9487793600,9897544150,7422187100,636712800,20917713000,10950568700,39927181600
2022-03-04,44050.0,44750.0,43850.0,44550.0,486461.0,0.33783783783783783,9853242350,23140300,5988432300,5724025500,3702460450,62170050,8956108850,8868101100,21588840450
2022-03-07,44150.0,44900.0,43750.0,44200.0,638989.0,-0.7856341189674524,8249394550,127961050,11363103850,8489843850,10709747350,606908350,9080691000,7832956600,28230303300
2022-03-08,43850.0,44050.0,42250.0,42800.0,871284.0,-3.167420814479638,11298213400,403178950,12588240850,13131328950,14973777150,432960550,10622467900,11391756550,37420962150
2022-03-10,45000.0,46450.0,44300.0,46300.0,2280198.0,8.177570093457943,31723558400,653577500,30616695950,41423711650,28010604150,1181649150,53925890400,21299399800,104417543500
2022-03-11,46500.0,47700.0,45800.0,47450.0,1225067.0,2.4838012958963285,11763649750,1537541150,28959724600,14985348100,8375312500,360849450,35622256900,12887844750,57246263600
2022-03-14,47750.0,49550.0,47550.0,48200.0,1469205.0,1.5806111696522658,12942070750,647844850,36587845250,20982502300,20860854700,807720750,34664420900,14827266800,71160263150
2022-03-15,48100.0,48150.0,46250.0,46950.0,1026317.0,-2.5933609958506225,12049580550,357462200,24024767300,11812274550,22135126750,75783450,18802177050,7230997350,48244084600
2022-03-16,47650.0,47650.0,46200.0,47350.0,679692.0,0.8519701810436635,7651186500,179859350,15519394950,8550129350,11166724450,108368450,13196089700,7429387550,31900570150
2022-03-17,47850.0,48000.0,46100.0,46650.0,898224.0,-1.478352692713833,9863916950,959452200,21761640100,9412740150,15138410550,403324500,17600757600,8855256750,41997749400
2022-03-18,46650.0,47000.0,45350.0,46100.0,1123550.0,-1.1789924973204717,10570350650,333017450,21443790300,19100215250,17018406150,234294550,16166530800,18028142150,51447373650
2022-03-21,46100.0,46300.0,44700.0,45400.0,942812.0,-1.5184381778741864,7643937550,131261850,21537407800,13346307250,15164995400,149026750,14600785350,12744106950,42658914450
2022-03-22,45350.0,46950.0,45100.0,46700.0,794879.0,2.8634361233480177,16424336700,291109650,14305795950,5860812100,5705066450,53525300,20462284550,10661178100,36882054400
2022-03-23,47000.0,47500.0,46000.0,47400.0,683448.0,1.4989293361884368,12214535350,163548050,10753058500,9011507150,5877830600,70617200,17500359100,8693842150,32142649050
2022-03-24,47000.0,47650.0,46600.0,47550.0,586101.0,0.31645569620253167,10194438400,74932600,9089690750,8329471800,7742874600,81904550,13405704650,6458049750,27688533550
2022-03-25,47300.0,47650.0,46250.0,47000.0,540693.0,-1.1566771819137749,8917980050,53382800,9745911250,6659141050,6833526950,95673600,10707175400,7740039200,25376415150
2022-03-28,47000.0,47600.0,46350.0,47400.0,464512.0,0.851063829787234,6732807500,166579300,8433724350,6494991000,7454669650,821983700,9428748250,4122700550,21828102150
2022-03-29,47400.0,47500.0,45500.0,46000.0,882466.0,-2.9535864978902953,7697269350,558870600,23423609950,8947996500,16953285650,544014550,15577672300,7552773900,40627746400
2022-03-30,46200.0,46200.0,45600.0,45700.0,488871.0,-0.6521739130434783,5779813600,33874100,9752617200,6831140450,7427132500,374852300,9598859950,4996600600,22397445350
2022-03-31,45750.0,46500.0,45750.0,46400.0,462202.0,1.5317286652078774,6929271950,204243200,5246969450,9004606650,4040403500,46535400,10096358950,7201793400,21385091250
2022-04-01,46400.0,46900.0,46200.0,46600.0,458734.0,0.43103448275862066,8812865700,173638750,4852759550,7516246650,6795531050,29948000,8457260950,6072770650,21355510650
2022-04-04,46350.0,46350.0,44200.0,44550.0,1418279.0,-4.399141630901288,12160027400,368842500,37826153350,13220297850,30932555600,837375300,20406573850,11398816350,63575321100
2022-04-05,44800.0,44800.0,43950.0,44650.0,640491.0,0.22446689113355783,4402830350,325216650,14289820450,9354010550,13744457600,227034650,8994713800,5405671950,28371878000
2022-04-06,44300.0,44400.0,43400.0,43950.0,771643.0,-1.5677491601343785,11790775950,224513750,12034300950,9833917650,17042656600,123803150,10499530050,6217518500,33883508300
2022-04-07,43650.0,43850.0,42950.0,43000.0,865417.0,-2.1615472127417523,5543479450,51989400,17106958850,14622551950,16504930500,11952550,14861655100,5946441500,37324979650
2022-04-08,43200.0,43550.0,41800.0,43300.0,920875.0,0.6976744186046512,7510152950,240520400,21011840600,10563582600,6060283800,8702542700,13388264450,11175005600,39326096550
2022-04-11,43000.0,43650.0,42900.0,43150.0,363700.0,-0.3464203233256351,3820158500,74393950,8607714500,3215710600,4472847950,1303500,7542013000,3701813100,15717977550
2022-04-12,42600.0,43600.0,42600.0,42900.0,388518.0,-0.5793742757821553,6758927400,36554800,5050175650,4900468000,4049133600,10750000,6983555100,5702687150,16746125850
2022-04-13,43250.0,43350.0,42550.0,43250.0,324656.0,0.8158508158508158,5278791400,52799250,5960454750,2682850050,4155144750,30691650,4871403300,4917655750,13974895450
2022-04-14,43250.0,43300.0,42350.0,42500.0,641182.0,-1.7341040462427744,7712781050,17604600,11271208450,8371315350,17716273100,233019600,5740123400,3683493350,27372909450
2022-04-15,42300.0,42800.0,41950.0,42350.0,418726.0,-0.35294117647058826,4164068200,24340600,6131237550,7379352900,7836418350,207106950,6033047500,3622426450,17698999250
2022-04-18,42350.0,42700.0,41900.0,42000.0,394804.0,-0.8264462809917356,3839215050,57269000,8067363600,4674192900,7232231600,55337650,5679387200,3671084100,16638040550
2022-04-19,42200.0,42450.0,41950.0,42150.0,265920.0,0.35714285714285715,3148667500,89015000,5405500400,2574309850,2366289400,15567700,4865198100,3970437550,11217492750
2022-04-20,42100.0,42150.0,40950.0,41150.0,707822.0,-2.372479240806643,5910825050,29799250,14881689050,8393975300,12741234200,245184400,8614247850,7615622200,29216288650
2022-04-21,41150.0,41800.0,41100.0,41650.0,358043.0,1.2150668286755772,5808430900,59244450,6082948700,2919820650,4257693700,13445250,5920619200,4678686550,14870444700
2022-04-22,41350.0,41550.0,40650.0,41350.0,396165.0,-0.7202881152460985,4914690650,196168550,8689264200,2474806350,4666338300,537897600,5424931800,5645762050,16274929750
2022-04-25,40750.0,40800.0,40300.0,40400.0,362311.0,-2.2974607013301087,3110015500,407265150,6134958550,5040330650,5118936200,90837900,5066534700,4416261050,14692569850
2022-04-26,40700.0,40800.0,40100.0,40350.0,408396.0,-0.12376237623762376,3181250050,211175150,7694000000,5445928100,3712416350,8130000,4669312150,8142494800,16532353300
2022-04-27,39600.0,40450.0,39300.0,40000.0,446806.0,-0.8674101610904585,4843687600,431328500,8636106950,3891210500,6494580150,21758600,6744975750,4541019050,17802333550
2022-04-28,40500.0,42650.0,39950.0,42600.0,1283876.0,6.5,25856498350,866454350,17024290450,10144731500,11876129350,802732850,28660567200,12552545250,53891974650
2022-04-29,42100.0,42450.0,41800.0,42050.0,417390.0,-1.2910798122065728,6675480050,26876250,7009566100,3890642900,4387185700,33990400,7014454900,6166934300,17602565300
2022-05-02,41650.0,43150.0,41650.0,42300.0,535945.0,0.5945303210463734,10193416700,38908600,7143129700,5365449500,8598697050,65827450,8644433550,5431946450,22740904500
2022-05-03,42350.0,42450.0,41800.0,41900.0,409606.0,-0.9456264775413712,6967880300,57808350,6127605450,4089590350,8072712950,19036200,5429278300,3721857000,17242884450
2022-05-04,41900.0,42400.0,41600.0,41900.0,267722.0,0.0,4391979600,54854100,3282390500,3510247650,5477170300,199062150,4409563500,1153675900,11239471850
2022-05-06,41400.0,41400.0,40350.0,40900.0,600823.0,-2.386634844868735,3238849650,81447900,11634938750,9562662550,12644139750,188404000,5247813550,6437541550,24517898850
2022-05-09,40600.0,41200.0,39600.0,40300.0,606563.0,-1.466992665036675,8796049350,26280850,7981714100,7526162900,15056170950,107823550,4817080200,4349132500,24330207200
2022-05-10,39450.0,39900.0,38900.0,39700.0,643676.0,-1.488833746898263,6907468400,110909050,11325140000,6959279900,13993354700,192646350,5387556450,5729239850,25302797350
2022-05-11,39750.0,39750.0,38550.0,39350.0,609512.0,-0.8816120906801008,5371553800,46507550,10941796450,7398591650,11162965000,10114000,7199094700,5386275750,23758449450
2022-05-12,38700.0,39700.0,38650.0,38650.0,582200.0,-1.7789072426937738,10951554800,2384900,5783328450,5995999500,9872960800,17595150,6546011100,6296700600,22733267650
2022-05-13,39350.0,39950.0,38850.0,39700.0,364724.0,2.716688227684347,8283539450,39639800,4057615200,2035939600,3944371800,30711150,5685803450,4755847650,14416734050
2022-05-16,39950.0,40050.0,39150.0,39450.0,281019.0,-0.6297229219143577,4448300150,19281900,3749782550,2885728450,4882939150,9825000,2347973300,3862355600,11103093050
2022-05-17,39400.0,39700.0,38900.0,39400.0,456447.0,-0.12674271229404308,6177326400,23092350,7722002150,3984126200,9496720150,196500,4553934300,3855696150,17906547100
2022-05-18,39550.0,39600.0,38050.0,38400.0,886825.0,-2.5380710659898478,6883985500,62883700,19039029550,8261044850,17666037750,23670000,8366612700,8190623150,34246943600
2022-05-19,37600.0,37900.0,37150.0,37600.0,677108.0,-2.083333333333333,5626192750,119432050,11191232900,8380751050,12272986200,1790400,6977231150,6065601000,25317608750
2022-05-20,37750.0,38200.0,37550.0,38000.0,476452.0,1.0638297872340425,6425270000,135358250,7500195000,4002489350,9260355050,220856650,5536978200,3045122700,18063312600
2022-05-23,38050.0,38200.0,37400.0,38150.0,469856.0,0.39473684210526316,4028291050,187815450,4936364450,8600045500,9052498900,94425000,5488477000,3117115550,17752516450
2022-05-24,38500.0,39550.0,38150.0,38750.0,1111867.0,1.5727391874180863,21525278250,54268800,13111520850,8706798000,12916012750,506110400,17634866100,12340876650,43397865900
2022-05-25,39200.0,39550.0,38800.0,39200.0,674666.0,1.1612903225806452,16587009850,52719000,3745463450,6126422400,6017865050,593800150,11680727300,8219222200,26511614700
2022-05-26,38900.0,39850.0,38700.0,39450.0,706817.0,0.6377551020408163,17622935950,3032050,5579316700,4571906400,9787398950,59821000,12030784800,5899186350,27777191100
2022-05-27,39750.0,39850.0,39350.0,39500.0,236780.0,0.12674271229404308,5375996150,791750,2197219750,1787000900,1669046700,55150000,3175605900,4461205950,9361008550
2022-05-30,39850.0,40150.0,39700.0,40050.0,370648.0,1.3924050632911391,7786598950,7590500,3077399600,3945851750,3542337800,400600,5918476000,5356226400,14817440800
2022-05-31,40100.0,40400.0,39650.0,39800.0,922682.0,-0.6242197253433208,10213852800,11081900,8850763200,17733259500,6033042650,4636800,8882050650,21889227300,36808957400
2022-06-02,39800.0,39900.0,38050.0,38550.0,865198.0,-3.1407035175879394,5636411800,30023200,19738148000,7894040050,20039224450,11520000,7753912250,5493966350,33298623050
2022-06-03,38700.0,38850.0,38250.0,38800.0,473527.0,0.648508430609598,5029813800,884950,5844441200,7397653050,10183352750,6745850,5137328850,2945365550,18272793000
2022-06-07,38600.0,38600.0,37450.0,37700.0,655547.0,-2.8350515463917527,3241020650,42940050,16656249200,4816997900,10713322850,46963700,9842951100,4153970150,24757207800
2022-06-08,37900.0,38300.0,37600.0,37900.0,400391.0,0.5305039787798408,6416068400,46333400,5649120900,3103297800,8031456450,140502150,5278005550,1764856350,15214820500
2022-06-09,37750.0,37850.0,37000.0,37450.0,764096.0,-1.1873350923482848,8016504650,51708250,13702686500,6741508600,10538542700,446854700,12192593550,5334417050,28512408000
2022-06-10,37250.0,38700.0,36900.0,38200.0,635704.0,2.0026702269692924,14364175250,79264750,6397178900,3441085650,5214906150,4382100,13224209850,5838206450,24281704550
2022-06-13,37300.0,37650.0,35850.0,36000.0,854279.0,-5.7591623036649215,5827447300,199723000,17790547700,7383401350,11784271850,41245250,10724061000,8651541250,31201119350
2022-06-14,35100.0,36100.0,34400.0,35800.0,835456.0,-0.5555555555555556,11544330150,73354800,9410527000,8406245300,12747104250,168371500,10272828700,6246152800,29434457250
2022-06-15,35650.0,36400.0,34950.0,35100.0,544858.0,-1.9553072625698324,8856902550,154176150,5806099550,4514907250,7822049050,2504500,5276677100,6230854850,19332085500
2022-06-16,35600.0,35750.0,33950.0,34250.0,633935.0,-2.4216524216524213,7220989050,3373900,7647047200,7177794700,8495137600,16792100,7963593700,5573681450,22049204850
2022-06-17,33000.0,34600.0,33000.0,34350.0,502257.0,0.291970802919708,6312594300,66127100,3686131250,7025254750,5992490050,20033850,5695742600,5381840900,17090107400
2022-06-20,34350.0,34450.0,32800.0,33150.0,673573.0,-3.4934497816593884,6595685100,115072500,8135172850,7438640250,10235904450,12045750,8451451700,3585168800,22284570700
2022-06-21,33200.0,33300.0,32200.0,32850.0,695158.0,-0.904977375565611,5821210850,107762750,8120794450,8711423250,10658181450,5275750,6457739200,5639994900,22761191300
2022-06-22,33000.0,33000.0,31200.0,31300.0,742795.0,-4.71841704718417,5610308750,57539200,10021631400,7912288150,9251970400,20069050,10833294950,3496433100,23601767500
2022-06-23,31200.0,31550.0,29600.0,29850.0,1087126.0,-4.63258785942492,9548999700,262052250,11103508150,12053277850,14553190100,57431600,10686368100,7670848150,32967837950
2022-06-24,30000.0,31750.0,29900.0,31400.0,640960.0,5.192629815745393,9705307900,55626100,4686439100,5480674300,5896494300,19149250,7194733500,6817670350,19928047400
2022-06-27,31700.0,32100.0,31150.0,31900.0,591659.0,1.5923566878980893,7163311500,99630000,7890375400,3602501000,7385751500,11614800,4534274400,6824177200,18755817900
2022-06-28,31650.0,32350.0,31550.0,32150.0,380578.0,0.7836990595611284,3683344000,636500,5241835000,3225696400,5542085800,3892650,3566704550,3038828900,12151511900
2022-06-29,31500.0,32050.0,31250.0,31600.0,464689.0,-1.7107309486780715,3288815850,11204150,4463972700,6963397700,10123502650,19826400,2764453650,1819607700,14727390400
2022-06-30,31750.0,32750.0,31100.0,31550.0,882920.0,-0.15822784810126583,7820083150,107531650,11919894050,8330686700,14199364750,268612000,7310905950,6399312850,28178195550
2022-07-01,32250.0,32950.0,31350.0,31500.0,753743.0,-0.15847860538827258,9643053850,45803700,9410834250,5073078100,10986957650,812500,8424232250,4760767500,24172769900
2022-07-04,31900.0,31900.0,28300.0,28850.0,2298568.0,-8.412698412698413,12077599250,317682000,36579661750,17814370700,34664148000,334739600,18005830650,13784595450,66789313700
2022-07-05,29050.0,30050.0,28850.0,30050.0,948656.0,4.15944540727903,5506218700,328350,7223628750,15393050300,9659854250,133685150,14887044200,3442642500,28123226100
2022-07-06,30050.0,30150.0,28900.0,28900.0,701800.0,-3.826955074875208,2967753300,3152650,7033494100,10632067850,8453717350,0,4221773100,7960977450,20636467900
2022-07-07,29300.0,29750.0,28800.0,29550.0,499337.0,2.249134948096886,3554374050,8745000,4749156900,6369857300,4370464500,206500,4642027050,5669435200,14682133250
2022-07-08,29700.0,30450.0,29450.0,29550.0,680599.0,0.0,5083414000,31441750,7073300250,8152043950,5873953600,10563700,6150605700,8305076950,20340199950
2022-07-11,29550.0,29600.0,28450.0,28950.0,799117.0,-2.030456852791878,2635253650,1148400,7725055400,12723356600,11353293350,0,5596529250,6134991450,23084814050
2022-07-12,28850.0,29100.0,28200.0,28550.0,601658.0,-1.381692573402418,2109095250,33832950,5854449250,9117996250,11486752300,1394050,3970206850,1657020500,17115373700
2022-07-13,28500.0,29000.0,28150.0,28550.0,515177.0,0.0,2679626950,25993000,4936782300,7048567400,9180508500,577000,3008734050,2501150100,14690969650
2022-07-14,28300.0,28600.0,28000.0,28300.0,764623.0,-0.8756567425569177,3154702000,3437800,8066990400,10409549850,13901335100,1420000,4744380650,2987544300,21634680050
2022-07-15,28450.0,28550.0,26900.0,27700.0,971754.0,-2.1201413427561837,3999408700,25588550,11614060950,11067255150,10799567400,5847500,9130746950,6770151500,26706313350
2022-07-18,28050.0,29100.0,27950.0,28850.0,755307.0,4.1516245487364625,6506784400,56934350,5188148250,9870394600,7485284450,7312450,9302322350,4827342350,21622261600
2022-07-19,28800.0,29150.0,28250.0,28900.0,368462.0,0.17331022530329288,2585408500,2831350,3229478900,4809498200,4245584700,0,3062442950,3319189300,10627216950
2022-07-20,29400.0,29850.0,28850.0,28950.0,550010.0,0.17301038062283738,3559300100,23681750,7694202150,4784079150,7186172200,175900,4411160800,4463754250,16061263150
2022-07-21,29050.0,29350.0,28750.0,29200.0,480211.0,0.8635578583765112,2771811950,8118350,4919104400,6244737350,6214907050,7866000,4655624450,3065374550,13943772050
2022-07-22,29400.0,30200.0,28850.0,29200.0,760887.0,0.0,3706384350,1254000,11454191750,7198988250,6355715900,9750300,8074325850,7921026300,22360818350
2022-07-25,29100.0,29500.0,29000.0,29300.0,438688.0,0.3424657534246575,3862722500,29100,3486040500,5493491700,5157519750,85709850,3494866450,4104187750,12842283800
2022-07-26,29350.0,29950.0,29200.0,29750.0,704687.0,1.5358361774744027,3566585950,148250,7636545400,9729209450,4368871500,1813400,7895819800,8665984350,20932489050
2022-07-27,29800.0,30000.0,29250.0,29900.0,595606.0,0.5042016806722689,5553700600,82216400,7114663250,4891955200,4880191000,83531250,5695304200,6983509000,17642535450
2022-07-28,30050.0,30200.0,28650.0,28900.0,1418770.0,-3.3444816053511706,3772594550,126552750,25605437850,11870028100,18593509050,52247500,9195393050,13533463650,41374613250
2022-07-29,29100.0,29800.0,29000.0,29800.0,1016403.0,3.1141868512110724,4505251750,148250,5887709050,19668038400,4620964600,39049100,12188154450,13212979300,30061147450
2022-08-01,29750.0,30200.0,29550.0,30000.0,580068.0,0.6711409395973155,7096595800,60050,5553135150,4735265350,3299332250,128942600,8374331300,5582450200,17385056350
2022-08-02,29950.0,30400.0,29700.0,30100.0,632860.0,0.33333333333333337,3274827250,37389400,6551737450,9146517950,5111606150,18025000,5299691050,8581149850,19010472050
2022-08-03,29950.0,30650.0,29750.0,30100.0,473700.0,0.0,4895982250,22344100,5070265850,4275686650,3667042900,26283000,5077189200,5493763750,14264278850
2022-08-04,30300.0,30400.0,29850.0,30050.0,402225.0,-0.16611295681063123,1992917350,7439150,6900877550,3184302850,3022365650,2554000,4761066250,4299551000,12085536900
2022-08-05,30200.0,31100.0,30150.0,30900.0,612979.0,2.828618968386023,5266067000,16751300,9358856350,4173788000,2010852950,27569200,10788820800,5988219700,18815462650
2022-08-08,30900.0,31100.0,30400.0,30850.0,500607.0,-0.16181229773462785,4591220500,218254600,9029986800,1541549500,4083915500,1379250,5613403200,5682313450,15381011400
2022-08-09,30800.0,31050.0,30600.0,30950.0,337808.0,0.3241491085899514,2423208750,429800,5390864950,2600199900,1433212050,25751450,6771101050,2184638850,10414703400
2022-08-10,31200.0,32350.0,31050.0,31800.0,1169642.0,2.7463651050080773,14176020850,392131400,15427446450,7275634950,4181299800,236886350,22276058000,10576989500,37271233650
2022-08-11,32500.0,32650.0,31800.0,31900.0,777400.0,0.3144654088050315,8773356250,127603500,12567331200,3506327600,5344933750,104887500,9816007200,9708790100,24974618550
2022-08-12,32050.0,33200.0,32050.0,33200.0,1133443.0,4.075235109717868,13002573900,429747900,14677665450,9193532000,5238581700,371002750,19232120950,12461813850,37303519250
2022-08-16,33350.0,33500.0,31900.0,32100.0,1057976.0,-3.313253012048193,4991135000,170956050,23734115350,5427711450,11323478650,192342000,15140115350,7667981850,34323917850
2022-08-17,32100.0,32550.0,31550.0,31800.0,690593.0,-0.9345794392523363,4110979850,61194300,10887025800,6919402700,7049557200,124480800,11335279200,3469285450,21978602650
2022-08-18,31500.0,31700.0,31000.0,31500.0,609516.0,-0.9433962264150944,4599270700,14750000,8996871100,5563199300,10186096450,72313100,4864516250,4051165300,19174091100
2022-08-19,31500.0,31550.0,30900.0,30950.0,636672.0,-1.746031746031746,2222652900,108976950,10480130800,6974437050,10098354950,42752200,4582936800,5062153750,19786197700
2022-08-22,30500.0,30600.0,30000.0,30300.0,646238.0,-2.10016155088853,2568247550,17536650,6897438550,10101626200,11160782700,82434200,4201154500,4140477550,19584848950
2022-08-23,29850.0,30350.0,29550.0,29900.0,544960.0,-1.3201320132013201,2558155950,10334000,6802441000,6917602800,5542780600,3884500,4516713700,6225154950,16288533750
2022-08-24,30050.0,30450.0,29700.0,30250.0,556333.0,1.1705685618729096,3224517000,48725250,7128846300,6324148550,5800091150,8489950,5422690750,5494965250,16726237100
2022-08-25,30500.0,30750.0,30250.0,30650.0,398886.0,1.322314049586777,2618986900,47425000,3773271850,5730708200,3234641150,47946450,5761523150,3126281200,12170391950
2022-08-26,30800.0,31300.0,30500.0,30900.0,524827.0,0.8156606851549755,3621349600,42200200,6228561600,6294106050,3611919350,202537000,7381028950,4990732150,16186217450
2022-08-29,29900.0,30150.0,29600.0,29650.0,560564.0,-4.0453074433656955,2358794350,1844900,9020400350,5328180150,6698141700,35333650,5781744600,4193999800,16709219750
2022-08-30,29850.0,30200.0,29550.0,29900.0,618980.0,0.8431703204047217,2226408250,614198850,7731378500,7900267250,6389246850,81911950,5651886200,6349207850,18472252850
2022-08-31,29650.0,30150.0,29300.0,30150.0,965856.0,0.8361204013377926,2498256450,190587600,9504631150,16469995500,11152390650,647744550,7614074750,9249260750,28663470700
2022-09-01,29750.0,30000.0,28950.0,29000.0,799380.0,-3.814262023217247,2554677400,1136177650,11801669400,7972053000,10111880850,220912650,7574123650,5557660300,23464577450
2022-09-02,29200.0,29550.0,28950.0,29200.0,590629.0,0.6896551724137931,4356513050,8921050,4478290750,8413439300,5344597450,16117500,5908221750,5988227450,17257164150
2022-09-05,29300.0,30000.0,29300.0,29500.0,693798.0,1.0273972602739725,3596478050,907154400,10226864900,5846795050,5333562750,1446244250,7901182350,5896303050,20577292400
2022-09-06,29500.0,29550.0,28950.0,29000.0,548643.0,-1.694915254237288,2212871250,1434293250,9893497500,2481537600,5805035650,164613900,5175712200,4876837850,16022199600
2022-09-07,28900.0,28950.0,28000.0,28350.0,666002.0,-2.2413793103448274,5236625500,112924550,5998482150,7500268700,9238024750,537250,6267757600,3341981300,18848300900
2022-09-08,28600.0,28750.0,28150.0,28200.0,865408.0,-0.5291005291005291,8673772100,128780250,5893846900,9824740550,12161179750,624850,4214326500,8145008700,24521139800
2022-09-13,29000.0,29150.0,28750.0,29100.0,642905.0,3.1914893617021276,4949659650,102519500,5928752700,7628563000,8030337500,7440700,4479929300,6091787350,18609494850
2022-09-14,28150.0,28150.0,27650.0,27650.0,1033435.0,-4.982817869415808,3254090250,328763300,20743519050,4393655750,11852427150,22327200,6685189850,10160084150,28720028350
2022-09-15,27750.0,28250.0,27450.0,28100.0,800515.0,1.62748643761302,4366709050,32933650,3421195600,14624530800,8611361500,208929350,9523128100,4101950150,22445369100
2022-09-16,27800.0,28500.0,27650.0,27800.0,751788.0,-1.0676156583629894,1884659700,372071750,6193803800,12576632200,8438303450,193930900,5917507150,6477425950,21027167450
2022-09-19,27900.0,28000.0,27200.0,27300.0,532646.0,-1.7985611510791366,2299320500,55443450,5109423250,7146547500,6200739750,1046650,5186210750,3222737550,14610734700
2022-09-20,27500.0,28000.0,27500.0,28000.0,387250.0,2.564102564102564,2047852250,555000,1586467350,7136892600,2714491000,39932250,4020116600,3997227350,10771767200
2022-09-21,27700.0,28000.0,27050.0,27250.0,611192.0,-2.6785714285714284,2489729050,117255850,7396736150,6727655050,5115061350,108600,4839455000,6776751150,16731376100
2022-09-22,26900.0,26950.0,26150.0,26550.0,558877.0,-2.5688073394495414,2537110850,182114250,7096263400,4924218300,6581994200,13492500,4195906750,3948313350,14739706800
2022-09-23,26500.0,26500.0,25800.0,25950.0,543762.0,-2.2598870056497176,2179670400,106587050,6077575150,5787939500,5523077500,37555300,5706089700,2885049600,14151772100
2022-09-26,25500.0,25650.0,24350.0,24550.0,885033.0,-5.394990366088632,5517890950,169913550,7410242450,8862868500,7058189900,1332200,9439845000,5461548350,21960915450
2022-09-27,24250.0,25000.0,24250.0,24950.0,710509.0,1.6293279022403258,5719080350,7793300,4273793300,7489428550,6130312550,0,5185851550,6173931400,17490095500
2022-09-28,24750.0,24950.0,23650.0,24000.0,930862.0,-3.807615230460922,3565546650,10249500,9204056050,9624879700,7925323350,93632800,7202680300,7183095450,22404731900
2022-09-29,24400.0,24550.0,23150.0,23200.0,1228169.0,-3.3333333333333335,4629143850,38758900,14421406600,9917184550,7403093850,95703850,9025489800,12482206400,29006493900
2022-09-30,22700.0,23250.0,22550.0,22550.0,1090282.0,-2.8017241379310347,4925513900,27728000,7759784150,12169114500,6309239950,122516300,6459783350,11990600950,24882140550
2022-10-04,22900.0,24100.0,22500.0,23600.0,1138759.0,4.656319290465632,5477268600,17462100,4290462600,17094041150,4858050100,82948150,8345086150,13593150050,26879234450
2022-10-05,24050.0,24150.0,22800.0,23000.0,819792.0,-2.5423728813559325,2411974050,66940100,6506507700,10073469450,5004519900,51096450,3220822350,10782452600,19058891300
2022-10-06,23000.0,23300.0,22600.0,22600.0,834768.0,-1.7391304347826086,1781152000,434447450,11756789750,5067377850,3763759650,433874850,6148609650,8693522900,19039767050
2022-10-07,22500.0,22700.0,22050.0,22650.0,1224712.0,0.22123893805309736,1588143300,17634000,8216506650,17584506650,5646836300,22300,6425623950,15334308050,27406790600
2022-10-11,22150.0,22250.0,21500.0,21550.0,1111226.0,-4.856512141280353,1907462150,126792800,9002364950,13124256500,7184618950,3817500,5506837300,11465602650,24160876400
2022-10-12,21500.0,23050.0,21400.0,22950.0,1427124.0,6.496519721577726,5251668600,160346950,4609019500,22075410450,7214655500,11275000,10704507850,14166007150,32096445500
2022-10-13,22700.0,23000.0,21650.0,21650.0,1380517.0,-5.664488017429194,6436782350,37410650,7958781450,16105527200,6307597600,31005150,4551325000,19648573900,30538501650
2022-10-14,22350.0,23000.0,22300.0,23000.0,985566.0,6.235565819861432,6078004950,17966650,4549419950,11785279800,3212854600,250750,7532274950,11685291050,22430671350
2022-10-17,22400.0,22900.0,22000.0,22650.0,620576.0,-1.5217391304347827,2771676500,497800,4670227950,6564729150,3647724950,22679150,3116449550,7220277750,14007131400
2022-10-18,23150.0,24050.0,22900.0,23800.0,1111793.0,5.077262693156733,5028546800,81504000,5409135000,15584557900,2766039900,89516800,8685136700,14563050300,26103743700
2022-10-19,23900.0,24050.0,23050.0,23100.0,817667.0,-2.941176470588235,5751312600,176133100,5091433750,8193117200,5703850600,27801600,3356492550,10123851900,19211996650
2022-10-20,23100.0,23550.0,22500.0,22950.0,962951.0,-0.6493506493506493,2846104450,42810650,4624184300,14557048950,5863099050,39044650,4200587300,11967417350,22070148350
2022-10-21,22750.0,22750.0,21550.0,21700.0,1476763.0,-5.446623093681917,4452889000,203611400,17502020450,10005899900,15495937000,20523400,6687255550,9960704800,32164420750
2022-10-24,22300.0,23350.0,22250.0,22450.0,1303976.0,3.4562211981566824,9255613700,348093350,6116061150,13859996250,9772435600,618577650,13088179050,6100572150,29579764450
2022-10-25,22550.0,22550.0,21450.0,21750.0,1060975.0,-3.11804008908686,3368141250,147289400,10604484050,9006359050,9325385650,74152500,5600476100,8126259500,23126273750
2022-10-26,21850.0,21900.0,21100.0,21300.0,1123588.0,-2.0689655172413794,2540083050,45470250,14254673700,7200883400,7846224300,3177300,6168132650,10023576150,24041110400
2022-10-27,21250.0,23000.0,20800.0,22650.0,1507575.0,6.338028169014084,13713957900,4152300,8574366400,10872811100,7645348700,157211650,14634045850,10728681500,33165287700
2022-10-28,22350.0,22800.0,22200.0,22350.0,910354.0,-1.3245033112582782,4767509850,57972100,4704289800,10962892050,6086722150,428500,6374832800,8030680350,20492663800
2022-10-31,22700.0,22700.0,21600.0,21700.0,1045728.0,-2.9082774049217,1876007300,12766150,12919722400,8048394450,8713323600,13476700,4993713600,9136376400,22856890300
2022-11-01,21800.0,23050.0,21600.0,22800.0,1218480.0,5.0691244239631335,7724437850,65265300,5792691800,13896260750,4819512650,314593350,14801563600,7542986100,27478655700
2022-11-02,22900.0,23050.0,22300.0,22600.0,620409.0,-0.8771929824561403,2871829450,7922700,7134099250,4039213950,3506442750,20556250,4809561000,5716505350,14053065350
2022-11-03,22050.0,22650.0,22000.0,22250.0,896085.0,-1.5486725663716814,3165859300,49022400,8647447400,8169107800,7193321900,738137000,4247290400,7852687600,20031436900
2022-11-04,22400.0,22550.0,22000.0,22300.0,571811.0,0.22471910112359553,1343225800,34392400,6246646000,5076202500,3903004150,24974800,2601996300,6170491450,12700466700
2022-11-07,22500.0,23300.0,22500.0,23100.0,917155.0,3.587443946188341,6742536050,39587900,7012660650,7324925650,2496998050,107922350,10768999150,7745790700,21119710250
2022-11-08,23300.0,23700.0,23050.0,23550.0,792887.0,1.948051948051948,4249693650,166983000,6509415900,7646081800,2892963050,118000,8453100000,7225993300,18572174350
2022-11-09,23700.0,24250.0,23450.0,23950.0,960135.0,1.6985138004246285,5661459900,49401750,7993063500,9269773800,3133223400,281493300,10505870150,9053112100,22973698950
2022-11-10,23600.0,24450.0,23550.0,23800.0,858530.0,-0.6263048016701461,4679517150,575220400,6581302050,8775666450,6451622850,180550350,6709735200,7269797650,20611706050
2022-11-11,24850.0,24950.0,23800.0,24250.0,1934346.0,1.8907563025210083,11150279350,204266650,19344459750,16293036100,7055481000,400622400,15511668050,24024270400,46992041850
2022-11-14,24500.0,24800.0,23750.0,23900.0,1433756.0,-1.443298969072165,3624829200,319237400,16228354250,14450351750,6926137100,85121650,11881550200,15729963650,34622772600
2022-11-15,24000.0,24500.0,23800.0,24400.0,871040.0,2.092050209205021,4398827400,262973750,6311521850,10148420500,2517143750,1824000,7544834200,11057941550,21121743500
2022-11-16,24500.0,24500.0,23450.0,24150.0,1110536.0,-1.0245901639344261,2950963650,2847700,11275436900,12443746700,3265460150,41074350,9928243800,13438216650,26672994950
2022-11-17,24250.0,24250.0,23150.0,23150.0,1192445.0,-4.140786749482402,4301107500,354067950,17078634000,6186796000,4730607200,15001350,7692178500,15482818400,27920605450
2022-11-18,23300.0,23550.0,23050.0,23350.0,595926.0,0.8639308855291578,4005825200,55880750,5531701500,4349496650,2350990600,295767350,5048756150,6247390000,13942904100
2022-11-21,23450.0,23550.0,22300.0,22450.0,1030222.0,-3.854389721627409,3022654300,61800350,14062742850,6150519600,7029185250,1372400,8049373550,8217785900,23297717100
2022-11-22,22400.0,23200.0,22300.0,23050.0,953541.0,2.6726057906458798,7825427200,20419250,4025244450,9917357350,3824197050,47691500,6345214200,11571345500,21788448250
2022-11-23,23150.0,23400.0,22900.0,23200.0,587191.0,0.6507592190889371,3502511050,346000,4870488350,5204359550,2104888700,11918100,4188503700,7272394450,13577704950
2022-11-24,23350.0,23450.0,23050.0,23350.0,655299.0,0.646551724137931,2953542000,883200,6558283000,5704845400,1423939600,0,6366008200,7427605800,15217553600
2022-11-25,23400.0,23750.0,23200.0,23550.0,547296.0,0.8565310492505354,2730460800,213669550,4634612200,5276626200,1370739450,1729000,6015881850,5467018450,12855368750
2022-11-28,23500.0,23800.0,22850.0,23550.0,935433.0,0.0,3720193850,49924200,7767277150,10302913800,3585370700,48311400,9353585850,8853041050,21840309000
2022-11-29,23600.0,23950.0,23450.0,23750.0,966961.0,0.8492569002123143,6650619750,32640600,4773563250,11537070000,1236761950,87841600,8695242000,12974048050,22993893600
2022-11-30,23650.0,24050.0,23300.0,23400.0,8608540.0,-1.4736842105263157,12946722400,159208800,17292328900,171695646150,8849791750,610932750,9701926350,182931255400,202093906250
2022-12-01,24000.0,25850.0,23950.0,24900.0,3529724.0,6.41025641025641,22606724050,775354400,39062896100,26072437100,4291085000,1284688950,56156908500,26784729200,88517411650
2022-12-02,25050.0,25050.0,23800.0,23800.0,1501690.0,-4.417670682730924,4517426000,458559450,25003613700,6300268600,7059642050,237223650,10198516750,18784485300,36279867750
2022-12-05,24000.0,24100.0,23450.0,23850.0,855376.0,0.21008403361344538,4318445150,52897800,9748791200,6213205050,3853302000,4567450,6732994700,9742475050,20333339200
2022-12-06,23650.0,23950.0,23200.0,23300.0,1056084.0,-2.3060796645702304,1446797650,36617900,9892634000,13635543200,7093983900,12044500,6618552850,11287011500,25011592750
2022-12-07,23300.0,23350.0,22700.0,22950.0,1368068.0,-1.502145922746781,2878635900,856940400,13812503850,13910779800,5107604550,335711950,6009204950,20006338500,31458859950
2022-12-08,23050.0,23100.0,22500.0,22550.0,1316474.0,-1.7429193899782136,7109430600,337124850,9396436950,13042158300,11362728600,22565450,5798487450,12701369200,29885150700
2022-12-09,22750.0,23450.0,22700.0,23450.0,972548.0,3.9911308203991127,5482052350,948668550,6059051750,10053524200,1559781200,1105078300,10654163900,9224273450,22543296850
2022-12-12,23150.0,23250.0,22500.0,22650.0,1146232.0,-3.411513859275053,3039979550,1091624650,16248970800,5628716700,3244820400,39550950,9121961900,13602958450,26009291700
2022-12-13,22850.0,22950.0,22500.0,22750.0,621996.0,0.44150110375275936,1093873100,211120650,5726756550,7099926950,3112675350,211732900,4776088200,6031180800,14131677250
2022-12-14,22900.0,23050.0,22700.0,23050.0,808965.0,1.3186813186813187,1826358750,269701200,9154826050,7283844900,1558141350,508491750,6116838850,10351258950,18534730900
2022-12-15,22850.0,23000.0,22700.0,22700.0,733349.0,-1.5184381778741864,780082250,941382550,8801464700,6208386900,1848816950,171082050,5849237650,8862179750,16731316400
2022-12-16,22400.0,22500.0,22200.0,22250.0,806923.0,-1.9823788546255507,1770362150,147170250,11559419400,4519878600,3690028150,2785750,3903119650,10400896850,17996830400
2022-12-19,22200.0,22200.0,21900.0,22000.0,713902.0,-1.1235955056179776,2296546550,199677650,7841915900,5392316600,3457770500,106297050,4089034300,8077354850,15730456700
2022-12-20,22000.0,22300.0,21900.0,22050.0,637020.0,0.22727272727272727,2209605900,36454350,4635532650,7184997800,1621355850,221500,5254340800,7190672550,14066590700
2022-12-21,22300.0,22600.0,21900.0,22400.0,707421.0,1.5873015873015872,5948932950,51096250,3304787500,6458943050,1779405900,183213150,5974422400,7826718300,15763759750
2022-12-22,22650.0,23050.0,22350.0,22900.0,1031443.0,2.232142857142857,12942104350,32728450,4656777450,5866033900,4841649550,781498000,8452748450,9421748150,23497644150
2022-12-23,22600.0,22700.0,22300.0,22500.0,767092.0,-1.7467248908296942,2652356250,809323400,7468357650,6343774600,2415096900,205040800,7681878600,6971795600,17273811900
2022-12-26,22600.0,22900.0,22500.0,22700.0,571828.0,0.8888888888888888,6180507500,109476500,3931888450,2766309950,2341755450,227905300,5727847550,4690674100,12988182400
2022-12-27,22850.0,23300.0,22650.0,23200.0,1226450.0,2.2026431718061676,15127671500,497424100,6891590100,5795601200,4508292600,610993950,15892331050,7300669300,28312286900
2022-12-28,22650.0,22650.0,21850.0,22150.0,1451886.0,-4.525862068965517,4962940150,139971800,18927991000,8113888100,12052866250,461967800,6560991100,13068965900,32144791050
2022-12-29,22000.0,22000.0,21150.0,21150.0,963181.0,-4.514672686230249,2887663600,202078700,13913635150,3642442450,5694135350,26689550,6264037450,8660957550,20645819900
2023-01-02,21250.0,21400.0,19950.0,20050.0,1172464.0,-5.200945626477541,2463166150,142010850,18976174150,2226247200,10369878100,257476350,9128390600,4051853300,23807598350
2023-01-03,20100.0,20250.0,19250.0,19950.0,1155512.0,-0.4987531172069825,4553901150,87700300,12122607350,6093325100,5624004750,108513050,9599457200,7525558900,22857533900
2023-01-04,19850.0,21500.0,19850.0,21150.0,2288441.0,6.015037593984962,19042025200,237452050,11939569100,16672022700,11142566050,123363350,13690161800,22934977850,47891069050
2023-01-05,21050.0,21500.0,20900.0,21350.0,992396.0,0.9456264775413712,5722134100,1121000,5582771450,9798236700,5072602850,96033200,4890690000,11044937200,21104263250
2023-01-06,21050.0,23350.0,21050.0,23150.0,2856382.0,8.430913348946136,27902438250,298699550,18133663400,18661565250,11213461650,1309708750,34826784200,17646411850,64996366450
2023-01-09,23300.0,23400.0,22850.0,23150.0,856392.0,0.0,5969815050,220986400,9992487150,3616992750,3990693250,82122600,10076439450,5651026050,19800281350
2023-01-10,23050.0,24000.0,23000.0,23650.0,1380174.0,2.159827213822894,10407647600,79132600,14064578100,8097194750,3788760450,574061200,18886520050,9399211350,32648553050
2023-01-11,23750.0,23800.0,23050.0,23200.0,922145.0,-1.9027484143763214,4686350500,74386600,8081074300,8706578650,8537193950,679613450,6731178250,5600404400,21548390050
2023-01-12,23400.0,23600.0,22850.0,22900.0,1190566.0,-1.293103448275862,4479196500,7151000,9852504600,13093907150,13510877150,73109800,6712268950,7136503350,27432759250
2023-01-13,23050.0,23650.0,22950.0,23050.0,1054927.0,0.6550218340611353,7300495800,634955050,9535750550,7009631650,8219579000,205298650,9037515950,7018439450,24480833050
2023-01-16,23200.0,23400.0,22850.0,23200.0,504896.0,0.6507592190889371,3174967850,402802250,6406011900,1722800350,3261724400,60836750,4775507700,3608513500,11706582350
2023-01-17,23400.0,23950.0,22950.0,23000.0,955315.0,-0.8620689655172413,4527692000,298463150,9499557050,7946820700,7535963600,175016850,7742789250,6818763200,22272532900
2023-01-18,23000.0,23100.0,22450.0,22800.0,1029137.0,-0.8695652173913043,8569290500,60769300,6923818050,7888492400,10309236850,274284050,4835178850,8023670500,23442370250
2023-01-19,22550.0,23050.0,22400.0,22800.0,507755.0,0.0,4701850350,2759050,3900645400,2971781800,4509365700,4575250,3225834300,3837261350,11577036600
2023-01-20,22600.0,23950.0,22600.0,23850.0,1047091.0,4.605263157894736,10805900300,96892500,6712540950,7074346300,2736903050,128347950,16034657150,5789771900,24689680050
2023-01-25,24050.0,24100.0,23100.0,23150.0,773838.0,-2.9350104821802936,1583002550,20174200,13962077400,2524962150,4728824000,43473650,6230431250,7087487400,18090216300
2023-01-26,23250.0,23550.0,23100.0,23400.0,725105.0,1.079913606911447,3550150850,168812900,8791377950,4384516450,3586894200,57418950,8044312650,5206232350,16894858150
2023-01-27,23400.0,24000.0,23150.0,23500.0,820012.0,0.4273504273504274,4413091550,71211600,9613309500,5324356150,2140310650,4593700,11385278450,5891786000,19421968800
2023-01-30,23600.0,23850.0,23200.0,23200.0,741726.0,-1.276595744680851,5448793600,34587400,7259140900,4647242600,3317792250,218465500,8437718650,5415788100,17389764500
2023-01-31,23200.0,23600.0,22800.0,23300.0,1423418.0,0.43103448275862066,3934719200,277438500,7822665900,21104938100,3355805350,69295800,4889862050,24824798500,33139761700
2023-02-01,23400.0,23450.0,22800.0,23100.0,689705.0,-0.8583690987124464,2644872650,15676550,7529466950,5766815700,5169124350,31511900,5725536800,5030658800,15956831850
2023-02-02,23300.0,23550.0,22950.0,23100.0,849949.0,0.0,3496833550,82988600,8898163000,7241950400,5581323650,18072800,6410076300,7710462800,19719935550
2023-02-03,23150.0,23500.0,22900.0,22900.0,582791.0,-0.8658008658008658,2145796400,10239500,8361234700,2960038650,3448623050,10448650,5419513350,4598724200,13477309250
2023-02-06,22900.0,22950.0,22200.0,22350.0,633096.0,-2.4017467248908297,1638607150,29728900,7896079500,4670001150,3133608800,14582300,5739599150,5346626450,14234416700
2023-02-07,22450.0,22500.0,21950.0,22050.0,684810.0,-1.342281879194631,1519937100,55227900,9575579050,4020611800,5263765350,58364800,4812246250,5036979450,15171355850
2023-02-08,22250.0,22500.0,21900.0,22450.0,730820.0,1.8140589569160999,3429515850,5139600,7172674700,5678139300,4235361300,69126650,4855994500,7124987000,16285469450
2023-02-09,22300.0,22500.0,22050.0,22050.0,795450.0,-1.7817371937639197,2229889200,59588700,7873778950,7493564000,8141880750,244125900,3244665600,6026148600,17656820850
2023-02-10,22100.0,22450.0,21800.0,22400.0,541231.0,1.5873015873015872,4225541100,59157500,4623008850,3081459800,2518257700,49263300,4655393300,4766252950,11989167250
2023-02-13,22350.0,22400.0,21900.0,22300.0,503016.0,-0.4464285714285714,2723217900,221564000,5265449650,2924105450,3496472150,190268500,3785345300,3662251050,11134337000
2023-02-14,22350.0,22600.0,22150.0,22350.0,533944.0,0.2242152466367713,2598768750,725176350,5524636700,3094185900,1968449350,560094300,4667911950,4746312100,11942767700
2023-02-15,22300.0,22350.0,21700.0,21750.0,723915.0,-2.684563758389262,1173422150,549852650,10956488750,3201867950,4197964000,1653750,6168238750,5513775000,15881631500
2023-02-16,21900.0,22400.0,21900.0,22300.0,568630.0,2.528735632183908,3896449950,137444400,4086169600,4485121950,1222214050,211593550,6600077400,4571300900,12605185900
2023-02-17,22000.0,23300.0,21950.0,22750.0,1088749.0,2.0179372197309418,6088239350,4109450,10044404550,8775523400,2610880200,651739900,16570175050,5079481600,24912276750
2023-02-20,23000.0,23200.0,22600.0,22800.0,394773.0,0.21978021978021978,2439459100,33307050,4979661400,1566972400,1467277100,5358950,4409726850,3137037050,9019399950
2023-02-21,22950.0,24450.0,22850.0,24300.0,2457450.0,6.578947368421052,14502657850,159916800,19689265200,24577356900,3257790550,670039100,42774214000,12227153100,58929196750
2023-02-22,23900.0,24100.0,23400.0,23500.0,995826.0,-3.292181069958848,4152009300,92155550,12225107200,7149755000,6934667150,52982500,9142038050,7489339350,23619027050
2023-02-23,23700.0,24150.0,23300.0,24050.0,1023650.0,2.3404255319148937,6565185850,238360550,10305845500,7286500950,4338057700,501740600,9618394200,9937700350,24395892850
2023-02-24,24050.0,24200.0,23250.0,23250.0,786379.0,-3.3264033264033266,5111663650,80512900,8580714000,4814516600,4355308850,191507900,7420260500,6620329900,18587407150
2023-02-27,23100.0,23150.0,22500.0,22600.0,585970.0,-2.795698924731183,2098121050,654492500,7772911950,2788168150,3077240100,21344800,4095286450,6119822300,13313693650
2023-02-28,22700.0,22850.0,22150.0,22250.0,808246.0,-1.5486725663716814,1847631300,278997250,8334683450,7653656300,2983229950,49376300,4299393850,10782968200,18114968300
2023-03-02,22250.0,23150.0,22200.0,22850.0,712086.0,2.696629213483146,2785804750,0,3927009100,9569857250,2823291950,300269000,7726803000,5432307150,16282671100
2023-03-03,22950.0,23100.0,22500.0,22700.0,556051.0,-0.6564551422319475,1019869500,361259100,7851226750,3371674000,3302032900,188078700,2667706400,6446211350,12604029350
2023-03-06,22850.0,22850.0,22250.0,22400.0,551499.0,-1.3215859030837005,1717723900,185828900,9041259600,1426359350,2380121900,101166000,3565714850,6324169000,12371171750
2023-03-07,22500.0,22750.0,22300.0,22600.0,416906.0,0.8928571428571428,1394139750,1189900,4430273050,3581134150,2315042050,860900,4123806750,2967027150,9406736850
2023-03-08,22300.0,22400.0,21800.0,22250.0,590784.0,-1.5486725663716814,1223281500,357834300,6553583350,4948469050,3000629000,276128100,5205400800,4601010300,13083168200
2023-03-09,22500.0,23000.0,22400.0,22400.0,792956.0,0.6741573033707865,4457522900,18140150,5926204800,7555262300,3826484500,71920100,7493218750,6565506800,17957130150
2023-03-10,22200.0,22700.0,22000.0,22050.0,486452.0,-1.5625,1664961100,626248600,7025751250,1492526100,2207924050,159586950,3202898200,5239077850,10809487050
2023-03-13,21900.0,22050.0,21200.0,21800.0,814858.0,-1.1337868480725624,2499120900,517071250,10772659150,3765772700,3635278900,205556400,6710828600,7002960100,17554624000
2023-03-14,21650.0,21750.0,21000.0,21050.0,687043.0,-3.4403669724770642,1528924850,460317550,9795653650,2824667400,2887587900,32139200,6252699350,5437137000,14609563450
2023-03-15,21450.0,21950.0,21250.0,21450.0,615691.0,1.9002375296912115,2634919350,61669200,4860447550,5694857650,2938033950,651099300,5385054700,4277705800,13251893750
2023-03-16,21300.0,21450.0,20900.0,21000.0,559495.0,-2.097902097902098,951881300,906551650,8158012850,1787240300,3107916100,227613550,3576152350,4892004100,11803686100
2023-03-17,21300.0,21500.0,21100.0,21300.0,617742.0,1.4285714285714286,2297432050,101879250,4286318100,6481236450,1164854200,509239350,4501992900,6990779400,13166865850
2023-03-20,21200.0,21750.0,21000.0,21100.0,551634.0,-0.9389671361502347,1300047500,452529800,8824967700,1152090700,1825619850,23093300,4978018950,4902903600,11729635700
2023-03-21,21250.0,21300.0,20850.0,20900.0,484097.0,-0.9478672985781991,456182250,67914100,8912457950,735296500,2515308450,196598250,3745186150,3714757950,10171850800
2023-03-22,21050.0,21100.0,20600.0,20700.0,692046.0,-0.9569377990430622,725017850,484173850,11075499900,2126811300,2695810700,63347100,6827097650,4825247450,14411502900
2023-03-23,20400.0,20500.0,20000.0,20250.0,835546.0,-2.1739130434782608,1446486850,100088000,13580973550,1779835350,4433593550,60270100,8624669900,3788850200,16907383750
2023-03-24,20250.0,20400.0,20150.0,20250.0,408544.0,0.0,740097000,149355500,5529292600,1849157350,1579539600,2055300,3226284150,3460023400,8267902450
2023-03-27,20350.0,20500.0,19960.0,20050.0,553799.0,-0.9876543209876543,1340518100,13368950,8098797470,1660457200,3791514940,163320,3845610750,3475852710,11113141720
2023-03-28,20100.0,20300.0,20000.0,20100.0,519161.0,0.24937655860349126,930388050,13112400,6969007700,2529637100,1495353350,0,3624853500,5321938400,10442145250
2023-03-29,20100.0,20350.0,19990.0,20100.0,633497.0,0.0,1278440950,110555900,6693827160,4647964540,1977702940,62857650,3772346150,6917881810,12730788550
2023-03-30,20250.0,21050.0,19970.0,20800.0,1093135.0,3.482587064676617,2549732090,467712450,11663874110,7689968210,2986813350,30465050,13069907210,6284101250,22371286860
2023-03-31,20850.0,21350.0,20600.0,20650.0,1032232.0,-0.7211538461538461,3697202350,16684450,7953684900,9932222250,1995799850,191678100,7710584650,11701731350,21599793950
2023-04-03,20950.0,21600.0,20950.0,21350.0,879214.0,3.389830508474576,7330599100,93792550,6570751950,4836598000,1881994350,229144800,11794548050,4926054400,18831741600
2023-04-04,21600.0,21600.0,21000.0,21300.0,645286.0,-0.234192037470726,2213480900,132817800,6653822450,4721362800,1858726200,612334300,4439447350,6810976100,13721483950
2023-04-05,21400.0,21600.0,21100.0,21150.0,571927.0,-0.7042253521126761,1817857900,1140796300,6176626100,3045068850,1235010900,190298450,4171973950,6583065850,12180349150
2023-04-06,21250.0,21300.0,20600.0,20650.0,988329.0,-2.3640661938534278,2256220000,411405100,11527791850,6500264500,3218647950,47342300,5692575900,11737115300,20695681450
2023-04-07,20800.0,21150.0,20650.0,21100.0,543515.0,2.1791767554479415,1419527650,209241350,6044391800,3703666550,2641291200,1124820900,4604064850,3006650400,11376827350
2023-04-10,21000.0,21250.0,20800.0,20850.0,507189.0,-1.1848341232227488,1152289250,126358100,6019144450,3331254100,1277873450,148438250,5046148150,4156586050,10629045900
2023-04-11,20950.0,21300.0,20700.0,21200.0,526752.0,1.6786570743405276,2222504900,52425000,4436868500,4389804600,1106028000,72126150,5582746250,4340702600,11101603000
2023-04-12,21200.0,21800.0,21050.0,21600.0,959109.0,1.8867924528301887,2592698800,242736150,10300478350,7565090900,2654031100,856416600,11093272550,6097283950,20701004200
2023-04-13,21500.0,21600.0,21200.0,21300.0,699646.0,-1.3888888888888888,2697234500,15364750,7383587300,4841713800,3512672600,38376350,3774102600,7612748800,14937900350
2023-04-14,21550.0,22250.0,21350.0,21800.0,920138.0,2.3474178403755865,5456298400,22171550,8103337700,6541811400,1568597800,429559450,12653889900,5471571900,20123619050
2023-04-17,21900.0,22250.0,21650.0,21950.0,671473.0,0.6880733944954129,3265281450,166725100,7330907600,3953236650,3342286450,153650,6055365800,5318344900,14716150800
2023-04-18,22000.0,22000.0,21450.0,21650.0,676855.0,-1.366742596810934,2906707450,29253950,6749846050,5011067750,2825386900,13371100,5685342550,6172774650,14696875200
2023-04-19,21700.0,22300.0,21700.0,21850.0,608237.0,0.9237875288683602,3376812600,153050,5303248750,4723019000,1488714050,264000,9041751900,2872503450,13403233400
2023-04-20,21950.0,22200.0,21550.0,21750.0,758968.0,-0.4576659038901602,4263621600,4689050,6280244100,6057920900,2359355900,14967250,7355979250,6876173250,16606475650
2023-04-21,21750.0,22550.0,21650.0,22300.0,825757.0,2.528735632183908,5077043050,29196550,7876181450,5234262550,2432166650,27543200,11175781100,4581192650,18216683600
2023-04-24,22250.0,22500.0,21200.0,21300.0,1084093.0,-4.484304932735426,2313900100,372376600,15395218050,5260737250,2641145250,203160400,5758188750,14739737600,23342232000
2023-04-25,21350.0,21550.0,20950.0,21050.0,851635.0,-1.1737089201877933,3243268600,512210400,7731092750,6536013550,2626281750,300903600,7376468400,7718931550,18022585300
2023-04-26,20950.0,21550.0,20850.0,21200.0,484627.0,0.7125890736342043,3161721100,302045150,3295920400,3530208750,2004913450,640169550,4614720400,3030092000,10289895400
2023-04-27,21200.0,21500.0,20850.0,21300.0,477108.0,0.4716981132075472,1790573250,82679250,4132132400,4124576150,2395658700,44684800,3748896400,3940721150,10129961050
2023-04-28,21400.0,22000.0,21200.0,21600.0,943070.0,1.4084507042253522,3657446400,17783500,8185864700,8566730450,3329226700,43665900,8510104750,8544827700,20427825050
2023-05-02,21250.0,21400.0,20200.0,20500.0,2765917.0,-5.092592592592593,2691409950,1567116700,41986122400,10581687750,14424268350,449664950,22165193800,19787209700,56826336800
2023-05-03,20100.0,20300.0,19820.0,20100.0,1859963.0,-1.951219512195122,2589616030,234365270,26006425190,8353263670,9522699820,277697800,18093763170,9289509370,37183670160
2023-05-04,20050.0,20700.0,20000.0,20650.0,867370.0,2.736318407960199,2741469900,112875950,7359562050,7502828150,2423329700,115663550,12208533050,2969209750,17716736050
2023-05-08,20600.0,21900.0,20550.0,21600.0,1677301.0,4.600484261501211,6183753650,675766250,10344829200,18838269800,1997464950,1040917850,28401765850,4602470250,36042618900
2023-05-09,21600.0,21800.0,21250.0,21550.0,655556.0,-0.23148148148148145,2968673300,149919350,6549760800,4481095450,1588185300,13168750,9232053050,3316041800,14149448900
2023-05-10,21200.0,21500.0,20850.0,20950.0,774236.0,-2.784222737819025,968876200,231508600,8906508250,6257019900,3723201250,105812850,7132423250,5402475600,16363912950
2023-05-11,21000.0,22100.0,21000.0,21700.0,1207123.0,3.579952267303103,4858027700,31836950,4789179150,16623578250,4612639550,281888650,15450177700,5957916150,26302622050
2023-05-12,21800.0,21850.0,21100.0,21100.0,504138.0,-2.7649769585253456,803373700,3383000,6321995850,3601580100,1796361900,4382200,2841520600,6088067950,10730332650
2023-05-15,20900.0,21350.0,20800.0,21050.0,370464.0,-0.23696682464454977,1797785200,21213100,3942134950,2027690600,1298919500,109292750,3005426750,3375184850,7788823850
2023-05-16,21050.0,21200.0,20700.0,20800.0,459330.0,-1.187648456057007,967654750,98316350,6137542350,2383085900,1169491650,74006400,4474078000,3869023300,9586599350
2023-05-17,20700.0,20850.0,20550.0,20600.0,423965.0,-0.9615384615384616,1045696350,51277150,6117855300,1551352750,1092618650,103500000,3741588350,3828474550,8766181550
2023-05-18,20800.0,21000.0,20600.0,20900.0,371641.0,1.4563106796116505,3088784050,19458150,2447242250,2172938650,1635901350,250159550,3887864450,1954497750,7728423100
2023-05-19,21050.0,21300.0,20950.0,21100.0,397589.0,0.9569377990430622,1971147950,24264800,3618530900,2784828500,617888450,276011850,4502507500,3002364350,8398772150
2023-05-22,21200.0,21950.0,21150.0,21500.0,670202.0,1.8957345971563981,3363957550,44838950,6189954050,4893683400,1372540700,91491850,9084277500,3944123900,14492433950
2023-05-23,21600.0,21850.0,21600.0,21650.0,329997.0,0.6976744186046512,2516588950,20181000,3027074500,1603026900,497242200,35774300,4999817450,1634037400,7166871350
2023-05-24,21500.0,22150.0,21400.0,21750.0,528345.0,0.4618937644341801,1770570750,11840250,5369136400,4390539750,1362708750,114455850,7362199200,2702723350,11542087150
2023-05-25,21850.0,21900.0,21350.0,21500.0,386381.0,-1.1494252873563218,1600829600,24880250,3819069700,2886789350,2467584550,21500000,3088409150,2754075200,8331568900
2023-05-26,21550.0,21600.0,21050.0,21150.0,397484.0,-1.627906976744186,476704800,22124700,6446459650,1484787400,1305414700,106000,2828938850,4295617000,8430076550
2023-05-30,21350.0,21600.0,21100.0,21200.0,376116.0,0.2364066193853428,1213530600,848500,4961539300,1825968400,1130295400,5908000,2973484050,3892199350,8001886800
2023-05-31,21350.0,21350.0,20750.0,20750.0,746071.0,-2.1226415094339623,1088903000,21732200,10102699600,4384712200,1027623750,239559900,2808941750,11521921600,15598047000
2023-06-01,20800.0,20900.0,20650.0,20750.0,326185.0,0.0,522904600,40583600,4962407750,1247439100,1507283200,0,2142708000,3123343850,6773335050
2023-06-02,20800.0,20950.0,20650.0,20850.0,367687.0,0.48192771084337355,1004380800,3117350,4974530250,1663400150,1240182150,0,3971292700,2433953700,7645428550
2023-06-05,21000.0,21350.0,20950.0,21300.0,399663.0,2.158273381294964,1329619450,422291150,4283800850,2447131350,535628500,118107150,5938774300,1890332850,8482842800
2023-06-07,21400.0,21450.0,21200.0,21250.0,420623.0,-0.2347417840375587,976400850,16102100,5822967450,2151104950,1221227150,1749800,4630223600,3113374800,8966575350
2023-06-08,21250.0,21450.0,20950.0,21300.0,512571.0,0.2352941176470588,5560351850,7321500,2589675250,2748066850,3313272300,5737800,4644791700,2941613650,10905415450
2023-06-09,21500.0,21600.0,21200.0,21400.0,426288.0,0.4694835680751174,2642988300,544147750,4728039650,1199664300,1700027100,96922300,3347027750,3970862850,9114840000
2023-06-12,21550.0,21600.0,21250.0,21400.0,331519.0,0.0,1895148850,106958350,3713018350,1375716850,621313450,26668000,3845771700,2597089250,7090842400
2023-06-13,21500.0,21850.0,21250.0,21550.0,740272.0,0.7009345794392523,5421792900,100645500,6024012400,4398963600,1258612150,30416650,9211665050,5444720550,15945414400
2023-06-14,21700.0,21900.0,21350.0,21400.0,540907.0,-0.6960556844547563,1504221300,9350500,6636952350,3542638350,2017986500,18069850,5874735100,3782371050,11693162500
2023-06-15,21400.0,21550.0,20900.0,21050.0,516708.0,-1.6355140186915886,1115158300,33608750,8719692000,1032793400,1925897050,13650000,4057023550,4904681850,10901252450
2023-06-16,21250.0,21350.0,20950.0,21200.0,474815.0,0.7125890736342043,1567984000,31977000,5338397000,3099330550,2354162700,107240050,3252233950,4324051850,10037688550
2023-06-19,21200.0,21950.0,21200.0,21750.0,721685.0,2.5943396226415096,4952341800,60985050,4969523000,5661763850,1298959200,59240500,11516712100,2769701900,15644613700
2023-06-20,21650.0,21800.0,21050.0,21050.0,602401.0,-3.218390804597701,1203243150,229740650,9940604050,1479166350,3441357450,8158400,3381332350,6021906000,12852754200
2023-06-21,21100.0,21100.0,20650.0,20800.0,564457.0,-1.187648456057007,1283125350,83798950,8835925650,1569913200,1868013750,8615000,4336293250,5559841150,11772763150
2023-06-22,20700.0,21000.0,20550.0,20700.0,581175.0,-0.4807692307692308,1154071350,114549200,8994540350,1765110250,3756924400,31664100,3846009950,4393672700,12028271150
2023-06-23,20700.0,20700.0,20000.0,20050.0,994382.0,-3.140096618357488,554690700,97410650,18777964400,689898000,4951352100,0,4460351700,10708259950,20119963750
2023-06-26,20250.0,20600.0,20050.0,20200.0,553310.0,0.7481296758104738,1213623200,565557600,7447395850,1977725900,974298900,12826200,6533359050,3683818400,11204302550
2023-06-27,20200.0,20350.0,20050.0,20200.0,330955.0,0.0,765753600,6812000,4991637800,911056600,1129402300,10090000,2534743550,3001024150,6675260000
2023-06-28,20200.0,20400.0,20150.0,20200.0,343692.0,0.0,775600900,37888350,4691966700,1447943750,1507575500,75770000,2935018300,2435035900,6953399700
2023-06-29,20150.0,20150.0,18570.0,18600.0,3375403.0,-7.920792079207921,2143775100,752684030,58270200360,3255953920,14732723610,537401320,26896317090,22256171390,64422613410
2023-06-30,18520.0,18780.0,18020.0,18640.0,1278914.0,0.21505376344086022,2713046650,45425300,15456260160,5421058000,4089769750,12862690,12305648570,7227509100,23635790110
2023-07-03,18740.0,19240.0,18550.0,19020.0,749529.0,2.03862660944206,3649637090,10172470,7086444850,3521113460,2223475690,31053960,8944296660,3068541560,14267367870
2023-07-04,18990.0,19070.0,18770.0,18830.0,577300.0,-0.9989484752891693,1406670830,210838250,6885668760,2408407690,2679227030,21438720,5195426600,3015493180,10911585530
2023-07-05,18830.0,18950.0,18030.0,18030.0,1825761.0,-4.248539564524695,1483569340,212146220,23126199140,8448942660,6297496570,237988890,19944766110,6790605790,33270857360
2023-07-06,15980.0,15990.0,14440.0,14520.0,9290211.0,-19.467554076539102,4803861280,2072973770,123560761680,9842364770,30184424480,688365950,82405505010,27001666060,140279961500
2023-07-07,14550.0,14570.0,13700.0,13750.0,5382930.0,-5.303030303030303,4732138060,917533990,58273216640,11288901260,32201012360,420492500,37581117230,5009167860,75211789950
2023-07-10,13620.0,14300.0,13370.0,14120.0,3836687.0,2.690909090909091,2885412350,465979950,35263301250,15258594850,9609580340,366123210,35568591180,8328993670,53873288400
2023-07-11,14160.0,14620.0,13930.0,14460.0,2349805.0,2.4079320113314444,1113462870,214517600,21125883950,11371211110,4440154470,531253470,19282801180,9570866410,33825075530
2023-07-12,14440.0,14530.0,14060.0,14220.0,1749897.0,-1.6597510373443984,907958110,81597820,16807792520,7137883530,5254066450,113280630,13779692000,5788192900,24935231980
2023-07-13,14250.0,14290.0,14090.0,14250.0,2323019.0,0.21097046413502107,5640009590,156770840,13975545220,13180332770,10310694730,35656350,11139372580,11466934760,32952658420
2023-07-14,14250.0,14290.0,13880.0,14170.0,1808910.0,-0.5614035087719298,2356235350,59116770,12920407070,10156500620,6316110080,241861210,12219286870,6715001650,25492259810
2023-07-17,14170.0,15080.0,14110.0,14900.0,3213649.0,5.151729004940014,2437630090,119209230,29824866190,14947306820,3415644050,198502060,31222383070,12492483150,47329012330
2023-07-18,14870.0,14870.0,14330.0,14480.0,1559195.0,-2.8187919463087248,966058150,364990390,15466236660,5818959590,3823086080,32835300,10918699210,7841624200,22616244790
2023-07-19,14570.0,14770.0,14430.0,14550.0,1054784.0,0.48342541436464087,1020345340,821192160,9132894210,4411785540,2804610330,163723540,7998504730,4419378650,15386217250
2023-07-20,14510.0,14670.0,14310.0,14310.0,1085625.0,-1.6494845360824744,1470206570,95078350,7761411250,6350857290,2242664190,14420,8227834960,5207039890,15677553460
2023-07-21,14310.0,14580.0,14260.0,14330.0,1002944.0,0.1397624039133473,967070540,99016330,7664550120,5688449090,4058591690,702950,6547924130,3811867310,14419086080
2023-07-24,14300.0,14300.0,14020.0,14110.0,938386.0,-1.5352407536636425,1376845360,91854650,7039463260,4739365800,2973541300,43845130,7630875300,2599267340,13247529070
2023-07-25,14110.0,14460.0,14000.0,14410.0,1361931.0,2.1261516654854713,1701056210,24093680,8113664870,9593200330,4050557370,76246760,9877458680,5427752280,19432015090
2023-07-26,14410.0,14420.0,13820.0,13980.0,1935171.0,-2.9840388619014573,5915281680,91118820,15933102610,5109266440,6852680080,1292356700,11235512990,7668219780,27048769550
2023-07-27,13910.0,14040.0,13510.0,13960.0,1541496.0,-0.14306151645207438,3131359340,79660170,10717732330,7352866000,3217826990,1422740,8105668550,9956699560,21281617840
2023-07-28,13950.0,14190.0,13810.0,14100.0,947685.0,1.002865329512894,1879462610,71212970,4863149210,6505137000,2297414630,4988820,5689244310,5327314030,13318961790
2023-07-31,14120.0,14900.0,13940.0,14610.0,1951048.0,3.6170212765957444,1719983950,60946510,8239068370,18236590430,3004636440,257726910,16781103310,8213122600,28256589260
2023-08-01,14640.0,14680.0,14380.0,14510.0,1309695.0,-0.6844626967830253,2140319080,143125700,10130548600,6599748170,1836519280,7882520,7348562510,9820777240,19013741550
2023-08-02,14470.0,14690.0,14350.0,14480.0,883218.0,-0.20675396278428668,628213440,66702510,7970833640,4120590780,2849133540,0,6266893450,3670313380,12786340370
2023-08-03,14400.0,14490.0,14200.0,14340.0,860086.0,-0.9668508287292817,2093426880,78133650,6734722740,3419627470,2475674090,6591710,4823185620,5020459320,12325910740
2023-08-04,14250.0,14380.0,14070.0,14310.0,472846.0,-0.20920502092050208,566472540,4880200,3784090670,2378273730,888279320,30115660,3138594630,2676727530,6733717140
2023-08-07,14310.0,14360.0,14160.0,14190.0,539975.0,-0.8385744234800839,328431100,5026310,5180632490,2163919130,1124411010,13403460,3687898950,2852295610,7678009030
2023-08-08,14180.0,14280.0,13970.0,13990.0,828956.0,-1.4094432699083863,971379520,25625700,8197801680,2470113800,1608099450,0,4345155700,5711665550,11664920700
2023-08-09,14020.0,14210.0,13900.0,14020.0,592627.0,0.21443888491779842,1008831160,19261680,4709532480,2595590350,1261851860,0,3322259220,3749104590,8333215670
2023-08-10,14020.0,14440.0,14020.0,14190.0,1039913.0,1.2125534950071328,2611666060,26371280,5783558070,6426752230,3203478680,0,7656826160,3988042800,14848347640
2023-08-11,14220.0,14550.0,14220.0,14320.0,751917.0,0.9161381254404511,888125200,57905810,6976636750,2910125200,578382980,1517900,6402871370,3850020710,10832792960
2023-08-14,14380.0,14400.0,14190.0,14290.0,456214.0,-0.20949720670391062,967293620,15609960,3933400370,1594644530,1025727150,32961460,3303639350,2148620520,6510948480
2023-08-16,14270.0,14270.0,13950.0,14000.0,603893.0,-2.0293911826452065,1217417490,291025200,5688240180,1288913200,597321770,119907800,3747101910,4021264590,8485596070
2023-08-17,13920.0,14050.0,13770.0,13830.0,729967.0,-1.2142857142857142,1210233990,35472570,7286077510,1595598410,1188890080,181919160,3540460680,5216112560,10127382480
2023-08-18,13830.0,14040.0,13680.0,13800.0,525448.0,-0.21691973969631237,1303336840,131574700,3860874600,1979602690,965466340,198145300,2953729140,3158048050,7275388830
2023-08-21,13800.0,14150.0,13800.0,13810.0,504355.0,0.07246376811594203,1611705720,7893330,3782241450,1624467970,789273250,167290790,2922609590,3147134840,7026308470
2023-08-22,13870.0,14050.0,13770.0,13870.0,605265.0,0.4344677769732078,1912006150,39428300,3684397070,2793904880,865370670,2539460,3960586640,3601239630,8429736400
2023-08-23,13900.0,14230.0,13770.0,13940.0,668796.0,0.5046863734679163,1921230530,88678190,4503770700,2845774090,883886190,11129000,3459673450,5004764870,9359453510
2023-08-24,14010.0,14220.0,13980.0,14120.0,476215.0,1.291248206599713,785241870,8536360,4408768640,1515239190,692680160,15705970,3205039270,2804360660,6717786060
2023-08-25,13990.0,14140.0,13970.0,14000.0,347147.0,-0.84985835694051,514480430,11230050,3113189810,1232162570,951460370,101325480,1859193140,1959083870,4871062860
2023-08-28,14000.0,14760.0,13440.0,14480.0,3145357.0,3.428571428571429,9511380260,110393610,23375319450,11529914130,1141128110,128508890,35699357270,7558013180,44527007450
2023-08-29,14590.0,14930.0,14440.0,14740.0,1250629.0,1.7955801104972375,2569251310,26008510,11782753600,4036214090,1231283170,211112710,12131743020,4840088610,18414227510
2023-08-30,14970.0,14970.0,14480.0,14510.0,591438.0,-1.5603799185888738,470695980,41244300,6510189540,1623059970,520522440,11048950,4919927130,3193691270,8645189790
2023-08-31,14530.0,14700.0,14380.0,14530.0,569984.0,0.13783597518952445,783464170,267185500,4826416320,2391950320,659741450,2551370,4208135870,3398587620,8269016310
2023-09-01,14540.0,14790.0,14420.0,14420.0,613348.0,-0.7570543702684102,526944410,25449470,6520624300,1866835750,1026742860,1364640,4958986960,2952759470,8939853930
2023-09-04,14500.0,14790.0,14350.0,14770.0,648845.0,2.4271844660194173,2230005360,15743240,4147763080,3108044250,778492030,2080340,6908401570,1812581990,9501555930
2023-09-05,14830.0,14880.0,14620.0,14690.0,598615.0,-0.5416384563303994,826350060,8207800,6248496160,1723762620,1728546020,19418220,3750988470,3307863930,8806816640
2023-09-06,14630.0,14680.0,14300.0,14410.0,854510.0,-1.9060585432266848,438769340,166524030,10092592820,1638047350,1847435610,13180420,5578467110,4896850400,12335933540
2023-09-07,14310.0,14390.0,14170.0,14250.0,437560.0,-1.1103400416377516,654849640,13417080,4146825590,1426670830,1064075440,370500,2960849720,2216467480,6241763140
2023-09-08,14240.0,14430.0,14100.0,14400.0,343165.0,1.0526315789473684,762292220,15442120,2718050950,1408508320,492904190,1058100,2445767360,1964563960,4904293610
2023-09-11,14470.0,14740.0,14400.0,14660.0,675671.0,1.8055555555555554,1466518130,73196080,5098074100,3243796930,566521230,312492770,7063805820,1938765420,9881585240
2023-09-12,14700.0,14730.0,14360.0,14380.0,498965.0,-1.9099590723055935,558495290,10671070,5331266070,1315443840,697515670,0,3417262900,3101097700,7215876270
2023-09-13,14360.0,14620.0,14300.0,14590.0,440945.0,1.4603616133518775,1041868110,234432890,3067776680,2048162900,577963080,762380,3969916300,1843598820,6392240580
2023-09-14,14640.0,14690.0,14480.0,14630.0,714260.0,0.2741603838245374,3982423720,3637840,3086668430,3361693750,2697735650,0,3879150970,3857537120,10434423740
2023-09-15,14630.0,14940.0,14580.0,14840.0,1006415.0,1.4354066985645932,2503616670,250566550,5085178240,7082638990,1012876560,154082300,8075823770,5679217820,14922000450
2023-09-18,14840.0,14920.0,14670.0,14670.0,502278.0,-1.1455525606469004,1023982700,36851990,4831120800,1506088630,679733770,2003600,2786441480,3929865270,7398044120
2023-09-19,14670.0,14750.0,14550.0,14720.0,324269.0,0.34083162917518744,657090490,4691300,2511861310,1579134140,628244620,7740760,2777447390,1339344470,4752777240
2023-09-20,14720.0,14790.0,14610.0,14710.0,313416.0,-0.06793478260869565,559818330,14273030,2819592750,1208678260,515747170,529920,2515399440,1570685840,4602362370
2023-09-21,14710.0,14790.0,14370.0,14420.0,579884.0,-1.9714479945615229,707207130,186392240,6527788510,991735080,1142318180,8936290,4209874460,3051994030,8413122960
2023-09-22,14370.0,14380.0,14190.0,14210.0,506075.0,-1.4563106796116505,614538200,344917490,5326760260,930559590,631812780,107382860,3670132260,2807447640,7216775540
2023-09-25,14200.0,14260.0,14050.0,14160.0,471306.0,-0.3518648838845883,917278890,226180450,4354057720,1168852130,641695460,111912640,3544026900,2368734190,6666369190
2023-09-26,14120.0,14170.0,13740.0,13800.0,926448.0,-2.5423728813559325,875115330,548894150,10216254740,1225525480,2097730150,23918290,4608412710,6135728550,12865789700
2023-09-27,13650.0,14060.0,13640.0,14030.0,429980.0,1.6666666666666667,1019699330,128498550,3521866000,1294573100,508893820,0,2724984540,2730758620,5964636980
2023-10-04,13990.0,14060.0,13510.0,13510.0,743177.0,-3.706343549536707,853657470,245630900,7886361130,1207160290,2324660820,55653630,4003735000,3808760340,10192809790
2023-10-05,13570.0,13700.0,13330.0,13390.0,472625.0,-0.8882309400444115,862153590,113178060,4758002250,622167920,791744370,15208380,1764163290,3784385780,6355501820
2023-10-06,13370.0,13540.0,13140.0,13300.0,596025.0,-0.6721433905899925,1075474800,456599560,5665015810,709386210,907199880,114466530,3756140110,3128669860,7906476380
2023-10-10,13340.0,13360.0,12670.0,12750.0,1443280.0,-4.135338345864661,1861599010,321257760,12048379690,4458745310,2007120540,26381320,7628595050,9027884860,18689981770
2023-10-11,12840.0,13130.0,12790.0,13050.0,663261.0,2.3529411764705883,1953611200,189313350,3623436820,2846336100,2267259240,1320710,3759038550,2585078970,8612697470
2023-10-12,13060.0,13480.0,13060.0,13330.0,592778.0,2.1455938697318007,1654090790,12806400,2775102430,3453062810,2765468160,32216800,3130311710,1967065760,7895062430
2023-10-13,13330.0,13400.0,13130.0,13170.0,356364.0,-1.2003000750187547,596448330,27698000,2532916120,1555810010,1041145790,22544040,1444984080,2204198550,4712872460
2023-10-16,13050.0,13340.0,13030.0,13290.0,448237.0,0.9111617312072893,1017633350,8612050,2204726700,2678757940,566648750,37618200,2593178510,2712284580,5909730040
2023-10-17,13380.0,13460.0,13140.0,13280.0,291833.0,-0.07524454477050413,630031600,20287080,2096001770,1136767410,503785510,38305200,1674259950,1666737200,3883087860
2023-10-18,13230.0,13550.0,13220.0,13550.0,1140657.0,2.033132530120482,1073138470,64143340,2297186530,11976490830,495178730,91572080,3537967690,11286240670,15410959170
2023-10-19,13420.0,13420.0,13210.0,13290.0,332022.0,-1.918819188191882,905052770,43213320,2911849080,547314690,853060250,18917860,1658672270,1876779480,4407429860
2023-10-20,13260.0,13470.0,12930.0,13370.0,562200.0,0.601956358164033,626509490,41393620,2789334080,3959549660,1419134980,2139600,3954511880,2041000390,7416786850
2023-10-23,13250.0,13360.0,12900.0,13000.0,678657.0,-2.7673896783844425,1232564670,189115770,5698663640,1724314570,2635697870,3972590,2639364420,3565623770,8844658650
2023-10-24,13000.0,13280.0,12780.0,13270.0,494521.0,2.076923076923077,1033362040,20726600,2784666140,2618561900,740351680,17682010,3795119070,1904163920,6457316680
2023-10-25,13270.0,13530.0,13210.0,13490.0,407073.0,1.6578749058025624,1390870600,12060900,1999243150,2056118600,748211230,5954800,3180705870,1523421350,5458293250
2023-10-26,13420.0,13430.0,13110.0,13190.0,387501.0,-2.2238695329873983,971138680,211542490,2221957950,1722218740,722927110,17596700,2282663000,2103671050,5126857860
2023-10-27,13200.0,13440.0,13180.0,13250.0,371243.0,0.45489006823351025,1050359510,239904240,2188251950,1454558550,733600630,13220,2568535110,1630925290,4933074250
2023-10-30,13150.0,13410.0,13150.0,13320.0,284245.0,0.5283018867924528,847305660,6280860,1559747600,1367668020,509411130,28806370,2085132880,1157651760,3781002140
2023-10-31,13420.0,13500.0,13080.0,13160.0,461674.0,-1.2012012012012012,1213691990,54182330,2507301150,2341673970,737781920,13955200,2891966850,2473145470,6116849440
2023-11-01,13210.0,13520.0,13210.0,13370.0,350543.0,1.5957446808510638,875613610,54701830,1414054130,2340109070,747806240,1065600,2159467990,1776138810,4684478640
2023-11-02,13490.0,13550.0,13330.0,13420.0,397242.0,0.3739715781600598,769463530,123749080,2793202450,1640903630,626936930,33287960,2412027110,2255066690,5327318690
2023-11-03,13510.0,13780.0,13470.0,13710.0,590514.0,2.1609538002980626,461172840,65739120,4152832400,3361088660,590094840,11055600,5915481440,1524201140,8040833020
2023-11-06,13960.0,14140.0,13750.0,14140.0,692287.0,3.1363967906637495,823802620,186534680,5296282100,3361369840,535956050,89429920,5481958360,3560644910,9667989240
2023-11-07,14140.0,14200.0,13950.0,14150.0,564421.0,0.07072135785007072,1835129960,174812140,3073701080,2860430920,771486900,17081830,4785773980,2369731390,7944074100
2023-11-08,14280.0,14640.0,14130.0,14540.0,782567.0,2.756183745583039,2555017460,209901740,5616211680,2904627990,1298300660,63629520,7525937860,2397890830,11285758870
2023-11-09,14540.0,14760.0,14380.0,14380.0,680697.0,-1.1004126547455295,1143633310,403072260,5744091400,2612119020,3595011320,42249030,5164136680,1101518960,9902915990
2023-11-10,14280.0,14560.0,14170.0,14470.0,302589.0,0.6258692628650904,1115195450,233330150,2258059990,747489450,293370900,77093390,2580656500,1402954250,4354075040
2023-11-13,14530.0,14530.0,14260.0,14340.0,293049.0,-0.8984105044920525,502787030,3677570,2249965800,1451401340,275431250,573850,2512126760,1419699880,4207831740
2023-11-14,14340.0,14570.0,14340.0,14490.0,277689.0,1.0460251046025104,1198773100,157321820,1513560870,1152200730,107478220,591450,2195447350,1718339500,4021856520
2023-11-15,14750.0,15250.0,14590.0,15200.0,1277815.0,4.899930986887509,4750144770,265687840,9037200190,5060347200,501588460,155221420,14983178500,3473391620,19113380000
2023-11-16,15200.0,15660.0,15070.0,15420.0,1011340.0,1.4473684210526316,3802664870,534217570,8690277600,2618103000,1022949620,65246900,12344726130,2212340390,15645263040
2023-11-17,15440.0,15950.0,15340.0,15810.0,1003117.0,2.529182879377432,3462336830,147333410,9567706210,2598700410,1202116310,45240210,10875838970,3652881370,15776076860
2023-11-20,15820.0,16340.0,15800.0,16000.0,858600.0,1.2017710309930425,2282464020,336215960,9658445000,1536546570,611053870,63581720,9117689290,4021346670,13813671550
2023-11-21,16180.0,16800.0,16050.0,16730.0,1387930.0,4.5625,4151503460,488170450,13663430990,4630232730,1261430380,371208090,16324648110,4976051050,22933337630
2023-11-22,16700.0,17100.0,16470.0,16970.0,1093733.0,1.434548714883443,4617527970,331026240,10995189810,2523365920,1285242870,84895170,11662756000,5434215900,18467109940
2023-11-23,17000.0,17400.0,16810.0,16910.0,1112043.0,-0.3535651149086624,3869585260,57414910,11233177170,3867437000,1787097520,873098480,14090089650,2277328690,19027614340
2023-11-24,16920.0,16940.0,16350.0,16670.0,1092770.0,-1.4192785334121822,2725913190,562115540,9972032100,4891351910,1661376650,814037290,14080446440,1595552360,18151412740
2023-11-27,16670.0,17020.0,16490.0,16790.0,671298.0,0.7198560287942412,1900882900,323098690,6042105940,2985651950,1722888260,58557690,7639021330,1831272200,11251739480
2023-11-28,16870.0,16940.0,16650.0,16810.0,496765.0,0.11911852293031568,1601853680,4429020,5188758780,1544221200,486365000,121977450,5946594570,1784325660,8339262680
2023-11-29,16800.0,16810.0,15850.0,16000.0,1145674.0,-4.818560380725759,831224620,346227550,11927772730,5513767980,1749663270,245701750,14815442720,1808185140,18618992880
2023-11-30,16010.0,16250.0,16010.0,16210.0,401914.0,1.3125,602161210,6102480,2680013880,3203714360,679495490,12957830,3215722080,2583816530,6491991930
2023-12-01,16270.0,16320.0,16060.0,16170.0,313102.0,-0.24676125848241826,751816070,407167070,2916840290,1003111990,904767380,124246040,2882444490,1167477510,5078935420
2023-12-04,16170.0,16380.0,16030.0,16240.0,330056.0,0.4329004329004329,627959320,18943340,2735978820,1965273660,438333150,166059480,3542193850,1201568660,5348155140
2023-12-05,16110.0,16220.0,15930.0,16020.0,496099.0,-1.354679802955665,1997427500,226419350,3807087040,1946859970,1281348590,389759660,4198844280,2107841330,7977793860
2023-12-06,16070.0,16250.0,15890.0,16140.0,381314.0,0.7490636704119851,1490451460,87804310,3464661090,1107854150,436578560,772016390,3134458230,1807717830,6150771010
2023-12-07,16040.0,16140.0,15870.0,15910.0,386588.0,-1.4250309789343247,590813640,224130020,3986155320,1376584560,462484950,591271400,3852223590,1271703600,6177683540
2023-12-08,16060.0,16110.0,15690.0,15900.0,645884.0,-0.06285355122564425,489961550,782019220,6594707830,2383539800,605574160,6643460,7066536170,2571474610,10250228400
2023-12-11,16010.0,16010.0,15220.0,15540.0,923961.0,-2.2641509433962264,824948130,214232890,10697223620,2562116550,2316818040,395602010,9613626310,1972474830,14298521190
2023-12-12,15570.0,16020.0,15510.0,15850.0,599635.0,1.9948519948519947,1864481730,0,5779791570,1834771130,1920091100,151380410,5508836530,1898736390,9479044430
2023-12-13,15850.0,15920.0,15550.0,15580.0,315575.0,-1.7034700315457414,946263310,114804780,3382859090,518823970,620090050,1511640,2495611550,1845537910,4962751150
2023-12-14,15930.0,15950.0,15640.0,15640.0,726713.0,0.38510911424903727,3094157020,187331200,5282225520,2886189580,4637174380,11792590,3747207390,3053728960,11449903320
2023-12-15,15700.0,16040.0,15690.0,15740.0,456496.0,0.639386189258312,1189130930,19016310,3709873970,2298988440,547339890,569252830,4322736180,1777680750,7217009650
2023-12-18,15720.0,15740.0,15270.0,15470.0,454006.0,-1.7153748411689964,870220580,4755370,4891075490,1251451980,464101210,30247050,5071472830,1451682330,7017503420
2023-12-19,15340.0,15610.0,15200.0,15500.0,482063.0,0.19392372333548805,2501677650,15790530,3424706860,1494024460,420797370,41142780,5148372810,1825886540,7436199500
2023-12-20,15550.0,15650.0,15470.0,15510.0,354869.0,0.06451612903225806,911736230,335633490,3464768580,805169980,1025302620,31519660,2619598980,1840887020,5517308280
2023-12-21,15480.0,15570.0,15390.0,15530.0,232360.0,0.1289490651192779,164531810,20454950,3094145110,318034740,101645850,122269680,2507934080,865317000,3597166610
2023-12-22,15530.0,15580.0,15440.0,15480.0,341681.0,-0.3219575016097875,443357830,206197710,4091956350,557592960,201382930,291100330,3704399700,1102221890,5299104850
2023-12-26,15480.0,16020.0,15360.0,15970.0,910251.0,3.1653746770025837,5482850650,1500113070,5906234630,1475293680,328956510,214927650,11508604330,2312003540,14364492030
2023-12-27,15720.0,15810.0,14820.0,15000.0,1606488.0,-6.073888541014402,304793560,2261479790,20260608700,1479544420,6596842990,195895940,10231039950,7282647590,24306426470
2023-12-28,14840.0,15120.0,14660.0,15020.0,730385.0,0.13333333333333333,2333320090,395830740,6305180100,1864169430,1203193050,200982630,6011924360,3482400320,10898500360
2024-01-02,14840.0,14870.0,14550.0,14730.0,725529.0,-1.9307589880159786,443970450,171545770,7974659910,2051565680,1664305520,30301710,7319412370,1627722210,10641741810
2024-01-03,14620.0,14810.0,14580.0,14670.0,447332.0,-0.40733197556008144,54506240,4720370,4916646190,1577158180,3092357670,14675000,2327211030,1118787280,6553030980
2024-01-04,14640.0,14680.0,14410.0,14410.0,415732.0,-1.772324471710975,62242440,54385970,5122053270,802016160,845007610,0,2964827610,2230862620,6040697840
2024-01-05,14420.0,14500.0,14270.0,14300.0,308544.0,-0.7633587786259541,44541580,46389160,3577955630,764811030,975564180,1082000,2662406650,794644570,4433697400
2024-01-08,14250.0,14570.0,14240.0,14310.0,269656.0,0.06993006993006994,38815790,2920900,2936644900,900476500,777418310,0,2340240060,761199720,3878858090
2024-01-09,14460.0,14950.0,14290.0,14830.0,451691.0,3.6338225017470296,1339574970,108922180,3306632710,1875319650,285502880,6344880,5245152230,1093449520,6630449510
2024-01-10,14730.0,15720.0,14720.0,15290.0,1032415.0,3.1018206338503034,1025639490,259888460,9108638870,5408728720,785002500,495772180,12219964710,2302156150,15802895540
2024-01-11,15370.0,15760.0,15050.0,15080.0,706391.0,-1.3734466971877044,1670531380,216926220,5952857030,2984450880,1624585100,1657850930,4525500090,3016829390,10824765510
2024-01-12,15150.0,15170.0,14740.0,14820.0,379051.0,-1.7241379310344827,772491340,277942300,3279348610,1315831080,403606650,453900,3219523070,2022029710,5645613330
2024-01-15,14790.0,14900.0,14650.0,14690.0,276543.0,-0.8771929824561403,1009486530,329666150,2041521830,701958080,322850860,2982700,2269454400,1487344630,4082632590
2024-01-16,14600.0,14860.0,14570.0,14620.0,305261.0,-0.4765146358066712,826371210,29055510,2365111760,1272797700,1046712280,0,2149388300,1297235600,4493336180
2024-01-17,14590.0,14690.0,14170.0,14280.0,509860.0,-2.3255813953488373,723295850,636585300,3965568980,2000227900,901287540,57400750,3299065670,3067924070,7325678030
2024-01-18,14260.0,14480.0,14190.0,14230.0,262270.0,-0.350140056022409,720303850,534155390,1791908060,708377100,690589150,545859170,1420707540,1097588540,3754744400
2024-01-19,14250.0,14520.0,14170.0,14250.0,285564.0,0.14054813773717498,638951580,47746300,1758577070,1648045930,723128630,41018510,1790194560,1538979180,4093320880
2024-01-22,14290.0,14340.0,14000.0,14030.0,406515.0,-1.5438596491228072,1647209720,31281860,3393319700,671065110,1851742840,386340540,2051288980,1453504030,5742876390
2024-01-23,14030.0,14150.0,13860.0,14100.0,375529.0,0.4989308624376337,1223654360,28598770,2744973240,1261836240,1151043510,38342150,2733571560,1336105390,5259062610
2024-01-24,14100.0,14140.0,13880.0,14140.0,190849.0,0.28368794326241137,563839100,7683170,1695667940,412557470,565882270,14140,1170372250,943479020,2679747680
2024-01-25,14130.0,14590.0,14020.0,14460.0,334912.0,2.263083451202263,1068522300,7655400,2333475510,1383053660,474370880,29100,2800603210,1517703680,4792706870
2024-01-26,14400.0,14950.0,14330.0,14860.0,356956.0,2.7662517289073305,408972370,193246920,2810219110,1871864020,641443950,5721140,4099947100,537190230,5284302420
2024-01-29,14850.0,15260.0,14740.0,15190.0,597669.0,2.220726783310902,1851808080,4345570,3528864240,3611452230,1412091980,469185930,5098419970,2016772240,8996470120
2024-01-30,15260.0,15520.0,15020.0,15090.0,464809.0,-0.6583278472679395,1456260310,56660130,3695612930,1865560880,1518910120,790370,4317506860,1236886900,7074094250
2024-01-31,15100.0,15360.0,14920.0,15110.0,739613.0,0.13253810470510272,1284849460,77199890,2695275250,7120114690,1376263600,2011650,3447072110,6352091930,11177439290
2024-02-01,15010.0,15870.0,14950.0,15690.0,1335139.0,3.8385175380542687,4941989180,28514460,7659730080,8264311780,1072091410,187429370,15666101760,3968922960,20894545500
2024-02-02,15520.0,15530.0,14740.0,15400.0,1165048.0,-1.8483110261312936,2236614030,192274370,10605062870,4596467980,2528520610,6866600,11626224820,3468807220,17630419250
2024-02-05,15310.0,15340.0,14880.0,15280.0,555335.0,-0.7792207792207793,675478150,198255800,4835828510,2688333820,1597368670,1746900,5051806450,1746974260,8397896280
2024-02-06,15200.0,15470.0,15140.0,15260.0,399788.0,-0.13089005235602094,339693260,28369720,3521926970,2219172780,618742460,13277250,2840576990,2636566030,6109162730
2024-02-07,15280.0,15570.0,15060.0,15570.0,474328.0,2.0314547837483614,1623963970,100892820,4138536730,1415298400,776674180,123970820,5043128980,1334917940,7278691920
2024-02-08,15500.0,15750.0,15240.0,15240.0,502424.0,-2.119460500963391,1087923400,6818320,4387145730,2284514310,3102108060,2492400,3097891710,1563909590,7766401760
2024-02-13,15220.0,15600.0,15180.0,15220.0,482918.0,-0.13123359580052493,1447197380,183614990,4525848170,1257026690,1263228660,2915700,3897509830,2250033040,7413687230
2024-02-14,15080.0,15230.0,14850.0,14910.0,611053.0,-2.036793692509855,352532400,193873360,7768892650,838508450,2114014480,410690,3695042250,3344339440,9153806860
2024-02-15,15040.0,15070.0,14870.0,14930.0,365983.0,0.1341381623071764,405128470,136521920,3968105230,963905100,567016500,6001860,3317647410,1582994950,5473660720
2024-02-16,15050.0,15370.0,14940.0,15330.0,434570.0,2.679169457468185,806468810,81348030,2688050090,3035596980,311153460,77732640,5746123640,476454170,6611463910
2024-02-19,15300.0,15790.0,15270.0,15700.0,670897.0,2.4135681669928246,1772357930,18868170,5410307690,3280038160,411306450,394919010,8598119620,1077226870,10481571950
2024-02-20,15800.0,15800.0,15440.0,15520.0,322540.0,-1.1464968152866242,330276450,1694550,3726836280,968000210,766593130,715320,2230652020,2028847020,5026807490
2024-02-21,15570.0,15780.0,15380.0,15420.0,243862.0,-0.6443298969072164,501614840,14547250,2847779850,415619990,470863310,3956970,1813866060,1490875590,3779561930
2024-02-22,15560.0,15700.0,15270.0,15650.0,459998.0,1.4915693904020753,1579265930,181996630,3750742760,1609355540,537023130,39708770,3986743870,2557885090,7121360860
2024-02-23,15650.0,15810.0,15470.0,15570.0,350016.0,-0.5111821086261981,732123260,47725200,3556383750,1126697680,584135260,435680,3590804140,1287554810,5462929890
2024-02-26,15700.0,15700.0,15270.0,15350.0,335713.0,-1.4129736673089275,886234190,14531770,3257832790,1003450820,484181920,0,2914005000,1763862650,5162049570
2024-02-27,15330.0,15700.0,15280.0,15320.0,303269.0,-0.19543973941368079,813566540,32315540,2795593830,1047157130,670821590,115422300,2785162340,1117226810,4688633040
2024-02-28,15330.0,16230.0,15250.0,16210.0,897343.0,5.809399477806789,1256574580,21721390,7080105520,5887405280,850498440,62730540,12209398000,1123179790,14245806770
2024-02-29,16100.0,16180.0,15860.0,15950.0,559515.0,-1.6039481801357187,528301730,150331110,5161327980,3105994170,1023542700,10487350,4564604670,3347320270,8945954990
2024-03-04,15960.0,16050.0,15680.0,15740.0,501887.0,-1.316614420062696,625504620,482802990,5682465780,1156678970,770731390,5093410,4691975630,2479651930,7947452360
2024-03-05,15720.0,15840.0,15560.0,15600.0,294054.0,-0.8894536213468869,258495040,63702270,3125766190,1161674510,648175870,237300,2657544290,1303680550,4609638010
2024-03-06,15550.0,15580.0,15110.0,15310.0,494629.0,-1.858974358974359,518020700,71376330,6351585710,637470990,752570740,15903760,3057448430,3752530800,7578453730
2024-03-07,15340.0,15390.0,15120.0,15150.0,324072.0,-1.0450685826257349,675776180,90308680,3821520390,340397470,1429523370,0,1964567400,1533911950,4928002720
2024-03-08,15270.0,15510.0,15250.0,15450.0,345895.0,1.9801980198019802,1071498590,940260,2289480550,1956313450,817283190,154375360,3350808290,995766010,5318232850
2024-03-11,15400.0,15510.0,15090.0,15110.0,441692.0,-2.2006472491909386,326747520,58515390,5757622320,581491860,1732242000,1407200,2872795930,2117931960,6724377090
2024-03-12,15110.0,15120.0,14860.0,15100.0,441074.0,-0.06618133686300463,595256680,90173560,5210152480,714966320,569750370,255105140,4215918690,1569774840,6610549040
2024-03-13,15200.0,15210.0,15060.0,15110.0,195751.0,0.06622516556291391,245023930,905400,2287329670,426327150,368975460,316890,1961606470,628687330,2959586150
2024-03-14,15200.0,15360.0,15100.0,15250.0,535066.0,0.9265387160820648,2390732440,3799360,3028696200,2735673890,3291142050,61066670,4156644690,650048480,8158901890
2024-03-15,15250.0,15440.0,15170.0,15390.0,478846.0,0.9180327868852459,774038160,3304500,2633772420,3929677120,501253660,336820,4258955010,2580246710,7340792200
2024-03-18,15390.0,15390.0,15100.0,15200.0,310410.0,-1.2345679012345678,593641330,9132510,3509280120,598377680,784194670,9120000,2070997220,1846119750,4710431640
2024-03-19,15130.0,15290.0,15010.0,15020.0,383666.0,-1.1842105263157896,462721060,45065210,4342872660,956872530,1621062760,7875200,2910108880,1268484620,5807531460
2024-03-20,15100.0,15100.0,14920.0,15010.0,363947.0,-0.06657789613848203,566245860,22849300,3989417950,875159950,1580641400,0,1719333230,2153698430,5453673060
2024-03-21,15110.0,15360.0,15090.0,15210.0,509377.0,1.3324450366422385,1610304140,26537050,3209460230,2931343820,1114318060,37087250,6211827630,414412300,7777645240
2024-03-22,15180.0,15300.0,15150.0,15190.0,183693.0,-0.13149243918474687,349736910,25242300,1836703970,580369610,512348540,0,1461878470,817825780,2792052790
2024-03-25,15180.0,15180.0,14960.0,14980.0,362651.0,-1.3824884792626728,287532880,260563140,4699182470,198993020,778947790,0,2898716590,1768607130,5446271510
2024-03-26,15000.0,15100.0,14940.0,15010.0,313531.0,0.20026702269692925,941160940,57459100,2673799180,1029194860,763790480,277715240,2788068260,872040100,4701614080
2024-03-27,14950.0,15160.0,14950.0,15070.0,285123.0,0.39973351099267157,1604610350,12096000,1748574460,938381360,834045370,31030740,2907357400,531228660,4303662170
2024-03-28,15060.0,15230.0,15000.0,15180.0,225699.0,0.7299270072992701,502523740,82537760,1937801730,893935590,293374170,0,1989734610,1133690040,3416798820
2024-03-29,15230.0,15230.0,14950.0,14950.0,271583.0,-1.5151515151515151,163085800,21634120,3750190720,146979250,699441390,6705000,1752195490,1623548010,4081889890
2024-04-01,14970.0,15380.0,14900.0,15060.0,195662.0,0.7357859531772575,544064710,3908100,1901968670,496698970,461401740,197577650,1697847910,589813150,2946640450
2024-04-02,14970.0,15060.0,14900.0,14980.0,321385.0,-0.5312084993359893,181807150,123700050,3379205730,1122238740,606360790,60143850,3289987200,850459830,4806951670
2024-04-03,15500.0,16550.0,15400.0,15630.0,4065591.0,4.339118825100133,3866071700,504259810,45533790270,14794100900,2801669190,1051208390,48438723390,12406621710,64698222680
2024-04-04,15760.0,15840.0,15100.0,15190.0,950723.0,-2.815099168266155,421635720,161664840,12157637700,1871431890,1223103240,50339440,8853028280,4485899190,14612370150
2024-04-05,15030.0,15290.0,15000.0,15120.0,365003.0,-0.4608294930875576,447420500,91772110,3967699190,1006729100,491251320,47642940,4069389140,905337500,5513620900
2024-04-08,15100.0,15110.0,14870.0,14940.0,409432.0,-1.1904761904761905,404998500,139995830,5258763550,324299210,767447840,14664770,4518107770,827836710,6128057090
2024-04-09,14860.0,15080.0,14860.0,14960.0,261322.0,0.13386880856760375,429232220,51062600,2789685970,639829590,314604720,16194900,2631593860,947416900,3909810380
2024-04-11,14860.0,14930.0,14590.0,14610.0,544634.0,-2.339572192513369,906239650,48134100,6005434160,1035630240,2855776570,739000,2834931440,2303991140,7995438150
2024-04-12,14580.0,14640.0,14380.0,14480.0,469855.0,-0.8898015058179329,563496960,162936830,4902292000,1175340450,1462012230,11615500,4008906030,1321532480,6804066240
2024-04-15,14320.0,14470.0,14150.0,14470.0,258778.0,-0.06906077348066297,580439540,124036730,2288071660,711711700,734528690,1439700,2379981770,588309470,3704259630
2024-04-16,14310.0,14440.0,14220.0,14300.0,278522.0,-1.1748445058742225,452473830,82684830,3012264540,426073240,1106657950,8950130,2471999770,385888590,3973496440
2024-04-17,14320.0,14360.0,14080.0,14080.0,321436.0,-1.5384615384615385,254160580,67378290,3884819060,353208290,993556950,21547550,1341532260,2202929460,4559566220
2024-04-18,14100.0,14330.0,14100.0,14270.0,167080.0,1.3494318181818181,498845700,38986120,1348589790,494699820,527469830,300180,1515289870,338061550,2381121430
2024-04-19,14200.0,14430.0,14040.0,14410.0,289808.0,0.9810791871058164,646942610,18860160,2425359950,1024073260,1096250610,4780850,2145972330,868232190,4115235980
2024-04-22,14490.0,14700.0,14400.0,14700.0,290773.0,2.012491325468425,754012590,38103600,2456679080,996712310,360978870,19321130,2562335580,1302872000,4245507580
2024-04-23,14660.0,14930.0,14620.0,14900.0,307250.0,1.3605442176870748,656580060,106263860,1542889640,2247666380,759911150,324246660,2641695160,827546970,4553399940
2024-04-24,14890.0,14990.0,14770.0,14910.0,230773.0,0.06711409395973154,721465370,2092430,1607634110,1110304130,669992030,68567350,1641059040,1061877620,3441496040
2024-04-25,14900.0,15080.0,14860.0,14920.0,261092.0,0.0670690811535882,593458880,17225760,1515887540,1793266640,855833100,1349700,2746156280,316499740,3919838820
2024-04-26,15000.0,15190.0,14840.0,15150.0,414714.0,1.5415549597855227,1275280730,3057950,2913911940,2073575380,1023595070,2735620,4421636740,817858570,6265826000
2024-04-29,15030.0,15640.0,14950.0,15640.0,774505.0,3.2343234323432344,1309475090,458070,3749420870,6872597360,1006261890,77860190,10289952370,557876940,11931951390
2024-04-30,15640.0,16720.0,15600.0,16480.0,2104657.0,5.3708439897698215,4089881440,96998330,10721457200,19570632660,1027028220,607138340,29698101780,3146701290,34478969630
2024-05-02,16320.0,16500.0,16130.0,16150.0,548663.0,-2.0024271844660197,2017791340,811000,3716538080,3195774380,581086000,32450990,4816282580,3501095230,8930914800
2024-05-03,16280.0,16290.0,16000.0,16080.0,303748.0,-0.43343653250773995,1354909370,34483820,2224233750,1288836540,266684430,32487910,3170734860,1432556280,4902463480
2024-05-07,16110.0,16430.0,16070.0,16270.0,368625.0,1.181592039800995,1515007880,1627000,2922165080,1553494430,230497960,495377980,4046110410,1220308040,5992294390
2024-05-08,16430.0,16500.0,16160.0,16180.0,264355.0,-0.5531653349723417,490431010,18905700,1950754350,1849755900,363990820,263686480,2377685980,1304483680,4309846960
2024-05-09,16180.0,16340.0,15900.0,15900.0,469165.0,-1.73053152039555,1545578990,5094000,3726986960,2245637470,3137435710,5724480,3324894490,1055242740,7523297420
2024-05-10,16050.0,16170.0,15850.0,15890.0,232004.0,-0.06289308176100629,934185540,61026080,1884736040,824784910,271950650,11130000,2107315280,1314336640,3704732570
2024-05-13,16020.0,16080.0,15620.0,15770.0,274995.0,-0.7551919446192574,718497470,11413890,2621281760,1003074880,1089242670,6327900,2041326190,1217371240,4354268000
2024-05-14,15770.0,16040.0,15660.0,15840.0,206951.0,0.4438807863031071,642144390,119539340,1768338640,743952760,512846470,48488000,1818311460,894329200,3273975130
2024-05-16,15990.0,16070.0,15700.0,15740.0,357956.0,-0.6313131313131313,929643450,472800,3191472810,1539576620,406193190,1634950,1961367700,3291969840,5661165680
2024-05-17,15710.0,15880.0,15540.0,15570.0,177324.0,-1.0800508259212198,125896820,10436200,2306832330,327543720,328174930,1105470,1680205800,761222870,2770709070
2024-05-20,15630.0,15840.0,15500.0,15650.0,259168.0,0.5138086062941554,1059232700,49885700,1812397890,1144473520,162420770,11136240,2469008190,1423424610,4065989810
2024-05-21,15550.0,15590.0,15360.0,15440.0,302722.0,-1.34185303514377,170173780,16258060,3853057920,631692100,338567770,46200000,1723597280,2562816810,4671181860
2024-05-22,15420.0,15630.0,15340.0,15470.0,243886.0,0.19430051813471502,482105310,30544640,1476879400,1794687910,433468210,73767770,1744928590,1532052690,3784217260
2024-05-23,15420.0,15500.0,15280.0,15350.0,200059.0,-0.7756948933419522,238587730,13414700,2540338350,286205620,517222330,385730,1073898550,1487039790,3078546400
2024-05-24,15230.0,15290.0,15100.0,15160.0,317013.0,-1.2377850162866448,234589920,170231250,3596868850,805564100,1000091340,152400,2197804980,1609205400,4807254120
2024-05-27,15160.0,15330.0,15120.0,15170.0,215796.0,0.06596306068601583,485555630,8795800,2230034850,557325840,571246300,15924000,1591694220,1102847600,3281712120
2024-05-28,15120.0,15200.0,15000.0,15100.0,271690.0,-0.4614370468029005,140837290,46356560,3128691190,775826020,443868660,10547910,2366039070,1271255420,4091711060
2024-05-29,15010.0,15100.0,14880.0,14930.0,347728.0,-1.1258278145695364,604831940,151457240,3779130260,659369460,586187790,14920,2287904920,2320681270,5194788900
2024-05-30,14850.0,14910.0,14590.0,14670.0,428937.0,-1.7414601473543203,279297530,124316660,4889235810,1016946280,1294510450,23402400,2415332690,2576550740,6309796280
2024-05-31,14800.0,15030.0,14710.0,14990.0,378797.0,2.1813224267212,1305928520,9113670,2151894190,2198151030,332318410,53992670,2804442760,2474333570,5665087410
2024-06-03,15040.0,15190.0,14950.0,15140.0,284239.0,1.0006671114076051,652758400,24083600,2284908310,1327911870,562109910,11624190,2594567780,1121360300,4289662180
2024-06-04,15040.0,15140.0,14730.0,14810.0,342614.0,-2.179656538969617,538781570,94003860,4155831300,309307700,1179688290,0,1915119610,2003116530,5097924430
2024-06-05,14810.0,14910.0,14740.0,14810.0,231914.0,0.0,215879130,20533150,2888815710,305644640,823900710,0,1642378200,964593720,3430872630
2024-06-07,14830.0,14920.0,14760.0,14820.0,186195.0,0.0675219446320054,306046580,22496130,2199120750,230986020,308641020,14948900,1342436810,1092622750,2758649480
2024-06-10,14710.0,14800.0,14660.0,14690.0,202573.0,-0.8771929824561403,206498620,26274200,2468130430,278549270,840565920,734500,1455921240,682230860,2979452520
2024-06-11,14720.0,14830.0,14590.0,14640.0,205864.0,-0.3403675970047651,139200610,8912260,2410689820,459558660,388335660,147900,1662209190,967668600,3018361350
2024-06-12,14640.0,14780.0,14630.0,14710.0,191021.0,0.47814207650273227,273860530,13874850,2373053620,144891480,335998050,147400,1516220830,953314200,2805680480
2024-06-13,14750.0,15100.0,14650.0,14650.0,539649.0,-0.4078857919782461,1537004840,82516710,4481434820,1899647040,2022370720,6999320,3725298580,2245934790,8000603410
2024-06-14,14650.0,14690.0,14490.0,14560.0,455998.0,-0.614334470989761,683590110,51494120,4467859250,1439090070,2477440810,466240,2345797030,1818329470,6642033550
2024-06-17,14550.0,14650.0,14500.0,14600.0,198825.0,0.27472527472527475,404190120,8419590,2068324480,417344650,366601780,18963530,1360553850,1152159680,2898278840
2024-06-18,14600.0,14660.0,14460.0,14470.0,250973.0,-0.8904109589041096,58801780,25575980,3332313190,226607290,875879690,11628180,1484668310,1271122060,3643298240
2024-06-19,14520.0,15050.0,14450.0,14900.0,494190.0,2.9716655148583278,1332253550,1894270,3231850250,2757918210,256001090,51380600,6170105960,846428630,7323916280
2024-06-20,14900.0,15210.0,14770.0,15140.0,314025.0,1.6107382550335572,1092254100,4687500,1623502990,2012905870,301496050,54342360,3738453620,639058430,4733350460
2024-06-21,15140.0,15580.0,14850.0,15090.0,701572.0,-0.33025099075297226,492882100,9495800,7266592710,2799635340,1540833000,7861360,4562636220,4457275370,10568605950
2024-06-24,14990.0,15070.0,14730.0,14760.0,299781.0,-2.1868787276341948,423449960,67436090,3656997100,301112030,399194270,899900,2212764420,1836136590,4448995180
2024-06-25,14890.0,15070.0,14700.0,15020.0,259102.0,1.7615176151761516,810199090,1870750,1649749880,1390903360,272376940,1200400,3243361580,335784160,3852723080
2024-06-26,14980.0,15150.0,14830.0,15150.0,284430.0,0.8655126498002662,1015066360,33628190,1766842310,1459021430,613458420,7645190,2688058290,965396390,4274558290
2024-06-27,15010.0,15020.0,14800.0,14800.0,240493.0,-2.31023102310231,112512920,13875770,3370974090,82870670,1009795780,21996800,948839900,1599600970,3580233450
2024-06-28,14830.0,15040.0,14770.0,15030.0,221039.0,1.5540540540540542,636930320,40154870,1013322950,1617070550,86558320,449700,2673679840,546790830,3307478690
2024-07-01,15000.0,15350.0,14940.0,15330.0,396459.0,1.996007984031936,1166821730,34152410,2263281640,2561339540,232968880,251199530,5340681940,200744970,6025595320
2024-07-02,15330.0,15330.0,14930.0,14970.0,344074.0,-2.3483365949119372,344300850,18370620,4046461070,772093470,805029730,613200,2264868340,2110714740,5181226010
2024-07-03,15040.0,15080.0,14840.0,14900.0,200050.0,-0.46760187040748163,501169760,9162200,2110923650,370401950,672637600,44610,1309105870,1009869480,2991657560
2024-07-04,14900.0,15080.0,14900.0,15070.0,198297.0,1.1409395973154361,1086129640,1498300,1114918900,772799880,320081060,23150050,1784367940,847747670,2975346720
2024-07-05,15010.0,15320.0,15010.0,15050.0,366824.0,-0.13271400132714,1325325770,6833200,2999317320,1228566670,377535770,20480940,3536486790,1625539460,5560042960
2024-07-08,14980.0,15300.0,14980.0,15220.0,231860.0,1.1295681063122924,513960070,5129250,1578415730,1429514220,402761960,12807170,2873479330,237970810,3527019270
2024-07-09,15290.0,15670.0,15250.0,15330.0,405670.0,0.7227332457293035,1198544900,15580000,2603814740,2442536200,569970150,6278870,4146836970,1537389850,6260475840
2024-07-10,15270.0,15330.0,15170.0,15180.0,170358.0,-0.9784735812133072,74050760,1220000,2249869440,274211470,530644730,504240,1187700840,880501860,2599351670
2024-07-11,15320.0,15580.0,15250.0,15460.0,444546.0,1.844532279314888,642376730,46059160,2452873180,3737517080,1546533080,21926280,4249129570,1061237220,6878826150
2024-07-12,15780.0,16640.0,15730.0,16050.0,2333987.0,3.8163001293661063,5104446600,137755510,21328735430,11094809240,2351734350,590259050,28672090550,6051662830,37665746780
2024-07-15,16120.0,17260.0,16050.0,17260.0,2751558.0,7.538940809968847,8947752250,1098400400,19941159590,16266609690,1530455400,1147026570,40172135780,3404304180,46253921930
2024-07-16,17260.0,17950.0,17070.0,17550.0,2222886.0,1.6801853997682505,9939390290,915836840,21159835640,7183082780,1994719860,841546920,29139314280,7222564490,39198145550
2024-07-17,17660.0,18620.0,17660.0,18220.0,2431903.0,3.8176638176638176,13570060940,337134080,20014191980,10480405180,3953688380,827303230,31639355940,7981444630,44401792180
2024-07-18,18300.0,18330.0,17630.0,17990.0,1200558.0,-1.2623490669593853,4338713950,546213150,10038947750,6550835450,4168611830,66010880,11379006790,5861080800,21474710300
2024-07-19,17900.0,18130.0,17630.0,17900.0,665850.0,-0.500277932184547,1103764500,27852850,5629889820,5103236380,2846770390,30866630,5236580850,3750525680,11864743550
2024-07-22,17870.0,17900.0,17510.0,17800.0,656752.0,-0.5586592178770949,1991729630,28542530,4264575720,5332784780,3298630420,21590500,6222779560,2074632180,11617632660
2024-07-23,17650.0,18220.0,17650.0,17730.0,714399.0,-0.39325842696629215,1137482740,5106470,6338479460,5330019800,3378205040,86820380,6990563840,2355499210,12811088470
2024-07-24,17730.0,18000.0,17620.0,17760.0,399069.0,0.1692047377326565,1030141400,188625370,2694140460,3192276030,1234833120,47692940,3646448950,2176208250,7105183260
2024-07-25,17680.0,17850.0,17500.0,17570.0,451340.0,-1.0698198198198199,881014470,18700840,2765878780,4279134680,968937780,334634930,4593365360,2047790700,7944728770
2024-07-26,17610.0,19300.0,17610.0,19210.0,2331978.0,9.3340922026181,7331743110,230912910,16214173800,20215458420,3344294400,789757400,33486223780,6372012660,43992288240
2024-07-29,19220.0,20100.0,19070.0,19680.0,1943456.0,2.4466423737636647,9883750290,39777500,15984073080,12437024280,3830337140,2065811780,22339622220,10108854010,38344625150
2024-07-30,19660.0,20150.0,19200.0,19820.0,988043.0,0.7113821138211381,4403681000,48027010,8755511550,6237002400,2208336050,176079230,11649464660,5410342020,19444221960
2024-07-31,19500.0,20400.0,19500.0,19850.0,1184941.0,0.15136226034308778,3778790810,77554790,11936463110,7944408660,2235305090,176869740,13688719020,7636323520,23737217370
2024-08-01,19800.0,20250.0,19430.0,20250.0,956158.0,2.0151133501259446,2374736660,177975520,7619441460,8858741860,2687848780,67802710,11388958740,4886285270,19030895500
2024-08-02,19860.0,19870.0,18870.0,19050.0,1188582.0,-5.9259259259259265,2433064460,286962570,15934013090,4118993030,5456952170,249122120,10526772380,6540186480,22773033150
2024-08-05,18420.0,18660.0,16650.0,17050.0,1702699.0,-10.498687664041995,2230068990,843713240,16108340870,10878692990,3839206750,132163790,19795218400,6294227150,30060816090
2024-08-06,17200.0,18120.0,17130.0,17300.0,1116688.0,1.466275659824047,2974227890,129822570,11780725440,4726645850,3449879730,132305900,8975033880,7054202240,19611421750
2024-08-07,17200.0,17360.0,16750.0,16750.0,1002152.0,-3.1791907514450863,1850442920,281600100,12272755920,2620128760,3824469400,14382950,6545203880,6640871470,17024927700
2024-08-08,16680.0,18780.0,16560.0,18640.0,1812519.0,11.283582089552239,8969328190,153782100,14508946740,9218402450,3420868840,373505750,20679566330,8376518560,32850459480
2024-08-09,18860.0,19540.0,18710.0,19130.0,1391506.0,2.628755364806867,8918527830,175665750,11883640140,5766594810,2181754220,295400600,15317037540,8950236170,26744428530
2024-08-12,19130.0,20100.0,18870.0,20050.0,1032868.0,4.809200209095661,7388604090,31392080,8851650160,4050246790,1223022910,302686990,14419174850,4377008370,20321893120
2024-08-13,19900.0,20050.0,19300.0,19430.0,670381.0,-3.092269326683292,3423425530,15743100,7059232510,2625061510,1535905170,24126030,7792110690,3771320760,13123462650
2024-08-14,19600.0,19750.0,19000.0,19370.0,529107.0,-0.3088008234688626,1763435500,194692800,5639082070,2594357740,951176080,122286590,6310887110,2807218330,10191568110
2024-08-16,19560.0,19680.0,19190.0,19300.0,456387.0,-0.3613835828600929,1339747540,18390800,4708318140,2777606990,765778080,157037070,5570616840,2350631480,8844063470
2024-08-19,19310.0,20000.0,19120.0,19940.0,987454.0,3.316062176165803,9910895970,109580290,5968058300,3482671750,2159457740,54459890,11246484830,6010803850,19471206310
2024-08-20,19800.0,21250.0,19770.0,20700.0,1767070.0,3.8114343029087263,8433472170,269119550,18603182900,9286481220,1538792110,159027100,25810493860,9083942770,36592255840
2024-08-21,20750.0,21650.0,20350.0,21050.0,1711663.0,1.6908212560386473,10419915250,423095900,18563290800,6963523750,4353571050,399431700,22500775950,9116047000,36369825700
2024-08-22,21050.0,21100.0,19770.0,19960.0,1279481.0,-5.178147268408551,1725712610,478884690,18362580240,5243356800,5355189070,338327100,14299050820,5817967350,25810534340
2024-08-23,19940.0,20700.0,19810.0,20450.0,783190.0,2.4549098196392785,4057690590,25349900,9084268650,2823785400,2131113930,93799200,9632759960,4133421450,15991094540
2024-08-26,21000.0,21700.0,20500.0,21300.0,1451832.0,4.156479217603912,8747495050,601066300,15775822400,5898339050,1640550500,554237700,23831977450,4995957150,31022722800
2024-08-27,21300.0,21750.0,21050.0,21550.0,918817.0,1.1737089201877933,7644855000,74124100,8769654700,3225843200,1797558000,99688150,12875887000,4941343850,19714477000
2024-08-28,21400.0,21450.0,20450.0,20650.0,865350.0,-4.176334106728538,1664808600,68054650,13322970900,2833073950,5220787900,319677850,8532119200,3816323150,17888908100
2024-08-29,20400.0,21150.0,20350.0,20950.0,699976.0,1.4527845036319613,5326451300,88574100,6815397300,2353102750,2768276850,31791650,9021065450,2762391500,14583525450
2024-08-30,20950.0,20950.0,20200.0,20500.0,728191.0,-2.1479713603818613,3594841800,38067550,7720926400,3551726700,3479799400,48262550,7722969500,3654531000,14905562450
2024-09-02,20350.0,20750.0,20250.0,20400.0,400978.0,-0.4878048780487805,935535250,18912000,5531393200,1692222950,1395309450,176431650,6011584800,594737500,8178063400
2024-09-03,20400.0,20450.0,20000.0,20250.0,531047.0,-0.7352941176470588,1253198350,14144750,6255925600,3230877150,991465600,3652000,8013109000,1745919250,10754145850
2024-09-04,19800.0,19960.0,19300.0,19700.0,917959.0,-2.7160493827160495,3100212270,14761370,8144072720,6708871400,7469337960,34649800,7854774610,2609155390,17967917760
2024-09-05,19700.0,19780.0,18650.0,18800.0,1205246.0,-4.568527918781726,2618915500,269611310,13187004600,6837599840,6778366520,539720090,11757316200,3837728440,22913131250
2024-09-06,18910.0,18980.0,18080.0,18250.0,821503.0,-2.925531914893617,1321488690,246318700,7442927100,5985315060,5219183160,584492000,7214679320,1977695070,14996049550
2024-09-09,18000.0,18800.0,17870.0,18670.0,532916.0,2.3013698630136985,2245958820,124199620,5454678030,2026370320,1941261870,55785190,4142147380,3712012350,9851206790
2024-09-10,18670.0,18670.0,18150.0,18260.0,383488.0,-2.196036422067488,697898900,1859010,3948473000,2398959110,1090435200,52595420,3562257990,2341901410,7047190020
2024-09-11,18270.0,18690.0,18110.0,18350.0,330211.0,0.49288061336254113,670914210,52515880,3491544540,1835471310,1002923350,27935890,2300408250,2719178450,6050445940
2024-09-12,18490.0,18980.0,18360.0,18610.0,572378.0,1.416893732970027,2265707190,109300700,4300238320,3990809050,3553020580,37416000,3236066420,3839552260,10666055260
2024-09-13,18710.0,19370.0,18660.0,19170.0,503858.0,3.0091348737238044,2496505850,3867920,4045769650,3044222800,1596654460,19020900,4737152140,3237538720,9590366220
2024-09-19,19550.0,19780.0,19000.0,19080.0,528377.0,-0.4694835680751174,3466738910,101686190,4868855790,1723742200,1811539430,15442100,4016780390,4317261170,10161023090
2024-09-20,19280.0,19370.0,18890.0,19160.0,506670.0,0.41928721174004197,2168208970,156161120,3924635090,3443466040,1645372210,18100800,3736454740,4292543470,9692471220
2024-09-23,19280.0,19400.0,18170.0,18250.0,689558.0,-4.749478079331942,2436643480,220367900,7655409960,2476826090,4456247180,38969540,5330935990,2963094720,12789247430
2024-09-24,18250.0,18910.0,18240.0,18910.0,477134.0,3.616438356164384,1996309900,50379800,2805250830,4005633890,816075790,117098030,6118876200,1805524400,8857574420
2024-09-25,19090.0,19100.0,18230.0,18230.0,541618.0,-3.5959809624537287,1686053600,215321960,6280719830,1836293270,2209145620,67091590,4472220640,3269930810,10018388660
2024-09-26,18390.0,18510.0,18180.0,18510.0,363611.0,1.5359297860669225,1590117450,49669010,2813371230,2228860660,2484618360,16798040,2651362550,1529239400,6682018350
2024-09-27,18510.0,18600.0,18020.0,18210.0,484236.0,-1.6207455429497568,1762169460,88751000,5099864230,1885555930,1951149350,114567520,4943661080,1826962670,8836340620
2024-09-30,18150.0,18530.0,18140.0,18340.0,316626.0,0.7138934651290499,1530244250,23354360,2060252520,2200604050,892994810,16602000,3579483220,1325375150,5814455180
2024-10-02,18340.0,18340.0,17560.0,18000.0,487761.0,-1.8538713195201746,1326466590,185886240,4841539670,2369270440,2429851460,72901380,3721020310,2499389790,8723162940
2024-10-04,17980.0,18040.0,17630.0,18040.0,555043.0,0.2222222222222222,1634066610,151279860,3496742460,4639328360,1554768270,23688660,3414779680,4928180680,9921417290
2024-10-07,17970.0,18030.0,17550.0,17810.0,588877.0,-1.2749445676274944,1728850000,106122100,5306806060,3326019960,5270654060,43784840,3147191630,2006167590,10467798120
2024-10-08,17780.0,18660.0,17710.0,18660.0,580216.0,4.772599663110612,1805659870,40438220,3466120780,5375100980,1352707900,75444790,7306334350,1952832810,10687319850
2024-10-10,18700.0,18700.0,18020.0,18220.0,607802.0,-2.3579849946409435,2237444490,255698410,4605320070,4000461950,4031831980,94357030,3047139630,3925596280,11098924920
2024-10-11,18400.0,19320.0,18320.0,18420.0,744631.0,1.0976948408342482,2912300270,247753670,6341836790,4504760880,2762803760,297437680,8483604060,2462806110,14006651610
2024-10-14,18600.0,18780.0,18170.0,18350.0,265664.0,-0.3800217155266015,799528170,39906310,3430357250,604989640,803261430,38994320,1643204940,2389320680,4874781370
2024-10-15,18360.0,18570.0,18140.0,18570.0,341782.0,1.1989100817438691,772286290,26849770,2463002970,3008287790,920846920,129697750,2219363320,3000518830,6270426820
2024-10-16,18250.0,18600.0,18150.0,18440.0,246060.0,-0.7000538502961766,703302050,11776000,2019334140,1793026750,862129200,0,2155702110,1509607630,4527438940
2024-10-17,18650.0,19140.0,18470.0,19020.0,746112.0,3.14533622559653,2945226590,144776370,4514385880,6530661280,1795316880,188260220,8490953680,3660519340,14135050120
2024-10-18,19020.0,19060.0,18500.0,18560.0,289446.0,-2.4185068349106205,557347650,87703960,4143307490,618256310,711288150,3086010,2010746940,2681494310,5406615410
2024-10-21,18600.0,18850.0,18520.0,18620.0,266273.0,0.3232758620689655,1510249120,170978140,1793383830,1496698770,1383958740,42556590,2245081550,1299712980,4971309860
2024-10-22,18530.0,18640.0,18200.0,18550.0,397320.0,-0.37593984962406013,1230827810,115546000,2529815830,3453543000,1729963910,77809420,3596391310,1925568000,7329732640
2024-10-23,18560.0,18590.0,17990.0,18070.0,475452.0,-2.587601078167116,634243350,175457020,6463114800,1351249780,2221822290,185183760,3068995810,3148063090,8624064950
2024-10-24,18070.0,18300.0,17880.0,18300.0,371030.0,1.2728278915329274,2099468860,1482620,1480781040,3147297810,788875190,28226050,3573707870,2338221220,6729030330
2024-10-25,18300.0,18300.0,17840.0,18100.0,323440.0,-1.092896174863388,2186304380,97246840,2468964280,1082288430,1004983720,8107320,1954035000,2867677890,5834803930
2024-10-28,18000.0,18290.0,17960.0,18270.0,170377.0,0.9392265193370166,1202041830,2739430,858989280,1033095460,501396920,19264660,1683473880,892730540,3096866000
2024-10-29,18270.0,18330.0,18090.0,18300.0,184639.0,0.16420361247947454,601395270,0,815481290,1949412490,439093370,19125050,1441940390,1466130240,3366289050
2024-10-30,18300.0,18300.0,17630.0,17870.0,465358.0,-2.349726775956284,1010427720,154871170,6146861670,988866690,2684374740,103549930,2552066510,2961036070,8301027250
2024-10-31,17860.0,17940.0,17440.0,17770.0,385472.0,-0.5595970900951315,1166634750,114405210,2499707200,3063463140,1453687420,1618270,2323745550,3065159060,6844210300
2024-11-01,17770.0,18170.0,17510.0,17820.0,294621.0,0.28137310073157007,1486600260,22749090,1660729240,2107289850,1307303800,40869550,2414790250,1514404840,5277368440
2024-11-04,17770.0,17780.0,17490.0,17700.0,364087.0,-0.6734006734006733,1037467500,1691400,4635277200,738493460,2428236230,18228200,1788352000,2178113130,6412929560
2024-11-05,17640.0,18310.0,17640.0,18240.0,332531.0,3.050847457627119,1100881050,1017800,1695251180,3231469430,849619480,13937800,4387352710,777709470,6028619460
2024-11-06,18260.0,18420.0,18040.0,18420.0,290243.0,0.9868421052631579,867711250,55050,2380029440,2041918020,593282980,14760830,3511995050,1169674900,5289713760
2024-11-07,18290.0,18450.0,18030.0,18200.0,398471.0,-1.1943539630836049,1137505750,15159250,3635880140,2448706320,3825025500,27036970,1984265750,1400923240,7237251460
2024-11-08,18250.0,18400.0,18070.0,18230.0,212659.0,0.16483516483516483,857014990,1105680,1675682420,1340641360,624304210,1702350,2239188470,1009249420,3874444450
2024-11-11,18230.0,18360.0,17590.0,17610.0,406564.0,-3.4009873834339004,700493260,112803410,5709844790,715548670,1784509860,76357940,3204484420,2173337910,7238690130
2024-11-12,17790.0,17790.0,17270.0,17390.0,485539.0,-1.2492901760363428,965300480,88915270,3709606340,3706051070,2818797500,6928170,4082886710,1561260780,8469873160
2024-11-13,17290.0,17400.0,16860.0,16920.0,384745.0,-2.7027027027027026,719009380,3789320,4098462060,1736130940,1017261150,5876700,4312777510,1221476340,6557391700
2024-11-14,17080.0,17560.0,17000.0,17500.0,451757.0,3.4278959810874707,1913166620,17400,2221442300,3707036470,2751044260,44475450,3377137470,1669005610,7841662790
2024-11-15,17500.0,17690.0,17180.0,17690.0,320815.0,1.0857142857142856,1893052180,0,1441625510,2290678000,1284962210,5337220,2540423710,1794632550,5625355690
2024-11-18,17690.0,18250.0,17520.0,18140.0,492203.0,2.5438100621820237,1773613890,289470,2792087640,4314884450,1665251890,41689440,5015205220,2158728900,8880875450
2024-11-19,18020.0,18250.0,17900.0,18250.0,258828.0,0.6063947078280044,831923250,8977820,1015934490,2818977770,1181631710,11572480,2017027840,1465581300,4675813330
2024-11-20,18250.0,18250.0,17780.0,17800.0,285222.0,-2.4657534246575343,517119720,8901000,3554884040,1026681590,1771546440,904840,1429118250,1906016820,5107586350
2024-11-21,17820.0,18450.0,17760.0,18450.0,374889.0,3.651685393258427,1491371230,1004950,1480639290,3864860370,883428760,195199560,5026713150,732534370,6837875840
2024-11-22,18450.0,18770.0,18260.0,18500.0,279676.0,0.27100271002710025,1451807500,7445170,1958379040,1777903710,851996950,179095190,3311319740,853123540,5195535420
2024-11-25,18540.0,19200.0,18500.0,19170.0,637262.0,3.6216216216216215,2174309890,103496160,1910108870,7933779250,1254286690,323206130,8548335400,1995865950,12121694170
2024-11-26,19050.0,19780.0,18980.0,19780.0,746556.0,3.1820552947313505,5987979370,31452160,3958649460,4612771280,1798281940,371431560,9318925720,3102213050,14590852270
2024-11-27,19750.0,19750.0,19250.0,19400.0,338237.0,-1.9211324570273005,1481291800,49428690,2805011000,2240512430,1141688030,12733920,3056367490,2365454480,6576243920
2024-11-28,19480.0,19880.0,19180.0,19600.0,310518.0,1.0309278350515463,2350301390,192900,2011495760,1735161960,1052226620,33284430,3334267970,1677372990,6097152010
2024-11-29,19800.0,19800.0,19100.0,19480.0,321260.0,-0.6122448979591837,1557903290,101957610,1729680190,2818684300,1461031210,14385600,2581284070,2151524510,6208225390
2024-12-02,19480.0,19630.0,19000.0,19280.0,279157.0,-1.0266940451745379,1598597630,190008110,1786346120,1801673850,1160498120,24353020,2921975220,1269799350,5376625710
2024-12-03,19440.0,20100.0,19310.0,20050.0,685780.0,3.993775933609958,2692202290,7692880,3219616380,7722563470,854422950,294567220,10912900700,1580184150,13642075020
2024-12-04,19880.0,19880.0,18840.0,19250.0,753738.0,-3.99002493765586,1420165430,407846710,8399512950,4261454340,2376017100,9010190,6313391470,5790560670,14488979430
2024-12-05,19080.0,19260.0,18680.0,18800.0,281520.0,-2.3376623376623376,769240650,19773700,2685745830,1851388580,1989091690,2638850,2050355660,1284062560,5326148760
2024-12-06,18770.0,18890.0,17840.0,18680.0,595458.0,-0.6382978723404255,1655491260,204010940,4621358370,4442940370,2898680020,387569880,5179116070,2458434970,10923800940
2024-12-09,18470.0,18470.0,17030.0,17130.0,781757.0,-8.297644539614561,1370975330,271100460,9816754520,2235230770,3295505570,79542470,5515171470,4803841570,13694061080
2024-12-10,17300.0,18470.0,17230.0,18260.0,501920.0,6.596614127262113,1180309250,4465950,2178150010,5694959670,2483557910,9255230,4078410760,2486660980,9057884880
2024-12-11,18020.0,18390.0,17740.0,18200.0,271185.0,-0.32858707557502737,768748780,8133860,2907783770,1200539190,1840525510,810970,1440370650,1603498470,4885205600
2024-12-12,18200.0,18300.0,17830.0,18190.0,548558.0,-0.054945054945054944,4356935350,2009240,2338521190,3225668870,6017445460,216032000,1786356420,1903300770,9923134650
2024-12-13,18160.0,18620.0,18140.0,18560.0,253149.0,2.034084661902144,891822160,0,1618508630,2171073010,1393596220,10530660,2405802190,871474730,4681403800
2024-12-16,18650.0,18760.0,18250.0,18300.0,171996.0,-1.4008620689655173,706693750,3439070,1855312750,598908650,1014339910,57068080,1266712200,826234030,3164354220
2024-12-17,18400.0,18660.0,18180.0,18430.0,347343.0,0.7103825136612022,1167744020,329630,1570099610,3645971700,2657848140,165532130,2002684030,1558080660,6384144960
2024-12-18,18490.0,18500.0,18170.0,18440.0,204653.0,0.05425935973955508,460113490,1275480,1944336470,1341534720,1724240210,1667600,1631542600,389809750,3747260160
2024-12-19,18120.0,18340.0,17710.0,18340.0,276534.0,-0.5422993492407809,615438770,663410,1782245010,2614588560,1426333380,627900,2491080520,1094893950,5012935750
2024-12-20,18130.0,18340.0,17800.0,17800.0,245559.0,-2.9443838604143946,365225290,20032000,3242062730,783814130,896885500,108620,1054866760,2459273270,4411134150
2024-12-23,17970.0,18220.0,17830.0,18190.0,119696.0,2.191011235955056,456199620,435500,780054810,926102130,271895350,109098550,1517922700,263875460,2162792060
2024-12-24,18190.0,18480.0,17870.0,18100.0,264310.0,-0.4947773501924134,668046380,0,1830002900,2321052890,1670299880,29248540,2203196500,916357250,4819102170
2024-12-26,18220.0,18230.0,17630.0,17730.0,379070.0,-2.0441988950276246,814455840,23857860,4813351070,1078898330,2415874670,211522370,2725359230,1377806830,6730563100
2024-12-27,17680.0,17700.0,17350.0,17520.0,286491.0,-1.1844331641285957,1236841400,3677620,2348973590,1423623700,886994660,0,2265939780,1860181870,5013116310
2024-12-30,17510.0,17910.0,17340.0,17350.0,254437.0,-0.9703196347031963,191947090,4349560,2440222380,1814438550,1593726670,8937660,789769190,2058524060,4450957580
2025-01-02,17380.0,17740.0,17220.0,17350.0,344088.0,0.0,1370008910,6990050,1758436670,2859861940,4008064060,10578000,1287053730,689601780,5995297570
2025-01-03,17280.0,18010.0,17280.0,17950.0,326266.0,3.45821325648415,677635050,64383180,2515727760,2534746990,818008720,71400,3489146130,1485266730,5792492980
2025-01-06,17850.0,18040.0,17690.0,17970.0,174333.0,0.11142061281337048,336723080,1225040,1512167720,1264186790,946291660,248360,1531514930,636247680,3114302630
2025-01-07,17950.0,18430.0,17810.0,18430.0,391258.0,2.559821925431274,917061070,0,1506004900,4739727070,588048970,43931820,5386770860,1144041390,7162793040
2025-01-08,18230.0,18380.0,17910.0,18150.0,281712.0,-1.519262072707542,487921510,64843820,2547712360,2005774530,1654163770,10541440,1531494380,1910052630,5106252220
2025-01-09,18050.0,18160.0,17730.0,17740.0,347301.0,-2.2589531680440773,863527680,33482100,2973107480,2338828890,2279622600,1745740,2916408180,1011169630,6208946150
2025-01-10,17740.0,18200.0,17740.0,18200.0,280291.0,2.593010146561443,424874330,11200590,1300309050,3314722150,1537135890,7194700,2596104480,910671050,5051106120
2025-01-13,18190.0,18190.0,17350.0,17420.0,629175.0,-4.285714285714286,414572480,346792690,9642229390,609602910,2814284800,19759340,2531131110,5648022220,11013197470
2025-01-14,17420.0,17490.0,17190.0,17490.0,300918.0,0.4018369690011481,165297880,18516170,2787472730,2245511690,1212795820,0,2240997730,1763004920,5216798470
2025-01-15,17510.0,17520.0,17040.0,17130.0,463995.0,-2.0583190394511153,33327840,87905500,6215809660,1619971420,2710015570,14878650,2719852870,2512267330,7957014420
2025-01-16,17260.0,17390.0,17050.0,17310.0,458329.0,1.0507880910683012,237729280,2551400,3797599940,3856577870,2368552320,6497380,4010769140,1508639650,7894458490
2025-01-17,17280.0,17280.0,16960.0,16960.0,375453.0,-2.021952628538417,236641800,61344630,5521976930,584622610,2340735140,0,2623484600,1440366230,6404585970
2025-01-20,17000.0,17120.0,16910.0,17010.0,172874.0,0.294811320754717,117226560,101940,2001843960,818002810,1019193580,18343000,1517251740,382386950,2937175270
2025-01-21,17090.0,17180.0,16880.0,16960.0,276854.0,-0.29394473838918284,308047710,10063810,2195889840,2191689490,1327959930,2293110,2756644430,618793380,4705690850
2025-01-22,17020.0,17640.0,16800.0,17470.0,722184.0,3.0070754716981134,422656900,6198780,4164176420,7887612340,1619035370,84990740,8001665330,2774953000,12480644440
2025-01-23,17590.0,17840.0,17360.0,17580.0,377857.0,0.6296508299942759,561624530,17968270,2685175620,3358565450,901520740,165261490,3052994260,2503557380,6623333870
2025-01-24,17580.0,17830.0,17440.0,17820.0,409365.0,1.3651877133105803,1337673970,10162610,2257569480,3656397200,890100720,6310350,4915749820,1449642370,7261803260
2025-01-31,17950.0,17950.0,17260.0,17260.0,583892.0,-3.1425364758698096,686393570,30442920,5060363370,4360057160,602523110,12507250,2394625720,7127600940,10137257020
2025-02-03,17110.0,17110.0,16620.0,16970.0,444439.0,-1.6801853997682505,551162010,32720340,5332921880,1558820550,739260940,19118070,4297678060,2419567710,7475624780
2025-02-04,17010.0,17500.0,16970.0,17500.0,322129.0,3.1231585150265175,1579893030,2244600,1293694750,2706399080,819676380,3123260,3225305090,1534126730,5582231460
2025-02-05,17300.0,17760.0,17260.0,17300.0,338689.0,-1.1428571428571428,1068283300,2690790,3430944730,1402368000,1101312650,41011400,1872004780,2889957990,5904286820
2025-02-06,17500.0,17820.0,17290.0,17500.0,509064.0,1.1560693641618496,1429933040,3311330,3857079800,3663490340,645522560,3334300,5284738580,3020219070,8953814510
2025-02-07,17450.0,17810.0,17410.0,17520.0,253870.0,0.1142857142857143,1317598270,9205190,2371947010,768783830,1013226370,1759640,1751392450,1701155840,4467534300
2025-02-10,17440.0,17680.0,17400.0,17450.0,262439.0,-0.3995433789954338,1416841010,0,2189783670,999467180,1040962650,438620,2436520580,1128170010,4606091860
2025-02-11,17500.0,17600.0,17310.0,17390.0,283509.0,-0.3438395415472779,742950850,35337640,2581017090,1570581050,764414040,785720,1786384140,2378302730,4929886630
2025-02-12,17470.0,17500.0,17270.0,17440.0,159233.0,0.28752156411730884,607678270,2940540,945697280,1214991840,474433620,12157570,1610734750,673981990,2771307930
2025-02-13,17700.0,18790.0,17540.0,18650.0,1183845.0,6.9380733944954125,7684265640,170688250,7092033410,6776410390,2648517230,129049100,16021359680,2924471680,21723397690
2025-02-14,18710.0,18740.0,18420.0,18710.0,377491.0,0.32171581769436997,1547587690,112126050,3253853040,2114644510,568175390,6871900,3963022940,2490141060,7028211290
2025-02-17,18690.0,18770.0,18460.0,18700.0,347329.0,-0.053447354355959376,934550480,2098720,2763001270,2756380700,1866174040,19347990,3333363870,1237145270,6456031170
2025-02-18,18640.0,19800.0,18470.0,19560.0,809265.0,4.598930481283422,4076677590,56491410,6686616700,4785860200,547467970,304085500,12671479300,2082613130,15605645900
2025-02-19,19660.0,19660.0,19060.0,19060.0,482618.0,-2.556237218813906,1457638860,253363600,6075025210,1491952490,464778330,50550330,3793176340,4969475160,9277980160
2025-02-20,19000.0,19090.0,18570.0,18570.0,429703.0,-2.570828961175236,993716360,44217660,4180122830,2811783370,1630815960,13284420,2681879940,3703859900,8029840220
2025-02-21,18540.0,18720.0,18420.0,18540.0,175304.0,-0.16155088852988692,408290850,0,1857720870,995440540,189636360,8461010,1661095420,1402259470,3261452260
2025-02-24,18360.0,18620.0,18270.0,18450.0,246067.0,-0.48543689320388345,633537910,73463400,2690921190,1127242360,797827430,184681370,2072544870,1470111190,4525164860
2025-02-25,18450.0,18850.0,18290.0,18650.0,322482.0,1.084010840108401,1566577290,1785460,3001184380,1430778820,460689420,77067480,3291602740,2170966310,6000325950
2025-02-26,18600.0,18870.0,18440.0,18770.0,378987.0,0.6434316353887399,2095509400,11149850,2384525570,2596400300,117710380,9733410,3392452280,3567689050,7087585120
2025-02-27,18770.0,18810.0,18310.0,18540.0,261283.0,-1.2253596164091636,493276140,36486040,3104908120,1202004390,1323236840,887350,1804565370,1707985130,4836674690
2025-02-28,18270.0,18330.0,17560.0,17570.0,673017.0,-5.2319309600862995,621120040,600398320,8362234480,2393014250,2103150010,7633240,2526594390,7339389450,11976767090
2025-03-04,17460.0,17620.0,17250.0,17460.0,312465.0,-0.6260671599317018,1532215350,70811270,2592187540,1256142500,1193169075,4178400,1759104290,2494904895,5451356660
2025-03-05,17430.0,18360.0,17430.0,18200.0,347471.0,4.238258877434135,705040235,2176570,1822550970,3747469835,1312304905,74489160,4225739950,664703595,6277237610
2025-03-06,18270.0,18700.0,18200.0,18280.0,334016.0,0.43956043956043955,979526760,37632640,3122861505,1998829935,608341310,102906910,3236648115,2190954505,6138850840
2025-03-07,18230.0,18870.0,18120.0,18390.0,399419.0,0.6017505470459519,1443454615,11733050,2721111295,3239899665,379695940,1961850,4754733530,2279807305,7416198625
2025-03-10,18400.0,18860.0,18110.0,18610.0,329199.0,1.1963023382272975,1659942865,26832060,2628606140,1793055205,413262995,14371070,3016069575,2664732630,6108436270
2025-03-11,18270.0,18405.0,17860.0,17970.0,433920.0,-3.4390112842557765,693499605,94493900,4840139445,2202050625,1420630640,30664980,2029258535,4349629420,7830183575
2025-03-12,18050.0,18440.0,18030.0,18080.0,295412.0,0.6121313299944352,1938303840,10398325,1677872895,1758636150,882533570,53214730,2195570630,2253892280,5385211210
2025-03-13,18100.0,18330.0,17700.0,17740.0,437221.0,-1.8805309734513276,1881067775,60019935,3966890465,1927010750,3147528720,38676110,1695481855,2953302240,7834988925
2025-03-14,17750.0,18120.0,17690.0,17780.0,190385.0,0.2254791431792559,571184580,18505360,1601508240,1210144590,844863200,3973540,1244052175,1308453855,3401342770
2025-03-17,17990.0,18140.0,17770.0,17950.0,113614.0,0.9561304836895388,724356570,38632280,749973955,523636490,226640415,10862580,778100475,1020995825,2036599295
2025-03-18,18030.0,18140.0,17790.0,17820.0,194609.0,-0.724233983286908,478391450,11987820,1918017600,1083607420,695971280,11065090,1378081370,1406886550,3492004290
2025-03-19,17970.0,18240.0,17810.0,17820.0,246706.0,0.0,546803755,5445890,2537401810,1346005090,527769010,28672160,1503127745,2376087630,4435656545
2025-03-20,17900.0,17970.0,17490.0,17490.0,283186.0,-1.8518518518518516,225274570,52351745,4445617755,263459965,866695215,46897840,1450488480,2622622500,4986704035
2025-03-21,17550.0,17600.0,17310.0,17580.0,429114.0,0.5145797598627788,627650435,2744790,1963091815,4931597020,686280010,48391350,1683102895,5107309805,7525084060
2025-03-24,17550.0,17680.0,17420.0,17440.0,162567.0,-0.7963594994311717,336206725,505760,1898978070,609235285,854139675,15942480,679124475,1295719210,2844925840
2025-03-25,17390.0,17670.0,17060.0,17180.0,344361.0,-1.4908256880733946,416439130,0,4287464305,1235493670,496933700,9796190,1687244040,3745423175,5939397105
2025-03-26,17280.0,17340.0,17150.0,17150.0,183381.0,-0.17462165308498254,537083140,3244080,1622244910,995661830,296630830,0,832499630,2029103500,3158233960
2025-03-27,17130.0,17660.0,17130.0,17370.0,300650.0,1.282798833819242,909047400,18587330,1560793255,2762113485,399643365,8597840,3391762055,1450538210,5250541470
2025-03-28,17470.0,17500.0,16990.0,17120.0,380219.0,-1.4392630972941853,682066945,77070470,4561174070,1176851440,1548786635,4105240,551370210,4392900840,6497162925
2025-03-31,17010.0,17150.0,16850.0,16960.0,342758.0,-0.9345794392523363,834989895,116285620,2761047980,2099926745,896843650,0,958197420,3957209170,5812250240
2025-04-01,17010.0,17260.0,16860.0,16970.0,337927.0,0.0589622641509434,1658653830,6820000,2469653030,1618240735,740993535,0,1453814020,3558560040,5753367595
2025-04-02,17000.0,17150.0,16650.0,16720.0,422210.0,-1.473187978786093,1057379035,40965050,3811801375,2189823235,3161643790,14741900,1807853320,2115729685,7099968695
2025-04-03,16520.0,16720.0,16340.0,16650.0,292897.0,-0.41866028708133973,1098092870,54398430,1950440755,1737259140,792438550,17793840,1484968650,2544990155,4840191195
2025-04-04,16400.0,16750.0,16230.0,16750.0,396212.0,0.6006006006006006,1957071105,144351340,2839571630,1583494050,1807595080,14507000,1928534190,2773851855,6524488125
2025-04-07,16300.0,16450.0,15550.0,15550.0,577434.0,-7.164179104477612,948973060,552688700,6097130810,1539720510,1881363055,5168935,2960920735,4291060355,9138513080
2025-04-08,15800.0,16120.0,15620.0,15700.0,450330.0,0.964630225080386,1127648000,4204880,3112770625,2885781470,3046699570,4272880,2178398885,1901033640,7130404975
2025-04-09,15410.0,15520.0,15190.0,15340.0,376813.0,-2.2929936305732483,1071342605,120392200,2447432385,2136140885,478581245,7960380,1841626490,3447139960,5775308075
2025-04-10,16010.0,16260.0,15800.0,16160.0,383645.0,5.345501955671447,1453126080,1677920,1529696550,3196864085,2110721765,42029520,2492415205,1536198145,6181364635
2025-04-11,16050.0,16300.0,15920.0,16300.0,186988.0,0.8663366336633664,814937205,11375000,943832295,1250193220,722714855,98665420,1113339985,1085617460,3020337720
2025-04-14,16350.0,16420.0,16210.0,16350.0,189633.0,0.3067484662576687,1068754475,2234710,1216534740,808048120,878980170,821000,723854675,1491916200,3095572045
2025-04-15,16300.0,16600.0,16290.0,16490.0,188356.0,0.8562691131498471,752344700,72663160,1148037705,1137626305,494246920,8894480,998028660,1609501810,3110671870
2025-04-16,16480.0,16770.0,16460.0,16550.0,207897.0,0.3638568829593693,1420505575,1991570,1065570565,965094130,724960565,1661000,1289697280,1436842995,3453161840
2025-04-17,16630.0,16630.0,16340.0,16440.0,354407.0,-0.6646525679758308,1714456190,15568020,1670122380,2418250090,2161618300,2484595,384868455,3269425330,5818396680
2025-04-18,16450.0,16760.0,16450.0,16650.0,149403.0,1.2773722627737227,692759940,1934990,862342680,928262865,458395620,25038020,1381665960,620200875,2485300475
2025-04-21,16620.0,16770.0,16530.0,16590.0,122249.0,-0.36036036036036034,654071750,47505300,837735555,492507490,223777985,29593840,697712020,1080736250,2031820095
2025-04-22,16530.0,16740.0,16530.0,16600.0,201957.0,0.06027727546714888,820688415,20314670,1168744170,1345175655,270509280,365530,744893960,2339154140,3354922910
2025-04-23,16790.0,16960.0,16740.0,16810.0,201502.0,1.2650602409638554,1060266295,135360,853073180,1482990335,258919760,15561000,1668648885,1453335525,3396465170
2025-04-24,16890.0,17240.0,16840.0,17120.0,257018.0,1.8441403926234383,1078908815,3793915,1658275190,1656551520,839232120,37083880,2120185335,1401028105,4397529440
2025-04-25,17200.0,17360.0,17110.0,17240.0,265327.0,0.7009345794392523,2122005915,256950,1345618295,1111550100,290595010,6470790,1833442750,2448922710,4579431260
2025-04-28,17300.0,18050.0,17280.0,17980.0,509682.0,4.292343387470997,2957072835,82149300,2920802945,3133099535,260807525,124464595,6300225325,2407627170,9093124615
2025-04-29,17970.0,18080.0,17680.0,17850.0,283731.0,-0.7230255839822024,1209937850,53999260,2079225805,1730996030,321931730,2355530,1739647685,3010224000,5074158945
2025-04-30,17820.0,18460.0,17810.0,18250.0,601687.0,2.2408963585434174,2846103185,57817960,3408965340,4596897255,492380450,81321650,6043094105,4292987535,10909783740
2025-05-02,18220.0,18320.0,17660.0,17740.0,422287.0,-2.7945205479452055,423851235,10884990,4772864740,2311752280,947178790,25600100,1172903255,5373671100,7519353245
2025-05-07,17850.0,18430.0,17680.0,18200.0,443723.0,2.593010146561443,1752059305,80334130,3502174775,2747725525,1024633150,89219470,4336076145,2632364970,8082293735
2025-05-08,18290.0,18340.0,17780.0,17830.0,506450.0,-2.032967032967033,1744602765,9179160,5030312865,2298167275,4222207580,3865370,2110782810,2745406305,9082262065
2025-05-09,17850.0,18130.0,17830.0,17890.0,270114.0,0.33651149747616377,1832130930,37037500,1469571580,1516181910,794768110,193993840,1890236720,1975923250,4854921920
2025-05-12,18160.0,19050.0,18150.0,18970.0,858416.0,6.036892118501956,7373674120,36914980,4269025630,4491791315,454919750,103203550,11321972810,4291309935,16171406045
2025-05-13,18790.0,18970.0,18610.0,18810.0,311693.0,-0.8434370057986295,2176873690,10293060,2155296260,1507906270,406444610,21498090,1928986175,3493440405,5850369280
2025-05-14,19000.0,19230.0,18880.0,18940.0,333412.0,0.6911217437533227,3098603720,27773390,1578788100,1654191045,166915690,110438810,3266663495,2815338260,6359356255
2025-05-15,18800.0,18960.0,18530.0,18530.0,303007.0,-2.164730728616684,1112244325,78828100,2678098965,1785270555,495091375,0,1146909025,4012441545,5654441945
2025-05-16,18720.0,19500.0,18670.0,19200.0,649919.0,3.6157582298974638,3767885845,8599680,5073174195,3662083400,443007305,210472880,9397370225,2460892710,12511743120
2025-05-19,19050.0,19880.0,19030.0,19220.0,460727.0,0.10416666666666667,3638273700,39494240,2946141600,2333184135,734855980,276462960,3689851635,4255923100,8957093675
2025-05-20,19390.0,19560.0,18860.0,19140.0,467346.0,-0.41623309053069724,2716275445,14565630,3472304540,2756012780,594124000,24964730,2564168335,5775901330,8959158395
2025-05-21,19300.0,19790.0,19200.0,19360.0,521424.0,1.1494252873563218,5314240500,16675240,2863583180,1997001730,859992675,3093760,4038300365,5290113850,10191500650
2025-05-22,19220.0,19600.0,19000.0,19030.0,478913.0,-1.7045454545454544,3174907635,61116860,3812091395,2170509140,967166460,13255300,2444152890,5794050380,9218625030
2025-05-23,19360.0,20650.0,19330.0,20500.0,1322827.0,7.724645296899632,10820529995,189540010,8580324935,7240809990,744273130,774776120,20144888780,5167266900,26831204930
2025-05-26,21000.0,21350.0,20100.0,20950.0,1016855.0,2.195121951219512,10283708925,11040950,6374810100,4533240025,2146301625,129486700,11454379800,7472631875,21202800000
2025-05-27,20800.0,21150.0,20700.0,21000.0,459051.0,0.23866348448687352,4057183275,10881800,3840157950,1707567650,1858559175,214623000,3503458425,4039150075,9615790675
2025-05-28,21500.0,23250.0,21350.0,22600.0,2370831.0,7.6190476190476195,17485204800,360481525,22019564375,13797518175,5156317275,1166679250,36484073700,10855698650,53662768875
2025-05-29,22350.0,23450.0,22250.0,23250.0,1123278.0,2.8761061946902653,10121572425,270781000,10266454175,5205307400,2560079525,175129000,14595951050,8532955425,25864115000
2025-05-30,23050.0,23150.0,22100.0,22650.0,1188038.0,-2.5806451612903225,2301169600,426260275,9151653675,14883947775,3570371325,93752550,10912949875,12185957575,26763031325
2025-06-02,22250.0,23050.0,22250.0,22550.0,521218.0,-0.44150110375275936,1438713825,90848900,4983684200,5275926850,2185410575,2184150,5226410525,4375168525,11789173775
2025-06-04,23100.0,23400.0,22700.0,23100.0,692500.0,2.4390243902439024,4796819975,102094000,6691570500,4405717825,1400825475,39090950,7417481250,7138804625,15996202300
2025-06-05,23550.0,23650.0,22750.0,23500.0,1314374.0,1.7316017316017316,11335848425,158055550,10773136625,8253171900,3574082650,107730150,11952256725,14886142975,30520212500
2025-06-09,23650.0,24400.0,23200.0,23400.0,927631.0,-0.425531914893617,6145224575,212093000,10035247175,5551944925,3620398175,86746950,10611172125,7626192425,21944509675
2025-06-10,23450.0,24600.0,23400.0,24000.0,1066344.0,2.564102564102564,9652848575,101879550,9309697525,6715515125,2492830750,80551950,14768874175,8437683900,25779940775
2025-06-11,23800.0,24300.0,23550.0,24150.0,664626.0,0.625,7906355550,43360750,4243719525,3787376275,3681281600,29294825,7075323200,5194912475,15980812100
2025-06-12,24200.0,24850.0,23500.0,23650.0,1090948.0,-2.070393374741201,3952326425,35999200,9372711625,12849391650,7825221350,79496050,8527517950,9778193550,26210428900
2025-06-13,23800.0,23950.0,22650.0,23000.0,893400.0,-2.748414376321353,2487522150,54700800,6569403975,11501813625,2626679625,274492950,11344971900,6367296075,20613440550
2025-06-16,22900.0,23900.0,22850.0,23800.0,596110.0,3.4782608695652173,3412326500,37760500,5844069825,4712883700,3134801550,167760075,6686005025,4018473875,14007040525
2025-06-17,24250.0,24350.0,22650.0,23200.0,1553163.0,-2.5210084033613445,3109533525,127201725,12263255400,20586764275,22213781200,88396150,8252017200,5532560375,36086754925
2025-06-18,22850.0,23250.0,22400.0,22600.0,849858.0,-2.586206896551724,3095681450,100789700,7955476025,8095926700,8416519000,63079300,5895616775,4872658800,19247873875
2025-06-19,22800.0,22900.0,21650.0,22200.0,854419.0,-1.7699115044247788,1611967825,44376900,9004362925,8162976700,7424658475,42775100,8822259200,2533991575,18823684350
2025-06-20,22250.0,22300.0,21550.0,21850.0,636317.0,-1.5765765765765765,773833875,22640175,5354033875,7743369300,2565351075,7334050,3841555125,7479636975,13893877225
2025-06-23,21350.0,21650.0,21250.0,21450.0,567635.0,-1.8306636155606408,937824800,2187700,6234238675,5006871500,5075863650,32511450,4752905075,2319842500,12181122675
2025-06-24,22200.0,22450.0,21550.0,21950.0,634249.0,2.331002331002331,2175058525,138568500,8372370700,3226728375,2878055875,26206550,3401042925,7607420750,13912726100
2025-06-25,22300.0,23050.0,22150.0,22400.0,845424.0,2.050113895216401,1320939075,122449625,12475595825,5174999200,1924272050,146092450,8475086775,8548532450,19093983725
2025-06-26,22400.0,22500.0,21250.0,21650.0,854313.0,-3.3482142857142856,1355758725,66146850,10270443975,6762029850,4936575800,17151250,6867585925,6633066425,18454379400
2025-06-27,21900.0,22050.0,21100.0,21300.0,528474.0,-1.6166281755196306,1093230925,29781900,6523669950,3673271475,3107269275,21688050,4330384075,3860612850,11319954250
2025-06-30,21350.0,21500.0,20550.0,20750.0,626849.0,-2.5821596244131455,1593632675,175849400,5263209550,6080629050,4838367825,180567325,4346560125,3747825400,13113320675
2025-07-01,20850.0,21750.0,20800.0,20850.0,730421.0,0.48192771084337355,3330359025,13098200,6280358025,5900298575,1684612650,63828450,5365018425,8410654300,15524113825
2025-07-02,20850.0,21200.0,20450.0,21100.0,420178.0,1.1990407673860912,2542445425,86808400,2395312800,3729368725,945619200,10730800,3282789775,4514795575,8753935350
2025-07-03,21300.0,21400.0,20950.0,21300.0,443066.0,0.9478672985781991,897628275,76175450,4914604000,3497589525,3321386050,12913050,2113766000,3937932150,9385997250
2025-07-04,21400.0,21450.0,20700.0,20800.0,420465.0,-2.3474178403755865,1628019450,101290100,5464878475,1627279725,3938096750,30914350,1797016750,3055439900,8821467750
2025-07-07,20800.0,21000.0,20350.0,20550.0,389970.0,-1.201923076923077,355260100,71694750,4257925900,3331691100,4519205500,43784900,1952377350,1501204100,8016571850
2025-07-08,20700.0,21100.0,20650.0,20950.0,456837.0,1.9464720194647203,1320690475,11404900,3969977425,4258106425,2312760525,251400,2378408700,4868758600,9560179225
2025-07-09,20950.0,21450.0,20700.0,21400.0,377004.0,2.1479713603818613,1658558800,40364200,3670759600,2651010775,1952174225,3435700,3737271400,2327812050,8020693375
2025-07-10,21450.0,21500.0,20800.0,20850.0,736719.0,-2.570093457943925,3031482500,17656800,9121844125,3246902625,9480610325,0,1816978025,4120297700,15417886050
2025-07-11,21000.0,21250.0,20750.0,20900.0,458710.0,0.2398081534772182,1100151275,50496800,6113430775,2353240250,3336392275,28268150,4025045025,2227613650,9617319100
2025-07-14,21000.0,21350.0,20800.0,21250.0,447444.0,1.674641148325359,444096000,107602500,4202697975,4721004250,1197763075,6566800,5432597800,2838473050,9475400725
2025-07-15,21350.0,21450.0,20800.0,21050.0,540860.0,-0.9411764705882352,486380400,180875750,5664875525,5045882050,2216772575,0,5482912275,3678328875,11378013725
2025-07-16,21050.0,21100.0,20550.0,20550.0,402476.0,-2.375296912114014,356243250,27788500,5868394525,2101600925,2578944925,13061750,2997104800,2764915725,8354027200
2025-07-17,20650.0,20750.0,20250.0,20550.0,367787.0,0.0,979114375,147815850,3682834950,2725418675,2718209525,139288550,2798654150,1879031625,7535183850
2025-07-18,20700.0,20750.0,20300.0,20600.0,247559.0,0.24330900243309003,547849575,4748000,2791607400,1717291225,1323982800,184500,1877226775,1860102125,5061496200
2025-07-21,20500.0,20550.0,20150.0,20250.0,397871.0,-1.6990291262135921,1475960125,88102100,4229007000,2271768000,2312763675,5432750,4031203650,1715437150,8064837225
2025-07-22,20250.0,20350.0,19870.0,20050.0,505670.0,-0.9876543209876543,874812475,35284310,5788003505,3441419970,2857627270,10100000,5032089090,2239703900,10139520260
2025-07-23,20250.0,20400.0,19880.0,20300.0,268953.0,1.2468827930174564,881799405,62364400,2510992830,1968909120,1415064115,10408250,2311102905,1687490485,5424065755
2025-07-24,20400.0,20600.0,20050.0,20050.0,339700.0,-1.2315270935960592,1764638375,5251700,3063383300,2046735075,1272410275,2055000,1995451625,3610091550,6880008450
2025-07-25,20050.0,20150.0,19890.0,20050.0,332839.0,0.0,867078160,40313900,2818137055,2931602780,3092959290,0,1827164290,1737008315,6657131895
2025-07-28,19990.0,20150.0,19590.0,19600.0,480426.0,-2.2443890274314215,1284565620,35551890,5152519730,3012895810,3849418795,69686500,3102820965,2463606790,9485533050
2025-07-29,19600.0,20200.0,19350.0,20200.0,518468.0,3.061224489795918,1607693175,26278500,3285985945,5423847880,1139539465,29766140,3656875010,5517624885,10343805500
2025-07-30,20050.0,20500.0,19440.0,19570.0,980910.0,-3.118811881188119,1614057905,147752110,14729326000,2826006800,4401698910,9047620,5026671875,9879724410,19317142815
2025-07-31,19610.0,19640.0,19340.0,19350.0,892818.0,-1.1241696474195195,3202660195,64931315,6682515395,7436278930,5021473915,2001240,3061441060,9301469620,17386385835
2025-08-01,19250.0,19370.0,18740.0,18780.0,600116.0,-2.945736434108527,546551260,33625000,6935950890,3882682870,1725216955,5839500,5651244085,4016509480,11398810020
2025-08-04,18810.0,18970.0,18630.0,18900.0,393161.0,0.6389776357827476,581157610,32524850,4539920460,2257989770,3170291730,25989670,1510043910,2705267380,7411592690
2025-08-05,19030.0,19480.0,19020.0,19400.0,395496.0,2.6455026455026456,1578393305,125357800,2919383340,2997669205,2251791675,15257850,3238327885,2115426240,7620803650
2025-08-06,19280.0,19730.0,19220.0,19540.0,302093.0,0.7216494845360825,1018937030,5870070,2674199900,2218846990,663782520,3587270,2860311770,2390172430,5917853990
2025-08-07,19560.0,19590.0,19310.0,19540.0,355649.0,0.0,570252820,11924100,3169534585,3153986860,2813424150,4441470,2136317840,1951514905,6905698365
2025-08-08,19620.0,19740.0,19370.0,19480.0,289124.0,-0.3070624360286591,354259800,6948000,3157718615,2125558800,2032153100,4370310,2129637475,1478324330,5644485215
2025-08-11,19500.0,19500.0,18910.0,19060.0,340938.0,-2.1560574948665296,363633815,34060940,3730027770,2376718745,1461452670,1029290,3745174205,1296785105,6504441270
2025-08-12,19030.0,19270.0,18950.0,18970.0,240200.0,-0.472193074501574,135704400,66360930,2962538760,1406612365,846062730,3948470,1147869055,2573336200,4571216455
2025-08-13,18990.0,19060.0,18180.0,18540.0,986687.0,-2.2667369530838166,850601130,160430550,9361480800,7880063785,5740756675,204276840,6653326685,5654216065,18252576265
2025-08-14,18540.0,18630.0,18380.0,18570.0,404772.0,0.16181229773462785,1781330285,7215240,2722022470,2979166815,4629340530,8805570,1366433700,1485155010,7489734810
2025-08-18,18560.0,18820.0,18440.0,18640.0,451988.0,0.3769520732364028,753431195,5613770,1938325465,5744963755,2494434705,36556630,1495608940,4415733910,8442334185
2025-08-19,18640.0,18720.0,18190.0,18590.0,485436.0,-0.26824034334763946,826963040,12548700,2552321490,5601698810,2835164420,81760910,1544591195,4532015515,8993532040
2025-08-20,18630.0,18630.0,18070.0,18600.0,485154.0,0.05379236148466917,1372667185,24142670,2827354695,4670227710,2383258875,7651250,2313661225,4189820910,8894392260
2025-08-21,18680.0,19080.0,18500.0,18890.0,437248.0,1.5591397849462365,932974520,48825550,3227189805,4032615080,2109344865,68804480,2741387520,3322068090,8241604955
2025-08-22,18950.0,19410.0,18790.0,19070.0,456561.0,0.9528851244044468,2805423790,263969520,3814116525,1813673280,1908029285,15971760,3168115500,3605066570,8697183115
2025-08-25,19250.0,19560.0,19050.0,19100.0,424906.0,0.15731515469323545,2025086345,286071440,3207530035,2650257605,1325390220,6891300,2791917030,4044746875,8168945425
2025-08-26,19000.0,19100.0,18750.0,18820.0,454943.0,-1.4659685863874345,611824080,128149880,2520522755,5309463280,3094484435,1878000,1886600580,3586996980,8569959995
2025-08-27,18860.0,19000.0,18740.0,18900.0,308898.0,0.4250797024442083,627199260,0,1424104080,3781019685,2406935835,5553660,1331416480,2088417050,5832323025
2025-08-28,18810.0,18940.0,18630.0,18900.0,215172.0,0.0,395381700,39435670,1578670555,2037913480,1458313865,0,1191946700,1401140840,4051401405
2025-08-29,18960.0,19040.0,18650.0,18670.0,243278.0,-1.216931216931217,304561010,71868450,2235719215,1948010410,1124810510,2540240,1015681520,2417126815,4560159085
2025-09-01,18650.0,18650.0,18380.0,18450.0,215155.0,-1.1783610069630424,208851860,18736900,1313722990,2437198045,1175586595,0,1349422275,1453500925,3978509795
2025-09-02,18430.0,18590.0,18290.0,18560.0,199469.0,0.5962059620596206,162109695,1253790,1539744095,1974008120,778474505,15612170,1986893025,896136000,3677115700
2025-09-03,18470.0,18500.0,17790.0,18070.0,629362.0,-2.6400862068965516,777885055,145822590,5665611995,4834829975,2588190935,6315010,6453406460,2376237210,11424149615
2025-09-04,18000.0,18810.0,18000.0,18800.0,494753.0,4.039845047039291,2001248660,0,1864616775,5323383864,1428469740,66313010,3923392310,3771074239,9189249299
2025-09-05,18670.0,18830.0,18610.0,18740.0,189757.0,-0.3191489361702127,1296367050,4116700,1039087790,1213303135,739907015,0,723136970,2089830690,3552874675
2025-09-08,19110.0,19230.0,18960.0,19170.0,272218.0,2.2945570971184632,1897804930,16000940,1929603215,1356625975,537114135,99642220,2031043815,2532234890,5200035060
2025-09-09,19260.0,19270.0,19090.0,19200.0,248490.0,0.1564945226917058,521857285,101674760,2325866595,1815362295,688462700,15918900,1954494165,2105885170,4764760935
2025-09-10,19070.0,19350.0,19060.0,19290.0,228095.0,0.46875,1098043090,7272350,1609184540,1680904450,301158630,0,2809985800,1284260000,4395404430
2025-09-11,19310.0,19520.0,19240.0,19300.0,464294.0,0.05184033177812338,2933437280,408660,3148018770,2910436630,2334536745,42674735,3826522770,2788567090,8992301340
2025-09-12,19370.0,19500.0,19200.0,19430.0,342581.0,0.6735751295336788,1239856615,1358900,2936085660,2465176570,2478743440,2895320,2823987890,1336851095,6642477745
2025-09-15,19340.0,19590.0,19280.0,19460.0,301077.0,0.1544004117344313,756317290,387400,2095516385,2999228605,817306735,15344580,2414858545,2603939820,5851449680
2025-09-16,19510.0,19875.0,19470.0,19570.0,414643.0,0.5652620760534429,779141000,59059110,2740382075,4572573500,1120803395,20498480,3751237030,3258616780,8151155685
2025-09-17,19450.0,19510.0,18950.0,19000.0,449724.0,-2.912621359223301,366895920,32213640,5692066105,2485775440,2001277570,10887000,4076060375,2488726160,8576951105
2025-09-18,19080.0,19180.0,18870.0,19180.0,380837.0,0.9473684210526316,492648130,107091480,2276227745,4383844685,3189168950,14993610,2401142655,1654506825,7259812040
2025-09-19,19110.0,19140.0,18710.0,18900.0,544210.0,-1.4598540145985401,336557460,9505760,4475155895,5442756785,2006440665,2460180,1939761680,6315313375,10263975900
2025-09-22,18920.0,19020.0,18730.0,18790.0,313320.0,-0.582010582010582,552689945,11989680,2034282345,3289730960,3089170215,547820,2160970670,638004225,5888692930
2025-09-23,18750.0,18930.0,18670.0,18930.0,283430.0,0.7450771687067589,496386385,2472840,1165050545,3678789810,1578384465,0,1861024755,1903290360,5342699580
2025-09-24,18930.0,18930.0,18680.0,18780.0,228148.0,-0.7923930269413629,514031240,18936290,1786580370,1959702060,1565750490,2210140,1123867580,1587421750,4279249960
2025-09-25,18760.0,18760.0,18430.0,18590.0,290863.0,-1.0117145899893505,468036230,24982830,2827121500,2068485810,1035945540,0,2145583280,2207097550,5388626370
2025-09-26,18410.0,18570.0,18180.0,18260.0,353211.0,-1.7751479289940828,355206060,81465840,3503618245,2524304280,1717491985,19223880,2601967360,2125911200,6464594425
2025-09-29,18440.0,18520.0,18340.0,18470.0,165519.0,1.1500547645125958,385266975,5367430,1098008850,1562750555,568920290,40617000,1276516570,1165339950,3051393810
2025-09-30,18480.0,18550.0,18330.0,18400.0,129571.0,-0.3789929615592853,459846680,5912280,729613710,1194361545,834478055,348840,811395660,743511660,2389734215
2025-10-01,18510.0,18750.0,18400.0,18500.0,315726.0,0.5434782608695652,727635870,46242990,1689904400,3385305125,3601224030,0,1240668040,1007196315,5849088385
2025-10-02,18590.0,18690.0,18400.0,18430.0,439525.0,-0.3783783783783784,1982522060,41035200,1809173640,4308394240,3661134205,14068640,2404424865,2061497430,8141125140
2025-10-10,18420.0,18900.0,18280.0,18800.0,486584.0,2.0075963103635375,499794720,9551240,1461956125,7142852505,2808143855,90849410,2910617570,3304543755,9114154590
2025-10-13,18690.0,18690.0,18250.0,18610.0,246911.0,-1.0106382978723405,662599625,55524570,1815701285,2027097480,1596519060,54869000,1107051610,1802483290,4560922960
2025-10-14,18530.0,18700.0,18360.0,18600.0,394680.0,-0.05373455131649651,507776355,59110295,1596181875,5165659125,2407584575,0,1903323610,3017819465,7328727650
2025-10-15,18610.0,19380.0,18560.0,19290.0,560649.0,3.7096774193548385,1348622795,10647330,2519021110,6850837820,2051641830,58415580,5099837065,3519234580,10729129055
2025-10-16,19200.0,19230.0,18500.0,18580.0,607119.0,-3.68066355624676,970458140,69180700,8984099875,1384311005,2300687830,1790700,3181219770,5924351420,11408049720
2025-10-17,18610.0,18640.0,18200.0,18260.0,426338.0,-1.7222820236813776,562810145,34693340,5254373925,1983409300,1975406965,89249480,2629839290,3140790975,7835286710
2025-10-20,18300.0,18550.0,18130.0,18490.0,289203.0,1.2595837897042717,1037459740,2968770,2002720335,2267781940,1613020520,20417655,1926771940,1750720670,5310930785
2025-10-21,18820.0,19100.0,18550.0,18630.0,541062.0,0.7571660356949702,1931544955,50160890,4094077840,4115078540,2307436635,114966845,4654125075,3114333670,10190862225
2025-10-22,18670.0,18910.0,18430.0,18910.0,296878.0,1.5029522275899088,1094815340,11329940,1949632460,2498742415,1128768950,93300,3100420165,1325237740,5554520155
2025-10-23,18730.0,18990.0,18630.0,18750.0,271339.0,-0.8461131676361713,818951515,7677500,2049842100,2223264935,2010261670,90835600,1876914395,1121724385,5099736050
2025-10-24,18880.0,19060.0,18540.0,19030.0,414125.0,1.4933333333333334,1030336775,22101370,4137954420,2600461110,1154603260,27156100,4362645110,2246449205,7790853675
2025-10-27,19160.0,19440.0,18810.0,19000.0,491041.0,-0.1576458223857068,714931860,215031130,5553204035,2850778320,1848229545,10423100,4236122550,3239170150,9333945345
2025-10-28,18960.0,19150.0,18760.0,18850.0,419401.0,-0.7894736842105263,453889360,24168800,3735191210,3702069160,1170501330,13179000,2458466595,4273171605,7915318530
2025-10-29,19100.0,19290.0,18920.0,19100.0,530957.0,1.3262599469496021,1701987670,38898670,3276225865,5134790300,1344902945,30005230,5780522435,2996471895,10151902505
2025-10-30,19000.0,19060.0,18370.0,18440.0,805549.0,-3.4554973821989527,983510835,54463660,8663463375,5304719275,4642039825,14318970,3512782850,6837015500,15006157145
2025-10-31,18550.0,18690.0,18390.0,18690.0,341305.0,1.3557483731019524,1334085265,4123220,2442969315,2542885270,750956220,369600,1541444540,4031292710,6324063070
2025-11-03,18560.0,18610.0,18330.0,18400.0,417449.0,-1.5516318887105405,855740625,75003110,5057554200,1694819730,1472252035,21860400,1955607485,4233397745,7683117665
2025-11-04,18320.0,18850.0,18220.0,18660.0,542123.0,1.4130434782608696,1692978670,75019950,3900866305,4408756755,772766015,6750430,4981345510,4316759725,10077621680
2025-11-05,18840.0,18840.0,17880.0,18170.0,761211.0,-2.6259378349410505,937392975,360221120,8870037610,3637635165,1613761050,18760070,4149119630,8023646120,13805286870
2025-11-06,18350.0,18680.0,17900.0,18660.0,607352.0,2.6967528893780957,999123495,31257490,3031934430,7106818635,1064877155,21833330,6061414975,4021008590,11169134050
2025-11-07,18550.0,18550.0,17920.0,18110.0,486243.0,-2.947481243301179,527999795,21740510,6600742655,1648871860,1115417650,20431000,1225191165,6438315005,8799354820
2025-11-10,18140.0,18640.0,18110.0,18610.0,386214.0,2.7609055770292654,1148762660,52674120,1153508270,4777881575,849947030,41892340,5256229210,984758045,7132826625
2025-11-11,18490.0,18890.0,18490.0,18770.0,394359.0,0.8597528210639441,736526125,2817230,1452253645,5190636645,1067477890,56232190,4433270255,1825253310,7382233645
2025-11-12,18680.0,18940.0,18570.0,18900.0,317586.0,0.6925945657964837,637345945,30439410,2139501780,3168691465,543395070,32567710,3355950430,2044065390,5975978600
2025-11-13,18830.0,19140.0,18730.0,18980.0,524370.0,0.4232804232804233,2054447950,1890000,2102371815,5812286140,3564634025,57010,4916772675,1489532195,9970995905
2025-11-14,18850.0,19120.0,18580.0,18620.0,318685.0,-1.8967334035827188,871002340,9900950,2948864335,2161050925,1257399090,73521870,2860973620,1798923970,5990818550
2025-11-17,18640.0,19000.0,18210.0,18950.0,526246.0,1.7722878625134264,2251269100,110345,3104791580,4461501715,1439820590,10904020,4493746120,3873202010,9817672740
2025-11-18,18770.0,18880.0,18270.0,18450.0,565182.0,-2.638522427440633,461906415,32665320,5910041385,4007210815,776060665,70006500,3469417030,6096339740,10411823935
2025-11-19,18550.0,19020.0,18310.0,19000.0,726217.0,2.9810298102981028,1624694635,17206810,2069833240,9945311535,460139060,99489630,7598003520,5499414010,13657046220
2025-11-20,19010.0,19390.0,19010.0,19110.0,579333.0,0.5789473684210527,1043760180,232800710,2595290790,7275387495,578833850,318201020,6515525480,3734678825,11147239175
2025-11-21,18900.0,18920.0,18600.0,18800.0,239660.0,-1.6221873364730508,837151600,20241400,1838066940,1809665365,337140840,53741750,1607536580,2506706135,4505125305
2025-11-24,19040.0,19210.0,18630.0,18630.0,278152.0,-0.9042553191489361,945857490,20200220,2486402040,1777509855,406843455,18290500,1330582270,3474253380,5229969605
2025-11-25,18790.0,19080.0,18440.0,18540.0,297163.0,-0.4830917874396135,581205520,31207000,2224193120,2725796750,571908175,33131500,2355219000,2602143715,5562402390
2025-11-26,18780.0,19330.0,18710.0,19290.0,642080.0,4.0453074433656955,2579063830,77477250,2434075090,7234454070,344349625,97444640,8800517850,3082758125,12325070240
2025-11-27,19260.0,19390.0,19020.0,19160.0,208441.0,-0.673924313115604,735916750,2313295,1581432930,1676210000,638541210,34156520,1981806865,1341368380,3995872975
2025-11-28,19220.0,19430.0,19080.0,19320.0,323383.0,0.8350730688935281,1102698570,46894880,1769861035,3318097750,357005210,60747520,3117690865,2702108640,6237552235
2025-12-01,19390.0,19510.0,18800.0,18820.0,330158.0,-2.587991718426501,468956325,31155410,4254602170,1520301385,389134075,77592780,1477118015,4331170420,6275015290
2025-12-02,18930.0,19060.0,18750.0,19030.0,282468.0,1.1158342189160468,540160605,37136025,1997645465,2772066590,522099130,4928740,1862691775,2957289040,5347008685
2025-12-03,19020.0,19270.0,18870.0,19170.0,214375.0,0.7356805044666317,624901740,27140640,1523216280,1920073950,388029530,39090260,2161286255,1506926565,4095332610
2025-12-04,19170.0,19250.0,18920.0,19080.0,183370.0,-0.4694835680751174,766937620,12755900,1675105140,1034100005,514442935,21036380,1005353260,1948066090,3488898665
2025-12-05,19200.0,20350.0,19080.0,20350.0,1402543.0,6.656184486373165,4446203535,581965280,10124851500,12725507625,1356858405,399216100,19066534780,7055918655,27878527940
2025-12-08,20350.0,20350.0,19630.0,19750.0,616233.0,-2.9484029484029484,1889372955,197064400,7729797380,2403333650,1075235045,32255570,4658944250,6453133520,12219568385
2025-12-09,19850.0,19850.0,19320.0,19370.0,477717.0,-1.9240506329113924,703466700,216449160,6340570050,2035762210,1311158100,9757270,2132085115,5843247635,9296248120
2025-12-10,19500.0,19510.0,19250.0,19250.0,293850.0,-0.619514713474445,1199335415,7466650,3786502450,692606690,803139190,604500,1392498450,3489669065,5685911205
2025-12-11,19410.0,20150.0,19240.0,19630.0,910439.0,1.9740259740259742,3475297985,103151990,6745810250,7660860540,4498393640,147536030,8011616050,5327575045,17985120765
2025-12-12,19990.0,20650.0,19780.0,20600.0,1034326.0,4.941416199694346,11201459250,220204710,4531748885,5057734525,712197755,649751110,13219929535,6429268970,21011147370
2025-12-15,20500.0,20500.0,19710.0,19780.0,768020.0,-3.9805825242718447,3174871830,422428180,10312037110,1356277070,942429615,1915070,5613811195,8707458310,15265614190
2025-12-16,19760.0,19910.0,19480.0,19520.0,557134.0,-1.314459049544995,1713537885,812138175,4355174155,4057414045,630731450,99736110,3700775040,6507021660,10938264260
2025-12-17,19700.0,20550.0,19510.0,20300.0,740574.0,3.995901639344263,4679032295,212378740,3750484690,6305238095,780699915,235024300,9894932890,4036476715,14947133820
2025-12-18,20000.0,20300.0,19780.0,20100.0,386607.0,-0.9852216748768473,2142181920,25009710,3982739650,1616086685,386597425,39738760,3172808440,4166873340,7766017965
2025-12-19,20500.0,20500.0,19920.0,20050.0,497461.0,-0.24875621890547264,1967412545,109404370,3506681505,4390489600,1048549525,270901530,3467249775,5187287190,9973988020
2025-12-22,20250.0,20450.0,19940.0,20100.0,350114.0,0.24937655860349126,1100029775,44116450,3626087830,2257889140,982428365,98251210,2879832505,3067611115,7028123195
2025-12-23,20000.0,20050.0,19740.0,19900.0,402305.0,-0.9950248756218906,734553700,24223760,4663425025,2563033520,749157585,17830900,5004340965,2213906555,7985236005
2025-12-24,19900.0,20050.0,19740.0,19780.0,387317.0,-0.6030150753768844,655288575,0,4173593150,2850409620,668485365,23759800,4780406090,2206640090,7679291345
2025-12-26,19760.0,19820.0,19190.0,19250.0,424770.0,-2.679474216380182,446057435,206373490,6693970330,899218500,1080718790,32350580,4199624995,2932925390,8245619755
2025-12-29,19240.0,19350.0,19020.0,19310.0,248256.0,0.3116883116883117,412001190,6746240,2742330450,1610208745,598628750,41093140,1775653425,2355911310,4771286625
2025-12-30,19300.0,19860.0,19220.0,19700.0,488134.0,2.0196789228379077,993495110,25564330,2591546130,5996572645,860768620,1982400,4858607945,3885819250,9607178215
