날짜,시가,고가,저가,종가,거래량,등락률,매수_기관합계,매수_기타법인,매수_개인,매수_외국인합계,매도_기관합계,매도_기타법인,매도_개인,매도_외국인합계,전체
2013-10-24,,,,,,,73666500,0,251354700,9359500,42708500,0,163432700,128239500,334380700
2013-10-25,,,,,,,0,0,349983300,52999000,167418500,9260500,131741800,94561500,402982300
2013-10-28,,,,,,,0,0,644798300,16673500,124666900,1462500,382122900,153219500,661471800
2013-10-29,,,,,,,109236000,0,561429300,578000,343963600,0,240165700,87114000,671243300
2013-10-30,,,,,,,3469500,0,340535650,35482500,1162500,582000,341735650,36007500,379487650
2013-10-31,,,,,,,213375500,0,240687200,41530500,115142500,0,350988700,29462000,495593200
2013-11-01,,,,,,,61341000,0,220411300,11986500,92065000,0,156323800,45350000,293738800
2013-11-04,,,,,,,3757000,0,138549700,2880000,576500,0,140567200,4043000,145186700
2013-11-05,,,,,,,0,0,220140750,27302500,0,0,245453750,1989500,247443250
2013-11-06,,,,,,,0,0,157013000,21816000,9117000,0,162642500,7069500,178829000
2013-11-07,,,,,,,0,0,882194700,55516000,192158200,0,655273000,90279500,937710700
2013-11-08,,,,,,,84322000,0,186941200,67476500,213600,0,331044600,7481500,338739700
2013-11-11,,,,,,,65299500,5158000,213645000,37433000,1040500,0,258647000,61848000,321535500
2013-11-12,,,,,,,0,0,364287150,63694000,70173500,0,228950150,128857500,427981150
2013-11-13,,,,,,,0,0,265657650,70609500,50362000,0,284617650,1287500,336267150
2013-11-14,,,,,,,0,0,320574950,47839500,171198500,0,193177950,4038000,368414450
2013-11-15,,,,,,,67220500,0,228526900,30879500,39347000,7455000,244247900,35577000,326626900
2013-11-18,,,,,,,0,0,195369050,47313500,107044500,28923000,94882550,11832500,242682550
2013-11-19,,,,,,,0,0,298396500,33451500,106880500,0,217131000,7836500,331848000
2013-11-20,,,,,,,33053500,18990000,1640084450,22128500,445657500,1680000,1186336950,80582000,1714256450
2013-11-21,,,,,,,8343500,0,638510400,31003000,174222000,0,372561400,131073500,677856900
2013-11-22,,,,,,,5445000,57846000,505529300,36020500,267919500,0,304025300,32896000,604840800
2013-11-25,,,,,,,87332500,0,618579000,29840000,461679500,0,249388500,24683500,735751500
2013-11-26,,,,,,,106047500,35591000,1013945800,93624000,742627700,0,145572300,361008300,1249208300
2013-11-27,,,,,,,116442000,0,326931100,31116400,176650200,39150000,234432800,24256500,474489500
2013-11-28,,,,,,,18108000,20399500,212567200,40805500,16012800,0,259985900,15881500,291880200
2013-11-29,,,,,,,279556000,14664000,593368000,10478500,515607500,0,350432200,32026800,898066500
2013-12-02,,,,,,,13548500,0,574704700,1695000,204283100,0,341799100,43866000,589948200
2013-12-03,27700.0,27900.0,27000.0,27900.0,23530.0,,18423500,26576500,581133000,20115000,343995000,0,250618000,51635000,646248000
2013-12-04,27650.0,27900.0,26950.0,27050.0,20480.0,-3.046594982078853,76567000,0,462840500,19205500,236698500,0,249553000,72361500,558613000
2013-12-05,26900.0,27200.0,26300.0,27000.0,20861.0,-0.18484288354898337,15635000,3425500,492844000,43763500,313521500,0,228233000,13913500,555668000
2013-12-06,26550.0,27250.0,26450.0,27250.0,6560.0,0.9259259259259258,74601000,1068000,97243000,2961000,75549000,31087500,53881500,15355000,175873000
2013-12-09,27000.0,27200.0,26600.0,27200.0,8949.0,-0.1834862385321101,68832000,0,169358150,2426000,161840700,0,67203450,11572000,240616150
2013-12-10,26900.0,27150.0,26500.0,26800.0,8300.0,-1.4705882352941175,45947000,10408500,161184500,4560000,107234500,0,96695000,18170500,222100000
2013-12-11,26700.0,28000.0,26450.0,27700.0,24862.0,3.3582089552238807,58593500,2403000,584703400,21145000,333317900,13056600,310505400,9965000,666844900
2013-12-12,27400.0,27700.0,27000.0,27400.0,21103.0,-1.083032490974729,129839500,0,443655850,0,402667000,0,87842350,82986000,573495350
2013-12-13,27400.0,28600.0,27000.0,28200.0,17575.0,2.9197080291970803,193115000,0,274952500,22736500,1599900,0,444994100,44210000,490804000
2013-12-16,28150.0,28500.0,27950.0,28450.0,7239.0,0.8865248226950355,0,0,201139050,4262500,14200000,0,175868050,15333500,205401550
2013-12-17,28450.0,30000.0,28200.0,29700.0,26073.0,4.393673110720562,0,0,748393100,17343000,95567000,0,602951100,67218000,765736100
2013-12-18,29700.0,29850.0,29200.0,29350.0,25916.0,-1.1784511784511784,338841500,0,404619550,22528550,181122500,0,531899600,52967500,765989600
2013-12-19,29750.0,30450.0,29250.0,29450.0,23026.0,0.34071550255536626,257378000,0,417853850,12098500,197643000,0,435807850,53879500,687330350
2013-12-20,29350.0,29850.0,29000.0,29000.0,16890.0,-1.5280135823429541,145786500,4998000,338585000,6730500,92675000,0,377373000,26052000,496100000
2013-12-23,28750.0,29200.0,28550.0,28900.0,9211.0,-0.3448275862068966,72495500,0,164019100,29891500,51058000,43500000,168366100,3482000,266406100
2013-12-24,28900.0,29900.0,28750.0,29550.0,11645.0,2.249134948096886,15407500,2359000,298198600,27427000,51360500,0,290846100,1185500,343392100
2013-12-26,29800.0,29800.0,29100.0,29450.0,10330.0,-0.338409475465313,134602000,0,168109500,0,145602650,0,126647850,30461000,302711500
2013-12-27,29450.0,29500.0,28850.0,29200.0,8937.0,-0.8488964346349746,82176500,12557500,163003550,2628000,95134300,0,154390750,10840500,260365550
2013-12-30,28950.0,29150.0,28600.0,29100.0,5241.0,-0.3424657534246575,21393000,0,120497600,9558000,57868500,0,93580100,0,151448600
2014-01-02,29100.0,29250.0,28400.0,28950.0,12051.0,-0.5154639175257731,66742000,0,266045450,14884500,58166500,0,276824950,12680500,347671950
2014-01-03,28950.0,29100.0,28500.0,28950.0,4980.0,0.0,1736500,0,140473500,868500,0,0,138451000,4627500,143078500
2014-01-06,28900.0,30300.0,28650.0,30200.0,20639.0,4.317789291882556,1158000,0,581465300,33252000,59986000,0,538292800,17596500,615875300
2014-01-07,29900.0,31600.0,29900.0,31600.0,25697.0,4.635761589403973,3680000,0,782755350,7915000,62448000,0,706856850,25045500,794350350
2014-01-08,31500.0,32100.0,31000.0,32100.0,26990.0,1.5822784810126582,99513500,0,735769500,20172000,136101100,0,635003900,84350000,855455000
2014-01-09,31700.0,32500.0,31550.0,32350.0,18391.0,0.778816199376947,9270500,1918000,570061350,9528500,72868850,0,490195000,27714500,590778350
2014-01-10,32300.0,32300.0,30700.0,30700.0,32054.0,-5.1004636785162285,110814500,4108000,852598800,34076000,627848400,0,351344400,22404500,1001597300
2014-01-13,31200.0,31200.0,30150.0,30650.0,11362.0,-0.16286644951140067,37301500,0,264777300,43849500,77729900,0,268198400,0,345928300
2014-01-14,30500.0,31000.0,30200.0,30400.0,10501.0,-0.8156606851549755,68750500,15248000,211990400,23676000,150208000,0,164285400,5171500,319664900
2014-01-15,30400.0,30700.0,30150.0,30150.0,9572.0,-0.8223684210526315,0,0,272518300,17692000,60819550,0,224233750,5157000,290210300
2014-01-16,30200.0,30350.0,29500.0,30000.0,14601.0,-0.4975124378109453,93768000,0,330181500,12575500,59868500,0,366768000,9888500,436525000
2014-01-17,30300.0,31950.0,30150.0,30900.0,43739.0,3.0,0,0,1311028000,49081500,185172500,31319000,1101808500,41809500,1360109500
2014-01-20,32450.0,32500.0,30850.0,31150.0,144650.0,0.8090614886731391,0,16534000,4529436850,32753000,1782526000,6009500,2561912850,228275500,4578723850
2014-01-21,31000.0,31000.0,29750.0,30000.0,61390.0,-3.6918138041733553,83100000,0,1747435550,17608500,114352000,0,1636113550,97678500,1848144050
2014-01-22,30000.0,30000.0,29150.0,29200.0,27375.0,-2.666666666666667,201854500,0,595319500,7659500,206236000,0,573706000,24891500,804833500
2014-01-23,29150.0,29550.0,28700.0,28800.0,20490.0,-1.36986301369863,0,0,583932000,11652500,221399000,0,342138000,32047500,595584500
2014-01-24,28850.0,29250.0,27500.0,28000.0,17721.0,-2.7777777777777777,0,0,490061850,9518000,0,0,483656350,15923500,499579850
2014-01-27,28200.0,28850.0,27700.0,27700.0,26530.0,-1.0714285714285714,0,280000,748250000,0,279000,0,698446500,49804500,748530000
2014-01-28,27350.0,27600.0,26850.0,27150.0,13250.0,-1.9855595667870036,30623000,0,315366500,13303500,0,0,348118500,11174500,359293000
2014-01-29,27450.0,27900.0,27300.0,27900.0,12941.0,2.7624309392265194,0,0,345590700,11586500,0,0,328523200,28654000,357177200
2014-02-03,27600.0,27700.0,26900.0,27100.0,11083.0,-2.867383512544803,5386500,0,279728300,15711500,27100,0,269152700,31646500,300826300
2014-02-04,26750.0,26850.0,26350.0,26500.0,10635.0,-2.214022140221402,68900000,0,198108500,15718500,0,0,257389000,25338000,282727000
2014-02-05,26400.0,27700.0,26400.0,27150.0,11710.0,2.4528301886792456,0,0,312609000,4595500,0,0,272658500,44546000,317204500
2014-02-06,27400.0,27600.0,27000.0,27200.0,6600.0,0.1841620626151013,0,0,161450000,18258500,0,0,155703500,24005000,179708500
2014-02-07,27500.0,27500.0,26850.0,27350.0,6342.0,0.5514705882352942,0,0,135572100,36578500,0,0,154768600,17382000,172150600
2014-02-10,27150.0,27750.0,27050.0,27750.0,9145.0,1.4625228519195612,0,0,232671300,17790000,0,0,249635800,825500,250461300
2014-02-11,27600.0,27900.0,27500.0,27800.0,2981.0,0.18018018018018017,0,0,74847800,7767500,5262500,0,73468300,3884500,82615300
2014-02-12,28000.0,28000.0,27500.0,27750.0,5040.0,-0.1798561151079137,0,0,132982500,6633500,3331500,0,119684500,16600000,139616000
2014-02-13,27950.0,27950.0,27400.0,27700.0,3290.0,-0.18018018018018017,0,0,86520000,4424500,276000,554000,84042500,6072000,90944500
2014-02-14,27700.0,28650.0,27700.0,28500.0,10902.0,2.888086642599278,0,32210000,243793500,32120000,846000,0,306714500,563000,308123500
2014-02-17,28850.0,28850.0,28250.0,28500.0,6023.0,0.0,0,33358500,135531800,2854000,2276500,0,146673800,22794000,171744300
2014-02-18,28500.0,28700.0,28300.0,28450.0,4317.0,-0.17543859649122806,0,21584000,101482550,0,571500,0,110497050,11998000,123066550
2014-02-19,28050.0,28500.0,27900.0,28200.0,6990.0,-0.8787346221441126,0,13975000,182360000,279000,2808500,0,176064000,17741500,196614000
2014-02-20,28050.0,28200.0,27600.0,27850.0,7670.0,-1.2411347517730498,78117000,14025000,115649000,5812500,1945000,10271000,194986000,6401500,213603500
2014-02-21,27850.0,28400.0,27700.0,28300.0,6710.0,1.615798922800718,47377000,0,135517500,5301000,1957000,0,182608000,3630500,188195500
2014-02-24,28450.0,28550.0,28300.0,28500.0,7982.0,0.7067137809187279,109025000,0,104389500,13372000,569000,283000,224797500,1137000,226786500
2014-02-25,28700.0,29100.0,28300.0,28350.0,16460.0,-0.5263157894736842,101750000,568000,334675000,33484500,265433000,11340000,173815000,19889500,470477500
2014-02-26,28350.0,28750.0,28350.0,28500.0,6408.0,0.5291005291005291,0,0,179977600,2855000,0,0,177705100,5127500,182832600
2014-02-27,28500.0,28800.0,28400.0,28400.0,4772.0,-0.3508771929824561,27072000,0,108509800,571000,285000,0,115044300,20823500,136152800
2014-02-28,28800.0,29700.0,28600.0,29200.0,33462.0,2.8169014084507045,14468500,29385500,850254900,81301000,291224000,0,671767400,12418500,975409900
2014-03-03,28850.0,29450.0,28850.0,29450.0,10513.0,0.8561643835616438,65958500,0,221789350,19889500,611450,0,294755400,12270500,307637350
2014-03-04,29250.0,29450.0,28600.0,29100.0,17280.0,-1.1884550084889642,72821500,0,418410000,8352000,224924000,29049000,221459000,24151500,499583500
2014-03-05,29300.0,29300.0,28750.0,29250.0,13916.0,0.5154639175257731,98272500,0,295174550,10745000,126884500,0,267721550,9586000,404192050
2014-03-06,29000.0,29550.0,29000.0,29500.0,9940.0,0.8547008547008548,0,0,251973500,38228000,68829500,0,220785000,587000,290201500
2014-03-07,29500.0,29850.0,29250.0,29800.0,9531.0,1.0169491525423728,0,0,264460300,17462500,590000,0,277500800,3832000,281922800
2014-03-10,29800.0,30400.0,29800.0,29950.0,20806.0,0.5033557046979865,31674000,0,550477200,44561500,357900,0,614339800,12015000,626712700
2014-03-11,29950.0,30850.0,29950.0,30850.0,21240.0,3.005008347245409,48114500,0,555469100,41208000,1569200,1505000,637771400,3946000,644791600
2014-03-12,30950.0,31200.0,30250.0,30800.0,31201.0,-0.1620745542949757,302900500,0,611037300,45576500,0,0,915753800,43760500,959514300
2014-03-13,31200.0,32950.0,31100.0,32000.0,45305.0,3.896103896103896,7201000,1296000,1360034300,83519500,104920000,0,1293281300,53849500,1452050800
2014-03-14,32200.0,32500.0,31250.0,31950.0,23392.0,-0.15625,108323500,0,606300900,32748500,208264000,320000,509088400,29700500,747372900
2014-03-17,32000.0,32800.0,31450.0,31900.0,29252.0,-0.1564945226917058,38443500,0,868062300,27840500,130108500,0,764638300,39599500,934346300
2014-03-18,32200.0,32750.0,31750.0,32000.0,21440.0,0.3134796238244514,25179500,0,627626000,36862500,287367000,0,383336000,18965000,689668000
2014-03-19,31750.0,32200.0,30800.0,31250.0,18276.0,-2.34375,31651500,0,476838500,64491000,187500,0,544177500,28616000,572981000
2014-03-20,31000.0,31900.0,31000.0,31800.0,10866.0,1.76,75505000,0,236075300,30267500,0,0,318270300,23577500,341847800
2014-03-21,31800.0,32000.0,31500.0,31800.0,9099.0,0.0,35204500,0,247011250,6040500,0,0,254417750,33838500,288256250
2014-03-24,31800.0,32850.0,31600.0,32200.0,11216.0,1.257861635220126,41408500,0,269535200,50189500,318000,318000,352777200,7720000,361133200
2014-03-25,32000.0,32500.0,31950.0,32350.0,7096.0,0.4658385093167702,81249500,0,142576950,4800500,0,0,202770450,25856500,228626950
2014-03-26,32350.0,32500.0,31600.0,32200.0,9705.0,-0.46367851622874806,32828500,15900000,256969000,3827500,322500,0,279546000,29656500,309525000
2014-03-27,31900.0,31900.0,31000.0,31600.0,21366.0,-1.8633540372670807,127949500,0,540110600,4402500,43654000,0,587287600,41521000,672462600
2014-03-28,31900.0,32100.0,31600.0,32100.0,8780.0,1.5822784810126582,63781000,0,168134500,48049000,319000,0,277414000,2231500,279964500
2014-03-31,32200.0,32300.0,31250.0,31800.0,13882.0,-0.9345794392523363,145830500,0,280718100,11967500,259094500,319000,177168600,1934000,438516100
2014-04-01,31550.0,31800.0,30800.0,30900.0,16619.0,-2.8301886792452833,0,89682500,397870350,31245500,189583500,0,324833850,4381000,518798350
2014-04-02,30900.0,31100.0,30400.0,30550.0,22139.0,-1.132686084142395,81034500,38382000,488287450,71192000,68537550,14385500,581836900,14136000,678895950
2014-04-03,30800.0,30850.0,29950.0,30250.0,32317.0,-0.9819967266775778,0,0,901503650,76968000,39750750,0,868583400,70137500,978471650
2014-04-04,30350.0,30450.0,30100.0,30350.0,9003.0,0.3305785123966942,35194000,607000,167046050,70051000,11988600,0,260302450,607000,272898050
2014-04-07,30350.0,30400.0,30000.0,30350.0,8688.0,0.0,61189000,1507500,166278300,33200500,212450,0,241684850,20278000,262175300
2014-04-08,30300.0,31250.0,30300.0,31100.0,28179.0,2.471169686985173,0,1555000,782031950,83772500,2767000,1532500,855725450,7334500,867359450
2014-04-09,31300.0,31800.0,31100.0,31650.0,20900.0,1.7684887459807075,0,17316000,585214500,55811000,151677000,0,504473500,2191000,658341500
2014-04-10,31700.0,34000.0,31700.0,33950.0,46236.0,7.266982622432859,229122500,0,1205210600,71528500,0,0,1470286100,35575500,1505861600
2014-04-11,34000.0,35250.0,33500.0,34900.0,75865.0,2.798232695139912,442997500,387679500,1687763200,95459800,179827600,45911000,2203965900,184195500,2613900000
2014-04-14,35250.0,36600.0,34800.0,36200.0,74493.0,3.7249283667621778,27896000,385081000,2144366600,115625000,57830500,15927000,2486778600,112432500,2672968600
2014-04-15,36200.0,36850.0,35800.0,36100.0,33927.0,-0.2762430939226519,214937500,180961500,732636900,100822000,457880000,0,736667400,34810500,1229357900
2014-04-16,36100.0,36250.0,34800.0,35300.0,40434.0,-2.21606648199446,178680500,146660500,911292800,192903000,154821500,0,1254906300,19809000,1429536800
2014-04-17,35300.0,36300.0,34900.0,36150.0,24424.0,2.4079320113314444,0,35087500,696645950,135029000,1444150,0,819919800,45398500,866762450
2014-04-18,35800.0,36750.0,35800.0,36150.0,21819.0,0.0,304842500,0,443464350,45921000,102367300,0,617841050,74019500,794227850
2014-04-21,36750.0,36750.0,34900.0,35350.0,24113.0,-2.2130013831258646,141547500,71290000,539738650,104339500,280833850,0,567445800,8636000,856915650
2014-04-22,35350.0,35600.0,34700.0,34700.0,13741.0,-1.8387553041018387,163598500,10605000,186940200,120130500,229061000,56061000,192292200,3860000,481274200
2014-04-23,34750.0,36100.0,34700.0,35900.0,17428.0,3.45821325648415,230916500,20204500,304682700,64365000,94845100,3590000,483714600,38019000,620168700
2014-04-24,35900.0,36550.0,35050.0,35750.0,23034.0,-0.4178272980501393,235491500,22326000,535776600,25105000,287371600,0,442441000,88886500,818699100
2014-04-25,35900.0,35900.0,34150.0,34200.0,27283.0,-4.335664335664335,101308500,68855000,746903100,27550500,284995700,0,641104900,18516500,944617100
2014-04-28,33850.0,34650.0,33550.0,34400.0,15040.0,0.5847953216374269,156859500,0,281329500,72928000,74508000,0,415074000,21535000,511117000
2014-04-29,34400.0,34450.0,34000.0,34250.0,4130.0,-0.436046511627907,344000,0,114976500,26048000,3425000,0,135548000,2395500,141368500
2014-04-30,34250.0,35600.0,34200.0,35000.0,12800.0,2.18978102189781,69419000,0,339182500,41004000,17507000,702000,424312000,7084500,449605500
2014-05-02,35100.0,35600.0,34950.0,35600.0,7721.0,1.7142857142857144,142273500,35000000,94324600,352000,0,0,247945100,24005000,271950100
2014-05-07,35600.0,35900.0,34650.0,35150.0,23100.0,-1.2640449438202246,65286500,0,728492000,17834500,485190500,38237500,235705500,52479500,811613000
2014-05-08,35400.0,35400.0,34000.0,34900.0,13693.0,-0.7112375533428165,138467500,0,302796700,31405500,0,31447000,383123700,58099000,472669700
2014-05-09,34900.0,34900.0,34150.0,34350.0,6129.0,-1.5759312320916905,7959000,0,166460150,36553500,653150,34298000,167728500,8293000,210972650
2014-05-12,34350.0,34400.0,33000.0,34200.0,21220.0,-0.43668122270742354,267900000,0,406204500,44638500,9245500,121896500,574028500,13572500,718743000
2014-05-13,33750.0,35900.0,33750.0,35700.0,24522.0,4.385964912280701,483433500,0,301388400,77615000,102399500,41887000,691376900,26773500,862436900
2014-05-14,35750.0,37300.0,35250.0,35900.0,30202.0,0.5602240896358543,335313000,368000,716437300,42390500,183762400,21743500,867931400,21071500,1094508800
2014-05-15,36000.0,37150.0,35900.0,36500.0,26632.0,1.6713091922005572,204237000,80700000,664155050,22300000,220673500,7303000,646720050,96695500,971392050
2014-05-16,36500.0,36550.0,35500.0,35800.0,9000.0,-1.9178082191780823,49512500,3578500,241336500,29152000,69389600,0,227303900,26886000,323579500
2014-05-19,35900.0,35900.0,34300.0,34500.0,19790.0,-3.6312849162011176,125608000,10365000,508579000,44844500,144483000,0,504162500,40751000,689396500
2014-05-20,34500.0,34700.0,33650.0,34200.0,12577.0,-0.8695652173913043,99466000,0,287125400,41435500,60888000,0,363735400,3403500,428026900
2014-05-21,34200.0,34700.0,33700.0,34300.0,12200.0,0.29239766081871343,94609000,6796500,277463000,36219500,121790500,68211500,217942000,7144000,415088000
2014-05-22,33350.0,34250.0,33350.0,34000.0,11990.0,-0.8746355685131195,143063000,35921000,204533500,22929000,164899000,0,238482500,3065000,406446500
2014-05-23,34300.0,34350.0,33850.0,34300.0,18990.0,0.8823529411764706,205017500,3400000,422537000,14960500,430906500,0,195956000,19052500,645915000
2014-05-26,34150.0,34850.0,34100.0,34850.0,9901.0,1.6034985422740524,164052500,31978500,135819850,9248000,1027500,17112500,295434850,27524000,341098850
2014-05-27,35000.0,35600.0,34350.0,35150.0,14665.0,0.860832137733142,247096000,0,236621350,28601500,83083000,20775000,319831350,88629500,512318850
2014-05-28,35150.0,36200.0,35150.0,35450.0,13407.0,0.8534850640113799,149862500,0,322573150,5006000,199448000,1787500,245329650,30876500,477441650
2014-05-29,35150.0,35650.0,34650.0,35450.0,10305.0,0.0,3879000,0,351643250,7414000,30769300,0,298745950,33421000,362936250
2014-05-30,35300.0,35300.0,33750.0,34350.0,18995.0,-3.1029619181946404,359218000,0,287042750,9252500,0,0,608611750,46901500,655513250
2014-06-02,36300.0,38150.0,36000.0,36900.0,84630.0,7.423580786026202,264110850,82245050,2672168600,112305000,675205700,74916100,2252731500,127976200,3130829500
2014-06-03,36400.0,36700.0,35850.0,36500.0,35359.0,-1.084010840108401,252407950,28780500,915286650,88511300,197815700,7250000,1054952950,24967750,1284986400
2014-06-05,37000.0,41750.0,36500.0,39000.0,156113.0,6.8493150684931505,48050950,146729050,5841492150,151501450,1438516100,15956300,4490734300,242566900,6187773600
2014-06-09,38950.0,39350.0,38050.0,38700.0,37103.0,-0.7692307692307693,56420450,33883550,1254259950,87131750,293580550,2903750,1099593450,35617950,1431695700
2014-06-10,38500.0,38650.0,37800.0,37800.0,25794.0,-2.3255813953488373,216259500,0,693079250,72341100,72802800,83205850,800185500,25485700,981679850
2014-06-11,38150.0,40750.0,37850.0,39350.0,81685.0,4.1005291005291005,451552150,509600,2553023800,204938000,1279726500,86776950,1798192900,45327200,3210023550
2014-06-12,39350.0,39650.0,38600.0,39350.0,20997.0,0.0,166216000,0,627548200,28560100,382039450,31248600,361667750,47368500,822324300
2014-06-13,39350.0,39400.0,38200.0,39250.0,15977.0,-0.25412960609911056,69906550,0,505335150,43821350,2103950,26910500,552727500,37321100,619063050
2014-06-16,38900.0,39250.0,38000.0,38050.0,17490.0,-3.0573248407643314,5467800,5751950,616955450,41611400,163806800,38413000,433335850,34230950,669786600
2014-06-17,38000.0,38400.0,37100.0,37850.0,16760.0,-0.5256241787122208,69882650,9010300,435031700,119674600,97721900,18877800,489223300,27776250,633599250
2014-06-18,37850.0,38000.0,36300.0,36450.0,27185.0,-3.6988110964332894,298391200,0,656982700,45392350,82530100,18520000,895967650,3748500,1000766250
2014-06-19,36900.0,37600.0,36450.0,36800.0,23051.0,0.9602194787379973,188189150,0,513199200,152945200,266974100,180271500,406535450,552500,854333550
2014-06-20,36850.0,37100.0,35650.0,36100.0,18146.0,-1.9021739130434785,145163650,0,431727550,79255150,108965250,48246300,471777800,27157000,656146350
2014-06-23,36050.0,36900.0,35650.0,36350.0,9656.0,0.6925207756232686,63542300,0,225668850,59239300,111602000,5731950,227354500,3762000,348450450
2014-06-24,36350.0,36350.0,35000.0,35600.0,21071.0,-2.063273727647868,136879800,21290900,578910850,8865050,219956350,0,489837050,36153200,745946600
2014-06-25,35350.0,35850.0,34500.0,34800.0,19068.0,-2.247191011235955,7254800,108200250,523244750,27207500,198808650,80757550,373924150,12416950,665907300
2014-06-26,34850.0,35000.0,33850.0,34350.0,21143.0,-1.293103448275862,0,21802700,639455700,61196000,101809650,0,604518200,16126550,722454400
2014-06-27,34000.0,34900.0,33850.0,34900.0,16694.0,1.6011644832605532,4068350,0,495032100,73451250,317044250,6860000,246225450,2422000,572551700
2014-06-30,34700.0,35150.0,34700.0,34900.0,6369.0,0.0,25047000,0,194519850,2582150,0,3500000,182831350,35817650,222149000
2014-07-01,35050.0,35300.0,34600.0,34900.0,11621.0,0.0,17934250,0,381482550,5974500,81938900,27862800,288265400,7324200,405391300
2014-07-02,35300.0,36650.0,35000.0,36500.0,39422.0,4.584527220630372,117204400,0,1246699650,55780050,228573850,93387500,1065069050,32653700,1419684100
2014-07-03,36250.0,38200.0,36050.0,37750.0,45392.0,3.4246575342465753,0,0,1601655500,101529200,211544900,3543750,1280979000,207117050,1703184700
2014-07-04,38200.0,38200.0,36300.0,36700.0,30011.0,-2.781456953642384,2595450,0,1065783750,43873600,203649400,129521100,716101850,62980450,1112252800
2014-07-07,36700.0,37300.0,36300.0,36750.0,22926.0,0.13623978201634876,0,0,786131950,59164800,151563700,95633100,571973550,26126400,845296750
2014-07-08,36600.0,37000.0,35850.0,36000.0,19831.0,-2.0408163265306123,17478100,0,651317100,49730550,208842700,14372300,466499950,28810800,718525750
2014-07-09,35850.0,37500.0,35600.0,36850.0,20452.0,2.361111111111111,101086300,0,619924900,23633350,6698700,36059200,653408550,48478100,744644550
2014-07-10,37200.0,37200.0,36350.0,37050.0,10084.0,0.5427408412483039,77731450,0,271400700,21917800,2315250,0,347912700,20822000,371049950
2014-07-11,37350.0,37350.0,36250.0,36600.0,13669.0,-1.214574898785425,123191850,0,371457450,4513550,13504850,18230100,382726150,84701750,499162850
2014-07-14,36450.0,37300.0,36250.0,36900.0,17205.0,0.819672131147541,6480450,18535800,567141250,39142100,2674500,91455900,506545600,30623600,631299600
2014-07-15,37000.0,38000.0,36900.0,37400.0,25489.0,1.3550135501355014,130019600,2073500,794778150,31409350,789550,0,931562500,25928550,958280600
2014-07-16,37700.0,37700.0,36950.0,37250.0,10021.0,-0.4010695187165776,74437100,371400,280913800,17169300,8713450,0,306780050,57398100,372891600
2014-07-17,37250.0,37300.0,36400.0,36800.0,16535.0,-1.2080536912751678,95941200,0,470836550,43477250,1851000,846400,585444000,22113600,610255000
2014-07-18,36800.0,37500.0,36250.0,37300.0,17363.0,1.358695652173913,0,0,604783850,37788650,203849850,18500000,402539000,17683650,642572500
2014-07-21,37600.0,38900.0,37150.0,37700.0,22675.0,1.0723860589812333,10903800,0,787846050,60604200,93903300,0,739300800,26149950,859354050
2014-07-22,37900.0,38400.0,37400.0,37900.0,16305.0,0.5305039787798408,0,0,586360950,34749250,159302350,8936800,440537000,12334050,621110200
2014-07-23,38350.0,38500.0,37800.0,38300.0,9118.0,1.0554089709762533,0,0,303478250,43950400,18331900,0,299910950,29185800,347428650
2014-07-24,39050.0,39400.0,37800.0,38300.0,20881.0,0.0,200174650,916800,592523400,7916250,43212000,57391600,604891900,96035600,801531100
2014-07-25,38550.0,38550.0,37750.0,37950.0,10262.0,-0.9138381201044387,76277200,4646200,301026600,8282000,32287800,0,343101600,14842600,390232000
2014-07-28,38000.0,38250.0,37300.0,38000.0,11258.0,0.13175230566534915,108981150,0,262308550,53558000,16861300,1972100,371916200,34098100,424847700
2014-07-29,37500.0,37950.0,36950.0,37050.0,11273.0,-2.5,117307350,0,281910300,21429950,7611750,2899000,342389850,67747000,420647600
2014-07-30,37000.0,37500.0,36300.0,36850.0,9581.0,-0.5398110661268556,101317300,0,221032900,28911850,4260900,5531100,276919950,64550100,351262050
2014-07-31,37000.0,37000.0,35400.0,36500.0,21501.0,-0.9497964721845319,218784700,0,516062200,42994500,248301000,38408850,415909650,75221900,777841400
2014-08-01,36200.0,37700.0,35100.0,37200.0,24058.0,1.9178082191780823,301592500,0,480037850,106140900,132986250,0,749910700,4874300,887771250
2014-08-04,37650.0,37900.0,37250.0,37850.0,11400.0,1.747311827956989,51519200,0,352160000,25090350,8592200,0,384428550,35748800,428769550
2014-08-05,37850.0,38900.0,37800.0,38750.0,29904.0,2.3778071334214,300890450,77500000,716275000,57563650,6256550,0,1117697150,28275400,1152229100
2014-08-06,38750.0,40850.0,38650.0,40300.0,54901.0,4.0,172912950,93899100,1832867650,102993050,435114300,0,1752142850,15415600,2202672750
2014-08-07,40550.0,40650.0,39050.0,39900.0,24562.0,-0.9925558312655087,211727400,0,706925950,59043800,27887300,0,753415550,196394300,977697150
2014-08-08,40000.0,40150.0,39250.0,39700.0,12766.0,-0.5012531328320802,92373600,0,349234650,63861100,158944450,0,321288450,25236450,505469350
2014-08-11,39700.0,40450.0,39300.0,39800.0,12073.0,0.2518891687657431,95668450,0,365183750,22612150,39634500,0,438732400,5097450,483464350
2014-08-12,40300.0,41600.0,40250.0,41550.0,48444.0,4.396984924623116,211888650,4150000,1611365000,170717750,17606050,2070050,1960711300,17734000,1998121400
2014-08-13,41600.0,42150.0,41100.0,41900.0,19019.0,0.842358604091456,0,135839000,632107500,24671250,27667200,831000,667383600,96735950,792617750
2014-08-14,42150.0,42250.0,41600.0,42000.0,9108.0,0.23866348448687352,7495850,421500,319151000,55365600,0,0,379496950,2937000,382433950
2014-08-18,41550.0,42050.0,40900.0,42000.0,12505.0,0.0,4003550,0,445850050,67951950,105038950,0,408334850,4431750,517805550
2014-08-19,41550.0,41850.0,40750.0,41250.0,11639.0,-1.7857142857142856,58368400,0,410349850,11487450,2067850,0,440634700,37503150,480205700
2014-08-20,41250.0,41950.0,40200.0,41400.0,16151.0,0.36363636363636365,83279800,13604750,432306550,136794750,73341750,3406400,584233650,5004050,665985850
2014-08-21,41450.0,41800.0,40650.0,40750.0,12255.0,-1.570048309178744,4346300,12024600,374106250,111785500,1816000,0,490290700,10155950,502262650
2014-08-22,40050.0,40850.0,39950.0,40500.0,20945.0,-0.6134969325153374,113415000,0,599703900,129479750,151372050,0,688247250,2979350,842598650
2014-08-25,40500.0,41000.0,39500.0,41000.0,20114.0,1.2345679012345678,126375500,519650,649568900,35333250,50817350,155687650,562738700,42553600,811797300
2014-08-26,40650.0,41250.0,40300.0,40300.0,11285.0,-1.707317073170732,4757350,0,399930300,54637900,73321900,0,356827600,29176050,459325550
2014-08-27,40050.0,40650.0,39050.0,39850.0,21040.0,-1.1166253101736971,79070250,6087650,636158200,115123950,165716450,0,651566200,19157400,836440050
2014-08-28,39650.0,40500.0,39350.0,40300.0,14571.0,1.1292346298619824,31821850,0,451950900,98281550,168822800,3980000,393821400,15430100,582054300
2014-08-29,39800.0,40300.0,38550.0,39300.0,23017.0,-2.481389578163772,43673000,0,769372050,91166350,153317450,117300,642802550,107974100,904211400
2014-09-01,41850.0,41950.0,40000.0,40500.0,58135.0,3.0534351145038165,62568250,81626650,2213897050,26286750,267051800,0,1957653300,159673600,2384378700
2014-09-02,39950.0,40750.0,39900.0,40750.0,15923.0,0.6172839506172839,97179900,281050,467479950,76795900,104195200,2005650,498484300,37051650,641736800
2014-09-03,40300.0,40700.0,40000.0,40400.0,8347.0,-0.8588957055214724,50172450,0,259115400,27746750,5588800,0,319451450,11994350,337034600
2014-09-04,40350.0,40700.0,38950.0,39300.0,24900.0,-2.722772277227723,259320600,9800000,685222700,27684000,402500,117900,915848100,65658800,982027300
2014-09-05,39750.0,40250.0,39300.0,40000.0,10917.0,1.7811704834605597,0,12679450,352598350,67667100,32774650,0,389293250,10877000,432944900
2014-09-11,39600.0,40200.0,39000.0,39300.0,12592.0,-1.7500000000000002,0,122270050,368211450,9095100,0,0,464497700,35078900,499576600
2014-09-12,39400.0,39400.0,37950.0,38450.0,25195.0,-2.1628498727735366,160955650,0,768608600,40535650,38550,113850,891895350,78052150,970099900
2014-09-15,38450.0,38500.0,37550.0,38500.0,11932.0,0.13003901170351106,25291400,14976000,372046000,41174350,39464550,150800,402979850,10892550,453487750
2014-09-16,38000.0,39200.0,38000.0,39200.0,10674.0,1.8181818181818181,63951150,3840000,273276800,71618850,38150,153600,390943300,21551750,412686800
2014-09-17,38700.0,39700.0,38700.0,39300.0,4637.0,0.25510204081632654,0,0,165825500,15884250,4959350,0,168164300,8586100,181709750
2014-09-18,39000.0,39600.0,38500.0,39350.0,12010.0,0.1272264631043257,98250700,620800,312299450,56060400,0,7052600,450980100,9198650,467231350
2014-09-19,38900.0,39950.0,38900.0,39400.0,14429.0,0.12706480304955528,103116950,0,425207250,37942050,708750,14625250,523953600,26978650,566266250
2014-09-22,39100.0,39700.0,39000.0,39650.0,5927.0,0.6345177664974619,0,0,206538450,26766700,1178450,19796500,198007150,14323050,233305150
2014-09-23,39700.0,41500.0,39550.0,40600.0,43883.0,2.3959646910466583,0,29831800,1728241700,27129450,71208400,19825000,1621010200,73159350,1785202950
2014-09-24,40500.0,40850.0,40050.0,40450.0,8393.0,-0.3694581280788177,5314200,0,293748700,41072550,0,0,330831850,9303600,340135450
2014-09-25,40750.0,41050.0,40200.0,40450.0,10612.0,0.0,8074600,0,399498900,23997100,81150,0,407368800,24120650,431570600
2014-09-26,40400.0,40400.0,39550.0,40250.0,14916.0,-0.4944375772558714,122968100,0,437893150,34531050,39950000,0,546172300,9270000,595392300
2014-09-29,40000.0,40250.0,39100.0,39200.0,18371.0,-2.608695652173913,28680950,0,664166550,37966950,0,0,686181650,44632800,730814450
2014-09-30,39300.0,40400.0,38650.0,40300.0,20429.0,2.806122448979592,74943550,9420000,652402400,69137900,2980700,3955000,738043000,60925150,805903850
2014-10-01,40100.0,40500.0,38300.0,38300.0,23704.0,-4.962779156327544,8780400,193638950,715317900,17735800,296866900,0,544588950,94017200,935473050
2014-10-02,38150.0,39200.0,37300.0,39150.0,13942.0,2.219321148825065,6780600,0,489665900,37268750,0,22960800,490763450,19991000,533715250
2014-10-06,39200.0,39550.0,38900.0,39500.0,8595.0,0.8939974457215836,177090450,863500,153327050,6541650,67256350,2882150,221158900,46525250,337822650
2014-10-07,39100.0,39550.0,38700.0,39350.0,8754.0,-0.37974683544303794,54291950,0,212756600,75420650,0,0,273112650,69356550,342469200
2014-10-08,39350.0,39750.0,38500.0,39600.0,11574.0,0.6353240152477764,209068100,0,183753150,62818200,39329950,0,409920600,6388900,455639450
2014-10-10,39700.0,39700.0,38500.0,39000.0,6699.0,-1.5151515151515151,92869200,0,150314200,17972000,39000,0,195840750,65275650,261155400
2014-10-13,38700.0,38800.0,37400.0,37500.0,19534.0,-3.8461538461538463,146453600,0,472054050,120785400,248884650,657900,422631150,67119350,739293050
2014-10-14,37050.0,38200.0,36600.0,37400.0,13118.0,-0.26666666666666666,43350450,0,326973850,118970600,26134100,375000,443805200,18980600,489294900
2014-10-15,37250.0,38100.0,37050.0,37400.0,19484.0,0.0,12115900,0,663834850,52723950,7966250,0,693582600,27125850,728674700
2014-10-16,36900.0,37500.0,36450.0,36600.0,18727.0,-2.13903743315508,9535950,0,648946600,31614100,0,0,648840200,41256450,690096650
2014-10-17,36850.0,36850.0,35050.0,35750.0,21119.0,-2.3224043715846996,104472600,1077000,597272500,53652550,2701900,36000,730324600,23412150,756474650
2014-10-20,35750.0,36450.0,35450.0,36000.0,11734.0,0.6993006993006993,13825250,0,357790250,49815450,2269600,1797500,396147650,21216200,421430950
2014-10-21,35850.0,36750.0,35800.0,36750.0,17875.0,2.083333333333333,8022200,3938000,416853950,221604550,109092100,0,506025800,35300800,650418700
2014-10-22,37000.0,38200.0,37000.0,37850.0,15780.0,2.9931972789115644,20539850,9384750,522843350,41224950,42024700,76173200,456465400,19329600,593992900
2014-10-23,37850.0,38450.0,37050.0,38150.0,16870.0,0.7926023778071334,6013350,9626300,597757650,26937900,12166000,0,579840350,48328850,640335200
2014-10-24,37850.0,40650.0,37850.0,39150.0,40596.0,2.621231979030144,0,52218550,1408435200,139348250,3007250,0,1464216350,132778400,1600002000
2014-10-27,39250.0,39700.0,38600.0,39500.0,8422.0,0.8939974457215836,0,32361000,250676550,46068150,2854250,0,305679350,20572100,329105700
2014-10-28,39250.0,39600.0,38650.0,39450.0,8800.0,-0.12658227848101267,24652400,0,318458550,2303900,941700,0,313087250,31385900,345414850
2014-10-29,39200.0,39850.0,38350.0,38600.0,9433.0,-2.1546261089987326,35583950,3167650,292075850,35337850,104361300,0,234642750,27161250,366165300
2014-10-30,38900.0,38900.0,37550.0,37800.0,12779.0,-2.072538860103627,19804500,14886550,406258250,44839200,134750900,0,339975750,11061850,485788500
2014-10-31,37800.0,38500.0,37050.0,37550.0,12231.0,-0.6613756613756614,99219300,2626000,321251600,35644450,65659450,0,358300450,34781450,458741350
2014-11-03,37300.0,37450.0,36300.0,36600.0,15882.0,-2.5299600532623168,15770400,4063500,557617900,6779900,186876800,4416000,364641300,28297600,584231700
2014-11-04,36800.0,36800.0,34900.0,34950.0,28041.0,-4.508196721311475,5772600,5415000,810249850,179452950,242697000,0,722448650,35744750,1000890400
2014-11-05,34950.0,36000.0,34950.0,35700.0,5268.0,2.1459227467811157,0,1059000,148144850,37836650,0,0,163053200,23987300,187040500
2014-11-06,35700.0,35750.0,34850.0,35550.0,14103.0,-0.42016806722689076,3531900,1239000,451629800,39002600,91716050,0,362638900,41048350,495403300
2014-11-07,35100.0,35800.0,35000.0,35500.0,10858.0,-0.14064697609001406,6965600,0,342884950,31576400,35799550,0,312400500,33226900,381426950
2014-11-10,35500.0,35650.0,34900.0,35250.0,10633.0,-0.7042253521126761,4879000,0,328645200,39573150,66241950,19238450,253081550,34535400,373097350
2014-11-11,35150.0,35550.0,35000.0,35450.0,8883.0,0.5673758865248227,8391050,1226750,235894750,66885700,0,0,278823250,33575000,312398250
2014-11-12,35500.0,35900.0,35000.0,35500.0,10814.0,0.14104372355430184,7294400,7112500,293289550,73823800,0,0,360338800,21181450,381520250
2014-11-13,35500.0,36700.0,35350.0,36150.0,22656.0,1.8309859154929577,72400,13481200,717853750,85231950,150365150,1086000,649372700,15815450,816639300
2014-11-14,36000.0,36700.0,35750.0,36400.0,20901.0,0.6915629322268326,26641000,2519000,674588250,52369750,0,0,726015250,30102750,756118000
2014-11-17,36450.0,36800.0,36200.0,36750.0,23157.0,0.9615384615384616,3284000,5146500,789300800,47705800,17200650,0,671973900,156262550,845437100
2014-11-18,36850.0,37600.0,36700.0,37250.0,22733.0,1.3605442176870748,9163050,2236000,749400350,82182550,0,9379150,823014050,10588750,842981950
2014-11-19,37250.0,37550.0,36650.0,37200.0,9896.0,-0.1342281879194631,7727600,0,327075350,33118550,1484000,298000,351953050,14186450,367921500
2014-11-20,37300.0,37500.0,36600.0,36850.0,8170.0,-0.9408602150537635,0,7449000,275656050,19850700,74450,0,270718050,32163250,302955750
2014-11-21,36850.0,37150.0,35600.0,35900.0,15516.0,-2.578018995929444,14573250,2866500,417978850,123078050,156574150,0,354987350,46935150,558496650
2014-11-24,35700.0,36050.0,35500.0,35850.0,6900.0,-0.1392757660167131,12140650,0,175440000,59951750,215150,0,245561400,1755850,247532400
2014-11-25,36100.0,36250.0,35500.0,35850.0,13030.0,0.0,0,0,417042000,49703400,1109150,2152500,458386350,5097400,466745400
2014-11-26,36000.0,36400.0,35850.0,36250.0,5441.0,1.1157601115760112,6284650,1086000,157380300,31950650,0,0,191667550,5034050,196701600
2014-11-27,36000.0,36800.0,36000.0,36300.0,11067.0,0.13793103448275862,72800,3920050,373724600,24785350,0,1450000,384442750,16610050,402502800
2014-11-28,36550.0,41700.0,36100.0,40700.0,169771.0,12.121212121212121,497440350,16622400,6152519500,57041900,2042238550,52085900,4259265700,370034000,6723624150
2014-12-01,41800.0,43400.0,40600.0,42700.0,128943.0,4.914004914004914,204966400,210924900,4821923500,150276100,557509050,41905600,4678084550,110591700,5388090900
2014-12-02,39100.0,42450.0,39100.0,41200.0,173801.0,-3.51288056206089,1736005700,141977250,4980794400,203917950,127971250,24395100,6729587700,180741250,7062695300
2014-12-03,41200.0,44900.0,40900.0,41750.0,103447.0,1.3349514563106795,54181750,19676800,4147362850,184345250,1316920900,134339250,2829375550,124930950,4405566650
2014-12-04,41950.0,41950.0,40100.0,41600.0,35465.0,-0.3592814371257485,47196900,20089100,1168651100,218707000,0,28024250,1414786250,11833600,1454644100
2014-12-05,41600.0,43850.0,41000.0,41750.0,49760.0,0.3605769230769231,17444200,1134000,1876735000,224351250,634181450,1939500,1394554550,88988950,2119664450
2014-12-08,41700.0,41700.0,39850.0,40000.0,55115.0,-4.191616766467066,284081150,33970800,1718566250,190209800,4081450,19825000,2187840250,15081300,2226828000
2014-12-09,39700.0,41150.0,39300.0,40600.0,36655.0,1.5,42127150,88486600,1055220700,289741950,68268150,19755400,1358414800,29138050,1475576400
2014-12-10,40950.0,41800.0,40200.0,40400.0,36300.0,-0.49261083743842365,354261050,39137150,947676050,145155300,528449200,27722850,867202750,62854750,1486229550
2014-12-11,39950.0,40950.0,39950.0,40100.0,44772.0,-0.7425742574257426,505265150,74342100,1080698350,146244650,821394000,39640150,880930250,64585850,1806550250
2014-12-12,40450.0,40800.0,39150.0,40000.0,17046.0,-0.24937655860349126,41650100,8983850,521988100,109429350,33103900,4039000,609817600,35090900,682051400
2014-12-15,40000.0,40600.0,39650.0,40050.0,13539.0,0.125,110789800,517400,360101000,71429150,19904200,0,518875300,4057850,542837350
2014-12-16,40100.0,40700.0,39900.0,40650.0,24033.0,1.4981273408239701,170377850,15010000,740542900,45122800,27839100,0,901873600,41340850,971053550
2014-12-17,40700.0,42450.0,40450.0,41650.0,33908.0,2.4600246002460024,272529750,15324550,1079413300,33206900,176143400,34809050,1102260200,87261850,1400474500
2014-12-18,42350.0,42600.0,40400.0,41050.0,17862.0,-1.440576230492197,55334500,13470300,612970750,56588150,7795100,4271100,637843600,88453900,738363700
2014-12-19,41400.0,41800.0,40750.0,41250.0,15544.0,0.48721071863580995,99906700,16619800,495476900,26994250,15890150,0,577807100,45300400,638997650
2014-12-22,41250.0,42000.0,41200.0,42000.0,10875.0,1.8181818181818181,45308000,42000000,320094150,46095550,83000,0,426669650,26745050,453497700
2014-12-23,42500.0,44300.0,41600.0,41950.0,44606.0,-0.11904761904761905,41649300,46130000,1758242250,66713800,551799400,6868500,1173388900,180678550,1912735350
2014-12-24,41950.0,42050.0,40450.0,40450.0,19820.0,-3.575685339690107,8925600,501000,738636400,65046350,101084750,12429100,605966900,93628600,813109350
2014-12-26,40900.0,40950.0,40150.0,40400.0,17525.0,-0.12360939431396785,8204100,41063400,458183400,202418350,122049750,7554800,570598750,9665950,709869250
2014-12-29,40600.0,41000.0,40350.0,40350.0,9829.0,-0.12376237623762376,0,16713700,356757950,25106050,14623800,0,361340600,22613300,398577700
2014-12-30,40400.0,40550.0,39000.0,39800.0,16099.0,-1.3630731102850062,23421100,37870850,521094000,57950050,3551450,0,555143350,81641200,640336000
2015-01-02,39450.0,40650.0,39150.0,40600.0,15323.0,2.0100502512562812,257617750,0,277731050,77436350,4000000,2984500,506098000,99702650,612785150
2015-01-05,40600.0,41850.0,40350.0,41200.0,15542.0,1.477832512315271,6272500,4100000,480241800,149691200,39283250,26591800,521235850,53194600,640305500
2015-01-06,41100.0,42900.0,41100.0,42350.0,36606.0,2.7912621359223304,360122800,7683550,1074298550,105159650,319741650,32696850,1113055800,81770250,1547264550
2015-01-07,42850.0,43800.0,41850.0,43500.0,27038.0,2.715466351829988,320042250,10400350,807640750,28236100,249053400,2185000,812275850,102805200,1166319450
2015-01-08,43500.0,44950.0,43150.0,43500.0,29882.0,0.0,205197550,10982100,1007858150,82982300,547991750,0,657336600,101691750,1307020100
2015-01-09,44000.0,44950.0,43050.0,44550.0,31216.0,2.413793103448276,404831800,0,906057050,76688800,591446050,0,745358400,50773200,1387577650
2015-01-12,44550.0,45500.0,44050.0,44650.0,31785.0,0.22446689113355783,210841150,0,1115236900,93221450,724480300,27371950,603104100,64343150,1419299500
2015-01-13,44500.0,45150.0,43200.0,43800.0,13181.0,-1.9036954087346025,52727300,1171800,422305700,106376450,65855900,4655100,429965150,82105100,582581250
2015-01-14,43300.0,44400.0,42750.0,43700.0,29443.0,-0.228310502283105,186660600,645750,778335400,312032900,460376100,17043000,782983750,17271800,1277674650
2015-01-15,43950.0,43950.0,42400.0,42500.0,13225.0,-2.745995423340961,29599950,5537850,425549350,104575500,309070250,0,217526250,38666150,565262650
2015-01-16,42300.0,43500.0,42300.0,42600.0,10906.0,0.2352941176470588,65418900,6387500,280592450,114234600,69571550,5331300,340385150,51345450,466633450
2015-01-19,42650.0,43100.0,42000.0,42400.0,13327.0,-0.4694835680751174,6516400,4249950,432985950,120128950,174832200,84800,345833650,43130600,563881250
2015-01-20,42400.0,43150.0,41800.0,43150.0,20437.0,1.7688679245283019,22783350,0,727338650,118148500,111030800,10315150,686425100,60499450,868270500
2015-01-21,43150.0,45000.0,42800.0,44900.0,44656.0,4.055619930475087,463327250,196321500,1057195650,249640450,294822250,44845500,1539467300,87349800,1966484850
2015-01-22,44800.0,46000.0,42850.0,42900.0,39109.0,-4.4543429844097995,133947550,69223500,1341607600,171200300,815655300,11779650,800986900,87557100,1715978950
2015-01-23,43350.0,43700.0,42600.0,42650.0,32228.0,-0.5827505827505828,209065250,0,1027408600,150087500,816765150,25814200,490807400,53174600,1386561350
2015-01-26,43100.0,43150.0,42350.0,42400.0,13573.0,-0.5861664712778429,3065400,24717000,482799550,68149900,247457200,0,277547350,53727300,578731850
2015-01-27,42900.0,43150.0,42100.0,42900.0,18986.0,1.179245283018868,18291150,10590000,601557000,176080500,291980350,11036950,444474450,59026900,806518650
2015-01-28,43200.0,43300.0,42500.0,43300.0,16735.0,0.9324009324009324,120394200,109949650,422292550,65243700,137838300,0,497180050,82861750,717880100
2015-01-29,43000.0,44500.0,42850.0,43750.0,34542.0,1.0392609699769053,222466850,122038700,965302900,199102450,240401200,167203700,967957350,133348650,1508910900
2015-01-30,43650.0,44750.0,43100.0,44700.0,22803.0,2.1714285714285713,280699800,8705000,642736600,71682150,151723800,56851700,741897450,53350600,1003823550
2015-02-02,44800.0,45550.0,44200.0,45000.0,25909.0,0.6711409395973155,75674200,18074000,1019452750,50490550,189367000,110900800,724793750,138629950,1163691500
2015-02-03,44700.0,45000.0,43950.0,44150.0,15975.0,-1.8888888888888888,22105000,20543050,651084150,13778800,20958150,718400,568573600,117260850,707511000
2015-02-04,44000.0,44200.0,42750.0,43400.0,36648.0,-1.698754246885617,256304450,44256400,1067654500,213602150,518449200,22017000,942320850,99030450,1581817500
2015-02-05,43050.0,47100.0,43050.0,46000.0,50907.0,5.990783410138248,55268300,45613600,1780583350,427743900,450592900,45234250,1774446550,38935450,2309209150
2015-02-06,46300.0,46300.0,45300.0,45500.0,19244.0,-1.0869565217391304,155729600,0,687908900,38601600,32676400,65355350,645940200,138268150,882240100
2015-02-09,45250.0,45450.0,43650.0,44800.0,23690.0,-1.5384615384615385,68493400,4824450,927103500,49577100,147294800,9718400,781027050,111958200,1049998450
2015-02-10,44300.0,44650.0,43600.0,43650.0,13160.0,-2.5669642857142856,0,33766450,494342100,48555600,247158050,133500,245748900,83623700,576664150
2015-02-11,43900.0,44500.0,43600.0,43950.0,32452.0,0.6872852233676976,492589000,30810000,641832450,263785350,695609000,837900,666324150,66245750,1429016800
2015-02-12,43950.0,45150.0,43500.0,44900.0,22620.0,2.1615472127417523,312222650,32244000,465789100,194684950,331076950,0,663332800,10530950,1004940700
2015-02-13,44800.0,46000.0,44050.0,46000.0,27170.0,2.4498886414253898,245910500,18873000,641062150,327062350,158950250,0,987158100,86799650,1232908000
2015-02-16,46500.0,50000.0,46000.0,48600.0,82483.0,5.6521739130434785,554273300,33026050,2758593950,619523600,906808750,53717350,2816266300,188624500,3965416900
2015-02-17,48400.0,49200.0,47750.0,49000.0,19871.0,0.823045267489712,200850600,36427500,660964350,67066300,101957750,0,756288850,107062150,965308750
2015-02-23,48900.0,49800.0,48250.0,49300.0,21752.0,0.6122448979591837,359327950,2450000,648635600,60482600,118288150,31889550,867783550,52934900,1070896150
2015-02-24,49050.0,51000.0,48600.0,50700.0,49531.0,2.839756592292089,943043900,55774200,1043630550,432915350,1090342350,0,1326783650,58238000,2475364000
2015-02-25,50700.0,51900.0,49750.0,51300.0,29654.0,1.183431952662722,154878000,9965000,1263433100,82908250,387577550,27776500,1023789600,72040700,1511184350
2015-02-26,50500.0,51000.0,49350.0,49800.0,33700.0,-2.923976608187134,228339050,2442650,1254297450,198297650,481297850,0,1170340400,31738550,1683376800
2015-02-27,51000.0,52200.0,49750.0,51700.0,74911.0,3.815261044176707,1141271300,15430000,2351500700,320575650,670598500,163238000,2899744250,95196900,3828777650
2015-03-02,52000.0,57500.0,51800.0,55100.0,88094.0,6.5764023210831715,399407500,32664700,4260047400,100594200,1128754100,222898200,3142655900,298405600,4792713800
2015-03-03,55300.0,56700.0,54800.0,56100.0,45540.0,1.8148820326678767,654277300,65631600,1766251400,44648600,422752700,90011900,1816426400,201617900,2530808900
2015-03-04,56200.0,62700.0,55900.0,61800.0,123573.0,10.16042780748663,862839700,103406400,6259904100,205892300,2008939500,122092400,4995891100,305119500,7432042500
2015-03-05,61100.0,63500.0,59900.0,62000.0,85286.0,0.3236245954692557,1290705800,121671000,3659602200,179317400,1235293400,6110000,3694666900,315226100,5251296400
2015-03-06,62100.0,66800.0,61700.0,64600.0,92693.0,4.193548387096775,743654300,79103600,4705633500,464022500,1637236700,13053600,4111419900,230703700,5992413900
2015-03-09,64600.0,65000.0,62900.0,64500.0,49343.0,-0.15479876160990713,54662900,31690000,2516903100,555843500,66071400,127783400,2883957100,81287600,3159099500
2015-03-10,64500.0,66300.0,62500.0,66300.0,57397.0,2.7906976744186047,287663100,40339700,2901326100,461340500,477983000,97214000,2899808400,215664000,3690669400
2015-03-11,66200.0,71700.0,65400.0,68600.0,91021.0,3.469079939668175,674659700,376636000,5132624100,110198500,1067779700,57725400,4491477500,677135700,6294118300
2015-03-12,68800.0,71000.0,68000.0,68000.0,44324.0,-0.8746355685131195,276586800,16662600,2627591100,131858700,225533400,3480000,2696236800,127449000,3052699200
2015-03-13,68100.0,71700.0,67800.0,70700.0,84022.0,3.9705882352941173,1867145300,0,3290227100,752562100,1077812600,35908800,4646987700,149225400,5909934500
2015-03-16,71300.0,79800.0,71200.0,77300.0,119111.0,9.335219236209335,470796400,180583900,7540401300,855837700,1338308700,22970000,7202767200,483573400,9047619300
2015-03-17,79600.0,80900.0,75200.0,78500.0,114269.0,1.5523932729624839,2901800,43371200,8100937700,701292000,2660270600,22256900,5357965400,808009800,8848502700
2015-03-18,77000.0,78200.0,70400.0,70800.0,149390.0,-9.80891719745223,77947300,300391500,9265704800,1424738100,2718711200,221005400,7925636200,203428900,11068781700
2015-03-19,70700.0,76600.0,70500.0,74200.0,106189.0,4.80225988700565,1276491300,210505000,5672286200,661135400,1531880600,195385800,5529140300,564011200,7820417900
2015-03-20,74400.0,79500.0,70800.0,73400.0,184327.0,-1.078167115902965,3759991400,566442200,8841905800,764047300,1573728300,4306861900,6901472300,1150324200,13932386700
2015-03-23,72800.0,72800.0,68900.0,69900.0,116713.0,-4.768392370572207,1264164600,157384800,5814408300,979100800,425588500,1366917300,6037513900,385038800,8215058500
2015-03-24,71000.0,75700.0,70100.0,72000.0,101981.0,3.004291845493562,778833400,117651700,5779948600,759566800,965166100,1452279300,4503385600,515169500,7436000500
2015-03-25,72300.0,77700.0,71500.0,72600.0,166944.0,0.8333333333333334,942997000,579963000,10018296000,939873100,624793500,3413866600,8072224500,370244500,12481129100
2015-03-26,72700.0,80100.0,71200.0,77000.0,183857.0,6.0606060606060606,2095903800,29272500,9658533000,2423891900,1415602500,1361319300,10462014600,968664800,14207601200
2015-03-27,78600.0,87900.0,78500.0,87900.0,202439.0,14.155844155844155,582849800,198178800,15839625100,409508300,2943576800,814188200,12301456300,970940700,17030162000
2015-03-30,87800.0,90700.0,85700.0,87900.0,126581.0,0.0,473344300,13261000,9592911000,1088885900,794845400,711416300,8181984900,1480155600,11168402200
2015-03-31,88200.0,98600.0,86500.0,96000.0,177336.0,9.215017064846416,2694479300,572685000,12920208400,475015200,560550100,1107490800,13863882100,1130464900,16662387900
2015-04-01,97100.0,102000.0,93500.0,95700.0,166072.0,-0.3125,2888200300,42626700,12262638300,1000878200,992206900,773610200,11953689000,2474837400,16194343500
2015-04-02,95100.0,99300.0,89300.0,94500.0,119233.0,-1.2539184952978055,1340507400,608190100,7557709300,1864041000,940014100,1129673900,8447951900,852807900,11370447800
2015-04-03,97100.0,99000.0,92100.0,93000.0,55353.0,-1.5873015873015872,219345700,0,4603742500,396740000,276484900,127460700,4322535700,493346900,5219828200
2015-04-06,93400.0,95000.0,89100.0,91900.0,73672.0,-1.1827956989247312,753646200,0,4703943700,1250709200,30277500,736994500,5512068400,428958700,6708299100
2015-04-07,92700.0,93000.0,89600.0,90400.0,61434.0,-1.632208922742111,519423700,125243200,3951384000,966431800,450212400,307363200,4464673100,340234000,5562482700
2015-04-08,91600.0,99500.0,90400.0,98400.0,153903.0,8.849557522123893,1159351500,100069900,11515678800,1957459500,1219222900,104730500,12522253300,886353000,14732559700
2015-04-09,98800.0,99400.0,89100.0,90200.0,187705.0,-8.333333333333332,2221503900,104800900,14793934700,150177900,2337015700,1097001700,11166708200,2669691800,17270417400
2015-04-10,90500.0,93100.0,88000.0,89600.0,115033.0,-0.6651884700665188,2210400300,3822700,6564001900,1631831500,647366700,2197179100,7121710700,443799900,10410056400
2015-04-13,91300.0,101000.0,90200.0,99000.0,203160.0,10.491071428571429,4609831400,22156000,12927530400,2046706500,1821361800,415350300,15895600100,1473912100,19606224300
2015-04-14,107500.0,113500.0,103000.0,108000.0,496353.0,9.090909090909092,2081259000,273736500,50356749000,1932363500,6249344500,5441157500,38869159500,4084446500,54644108000
2015-04-15,107500.0,110000.0,102000.0,104500.0,161149.0,-3.2407407407407405,591283000,173451500,14326291500,1903456500,749771000,1927758000,11227603500,3089350000,16994482500
2015-04-16,105000.0,112000.0,102500.0,112000.0,128369.0,7.177033492822966,2924112500,25365000,10642163000,290499000,340530000,118886500,10833441000,2589282000,13882139500
2015-04-17,112500.0,116000.0,109500.0,114000.0,106093.0,1.7857142857142856,2535835500,0,8360851000,1172075500,321296500,54641500,8628638500,3064185500,12068762000
2015-04-20,110000.0,112500.0,105500.0,107500.0,105368.0,-5.701754385964912,649781000,228050000,9645901500,909349000,1198279000,14341000,9324989500,895472000,11433081500
2015-04-21,107500.0,108500.0,103500.0,105500.0,70774.0,-1.8604651162790697,462487500,10505000,5752305000,1247679000,457696500,0,6692782000,322498000,7472976500
2015-04-22,104500.0,107500.0,90200.0,97800.0,209376.0,-7.298578199052133,999956400,132769900,17234109400,2352381600,2298197300,360171000,17509606100,551242900,20719217300
2015-04-23,98000.0,99800.0,92000.0,97200.0,122985.0,-0.6134969325153374,1921422500,25276400,7816638400,1888641600,2510282800,688072600,7063623300,1390000200,11651978900
2015-04-24,95200.0,99600.0,92700.0,98800.0,111856.0,1.646090534979424,3276275800,282668100,6800595200,534208500,719727600,0,8384717800,1789302200,10893747600
2015-04-27,99800.0,104500.0,98800.0,103000.0,70644.0,4.251012145748987,2852887500,105327000,4278267400,11638200,832234000,0,5402617300,1013268800,7248120100
2015-04-28,104500.0,106500.0,100000.0,102000.0,63828.0,-0.9708737864077669,1818502500,272858000,4136449000,368767000,101818000,9180000,5367284000,1118294500,6596576500
2015-04-29,102000.0,112500.0,102000.0,110500.0,189039.0,8.333333333333332,4616196000,239812500,14152297000,1682253500,541820000,66070000,19259505000,823164000,20690559000
2015-04-30,110500.0,116000.0,106000.0,110500.0,97832.0,0.0,1530116000,4540000,9128905500,134458000,183908000,79580500,8232048000,2302483000,10798019500
2015-05-04,111000.0,111500.0,102500.0,103500.0,48638.0,-6.334841628959276,195462500,371851000,4046925500,518136500,351751500,291786000,3956555000,532283000,5132375500
2015-05-06,101000.0,102000.0,95100.0,98100.0,98656.0,-5.217391304347826,216024100,0,7134627300,2408263700,1657636300,139705000,7359014800,602559000,9758915100
2015-05-07,100500.0,101500.0,92900.0,95400.0,93923.0,-2.7522935779816518,484348600,236600000,6960127800,1351540400,596032400,863950300,7018972900,553661200,9032616800
2015-05-08,95500.0,101000.0,92600.0,96000.0,66910.0,0.628930817610063,62023800,54672800,4953362000,1401911000,565590300,1892000,5163093700,741393600,6471969600
2015-05-11,94000.0,97900.0,91700.0,94900.0,83496.0,-1.1458333333333333,665885200,4694000,5319895400,1895261100,1020988900,7262600,6494206500,363277700,7885735700
2015-05-12,94100.0,97800.0,93100.0,94700.0,40022.0,-0.21074815595363539,296794300,931000,3125646300,380860700,72236400,3471000,2970316000,758208900,3804232300
2015-05-13,94700.0,97700.0,93500.0,96500.0,36032.0,1.9007391763463568,337521800,94300,2602717600,508925000,498389900,13462000,2535461500,401945300,3449258700
2015-05-14,95600.0,96500.0,85000.0,88600.0,183943.0,-8.186528497409325,647592700,26790000,15321076500,560978300,995124100,81808900,14040394700,1439109800,16556437500
2015-05-15,88200.0,89900.0,86600.0,87500.0,59584.0,-1.2415349887133182,390814700,88638000,3574853900,1197175900,692791300,15330000,4092718500,450642700,5251482500
2015-05-18,85200.0,85900.0,79000.0,82100.0,206641.0,-6.171428571428572,2728613600,96220000,11628454600,2581797500,3326853300,1067172700,12018936300,622123400,17035085700
2015-05-19,83700.0,84800.0,80200.0,81600.0,124160.0,-0.6090133982947624,289917300,27651000,7968467700,1933416500,2003639500,847000,6805072800,1409893200,10219452500
2015-05-20,82000.0,82300.0,78100.0,80800.0,110841.0,-0.9803921568627451,791213700,0,7166142000,849744600,973090000,103060000,6791581400,939368900,8807100300
2015-05-21,79500.0,80800.0,78200.0,79500.0,81916.0,-1.608910891089109,794665400,790500,4896046300,830209800,490189300,23248900,5355973600,652300200,6521712000
2015-05-22,80500.0,83600.0,79900.0,82100.0,100353.0,3.270440251572327,771711400,63637300,6760845100,588638700,497438000,0,6714071800,973322700,8184832500
2015-05-26,81600.0,81800.0,77500.0,78500.0,89145.0,-4.38489646772229,1138243900,0,5388491900,504274800,816509100,37075500,5216515500,960910500,7031010600
2015-05-27,78400.0,80200.0,77300.0,79600.0,55010.0,1.4012738853503186,826212000,15520000,2939418000,552666500,48114300,0,3401488200,884214000,4333816500
2015-05-28,80300.0,83600.0,78200.0,81100.0,73008.0,1.8844221105527637,1304648000,528714400,3871270200,264980600,88646100,118208800,4094052500,1668705800,5969613200
2015-05-29,82100.0,84300.0,80600.0,83700.0,87140.0,3.2059186189889024,554339100,596264900,4632231000,1449138400,1027453300,24704600,4462172500,1717643000,7231973400
2015-06-01,85200.0,86300.0,83100.0,85000.0,86190.0,1.5531660692951015,869123100,239989000,5875232200,312658500,37978400,0,5235461500,2023562900,7297002800
2015-06-02,87500.0,87500.0,81600.0,82100.0,83153.0,-3.4117647058823533,670863400,0,6060776400,307133300,516504500,0,4468196200,2054072400,7038773100
2015-06-03,81900.0,83800.0,79500.0,81000.0,41948.0,-1.3398294762484775,689182100,0,2199986200,546796200,0,53321500,2557340200,825302800,3435964500
2015-06-04,80600.0,81900.0,78400.0,78800.0,67927.0,-2.7160493827160495,692812600,25237000,4416359200,270699800,463984800,0,3504229200,1436894600,5405108600
2015-06-05,78600.0,79500.0,75500.0,79200.0,78032.0,0.5076142131979695,671983000,30760000,4046120000,1315867100,10322800,0,5217301800,837105500,6064730100
2015-06-08,79400.0,80500.0,77100.0,77900.0,53869.0,-1.6414141414141417,407313200,777000,3614736600,201835100,157300,0,3253247000,971257600,4224661900
2015-06-09,77900.0,87600.0,77200.0,86800.0,114622.0,11.424903722721439,1782225600,18796500,6820089400,857890100,167694300,0,8458349300,852958000,9479001600
2015-06-10,87900.0,92300.0,86500.0,88300.0,159504.0,1.7281105990783412,3102645100,6152000,10832268100,225658200,1610946300,80047900,9437359500,3038369700,14166723400
2015-06-11,89400.0,91000.0,86800.0,87600.0,67844.0,-0.7927519818799547,613518700,0,5261418500,120030900,115505300,94204300,4602890700,1182367800,5994968100
2015-06-12,88500.0,88600.0,85300.0,85400.0,66635.0,-2.5114155251141552,807408400,0,4463620300,493720600,19812800,0,4628277100,1116659400,5764749300
2015-06-15,85000.0,88700.0,84900.0,85600.0,44984.0,0.234192037470726,483844800,0,3115379700,294616500,82459700,3492000,3271347700,536541600,3893841000
2015-06-16,87000.0,91300.0,86400.0,89000.0,72222.0,3.9719626168224296,152110800,1233200,6046254100,212745300,41467000,5662300,5902320200,462893900,6412343400
2015-06-17,89500.0,91200.0,88000.0,90700.0,44634.0,1.9101123595505618,447931200,0,3161272400,386053400,0,90391600,3446493300,458372100,3995257000
2015-06-18,90200.0,90900.0,86400.0,88000.0,85532.0,-2.9768467475192946,612200700,31893000,6476574600,420667200,150516000,13275000,6158893200,1218651300,7541335500
2015-06-19,88500.0,89000.0,86800.0,87500.0,35517.0,-0.5681818181818182,19778100,0,2679044200,409027600,37946500,0,2685021200,384882200,3107849900
2015-06-22,87300.0,88100.0,85100.0,85800.0,41751.0,-1.9428571428571426,791222900,19841000,2556794900,233331900,0,26100000,3354483900,220606800,3601190700
2015-06-23,86700.0,92800.0,86100.0,92800.0,90681.0,8.158508158508159,913277800,58067200,6057713000,1141568700,226041300,79787200,7755875000,108923200,8170626700
2015-06-24,92800.0,93200.0,89400.0,89800.0,48582.0,-3.2327586206896552,454384200,51188100,3852454800,78249700,152842800,207004600,3372784300,703645100,4436276800
2015-06-25,89600.0,96100.0,89200.0,95400.0,81190.0,6.23608017817372,1978841000,0,5012072700,610537500,95150400,128533000,7086717500,291050300,7601451200
2015-06-26,95500.0,97900.0,91800.0,93400.0,55951.0,-2.0964360587002098,27992100,102642400,4863851500,262980800,612505400,0,3873326200,771635200,5257466800
2015-06-29,90400.0,91800.0,87400.0,87700.0,51099.0,-6.102783725910064,765104200,0,3588108700,214867600,34630900,0,3856945400,676504200,4568080500
2015-06-30,89000.0,89500.0,85200.0,88500.0,29100.0,0.9122006841505131,41845600,0,2192235600,320073700,425707600,32114000,1878318100,218015200,2554154900
2015-07-01,89300.0,90500.0,87700.0,88800.0,20983.0,0.3389830508474576,134856400,0,1667534400,62372200,0,0,1752001300,112761700,1864763000
2015-07-02,88500.0,90800.0,85700.0,88000.0,64405.0,-0.9009009009009009,1179153700,0,4247052100,192534300,223458200,56403800,5024389200,314488900,5618740100
2015-07-03,88900.0,89000.0,87100.0,88100.0,26600.0,0.11363636363636363,242873500,8400000,1774625100,316804000,32881500,2566500,2121011900,186242700,2342702600
2015-07-06,86600.0,87400.0,84700.0,84700.0,43980.0,-3.859250851305335,344761200,41488400,2403094100,978310100,8139900,265410800,3263372900,230730200,3767653800
2015-07-07,86500.0,97900.0,85800.0,90900.0,243715.0,7.319952774498228,780853000,307500600,18823035200,2582043700,494880500,519901900,20655881400,822768700,22493432500
2015-07-08,93200.0,96300.0,90500.0,94100.0,117799.0,3.52035203520352,1460545900,105045200,7125225700,2301116100,2246279800,191083200,7577392600,977177300,10991932900
2015-07-09,93300.0,100000.0,90300.0,98300.0,219789.0,4.463336875664187,1325564100,39881100,15254306900,4722987300,2217794900,314968000,18216087700,593888800,21342739400
2015-07-10,100500.0,109500.0,100000.0,108500.0,233004.0,10.376398779247202,5293480000,24435000,15263115000,4011194000,2116082000,54998000,21930069000,491075000,24592224000
2015-07-13,111000.0,113000.0,105500.0,108500.0,98588.0,0.0,852603500,26447500,7448068500,2329561500,1371578000,2730000,8386568000,895805000,10656681000
2015-07-14,109000.0,110000.0,104000.0,110000.0,108895.0,1.3824884792626728,377648500,77710000,9005416000,2149945000,914096000,87651000,10300308000,308664500,11610719500
2015-07-15,110000.0,115500.0,107000.0,112500.0,109394.0,2.272727272727273,2165732500,5675000,9490730500,633765500,624450500,22550000,11010678000,638225000,12295903500
2015-07-16,113500.0,119000.0,108500.0,112500.0,84991.0,0.0,294758000,567500,8799635000,586031500,118546500,34100000,8681254000,847091500,9680992000
2015-07-17,112000.0,112000.0,106000.0,106500.0,56979.0,-5.333333333333334,124516500,16275000,4970245500,1077656000,356780500,0,5740690000,91222500,6188693000
2015-07-20,106500.0,113500.0,106000.0,113000.0,64337.0,6.103286384976526,1417232000,5375000,4501111000,1200661000,534771000,0,6060075000,529533000,7124379000
2015-07-21,115500.0,115500.0,110500.0,114000.0,48589.0,0.8849557522123894,705392500,3357000,4429458500,334514500,716538500,902500,3921879500,833402000,5472722500
2015-07-22,112500.0,114000.0,109500.0,111000.0,36352.0,-2.631578947368421,31065500,0,3653699000,373787500,235813000,0,3413364000,409375000,4058552000
2015-07-23,112000.0,112000.0,106500.0,111500.0,27803.0,0.45045045045045046,29568500,0,2687796000,319478000,39254500,0,2815578500,182009500,3036842500
2015-07-24,111500.0,111500.0,106000.0,106500.0,36981.0,-4.484304932735426,225842000,0,3316845000,433931500,430032000,0,3231914500,314672000,3976618500
2015-07-27,107000.0,107000.0,99000.0,100000.0,80017.0,-6.103286384976526,1849476100,0,4874702300,1411380800,1316853200,57651000,6339685700,421369300,8135559200
2015-07-28,100000.0,103000.0,95000.0,98500.0,95027.0,-1.5,1518482800,19551900,5112338100,2670347700,2716778500,18715000,5833881500,751345500,9320720500
2015-07-29,99000.0,103000.0,99000.0,100000.0,33764.0,1.5228426395939088,372217100,0,2335832200,695939300,44322800,144379500,2558978800,656307500,3403988600
2015-07-30,100500.0,100500.0,94500.0,95500.0,52583.0,-4.5,194125100,0,3222326800,1683472400,270915800,3892000,4049615500,775501000,5099924300
2015-07-31,96000.0,101000.0,93300.0,100500.0,44190.0,5.2356020942408374,589279600,0,1864954500,1833676800,699204800,0,2810408300,778297800,4287910900
2015-08-03,99600.0,100500.0,96700.0,97500.0,19567.0,-2.9850746268656714,351382800,0,1385633000,189447900,118824600,0,1077491000,730148100,1926463700
2015-08-04,96700.0,101500.0,95900.0,100500.0,25563.0,3.076923076923077,249447500,0,1843052900,432993300,188461500,6030000,1605107600,725894600,2525493700
2015-08-05,100000.0,104500.0,98500.0,104000.0,24641.0,3.482587064676617,174921700,0,2137765300,200770600,112510100,6060000,1842085000,552802500,2513457600
2015-08-06,104000.0,104500.0,100500.0,102000.0,24617.0,-1.9230769230769231,204540000,31465000,2068992000,218196500,155364000,0,1758662500,609167000,2523193500
2015-08-07,102000.0,107000.0,100500.0,105500.0,42530.0,3.431372549019608,0,0,4141916000,321973500,219346500,0,3669549000,574994000,4463889500
2015-08-10,107000.0,110500.0,104000.0,109000.0,42410.0,3.3175355450236967,474045000,3374000,3980911000,114542000,90848000,0,3749944000,732080000,4572872000
2015-08-11,111500.0,112000.0,98800.0,99100.0,94572.0,-9.08256880733945,1510149600,0,8054105700,263583300,897382600,22000000,7534319200,1374136800,9827838600
2015-08-12,97500.0,101000.0,85400.0,95000.0,113100.0,-4.137235116044399,1532816200,19000000,7944341100,977389800,585005900,25728000,9315176700,547636500,10473547100
2015-08-13,96200.0,98000.0,93500.0,97800.0,48409.0,2.9473684210526314,244894500,0,3670740200,765930900,655688000,0,3304676700,721200900,4681565600
2015-08-17,98500.0,98500.0,93700.0,95100.0,35376.0,-2.7607361963190185,400261800,0,2589520100,389663600,228191900,20786000,2735042700,395424900,3379445500
2015-08-18,76000.0,80500.0,67700.0,69200.0,385823.0,-27.23449001051525,2742521800,158472700,23994472500,1347911400,6349733300,278739200,20792849900,822056000,28243378400
2015-08-19,67400.0,70700.0,63300.0,66000.0,973503.0,-4.624277456647398,1515846200,42967461500,17477438400,2416459500,3357847600,16519710000,43808281500,691366500,64377205600
2015-08-20,67200.0,71000.0,66200.0,66200.0,145831.0,0.30303030303030304,348580600,28781200,8598141300,984208600,612054300,510898600,6588926900,2247831900,9959711700
2015-08-21,63800.0,67900.0,62500.0,65300.0,76503.0,-1.3595166163141994,212048100,33884600,4013073600,724428800,571437400,65522800,3685017600,661457300,4983435100
2015-08-24,64000.0,66000.0,61300.0,61700.0,66113.0,-5.51301684532925,7043500,2174000,3712995200,476138800,298541500,19500000,3130425900,749884100,4198351500
2015-08-25,62900.0,64500.0,60500.0,63800.0,76330.0,3.403565640194489,157807600,12646000,3626831600,1011338900,1206298900,192337400,2814787000,595200800,4808624100
2015-08-26,63800.0,69500.0,63000.0,68900.0,90556.0,7.993730407523511,62178900,10054900,5532695000,377710700,735781200,31653200,3807598300,1407606800,5982639500
2015-08-27,74800.0,77700.0,70900.0,72800.0,164147.0,5.660377358490567,551545100,2934000,11411598500,71756000,1260675600,11457500,8406504700,2359195800,12037833600
2015-08-28,73200.0,73700.0,71900.0,72500.0,96080.0,-0.4120879120879121,2145825700,0,4483762000,338816500,1716566200,1454000,4782285500,468098500,6968404200
2015-08-31,72700.0,74000.0,70600.0,72400.0,47031.0,-0.13793103448275862,924976500,20529700,2130641400,330217500,566024600,0,2647961000,192379500,3406365100
2015-09-01,72700.0,77300.0,72700.0,74000.0,110613.0,2.209944751381215,1247252300,41442500,6101407400,902947700,1625855100,7535000,5903149300,756510500,8293049900
2015-09-02,72000.0,73800.0,71000.0,72700.0,48667.0,-1.7567567567567568,383469300,7285000,2985975000,152025200,408295400,14300000,2627593600,478565500,3528754500
2015-09-03,73800.0,78500.0,73600.0,74800.0,72883.0,2.8885832187070153,231173100,54683000,4962026300,300946300,178967300,62500000,4944797100,362564300,5548828700
2015-09-04,75200.0,77000.0,70400.0,72900.0,70860.0,-2.5401069518716577,2135722500,16141000,2624313300,377795500,1433232600,0,3278659600,442080100,5153972300
2015-09-07,72900.0,74500.0,71600.0,72200.0,25847.0,-0.9602194787379973,146636100,14742800,1512700700,205349800,47692300,0,1612013200,219723900,1879429400
2015-09-08,72300.0,73100.0,67700.0,70000.0,47363.0,-3.0470914127423825,500430600,0,2063588600,726522000,42656500,0,3027471200,220413500,3290541200
2015-09-09,71500.0,73900.0,71000.0,73100.0,32018.0,4.428571428571428,218991700,14315300,1695826000,397173300,36250000,6137000,2166602000,117317300,2326306300
2015-09-10,72900.0,76000.0,71900.0,75200.0,22105.0,2.8727770177838576,0,7330000,1131524400,506141500,0,13693200,1397143500,234159200,1644995900
2015-09-11,75000.0,80700.0,74600.0,79600.0,68252.0,5.851063829787234,91709000,74429700,4237394100,929589400,255678000,31335800,4671334800,374773600,5333122200
2015-09-14,79600.0,81500.0,77500.0,79000.0,36110.0,-0.7537688442211055,0,7973000,2043440900,820513700,127286100,94814900,1987597400,662229200,2871927600
2015-09-15,78500.0,80700.0,78200.0,79300.0,28003.0,0.37974683544303794,396421300,0,1345921500,476530900,108379500,0,1576623500,533870700,2218873700
2015-09-16,80500.0,81400.0,78900.0,79900.0,28968.0,0.7566204287515763,403415300,1946400,1761974300,168624400,13934300,0,2272182200,49843900,2335960400
2015-09-17,80700.0,81300.0,77500.0,78000.0,41241.0,-2.3779724655819776,239744600,3921600,2408922300,591312500,194367100,7801000,2940879200,100853700,3243901000
2015-09-18,78400.0,80600.0,78100.0,80000.0,32062.0,2.564102564102564,431081900,0,1528587600,587972200,711330700,0,1726962900,109348100,2547641700
2015-09-21,78800.0,80500.0,78100.0,80200.0,12831.0,0.25,0,0,520710100,503333200,107317300,0,851907500,64818500,1024043300
2015-09-22,79800.0,82200.0,79800.0,81000.0,31863.0,0.997506234413965,3483400,0,1796290100,783569300,229879000,0,1885374400,468089400,2583342800
2015-09-23,80300.0,80700.0,78600.0,78800.0,22245.0,-2.7160493827160495,238623000,0,1059878800,467954300,149185100,0,1171325000,445946000,1766456100
2015-09-24,79000.0,80900.0,78700.0,79200.0,10536.0,0.5076142131979695,0,0,601374100,236521200,14698900,0,796101100,27095300,837895300
2015-09-25,78500.0,79300.0,77400.0,77800.0,19668.0,-1.7676767676767675,117407200,0,993312800,425788500,529077700,0,961056300,46374500,1536508500
2015-09-30,76600.0,79000.0,75300.0,79000.0,19427.0,1.5424164524421593,0,6142000,947721700,544718000,328121300,0,1005532200,164928200,1498581700
2015-10-01,79500.0,81500.0,78000.0,80000.0,23190.0,1.2658227848101267,4651300,3950000,1174377200,670949300,0,18128000,1705759900,130039900,1853927800
2015-10-02,80100.0,81200.0,79600.0,80000.0,12039.0,0.0,1839600,0,724247300,241186500,0,0,884200700,83072700,967273400
2015-10-05,80500.0,83000.0,79300.0,82400.0,30594.0,3.0,4629400,12375000,1565283400,922862800,245224300,0,2240940700,18985600,2505150600
2015-10-06,82100.0,85400.0,82100.0,83500.0,24943.0,1.3349514563106795,0,0,1452231300,629177900,249981800,2493000,1552677900,276256500,2081409200
2015-10-07,82900.0,84100.0,80700.0,83600.0,35002.0,0.11976047904191617,462766100,89760000,1353343600,973384200,411272400,0,1849243000,618738500,2879253900
2015-10-08,84300.0,85200.0,81500.0,81900.0,32037.0,-2.0334928229665072,0,0,1764809300,892525600,1229666100,0,1278375300,149293500,2657334900
2015-10-12,81700.0,82000.0,79000.0,80700.0,35840.0,-1.465201465201465,406057100,0,2065322300,406922700,896004800,0,1879815700,102481600,2878302100
2015-10-13,80700.0,81700.0,77100.0,77900.0,44726.0,-3.469640644361834,668855500,15716900,2585222700,231161700,1893007100,7347000,1541457700,59145000,3500956800
2015-10-14,77900.0,78300.0,75900.0,76400.0,36073.0,-1.9255455712451863,76000000,30520000,2138395500,514076700,938103100,8740000,1720181100,91968000,2758992200
2015-10-15,75500.0,77100.0,74900.0,77000.0,37716.0,0.7853403141361256,422262700,7560000,2066834700,363663700,744608900,3790000,1981314000,130608200,2860321100
2015-10-16,77400.0,78800.0,76300.0,76400.0,27914.0,-0.7792207792207793,0,3885000,1843340500,308119700,584825100,0,1498428100,72092000,2155345200
2015-10-19,76400.0,76800.0,75000.0,75000.0,24472.0,-1.832460732984293,150000000,300800,1484151400,209017800,392581700,0,1394059000,56829300,1843470000
2015-10-20,74300.0,77800.0,74300.0,76900.0,35057.0,2.533333333333333,19146500,38180000,2214827900,396913700,677233400,0,1697221100,294613600,2669068100
2015-10-21,76900.0,77500.0,75800.0,77500.0,19419.0,0.7802340702210664,0,0,1123778200,364497800,262585800,0,1076222600,149467600,1488276000
2015-10-22,77000.0,77300.0,75100.0,75200.0,21100.0,-2.967741935483871,0,38110000,1428610300,132413600,36366600,0,1162793800,399973500,1599133900
2015-10-23,75400.0,75500.0,69900.0,69900.0,74659.0,-7.047872340425531,216900000,71436200,4884178500,187686900,157254300,76205000,4844526200,282216100,5360201600
2015-10-26,70400.0,72000.0,70300.0,71000.0,14396.0,1.5736766809728182,89191800,7120000,647058600,278333400,227028500,0,621417800,173257500,1021703800
2015-10-27,71600.0,72000.0,69600.0,70100.0,22554.0,-1.267605633802817,210868800,28931700,1265445400,83512100,210844800,68425200,1194338500,115149500,1588758000
2015-10-28,69300.0,71100.0,68500.0,70900.0,26858.0,1.1412268188302426,482635200,694000,1219526800,169632100,23056100,0,1549270700,300161300,1872488100
2015-10-29,71200.0,72500.0,70200.0,70200.0,12587.0,-0.9873060648801129,0,46630000,716450300,135238300,0,0,761427300,136891300,898318600
2015-10-30,71000.0,71000.0,68400.0,68500.0,12714.0,-2.4216524216524213,0,7828600,815812100,55907500,125363600,15312000,587290800,151581800,879548200
2015-11-02,68300.0,70100.0,68300.0,69100.0,11811.0,0.8759124087591241,359254800,2780000,386194100,70968400,165561000,0,568600100,85036200,819197300
2015-11-03,69100.0,70100.0,68300.0,69100.0,8187.0,0.0,55197300,28991000,458550100,22187200,827600,0,447104100,116993900,564925600
2015-11-04,69100.0,69300.0,67400.0,69000.0,24117.0,-0.1447178002894356,260712100,3465000,1270725700,113569200,249309000,6880000,1330168600,62114400,1648472000
2015-11-05,68300.0,69700.0,68300.0,69100.0,11738.0,0.14492753623188406,0,27505000,742113100,38240400,0,0,756077500,51781000,807858500
2015-11-06,69200.0,69400.0,68000.0,68700.0,9999.0,-0.5788712011577424,0,13620000,649550700,20559800,0,0,578122200,105608300,683730500
2015-11-09,68000.0,68000.0,61500.0,61500.0,82402.0,-10.480349344978166,0,64524200,5006295900,193858700,351973600,55154500,4209205600,648345100,5264678800
2015-11-10,61400.0,62700.0,59000.0,61400.0,41396.0,-0.16260162601626016,0,11443100,1832146500,672598000,142408800,5969700,2215674200,152134900,2516187600
2015-11-11,60200.0,61700.0,59100.0,60000.0,43543.0,-2.2801302931596092,0,9777800,1507385500,1106037300,1345155200,18030000,1185574700,74440700,2623200600
2015-11-12,60200.0,63100.0,60200.0,62900.0,23125.0,4.833333333333333,0,0,996306100,439104100,126455400,0,1241157800,67797000,1435410200
2015-11-13,61100.0,61700.0,59900.0,60700.0,19266.0,-3.4976152623211445,0,13735500,938199900,215402600,397479200,10757900,559467900,199633000,1167338000
2015-11-16,59200.0,59500.0,55100.0,56200.0,34581.0,-7.413509060955518,42264000,9317300,1509794400,423493600,813634200,26857300,1073012600,71365200,1984869300
2015-11-17,61100.0,63800.0,59700.0,60800.0,63459.0,8.185053380782918,11241000,1896400,3235735800,624421200,990804000,6565000,2529403400,346522000,3873294400
2015-11-18,61200.0,63500.0,60400.0,61900.0,45277.0,1.8092105263157896,0,0,2452497700,343366500,969383600,0,1671781800,154698800,2795864200
2015-11-19,62300.0,63000.0,60900.0,61700.0,21520.0,-0.32310177705977383,61900,2180500,1232829000,93133800,115662500,0,1019460100,193082600,1328205200
2015-11-20,61700.0,62500.0,61300.0,61900.0,20527.0,0.3241491085899514,0,0,958556900,310317400,397889900,0,525880800,345103600,1268874300
2015-11-23,61900.0,62400.0,59500.0,61100.0,32316.0,-1.2924071082390953,0,0,1718740300,248460500,105793300,78875000,1343179500,439353000,1967200800
2015-11-24,61100.0,62900.0,60400.0,62200.0,27251.0,1.800327332242226,0,8207400,1488285400,189447800,231940200,30600000,1051992400,371408000,1685940600
2015-11-25,62800.0,62800.0,61300.0,61700.0,18538.0,-0.8038585209003215,0,0,1017660200,126777500,921000,12003800,686033300,445479600,1144437700
2015-11-26,61700.0,63200.0,61200.0,63000.0,30292.0,2.106969205834684,6193400,1934400,1669880900,218645100,157512200,0,1168260000,570881600,1896653800
2015-11-27,63400.0,64100.0,62900.0,63700.0,29610.0,1.1111111111111112,31395300,0,1568217800,281096200,0,2205000,1391355400,487148900,1880709300
2015-11-30,64600.0,64700.0,62300.0,63500.0,28815.0,-0.3139717425431711,0,0,1495289600,328964400,193717700,0,897539100,732997200,1824254000
2015-12-01,63700.0,65000.0,62600.0,65000.0,30825.0,2.3622047244094486,0,1296000,1688192300,284356100,0,0,1465386800,508457600,1973844400
2015-12-02,64600.0,65300.0,63800.0,64600.0,24576.0,-0.6153846153846154,64100,0,1516833500,65119000,80550900,0,781070800,720394900,1582016600
2015-12-03,64600.0,64600.0,63300.0,64500.0,18083.0,-0.15479876160990713,6041400,0,1100610100,50380900,32062100,70620000,690797600,363552700,1157032400
2015-12-04,64300.0,66000.0,63700.0,65700.0,20529.0,1.8604651162790697,3550000,32700000,1245887700,51514200,0,0,852910900,480741000,1333651900
2015-12-07,66300.0,69500.0,66100.0,67000.0,51054.0,1.97869101978691,16606900,10422800,3213762300,219833600,303376800,21365800,2000448000,1135435000,3460625600
2015-12-08,67000.0,67000.0,64500.0,65000.0,27492.0,-2.9850746268656714,21818700,1800900,1686607200,80974400,0,21611700,1215352600,554236900,1791201200
2015-12-09,65000.0,65200.0,61800.0,63200.0,24707.0,-2.769230769230769,13080000,5532200,1403576300,143563900,315600,624000,1127467700,437345100,1565752400
2015-12-10,62600.0,63000.0,60000.0,62000.0,31055.0,-1.89873417721519,185257500,9912900,1365954300,346578300,166546200,165873600,1098286700,476996500,1907703000
2015-12-11,62500.0,62600.0,59700.0,61000.0,27962.0,-1.6129032258064515,0,5990900,1426241900,272751600,170029900,3095000,1108101300,423758200,1704984400
2015-12-14,59700.0,60000.0,57900.0,58400.0,32509.0,-4.2622950819672125,235420100,5603300,1356212600,312999900,0,0,1283447200,626788700,1910235900
2015-12-15,57800.0,61200.0,57800.0,60600.0,25025.0,3.767123287671233,0,27716200,913283500,549271200,477500,54427200,1029446600,405919600,1490270900
2015-12-16,61500.0,61500.0,59800.0,60400.0,15292.0,-0.33003300330033003,0,0,740412200,187918400,312905200,0,337202200,278223200,928330600
2015-12-17,60700.0,62300.0,60400.0,61400.0,21245.0,1.6556291390728477,183968500,1110300,810338300,311751800,430400,11838800,910206600,384693100,1307168900
2015-12-18,60800.0,65000.0,60400.0,64100.0,39536.0,4.397394136807818,1016453600,3284500,1132153100,321426700,84444500,0,1795207800,593665600,2473317900
2015-12-21,64300.0,65500.0,63000.0,64900.0,26211.0,1.24804992199688,226275100,6540000,1154558000,302162300,4334200,0,872020600,813180600,1689535400
2015-12-22,64900.0,65800.0,63800.0,64900.0,18502.0,0.0,0,0,856381500,339354200,35971000,1620000,1012259200,145885500,1195735700
2015-12-23,65000.0,65500.0,64500.0,64900.0,9427.0,0.0,0,3633700,416509800,193544400,0,0,557458500,56229400,613687900
2015-12-24,65000.0,65500.0,63800.0,64600.0,12028.0,-0.46224961479198773,324226100,3305500,388359900,62495200,387500,0,704290700,73708500,778386700
2015-12-28,65600.0,67500.0,65100.0,65800.0,31981.0,1.8575851393188854,65800,7698000,1833475400,275255300,4080000,0,1757488700,354925800,2116494500
2015-12-29,65200.0,67000.0,65200.0,66700.0,17683.0,1.3677811550151975,331387900,0,695388200,144045800,0,0,840648200,330173700,1170821900
2015-12-30,67000.0,68000.0,66800.0,67600.0,14397.0,1.3493253373313343,1693600,8833100,772156700,190707700,0,0,711950800,261440300,973391100
2016-01-04,67600.0,69200.0,67000.0,67000.0,17489.0,-0.8875739644970414,67800,1352000,1128386100,65351500,20725200,0,1023320300,151111900,1195157400
2016-01-05,66900.0,66900.0,64600.0,66800.0,25007.0,-0.2985074626865672,328992000,21706600,913611600,380360900,587700,0,1228589200,415494200,1644671100
2016-01-06,66900.0,67500.0,64800.0,65700.0,19700.0,-1.6467065868263475,13059600,6095100,976246800,303220200,53696800,326000,944131200,300467700,1298621700
2016-01-07,65200.0,68500.0,65200.0,67700.0,31428.0,3.0441400304414,66300,31691100,1346411900,739761700,0,0,1557623200,560307800,2117931000
2016-01-08,67000.0,68100.0,65200.0,67100.0,35764.0,-0.8862629246676514,66700,3290000,1983126500,404674900,134646900,0,1636601400,619909800,2391158100
2016-01-11,67200.0,69400.0,66100.0,68500.0,38014.0,2.086438152011923,9333200,3420000,2178526000,403958400,137000,0,1944068400,651032200,2595237600
2016-01-12,69400.0,69400.0,67500.0,68400.0,13372.0,-0.145985401459854,0,0,798723200,115209500,891800,4459000,709762200,198819700,913932700
2016-01-13,69300.0,71900.0,68400.0,71500.0,50807.0,4.5321637426900585,309581300,123536500,2641759400,492949500,0,35065000,3371031900,161729800,3567826700
2016-01-14,70500.0,71400.0,68900.0,69800.0,31411.0,-2.3776223776223775,0,11473800,1961762800,216613000,69800,104346800,1852943600,232489400,2189849600
2016-01-15,71000.0,71100.0,66500.0,67100.0,37695.0,-3.8681948424068766,0,6800000,2423496400,158420200,0,0,2406736500,181980100,2588716600
2016-01-18,66600.0,67200.0,64800.0,65300.0,44792.0,-2.682563338301043,241703200,52999000,2362692300,276913000,278857900,14174000,2434625200,206650400,2934307500
2016-01-19,65600.0,65600.0,62900.0,64500.0,41773.0,-1.2251148545176112,320687300,6360000,1884971500,455414400,0,0,2153474600,513958600,2667433200
2016-01-20,64500.0,64900.0,60300.0,62000.0,70375.0,-3.875968992248062,271042700,26788300,3313442500,733010200,201184700,1488000,2926242100,1215368900,4344283700
2016-01-21,61700.0,63300.0,60800.0,62700.0,33932.0,1.129032258064516,341670300,0,1212720800,547328500,9135000,13246200,1537355900,541982500,2101719600
2016-01-22,62500.0,63300.0,61400.0,61600.0,36143.0,-1.7543859649122806,56383900,0,1635390900,548575600,30947000,37060000,1579440800,592902600,2240350400
2016-01-25,62500.0,62600.0,60600.0,61400.0,48119.0,-0.3246753246753247,4284000,52115000,2417526100,474777300,0,52257300,2738227900,158217200,2948702400
2016-01-26,61100.0,63000.0,61000.0,62800.0,27140.0,2.2801302931596092,233163600,25803000,1101284600,317272600,0,0,1633831600,43692200,1677523800
2016-01-27,63200.0,63500.0,62300.0,62400.0,35668.0,-0.6369426751592357,794017700,0,1215923400,231197000,0,4143400,1712649800,524344900,2241138100
2016-01-28,62400.0,63000.0,61600.0,62400.0,15185.0,0.0,0,4789400,676173000,264873200,0,0,610837000,334998600,945835600
2016-01-29,62300.0,62700.0,61500.0,62000.0,17625.0,-0.641025641025641,0,29272000,823734700,238481000,0,0,797682200,293805500,1091487700
2016-02-01,62500.0,64300.0,62300.0,64300.0,37109.0,3.7096774193548385,64757100,6340000,1553486500,738631700,0,0,1786320500,576894800,2363215300
2016-02-02,65000.0,68500.0,64900.0,65800.0,68367.0,2.332814930015552,0,6575000,3748949100,770214300,229242500,27000000,3260174800,1009321100,4525738400
2016-02-03,65600.0,67100.0,64500.0,66700.0,34486.0,1.3677811550151975,17073000,26560000,1726378200,502816700,0,0,2063256300,209571600,2272827900
2016-02-04,67600.0,68300.0,66100.0,66200.0,25359.0,-0.7496251874062968,0,0,1575021500,131023300,735700,33810000,1389500000,281999100,1706044800
2016-02-05,66200.0,66700.0,64000.0,65400.0,28422.0,-1.2084592145015105,0,0,1564069700,280990400,23460100,0,1716430900,105169100,1845060100
2016-02-11,64000.0,64000.0,61100.0,62000.0,31368.0,-5.198776758409786,629700,9411000,1714659600,228197600,0,0,1766397500,186500400,1952897900
2016-02-12,60600.0,61800.0,57700.0,59500.0,39919.0,-4.032258064516129,174700,33490600,1902627900,437530700,0,4015200,1856794200,513014500,2373823900
2016-02-15,60500.0,61000.0,59100.0,60100.0,21070.0,1.0084033613445378,0,9060000,1046109600,210748400,0,17077800,1014463600,234376600,1265918000
2016-02-16,60700.0,61400.0,59900.0,60000.0,22506.0,-0.16638935108153077,0,0,1202091700,155817600,197069600,13191900,1020457500,127190300,1357909300
2016-02-17,60200.0,61300.0,59500.0,59500.0,13846.0,-0.8333333333333334,0,24040000,696452300,112029300,0,0,623706100,208815500,832521600
2016-02-18,60000.0,61000.0,59800.0,61000.0,14411.0,2.5210084033613445,0,0,721944000,146786300,0,0,693143800,175586500,868730300
2016-02-19,60600.0,61400.0,60400.0,60900.0,13372.0,-0.16393442622950818,5696400,1839000,708386000,96571100,45912800,0,556706600,209873100,812492500
2016-02-22,60700.0,61200.0,60200.0,61200.0,12743.0,0.49261083743842365,0,0,580568300,193437800,425700,0,475041300,298539100,774006100
2016-02-23,61200.0,61300.0,59700.0,60500.0,24126.0,-1.1437908496732025,207316900,1200000,1008191500,235016400,0,13877400,877171600,560675800,1451724800
2016-02-24,60000.0,60600.0,59500.0,59600.0,15482.0,-1.487603305785124,9867000,0,813837100,101555300,238400,0,715910500,209110500,925259400
2016-02-25,59900.0,60100.0,59300.0,60000.0,13456.0,0.6711409395973155,179435200,6886900,498489600,118580100,0,0,565023100,238368700,803391800
2016-02-26,59400.0,60200.0,58200.0,59400.0,27825.0,-1.0,1785000,0,1323422400,319602100,414500,49480900,1174258500,420655600,1644809500
2016-02-29,59500.0,60000.0,58000.0,60000.0,28000.0,1.0101010101010102,299197700,0,1015466000,335531500,0,21198600,1474381600,154615000,1650195200
2016-03-02,61000.0,61300.0,59900.0,60500.0,23611.0,0.8333333333333334,183906300,12100000,934692700,298545200,0,3503200,1124897200,300843800,1429244200
2016-03-03,60700.0,63000.0,60700.0,63000.0,33074.0,4.132231404958678,62100,8118200,1398512800,649098800,0,3543400,1915726900,136521600,2055791900
2016-03-04,63500.0,65200.0,62200.0,64500.0,37204.0,2.380952380952381,99142600,78139200,1822794000,377830900,193500,3578200,2054557600,319577400,2377906700
2016-03-07,64500.0,65500.0,63500.0,64300.0,12653.0,-0.31007751937984496,0,8809100,603090400,201358500,0,3504600,566191300,243562100,813258000
2016-03-08,64600.0,64700.0,62600.0,62900.0,20150.0,-2.177293934681182,0,0,1057340700,213131400,0,2208500,770607100,497656500,1270472100
2016-03-09,62500.0,63500.0,62000.0,62700.0,17637.0,-0.3179650238473768,0,10220100,868387900,224837900,127362000,16026200,632185600,327872100,1103445900
2016-03-10,63000.0,64700.0,62300.0,64200.0,25347.0,2.3923444976076556,318036200,0,887860600,402196000,1583600,9986800,1073097200,523425200,1608092800
2016-03-11,64500.0,64500.0,63200.0,64400.0,18425.0,0.3115264797507788,320276500,16940000,606104800,234207500,139169200,111676700,593557600,333125300,1177528800
2016-03-14,64600.0,65100.0,64100.0,64900.0,14004.0,0.7763975155279503,64794600,16150000,759443600,66908300,0,1819900,747803300,157673300,907296500
2016-03-15,64600.0,65100.0,63000.0,64000.0,22434.0,-1.386748844375963,359127600,0,834895700,235156100,141365700,0,908510900,379302800,1429179400
2016-03-16,64100.0,64500.0,63100.0,63900.0,8881.0,-0.15625,191443800,3194000,269377200,101500100,61687800,40529300,392244700,71053300,565515100
2016-03-17,64200.0,64400.0,63400.0,64300.0,19991.0,0.6259780907668232,214148400,47982000,797145900,217098100,0,78949700,1025038100,172386600,1276374400
2016-03-18,64200.0,64200.0,60000.0,60000.0,142153.0,-6.6874027993779155,486313500,392700800,7223366700,595166500,112778600,31975900,7682343500,870449500,8697547500
2016-03-21,60400.0,61300.0,60200.0,60800.0,32696.0,1.3333333333333335,18230000,0,1814319900,153011300,69840700,9150000,1686648700,219921800,1985561200
2016-03-22,60500.0,60600.0,58800.0,60100.0,54514.0,-1.151315789473684,477781100,71195400,2614572700,83739200,24007200,40320000,2713454900,469506300,3247288400
2016-03-23,59800.0,60200.0,59200.0,59500.0,19582.0,-0.9983361064891847,0,595000,1081208000,84461000,0,5960000,932474100,227829900,1166264000
2016-03-24,59700.0,60100.0,58900.0,59900.0,28472.0,0.6722689075630253,470982700,0,1097445400,123853200,12020000,4730000,1273867600,401663700,1692281300
2016-03-25,59900.0,60000.0,59200.0,59300.0,15328.0,-1.001669449081803,0,0,859973300,50725200,65963100,0,745587300,99148100,910698500
2016-03-28,59200.0,59700.0,58200.0,58500.0,22099.0,-1.3490725126475547,32210200,29768400,1162387500,76398100,3534200,6545000,1148203600,142481400,1300764200
2016-03-29,58500.0,59000.0,57000.0,59000.0,50303.0,0.8547008547008548,537159900,83422000,2195801600,92528200,94782600,5616300,2672861000,135651800,2908911700
2016-03-30,59400.0,60200.0,58200.0,59400.0,23123.0,0.6779661016949152,354698700,1773000,943747300,70298700,6651100,351600,1017412000,346103000,1370517700
2016-03-31,59700.0,60900.0,59200.0,60700.0,27911.0,2.1885521885521886,404123500,3849000,1102040400,171584100,75682000,2964500,1338684600,264265900,1681597000
2016-04-01,60500.0,60900.0,59500.0,60300.0,15974.0,-0.6589785831960462,50179100,0,910265000,0,108968600,23607600,683757200,144110700,960444100
2016-04-04,60200.0,60400.0,59100.0,59300.0,18592.0,-1.658374792703151,11904400,0,1061046000,34196300,13607400,33479500,958984700,101075100,1107146700
2016-04-05,59300.0,60500.0,59300.0,60500.0,18401.0,2.0236087689713322,250821000,2975000,798028000,52569700,5560800,2019600,965401900,131411400,1104393700
2016-04-06,60400.0,61200.0,60000.0,60500.0,12576.0,0.0,4392000,242400,720771600,36962600,143290600,0,483818300,135259700,762368600
2016-04-07,60500.0,60900.0,59600.0,60000.0,21118.0,-0.8264462809917356,171288000,49830000,1002461100,45172600,145765000,0,853298700,269688000,1268751700
2016-04-08,59600.0,60400.0,59300.0,60400.0,17317.0,0.6666666666666667,235304000,0,695300500,106996200,147811200,24581400,731188400,134019700,1037600700
2016-04-11,60700.0,60900.0,59300.0,59600.0,17148.0,-1.3245033112582782,33714800,6303000,912753900,69918300,146147600,19788000,718939500,137814900,1022690000
2016-04-12,59800.0,59900.0,58900.0,59000.0,25383.0,-1.006711409395973,219411200,1011500,1192032600,90212400,365322800,23680000,1041767800,71897100,1502667700
2016-04-14,58800.0,59100.0,57700.0,57700.0,41822.0,-2.2033898305084745,2316000,232600,2216013600,214821500,427671800,9064000,1653591000,343056900,2433383700
2016-04-15,58000.0,59100.0,57100.0,58000.0,24764.0,0.5199306759098787,8033400,53828000,1180051400,191924400,456501300,57600,826428900,150849400,1433837200
2016-04-18,58200.0,59200.0,57400.0,59200.0,33510.0,2.0689655172413794,185879200,207327700,1454031200,101207400,450947900,42263200,1185019000,270215400,1948445500
2016-04-19,58900.0,59300.0,58400.0,58400.0,17052.0,-1.3513513513513513,11088200,2965000,911933000,74997800,294405700,1819700,386370000,318388600,1000984000
2016-04-20,58900.0,59100.0,58400.0,58500.0,17135.0,0.17123287671232876,74141600,68141500,766169200,97300300,306230300,0,453640200,245882100,1005752600
2016-04-21,58500.0,59700.0,58000.0,59500.0,30951.0,1.7094017094017095,401530600,35069000,1246575700,133961500,395651600,0,1285085500,136399700,1817136800
2016-04-22,59600.0,60100.0,59200.0,59400.0,24809.0,-0.16806722689075632,388482800,111434400,893628900,85429200,13981600,0,1067916100,397077600,1478975300
2016-04-25,59600.0,59900.0,58900.0,59800.0,12653.0,0.6734006734006733,183177700,0,490116700,79720600,19779900,0,683614700,49620400,753015000
2016-04-26,59800.0,59800.0,58900.0,59400.0,12841.0,-0.6688963210702341,5082600,0,718521800,36616600,231300500,0,461367800,67552700,760221000
2016-04-27,59600.0,59600.0,58500.0,58500.0,21288.0,-1.5151515151515151,4720000,0,1230208000,15424300,249510000,0,730403500,270438800,1250352300
2016-04-28,58500.0,59100.0,58500.0,58500.0,5798.0,0.0,352200,5880000,304065700,29888800,47346300,17640000,215994900,59205500,340186700
2016-04-29,58600.0,58600.0,57400.0,57700.0,20415.0,-1.3675213675213675,22146600,1099700,1085094300,71531200,76529200,10122000,891764500,201456100,1179871800
2016-05-02,57700.0,59300.0,57100.0,59000.0,44431.0,2.2530329289428077,217706500,274163200,1901557800,211418200,314904000,5720000,1989638200,294583500,2604845700
2016-05-03,58700.0,59300.0,58200.0,59300.0,18359.0,0.5084745762711864,12021000,77228000,837913400,155154800,84354500,68521800,762263900,167177000,1082317200
2016-05-04,59200.0,59200.0,58300.0,59100.0,11033.0,-0.33726812816188867,275720900,58600,345328200,27926100,137162400,0,377105300,134766100,649033800
2016-05-09,59200.0,59300.0,58200.0,58700.0,13654.0,-0.676818950930626,53227800,3128000,730539500,15837200,4466600,0,552571900,245694000,802732500
2016-05-10,58800.0,59200.0,58100.0,59200.0,12170.0,0.8517887563884157,4871200,0,640470900,69294800,706300,0,621313000,92617600,714636900
2016-05-11,59200.0,61200.0,58600.0,61000.0,40265.0,3.040540540540541,146375500,18450700,1928837200,318528200,290190800,0,1963716800,158284000,2412191600
2016-05-12,60900.0,68200.0,60500.0,66900.0,152829.0,9.672131147540984,737510900,110117000,8110225100,930366300,784450500,88001300,8732756100,283011400,9888219300
2016-05-13,66900.0,69500.0,65300.0,68000.0,153467.0,1.6442451420029895,612308400,1169048700,7907678100,722495700,490395100,158051500,8688183900,1074900400,10411530900
2016-05-16,68100.0,68400.0,66600.0,67900.0,40685.0,-0.14705882352941177,354110500,0,2017088200,378056800,68381100,0,2357530000,323344400,2749255500
2016-05-17,67000.0,68900.0,66900.0,67900.0,42896.0,0.0,19778900,0,2328715600,563187000,99351100,16830000,2597785700,197714700,2911681500
2016-05-18,68000.0,68100.0,66000.0,67600.0,51714.0,-0.4418262150220913,42552400,72021000,3062879700,304617800,37130900,475000,3172010700,272454300,3482070900
2016-05-19,67600.0,67800.0,64300.0,66000.0,42424.0,-2.366863905325444,774144300,21765600,1833198300,160933900,179000700,31768300,2205747700,373525400,2790042100
2016-05-20,65200.0,66200.0,64600.0,65700.0,31028.0,-0.45454545454545453,463057700,70972600,1197198200,294181600,435030600,653400,1243918700,345807400,2025410100
2016-05-23,65000.0,65700.0,64800.0,65000.0,11619.0,-1.06544901065449,25338500,30152400,664675700,36462900,55464100,65300,540662700,160437400,756629500
2016-05-24,65000.0,65400.0,64400.0,64400.0,20816.0,-0.9230769230769231,21018300,90018600,1136724100,95662800,84868400,0,910400300,348155100,1343423800
2016-05-25,64500.0,65800.0,63700.0,64700.0,26724.0,0.4658385093167702,222386800,37843200,1317577600,144078800,368902900,0,1082715300,270268200,1721886400
2016-05-26,63900.0,64900.0,62200.0,64300.0,35029.0,-0.6182380216383307,646464300,40101400,1424796900,115527100,348371600,18720000,1027858800,831939300,2226889700
2016-05-27,65000.0,65200.0,63000.0,64600.0,12316.0,0.46656298600311047,248785500,0,428323200,115603500,33637000,0,641913000,117162200,792712200
2016-05-30,64500.0,64700.0,63600.0,63800.0,8575.0,-1.238390092879257,9832500,0,519738400,19121700,11071000,0,321851600,215770000,548692600
2016-05-31,63800.0,64400.0,63200.0,64100.0,11029.0,0.4702194357366771,254270700,0,286514700,162188200,154135100,0,300019400,248819100,702973600
2016-06-01,63700.0,64700.0,63100.0,64400.0,14225.0,0.46801872074883,173338200,0,682059300,57746000,94687100,7273300,699026900,112156200,913143500
2016-06-02,64400.0,64500.0,63200.0,64200.0,22022.0,-0.3105590062111801,505241800,0,784635500,114506200,195805400,54064800,955391200,199122100,1404383500
2016-06-03,64400.0,64500.0,62600.0,63300.0,14004.0,-1.4018691588785046,29827300,0,815069100,45366200,35118900,0,512910900,342232800,890262600
2016-06-07,63300.0,64400.0,62900.0,63800.0,11188.0,0.7898894154818324,147320100,14257100,506509300,44718000,28843100,0,596974000,86987400,712804500
2016-06-08,63200.0,63800.0,62300.0,62900.0,18389.0,-1.4106583072100314,19079700,16811800,1053040200,69961700,27189000,1764800,944575600,185364000,1158893400
2016-06-09,62700.0,62700.0,60900.0,61300.0,29584.0,-2.5437201907790143,178093700,5187900,1552669000,87430500,252191500,1051000,1390807300,179331300,1823381100
2016-06-10,60700.0,61300.0,59500.0,60000.0,36970.0,-2.1207177814029365,195795300,32302500,1771410800,222932200,1208822500,4692400,940633600,68292300,2222440800
2016-06-13,60200.0,60400.0,59000.0,59600.0,15311.0,-0.6666666666666667,71847300,0,750419500,90285400,23396900,0,647492000,241663300,912552200
2016-06-14,59600.0,60400.0,59000.0,59700.0,12109.0,0.16778523489932887,88232300,4000200,591626000,35890500,12858700,1185000,316874600,388830700,719749000
2016-06-15,59300.0,60200.0,59100.0,59300.0,16260.0,-0.6700167504187605,243100000,1065600,688934900,33848300,371864200,237500,255127900,339719200,966948800
2016-06-16,59100.0,59700.0,58500.0,59200.0,23140.0,-0.16863406408094433,27293900,118670300,1147567300,74029000,79933900,0,996346100,291280500,1367560500
2016-06-17,59300.0,60000.0,58900.0,59200.0,12781.0,0.0,292240800,59450000,321219600,86253100,6840000,0,398000700,354322800,759163500
2016-06-20,59500.0,60300.0,58900.0,60100.0,14297.0,1.5202702702702704,124551300,26662800,640736100,58317800,15029800,2781100,619733300,212723800,850268000
2016-06-21,59600.0,60300.0,59200.0,59600.0,10663.0,-0.8319467554076538,535500,1794000,582881700,52159800,178818500,0,204159800,254392700,637371000
2016-06-22,59900.0,60100.0,59000.0,59900.0,11669.0,0.5033557046979865,124921100,96124000,434160900,39631500,72061500,0,349200300,273575700,694837500
2016-06-23,59900.0,60000.0,58600.0,59500.0,20006.0,-0.667779632721202,301129200,48627200,809457900,24651600,77544100,0,699490200,406831600,1183865900
2016-06-24,59600.0,59900.0,57500.0,58300.0,25522.0,-2.0168067226890756,2600900,55108100,1329718600,101081500,22225900,0,1155981800,310301400,1488509100
2016-06-27,56200.0,58300.0,56200.0,58000.0,19222.0,-0.5145797598627788,7665600,11205400,1028449500,54381000,23098300,129661000,731381100,217561100,1101701500
2016-06-28,57900.0,60000.0,57200.0,59700.0,9912.0,2.9310344827586206,130547300,3450800,402051400,46861200,18762700,9318100,304714800,250115100,582910700
2016-06-29,59300.0,60500.0,59300.0,60100.0,13069.0,0.6700167504187605,305830700,10273700,421425600,45594000,4079000,9029000,531395800,238620200,783124000
2016-06-30,60500.0,60500.0,59400.0,59800.0,14233.0,-0.49916805324459235,95448900,59906300,657425600,37840500,151028900,605000,527348400,171639000,850621300
2016-07-01,59800.0,63500.0,59800.0,63200.0,49419.0,5.68561872909699,205785500,169583300,2260428600,436302000,60655700,18833500,2848681300,143928900,3072099400
2016-07-04,63100.0,63500.0,62500.0,63100.0,13029.0,-0.15822784810126583,19000600,35000500,749958400,15346200,2829500,1507400,649456700,165512100,819305700
2016-07-05,63200.0,63200.0,62100.0,62600.0,11477.0,-0.7923930269413629,5872200,5928000,686513900,18605300,1936300,4062500,615502300,95418300,716919400
2016-07-06,62600.0,62600.0,60900.0,61900.0,12789.0,-1.1182108626198082,200779900,988800,540000700,45671500,615900,0,590883700,195941300,787440900
2016-07-07,61900.0,62900.0,61500.0,62800.0,8796.0,1.4539579967689822,192762400,495200,306042300,48563300,13426300,2422900,465286700,66727300,547863200
2016-07-08,62800.0,63100.0,61800.0,61800.0,9275.0,-1.5923566878980893,20419000,31180000,510963100,14019600,3743600,19781400,434937600,118119100,576581700
2016-07-11,62400.0,62400.0,60800.0,61100.0,13759.0,-1.132686084142395,134838800,10438000,681286000,19365800,14448800,13497300,730988800,86993700,845928600
2016-07-12,61800.0,64200.0,61200.0,63800.0,32261.0,4.4189852700491,162460700,25579400,1540005900,313616100,296795000,1526400,1641556700,101784000,2041662100
2016-07-13,63900.0,65000.0,63100.0,64300.0,17904.0,0.7836990595611284,58878200,34844600,968145000,90181600,25427700,3980400,1061416900,61224400,1152049400
2016-07-14,64200.0,64700.0,62500.0,64700.0,19752.0,0.6220839813374806,149040200,2561000,1087503800,29573900,285400500,12236000,849134400,121908000,1268678900
2016-07-15,64800.0,66600.0,64700.0,66500.0,43489.0,2.7820710973724885,221371500,17420900,2555989500,69197800,628669900,91608100,2046796400,96905300,2863979700
2016-07-18,66500.0,66600.0,65300.0,65600.0,15272.0,-1.3533834586466165,0,13870000,935193100,60380400,51706100,8541000,888734700,60461700,1009443500
2016-07-19,65700.0,65700.0,63400.0,63900.0,22750.0,-2.591463414634146,248767900,4223800,1129352500,75557600,303676500,230427100,821198500,102599700,1457901800
2016-07-20,64000.0,65800.0,62800.0,65600.0,17359.0,2.660406885758998,114599100,59145900,875644700,74207700,23804700,160430600,814074000,125288100,1123597400
2016-07-21,65700.0,65700.0,64600.0,65500.0,14732.0,-0.1524390243902439,11161800,81033500,802305800,67081400,14288000,126018500,713164400,108111600,961582500
2016-07-22,65600.0,67000.0,65000.0,66900.0,22740.0,2.1374045801526718,5280000,37887800,1416855000,47316600,11137700,34769200,1386174500,75258000,1507339400
2016-07-25,67500.0,69500.0,67200.0,68800.0,64876.0,2.8400597907324365,479522700,2040000,3752976000,209626600,327138400,348401700,3606570100,162055100,4444165300
2016-07-26,69100.0,70300.0,68100.0,70200.0,47338.0,2.0348837209302326,1213777400,0,1900415000,182134000,21118700,22325200,2962745100,290137400,3296326400
2016-07-27,70600.0,70600.0,68400.0,69300.0,29992.0,-1.282051282051282,154922600,691000,1691656800,230450100,3940700,7414400,1768372200,297993200,2077720500
2016-07-28,69000.0,70600.0,68900.0,69300.0,25488.0,0.0,194720700,11264000,1299252800,274872900,4721900,9534300,1517640100,248214100,1780110400
2016-07-29,69500.0,69700.0,67800.0,68100.0,23503.0,-1.7316017316017316,183423200,4978200,1323307200,100062500,15116100,8881500,1402684600,185088900,1611771100
2016-08-01,68100.0,69100.0,66300.0,67800.0,17241.0,-0.4405286343612335,178752900,2728000,841308500,145031500,26580300,3357200,1046818500,91064900,1167820900
2016-08-02,68000.0,68000.0,65400.0,65600.0,25356.0,-3.2448377581120944,16116000,21379100,1498643300,148036300,132042400,0,1412731800,139400500,1684174700
2016-08-03,65600.0,66800.0,65400.0,66400.0,15877.0,1.2195121951219512,207950100,7385900,751311600,83026700,12059900,0,902693300,134921100,1049674300
2016-08-04,66400.0,67700.0,66300.0,67300.0,11938.0,1.355421686746988,5372000,0,753508600,41897200,8084000,0,625922100,166771700,800777800
2016-08-05,67300.0,67400.0,66700.0,67000.0,7483.0,-0.44576523031203563,14814400,0,476755800,9904500,7326100,0,251428500,242720100,501474700
2016-08-08,67000.0,67700.0,65700.0,67300.0,17446.0,0.44776119402985076,227279500,0,874213100,60531200,284253400,0,714884700,162885700,1162023800
2016-08-09,67300.0,68000.0,66900.0,67800.0,11044.0,0.7429420505200593,239810700,0,459871400,47731200,32647500,0,622341400,92424400,747413300
2016-08-10,67500.0,69000.0,67500.0,68700.0,14894.0,1.3274336283185841,116117700,2455200,817393300,81255700,9805400,0,885918700,121497800,1017221900
2016-08-11,68800.0,71200.0,68400.0,70400.0,38887.0,2.4745269286754,127257300,26151600,2342591200,230613400,46641100,10530000,2393337300,276105100,2726613500
2016-08-12,70400.0,72300.0,70200.0,72100.0,26086.0,2.414772727272727,306542900,4259400,1315498700,242766200,358400,0,1628525500,240183300,1869067200
2016-08-16,72700.0,72700.0,70500.0,72000.0,20407.0,-0.13869625520110956,67978400,0,1352204100,39664800,20155500,0,1197074800,242617000,1459847300
2016-08-17,70600.0,70700.0,67200.0,67200.0,79237.0,-6.666666666666667,78363500,10158800,5112319500,217076400,7657600,406145800,4579570500,424544300,5417918200
2016-08-18,67800.0,68000.0,66500.0,67300.0,21486.0,0.1488095238095238,203868000,135600,1213623500,28263800,200700,267800,1307275100,138147300,1445890900
2016-08-19,67400.0,68300.0,66200.0,66800.0,27224.0,-0.7429420505200593,47177800,6660000,1648985100,123264700,470900,14440800,1639939700,171236200,1826087600
2016-08-22,66000.0,66700.0,63000.0,65400.0,52654.0,-2.095808383233533,703275600,6691800,2572768200,141664400,458406500,78453400,2766522500,121017600,3424400000
2016-08-23,65100.0,65400.0,64100.0,64500.0,23153.0,-1.3761467889908259,193496900,12890000,1162781000,127675200,544403900,0,882680400,69758800,1496843100
2016-08-24,64800.0,66600.0,64400.0,65800.0,13513.0,2.0155038759689923,214304600,0,613033500,56253800,5691900,0,701763200,176136800,883591900
2016-08-25,65100.0,65900.0,64800.0,64900.0,12581.0,-1.3677811550151975,60998100,521400,739935400,16733300,242403600,19059900,436963200,119761500,818188200
2016-08-26,64500.0,65200.0,63900.0,64200.0,9675.0,-1.078582434514638,31741300,385400,578123800,11111600,6038700,6460000,540487500,68375900,621362100
2016-08-29,63800.0,64200.0,62000.0,62000.0,20432.0,-3.4267912772585665,56616400,3145000,1193333800,27822300,162090800,3185000,1061042500,54599200,1280917500
2016-08-30,62900.0,63700.0,62100.0,63100.0,7236.0,1.7741935483870968,18979300,6340000,393866800,37421900,16119400,0,397022600,43466000,456608000
2016-08-31,63000.0,63300.0,61800.0,62100.0,6824.0,-1.5847860538827259,21659600,0,384136700,19394600,11656400,0,364048100,49486400,425190900
2016-09-01,62200.0,63000.0,62000.0,62500.0,4493.0,0.644122383252818,22855100,0,241668000,15573400,0,0,255402300,24694200,280096500
2016-09-02,63200.0,63400.0,62100.0,63400.0,8497.0,1.44,121439500,0,334821800,77174800,7843200,17167400,474192400,34233100,533436100
2016-09-05,64000.0,64200.0,63000.0,64200.0,9740.0,1.2618296529968454,66745400,0,489914100,64201200,38389600,24293500,526092800,32084800,620860700
2016-09-06,63700.0,64600.0,62800.0,63200.0,18092.0,-1.557632398753894,92359600,632000,948487100,105310200,264924900,0,815345300,66518700,1146788900
2016-09-07,63500.0,63500.0,61800.0,61800.0,19075.0,-2.2151898734177213,78119300,931500,996959100,111492400,205716700,0,899710700,82074900,1187502300
2016-09-08,62000.0,62900.0,61400.0,62200.0,10696.0,0.6472491909385114,69489900,0,583911600,11772200,8695300,29157600,559656300,67664500,665173700
2016-09-09,62200.0,62200.0,60500.0,61600.0,15567.0,-0.964630225080386,63446200,4671900,844468700,40692900,25356100,14773300,862010000,51140300,953279700
2016-09-12,60900.0,61900.0,60300.0,61800.0,13238.0,0.3246753246753247,68332300,0,728201700,11856700,216771700,3030000,476207300,112381700,808390700
2016-09-13,62000.0,62300.0,61000.0,62000.0,6009.0,0.3236245954692557,83756200,245600,275847600,10316200,52777000,42980000,226415800,47992800,370165600
2016-09-19,61500.0,63000.0,61400.0,62600.0,6546.0,0.967741935483871,32524800,563400,317779500,56673400,2923900,6215200,348114400,50287600,407541100
2016-09-20,62300.0,64300.0,62300.0,63900.0,9033.0,2.07667731629393,27236800,42859000,392844000,110652500,20174900,82602300,436754700,34060400,573592300
2016-09-21,64200.0,64300.0,63200.0,63700.0,5708.0,-0.3129890453834116,6354000,25480000,300322100,31735800,1908200,0,308231400,53752300,363891900
2016-09-22,64000.0,64500.0,63500.0,64100.0,8520.0,0.6279434850863422,29428500,12720000,404827500,97307600,1725500,0,520404700,22153400,544283600
2016-09-23,63900.0,64500.0,63500.0,64200.0,6642.0,0.15600624024961,16164000,12720000,242365100,153660600,385000,0,416401100,8123600,424909700
2016-09-26,64400.0,64500.0,63600.0,64500.0,3993.0,0.46728971962616817,13988600,0,223325800,18909300,8866200,0,232067100,15290400,256223700
2016-09-27,64400.0,64700.0,63700.0,63700.0,4765.0,-1.2403100775193798,9641900,0,274407800,20991500,2699400,33001000,259843700,9497100,305041200
2016-09-28,64000.0,66700.0,64000.0,65400.0,16953.0,2.6687598116169546,3985300,0,782054000,320978800,233881000,0,863545700,9591400,1107018100
2016-09-29,65300.0,65400.0,64900.0,65400.0,5312.0,0.0,104409300,65400,215770200,26264600,48249600,0,270417200,27842700,346509500
2016-09-30,66000.0,66000.0,64700.0,65500.0,6620.0,0.1529051987767584,304801500,0,115444900,12401300,29427600,0,336007400,67212700,432647700
2016-10-04,66200.0,66200.0,64900.0,65700.0,4361.0,0.3053435114503817,27219800,3944200,223728700,30196200,0,0,254925700,30163200,285088900
2016-10-05,65600.0,66000.0,64400.0,65200.0,8629.0,-0.76103500761035,93800400,0,419080600,49891000,199443800,0,333087700,30240500,562772000
2016-10-06,65200.0,65300.0,63800.0,64700.0,10366.0,-0.7668711656441718,155944900,0,470693500,38902500,95650600,0,512017400,57872900,665540900
2016-10-07,64900.0,64900.0,63600.0,63600.0,5453.0,-1.7001545595054095,62983600,31810000,211263700,41705400,43980700,0,214534700,89247300,347762700
2016-10-10,63600.0,64500.0,62900.0,63000.0,4834.0,-0.9433962264150944,51826800,6350000,229074300,19098400,95105800,0,203915400,7328300,306349500
2016-10-11,62700.0,63900.0,62400.0,63200.0,6746.0,0.31746031746031744,128296400,0,232499500,63504600,243087000,0,180830700,382800,424300500
2016-10-12,62700.0,63800.0,62700.0,63800.0,6357.0,0.949367088607595,161325300,0,167988700,72553900,85277500,3780000,260116400,52694000,401867900
2016-10-13,64000.0,64000.0,63000.0,63600.0,3511.0,-0.3134796238244514,80744900,0,89774400,52248600,22108100,0,172588100,28071700,222767900
2016-10-14,63600.0,63900.0,62700.0,63100.0,6008.0,-0.7861635220125787,156812100,0,182120300,40137600,98682100,0,243245100,37142800,379070000
2016-10-17,63100.0,63300.0,62100.0,62900.0,4566.0,-0.31695721077654515,111159100,0,129151300,45733900,65841600,6305000,176877300,37020400,286044300
2016-10-18,62700.0,62900.0,61400.0,62500.0,13560.0,-0.6359300476947536,268212400,0,476130000,98849000,146937100,0,658772700,37481600,843191400
2016-10-19,63000.0,63100.0,61800.0,62500.0,11135.0,0.0,179968000,0,442639200,70785400,305495700,0,383150100,4746800,693392600
2016-10-20,62500.0,62900.0,61600.0,62800.0,10192.0,0.48,274283700,0,313316600,46240600,268644200,0,356123900,9072800,633840900
2016-10-21,62800.0,62800.0,61600.0,62600.0,10955.0,-0.3184713375796179,166655200,0,490993000,22214900,196058900,0,449445600,34358600,679863100
2016-10-24,62800.0,62800.0,60400.0,60900.0,19310.0,-2.7156549520766773,137607800,5137700,981388700,60106500,548975100,15475000,583716900,36073700,1184240700
2016-10-25,60900.0,61400.0,59500.0,61100.0,319663.0,0.3284072249589491,87962400,15275000000,4066637200,81872300,277825200,3056980000,16156073300,20593400,19511471900
2016-10-26,61500.0,63000.0,61300.0,62000.0,13431.0,1.4729950900163666,0,619000,802982000,29048600,10651400,6180000,800463900,15354300,832649600
2016-10-27,62400.0,62700.0,62000.0,62400.0,4782.0,0.6451612903225806,2616600,0,239872100,55895100,6314100,0,278996600,13073100,298383800
2016-10-28,62800.0,63300.0,62400.0,62700.0,6191.0,0.4807692307692308,62400,0,331475400,57690400,9418700,0,377860700,1948800,389228200
2016-10-31,62800.0,63300.0,61700.0,62500.0,9684.0,-0.3189792663476874,116580300,0,343150200,144983700,22678500,0,502376700,79659000,604714200
2016-11-01,62600.0,64000.0,61900.0,62200.0,15864.0,-0.48,137390500,0,606688500,254113600,83987600,0,901821800,12383200,998192600
2016-11-02,62200.0,62800.0,60000.0,60600.0,19207.0,-2.572347266881029,82438500,7874000,1030277900,50018300,11303600,0,1056104700,103200400,1170608700
2016-11-03,60600.0,62500.0,60000.0,62200.0,13686.0,2.6402640264026402,379725500,0,295296200,166471700,32802900,61411900,720907300,26371300,841493400
2016-11-04,62200.0,62600.0,61600.0,62200.0,3897.0,0.0,18487300,0,155254400,67918300,0,24664300,209575100,7420600,241660000
2016-11-07,62700.0,62700.0,61400.0,62500.0,4185.0,0.482315112540193,7970200,0,215067600,36606800,12075000,0,221584200,25985400,259644600
2016-11-08,63200.0,63800.0,62700.0,63200.0,9662.0,1.1199999999999999,2135800,0,532725300,76082200,3922700,0,575140800,31879800,610943300
2016-11-09,63800.0,63800.0,59500.0,61100.0,22734.0,-3.322784810126582,34852600,0,1309724200,40204500,0,480000,1195827600,188473700,1384781300
2016-11-10,61900.0,62900.0,61600.0,62900.0,10978.0,2.9459901800327333,2484000,49269700,498127500,132769800,45939700,0,622140000,14571300,682651000
2016-11-11,63200.0,66000.0,62000.0,65800.0,40433.0,4.610492845786964,34719500,12006500,2414183500,142820100,170386700,650000,2321744900,110948000,2603729600
2016-11-14,65800.0,67800.0,65500.0,65800.0,19349.0,0.0,5276000,65800,1193467400,86261400,65335900,38459900,1027523700,153751100,1285070600
2016-11-15,66500.0,67100.0,65000.0,66000.0,14196.0,0.303951367781155,131141100,6695100,689184700,113218500,135529600,132400,679483000,125094400,940239400
2016-11-16,65500.0,67100.0,65500.0,66800.0,11293.0,1.2121212121212122,1576800,0,571306100,176998100,66300,19379000,716803900,13631800,749881000
2016-11-17,66800.0,67700.0,66400.0,67600.0,12766.0,1.1976047904191618,101752400,61145800,455875500,240655800,68545000,0,751507900,39376600,859429500
2016-11-18,67800.0,68300.0,67200.0,67200.0,19503.0,-0.591715976331361,222903900,48497900,743960100,307039200,135000,0,1295015600,27250500,1322401100
2016-11-21,67200.0,68600.0,66600.0,67400.0,17499.0,0.2976190476190476,124398300,52303800,826409800,184148400,2443100,0,1150749800,34067400,1187260300
2016-11-22,67900.0,68400.0,67200.0,67200.0,11273.0,-0.2967359050445104,99249800,45376100,531812000,86313700,0,4727400,746750300,11273900,762751600
2016-11-23,67200.0,68500.0,67000.0,67000.0,19014.0,-0.2976190476190476,170932700,47700600,928869300,140493300,19713500,3365000,1259739700,5177700,1287995900
2016-11-24,67200.0,67700.0,65300.0,65800.0,15684.0,-1.791044776119403,103664800,44038400,710155400,181559800,53384100,6561300,651558900,327914100,1039418400
2016-11-25,65200.0,65600.0,64500.0,65000.0,10761.0,-1.21580547112462,13788400,0,633120800,53075400,15417200,0,436571400,247996000,699984600
2016-11-28,64900.0,65400.0,62100.0,64000.0,19107.0,-1.5384615384615385,72104000,42164000,1005398200,94078500,1654700,0,839346400,372743600,1213744700
2016-11-29,63500.0,64700.0,63200.0,64100.0,17268.0,0.15625,14172800,0,856237500,237398500,14803500,0,748915500,344089800,1107808800
2016-11-30,63700.0,64900.0,63500.0,64900.0,13349.0,1.24804992199688,3855100,88198000,571938100,190974800,12528100,0,673442800,168995100,854966000
2016-12-01,64300.0,66700.0,64200.0,66300.0,11742.0,2.157164869029276,354391000,6537500,378611900,33568500,15081800,11788200,619885000,126353900,773108900
2016-12-02,66300.0,66500.0,65400.0,65800.0,5466.0,-0.7541478129713424,74678400,3378200,261343400,20322100,6304400,0,276988600,76429100,359722100
2016-12-05,65200.0,65900.0,64500.0,64600.0,9591.0,-1.82370820668693,28174200,979100,550274400,46531200,13540800,124893300,466712500,20812300,625958900
2016-12-06,64800.0,66000.0,64200.0,64600.0,9170.0,0.0,25577600,0,419807400,148453800,0,226670900,337364500,29803400,593838800
2016-12-07,64400.0,64500.0,63100.0,64200.0,14679.0,-0.6191950464396285,22724900,0,791709200,121526000,9898900,0,829134000,96927200,935960100
2016-12-08,64700.0,65100.0,63800.0,64700.0,12398.0,0.778816199376947,235600500,0,480177400,83207500,9336000,116831600,635621300,37196500,798985400
2016-12-09,64900.0,66000.0,63900.0,64300.0,14012.0,-0.6182380216383307,6408800,0,798791900,104401000,68305900,88055000,707810100,45430700,909601700
2016-12-12,65000.0,65600.0,63600.0,65600.0,9220.0,2.021772939346812,84753200,0,390460200,121675500,26685300,48326600,501403500,20473500,596888900
2016-12-13,65700.0,66400.0,65500.0,66000.0,7396.0,0.6097560975609756,27662200,0,347588700,112239700,108594800,0,356279900,22615900,487490600
2016-12-14,65600.0,66500.0,65300.0,65700.0,3188.0,-0.45454545454545453,37657000,0,103987800,68075200,65600,0,129531800,80122600,209720000
2016-12-15,65400.0,66100.0,64800.0,65300.0,13352.0,-0.60882800608828,64599800,0,684822100,120004700,10361500,0,738590700,120474400,869426600
2016-12-16,66000.0,66400.0,64800.0,65800.0,11424.0,0.7656967840735069,136007600,660000,530306600,85884400,115300500,0,450436800,187121300,752858600
2016-12-19,65800.0,67300.0,65800.0,67000.0,16704.0,1.82370820668693,278273500,7050600,656616900,175180300,92444200,0,914425400,110251700,1117121300
2016-12-20,67100.0,67400.0,66400.0,67000.0,6103.0,0.0,22078500,0,371240500,14424900,17404900,0,322874400,67464600,407743900
2016-12-21,67200.0,67200.0,66300.0,66700.0,6997.0,-0.44776119402985076,215184100,0,230981700,19935500,18837700,0,351181500,96082100,466101300
2016-12-22,66300.0,66700.0,65400.0,65800.0,8045.0,-1.3493253373313343,20364700,0,474517200,35467700,132700,14254500,476013800,39948600,530349600
2016-12-23,66100.0,66200.0,65000.0,65400.0,9488.0,-0.60790273556231,131408800,25539600,421163600,42140200,65500,28735100,575743000,15708600,620252200
2016-12-26,65400.0,65700.0,64000.0,64000.0,8221.0,-2.1406727828746175,16608700,0,473379100,40869500,14608000,32525500,450232300,33491500,530857300
2016-12-27,64000.0,64700.0,63000.0,63000.0,11408.0,-1.5625,7128200,317700,624848200,92032700,32206100,1461400,651450300,39209000,724326800
2016-12-28,63400.0,64400.0,63000.0,64300.0,7141.0,2.0634920634920633,104957100,0,301019500,49069000,24762800,318400,348441800,81522600,455045600
2016-12-29,64400.0,64400.0,62800.0,63900.0,12152.0,-0.6220839813374806,5472200,5995400,745995100,12568600,279600800,63600,395186300,95180600,770031300
2017-01-02,63900.0,64000.0,63000.0,63800.0,5315.0,-0.1564945226917058,1015200,0,294878000,41209300,190600,319500,259369000,77223400,337102500
2017-01-03,63900.0,64600.0,63100.0,64000.0,8023.0,0.3134796238244514,37386800,9365700,381663900,84445100,3135000,3713100,438462200,67551200,512861500
2017-01-04,64300.0,64500.0,63000.0,64400.0,12141.0,0.625,257047700,0,457288600,58627200,1840900,1539500,648748100,120835000,772963500
2017-01-05,64700.0,65700.0,64400.0,65700.0,10228.0,2.018633540372671,319771000,9899600,223707500,112889100,15983700,516400,635016300,14750800,666267200
2017-01-06,65300.0,66300.0,65100.0,66100.0,7186.0,0.60882800608828,281508900,0,150995500,40939000,102099100,0,337334700,34009600,473443400
2017-01-09,66400.0,66600.0,64900.0,64900.0,9696.0,-1.8154311649016641,250230600,13271400,361255700,11778500,171353100,12733500,362099500,90350100,636536200
2017-01-10,64900.0,65900.0,64800.0,65200.0,11661.0,0.46224961479198773,447438400,0,233550000,81591500,243607000,12043500,487932200,18997200,762579900
2017-01-11,65600.0,65900.0,64800.0,65600.0,6309.0,0.6134969325153374,163967000,0,197664200,51016200,56268100,25174300,266107600,65097400,412647400
2017-01-12,65600.0,65900.0,64900.0,65300.0,8619.0,-0.45731707317073167,154369300,0,381900700,26864900,131400,11721200,541339000,9943300,563134900
2017-01-13,65300.0,65800.0,65100.0,65700.0,4742.0,0.6125574272588056,84174600,717200,161174700,64092500,3726200,18278000,282272900,5881900,310159000
2017-01-16,65700.0,66200.0,65400.0,66000.0,9462.0,0.45662100456621,118255200,23313200,384427000,97172600,46292500,0,531975400,44900100,623168000
2017-01-17,66000.0,66400.0,64700.0,65400.0,8845.0,-0.9090909090909091,47039800,6682800,505751500,19044700,172832900,0,304083400,101602500,578518800
2017-01-18,65000.0,65400.0,64500.0,64700.0,5338.0,-1.0703363914373087,2081300,1298000,259593700,82718500,130500,3240000,305806400,36514600,345691500
2017-01-19,65000.0,65400.0,64100.0,65100.0,4180.0,0.6182380216383307,79655700,0,164784700,25278100,64952700,5160000,174391700,25214100,269718500
2017-01-20,64400.0,64800.0,63700.0,64700.0,9360.0,-0.6144393241167435,27689700,64500,543856800,30309100,45164100,3834000,525193000,27729000,601920100
2017-01-23,64300.0,64900.0,63800.0,64100.0,5772.0,-0.9273570324574961,132150000,0,176490600,63175300,34653300,4108800,310711900,22341900,371815900
2017-01-24,64700.0,64700.0,63000.0,64000.0,7788.0,-0.15600624024961,177927000,7811800,255413000,56512400,58825100,14004300,374160500,50674300,497664200
2017-01-25,64000.0,64600.0,63500.0,63900.0,4929.0,-0.15625,60609400,381300,226500300,27071800,0,12701700,219207700,82653400,314562800
2017-01-26,63900.0,64800.0,63200.0,64500.0,9099.0,0.9389671361502347,188720900,63300,337734600,55410100,93084100,32508200,439553300,16783300,581928900
2017-01-31,64100.0,66000.0,64100.0,65600.0,18204.0,1.7054263565891472,367584200,0,610413400,212200400,20892300,194200,1152189200,16922300,1190198000
2017-02-01,65900.0,67200.0,65800.0,66500.0,27969.0,1.3719512195121952,649409000,7022700,877046400,327476300,121305600,16859900,1696669600,26119300,1860954400
2017-02-02,67200.0,70200.0,66800.0,69900.0,59461.0,5.112781954887218,996522700,146281100,2550499400,419999200,453489500,1045500,3584067700,74699700,4113302400
2017-02-03,70600.0,71200.0,69600.0,70900.0,50081.0,1.4306151645207439,1717511700,2808000,1576892400,229777600,759247300,7090000,2540292000,220360400,3526989700
2017-02-06,72000.0,75700.0,71800.0,75700.0,110720.0,6.770098730606488,3089582100,15360200,4595099000,529870500,2706220000,3183700,5158337000,362171100,8229911800
2017-02-07,75700.0,76000.0,72900.0,73400.0,68488.0,-3.038309114927345,827213900,23627400,3956336700,297051000,615296700,367237900,3975542700,146151700,5104229000
2017-02-08,74000.0,75500.0,73600.0,74700.0,37678.0,1.7711171662125342,467321700,3705000,2012380300,324844400,452740700,8221100,2212228400,135061200,2808251400
2017-02-09,74200.0,76800.0,73500.0,73900.0,35309.0,-1.07095046854083,243111400,7907300,2093205700,302303800,537690100,95763800,1881251800,131822500,2646528200
2017-02-10,74700.0,74700.0,71800.0,74300.0,43740.0,0.5412719891745602,1033376900,46450400,1894245800,229554000,293683000,3334500,2801250100,105359500,3203627100
2017-02-13,74300.0,74500.0,73200.0,73700.0,19293.0,-0.8075370121130552,440382300,82355000,745431300,157749100,355591000,4636800,1022115400,43574500,1425917700
2017-02-14,73700.0,74500.0,72500.0,74200.0,30284.0,0.6784260515603799,889570600,2193000,1093464700,248028700,24901100,75427300,2104067300,28861300,2233257000
2017-02-15,74400.0,78000.0,74400.0,78000.0,70986.0,5.121293800539084,714876300,28925200,4119972300,562161800,1396705700,14379700,3946210600,68639600,5425935600
2017-02-16,78500.0,78500.0,75800.0,76900.0,34111.0,-1.4102564102564104,642666400,11520000,1902449500,60612400,521726300,0,1649068000,446454000,2617248300
2017-02-17,76200.0,77400.0,75900.0,77400.0,14384.0,0.6501950585175552,433593800,0,540374800,132633600,3530600,3662400,955226700,144182500,1106602200
2017-02-20,77500.0,77500.0,74400.0,75500.0,25268.0,-2.454780361757106,619617600,4479500,1157561200,126983000,404777800,0,1357694600,146168900,1908641300
2017-02-21,75400.0,75900.0,73900.0,75400.0,29002.0,-0.13245033112582782,573319000,0,1298036000,301216900,392094700,0,1746206600,34270600,2172571900
2017-02-22,76100.0,76100.0,73900.0,75400.0,22616.0,0.0,504912400,0,981234200,205466900,229859900,0,1323106400,138647200,1691613500
2017-02-23,75600.0,76000.0,73900.0,74100.0,24154.0,-1.7241379310344827,236739000,0,1175012000,396311700,447796200,190607500,1162893100,6765900,1808062700
2017-02-24,74800.0,76300.0,73500.0,74900.0,38407.0,1.0796221322537112,715505500,0,1733831000,429202200,596604700,12933200,2217421400,51579400,2878538700
2017-02-27,75000.0,75200.0,71200.0,71900.0,48433.0,-4.005340453938585,819659800,7282000,2359504400,321507600,1094331100,13826000,2129052400,270744300,3507953800
2017-02-28,72600.0,72600.0,71100.0,72200.0,14918.0,0.4172461752433936,71700,3605000,830336200,236160500,61570900,98385400,889630400,20586700,1070173400
2017-03-02,72500.0,72800.0,69200.0,71600.0,49065.0,-0.8310249307479225,1446928700,0,1864926200,170180000,493100700,13978700,2320678600,654276900,3482034900
2017-03-03,71000.0,71800.0,69900.0,70400.0,11488.0,-1.675977653631285,118534900,0,518189500,173879600,83353000,212800,591342200,135696000,810604000
2017-03-06,70400.0,70400.0,68500.0,69600.0,26701.0,-1.1363636363636365,389743200,696000,1177211700,281635200,681406000,137600,901700400,266042100,1849286100
2017-03-07,69200.0,70600.0,69100.0,70000.0,15270.0,0.5747126436781609,55547000,25099100,786237900,201606800,74994200,70100,573365000,420061500,1068490800
2017-03-08,70000.0,70000.0,68600.0,68800.0,18556.0,-1.7142857142857144,19101000,0,1073598900,187465600,466778600,0,587709400,225677500,1280165500
2017-03-09,68800.0,69500.0,68100.0,69300.0,19044.0,0.7267441860465116,249472100,0,764759400,294710500,331890700,10912000,729085500,237053800,1308942000
2017-03-10,69300.0,69500.0,67200.0,68700.0,29531.0,-0.8658008658008658,397362500,0,1293739500,317476200,874247000,0,814360400,319970800,2008578200
2017-03-13,69200.0,69200.0,67300.0,67400.0,24757.0,-1.8922852983988356,111040700,0,1190286400,379151900,633379900,0,1000664500,46434600,1680479000
2017-03-14,67500.0,69200.0,67100.0,68800.0,25376.0,2.0771513353115725,236011700,135800,1304084500,200690200,220460000,0,1102959800,417502400,1740922200
2017-03-15,68500.0,68800.0,67500.0,68500.0,16681.0,-0.436046511627907,507879800,0,530650200,98797100,292184700,0,583257300,261885100,1137327100
2017-03-16,68200.0,69900.0,67800.0,68100.0,20579.0,-0.583941605839416,462589900,0,868296400,78488100,453792900,13374500,447548400,494658600,1409374400
2017-03-17,68400.0,69000.0,67200.0,68900.0,15927.0,1.1747430249632893,500884800,0,484420300,97630400,262828400,0,726218500,93888600,1082935500
2017-03-20,69400.0,69700.0,66800.0,67800.0,21472.0,-1.5965166908563133,103341100,0,1267698800,86338300,254151300,122665800,784218300,296342800,1457378200
2017-03-21,67700.0,67700.0,65800.0,66100.0,43164.0,-2.5073746312684366,48255200,1056800,2737258600,72631900,661125700,0,1997134700,200942100,2859202500
2017-03-22,66000.0,66800.0,65800.0,66600.0,22111.0,0.7564296520423601,939892400,0,372618600,155681900,132400,18793400,1293953400,155313700,1468192900
2017-03-23,66900.0,66900.0,65200.0,66000.0,23845.0,-0.9009009009009009,362715200,1571300,1090676500,111352700,405435500,20157500,1032961300,107761400,1566315700
2017-03-24,66100.0,66900.0,64300.0,66000.0,47710.0,0.0,602819200,1739900,2179811000,324329500,838252200,23028700,2087051100,160367600,3108699600
2017-03-27,66000.0,66200.0,65000.0,65700.0,18788.0,-0.45454545454545453,54722300,260000,1056422100,116788600,357749300,18463400,745339400,106640900,1228193000
2017-03-28,65700.0,67800.0,64900.0,67700.0,36161.0,3.0441400304414,915141600,6610000,1188863500,295444800,64557100,31427300,2242568700,67506800,2406059900
2017-03-29,67700.0,68200.0,66900.0,68000.0,14480.0,0.4431314623338257,301969200,0,645811300,30997200,3166300,18727300,624066900,332817200,978777700
2017-03-30,67400.0,68000.0,67200.0,67500.0,9278.0,-0.7352941176470588,280656400,0,326783000,19952800,32434500,21795100,441641400,131521200,627392200
2017-03-31,67100.0,67900.0,66900.0,67300.0,18132.0,-0.2962962962962963,431818500,0,664161700,124245200,705638000,25669000,390647700,98270700,1220225400
2017-04-03,67600.0,67600.0,66600.0,67100.0,12027.0,-0.2971768202080238,121600400,0,546673600,135983400,396041500,4351100,378002000,25862800,804257400
2017-04-04,67300.0,67800.0,66600.0,67700.0,10520.0,0.8941877794336811,147899300,0,440325100,119453700,68006200,1809000,568830900,69032000,707678100
2017-04-05,67700.0,69000.0,67100.0,68200.0,17869.0,0.7385524372230428,423356700,71847200,648932900,76024200,22972000,25986600,1011320300,159882100,1220161000
2017-04-06,68500.0,69200.0,67600.0,69200.0,21233.0,1.466275659824047,636681900,20677400,700172300,100205200,239810300,0,869194900,348731600,1457736800
2017-04-07,69600.0,69700.0,68700.0,69000.0,16939.0,-0.2890173410404624,397997200,0,685242500,89044800,86743200,135116200,669348200,281076900,1172284500
2017-04-10,69200.0,69200.0,67100.0,67300.0,19730.0,-2.4637681159420293,290635200,41621400,921890700,86656300,44225300,0,1057361900,239216400,1340803600
2017-04-11,67000.0,67800.0,65800.0,66600.0,14694.0,-1.040118870728083,86559000,0,809191300,83059600,387812400,0,502334200,88663300,978809900
2017-04-12,66500.0,67100.0,65800.0,67000.0,15614.0,0.6006006006006006,270235500,0,650722300,115232300,70472700,0,854676900,111040500,1036190100
2017-04-13,66600.0,70400.0,66600.0,69500.0,46104.0,3.731343283582089,1205477200,21112400,1250046700,712503900,393924500,6700000,2691076000,97439700,3189140200
2017-04-14,69900.0,69900.0,68700.0,69100.0,7985.0,-0.5755395683453237,207138200,0,324369100,20237100,115516100,0,252858100,183370200,551744400
2017-04-17,69200.0,69800.0,68500.0,68900.0,11292.0,-0.2894356005788712,227586100,0,522425100,29591800,122368800,0,521148400,136085800,779603000
2017-04-18,69600.0,69600.0,68200.0,69500.0,9552.0,0.8708272859216255,127981100,0,487208200,43599100,6887800,0,518252500,133648100,658788400
2017-04-19,69200.0,69700.0,68500.0,69200.0,13518.0,-0.4316546762589928,186127700,0,655823400,90693500,225908000,0,545320400,161416200,932644600
2017-04-20,68800.0,69300.0,68200.0,69200.0,12442.0,0.0,316403200,0,420437600,119179800,67154500,0,676166200,112699900,856020600
2017-04-21,69600.0,70700.0,68700.0,69800.0,15430.0,0.8670520231213872,270725500,13950000,732899000,56440700,218218400,0,643607900,212188900,1074015200
2017-04-24,70100.0,70100.0,68400.0,68700.0,12624.0,-1.5759312320916905,11817700,0,812141100,46720800,263105400,0,314673300,292900900,870679600
2017-04-25,68800.0,69100.0,68000.0,68700.0,15949.0,0.0,133904400,0,890172300,64763900,236112500,0,722259900,130468200,1088840600
2017-04-26,69200.0,70400.0,69100.0,70200.0,33766.0,2.1834061135371177,213676700,49841600,1957284500,137228000,249017000,1957800,1879169500,227886500,2358030800
2017-04-27,70100.0,70300.0,69300.0,70200.0,22217.0,0.0,0,10500000,1472423100,69156600,359171000,0,1047506300,145402400,1552079700
2017-04-28,70300.0,70300.0,68700.0,69300.0,15678.0,-1.282051282051282,85549800,12094800,929427600,58615800,164739000,2151400,658451300,260346300,1085688000
2017-05-02,69300.0,69800.0,68600.0,68900.0,8876.0,-0.5772005772005772,152164100,0,423644800,38307000,65838300,0,419093800,129183800,614115900
2017-05-04,69000.0,70100.0,69000.0,69900.0,10254.0,1.4513788098693758,69655700,18243900,526954500,99056200,3212500,1535600,694168900,14993300,713910300
2017-05-08,70200.0,71500.0,69400.0,71000.0,18265.0,1.5736766809728182,489309100,904800,707154200,86731300,182070800,0,1005077100,96951500,1284099400
2017-05-10,71000.0,71200.0,70200.0,70800.0,13483.0,-0.28169014084507044,150011500,0,748742000,54949200,248015200,3381100,571961900,130344500,953702700
2017-05-11,70400.0,71400.0,70400.0,71400.0,11601.0,0.847457627118644,62788100,0,718184900,41986100,564100,4454100,723726100,94214800,822959100
2017-05-12,71000.0,71700.0,70400.0,71100.0,8735.0,-0.42016806722689076,0,0,600886200,18478500,80095000,0,378885100,160384600,619364700
2017-05-15,71300.0,71300.0,70100.0,70600.0,11302.0,-0.7032348804500703,203623000,3731200,572946000,18045700,127581300,2118000,489980800,178665800,798345900
2017-05-16,71000.0,71400.0,68900.0,69500.0,30081.0,-1.5580736543909348,362154400,1392000,1553327100,176169800,551321200,0,1391646300,150075800,2093043300
2017-05-17,69500.0,69600.0,67500.0,68400.0,30904.0,-1.5827338129496402,280873600,136688000,1593432000,96777500,595555000,10170800,1439246300,62799000,2107771100
2017-05-18,67400.0,68200.0,66600.0,67500.0,28539.0,-1.3157894736842104,142421500,1415100,1518340900,252465400,1222878000,0,646809800,44955100,1914642900
2017-05-19,67900.0,68100.0,67000.0,67400.0,14546.0,-0.14814814814814814,12981300,8351700,855066900,107038300,230347200,20220000,716277400,16593600,983438200
2017-05-22,67400.0,69100.0,67400.0,68800.0,25235.0,2.0771513353115725,108156200,9780000,1481624300,129536600,250569800,116470800,1335032500,27024000,1729097100
2017-05-23,68500.0,69700.0,68400.0,69200.0,17860.0,0.5813953488372093,170260700,1099200,1007309100,53520800,308361100,24010000,720854300,178964400,1232189800
2017-05-24,69100.0,69600.0,68500.0,69300.0,10868.0,0.1445086705202312,49032500,0,672947800,26997200,2680900,0,740704500,5592100,748977500
2017-05-25,69300.0,74400.0,69300.0,74400.0,102326.0,7.35930735930736,1176564700,187651900,5139651600,892914500,1165318300,140942200,5813878100,276644100,7396782700
2017-05-26,75400.0,76300.0,73000.0,73200.0,66413.0,-1.6129032258064515,190102200,8794400,4544574600,197341300,405547600,0,4104601700,430663200,4940812500
2017-05-29,73700.0,74300.0,71800.0,73600.0,39871.0,0.546448087431694,418998500,15318000,2277224300,200250200,343973300,7253200,2417228600,143335900,2911791000
2017-05-30,73600.0,77500.0,73600.0,76200.0,68613.0,3.532608695652174,842633600,76900000,3973716200,318640100,734607600,0,4032178200,445104100,5211889900
2017-05-31,76100.0,77800.0,75500.0,76600.0,35162.0,0.5249343832020997,584055800,36680900,1834678200,243704200,722515900,0,1881223000,95380200,2699119100
2017-06-01,77400.0,81500.0,76900.0,80600.0,104725.0,5.221932114882506,1774729200,180422200,5528358300,849225500,1493249900,13296200,6177619700,648569400,8332735200
2017-06-02,81300.0,82300.0,79400.0,82100.0,47934.0,1.8610421836228286,961230100,8635200,2444156000,454534400,805744300,80886700,2677499500,304425200,3868555700
2017-06-05,82300.0,82400.0,80000.0,81200.0,27561.0,-1.0962241169305724,253995500,4163800,1729838000,247583100,531936000,118438300,1442482800,142723300,2235580400
2017-06-07,81200.0,83000.0,79400.0,82200.0,43274.0,1.2315270935960592,467745000,86627200,2418343600,548368800,1345460500,44980000,1957845400,172798700,3521084600
2017-06-08,82200.0,82200.0,78700.0,78700.0,55604.0,-4.257907542579075,443496900,0,3441175400,545635800,1042894200,4266000,3287582600,95565300,4430308100
2017-06-09,79500.0,91800.0,78900.0,87200.0,264026.0,10.800508259212197,4012002700,103624300,16597740700,2153791100,4389918700,465151400,16512927100,1499161600,22867158800
2017-06-12,87200.0,87600.0,85200.0,86900.0,52807.0,-0.34403669724770647,597779100,31648000,3806422300,109408000,1682815800,0,2299975400,562466200,4545257400
2017-06-13,86900.0,87300.0,85400.0,86100.0,34546.0,-0.9205983889528193,80357300,110848600,2603941000,175009700,1282118300,0,1510079700,177958600,2970156600
2017-06-14,86500.0,89800.0,86100.0,87300.0,59852.0,1.3937282229965158,1474388500,8640000,3220338100,568661900,1697784000,66385000,2749842700,758016800,5272028500
2017-06-15,87500.0,89100.0,86500.0,87100.0,33305.0,-0.22909507445589922,630270600,2433200,1818453600,461079700,698246100,4829000,1673624700,535537300,2912237100
2017-06-16,87400.0,87500.0,83900.0,85400.0,42306.0,-1.951779563719862,1049064200,0,2201038100,351112600,517926000,6744000,2709115100,367429800,3601214900
2017-06-19,85100.0,86600.0,83300.0,84500.0,21755.0,-1.053864168618267,265677000,0,1255105000,326500200,383494200,13353600,1243658100,206776300,1847282200
2017-06-20,84800.0,85200.0,80300.0,80700.0,46085.0,-4.497041420118343,171876800,81300000,2736682700,778082300,679380800,0,2763343800,325217200,3767941800
2017-06-21,80000.0,81600.0,78100.0,81600.0,50719.0,1.1152416356877324,856582900,78600,2269256400,897055900,848948100,10099200,2843208800,320717700,4022973800
2017-06-22,81500.0,81500.0,78000.0,78100.0,35944.0,-4.28921568627451,138903800,780000,2574440400,129762200,1482825900,4463200,884140200,472457100,2843886400
2017-06-23,78100.0,79800.0,77500.0,79600.0,21014.0,1.9206145966709345,320955400,3980000,989038300,342975000,265277500,1032200,1099807200,290831800,1656948700
2017-06-26,80100.0,80200.0,78000.0,79000.0,17474.0,-0.7537688442211055,41509500,8126600,1083343800,241171300,123197100,0,980383900,270570200,1374151200
2017-06-27,80300.0,80300.0,78100.0,79200.0,18218.0,0.25316455696202533,63224600,7888800,1328192400,37383100,296451800,0,782052900,358184200,1436688900
2017-06-28,79200.0,81300.0,78300.0,80000.0,22647.0,1.0101010101010102,140798700,8935500,1533473100,131946000,104823700,0,1232061700,478267900,1815153300
2017-06-29,80200.0,81000.0,79300.0,80100.0,10357.0,0.125,108027400,0,681948900,38677500,109373000,29419000,418496300,271365500,828653800
2017-06-30,79800.0,80500.0,78800.0,80400.0,11443.0,0.37453183520599254,267861900,0,617324800,25923400,179963000,0,528903800,202243300,911110100
2017-07-03,80500.0,80800.0,77400.0,78000.0,19916.0,-2.9850746268656714,89472200,0,1348384600,123880500,440344100,0,852675300,268717900,1561737300
2017-07-04,77700.0,78000.0,74800.0,76200.0,44642.0,-2.307692307692308,513244400,118330000,2185447700,583785600,1427068800,9251400,1773600100,190887400,3400807700
2017-07-05,76400.0,77800.0,75500.0,76700.0,14698.0,0.6561679790026247,126085600,1528000,803427900,192155900,408081000,0,620152600,94963800,1123197400
2017-07-06,76700.0,77100.0,75400.0,75600.0,12342.0,-1.4341590612777053,65297300,9008300,719923400,141692100,316405300,0,549047900,70467900,935921100
2017-07-07,76000.0,76400.0,74800.0,75700.0,11794.0,0.13227513227513227,302200,0,724247900,165263200,230716500,0,481880800,177216000,889813300
2017-07-10,75700.0,75700.0,74000.0,75500.0,15780.0,-0.26420079260237783,228943500,742000,874361400,77285400,212934200,0,687006000,281392100,1181332300
2017-07-11,75500.0,79100.0,75500.0,78900.0,27381.0,4.503311258278146,773165700,24765100,1116496000,213337500,82996900,937000,1531032700,512797700,2127764300
2017-07-12,79000.0,79600.0,78200.0,78200.0,22480.0,-0.8871989860583016,574528600,15798100,1164062500,18049800,346435200,0,692401100,733602700,1772439000
2017-07-13,78600.0,79800.0,76500.0,78200.0,22482.0,0.0,671208300,0,958105200,116817800,554099200,0,858333800,333698300,1746131300
2017-07-14,77700.0,78500.0,76600.0,76600.0,10812.0,-2.0460358056265986,88105400,1315800,600739700,144127500,74436100,0,557415700,202436600,834288400
2017-07-17,77200.0,77800.0,76000.0,76700.0,14487.0,0.13054830287206268,79786800,44983800,685827400,301017100,448351900,0,592908200,70355000,1111615100
2017-07-18,77000.0,82100.0,77000.0,81400.0,67598.0,6.127770534550195,2226341600,19204500,2292114500,908693800,681929800,10446100,4364576400,389402100,5446354400
2017-07-19,81400.0,82100.0,80700.0,81000.0,9237.0,-0.4914004914004914,255167400,5991900,455865700,32731700,1942200,0,584111200,163703300,749756700
2017-07-20,80800.0,81400.0,79400.0,80900.0,18923.0,-0.12345679012345678,603009700,1203000,896248900,19620600,9559900,49298300,1176398100,284825900,1520082200
2017-07-21,80900.0,81000.0,80000.0,80600.0,12090.0,-0.3708281829419036,303294100,80900,659048500,9910600,209638400,0,613740400,148955300,972334100
2017-07-24,80700.0,81100.0,79900.0,80900.0,13750.0,0.37220843672456577,471638500,886900,573510100,61243100,104519400,0,817051900,185707300,1107278600
2017-07-25,81100.0,81100.0,77500.0,77500.0,34206.0,-4.202719406674907,139277200,16475000,2379400000,152983200,580987400,0,1618032300,489115700,2688135400
2017-07-26,77900.0,78400.0,76600.0,77900.0,12788.0,0.5161290322580645,92152400,1238400,750045400,143413300,118512800,0,802728000,65608700,986849500
2017-07-27,77500.0,78700.0,76600.0,78400.0,16321.0,0.6418485237483954,374894400,693000,784714400,107239300,311356000,18295000,767518100,170372000,1267541100
2017-07-28,78500.0,78700.0,76700.0,77200.0,24767.0,-1.530612244897959,310489100,13391300,1547604500,49891700,268109300,4139300,1331166700,317961300,1921376600
2017-07-31,77400.0,77400.0,75400.0,76500.0,12011.0,-0.9067357512953367,263190300,2449000,634304400,14974300,79028700,0,709275700,126613600,914918000
2017-08-01,75800.0,77200.0,75800.0,76500.0,14466.0,0.0,2453000,12701300,936557700,156201700,83403600,77000,662443000,361990100,1107913700
2017-08-02,76800.0,78000.0,76200.0,77600.0,10307.0,1.4379084967320261,327500900,76900,296218600,173541000,9578700,77600,685607000,102074100,797337400
2017-08-03,77300.0,77700.0,75000.0,76100.0,21915.0,-1.9329896907216495,240417200,2258100,1394599600,21088100,34589000,10653000,1388495200,224625800,1658363000
2017-08-04,75800.0,76500.0,75000.0,75600.0,8960.0,-0.657030223390276,2790700,4528000,621737600,46759800,33436700,0,486998400,155381000,675816100
2017-08-07,76000.0,76000.0,74800.0,75300.0,11854.0,-0.3968253968253968,78462600,0,707201300,106056700,356589800,0,521084000,14046800,891720600
2017-08-08,75300.0,76500.0,74200.0,75000.0,18321.0,-0.398406374501992,116333000,75600,1178387200,73347200,545876800,0,752750800,69515400,1368143000
2017-08-09,74800.0,74900.0,72400.0,72800.0,17860.0,-2.933333333333333,154513100,1619000,950224400,205189900,137833700,5553700,1149039400,19119600,1311546400
2017-08-10,72700.0,73700.0,71000.0,71900.0,29749.0,-1.2362637362637363,126966900,72800,1597060400,423701600,447267600,6782800,1605730700,88020600,2147801700
2017-08-11,71400.0,72200.0,69900.0,72000.0,43069.0,0.13908205841446453,566020200,4738500,2177132900,304137200,1019202100,1709400,1845458500,185658800,3052028800
2017-08-14,71300.0,74200.0,71300.0,74000.0,18192.0,2.7777777777777777,503955900,2010600,762382400,60342500,170758400,1087900,912113800,244731300,1328691400
2017-08-16,75300.0,77500.0,75300.0,76700.0,40294.0,3.6486486486486487,521618600,5851000,2210046500,344881100,46475700,10969900,2814252100,210699500,3082397200
2017-08-17,76200.0,76800.0,74900.0,76700.0,13031.0,0.0,369436700,0,543512300,75603100,38803800,0,813040300,136708000,988552100
2017-08-18,76400.0,77700.0,75000.0,77300.0,13093.0,0.7822685788787485,429468700,106218000,399281100,74485900,173249500,7650000,740511200,88043000,1009453700
2017-08-21,77300.0,78100.0,76500.0,77900.0,14126.0,0.7761966364812419,588464900,1463000,414651900,91783900,244464400,9695700,678510400,163693200,1096363700
2017-08-22,78100.0,78100.0,75100.0,76200.0,21579.0,-2.1822849807445444,261495700,0,1343391600,41506200,183299200,16897100,1268686900,177510300,1646393500
2017-08-23,76600.0,76900.0,74700.0,74800.0,24028.0,-1.837270341207349,509447400,4687200,945609100,353556500,920433700,0,784028900,108837600,1813300200
2017-08-24,75200.0,75700.0,73600.0,74400.0,26769.0,-0.53475935828877,188716200,63516800,1144247200,593499700,790714400,8488500,1129274500,61502500,1989979900
2017-08-25,75000.0,75100.0,73000.0,73900.0,19026.0,-0.6720430107526881,199354600,83683200,867528300,254002200,296401400,189094200,807060300,112012400,1404568300
2017-08-28,74500.0,74800.0,72500.0,72800.0,26721.0,-1.4884979702300407,136242700,3785200,1290193200,524901300,199379100,0,1688830300,66913000,1955122400
2017-08-29,72800.0,74500.0,72300.0,74500.0,16603.0,2.3351648351648353,434444900,3799800,418779200,362490700,205259000,293400,933220600,80741600,1219514600
2017-08-30,74200.0,75400.0,74000.0,75200.0,12495.0,0.9395973154362416,434517600,0,444428500,54842500,142733500,26701000,534380400,229973700,933788600
2017-08-31,75200.0,75400.0,74500.0,75400.0,7944.0,0.26595744680851063,310867000,0,223624500,60581700,0,23124600,338202800,233745800,595073200
2017-09-01,75400.0,75400.0,73200.0,73400.0,23625.0,-2.6525198938992043,189323700,73300000,1318749400,160761200,176724900,3725000,1174834400,386850000,1742134300
2017-09-04,72100.0,73100.0,72000.0,72300.0,12217.0,-1.4986376021798364,127455900,722000,639136000,118982300,217800,0,716928900,169149500,886296200
2017-09-05,72900.0,72900.0,70700.0,71800.0,18629.0,-0.6915629322268326,137900900,15738200,1089099300,84065300,183758500,7145000,1088219000,47681200,1326803700
2017-09-06,71800.0,71900.0,70300.0,70300.0,22654.0,-2.0891364902506964,140109200,3399300,1371817900,87136300,1055212500,287000,486040100,60923100,1602462700
2017-09-07,70500.0,72100.0,70500.0,71800.0,8562.0,2.1337126600284493,7682600,0,330544900,275562000,71700,570700,600092800,13054300,613789500
2017-09-08,71400.0,72100.0,69700.0,70800.0,31155.0,-1.392757660167131,200519800,1061500,1697053300,294658000,113713200,0,2009603700,69975700,2193292600
2017-09-11,70800.0,72100.0,70700.0,71100.0,10810.0,0.423728813559322,130776400,0,379279600,261404600,105315100,4270000,550440000,111435500,771460600
2017-09-12,71200.0,72000.0,70600.0,71900.0,9644.0,1.1251758087201125,85163400,2207300,366947700,232667800,71300,18079000,647793600,21042300,686986200
2017-09-13,71100.0,72100.0,70000.0,70200.0,17902.0,-2.364394993045897,42263300,2671600,1174996200,45746400,493700,2186100,1151565000,111432700,1265677500
2017-09-14,70800.0,71200.0,69900.0,70300.0,12114.0,0.14245014245014245,40160800,210000,621963000,191149500,310719300,3941600,461282000,77540400,853483300
2017-09-15,69900.0,70100.0,68500.0,70000.0,21700.0,-0.42674253200568996,394971800,2835200,825792500,281138400,81916200,7120000,1273703900,141997800,1504737900
2017-09-18,70000.0,70800.0,69300.0,70700.0,10194.0,1.0,228567200,0,438411100,49231100,915800,6257800,522869900,186165900,716209400
2017-09-19,70700.0,70700.0,69000.0,69700.0,18328.0,-1.4144271570014144,131037100,2285200,1000020100,141113600,218124300,11874400,838918900,205538400,1274456000
2017-09-20,69300.0,69600.0,68500.0,69200.0,12932.0,-0.7173601147776184,130109000,894000,651075600,109491700,27497500,0,781117300,82955500,891570300
2017-09-21,69900.0,69900.0,68300.0,68800.0,9492.0,-0.5780346820809248,309788000,5019600,335533000,1992900,52679900,2891800,443096500,153665300,652333500
2017-09-22,69000.0,69000.0,67100.0,67900.0,16959.0,-1.308139534883721,323849900,28159000,726761400,70001200,0,0,1009460600,139310900,1148771500
2017-09-25,67200.0,68100.0,66100.0,66400.0,15815.0,-2.2091310751104567,301162700,82806000,595980400,76172100,61215000,66900000,836660500,91345700,1056121200
2017-09-26,66400.0,67200.0,66300.0,67000.0,7593.0,0.9036144578313252,0,0,272716900,234694100,92100200,0,382085400,33225400,507411000
2017-09-27,66800.0,68500.0,66800.0,67900.0,5996.0,1.3432835820895521,0,674000,305101000,101365900,9410900,0,360057400,37672600,407140900
2017-09-28,67900.0,68200.0,67200.0,67600.0,4204.0,-0.4418262150220913,97918800,0,173952700,12298700,202800,0,220244800,63722600,284170200
2017-09-29,67900.0,67900.0,66800.0,67000.0,9305.0,-0.8875739644970414,0,1345000,486624000,137467000,278356300,0,320312200,26767500,625436000
2017-10-10,67700.0,68300.0,67000.0,67200.0,5603.0,0.2985074626865672,0,2021300,193556400,182288200,336400,0,293468400,84061100,377865900
2017-10-11,67000.0,69100.0,66600.0,68600.0,12487.0,2.083333333333333,274771800,267000,395837100,181686700,49560200,10807800,684917000,107277600,852562600
2017-10-12,68400.0,68700.0,67500.0,67600.0,10394.0,-1.4577259475218658,15207600,4473100,474194900,211864700,381115300,0,204404700,120220300,705740300
2017-10-13,68600.0,70400.0,68600.0,70100.0,28181.0,3.698224852071006,229761800,3481000,1535030200,197706900,192818000,3189500,1519510600,250461800,1965979900
2017-10-16,70100.0,70800.0,69300.0,70200.0,9109.0,0.14265335235378032,33991400,1400000,588265500,13132600,3100200,0,486505000,147184300,636789500
2017-10-17,70400.0,70400.0,69000.0,69900.0,11938.0,-0.4273504273504274,46058900,0,661669100,122416700,208400,0,506539800,323396500,830144700
2017-10-18,70300.0,70300.0,69100.0,69800.0,8387.0,-0.14306151645207438,6190500,0,451194400,125615900,57181100,0,255668300,270151400,583000800
2017-10-19,69300.0,70700.0,69000.0,70500.0,9774.0,1.002865329512894,6577800,0,573100400,103948300,1117300,0,603890200,78619000,683626500
2017-10-20,70200.0,70900.0,69500.0,70600.0,7414.0,0.14184397163120568,61747200,704000,398256100,57944100,150322700,0,305831800,62496900,518651400
2017-10-23,70800.0,71000.0,69500.0,69500.0,5197.0,-1.5580736543909348,9721600,2103000,344700300,6285700,4114200,0,338596000,20100400,362810600
2017-10-24,69600.0,69600.0,68800.0,69500.0,10226.0,0.0,69100,0,541409300,165908200,238042800,7830900,402112900,59400000,707386600
2017-10-25,69300.0,69500.0,68800.0,69100.0,3964.0,-0.5755395683453237,69200,0,232057500,41757400,0,0,219587000,54297100,273884100
2017-10-26,69300.0,71500.0,68800.0,71100.0,21039.0,2.894356005788712,449344000,11484700,770311400,252675900,498400,3565000,1465859300,13893300,1483816000
2017-10-27,71000.0,73500.0,70700.0,73500.0,18712.0,3.375527426160337,411274400,0,882820900,62540200,123826700,721000,1186511400,45576400,1356635500
2017-10-30,74200.0,74400.0,72900.0,73200.0,18278.0,-0.40816326530612246,75712000,0,1176072200,95904000,51057100,0,1067713300,228917800,1347688200
2017-10-31,73200.0,73500.0,72400.0,73100.0,11720.0,-0.1366120218579235,139009400,1454000,688814100,24143400,220400500,0,547423300,85597100,853420900
2017-11-01,72800.0,73600.0,71100.0,71300.0,25003.0,-2.462380300957592,197384700,2873100,1559944700,31455800,645214800,0,1058515600,87927900,1791658300
2017-11-02,70500.0,71800.0,70000.0,70400.0,12836.0,-1.262272089761571,300875700,213700,507778400,98152200,269573300,0,465077300,172369400,907020000
2017-11-03,71300.0,74800.0,71000.0,73300.0,67354.0,4.119318181818182,762066100,128080000,3610141900,465978500,1072669400,12226300,3477374700,403996100,4966266500
2017-11-06,72800.0,73800.0,72800.0,73400.0,11326.0,0.1364256480218281,422474200,5812500,365975000,37531400,154327000,0,560641500,116824600,831793100
2017-11-07,72900.0,73700.0,72100.0,73300.0,11843.0,-0.13623978201634876,167456700,0,617652200,74949900,255237100,1015000,475646300,128160400,860058800
2017-11-08,73200.0,73300.0,71800.0,71800.0,12172.0,-2.046384720327422,36100500,82418900,749504000,10647500,306072000,0,333495400,239103500,878670900
2017-11-09,71800.0,72500.0,68700.0,70100.0,42451.0,-2.3676880222841223,329031600,53142400,2238012900,359596800,813004600,140300,2001647800,164991000,2979783700
2017-11-10,70100.0,71400.0,69100.0,71300.0,13800.0,1.7118402282453637,445297100,5245500,426747200,97647300,1484600,1552400,805961600,165938500,974937100
2017-11-13,71100.0,71400.0,70200.0,71000.0,11027.0,-0.42075736325385693,143155000,0,583025400,52233000,14567400,1976800,695060500,66808700,778413400
2017-11-14,70400.0,71200.0,70100.0,70900.0,4447.0,-0.14084507042253522,141400,16790100,276959300,19316900,845800,5772800,227686400,78902700,313207700
2017-11-15,71500.0,73200.0,70100.0,70900.0,28823.0,0.0,0,728200,1809734700,250013100,313768300,6267600,1581212100,159228000,2060476000
2017-11-16,71700.0,72200.0,70800.0,71900.0,16892.0,1.4104372355430184,72000,8954800,1063806900,138323600,4465100,0,1192024400,14667800,1211157300
2017-11-17,71900.0,73000.0,70800.0,71900.0,22346.0,0.0,146510100,7270000,1201102900,244872800,249173000,20656500,1255443600,74482700,1599755800
2017-11-20,72800.0,75800.0,72700.0,74600.0,71771.0,3.7552155771905427,152773700,150000,3492050900,1703691800,1288782300,111264000,3644673100,303947000,5348666400
2017-11-21,75300.0,75300.0,73100.0,73900.0,32284.0,-0.938337801608579,488275200,3366000,1672477000,222524000,736907900,0,1454347900,195386400,2386642200
2017-11-22,73000.0,73900.0,72200.0,73000.0,27531.0,-1.2178619756427604,98849100,364500,1803330600,100045800,101691300,19608400,1514257900,367032400,2002590000
2017-11-23,72700.0,73800.0,72300.0,73600.0,15515.0,0.821917808219178,146491400,0,947810900,39780600,86913800,2193000,892946800,152029300,1134082900
2017-11-24,74000.0,74000.0,73300.0,73300.0,9025.0,-0.4076086956521739,138504800,0,495191600,31376000,23187600,5138000,597152600,39594200,665072400
2017-11-27,73800.0,73800.0,72400.0,73100.0,11852.0,-0.2728512960436562,133048000,0,590044500,139273600,54264300,2545900,774141700,31414200,862366100
2017-11-28,73000.0,74700.0,72700.0,74200.0,25807.0,1.5047879616963065,294157800,0,1378066600,240902900,340132800,53057200,1473606100,46331200,1913127300
2017-11-29,73900.0,74500.0,73000.0,73800.0,14951.0,-0.5390835579514826,196758000,122017700,718860000,63419100,18266400,1111500,868573400,213103500,1101054800
2017-11-30,73400.0,73700.0,72400.0,72600.0,13651.0,-1.6260162601626018,131803200,8930400,759208500,94581900,117920400,0,581347900,295255700,994524000
2017-12-01,73100.0,73100.0,70900.0,71600.0,29552.0,-1.3774104683195594,221680600,1426000,1836265300,49160800,92673400,3550000,1766731800,245577500,2108532700
2017-12-04,71000.0,71900.0,70700.0,71000.0,11649.0,-0.8379888268156425,995700,10610000,707515000,108759200,0,214800,793432900,34232200,827879900
2017-12-05,71800.0,71800.0,70500.0,71400.0,13260.0,0.5633802816901409,142631200,2002000,712618700,86895100,43013200,992600,797974900,102166300,944147000
2017-12-06,71700.0,71700.0,70800.0,71200.0,11945.0,-0.2801120448179272,280475200,0,502609700,66888400,1922400,8520000,739786600,99744300,849973300
2017-12-07,71700.0,71700.0,69200.0,69500.0,21976.0,-2.387640449438202,353272500,16439800,1141677800,26098300,6951800,0,1220155200,310381400,1537488400
2017-12-08,69800.0,69900.0,68300.0,69000.0,14938.0,-0.7194244604316548,28526700,3158500,944122100,50440800,6192700,3455000,884652800,131947600,1026248100
2017-12-11,68400.0,69200.0,68300.0,68500.0,8460.0,-0.7246376811594203,823500,1785200,559558000,18050400,137000,16555800,482043800,81480500,580217100
2017-12-12,68100.0,68500.0,67300.0,68300.0,14724.0,-0.291970802919708,676900,1493600,917934000,79152200,85272300,0,839664900,74319500,999256700
2017-12-13,68300.0,69100.0,68100.0,69000.0,11172.0,1.0248901903367496,204471300,3434000,517713000,41468800,0,15364700,678732900,72989500,767087100
2017-12-14,68900.0,69300.0,68400.0,68900.0,12066.0,-0.14492753623188406,15012600,5530000,652925700,157255200,228776200,21767600,455222900,124956800,830723500
2017-12-15,68800.0,69300.0,68300.0,69000.0,7424.0,0.14513788098693758,28704000,3711500,401272100,75970600,72246700,0,331608400,105803100,509658200
2017-12-18,69300.0,69300.0,68100.0,68300.0,8045.0,-1.0144927536231882,9917000,683400,508383800,31004700,38361000,17103600,391558800,102965500,549988900
2017-12-19,68300.0,68900.0,67700.0,67700.0,10046.0,-0.8784773060029283,7582900,31490000,592348300,52164900,0,0,556859900,126726200,683586100
2017-12-20,67200.0,67700.0,67000.0,67200.0,8222.0,-0.7385524372230428,1611600,34712600,447999400,68621000,55095900,3365000,484669300,9814400,552944600
2017-12-21,67200.0,67500.0,66200.0,66600.0,9841.0,-0.8928571428571428,4269400,30684000,599535200,19947000,49722100,43180500,524716300,36816700,654435600
2017-12-22,66300.0,66900.0,66200.0,66600.0,7046.0,0.0,1400900,930300,383813400,82629200,68784800,12643300,358862500,28483200,468773800
2017-12-26,66600.0,66900.0,65300.0,65300.0,19984.0,-1.951951951951952,133159900,1119400,1090290100,92594400,101501600,20329500,1186062600,9270100,1317163800
2017-12-27,65300.0,66900.0,65300.0,66500.0,9126.0,1.8376722817764166,731900,155563200,384005300,64434000,95394800,0,495446400,13893200,604734400
2017-12-28,65900.0,68300.0,65900.0,68300.0,16495.0,2.706766917293233,237484000,1489900,686230100,187772700,91749000,5133800,994821100,21272800,1112976700
2018-01-02,68300.0,69000.0,67200.0,68800.0,9644.0,0.7320644216691069,225256800,5265000,358292600,68599600,92906200,2374100,441820400,120313300,657414000
2018-01-03,68700.0,69200.0,68100.0,68400.0,4775.0,-0.5813953488372093,137200,0,290656100,36850700,822000,2587800,227226200,97008000,327644000
2018-01-04,69100.0,69300.0,67400.0,67600.0,7363.0,-1.1695906432748537,131345900,14351800,329865200,24521100,0,0,379039900,121044100,500084000
2018-01-05,68300.0,68300.0,67200.0,68000.0,7664.0,0.591715976331361,140706700,13198500,363098900,1829800,76833100,20925400,346615500,74459900,518833900
2018-01-08,68300.0,68300.0,66500.0,67000.0,10968.0,-1.4705882352941175,2012800,0,672830200,60878800,0,22519000,663413500,49789300,735721800
2018-01-09,67400.0,67400.0,66200.0,66200.0,18818.0,-1.1940298507462688,1932500,10000000,1162576100,76108400,467400,126338000,1099776100,24035500,1250617000
2018-01-10,66200.0,67100.0,66200.0,66500.0,11376.0,0.4531722054380665,46447100,666000,473886100,236389400,8859200,532000,696794100,51203300,757388600
2018-01-11,66600.0,67700.0,66600.0,67200.0,11184.0,1.0526315789473684,1677900,666800,579716700,167651400,535200,2813700,684584400,61779500,749712800
2018-01-12,67100.0,67500.0,66500.0,66900.0,9614.0,-0.4464285714285714,4277900,66600,584404100,53608000,83774800,9966300,507631700,40983800,642356600
2018-01-15,67200.0,67500.0,66300.0,66500.0,12121.0,-0.5979073243647235,147183200,6274800,566905700,87392800,64263300,34469400,677293400,31730400,807756500
2018-01-16,67000.0,68400.0,66200.0,67900.0,17323.0,2.1052631578947367,123903600,31518300,786750200,223983800,66700,3875100,1153719700,8494400,1166155900
2018-01-17,68000.0,68200.0,67000.0,67600.0,8932.0,-0.4418262150220913,100788400,0,418274100,83547200,0,0,543636600,58973100,602609700
2018-01-18,68000.0,68300.0,67200.0,67800.0,10828.0,0.2958579881656805,65804000,3106600,586169400,76221400,0,27613900,633695600,69991900,731301400
2018-01-19,68000.0,68700.0,67000.0,68600.0,11308.0,1.1799410029498525,148973400,0,510428700,107249400,50958100,7058500,653157800,55477100,766651500
2018-01-22,68400.0,68600.0,67300.0,67800.0,13870.0,-1.1661807580174928,11988500,0,811708100,115656100,236616700,6750000,609043900,86942100,939352700
2018-01-23,70000.0,70400.0,69500.0,69700.0,65422.0,2.8023598820058995,26031100,29428000,4091357100,429109600,434196300,118684500,3819144400,203900600,4575925800
2018-01-24,69800.0,72400.0,69800.0,72100.0,63232.0,3.443328550932568,539166700,106632600,2694525700,1178318600,579470400,159953000,3705591300,73628900,4518643600
2018-01-25,72300.0,75400.0,72200.0,73200.0,90802.0,1.5256588072122053,1316330200,167430400,4147526300,1095146500,1102667400,96642300,5014044900,513078800,6726433400
2018-01-26,73600.0,74900.0,72800.0,73600.0,21942.0,0.546448087431694,59876500,11645900,1181425100,358939900,140251500,16604300,1356128300,98903300,1611887400
2018-01-29,74300.0,76100.0,73800.0,74400.0,39569.0,1.0869565217391304,326651700,280017000,2134829900,226628600,235746300,51264800,2514535000,166581100,2968127200
2018-01-30,74700.0,74800.0,72300.0,73300.0,26361.0,-1.478494623655914,16327100,69169700,1475368800,362316900,225712600,0,1498892100,198577800,1923182500
2018-01-31,73000.0,73000.0,71600.0,71900.0,14539.0,-1.9099590723055935,27858000,0,876902100,144409000,2300900,9288000,865495700,172084500,1049169100
2018-02-01,72400.0,72600.0,71600.0,72100.0,17652.0,0.27816411682892905,89646300,7185000,797001600,378077500,87236800,20164000,1116570100,47939500,1271910400
2018-02-02,72200.0,72600.0,70400.0,71600.0,14059.0,-0.6934812760055479,52934100,0,815671000,132886400,157279000,6372000,768219500,69621000,1001491500
2018-02-05,70800.0,71000.0,67100.0,70500.0,25003.0,-1.536312849162011,262901700,1453800,1410835500,71588300,8183900,52597800,1405134400,280863200,1746779300
2018-02-06,68400.0,70200.0,67400.0,69900.0,28805.0,-0.851063829787234,377842900,68500,1309799800,283498400,20920000,22683300,1676211700,251394600,1971209600
2018-02-07,70800.0,70900.0,69000.0,69100.0,16932.0,-1.144492131616595,120330400,0,837433700,224791100,39131000,0,932202700,211221500,1182555200
2018-02-08,69100.0,69800.0,68500.0,69800.0,9893.0,1.0130246020260492,19493900,99510800,483588800,81476200,1173100,0,544142100,138754500,684069700
2018-02-09,68500.0,70100.0,68100.0,69900.0,9749.0,0.14326647564469913,242527000,68600,325038600,106015400,208900,5501000,426697900,241241800,673649600
2018-02-12,69900.0,70100.0,68800.0,69200.0,9103.0,-1.0014306151645207,186732500,0,405598000,37973700,1384700,69200,360075400,268774900,630304200
2018-02-13,69700.0,69700.0,68500.0,68800.0,7740.0,-0.5780346820809248,12035100,48967300,463786500,7428700,0,0,313126700,219090900,532217600
2018-02-14,68600.0,68900.0,66900.0,67900.0,26422.0,-1.308139534883721,238816500,1413900,1516133300,28552000,527215800,5478600,903991600,348229700,1784915700
2018-02-19,68000.0,68800.0,67600.0,68700.0,8432.0,1.1782032400589102,85912500,67700,390986500,97780900,14645700,2459300,525910300,31732300,574747600
2018-02-20,68700.0,68900.0,68100.0,68600.0,6044.0,-0.1455604075691412,21859200,0,352488900,39373800,22775900,137500,384992300,5816200,413721900
2018-02-21,68800.0,68900.0,67900.0,68100.0,11486.0,-0.7288629737609329,3558400,20060900,740695900,19097900,368238800,34519400,346582300,34072600,783413100
2018-02-22,68100.0,69000.0,67800.0,69000.0,9225.0,1.3215859030837005,95903000,67900,467666100,66009600,71208500,32156600,348573700,177707800,629646600
2018-02-23,70800.0,71200.0,69400.0,70500.0,28729.0,2.1739130434782608,145141400,89794600,1692657900,91126500,460262800,24456300,1371367400,162633900,2018720400
2018-02-26,70900.0,70900.0,69100.0,70000.0,15295.0,-0.7092198581560284,230461100,3505000,707864300,127984800,394798100,20597600,571024000,83395500,1069815200
2018-02-27,70200.0,71300.0,69400.0,70600.0,17629.0,0.8571428571428572,209982400,10448800,802530400,218815700,315091000,0,845615600,81070700,1241777300
2018-02-28,70200.0,70600.0,69300.0,70400.0,13625.0,-0.28328611898017,480431800,0,302086900,169067800,91270400,0,653241900,207074200,951586500
2018-03-02,70000.0,70800.0,69400.0,70700.0,13858.0,0.4261363636363636,124147500,841200,763268000,82506500,46772500,7110300,816103000,100777400,970763200
2018-03-05,70700.0,70800.0,69200.0,69500.0,15251.0,-1.6973125884016973,107619200,0,911858000,46294500,285614800,0,653416200,126740700,1065771700
2018-03-06,69900.0,69900.0,68800.0,69400.0,11098.0,-0.14388489208633093,98650700,0,645484200,24381900,154289700,4182000,507412100,102633000,768516800
2018-03-07,69300.0,69300.0,67900.0,67900.0,14052.0,-2.161383285302594,97735500,68600,831376000,32335800,257179500,0,566100500,138235900,961515900
2018-03-08,68000.0,68700.0,67600.0,67600.0,11708.0,-0.4418262150220913,162540500,0,548477400,84500900,218907000,0,568983000,7628800,795518800
2018-03-09,67900.0,69000.0,67900.0,68900.0,9492.0,1.9230769230769231,1782000,0,323734200,325717400,68400,0,610696800,40468400,651233600
2018-03-12,68600.0,69400.0,68400.0,69400.0,14338.0,0.7256894049346879,23961700,78869300,708848400,174734700,246117400,0,677974600,62322100,986414100
2018-03-13,69400.0,70400.0,68900.0,69900.0,16822.0,0.7204610951008645,336328200,4499200,680399300,151036000,398022500,0,720502400,53737800,1172262700
2018-03-14,70000.0,70200.0,69400.0,70100.0,8415.0,0.28612303290414876,90908100,2509200,299407200,193479300,153472500,0,379613000,53218300,586303800
2018-03-15,70100.0,70200.0,69000.0,70000.0,18744.0,-0.14265335235378032,239668800,766500,734477300,333459900,215175800,29792500,1026090500,37313700,1308372500
2018-03-16,69900.0,70300.0,69000.0,69900.0,13081.0,-0.14285714285714285,89595200,15270400,641914900,164789900,0,0,876626500,34943900,911570400
2018-03-19,70300.0,70600.0,69500.0,69800.0,17634.0,-0.14306151645207438,186795700,0,734357500,315686100,280756400,19347700,879363100,57372100,1236839300
2018-03-20,69400.0,70200.0,68800.0,68800.0,12364.0,-1.4326647564469914,36874700,345000,753623000,64103000,178789800,0,573294000,102861900,854945700
2018-03-21,68700.0,68800.0,68100.0,68100.0,9971.0,-1.0174418604651163,0,0,608903800,72444100,35232100,0,486104600,160011200,681347900
2018-03-22,68700.0,68700.0,67600.0,67600.0,12187.0,-0.7342143906020557,51618900,131491000,607910000,37652200,164691600,16156400,511584400,136239700,828672100
2018-03-23,67200.0,67900.0,65900.0,66400.0,21210.0,-1.7751479289940828,0,0,1078177200,337274300,429366000,0,739383100,246702400,1415451500
2018-03-26,66000.0,67200.0,66000.0,66600.0,9161.0,0.30120481927710846,26167400,4648000,417387500,161842700,53651000,2730600,508735400,44928600,610045600
2018-03-27,66700.0,68600.0,66600.0,68500.0,12933.0,2.8528528528528527,140915500,0,459997200,276086700,68500,953400,830746500,45231000,876999400
2018-03-28,68400.0,68500.0,67000.0,67900.0,6433.0,-0.8759124087591241,1892400,53332500,311176100,68728900,337900,0,349633400,85158600,435129900
2018-03-29,67900.0,68800.0,67000.0,68400.0,15326.0,0.7363770250368188,175793600,67300,822344300,40795700,4385400,11880300,883406200,139329000,1039000900
2018-03-30,67600.0,68700.0,67500.0,67800.0,6486.0,-0.8771929824561403,19192000,0,346756000,74832900,204600,1166200,352136300,87273800,440780900
2018-04-02,67800.0,68300.0,66900.0,67200.0,15207.0,-0.8849557522123894,68267600,7266200,824529900,123500700,136388400,147474000,680566500,59135500,1023564400
2018-04-03,66800.0,68300.0,66600.0,68000.0,7997.0,1.1904761904761905,100064900,1070100,411917100,24549200,133858600,13380000,332543600,57819100,537601300
2018-04-04,68200.0,68200.0,67000.0,67100.0,11233.0,-1.3235294117647058,33812400,2696700,514674200,205456500,71780900,16881600,559256100,108721200,756639800
2018-04-05,67300.0,67700.0,67000.0,67300.0,6431.0,0.29806259314456035,13650800,0,288639800,129698200,134302300,0,215548600,82137900,431988800
2018-04-06,66900.0,67400.0,66700.0,67300.0,7936.0,0.0,37124600,66700,246045200,248325700,0,0,457810000,73752200,531562200
2018-04-09,67300.0,67300.0,66300.0,66500.0,18818.0,-1.188707280832095,66521800,200439100,708274400,279408600,0,2602000,1093827500,158214400,1254643900
2018-04-10,66600.0,66900.0,65800.0,66000.0,17425.0,-0.7518796992481203,28622400,121728300,898597800,104189000,512894400,6640000,534362300,99240800,1153137500
2018-04-11,66000.0,67400.0,65900.0,66900.0,28561.0,1.3636363636363635,2546800,0,1142474900,754376000,20190000,22664500,1786964100,69579100,1899397700
2018-04-12,66900.0,68800.0,66900.0,68700.0,21575.0,2.690582959641256,67138000,0,1077595200,321368800,1903000,471100,1422919200,40808700,1466102000
2018-04-13,68800.0,68800.0,67600.0,68100.0,9031.0,-0.8733624454148471,0,0,502415800,111902400,15376000,0,530650200,68292000,614318200
2018-04-16,67800.0,68100.0,66800.0,67300.0,17054.0,-1.1747430249632893,2090800,0,863039400,280329900,96968800,2488000,1010939800,35063500,1145460100
2018-04-17,67600.0,68800.0,67100.0,68600.0,15910.0,1.9316493313521546,14496700,0,574263100,493833600,118978800,6500700,912887000,44226900,1082593400
2018-04-18,68500.0,70000.0,68300.0,70000.0,33587.0,2.0408163265306123,34800900,1455300,1493495400,789034300,714323100,11390900,1506286800,86785100,2318785900
2018-04-19,70100.0,70300.0,69300.0,70300.0,14250.0,0.4285714285714286,4617100,61365600,782220900,148234000,36190800,2589500,814503800,143153500,996437600
2018-04-20,70400.0,72300.0,70300.0,71000.0,43041.0,0.995732574679943,1494800,45676700,1913455500,1109029800,135688300,5744000,2809610200,118614300,3069656800
2018-04-23,71000.0,72100.0,69600.0,70700.0,13801.0,-0.42253521126760557,42487000,57336500,740279600,133894900,0,3580000,862941400,107476600,973998000
2018-04-24,70700.0,71200.0,69400.0,69500.0,14689.0,-1.6973125884016973,51646300,49617700,587496400,338765400,3525000,2377000,911157200,110466600,1027525800
2018-04-25,69500.0,70500.0,69400.0,70000.0,7478.0,0.7194244604316548,1323400,48140900,267987800,204359500,90943100,417000,304277500,126174000,521811600
2018-04-26,70300.0,72000.0,69900.0,71300.0,16788.0,1.8571428571428572,142100,67344400,754191600,371272400,149445800,0,882604500,160900200,1192950500
2018-04-27,71500.0,71700.0,70100.0,70800.0,8422.0,-0.7012622720897616,143200,51450700,508265800,37937800,0,0,511565700,86231800,597797500
2018-04-30,71500.0,71500.0,69500.0,70700.0,11079.0,-0.14124293785310735,35216100,141800,521179500,221211900,71432700,0,512920600,193396000,777749300
2018-05-02,70500.0,72100.0,69600.0,71800.0,21585.0,1.5558698727015559,142400,69800,1189541000,342815400,205876600,0,1262843200,63848800,1532568600
2018-05-03,71800.0,71800.0,70600.0,71300.0,7738.0,-0.6963788300835655,170808700,5048100,243500500,130944900,14771500,71300,359597800,175861600,550302200
2018-05-04,71300.0,72200.0,70900.0,71600.0,20739.0,0.42075736325385693,147087900,8734400,971045900,359104300,431605700,0,934488600,119878200,1485972500
2018-05-08,71600.0,72200.0,71100.0,71400.0,11638.0,-0.27932960893854747,33548400,0,516902800,282772500,71400,0,613030200,220122100,833223700
2018-05-09,71600.0,72000.0,69700.0,70500.0,19195.0,-1.2605042016806722,0,49622000,943079100,366164800,211300,0,863348300,495306300,1358865900
2018-05-10,70500.0,70800.0,69400.0,69700.0,7545.0,-1.1347517730496455,1818400,0,432474400,92114500,419200,92491700,375714100,57782300,526407300
2018-05-11,69600.0,70200.0,68700.0,69800.0,16137.0,0.1434720229555237,626600,138600,831056400,286005600,16564200,63211000,901853100,136198900,1117827200
2018-05-14,69800.0,70300.0,69400.0,69800.0,6800.0,0.0,22594100,3584300,357455200,92130800,75986800,0,359200000,40577600,475764400
2018-05-15,70200.0,72100.0,69700.0,70600.0,17055.0,1.146131805157593,0,42205800,858343900,313546800,121431700,0,1002978500,89686300,1214096500
2018-05-16,71300.0,71300.0,69100.0,70000.0,10222.0,-0.84985835694051,40816100,70300,609727600,61360900,213900,0,407103400,304657600,711974900
2018-05-17,69900.0,69900.0,68800.0,69500.0,6965.0,-0.7142857142857143,1179700,69300,479930100,1663300,0,6930000,371758000,104154400,482842400
2018-05-18,69500.0,69800.0,68700.0,69500.0,5102.0,0.0,46212800,0,230767500,75625300,0,49199800,260186900,43218900,352605600
2018-05-21,69400.0,69500.0,68700.0,69000.0,9457.0,-0.7194244604316548,207000,0,649982200,1239000,2752900,13760000,513358300,121557000,651428200
2018-05-23,68400.0,68700.0,67400.0,67900.0,13662.0,-1.5942028985507246,2792700,22193800,863413700,41854000,0,27400000,592609500,310244700,930254200
2018-05-24,68100.0,68300.0,67400.0,68000.0,11499.0,0.14727540500736377,3940600,0,616314500,158326000,309424400,0,298017800,171138900,778581100
2018-05-25,67000.0,67500.0,66500.0,67100.0,17196.0,-1.3235294117647058,937600,0,1141241200,7840900,68038500,0,499247800,582733400,1150019700
2018-05-28,67100.0,68000.0,67000.0,67700.0,11975.0,0.8941877794336811,541600,5280500,602514100,200505300,42185200,0,735007300,31649000,808841500
2018-05-29,67900.0,68000.0,67400.0,67800.0,7904.0,0.14771048744460857,271200,0,499656700,34731000,0,0,443378700,91280200,534658900
2018-05-30,67800.0,67800.0,66200.0,66700.0,16076.0,-1.6224188790560472,134209800,42357300,766116900,129044000,97563900,6710000,542493900,424960200,1071728000
2018-05-31,67100.0,67900.0,66300.0,67000.0,16150.0,0.4497751124437781,603739300,0,229417000,251051700,312848300,2013500,386871700,382474500,1084208000
2018-06-01,67300.0,70300.0,67300.0,70000.0,29575.0,4.477611940298507,909251400,186202400,588645200,362262600,223463400,0,1544211100,278687100,2046361600
2018-06-04,70000.0,71800.0,69000.0,71300.0,36344.0,1.8571428571428572,500382300,212168800,1395113700,471113100,286333800,0,2085309000,207135100,2578777900
2018-06-05,70900.0,71500.0,70000.0,70800.0,14706.0,-0.7012622720897616,110714900,211255900,656037500,60841200,15353700,0,748007200,275488600,1038849500
2018-06-07,71000.0,73000.0,70600.0,72700.0,38351.0,2.6836158192090394,435053700,11238000,1723793900,609390400,35305000,14624100,2469105200,260441700,2779476000
2018-06-08,72700.0,73200.0,71500.0,72400.0,19459.0,-0.41265474552957354,270242800,0,962053900,175359600,0,72900,977816600,429766800,1407656300
2018-06-11,72400.0,72800.0,70100.0,71700.0,10184.0,-0.9668508287292817,66833600,0,511858000,149501500,80736800,0,475264600,172191700,728193100
2018-06-12,71700.0,71900.0,70800.0,71200.0,4368.0,-0.697350069735007,8568900,0,223590900,79692400,568800,1575200,239294700,70413500,311852200
2018-06-14,71200.0,71600.0,70000.0,70500.0,8401.0,-0.9831460674157303,2113900,14201600,528302600,48628100,98066000,5553600,369465000,120161600,593246200
2018-06-15,70100.0,70900.0,66700.0,67400.0,57686.0,-4.397163120567376,493000000,106889700,3141772000,155864100,721315500,37921500,2055113300,1083175500,3897525800
2018-06-18,67700.0,67700.0,65700.0,66100.0,19964.0,-1.9287833827893175,22908100,18337600,1232573400,53833100,66100,67600,1120712200,206806300,1327652200
2018-06-19,66400.0,66600.0,63200.0,63700.0,37598.0,-3.6308623298033282,100593900,11897300,2187050700,133086000,10441500,0,2049813100,372373300,2432627900
2018-06-20,63700.0,64300.0,63100.0,64000.0,14783.0,0.47095761381475665,76903500,2613100,792914100,70064200,153954400,6331000,402095700,380113800,942494900
2018-06-21,63600.0,65400.0,62800.0,64100.0,28328.0,0.15625,2631000,23609100,1710970500,75005100,16806000,3687600,956702400,835019700,1812215700
2018-06-22,64600.0,65000.0,63400.0,64000.0,18182.0,-0.15600624024961,3790900,414203900,659052600,87725600,169952200,32725100,592056400,370039300,1164773000
2018-06-25,64000.0,64600.0,63300.0,64000.0,21387.0,0.0,254500,503519700,773989400,84911400,871537000,574800,267681000,222882200,1362675000
2018-06-26,63500.0,63900.0,62700.0,62900.0,18379.0,-1.7187500000000002,386560200,35686500,626490000,114679600,0,190500,693983100,469242700,1163416300
2018-06-27,63000.0,63600.0,62800.0,62900.0,14085.0,0.0,0,453751100,385010000,48363600,64809800,6290000,496178400,319846500,887124700
2018-06-28,63000.0,63100.0,62200.0,62900.0,7304.0,0.0,130405200,99739400,209606700,18981000,4970200,0,252922500,200839600,458732300
2018-06-29,62600.0,63900.0,62600.0,63600.0,11513.0,1.1128775834658187,102611000,156000200,391202100,77953100,103233300,636900,451032100,172864100,727766400
2018-07-02,63400.0,64700.0,62800.0,62800.0,21189.0,-1.257861635220126,19172800,224936800,1072609700,30091500,50604200,2186300,937772200,356248100,1346810800
2018-07-03,63000.0,63600.0,62200.0,63100.0,17629.0,0.47770700636942676,95994000,342949300,580873600,83408200,61318700,3436500,634019700,404450200,1103225100
2018-07-04,62700.0,63800.0,62700.0,63500.0,10284.0,0.6339144215530903,63500,409938300,228890000,7862500,121192400,3150000,330301400,192110500,646754300
2018-07-05,63500.0,63500.0,62500.0,62800.0,11914.0,-1.1023622047244095,13355900,388595700,306608200,40458800,107775300,15725000,445524300,179994000,749018600
2018-07-06,62900.0,63900.0,62300.0,63900.0,10266.0,1.7515923566878981,26117400,1443500,555219000,65172000,246417000,951600,369823100,30760200,647951900
2018-07-09,63700.0,64800.0,63100.0,63900.0,10168.0,0.0,0,64621600,518048300,67191100,15207800,2502100,525714500,106436600,649861000
2018-07-10,64000.0,64300.0,63600.0,64300.0,4593.0,0.6259780907668232,35760900,2236700,245388500,10434600,6323600,0,235636000,51861100,293820700
2018-07-11,63800.0,64000.0,63000.0,63100.0,5760.0,-1.8662519440124419,28190500,2978100,313059600,20722600,0,0,271914200,93036600,364950800
2018-07-12,63100.0,63500.0,62800.0,63300.0,5494.0,0.31695721077654515,758000,60589100,255604500,29200200,441900,0,247128000,98581900,346151800
2018-07-13,63300.0,64100.0,62800.0,63400.0,4941.0,0.1579778830963665,443600,1008700,282699200,29074000,12660000,320500,242353100,57891900,313225500
2018-07-16,63300.0,63800.0,62700.0,63400.0,7159.0,0.0,316200,156515900,274777300,19219500,119467700,0,201709200,129652000,450828900
2018-07-17,63400.0,63400.0,62600.0,63400.0,7140.0,0.0,49452700,50619300,329694100,19164500,0,0,267548700,181381900,448930600
2018-07-18,63500.0,63500.0,62600.0,62600.0,3426.0,-1.2618296529968454,62600,627600,214432200,0,126200,0,149478800,65517400,215122400
2018-07-19,62600.0,62900.0,60200.0,60600.0,28692.0,-3.1948881789137378,71037200,679133200,950351000,50311300,24377500,0,1282510800,443944400,1750832700
2018-07-20,60700.0,61300.0,59800.0,61000.0,7017.0,0.6600660066006601,31863100,84888900,235210600,73015700,2235000,0,343615600,79127700,424978300
2018-07-23,61000.0,61000.0,59600.0,59800.0,7917.0,-1.9672131147540985,32943900,902700,399748400,42196200,36469100,3020000,328362900,107939200,475791200
2018-07-24,59300.0,60300.0,58700.0,59900.0,12193.0,0.16722408026755853,13313000,222270000,388840900,99412200,147632300,100257200,445225000,30721600,723836100
2018-07-25,60100.0,60100.0,58700.0,59700.0,14686.0,-0.333889816360601,11843200,460392300,317200400,80572600,1712400,125198200,685074400,58023500,870008500
2018-07-26,59700.0,60000.0,59200.0,59500.0,7370.0,-0.33500837520938026,17959200,8911800,341418900,70778200,0,13707600,414821500,10539000,439068100
2018-07-27,59100.0,60300.0,59100.0,60100.0,10719.0,1.0084033613445378,56723600,62761600,378660000,140950600,120030700,0,518826700,238400,639095800
2018-07-30,60200.0,60400.0,59500.0,60200.0,4875.0,0.16638935108153077,60931300,1256900,179283500,50786500,59800,0,291295400,903000,292258200
2018-07-31,60200.0,61000.0,59700.0,60700.0,8251.0,0.8305647840531563,48241300,119700,324946700,124026500,0,8344300,438564300,50425600,497334200
2018-08-01,60500.0,61600.0,60500.0,61200.0,4927.0,0.8237232289950577,0,32540300,216055300,52628300,67459100,672300,220226600,12865900,301223900
2018-08-02,61200.0,61800.0,59800.0,59900.0,9140.0,-2.1241830065359477,12850000,2181600,471764700,66361300,93381500,61600,405282900,54431600,553157600
2018-08-03,60600.0,60800.0,59400.0,60500.0,14037.0,1.001669449081803,21041700,314003600,360894800,145412100,575796200,180600,257230900,8144500,841352200
2018-08-06,60000.0,61500.0,60000.0,60900.0,5058.0,0.6611570247933884,61785400,5391400,136681600,105082000,182700,0,308757700,0,308940400
2018-08-07,60800.0,61500.0,60200.0,60300.0,3969.0,-0.9852216748768473,8178100,2543900,210709100,19538300,75408200,0,157219600,8341600,240969400
2018-08-08,60900.0,60900.0,59800.0,59800.0,6175.0,-0.8291873963515755,606000,963400,303224500,67237400,133016900,3621800,184590300,50802300,372031300
2018-08-09,60400.0,60400.0,59400.0,59900.0,6500.0,0.16722408026755853,537400,4178700,330195200,52631800,147905700,0,233139500,6497900,387543100
2018-08-10,59900.0,60200.0,59100.0,59500.0,7910.0,-0.667779632721202,13170500,4203500,398253900,53330400,221193800,10057300,153245200,84462000,468958300
2018-08-13,58800.0,59500.0,57900.0,57900.0,18878.0,-2.689075630252101,20263500,336104400,696810900,48559400,157608100,11600000,828617000,103913100,1101738200
2018-08-14,57900.0,61200.0,57500.0,59300.0,13951.0,2.4179620034542317,700100,26503300,704864400,85515200,227592000,5707100,469719700,114564200,817583000
2018-08-16,59100.0,59600.0,58100.0,59600.0,8814.0,0.5059021922428331,294700,3690800,442630000,70945000,134793500,0,311919000,70848000,517560500
2018-08-17,59400.0,60500.0,58900.0,60300.0,10743.0,1.174496644295302,60549200,1364800,496434900,85464400,127074200,1379500,432252300,83107300,643813300
2018-08-20,60500.0,60700.0,59700.0,60500.0,4312.0,0.33167495854063017,2285400,0,248962200,9228200,0,0,237335100,23140700,260475800
2018-08-21,60300.0,60700.0,59900.0,60100.0,4674.0,-0.6611570247933884,120200,421600,280653100,60200,60156500,6020000,188377300,26701300,281255100
2018-08-22,60300.0,60400.0,59600.0,59900.0,5438.0,-0.33277870216306155,50850200,0,270491600,4996700,94524000,0,200779600,31034900,326338500
2018-08-23,59900.0,60000.0,58500.0,58500.0,17835.0,-2.337228714524207,7240100,4311300,1007812700,31109600,158070400,0,875251800,17151500,1050473700
2018-08-24,59000.0,59000.0,57800.0,58400.0,11130.0,-0.17094017094017094,234800,35176100,577055200,34312000,159061100,11660000,474534100,1522900,646778100
2018-08-27,58500.0,58900.0,58100.0,58200.0,7733.0,-0.3424657534246575,0,640700,351782600,99118800,171002800,23480000,253850800,3208500,451542100
2018-08-28,58700.0,59700.0,58400.0,59200.0,12103.0,1.718213058419244,1940400,1171000,516794500,194093900,153043400,1189000,558822800,944600,713999800
2018-08-29,59200.0,59500.0,58600.0,58900.0,6657.0,-0.5067567567567568,0,705500,357136000,34042700,185322400,0,196000500,10561300,391884200
2018-08-30,59000.0,59300.0,58500.0,59200.0,10532.0,0.5093378607809848,216808900,998400,290858300,112489300,176499500,5910900,423341900,15402600,621154900
2018-08-31,59200.0,59300.0,58500.0,58700.0,17669.0,-0.8445945945945946,492815000,293500,502868800,43277900,789206300,58900,201678100,48311900,1039255200
2018-09-03,59000.0,59200.0,58600.0,59100.0,10840.0,0.6814310051107325,180071400,645400,284398100,173047400,264483300,1767000,368379900,3532100,638162300
2018-09-04,59100.0,59100.0,57900.0,58300.0,17836.0,-1.353637901861252,0,234331600,803664600,586800,301690100,0,599917000,136975900,1038583000
2018-09-05,58300.0,58600.0,58000.0,58500.0,7224.0,0.34305317324185247,5661300,15731800,354696000,45029200,77149400,0,334281400,9687500,421118300
2018-09-06,58300.0,60200.0,58300.0,59800.0,15145.0,2.2222222222222223,296500,60552100,650077100,188033700,40539600,61509700,765883900,31026200,898959400
2018-09-07,60100.0,60100.0,59100.0,59700.0,6087.0,-0.16722408026755853,118900,177900,347609900,14961600,20511900,4211500,311685600,26459300,362868300
2018-09-10,59800.0,60000.0,59100.0,59600.0,4581.0,-0.16750418760469013,118700,653100,216361600,55579000,73523000,0,171288300,27901100,272712400
2018-09-11,59800.0,60000.0,58900.0,59600.0,6939.0,0.0,358000,237900,326335100,84894800,32181400,0,336169100,43475300,411825800
2018-09-12,59600.0,59600.0,59200.0,59600.0,6585.0,0.0,111393100,3261200,198490100,77841000,11146300,5930000,362158300,11750800,390985400
2018-09-13,59600.0,60200.0,59200.0,59300.0,16804.0,-0.5033557046979865,288859300,18247300,447737900,247269800,417838000,0,575740200,8536100,1002114300
2018-09-14,59800.0,60000.0,59100.0,59600.0,18942.0,0.5059021922428331,416605000,14751700,603649000,91336000,665559000,5940000,399738500,55104200,1126341700
2018-09-17,59800.0,59900.0,58900.0,59300.0,9469.0,-0.5033557046979865,208286000,6355300,284654700,62548100,178002000,0,353287700,30554400,561844100
2018-09-18,59100.0,59900.0,59000.0,59700.0,11061.0,0.6745362563237773,179676800,0,243090700,235530200,143104400,0,514954800,238500,658297700
2018-09-19,59800.0,60000.0,59000.0,59400.0,8708.0,-0.5025125628140703,303350600,355200,204162300,10573400,20514600,0,464141900,33785000,518441500
2018-09-20,59600.0,59700.0,58900.0,59300.0,14849.0,-0.16835016835016833,59468300,425154000,357479400,35039200,79825200,0,597408500,199907200,877140900
2018-09-21,59000.0,59900.0,59000.0,59600.0,12215.0,0.5059021922428331,204171100,54375000,365097300,100879600,46859700,0,670226800,7436500,724523000
2018-09-27,59200.0,62100.0,59200.0,61700.0,30181.0,3.523489932885906,14840000,12644000,1556286900,272644100,308371600,15756100,1511746300,20541000,1856415000
2018-09-28,61900.0,63000.0,60800.0,62900.0,13895.0,1.9448946515397085,25043900,0,812766300,28750000,149543400,17090100,645740200,54186500,866560200
2018-10-01,62000.0,62600.0,61600.0,62200.0,6698.0,-1.1128775834658187,119750600,1359000,263326900,31357800,4036000,2494900,352800700,56462700,415794300
2018-10-02,62500.0,62500.0,61500.0,61700.0,8551.0,-0.8038585209003215,31405900,29452900,461355500,5749200,116402900,310200,289470300,121780100,527963500
2018-10-04,61100.0,61400.0,59800.0,60300.0,13061.0,-2.2690437601296596,198104300,1996500,561247100,25766200,64860200,0,575217400,147036500,787114100
2018-10-05,60000.0,60700.0,59800.0,60600.0,8239.0,0.4975124378109453,217465600,60000,239121700,39359400,19483600,60500,416899600,59563000,496006700
2018-10-08,60800.0,61100.0,59800.0,59800.0,5882.0,-1.3201320132013201,92975400,1944900,221635800,39344400,40820900,6090000,246848000,62141600,355900500
2018-10-10,60000.0,60000.0,57000.0,57900.0,28105.0,-3.177257525083612,173088200,333019200,1039146900,77203600,21153300,0,1334927400,266377200,1622457900
2018-10-11,56000.0,56200.0,52800.0,52800.0,55286.0,-8.808290155440414,55130400,359684600,2490292600,99214300,498658800,15174400,2170277400,320211300,3004321900
2018-10-12,52400.0,54200.0,52300.0,54200.0,17568.0,2.6515151515151514,77480600,88162100,619078400,148789900,42839400,0,773896500,116775100,933511000
2018-10-15,54200.0,54600.0,53700.0,54500.0,6228.0,0.5535055350553505,135355900,161800,158982200,43234000,1567200,0,240980200,95186500,337733900
2018-10-16,54400.0,54500.0,53800.0,54400.0,2115.0,-0.1834862385321101,44555700,488100,62698500,6967300,1949200,0,83130000,29630400,114709600
2018-10-17,54400.0,55200.0,54400.0,54800.0,5837.0,0.7352941176470588,219400,3106900,289361100,25873800,109600,55100,299998800,18397700,318561200
2018-10-18,54700.0,55100.0,54000.0,55100.0,5918.0,0.5474452554744526,35221600,43045400,205682700,37426900,492600,0,260283700,60600300,321376600
2018-10-19,54800.0,55000.0,53600.0,55000.0,6076.0,-0.18148820326678766,64685300,488500,233270500,30882600,55921500,0,147957200,125448200,329326900
2018-10-22,54900.0,55900.0,54200.0,55600.0,5644.0,1.090909090909091,145708400,25669500,95061000,44559400,55600,55100,262888800,47998800,310998300
2018-10-23,55200.0,55700.0,54300.0,54600.0,8488.0,-1.7985611510791366,69553900,34771000,293598800,68100800,549000,0,415578100,49897400,466024500
2018-10-24,54500.0,55400.0,53600.0,54700.0,7776.0,0.18315018315018314,103368900,545500,161758300,157268100,656100,10920000,367700600,43664100,422940800
2018-10-25,53400.0,54400.0,52500.0,53200.0,20902.0,-2.742230347349177,63400900,179626800,830436200,36577500,75306300,15815800,859636200,159283100,1110041400
2018-10-26,53000.0,53900.0,51000.0,51200.0,47922.0,-3.7593984962406015,2214900,260900,2175246200,336222800,217417800,80847200,2128787500,86892300,2513944800
2018-10-29,51100.0,51900.0,48000.0,48000.0,22171.0,-6.25,75938800,3676300,896752350,128581150,74014000,1115400,901365650,128453550,1104948600
2018-10-30,47050.0,49450.0,46600.0,47900.0,19491.0,-0.20833333333333334,516537850,95500,243230300,179095650,394703800,0,419718500,124537000,938959300
2018-10-31,48100.0,50300.0,47850.0,50000.0,19414.0,4.3841336116910234,505229700,0,229712150,223869250,375646450,3463900,529569350,50131400,958811100
2018-11-01,50300.0,51100.0,49350.0,49750.0,7217.0,-0.5,25936800,3295500,258353850,74725700,163790500,699050,135599500,62222800,362311850
2018-11-02,50000.0,53400.0,50000.0,53000.0,23124.0,6.532663316582915,694833300,3328000,434616600,83394600,62919000,50700,909034900,244167900,1216172500
2018-11-05,53100.0,54200.0,51500.0,53900.0,13169.0,1.6981132075471699,158276700,3622800,304626000,231231000,160191500,156300,344178400,193230300,697756500
2018-11-06,54000.0,54600.0,53100.0,54300.0,7129.0,0.7421150278293136,159713000,33124600,140706300,49714400,93132400,54200,183600700,106471000,383258300
2018-11-07,54500.0,54700.0,52500.0,53900.0,9172.0,-0.7366482504604052,140233700,269000,235444200,116765900,159746300,0,259033900,73932600,492712800
2018-11-08,53900.0,54300.0,52800.0,53800.0,14772.0,-0.1855287569573284,364749400,0,397303200,29762500,293608000,1014900,411989700,85202500,791815100
2018-11-09,53800.0,53900.0,52500.0,52700.0,6388.0,-2.0446096654275094,176321100,105600,141734400,20344100,7414100,5891500,292585400,32614200,338505200
2018-11-12,52700.0,52700.0,51000.0,51900.0,8716.0,-1.5180265654648957,187080000,0,163542200,99654600,158226900,466300,267916600,23667000,450276800
2018-11-13,51100.0,52400.0,50000.0,51900.0,10511.0,0.0,110202500,151400,339241400,83800500,164956500,5544000,284769400,78125900,533395800
2018-11-14,51900.0,52500.0,50800.0,51700.0,5609.0,-0.3853564547206166,51700,1653900,270693100,17207400,90141900,307200,137284100,61872900,289606100
2018-11-15,51700.0,53700.0,51200.0,53700.0,13547.0,3.8684719535783367,247394700,471900,348496400,117552900,210791200,1252800,366359100,135512800,713915900
2018-11-16,53700.0,55100.0,53700.0,54900.0,20236.0,2.2346368715083798,430067000,10261900,477238700,186908800,217877600,7481700,637364300,241752800,1104476400
2018-11-19,54900.0,54900.0,53900.0,54300.0,11586.0,-1.092896174863388,215667900,0,393265600,19433500,186853100,5492200,278613800,157407900,628367000
2018-11-20,54000.0,54300.0,52000.0,53100.0,10794.0,-2.209944751381215,92170000,533700,385952000,92978800,130870500,105800,274359500,166298700,571634500
2018-11-21,52600.0,54400.0,51300.0,53600.0,12500.0,0.9416195856873822,173143300,9476600,384069700,91648900,124018100,0,281783600,252536800,658338500
2018-11-22,53500.0,53800.0,52600.0,52900.0,4710.0,-1.3059701492537312,44366300,477000,156697300,48046300,74554200,9000000,134755200,31277500,249586900
2018-11-23,52900.0,53900.0,52200.0,53500.0,8461.0,1.1342155009451798,275940100,52700,130945800,44160900,106810100,0,301316600,42972800,451099500
2018-11-26,53100.0,55700.0,53100.0,55200.0,11558.0,3.177570093457944,287472900,0,294883400,49783700,153956500,54000,466880200,11249300,632140000
2018-11-27,54900.0,55900.0,54700.0,54800.0,2903.0,-0.7246376811594203,55287400,330000,85264300,19329900,54800,0,120425000,39731800,160211600
2018-11-28,54600.0,55100.0,53700.0,55000.0,7829.0,0.36496350364963503,109358800,10800000,228215200,77155100,72458300,3605800,225007100,124457900,425529100
2018-11-29,55000.0,55500.0,53700.0,53800.0,11191.0,-2.181818181818182,96705200,818800,393369600,115353000,144411200,5490000,277161100,179184300,606246600
2018-11-30,54200.0,55100.0,53100.0,53500.0,44277.0,-0.5576208178438662,436934500,53600,151317000,1786024800,378955900,0,296793900,1698580100,2374329900
2018-12-03,54200.0,54400.0,53500.0,53600.0,6768.0,0.1869158878504673,42917700,107600,200499100,120872600,97532400,54400,157417100,109393100,364397000
2018-12-04,53600.0,54400.0,53100.0,54000.0,7694.0,0.7462686567164178,40900600,0,181002600,190991200,123664200,54100,188586600,100589500,412894400
2018-12-05,53800.0,54000.0,53200.0,53700.0,5566.0,-0.5555555555555556,83647100,214400,103810900,111158100,54542400,53900,224104300,20129900,298830500
2018-12-06,54300.0,54300.0,51900.0,52200.0,10293.0,-2.793296089385475,45437400,262500,398539300,95743500,158929000,7840000,231347600,141866100,539982700
2018-12-07,52600.0,52900.0,50700.0,52300.0,11521.0,0.19157088122605362,39570800,154500,376039000,178284800,291656800,0,277583300,24809000,594049100
2018-12-10,51700.0,52200.0,50200.0,51400.0,15030.0,-1.7208413001912046,172795800,759000,401480800,190117000,268525300,52000,307887600,188687700,765152600
2018-12-11,51500.0,51500.0,50500.0,50600.0,8380.0,-1.556420233463035,125297000,153000,161466100,138686300,101769100,50900,218683700,105098700,425602400
2018-12-12,51000.0,51300.0,50400.0,51100.0,8467.0,0.9881422924901186,46783500,0,271945700,110709600,167006500,0,249109600,13322700,429438800
2018-12-13,50900.0,51600.0,50600.0,51200.0,11448.0,0.19569471624266144,5665900,1778000,292350800,284301700,251429600,0,247474500,85192300,584096400
2018-12-14,50800.0,51600.0,49850.0,50400.0,15304.0,-1.5625,66909400,50700,565142800,138228050,335721600,2631200,287617400,144360750,770330950
2018-12-17,50500.0,50500.0,49500.0,49650.0,6954.0,-1.488095238095238,52347150,0,225652850,68943450,151435950,2400000,157916750,35190750,346943450
2018-12-18,49600.0,51400.0,49600.0,50400.0,10805.0,1.5105740181268883,3116150,0,378236450,162061250,107501350,0,343692450,92220050,543413850
2018-12-19,50000.0,51400.0,49850.0,51300.0,12324.0,1.7857142857142856,76554400,1010000,429669250,118063150,160411500,7527000,418659550,38698750,625296800
2018-12-20,51300.0,51400.0,50300.0,51100.0,7648.0,-0.3898635477582846,81371000,4066000,238840700,64302600,53703100,21869000,276688000,36320200,388580300
2018-12-21,51100.0,51100.0,50100.0,50500.0,6132.0,-1.1741682974559686,3373900,0,260782200,44920300,96659300,0,184068700,28348400,309076400
2018-12-24,50400.0,50700.0,49650.0,50200.0,6598.0,-0.594059405940594,111940500,297900,216923450,1092950,94531350,0,130319750,105403700,330254800
2018-12-26,49500.0,50200.0,49100.0,49550.0,14419.0,-1.294820717131474,152013750,49450,518033050,42320300,224582650,0,398114100,89719800,712416550
2018-12-27,49700.0,50100.0,49550.0,50000.0,4218.0,0.9081735620585267,58982850,1293700,125595900,24197850,86675000,0,88007900,35387400,210070300
2018-12-28,50100.0,50300.0,49550.0,49850.0,3051.0,-0.3,1149900,0,90297100,60845600,47429300,50300,102568350,2244650,152292600
2019-01-02,49900.0,50200.0,49250.0,49450.0,3215.0,-0.802407221664995,48773000,397300,77031200,33453700,24893550,1235000,83089050,50437600,159655200
2019-01-03,49200.0,49700.0,48350.0,48800.0,6338.0,-1.314459049544995,91177250,98800,154973900,63355900,87014450,5358000,111721950,105511450,309605850
2019-01-04,48450.0,49500.0,47950.0,48700.0,10482.0,-0.20491803278688525,190915950,144800,262956350,53987050,94864900,0,313470450,99668800,508004150
2019-01-07,48700.0,51400.0,48700.0,50900.0,14174.0,4.517453798767967,363092150,5100000,173444600,177756350,144290300,2761000,473479900,98861900,719393100
2019-01-08,50400.0,53700.0,50400.0,52400.0,21394.0,2.9469548133595285,267362400,0,693317000,163127500,233509100,0,809313100,80984700,1123806900
2019-01-09,52300.0,53800.0,52200.0,53000.0,12034.0,1.1450381679389312,272474500,6546800,293389900,66251100,109446400,2665000,499810500,26740400,638662300
2019-01-10,53000.0,53500.0,51900.0,53200.0,5546.0,0.37735849056603776,76236500,5378300,139380000,70983300,84391100,3703000,161362200,42521800,291978100
2019-01-11,53200.0,53500.0,52700.0,53300.0,3703.0,0.18796992481203006,15581700,0,76522800,104341800,67315100,0,101254300,27876900,196446300
2019-01-14,53300.0,53300.0,52300.0,52400.0,3240.0,-1.6885553470919326,63586000,211800,106950600,105700,31645200,2650000,73475300,63083600,170854100
2019-01-15,52400.0,53500.0,51700.0,52700.0,11319.0,0.5725190839694656,249794900,48807600,236654000,61129800,13894500,4264000,525648100,52579700,596386300
2019-01-16,53400.0,54100.0,52700.0,53700.0,6812.0,1.8975332068311195,901000,0,308236600,55650000,135418900,0,183577400,45791300,364787600
2019-01-17,54000.0,54300.0,53200.0,54000.0,8433.0,0.5586592178770949,83067800,53400,364738700,5484100,38338500,0,296687200,118318300,453344000
2019-01-18,53500.0,55000.0,53400.0,54200.0,18227.0,0.3703703703703704,70870200,34995500,851138800,34060000,63381900,0,748764600,178918000,991064500
2019-01-21,54700.0,57100.0,54600.0,56800.0,25631.0,4.797047970479705,125541800,104847900,1106456400,98006000,82300700,0,1206352200,146199200,1434852100
2019-01-22,56800.0,59100.0,56800.0,58200.0,25273.0,2.464788732394366,119332600,11708000,1249627800,88550500,200114700,2302000,1174684600,92117600,1469218900
2019-01-23,58100.0,60200.0,56700.0,60200.0,23962.0,3.436426116838488,133474100,1351500,1173499800,108797500,105479900,4070500,1129953800,177618700,1417122900
2019-01-24,59800.0,61000.0,59700.0,60800.0,11384.0,0.9966777408637874,298424600,3030000,356107100,31485700,7905300,6912000,575431200,98798900,689047400
2019-01-25,61000.0,61000.0,59600.0,60400.0,6658.0,-0.6578947368421052,143516100,358200,211769000,44586700,19918700,3203000,331677300,45431000,400230000
2019-01-28,60300.0,60700.0,59200.0,60300.0,13808.0,-0.16556291390728478,307029800,10889500,439623100,70775800,110281800,5142900,630259300,82634200,828318200
2019-01-29,60500.0,60500.0,59600.0,60400.0,5782.0,0.16583747927031509,156136100,30508900,139740600,21460300,21872800,3981800,300612400,21378900,347845900
2019-01-30,60400.0,60400.0,59200.0,59800.0,12188.0,-0.9933774834437087,108323000,16244100,564848800,39789100,152170600,2826600,554649500,19558300,729205000
2019-01-31,59200.0,61500.0,59200.0,61500.0,15158.0,2.842809364548495,318659400,5604200,486791200,105038900,25340100,41711400,763492600,85549600,916093700
2019-02-01,61500.0,61500.0,60000.0,60000.0,7329.0,-2.4390243902439024,125841600,0,260766800,59293600,154637700,7351000,192647900,91265400,445902000
2019-02-07,60200.0,61200.0,59000.0,61200.0,7835.0,2.0,16552600,2161500,330145200,120988900,26980000,8831100,382633100,51404000,469848200
2019-02-08,61000.0,61000.0,59200.0,60000.0,12483.0,-1.9607843137254901,27598500,4497200,617413400,97722600,89826900,120700,579816900,77467200,747231700
2019-02-11,59700.0,59700.0,57800.0,59300.0,15452.0,-1.1666666666666667,78003700,2534400,704604300,118413100,167361400,0,530871300,205322800,903555500
2019-02-12,59000.0,60200.0,58800.0,59600.0,9377.0,0.5059021922428331,191169600,0,298605200,68878200,96036600,0,285613000,177003400,558653000
2019-02-13,59200.0,60000.0,58800.0,59800.0,6607.0,0.33557046979865773,201113400,0,144296500,47202100,52195800,0,252611200,87805000,392612000
2019-02-14,59800.0,59900.0,58800.0,59300.0,3367.0,-0.8361204013377926,19670000,59500,153721900,25763900,13005500,5748000,136699900,43761900,199215300
2019-02-15,59400.0,59800.0,58000.0,58400.0,7612.0,-1.5177065767284992,15372100,116300,408165500,22061500,19336500,0,362518000,63860900,445715400
2019-02-18,59000.0,59300.0,58000.0,58500.0,4091.0,0.17123287671232876,1289300,116800,178430800,59620500,15528700,0,195057500,28871200,239457400
2019-02-19,58600.0,58600.0,57100.0,58000.0,4099.0,-0.8547008547008548,7272000,576100,213063700,16142500,39542800,0,148341200,49170300,237054300
2019-02-20,57900.0,58000.0,57000.0,57000.0,8401.0,-1.7241379310344827,6020800,0,418035800,56638000,8043600,0,442299100,30351900,480694600
2019-02-21,57000.0,57500.0,56800.0,57300.0,4154.0,0.5263157894736842,1948200,285500,194836700,40272900,2223800,0,190506100,44613400,237343300
2019-02-22,57400.0,57400.0,55000.0,55700.0,27190.0,-2.7923211169284468,36700600,55500,1240068800,238653800,47302400,0,1396044300,72132000,1515478700
2019-02-25,56100.0,57000.0,55700.0,56600.0,7348.0,1.615798922800718,161908300,0,176760300,77283500,43303400,0,325649400,46999300,415952100
2019-02-26,57000.0,57000.0,56300.0,56800.0,5423.0,0.35335689045936397,25556600,1077300,220370600,60474100,53492600,0,223490900,30495100,307478600
2019-02-27,56800.0,56800.0,55800.0,56400.0,4591.0,-0.7042253521126761,14998900,0,203281600,39695200,11913400,730800,197201200,48130300,257975700
2019-02-28,56600.0,56700.0,55200.0,55700.0,6529.0,-1.2411347517730498,42143500,56200,300946800,21862100,34857200,0,158465700,171685700,365008600
2019-03-04,55700.0,56000.0,54800.0,55300.0,9249.0,-0.718132854578097,5291400,0,462557800,43319700,6626000,2780000,390778100,110984800,511168900
2019-03-05,55300.0,55900.0,54700.0,55800.0,5299.0,0.9041591320072333,13731600,164400,230086100,49437200,2169200,0,189319400,101930700,293419300
2019-03-06,55800.0,56300.0,55400.0,56300.0,3814.0,0.8960573476702508,3962000,19195200,148322300,41660400,32666700,2780000,134609700,43083500,213139900
2019-03-07,56300.0,56300.0,55300.0,55400.0,2690.0,-1.5985790408525755,21922400,0,121405300,6415700,1390800,0,83061000,65291600,149743400
2019-03-08,55200.0,55800.0,54900.0,55300.0,5501.0,-0.18050541516245489,83783100,0,194590600,25405600,9951400,0,232602200,61225700,303779300
2019-03-11,55000.0,56200.0,54800.0,56200.0,4030.0,1.62748643761302,95481800,54800,126186300,2090000,9915400,2755000,154636800,56505700,223812900
2019-03-12,56400.0,56600.0,55500.0,55500.0,3880.0,-1.2455516014234875,72678600,559700,102781000,41623300,22501500,113200,149209300,45818600,217642600
2019-03-13,55900.0,56600.0,55400.0,56000.0,5046.0,0.9009009009009009,107695500,506000,144137700,31070400,99140400,0,127042000,57227200,283409600
2019-03-14,56400.0,58600.0,56200.0,57600.0,10239.0,2.857142857142857,138256700,0,389698600,59717300,157650300,0,348348600,81673700,587672600
2019-03-15,57200.0,57700.0,56000.0,56400.0,13295.0,-2.083333333333333,81202600,452800,598443600,69792400,356065000,0,285483900,108342500,749891400
2019-03-18,56300.0,56800.0,55300.0,55700.0,11372.0,-1.2411347517730498,70225200,56700,519642000,44510100,310191000,6513500,273853100,43876400,634434000
2019-03-19,55700.0,56500.0,55500.0,56400.0,6625.0,1.2567324955116697,58400600,11215600,202097100,98434600,135384900,3682800,218556100,12524100,370147900
2019-03-20,56200.0,56600.0,55200.0,55500.0,5778.0,-1.5957446808510638,81054400,0,195790700,44339400,89617100,0,196750400,34817000,321184500
2019-03-21,55500.0,55700.0,54200.0,54500.0,7747.0,-1.8018018018018018,7884300,0,402612000,14228200,49970800,56386700,253713300,64653700,424724500
2019-03-22,54600.0,54600.0,53200.0,53500.0,9142.0,-1.834862385321101,14846700,108400,437305500,38033800,30037000,26489000,367378700,66389700,490294400
2019-03-25,53500.0,53500.0,51900.0,52500.0,8913.0,-1.8691588785046727,138394700,52400,258546700,71132300,9504400,1415000,411264200,45942500,468126100
2019-03-26,53200.0,53800.0,52600.0,53800.0,4300.0,2.4761904761904763,86543400,0,94567300,48677100,9008900,19641600,172943900,28193400,229787800
2019-03-27,53900.0,54500.0,53700.0,54500.0,1700.0,1.3011152416356877,1685400,0,82939000,7501600,218000,54100,76730700,15123200,92126000
2019-03-28,54500.0,54500.0,53000.0,53700.0,2420.0,-1.4678899082568808,11124400,0,111811200,6609200,10294100,29329200,42647600,47273900,129544800
2019-03-29,53600.0,53800.0,52800.0,53100.0,4658.0,-1.1173184357541899,11983200,10673200,222328500,2336500,68108300,15900000,127303000,36010100,247321400
2019-04-01,52800.0,54000.0,52800.0,53100.0,7861.0,0.0,51560900,0,321844300,45079800,71609300,10069400,309694000,27112300,418485000
2019-04-02,53600.0,53600.0,52600.0,53000.0,4518.0,-0.18832391713747645,68142400,0,158157700,14044000,59255000,0,153252300,27836800,240344100
2019-04-03,53000.0,53500.0,52800.0,53500.0,4716.0,0.9433962264150944,87025900,52800,101795100,62330500,12505300,0,203510000,35189000,251204300
2019-04-04,53500.0,55500.0,53400.0,54800.0,6628.0,2.4299065420560746,99681400,0,241202400,20906600,17514500,8949300,313317500,22009100,361790400
2019-04-05,54800.0,55100.0,54100.0,54700.0,2482.0,-0.18248175182481752,3173000,54200,132158500,218800,7312300,0,69123600,59168600,135604500
2019-04-08,54700.0,56300.0,54000.0,56200.0,9943.0,2.742230347349177,43960100,5651200,493209900,9643300,28130400,3080000,390937700,130316400,552464500
2019-04-09,56200.0,56200.0,55300.0,55900.0,5010.0,-0.5338078291814947,111494600,2566200,164617800,557700,76189400,0,125693300,77353600,279236300
2019-04-10,55900.0,57300.0,55600.0,57000.0,12188.0,1.9677996422182469,165125400,2943300,502761400,22269800,67305400,2780000,549350200,73664300,693099900
2019-04-11,56600.0,58000.0,56600.0,57400.0,12895.0,0.7017543859649122,162583900,5743000,539244100,29726700,137068100,0,481026000,119203600,737297700
2019-04-12,57800.0,58400.0,57000.0,58400.0,11715.0,1.7421602787456445,182975100,2900000,469060900,24254800,141676600,463000,411710000,125341200,679190800
2019-04-15,58600.0,58800.0,57300.0,57800.0,8182.0,-1.0273972602739725,19799900,0,446992800,7112900,138289200,345600,235505500,99765300,473905600
2019-04-16,57800.0,58000.0,57000.0,57500.0,7555.0,-0.5190311418685121,2187200,25778100,378866900,27280300,116920600,115800,199347700,117728400,434112500
2019-04-17,58000.0,58600.0,57400.0,58000.0,14262.0,0.8695652173913043,322811000,0,382865400,124766200,205853400,3073700,517744700,103770800,830442600
2019-04-18,58000.0,58800.0,56300.0,56900.0,17124.0,-1.896551724137931,100259600,5249900,802592600,68532800,209205100,0,662187100,105242700,976634900
2019-04-19,57200.0,57200.0,56000.0,56300.0,5712.0,-1.054481546572935,96300400,2540700,208306800,15564100,191929400,0,94460600,36322000,322712000
2019-04-22,56300.0,57300.0,56000.0,56900.0,5252.0,1.0657193605683837,96446600,113000,128309700,72519000,18810300,0,235762100,42815900,297388300
2019-04-23,56900.0,57000.0,56100.0,56800.0,3558.0,-0.17574692442882248,58815500,113400,96596900,45656500,59083000,0,113842600,28256700,201182300
2019-04-24,56800.0,61100.0,56300.0,58800.0,39456.0,3.5211267605633805,139802500,58249800,1923876300,228080300,86496500,1923000,2105329100,156260300,2350008900
2019-04-25,59300.0,59600.0,57700.0,57900.0,22155.0,-1.530612244897959,132045000,2075500,1092032600,74028300,363010400,15492600,703412900,218265500,1300181400
2019-04-26,58300.0,58300.0,56200.0,56600.0,12270.0,-2.2452504317789295,13069500,0,646111700,36153600,305601000,57700,361203100,28473000,695334800
2019-04-29,56600.0,57900.0,56500.0,57700.0,4217.0,1.9434628975265018,128016100,0,107577100,6122200,71360900,0,157791900,12562600,241715400
2019-04-30,57700.0,59000.0,56700.0,59000.0,9005.0,2.2530329289428077,75069700,287500,424078800,19707100,112002500,0,274141200,132999400,519143100
2019-05-02,58800.0,60500.0,58400.0,59900.0,16367.0,1.5254237288135595,422170000,0,501706400,56315000,195843800,39766100,577395100,167186400,980191400
2019-05-03,59500.0,60000.0,59000.0,59400.0,3756.0,-0.8347245409015025,19204900,0,201741700,1736400,67815500,1859200,61539100,91469200,222683000
2019-05-07,58600.0,59400.0,57700.0,59100.0,8046.0,-0.5050505050505051,83120000,0,336597100,48317700,73967300,0,248917000,145150500,468034800
2019-05-08,58700.0,59000.0,58000.0,58900.0,5514.0,-0.338409475465313,100728800,0,211792700,9525700,87414400,2925000,132472000,99235800,322047200
2019-05-09,58900.0,58900.0,56900.0,57800.0,12847.0,-1.8675721561969438,376011000,58100,342244200,21975700,132818400,0,394996700,212473900,740289000
2019-05-10,57700.0,57700.0,55700.0,56400.0,14652.0,-2.422145328719723,44429900,0,674916400,106642500,358848800,0,330173900,136966100,825988800
2019-05-13,56600.0,56600.0,55100.0,55600.0,7499.0,-1.4184397163120568,75672700,0,335097500,6882300,58037600,11110000,262172700,86332200,417652500
2019-05-14,55600.0,55700.0,54500.0,55600.0,6579.0,0.0,149724200,54700,210590900,2527600,62249400,11060000,174789100,114798900,362897400
2019-05-15,55600.0,56300.0,55100.0,56100.0,4930.0,0.8992805755395683,21244300,1571500,222102600,30241400,59769400,0,141006500,74383900,275159800
2019-05-16,56400.0,56500.0,54500.0,55100.0,7637.0,-1.7825311942959003,50701600,65037700,271163200,34401600,122682000,0,210016200,88605900,421304100
2019-05-17,55600.0,56300.0,55000.0,55600.0,8768.0,0.9074410163339384,234924700,0,220939800,30904700,74853900,0,306460600,105454700,486769200
2019-05-20,55600.0,56100.0,53400.0,54300.0,5594.0,-2.338129496402878,7262100,53900,283587500,12916900,74239800,0,174945300,54635300,303820400
2019-05-21,54300.0,54700.0,53300.0,54600.0,6171.0,0.5524861878453038,140388500,34227200,142403500,16306800,63321200,0,158940500,111064300,333326000
2019-05-22,54700.0,54700.0,53400.0,54100.0,6244.0,-0.9157509157509158,59317000,0,225012300,52201400,163595700,0,116216200,56718800,336530700
2019-05-23,54400.0,54400.0,53100.0,54100.0,5696.0,0.0,77419500,2788500,166968900,58152300,59486600,0,214771300,31071300,305329200
2019-05-24,54100.0,55000.0,53400.0,54800.0,7467.0,1.2939001848428837,122488300,16907400,238261800,24340200,62322000,5360000,258880800,75434900,401997700
2019-05-27,54900.0,54900.0,53700.0,54200.0,4432.0,-1.094890510948905,120947700,5111200,96207100,17937500,2927000,108600,165577000,71590900,240203500
2019-05-28,54600.0,55200.0,54000.0,55100.0,4910.0,1.6605166051660518,93495100,5063600,154865000,15329000,384500,0,245144900,23223300,268752700
2019-05-29,55100.0,55100.0,53900.0,54500.0,3698.0,-1.0889292196007259,52968100,4464400,134367400,9112000,5350600,0,97179200,98382100,200911900
2019-05-30,55000.0,55000.0,53300.0,55000.0,6436.0,0.9174311926605505,63692900,8023700,254915100,21241400,19689500,0,242408200,85775400,347873100
2019-05-31,54800.0,55200.0,53200.0,53200.0,28943.0,-3.272727272727273,257078200,1743900,1034118900,264235800,886895700,0,547835200,122445900,1557176800
2019-06-03,53400.0,53800.0,53100.0,53700.0,3962.0,0.9398496240601504,20731400,0,151884100,39350600,18834100,53800,176782400,16295800,211966100
2019-06-04,53900.0,54000.0,52000.0,53400.0,20629.0,-0.5586592178770949,63143500,20038400,827538200,173964900,138020300,0,758013800,188650900,1084685000
2019-06-05,53200.0,53800.0,52700.0,53600.0,7359.0,0.37453183520599254,22436800,0,322679800,46702300,4969900,0,334274000,52575000,391818900
2019-06-07,53800.0,54600.0,53300.0,54400.0,5068.0,1.4925373134328357,136783700,0,61609100,75796100,22839300,0,232813800,18535800,274188900
2019-06-10,54700.0,55100.0,54200.0,54800.0,4084.0,0.7352941176470588,107709900,0,86558100,29365800,25322900,109800,175351100,22850000,223633800
2019-06-11,54800.0,55000.0,54500.0,54900.0,4578.0,0.18248175182481752,40364300,5450000,153230300,51463300,61018700,0,157759000,31730200,250507900
2019-06-12,55100.0,55100.0,54000.0,54600.0,4228.0,-0.546448087431694,35430600,163200,161582900,32582700,82636200,0,127714200,19409000,229759400
2019-06-13,54700.0,55600.0,54000.0,55400.0,6114.0,1.465201465201465,208903100,55200,87446900,38422500,58330000,0,225803500,50694200,334827700
2019-06-14,55500.0,55500.0,54500.0,54500.0,5013.0,-1.6245487364620936,62711900,0,150559500,60908500,82232800,110000,157142600,34694500,274179900
2019-06-17,54800.0,54900.0,53800.0,54400.0,2480.0,-0.1834862385321101,6716700,0,112901600,14591200,34306000,1680300,61576400,36646800,134209500
2019-06-18,54600.0,54600.0,53700.0,54300.0,2765.0,-0.1838235294117647,7117900,0,102421500,39835100,41989700,0,65146800,42238000,149374500
2019-06-19,54300.0,54900.0,53000.0,53600.0,5398.0,-1.289134438305709,4922200,0,281968700,2522500,5190200,107400,247597200,36518600,289413400
2019-06-20,53900.0,54300.0,53700.0,54100.0,2575.0,0.9328358208955223,52093100,1623800,47751200,37644400,5017100,1836000,124576100,7683300,139112500
2019-06-21,54500.0,54500.0,53400.0,54100.0,3967.0,0.0,7116800,0,188307600,17727800,42672100,0,148275200,22204900,213152200
2019-06-24,54100.0,54400.0,52700.0,53200.0,7785.0,-1.6635859519408502,13765300,2460100,378370200,19237400,129324800,0,213989800,70518400,413833000
2019-06-25,53400.0,53400.0,52500.0,53100.0,5454.0,-0.18796992481203006,64854300,1322400,184675900,37623600,68137600,1584000,166298300,52456300,288476200
2019-06-26,53400.0,53400.0,52000.0,52500.0,10168.0,-1.1299435028248588,30143000,0,437288700,63743900,236707400,0,243835800,50632400,531175600
2019-06-27,52500.0,52800.0,51600.0,52100.0,9496.0,-0.7619047619047619,45740800,0,353796200,94489200,153134800,0,289599000,51292400,494026200
2019-06-28,52100.0,52100.0,50500.0,51400.0,12506.0,-1.3435700575815739,23409600,153300,572600200,40457400,170302500,0,404551300,61766700,636620500
2019-07-01,51400.0,51800.0,51000.0,51600.0,5709.0,0.38910505836575876,11983000,7170100,249184400,24146900,66514300,5622000,191133900,29214200,292484400
2019-07-02,51600.0,52300.0,51400.0,52200.0,4866.0,1.1627906976744187,2646300,7735000,190015000,51083700,99467700,51600,129741000,22219700,251480000
2019-07-03,52000.0,52500.0,51800.0,52100.0,5967.0,-0.19157088122605362,5262100,0,295402200,9913800,60267500,0,208705400,41605200,310578100
2019-07-04,51900.0,52500.0,50400.0,51500.0,8664.0,-1.1516314779270633,7133200,0,398420600,37525900,102443400,0,317834500,22801800,443079700
2019-07-05,51500.0,51900.0,50800.0,51700.0,5259.0,0.3883495145631068,7997100,0,222553600,39013900,56551100,0,196209500,16804000,269564600
2019-07-08,51700.0,51700.0,50600.0,51200.0,6803.0,-0.9671179883945842,20595700,0,289067900,36765500,63377900,0,222897300,60153900,346429100
2019-07-09,50700.0,51200.0,50100.0,50800.0,11708.0,-0.78125,33363700,99943100,444507900,14578100,91145500,0,389263800,111983500,592392800
2019-07-10,51000.0,51300.0,50600.0,50900.0,1588.0,0.19685039370078738,661000,0,62496900,17547800,3407800,508000,46418500,30371400,80705700
2019-07-11,50900.0,51200.0,50700.0,51100.0,5205.0,0.3929273084479371,41145600,0,208371400,15589900,32524000,0,192557300,40025600,265106900
2019-07-12,51100.0,51500.0,50600.0,51500.0,4183.0,0.7827788649706457,26831600,91157800,93130100,1675500,27123800,0,142597600,43073600,212795000
2019-07-15,51500.0,51500.0,50300.0,51000.0,8150.0,-0.9708737864077669,10141800,225470900,175395000,2023800,67973700,507000,271910300,72640500,413031500
2019-07-16,51000.0,51200.0,50200.0,50800.0,3610.0,-0.39215686274509803,101400,0,182248300,152600,41481900,0,115164100,25856300,182502300
2019-07-17,50700.0,50800.0,49200.0,49850.0,14160.0,-1.8700787401574805,32760400,228385200,442310400,49450,100041400,0,508884300,94579750,703505450
2019-07-18,49900.0,50200.0,49700.0,49850.0,3050.0,0.0,54932400,0,80894700,16243350,199400,0,134939650,16931400,152070450
2019-07-19,49850.0,50400.0,49200.0,50300.0,7181.0,0.9027081243731194,52001500,0,254333000,52156850,75747150,0,274544400,8199800,358491350
2019-07-22,50300.0,50500.0,49600.0,50000.0,1985.0,-0.5964214711729622,8090300,0,86853750,3975400,18791300,0,63417500,16710650,98919450
2019-07-23,50000.0,50500.0,49350.0,49400.0,3045.0,-1.2,7540100,0,142202500,1188750,11168400,0,122731600,17031350,150931350
2019-07-24,49350.0,49600.0,48750.0,49200.0,5164.0,-0.4048582995951417,63718800,0,188508700,1421900,31608850,49450,189491800,32499300,253649400
2019-07-25,49150.0,49150.0,47500.0,48000.0,16831.0,-2.4390243902439024,105334800,209492550,479150750,11810000,37549350,0,650911400,117327350,805788100
2019-07-26,47200.0,47900.0,46650.0,47000.0,6876.0,-2.083333333333333,13001950,1594600,301651850,6615900,11379700,0,279450250,32034350,322864300
2019-07-29,46650.0,47100.0,45250.0,45250.0,13460.0,-3.723404255319149,35480450,109091100,452563550,18336800,80806050,0,466691850,67974000,615471900
2019-07-30,45000.0,45700.0,45000.0,45050.0,4621.0,-0.44198895027624313,12418050,0,184216350,12589250,2771450,0,187738100,18714100,209223650
2019-07-31,45000.0,45150.0,44350.0,45000.0,4571.0,-0.11098779134295228,16427050,492250,135431450,52261800,39100250,402550,104382450,60727300,204612550
2019-08-01,44350.0,44900.0,44300.0,44750.0,7577.0,-0.5555555555555556,82211500,0,249278500,6466800,26036300,48667850,158381100,104871550,337956800
2019-08-02,44500.0,44750.0,44050.0,44500.0,5017.0,-0.5586592178770949,61897300,0,160647850,176500,21699800,88300,138745800,62187750,222721650
2019-08-05,44500.0,44500.0,41500.0,41800.0,18620.0,-6.067415730337078,64849400,38104700,637578300,48462050,40109750,2964500,650600200,95320000,788994450
2019-08-06,40950.0,43350.0,40550.0,41900.0,16147.0,0.23923444976076555,60872400,813200,542983150,77764850,1609950,252150,617256050,63315450,682433600
2019-08-07,41500.0,44200.0,41500.0,42900.0,20127.0,2.386634844868735,10922150,10714850,707840200,137538900,19040950,0,816045550,31929600,867016100
2019-08-08,42450.0,43500.0,42450.0,43450.0,3852.0,1.282051282051282,28456800,4342500,114818950,19124200,9156150,17289900,119527100,20769300,166742450
2019-08-09,43450.0,44700.0,43400.0,44650.0,5855.0,2.761795166858458,21447900,0,215324950,22281400,8163900,0,154871700,96018650,259054250
2019-08-12,44350.0,44650.0,43500.0,44200.0,3515.0,-1.007838745800672,16778250,0,117622050,20733400,16331300,0,86469900,52332500,155133700
2019-08-13,44300.0,44300.0,43000.0,43100.0,6896.0,-2.48868778280543,54646800,0,207061700,36802550,48550100,0,228941450,21019500,298511050
2019-08-14,43300.0,45450.0,43300.0,44250.0,16574.0,2.668213457076566,54751700,0,586230700,93848500,40918450,0,632320200,61592250,734830900
2019-08-16,43400.0,43600.0,42250.0,42850.0,11254.0,-3.1638418079096042,11877300,128400,424712500,46001950,92783250,9323800,265334500,115278600,482720150
2019-08-19,42950.0,43500.0,42450.0,43000.0,4461.0,0.3500583430571762,2027350,0,147446850,42566350,22968050,3205550,146369250,19497700,192040550
2019-08-20,43100.0,43400.0,42050.0,42600.0,5995.0,-0.9302325581395349,8694050,169800,235825800,9818000,73446300,2678200,171087800,7295350,254507650
2019-08-21,42300.0,42600.0,42050.0,42050.0,5881.0,-1.2910798122065728,5611800,0,232553800,9726850,18633750,2659700,188506300,38092700,247892450
2019-08-22,42150.0,42250.0,41800.0,41800.0,2563.0,-0.5945303210463734,5669650,0,97210250,4617800,34642850,3857300,52874950,16122600,107497700
2019-08-23,41800.0,42000.0,41400.0,41450.0,5637.0,-0.8373205741626795,24012700,0,181239800,29530350,21756700,3648350,148818400,60559400,234782850
2019-08-26,40950.0,41300.0,40200.0,40300.0,7356.0,-2.7744270205066344,32330500,0,259296500,6262300,65420050,2756600,193103300,36609350,297889300
2019-08-27,40500.0,40800.0,39250.0,39900.0,10919.0,-0.9925558312655087,12484600,0,396467400,26126250,43138750,0,345674300,46265200,435078250
2019-08-28,40000.0,40600.0,39500.0,40550.0,5836.0,1.6290726817042605,7270500,0,205590150,22718700,8401700,0,215098450,12079200,235579350
2019-08-29,40600.0,40700.0,40050.0,40100.0,2462.0,-1.1097410604192355,39637600,0,39120550,20509500,17843100,0,74536900,6887650,99267650
2019-08-30,40250.0,41700.0,40250.0,41500.0,4553.0,3.4912718204488775,6415150,0,158336700,23263700,5071300,0,172277800,10666450,188015550
2019-09-02,41500.0,42600.0,41500.0,42200.0,3299.0,1.6867469879518073,9249750,0,119857850,9654050,9634700,0,108869100,20257850,138761650
2019-09-03,41900.0,42400.0,41150.0,41250.0,4314.0,-2.251184834123223,4289300,412000,167154950,7900300,19956500,0,140629050,19171000,179756550
2019-09-04,41300.0,41750.0,41200.0,41650.0,1121.0,0.9696969696969697,123700,0,42046200,4354500,3161700,0,42286200,1076500,46524400
2019-09-05,41650.0,42050.0,41300.0,41500.0,3795.0,-0.36014405762304924,15383050,0,111365250,31833100,19191900,0,114517050,24872450,158581400
2019-09-06,41950.0,42100.0,41300.0,41950.0,3268.0,1.0843373493975903,11512150,77975700,40239400,6951350,36292750,0,69377850,31008000,136678600
2019-09-09,42000.0,42200.0,41750.0,42000.0,5097.0,0.11918951132300357,16455050,101267000,44335900,51821400,8484150,0,151388950,54006250,213879350
2019-09-10,42100.0,42250.0,41600.0,42000.0,1701.0,0.0,12248400,41850,52690800,6197150,8942700,9633250,46321500,6280750,71178200
2019-09-11,42050.0,42500.0,41650.0,42500.0,5258.0,1.1904761904761905,4497250,0,189569750,27267500,7994000,0,187597150,25743350,221334500
2019-09-16,42500.0,43350.0,42400.0,42850.0,4335.0,0.823529411764706,17981850,0,148723850,19311700,7366650,0,172962500,5688250,186017400
2019-09-17,45000.0,45350.0,43000.0,43650.0,67766.0,1.8669778296382729,800439250,0,1951285150,226620300,838983550,0,1774638900,364722250,2978344700
2019-09-18,44950.0,44950.0,42550.0,43600.0,41697.0,-0.11454753722794961,210574000,17802900,1554960100,35396150,327387600,0,979879900,511465650,1818733150
2019-09-19,43700.0,43700.0,42900.0,42900.0,9116.0,-1.6055045871559634,1030300,0,353271850,38618600,518050,0,372758800,19643900,392920750
2019-09-20,42900.0,43200.0,42000.0,42550.0,7636.0,-0.8158508158508158,56050600,0,245228950,24472200,86165150,0,211973700,27612900,325751750
2019-09-23,42000.0,42500.0,42000.0,42250.0,3930.0,-0.7050528789659225,2149450,2105000,132773550,28463800,21435450,0,142664900,1391450,165491800
2019-09-24,42950.0,43800.0,41750.0,42450.0,15857.0,0.4733727810650888,60064050,0,563161300,47345150,92197250,0,480515850,97857400,670570500
2019-09-25,42450.0,43000.0,42050.0,42950.0,12948.0,1.1778563015312131,182522100,5136000,268402800,98036300,48832700,0,502576750,2687750,554097200
2019-09-26,44100.0,44750.0,42850.0,43150.0,46231.0,0.46565774155995343,16093350,9522700,1820911350,168088800,709487850,4420000,1122011550,178696800,2014616200
2019-09-27,43450.0,44000.0,42800.0,43150.0,10852.0,0.0,49453150,0,342956350,77227400,3074500,0,438022450,28539950,469636900
2019-09-30,43150.0,43150.0,42050.0,42550.0,8339.0,-1.3904982618771726,113366450,0,211945800,27603300,6994700,0,284152850,61768000,352915550
2019-10-01,42550.0,42550.0,42000.0,42300.0,5726.0,-0.5875440658049353,50032500,0,164298250,27502550,7124450,0,223466950,11241900,241833300
2019-10-02,41950.0,42600.0,41950.0,42050.0,4750.0,-0.5910165484633569,88797900,0,85152350,26773350,15800250,0,139587150,45336200,200723600
2019-10-04,41950.0,42100.0,40950.0,41000.0,6592.0,-2.4970273483947683,77712400,0,181129200,14297600,22115200,0,211432150,39591850,273139200
2019-10-07,41450.0,41450.0,40200.0,40850.0,4881.0,-0.3658536585365854,5163250,0,182252800,10652450,11318350,0,171099600,15650550,198068500
2019-10-08,40250.0,40850.0,40100.0,40500.0,11450.0,-0.8567931456548347,118621550,0,273605950,70400300,118640250,40600,294216400,49730550,462627800
2019-10-10,40200.0,40700.0,39650.0,40050.0,10824.0,-1.1111111111111112,152917750,0,261846600,18184150,112241900,0,242367800,78338800,432948500
2019-10-11,40200.0,40450.0,39650.0,40150.0,6292.0,0.24968789013732834,90783950,0,141762650,19963050,40337550,0,195028050,17144050,252509650
2019-10-14,40150.0,41250.0,40000.0,40950.0,9219.0,1.9925280199252802,84973200,0,157000800,133301950,30844250,40450,283460950,60930300,375275950
2019-10-15,40800.0,41550.0,40800.0,41350.0,3311.0,0.9768009768009768,206750,0,98240250,38405700,12850400,0,121034900,2967400,136852700
2019-10-16,41350.0,41650.0,41000.0,41400.0,4313.0,0.12091898428053204,52640100,0,71857600,54005400,12888150,0,146780300,18834650,178503100
2019-10-17,41400.0,42000.0,40500.0,40500.0,6515.0,-2.1739130434782608,26890500,0,198243900,42323350,88323150,19783850,93543050,65807700,267457750
2019-10-18,40300.0,40850.0,40050.0,40400.0,4108.0,-0.24691358024691357,4422350,0,158611650,2974000,34339750,0,78806100,52862150,166008000
2019-10-21,40400.0,40500.0,40050.0,40150.0,2578.0,-0.6188118811881188,4276150,1732900,76018800,21680100,18872450,0,66072750,18762750,103707950
2019-10-22,40150.0,40300.0,39900.0,40000.0,6642.0,-0.37359900373599003,108581250,0,153857250,3480000,6321000,0,150527700,109069800,265918500
2019-10-23,40000.0,40450.0,39650.0,40300.0,8091.0,0.75,55979350,0,264095450,3250250,47053150,0,239207650,37064250,323325050
2019-10-24,40350.0,40350.0,39750.0,40050.0,4829.0,-0.620347394540943,48097450,0,135115200,9424050,46928250,0,85376900,60331550,192636700
2019-10-25,39900.0,40400.0,39350.0,39550.0,4507.0,-1.2484394506866416,28776350,0,136222600,13859800,47137800,0,108959100,22761850,178858750
2019-10-28,39900.0,39900.0,39400.0,39500.0,4416.0,-0.12642225031605564,35200900,0,125504600,13949600,44168500,1975000,97648950,30862650,174655100
2019-10-29,39000.0,39800.0,38750.0,39000.0,21293.0,-1.2658227848101267,78785200,0,710267550,42357800,77132800,0,746922550,7355200,831410550
2019-10-30,39000.0,39300.0,38700.0,39000.0,4246.0,0.0,25787400,0,117341000,21955000,57151700,0,94538800,13392900,165083400
2019-10-31,39000.0,39400.0,38750.0,39000.0,4024.0,0.0,12035650,0,135909950,8862400,10487350,0,122308100,24012550,156808000
2019-11-01,38750.0,39250.0,38750.0,38800.0,4610.0,-0.5128205128205128,51005400,0,115525800,12690300,54880400,5735000,98519700,20086400,179221500
2019-11-04,38800.0,39500.0,38650.0,39000.0,7444.0,0.5154639175257731,26151750,0,172825500,91712550,42744350,0,222574550,25370900,290689800
2019-11-05,39000.0,39950.0,38900.0,39650.0,9405.0,1.6666666666666667,39300650,0,244138100,86464000,48997000,0,271036400,49869350,369902750
2019-11-06,39650.0,40100.0,39300.0,39600.0,9565.0,-0.12610340479192939,4738150,0,316649150,57326800,68177000,0,266569250,43967850,378714100
2019-11-07,39600.0,39800.0,39150.0,39550.0,13678.0,-0.12626262626262627,72065400,8513600,335620550,122479150,89505200,35275400,365093900,48804200,538678700
2019-11-08,39350.0,39600.0,38900.0,39000.0,11265.0,-1.390644753476612,100407800,0,312028500,28668850,80111750,0,308970050,52023350,441105150
2019-11-11,39300.0,39400.0,38850.0,39100.0,5605.0,0.2564102564102564,17305550,0,164985650,36147300,82505650,0,131251250,4681600,218438500
2019-11-12,39100.0,39300.0,38800.0,39100.0,4465.0,0.0,31377450,0,123717650,19206100,30370550,0,124532000,19398650,174301200
2019-11-13,39100.0,40900.0,38750.0,40450.0,23836.0,3.4526854219948846,108757300,77600,707866450,130997300,61669750,79900,850016750,35932250,947698650
2019-11-14,40150.0,40600.0,39950.0,39950.0,8220.0,-1.2360939431396787,9009100,12079200,290811600,18634000,33631800,0,264338000,32564100,330533900
2019-11-15,39800.0,42700.0,39800.0,41600.0,34181.0,4.130162703379224,439851600,954250,705222700,276330150,198657200,0,1158355250,65346250,1422358700
2019-11-18,41850.0,42000.0,40950.0,41400.0,7326.0,-0.4807692307692308,67207600,0,194151850,41272100,23062050,0,205052750,74516750,302631550
2019-11-19,40900.0,43250.0,40900.0,41750.0,33717.0,0.8454106280193237,55738100,98191800,1185563000,82086050,119722950,24839000,1037175200,239841800,1421578950
2019-11-20,41900.0,42100.0,40950.0,41000.0,10407.0,-1.7964071856287425,67184600,4970100,353084400,5481100,60339050,0,269046350,101334800,430720200
2019-11-21,41000.0,41600.0,39900.0,39950.0,11811.0,-2.5609756097560976,84508500,0,356705300,35451900,43027300,8039700,361800350,63798350,476665700
2019-11-22,39950.0,40600.0,39250.0,39300.0,8683.0,-1.6270337922403004,434100,0,316613650,27256550,49580850,29098100,234074000,31551350,344304300
2019-11-25,39500.0,39800.0,39250.0,39450.0,7585.0,0.38167938931297707,15207050,0,225977500,57758950,8106350,20137350,241218450,29481350,298943500
2019-11-26,39600.0,40150.0,39400.0,39450.0,5849.0,0.0,8690600,3980000,200062000,18940000,8127500,31724200,154902400,36918500,231672600
2019-11-27,39450.0,39900.0,39350.0,39500.0,6022.0,0.12674271229404308,4231000,0,168307400,65622500,42146550,29365400,118896000,47752950,238160900
2019-11-28,39500.0,39550.0,39200.0,39200.0,4925.0,-0.7594936708860759,235200,0,187944750,5599400,0,31507950,108014850,54256550,193779350
2019-11-29,39150.0,39600.0,38650.0,38700.0,13009.0,-1.2755102040816326,812700,0,463596200,41699350,49145150,35074250,274483300,147405550,506108250
2019-12-02,38700.0,39250.0,38650.0,38900.0,6630.0,0.516795865633075,54602200,0,200021200,2761700,31133700,26301250,133837250,66112900,257385100
2019-12-03,38650.0,38900.0,38150.0,38600.0,6442.0,-0.7712082262210797,65769400,0,171110450,10984700,0,11760800,127925550,108178200,247864550
2019-12-04,38650.0,38800.0,37450.0,37500.0,18457.0,-2.849740932642487,84471800,0,611023900,2341900,126628900,12507750,401494850,157206100,697837600
2019-12-05,37550.0,37700.0,36800.0,36850.0,10410.0,-1.7333333333333332,19810200,22108500,339195050,5667350,143295100,21032150,181691950,40761900,386781100
2019-12-06,36850.0,37550.0,36750.0,37250.0,8161.0,1.0854816824966078,29430100,49432500,171604550,52547850,186250,11800050,270874100,20154600,303015000
2019-12-09,37250.0,37600.0,37200.0,37200.0,2881.0,-0.1342281879194631,7726400,4863650,88719650,6270850,6646300,19559450,57217950,24156850,107580550
2019-12-10,37100.0,37400.0,36700.0,36800.0,5274.0,-1.0752688172043012,4312150,5938500,183286850,778650,19871450,15323200,130348300,28773200,194316150
2019-12-11,36750.0,37250.0,36750.0,37200.0,3613.0,1.0869565217391304,22523400,1473500,56209950,53485050,11538700,28733550,87612650,5807000,133691900
2019-12-12,37300.0,37300.0,36900.0,37000.0,5587.0,-0.5376344086021506,2665500,7221250,194541900,2369300,81103800,13375200,79628750,32690200,206797950
2019-12-13,37250.0,37900.0,37100.0,37800.0,10710.0,2.1621621621621623,37359350,12012350,238528400,114075050,92647550,83680850,196269950,29376800,401975150
2019-12-16,37950.0,37950.0,37350.0,37500.0,5289.0,-0.7936507936507936,1616300,3752500,185201400,8084100,675950,15169750,144533750,38274850,198654300
2019-12-17,37600.0,38150.0,37400.0,38100.0,5142.0,1.6,8077850,2958500,131888150,51601050,4544650,19841700,159014850,11124350,194525550
2019-12-18,37900.0,38150.0,37700.0,38000.0,4561.0,-0.26246719160104987,39886500,38000,121342300,11627850,72457450,38050,70759750,29639400,172894650
2019-12-19,37900.0,38050.0,37300.0,37350.0,11502.0,-1.710526315789474,16200850,865400,401451300,12858700,249775900,19490700,126241400,35868250,431376250
2019-12-20,37300.0,37750.0,37250.0,37650.0,7130.0,0.8032128514056224,37400,0,177227800,89795750,75000400,11714300,176598500,3747750,267060950
2019-12-23,37700.0,37850.0,37350.0,37700.0,6627.0,0.13280212483399734,70750550,0,88130550,90553350,137762050,11276100,83360350,17035950,249434450
2019-12-24,37850.0,37850.0,37050.0,37100.0,7885.0,-1.5915119363395225,46786850,8115100,206507450,32376250,107293250,22352050,135968500,28171850,293785650
2019-12-26,37100.0,38200.0,36950.0,38000.0,13871.0,2.4258760107816713,232599100,0,138887950,149018900,77379300,8100500,424250150,10776000,520505950
2019-12-27,37600.0,38200.0,37150.0,37300.0,20511.0,-1.8421052631578945,169351500,0,503787300,93162150,632708100,0,105960100,27632750,766300950
2019-12-30,37300.0,37800.0,37300.0,37300.0,5120.0,0.0,74600,0,150235850,41205900,109470750,0,59423700,22621900,191516350
2020-01-02,37350.0,37750.0,37300.0,37600.0,10900.0,0.8042895442359249,117326800,0,238865650,52671750,108543900,0,228485550,71834750,408864200
2020-01-03,37750.0,38100.0,37150.0,37550.0,9455.0,-0.13297872340425532,37550,0,337329700,15808550,188427000,0,72715250,92033550,353175800
2020-01-06,37350.0,37350.0,36050.0,36500.0,24463.0,-2.796271637816245,161093950,0,694491400,38099050,209722850,0,374530100,309431450,893684400
2020-01-07,36500.0,36700.0,36000.0,36000.0,13071.0,-1.36986301369863,79488500,473200,387741600,4763300,240297600,1095000,164732500,66341500,472466600
2020-01-08,36150.0,36200.0,34400.0,34750.0,17053.0,-3.4722222222222223,136651500,0,409722700,48751550,192933100,0,290599100,111593550,595125750
2020-01-09,34950.0,35600.0,34550.0,34950.0,13491.0,0.5755395683453237,174092050,6321550,268377500,22922550,201876600,496100,156877250,112463700,471713650
2020-01-10,34850.0,35100.0,34150.0,34600.0,13935.0,-1.0014306151645207,29470650,10464850,386422900,53519650,219310150,0,231206850,29361050,479878050
2020-01-13,34600.0,34700.0,34150.0,34650.0,14962.0,0.1445086705202312,41520050,0,335231050,136480400,192204100,0,315160000,5867400,513231500
2020-01-14,34650.0,36250.0,34650.0,36150.0,20689.0,4.329004329004329,22271300,142800,455664450,259632950,207722700,6029300,515580200,8379300,737711500
2020-01-15,36150.0,36400.0,35650.0,35950.0,8553.0,-0.5532503457814661,11595200,0,206758450,88382100,183244350,0,93623350,29868050,306735750
2020-01-16,36100.0,36200.0,35550.0,36000.0,8375.0,0.13908205841446453,30703250,7135000,216297250,45105600,137731950,3597750,116475550,41435850,299241100
2020-01-17,35750.0,36500.0,35750.0,36400.0,5926.0,1.1111111111111112,8875400,2850850,149009200,53896000,31746250,0,150399550,32485650,214631450
2020-01-20,36500.0,36600.0,35950.0,35950.0,4732.0,-1.2362637362637363,6028250,468650,159249900,5590750,44912350,0,98030700,28394500,171337550
2020-01-21,36400.0,36400.0,34800.0,35450.0,21769.0,-1.3908205841446455,127077800,4487200,566041950,66553350,497856450,1019350,114234750,151049750,764160300
2020-01-22,35000.0,35350.0,34950.0,35150.0,5730.0,-0.846262341325811,41123600,0,144479250,15291150,115019350,25573400,38378350,21922900,200894000
2020-01-23,35000.0,35550.0,34500.0,35300.0,8744.0,0.42674253200568996,121115350,0,161887100,23173850,50985350,0,174449150,80741800,306176300
2020-01-28,34300.0,34800.0,34000.0,34500.0,12420.0,-2.26628895184136,61504400,0,308579850,55971550,96179450,0,190279600,139596750,426055800
2020-01-29,34250.0,34700.0,34050.0,34450.0,4944.0,-0.14492753623188406,9785950,0,131117350,29646050,41080100,0,115719700,13749550,170549350
2020-01-30,34500.0,34700.0,33100.0,33600.0,21711.0,-2.467343976777939,63209450,0,641965900,25038900,186438100,93239700,393042000,57494450,730214250
2020-01-31,33300.0,34050.0,32800.0,33100.0,9883.0,-1.488095238095238,92539600,0,210460650,26960850,113077050,0,207586350,9297700,329961100
2020-02-03,32950.0,33200.0,31700.0,32500.0,19034.0,-1.812688821752266,168460600,0,427835750,19543700,140163150,0,372799000,102877900,615840050
2020-02-04,32150.0,33350.0,32150.0,32900.0,9780.0,1.2307692307692308,55103900,0,172281850,94424450,109956550,0,207886950,3966700,321810200
2020-02-05,32900.0,33400.0,32400.0,32450.0,9190.0,-1.3677811550151975,29401200,0,205180500,64892750,148363600,0,127719150,23391700,299474450
2020-02-06,32550.0,33700.0,32500.0,33450.0,10820.0,3.0816640986132513,35970050,0,181955750,141524450,61761500,0,290492300,7196450,359450250
2020-02-07,33200.0,33550.0,32650.0,32850.0,7917.0,-1.7937219730941705,3416950,0,235526600,21827500,153068700,0,79980400,27721950,260771050
2020-02-10,32550.0,33100.0,32250.0,33100.0,6261.0,0.76103500761035,28038450,0,140618800,36906550,26680950,4406400,124069350,50407100,205563800
2020-02-11,33150.0,33600.0,32600.0,33000.0,12467.0,-0.3021148036253776,14992650,4995150,339019050,52048550,196468950,0,193369350,21217100,411055400
2020-02-12,33300.0,33550.0,32900.0,33550.0,8286.0,1.6666666666666667,24339850,0,185741400,64620600,60355250,0,204015050,10331550,274701850
2020-02-13,33650.0,34150.0,33550.0,33800.0,6356.0,0.7451564828614009,6178900,0,176604500,32387300,39374000,0,155727800,20068900,215170700
2020-02-14,33400.0,34150.0,33400.0,33650.0,3485.0,-0.4437869822485207,2980200,0,114785250,237500,22189750,0,62606100,33207100,118002950
2020-02-17,33650.0,33800.0,33050.0,33200.0,5709.0,-1.337295690936107,9282900,0,173923150,6342200,59076850,1657500,100891250,27922650,189548250
2020-02-18,33100.0,33250.0,32400.0,33000.0,10204.0,-0.6024096385542169,52866900,0,263723500,17781750,53996600,0,203542500,76833050,334372150
2020-02-19,32750.0,33300.0,32400.0,32700.0,9393.0,-0.9090909090909091,36763500,3203700,264318100,2157050,126618700,1627500,127621800,50574350,306442350
2020-02-20,32800.0,32800.0,32000.0,32100.0,8692.0,-1.834862385321101,39246750,3304800,226686600,10559800,41266000,0,180737650,57794300,279797950
2020-02-21,32050.0,32050.0,30700.0,31750.0,20200.0,-1.0903426791277258,165556250,2494000,451810100,11117150,157200950,11811150,297293600,164671800,630977500
2020-02-24,31600.0,33700.0,30650.0,31900.0,47662.0,0.47244094488188976,46997950,0,1379269250,101883100,182247100,0,1193144900,152758300,1528150300
2020-02-25,32300.0,32400.0,31350.0,31550.0,16143.0,-1.09717868338558,77528300,1027200,357666450,74640350,25729950,0,419237500,65894850,510862300
2020-02-26,31450.0,32900.0,31250.0,31650.0,24617.0,0.31695721077654515,66701400,0,638098600,86925150,257828650,0,437862350,96034150,791725150
2020-02-27,31800.0,31900.0,30700.0,31000.0,10884.0,-2.0537124802527646,16928650,0,282432600,38931050,92597050,0,203481250,42214000,338292300
2020-02-28,30700.0,30700.0,29100.0,29700.0,22853.0,-4.193548387096775,66716850,0,566461750,45255350,159884500,0,462788000,55761450,678433950
2020-03-02,29500.0,29850.0,29150.0,29150.0,11439.0,-1.8518518518518516,43442200,0,242107000,51297550,71642100,2966600,239781900,22456150,336846750
2020-03-03,29700.0,29900.0,28700.0,29100.0,16163.0,-0.17152658662092624,55278300,988550,262144900,153711750,93238950,0,378186700,697850,472123500
2020-03-04,29050.0,29350.0,28900.0,29250.0,14017.0,0.5154639175257731,78458300,0,212039950,118153400,153185100,0,237997950,17468600,408651650
2020-03-05,29400.0,30350.0,29000.0,30000.0,13259.0,2.564102564102564,28633850,0,215919200,148785150,105906050,0,263326800,24105350,393338200
2020-03-06,30000.0,30000.0,28700.0,29000.0,17975.0,-3.3333333333333335,58750150,12811050,409138100,41957900,63580550,0,361961850,97114800,522657200
2020-03-09,28800.0,28800.0,27050.0,27750.0,26907.0,-4.310344827586207,122313100,483650,616130500,8232350,150301000,888000,453995200,141975400,747159600
2020-03-10,27500.0,27550.0,26750.0,27150.0,21417.0,-2.1621621621621623,37866100,0,514404700,25296800,134680350,2287250,348109400,92490600,577567600
2020-03-11,27250.0,27250.0,26300.0,26600.0,10001.0,-2.0257826887661143,24993700,0,189932900,53141150,37236950,0,208389350,22441450,268067750
2020-03-12,26100.0,26400.0,24500.0,24650.0,30552.0,-7.330827067669173,115623500,0,522241650,127897000,87581100,2681000,555427600,120072450,765762150
2020-03-13,23050.0,23500.0,21300.0,22650.0,44357.0,-8.113590263691684,145940150,0,575338500,271716050,140195900,0,729726750,123072050,992994700
2020-03-16,22850.0,23800.0,22550.0,22800.0,19441.0,0.6622516556291391,11155850,0,251049250,189436300,4889850,0,395667100,51084450,451641400
2020-03-17,21000.0,22550.0,21000.0,22300.0,11217.0,-2.1929824561403506,0,0,214507850,31160600,22445050,0,175991150,47232250,245668450
2020-03-18,22500.0,23400.0,22200.0,22200.0,20637.0,-0.4484304932735426,157300,0,443636850,20852950,60134600,0,251771300,152741200,464647100
2020-03-19,22200.0,22350.0,18900.0,18950.0,38211.0,-14.63963963963964,30185350,0,675062600,68846600,4841750,0,648973100,120279700,774094550
2020-03-20,18950.0,20700.0,18950.0,20700.0,14842.0,9.234828496042216,246950,0,200546450,89817450,3903100,0,218472550,68235200,290610850
2020-03-23,19500.0,19700.0,18700.0,19200.0,19650.0,-7.246376811594203,49936900,0,270738100,53139000,1244500,6726000,282125200,83718300,373814000
2020-03-24,19500.0,20450.0,19250.0,20350.0,15385.0,5.989583333333334,8052400,0,278644950,18205700,7519350,0,249816300,47567400,304903050
2020-03-25,20650.0,22300.0,20500.0,22250.0,34755.0,9.336609336609335,42447250,0,625708800,78679450,99983100,0,548383750,98468650,746835500
2020-03-26,22250.0,23700.0,22250.0,23350.0,30424.0,4.943820224719101,391000,0,619988500,76359650,242477750,0,358924600,95336800,696739150
2020-03-27,23800.0,23800.0,22400.0,22750.0,28047.0,-2.569593147751606,45500,0,609896650,36973250,78190900,0,504303300,64421200,646915400
2020-03-30,22450.0,23050.0,22000.0,23050.0,13161.0,1.3186813186813187,92200,0,205124750,93214800,51684200,0,213623700,33123850,298431750
2020-03-31,23600.0,25000.0,23150.0,23600.0,39936.0,2.386117136659436,1106500,0,838679550,118340450,227362550,0,603669750,127094200,958126500
2020-04-01,23600.0,27350.0,23250.0,24950.0,129697.0,5.720338983050848,171187600,247000,2820866700,317863650,587426600,0,2472855450,249882900,3310164950
2020-04-02,24850.0,25300.0,23900.0,25300.0,56493.0,1.402805611222445,8654550,891494000,413669450,100813850,5210400,0,1342943700,66477750,1414631850
2020-04-03,25300.0,26000.0,24250.0,24750.0,21331.0,-2.1739130434782608,4124700,762000,485355650,43759050,45950850,0,416879000,71171550,534001400
2020-04-06,24800.0,26900.0,24750.0,26800.0,49026.0,8.282828282828284,240182950,34515050,783870650,225837950,47529800,22553900,1106944300,107378600,1284406600
2020-04-07,26900.0,27700.0,26250.0,26950.0,38181.0,0.5597014925373134,564900,11408250,822553300,188891450,125712400,7999900,691855950,197849650,1023417900
2020-04-08,26600.0,27150.0,26400.0,26800.0,19100.0,-0.5565862708719851,4024850,0,342589750,164130800,294800,538000,443697200,66215400,510745400
2020-04-09,27300.0,27450.0,26750.0,27000.0,16992.0,0.7462686567164178,8043950,18841750,360368300,71806500,3806700,5360050,357445250,92448500,459060500
2020-04-10,27050.0,27400.0,26250.0,27250.0,14493.0,0.9259259259259258,9092850,12180450,278201150,90925750,3543850,0,320042300,66814050,390400200
2020-04-13,27250.0,28150.0,26500.0,26950.0,24626.0,-1.1009174311926606,26950,2685000,592395050,75761650,81976600,0,458524750,130367300,670868650
2020-04-14,26500.0,27500.0,26500.0,27400.0,13293.0,1.6697588126159555,0,15436400,180074100,164520550,300700,0,321461850,38268500,360031050
2020-04-16,26950.0,27850.0,26800.0,27550.0,15767.0,0.5474452554744526,39068950,0,255369250,134816700,119630350,5938450,252159050,51527050,429254900
2020-04-17,28100.0,28350.0,27250.0,28150.0,21128.0,2.1778584392014517,52881600,0,427971700,109287900,77988550,8390050,483158350,20604250,590141200
2020-04-20,28200.0,29100.0,28050.0,28350.0,24340.0,0.7104795737122558,456900,57944000,516123400,119759400,150442150,0,468013450,75828100,694283700
2020-04-21,28100.0,28700.0,26350.0,28000.0,26501.0,-1.2345679012345678,24068500,4110000,546379150,155304800,1782000,0,603537450,124543000,729862450
2020-04-22,27600.0,28200.0,27000.0,28150.0,20691.0,0.5357142857142857,34024050,0,453167850,82355100,6125650,0,501295550,62125800,569547000
2020-04-23,28300.0,30750.0,28200.0,29900.0,44264.0,6.216696269982238,10753750,52414300,1004108050,244811650,288074950,0,888859500,135153300,1312087750
2020-04-24,30250.0,30450.0,29050.0,29750.0,22993.0,-0.5016722408026756,266500,20242900,588042350,73391350,83741850,0,444021800,154179450,681943100
2020-04-27,29800.0,32750.0,29800.0,32500.0,40419.0,9.243697478991598,440607150,10994100,681420000,132302000,66417800,9738600,1077337700,111829150,1265323250
2020-04-28,32500.0,32600.0,31600.0,32600.0,19757.0,0.3076923076923077,2100600,0,599509300,31502100,19529500,0,482429000,131153500,633112000
2020-04-29,32600.0,32600.0,31800.0,31900.0,19583.0,-2.147239263803681,132609100,0,429682000,66084350,3403950,0,499650350,125321150,628375450
2020-05-04,31500.0,32100.0,29500.0,32100.0,31573.0,0.6269592476489028,298227550,4732500,524941700,164125900,122013950,0,752453000,117560700,992027650
2020-05-06,32300.0,33000.0,31850.0,32700.0,8273.0,1.8691588785046727,3706250,0,224090250,40678050,4448200,0,185172950,78853400,268474550
2020-05-07,32700.0,32700.0,31850.0,32600.0,11743.0,-0.3058103975535168,19313950,0,279504650,82658250,6735500,6484400,312205450,56051500,381476850
2020-05-08,32200.0,33000.0,32100.0,32600.0,26640.0,0.0,233091600,0,540538750,90710350,128881400,166105800,433393300,135960200,864340700
2020-05-11,32300.0,33000.0,31950.0,32550.0,28270.0,-0.15337423312883436,16905650,1610000,806898750,93273550,159208750,6500000,702128400,50850800,918687950
2020-05-12,32550.0,32600.0,31000.0,31250.0,18709.0,-3.9938556067588324,42596000,0,495073900,52397200,9806500,0,529682850,50577750,590067100
2020-05-13,30900.0,31500.0,30500.0,31000.0,20391.0,-0.8,8765400,1531250,437447850,181778000,17789050,4294750,579915000,27523700,629522500
2020-05-14,31000.0,31400.0,29700.0,29800.0,21400.0,-3.870967741935484,10477200,0,516962650,115568000,61155700,0,566905900,14946250,643007850
2020-05-15,30000.0,34000.0,29500.0,31800.0,72991.0,6.7114093959731544,27545900,3380350,1935795700,340845850,31889800,5315950,1987283300,283078750,2307567800
2020-05-18,30800.0,31350.0,29950.0,30000.0,48109.0,-5.660377358490567,7302800,23806050,1296907800,130776450,371058300,85727250,874218100,127789450,1458793100
2020-05-19,30450.0,30450.0,29350.0,29500.0,35131.0,-1.6666666666666667,2141000,296500,914349300,128058150,81914750,93486050,809396200,60047950,1044844950
2020-05-20,29750.0,30000.0,29400.0,29750.0,12405.0,0.847457627118644,59500,0,312127100,56100350,29450,0,359275000,8982500,368286950
2020-05-21,29750.0,29900.0,29250.0,29400.0,18174.0,-1.1764705882352942,29400,0,522722950,12252850,130601950,13262500,373689700,17451050,535005200
2020-05-22,29350.0,29350.0,28650.0,28650.0,20309.0,-2.5510204081632653,43022350,0,500783700,42480300,18352950,58500,492574300,75300600,586286350
2020-05-25,28900.0,29300.0,28250.0,29300.0,15185.0,2.2687609075043627,16981600,0,329641950,89941450,35575850,5174950,383873550,11940650,436565000
2020-05-26,29000.0,29800.0,29000.0,29600.0,16514.0,1.023890784982935,26539250,1477500,408740150,49611650,26132750,5852500,452831400,1551900,486368550
2020-05-27,29600.0,30000.0,28800.0,29100.0,20154.0,-1.6891891891891893,21411250,0,527384200,37626150,100531100,23406200,427970000,34514300,586421600
2020-05-28,29400.0,30350.0,28500.0,29300.0,34206.0,0.6872852233676976,33686200,4437500,803685150,168766900,89918500,7225000,785126050,128306200,1010575750
2020-05-29,29300.0,30400.0,28800.0,29650.0,23817.0,1.1945392491467577,26193900,0,589294600,97492850,29894050,0,573665700,109421600,712981350
2020-06-01,29700.0,29700.0,28950.0,29300.0,17011.0,-1.1804384485666104,21169450,644600,453212900,22871200,23332800,0,399122050,75443300,497898150
2020-06-02,29400.0,30000.0,29000.0,29450.0,24459.0,0.5119453924914675,53619000,0,507539000,155298050,364952650,0,316233400,35270000,716456050
2020-06-03,29500.0,30050.0,29450.0,29750.0,23345.0,1.0186757215619695,24031250,1485000,552726850,116068650,49017150,0,592754450,52540150,694311750
2020-06-04,29850.0,30300.0,29550.0,29650.0,22685.0,-0.33613445378151263,13542100,0,614348700,49832100,75422850,0,521665000,80635050,677722900
2020-06-05,29650.0,30100.0,29500.0,30000.0,16343.0,1.1804384485666104,6821300,0,422700500,57772350,85558650,2950000,382231750,16553750,487294150
2020-06-08,30050.0,31800.0,30000.0,31250.0,46260.0,4.166666666666666,54249700,7032200,1034407200,337349650,274359200,0,1101811500,56868050,1433038750
2020-06-09,31950.0,32500.0,30600.0,31650.0,51886.0,1.28,46589750,4027650,1526868400,51438200,189029550,843750,1074417550,364633150,1628924000
2020-06-10,31900.0,32000.0,31400.0,31850.0,22198.0,0.631911532385466,28172700,32463500,631688200,11767850,104481800,0,574149300,25461150,704092250
2020-06-11,31900.0,31900.0,30900.0,31200.0,32129.0,-2.0408163265306123,16712450,75072500,848470800,65794750,332600450,1582500,537822900,134044650,1006050500
2020-06-12,29100.0,29900.0,29000.0,29700.0,32458.0,-4.807692307692308,49514350,53763850,742259900,112593450,153764250,10810800,713607850,79948650,958131550
2020-06-15,29600.0,29700.0,28100.0,28300.0,25866.0,-4.713804713804714,10311500,3984800,669502150,62457700,7693900,11333400,487647650,239581200,746256150
2020-06-16,28800.0,29150.0,28400.0,29100.0,14873.0,2.8268551236749118,25197950,1440000,271341500,131415100,14116550,0,385476800,29801200,429394550
2020-06-17,29000.0,29000.0,28200.0,28550.0,16768.0,-1.8900343642611683,43832000,2860000,331572850,101830950,94084900,8610000,296238050,81162850,480095800
2020-06-18,28650.0,28700.0,28100.0,28550.0,10934.0,0.0,12104450,0,267143150,31976450,110613250,0,165202200,35408600,311224050
2020-06-19,28400.0,28550.0,27900.0,28150.0,13469.0,-1.4010507880910683,7543200,0,351264100,19756250,74594050,14000000,227706050,62263450,378563550
2020-06-22,28400.0,28400.0,27900.0,28050.0,8066.0,-0.3552397868561279,11633150,0,211957650,2357100,16692900,0,171479850,37775150,225947900
2020-06-23,28050.0,28250.0,27200.0,27550.0,13115.0,-1.7825311942959003,8023850,3139500,331098550,19249150,111898100,0,187311000,62301950,361511050
2020-06-24,27550.0,27650.0,26650.0,26900.0,25427.0,-2.35934664246824,17517800,0,654867950,14101300,382412150,0,277752700,26322200,686487050
2020-06-25,26850.0,26900.0,25700.0,25900.0,19350.0,-3.717472118959108,23618450,6617250,452027250,21204000,171213600,9230000,304835250,18188100,503466950
2020-06-26,26300.0,26300.0,25800.0,26150.0,9334.0,0.9652509652509652,3485450,1302500,226656700,10799000,101512200,0,124913400,15818050,242243650
2020-06-29,26150.0,26150.0,25350.0,25600.0,10672.0,-2.1032504780114722,9586450,0,249350700,14493850,8289450,1521000,224441950,39178600,273431000
2020-06-30,25600.0,26100.0,25600.0,25900.0,9713.0,1.171875,10188350,0,213964050,26660550,80655200,0,160066450,10091300,250812950
2020-07-01,26100.0,26750.0,25600.0,25850.0,15012.0,-0.19305019305019305,22235350,2632500,345326200,21433050,94367600,0,265893350,31366150,391627100
2020-07-02,25850.0,26300.0,25700.0,26150.0,6483.0,1.160541586073501,7600200,0,144750600,15967350,16253100,2570250,124890050,24604750,168318150
2020-07-03,26400.0,26400.0,26000.0,26300.0,7535.0,0.5736137667304015,4925000,0,187089700,5700250,64349200,0,125498100,7867650,197714950
2020-07-06,26400.0,26850.0,26300.0,26800.0,11800.0,1.9011406844106464,11037300,0,284554250,17309150,96716150,0,194435950,21748600,312900700
2020-07-07,27200.0,27500.0,26600.0,27050.0,20895.0,0.9328358208955223,16928500,0,533619000,16389450,198748450,0,308915650,59272850,566936950
2020-07-08,27850.0,27950.0,26900.0,27400.0,27941.0,1.2939001848428837,33190050,9529150,688811550,34870900,251517900,0,487017150,27866600,766401650
2020-07-09,27700.0,27700.0,27050.0,27350.0,17557.0,-0.18248175182481752,12215650,2740000,436492450,27760700,74148300,8211250,389775550,7073700,479208800
2020-07-10,27550.0,27750.0,26500.0,26950.0,34968.0,-1.4625228519195612,38155750,0,871806350,37967700,169725150,0,704097600,74107050,947929800
2020-07-13,26900.0,27350.0,26600.0,27150.0,16063.0,0.7421150278293136,14673950,0,373582950,46244850,12406900,4320000,384734550,33040300,434501750
2020-07-14,27350.0,27700.0,26950.0,27450.0,12899.0,1.1049723756906076,9544200,0,303008400,41354800,13224100,0,312205950,28477350,353907400
2020-07-15,27700.0,28900.0,27450.0,28750.0,44410.0,4.735883424408015,54576050,17225000,910467700,281832500,52976400,0,1120819650,90305200,1264101250
2020-07-16,29000.0,33900.0,29000.0,33450.0,306455.0,16.34782608695652,291435700,71823600,8569795700,785005950,259451050,17175750,8489498900,951935250,9718060950
2020-07-17,33400.0,35050.0,32000.0,33300.0,179243.0,-0.4484304932735426,202094000,3675450,5462677500,285652150,176320150,28267750,5165498700,584012500,5954099100
2020-07-20,33300.0,35450.0,31800.0,33500.0,237362.0,0.6006006006006006,538245300,4130800,6854088750,572141700,194828150,19840800,7140931500,613006100,7968606550
2020-07-21,33550.0,33550.0,32150.0,32800.0,85238.0,-2.0895522388059704,105488800,0,2242094950,447095150,129543250,981000,2404288850,259865800,2794678900
2020-07-22,32550.0,33750.0,32100.0,32150.0,78438.0,-1.9817073170731707,71278350,230650,2121867300,374931900,140910050,2059050,2203798950,221540150,2568308200
2020-07-23,32250.0,32350.0,30750.0,31150.0,40004.0,-3.1104199066874028,52098200,0,1067323850,126571650,52279650,16202800,1099488150,78023100,1245993700
2020-07-24,31000.0,31000.0,29500.0,29850.0,50743.0,-4.173354735152488,44319400,660400,1140591150,340398500,48505400,19815000,1381319800,76329250,1525969450
2020-07-27,29850.0,36050.0,29850.0,35250.0,430963.0,18.090452261306535,269358700,7739000,13217030800,1168303800,207751050,62664050,12891900950,1500116250,14662432300
2020-07-28,40500.0,40500.0,34150.0,34250.0,393435.0,-2.8368794326241136,283204350,133383450,13712190050,521827400,492912300,18662950,13000550300,1138479700,14650605250
2020-07-29,34200.0,35900.0,33300.0,34250.0,101955.0,0.0,147103350,3764500,3124838100,274044600,155669350,0,3231677250,162403950,3549750550
2020-07-30,34850.0,35800.0,34300.0,34550.0,50828.0,0.8759124087591241,167626650,4911000,1432769500,162327500,104942800,14976000,1533043450,114672400,1767634650
2020-07-31,34500.0,34500.0,33100.0,33500.0,54003.0,-3.039073806078148,44296800,2005500,1643191100,125118800,41116700,0,1536307550,237187950,1814612200
2020-08-03,33500.0,34350.0,32800.0,33150.0,43981.0,-1.0447761194029852,46325500,663000,1333137600,95993150,49468500,3390000,1257362350,165898400,1476119250
2020-08-04,33200.0,34450.0,33050.0,33800.0,52905.0,1.9607843137254901,59772350,3034500,1261003750,457441150,61262250,5047500,1631320650,83621350,1781251750
2020-08-05,33900.0,34200.0,32700.0,32900.0,40337.0,-2.6627218934911245,43318250,4049000,1136098200,148191500,32679700,57890100,951413450,289673700,1331656950
2020-08-06,32900.0,33150.0,32200.0,32600.0,25968.0,-0.911854103343465,35057150,0,781036150,27266000,50636100,21200000,668548800,102974400,843359300
2020-08-07,32500.0,32750.0,32000.0,32750.0,33281.0,0.4601226993865031,44092600,327500,938010400,96699200,55077600,0,873189850,150862250,1079129700
2020-08-10,32600.0,32750.0,31950.0,32000.0,26524.0,-2.2900763358778624,49467700,0,744750300,60168550,31373400,3245000,789537900,30230250,854386550
2020-08-11,32100.0,32650.0,31950.0,32200.0,19005.0,0.625,18792250,1622500,436678950,157287300,35019850,0,525663350,53697800,614381000
2020-08-12,32050.0,33100.0,31550.0,32800.0,19774.0,1.8633540372670807,24321900,1286000,421287900,188928750,29246850,3572800,560127400,42877500,635824550
2020-08-13,32800.0,33750.0,32300.0,33350.0,36520.0,1.676829268292683,26387600,17032800,1003188400,164855050,27562550,0,1112639350,71261950,1211463850
2020-08-14,33400.0,33400.0,32200.0,32500.0,20065.0,-2.548725637181409,35330950,12822200,564890700,44438600,23340500,1035400,540496450,92610100,657482450
2020-08-18,32850.0,32850.0,30950.0,31100.0,24364.0,-4.3076923076923075,41029200,328500,590412950,142414950,28861650,0,570869800,174454150,774185600
2020-08-19,31100.0,31450.0,30650.0,30950.0,17705.0,-0.482315112540193,18801950,0,468421350,63293400,35828250,30232600,450799650,33656200,550516700
2020-08-20,31050.0,31050.0,29350.0,29500.0,37358.0,-4.68497576736672,43372700,904500,927926150,145180650,38702600,0,918005400,160676000,1117384000
2020-08-21,29500.0,29950.0,28850.0,29300.0,23934.0,-0.6779661016949152,28333150,0,542428250,130710650,32031900,8670000,554298400,106471750,701472050
2020-08-24,29400.0,30300.0,29150.0,29950.0,21590.0,2.218430034129693,40096850,3529000,499347850,97048650,35975800,0,419657500,184389050,640022350
2020-08-25,30300.0,30950.0,29600.0,30400.0,20822.0,1.5025041736227045,13692600,1538000,499285000,119587200,53135350,0,514059200,66908250,634102800
2020-08-26,30700.0,30900.0,29600.0,30400.0,22402.0,0.0,23241450,0,617514100,36117850,24799350,0,591657500,60416550,676873400
2020-08-27,30700.0,30700.0,29350.0,29500.0,20669.0,-2.9605263157894735,27685600,300500,505194900,81910200,21818800,30050,395181050,198061300,615091200
2020-08-28,29500.0,30100.0,29500.0,30000.0,22684.0,1.694915254237288,10416800,0,492828750,188585400,43128400,0,612038400,36664150,691830950
2020-08-31,33750.0,36300.0,31800.0,31800.0,477125.0,6.0,302595650,330000,15060628500,665769000,721943050,8987950,14138720900,1159671250,16029323150
2020-09-01,31700.0,31800.0,30650.0,30750.0,63870.0,-3.30188679245283,105664050,9042900,1326168200,540742700,168326350,0,1599418200,213873300,1981617850
2020-09-02,30950.0,31050.0,30250.0,30800.0,24409.0,0.16260162601626016,22073600,4140700,671333300,48770250,53895800,0,668281900,24140150,746317850
2020-09-03,30600.0,31150.0,30500.0,30800.0,14797.0,0.0,22168200,0,364277950,67708000,34772300,2333200,408763300,8285350,454154150
2020-09-04,29950.0,30400.0,29500.0,30100.0,32160.0,-2.272727272727273,28193350,0,800168300,134812500,39579300,0,740132850,183462000,963174150
2020-09-07,30000.0,31350.0,30000.0,31350.0,39463.0,4.152823920265781,10854550,6676100,916232200,290221700,12839900,0,870152450,340992200,1223984550
2020-09-08,31600.0,31800.0,30950.0,31050.0,18024.0,-0.9569377990430622,36859550,5631500,491142550,28452400,26277400,0,365140400,170668200,562086000
2020-09-09,30900.0,30950.0,30600.0,30650.0,13977.0,-1.288244766505636,7476650,5212000,388641800,28793950,11852200,0,309882250,108389950,430124400
2020-09-10,31000.0,31600.0,30650.0,31450.0,24458.0,2.6101141924959217,24448650,2468450,700986150,36049900,43094700,0,642220700,78637750,763953150
2020-09-11,31450.0,31450.0,30450.0,30900.0,31384.0,-1.7488076311605723,49579700,927000,807994500,107184850,56541050,0,773393200,135751800,965686050
2020-09-14,31000.0,31350.0,30700.0,31250.0,23637.0,1.132686084142395,8442600,309000,636906200,87271450,162841650,0,502175800,67911800,732929250
2020-09-15,31500.0,31500.0,31200.0,31500.0,17095.0,0.8,406900,31381400,462337250,42458500,17076650,0,498710000,20797400,536584050
2020-09-16,31450.0,31750.0,31150.0,31350.0,13909.0,-0.4761904761904762,9015900,3449000,385872900,38502800,2538500,0,335780650,98521450,436840600
2020-09-17,31600.0,31600.0,30800.0,30900.0,9620.0,-1.4354066985645932,123600,924000,288956900,8204550,216300,0,197388350,100604400,298209050
2020-09-18,30750.0,31100.0,30700.0,30900.0,7255.0,0.0,710700,309000,220871100,1938150,8648600,3090000,143073400,69016950,223828950
2020-09-21,31050.0,31050.0,30200.0,30600.0,14513.0,-0.9708737864077669,122400,0,412579750,32307150,61200,0,367185950,77762150,445009300
2020-09-22,30700.0,30700.0,29450.0,29550.0,24251.0,-3.431372549019608,6569450,1482500,649509750,62562450,6492000,21861650,634514650,57255850,720124150
2020-09-23,29650.0,30000.0,29200.0,29600.0,9955.0,0.1692047377326565,8730600,0,238667700,47086300,8767800,0,242891700,42825100,294484600
2020-09-24,29200.0,29700.0,28550.0,28550.0,12118.0,-3.5472972972972974,0,0,331900050,18989850,0,0,306964900,43925000,350889900
2020-09-25,29250.0,29500.0,28800.0,28800.0,11319.0,0.8756567425569177,115200,4783850,282595900,42486450,3501750,0,289146300,37333350,329981400
2020-09-28,28550.0,29400.0,28550.0,29150.0,13939.0,1.215277777777778,145750,0,320345850,82331500,349800,0,390862250,11611050,402823100
2020-09-29,29400.0,29400.0,28900.0,29100.0,12090.0,-0.17152658662092624,8715700,1162000,322888150,18967800,87537000,0,186166700,78029950,351733650
2020-10-05,29050.0,29650.0,29000.0,29650.0,8914.0,1.8900343642611683,0,0,188273000,72947950,118600,1457500,253491400,6153450,261220950
2020-10-06,29800.0,30050.0,29500.0,29950.0,7852.0,1.0118043844856661,0,0,196017250,38665400,685950,269100,193485150,40242450,234682650
2020-10-07,29750.0,30350.0,29700.0,30150.0,5975.0,0.667779632721202,17582450,150500,121793350,39943400,451050,4809650,118487350,55721650,179469700
2020-10-08,30300.0,30700.0,30000.0,30600.0,15993.0,1.4925373134328357,134294700,152750,282177800,71347700,99136550,121000,374537550,14177850,487972950
2020-10-12,31000.0,31000.0,30350.0,30500.0,8542.0,-0.32679738562091504,518500,4808450,248851200,7568600,39436850,0,178535400,43774500,261746750
2020-10-13,30850.0,30900.0,30000.0,30200.0,9223.0,-0.9836065573770493,11621550,0,249173300,17445600,32193850,0,203604400,42442200,278240450
2020-10-14,30400.0,30400.0,29800.0,29800.0,8301.0,-1.3245033112582782,0,751300,229187300,18502100,16511600,0,141113300,90815800,248440700
2020-10-15,30750.0,30750.0,29600.0,29850.0,12038.0,0.16778523489932887,2072300,148750,345152100,13057800,23243000,8940050,236818450,91429450,360430950
2020-10-16,30200.0,30450.0,29350.0,29350.0,18612.0,-1.675041876046901,9091100,0,507405050,39406000,49912500,3188600,430760800,72040250,555902150
2020-10-19,29500.0,29650.0,29300.0,29400.0,4846.0,0.17035775127768313,117600,0,105547750,36818300,11805450,2930000,109875500,17872700,142483650
2020-10-20,29400.0,29600.0,28950.0,29450.0,10135.0,0.17006802721088435,2164950,0,280886450,12427600,16477000,5800000,199178100,74023900,295479000
2020-10-21,29250.0,30300.0,29250.0,30150.0,14297.0,2.3769100169779285,150648150,0,220305100,56978600,1429950,0,405070950,21430950,427931850
2020-10-22,30300.0,31300.0,29700.0,30800.0,53622.0,2.155887230514096,8960900,3803850,1563536750,75537500,10706500,0,1477119650,164012850,1651839000
2020-10-23,31250.0,31250.0,30200.0,30500.0,18776.0,-0.974025974025974,10110500,916500,524977200,38472900,549000,0,441279650,132648450,574477100
2020-10-26,30450.0,30700.0,28900.0,29000.0,30365.0,-4.918032786885246,5747700,1541850,828338550,62014200,13715050,747500,849381200,33798550,897642300
2020-10-27,28650.0,29150.0,28600.0,29000.0,10621.0,0.0,28900,727500,290423200,15788500,1187350,0,264323300,41457450,306968100
2020-10-28,29300.0,29300.0,28850.0,28950.0,6217.0,-0.1724137931034483,0,0,154779000,25333900,1129250,0,140063600,38920050,180112900
2020-10-29,28850.0,28950.0,28450.0,28650.0,7192.0,-1.0362694300518136,1033250,0,184791350,19894000,8513500,2845000,138488600,55871500,205718600
2020-10-30,28800.0,28850.0,28300.0,28300.0,10907.0,-1.2216404886561953,228600,2850000,296607500,11614700,134141650,0,96052550,81106600,311300800
2020-11-02,28800.0,28850.0,28350.0,28750.0,3864.0,1.5901060070671376,201250,0,109856900,597400,0,0,93262700,17392850,110655550
2020-11-03,28800.0,29500.0,28750.0,29250.0,10534.0,1.7391304347826086,263050,0,278803850,26830850,31209900,1437500,257963850,15286500,305897750
2020-11-04,29550.0,29650.0,29250.0,29550.0,8603.0,1.0256410256410255,22670250,3367200,198710800,28606800,26583700,0,214051750,12719600,253355050
2020-11-05,29750.0,29900.0,29350.0,29750.0,5183.0,0.676818950930626,0,1519750,134076150,18487300,15369400,0,129198700,9515100,154083200
2020-11-06,29900.0,30250.0,29650.0,30200.0,11841.0,1.5126050420168067,30200,0,285053900,70342050,15550850,1540200,309889350,28445750,355426150
2020-11-09,30300.0,30300.0,29950.0,30100.0,5656.0,-0.33112582781456956,1265000,8080200,153562400,7119500,240400,0,131220650,38566050,170027100
2020-11-10,30200.0,30550.0,29900.0,30300.0,11903.0,0.6644518272425249,30300,599000,280766600,78304850,1060150,0,328277300,30363300,359700750
2020-11-11,30500.0,30950.0,30200.0,30800.0,15071.0,1.65016501650165,30800,9240000,337509650,115289800,616000,8200800,442492350,10761100,462070250
2020-11-12,30900.0,30950.0,30500.0,30800.0,6036.0,0.0,1417000,0,159609950,24683950,491600,0,165689800,19529500,185710900
2020-11-13,30800.0,30850.0,30300.0,30350.0,10861.0,-1.461038961038961,1913900,0,317534950,11103500,30350,3035000,272085850,55401150,330552350
2020-11-16,30350.0,31500.0,30300.0,31200.0,27532.0,2.800658978583196,62400,9300000,572513600,271879250,375650,12395000,789467250,51517350,853755250
2020-11-17,31250.0,31250.0,30400.0,30650.0,19114.0,-1.7628205128205128,2166250,0,532758450,54723850,30958850,0,419133450,139556250,589648550
2020-11-18,30550.0,32000.0,30550.0,31100.0,25210.0,1.468189233278956,7311650,4532850,682604650,91326050,8341450,0,655203450,122230300,785775200
2020-11-19,30950.0,31600.0,30900.0,31450.0,12597.0,1.1254019292604502,2683050,250800,364061050,27201800,34142800,0,329484050,30569850,394196700
2020-11-20,31450.0,31950.0,31050.0,31450.0,15475.0,0.0,5828200,19817750,393253150,69015300,3043150,3145000,449510750,32215500,487914400
2020-11-23,31850.0,31900.0,31100.0,31400.0,12333.0,-0.1589825119236884,2719900,7841550,310874400,63977800,1784050,0,325633250,57996350,385413650
2020-11-24,31600.0,31700.0,30850.0,31050.0,23171.0,-1.1146496815286624,8086000,0,535718500,177269600,8472700,10887650,673033050,28680700,721074100
2020-11-25,31350.0,31500.0,30500.0,30650.0,14626.0,-1.288244766505636,1802450,1562500,384610200,65024000,7358250,0,311057750,134583150,452999150
2020-11-26,30700.0,31850.0,30700.0,31350.0,20947.0,2.2838499184339316,55629200,14215000,450551100,137537400,66947200,0,538948750,52036750,657932700
2020-11-27,31350.0,31350.0,31050.0,31250.0,12070.0,-0.3189792663476874,0,0,342619450,33992400,62489050,3115000,267156500,43851300,376611850
2020-11-30,31800.0,32250.0,31550.0,31850.0,31158.0,1.92,127200,64433700,807605000,120118050,64080300,190800,828009250,100003600,992283950
2020-12-01,31850.0,31900.0,31400.0,31700.0,15649.0,-0.47095761381475665,0,0,447245400,46920650,76609000,0,386454800,31102250,494166050
2020-12-02,31900.0,31900.0,31400.0,31600.0,13928.0,-0.31545741324921134,0,0,389341400,50961000,115586200,3170000,277438400,44107800,440302400
2020-12-03,31600.0,31600.0,31000.0,31250.0,12855.0,-1.1075949367088607,0,0,373520650,27549750,62848300,0,333614850,4607250,401070400
2020-12-04,31250.0,31700.0,31000.0,31200.0,16559.0,-0.16,0,0,450594050,65879300,197034200,3115000,274465400,41858750,516473350
2020-12-07,31400.0,31750.0,31000.0,31700.0,22749.0,1.6025641025641024,0,29987000,472128600,212454000,95185250,1585000,587414500,30384850,714569600
2020-12-08,31800.0,31900.0,31150.0,31200.0,9298.0,-1.5772870662460567,2000000,0,267603550,22546050,64920200,3125000,182384250,41720150,292149600
2020-12-09,31200.0,31500.0,31050.0,31500.0,14237.0,0.9615384615384616,31150,31250,378742700,66263000,99213250,31375000,224458450,90021400,445068100
2020-12-10,31500.0,31550.0,31250.0,31550.0,12874.0,0.15873015873015872,2770500,0,348096200,53074600,95772850,3130000,284501250,20537200,403941300
2020-12-11,31600.0,32100.0,31500.0,32050.0,27526.0,1.5847860538827259,0,41310250,626725150,207716550,97309950,16556000,729008950,32877050,875751950
2020-12-14,32050.0,32450.0,31900.0,32250.0,16566.0,0.62402496099844,64300,2275750,437544100,92395100,5209200,5512450,488206150,33351450,532279250
2020-12-15,32400.0,32700.0,31800.0,31950.0,15124.0,-0.9302325581395349,2006550,0,461283400,21739250,64277650,36580850,295981300,88189400,485029200
2020-12-16,32100.0,32100.0,31700.0,31900.0,10602.0,-0.1564945226917058,0,0,317374900,20205600,87942650,7676000,226163950,15797900,337580500
2020-12-17,31750.0,32000.0,31450.0,31750.0,18453.0,-0.4702194357366771,473850,315000,568234750,14267500,92974100,2643800,369245750,118427450,583291100
2020-12-18,31750.0,31750.0,31300.0,31650.0,14296.0,-0.31496062992125984,0,532950,378326300,71005800,98477050,52341000,218178050,80868950,449865050
2020-12-21,31500.0,31700.0,31300.0,31450.0,11740.0,-0.631911532385466,31450,3165000,346664550,19407500,20037850,0,322503100,26727550,369268500
2020-12-22,31550.0,31550.0,31000.0,31050.0,22408.0,-1.2718600953895072,62100,31200000,654161050,14219550,62606200,0,590305950,46730550,699642700
2020-12-23,30900.0,31200.0,30650.0,30900.0,14030.0,-0.4830917874396135,2057100,3080000,409388100,18425950,73652750,0,305371750,53926650,432951150
2020-12-24,30900.0,31150.0,30900.0,31050.0,10172.0,0.48543689320388345,0,0,291313500,24192750,64079200,2105600,233691600,15629850,315506250
2020-12-28,31300.0,31300.0,30950.0,31050.0,13142.0,0.0,0,0,399847650,7734350,63606650,0,286280250,57695100,407582000
2020-12-29,31000.0,31100.0,30650.0,30900.0,9382.0,-0.4830917874396135,185550,0,282375350,7710300,65157450,3317000,197961150,23835600,290271200
2020-12-30,31300.0,31300.0,30800.0,31200.0,12717.0,0.9708737864077669,0,0,379963900,13625800,63266200,20209200,293029550,17084750,393589700
2021-01-04,31100.0,31250.0,30800.0,30950.0,17561.0,-0.8012820512820512,0,0,512739900,31298250,62737250,0,470667650,10633250,544038150
2021-01-05,30950.0,31550.0,30900.0,31400.0,24309.0,1.4539579967689822,0,0,546053250,213817350,66100100,0,673144200,20626300,759870600
2021-01-06,31650.0,33900.0,31400.0,33150.0,81452.0,5.573248407643312,7198400,17870000,2007585300,649170950,117230550,72265850,2357682700,134645550,2681824650
2021-01-07,33200.0,33800.0,32500.0,33200.0,54065.0,0.1508295625942685,4118500,1670000,1612996150,164139850,75548300,44434750,1308106500,354834950,1782924500
2021-01-08,33700.0,33700.0,32800.0,33200.0,25734.0,0.0,2904750,0,794616250,56460000,109240800,0,658354150,86386050,853981000
2021-01-11,33300.0,33450.0,32300.0,32450.0,36453.0,-2.2590361445783134,65050,0,958764700,232100250,101494850,325750,910308150,178801250,1190930000
2021-01-12,32450.0,33450.0,32200.0,33400.0,40867.0,2.9275808936825887,10110550,0,1047539800,292720800,119528150,1908200,1136181050,92753750,1350371150
2021-01-13,33400.0,33600.0,33050.0,33450.0,17030.0,0.14970059880239522,3458800,0,509372700,55081850,102735250,0,316128950,149049150,567913350
2021-01-14,33300.0,34900.0,33200.0,34500.0,57458.0,3.1390134529147984,2165800,5230850,1671659800,290499950,105642450,0,1606187000,257726950,1969556400
2021-01-15,34800.0,34850.0,33950.0,34250.0,30116.0,-0.7246376811594203,7762150,293977200,587118850,142358000,250978400,34100,639080450,141123250,1031216200
2021-01-18,34250.0,35250.0,33800.0,34600.0,41240.0,1.0218978102189782,0,254774450,968297650,205999300,154750550,0,1126927100,147393750,1429071400
2021-01-19,34600.0,34800.0,34200.0,34650.0,16341.0,0.1445086705202312,103950,158755750,335135000,70336250,150136500,0,347678250,66516200,564330950
2021-01-20,34600.0,34950.0,34000.0,34700.0,18258.0,0.1443001443001443,173500,6644500,562029150,61000850,181660550,0,372246650,75940800,629848000
2021-01-21,35000.0,36500.0,34550.0,35900.0,45232.0,3.45821325648415,179050,18130500,1526228350,78786950,84466400,104250,1429374300,109379900,1623324850
2021-01-22,35900.0,36350.0,35250.0,35300.0,22920.0,-1.6713091922005572,35300,0,724519150,96499200,180012200,0,556847550,84193900,821053650
2021-01-25,35300.0,35500.0,34900.0,35050.0,17712.0,-0.708215297450425,4013350,0,564997450,54255400,164529500,40560300,347031350,71145050,623266200
2021-01-26,35150.0,35650.0,34600.0,34700.0,17804.0,-0.9985734664764622,69300,0,523119900,97847350,186975550,0,405013650,29047350,621036550
2021-01-27,34500.0,35000.0,34000.0,34500.0,31520.0,-0.5763688760806917,2077950,461760000,452941500,167115700,241454650,0,818200450,24240050,1083895150
2021-01-28,34000.0,34400.0,33550.0,34050.0,24671.0,-1.3043478260869565,2676300,120159000,644438300,67737450,236574950,1081600,530619400,66735100,835011050
2021-01-29,34050.0,34050.0,32350.0,32600.0,28672.0,-4.258443465491924,4755850,197371350,676466950,70633250,70893750,38437000,711567550,128329100,949227400
2021-02-01,32300.0,32600.0,32000.0,32550.0,19942.0,-0.15337423312883436,260100,0,551199550,93476700,253355150,12950000,325466300,53164900,644936350
2021-02-02,32650.0,33500.0,32650.0,33300.0,13188.0,2.3041474654377883,199550,3292500,405590250,27139200,128447300,0,283113350,24660850,436221500
2021-02-03,34000.0,34000.0,33000.0,33250.0,16631.0,-0.15015015015015015,1396550,0,507002600,45226850,174720050,0,364437900,14468050,553626000
2021-02-04,33350.0,33450.0,32700.0,32950.0,16292.0,-0.9022556390977444,1776700,0,487187950,47737600,149289150,4952500,323525000,58935600,536702250
2021-02-05,33300.0,36600.0,32950.0,36100.0,120079.0,9.559939301972687,6266250,5976750,3463027500,782384300,289739700,200423700,3590367650,177123750,4257654800
2021-02-08,37200.0,39600.0,36600.0,37200.0,163349.0,3.0470914127423825,60451950,4808200,5583329400,537144500,274056750,69171300,5207347500,635158500,6185734050
2021-02-09,37800.0,37800.0,35550.0,36300.0,57742.0,-2.4193548387096775,9919400,0,1975690950,111046950,318211900,0,1601039000,177406400,2096657300
2021-02-10,36150.0,36650.0,35400.0,35400.0,32571.0,-2.479338842975207,15621450,0,936851000,216922650,179391600,0,925113500,64890000,1169395100
2021-02-15,35400.0,36450.0,35000.0,36250.0,36608.0,2.401129943502825,12509600,212400,1153402200,145037150,4219050,9680750,1169111800,128149750,1311161350
2021-02-16,36400.0,41150.0,36400.0,40750.0,278926.0,12.413793103448276,12156850,44393400,9654668550,1337200550,405689750,100287400,9841199050,701243150,11048419350
2021-02-17,40850.0,43800.0,39300.0,43700.0,169752.0,7.2392638036809815,111512100,64713750,5950197300,881731750,459106950,153074600,5477668000,918305350,7008154900
2021-02-18,43500.0,43650.0,40750.0,40950.0,79850.0,-6.292906178489703,8351450,3106400,3102341350,248919750,478394200,0,2147025450,737299300,3362718950
2021-02-19,41500.0,42800.0,39550.0,40750.0,64871.0,-0.4884004884004884,317964150,0,1978407950,343294300,417706550,1600700,1832074850,388284300,2639666400
2021-02-22,41350.0,43350.0,41000.0,41000.0,57619.0,0.6134969325153374,324942700,844000,1818650900,275061250,417869200,11568000,1686493850,303567800,2419498850
2021-02-23,41000.0,41400.0,39150.0,39650.0,48797.0,-3.2926829268292686,31330800,0,1562583300,362919700,412708000,328300,1396647000,147150500,1956833800
2021-02-24,39600.0,39950.0,37500.0,37800.0,49873.0,-4.665825977301387,12172650,224584550,1311585850,372102000,399787550,1952500,1320973300,197731700,1920445050
2021-02-25,38450.0,39000.0,37400.0,38750.0,27381.0,2.513227513227513,6135800,1912500,779863350,258078000,5956500,1279700,834525450,204228000,1045989650
2021-02-26,37700.0,38150.0,36700.0,37250.0,42861.0,-3.870967741935484,1040200,0,1440688650,153213500,373979650,39697000,905430050,275835650,1594942350
2021-03-02,37500.0,39350.0,37400.0,38500.0,44266.0,3.3557046979865772,154000,11549700,1347407900,342450150,384201650,0,1060115250,257244850,1701561750
2021-03-03,38500.0,38850.0,37500.0,38400.0,25369.0,-0.2597402597402597,341700,641250,884584900,77338050,275846150,0,469427200,217632550,962905900
2021-03-04,38300.0,38350.0,37300.0,37550.0,23836.0,-2.213541666666667,6203850,9988300,642269700,238522050,18112000,0,764664750,114207150,896983900
2021-03-05,37550.0,46200.0,36350.0,46200.0,121399.0,23.03595206391478,92400,93971200,5097160350,87222600,185542000,0,4847353200,245551350,5278446550
2021-03-08,53000.0,54100.0,42650.0,42650.0,522932.0,-7.683982683982683,605986150,231073950,23377280550,671705950,1285727350,14930200,21535836300,2049552750,24886046600
2021-03-09,42500.0,42500.0,39550.0,40700.0,146785.0,-4.572098475967175,116949400,4489450,5096580750,740262350,557357950,443300,4623716850,776763850,5958281950
2021-03-10,41100.0,41450.0,39600.0,39600.0,52985.0,-2.7027027027027026,321900,245700,2057503000,67898700,158400,0,1787168150,338642750,2125969300
2021-03-11,39500.0,41100.0,39500.0,40900.0,23816.0,3.2828282828282833,0,0,807247500,152022800,122700,0,838720950,120426650,959270300
2021-03-12,41350.0,44500.0,40500.0,44500.0,121891.0,8.80195599022005,355283500,22452750,4302526600,566164100,3484200,141483000,4746426250,355033500,5246426950
2021-03-15,45000.0,49200.0,45000.0,47700.0,249125.0,7.191011235955057,89011700,121570550,10435472600,1081886100,411813200,209511000,9653047650,1453569100,11727940950
2021-03-16,47000.0,47350.0,45650.0,46200.0,66648.0,-3.1446540880503147,113465900,5310650,2802367350,174733150,74221300,36162450,2303671400,681821900,3095877050
2021-03-17,46300.0,53400.0,45500.0,50100.0,247001.0,8.441558441558442,323521300,156316000,10690362800,1071934300,61233100,264264250,10994241600,922395450,12242134400
2021-03-18,50600.0,59700.0,50000.0,57200.0,560368.0,14.171656686626747,309693900,88657400,28648926200,1903538900,1011488200,834412200,27125989900,1978926100,30950816400
2021-03-19,56300.0,58200.0,55600.0,57000.0,145018.0,-0.34965034965034963,2136700,65778200,7729084400,438639100,680415700,58409000,6715856400,780957300,8235638400
2021-03-22,57000.0,57100.0,53300.0,53700.0,140091.0,-5.7894736842105265,2033000,121476100,6836978700,666787200,52554500,106987700,6829076300,638656500,7627275000
2021-03-23,53900.0,54800.0,51700.0,52100.0,120755.0,-2.97951582867784,2394000,23940800,5487444100,893210700,61998000,5258000,5389477900,950255700,6406989600
2021-03-24,51100.0,52500.0,51000.0,51900.0,45964.0,-0.3838771593090211,9358400,512000,1924453200,434117200,17713800,0,2034044300,316682700,2368440800
2021-03-25,51300.0,51400.0,49300.0,50100.0,87461.0,-3.4682080924855487,11373250,0,3970055900,410686150,39113750,0,3941943650,411057900,4392115300
2021-03-26,49900.0,53300.0,49700.0,50300.0,107504.0,0.39920159680638717,6938700,1091600,5074330200,462633450,15646550,44511900,4811212700,673622800,5544993950
2021-03-29,50300.0,50400.0,48300.0,48550.0,90017.0,-3.4791252485089466,7185400,4910000,4116483750,278027250,3724550,0,3685476850,717405000,4406606400
2021-03-30,48650.0,51000.0,48550.0,50200.0,51166.0,3.398558187435633,0,499500,2265606700,295689250,17268800,0,2314807950,229718700,2561795450
2021-03-31,49700.0,50600.0,49550.0,49850.0,25595.0,-0.697211155378486,49850,19900000,1198628000,58850950,2044050,499000,1038158450,236727300,1277428800
2021-04-01,49900.0,50800.0,49500.0,49700.0,30972.0,-0.3009027081243731,62879500,0,1397525600,85085250,14858800,497000,1085125250,445009300,1545490350
2021-04-02,50200.0,50400.0,48700.0,50200.0,43493.0,1.0060362173038229,6324400,34821500,2004769150,109867550,6531650,0,1781349050,367901900,2155782600
2021-04-05,50500.0,50600.0,49450.0,49750.0,28217.0,-0.8964143426294822,14596500,5544500,1341665300,46338300,15182750,0,1156446100,236515750,1408144600
2021-04-06,49900.0,51200.0,49500.0,50300.0,54474.0,1.105527638190955,9571050,149850,2210400000,517338050,10526600,50950000,2336048350,339934000,2737458950
2021-04-07,50400.0,51000.0,49900.0,50400.0,26862.0,0.19880715705765406,78691400,151500,1211559200,61464500,18421100,0,1252560500,80885000,1351866600
2021-04-08,50700.0,53700.0,50100.0,53200.0,89944.0,5.555555555555555,18477900,0,4268640600,410221900,19033900,26500000,4360894700,290911800,4697340400
2021-04-09,53600.0,54200.0,52700.0,53400.0,51664.0,0.37593984962406013,8094000,0,2685067500,68669900,8338000,542000,2525946700,227004700,2761831400
2021-04-12,53400.0,53400.0,51600.0,52200.0,39335.0,-2.247191011235955,47647000,52200,1854385900,153961900,23757100,0,1930820800,101469100,2056047000
2021-04-13,52200.0,52400.0,50500.0,50500.0,52158.0,-3.256704980842912,3772900,0,2552724500,115983900,40883200,555500,2517272700,113769900,2672481300
2021-04-14,50400.0,51000.0,49500.0,50000.0,38432.0,-0.9900990099009901,78502750,652500,1724456450,117438900,161428300,200850,1681235150,78186300,1921050600
2021-04-15,50000.0,50900.0,49600.0,50200.0,18247.0,0.4,0,149100,906277700,11099800,27708700,0,835752700,54065200,917526600
2021-04-16,50000.0,52200.0,50000.0,51600.0,35605.0,2.788844621513944,373521300,0,1318796200,141492300,18426200,1016000,1667684700,146682900,1833809800
2021-04-19,52200.0,52600.0,50100.0,50600.0,32168.0,-1.937984496124031,11896400,0,1590148400,50179100,12569900,0,1416715100,222938900,1652223900
2021-04-20,50600.0,50700.0,50000.0,50600.0,17239.0,0.0,101200,0,690577300,175421100,100062200,0,759791800,6245600,866099600
2021-04-21,50300.0,50800.0,49900.0,50200.0,18111.0,-0.7905138339920948,100400,500000,859577300,46779650,50100,0,832929900,73977350,906957350
2021-04-22,50600.0,50600.0,49850.0,49950.0,15212.0,-0.49800796812749004,349800,1498500,742968650,15706300,33711450,0,690925900,35885900,760523250
2021-04-23,50000.0,50200.0,49500.0,49850.0,23432.0,-0.20020020020020018,38453850,2981000,1020825450,102614200,38585600,47592950,1063582100,15113850,1164874500
2021-04-26,49600.0,51000.0,49600.0,50500.0,20364.0,1.3039117352056169,9746600,0,863588000,155249650,9694700,1008000,994828050,23053500,1028584250
2021-04-27,50800.0,51000.0,49700.0,49950.0,19195.0,-1.089108910891089,7619700,5850900,918438000,27214600,7427000,0,850975250,100720950,959123200
2021-04-28,49900.0,49900.0,48750.0,48800.0,25455.0,-2.3023023023023024,13623750,3923000,1224758950,7943050,53342000,3447500,1003630000,189829250,1250248750
2021-04-29,48800.0,49500.0,48100.0,48450.0,20879.0,-0.7172131147540983,54693900,970500,783913850,175383300,93418950,0,872480350,49062250,1014961550
2021-04-30,48600.0,48950.0,47300.0,47450.0,28657.0,-2.063983488132095,50876700,1427500,1166755250,147613950,118492800,42806200,1046069350,159305050,1366673400
2021-05-03,46900.0,48250.0,46900.0,47600.0,13027.0,0.31612223393045313,28685900,0,392365150,200153050,28867850,524150,538553750,53258350,621204100
2021-05-04,48150.0,48150.0,46500.0,47300.0,20666.0,-0.6302521008403361,20583450,7928500,757299900,186925450,14724550,0,828057900,129954850,972737300
2021-05-06,47500.0,48850.0,47150.0,48300.0,20167.0,2.1141649048625792,124745150,0,495670500,347818050,95356000,0,810332750,62544950,968233700
2021-05-07,48300.0,49700.0,48300.0,49600.0,15734.0,2.691511387163561,19340400,7550550,551261450,197550700,18003800,0,722916850,34782450,775703100
2021-05-10,49800.0,50700.0,49300.0,50000.0,23318.0,0.8064516129032258,63268200,16234200,824675700,265650850,99300,148500,1071554850,98026300,1169828950
2021-05-11,50000.0,50500.0,49300.0,50100.0,15474.0,0.2,7243100,72364500,572913850,119209600,13692600,149700,619284750,138604000,771731050
2021-05-12,50100.0,50400.0,48650.0,49300.0,24142.0,-1.5968063872255487,43059500,112795500,931766850,100306750,79928950,0,745042650,362957000,1187928600
2021-05-13,48750.0,51700.0,48250.0,50400.0,60352.0,2.231237322515213,31867900,74566800,2034352150,921010000,30617450,9138000,2871741600,150299800,3061796850
2021-05-14,50900.0,51000.0,49900.0,50400.0,13653.0,0.0,10490350,251300,621213100,52953550,7177600,0,463127300,214603400,684908300
2021-05-17,50400.0,51900.0,49900.0,50300.0,34044.0,-0.1984126984126984,61257500,0,1346475500,320695850,32196700,12289700,1447476450,236466000,1728428850
2021-05-18,52000.0,52100.0,49800.0,50300.0,37533.0,0.0,354750,4527000,1800170050,94380400,61524200,0,1266494850,571413150,1899432200
2021-05-20,50200.0,50600.0,49900.0,50200.0,13476.0,-0.19880715705765406,803200,0,592847100,83019000,251000,151200,616065200,60201900,676669300
2021-05-21,50300.0,50600.0,49400.0,49500.0,15246.0,-1.394422310756972,28502000,2482500,690317900,38713200,27136950,0,561890650,170988000,760015600
2021-05-24,49400.0,50400.0,48950.0,49100.0,14332.0,-0.8080808080808081,95559650,983500,477272500,136104350,32510400,0,577133500,100276100,709920000
2021-05-25,49100.0,51500.0,48900.0,50500.0,46029.0,2.8513238289205702,196691300,8413000,964573350,1145931300,98628800,83329200,2107170400,26480550,2315608950
2021-05-26,50300.0,53000.0,50300.0,52400.0,79785.0,3.762376237623762,73624300,0,2972223400,1137606400,9881000,125614000,3870868100,177091000,4183454100
2021-05-27,52400.0,53500.0,51700.0,53100.0,36277.0,1.3358778625954197,130411300,535000,1533663600,248102500,5609200,11687000,1625616800,269799400,1912712400
2021-05-28,53400.0,55800.0,52300.0,55400.0,94071.0,4.3314500941619585,123401900,829500,4558597500,474258700,9576900,24016000,4648961200,474533500,5157087600
2021-05-31,56000.0,58100.0,54900.0,57100.0,83243.0,3.068592057761733,68472000,34614100,3992869400,644584200,183329600,4805000,4159818600,392586500,4740539700
2021-06-01,58300.0,64400.0,57700.0,61800.0,291333.0,8.231173380035026,156163200,412287800,13833871200,3648900100,251093900,815332100,15322958800,1661837500,18051222300
2021-06-02,62100.0,63100.0,59400.0,61100.0,111100.0,-1.132686084142395,82832900,277999000,5713105900,732434200,260817700,44931600,5232061900,1268560800,6806372000
2021-06-03,61000.0,62100.0,59700.0,60000.0,50649.0,-1.800327332242226,102223700,2125500,2611152300,352316500,90427900,10303000,2446615700,520471400,3067818000
2021-06-04,60100.0,62800.0,59400.0,60500.0,64703.0,0.8333333333333334,81237700,909500,3376182100,490087100,81561800,701203600,2546578000,619073000,3948416400
2021-06-07,62200.0,66600.0,61600.0,66600.0,172139.0,10.082644628099173,112435200,133119200,9014973200,1836407700,141502300,364878900,8814087100,1776467000,11096935300
2021-06-08,68000.0,75300.0,67300.0,75300.0,274160.0,13.063063063063062,215046100,27592000,16732271500,2550877700,427115400,117060500,15963960900,3017650500,19525787300
2021-06-09,75000.0,76500.0,67500.0,67500.0,277399.0,-10.358565737051793,497410900,12812300,17742796200,1735346500,494716100,451763800,16298339100,2743546900,19988365900
2021-06-10,66900.0,71200.0,64300.0,65300.0,158240.0,-3.259259259259259,394475200,56278000,8549960100,1744022000,350072700,1737081100,7372144900,1285436600,10744735300
2021-06-11,65300.0,67100.0,63700.0,67000.0,59946.0,2.6033690658499236,119963900,7436200,3272792300,553420200,89601600,5357400,3137456800,721196800,3953612600
2021-06-14,66100.0,67400.0,64600.0,65900.0,37272.0,-1.6417910447761193,77843900,0,2239005400,134780400,80019100,9803000,1954992600,406815000,2451629700
2021-06-15,66300.0,66300.0,63900.0,64800.0,32734.0,-1.669195751138088,106361200,0,1858538700,151805300,86695700,0,1830704000,199305500,2116705200
2021-06-16,64800.0,66200.0,63100.0,63300.0,39652.0,-2.314814814814815,123755000,698800,2294197000,126711700,89033400,0,2116406700,339922400,2545362500
2021-06-17,63300.0,63400.0,61300.0,62300.0,40951.0,-1.579778830963665,141773300,50176600,1958048400,393688200,69570200,315000,2273107500,200693800,2543686500
2021-06-18,62200.0,64100.0,61400.0,64000.0,37441.0,2.7287319422150884,46265500,46267800,2020321500,248959800,47523400,0,1505468700,808822500,2361814600
2021-06-21,63700.0,64800.0,62600.0,62900.0,33126.0,-1.7187500000000002,60649200,6430000,1998087900,42008600,24120600,28305000,1255728900,799021200,2107175700
2021-06-22,63100.0,64900.0,62600.0,64900.0,32377.0,3.1796502384737675,18261300,9765600,1981921200,59051200,78693300,666000,1521129700,468510300,2068999300
2021-06-23,66300.0,66300.0,61200.0,61600.0,67083.0,-5.084745762711865,117968500,945500,3889081500,202053400,162226600,258800,3003363800,1044199700,4210048900
2021-06-24,60900.0,61800.0,59400.0,60300.0,47715.0,-2.1103896103896105,62243200,92753500,2103044100,621488100,100948000,0,2561980900,216600000,2879528900
2021-06-25,59500.0,61400.0,59400.0,60300.0,21035.0,0.0,65658300,60300,1030485000,177454400,3820900,0,915928500,353908600,1273658000
2021-06-28,60900.0,61400.0,59900.0,60200.0,14619.0,-0.16583747927031509,10717000,904500,810037400,63013600,46792000,0,676514800,161365700,884672500
2021-06-29,60400.0,63600.0,59900.0,63200.0,39141.0,4.983388704318937,92946600,0,2238025100,119858200,14522100,1935200,2186585000,247787600,2450829900
2021-06-30,64400.0,64400.0,62000.0,62600.0,15382.0,-0.949367088607595,64201000,624800,866930300,36376800,2880900,190000,602038500,363023500,968132900
2021-07-01,62000.0,63900.0,62000.0,63600.0,16013.0,1.5974440894568689,101354700,31343000,794364900,81322500,27943300,1892000,915474400,63075400,1008385100
2021-07-02,64000.0,64700.0,63000.0,64700.0,16872.0,1.729559748427673,78789000,0,941096400,61063700,8276300,0,1026104300,46568500,1080949100
2021-07-05,65100.0,65900.0,63700.0,64800.0,22770.0,0.1545595054095827,47564700,0,1258352500,167555500,33640600,129800,1368449500,71252800,1473472700
2021-07-06,64800.0,65200.0,64000.0,65200.0,24215.0,0.6172839506172839,32468200,323803700,1015147800,190269200,294650700,130400,1138290800,128617000,1561688900
2021-07-07,65200.0,65200.0,63800.0,64300.0,19033.0,-1.3803680981595092,71026200,64700,1026008400,126480800,104141700,1288000,1008555300,109595100,1223580100
2021-07-08,64300.0,64300.0,62800.0,63000.0,18702.0,-2.021772939346812,1824100,0,961203900,222314500,60501700,3165000,994791000,126884800,1185342500
2021-07-09,62300.0,62900.0,60400.0,62700.0,27778.0,-0.4761904761904762,366486400,925200,950665100,395379600,109749600,0,1485883500,117823200,1713456300
2021-07-12,64500.0,74900.0,64500.0,70900.0,285537.0,13.078149920255184,205332700,177546700,16734719500,2903285700,203557200,93542600,17429493000,2294291800,20020884600
2021-07-13,70700.0,71500.0,69400.0,70200.0,271800.0,-0.9873060648801129,6712979600,70700,4571333800,7123137800,6764732900,6652971500,3597647400,1392170100,18407521900
2021-07-14,69600.0,69800.0,67400.0,68900.0,60882.0,-1.8518518518518516,34368200,0,3694834800,454437800,269373200,14554500,2719122900,1180590200,4183640800
2021-07-15,68300.0,69300.0,67000.0,67500.0,48654.0,-2.0319303338171264,56088700,0,3008242800,240437500,375549400,0,2180001400,749218200,3304769000
2021-07-16,67500.0,68200.0,66500.0,67500.0,32655.0,0.0,53689500,0,1867069700,272422800,345786400,0,1280587600,566808000,2193182000
2021-07-19,67000.0,67500.0,66200.0,67400.0,22605.0,-0.14814814814814814,25739400,0,1423504800,59829000,318678100,738000,866545300,323111800,1509073200
2021-07-20,66400.0,67500.0,66200.0,67100.0,20484.0,-0.44510385756676557,14039600,0,1223620200,131529800,29075200,46512600,1138710700,154891100,1369189600
2021-07-21,67200.0,68700.0,66900.0,67100.0,24502.0,0.0,8940300,0,1499008000,147766200,63027400,0,1182359800,410327300,1655714500
2021-07-22,67100.0,68400.0,66400.0,67700.0,26494.0,0.8941877794336811,19181300,0,1610575600,157171100,7366100,0,1329737900,449824000,1786928000
2021-07-23,68300.0,68900.0,67600.0,68300.0,16514.0,0.8862629246676514,6437900,0,1113811000,4425600,6515500,0,809628100,308530900,1124674500
2021-07-26,68100.0,69900.0,68000.0,68400.0,29373.0,0.14641288433382138,10087700,0,1627259500,386863900,10083800,0,1476869200,537258100,2024211100
2021-07-27,68400.0,69500.0,67000.0,67000.0,114732.0,-2.046783625730994,21326500,6365000000,1142872000,170241500,31469700,6365000000,675134800,627835500,7699440000
2021-07-28,66600.0,68500.0,66600.0,68300.0,19929.0,1.9402985074626864,17936800,347539700,880701200,95624300,3976600,0,1025816000,312009400,1341802000
2021-07-29,68200.0,69400.0,67600.0,69400.0,12369.0,1.610541727672035,276300,0,748254000,102517700,12275300,27540000,599989900,211242800,851048000
2021-07-30,69300.0,70500.0,69000.0,69300.0,21986.0,-0.1440922190201729,69300,69700,1345066600,185763600,207900,0,930415700,600345600,1530969200
2021-08-02,68100.0,70000.0,68000.0,69000.0,14585.0,-0.4329004329004329,55903400,124263200,618472900,206290900,19705800,346000,561177000,423701600,1004930400
2021-08-03,69000.0,69200.0,67100.0,68500.0,98344.0,-0.7246376811594203,88756400,4954883900,1308266700,372726500,47218500,4369682700,1487887400,819844900,6724633500
2021-08-04,68500.0,70500.0,67700.0,69500.0,32013.0,1.4598540145985401,36877200,0,1709434000,480620100,76345400,0,1594361600,556224300,2226931300
2021-08-05,69800.0,74300.0,69500.0,72400.0,134624.0,4.172661870503598,42743300,3336440400,4613639900,1648719400,42416700,3338195000,5300462800,960468500,9641543000
2021-08-06,72700.0,72700.0,69400.0,69900.0,56358.0,-3.4530386740331496,60476400,526932300,3168807500,207863000,50776600,0,2195676600,1717626000,3964079200
2021-08-09,70100.0,70100.0,67500.0,67800.0,35531.0,-3.004291845493562,29505300,205809900,2007355500,188884100,30802700,409200,1831344200,568998700,2431554800
2021-08-10,67800.0,69500.0,62700.0,66400.0,41904.0,-2.0648967551622417,147306300,66900,2332482800,325277600,140516900,0,2317943700,346673000,2805133600
2021-08-11,66300.0,66900.0,64100.0,64500.0,44013.0,-2.86144578313253,59129200,620128200,2139376300,91584600,50845700,0,2309708000,549664600,2910218300
2021-08-12,68500.0,72000.0,65000.0,65900.0,198461.0,2.1705426356589146,37566200,1346818400,11358536100,717468100,71013100,1342000,11686641700,1701392000,13460388800
2021-08-13,64700.0,65000.0,62100.0,63400.0,53435.0,-3.793626707132018,45750100,690400,2850318200,474020700,634100,0,2878344800,491800500,3370779400
2021-08-17,63100.0,65900.0,63000.0,64000.0,64479.0,0.9463722397476341,7058000,128200,3569987800,562754700,6930000,69075200,3624650300,439273200,4139928700
2021-08-18,63500.0,64000.0,62200.0,63200.0,25993.0,-1.25,19409600,626000,1260047800,362598100,18863100,0,1374249500,249568900,1642681500
2021-08-19,63200.0,63300.0,58500.0,59000.0,70394.0,-6.645569620253164,57824600,2181200,3538057000,674572600,64346700,98753100,3824552300,284983300,4272635400
2021-08-20,60100.0,60300.0,56200.0,57000.0,52802.0,-3.389830508474576,36364300,76542000,2336077600,593470900,35097400,195064600,2159246500,653046300,3042454800
2021-08-23,58000.0,58200.0,56500.0,57300.0,28488.0,0.5263157894736842,11269300,0,1233539800,391149200,187869200,150530300,1132661400,164897400,1635958300
2021-08-24,57100.0,59300.0,57100.0,58700.0,25597.0,2.4432809773123907,10748700,58550000,1111515400,315788800,113860000,0,1192739100,190003800,1496602900
2021-08-25,58700.0,58900.0,57700.0,58400.0,12954.0,-0.5110732538330494,19094300,58500000,602016700,74737400,16891400,57800,619030300,118368900,754348400
2021-08-26,59500.0,60000.0,58000.0,59100.0,26060.0,1.1986301369863013,8135000,0,1414872600,116530900,8089500,1791000,1338114500,191543500,1539538500
2021-08-27,59800.0,60900.0,59200.0,60600.0,24181.0,2.5380710659898478,20823400,32797600,1285054500,118325600,15636900,1690100,1356162000,83512100,1457001100
2021-08-30,61100.0,61200.0,59600.0,60000.0,14893.0,-0.9900990099009901,27213100,0,840884900,28417300,28290300,0,833585200,34639800,896515300
2021-08-31,60000.0,60500.0,59000.0,60300.0,16683.0,0.5,2368000,11880000,962328900,18899700,2372000,0,843481400,149623200,995476600
2021-09-01,60300.0,60900.0,59800.0,60200.0,12104.0,-0.16583747927031509,6982000,0,655272200,66310600,7383800,24086800,667635900,29458300,728564800
2021-09-02,60800.0,60800.0,59000.0,59800.0,15386.0,-0.6644518272425249,0,23792700,855677200,36521700,715200,0,824050000,91226400,915991600
2021-09-03,60300.0,62000.0,60300.0,61500.0,23414.0,2.842809364548495,61500,0,1277147000,157746700,608200,18746300,1328531500,87069200,1434955200
2021-09-06,62000.0,62100.0,61000.0,61600.0,10531.0,0.16260162601626016,3688700,0,609063100,35710800,860900,12200000,544135700,91266000,648462600
2021-09-07,61900.0,62600.0,61400.0,62400.0,11478.0,1.2987012987012987,0,26286000,624355800,62792500,12566800,372900,643394000,57100600,713434300
2021-09-08,62300.0,62400.0,60500.0,60500.0,18648.0,-3.0448717948717947,30345600,0,869458400,239814900,242400,0,1040573000,98803500,1139618900
2021-09-09,60300.0,60800.0,59200.0,59500.0,13777.0,-1.6528925619834711,22941200,7156000,742824900,49279600,15171700,0,765329900,41700100,822201700
2021-09-10,59500.0,60200.0,58300.0,59000.0,18210.0,-0.8403361344537815,177200,41771300,879696200,149832500,177000,0,930816100,140484100,1071477200
2021-09-13,59000.0,59300.0,57000.0,57300.0,25159.0,-2.8813559322033897,229300,0,1277713000,175786400,2338500,0,1247494700,203895500,1453728700
2021-09-14,57300.0,60800.0,56000.0,57500.0,41179.0,0.34904013961605584,114900,2865000,1672830000,739555800,147852700,59986900,2076625400,130900700,2415365700
2021-09-15,56800.0,56800.0,52800.0,53000.0,111505.0,-7.82608695652174,42810100,30250800,5494831200,425916800,106000,30240000,5071135500,892327400,5993808900
2021-09-16,53400.0,53600.0,52000.0,53000.0,31363.0,0.0,53513500,0,1228322600,372414000,0,0,1503809100,150441000,1654250100
2021-09-17,52600.0,54300.0,52600.0,53400.0,19863.0,0.7547169811320755,12315400,8070800,720651300,320723500,72892900,0,854259600,134608500,1061761000
2021-09-23,53500.0,54000.0,52500.0,53400.0,17997.0,0.0,72507200,2655000,755106200,128218000,106800,0,821018300,137361300,958486400
2021-09-24,53700.0,54000.0,52900.0,53100.0,16262.0,-0.5617977528089888,2656300,0,761556100,102775200,0,0,771604200,95383400,866987600
2021-09-27,53400.0,53600.0,52500.0,53100.0,10404.0,0.0,4047000,16517000,466057600,65077000,0,0,471857500,79841100,551698600
2021-09-28,53300.0,53300.0,51200.0,51900.0,30236.0,-2.2598870056497176,1555100,0,1324387700,247204900,59264400,0,1184492000,329391300,1573147700
2021-09-29,50700.0,51300.0,49850.0,50700.0,36189.0,-2.312138728323699,1967100,0,1077330550,742376450,0,100320300,1617345700,104008100,1821674100
2021-09-30,51400.0,51400.0,50300.0,50800.0,11766.0,0.19723865877712032,914300,0,497236000,98213800,50800,273780000,212616300,109917000,596364100
2021-10-01,50300.0,50700.0,49450.0,49900.0,27069.0,-1.7716535433070866,5352650,0,1019828700,325499350,11682400,12024000,1176010550,150963750,1350680700
2021-10-05,49050.0,49600.0,48000.0,48500.0,24214.0,-2.80561122244489,11384400,0,645947900,522910800,195550,1021650,1038336350,140689550,1180243100
2021-10-06,48500.0,49200.0,46200.0,46200.0,25069.0,-4.742268041237113,12782550,47100,939585100,232596200,46200,0,762213800,422750950,1185010950
2021-10-07,46200.0,49500.0,46200.0,49050.0,21937.0,6.1688311688311686,8781150,49150,386473350,658387400,2958300,4715000,902549100,143468650,1053691050
2021-10-08,49500.0,50200.0,48700.0,49700.0,6547.0,1.325178389398573,20420900,0,185405950,118052100,298200,49300,217323900,106207550,323878950
2021-10-12,49550.0,50200.0,48750.0,49700.0,8300.0,0.0,20102850,48800000,297350150,44069500,0,7444650,267206850,135671000,410322500
2021-10-13,49450.0,50700.0,49300.0,50200.0,5398.0,1.0060362173038229,701350,1002000,168349900,100102100,0,0,189632200,80523150,270155350
2021-10-14,50600.0,50900.0,49900.0,50200.0,7803.0,0.0,11814400,0,327519800,52971900,0,50700,322332400,69923000,392306100
2021-10-15,51000.0,51000.0,49950.0,50200.0,8370.0,0.0,4860600,551100,366618200,48085150,222603650,5566000,130163900,61781500,420115050
2021-10-18,49850.0,50500.0,49550.0,50000.0,5592.0,-0.398406374501992,450000,2991000,218684850,57279850,52497900,5973800,164192200,56741800,279405700
2021-10-19,49700.0,50500.0,49700.0,49800.0,4861.0,-0.4,25267900,5000000,141470300,71391450,49800,0,201577600,41502250,243129650
2021-10-20,50300.0,51000.0,49350.0,49400.0,6159.0,-0.8032128514056224,148200,0,294411400,10981400,98850,998000,199975450,104468700,305541000
2021-10-21,49800.0,50000.0,48800.0,49050.0,8597.0,-0.708502024291498,17910800,49600,344181800,60503250,0,0,371949000,50696450,422645450
2021-10-22,48800.0,49200.0,48400.0,48500.0,9317.0,-1.1213047910295617,97000,0,418586000,34635150,0,0,368755650,84562500,453318150
2021-10-25,48500.0,48650.0,47900.0,48000.0,7952.0,-1.0309278350515463,144400,0,234918550,148283750,0,4840000,359989700,18517000,383346700
2021-10-26,47850.0,49100.0,47850.0,48350.0,12097.0,0.7291666666666666,48350,0,492134650,93781000,0,0,561899150,24064850,585964000
2021-10-27,48350.0,48500.0,47500.0,47950.0,9835.0,-0.8273009307135472,0,0,425733550,44699100,335200,0,420941850,49155600,470432650
2021-10-28,48050.0,49100.0,47500.0,48350.0,7552.0,0.8342022940563086,0,0,309059400,55499350,96450,0,264471900,99990400,364558750
2021-10-29,48350.0,48500.0,47550.0,47700.0,7354.0,-1.344364012409514,0,0,345526900,6361700,95400,0,215972400,135820800,351888600
2021-11-01,47950.0,47950.0,46000.0,46700.0,17885.0,-2.0964360587002098,374000,181773450,604582700,48259100,0,12090000,734453250,88446000,834989250
2021-11-02,46750.0,48600.0,46750.0,48050.0,11409.0,2.890792291220557,7838950,0,283329400,257308450,0,0,515761550,32715250,548476800
2021-11-03,48300.0,48650.0,47550.0,48000.0,5353.0,-0.10405827263267431,9322300,50656000,182420400,14715950,5597500,0,152385500,99131650,257114650
2021-11-04,48000.0,48350.0,46500.0,46950.0,13291.0,-2.1875,1280550,166219750,408334600,51396200,0,282300,566330450,60618350,627231100
2021-11-05,46950.0,47600.0,46650.0,47300.0,7807.0,0.7454739084132056,236500,95475150,201336850,69377250,141350,0,261094250,105190150,366425750
2021-11-08,47300.0,47300.0,45100.0,45550.0,19367.0,-3.699788583509514,5729200,131258250,620978250,124704800,0,0,785580300,97090200,882670500
2021-11-09,45550.0,46150.0,44900.0,45150.0,12678.0,-0.8781558726673985,45150,112274950,398323050,62435750,0,0,499818550,73260350,573078900
2021-11-10,44950.0,45150.0,43750.0,43950.0,25732.0,-2.6578073089700998,87750,276855000,635855950,221018300,0,0,921681500,212135500,1133817000
2021-11-11,43600.0,45500.0,43600.0,44350.0,11646.0,0.9101251422070534,399150,8990000,348998400,162331450,89294100,3052000,379699100,48673800,520719000
2021-11-12,44350.0,46350.0,44200.0,46000.0,10335.0,3.720405862457723,4670500,0,309644100,154786550,6171300,0,444360200,18569650,469101150
2021-11-15,46200.0,47200.0,45000.0,46950.0,9545.0,2.0652173913043477,373550,0,347792400,92586600,421700,0,365239800,75091050,440752550
2021-11-16,46650.0,47000.0,46000.0,46500.0,6377.0,-0.9584664536741214,604750,0,242641300,52330200,232500,0,226880400,68463350,295576250
2021-11-17,46300.0,46650.0,45300.0,45800.0,7672.0,-1.5053763440860215,3467300,18210000,307545450,21302700,412200,45650,189381850,160685750,350525450
2021-11-18,46300.0,46300.0,44500.0,45900.0,10670.0,0.21834061135371177,0,13697900,339050850,132061850,4170200,0,393756200,86884200,484810600
2021-11-19,45600.0,46200.0,45000.0,45750.0,14037.0,-0.32679738562091504,4469100,135300,562861850,72669150,1278250,0,480743600,158113550,640135400
2021-11-22,45300.0,45600.0,44050.0,44250.0,16028.0,-3.278688524590164,0,190613850,446851000,73729300,5934000,0,606419050,98841100,711194150
2021-11-23,44250.0,44600.0,43850.0,44100.0,5032.0,-0.3389830508474576,1461450,0,179154250,42322300,20486600,0,179832300,22619100,222938000
2021-11-24,44800.0,44800.0,43950.0,44500.0,6786.0,0.9070294784580499,16302600,0,201277250,82878200,89000,0,288676450,11692600,300458050
2021-11-25,44300.0,45400.0,44250.0,44600.0,9949.0,0.22471910112359553,4430850,231379750,163096150,45230000,4476050,0,400108150,39552550,444136750
2021-11-26,45000.0,45000.0,43500.0,43900.0,16973.0,-1.5695067264573992,571450,356604900,380065200,7466200,219100,0,396033300,348455350,744707750
2021-11-29,42500.0,43400.0,42200.0,42750.0,15673.0,-2.619589977220957,2224800,203695950,337739700,125297800,2986050,0,592650650,73321550,668958250
2021-11-30,43400.0,43750.0,40150.0,40850.0,17911.0,-4.444444444444445,415650,171150700,437642400,143901050,292900,0,554286400,198530500,753109800
2021-12-01,40850.0,42150.0,40700.0,41800.0,10108.0,2.3255813953488373,1738650,48777950,135372550,232856100,918600,417000,358173500,59236150,418745250
2021-12-02,41050.0,43900.0,41050.0,43900.0,11329.0,5.023923444976076,2253400,0,315626600,170953300,566250,0,416196800,72070250,488833300
2021-12-03,44500.0,45900.0,44000.0,45250.0,17939.0,3.0751708428246016,586050,0,614560850,191960600,2468000,0,676633900,128005600,807107500
2021-12-06,44150.0,45300.0,43900.0,45150.0,6243.0,-0.22099447513812157,496000,0,255095100,22959250,1742500,0,202378250,74429600,278550350
2021-12-07,45100.0,45350.0,44650.0,45350.0,155962.0,0.4429678848283499,588500,6802500000,218294800,50242750,316100,6802544950,204735700,64029300,7071626050
2021-12-08,45500.0,46150.0,45250.0,45700.0,10275.0,0.7717750826901874,774100,0,417236050,50369100,1822300,0,365665800,100891150,468379250
2021-12-09,45400.0,47850.0,45400.0,47250.0,14225.0,3.391684901531729,8008000,0,588170150,67256250,613250,0,581761400,81059750,663434400
2021-12-10,46550.0,50200.0,46550.0,49650.0,38605.0,5.079365079365079,4608300,0,1359054400,538737200,3776700,0,1579426500,319196700,1902399900
2021-12-13,49650.0,49650.0,48400.0,48600.0,8934.0,-2.1148036253776437,98200,0,403591400,33023100,17595450,0,297261200,121856050,436712700
2021-12-14,48650.0,48900.0,47750.0,48100.0,5565.0,-1.02880658436214,1587100,0,262281850,4078150,3559400,0,204251150,60136550,267947100
2021-12-15,48100.0,48100.0,46700.0,47100.0,7946.0,-2.079002079002079,2210000,0,333110050,38814300,12712800,0,273659450,87762100,374134350
2021-12-16,47800.0,48350.0,46050.0,48050.0,13543.0,2.0169851380042463,667850,0,560982100,78403500,48050,4770000,505144450,130090950,640053450
2021-12-17,47900.0,49150.0,47750.0,48350.0,5260.0,0.6243496357960457,241750,4840000,229779150,19304800,2601600,146250,219510300,31907550,254165700
2021-12-20,48100.0,48100.0,46100.0,46150.0,10470.0,-4.550155118924509,3984850,0,424977600,62021000,646100,0,339941250,150396100,490983450
2021-12-21,46400.0,46900.0,45950.0,46650.0,5048.0,1.0834236186348862,326100,0,212648800,21134400,186600,0,183280300,50642400,234109300
2021-12-22,47300.0,47300.0,46100.0,46550.0,15211.0,-0.21436227224008575,245406900,81824550,377428150,555300,325850,0,659745500,45143550,705214900
2021-12-23,46650.0,48500.0,46100.0,48200.0,61921.0,3.544575725026853,190350,0,2502312250,385895900,192800,4800000,2825368750,58036950,2888398500
2021-12-24,48600.0,48600.0,46500.0,47000.0,31578.0,-2.4896265560165975,329000,0,1356604950,136496450,944887650,0,194533650,354009100,1493430400
2021-12-27,46950.0,46950.0,46050.0,46500.0,11519.0,-1.0638297872340425,511850,46850,515906250,18802700,139500,0,427449050,107679100,535267650
2021-12-28,46100.0,46800.0,45900.0,46250.0,31207.0,-0.5376344086021506,370416600,0,235971850,839634450,11985500,0,995871050,438166350,1446022900
2021-12-29,46250.0,47950.0,46100.0,47600.0,39326.0,2.918918918918919,522550,0,1498928700,338101100,615221550,7140000,463973550,751217250,1837552350
2021-12-30,47250.0,47750.0,47000.0,47350.0,4532.0,-0.5252100840336135,16107200,0,188596750,10059950,664000,0,141395000,72704900,214763900
2022-01-03,47350.0,47700.0,46050.0,47500.0,3901.0,0.31678986272439286,95100,0,182207150,2085400,1940600,946000,127713950,53787100,184387650
2022-01-04,47100.0,48150.0,46500.0,48100.0,7570.0,1.263157894736842,142350,0,250545500,106178750,234750,0,306446000,50185850,356866600
2022-01-05,48150.0,49600.0,47450.0,49000.0,14610.0,1.8711018711018712,19784100,0,619983100,72433000,777350,20577300,598381900,92463650,712200200
2022-01-06,49000.0,49400.0,48200.0,48550.0,11169.0,-0.9183673469387756,48550,0,512257150,32022550,1602150,3860000,425034900,113831200,544328250
2022-01-07,48550.0,49200.0,47800.0,47800.0,9139.0,-1.544799176107106,0,0,436295300,4584700,4304700,0,378167100,58408200,440880000
2022-01-10,48200.0,49500.0,48100.0,48850.0,18569.0,2.1966527196652716,537850,7333900,634787750,266902900,1074200,73701800,719660750,115125650,909562400
2022-01-11,49100.0,49100.0,47550.0,47700.0,7781.0,-2.3541453428863868,1543650,0,369569300,1341550,763550,0,185782200,185908750,372454500
2022-01-12,47700.0,48300.0,47400.0,47750.0,6527.0,0.10482180293501049,3052500,0,287932700,19879500,477350,0,281738300,28649050,310864700
2022-01-13,48500.0,48500.0,46850.0,47000.0,12006.0,-1.5706806282722512,659050,0,486568700,78016200,425000,0,532823750,31995200,565243950
2022-01-14,46550.0,47750.0,46250.0,47400.0,8922.0,0.851063829787234,159997700,0,225551650,34202050,9249700,0,323030800,87470900,419751400
2022-01-17,47700.0,47700.0,45600.0,45850.0,6440.0,-3.2700421940928273,1344800,0,291997750,4931450,504350,0,219942650,77827000,298274000
2022-01-18,45400.0,46250.0,44400.0,44400.0,7792.0,-3.162486368593239,625450,0,339862350,9596500,89500,0,265343350,84651450,350084300
2022-01-19,43600.0,44900.0,43600.0,44100.0,3593.0,-0.6756756756756757,927000,8775000,137245750,11275250,175000,6600000,111917900,39530100,158223000
2022-01-20,43650.0,45400.0,43650.0,45150.0,5200.0,2.380952380952381,179550,0,176183150,56697050,45150,0,198659250,34355350,233059750
2022-01-21,45000.0,45400.0,43800.0,44300.0,3496.0,-1.8826135105204873,354200,0,140980400,13269000,44300,0,116233450,38325850,154603600
2022-01-24,44300.0,44950.0,42500.0,42750.0,7509.0,-3.4988713318284423,1289100,0,311439950,11813800,0,0,236668700,87874150,324542850
2022-01-25,42750.0,43450.0,41000.0,41100.0,12269.0,-3.8596491228070176,1162600,330400,465261350,44645700,205500,0,394853500,116341050,511400050
2022-01-26,40600.0,42850.0,40600.0,42100.0,8288.0,2.4330900243309004,3981800,42300,269815000,72935850,417500,0,288564550,57792900,346774950
2022-01-27,42000.0,42400.0,40250.0,41000.0,19963.0,-2.6128266033254155,1312500,402037050,347762400,67578750,22895150,16300000,627228800,152266750,818690700
2022-01-28,41500.0,42950.0,40800.0,42800.0,9868.0,4.390243902439024,1279900,0,249876450,163409600,0,0,362257650,52308300,414565950
2022-02-03,43100.0,44350.0,43100.0,44250.0,11811.0,3.387850467289719,661150,87550000,323999700,106729400,0,350000,501380650,17209600,518940250
2022-02-04,43650.0,45500.0,43650.0,45000.0,6035.0,1.694915254237288,533900,67351200,113476200,87930250,1034250,0,241653450,26603850,269291550
2022-02-07,44750.0,46650.0,44300.0,46500.0,8659.0,3.3333333333333335,9967450,0,331455100,55640200,46500,0,325990800,71025450,397062750
2022-02-08,46500.0,47250.0,45500.0,46550.0,10302.0,0.10752688172043011,12179700,0,351079150,114249700,4112350,23109800,380778100,69508300,477508550
2022-02-09,46450.0,47050.0,46100.0,46600.0,3787.0,0.10741138560687433,698600,0,162585650,12388800,2456700,0,127677400,45538950,175673050
2022-02-10,46600.0,46950.0,45900.0,46850.0,5545.0,0.5364806866952789,93550,0,234328450,24037700,2647700,20027850,163113050,72671100,258459700
2022-02-11,46500.0,48300.0,46200.0,47450.0,16142.0,1.2806830309498398,2195900,0,687479050,78095250,3507500,805800,640957150,122499750,767770200
2022-02-14,46800.0,46950.0,45750.0,46450.0,10592.0,-2.107481559536354,8487400,114581650,314268300,52257950,92900,0,352338900,137163500,489595300
2022-02-15,46350.0,47600.0,45600.0,46950.0,12815.0,1.0764262648008611,0,56329600,348971100,191604500,326900,4740000,532469700,59368600,596905200
2022-02-16,47500.0,47500.0,46900.0,47100.0,6309.0,0.3194888178913738,94400,72159500,214179850,10686850,2260900,94300,216156400,78609000,297120600
2022-02-17,47400.0,47550.0,46900.0,47350.0,12359.0,0.5307855626326964,283400,29880950,451063350,101752800,1559750,0,475582400,105838350,582980500
2022-02-18,47050.0,47550.0,46850.0,47550.0,7390.0,0.42238648363252373,0,2119500,319204950,28234300,379800,0,329033950,20145000,349558750
2022-02-21,46400.0,48450.0,46400.0,48200.0,14790.0,1.3669821240799158,32703550,14087300,401634400,259697250,2024400,4820000,668228850,33049250,708122500
2022-02-22,48200.0,49450.0,47450.0,47700.0,19023.0,-1.0373443983402488,143100,0,716811950,203914350,385850,0,736693700,183789850,920869400
2022-02-23,47700.0,48050.0,47050.0,47600.0,4818.0,-0.20964360587002098,5441500,4211100,213501400,5638800,95200,0,120063350,108634250,228792800
2022-02-24,47250.0,47550.0,46200.0,46950.0,13342.0,-1.365546218487395,280050,159576450,403762450,57982300,23649800,0,441996600,155954850,621601250
2022-02-25,46950.0,47450.0,46350.0,47250.0,7230.0,0.6389776357827476,283000,116913000,176571500,45028450,376350,0,271292500,67127100,338795950
2022-02-28,47250.0,47250.0,46450.0,46650.0,3533.0,-1.2698412698412698,233250,0,158132100,6692700,46650,0,122586700,42424700,165058050
2022-03-02,46450.0,49400.0,46400.0,47700.0,16094.0,2.2508038585209005,612400,0,540708750,228998150,429300,0,694843050,75046950,770319300
2022-03-03,48300.0,48300.0,47350.0,47900.0,7354.0,0.41928721174004197,6533050,0,284658350,59598050,25452250,0,260517700,64819500,350789450
2022-03-04,48400.0,48400.0,47000.0,47300.0,4768.0,-1.2526096033402923,1417200,7065000,214482900,2650950,378350,0,162645900,62591800,225616050
2022-03-07,47300.0,48300.0,46500.0,47300.0,13620.0,0.0,3621100,6620100,582453700,49576050,704850,0,402018700,239547400,642270950
2022-03-08,46300.0,47150.0,46300.0,46550.0,11586.0,-1.5856236786469344,558950,209957850,273350300,55411300,512050,0,463655800,75110550,539278400
2022-03-10,47300.0,47300.0,46500.0,47000.0,6358.0,0.966702470461869,1453500,98757100,162901350,34234800,234700,0,283436000,13676050,297346750
2022-03-11,46700.0,48550.0,46550.0,47850.0,13984.0,1.8085106382978722,380200,0,368926600,295077650,622050,4840000,647553250,11369150,664384450
2022-03-14,47850.0,49700.0,47850.0,48400.0,18690.0,1.1494252873563218,533000,14567500,638933550,259392850,193750,14820000,656507400,241905750,913426900
2022-03-15,48800.0,48800.0,47100.0,47500.0,10199.0,-1.859504132231405,95000,16640000,454860100,12582600,1423400,0,306047600,176706700,484177700
2022-03-16,47500.0,47500.0,46950.0,47500.0,7484.0,0.0,0,0,344373100,9017450,902500,47150,247204100,105236800,353390550
2022-03-17,48050.0,48050.0,47200.0,47200.0,5985.0,-0.631578947368421,331350,0,282725100,852200,661700,0,239427600,43819350,283908650
2022-03-18,47000.0,48000.0,47000.0,47800.0,4775.0,1.2711864406779663,95600,0,207893800,19730600,143100,0,206974850,20602050,227720000
2022-03-21,47800.0,49750.0,47800.0,49450.0,21183.0,3.4518828451882846,740950,0,766844950,271570000,0,33307850,947292900,58555150,1039155900
2022-03-22,49550.0,52700.0,49450.0,51500.0,45969.0,4.145601617795753,0,50500,1696884700,658299600,154500,0,2208822200,146258100,2355234800
2022-03-23,51600.0,51600.0,49650.0,50100.0,20349.0,-2.7184466019417477,200400,5045000,980562500,37157950,351000,50000,699724750,322840100,1022965850
2022-03-24,49900.0,54800.0,49600.0,51500.0,126405.0,2.7944111776447107,821600,1985000,5877185100,774150700,124851200,2110000,5630939850,896241350,6654142400
2022-03-25,52000.0,52000.0,49850.0,50400.0,25050.0,-2.1359223300970873,150800,0,1053542750,209834050,0,0,1021401500,242126100,1263527600
2022-03-28,50100.0,50500.0,49000.0,49100.0,13483.0,-2.579365079365079,98400,2504100,650487450,13306550,2803400,0,624746050,38847050,666396500
2022-03-29,49700.0,51200.0,49300.0,49450.0,20119.0,0.7128309572301426,22184800,1533700,766553700,217405250,1584250,2574800,808393400,195125000,1007677450
2022-03-30,49500.0,50000.0,48800.0,49850.0,11170.0,0.8088978766430739,0,4714800,468415250,79089000,944750,0,461607250,89667050,552219050
2022-03-31,50000.0,50700.0,49500.0,49850.0,10202.0,0.0,0,0,402166750,108121950,648300,0,441407500,68232900,510288700
2022-04-01,50100.0,50200.0,48900.0,49850.0,12331.0,0.0,0,11240700,507607450,93816650,6018800,0,580192450,26453550,612664800
2022-04-04,49900.0,50200.0,49300.0,49350.0,13555.0,-1.0030090270812437,50000,0,618095400,54467700,102114050,4985000,528991300,36522750,672613100
2022-04-05,49650.0,49650.0,49050.0,49500.0,4774.0,0.303951367781155,198000,0,216613950,18367750,444700,0,196276450,38458550,235179700
2022-04-06,49700.0,50900.0,49150.0,49950.0,18146.0,0.9090909090909091,47250250,46384400,672671500,141125900,174239100,2540000,564147000,166505950,907432050
2022-04-07,49950.0,49950.0,48950.0,49150.0,10072.0,-1.6016016016016015,9626850,22972900,450029500,13357700,2061700,2356800,387976750,103591700,495986950
2022-04-08,49150.0,49250.0,48300.0,48800.0,10162.0,-0.7121057985757884,14206550,16334050,369820450,93908750,46246500,10934950,363998750,73089600,494269800
2022-04-11,49300.0,49600.0,48300.0,49200.0,7327.0,0.819672131147541,32677900,29808300,156393550,140872800,10859950,0,326000050,22892550,359752550
2022-04-12,48800.0,49450.0,48750.0,49250.0,9561.0,0.10162601626016261,39991650,47359900,195130250,185897050,1424650,0,437501550,29452650,468378850
2022-04-13,49300.0,49750.0,49300.0,49600.0,4376.0,0.7106598984771574,38903850,9890000,128389850,39513400,347050,4955300,195733400,15661350,216697100
2022-04-14,49600.0,50800.0,49450.0,50400.0,26981.0,1.6129032258064515,27236500,9559000,700264000,617030250,255990600,14450200,1040893900,42755050,1354089750
2022-04-15,50400.0,51100.0,50000.0,50700.0,9743.0,0.5952380952380952,34521000,1814400,365504900,90337100,18758000,0,386315500,87103900,492177400
2022-04-18,50800.0,53400.0,50400.0,52700.0,42158.0,3.9447731755424065,50955800,2053400,1513374500,641976900,158100,0,1983838600,224363900,2208360600
2022-04-19,53100.0,54600.0,51800.0,53300.0,44847.0,1.1385199240986716,16486600,84835600,1830780900,457274700,614634500,0,1255025000,519718300,2389377800
2022-04-20,53500.0,55600.0,52900.0,55000.0,46230.0,3.189493433395872,438387500,12032300,1334502000,745519700,0,0,2281154300,249287200,2530441500
2022-04-21,55000.0,56800.0,54300.0,54900.0,40826.0,-0.18181818181818182,396194700,152095000,1372200900,330829300,2084600,38242500,1804243700,406749100,2251319900
2022-04-22,54700.0,55900.0,54000.0,55000.0,21248.0,0.18214936247723132,194459800,18315000,684737400,273737000,22802700,33660100,890079600,224706800,1171249200
2022-04-25,56100.0,58200.0,55700.0,57400.0,97560.0,4.363636363636364,416259900,83717700,4076229700,1000628600,10794500,117402300,4494121700,954517400,5576835900
2022-04-26,57600.0,58200.0,54600.0,55000.0,35576.0,-4.181184668989547,95837700,82573600,1594460300,207177700,12333400,14105200,1145237500,808373200,1980049300
2022-04-27,55000.0,57800.0,53800.0,55800.0,70544.0,1.4545454545454546,739950900,73560200,2622516400,522121800,17631700,97034200,2936612100,906871300,3958149300
2022-04-28,55600.0,57100.0,55200.0,56000.0,23447.0,0.35842293906810035,186297600,60178100,633543300,441004300,11181000,0,1057097900,252744400,1321023300
2022-04-29,56400.0,56500.0,54600.0,56000.0,12674.0,0.0,385581600,0,255806000,66113400,56000,39270000,428431100,239743900,707501000
2022-05-02,56000.0,57500.0,55700.0,56000.0,15295.0,0.0,336000,33768000,618126200,210284600,952100,0,712877600,148685100,862514800
2022-05-03,56800.0,56900.0,54200.0,55300.0,24684.0,-1.25,369144900,187245900,525105100,284783900,276700,76424300,971293200,318285600,1366279800
2022-05-04,55500.0,56600.0,54700.0,54800.0,18135.0,-0.9041591320072333,453593400,0,328745200,223492000,3543300,6002400,852734000,143550900,1005830600
2022-05-06,54200.0,54600.0,52500.0,52800.0,11752.0,-3.64963503649635,476600,0,588681500,36704900,8968200,22353300,478516700,116024800,625863000
2022-05-09,52800.0,53200.0,50400.0,50700.0,21524.0,-3.977272727272727,1624700,464809300,472636500,159112700,1622400,0,934380300,162180500,1098183200
2022-05-10,50300.0,50800.0,48750.0,50100.0,15477.0,-1.183431952662722,399500,29563800,436777500,302295850,20072150,0,500640150,248324350,769036650
2022-05-11,49900.0,50500.0,49400.0,49850.0,6052.0,-0.499001996007984,49700,0,270407300,31471550,0,0,140888350,161040200,301928550
2022-05-12,49400.0,49900.0,49150.0,49150.0,14685.0,-1.4042126379137412,49150,192945000,455486400,77324100,5194750,166126850,428045350,126437700,725804650
2022-05-13,49600.0,51200.0,49200.0,50700.0,8894.0,3.1536113936927768,3543750,3220750,339789950,97830650,5678500,0,382679650,56026950,444385100
2022-05-16,50900.0,52700.0,50900.0,51700.0,14347.0,1.9723865877712032,11896600,32711800,569201800,128847700,827800,0,609268000,132562100,742657900
2022-05-17,51400.0,52500.0,51100.0,51400.0,3990.0,-0.5802707930367506,205700,515000,202286300,3142800,4112300,0,142233200,59804300,206149800
2022-05-18,52100.0,52200.0,50900.0,51500.0,6748.0,0.19455252918287938,463500,0,342227300,4249800,309100,0,232327100,114304400,346940600
2022-05-19,50000.0,50900.0,50000.0,50100.0,6507.0,-2.7184466019417477,2367400,0,279855800,45445000,2374100,0,268087500,57206600,327668200
2022-05-20,50500.0,51400.0,50100.0,51100.0,6590.0,1.996007984031936,101700,0,203576800,131006700,63878000,0,241916100,28891100,334685200
2022-05-23,50800.0,51000.0,49600.0,50000.0,8273.0,-2.152641878669276,0,135169850,253759850,25122300,63028000,0,244604850,106419150,414052000
2022-05-24,50000.0,50500.0,49200.0,49300.0,6524.0,-1.4000000000000001,350000,68140450,253841700,595950,11463200,0,232441650,79023250,322928100
2022-05-25,49700.0,50300.0,49350.0,49650.0,1743.0,0.7099391480730223,10634650,0,73674100,2322750,6194800,0,60872150,19564550,86631500
2022-05-26,49650.0,50100.0,49450.0,49650.0,2456.0,0.0,644500,0,121202550,49500,30233150,9930000,41349400,40384000,121896550
2022-05-27,49650.0,50800.0,49550.0,50100.0,11700.0,0.906344410876133,49700,175385600,344344500,66783650,115097300,19869300,374909900,76686950,586563450
2022-05-30,50800.0,50800.0,49800.0,50400.0,8237.0,0.5988023952095809,1000400,165982600,229399200,16906600,95432150,0,305773400,12083250,413288800
2022-05-31,50400.0,50700.0,50000.0,50100.0,2215.0,-0.5952380952380952,0,0,108040300,3150000,3684500,0,83291800,24214000,111190300
2022-06-02,50100.0,50200.0,49400.0,49500.0,6969.0,-1.1976047904191618,0,99175000,245016300,1197600,198050,0,235740300,109450550,345388900
2022-06-03,49500.0,50100.0,49500.0,49600.0,4445.0,0.20202020202020202,21773800,0,153947350,45769750,248550,0,178996050,42246300,221490900
2022-06-07,49600.0,49650.0,48900.0,49200.0,4403.0,-0.8064516129032258,147600,0,192152050,24170550,7267500,0,117873100,91329600,216470200
2022-06-08,49200.0,49800.0,49150.0,49250.0,2389.0,0.10162601626016261,5077750,0,108271400,4383350,23170950,0,85186850,9374700,117732500
2022-06-09,49250.0,49550.0,48700.0,48850.0,15552.0,-0.8121827411167513,7150900,215485000,451317550,88415500,50876050,0,539457200,172035700,762368950
2022-06-10,48550.0,49150.0,48300.0,48850.0,2434.0,0.0,195400,36635400,79881250,1837300,5352300,0,102670400,10526650,118549350
2022-06-13,48700.0,48700.0,47100.0,47100.0,12202.0,-3.5823950870010237,141300,268987700,308673200,3315350,31132100,0,486816300,63169150,581117550
2022-06-14,46250.0,47400.0,45750.0,46700.0,13449.0,-0.8492569002123143,653500,23200000,544946050,54967500,8311050,0,512737900,102718100,623767050
2022-06-15,46350.0,48500.0,45950.0,46250.0,9395.0,-0.9635974304068522,1065750,0,377581500,61286300,3515100,0,375395000,61023450,439933550
2022-06-16,47400.0,47500.0,46000.0,46050.0,7010.0,-0.43243243243243246,322900,0,302976850,23198000,20887850,2342500,283255300,20012100,326497750
2022-06-17,45800.0,46050.0,45050.0,45500.0,4229.0,-1.1943539630836049,1140750,0,152967150,38456650,17522200,0,132466800,42575550,192564550
2022-06-20,45900.0,47350.0,44050.0,44400.0,6235.0,-2.417582417582418,2153950,0,263149650,12573600,19726550,0,195725550,62425100,277877200
2022-06-21,44950.0,45350.0,44100.0,45300.0,4984.0,2.027027027027027,6749250,4510000,172554700,39788450,14967550,0,173590100,35044750,223602400
2022-06-22,45550.0,45850.0,43550.0,43950.0,4347.0,-2.980132450331126,87900,0,186330950,6354050,7125500,0,117806200,67841200,192772900
2022-06-23,43900.0,43900.0,41750.0,41800.0,14575.0,-4.891922639362913,127250,58798650,493597700,64343050,14261750,8541550,502535650,91527700,616866650
2022-06-24,41100.0,43700.0,41100.0,43500.0,12858.0,4.0669856459330145,15092000,0,418517500,111046350,11059400,0,470330200,63266250,544655850
2022-06-27,43650.0,45600.0,43650.0,44700.0,7115.0,2.7586206896551726,176850,0,257579000,61511900,1903300,0,284682550,32681900,319267750
2022-06-28,45000.0,46600.0,45000.0,45700.0,4615.0,2.237136465324385,4712350,0,190420700,16111150,14065850,0,143488400,53689950,211244200
2022-06-29,45050.0,46400.0,45050.0,46100.0,3533.0,0.87527352297593,0,0,136169650,26080300,138300,0,122869950,39241700,162249950
2022-06-30,46200.0,46750.0,44900.0,45600.0,4640.0,-1.0845986984815619,547200,0,185614300,24139950,39603200,0,136456250,34242000,210301450
2022-07-01,45450.0,45600.0,44000.0,44350.0,4811.0,-2.7412280701754383,269400,0,191267050,22562650,360750,0,178440200,35298150,214099100
2022-07-04,44500.0,44650.0,42500.0,43050.0,6199.0,-2.931228861330327,343850,0,241858200,25658450,172050,436500,227712150,39539800,267860500
2022-07-05,43100.0,44000.0,43000.0,44000.0,4088.0,2.2067363530778166,745300,0,115130450,62951850,0,0,173109450,5718150,178827600
2022-07-06,44150.0,44150.0,42850.0,44100.0,1914.0,0.22727272727272727,88200,0,77519450,5711050,43350,0,63518450,19756900,83318700
2022-07-07,44550.0,44650.0,43700.0,44500.0,2688.0,0.9070294784580499,2800750,0,81122950,34826500,44500,0,97841100,20864600,118750200
2022-07-08,44900.0,45450.0,44200.0,45200.0,2208.0,1.5730337078651686,0,0,92477350,6645450,0,4475800,80227450,14419550,99122800
2022-07-11,45200.0,45400.0,44350.0,45100.0,2098.0,-0.22123893805309736,135300,0,82248600,11480100,0,0,86355450,7508550,93864000
2022-07-12,45100.0,45150.0,43250.0,45150.0,6300.0,0.11086474501108648,1327400,0,253446250,22118050,45442750,0,193335850,38113100,276891700
2022-07-13,44550.0,45500.0,43950.0,44700.0,3606.0,-0.9966777408637874,222400,0,146669400,12980850,357100,0,141058200,18457350,159872650
2022-07-14,43550.0,44950.0,43550.0,44950.0,7445.0,0.5592841163310962,0,0,278964450,48315800,3645500,0,293742700,29892050,327280250
2022-07-15,44500.0,45000.0,43750.0,43800.0,9384.0,-2.5583982202447166,4248650,0,396215800,13257600,136438800,3160800,209637100,64485350,413722050
2022-07-18,43800.0,44700.0,43800.0,44600.0,3889.0,1.82648401826484,49192700,8860000,108370500,6244550,0,0,141877550,30790200,172667750
2022-07-19,44650.0,44700.0,44050.0,44650.0,3143.0,0.11210762331838565,1783250,0,93068050,44301800,0,0,127227350,11925750,139153100
2022-07-20,47000.0,47300.0,45100.0,45400.0,30692.0,1.6797312430011198,727850,0,1326879500,93599050,136550,0,1230509250,190560600,1421206400
2022-07-21,45150.0,45250.0,44350.0,44850.0,10501.0,-1.2114537444933922,269100,0,440913950,27540600,49602600,4480000,378546050,36095000,468723650
2022-07-22,44700.0,45450.0,44450.0,44700.0,11220.0,-0.33444816053511706,223500,8900000,367049800,128065100,4559400,6482700,456867350,36328950,504238400
2022-07-25,44500.0,44900.0,44250.0,44750.0,4309.0,0.11185682326621924,134250,0,171165800,20563300,133650,0,161407450,30322250,191863350
2022-07-26,44650.0,45200.0,44500.0,44950.0,3238.0,0.44692737430167595,43810350,0,78505650,22743550,89100,1790000,135883650,7296800,145059550
2022-07-27,44700.0,45000.0,44550.0,44850.0,3111.0,-0.22246941045606228,7911950,0,126323950,4834400,0,21631550,99089100,18349650,139070300
2022-07-28,45050.0,45200.0,44200.0,44450.0,8766.0,-0.8918617614269788,1333900,0,372027000,16583050,272816800,0,76184700,40942450,389943950
2022-07-29,44600.0,44600.0,43600.0,43600.0,9182.0,-1.9122609673790776,1230950,0,370746850,31887950,0,0,389287250,14578500,403865750
2022-08-01,43700.0,43700.0,42900.0,43600.0,6395.0,0.0,435750,0,234981300,41938100,0,0,217036450,60318700,277355150
2022-08-02,43650.0,43850.0,43350.0,43550.0,4240.0,-0.11467889908256881,740200,0,178845800,4789200,0,7476800,136478900,40419500,184375200
2022-08-03,43400.0,44300.0,43350.0,43800.0,8252.0,0.5740528128587831,743950,0,260810850,100930350,88000,0,340768450,21628700,362485150
2022-08-04,44100.0,44400.0,43550.0,43750.0,4753.0,-0.1141552511415525,16746650,0,181395900,9802450,831600,6329250,162421550,38362600,207945000
2022-08-05,43800.0,43900.0,43650.0,43700.0,5008.0,-0.1142857142857143,3985050,0,208105400,7007800,4419750,40221550,164615000,9841950,219098250
2022-08-08,43800.0,44050.0,43250.0,44000.0,5221.0,0.6864988558352403,611200,12669450,198715650,15320400,43450,31595000,168954700,26723550,227316700
2022-08-09,44000.0,45200.0,43650.0,44850.0,8449.0,1.9318181818181817,11847250,121212250,227523850,15555100,493500,0,348747750,26897200,376138450
2022-08-10,44800.0,45850.0,44350.0,45200.0,8936.0,0.7803790412486065,2624950,14834050,354886800,31525500,89950,0,344896350,58885000,403871300
2022-08-11,45500.0,46000.0,44950.0,45500.0,7419.0,0.6637168141592921,727550,54191350,240713350,41682000,17123850,0,261913850,58276550,337314250
2022-08-12,45450.0,45550.0,45050.0,45550.0,4426.0,0.10989010989010989,543200,0,184408850,15508850,864050,0,185551850,14045000,200460900
2022-08-16,45800.0,47800.0,45700.0,47050.0,37139.0,3.293084522502744,1502750,16282000,1489363000,234937550,139850,9676000,1666095550,66173900,1742085300
2022-08-17,47050.0,47200.0,45950.0,46300.0,10800.0,-1.5940488841657812,0,10016600,452981850,38564500,184600,0,418157500,83220850,501562950
2022-08-18,46100.0,46550.0,45750.0,46400.0,9605.0,0.21598272138228944,463350,0,419133450,24826000,11757900,0,343685300,88979600,444422800
2022-08-19,46250.0,46850.0,46150.0,46250.0,4965.0,-0.3232758620689655,232450,0,200708350,29539800,324250,0,203840750,26315600,230480600
2022-08-22,46200.0,46300.0,45200.0,45200.0,6431.0,-2.27027027027027,2223550,0,262474250,28794300,770000,0,240476800,52245300,293492100
2022-08-23,44800.0,45200.0,44500.0,44700.0,5011.0,-1.1061946902654867,11943150,0,171016250,41130150,312900,0,146888350,76888300,224089550
2022-08-24,45000.0,45250.0,44450.0,44600.0,3567.0,-0.22371364653243847,1520250,8980000,120032900,28768750,626250,0,124942100,33733550,159301900
2022-08-25,44700.0,45500.0,44400.0,45300.0,3605.0,1.5695067264573992,1993200,0,149419550,10501750,6340150,0,137668750,17905600,161914500
2022-08-26,45400.0,47000.0,45400.0,45950.0,15798.0,1.434878587196468,2021800,0,612636450,118278850,829750,0,640160950,91946400,732937100
2022-08-29,44950.0,45350.0,44750.0,45000.0,5026.0,-2.067464635473341,990000,0,194829400,30441550,540400,0,185528300,40192250,226260950
2022-08-30,45000.0,45300.0,44600.0,45000.0,5877.0,0.0,630000,0,223977800,39124600,10346250,4482500,196231750,52671900,263732400
2022-08-31,45000.0,45400.0,44750.0,45400.0,3171.0,0.8888888888888888,1271200,0,140892800,855900,0,0,122731050,20288850,143019900
2022-09-01,45400.0,45400.0,44800.0,44950.0,6948.0,-0.9911894273127754,93374350,0,208976450,10243350,87803050,0,202299250,22491850,312594150
2022-09-02,44950.0,45850.0,44900.0,45250.0,6545.0,0.6674082313681869,48229150,0,245840650,3359850,39126600,9756350,220290500,28256200,297429650
2022-09-05,45400.0,46450.0,43900.0,44950.0,20159.0,-0.6629834254143646,96307300,0,569499250,245260700,80183800,0,719560250,111323200,911067250
2022-09-06,44700.0,45200.0,44350.0,44900.0,10104.0,-0.11123470522803114,75254400,0,345199300,30815100,90141150,2230000,307759650,51138000,451268800
2022-09-07,44650.0,45050.0,43350.0,43800.0,13211.0,-2.4498886414253898,96251150,0,452315100,29998800,35539050,0,448683700,94342300,578565050
2022-09-08,43800.0,44050.0,43700.0,43750.0,4178.0,-0.1141552511415525,29313900,0,146278500,7527700,23609250,2190000,124043200,33277650,183120100
2022-09-13,44050.0,44450.0,43800.0,44050.0,8784.0,0.6857142857142857,32971550,0,273071650,79917850,103421900,0,272390050,10149100,385961050
2022-09-14,43600.0,43700.0,43250.0,43600.0,3458.0,-1.0215664018161181,740150,0,125849100,24040450,37625750,0,98936350,14067600,150629700
2022-09-15,43550.0,43650.0,43250.0,43250.0,5144.0,-0.8027522935779817,389400,0,217890250,4686300,64915850,0,119477800,38572300,222965950
2022-09-16,43250.0,43450.0,42600.0,42750.0,9244.0,-1.1560693641618496,73871200,0,306567300,15790800,81455550,0,240419700,74354050,396229300
2022-09-19,42750.0,43050.0,42050.0,42200.0,7309.0,-1.2865497076023393,46678650,0,251119900,12672700,33908600,0,194178600,82384050,310471250
2022-09-20,42300.0,42800.0,42300.0,42600.0,1984.0,0.9478672985781991,5907600,0,55775400,22611400,17234700,0,61155850,5903850,84294400
2022-09-21,42700.0,42900.0,42250.0,42350.0,4803.0,-0.5868544600938966,41093050,0,113151900,49918350,59531600,0,125572050,19059650,204163300
2022-09-22,42250.0,42250.0,41600.0,41900.0,11446.0,-1.062573789846517,109016950,0,293751600,76361800,111058650,0,335458500,32613200,479130350
2022-09-23,42100.0,42250.0,41400.0,41650.0,7466.0,-0.5966587112171837,44395150,0,239705100,27875050,34122450,0,198082950,79769900,311975300
2022-09-26,41550.0,41550.0,39100.0,39250.0,18332.0,-5.762304921968788,97114300,0,612088100,20547550,81384150,4577200,484915700,158872900,729749950
2022-09-27,38650.0,40350.0,38650.0,40250.0,10557.0,2.547770700636943,94433950,53959550,60692100,208846600,56287200,0,300951700,60693300,417932200
2022-09-28,40450.0,40800.0,39050.0,40100.0,19771.0,-0.37267080745341613,222111900,147131750,185263300,229598100,105616200,0,485756550,192732300,784105050
2022-09-29,40600.0,41900.0,40450.0,41100.0,12738.0,2.493765586034913,130465350,32402050,159535250,204192400,97874650,0,324212900,104507500,526595050
2022-09-30,41100.0,41150.0,40050.0,40500.0,7277.0,-1.4598540145985401,12748750,81331200,97811550,104243000,32275500,0,192712650,71146350,296134500
2022-10-04,40500.0,41400.0,40500.0,40900.0,9550.0,0.9876543209876543,95583500,0,228428100,66861200,206615450,4120750,166494100,13642500,390872800
2022-10-05,40950.0,41550.0,40350.0,41000.0,4620.0,0.24449877750611246,78562250,8200000,44583650,57618800,25469300,0,101412150,62083250,188964700
2022-10-06,41300.0,41700.0,41000.0,41400.0,3579.0,0.975609756097561,371700,41297900,40614250,65585350,33284750,0,111736750,2847700,147869200
2022-10-07,41550.0,41650.0,41100.0,41650.0,3617.0,0.6038647342995169,44852550,49475600,36665250,18269200,45177850,0,102053700,2031050,149262600
2022-10-11,41650.0,41700.0,40450.0,41450.0,10807.0,-0.4801920768307323,196172450,125448350,86765750,35688150,78272400,0,268557600,97244700,444074700
2022-10-12,41200.0,41900.0,40900.0,41700.0,4771.0,0.6031363088057901,108402450,37861200,30674300,21477950,52158050,0,111770850,34487000,198415900
2022-10-13,41700.0,41750.0,40200.0,40300.0,10303.0,-3.357314148681055,104669050,176881550,122686000,16993750,70626150,0,271341650,79262550,421230350
2022-10-14,40150.0,41600.0,40150.0,41600.0,6759.0,3.225806451612903,16397250,0,113467050,147654300,46150950,0,195735600,35632050,277518600
2022-10-17,41600.0,41900.0,40950.0,41600.0,5657.0,0.0,46857600,78768950,77838800,30863550,109357800,0,112406950,12564150,234328900
2022-10-18,41600.0,42250.0,41600.0,42000.0,6436.0,0.9615384615384616,63516800,32999950,117113750,55433350,64645150,0,184848850,19569850,269063850
2022-10-19,42250.0,42450.0,41350.0,41400.0,12166.0,-1.4285714285714286,126856300,113348100,209992300,57584450,204351200,0,190677600,112752350,507781150
2022-10-20,41400.0,41850.0,40750.0,41200.0,3273.0,-0.4830917874396135,5765800,51200000,61159800,15998750,4130000,0,95657000,34337350,134124350
2022-10-21,41000.0,41100.0,40450.0,41100.0,5045.0,-0.24271844660194172,57690300,80822450,54453450,12889100,77670150,0,100307850,27877300,205855300
2022-10-24,40950.0,41850.0,40900.0,41700.0,4476.0,1.4598540145985401,38572950,81099700,29779050,35136600,37290400,0,139132050,8165850,184588300
2022-10-25,42000.0,42500.0,41600.0,41900.0,3561.0,0.4796163069544364,25777300,0,113134650,10458600,25342450,0,113231200,10796900,149370550
2022-10-26,42350.0,42350.0,41650.0,41900.0,684.0,0.0,1383050,0,26672300,628250,0,0,24403300,4280300,28683600
2022-10-27,41900.0,42450.0,41650.0,42050.0,4862.0,0.35799522673031026,30860550,0,105735250,66946450,30963150,0,171697100,882000,203542250
2022-10-28,42350.0,42350.0,41500.0,41700.0,4940.0,-0.8323424494649228,44809300,0,139582100,21745600,44924100,0,159246800,1966100,206137000
2022-10-31,42200.0,42200.0,41500.0,41700.0,2477.0,0.0,29781750,0,63016900,10465750,19566400,0,62524450,21173550,103264400
2022-11-01,41400.0,42350.0,41400.0,41900.0,2486.0,0.4796163069544364,18767500,0,72948050,11808300,29317900,0,73663050,542900,103523850
2022-11-02,42250.0,42250.0,41600.0,41750.0,4244.0,-0.35799522673031026,41754900,0,100622500,34784150,41704350,0,117256500,18200700,177161550
2022-11-03,41700.0,41700.0,40950.0,41150.0,5381.0,-1.437125748502994,31909400,0,168136050,21321300,31925050,0,180188200,9253500,221366750
2022-11-04,41150.0,41150.0,40400.0,40700.0,7435.0,-1.0935601458080195,30695450,137482500,126184400,8391550,29245800,0,240063750,33444350,302753900
2022-11-07,40900.0,41350.0,40750.0,41100.0,6362.0,0.9828009828009828,33323700,0,103923000,123008500,45702150,0,203716700,10836350,260255200
2022-11-08,41700.0,41700.0,40950.0,41250.0,3695.0,0.36496350364963503,19277100,0,122692550,10121800,26007050,0,112728400,13356000,152091450
2022-11-09,41400.0,41800.0,41200.0,41700.0,4025.0,1.090909090909091,705500,0,83490250,83031200,6906150,0,153214500,7106300,167226950
2022-11-10,41550.0,41950.0,41400.0,41650.0,1506.0,-0.1199040767386091,17607100,0,29705100,15465350,6917600,0,50323500,5536450,62777550
2022-11-11,42150.0,42300.0,41350.0,41650.0,11190.0,0.0,35493900,0,423440750,7144350,88965250,0,320535600,56578150,466079000
2022-11-14,41750.0,41950.0,41600.0,41750.0,3005.0,0.24009603841536614,0,0,92144050,33071800,208850,0,124798750,208250,125215850
2022-11-15,41950.0,43650.0,41700.0,43000.0,15026.0,2.9940119760479043,36916150,43350,397504600,208226300,48561950,43050,565327950,28757450,642690400
2022-11-16,43050.0,43200.0,42400.0,42650.0,5557.0,-0.813953488372093,37833200,0,172317350,27133250,37256250,0,177746450,22281100,237283800
2022-11-17,42500.0,42900.0,42400.0,42450.0,3523.0,-0.4689331770222743,18763850,0,120685250,10369200,15956250,0,120738700,13123350,149818300
2022-11-18,42450.0,43000.0,42000.0,42150.0,5216.0,-0.7067137809187279,11520150,0,195499000,12816650,9642600,0,128334200,81859000,219835800
2022-11-21,41800.0,42150.0,41000.0,41500.0,12106.0,-1.542111506524318,45676150,218883650,227551300,9973650,54426900,49814300,381020100,16823450,502084750
2022-11-22,41500.0,42050.0,41200.0,41500.0,3973.0,0.0,18979200,0,128697050,17425300,20170650,0,108565100,36365800,165101550
2022-11-23,41500.0,41950.0,41450.0,41600.0,2307.0,0.24096385542168677,19515750,0,50024750,26612850,13965550,0,76394050,5793750,96153350
2022-11-24,41650.0,41800.0,41250.0,41500.0,7698.0,-0.2403846153846154,43144400,0,246977500,28747700,85798300,0,226145800,6925500,318869600
2022-11-25,41200.0,41700.0,41200.0,41700.0,10480.0,0.48192771084337355,8950900,112213550,283351800,29928700,4837950,0,424132800,5474200,434444950
2022-11-28,41700.0,41750.0,41000.0,41000.0,5034.0,-1.6786570743405276,18363100,0,186381450,2932450,14166550,0,181536550,11973900,207677000
2022-11-29,41000.0,41300.0,40950.0,41100.0,5650.0,0.24390243902439024,493600,14584800,190307050,26750050,370300,781850,228443000,2540350,232135500
2022-11-30,41150.0,41600.0,41100.0,41350.0,8491.0,0.6082725060827251,4703600,19428750,216354100,110500250,5904850,0,344916650,165200,350986700
2022-12-01,41450.0,41900.0,41350.0,41850.0,7062.0,1.2091898428053205,14851050,0,253199600,25494650,13456800,0,263888650,16199850,293545300
2022-12-02,41850.0,42850.0,41450.0,42850.0,10589.0,2.3894862604540026,34281650,8359700,352142600,52433100,80688050,12616550,295202650,58709800,447217050
2022-12-05,42900.0,43700.0,42800.0,43450.0,6084.0,1.4002333722287048,4828350,0,228458600,30191500,4660850,0,217885200,40932400,263478450
2022-12-06,43400.0,43450.0,42500.0,43050.0,4077.0,-0.9205983889528193,91075550,0,69421200,14509700,22115400,0,111573850,41317200,175006450
2022-12-07,43050.0,43950.0,42250.0,43350.0,4792.0,0.6968641114982579,73970450,0,106382100,25779000,55310400,0,100415500,50405650,206131550
2022-12-08,43350.0,44250.0,42900.0,44100.0,7410.0,1.7301038062283738,47280050,4630500,253233200,19385050,25239600,0,249029300,50259900,324528800
2022-12-09,44300.0,45500.0,44100.0,45500.0,15730.0,3.1746031746031744,60110650,0,544245500,101127800,63316850,32315600,594800700,15050800,705483950
2022-12-12,45500.0,46250.0,45250.0,45450.0,8510.0,-0.10989010989010989,39349450,4525000,284047450,60797150,2023250,1374000,339193250,46128550,388719050
2022-12-13,45500.0,45500.0,44600.0,45200.0,4934.0,-0.5500550055005501,87232300,0,113260650,22102150,43323650,36834200,94825850,47611400,222595100
2022-12-14,44950.0,45700.0,44900.0,45400.0,3162.0,0.4424778761061947,12891600,0,128822200,1360100,18077850,15562600,78820900,30612550,143073900
2022-12-15,45750.0,45750.0,44500.0,45350.0,5853.0,-0.11013215859030838,67494100,0,156415550,38565150,66873150,0,173729600,21872050,262474800
2022-12-16,44900.0,45200.0,44100.0,45100.0,6506.0,-0.5512679162072767,33792400,0,240145750,16447050,33689100,0,220727400,35968700,290385200
2022-12-19,44500.0,45400.0,44300.0,45250.0,5896.0,0.3325942350332594,358000,0,247844500,17489450,13967350,5507200,170248100,75969300,265691950
2022-12-20,45000.0,45500.0,44450.0,44900.0,3189.0,-0.7734806629834254,19150900,0,119702800,4110150,13855500,0,116258200,12850150,142963850
2022-12-21,45000.0,45250.0,44200.0,44750.0,2363.0,-0.33407572383073497,16765750,0,54331350,34595850,25357450,1879500,66726000,11730000,105692950
2022-12-22,44500.0,45200.0,44500.0,44900.0,3546.0,0.33519553072625696,7000350,0,136363650,15999600,6855600,0,127388300,25119700,159363600
2022-12-23,44900.0,44900.0,43550.0,44200.0,42074.0,-1.55902004454343,430451650,529800000,174933150,724140200,22893750,0,1810858650,25572600,1859325000
2022-12-26,44450.0,44450.0,43300.0,43900.0,5253.0,-0.6787330316742082,26935800,3741000,189020550,9718800,122517800,0,80752950,26145400,229416150
2022-12-27,44000.0,44350.0,43500.0,44100.0,16465.0,0.45558086560364464,36087350,87705500,510513650,91741750,34454200,0,375737350,315856700,726048250
2022-12-28,44100.0,45800.0,43750.0,45350.0,29471.0,2.8344671201814062,23826950,0,778733800,504318050,417853700,0,480028850,408996250,1306878800
2022-12-29,45150.0,45700.0,44300.0,45000.0,5731.0,-0.7717750826901874,448350,0,209391500,47704800,1212000,0,171123300,85209350,257544650
2023-01-02,44400.0,45150.0,43400.0,43400.0,9156.0,-3.5555555555555554,5720950,0,376256900,18984250,0,30004700,277651950,93305450,400962100
2023-01-03,44000.0,44000.0,42350.0,43000.0,5405.0,-0.9216589861751152,73081950,0,121918500,36501300,10994950,50084500,114234100,56188200,231501750
2023-01-04,43000.0,43800.0,42550.0,43500.0,3943.0,1.1627906976744187,20040400,0,138661950,12089000,3820850,51855000,81578450,33537050,170791350
2023-01-05,43250.0,44250.0,43250.0,43400.0,5257.0,-0.22988505747126436,47905250,33150100,115409450,33491250,9491900,91885600,107027600,21550950,229956050
2023-01-06,43600.0,43600.0,43050.0,43400.0,3932.0,0.0,4539950,15624000,139449650,10551900,66439500,0,60568150,43157850,170165500
2023-01-09,43450.0,43950.0,43400.0,43950.0,8667.0,1.2672811059907834,0,28379900,176493200,173905750,9385750,0,329796300,39596800,378778850
2023-01-10,44150.0,44400.0,43500.0,44300.0,5546.0,0.7963594994311717,0,0,205608300,38268800,9361950,65276350,126048550,43190250,243877100
2023-01-11,44300.0,44600.0,43850.0,44250.0,2364.0,-0.1128668171557562,573750,0,103424300,395200,0,0,65137150,39256100,104393250
2023-01-12,44000.0,44550.0,43550.0,43900.0,7325.0,-0.7909604519774011,263400,67605000,233899550,19617050,43650,0,288760750,32580600,321385000
2023-01-13,43900.0,44300.0,43450.0,43600.0,5185.0,-0.683371298405467,0,0,171726350,55170550,523200,0,211663250,14710450,226896900
2023-01-16,43600.0,43900.0,43350.0,43800.0,6067.0,0.45871559633027525,0,130425700,113526600,21091600,42112850,0,207077900,15853150,265043900
2023-01-17,43950.0,43950.0,42800.0,43000.0,5427.0,-1.82648401826484,13234200,0,199977100,21587250,258000,0,181754750,52785800,234798550
2023-01-18,43100.0,43100.0,42200.0,42500.0,7181.0,-1.1627906976744187,13444900,0,271449850,19864650,71713800,0,166817350,66228250,304759400
2023-01-19,42500.0,42800.0,42100.0,42600.0,4764.0,0.2352941176470588,15545500,0,143895800,42492300,424350,0,194758750,6750500,201933600
2023-01-20,42900.0,43200.0,42300.0,43050.0,6534.0,1.056338028169014,10077900,0,221691650,47337500,300400,0,237670700,41135950,279107050
2023-01-25,43150.0,43500.0,42650.0,42750.0,3316.0,-0.6968641114982579,7298350,0,80719900,54388150,85500,0,127673750,14647150,142406400
2023-01-26,42500.0,43100.0,42150.0,42650.0,5820.0,-0.23391812865497078,10651500,0,227742700,8986700,213000,0,239915500,7252400,247380900
2023-01-27,43000.0,43000.0,42500.0,42750.0,3164.0,0.23446658851113714,13728500,0,121190650,0,640100,0,109065350,25213700,134919150
2023-01-30,42850.0,43000.0,42500.0,42750.0,2880.0,0.0,13533400,0,104988900,4591900,5518100,427500,106312700,10855900,123114200
2023-01-31,43000.0,43000.0,42350.0,42700.0,4138.0,-0.11695906432748539,15523650,0,134320900,26280100,170500,0,166816200,9137950,176124650
2023-02-01,42700.0,43100.0,42000.0,42500.0,10641.0,-0.468384074941452,27016900,8560000,298819600,117015100,14017350,0,410205850,27188400,451411600
2023-02-02,42550.0,43000.0,42550.0,42950.0,2661.0,1.0588235294117647,42950,0,96128500,18015200,85800,0,112728550,1372300,114186650
2023-02-03,42950.0,43050.0,42750.0,42950.0,1992.0,0.0,12554650,0,68611150,4206050,7075650,0,74773750,3522450,85371850
2023-02-06,43300.0,43300.0,42650.0,43250.0,5183.0,0.6984866123399301,40082350,42850,128294800,53978100,14966300,0,173946300,33485500,222398100
2023-02-07,43300.0,43300.0,42500.0,43150.0,5372.0,-0.23121387283236997,20681850,945850,199853550,8757850,2709800,0,186765000,40764300,230239100
2023-02-08,43000.0,43200.0,42650.0,43100.0,5653.0,-0.11587485515643105,15224450,429950,219020300,8109650,12143000,0,195658650,34982700,242784350
2023-02-09,43100.0,43200.0,42500.0,42950.0,4154.0,-0.34802784222737815,58471000,0,117521050,2276050,9534850,0,149570350,19162900,178268100
2023-02-10,43200.0,43200.0,42400.0,42650.0,6915.0,-0.6984866123399301,35900550,0,219164450,39706650,19934000,0,245948650,28889000,294771650
2023-02-13,42650.0,45250.0,42650.0,45250.0,35725.0,6.096131301289566,96218750,21534750,906736500,556188050,8082550,21465150,1516869050,34261300,1580678050
2023-02-14,45750.0,47650.0,45200.0,46750.0,33173.0,3.314917127071823,175617250,64962950,950740900,356719550,56573000,46900,1252680050,238740700,1548040650
2023-02-15,46400.0,46550.0,44600.0,45550.0,14034.0,-2.5668449197860963,40434300,0,340624700,259005850,24410150,0,487482650,128172050,640064850
2023-02-16,45300.0,46150.0,44950.0,45150.0,9125.0,-0.8781558726673985,17776350,0,377612200,17643000,28804900,2430600,272333000,109463050,413031550
2023-02-17,45100.0,46400.0,44550.0,45750.0,22157.0,1.3289036544850499,82709950,0,685571650,241105150,65411400,0,842369050,101606300,1009386750
2023-02-20,46000.0,48500.0,46000.0,48000.0,27933.0,4.918032786885246,130947200,20391050,927201150,255977300,62979550,9625000,1115681750,146230400,1334516700
2023-02-21,48000.0,48350.0,47350.0,48100.0,8483.0,0.20833333333333334,87927200,1245750,292869900,23823650,30698700,0,235234600,139933200,405866500
2023-02-22,47600.0,47750.0,46800.0,47300.0,7960.0,-1.6632016632016633,28776600,0,335939150,10619350,23962350,425250,255233950,95713550,375335100
2023-02-23,47150.0,47750.0,46350.0,46900.0,9744.0,-0.8456659619450317,67726550,9365000,257572700,120992150,63337250,0,345174450,47144700,455656400
2023-02-24,46900.0,46900.0,45400.0,45750.0,10968.0,-2.4520255863539444,38030500,4592500,368960000,91174600,52113800,0,392691700,57952100,502757600
2023-02-27,45750.0,46450.0,44850.0,46000.0,12685.0,0.546448087431694,201873000,720800,275041700,102587600,17334850,0,428805400,134082850,580223100
2023-02-28,45950.0,46350.0,45750.0,45900.0,6245.0,-0.21739130434782608,24253750,0,250448600,12229150,22376100,0,196021250,68534150,286931500
2023-03-02,45900.0,46100.0,45000.0,45750.0,5707.0,-0.32679738562091504,28520900,0,154473150,77928050,24122350,0,176955650,59844100,260922100
2023-03-03,45750.0,45800.0,44800.0,44950.0,8962.0,-1.7486338797814207,27661650,0,258404150,117699150,33462650,0,303229000,67073300,403764950
2023-03-06,44850.0,45650.0,44250.0,44600.0,8141.0,-0.778642936596218,40266050,2952300,268187400,52419650,40058250,0,277828850,45938300,363825400
2023-03-07,44600.0,45450.0,44150.0,45150.0,8107.0,1.2331838565022422,80433200,4435000,222672500,54292650,30529900,1327500,258157900,71818050,361833350
2023-03-08,44850.0,44850.0,43850.0,43850.0,12293.0,-2.8792912513842746,45365600,37010000,420459800,41105650,30192300,3520000,483228700,27000050,543941050
2023-03-09,44300.0,45050.0,44050.0,44900.0,7399.0,2.394526795895097,45452500,32598850,200398350,51496350,57409750,0,231357650,41178650,329946050
2023-03-10,44800.0,45000.0,44050.0,44400.0,6895.0,-1.1135857461024499,20005100,0,284254950,2726800,177500,0,220746800,86062550,306986850
2023-03-13,44300.0,44300.0,42750.0,43200.0,10429.0,-2.7027027027027026,36727300,8654800,390920650,14930200,45428550,0,330250300,75554100,451232950
2023-03-14,43500.0,43500.0,42100.0,42300.0,9134.0,-2.083333333333333,48592800,42450,331284000,8178250,56568600,0,220196300,111332600,388097500
2023-03-15,42400.0,42850.0,42200.0,42250.0,7656.0,-0.1182033096926714,12419500,8550000,242094450,62269150,11836250,0,261264250,52232600,325333100
2023-03-16,42200.0,42550.0,41800.0,42450.0,5640.0,0.4733727810650888,35707300,0,182235350,19662500,20008150,0,146970700,70626300,237605150
2023-03-17,42600.0,43150.0,42400.0,42750.0,3501.0,0.7067137809187279,13159500,1755850,103947700,30664500,11452200,0,116049650,22025700,149527550
2023-03-20,42950.0,43500.0,42500.0,42650.0,2942.0,-0.23391812865497078,19380300,21423850,69672750,15700500,25216750,474650,63067150,37418850,126177400
2023-03-21,43000.0,43000.0,42450.0,42700.0,2611.0,0.11723329425556857,17018600,0,94422100,0,6020500,0,83232700,22187500,111440700
2023-03-22,42450.0,42600.0,42000.0,42350.0,9019.0,-0.819672131147541,26998000,53683450,299138000,1439050,81157400,890400,224341850,74868850,381258500
2023-03-23,42200.0,42400.0,41750.0,41850.0,13153.0,-1.1806375442739079,34757900,146475000,344037700,26010100,15292600,0,491927200,44060900,551280700
2023-03-24,41850.0,42100.0,41650.0,41850.0,6181.0,0.0,21120500,69149700,168576850,0,4593550,0,178754500,75499000,258847050
2023-03-27,42300.0,42300.0,41350.0,41700.0,4689.0,-0.35842293906810035,24530600,0,153582550,16889200,24622750,0,128211900,42167700,195002350
2023-03-28,41550.0,42100.0,41200.0,41950.0,5699.0,0.5995203836930456,8948000,0,179947300,49252400,9137350,0,155475900,73534450,238147700
2023-03-29,41950.0,42350.0,41800.0,42150.0,3227.0,0.47675804529201427,12389850,24624800,74291100,24331000,14294350,0,109887350,11455050,135636750
2023-03-30,42300.0,42750.0,42000.0,42700.0,13125.0,1.3048635824436536,39833400,293005900,74864350,150173350,27214850,0,502270650,28391500,557877000
2023-03-31,42800.0,42950.0,42300.0,42850.0,7251.0,0.351288056206089,14035300,79596900,163199850,52843350,11285350,1238300,230878650,66273100,309675400
2023-04-03,42850.0,42900.0,42200.0,42400.0,5897.0,-1.0501750291715286,28894900,0,191406800,29982700,28946800,0,188466800,32870800,250284400
2023-04-04,42200.0,42650.0,42100.0,42300.0,8542.0,-0.2358490566037736,16670700,0,254050950,90571650,17377950,27563900,305583500,10767950,361293300
2023-04-05,42300.0,42850.0,42250.0,42800.0,5967.0,1.1820330969267139,85400,52153300,120518200,81642550,768650,0,250820950,2809850,254399450
2023-04-06,42850.0,42900.0,42300.0,42550.0,8151.0,-0.5841121495327103,19944100,124211550,188465500,13809400,19672950,0,196982100,129775500,346430550
2023-04-07,42600.0,42800.0,42200.0,42700.0,3888.0,0.35252643948296125,1100000,10892650,153321950,0,1313750,1272000,113210750,49518100,165314600
2023-04-10,42500.0,42700.0,42100.0,42100.0,6825.0,-1.405152224824356,12512550,45036300,230571400,42200,20316950,0,176694950,91150550,288162450
2023-04-11,42000.0,42450.0,41950.0,42450.0,3810.0,0.831353919239905,4098650,28956800,106573850,21302100,13804500,0,133057600,14069300,160931400
2023-04-12,42500.0,42700.0,42300.0,42500.0,8807.0,0.11778563015312131,4456500,6861200,282259050,80057250,51019400,0,268740550,53874050,373634000
2023-04-13,42500.0,42700.0,42250.0,42600.0,5264.0,0.2352941176470588,4146150,104269200,91339800,23801700,10748650,0,157004100,55804100,223556850
2023-04-14,42450.0,43200.0,42450.0,43050.0,5085.0,1.056338028169014,769600,15079450,110059350,92133650,2405700,0,204548050,11088300,218042050
2023-04-17,42950.0,43450.0,42800.0,43050.0,4724.0,0.0,8304400,0,188798250,6299850,8961050,0,112154300,82287150,203402500
2023-04-18,42950.0,43200.0,42800.0,43100.0,6540.0,0.11614401858304298,12111900,38468400,189533650,40980850,22654150,0,188959700,69480950,281094800
2023-04-19,43150.0,46000.0,43150.0,44000.0,13767.0,2.088167053364269,11979700,0,509921100,91294600,13393900,0,468156700,131644800,613195400
2023-04-20,43900.0,44450.0,43350.0,43850.0,7415.0,-0.3409090909090909,25315950,0,195808100,103052100,21927500,176200,189287050,112785400,324176150
2023-04-21,43500.0,44150.0,43100.0,43800.0,7364.0,-0.11402508551881414,39787850,0,174453400,106632600,50723950,0,235619700,34530200,320873850
2023-04-24,43950.0,44500.0,43000.0,43050.0,6221.0,-1.7123287671232876,25801850,0,230950250,15108350,25837400,43177050,128409550,74436450,271860450
2023-04-25,42900.0,43500.0,42500.0,42850.0,4495.0,-0.4645760743321719,11133550,0,166039650,15636300,21150900,0,108646400,63012200,192809500
2023-04-26,43350.0,43400.0,42450.0,42450.0,3957.0,-0.9334889148191364,21883150,0,104827600,42581000,24560450,0,136543250,8188050,169291750
2023-04-27,42450.0,43500.0,42450.0,42650.0,7531.0,0.47114252061248524,11079450,0,267869550,44798600,54792350,0,245380700,23574550,323747600
2023-04-28,42900.0,42950.0,42500.0,42650.0,5333.0,0.0,9116350,0,214725450,3373900,13029850,0,196139600,18046250,227215700
2023-05-02,42550.0,42900.0,42350.0,42650.0,2757.0,0.0,4155850,84850,112913700,85300,7492550,0,101810400,7936750,117239700
2023-05-03,42500.0,42900.0,42400.0,42550.0,4068.0,-0.23446658851113714,1696300,96124300,71286100,4213750,25158550,0,143990800,4171100,173320450
2023-05-04,42800.0,42800.0,42400.0,42600.0,3197.0,0.11750881316098707,0,56215050,73561800,6225300,16288600,0,107490950,12222600,136002150
2023-05-08,42900.0,43550.0,42500.0,43050.0,6403.0,1.056338028169014,42440650,0,126426100,107586950,29650650,0,220606650,26196400,276453700
2023-05-09,43050.0,43500.0,42550.0,43100.0,2333.0,0.11614401858304298,34457000,0,56460650,9310550,23888900,4310000,41487150,30542150,100228200
2023-05-10,43300.0,43500.0,42600.0,43400.0,7429.0,0.6960556844547563,22415750,0,287646450,10300550,22287100,0,193457550,104618100,320362750
2023-05-11,43050.0,43550.0,43000.0,43450.0,5143.0,0.1152073732718894,5632650,158769950,58608700,0,173800,0,191480900,31356600,223011300
2023-05-12,43250.0,43500.0,42600.0,43500.0,10296.0,0.11507479861910241,34019300,43325000,331707900,34453500,28784400,51938350,267079400,95703550,443505700
2023-05-15,43600.0,43600.0,41800.0,42000.0,25255.0,-3.4482758620689653,93175600,68150000,818394900,90822850,91324350,0,858419350,120799650,1070543350
2023-05-16,42350.0,42350.0,40600.0,41000.0,18445.0,-2.380952380952381,22639150,8240000,656323350,74553650,30796250,0,611946850,119013050,761756150
2023-05-17,41000.0,41200.0,40550.0,41100.0,8820.0,0.24390243902439024,82959650,16411650,209779050,51832550,72478500,0,267277650,21226750,360982900
2023-05-18,41150.0,41200.0,40700.0,40700.0,9260.0,-0.9732360097323601,16908450,84658300,271845700,4977500,17995600,44038300,266107200,50248850,378389950
2023-05-19,40750.0,41000.0,40600.0,40950.0,6265.0,0.6142506142506142,24390600,40850,216389850,14566400,24153400,0,207505450,23728850,255387700
2023-05-22,40950.0,41050.0,40600.0,40700.0,9197.0,-0.6105006105006106,4919400,28614150,309114950,32288450,4969700,0,287198450,82768800,374936950
2023-05-23,40700.0,40900.0,40600.0,40850.0,5586.0,0.36855036855036855,3333300,75194350,148820450,0,4196550,1299200,201935050,19917300,227348100
2023-05-24,40650.0,41000.0,40650.0,40850.0,3932.0,0.0,4065200,49242100,102158900,5221400,4115950,0,135675850,20895800,160687600
2023-05-25,40850.0,40950.0,40400.0,40600.0,13356.0,-0.6119951040391677,16381600,292797500,215672500,18520500,16610800,0,502777050,23984250,543372100
2023-05-26,40850.0,40850.0,40550.0,40550.0,4842.0,-0.12315270935960591,0,123207950,73290200,0,1257500,0,154446950,40793700,196498150
2023-05-30,40600.0,40600.0,40050.0,40100.0,8571.0,-1.1097410604192355,19863200,80325000,243902950,401000,13960050,0,286981800,43550300,344492150
2023-05-31,40200.0,40300.0,39800.0,39900.0,11244.0,-0.4987531172069825,80250,170604300,276940350,2880200,919250,40240150,75648550,333697150,450505100
2023-06-01,39850.0,40000.0,39400.0,39500.0,15099.0,-1.0025062656641603,10731650,288725200,298405850,2216800,14538650,0,339292350,246248500,600079500
2023-06-02,39600.0,39600.0,39100.0,39300.0,12848.0,-0.5063291139240507,7721950,158851850,333063500,5432600,7888600,39181300,326745700,131254300,505069900
2023-06-05,39500.0,40200.0,39350.0,40150.0,7380.0,2.1628498727735366,0,34157500,222167450,37492550,240400,99500000,128688400,65388700,293817500
2023-06-07,39900.0,40600.0,39900.0,40550.0,4873.0,0.9962640099626401,0,0,188435300,8113250,607050,46667400,141077350,8196750,196548550
2023-06-08,40850.0,40850.0,40100.0,40350.0,3313.0,-0.4932182490752158,7447450,40400000,79977350,5841550,7492600,0,91999300,34174450,133666350
2023-06-09,40350.0,40650.0,40000.0,40250.0,7137.0,-0.24783147459727387,6867450,125534950,141347750,14789250,21071250,0,257611600,9856550,288539400
2023-06-12,40250.0,40250.0,39800.0,39800.0,4480.0,-1.1180124223602486,0,0,169463700,9686850,2720950,0,161978950,14450650,179150550
2023-06-13,39800.0,40700.0,39700.0,40000.0,4983.0,0.5025125628140703,17332800,19900000,151475550,10825300,17032550,0,147536450,34964650,199533650
2023-06-14,40450.0,40450.0,39800.0,40000.0,3257.0,0.0,4704550,6000000,99564300,20048000,4799500,0,97585400,27931950,130316850
2023-06-15,40350.0,40350.0,39700.0,40100.0,5716.0,0.25,17692200,69093550,98572100,43086550,36813850,0,159056950,32573600,228444400
2023-06-16,40450.0,40450.0,39850.0,40150.0,3602.0,0.12468827930174563,24520600,18884200,77776650,23070100,26923650,0,98767950,18559950,144251550
2023-06-19,39950.0,40150.0,39850.0,40100.0,1387.0,-0.12453300124533001,1476850,0,49867500,4118200,1360300,0,45860300,8241950,55462550
2023-06-20,39950.0,41350.0,39950.0,41000.0,21509.0,2.2443890274314215,45291600,0,742522200,92732450,45358200,0,785931250,49256800,880546250
2023-06-21,40800.0,41300.0,40500.0,40700.0,8296.0,-0.7317073170731708,12538800,20390000,274608950,30877850,15225600,243600,265418250,57528150,338415600
2023-06-22,40400.0,40900.0,40300.0,40400.0,6007.0,-0.7371007371007371,9815400,84760000,131310050,16829250,9660900,0,219725900,13327900,242714700
2023-06-23,40250.0,40600.0,40050.0,40050.0,2213.0,-0.8663366336633664,1089300,0,79720350,8123700,1287950,0,74140700,13504700,88933350
2023-06-26,39900.0,40400.0,39700.0,40150.0,4278.0,0.24968789013732834,17332650,36029650,109576200,8550750,11272700,40350000,114601900,5264650,171489250
2023-06-27,40150.0,40250.0,40000.0,40200.0,2483.0,0.12453300124533001,4652850,52629700,42346650,0,4410950,22592400,58000750,14625100,99629200
2023-06-28,40050.0,40350.0,39550.0,40250.0,2935.0,0.12437810945273632,7542550,0,107787300,2716600,7400150,41883300,64026200,4736800,118046450
2023-06-29,40250.0,40250.0,39400.0,40050.0,2009.0,-0.4968944099378882,6159750,28074750,43098150,2869200,6142350,0,56949100,17110400,80201850
2023-06-30,40050.0,40550.0,39850.0,40250.0,2038.0,0.4993757802746567,3204050,29801200,48060400,319550,3197950,0,73916750,4270500,81385200
2023-07-03,40450.0,40450.0,40000.0,40150.0,3086.0,-0.2484472049689441,2890900,34680000,60994550,25083350,2689100,0,117631550,3328150,123648800
2023-07-04,39950.0,40400.0,39800.0,40050.0,5469.0,-0.24906600249066002,7456750,135685000,67514050,7706500,6749250,0,204617250,6995800,218362300
2023-07-05,39900.0,40200.0,39750.0,39750.0,5864.0,-0.7490636704119851,959950,134063400,93463700,5526600,1157250,0,231578850,1277550,234013650
2023-07-06,39600.0,39750.0,38700.0,39250.0,12629.0,-1.257861635220126,21424250,215500000,249503450,8234100,38455700,0,385957050,70249050,494661800
2023-07-07,39250.0,39250.0,38750.0,39200.0,6589.0,-0.12738853503184713,16694150,121464000,117922600,0,11923100,0,212026700,32130950,256080750
2023-07-10,38800.0,39250.0,38600.0,39200.0,7013.0,0.0,17798700,176250000,48546700,31427150,17677250,0,244605900,11739400,274022550
2023-07-11,39250.0,39550.0,39050.0,39550.0,1713.0,0.8928571428571428,7757800,19660000,20002400,19951450,8032700,0,55870500,3468450,67371650
2023-07-12,39950.0,40750.0,39550.0,40100.0,4206.0,1.390644753476612,14802850,0,91460500,63095700,15062700,0,129268750,25027600,169359050
2023-07-13,39950.0,40400.0,39950.0,39950.0,1364.0,-0.3740648379052369,6261050,0,45663400,2679700,10936800,0,31116500,12550850,54604150
2023-07-14,40550.0,40550.0,39800.0,40000.0,1894.0,0.1251564455569462,8870200,16000900,49069550,1635600,8932800,0,49160300,17483150,75576250
2023-07-17,40000.0,40400.0,39500.0,40000.0,3640.0,0.0,9557600,73598200,61674350,873550,9555300,0,112185250,23963150,145703700
2023-07-18,40050.0,40300.0,39800.0,39800.0,3391.0,-0.5,4374700,53222800,77815050,0,31452650,0,87869200,16090700,135412550
2023-07-19,39800.0,40050.0,39450.0,39650.0,7360.0,-0.37688442211055273,20135350,152855600,71867150,47097600,20218700,0,268245300,3491700,291955700
2023-07-20,39650.0,39950.0,39300.0,39550.0,9396.0,-0.25220680958385877,27324550,134050000,123347150,86159700,49470700,0,301758900,19651800,370881400
2023-07-21,39550.0,39650.0,39300.0,39600.0,3220.0,0.12642225031605564,13908900,33521450,70359100,9327000,8923200,0,91499050,26694200,127116450
2023-07-24,39250.0,39600.0,38800.0,39300.0,7895.0,-0.7575757575757576,20995300,93825750,188130600,5731950,20470600,0,196282600,91930400,308683600
2023-07-25,38650.0,39300.0,38650.0,39050.0,6524.0,-0.6361323155216284,1407700,150899450,88237200,14292200,312850,0,252022300,2501400,254836550
2023-07-26,39050.0,39500.0,37800.0,38600.0,16501.0,-1.1523687580025608,51302400,294627250,229856350,58051950,50585550,0,477710650,105541750,633837950
2023-07-27,38600.0,39050.0,38600.0,38900.0,3288.0,0.7772020725388601,1127850,60509300,48402650,17375900,9406600,0,113641750,4367350,127415700
2023-07-28,38550.0,39600.0,38550.0,39550.0,4783.0,1.6709511568123392,6145400,102196500,30014550,48457150,6164850,0,176821650,3827100,186813600
2023-07-31,39650.0,39750.0,39200.0,39700.0,2107.0,0.37926675094816686,4668950,39937200,29153350,9576900,4826750,0,65696200,12813450,83336400
2023-08-01,39900.0,40100.0,39600.0,39750.0,3952.0,0.12594458438287154,2944550,82845750,63985800,7549250,16828350,0,136724050,3772950,157325350
2023-08-02,40150.0,40150.0,39000.0,39800.0,5612.0,0.12578616352201258,37084650,80468800,92486850,11604100,37371100,0,151770750,32502550,221644400
2023-08-03,39850.0,40300.0,39400.0,40150.0,19369.0,0.8793969849246231,6296500,477604550,205913500,76217050,6333350,0,621233300,138464950,766031600
2023-08-04,40200.0,40250.0,39900.0,40050.0,4168.0,-0.24906600249066002,2562950,111867800,21803450,30571200,4006100,0,155635600,7163700,166805400
2023-08-07,39900.0,41550.0,39600.0,41500.0,12129.0,3.620474406991261,14012050,29509200,369772850,83192450,12513350,0,465870800,18102400,496486550
2023-08-08,41300.0,42200.0,40700.0,41350.0,11141.0,-0.3614457831325301,43082700,68801000,252891350,94917350,45087050,0,326435650,88169700,459692400
2023-08-09,41350.0,41450.0,40550.0,41150.0,8133.0,-0.48367593712212814,17895800,24831900,253432750,37922750,17754750,0,128879650,187448800,334083200
2023-08-10,41050.0,41100.0,40400.0,40650.0,2450.0,-1.2150668286755772,27573500,0,55577750,16173650,61124500,0,28124650,10075750,99324900
2023-08-11,40950.0,40950.0,40400.0,40650.0,2700.0,0.0,13033500,0,41225250,55255700,11402450,0,89755250,8356750,109514450
2023-08-14,39250.0,40600.0,39250.0,39750.0,8202.0,-2.214022140221402,16111600,171850750,93956800,44560750,28906600,0,289407750,8165550,326479900
2023-08-16,39250.0,39700.0,39100.0,39700.0,4710.0,-0.12578616352201258,2442550,101794250,69777700,10869400,50757500,0,126122000,8004400,184883900
2023-08-17,39200.0,39400.0,38750.0,39200.0,4849.0,-1.2594458438287155,12740350,46760000,71452500,57849700,17474650,27125000,118325800,25877100,188802550
2023-08-18,39000.0,39550.0,38850.0,39550.0,1705.0,0.8928571428571428,1531000,0,27357400,37959900,1491400,0,48762900,16594000,66848300
2023-08-21,39550.0,39550.0,39050.0,39550.0,1496.0,0.0,2713650,0,54833150,1139700,3567600,0,28915850,26203050,58686500
2023-08-22,39650.0,46400.0,39100.0,40050.0,80235.0,1.2642225031605563,91056900,21568000,2944134900,327980400,90349900,276098050,2607807400,410484850,3384740200
2023-08-23,40500.0,42000.0,39800.0,39800.0,24874.0,-0.6242197253433208,53539650,11443250,765479300,183691150,55667850,12570000,816748500,129167000,1014153350
2023-08-24,40700.0,40750.0,39750.0,40150.0,11021.0,0.8793969849246231,24698000,400000,326215350,91559050,29186500,3232000,366635800,43818100,442872400
2023-08-25,40050.0,40850.0,39750.0,40000.0,6656.0,-0.37359900373599003,27235100,0,183790300,56810900,26883400,0,205229350,35723550,267836300
2023-08-28,40700.0,40700.0,39900.0,40000.0,3797.0,0.0,11514350,0,64420500,76193700,11492450,0,129257000,11379100,152128550
2023-08-29,40850.0,40850.0,39800.0,40250.0,6315.0,0.625,5310350,1990000,193164800,53171100,5146100,0,163415550,85074600,253636250
2023-08-30,40200.0,40700.0,40000.0,40550.0,5931.0,0.7453416149068323,6577400,44490400,83869350,104441300,13576200,0,202418150,23384100,239378450
2023-08-31,40550.0,40550.0,40000.0,40200.0,3408.0,-0.8631319358816275,10188050,56793150,68019500,2370000,15861300,0,97132000,24377400,137370700
2023-09-01,40000.0,40350.0,39800.0,40150.0,2322.0,-0.12437810945273632,5940050,10400850,63990450,12548800,5857150,0,70189750,16833250,92880150
2023-09-04,40100.0,40150.0,39600.0,40000.0,3277.0,-0.37359900373599003,6719650,29668400,92164000,2306100,1638850,0,102599150,26620150,130858150
2023-09-05,40000.0,40150.0,39450.0,40100.0,5547.0,0.25,7218150,98168000,112501200,2839950,4699200,0,211035700,4992400,220727300
2023-09-06,40000.0,40150.0,39800.0,40050.0,3392.0,-0.12468827930174563,4195950,88690000,38923650,3517500,3994350,0,121588450,9744300,135327100
2023-09-07,40000.0,40000.0,39550.0,39900.0,4572.0,-0.37453183520599254,198800,107426550,73495900,238400,24605700,0,134364400,22389550,181359650
2023-09-08,39650.0,40250.0,39650.0,40150.0,5144.0,0.6265664160401002,22929700,96276250,46766250,39783150,22937650,0,176764900,6052800,205755350
2023-09-11,40150.0,40250.0,39850.0,40000.0,3203.0,-0.37359900373599003,8265050,56578200,51043200,12056300,8222450,0,111439100,8281200,127942750
2023-09-12,39900.0,40150.0,39850.0,39900.0,1365.0,-0.25,239600,34400700,19718200,119850,79750,0,45703800,8694800,54478350
2023-09-13,40100.0,40100.0,39700.0,39950.0,2127.0,0.12531328320802004,119700,33059000,51352050,159250,79500,0,68001350,16609150,84690000
2023-09-14,39950.0,39950.0,39650.0,39850.0,1660.0,-0.2503128911138924,7709700,11718800,45344250,1233850,7070800,0,47478850,11456950,66006600
2023-09-15,39850.0,40000.0,39700.0,40000.0,1130.0,0.37641154328732745,159600,13420050,30942200,519800,439050,0,43208800,1393800,45041650
2023-09-18,40000.0,40000.0,39600.0,39900.0,3115.0,-0.25,19438700,51696750,47651800,5200750,20794600,318800,101479850,1394750,123988000
2023-09-19,39900.0,40000.0,39500.0,39900.0,1325.0,0.0,7929700,19825000,24806350,0,19313100,0,22857300,10390650,52561050
2023-09-20,40000.0,40000.0,39650.0,39900.0,697.0,0.0,796000,11895000,14971200,0,517550,0,25076550,2068100,27662200
2023-09-21,39700.0,39800.0,39350.0,39800.0,2304.0,-0.2506265664160401,1111650,59092000,30820200,39600,118700,0,68602500,22342250,91063450
2023-09-22,39850.0,39850.0,39300.0,39450.0,5918.0,-0.8793969849246231,394300,148309650,79854800,4694550,118300,0,168257650,64877350,233253300
2023-09-25,39350.0,39450.0,39300.0,39400.0,1294.0,-0.12674271229404308,394000,26341950,24184150,0,157550,0,39036000,11726550,50920100
2023-09-26,39500.0,39500.0,38800.0,38850.0,8746.0,-1.3959390862944163,9007800,209345100,119819250,3280200,8345450,0,245172100,87934800,341452350
2023-09-27,38750.0,39600.0,38700.0,39500.0,3542.0,1.673101673101673,14901700,57849650,52049750,14097400,13876200,0,71272150,53750150,138898500
2023-10-04,39450.0,39500.0,39150.0,39200.0,963.0,-0.7594936708860759,9100100,9865800,18813900,0,431950,0,31612600,5735250,37779800
2023-10-05,39200.0,39350.0,38950.0,39350.0,2290.0,0.3826530612244898,19990750,33356100,29729600,6527250,10783050,0,73496150,5324500,89603700
2023-10-06,39850.0,39850.0,39300.0,39600.0,1863.0,0.6353240152477764,5859200,54721100,12733850,39350,3738400,0,41582300,28032800,73353500
2023-10-10,39700.0,39800.0,39300.0,39700.0,3803.0,0.25252525252525254,10478300,75200200,17131000,47697250,11315200,316500,120273600,18601450,150506750
2023-10-11,39800.0,40100.0,39700.0,40000.0,3901.0,0.7556675062972292,358350,119070000,35222850,1074600,238950,0,151211050,4275800,155725800
2023-10-12,40150.0,40150.0,39750.0,40100.0,1787.0,0.25,1677150,43724750,11926100,14250800,1596500,0,69982300,0,71578800
2023-10-13,40100.0,40550.0,39950.0,40500.0,11258.0,0.997506234413965,6928150,316174300,55172200,73008000,7039700,0,444242950,0,451282650
2023-10-16,40050.0,40700.0,40050.0,40700.0,4565.0,0.49382716049382713,13082050,88775000,67012050,15602100,11522900,0,172745800,202500,184471200
2023-10-17,40500.0,40800.0,39800.0,40150.0,6786.0,-1.3513513513513513,49935250,70485800,138897200,12485100,42905450,12040000,216254350,603550,271803350
2023-10-18,40150.0,40400.0,39800.0,39950.0,5255.0,-0.49813200498132004,14104700,108649450,87499900,200000,20277800,32512000,137966900,19697350,210454050
2023-10-19,39950.0,39950.0,39100.0,39650.0,13353.0,-0.7509386733416771,45908300,341532900,120192800,19974350,60543700,0,456578800,10485850,527608350
2023-10-20,39300.0,39400.0,38900.0,39350.0,3402.0,-0.7566204287515763,8323700,23470950,78183300,22961350,10265300,391100,78736950,43545950,132939300
2023-10-23,39100.0,39350.0,38450.0,39200.0,3779.0,-0.3811944091486658,10786400,84926500,47141150,4611900,10584900,14589250,103845950,18445850,147465950
2023-10-24,39000.0,39700.0,38750.0,39350.0,9023.0,0.3826530612244898,33773950,256128900,29982250,33153700,33765200,54194000,226379150,38700450,353038800
2023-10-25,39200.0,39500.0,39200.0,39350.0,1131.0,0.0,1414800,0,20987450,22131850,746050,0,43591250,196800,44534100
2023-10-26,39000.0,39400.0,38850.0,39300.0,5296.0,-0.12706480304955528,1134800,135541850,64382950,5779500,155548000,3124000,28319200,19847900,206839100
2023-10-27,39000.0,39600.0,38800.0,39200.0,7558.0,-0.2544529262086514,13807750,173823000,86610400,20938700,152824500,0,110752900,31602450,295179850
2023-10-30,39200.0,39200.0,38950.0,39000.0,9120.0,-0.5102040816326531,351400,169694000,184761300,1564000,249418550,0,105275200,1676950,356370700
2023-10-31,39000.0,39350.0,38900.0,39050.0,6813.0,0.1282051282051282,742150,0,255031400,10552800,199727250,0,58387500,8211600,266326350
2023-11-01,39050.0,39300.0,38750.0,38950.0,1272.0,-0.2560819462227913,7072600,0,35569400,6961950,7144750,0,39009750,3449450,49603950
2023-11-02,39150.0,39900.0,39150.0,39500.0,4844.0,1.4120667522464698,5910900,0,145557000,39860700,70008800,0,114711950,6607850,191328600
2023-11-03,40000.0,43950.0,39300.0,42150.0,94363.0,6.70886075949367,69580400,49801000,3411507050,438838000,170371900,109724200,3123031900,566598450,3969726450
2023-11-06,41300.0,42450.0,40350.0,41050.0,38171.0,-2.6097271648873073,54350450,165750,1255807000,263095300,184173500,11368050,1238553750,139323200,1573418500
2023-11-07,41100.0,41150.0,39950.0,40650.0,15371.0,-0.9744214372716199,27293800,1203000,474056550,117597000,138245000,809650,439744600,41351100,620150350
2023-11-08,40650.0,40900.0,40100.0,40600.0,4912.0,-0.12300123001230012,14104000,4072500,149807450,31017950,21185900,2109150,156395400,19311450,199001900
2023-11-09,40550.0,40850.0,39850.0,40300.0,8101.0,-0.7389162561576355,16745050,1006250,268239100,39586550,17466800,0,279350650,28759500,325576950
2023-11-10,40050.0,40050.0,39350.0,39500.0,6174.0,-1.9851116625310175,20457800,0,200167950,23942400,37588800,0,180723550,26255800,244568150
2023-11-13,39400.0,39800.0,38900.0,38900.0,8121.0,-1.5189873417721518,9235250,0,252204650,56990950,10473250,0,283319750,24637850,318430850
2023-11-14,38950.0,39550.0,38900.0,39250.0,2222.0,0.8997429305912596,4664750,0,70679700,11849250,5012900,0,74803950,7376850,87193700
2023-11-15,39500.0,39500.0,39100.0,39400.0,3356.0,0.3821656050955414,472050,0,122921100,8467350,39532850,0,91343250,984400,131860500
2023-11-16,39400.0,39500.0,38950.0,39450.0,5830.0,0.12690355329949238,4510200,0,200584050,23550200,5248400,0,222055800,1340250,228644450
2023-11-17,39450.0,39450.0,39250.0,39250.0,2212.0,-0.5069708491761723,275600,0,86713050,0,24552050,0,61099450,1337150,86988650
2023-11-20,39250.0,39750.0,39100.0,39450.0,5948.0,0.5095541401273885,8219450,0,193322750,33071700,43413750,0,189589900,1610250,234613900
2023-11-21,39500.0,40400.0,39500.0,39900.0,5988.0,1.1406844106463878,27339000,0,178882750,32681700,27907450,0,202274000,8722000,238903450
2023-11-22,39900.0,39950.0,39500.0,39700.0,2391.0,-0.5012531328320802,3719700,0,70362350,20631300,33296000,0,60583600,833750,94713350
2023-11-23,39700.0,39750.0,39500.0,39750.0,1471.0,0.12594458438287154,516200,0,55552200,2255200,2337700,0,44923000,11062900,58323600
2023-11-24,39800.0,39900.0,39350.0,39400.0,4148.0,-0.8805031446540881,7453200,0,155716500,867950,7220200,0,147474000,9343450,164037650
2023-11-27,39650.0,39650.0,39300.0,39500.0,2245.0,0.25380710659898476,4181550,0,83303250,945650,4249950,0,76810750,7369750,88430450
2023-11-28,39600.0,39600.0,39300.0,39500.0,5144.0,0.0,1145050,0,200329000,1144000,53352900,0,132372550,16892600,202618050
2023-11-29,39700.0,41400.0,39450.0,40450.0,18415.0,2.4050632911392404,38440000,0,590504800,117165250,119099650,0,545349100,81661300,746110050
2023-11-30,40450.0,41000.0,39800.0,40850.0,4826.0,0.9888751545117428,21484700,0,158013900,15329100,53792050,0,114805750,26229900,194827700
2023-12-01,40850.0,41250.0,40550.0,40700.0,8449.0,-0.36719706242350064,8823750,0,325202850,10605100,8819300,40160500,263506850,32145050,344631700
2023-12-04,40700.0,41450.0,40550.0,41000.0,10589.0,0.7371007371007371,32129200,154426250,146376150,100450750,32173850,0,386341450,14867050,433382350
2023-12-05,41450.0,42100.0,40450.0,41900.0,13665.0,2.195121951219512,22322500,0,528635250,17920550,122245550,0,406565900,40066850,568878300
2023-12-06,41900.0,42400.0,41000.0,41600.0,4076.0,-0.7159904534606205,23309850,26115000,103896450,15197800,29512200,0,118397700,20609200,168519100
2023-12-07,41900.0,42150.0,41450.0,42100.0,9637.0,1.201923076923077,23840450,225283650,93332850,59773450,26235150,4160000,363386600,8448650,402230400
2023-12-08,41900.0,42400.0,41600.0,41850.0,3135.0,-0.5938242280285035,16403250,67757300,42268450,4598750,14852150,0,104781100,11394500,131027750
2023-12-11,41850.0,42750.0,41700.0,42750.0,16131.0,2.1505376344086025,30607200,448028650,160955450,45329300,30192800,0,640090400,14637400,684920600
2023-12-12,42900.0,42900.0,42350.0,42750.0,19570.0,0.0,8539650,574975000,209312050,40639400,11277650,0,811182400,11006050,833466100
2023-12-13,42500.0,42900.0,42300.0,42750.0,9098.0,0.0,9894750,129791550,236803600,11702350,8908700,5086450,323217600,50979500,388192250
2023-12-14,43200.0,43200.0,42500.0,42600.0,4195.0,-0.3508771929824561,5667650,0,126913850,47235950,7762450,0,109300500,62754500,179817450
2023-12-15,42450.0,42850.0,42450.0,42700.0,2206.0,0.2347417840375587,2430500,46375950,45171550,42600,2389350,298200,73580500,17752550,94020600
2023-12-18,42800.0,42850.0,42400.0,42650.0,2718.0,-0.117096018735363,4844350,80194100,30425100,213200,4416600,255300,102016550,8988300,115676750
2023-12-19,42950.0,42950.0,42500.0,42800.0,3410.0,0.3516998827667058,4940850,38624600,71271200,31277450,11708350,0,132310950,2094800,146114100
2023-12-20,42700.0,43600.0,42500.0,43500.0,46509.0,1.6355140186915886,22280050,1764347900,205300300,29809250,20342750,1741293000,256332600,3769150,2021737500
2023-12-21,43250.0,43400.0,42950.0,43000.0,2024.0,-1.1494252873563218,990650,0,85322900,862950,19511150,0,34999450,32665900,87176500
2023-12-22,43000.0,43300.0,42550.0,42600.0,10276.0,-0.9302325581395349,23639750,4303250,412068850,3207650,23629350,3535800,388874200,27180150,443219500
2023-12-26,42000.0,42950.0,42000.0,42850.0,46527.0,0.5868544600938966,18790900,1905068100,59743850,8078850,18514450,1714679200,247582050,10906000,1991681700
2023-12-27,42650.0,42900.0,42500.0,42750.0,3412.0,-0.2333722287047841,2136900,0,136135700,7470550,469150,0,107650350,37623650,145743150
2023-12-28,42750.0,42750.0,41800.0,42000.0,7042.0,-1.7543859649122806,64838300,0,190922250,40058850,51357850,13062850,202790500,28608200,295819400
2024-01-02,42200.0,42500.0,41500.0,41950.0,6248.0,-0.11904761904761905,51591150,292250,109918650,99018950,51190650,417500,186773900,22438950,260821000
2024-01-03,41950.0,41950.0,41200.0,41300.0,2451.0,-1.5494636471990464,18260150,0,80101450,3255550,21442900,416500,67197300,12560450,101617150
2024-01-04,41300.0,41750.0,40750.0,41000.0,4730.0,-0.7263922518159807,34727150,0,149124750,9695600,39030050,205000,122120700,32191750,193547500
2024-01-05,40700.0,41400.0,40600.0,40900.0,3279.0,-0.24390243902439024,37034400,0,75692600,21286950,27913150,205000,84837450,21058350,134013950
2024-01-08,41550.0,41550.0,40500.0,40600.0,3426.0,-0.7334963325183375,23969700,0,115140150,121900,26954950,203000,97995100,14078700,139231750
2024-01-09,40200.0,40800.0,40200.0,40500.0,2401.0,-0.24630541871921183,4049850,0,93064050,0,15870400,201750,67817000,13224750,97113900
2024-01-10,40700.0,40700.0,40300.0,40400.0,5634.0,-0.24691358024691357,16376850,0,191760200,19724250,11919950,406500,198282350,17252500,227861300
2024-01-11,40300.0,41250.0,40300.0,40900.0,3870.0,1.2376237623762376,13913250,0,120495650,22862450,21934300,0,133231350,2105700,157271350
2024-01-12,40800.0,41150.0,40500.0,40950.0,4545.0,0.12224938875305623,15285700,0,148894550,20449100,12197600,0,152993750,19438000,184629350
2024-01-15,40950.0,41400.0,40250.0,41000.0,9020.0,0.1221001221001221,80671150,0,250896000,35167350,82203950,0,225262900,59267650,366734500
2024-01-16,40900.0,40900.0,39950.0,40500.0,5470.0,-1.2195121951219512,45803050,0,173033650,1523350,40552050,0,95564150,84243850,220360050
2024-01-17,40500.0,40600.0,40000.0,40350.0,2874.0,-0.3703703703703704,19580150,0,95772100,40100,22191400,0,36739750,56461200,115392350
2024-01-18,40350.0,40450.0,39900.0,40100.0,3818.0,-0.6195786864931847,19933150,0,132916550,80350,20734450,0,122886500,9309100,152930050
2024-01-19,40100.0,41200.0,40100.0,40800.0,6901.0,1.7456359102244388,35242200,0,167277950,76737550,35202600,0,220631950,23423150,279257700
2024-01-22,40800.0,40900.0,40150.0,40400.0,2850.0,-0.9803921568627451,22325700,0,68749050,23951400,21776650,0,88628250,4621250,115026150
2024-01-23,40750.0,40750.0,40200.0,40450.0,2593.0,0.12376237623762376,8500900,402000,95244450,765700,10294900,0,84095600,10522550,104913050
2024-01-24,40500.0,40700.0,40300.0,40350.0,2982.0,-0.2472187886279357,25191400,0,77353100,17975050,30016350,0,75473000,15030200,120519550
2024-01-25,40650.0,40650.0,40000.0,40350.0,3513.0,0.0,24182600,0,116349850,763850,27634050,0,106614100,7048150,141296300
2024-01-26,40650.0,40800.0,40200.0,40300.0,1902.0,-0.12391573729863693,14492400,0,62206250,0,20881900,0,50325550,5491200,76698650
2024-01-29,40300.0,42150.0,40050.0,41800.0,17946.0,3.722084367245657,167193850,5392400,501105750,68061150,114982000,0,471287050,155484100,741753150
2024-01-30,41900.0,42800.0,41750.0,42500.0,11119.0,1.674641148325359,168095250,3775450,234884700,63868050,83747250,0,329048400,57827800,470623450
2024-01-31,42400.0,42800.0,41550.0,41950.0,12687.0,-1.2941176470588236,183817350,2092100,241995500,104034350,174461500,9112450,223610000,124755350,531939300
2024-02-01,41600.0,44650.0,41450.0,43850.0,36182.0,4.529201430274136,258820200,9320000,912373900,387385150,301560050,0,1181509300,84829900,1567899250
2024-02-02,44000.0,44600.0,42550.0,43850.0,19741.0,0.0,129295800,0,624667150,108249150,128462750,3143400,557005400,173600550,862212100
2024-02-05,43850.0,44400.0,43250.0,44150.0,14755.0,0.6841505131128849,96642550,0,402341100,146876750,117795750,6555000,272611450,248898200,645860400
2024-02-06,43750.0,44150.0,43350.0,44000.0,11595.0,-0.33975084937712347,160121950,2182500,218934100,125746750,159349250,18198650,211719350,117718050,506985300
2024-02-07,43700.0,44000.0,43000.0,43350.0,6628.0,-1.4772727272727273,62595100,1297500,199818850,24111600,57011850,0,190464400,40346800,287823050
2024-02-08,43950.0,44200.0,42750.0,43950.0,17156.0,1.384083044982699,204931950,1291500,392736950,142597150,207658850,0,426075800,107822900,741557550
2024-02-13,43950.0,44800.0,43550.0,43900.0,8787.0,-0.11376564277588168,72179800,0,167459050,149220000,80516400,884000,279385550,28072900,388858850
2024-02-14,43700.0,44200.0,43150.0,43400.0,4666.0,-1.1389521640091116,38864450,0,130924850,32296300,41931400,0,147556200,12598000,202085600
2024-02-15,43550.0,43900.0,42450.0,43250.0,11180.0,-0.3456221198156682,157210150,0,263187500,57990050,167130650,0,156187050,155070000,478387700
2024-02-16,43200.0,43250.0,42600.0,42700.0,2514.0,-1.2716763005780347,15377700,0,70914650,21405400,21233850,0,60867150,25596750,107697750
2024-02-19,42950.0,44000.0,42950.0,43700.0,10985.0,2.3419203747072603,83354900,6120850,222804800,166361700,85765900,0,382550800,10325550,478642250
2024-02-20,44000.0,46200.0,43900.0,44450.0,38855.0,1.7162471395881007,322287250,5952500,1045005050,381495250,319524000,339099100,904331600,191785350,1754740050
2024-02-21,43900.0,44250.0,43100.0,43600.0,14494.0,-1.9122609673790776,152196100,866000,414669100,61114100,149360350,0,307153300,172331650,628845300
2024-02-22,43550.0,43550.0,42400.0,42400.0,14236.0,-2.7522935779816518,101487450,2996000,461452150,43587500,90644450,42841150,269596350,206441150,609523100
2024-02-23,42500.0,42800.0,42000.0,42400.0,11047.0,0.0,103873100,0,334702400,28840250,108789250,0,173896050,184730450,467415750
2024-02-26,42300.0,42300.0,41050.0,41200.0,13840.0,-2.8301886792452833,93487300,0,387437300,90930800,90112850,10295000,274026100,197421450,571855400
2024-02-27,41550.0,41550.0,40700.0,41150.0,9590.0,-0.12135922330097086,83859950,2325600,265817400,40732600,100735600,0,146762800,145237150,392735550
2024-02-28,40700.0,41200.0,40700.0,41000.0,3220.0,-0.3645200486026731,6979700,0,105471300,19358300,22776750,0,72243250,36789300,131809300
2024-02-29,41050.0,41050.0,40300.0,40600.0,8697.0,-0.975609756097561,46656200,0,256142250,50926650,48517350,0,170134550,135073200,353725100
2024-03-04,40600.0,40600.0,39800.0,40200.0,13424.0,-0.9852216748768473,97276650,0,368405800,73503200,100927450,4330600,336204150,97723450,539185650
2024-03-05,40150.0,40450.0,39850.0,40200.0,5731.0,0.0,38967300,0,181721100,9405100,40766550,721000,73787550,114818400,230093500
2024-03-06,40200.0,40400.0,40000.0,40250.0,2776.0,0.12437810945273632,803700,40200,110760850,80700,1890000,0,73750500,36044950,111685450
2024-03-07,40300.0,40950.0,40100.0,40250.0,4276.0,0.0,21215950,0,150291350,562600,37679400,0,86462200,47928300,172069900
2024-03-08,40600.0,40600.0,40000.0,40150.0,5296.0,-0.2484472049689441,33153000,0,161860900,17498750,33064600,0,125073600,54374450,212512650
2024-03-11,40150.0,40150.0,39600.0,40050.0,5793.0,-0.24906600249066002,48088900,0,152031700,30854750,43951050,0,139793600,47230700,230975350
2024-03-12,39900.0,39950.0,39200.0,39300.0,18248.0,-1.8726591760299627,48320950,24960800,626079450,19893400,52261850,0,445680700,221312050,719254600
2024-03-13,39650.0,39650.0,39100.0,39250.0,4642.0,-0.1272264631043257,9991250,0,168534450,3495750,9607150,1957500,74459550,95997250,182021450
2024-03-14,39450.0,39450.0,39100.0,39100.0,4625.0,-0.3821656050955414,117400,0,169309750,11587400,1019400,1568500,142610350,35816300,181014550
2024-03-15,39300.0,39300.0,38750.0,39050.0,4061.0,-0.1278772378516624,5203350,0,151886500,1279150,5300400,0,93362100,59706500,158369000
2024-03-18,39050.0,39350.0,38800.0,39300.0,3881.0,0.6402048655569782,18793100,0,121672500,11447900,18911450,0,100383800,32618250,151913500
2024-03-19,39400.0,39400.0,38800.0,38850.0,4712.0,-1.1450381679389312,22124100,0,157963850,3269800,18192450,3890000,129909700,31365600,183357750
2024-03-20,38400.0,38850.0,38400.0,38600.0,9898.0,-0.6435006435006435,22251700,0,325346700,33378900,10522600,0,282044850,88409850,380977300
2024-03-21,38700.0,38900.0,38500.0,38600.0,4326.0,0.0,3439050,38700,150185600,13331000,26903650,0,95188300,44902400,166994350
2024-03-22,38650.0,38650.0,38550.0,38600.0,3773.0,0.0,1080850,0,141334950,3206400,1196550,0,93276500,51149150,145622200
2024-03-25,38650.0,38650.0,38500.0,38600.0,9348.0,0.0,115700,11580000,348862300,0,347300,0,261757200,98453500,360558000
2024-03-26,38550.0,38650.0,38500.0,38650.0,3003.0,0.1295336787564767,1389600,0,114060000,425100,1428250,0,87393100,27053350,115874700
2024-03-27,38650.0,38850.0,38500.0,38550.0,4960.0,-0.258732212160414,19704850,0,154868450,17010000,9611600,0,138380150,43591550,191583300
2024-03-28,38600.0,38650.0,38350.0,38500.0,4800.0,-0.12970168612191957,3207150,0,177149050,4433250,17376700,0,66411150,101001600,184789450
2024-03-29,38400.0,38500.0,38300.0,38350.0,3217.0,-0.38961038961038963,2988200,0,99617000,20934500,3149800,0,87352350,33037550,123539700
2024-04-01,38650.0,38650.0,38350.0,38450.0,2465.0,0.2607561929595828,653600,37659700,51425850,4970400,422750,0,35823000,58463800,94709550
2024-04-02,38450.0,38700.0,38300.0,38300.0,3898.0,-0.3901170351105332,1534750,0,148236200,0,2070850,0,45211350,102488750,149770950
2024-04-03,38300.0,38500.0,38200.0,38350.0,1967.0,0.13054830287206268,4409950,0,51162650,19892350,4529400,0,51595400,19340150,75464950
2024-04-04,38200.0,38500.0,38200.0,38400.0,2426.0,0.1303780964797914,2874600,0,86693050,3417700,4453550,0,65719850,22811950,92985350
2024-04-05,38450.0,38450.0,37850.0,38100.0,6424.0,-0.78125,24097150,0,204227900,16255250,26366350,0,164387000,53826950,244580300
2024-04-08,38150.0,38150.0,37750.0,38000.0,3666.0,-0.26246719160104987,912450,0,134112750,4109400,720300,0,74179950,64234350,139134600
2024-04-09,37700.0,38300.0,37550.0,37750.0,6612.0,-0.6578947368421052,29991100,0,210259900,9550100,30654650,0,172063950,47082500,249801100
2024-04-11,37600.0,37750.0,37300.0,37450.0,1690.0,-0.7947019867549668,7762300,0,55492750,0,9051650,0,37437950,16765450,63255050
2024-04-12,37450.0,37450.0,36500.0,36700.0,13860.0,-2.0026702269692924,50362400,0,450696600,10957250,53466000,0,287940150,170610100,512016250
2024-04-15,36900.0,36900.0,35800.0,36000.0,7477.0,-1.9073569482288828,19258100,36900,246143900,3962750,17681200,0,173771000,77949450,269401650
2024-04-16,35900.0,36000.0,35500.0,35500.0,2143.0,-1.3888888888888888,571350,0,74360450,1575600,2903300,0,50476250,23127850,76507400
2024-04-17,35950.0,35950.0,35300.0,35700.0,1810.0,0.5633802816901409,1419250,0,61233950,1704000,9756400,0,35580650,19020150,64357200
2024-04-18,35850.0,36750.0,35700.0,36450.0,3461.0,2.100840336134454,25536800,0,44751900,54756800,45863250,0,36997350,42184900,125045500
2024-04-19,36750.0,36750.0,35200.0,35700.0,14805.0,-2.05761316872428,150468100,13867500,274112750,88459750,144040800,0,254897000,127970300,526908100
2024-04-22,35750.0,35900.0,35400.0,35900.0,3903.0,0.5602240896358543,8942700,32117700,66666800,31523400,12290150,0,72222300,54738150,139250600
2024-04-23,35900.0,36100.0,35500.0,35900.0,5522.0,0.0,23663550,52225750,111242100,10998650,58055100,0,24305450,115769500,198130050
2024-04-24,35900.0,36450.0,35750.0,36350.0,2572.0,1.2534818941504178,9670400,4536000,37722100,40980850,23012750,0,40936350,28960250,92909350
2024-04-25,36350.0,37050.0,35950.0,36500.0,2217.0,0.41265474552957354,7730900,4556750,61138450,7504250,16274300,0,31687050,32969000,80930350
2024-04-26,36500.0,37000.0,36050.0,36300.0,4079.0,-0.547945205479452,6140950,0,126139000,15526750,3983100,0,68114000,75709600,147806700
2024-04-29,36400.0,36550.0,36100.0,36400.0,2460.0,0.27548209366391185,4357100,36400,72205650,12933900,13943200,0,32558400,43031450,89533050
2024-04-30,37050.0,37050.0,36300.0,36750.0,2585.0,0.9615384615384616,12930000,36450,65149400,16092750,24425050,0,41936200,27847350,94208600
2024-05-02,36400.0,36650.0,36400.0,36650.0,1029.0,-0.27210884353741494,1097100,0,35112250,1389550,658850,0,28169750,8770300,37598900
2024-05-03,36750.0,36800.0,36550.0,36800.0,886.0,0.4092769440654843,990150,0,29057950,2416150,8024900,0,17254400,7184950,32464250
2024-05-07,36800.0,36800.0,36600.0,36700.0,770.0,-0.2717391304347826,1541000,0,26688450,0,4103750,0,14220750,9904950,28229450
2024-05-08,36950.0,37050.0,36650.0,36950.0,2726.0,0.6811989100817438,21818350,0,68977600,9387250,25315150,666000,44962000,29240050,100183200
2024-05-09,36750.0,37050.0,36700.0,37050.0,1160.0,0.2706359945872801,6071050,5539750,21359450,9793300,11363100,0,19461700,11938750,42763550
2024-05-10,37050.0,37150.0,36700.0,37100.0,1794.0,0.1349527665317139,3002150,0,57027200,6372250,3777000,0,25979650,36644950,66401600
2024-05-13,37350.0,37500.0,36950.0,37100.0,2442.0,0.0,28977700,0,38939850,22817300,25361400,0,30058150,35315300,90734850
2024-05-14,36800.0,37300.0,36750.0,37000.0,3478.0,-0.2695417789757413,1730700,0,124836350,1889450,2361200,0,50572600,75522700,128456500
2024-05-16,37100.0,38100.0,37100.0,37550.0,8490.0,1.4864864864864866,20448250,2999900,243083000,52804850,37226550,0,192884850,89224600,319336000
2024-05-17,38250.0,38950.0,37450.0,38050.0,29733.0,1.3315579227696404,132313100,837350,826071650,180494400,150963150,0,604649700,384103650,1139716500
2024-05-20,38050.0,38700.0,37750.0,38350.0,7628.0,0.7884362680683311,41430100,0,204622100,44737200,52955550,38050,149834750,87961050,290789400
2024-05-21,38350.0,38350.0,37400.0,37500.0,3646.0,-2.216427640156454,23043950,0,100622050,13884150,21131200,0,66905550,49513400,137550150
2024-05-22,37550.0,37850.0,37000.0,37300.0,6964.0,-0.5333333333333333,64591250,0,147990400,47616100,68672100,0,126578400,64947250,260197750
2024-05-23,37750.0,37750.0,36600.0,36850.0,7967.0,-1.2064343163538873,54247350,0,169892750,69389650,57300350,0,169335550,66893850,293529750
2024-05-24,36950.0,37600.0,36550.0,37250.0,12972.0,1.0854816824966078,87008300,0,272050500,124121250,89191800,0,236517850,157470400,483180050
2024-05-27,37650.0,37700.0,37100.0,37150.0,5496.0,-0.2684563758389262,63089700,0,114223100,27665500,18737050,0,91870300,94370950,204978300
2024-05-28,37150.0,37850.0,37100.0,37400.0,7300.0,0.6729475100942126,57374900,375000,159979100,55252600,53473650,0,115393250,104114700,272981600
2024-05-29,37600.0,37600.0,37100.0,37300.0,2391.0,-0.267379679144385,4770050,0,74072300,10208200,2010850,0,55934350,31105350,89050550
2024-05-30,37300.0,37850.0,37000.0,37150.0,6990.0,-0.40214477211796246,20639350,0,236701750,3236150,21473300,0,142155600,96948350,260577250
2024-05-31,37150.0,37450.0,37100.0,37200.0,2757.0,0.13458950201884254,18898400,0,50980100,32670950,27032700,0,43668500,31848250,102549450
2024-06-03,37450.0,37600.0,37100.0,37200.0,6439.0,0.0,20591900,1117250,193698350,24473750,33420000,0,150785650,55675600,239881250
2024-06-04,37200.0,37200.0,36950.0,37100.0,3223.0,-0.2688172043010753,3743350,3700000,103019800,8930550,7641550,0,73183650,38568500,119393700
2024-06-05,37100.0,37100.0,36400.0,36900.0,9498.0,-0.5390835579514826,73343900,9185900,255662950,8970900,73770700,0,259825050,13567900,347163650
2024-06-07,37150.0,37150.0,36400.0,36550.0,8194.0,-0.9485094850948509,34082800,80547200,162904950,21867450,38161350,0,242314950,18926100,299402400
2024-06-10,36250.0,37750.0,36200.0,37650.0,6268.0,3.009575923392613,19058500,12462950,141718700,59193400,38892300,0,185407050,8134200,232433550
2024-06-11,37900.0,37950.0,37300.0,37450.0,4694.0,-0.5312084993359893,45849200,28591450,55794650,46178500,48089900,0,106602400,21721500,176413800
2024-06-12,37350.0,37950.0,37000.0,37700.0,9772.0,0.6675567423230975,57914400,24593000,203558850,80133200,109490100,0,252824950,3884400,366199450
2024-06-13,37650.0,38500.0,37600.0,38250.0,7462.0,1.4588859416445623,11869950,5323800,225177750,41656850,29467050,0,245497600,9063700,284028350
2024-06-14,38250.0,49700.0,38250.0,49700.0,1161964.0,29.934640522875817,4110378400,55784100,44876697750,4465457600,1912589550,172425800,46565583850,4857718650,53508317850
2024-06-17,48900.0,58000.0,45400.0,49100.0,1369605.0,-1.2072434607645874,4783726150,49744550,63455797300,2480482800,5121737900,152994500,62994893150,2500125250,70769750800
2024-06-18,49100.0,51400.0,46450.0,47300.0,203113.0,-3.6659877800407332,762803000,18007550,8326885000,714567250,747035300,5605150,8396636900,672985450,9822262800
2024-06-19,47500.0,47750.0,44000.0,44000.0,98752.0,-6.976744186046512,433933200,466050,3579081250,453241250,452525700,487500,3644034050,369674500,4466721750
2024-06-20,43900.0,45850.0,43850.0,45300.0,70430.0,2.9545454545454546,349209050,3757650,2346214800,474611250,364337500,5134800,2384300200,420020250,3173792750
2024-06-21,44800.0,46050.0,44200.0,45250.0,45810.0,-0.11037527593818984,260919750,9367550,1475816500,327783600,257602500,9972900,1479969200,326342800,2073887400
2024-06-24,45950.0,47250.0,43550.0,44050.0,54278.0,-2.6519337016574585,297517450,885000,1865899700,278820400,286603700,484800,1842846350,313187700,2443122550
2024-06-25,44250.0,44350.0,43150.0,43400.0,19777.0,-1.4755959137343928,103517350,0,616860250,142936200,114048000,2241150,648922850,98101800,863313800
2024-06-26,43600.0,43600.0,42200.0,42650.0,28158.0,-1.7281105990783412,179289550,0,703618150,319924600,178136900,2300500,956390700,66004200,1202832300
2024-06-27,42600.0,43700.0,42300.0,43350.0,20782.0,1.6412661195779603,74611950,0,735350700,83734400,81031150,0,596764300,215901600,893697050
2024-06-28,43900.0,50500.0,43300.0,48350.0,380288.0,11.534025374855824,1969177800,41143650,13747723100,2243820700,1186106200,35346000,14264283050,2516130000,18001865250
2024-07-01,48000.0,48450.0,46050.0,46250.0,54239.0,-4.3433298862461225,347375400,32162350,1639428200,533148500,278118100,1920150,1977907600,294168600,2552114450
2024-07-02,46150.0,46700.0,44000.0,44100.0,43235.0,-4.648648648648648,366873650,5398500,961825450,608443050,414497950,4155550,1296838050,227049100,1942540650
2024-07-03,44250.0,44800.0,43150.0,43600.0,21124.0,-1.1337868480725624,130334250,0,613153100,178620400,151205550,87000,500482650,270332550,922107750
2024-07-04,43600.0,44700.0,41800.0,42100.0,28469.0,-3.4403669724770642,141180100,76007500,851167000,139807950,134923950,3890100,708869400,360479100,1208162550
2024-07-05,42900.0,42900.0,41700.0,42100.0,19786.0,0.0,88496650,213271200,399785700,133619150,78542900,6986200,580004500,169639100,835172700
2024-07-08,43150.0,53600.0,42850.0,50200.0,846288.0,19.239904988123516,2254318850,168322050,38720825250,2742286250,2797409050,40890100,38590124150,2457329100,43885752400
2024-07-09,50800.0,51900.0,45900.0,46700.0,258012.0,-6.97211155378486,1240216500,48107850,9354126650,1794419400,1206181450,30193150,9772547600,1427948200,12436870400
2024-07-10,45800.0,46050.0,42900.0,43000.0,174804.0,-7.922912205567452,483760700,24041200,6044086750,1089020800,2721863550,1024650,3915670650,1002350600,7640909450
2024-07-11,43000.0,43750.0,42250.0,42800.0,68948.0,-0.46511627906976744,279903350,26217500,2394691800,248045300,645326700,1385850,1864453950,437691450,2948857950
2024-07-12,42600.0,43450.0,42000.0,43250.0,52100.0,1.0514018691588785,196250450,14275100,1765618400,252532250,187218650,128200,1752927150,288402200,2228676200
2024-07-15,43100.0,43700.0,42450.0,43700.0,36856.0,1.0404624277456647,156216750,48661650,1197692300,189201600,166489850,0,1281998400,143284050,1591772300
2024-07-16,43450.0,43900.0,43000.0,43450.0,20903.0,-0.5720823798627002,118576850,10028000,636025750,143807550,105454600,43750,714381150,88558650,908438150
2024-07-17,43750.0,44950.0,43000.0,44700.0,37585.0,2.8768699654775602,59115250,13640650,1340850750,232392450,70458100,0,1427542900,147998100,1645999100
2024-07-18,44450.0,44800.0,43450.0,44200.0,30787.0,-1.1185682326621924,119289600,4380700,1084952450,151895900,114589700,0,954719300,291209650,1360518650
2024-07-19,44050.0,44200.0,43300.0,43600.0,21483.0,-1.3574660633484164,62443050,122750250,633211350,121008500,61973900,0,787393150,90046100,939413150
2024-07-22,43300.0,43350.0,42250.0,42900.0,27122.0,-1.6055045871559634,147444850,368129900,372969500,268868300,175016400,0,901893150,80503000,1157412550
2024-07-23,42500.0,43850.0,42500.0,43600.0,18182.0,1.6317016317016315,70279400,138086100,282849950,293673400,71541850,519350,649444350,63383300,784888850
2024-07-24,43150.0,44950.0,43150.0,43600.0,33016.0,0.0,138047200,159609550,949811850,207549950,137240500,0,803042350,514735700,1455018550
2024-07-25,42850.0,44550.0,42500.0,43950.0,37882.0,0.8027522935779817,178561000,474208500,634390250,367458400,178849450,6577500,1286204000,182987200,1654618150
2024-07-26,44300.0,45200.0,43950.0,44850.0,20540.0,2.04778156996587,75683450,138454250,592823250,111247050,72650100,37875750,717948200,89733950,918208000
2024-07-29,45100.0,46050.0,44500.0,45650.0,26068.0,1.7837235228539576,71795300,72491100,805772600,238584100,74460650,0,958119250,156063200,1188643100
2024-07-30,45700.0,46200.0,45300.0,45550.0,12668.0,-0.21905805038335158,68274000,47583150,368179700,93665000,72836050,0,411158750,93707050,577701850
2024-07-31,46000.0,47200.0,45600.0,46600.0,18970.0,2.305159165751921,61104350,2859400,619065350,197035200,59722500,0,672063800,148278000,880064300
2024-08-01,46650.0,47450.0,46100.0,46750.0,13566.0,0.3218884120171674,103191600,89963600,331251800,108343100,97837100,0,422150400,112762600,632750100
2024-08-02,46200.0,46700.0,45250.0,45900.0,24572.0,-1.8181818181818181,94176300,363732600,398029500,264708950,101103500,46490850,872265350,100787650,1120647350
2024-08-05,45000.0,45300.0,42600.0,44750.0,36510.0,-2.505446623093682,153215250,286522950,625388300,545782750,144802950,4366050,1076323100,385417150,1610909250
2024-08-06,44150.0,47200.0,44150.0,46250.0,32975.0,3.35195530726257,148457200,46617850,825385550,508685550,151711850,9489050,1125940000,242005250,1529146150
2024-08-07,46200.0,50000.0,46200.0,49350.0,65260.0,6.702702702702703,297710750,61350500,1604103800,1217065350,294769500,0,2304697400,580763500,3180230400
2024-08-08,49250.0,49350.0,46700.0,48450.0,53642.0,-1.82370820668693,404306450,73601150,1745611200,354603350,395419500,28532600,1357553450,796616600,2578122150
2024-08-09,50900.0,62900.0,50700.0,59200.0,1280412.0,22.187822497420022,3285428600,414367100,68966399200,4314167200,3306583500,259289400,66982596700,6431892500,76980362100
2024-08-12,60500.0,69000.0,59100.0,65500.0,676888.0,10.641891891891891,3531666900,446752800,34104344100,5948018000,3478900400,178245200,37202330400,3171305800,44030781800
2024-08-13,65500.0,75600.0,65500.0,69200.0,403093.0,5.648854961832061,2377976400,52457400,21183497900,4652592600,2405698700,447550600,22077186000,3336089000,28266524300
2024-08-14,70300.0,74700.0,68300.0,69200.0,215390.0,0.0,1250092500,60548200,9886112200,4180101700,1236081500,14807800,11777300200,2348665100,15376854600
2024-08-16,69100.0,69500.0,66000.0,68600.0,89999.0,-0.8670520231213872,510843400,11946400,4239695800,1316259100,578468000,6680000,4364057900,1129538800,6078744700
2024-08-19,67900.0,72500.0,67500.0,70100.0,94579.0,2.186588921282799,652779500,70189600,4587809500,1365374800,648974900,0,4597842600,1429335900,6676153400
2024-08-20,70900.0,73000.0,70200.0,72300.0,71591.0,3.138373751783167,576567200,94574600,3358876400,1103687100,612063500,90237100,3388344800,1043059900,5133705300
2024-08-21,72300.0,72400.0,69100.0,71000.0,48571.0,-1.7980636237897647,371886900,1415000,2528959700,524429900,355230700,77043900,2166018600,828398300,3426691500
2024-08-22,71000.0,72700.0,69700.0,70800.0,48016.0,-0.28169014084507044,454579800,1484700,2302662300,652414000,446538700,1426000,2185352800,777823300,3411140800
2024-08-23,70100.0,72500.0,68900.0,71100.0,41637.0,0.423728813559322,208416300,0,1839733100,892208400,209487500,0,2134452100,596418200,2940357800
2024-08-26,70900.0,71500.0,63900.0,66700.0,62567.0,-6.188466947960619,356526600,0,2914611700,973819700,353768700,51998800,2717919900,1121270600,4244958000
2024-08-27,65400.0,66500.0,62700.0,62900.0,65846.0,-5.697151424287856,359696600,9309500,2610441100,1214872500,374131500,78402000,2579074000,1162712200,4194319700
2024-08-28,62900.0,63900.0,60700.0,61400.0,44739.0,-2.384737678855326,290424700,312500,1790556500,682512000,275863600,3400500,1866385400,618156200,2763805700
2024-08-29,61000.0,62200.0,60500.0,61500.0,31459.0,0.16286644951140067,165786500,0,1462964100,297093700,166442300,0,1038167300,721234700,1925844300
2024-08-30,61300.0,62000.0,60000.0,60200.0,45550.0,-2.113821138211382,178690700,0,2276606500,308390600,166596500,606000,1879630000,716855300,2763687800
2024-09-02,60500.0,61800.0,58700.0,61100.0,43527.0,1.495016611295681,228968400,2954700,1850420100,538672000,204508700,59500,1846898900,569548100,2621015200
2024-09-03,60900.0,64000.0,59600.0,62100.0,31081.0,1.6366612111292964,239250900,10299700,1493173400,191545800,191408700,0,1332769600,410091500,1934269800
2024-09-04,60600.0,62800.0,60000.0,62500.0,21907.0,0.644122383252818,81555300,0,881871300,375646300,91599300,4627900,821032800,421812900,1339072900
2024-09-05,62900.0,64200.0,60900.0,62400.0,20541.0,-0.16,147520800,6140000,848946000,279977300,142774700,0,629075400,510734000,1282584100
2024-09-06,62400.0,62800.0,60100.0,62800.0,16777.0,0.641025641025641,130065100,19216800,591999200,287010000,129683900,622500,548256900,349727800,1028291100
2024-09-09,62300.0,63900.0,61400.0,63000.0,15452.0,0.3184713375796179,97410100,19050000,593854200,259195100,120451700,3170000,413678300,432209400,969509400
2024-09-10,62900.0,63300.0,58800.0,58800.0,60863.0,-6.666666666666667,295958900,30556400,2400225800,939513400,290678700,0,2337052200,1038523600,3666254500
2024-09-11,58600.0,59300.0,57400.0,59100.0,19072.0,0.5102040816326531,151746700,5145800,487346900,468517700,155271700,0,805006100,152479300,1112757100
2024-09-12,59200.0,60400.0,59100.0,59800.0,12321.0,1.1844331641285957,90535300,2392000,517223200,126054300,84504900,4769200,472292200,174638500,736204800
2024-09-13,59500.0,61500.0,59200.0,60500.0,6602.0,1.1705685618729096,27410200,0,284674900,85509100,32168100,0,211575500,153850600,397594200
2024-09-19,60500.0,61700.0,59700.0,61600.0,23680.0,1.8181818181818181,173426500,9831100,1086015500,163709700,171960300,6669000,771355200,482998300,1432982800
2024-09-20,61300.0,67000.0,61300.0,65600.0,55661.0,6.493506493506493,421124800,20091000,2239826300,947461300,339874300,42864800,2504604800,741159500,3628503400
2024-09-23,65600.0,67000.0,64300.0,65600.0,22143.0,0.0,158436100,45846600,1024558300,226651600,155998100,919400,794573800,504001300,1455492600
2024-09-24,64900.0,65700.0,62400.0,62700.0,31106.0,-4.420731707317073,290292800,55523800,1385375800,246235200,205372700,0,920279500,851775400,1977427600
2024-09-25,62900.0,63800.0,61300.0,62200.0,14380.0,-0.7974481658692184,117101900,2498000,562555400,217870700,125513100,0,665838400,108674500,900026000
2024-09-26,62200.0,64500.0,62000.0,64400.0,17064.0,3.536977491961415,79015900,0,637628500,364596300,77239300,0,892654500,111346900,1081240700
2024-09-27,63600.0,67400.0,63600.0,64800.0,26227.0,0.6211180124223602,156759500,7515000,1171607300,383397600,141038900,0,1136969800,441270700,1719279400
2024-09-30,64100.0,65900.0,63700.0,64500.0,11086.0,-0.4629629629629629,104270200,1296000,437619300,171348100,109771600,0,391814400,212947600,714533600
2024-10-02,63800.0,64400.0,62100.0,62700.0,22410.0,-2.7906976744186047,156787200,6300000,961808200,284931700,158211800,0,877433000,374182300,1409827100
2024-10-04,62500.0,65000.0,62000.0,64400.0,20290.0,2.711323763955343,149041600,34531600,960279600,157758800,137978800,25760000,686879500,450993300,1301611600
2024-10-07,63700.0,64200.0,59200.0,61200.0,40527.0,-4.968944099378882,241617800,61374600,1879922500,289510100,241724500,0,1273741300,956959200,2472425000
2024-10-08,60500.0,62300.0,60200.0,62000.0,22748.0,1.3071895424836601,125251000,0,899066300,371164700,86258400,0,736631100,572592500,1395482000
2024-10-10,61300.0,66000.0,61300.0,65000.0,34062.0,4.838709677419355,195178900,0,795934900,1205261500,194470600,63700,1332801500,669039500,2196375300
2024-10-11,64700.0,65600.0,61200.0,61500.0,33463.0,-5.384615384615385,200138600,4733400,1745576800,140884300,199176400,0,605763900,1286392800,2091333100
2024-10-14,61500.0,62400.0,60800.0,62100.0,13216.0,0.975609756097561,114046900,0,410148600,290318100,119835300,0,407765200,286913100,814513600
2024-10-15,62000.0,62600.0,61000.0,62100.0,15799.0,0.0,114318700,0,633489200,226287100,110201900,308300,586930900,276653900,974095000
2024-10-16,62300.0,63700.0,61400.0,62400.0,10331.0,0.4830917874396135,129205200,1878000,383351700,132210000,123418000,3117800,346867700,173241400,646644900
2024-10-17,62400.0,63100.0,61300.0,61500.0,6835.0,-1.4423076923076923,46546900,0,346807700,28565000,46661700,3090000,180468000,191699900,421919600
2024-10-18,61500.0,61700.0,60200.0,61200.0,10807.0,-0.4878048780487805,88314700,3050000,498474100,67884500,87670600,0,438703600,131349100,657723300
2024-10-21,61200.0,63500.0,60600.0,62200.0,9328.0,1.6339869281045754,80367300,5932800,300950500,192007100,76630500,0,437765200,64862000,579257700
2024-10-22,62200.0,62800.0,60700.0,61000.0,6437.0,-1.929260450160772,49830600,0,320377200,23102400,50405300,32578500,195043800,115282600,393310200
2024-10-23,61000.0,61100.0,60100.0,60100.0,6338.0,-1.4754098360655739,11702700,20464000,327161700,23888200,62984100,0,160230100,160002400,383216600
2024-10-24,59900.0,61300.0,59100.0,60900.0,8488.0,1.3311148086522462,49989100,0,297377200,163294800,50274000,0,360880600,99506500,510661100
2024-10-25,60400.0,61500.0,60400.0,60700.0,3761.0,-0.3284072249589491,12350900,0,180521300,35752000,18906100,2736000,143919300,63062800,228624200
2024-10-28,60700.0,74200.0,60600.0,72800.0,280127.0,19.934102141680395,1015381500,111498500,14791146300,3799153800,950980700,86387000,14573676000,4106136400,19717180100
2024-10-29,72900.0,74100.0,69500.0,69700.0,68133.0,-4.258241758241758,432975100,94231000,2852455400,1511046000,430828500,15737000,3650473600,793668400,4890707500
2024-10-30,69500.0,72500.0,69500.0,71000.0,34799.0,1.8651362984218076,282568200,9393500,1552733200,624951900,296436200,126741400,1658334700,388134500,2469646800
2024-10-31,71400.0,73700.0,67400.0,67400.0,57108.0,-5.070422535211268,437825600,105696200,2671415500,821677200,420687400,64072100,2433661900,1118193100,4036614500
2024-11-01,67500.0,69100.0,65800.0,68500.0,33697.0,1.6320474777448073,271272200,22067800,1315697900,663968200,285274700,53546000,1472053700,462131700,2273006100
2024-11-04,68500.0,68600.0,66400.0,66800.0,29258.0,-2.4817518248175183,264462000,9377500,1353566200,346128900,252380800,11449300,1487928300,221776200,1973534600
2024-11-05,69700.0,79000.0,47900.0,47900.0,938920.0,-28.29341317365269,1712431650,460315900,44818295150,6060329150,1657569250,644976000,44693382500,6055444100,53051371850
2024-11-06,50500.0,50600.0,43500.0,44000.0,655415.0,-8.1419624217119,2635795200,77362150,25362787100,2304221200,1931672050,208630900,23502277600,4737585100,30380165650
2024-11-07,43600.0,43700.0,41250.0,42500.0,200362.0,-3.4090909090909087,818092000,7319350,6433041500,1234987350,675221400,5100650,7045373700,767744450,8493440200
2024-11-08,42500.0,42700.0,41000.0,41050.0,85313.0,-3.4117647058823533,239175100,4105000,3008386200,310669750,233027300,588650,2683993200,644726900,3562336050
2024-11-11,40800.0,41050.0,39900.0,40350.0,68212.0,-1.705237515225335,252066350,4419000,1903080250,591785800,270879250,0,2124568800,355903350,2751351400
2024-11-12,40000.0,40500.0,39550.0,39800.0,44290.0,-1.3630731102850062,247419800,797000,1049834700,470475700,176331500,0,1440372350,151823350,1768527200
2024-11-13,39450.0,40150.0,38200.0,38500.0,53199.0,-3.2663316582914574,248575100,4498100,1305479300,511667100,267129400,0,1481561650,321528550,2070219600
2024-11-14,38200.0,38650.0,37500.0,38050.0,54458.0,-1.1688311688311688,189555150,496600,1385042350,491828400,189366500,7600000,1588597750,281358250,2066922500
2024-11-15,37800.0,38400.0,37300.0,37500.0,38305.0,-1.445466491458607,150697900,6322500,1130347400,155091000,153589550,9582200,864395400,414891650,1442458800
2024-11-18,37250.0,38500.0,37250.0,37650.0,40015.0,0.4,69224650,1621250,1056186400,387832750,66689150,51336600,1081270650,315568650,1514865050
2024-11-19,37800.0,38200.0,37300.0,37500.0,24181.0,-0.398406374501992,42630750,7500000,734128200,125117050,48933800,7505000,601729500,251207700,909376000
2024-11-20,37400.0,37700.0,37200.0,37400.0,17648.0,-0.26666666666666666,34790450,521600,497142350,127704850,80242500,3755250,482136450,94025050,660159250
2024-11-21,37250.0,37500.0,36850.0,36900.0,26727.0,-1.3368983957219251,65975600,35543200,696554100,191421200,87532350,42488300,686250150,173223300,989494100
2024-11-22,36850.0,37000.0,36300.0,36400.0,25427.0,-1.3550135501355014,46112350,9577450,749922300,124333650,57966250,4449000,667850500,199680000,929945750
2024-11-25,36600.0,37900.0,36300.0,37350.0,29739.0,2.60989010989011,60453550,3863450,644993300,396989000,61664700,18475000,995751000,30408600,1106299300
2024-11-26,37100.0,37400.0,36750.0,37400.0,18384.0,0.13386880856760375,70792450,0,382534950,228751500,85138200,0,522600350,74340350,682078900
2024-11-27,37400.0,37400.0,36850.0,36950.0,13986.0,-1.2032085561497325,17824200,1295000,442888500,55620550,17224600,29597150,235997600,234808900,517628250
2024-11-28,36850.0,37550.0,36850.0,37200.0,15297.0,0.6765899864682002,42855100,7473450,380567700,139162150,207012100,2580600,288696150,71769550,570058400
2024-11-29,37150.0,37150.0,35700.0,36000.0,24990.0,-3.225806451612903,38387200,508200,790874850,72001350,124721950,0,420566850,356482800,901771600
2024-12-02,36000.0,36100.0,35500.0,35800.0,18500.0,-0.5555555555555556,26976800,4441800,413640950,216351150,42521500,357000,539995000,78537200,661410700
2024-12-03,35800.0,37100.0,35800.0,37000.0,13317.0,3.35195530726257,19380200,2212000,185481300,279496800,22015350,0,414682750,49872200,486570300
2024-12-04,36100.0,37000.0,35650.0,35950.0,22160.0,-2.837837837837838,112080150,0,507527800,182345650,107131200,0,461934800,232887600,801953600
2024-12-05,35950.0,36000.0,34800.0,35150.0,21822.0,-2.2253129346314324,64884250,56352850,560695250,87810550,68056050,8978250,537636850,155071750,769742900
2024-12-06,35050.0,35050.0,33750.0,34600.0,27235.0,-1.5647226173541962,113448100,30318700,421934050,369475750,113396300,78174750,673324500,70281050,935176600
2024-12-09,33550.0,33800.0,32750.0,32850.0,26327.0,-5.057803468208093,64911500,1167250,609513850,198624500,61607500,0,586005750,226603850,874217100
2024-12-10,32900.0,34800.0,32900.0,34800.0,23672.0,5.93607305936073,140112600,0,316930200,356183750,108466350,0,620556050,84204150,813226550
2024-12-11,34800.0,35850.0,34000.0,35300.0,22333.0,1.4367816091954022,23779850,34800,463841550,302161800,21584250,0,683370650,84863100,789818000
2024-12-12,35350.0,35850.0,34950.0,35800.0,26628.0,1.41643059490085,61221500,35350,549748350,329485750,45095850,0,747958850,147436250,940490950
2024-12-13,35850.0,36450.0,35550.0,36350.0,11141.0,1.536312849162011,33164650,2018600,232706550,133325250,41057350,2848000,287244550,70065150,401215050
2024-12-16,36550.0,36900.0,35900.0,36250.0,8992.0,-0.2751031636863824,44921750,36550,202060100,78828600,44111700,0,186136100,95599200,325847000
2024-12-17,36000.0,36600.0,35800.0,36100.0,14107.0,-0.41379310344827586,116074150,36000,293431200,100638250,62957250,0,326721400,120500950,510179600
2024-12-18,36150.0,36500.0,35750.0,36350.0,7510.0,0.6925207756232686,67720850,507400,123754250,79090050,33738400,40307200,145083950,51943000,271072550
2024-12-19,36000.0,36000.0,35200.0,35300.0,8331.0,-2.8885832187070153,8625350,3126700,267707800,16014250,23019250,8875000,60151000,203428850,295474100
2024-12-20,35200.0,35450.0,34600.0,34650.0,14678.0,-1.8413597733711047,82764500,35200,328548350,100461750,80779200,6945000,230402800,193682800,511809800
2024-12-23,34650.0,35950.0,34500.0,35700.0,7855.0,3.0303030303030303,10933300,34650,136007500,129598300,10834000,0,215408550,50331200,276573750
2024-12-24,35800.0,36050.0,35250.0,35400.0,22286.0,-0.8403361344537815,59670550,35800,634315550,101516250,55176950,5360400,608309200,126691600,795538150
2024-12-26,35500.0,35650.0,34850.0,35100.0,12277.0,-0.847457627118644,23375800,35500,355307650,52697150,29568650,10530000,286365650,104951800,431416100
2024-12-27,34650.0,35050.0,34250.0,34650.0,5528.0,-1.282051282051282,7789600,34650,164453900,18775550,7449100,0,85253050,98351550,191053700
2024-12-30,34250.0,34950.0,33950.0,34850.0,4221.0,0.5772005772005772,8804100,34250,75912750,61369000,10480700,0,90578650,45060750,146120100
2025-01-02,34500.0,34950.0,34400.0,34550.0,4551.0,-0.860832137733142,692000,34500,136907900,19863650,345600,0,94230600,62921850,157498050
2025-01-03,35000.0,35000.0,32650.0,34450.0,11033.0,-0.2894356005788712,554700,2176250,228332100,148987400,7017000,0,293530450,79503000,380050450
2025-01-06,34500.0,35150.0,34300.0,35000.0,5045.0,1.5965166908563133,485550,5030100,113407450,56798050,17674100,0,145068850,12978200,175721150
2025-01-07,35000.0,35300.0,34550.0,34800.0,4364.0,-0.5714285714285714,1255850,18864600,128231450,4225550,384400,69700,75382250,76741100,152577450
2025-01-08,34800.0,35350.0,34500.0,35050.0,2915.0,0.7183908045977011,631000,34800,53107100,48153400,17862500,3514850,66974250,13574700,101926300
2025-01-09,35150.0,35200.0,34800.0,35000.0,2678.0,-0.14265335235378032,245300,0,77943550,15493050,560350,1010650,64927800,27183100,93681900
2025-01-10,35250.0,35250.0,34600.0,34900.0,3315.0,-0.2857142857142857,453950,35250,107742700,7229600,3793250,0,59285800,52382450,115461500
2025-01-13,34900.0,34900.0,34200.0,34500.0,4080.0,-1.146131805157593,138000,3484900,127814350,9174500,7369350,0,70712400,62530000,140611750
2025-01-14,34700.0,34700.0,33950.0,34550.0,8225.0,0.14492753623188406,378850,34700,222316650,58511900,55225850,0,152470650,73545600,281242100
2025-01-15,34700.0,34700.0,34000.0,34400.0,3196.0,-0.43415340086830684,549750,34700,102268100,6762150,8169450,0,50349350,51095900,109614700
2025-01-16,34200.0,34600.0,33800.0,34500.0,6668.0,0.29069767441860467,826350,34200,174465400,52946200,7053200,0,157270700,63948250,228272150
2025-01-17,34700.0,34700.0,34250.0,34650.0,3134.0,0.43478260869565216,1831100,724700,87327850,18244400,103350,0,57199250,50825450,108128050
2025-01-20,34750.0,34750.0,34050.0,34300.0,7237.0,-1.0101010101010102,994950,34750,207571700,40615200,34712000,0,77123750,137380850,249216600
2025-01-21,34500.0,34500.0,33650.0,34150.0,5204.0,-0.43731778425655976,340050,34500,159211600,17532150,10385300,6800000,46879350,113053650,177118300
2025-01-22,33900.0,34250.0,33700.0,33950.0,4573.0,-0.5856515373352855,305400,0,128858500,25703550,6831950,0,62042800,85992700,154867450
2025-01-23,33850.0,37150.0,33600.0,34200.0,156150.0,0.7363770250368188,2851000,34937700,4807944250,690344550,730400,11008650,3883981850,1640356600,5536077500
2025-01-24,33600.0,34500.0,33300.0,33800.0,35391.0,-1.1695906432748537,169350,305050,876745950,318003950,21842100,33550,1030031750,143316900,1195224300
2025-01-31,33800.0,34300.0,33500.0,33750.0,6694.0,-0.14792899408284024,203000,4394000,170134950,51038700,168600,2389150,192796000,30416900,225770650
2025-02-03,33450.0,33700.0,32800.0,33400.0,10057.0,-1.037037037037037,331500,33450,270540550,62314250,332650,132200,245867800,86887100,333219750
2025-02-04,32750.0,33700.0,32750.0,33550.0,6955.0,0.4491017964071856,770300,0,111579950,120047850,33494500,66700,187862950,10973950,232398100
2025-02-05,33150.0,34000.0,33150.0,33550.0,4014.0,0.0,503950,0,76385200,58583350,538850,0,118555750,16377900,135472500
2025-02-06,33500.0,34650.0,33500.0,34550.0,12956.0,2.9806259314456036,3627500,1140150,239675300,200932050,241400,34250,380534450,64564900,445375000
2025-02-07,34450.0,34450.0,33750.0,33900.0,8583.0,-1.881331403762663,67850,0,270853850,20464600,3400200,0,161061000,126925100,291386300
2025-02-10,33900.0,34200.0,33600.0,34150.0,4536.0,0.7374631268436578,10948300,0,71436800,71913950,1090850,0,118795950,34412250,154299050
2025-02-11,33950.0,34400.0,33850.0,34000.0,5865.0,-0.43923865300146414,1972000,0,174120800,22892300,67750,0,143284900,55632450,198985100
2025-02-12,33800.0,34400.0,33800.0,33900.0,5655.0,-0.29411764705882354,442100,0,148644200,43484450,305700,0,136015550,56249500,192570750
2025-02-13,34100.0,34850.0,33900.0,34200.0,12045.0,0.8849557522123894,136750,0,367346500,46849450,1613100,0,242516650,170202950,414332700
2025-02-14,34100.0,35000.0,34100.0,34650.0,9260.0,1.3157894736842104,139000,0,217719900,104385900,1109350,0,267040900,54094550,322244800
2025-02-17,35200.0,35200.0,34600.0,34850.0,4424.0,0.5772005772005772,9534200,0,85484850,59246150,6032800,0,132474050,15758350,154265200
2025-02-18,34700.0,35200.0,34700.0,34950.0,3236.0,0.2869440459110474,454700,0,93704050,18785800,209400,0,90667300,22067850,112944550
2025-02-19,35100.0,35400.0,34850.0,34950.0,8725.0,0.0,176100,0,184018300,122397000,14128700,0,257914850,34547850,306591400
2025-02-20,34700.0,35150.0,34500.0,35000.0,8655.0,0.14306151645207438,2617050,0,95453250,204236700,559850,0,283054750,18692400,302307000
2025-02-21,35000.0,35100.0,34600.0,34950.0,5406.0,-0.14285714285714285,419450,0,134482000,53578500,349300,1190000,173245300,13695350,188479950
2025-02-24,34700.0,35200.0,34600.0,35100.0,4827.0,0.4291845493562232,209700,0,82574250,85537100,139550,0,151512400,16669100,168321050
2025-02-25,36200.0,37750.0,35650.0,37750.0,85692.0,7.54985754985755,297550,8402250,2614164150,543534700,12818550,5591500,2463280100,684708500,3166398650
2025-02-26,37750.0,37750.0,36200.0,36350.0,32888.0,-3.708609271523179,181800,2072100,1040316400,157485100,109000,23872200,778292300,397781900,1200055400
2025-02-27,36650.0,36650.0,35900.0,36100.0,9774.0,-0.6877579092159559,18718900,0,262643050,72591100,1594050,0,309898150,42460850,353953050
2025-02-28,35650.0,36050.0,34600.0,35000.0,17098.0,-3.0470914127423825,2183050,0,565617050,30960650,1052600,0,365317800,232390350,598760750
2025-03-04,35000.0,35400.0,34150.0,35050.0,11564.0,0.14285714285714285,1350700,0,286980750,114912500,1174950,0,217291100,184777900,403243950
2025-03-05,35000.0,35500.0,34900.0,35350.0,6404.0,0.8559201141226819,494400,0,122642800,102212250,1024400,0,205800900,18524150,225349450
2025-03-06,35650.0,35650.0,35000.0,35600.0,11547.0,0.7072135785007072,211200,0,257965250,148669250,11048650,0,353268350,42528700,406845700
2025-03-07,35600.0,35650.0,35000.0,35100.0,6452.0,-1.4044943820224718,282800,0,194464350,32592700,246400,0,151359500,75733950,227339850
2025-03-10,34700.0,35050.0,34600.0,34900.0,5769.0,-0.5698005698005698,453800,0,164958725,35063650,243375,0,177108250,23124550,200476175
2025-03-11,34400.0,34400.0,33800.0,34400.0,6329.0,-1.4326647564469914,239050,306000,173505725,41568250,102000,3354500,114131225,98031300,215619025
2025-03-12,34200.0,34550.0,33800.0,34000.0,9838.0,-1.1627906976744187,137000,0,274065050,60922650,136250,0,240926750,94061700,335124700
2025-03-13,34450.0,34450.0,33600.0,33800.0,10655.0,-0.5882352941176471,675900,0,349160350,9979350,269900,0,195823550,163722150,359815600
2025-03-14,33800.0,34200.0,33550.0,33800.0,5034.0,0.0,304700,67600,127743050,42031050,270300,0,139600950,30275150,170146400
2025-03-17,34050.0,34050.0,33600.0,33700.0,6716.0,-0.2958579881656805,135250,0,178597950,47907600,67600,0,148303950,78269250,226640800
2025-03-18,34000.0,34350.0,33750.0,34050.0,6248.0,1.0385756676557862,204800,0,133494800,79316150,681050,0,132772750,79561950,213015750
2025-03-19,33850.0,34450.0,33800.0,34350.0,7763.0,0.881057268722467,3706300,0,225666700,36222050,854050,0,176439500,88301500,265595050
2025-03-20,34350.0,34700.0,34100.0,34200.0,4820.0,-0.43668122270742354,3285500,34150,159939075,1809900,171050,9604150,82717600,72575825,165068625
2025-03-21,34250.0,34250.0,33750.0,33950.0,6334.0,-0.7309941520467835,645650,0,186288350,27575250,339500,0,154287700,59882050,214509250
2025-03-24,34100.0,34200.0,33700.0,33800.0,5639.0,-0.4418262150220913,1658700,0,155178550,34411825,101400,0,151021975,40125700,191249075
2025-03-25,33850.0,34600.0,33700.0,33700.0,5838.0,-0.2958579881656805,170350,0,163734650,34766750,270700,0,142764500,55636550,198671750
2025-03-26,33750.0,34200.0,33600.0,33800.0,4458.0,0.2967359050445104,202500,14120300,117107650,18802500,69448850,0,57938800,22845300,150232950
2025-03-27,33650.0,34900.0,33650.0,34300.0,10882.0,1.4792899408284024,1070300,100012700,195372200,78373800,4820400,0,310390700,59617900,374829000
2025-03-28,34200.0,34200.0,33500.0,33700.0,13156.0,-1.749271137026239,27818000,99966200,301397350,14057050,3976400,0,295988950,143273250,443238600
2025-03-31,34300.0,34300.0,32900.0,34300.0,8626.0,1.7804154302670623,1250650,76641925,203655950,4646375,397600,0,202376725,83420575,286194900
2025-04-01,33900.0,34300.0,33500.0,34150.0,4899.0,-0.43731778425655976,574900,66658150,70191700,28188400,1877950,473900,106309050,56952250,165613150
2025-04-02,34050.0,34400.0,33800.0,33900.0,5103.0,-0.7320644216691069,543350,30137550,114518400,29113500,136050,0,116527000,57649750,174312800
2025-04-03,33700.0,33700.0,33050.0,33200.0,5179.0,-2.0648967551622417,532500,0,163521100,8151200,464850,0,73586600,98153350,172204800
2025-04-04,32650.0,33700.0,32650.0,33650.0,6191.0,1.355421686746988,630750,40091200,138222100,25172300,334550,0,110964900,92816900,204116350
2025-04-07,32650.0,33000.0,31900.0,32300.0,9522.0,-4.011887072808321,552300,489750,271439700,35366150,488000,0,164205800,143154100,307847900
2025-04-08,32650.0,34750.0,32350.0,33300.0,20049.0,3.0959752321981426,2215350,495750,504520025,160702150,2624200,498750,489903425,174906900,667933275
2025-04-09,33200.0,33300.0,31850.0,31900.0,6692.0,-4.2042042042042045,711300,510400,194664600,20205000,32400,0,109679050,106379850,216091300
2025-04-10,32700.0,33100.0,32450.0,33000.0,4933.0,3.4482758620689653,1743950,0,87899400,72265000,65550,0,131811450,30031350,161908350
2025-04-11,32300.0,33350.0,32300.0,33300.0,3842.0,0.9090909090909091,1731300,0,44109000,81038700,12707550,0,107592050,6579400,126879000
2025-04-14,33300.0,33800.0,33000.0,33650.0,2484.0,1.0510510510510511,501650,0,52027500,30764100,100700,0,73338350,9854200,83293250
2025-04-15,33450.0,34100.0,33250.0,33750.0,2692.0,0.2971768202080238,337350,0,74561150,15652600,1754500,0,60104650,28691950,90551100
2025-04-16,33900.0,34150.0,33450.0,33900.0,2909.0,0.4444444444444444,1864600,0,69728500,26754300,101500,339000,87595850,10311050,98347400
2025-04-17,33950.0,34300.0,33650.0,34050.0,4329.0,0.4424778761061947,749100,0,72237950,74325250,884900,0,136447750,9979650,147312300
2025-04-18,34050.0,34300.0,33700.0,34250.0,2456.0,0.5873715124816447,12389300,0,50407700,20651250,101850,0,78252750,5093650,83448250
2025-04-21,34450.0,34500.0,33850.0,34250.0,2633.0,0.0,1575650,0,76159250,12113550,204900,0,68088050,21555500,89848450
2025-04-22,34250.0,35050.0,33900.0,34850.0,9014.0,1.7518248175182483,2821350,0,281587250,27937900,766200,36753200,163418525,111408575,312346500
2025-04-23,34950.0,37500.0,34500.0,37300.0,33156.0,7.030129124820659,147250,5116150,933154750,270412800,3643950,675500,1015048150,189463350,1208830950
2025-04-24,37300.0,38300.0,36400.0,37600.0,26830.0,0.8042895442359249,453250,37419500,695250300,273884400,1662750,1364400,826457400,177522900,1007007450
2025-04-25,37900.0,38600.0,37500.0,38000.0,14689.0,1.0638297872340425,189450,0,446593800,111532050,189650,1278400,476673150,80174100,558315300
2025-04-28,38100.0,38100.0,36800.0,37050.0,18569.0,-2.5,782050,26960000,549314750,112071400,296200,0,597051700,91780300,689128200
2025-04-29,37200.0,37700.0,36600.0,37350.0,11079.0,0.8097165991902834,22626300,0,321084400,68455050,742400,9483750,353459100,48480500,412165750
2025-04-30,37000.0,37050.0,35800.0,36200.0,12882.0,-3.0789825970548863,1303650,2670600,364660650,98995800,3205800,1486250,353319050,109619600,467630700
2025-05-02,36300.0,36650.0,34000.0,35750.0,7251.0,-1.2430939226519337,1179700,726000,184430050,72923100,786200,32292900,184020850,42158900,259258850
2025-05-07,34850.0,36500.0,34850.0,35700.0,6499.0,-0.13986013986013987,3137800,1524550,188429875,39198500,285500,35800,149626150,82343275,232290725
2025-05-08,35400.0,36350.0,35400.0,36250.0,4775.0,1.5406162464985995,2898800,0,107823425,61446300,107800,1509900,120984225,49566600,172168525
2025-05-09,36050.0,36900.0,35900.0,36900.0,9107.0,1.7931034482758619,12847400,0,177598500,140594950,108700,0,261908200,69023950,331040850
2025-05-12,36900.0,38600.0,36850.0,37950.0,25015.0,2.8455284552845526,6502475,45184450,551079900,346109650,378850,6166500,821371925,120959200,948876475
2025-05-13,38000.0,38300.0,37550.0,38100.0,9869.0,0.3952569169960474,19771550,977600,301260600,52117550,871800,0,232914800,140340700,374127300
2025-05-14,38050.0,38250.0,37600.0,38150.0,5578.0,0.13123359580052493,10446800,0,160927250,40185350,113900,0,140597750,70847750,211559400
2025-05-15,38150.0,38150.0,37400.0,37500.0,4610.0,-1.7038007863695939,825800,1391200,115444200,55840350,412700,0,116939550,56149300,173501550
2025-05-16,38100.0,39600.0,37650.0,38700.0,24324.0,3.2,5994550,8724900,660860600,262603650,230900,385000,662335000,275232800,938183700
2025-05-19,39700.0,42850.0,39150.0,41500.0,83774.0,7.235142118863049,194007675,17595000,2579065575,668021075,112217250,12439950,2488608275,845423850,3458689325
2025-05-20,41600.0,46200.0,40850.0,46200.0,80555.0,11.325301204819278,198243875,19213200,2670204500,576171600,212750,15979800,2651654300,795986325,3463833175
2025-05-21,45650.0,45650.0,42800.0,43000.0,37422.0,-6.926406926406926,163313150,21888100,1185311700,284239000,8511900,11267350,1030971300,604001400,1654751950
2025-05-22,43600.0,44000.0,42000.0,42800.0,19758.0,-0.46511627906976744,59425100,4876750,634351200,143130350,1240350,9696850,596499350,234346850,841783400
2025-05-23,43450.0,46000.0,43450.0,45300.0,32388.0,5.841121495327103,214696375,8747800,1017562000,219421450,4204850,1597900,910210275,544414600,1460427625
2025-05-26,45750.0,46150.0,44850.0,45500.0,14206.0,0.44150110375275936,4226150,3731200,491984450,144081750,180950,3754750,492698600,147389250,644023550
2025-05-27,46150.0,50000.0,45000.0,48000.0,79392.0,5.4945054945054945,207269100,19292150,2581743725,1027798000,323574775,171156500,2638443550,702928150,3836102975
2025-05-28,48650.0,48650.0,46700.0,47100.0,27645.0,-1.875,53022150,25613000,1026038125,216014300,1134800,9412550,939134950,371005275,1320687575
2025-05-29,48000.0,49700.0,47300.0,49500.0,40806.0,5.095541401273886,46845700,334809850,1315018650,288253050,640650,428827000,1102817350,452642250,1984927250
2025-05-30,50000.0,51100.0,48500.0,50300.0,40899.0,1.6161616161616161,49019100,17903800,1631183275,345503900,648650,44869400,1240189600,757902425,2043610075
2025-06-02,50300.0,50700.0,48500.0,49650.0,25546.0,-1.2922465208747516,22710600,3928000,1018244650,218811500,148600,125071000,833328950,305146200,1263694750
2025-06-04,50700.0,56500.0,50300.0,54600.0,87811.0,9.969788519637463,156947200,69847500,2922933700,1579045350,125905800,188637500,3833860700,580369750,4728773750
2025-06-05,57000.0,60000.0,55000.0,55800.0,78913.0,2.197802197802198,267932400,33527100,3257231200,946457700,3439600,57163200,3411227500,1033318100,4505148400
2025-06-09,60000.0,64700.0,59500.0,64200.0,77955.0,15.053763440860216,3010000,70961200,3796267050,1019519300,81962600,9524600,3227800900,1570469450,4889757550
2025-06-10,69000.0,72900.0,59800.0,64300.0,149759.0,0.1557632398753894,799803200,57322500,7033697700,2036917100,44114000,150666800,7625656400,2107303300,9927740500
2025-06-11,63300.0,67500.0,60400.0,67000.0,65583.0,4.199066874027993,465566650,74571000,2814187700,795170900,105016900,17476600,3076525000,950477750,4149496250
2025-06-12,66500.0,67300.0,64500.0,64800.0,30820.0,-3.2835820895522385,11872300,68757900,1738424500,203078200,10209100,8539200,1327773050,675611550,2022132900
2025-06-13,64800.0,64800.0,60500.0,63000.0,55633.0,-2.7777777777777777,108084300,61071100,1817852050,1456502350,27697900,29246500,2942742850,443822550,3443509800
2025-06-16,62400.0,67500.0,61500.0,67500.0,36374.0,7.142857142857142,7288000,13809500,1814823200,527940600,1273300,10414100,2057791650,294382250,2363861300
2025-06-17,67500.0,67900.0,63700.0,64900.0,38468.0,-3.851851851851852,112571700,15771500,1777649050,603583100,159923200,136912000,1734940700,477799450,2509575350
2025-06-18,63700.0,64400.0,61600.0,62400.0,35439.0,-3.8520801232665636,11423600,13587600,1415014600,783635700,140416900,18131100,1738489700,326623800,2223661500
2025-06-19,62500.0,64100.0,60400.0,61800.0,27688.0,-0.9615384615384616,10947900,38492500,975062300,680902600,865000,5793800,1510896100,187850400,1705405300
2025-06-20,62100.0,62800.0,59600.0,60200.0,28189.0,-2.5889967637540456,86568650,1444000,1176420900,445375950,46212300,25785500,1195060100,442751600,1709809500
2025-06-23,58700.0,61000.0,58000.0,60200.0,19423.0,0.0,10666700,6975800,653145200,489955800,9821300,7151900,847836500,295933800,1160743500
2025-06-24,62000.0,64100.0,61100.0,63500.0,31664.0,5.48172757475083,3910400,60151800,1240236500,682389200,12483650,61600,1621068350,353074300,1986687900
2025-06-25,63900.0,63900.0,61600.0,62800.0,26197.0,-1.1023622047244095,67506600,11681400,1026191700,523250700,71402950,0,1035692000,521535450,1628630400
2025-06-26,62600.0,62600.0,60400.0,60900.0,16284.0,-3.0254777070063694,792100,27444000,766236600,201505400,26386200,0,644691300,324900600,995978100
2025-06-27,61400.0,63900.0,60800.0,61300.0,22230.0,0.6568144499178982,18178950,61600,1023580500,345417100,20769600,0,937130850,429337700,1387238150
2025-06-30,61100.0,64900.0,60900.0,63500.0,17683.0,3.588907014681892,2344100,4294600,765063300,346001600,1459100,0,863859400,252385100,1117703600
2025-07-01,64800.0,71400.0,64400.0,68900.0,84033.0,8.503937007874015,684900300,15377700,2877590850,2211232400,148124900,47097600,4648813300,945065450,5789101250
2025-07-02,70000.0,70000.0,63300.0,66300.0,49187.0,-3.7735849056603774,92867300,334721800,2080242400,713504950,186549400,18198200,1953471150,1063117700,3221336450
2025-07-03,65100.0,65800.0,58600.0,58600.0,61154.0,-11.613876319758672,129015000,9459700,3345447000,260902200,199511800,6366300,2056122800,1482823000,3744823900
2025-07-04,57700.0,57800.0,54500.0,54600.0,55240.0,-6.825938566552901,52906150,51564600,1745708900,1233640850,266494000,7686200,2143479200,666161100,3083820500
2025-07-07,55200.0,55800.0,52800.0,53500.0,29949.0,-2.0146520146520146,859400,22625000,821582300,769703100,278399100,3375700,1108231500,224763500,1614769800
2025-07-08,53400.0,54900.0,52800.0,54600.0,15200.0,2.0560747663551404,3790300,21383300,558900900,239585700,4876500,51465800,518856000,248461900,823660200
2025-07-09,54700.0,56500.0,54000.0,56500.0,18163.0,3.47985347985348,336200,21965500,797385500,187446300,3317100,3953100,537723100,462140200,1007133500
2025-07-10,56900.0,57500.0,55600.0,56500.0,13588.0,0.0,8432100,10134800,503322500,246150700,17776500,7911400,451479350,290872850,768040100
2025-07-11,56800.0,57100.0,55100.0,55900.0,12163.0,-1.0619469026548671,4656600,13560400,461140450,201351000,1116200,6522400,493017250,180052600,680708450
2025-07-14,55400.0,56700.0,54800.0,55600.0,11454.0,-0.5366726296958855,14878950,6441300,414777800,201320700,611400,0,470003950,166803400,637418750
2025-07-15,55900.0,56000.0,54000.0,55300.0,10436.0,-0.539568345323741,771300,6006000,377606600,185198900,987700,12059700,449505400,107030000,569582800
2025-07-16,55300.0,55300.0,53000.0,53600.0,12520.0,-3.074141048824593,28196900,5213000,449037900,190886000,268800,14823200,497305200,160936600,673333800
2025-07-17,54100.0,54100.0,52600.0,53500.0,6190.0,-0.18656716417910446,1230000,1224900,191762600,135330300,10474900,48073800,186710700,84288400,329547800
2025-07-18,53500.0,53500.0,51300.0,52100.0,15900.0,-2.6168224299065423,2498300,3682000,397105200,422005000,340765300,0,356758900,127766300,825290500
2025-07-21,53000.0,53000.0,51600.0,52300.0,8537.0,0.3838771593090211,48760000,5906800,213181200,176962300,110808800,0,250469800,83531700,444810300
2025-07-22,52900.0,54300.0,52700.0,53200.0,12459.0,1.7208413001912046,320800,11485100,487666650,168286400,480300,432000,465208200,201638450,667758950
2025-07-23,53300.0,53300.0,50600.0,51100.0,12152.0,-3.9473684210526314,668300,6240300,472206650,147020300,66157700,4136400,409571500,146269950,626135550
2025-07-24,51100.0,51700.0,48500.0,48750.0,26368.0,-4.598825831702544,295550,46492400,833793100,420276400,111569400,4401900,939519400,245366750,1300857450
2025-07-25,49050.0,49400.0,48700.0,49050.0,7604.0,0.6153846153846154,441050,49050,192442900,179467100,92611750,3387900,158053950,118346500,372400100
2025-07-28,49050.0,49850.0,46400.0,47250.0,14663.0,-3.669724770642202,95350,10865250,394843650,290070850,1044000,8618100,580185400,106027600,695875100
2025-07-29,47250.0,47250.0,46050.0,46800.0,16070.0,-0.9523809523809524,234200,20021600,275937750,453522450,48566650,20797100,540598000,139754250,749716000
2025-07-30,46600.0,47400.0,46400.0,47000.0,11305.0,0.4273504273504274,3852950,6938850,356096500,161201800,1831250,7627050,393129000,125502800,528090100
2025-07-31,47900.0,48350.0,46800.0,47500.0,5870.0,1.0638297872340425,427900,425250,174006650,103961050,105375650,5029500,78318450,90097250,278820850
2025-08-01,48000.0,48000.0,45550.0,46000.0,12545.0,-3.1578947368421053,599650,1603000,423403650,152379600,34103400,2908900,335234650,205738950,577985900
2025-08-04,45700.0,47000.0,45350.0,46400.0,7556.0,0.8695652173913043,417250,0,208253950,141027300,80743150,0,192714950,76240400,349698500
2025-08-05,46400.0,47150.0,45650.0,46450.0,7005.0,0.10775862068965517,231600,4039700,203895975,116455150,47819500,1113625,164702350,110986950,324622425
2025-08-06,47000.0,47200.0,46250.0,46750.0,4150.0,0.6458557588805167,93800,46550,113268775,80826450,373700,4212000,97604925,92044950,194235575
2025-08-07,47450.0,47450.0,45900.0,46900.0,9601.0,0.32085561497326204,93300,1448450,260022550,186533950,14380550,466000,351886450,81365250,448098250
2025-08-08,46900.0,47100.0,46000.0,46700.0,5883.0,-0.42643923240938164,140100,3383550,231383550,39134950,1307400,3410100,172175450,97149200,274042150
2025-08-11,46900.0,47250.0,45750.0,46600.0,3626.0,-0.21413276231263384,6392300,3386350,108553850,49776050,1762350,557600,66409950,99378650,168108550
2025-08-12,46950.0,47050.0,45850.0,46000.0,4386.0,-1.2875536480686696,8518600,2188950,147176600,45808150,552450,4864100,114386650,83889100,203692300
2025-08-13,46500.0,46500.0,45200.0,46000.0,5517.0,0.0,2292350,0,155659150,93411050,1652650,45500,177722750,71941650,251362550
2025-08-14,46000.0,48550.0,45600.0,47000.0,13425.0,2.1739130434782608,15761325,3476500,511675200,103595850,10491500,0,376011375,248006000,634508875
2025-08-18,47750.0,49200.0,47200.0,48200.0,14458.0,2.553191489361702,81937800,13769950,475382700,126679000,723450,3740500,335722300,357583200,697769450
2025-08-19,47700.0,48150.0,46150.0,46300.0,11750.0,-3.941908713692946,4121150,5254200,476740750,63624750,67064800,1323000,265417200,215935850,549740850
2025-08-20,46050.0,46050.0,43600.0,45800.0,8781.0,-1.079913606911447,1141900,182250,269193300,124816000,55407800,0,275248900,64676750,395333450
2025-08-21,45300.0,46800.0,45300.0,45800.0,7414.0,0.0,26091450,33472950,132473050,149731675,67129525,11412650,207659250,55567700,341769125
2025-08-22,45700.0,47000.0,45600.0,46800.0,5409.0,2.1834061135371177,92550,41178750,132854300,75571700,62717850,0,106747600,80231850,249697300
2025-08-25,46800.0,50000.0,46800.0,49000.0,12874.0,4.700854700854701,85447450,877950,294874175,248443400,99487175,0,433921150,96234650,629642975
2025-08-26,49000.0,49000.0,47700.0,48300.0,7029.0,-1.4285714285714286,47900,0,262306450,76254375,69379050,0,147243100,121986575,338608725
2025-08-27,48950.0,48950.0,47700.0,48350.0,3368.0,0.10351966873706005,677100,0,143024550,19081550,241150,0,52662550,109879500,162783200
2025-08-28,48350.0,53100.0,47850.0,52100.0,22265.0,7.755946225439504,61755050,6381550,703068650,372780950,517900,0,919522450,223945850,1143986200
2025-08-29,52500.0,53000.0,50500.0,51900.0,10897.0,-0.3838771593090211,154000,9991000,459270900,91524500,2662400,2625000,293970600,261682400,560940400
2025-09-01,53000.0,55000.0,52200.0,52500.0,22411.0,1.1560693641618496,64108500,13614400,896167950,229051000,10998900,317000,752888200,438737750,1202941850
2025-09-02,52200.0,53500.0,51400.0,51900.0,6526.0,-1.1428571428571428,517300,1458800,291532600,45730600,103500,682500,211768300,126685000,339239300
2025-09-03,51800.0,51800.0,49800.0,50200.0,7089.0,-3.275529865125241,1269100,1969500,300600500,54573700,251800,1977300,293128400,63055300,358412800
2025-09-04,50700.0,51100.0,49950.0,50200.0,7287.0,0.0,50400,1509300,273325250,91729000,1757500,2281500,305451750,57123200,366613950
2025-09-05,50400.0,51900.0,50300.0,51300.0,6495.0,2.1912350597609564,874400,0,219049000,110627000,717400,1767100,219022300,109043600,330550400
2025-09-08,50000.0,50800.0,49100.0,49500.0,15124.0,-3.508771929824561,99550,4035300,572024900,176199100,46368575,3483000,500893625,201613650,752358850
2025-09-09,49150.0,49850.0,48750.0,49350.0,11934.0,-0.30303030303030304,98850,0,311125850,278131850,741450,0,473671150,114943950,589356550
2025-09-10,49800.0,52000.0,49300.0,51500.0,13850.0,4.356636271529888,2387800,85791100,449532800,162344350,610200,1510500,535586550,162348800,700056050
2025-09-11,51200.0,51700.0,50100.0,50700.0,5046.0,-1.5533980582524272,1268200,3301400,226525400,24835100,456000,2042600,142098600,111332900,255930100
2025-09-12,51000.0,52000.0,50800.0,51200.0,7712.0,0.9861932938856016,1075700,2451800,270726500,120842500,613300,2922200,294417600,97143400,395096500
2025-09-15,51300.0,53800.0,51300.0,53800.0,19765.0,5.078125,9244250,61145500,700969050,269869300,13014500,86540000,673559300,268114300,1041228100
2025-09-16,54400.0,54400.0,52200.0,52300.0,19122.0,-2.7881040892193307,11431500,7409300,875682200,119949700,1831900,57531400,563871400,391238000,1014472700
2025-09-17,52300.0,52300.0,50700.0,51100.0,8382.0,-2.294455066921606,154200,1951100,370378100,57667000,1685900,2264900,256877750,169321850,430150400
2025-09-18,51200.0,51500.0,50400.0,51200.0,4777.0,0.19569471624266144,202400,0,230464900,12402900,7862800,0,123144500,112062900,243070200
2025-09-19,51200.0,51200.0,49950.0,49950.0,6093.0,-2.44140625,503800,0,286661350,19075950,351700,0,190454600,115434800,306241100
2025-09-22,50600.0,51300.0,49350.0,49750.0,6275.0,-0.40040040040040037,250200,2939900,270670100,40388300,1644050,24114300,172211800,116278350,314248500
2025-09-23,49800.0,49900.0,47700.0,48950.0,10660.0,-1.6080402010050252,1898600,9146900,361071400,148409750,27556900,48523750,389180700,55265300,520526650
2025-09-24,48950.0,49000.0,48100.0,48650.0,3238.0,-0.6128702757916241,12402250,1986250,122733650,19944700,5718700,1216500,75840250,74291400,157066850
2025-09-25,48650.0,48800.0,48000.0,48200.0,2522.0,-0.9249743062692704,2083000,0,105912550,13838750,4163150,48650,75355900,42266600,121834300
2025-09-26,48750.0,48750.0,47000.0,47050.0,9104.0,-2.3858921161825726,471450,0,313462300,116892200,4037100,0,277952600,148836250,430825950
2025-09-29,46700.0,48450.0,46700.0,47900.0,3685.0,1.8065887353878853,622400,0,82312300,93488350,2828250,2365500,151532600,19696700,176423050
2025-09-30,48250.0,48600.0,47250.0,47750.0,2410.0,-0.31315240083507306,11609850,0,93024200,10295100,1002300,0,15859500,98067350,114929150
2025-10-01,48800.0,48800.0,47050.0,47650.0,3223.0,-0.20942408376963353,571850,473600,127048450,24726000,50344500,95750,34775650,67604000,152819900
2025-10-02,47550.0,48150.0,47050.0,47900.0,3981.0,0.5246589716684155,1101450,47700,110371500,78429250,25129050,0,137572600,27248250,189949900
2025-10-10,47750.0,47850.0,46600.0,47000.0,7129.0,-1.8789144050104383,235150,0,289422700,45238900,19745400,18269950,145173700,151707700,334896750
2025-10-13,46500.0,47000.0,44850.0,45950.0,7713.0,-2.2340425531914896,2625850,7579000,273269200,69993450,14532250,43255900,168269650,127409700,353467500
2025-10-14,45950.0,45950.0,44850.0,45050.0,10172.0,-1.958650707290533,2086450,11550850,316850850,130148000,4751450,2222150,305120650,148541900,460636150
2025-10-15,46500.0,47450.0,45650.0,46350.0,4950.0,2.885682574916759,2771150,46100,131398050,94785350,14216050,0,169910700,44873900,229000650
2025-10-16,46200.0,47700.0,45350.0,45650.0,8422.0,-1.5102481121898599,275850,1874450,311274950,73086350,1232900,46300,202812850,182419550,386511600
2025-10-17,45650.0,46750.0,44900.0,45050.0,5987.0,-1.3143483023001095,498000,2531000,213303800,54531650,496150,21465000,96601200,152302100,270864450
2025-10-20,45250.0,47350.0,45150.0,47300.0,9599.0,4.994450610432852,561350,46500,196024400,249794950,19771000,21645950,380505000,24505250,446427200
2025-10-21,47450.0,47900.0,46150.0,46500.0,4487.0,-1.6913319238900635,792150,1440100,173522350,35070400,23498550,983850,93897750,92444850,210825000
2025-10-22,46450.0,48500.0,45700.0,47950.0,5706.0,3.118279569892473,330650,618050,175831100,92413350,237400,1908450,168901100,98146200,269193150
2025-10-23,47600.0,49650.0,47400.0,48700.0,6974.0,1.5641293013555788,2081800,1213850,263858700,71486800,291800,3229100,236955200,98165050,338641150
2025-10-24,49400.0,51600.0,47100.0,50100.0,23660.0,2.8747433264887063,201400,51199500,679029300,464715250,7778900,710600,906022900,280633050,1195145450
2025-10-27,51700.0,51700.0,50600.0,50700.0,8159.0,1.1976047904191618,1373700,1225000,334979250,78892100,24753450,974700,290507600,100234300,416470050
2025-10-28,50700.0,51200.0,49500.0,50100.0,9615.0,-1.183431952662722,399950,2300400,387580050,91050500,9196000,3261000,320628850,148245050,481330900
2025-10-29,50600.0,51700.0,48800.0,49050.0,11921.0,-2.095808383233533,298350,5605050,488992750,100088450,10892700,2837550,457345300,123909050,594984600
2025-10-30,49150.0,49500.0,48200.0,48250.0,8807.0,-1.6309887869520898,1015550,2813800,321004850,102785800,10732200,10111150,237548000,169228650,427620000
2025-10-31,48950.0,49550.0,48000.0,48300.0,5910.0,0.10362694300518134,339800,973000,213922150,71636050,1596050,2892900,149882950,132499100,286871000
2025-11-03,48350.0,50000.0,47500.0,47500.0,8227.0,-1.6563146997929608,21915250,1069300,319477300,54780700,904150,47600,292651350,103639450,397242550
2025-11-04,48000.0,48000.0,46550.0,47300.0,7455.0,-0.42105263157894735,3131400,1327450,272050075,75509750,1277100,8750250,244000750,97990575,352018675
2025-11-05,47650.0,48300.0,45200.0,47500.0,15375.0,0.42283298097251587,8986900,8827300,525371850,167926700,1517900,1950450,477822950,229821450,711112750
2025-11-06,48000.0,49450.0,47500.0,49350.0,4822.0,3.8947368421052633,826100,3363850,115808350,115294300,17157450,1010400,173047150,44077600,235292600
2025-11-07,49000.0,49000.0,47600.0,47700.0,5864.0,-3.343465045592705,34125800,0,155453500,92338400,239150,4343750,167450200,109884600,281917700
2025-11-10,48250.0,50300.0,48100.0,49900.0,12125.0,4.612159329140461,25500100,14568400,128332700,434147150,86774550,15049450,459281350,41443000,602548350
2025-11-11,50100.0,50300.0,48400.0,48600.0,5318.0,-2.6052104208416833,1321350,443800,208673100,49374200,1895600,49246100,121081400,87589350,259812450
2025-11-12,49350.0,49900.0,48700.0,49650.0,3513.0,2.1604938271604937,148150,1963000,98357200,72676450,3439850,4448050,125343350,39913550,173144800
2025-11-13,49200.0,49800.0,48350.0,48600.0,7370.0,-2.1148036253776437,292250,0,295234550,64454050,2098000,638300,227278150,129966400,359980850
2025-11-14,48600.0,50100.0,47750.0,49150.0,12410.0,1.131687242798354,830900,1012650,465342350,136883900,584850,7994200,389035050,206455700,604069800
2025-11-17,49800.0,51800.0,49800.0,50700.0,12959.0,3.1536113936927768,456300,3013700,353023050,302066200,663200,13385800,522751400,121758850,658559250
2025-11-18,50200.0,50200.0,47900.0,48900.0,23107.0,-3.5502958579881656,781800,4532850,1039507350,80835850,14637100,47820150,520988100,542212500,1125657850
2025-11-19,48600.0,51600.0,47600.0,49050.0,22727.0,0.3067484662576687,34059450,3928300,880655050,207165300,6523300,66443900,660076750,392764150,1125808100
2025-11-20,48900.0,51000.0,48600.0,50200.0,14775.0,2.344546381243629,198800,4172800,375504250,357886650,45917550,31805050,590446550,69593350,737762500
2025-11-21,49450.0,54800.0,48900.0,53800.0,52022.0,7.171314741035857,54005200,33157700,1889209850,782780850,1173700,16745100,2207230400,534004400,2759153600
2025-11-24,53500.0,53500.0,49400.0,49750.0,32208.0,-7.527881040892194,1246700,7818700,1481298400,142041750,151000,942400,801300250,830011900,1632405550
2025-11-25,49800.0,49950.0,48500.0,48550.0,14067.0,-2.4120603015075375,438000,0,615596600,73220600,22961750,4634200,392305300,269353950,689255200
2025-11-26,48600.0,49500.0,48050.0,49150.0,4429.0,1.235839340885685,825950,1961500,161674400,50996550,8908250,0,152887700,53662450,215458400
2025-11-27,49600.0,49800.0,48600.0,49650.0,4665.0,1.017293997965412,395600,1583900,128044950,100063850,6265850,0,198667950,25154500,230088300
2025-11-28,49650.0,53600.0,49650.0,52600.0,21160.0,5.94159113796576,1631600,3301200,487135000,613200550,690300,1233700,1010959150,92385200,1105268350
2025-12-01,53000.0,54000.0,51000.0,52400.0,10211.0,-0.38022813688212925,13041300,4372200,355672700,162061100,30764100,3855400,432716700,67811100,535147300
2025-12-02,52300.0,52800.0,50900.0,52300.0,5732.0,-0.19083969465648853,365800,5057000,215227400,76554600,1724600,4932500,214323000,76224700,297204800
2025-12-03,52500.0,62400.0,52300.0,59000.0,101764.0,12.810707456978967,55295550,73800850,4307477650,1586052600,61227000,23768500,4702480200,1235150950,6022626650
2025-12-04,60900.0,61400.0,55300.0,56500.0,54901.0,-4.23728813559322,57242600,20909700,2475334650,603398450,451700,40672100,2006665550,1109096050,3156885400
2025-12-05,56100.0,57600.0,54600.0,54600.0,17409.0,-3.3628318584070795,1047600,3293300,671566950,293302400,10731800,2362000,632808850,323307600,969210250
2025-12-08,56000.0,58400.0,53500.0,53800.0,16468.0,-1.465201465201465,270800,2517500,819769800,86821200,4970400,2615200,461356500,440437200,909379300
2025-12-09,53800.0,54300.0,52600.0,53200.0,8305.0,-1.1152416356877324,1710100,5724000,332036500,102093000,1064700,5745600,318335700,116417600,441563600
2025-12-10,53000.0,56600.0,52100.0,55600.0,20234.0,4.511278195488721,741100,3467300,812983650,286608900,139666600,4813600,636219650,323101100,1103800950
2025-12-11,56300.0,62200.0,55200.0,60800.0,78824.0,9.352517985611511,38545600,47695600,3503068850,1144849400,13003900,22038400,3521848900,1177268250,4734159450
2025-12-12,64500.0,65300.0,59100.0,60800.0,67581.0,0.0,8456300,134119700,3341547200,661201950,20826300,16583000,2518041350,1589874500,4145325150
2025-12-15,61000.0,62900.0,59800.0,61400.0,29767.0,0.9868421052631579,13823700,22160400,1539860000,233294150,17146300,2484000,1142215550,647292400,1809138250
2025-12-16,60400.0,60500.0,57600.0,58500.0,22153.0,-4.723127035830619,65574900,2615800,1030682100,210612700,293600,11780000,958015700,339396200,1309485500
2025-12-17,58600.0,59900.0,57800.0,59900.0,13159.0,2.3931623931623935,21675500,0,575859800,178627600,1314900,20771200,573277800,180799000,776162900
2025-12-18,59300.0,60400.0,58400.0,59300.0,14080.0,-1.001669449081803,44962650,705600,650276900,139940800,1483200,106859900,510817600,216725250,835885950
2025-12-19,60000.0,60400.0,58300.0,58900.0,9929.0,-0.6745362563237773,4627700,1120100,464060950,115898250,708200,12162300,385145650,187690850,585707000
2025-12-22,58300.0,60100.0,57300.0,60100.0,16615.0,2.037351443123939,5505900,0,699237600,267862500,22107000,0,780803200,169695800,972606000
2025-12-23,59900.0,60000.0,58200.0,58200.0,10125.0,-3.1613976705490847,15318200,1118200,492858450,87133700,1181750,1476800,314564000,279206000,596428550
2025-12-24,58600.0,59000.0,56900.0,57800.0,9286.0,-0.6872852233676976,6004000,1445000,391601700,135295900,3173400,139108500,343827500,48237200,534346600
2025-12-26,58000.0,58300.0,56000.0,56500.0,13076.0,-2.249134948096886,3501500,1854600,462638250,271676400,43787500,5791100,589280050,100812100,739670750
2025-12-29,56200.0,56600.0,55000.0,55100.0,6370.0,-2.47787610619469,1938100,1828200,215575600,133906100,993400,9612500,290842600,51799500,353248000
2025-12-30,54900.0,55200.0,53400.0,54100.0,8936.0,-1.8148820326678767,1577500,5382900,311489500,166714450,39064200,21975600,409062950,15061600,485164350
