날짜,시가,고가,저가,종가,거래량,등락률,매수_기관합계,매수_기타법인,매수_개인,매수_외국인합계,매도_기관합계,매도_기타법인,매도_개인,매도_외국인합계,전체
2013-10-24,,,,,,,697926000.0,16346000.0,643845800.0,1194157500.0,1629293800.0,59100500.0,718073500.0,145807500.0,2552275300.0
2013-10-25,,,,,,,3846746500.0,366504500.0,1764074400.0,1497779500.0,1166728900.0,69782000.0,6203732500.0,34861500.0,7475104900.0
2013-10-28,,,,,,,3401226500.0,322868500.0,2414268550.0,444144500.0,2625972300.0,24652500.0,3598951250.0,332932000.0,6582508050.0
2013-10-29,,,,,,,748169000.0,25600000.0,836997050.0,569645000.0,916539400.0,70343000.0,1125980650.0,67548000.0,2180411050.0
2013-10-30,,,,,,,2449517000.0,59498000.0,1229266350.0,585316500.0,1233225450.0,61136000.0,2967763900.0,61472500.0,4323597850.0
2013-10-31,,,,,,,2401531500.0,76905500.0,1733444300.0,1092504500.0,2454239400.0,16768000.0,2609041400.0,224337000.0,5304385800.0
2013-11-01,,,,,,,994697700.0,13292500.0,821808150.0,657843500.0,1472597500.0,19484000.0,911787350.0,83773000.0,2487641850.0
2013-11-04,,,,,,,1992222500.0,0.0,975085800.0,54979000.0,1112736800.0,33440000.0,1784475000.0,91635500.0,3022287300.0
2013-11-05,,,,,,,3180973000.0,105361500.0,572024300.0,491938500.0,1749488500.0,7424000.0,2402388300.0,190996500.0,4350297300.0
2013-11-06,,,,,,,1417449500.0,173250000.0,1145970600.0,58226500.0,948479200.0,178000000.0,1531467900.0,136949500.0,2794896600.0
2013-11-07,,,,,,,4098602000.0,552143000.0,1013476500.0,99241500.0,2151794500.0,83073000.0,1904460500.0,1624135000.0,5763463000.0
2013-11-08,,,,,,,2315732000.0,413668000.0,351637250.0,108642000.0,762158500.0,2775350.0,1407825400.0,1016920000.0,3189679250.0
2013-11-11,,,,,,,1397602000.0,1708000.0,1450311600.0,238160000.0,1346601000.0,32357500.0,1556774100.0,152049000.0,3087781600.0
2013-11-12,,,,,,,3481542500.0,139244500.0,882400500.0,478689000.0,3737944000.0,28618000.0,1033928500.0,181386000.0,4981876500.0
2013-11-13,,,,,,,2052940500.0,49294500.0,593928800.0,23467500.0,1156375500.0,0.0,749272800.0,813983000.0,2719631300.0
2013-11-14,,,,,,,1870940000.0,0.0,433115350.0,21391500.0,663214000.0,14641000.0,680401350.0,967190500.0,2325446850.0
2013-11-15,,,,,,,2256038000.0,0.0,914474500.0,191447000.0,759762650.0,0.0,872079850.0,1730117000.0,3361959500.0
2013-11-18,,,,,,,2762478000.0,138665000.0,435180300.0,96051000.0,2231629300.0,76905500.0,606918000.0,516921500.0,3432374300.0
2013-11-19,,,,,,,3047208500.0,783503500.0,689747300.0,340260500.0,1180202000.0,340000.0,703529300.0,2976648500.0,4860719800.0
2013-11-20,,,,,,,1236007000.0,0.0,669041600.0,1201919500.0,368110300.0,0.0,1509653800.0,1229204000.0,3106968100.0
2013-11-21,,,,,,,2986774000.0,8760000.0,2328567450.0,2447168500.0,3662736600.0,106851500.0,3385589850.0,616092000.0,7771269950.0
2013-11-22,,,,,,,2622402500.0,44838000.0,1543583950.0,2013405500.0,2092921600.0,389140900.0,3301396450.0,440771000.0,6224229950.0
2013-11-25,,,,,,,4683247500.0,66899500.0,2258041500.0,723368500.0,3318881400.0,424864000.0,3889717100.0,98094500.0,7731557000.0
2013-11-26,,,,,,,3283741500.0,12312000.0,1448631950.0,239704500.0,1665944700.0,171774000.0,1328075750.0,1818595500.0,4984389950.0
2013-11-27,,,,,,,2430280750.0,37388000.0,838278300.0,355595000.0,1048982300.0,91650000.0,1956186250.0,564723500.0,3661542050.0
2013-11-28,,,,,,,2682059500.0,634311000.0,2580224250.0,1857618000.0,1505777000.0,186250000.0,5380079250.0,682106500.0,7754212750.0
2013-11-29,,,,,,,1735076000.0,126897000.0,1809062100.0,2382218500.0,3121715750.0,0.0,2704777350.0,226760500.0,6053253600.0
2013-12-02,,,,,,,1799648500.0,0.0,1016684050.0,1147222000.0,1279270000.0,96888000.0,2372431550.0,214965000.0,3963554550.0
2013-12-03,,,,,,,841035500.0,213597500.0,561404700.0,1165634500.0,1377349600.0,297830000.0,897132100.0,209360500.0,2781672200.0
2013-12-04,23173.0,23296.0,22497.0,22989.0,146900.0,,1581365500.0,22811500.0,677973500.0,464490500.0,782669900.0,92882000.0,1390836100.0,480253000.0,2746641000.0
2013-12-05,22927.0,23480.0,22497.0,23296.0,253678.0,1.3354212884422985,2811501500.0,198311600.0,1119351550.0,627475500.0,2281684000.0,157779900.0,2164627750.0,152548500.0,4756640150.0
2013-12-06,23111.0,23296.0,22804.0,22866.0,156836.0,-1.8458104395604396,237997000.0,52797700.0,1231074400.0,1406334000.0,1708004500.0,132290000.0,1039125600.0,48783000.0,2928203100.0
2013-12-09,22866.0,22988.0,22620.0,22743.0,99313.0,-0.5379165573340331,505184000.0,0.0,344389000.0,989328500.0,1118991000.0,203425000.0,468444500.0,48041000.0,1838901500.0
2013-12-10,22620.0,22988.0,22312.0,22989.0,159969.0,1.0816514971639626,1219349500.0,0.0,754345750.0,974201500.0,1312466400.0,110803000.0,1441871850.0,82755500.0,2947896750.0
2013-12-11,23111.0,23603.0,22988.0,23358.0,264035.0,1.6051154900169644,2949465500.0,0.0,748455000.0,1318879000.0,2344234000.0,315340000.0,1955579000.0,401646500.0,5016799500.0
2013-12-12,23234.0,23296.0,22681.0,23112.0,175369.0,-1.0531723606473156,1002437500.0,41361000.0,1320447200.0,915794500.0,1719679000.0,361368000.0,988575700.0,210417500.0,3280040200.0
2013-12-13,22804.0,23480.0,22804.0,22866.0,117899.0,-1.0643821391484942,1329220500.0,1116000.0,543337400.0,347761000.0,287348600.0,575489100.0,1151370700.0,207226500.0,2221434900.0
2013-12-16,22988.0,23665.0,22927.0,23112.0,236565.0,1.0758331146680662,2128331500.0,90703000.0,1567657950.0,705827500.0,2414077000.0,391300000.0,1488235450.0,198907500.0,4492519950.0
2013-12-17,23419.0,23911.0,23234.0,23481.0,252611.0,1.5965732087227413,3178123500.0,21937000.0,1522371200.0,127056500.0,2170461000.0,515791000.0,1864686200.0,298550000.0,4849488200.0
2013-12-18,23480.0,23726.0,23111.0,23481.0,128621.0,0.0,1631803500.0,43210000.0,668547600.0,107358000.0,1255510700.0,173569000.0,880263900.0,141575500.0,2450919100.0
2013-12-19,23357.0,23419.0,22681.0,22743.0,190135.0,-3.142966653890379,1940257000.0,0.0,1530871500.0,85554000.0,1409993500.0,930464500.0,1097844000.0,118380500.0,3556682500.0
2013-12-20,22681.0,23234.0,22558.0,23235.0,135890.0,2.163302994327925,1585106000.0,0.0,554013500.0,391168500.0,1109324000.0,282997000.0,1028334500.0,109632500.0,2530288000.0
2013-12-23,23296.0,23357.0,22866.0,23050.0,109668.0,-0.796212610286206,1339332500.0,0.0,632327550.0,83137500.0,1094910250.0,192606500.0,628757800.0,138523000.0,2054797550.0
2013-12-24,23111.0,23357.0,22743.0,22989.0,106766.0,-0.26464208242950105,1441731500.0,4494000.0,443416700.0,105299000.0,1207303500.0,13870000.0,703852200.0,69915500.0,1994941200.0
2013-12-26,22927.0,23173.0,22681.0,22928.0,87785.0,-0.2653442950976554,630537000.0,0.0,817624750.0,180536000.0,797256450.0,0.0,804529300.0,26912000.0,1628697750.0
2013-12-27,22804.0,23665.0,22620.0,23419.0,144017.0,2.141486392184229,1953706500.0,3162000.0,611801250.0,167756500.0,886563600.0,78526500.0,1610374150.0,160962000.0,2736426250.0
2013-12-30,23419.0,23788.0,23111.0,23604.0,89630.0,0.7899568726247919,570114600.0,0.0,678376900.0,458524500.0,675752700.0,2665500.0,857622300.0,170975500.0,1707016000.0
2014-01-02,23603.0,24095.0,23296.0,23850.0,174048.0,1.0421962379257754,743631400.0,31493500.0,1258996300.0,1341911000.0,860016000.0,250018000.0,1915961700.0,350036500.0,3376032200.0
2014-01-03,23849.0,23911.0,22988.0,23542.0,189766.0,-1.2914046121593292,1653816000.0,1875000.0,1455621200.0,504367500.0,1431383500.0,288415000.0,1658749700.0,237131500.0,3615679700.0
2014-01-06,23665.0,23972.0,23173.0,23358.0,92930.0,-0.781581853708266,309357000.0,0.0,1409285500.0,53733000.0,976956500.0,160663000.0,525987000.0,108769000.0,1772375500.0
2014-01-07,23234.0,23419.0,22804.0,23050.0,178425.0,-1.3186060450381025,1487335000.0,18650000.0,1737226750.0,91417000.0,1144818000.0,74850000.0,918550250.0,1196410500.0,3334628750.0
2014-01-08,22927.0,23296.0,22927.0,23112.0,124107.0,0.26898047722342733,805031500.0,0.0,849491600.0,677399000.0,608593000.0,225500000.0,722490600.0,775338500.0,2331922100.0
2014-01-09,23234.0,23296.0,22927.0,23173.0,117851.0,0.2639321564555209,792125500.0,0.0,704271250.0,718359500.0,455539500.0,272781000.0,1337385250.0,149050500.0,2214756250.0
2014-01-10,23234.0,23603.0,22988.0,23173.0,109830.0,0.0,875603500.0,0.0,547750500.0,645636000.0,823584800.0,85670000.0,993087700.0,166647500.0,2068990000.0
2014-01-13,23357.0,23357.0,22988.0,23173.0,61736.0,0.0,234227500.0,0.0,598157150.0,329426500.0,450477700.0,114806000.0,541166950.0,55360500.0,1161811150.0
2014-01-14,23173.0,23234.0,22681.0,23173.0,129261.0,0.0,567426000.0,259390500.0,796957350.0,781537000.0,1212085000.0,208404000.0,880216350.0,104605500.0,2405310850.0
2014-01-15,23234.0,23357.0,23050.0,23235.0,92892.0,0.26755275536184353,406322000.0,500208500.0,306310550.0,536187000.0,835595300.0,96972000.0,686059250.0,130401500.0,1749028050.0
2014-01-16,23234.0,23357.0,22866.0,23173.0,136511.0,-0.2668388207445664,1156719000.0,1305500.0,776425850.0,619625000.0,1720903250.0,18800000.0,774516000.0,39856100.0,2554075350.0
2014-01-17,22988.0,23542.0,22988.0,23358.0,123165.0,0.7983428990635654,1482058500.0,10952500.0,421948800.0,409591500.0,1321115000.0,94831000.0,818278300.0,90327000.0,2324551300.0
2014-01-20,23603.0,23603.0,23173.0,23235.0,80231.0,-0.5265861803236578,738539000.0,0.0,582901400.0,198594000.0,1048159600.0,193480000.0,218807800.0,59587000.0,1520034400.0
2014-01-21,23173.0,23357.0,22988.0,23173.0,122786.0,-0.2668388207445664,1255891500.0,1875000.0,422474600.0,629629000.0,1727997100.0,158440000.0,410998000.0,12435000.0,2309870100.0
2014-01-22,23050.0,23419.0,23050.0,23358.0,102740.0,0.7983428990635654,370192000.0,0.0,465776650.0,1103916500.0,1131510000.0,30128500.0,746012650.0,32234000.0,1939885150.0
2014-01-23,23419.0,23480.0,23173.0,23235.0,113973.0,-0.5265861803236578,406143500.0,35927500.0,539217700.0,1173961000.0,900626500.0,245842000.0,993439200.0,15342000.0,2155249700.0
2014-01-24,23234.0,23726.0,22497.0,23481.0,360518.0,1.0587475790832797,2090671000.0,31568500.0,1611248800.0,3010189500.0,4597979800.0,187834000.0,1816838500.0,141025500.0,6743677800.0
2014-01-27,22927.0,23542.0,22804.0,23358.0,211470.0,-0.5238277756483967,1499622500.0,135673000.0,758021500.0,1571022500.0,2331214500.0,23987000.0,1455225000.0,153913000.0,3964339500.0
2014-01-28,23542.0,23788.0,23050.0,23788.0,162741.0,1.8409110369038446,1228414000.0,0.0,856907850.0,1002480000.0,1702972500.0,0.0,1130993350.0,253836000.0,3087801850.0
2014-01-29,23849.0,24833.0,23726.0,24526.0,476255.0,3.102404573734656,2799184500.0,0.0,3755745600.0,2919334500.0,2419895100.0,241561500.0,4871055000.0,1941753000.0,9474264600.0
2014-02-03,24710.0,25017.0,24279.0,24710.0,220509.0,0.750224251814401,1167818500.0,5601000.0,1832049150.0,1406332500.0,2256862600.0,40200000.0,2000980550.0,113758000.0,4411801150.0
2014-02-04,24402.0,24648.0,24033.0,24157.0,194630.0,-2.237960339943343,677782500.0,3950000.0,1974109300.0,1183893000.0,2104280500.0,4000000.0,1585175300.0,146279000.0,3839734800.0
2014-02-05,24279.0,24341.0,23419.0,23665.0,306790.0,-2.036676739661382,1523817000.0,10612500.0,3064697750.0,1340165000.0,2644863500.0,1940000.0,2210478250.0,1082010500.0,5939292250.0
2014-02-06,23726.0,23911.0,23357.0,23727.0,165129.0,0.2619902810057046,858818000.0,3835000.0,1555387500.0,758674700.0,1667874200.0,45661500.0,1415829500.0,47350000.0,3176715200.0
2014-02-07,23849.0,24587.0,23603.0,24218.0,202531.0,2.069372444894003,1475093500.0,130884500.0,1009399700.0,1357707000.0,791872700.0,288820000.0,2676777500.0,215614500.0,3973084700.0
2014-02-10,24402.0,24464.0,23296.0,23665.0,252367.0,-2.283425551242877,1984978500.0,2134000.0,2718257250.0,170287500.0,2445692000.0,412302000.0,1837213750.0,180449500.0,4875657250.0
2014-02-11,23726.0,23972.0,23296.0,23358.0,241993.0,-1.297274455947602,1419623500.0,0.0,2181133900.0,1016558000.0,2916166500.0,233993500.0,1356282400.0,110873000.0,4617315400.0
2014-02-12,23480.0,23726.0,23296.0,23665.0,117799.0,1.3143248565801866,732265500.0,384000.0,938286750.0,579886000.0,1254539250.0,91959500.0,842338000.0,61985500.0,2250822250.0
2014-02-13,23665.0,23788.0,23111.0,23358.0,211577.0,-1.297274455947602,847247500.0,0.0,2105542500.0,1061728000.0,2408112500.0,1323000.0,1203607500.0,401475000.0,4014518000.0
2014-02-14,23603.0,23603.0,23111.0,23173.0,212740.0,-0.7920198647144447,1510819500.0,28107700.0,1351327050.0,1131438500.0,2543388300.0,0.0,1351669450.0,126635000.0,4021692750.0
2014-02-17,23234.0,23296.0,22620.0,23050.0,160719.0,-0.5307901437017218,1308415000.0,25912100.0,1226659650.0,433427500.0,1140088000.0,46346000.0,1679767750.0,128212500.0,2994414250.0
2014-02-18,22620.0,23050.0,22066.0,22928.0,410149.0,-0.5292841648590021,4010016500.0,28155000.0,3004877700.0,502093500.0,3393188100.0,292179000.0,3674401600.0,185374000.0,7545142700.0
2014-02-19,22988.0,23050.0,22435.0,22620.0,276953.0,-1.3433356594556873,2436703100.0,398339500.0,1872983650.0,388703000.0,2404262500.0,701580000.0,1840429750.0,150457000.0,5096729250.0
2014-02-20,22558.0,22804.0,22435.0,22559.0,173472.0,-0.2696728558797524,2059671000.0,135673000.0,782016700.0,220962500.0,2058277450.0,0.0,892073250.0,247972500.0,3198323200.0
2014-02-21,22374.0,22435.0,21882.0,22006.0,3571725.0,-2.4513497938738418,29618653000.0,43949000.0,4066742900.0,29334112500.0,6877002800.0,48319000.0,2459339100.0,53678796500.0,63063457400.0
2014-02-24,22128.0,22128.0,21513.0,21760.0,608820.0,-1.1178769426520039,4578371500.0,112159500.0,4885110650.0,1203116000.0,2981475500.0,51442500.0,2102633650.0,5643206000.0,10778757650.0
2014-02-25,22005.0,22066.0,21698.0,21821.0,604790.0,0.2803308823529412,4449822500.0,164933000.0,2842355500.0,3318027000.0,2515593500.0,123334500.0,1520554500.0,6615655500.0,10775138000.0
2014-02-26,21882.0,22128.0,21698.0,22067.0,257685.0,1.127354383392145,2526766000.0,75282500.0,1470132500.0,526979500.0,1172083200.0,8875000.0,1275652300.0,2142550000.0,4599160500.0
2014-02-27,22189.0,22189.0,21698.0,21944.0,266262.0,-0.5573933928490507,2362328000.0,15779000.0,2030920700.0,310476000.0,939889450.0,140966000.0,1537749750.0,2100898500.0,4719503700.0
2014-02-28,22066.0,22497.0,21944.0,22190.0,274549.0,1.121035362741524,2523439500.0,103361500.0,2245552950.0,98698500.0,1440200550.0,95897500.0,1800626400.0,1634328000.0,4971052450.0
2014-03-03,22251.0,22312.0,21759.0,21944.0,291273.0,-1.1086074808472286,2916147000.0,33085000.0,1932875800.0,327336000.0,1556359350.0,281647500.0,1612226950.0,1759210000.0,5209443800.0
2014-03-04,21759.0,22374.0,21698.0,22313.0,333713.0,1.681553044112286,3907420000.0,102700500.0,1237793150.0,763966500.0,1724911100.0,907500.0,1828292550.0,2457769000.0,6011880150.0
2014-03-05,22435.0,22497.0,21944.0,22251.0,326413.0,-0.2778649217944696,2999625000.0,10280500.0,1908562400.0,1004550500.0,708335300.0,0.0,1602406100.0,3612277000.0,5923018400.0
2014-03-06,22374.0,22558.0,22128.0,22313.0,313254.0,0.27863916228484115,3396766000.0,25338500.0,1906468100.0,377710500.0,915393500.0,167221000.0,1873771100.0,2749897500.0,5706283100.0
2014-03-07,22312.0,23419.0,22312.0,23235.0,627934.0,4.132120288620984,5179056500.0,239298500.0,4507536800.0,1870835500.0,2582031200.0,99824000.0,6821756100.0,2293116000.0,11796727300.0
2014-03-10,23234.0,23542.0,22743.0,22866.0,231896.0,-1.5881213686249194,1208226500.0,672023500.0,1801071500.0,687492500.0,1734372300.0,5711500.0,1897430200.0,731300000.0,4368814000.0
2014-03-11,22866.0,23603.0,22681.0,23542.0,265208.0,2.9563544126650925,3462529500.0,6056000.0,1172822850.0,373954000.0,686851400.0,50760000.0,2861802950.0,1415948000.0,5015362350.0
2014-03-12,23603.0,23665.0,22804.0,23296.0,201923.0,-1.0449409565882253,1971024000.0,8233000.0,1767071850.0,56137000.0,815038400.0,267663500.0,2313276200.0,406487750.0,3802465850.0
2014-03-13,23296.0,23419.0,22866.0,23235.0,144541.0,-0.26184752747252743,1160433400.0,930000.0,1453436500.0,103343000.0,586327000.0,0.0,1839138900.0,292677000.0,2718142900.0
2014-03-14,22927.0,23296.0,22866.0,23112.0,115319.0,-0.5293737895416398,1488625800.0,930000.0,629816900.0,47981500.0,817644000.0,375500.0,1259516700.0,89818000.0,2167354200.0
2014-03-17,23296.0,23542.0,22804.0,23112.0,148673.0,0.0,1628292000.0,932500.0,1058591900.0,108077000.0,510002300.0,152742000.0,1946199600.0,186949500.0,2795893400.0
2014-03-18,23480.0,23665.0,23173.0,23173.0,196349.0,0.2639321564555209,1643951500.0,73433000.0,1920342550.0,108646000.0,1609779450.0,95825000.0,1960004100.0,80764500.0,3746373050.0
2014-03-19,23296.0,23480.0,22927.0,22928.0,96978.0,-1.0572649203814783,301145000.0,37900000.0,1363235800.0,122757500.0,878269100.0,0.0,935455200.0,11314000.0,1825038300.0
2014-03-20,22866.0,23665.0,22743.0,23604.0,131622.0,2.948360083740405,850756000.0,2222500.0,1143822550.0,490523000.0,139799700.0,28533500.0,2100943850.0,218047000.0,2487324050.0
2014-03-21,23603.0,23603.0,23050.0,23235.0,127542.0,-1.5632943568886628,447956000.0,226531000.0,1426193600.0,313701500.0,956941000.0,8967500.0,1212368100.0,236105500.0,2414382100.0
2014-03-24,23173.0,23173.0,22804.0,22989.0,113538.0,-1.0587475790832797,563684500.0,3715000.0,1365578550.0,185669000.0,997198200.0,4334000.0,935107850.0,182007000.0,2118647050.0
2014-03-25,22988.0,22988.0,22497.0,22866.0,195785.0,-0.5350384966723215,2140802000.0,14910000.0,1349125700.0,113908000.0,2128396200.0,552000.0,1321134000.0,168663500.0,3618745700.0
2014-03-26,22866.0,22866.0,22558.0,22620.0,94156.0,-1.0758331146680662,862894500.0,3685000.0,692331500.0,180659500.0,876419700.0,0.0,818312300.0,44838500.0,1739570500.0
2014-03-27,22558.0,22866.0,22251.0,22620.0,128080.0,0.0,801386000.0,118829500.0,1186725000.0,234553000.0,1032024400.0,106629500.0,1115359600.0,87480000.0,2341493500.0
2014-03-28,22497.0,22804.0,22189.0,22436.0,167314.0,-0.8134394341290893,1472760500.0,0.0,1377051000.0,203778000.0,901809000.0,10027500.0,1367600000.0,774153000.0,3053589500.0
2014-03-31,22497.0,22620.0,22066.0,22313.0,117613.0,-0.5482260652522731,890521000.0,18400000.0,998667950.0,222105500.0,522940350.0,181054500.0,1320121100.0,105578500.0,2129694450.0
2014-04-01,22374.0,22558.0,22251.0,22374.0,177776.0,0.273383229507462,1207020000.0,47168000.0,1411128850.0,566892500.0,1767927900.0,631781500.0,551020450.0,281479500.0,3232209350.0
2014-04-02,22435.0,22681.0,22312.0,22559.0,162152.0,0.8268525967641012,1343645500.0,0.0,1203462550.0,424730500.0,1475938650.0,109878000.0,827787400.0,558234500.0,2971838550.0
2014-04-03,22620.0,22620.0,22251.0,22497.0,135626.0,-0.2748348774325103,1520738000.0,0.0,952291700.0,5124000.0,720940200.0,0.0,1027688000.0,729525500.0,2478153700.0
2014-04-04,22620.0,22620.0,22374.0,22559.0,161676.0,0.275592301195715,1566555500.0,7516500.0,1326139250.0,59178500.0,1398294950.0,0.0,865918800.0,695176000.0,2959389750.0
2014-04-07,22374.0,22558.0,22128.0,22190.0,87400.0,-1.6357108027838112,195270000.0,6553000.0,1354922000.0,29344500.0,585460700.0,62888000.0,590165800.0,347575000.0,1586089500.0
2014-04-08,22005.0,22435.0,21759.0,22313.0,101683.0,0.5543037404236143,746812500.0,1958000.0,971377350.0,102502500.0,510643400.0,18539000.0,1172504450.0,120963500.0,1822650350.0
2014-04-09,22312.0,22435.0,21944.0,22067.0,124159.0,-1.1024963026038632,824291500.0,124645500.0,1200075050.0,83901500.0,886504550.0,68138000.0,636639000.0,641632000.0,2232913550.0
2014-04-10,22128.0,22189.0,21390.0,21391.0,329565.0,-3.063397833869579,1893747500.0,24177500.0,3772288150.0,83770000.0,1802637600.0,89234800.0,2112278250.0,1769832500.0,5773983150.0
2014-04-11,21206.0,21575.0,21144.0,21452.0,141623.0,0.28516665887522785,1061358000.0,1897500.0,1115848650.0,278419000.0,1241092000.0,63767000.0,1097576650.0,55087500.0,2457523150.0
2014-04-14,21452.0,21636.0,21267.0,21514.0,46065.0,0.2890173410404624,182835500.0,0.0,595959600.0,27296000.0,121351500.0,0.0,610692100.0,74047500.0,806091100.0
2014-04-15,21513.0,21698.0,21390.0,21391.0,50419.0,-0.5717207399832667,330088000.0,0.0,505595150.0,44920500.0,196475300.0,0.0,469251850.0,214876500.0,880603650.0
2014-04-16,21390.0,21636.0,21144.0,21575.0,110102.0,0.8601748398859334,936087500.0,8784000.0,879111600.0,82185000.0,490743450.0,10872500.0,1206926150.0,197626000.0,1906168100.0
2014-04-17,21698.0,21698.0,21206.0,21452.0,66840.0,-0.5701042873696408,381328500.0,1214000.0,777690650.0,3141000.0,521151200.0,0.0,401283450.0,240939500.0,1163374150.0
2014-04-18,21329.0,21575.0,21206.0,21391.0,108591.0,-0.28435577102368076,1063022500.0,6604000.0,771089950.0,49076000.0,941106700.0,0.0,853526750.0,95159000.0,1889792450.0
2014-04-21,21390.0,21452.0,21206.0,21206.0,83876.0,-0.8648497031461829,587020500.0,94471000.0,744560400.0,27101000.0,913531650.0,0.0,501722250.0,37899000.0,1453152900.0
2014-04-22,21636.0,21882.0,21206.0,21514.0,226633.0,1.4524191266622652,940637500.0,173000.0,2955236450.0,72415500.0,1955574500.0,8225000.0,1884267450.0,120395500.0,3968462450.0
2014-04-23,21513.0,22128.0,21329.0,21883.0,245839.0,1.7151622199498,3026527500.0,78384000.0,1094950100.0,168835500.0,973214400.0,0.0,3040170200.0,355312500.0,4368697100.0
2014-04-24,22005.0,22128.0,21698.0,21760.0,204323.0,-0.5620801535438468,2117461500.0,24840000.0,1451134900.0,51763500.0,1317873200.0,0.0,1531264200.0,796062500.0,3645199900.0
2014-04-25,21882.0,22128.0,21575.0,21760.0,166434.0,0.0,2131878000.0,6354000.0,591378300.0,222769500.0,1297264800.0,0.0,904434500.0,750680500.0,2952379800.0
2014-04-28,21759.0,22128.0,21575.0,21883.0,106731.0,0.5652573529411764,890149500.0,0.0,940665300.0,71106000.0,1024768300.0,1959500.0,722210000.0,152983000.0,1901920800.0
2014-04-29,21821.0,21882.0,21452.0,21698.0,78577.0,-0.8454051089887126,634124500.0,880000.0,619154550.0,131330000.0,514568700.0,0.0,552093350.0,318827000.0,1385489050.0
2014-04-30,21882.0,21944.0,21575.0,21698.0,64551.0,0.0,620603500.0,0.0,263145650.0,257011000.0,193436800.0,0.0,821402850.0,125920500.0,1140760150.0
2014-05-02,22005.0,22005.0,21329.0,21391.0,99543.0,-1.4148769471840723,744844500.0,21463500.0,678503350.0,294113000.0,689650700.0,15138000.0,799219650.0,234916000.0,1738924350.0
2014-05-07,21329.0,21575.0,21022.0,21452.0,106837.0,0.28516665887522785,1113739500.0,25657500.0,378958650.0,334625480.0,625776700.0,32516000.0,740187450.0,454500980.0,1852981130.0
2014-05-08,21452.0,21636.0,21144.0,21575.0,72217.0,0.5733731120641432,792847500.0,4327500.0,321512850.0,140053500.0,441423000.0,0.0,712052350.0,105266000.0,1258741350.0
2014-05-09,21698.0,21882.0,21452.0,21760.0,76050.0,0.8574739281575897,557475500.0,0.0,612727500.0,172210000.0,393714500.0,0.0,772231000.0,176467500.0,1342413000.0
2014-05-12,21636.0,21944.0,21513.0,21883.0,57832.0,0.5652573529411764,650806000.0,1752500.0,317616100.0,52372500.0,354162600.0,0.0,558282500.0,110102000.0,1022547100.0
2014-05-13,21882.0,22005.0,21390.0,21391.0,103659.0,-2.248320614175387,583539000.0,19292500.0,1138041000.0,74878000.0,704503900.0,33431000.0,933037600.0,144778000.0,1815750500.0
2014-05-14,21144.0,21144.0,19854.0,20653.0,826594.0,-3.450049086064232,4931209900.0,195247500.0,7758282400.0,777258500.0,4518990000.0,109349500.0,5862743300.0,3170915500.0,13661998300.0
2014-05-15,20591.0,20653.0,20222.0,20284.0,281491.0,-1.7866653754902435,2008411500.0,5010000.0,1955010500.0,699322000.0,2146002500.0,25691500.0,1192068500.0,1303991500.0,4667754000.0
2014-05-16,20284.0,20345.0,19731.0,19793.0,322812.0,-2.420627095247486,1785236000.0,4055000.0,3297686700.0,131899000.0,1982862300.0,45326500.0,1584086400.0,1606601500.0,5218876700.0
2014-05-19,19854.0,20100.0,19546.0,19731.0,157818.0,-0.3132420552720659,732121000.0,9277500.0,1623455650.0,168514000.0,1069815250.0,0.0,884090400.0,579462500.0,2533368150.0
2014-05-20,19669.0,19669.0,18809.0,18994.0,424810.0,-3.735238964066697,2171046500.0,65313750.0,4053278450.0,276794000.0,1684104250.0,49813500.0,1866823450.0,2965691500.0,6566432700.0
2014-05-21,18993.0,19116.0,18317.0,18625.0,559262.0,-1.9427187532905128,2487892000.0,36835000.0,5233020500.0,718476000.0,2729793000.0,15300000.0,2316712000.0,3414418500.0,8476223500.0
2014-05-22,18686.0,18809.0,18255.0,18563.0,337674.0,-0.33288590604026846,1344135500.0,82297500.0,3123015000.0,531712000.0,1677544400.0,0.0,1583695600.0,1819920000.0,5081160000.0
2014-05-23,18686.0,18870.0,18563.0,18563.0,277021.0,0.0,1043903500.0,15150000.0,2721917650.0,436466500.0,1395163700.0,0.0,2271763450.0,550510500.0,4217437650.0
2014-05-26,18563.0,18686.0,18317.0,18440.0,245686.0,-0.6626084145881592,1412132000.0,6294000.0,2014134000.0,261614500.0,2032619500.0,57455500.0,1214900000.0,389199500.0,3694174500.0
2014-05-27,18440.0,18809.0,18440.0,18809.0,217605.0,2.0010845986984815,1165596500.0,91225000.0,1941991000.0,97957000.0,1437876700.0,61345000.0,1620280800.0,177267000.0,3296769500.0
2014-05-28,18686.0,18809.0,18440.0,18625.0,263551.0,-0.978255090648094,1320049000.0,30653500.0,2283443500.0,348167500.0,1956719000.0,0.0,1333552500.0,692042000.0,3982313500.0
2014-05-29,18624.0,18686.0,17887.0,18072.0,454030.0,-2.9691275167785234,3379176000.0,91640000.0,3037695500.0,198513000.0,4019348000.0,94831500.0,2225820000.0,367025000.0,6707024500.0
2014-05-30,17948.0,18747.0,17825.0,18748.0,468579.0,3.740593182824258,1672495000.0,89487000.0,1374970250.0,3841823500.0,2257823500.0,575272000.0,2917281750.0,1228398500.0,6978775750.0
2014-06-02,18563.0,18686.0,17825.0,17887.0,389687.0,-4.592489865585662,2216190550.0,38441500.0,2758308000.0,698759650.0,2447681150.0,87493600.0,1237671550.0,1938853400.0,5711699700.0
2014-06-03,17825.0,17948.0,17272.0,17395.0,373848.0,-2.7506009951361325,2121366900.0,58291000.0,2854373850.0,305377750.0,2371220050.0,92111150.0,2730789950.0,145288350.0,5339409500.0
2014-06-05,17456.0,17579.0,16288.0,17027.0,738909.0,-2.115550445530325,3473536800.0,415433100.0,4981589250.0,1171132550.0,5958994100.0,305383950.0,3372647300.0,404666350.0,10041691700.0
2014-06-09,16965.0,17456.0,16965.0,17395.0,312232.0,2.161273271862336,2373301900.0,17148200.0,1559766950.0,409827000.0,2526594200.0,73872300.0,1397580000.0,361997550.0,4360044050.0
2014-06-10,17456.0,17948.0,17333.0,17949.0,340069.0,3.1848232250646737,2750320850.0,56369000.0,1803381750.0,274332150.0,2219888550.0,14450000.0,2143518400.0,506546800.0,4884403750.0
2014-06-11,17948.0,18194.0,17579.0,18133.0,257464.0,1.0251267480082455,1813957250.0,7159050.0,1307356050.0,621427100.0,1846736250.0,0.0,1256520000.0,646643200.0,3749899450.0
2014-06-12,18071.0,18071.0,17456.0,17887.0,274835.0,-1.3566425853416422,1926418200.0,11577600.0,1985721650.0,20520300.0,2551220600.0,60537650.0,929204750.0,403274750.0,3944237750.0
2014-06-13,17825.0,17825.0,17456.0,17703.0,143772.0,-1.0286800469614805,899662700.0,10899400.0,1078710450.0,70848950.0,1161984300.0,95223000.0,697005300.0,105908900.0,2060121500.0
2014-06-16,17825.0,17825.0,17272.0,17334.0,165184.0,-2.084392475851551,545849150.0,15318000.0,1649215450.0,122045450.0,1535639000.0,14150000.0,756131150.0,26507900.0,2332428050.0
2014-06-17,17272.0,17764.0,17211.0,17641.0,247956.0,1.7710857274720202,1591180000.0,64698400.0,1361904250.0,488114300.0,2096594500.0,14250000.0,1336497700.0,58554750.0,3505896950.0
2014-06-18,17518.0,17518.0,16842.0,17150.0,335089.0,-2.783288929199025,1603542700.0,108018700.0,2772444500.0,180225750.0,2931285900.0,87358100.0,1167013950.0,478573700.0,4664231650.0
2014-06-19,17088.0,17211.0,16780.0,17211.0,340848.0,0.3556851311953353,1789059600.0,8220000.0,2225785900.0,667970900.0,3108765600.0,78409650.0,1490912800.0,12948350.0,4691036400.0
2014-06-20,17272.0,17333.0,16719.0,17027.0,317986.0,-1.069083725524374,2150339200.0,0.0,1903098700.0,314946900.0,2956284450.0,46643350.0,1279022750.0,86434250.0,4368384800.0
2014-06-23,17026.0,17333.0,16903.0,17088.0,157435.0,0.35825453691196335,1092047650.0,0.0,786013850.0,313260900.0,864962350.0,0.0,1068577250.0,257782800.0,2191322400.0
2014-06-24,17026.0,17272.0,16780.0,17272.0,236784.0,1.0767790262172285,1367474350.0,32718500.0,1818910850.0,65553500.0,1535085150.0,0.0,1176881800.0,572690250.0,3284657200.0
2014-06-25,17211.0,17272.0,16965.0,17150.0,188509.0,-0.7063455303381195,1303553800.0,24967200.0,1278774350.0,11936000.0,1054614700.0,367095150.0,884703300.0,312818200.0,2619231350.0
2014-06-26,17333.0,18071.0,17211.0,17949.0,393019.0,4.658892128279883,2626209000.0,51188000.0,2893684200.0,102358650.0,1386813450.0,14024850.0,4046175650.0,226425900.0,5673439850.0
2014-06-27,17948.0,18255.0,17825.0,18256.0,278535.0,1.7104016936876707,2503081350.0,0.0,1340798450.0,258697700.0,895807650.0,8910000.0,2658937450.0,538922400.0,4102577500.0
2014-06-30,18255.0,18378.0,17948.0,18133.0,298533.0,-0.6737510955302366,2608709400.0,8825000.0,1148162950.0,650687950.0,1163986950.0,119936800.0,2133633500.0,998828050.0,4416385300.0
2014-07-01,18255.0,18378.0,18133.0,18256.0,178596.0,0.6783212926708211,1253086350.0,0.0,1108173800.0,285149750.0,959548200.0,1332050.0,1306287050.0,379242600.0,2646409900.0
2014-07-02,18378.0,18378.0,18071.0,18256.0,158357.0,0.0,1152096650.0,29800000.0,1032204850.0,140089900.0,656395100.0,22350000.0,1357410200.0,318036100.0,2354191400.0
2014-07-03,18317.0,18563.0,18255.0,18317.0,213189.0,0.33413672217353196,1688409600.0,77457100.0,1280743000.0,145977600.0,1370319300.0,12605550.0,1770390600.0,39271850.0,3192587300.0
2014-07-04,18378.0,18501.0,18071.0,18072.0,186190.0,-1.3375552765190808,1384954450.0,0.0,1352642650.0,31142350.0,1165758400.0,9870800.0,1196804900.0,396305350.0,2768739450.0
2014-07-07,18010.0,18010.0,17395.0,17703.0,290871.0,-2.041832669322709,1304808500.0,21672500.0,2564507500.0,278379600.0,1762996250.0,0.0,2232468150.0,173903700.0,4169368100.0
2014-07-08,17579.0,17825.0,17272.0,17334.0,244746.0,-2.084392475851551,1177510600.0,21389250.0,1649888650.0,632381250.0,2110656200.0,27001500.0,882349650.0,461162400.0,3481169750.0
2014-07-09,17211.0,17333.0,16780.0,17150.0,316525.0,-1.0614976347063574,1114647400.0,5560000.0,2631451350.0,639097950.0,1537615150.0,87428900.0,1688365200.0,1077347450.0,4390756700.0
2014-07-10,17149.0,17395.0,16965.0,17150.0,156999.0,0.0,750039300.0,9015000.0,1175557400.0,254642700.0,664751550.0,29163700.0,781706200.0,713632950.0,2189254400.0
2014-07-11,17026.0,17149.0,16719.0,16904.0,253094.0,-1.434402332361516,613567850.0,23764300.0,2618617000.0,212436500.0,1817581000.0,55248400.0,898496050.0,697060200.0,3468385650.0
2014-07-14,17026.0,17764.0,16780.0,17703.0,220163.0,4.726691907240889,953412800.0,105154100.0,1837917150.0,195817250.0,617177350.0,16345000.0,1657777550.0,801001400.0,3092301300.0
2014-07-15,17887.0,18010.0,17333.0,17580.0,397660.0,-0.6947974919505169,1827136750.0,25114400.0,3232253900.0,621487800.0,1221160550.0,14086500.0,2501715450.0,1969030350.0,5705992850.0
2014-07-16,17518.0,17579.0,16903.0,17027.0,327061.0,-3.1456200227531284,1468079150.0,45207100.0,2806097900.0,228076750.0,2142985400.0,1388400.0,1270012000.0,1133075100.0,4547460900.0
2014-07-17,17026.0,17149.0,16719.0,16904.0,275466.0,-0.7223820990192048,1563322600.0,34405100.0,1976725900.0,206650500.0,1870188750.0,21000250.0,1035769200.0,854145900.0,3781104100.0
2014-07-18,16780.0,16965.0,16166.0,16781.0,439979.0,-0.7276384287742547,1600094550.0,176641250.0,3954770300.0,177091600.0,2666396600.0,201761050.0,2068941300.0,971498750.0,5908597700.0
2014-07-21,16657.0,16965.0,16596.0,16904.0,119401.0,0.732971813360348,405472950.0,53818900.0,1112372500.0,57867150.0,591691950.0,1909700.0,950671050.0,85258800.0,1629531500.0
2014-07-22,17026.0,17395.0,16842.0,16842.0,296234.0,-0.3667770941788926,1340884500.0,33255000.0,2381738800.0,369331350.0,1826823800.0,6020300.0,1725909700.0,566455850.0,4125209650.0
2014-07-23,16842.0,17088.0,16719.0,16904.0,212301.0,0.36812730079563,1450839750.0,13485550.0,1319178650.0,138886500.0,1031115200.0,20035350.0,1034584000.0,836655900.0,2922390450.0
2014-07-24,16965.0,17456.0,16965.0,17150.0,224416.0,1.4552768575485093,729048500.0,147443350.0,2061744250.0,196591450.0,1092785400.0,1958450.0,1887836600.0,152247100.0,3134827550.0
2014-07-25,17272.0,17272.0,16965.0,17150.0,194808.0,0.0,1459214550.0,7888500.0,1203461550.0,43611900.0,1543433850.0,12737700.0,933325100.0,224679850.0,2714176500.0
2014-07-28,17272.0,17456.0,17211.0,17211.0,197769.0,0.3556851311953353,555089700.0,21150000.0,2035176600.0,180889650.0,806708000.0,5224500.0,1878926200.0,101447250.0,2792305950.0
2014-07-29,17333.0,17333.0,16780.0,16842.0,287344.0,-2.143977688687467,889951150.0,28365000.0,2892607150.0,159195200.0,2266309050.0,67009100.0,1477690600.0,159109750.0,3970118500.0
2014-07-30,16903.0,17026.0,16596.0,16658.0,208030.0,-1.092506828167676,323799000.0,14960000.0,2392199850.0,103319800.0,1736889750.0,75658550.0,956240050.0,65490300.0,2834278650.0
2014-07-31,16596.0,16780.0,15735.0,16719.0,563189.0,0.3661904190178893,1760584800.0,135546700.0,5182772550.0,370980000.0,3693876100.0,21591850.0,3469914600.0,264501500.0,7449884050.0
2014-08-01,16473.0,16842.0,16350.0,16658.0,140005.0,-0.3648543573180214,894932500.0,67622850.0,748436500.0,185582400.0,988980050.0,106161850.0,737794600.0,63637750.0,1896574250.0
2014-08-04,16842.0,17211.0,16596.0,17150.0,157449.0,2.953535838636091,652853700.0,71144900.0,1049860650.0,400255400.0,618866650.0,22598450.0,1471895600.0,60753950.0,2174114650.0
2014-08-05,17272.0,17456.0,16903.0,16904.0,189599.0,-1.434402332361516,387817900.0,7043000.0,1781310300.0,477219050.0,700085450.0,61514900.0,1560767900.0,331022000.0,2653390250.0
2014-08-06,16903.0,17149.0,16842.0,16965.0,146027.0,0.36086133459536207,729169000.0,21255150.0,1082743650.0,180062600.0,1023011300.0,123381900.0,771334200.0,95503000.0,2013230400.0
2014-08-07,16903.0,17149.0,16719.0,17150.0,124359.0,1.0904804008252285,543099000.0,54333000.0,819784700.0,295744900.0,594450700.0,45807000.0,919045350.0,153658550.0,1712961600.0
2014-08-08,17026.0,17088.0,16719.0,17027.0,134044.0,-0.717201166180758,991212750.0,36951750.0,647581750.0,169763150.0,812325200.0,0.0,813148250.0,220035950.0,1845509400.0
2014-08-11,17149.0,17333.0,16780.0,16965.0,126899.0,-0.3641275621072414,409606550.0,13207400.0,1152287550.0,180565250.0,253003050.0,48812050.0,1115358000.0,338493650.0,1755666750.0
2014-08-12,16903.0,17026.0,16473.0,16904.0,241128.0,-0.3595638078396699,583000850.0,48740450.0,2306923700.0,332367650.0,756424650.0,20419550.0,1347033250.0,1147155200.0,3271032650.0
2014-08-13,17026.0,17211.0,16596.0,17150.0,428299.0,1.4552768575485093,2527494850.0,111450.0,2923739300.0,470561450.0,1007290550.0,59832500.0,3151278800.0,1703505200.0,5921907050.0
2014-08-14,17149.0,18071.0,17149.0,17949.0,673902.0,4.658892128279883,2851339600.0,66057550.0,6410626050.0,445913500.0,1889302400.0,173244000.0,7538252250.0,173138050.0,9773936700.0
2014-08-18,18133.0,18563.0,17825.0,18133.0,517392.0,1.0251267480082455,1995074350.0,89544100.0,5220173950.0,343787200.0,2186812650.0,52686800.0,5068839100.0,340241050.0,7648579600.0
2014-08-19,18194.0,18440.0,17702.0,18440.0,376995.0,1.6930458280483098,1458657050.0,423188450.0,2899177550.0,792147750.0,1688226000.0,0.0,3756508200.0,128436600.0,5573170800.0
2014-08-20,18501.0,18624.0,17948.0,18010.0,475290.0,-2.331887201735358,2947052900.0,110246500.0,3281613400.0,667172250.0,1809265450.0,5292500.0,2254312050.0,2937215050.0,7006085050.0
2014-08-21,18010.0,18010.0,17518.0,17641.0,228601.0,-2.0488617434758467,218637200.0,34883000.0,2641168800.0,398679700.0,1231562050.0,2160000.0,2056414650.0,3232000.0,3293368700.0
2014-08-22,17641.0,18133.0,17395.0,18072.0,270788.0,2.4431721557734822,1345211450.0,134950250.0,2292522500.0,137695500.0,1200100100.0,20302800.0,2642835600.0,47141200.0,3910379700.0
2014-08-25,18071.0,18071.0,17518.0,17703.0,230115.0,-2.041832669322709,366915150.0,7031650.0,2822896550.0,113666950.0,1364645800.0,299340350.0,1137911250.0,508612900.0,3310510300.0
2014-08-26,17702.0,17887.0,17456.0,17703.0,184910.0,0.0,643365900.0,15899450.0,1754993700.0,240316350.0,588424000.0,4335000.0,1698640000.0,363176400.0,2654575400.0
2014-08-27,17764.0,17948.0,17395.0,17580.0,184644.0,-0.6947974919505169,107130750.0,68770950.0,2393335400.0,71729000.0,804490250.0,169353800.0,1613019100.0,54102950.0,2640966100.0
2014-08-28,17579.0,17887.0,17518.0,17826.0,260602.0,1.3993174061433447,1465715650.0,11323700.0,2142712550.0,135149950.0,1442747750.0,223577850.0,2083156750.0,5419500.0,3754901850.0
2014-08-29,17825.0,18194.0,17702.0,17826.0,312604.0,0.0,1675465700.0,139618000.0,2718240500.0,37752750.0,1824956200.0,0.0,2487548150.0,258572600.0,4571076950.0
2014-09-01,18010.0,18010.0,17579.0,17826.0,162473.0,0.0,844614700.0,22259400.0,1464259550.0,15708900.0,539218550.0,0.0,1498744800.0,308879200.0,2346842550.0
2014-09-02,17702.0,18194.0,17579.0,18010.0,315453.0,1.032200157073937,1891939000.0,53755750.0,2571970700.0,90113650.0,1288240900.0,85181950.0,2966277800.0,268078450.0,4607779100.0
2014-09-03,18010.0,18133.0,17764.0,18133.0,207115.0,0.682953914491949,1263664800.0,102756100.0,1656437750.0,8100700.0,485107200.0,0.0,2262298300.0,283553850.0,3030959350.0
2014-09-04,18133.0,18255.0,17887.0,18133.0,214003.0,0.0,1015709200.0,5009300.0,2040227050.0,86316100.0,544374300.0,0.0,2491620500.0,111266850.0,3147261650.0
2014-09-05,18255.0,18255.0,17825.0,17826.0,162027.0,-1.6930458280483098,440544900.0,22286750.0,1864876800.0,57955150.0,569821850.0,198668750.0,1605958200.0,11214800.0,2385663600.0
2014-09-11,17948.0,18194.0,17825.0,18194.0,265032.0,2.064400314147874,1759535250.0,1000300.0,1862359150.0,266870100.0,1254881750.0,146950000.0,2459350500.0,28582550.0,3889764800.0
2014-09-12,18440.0,19177.0,18317.0,18932.0,1208097.0,4.05628229086512,4105250900.0,68660750.0,12667281500.0,1646692950.0,5075691150.0,120664400.0,13041072850.0,250457700.0,18487886100.0
2014-09-15,19055.0,19177.0,18747.0,18994.0,398606.0,0.3274878512571308,682854000.0,142918550.0,4981980500.0,344654100.0,1881530000.0,132455800.0,3829721500.0,308699850.0,6152407150.0
2014-09-16,18932.0,18932.0,18317.0,18563.0,457025.0,-2.269137622407076,849543100.0,95301250.0,5256829100.0,684202050.0,2628106350.0,16037700.0,4059934800.0,181796650.0,6885875500.0
2014-09-17,18501.0,18747.0,18317.0,18686.0,192893.0,0.6626084145881592,53050450.0,0.0,2605269450.0,255698850.0,649015050.0,0.0,2223468050.0,41535650.0,2914018750.0
2014-09-18,18809.0,18932.0,18317.0,18440.0,209000.0,-1.316493631595847,115156000.0,457500.0,2980153250.0,56528850.0,1017206000.0,0.0,2018663450.0,116426150.0,3152295600.0
2014-09-19,18501.0,18501.0,17764.0,17887.0,485109.0,-2.9989154013015185,311271200.0,12331100.0,6544801150.0,236250550.0,2612466150.0,89945850.0,4340621850.0,61620150.0,7104654000.0
2014-09-22,17702.0,17948.0,17518.0,17887.0,268388.0,0.0,1032023000.0,5007350.0,2329286200.0,520279250.0,934329950.0,145000.0,2940554100.0,11566750.0,3886595800.0
2014-09-23,17825.0,17948.0,17211.0,17395.0,327066.0,-2.7506009951361325,851735050.0,14150000.0,3581260950.0,193593050.0,1320791700.0,42300000.0,3133043250.0,144604100.0,4640739050.0
2014-09-24,17333.0,17395.0,16780.0,16965.0,545501.0,-2.4719747053751076,902961200.0,109081150.0,6114609900.0,415278150.0,3398959750.0,41452500.0,4038583300.0,62934850.0,7541930400.0
2014-09-25,17026.0,17211.0,16903.0,17150.0,238117.0,1.0904804008252285,1008688950.0,2767500.0,2032577000.0,261438400.0,1177215650.0,43721950.0,1984548550.0,99985700.0,3305471850.0
2014-09-26,17088.0,17088.0,16534.0,16658.0,385722.0,-2.868804664723032,1034584500.0,41602000.0,3816333750.0,354863900.0,2081555650.0,135600000.0,2995889500.0,34339000.0,5247384150.0
2014-09-29,16719.0,16903.0,15981.0,16043.0,472347.0,-3.691919798295114,1153068950.0,125720050.0,4563963200.0,405141000.0,3023987550.0,81216450.0,2965891050.0,176798150.0,6247893200.0
2014-09-30,16043.0,16288.0,15797.0,16043.0,369565.0,0.0,799292500.0,23682000.0,2765244250.0,1201007900.0,2795409050.0,143270650.0,1802196900.0,48350050.0,4789226650.0
2014-10-01,16043.0,16104.0,15674.0,15797.0,369477.0,-1.5333790438197346,1178029400.0,21490650.0,2017322850.0,1546255950.0,2453438850.0,219968050.0,1622928950.0,466763000.0,4763098850.0
2014-10-02,15797.0,16596.0,15428.0,16535.0,476098.0,4.671773121478761,1380192750.0,274205800.0,2624763250.0,1917473800.0,1570216900.0,130446800.0,4042157350.0,453814550.0,6196635600.0
2014-10-06,16719.0,16719.0,15981.0,16350.0,255132.0,-1.1188388267311764,1292269300.0,12138000.0,2060413600.0,4542200.0,854556250.0,0.0,1776524700.0,738282150.0,3369363100.0
2014-10-07,16534.0,16596.0,16227.0,16228.0,230140.0,-0.746177370030581,1344544000.0,147222650.0,1558345650.0,15338400.0,825074700.0,0.0,1653095000.0,587281000.0,3065450700.0
2014-10-08,16227.0,16411.0,15674.0,15797.0,265117.0,-2.6559033768794675,412600450.0,19643450.0,2869665950.0,142567950.0,1530929450.0,0.0,1773603500.0,139944850.0,3444477800.0
2014-10-10,15674.0,15797.0,15244.0,15613.0,261512.0,-1.1647781224283091,438747350.0,32566900.0,2215112150.0,612055150.0,1303218000.0,0.0,1817633900.0,177629650.0,3298481550.0
2014-10-13,15428.0,15551.0,14506.0,14568.0,587623.0,-6.693140331774804,1223329350.0,44484050.0,5282134350.0,546102950.0,2213172850.0,3600000.0,4659761500.0,219516350.0,7096050700.0
2014-10-14,14506.0,14936.0,14444.0,14875.0,291337.0,2.1073585941790225,645482900.0,59000000.0,1708287450.0,1084625200.0,1300408550.0,24200.0,2006180400.0,190782400.0,3497395550.0
2014-10-15,14752.0,14998.0,14629.0,14691.0,186167.0,-1.2369747899159664,742708850.0,59750000.0,1173052150.0,268297400.0,772244850.0,120150200.0,974897800.0,376515550.0,2243808400.0
2014-10-16,14506.0,14629.0,14014.0,14322.0,295024.0,-2.511741882785379,653448600.0,32695000.0,2157691500.0,587363550.0,690163950.0,0.0,2061665450.0,679369250.0,3431198650.0
2014-10-17,14260.0,14690.0,14260.0,14568.0,228388.0,1.7176372015081691,555676900.0,29875000.0,1375645500.0,725691650.0,344714750.0,47800.0,1780660450.0,561466050.0,2686889050.0
2014-10-20,14752.0,14813.0,14506.0,14568.0,145209.0,0.0,141326750.0,0.0,1419989450.0,167987400.0,261328200.0,0.0,901497600.0,566477800.0,1729303600.0
2014-10-21,14629.0,14690.0,14137.0,14261.0,168007.0,-2.1073585941790225,209349500.0,129009800.0,1364268600.0,260430250.0,541425350.0,0.0,1227948100.0,193684700.0,1963058150.0
2014-10-22,14444.0,14506.0,13584.0,13830.0,573566.0,-3.022228455227544,1765025150.0,59580000.0,3819003750.0,826027350.0,2459038150.0,34330800.0,3499291750.0,476975550.0,6469636250.0
2014-10-23,13953.0,14014.0,13645.0,13707.0,263700.0,-0.8893709327548807,224148400.0,20895100.0,1949770400.0,764808450.0,1229739650.0,11194500.0,1708839250.0,9848950.0,2959622350.0
2014-10-24,13768.0,13891.0,12539.0,12601.0,1154923.0,-8.068869920478587,1746431650.0,63910250.0,9090017050.0,1211331700.0,5763096850.0,282841050.0,5732201850.0,333550900.0,12111690650.0
2014-10-27,12662.0,13154.0,12539.0,12724.0,604391.0,0.976113006904214,470759250.0,119433500.0,4136739400.0,1543924250.0,2276430150.0,37315750.0,2655674800.0,1301435700.0,6270856400.0
2014-10-28,12600.0,12785.0,12084.0,12158.0,881738.0,-4.448286702294876,1156546410.0,70424150.0,6656891040.0,922235560.0,3939723340.0,0.0,3793434260.0,1072939560.0,8806097160.0
2014-10-29,12268.0,12785.0,12158.0,12724.0,879164.0,4.655370949169272,2917167100.0,177063230.0,4704525650.0,1122984550.0,3935584790.0,13835000.0,4818669280.0,153651460.0,8921740530.0
2014-10-30,12785.0,12908.0,12416.0,12724.0,598915.0,0.0,1451193250.0,3657200.0,3172941150.0,1524919250.0,3099444600.0,0.0,2524351750.0,528914500.0,6152710850.0
2014-10-31,12785.0,12785.0,12256.0,12417.0,492084.0,-2.4127632819867966,595852840.0,241550000.0,3944795900.0,180179460.0,1874187230.0,3524900.0,2703535060.0,381131010.0,4962378200.0
2014-11-03,12416.0,12662.0,12281.0,12294.0,482285.0,-0.9905774341628413,1219063050.0,0.0,3172498950.0,502661600.0,1767521900.0,60000000.0,2779143400.0,287558300.0,4894223600.0
2014-11-04,12355.0,12539.0,11851.0,11949.0,619187.0,-2.8062469497315763,769344300.0,285215660.0,4550065900.0,472630090.0,1267416060.0,1094874310.0,3401352960.0,313612620.0,6077255950.0
2014-11-05,11961.0,12047.0,11580.0,11888.0,375055.0,-0.510502970959913,294797970.0,385904610.0,2037882600.0,884228270.0,642833050.0,0.0,2341884980.0,618095420.0,3602813450.0
2014-11-06,11851.0,12182.0,11678.0,11949.0,416776.0,0.5131224764468372,811566020.0,157289380.0,2425483350.0,637920550.0,1053214350.0,0.0,2680427910.0,298617040.0,4032259300.0
2014-11-07,12060.0,12416.0,11998.0,12171.0,356813.0,1.857896058247552,196634740.0,0.0,3093657320.0,244680650.0,585216860.0,0.0,2736714100.0,213041750.0,3534972710.0
2014-11-10,12170.0,12232.0,11826.0,12023.0,457885.0,-1.2160052584011174,636843170.0,23088120.0,3725121400.0,62696800.0,712099080.0,0.0,2429154090.0,1306496320.0,4447749490.0
2014-11-11,12023.0,12477.0,11863.0,12355.0,452181.0,2.761374033103219,1232940340.0,20140000.0,2922755550.0,333742470.0,555239400.0,0.0,3072728720.0,881610240.0,4509578360.0
2014-11-12,12477.0,12846.0,12256.0,12601.0,388434.0,1.991096721974909,54110200.0,1150000.0,3215130590.0,707183220.0,136902500.0,10275000.0,2951524890.0,878871620.0,3977574010.0
2014-11-13,12539.0,13584.0,12539.0,13461.0,1028035.0,6.824855170224585,3282824200.0,345992500.0,6105053500.0,1352832900.0,104574000.0,441151050.0,8875628800.0,1665349250.0,11086703100.0
2014-11-14,13584.0,13891.0,13215.0,13216.0,515972.0,-1.8200728029121163,553007250.0,0.0,4597406750.0,525581900.0,45218150.0,139250000.0,4202493800.0,1289033950.0,5675995900.0
2014-11-17,13154.0,13461.0,13031.0,13277.0,240308.0,0.4615617433414043,222566450.0,0.0,1901707600.0,455132000.0,709245200.0,187750000.0,1502385300.0,180025550.0,2579406050.0
2014-11-18,13400.0,13522.0,12723.0,13216.0,470499.0,-0.45944113881147847,1207166700.0,60501000.0,3257746500.0,456743300.0,990151500.0,48837250.0,3310225100.0,632943650.0,4982157500.0
2014-11-19,13215.0,13277.0,12785.0,12970.0,271983.0,-1.8613801452784504,410698750.0,23068450.0,2222547550.0,209629350.0,1036748050.0,0.0,1791152350.0,38043700.0,2865944100.0
2014-11-20,12908.0,13092.0,12723.0,12970.0,233409.0,0.0,205539750.0,0.0,1964359750.0,285715400.0,970858500.0,0.0,1452869450.0,31886950.0,2455614900.0
2014-11-21,12969.0,13277.0,12846.0,12970.0,487080.0,0.0,302495350.0,0.0,3186858650.0,1655572450.0,2868386650.0,0.0,2112564200.0,163975600.0,5144926450.0
2014-11-24,13154.0,13277.0,12969.0,13093.0,400807.0,0.9483423284502699,423157550.0,106500.0,2126510750.0,1730109550.0,2229501500.0,0.0,1913377700.0,137005150.0,4279884350.0
2014-11-25,13215.0,13215.0,12785.0,12847.0,269429.0,-1.8788665699228595,16615050.0,0.0,2362822200.0,453339400.0,710956850.0,0.0,1973474900.0,148344900.0,2832776650.0
2014-11-26,12908.0,13154.0,12785.0,12908.0,321997.0,0.47481902389662956,334871700.0,0.0,2546748200.0,507825150.0,1152469800.0,10500000.0,2143590200.0,82885050.0,3389445050.0
2014-11-27,13031.0,13154.0,12785.0,12847.0,270894.0,-0.4725751471955376,38990400.0,0.0,2474956550.0,339138150.0,340153500.0,0.0,2462227350.0,50704250.0,2853085100.0
2014-11-28,12846.0,13338.0,12785.0,13216.0,419741.0,2.872265898653382,22507400.0,52750000.0,3320990550.0,1096689500.0,853464050.0,15179000.0,3543857800.0,80436600.0,4492937450.0
2014-12-01,13277.0,13400.0,12908.0,13031.0,297598.0,-1.399818401937046,92781500.0,4030100.0,2107299050.0,952360050.0,1256197600.0,0.0,1524962450.0,375310650.0,3156470700.0
2014-12-02,13031.0,13215.0,12908.0,13154.0,228759.0,0.9439030005371807,62943000.0,0.0,1920252850.0,443771250.0,253470700.0,0.0,1942784450.0,230711950.0,2426967100.0
2014-12-03,13215.0,13461.0,13092.0,13154.0,298151.0,0.0,60109650.0,50009000.0,2901856350.0,199963550.0,781007500.0,107500000.0,2200164850.0,123266200.0,3211938550.0
2014-12-04,13215.0,13338.0,13031.0,13216.0,243217.0,0.47133951649688305,270704500.0,2004150.0,2078424650.0,253890550.0,521721650.0,142562500.0,1772977100.0,167762600.0,2605023850.0
2014-12-05,13277.0,13338.0,13154.0,13216.0,254091.0,0.0,674536200.0,39635800.0,1959424500.0,57433500.0,397926100.0,272998750.0,1948773100.0,111332050.0,2731030000.0
2014-12-08,13215.0,13277.0,12293.0,12785.0,537916.0,-3.2611985472154963,750722500.0,20060950.0,4413794250.0,410855100.0,443571600.0,241948750.0,4646422050.0,263490400.0,5595432800.0
2014-12-09,12785.0,12969.0,12477.0,12785.0,261573.0,0.0,234058650.0,5350950.0,1784789750.0,686772200.0,538176850.0,38417300.0,2065568200.0,68809200.0,2710971550.0
2014-12-10,12662.0,12908.0,12477.0,12908.0,369385.0,0.9620649198279233,994835850.0,54424600.0,1941175150.0,799259900.0,1185815600.0,152272100.0,2224176450.0,227431350.0,3789695500.0
2014-12-11,12785.0,13031.0,12600.0,13031.0,234011.0,0.9528974279516579,775678550.0,51625000.0,1208067550.0,402068950.0,728001800.0,249535350.0,1123294650.0,336608250.0,2437440050.0
2014-12-12,13031.0,13215.0,12477.0,12662.0,371381.0,-2.8317090016115416,403751450.0,10784100.0,3057241200.0,380935150.0,1540204900.0,31573400.0,1733015900.0,547917700.0,3852711900.0
2014-12-15,12416.0,12539.0,12293.0,12478.0,216067.0,-1.4531669562470384,33713750.0,100600300.0,1902348300.0,141500450.0,660402700.0,0.0,1383658350.0,134101750.0,2178162800.0
2014-12-16,12416.0,12477.0,12109.0,12257.0,287099.0,-1.7711171662125342,483933870.0,0.0,2249270780.0,129164760.0,803879400.0,0.0,1832739390.0,225750620.0,2862369410.0
2014-12-17,12207.0,12281.0,12047.0,12121.0,307174.0,-1.1095700416088765,207197360.0,1832840.0,1933454190.0,891835460.0,698500110.0,6019560.0,2277824380.0,51975800.0,3034319850.0
2014-12-18,12207.0,12293.0,12047.0,12097.0,234376.0,-0.19800346506063854,372656550.0,164499640.0,1067925020.0,711783090.0,467845920.0,0.0,1665573930.0,183444450.0,2316864300.0
2014-12-19,12158.0,12477.0,12146.0,12478.0,217551.0,3.149541208564107,288508350.0,14487300.0,1081385030.0,794121390.0,397537280.0,178683280.0,1396445830.0,205835680.0,2178502070.0
2014-12-22,12416.0,12477.0,12121.0,12121.0,234237.0,-2.861035422343324,104999620.0,0.0,1776650730.0,455460130.0,800392640.0,0.0,1181455800.0,355262040.0,2337110480.0
2014-12-23,12133.0,12195.0,11998.0,12035.0,182318.0,-0.7095124164672881,192606910.0,0.0,1457546240.0,136418110.0,570976280.0,39160000.0,1036292670.0,140142310.0,1786571260.0
2014-12-24,12060.0,12195.0,12035.0,12146.0,95630.0,0.922309929372663,47256760.0,59150000.0,755003080.0,81397310.0,268918020.0,26595000.0,631030970.0,16263160.0,942807150.0
2014-12-26,12170.0,12355.0,12170.0,12232.0,130942.0,0.7080520335913058,66895590.0,99690.0,1138919670.0,100869410.0,8680680.0,99845590.0,1103421210.0,94836880.0,1306784360.0
2014-12-29,12293.0,12355.0,12060.0,12060.0,95448.0,-1.4061478090255068,58972360.0,926460.0,845874810.0,40434230.0,12993470.0,0.0,693087070.0,240127320.0,946207860.0
2014-12-30,12060.0,12170.0,11887.0,11974.0,112306.0,-0.7131011608623549,235598810.0,3398500.0,743465080.0,112062090.0,360192720.0,0.0,708090630.0,26241130.0,1094524480.0
2015-01-02,12023.0,12072.0,11826.0,11826.0,204614.0,-1.236011357942208,318841750.0,975000.0,1341059630.0,324812720.0,537320110.0,0.0,1280126480.0,168242510.0,1985689100.0
2015-01-05,11814.0,11961.0,11199.0,11912.0,276056.0,0.7272112294943345,142791030.0,33264200.0,1927662350.0,513492240.0,370751520.0,0.0,2029760630.0,216697670.0,2617209820.0
2015-01-06,11826.0,11924.0,11592.0,11679.0,186655.0,-1.9560107454667561,382125000.0,74089610.0,1159495360.0,158840070.0,341771470.0,0.0,1172160220.0,260618350.0,1774550040.0
2015-01-07,11580.0,11666.0,11433.0,11433.0,167954.0,-2.106344721294631,124997810.0,29251120.0,1295377850.0,121277550.0,415621900.0,855600.0,1072823120.0,81603710.0,1570904330.0
2015-01-08,11433.0,11482.0,11285.0,11347.0,305679.0,-0.7522085191988105,315500540.0,111045000.0,1933668070.0,467711000.0,949542400.0,0.0,1603181750.0,275200460.0,2827924610.0
2015-01-09,11346.0,11457.0,11285.0,11384.0,393150.0,0.3260773772803384,592821750.0,6752810.0,2392375310.0,644029290.0,822912920.0,93268150.0,1336365660.0,1383432430.0,3635979160.0
2015-01-12,11383.0,11519.0,11359.0,11384.0,149563.0,0.0,0.0,1113400.0,1188288010.0,198140020.0,380533470.0,18500000.0,561157360.0,427350600.0,1387541430.0
2015-01-13,11469.0,11469.0,11051.0,11113.0,618672.0,-2.3805340829234014,373242120.0,16289830.0,4062590840.0,1151923290.0,1100302450.0,10830020.0,3282672240.0,1210241370.0,5604046080.0
2015-01-14,11101.0,11211.0,10904.0,10917.0,532471.0,-1.763700170970935,782041740.0,12423120.0,2765559690.0,1209032920.0,1218124020.0,1802000.0,2510914960.0,1038216490.0,4769057470.0
2015-01-15,10965.0,11064.0,10732.0,10794.0,341638.0,-1.126683154712833,22075560.0,123272530.0,1778788150.0,1088182030.0,630797750.0,26581140.0,1747961340.0,606978040.0,3012318270.0
2015-01-16,10756.0,11076.0,10695.0,10892.0,249415.0,0.9079118028534372,273004340.0,15408400.0,1476809320.0,447857490.0,456909180.0,34273640.0,1474140730.0,247756000.0,2213079550.0
2015-01-19,10904.0,11101.0,10879.0,10990.0,175827.0,0.8997429305912596,103789190.0,13958800.0,1346748550.0,106006470.0,286984550.0,26840000.0,1137556540.0,119121920.0,1570503010.0
2015-01-20,10953.0,11322.0,10953.0,11310.0,248209.0,2.9117379435850776,251313120.0,134169070.0,1693002690.0,168903390.0,469998770.0,64022700.0,1484596830.0,228769970.0,2247388270.0
2015-01-21,11310.0,11396.0,11015.0,11015.0,273340.0,-2.608311229000884,75692750.0,59081790.0,2020432620.0,315635870.0,948543230.0,20702800.0,1147843600.0,353753400.0,2470843030.0
2015-01-22,11015.0,11125.0,10683.0,10745.0,426853.0,-2.451202905129369,17500680.0,54243300.0,3407848990.0,299141230.0,1533406210.0,33167000.0,2009406500.0,202754490.0,3778734200.0
2015-01-23,10818.0,10879.0,10670.0,10708.0,249808.0,-0.34434620753838996,30511530.0,233877480.0,1567353020.0,351458380.0,442545420.0,209973950.0,1404067020.0,126614020.0,2183200410.0
2015-01-26,10695.0,10744.0,10597.0,10622.0,176398.0,-0.8031378408666418,50705440.0,158295580.0,1306877810.0,13061410.0,112412770.0,17330000.0,1315026280.0,84171190.0,1528940240.0
2015-01-27,10621.0,10830.0,10597.0,10757.0,218149.0,1.2709470909433251,184636230.0,116974620.0,1332961530.0,266812810.0,215883170.0,112871310.0,1556344520.0,16286190.0,1901385190.0
2015-01-28,10756.0,11150.0,10707.0,11150.0,402119.0,3.6534349725759974,869247980.0,45038820.0,2108827980.0,591139530.0,1116060890.0,166690340.0,2257440390.0,74062690.0,3614254310.0
2015-01-29,11088.0,11125.0,10941.0,11101.0,261597.0,-0.4394618834080717,622145450.0,0.0,1453543040.0,270664110.0,1222560580.0,125926260.0,857210740.0,140655020.0,2346352600.0
2015-01-30,11224.0,11371.0,11039.0,11150.0,389897.0,0.44140167552472753,0.0,32016860.0,3170407950.0,346728740.0,991578190.0,0.0,2260791850.0,296783510.0,3549153550.0
2015-02-02,11150.0,11617.0,11125.0,11494.0,535742.0,3.085201793721973,1057471190.0,48861510.0,3107041410.0,783237510.0,1476034500.0,55635540.0,3352098990.0,112842590.0,4996611620.0
2015-02-03,11617.0,11924.0,11592.0,11839.0,568268.0,3.001566034452758,1417327470.0,10291130.0,3508459550.0,530289090.0,1336060480.0,28896000.0,3940231590.0,161179170.0,5466367240.0
2015-02-04,11838.0,12047.0,11777.0,11986.0,374834.0,1.2416589238955993,486245350.0,2916000.0,2107102990.0,1038151520.0,439031370.0,23456200.0,2533059460.0,638868830.0,3634415860.0
2015-02-05,11986.0,12121.0,11359.0,11617.0,482077.0,-3.0785916903053563,165861280.0,91954630.0,4066327450.0,245983860.0,994513800.0,211196200.0,2778579950.0,585837270.0,4570127220.0
2015-02-06,11396.0,11900.0,11310.0,11876.0,434326.0,2.2294912628045105,1254361310.0,492500.0,1991347940.0,878014720.0,739610620.0,19340000.0,3021066760.0,344199090.0,4124216470.0
2015-02-09,11875.0,13338.0,11875.0,13093.0,2099230.0,10.247558100370496,5691281950.0,571477650.0,14510140390.0,1100793350.0,4013732710.0,707632450.0,15986884940.0,1165443240.0,21873693340.0
2015-02-10,13031.0,13645.0,12785.0,13216.0,1113780.0,0.9394332849614297,1705010850.0,41041950.0,9836492750.0,422856750.0,1123551850.0,73326850.0,9622807800.0,1185715800.0,12005402300.0
2015-02-11,13277.0,13338.0,12908.0,13216.0,637982.0,0.0,1258427000.0,10821100.0,5227129550.0,287334150.0,491709600.0,2996000.0,5678241650.0,610764550.0,6783711800.0
2015-02-12,13338.0,13522.0,12969.0,13277.0,461721.0,0.4615617433414043,947852850.0,6420000.0,3798463150.0,222583100.0,407328800.0,130803500.0,3874518600.0,562668200.0,4975319100.0
2015-02-13,13338.0,13645.0,12969.0,13400.0,668614.0,0.9264140995706861,1206394800.0,10600.0,5695332750.0,381136950.0,792654450.0,257710300.0,6089757100.0,142753250.0,7282875100.0
2015-02-16,13461.0,13953.0,12969.0,13339.0,677835.0,-0.4552238805970149,684611500.0,318000.0,5897702150.0,804428100.0,105097000.0,281171100.0,6725086100.0,275705550.0,7387059750.0
2015-02-17,13461.0,13522.0,13215.0,13400.0,284598.0,0.45730564510083216,130107500.0,0.0,2469922550.0,500542550.0,429434600.0,212086800.0,2285727250.0,173323950.0,3100572600.0
2015-02-23,13461.0,14014.0,13092.0,13830.0,667697.0,3.2089552238805967,786314800.0,152200.0,6463618550.0,191843450.0,589634150.0,95533950.0,6520837050.0,235923850.0,7441929000.0
2015-02-24,13891.0,13891.0,13522.0,13707.0,312236.0,-0.8893709327548807,400223050.0,1107500.0,2777592300.0,295546050.0,110635650.0,228165000.0,2751636950.0,384031300.0,3474468900.0
2015-02-25,13645.0,13891.0,13461.0,13769.0,309420.0,0.45232363026190997,771037550.0,770500.0,2665850050.0,3458350.0,52445950.0,0.0,3322194850.0,66475650.0,3441116450.0
2015-02-26,13768.0,13953.0,13031.0,13154.0,748447.0,-4.46655530539618,1277683800.0,4766500.0,6596678250.0,277910050.0,3019812650.0,1605000.0,4968379600.0,167241350.0,8157038600.0
2015-02-27,13031.0,13154.0,12785.0,13031.0,578919.0,-0.9350767827276874,1136935100.0,209500.0,3940584900.0,998427650.0,2028504950.0,24499050.0,3746642050.0,276511100.0,6076157150.0
2015-03-02,13031.0,13215.0,12662.0,12970.0,504845.0,-0.46811449620136597,270296700.0,2097000.0,3925882750.0,1095406050.0,1355171900.0,1040000.0,3819182000.0,118288600.0,5293682500.0
2015-03-03,12969.0,13031.0,12416.0,12539.0,484305.0,-3.323053199691596,157752800.0,103366500.0,4133430000.0,606742350.0,1311019350.0,0.0,3620922000.0,69350300.0,5001291650.0
2015-03-04,12539.0,12723.0,12477.0,12601.0,255547.0,0.4944572932450753,132223900.0,0.0,1964094600.0,524228850.0,500248000.0,0.0,1782213450.0,338085900.0,2620547350.0
2015-03-05,12662.0,12723.0,12182.0,12244.0,859087.0,-2.833108483453694,344678880.0,72051680.0,7731952230.0,452956230.0,3275791300.0,0.0,5038027410.0,287820310.0,8601639020.0
2015-03-06,12244.0,12416.0,12207.0,12355.0,342757.0,0.9065664815419797,5686000.0,114169500.0,2666622090.0,641819240.0,750849860.0,0.0,2322432130.0,355014840.0,3428296830.0
2015-03-09,12293.0,12416.0,12232.0,12355.0,262645.0,0.0,798374290.0,29197500.0,1446212910.0,358830780.0,475005720.0,524274550.0,1212180750.0,421154460.0,2632615480.0
2015-03-10,12477.0,12662.0,12232.0,12294.0,450998.0,-0.4937272359368677,317340590.0,10800800.0,4151005800.0,63396700.0,1893709590.0,10100000.0,2212239210.0,426495090.0,4542543890.0
2015-03-11,12084.0,12281.0,11986.0,12048.0,300018.0,-2.0009760858955588,0.0,55276980.0,2674506060.0,217813160.0,304401180.0,62578410.0,2177310970.0,403305640.0,2947596200.0
2015-03-12,12109.0,12133.0,11961.0,12121.0,231688.0,0.6059096945551129,346773360.0,163003260.0,1543063940.0,215753090.0,847631740.0,0.0,1123008720.0,297953190.0,2268593650.0
2015-03-13,12195.0,12355.0,12047.0,12097.0,305966.0,-0.19800346506063854,3663050.0,58232000.0,2453765000.0,510633490.0,1442645780.0,0.0,1276368810.0,307278950.0,3026293540.0
2015-03-16,12158.0,12477.0,12096.0,12417.0,359111.0,2.6452839546995124,985073450.0,57038800.0,2486148380.0,73226820.0,305667660.0,408110000.0,2328910270.0,558799520.0,3601487450.0
2015-03-17,12477.0,12600.0,12256.0,12355.0,320628.0,-0.499315454618668,130020100.0,0.0,2844929340.0,254879040.0,195572560.0,0.0,2203265540.0,830990380.0,3229828480.0
2015-03-18,12293.0,12355.0,12047.0,12220.0,347885.0,-1.092675030352084,594131720.0,138711000.0,2681668230.0,28150650.0,895791770.0,0.0,2179978370.0,366891460.0,3442661600.0
2015-03-19,12256.0,12477.0,12035.0,12417.0,458816.0,1.612111292962357,726421640.0,206311670.0,3268469490.0,362543690.0,1113402190.0,201884600.0,3029487560.0,218972140.0,4563746490.0
2015-03-20,12477.0,12477.0,12232.0,12417.0,285523.0,0.0,731901980.0,50145000.0,1977897910.0,105364470.0,416479520.0,0.0,1803145460.0,645684380.0,2865309360.0
2015-03-23,12477.0,12477.0,12146.0,12294.0,448079.0,-0.9905774341628413,403833910.0,222169450.0,3803729100.0,45472660.0,1812557840.0,0.0,2489624130.0,173023150.0,4475205120.0
2015-03-24,12268.0,12355.0,12121.0,12232.0,257789.0,-0.504311046038718,346799740.0,205714750.0,1882790700.0,118292980.0,1255926530.0,9830600.0,1267880020.0,19961020.0,2553598170.0
2015-03-25,12281.0,12416.0,12170.0,12355.0,300971.0,1.0055591890124262,998751720.0,157370000.0,1677325130.0,176317000.0,796533650.0,100200000.0,1930706540.0,182323660.0,3009763850.0
2015-03-26,12355.0,12355.0,12047.0,12146.0,382767.0,-1.6916228247673006,0.0,174013650.0,3536122140.0,70331800.0,1591444750.0,48482970.0,1971869070.0,168670800.0,3780467590.0
2015-03-27,12416.0,13953.0,12355.0,13953.0,3574268.0,14.877325868598716,3199418100.0,846478600.0,28973621000.0,6192241900.0,3378091800.0,1360605550.0,34187852300.0,285209950.0,39211759600.0
2015-03-30,13707.0,14506.0,13522.0,14445.0,2293940.0,3.5261234143195015,1757111750.0,35282250.0,18983851350.0,5340670100.0,1672759450.0,44887500.0,22718991200.0,1680277300.0,26116915450.0
2015-03-31,14383.0,15858.0,14137.0,15183.0,3111362.0,5.109034267912772,11029361500.0,33912200.0,25004904150.0,2396513750.0,3838669500.0,108461450.0,33520286600.0,997274050.0,38464691600.0
2015-04-01,15428.0,16350.0,15305.0,15551.0,1940116.0,2.4237634196140423,2816495200.0,38283400.0,19028410250.0,3040195200.0,1512144250.0,16347700.0,21586332000.0,1808560100.0,24923384050.0
2015-04-02,15551.0,15920.0,15244.0,15551.0,892306.0,0.0,1572842450.0,21064650.0,8113430900.0,1608235200.0,703049700.0,120175100.0,10289849500.0,202498900.0,11315573200.0
2015-04-03,15797.0,15858.0,15366.0,15428.0,573658.0,-0.7909459198765352,465865900.0,49868500.0,5451958200.0,1299399750.0,942983900.0,104572950.0,6110016050.0,109519450.0,7267092350.0
2015-04-06,15244.0,15735.0,14629.0,15551.0,1540129.0,0.7972517500648172,2049422450.0,62236000.0,14036252700.0,2827422150.0,1220764300.0,443700800.0,15869337250.0,1441530950.0,18975333300.0
2015-04-07,15797.0,15797.0,15305.0,15367.0,432040.0,-1.1832036524982317,423729400.0,0.0,4549279750.0,488557750.0,564092850.0,1265000.0,4469657600.0,426551450.0,5461566900.0
2015-04-08,15366.0,15735.0,15121.0,15674.0,459751.0,1.9977874666493134,749102550.0,313332500.0,3773284550.0,902566550.0,342700100.0,22769400.0,4870150300.0,502666350.0,5738286150.0
2015-04-09,15735.0,16043.0,15244.0,15428.0,622014.0,-1.56947811662626,192394000.0,3740000.0,6301226550.0,1370375750.0,996137100.0,12123400.0,5859805550.0,999670250.0,7867736300.0
2015-04-10,15489.0,16227.0,15244.0,15982.0,951371.0,3.5908737360642986,2806336550.0,167908400.0,8680988150.0,599395550.0,574096950.0,17213300.0,10886968350.0,776350050.0,12254628650.0
2015-04-13,15858.0,16043.0,15366.0,15367.0,521686.0,-3.848079088975097,444861050.0,17500750.0,5751437200.0,415496900.0,452658200.0,122898950.0,4865637050.0,1188101700.0,6629295900.0
2015-04-14,15366.0,15551.0,14998.0,15183.0,450265.0,-1.1973709897833018,544850.0,49900000.0,3586858750.0,1949134600.0,1029296350.0,43304450.0,4432598450.0,81238950.0,5586438200.0
2015-04-15,15244.0,15674.0,14690.0,15183.0,634291.0,0.0,1017934100.0,87625000.0,5022420250.0,1642920950.0,599012400.0,89078300.0,5273903550.0,1808906050.0,7770900300.0
2015-04-16,15244.0,15305.0,14567.0,14814.0,666824.0,-2.430349733254298,842619950.0,7230000.0,5336424700.0,1852022850.0,1723969650.0,4222900.0,3827381350.0,2482723600.0,8038297500.0
2015-04-17,14752.0,15674.0,14629.0,15551.0,584768.0,4.975023626299446,1539066250.0,32895000.0,4134176550.0,1493763900.0,567931600.0,15546200.0,5730606300.0,885817600.0,7199901700.0
2015-04-20,15428.0,15551.0,15182.0,15306.0,325363.0,-1.5754613851199277,1323012750.0,91822500.0,2323145750.0,329748750.0,507626600.0,48675100.0,2457743300.0,1053684750.0,4067729750.0
2015-04-21,15428.0,15612.0,15182.0,15367.0,241017.0,0.39853652162550635,15520700.0,0.0,2647670250.0,349297650.0,179773300.0,25100.0,2644706300.0,187983900.0,3012488600.0
2015-04-22,15428.0,15612.0,14322.0,15060.0,518673.0,-1.9977874666493134,914271000.0,11583000.0,4485245900.0,936973450.0,666173100.0,6274800.0,4063375500.0,1612249950.0,6348073350.0
2015-04-23,15121.0,15244.0,14567.0,14691.0,417559.0,-2.450199203187251,443445950.0,0.0,3487666550.0,1104461350.0,1491279900.0,13097250.0,3123927400.0,407269300.0,5035573850.0
2015-04-24,14752.0,14875.0,14199.0,14568.0,475137.0,-0.8372472942617929,1254259450.0,0.0,2967899550.0,1402389150.0,2065585600.0,41991450.0,3325490700.0,191480400.0,5624548150.0
2015-04-27,14690.0,15059.0,14444.0,14937.0,393305.0,2.532948929159802,1208892050.0,343208300.0,2566848700.0,605906850.0,1123917750.0,11073400.0,3022645850.0,567218900.0,4724855900.0
2015-04-28,14998.0,15121.0,14383.0,14383.0,473023.0,-3.7089107585191137,630051150.0,11860000.0,4087174200.0,878866050.0,1647501850.0,0.0,2760574850.0,1199874700.0,5607951400.0
2015-04-29,14383.0,14629.0,13891.0,14199.0,377968.0,-1.279288048390461,357211900.0,182692800.0,3031658600.0,779791750.0,1235000900.0,97083100.0,2917869050.0,101402000.0,4351355050.0
2015-04-30,14260.0,14444.0,14076.0,14322.0,148094.0,0.8662581871962813,126988600.0,45465000.0,1048540900.0,499598350.0,133872950.0,1276900.0,1503600150.0,81842850.0,1720592850.0
2015-05-04,14260.0,14875.0,14260.0,14445.0,392672.0,0.8588186007540846,425168550.0,0.0,3501900850.0,722639300.0,277285850.0,68614950.0,3248201000.0,1055606900.0,4649708700.0
2015-05-06,14322.0,14629.0,14076.0,14261.0,218476.0,-1.273797161647629,463859200.0,0.0,1737836300.0,334859400.0,220940450.0,0.0,1863406950.0,452207500.0,2536554900.0
2015-05-07,14260.0,14383.0,13891.0,14015.0,233106.0,-1.72498422270528,406027750.0,0.0,1509212700.0,746695600.0,880948250.0,0.0,1256738850.0,524248950.0,2661936050.0
2015-05-08,14014.0,14137.0,13768.0,14015.0,353349.0,0.0,491895200.0,0.0,2560429450.0,962101600.0,1977121550.0,120694050.0,1700355800.0,216254850.0,4014426250.0
2015-05-11,14137.0,14629.0,13953.0,14445.0,536047.0,3.068141277202997,497160800.0,3553500.0,4150974150.0,1608475000.0,2092112050.0,2340000.0,3382034150.0,783677250.0,6260163450.0
2015-05-12,14444.0,14506.0,14199.0,14383.0,245638.0,-0.4292142609899619,726144800.0,0.0,1603694950.0,530399300.0,835573950.0,0.0,1286534050.0,738131050.0,2860239050.0
2015-05-13,14383.0,14875.0,14260.0,14875.0,372234.0,3.4207049989571017,747494650.0,0.0,2907359900.0,787314450.0,310244250.0,0.0,3480910900.0,651013850.0,4442169000.0
2015-05-14,14936.0,15182.0,14629.0,15183.0,407286.0,2.070588235294118,627076450.0,105441300.0,3602214200.0,620302250.0,362398450.0,24600.0,4070332550.0,522278600.0,4955034200.0
2015-05-15,15059.0,15182.0,14690.0,14937.0,410095.0,-1.6202331555028653,695476800.0,33151350.0,3456905950.0,766629350.0,1435396100.0,0.0,2647236850.0,869530500.0,4952163450.0
2015-05-18,14875.0,14936.0,14506.0,14937.0,353288.0,0.0,515500500.0,5233600.0,2353133650.0,1365493350.0,482051000.0,24300.0,3465064950.0,292220850.0,4239361100.0
2015-05-19,14813.0,14936.0,14322.0,14568.0,325558.0,-2.4703755774251857,556578850.0,22485400.0,2666191150.0,611545750.0,242305200.0,95000.0,2882915450.0,731485500.0,3856801150.0
2015-05-20,14444.0,14875.0,14260.0,14445.0,326366.0,-0.8443163097199341,376855550.0,10082000.0,2887329900.0,601511600.0,352525600.0,2928000.0,3280644800.0,239680650.0,3875779050.0
2015-05-21,14444.0,14752.0,14137.0,14752.0,355653.0,2.125302872966424,379815000.0,4953200.0,2657665800.0,1119945250.0,332082050.0,15603400.0,2793193600.0,1021500200.0,4162379250.0
2015-05-22,14936.0,16842.0,14936.0,16289.0,2451153.0,10.418926247288503,2314580750.0,687630800.0,26636785850.0,2680556350.0,2615239900.0,158462700.0,29044088950.0,501762200.0,32319553750.0
2015-05-26,16104.0,16411.0,15612.0,16228.0,1173191.0,-0.37448584934618456,2906589850.0,23520250.0,10934694450.0,1407470150.0,1508930200.0,11111250.0,12524937000.0,1227296250.0,15272274700.0
2015-05-27,16166.0,16596.0,16043.0,16289.0,931453.0,0.3758935173773724,2958602150.0,10214250.0,8182507500.0,1212399250.0,2812094850.0,29890000.0,8873590100.0,648148200.0,12363723150.0
2015-05-28,16596.0,16596.0,16104.0,16350.0,899012.0,0.37448584934618456,2051638400.0,22950000.0,7913406100.0,1955707600.0,2280444650.0,24781150.0,9130737600.0,507738700.0,11943702100.0
2015-05-29,16350.0,17211.0,15612.0,16166.0,1463430.0,-1.1253822629969419,3034427300.0,0.0,14956857950.0,1596798400.0,1873156700.0,96489800.0,16039864350.0,1578572800.0,19588083650.0
2015-06-01,16288.0,16657.0,15674.0,16228.0,652242.0,0.3835209699369046,1735690550.0,0.0,4968438500.0,1911265350.0,2419175800.0,0.0,5838116500.0,358102100.0,8615394400.0
2015-06-02,15981.0,16166.0,15428.0,15490.0,486235.0,-4.54769534138526,1774053900.0,0.0,3792042000.0,680015200.0,989782200.0,0.0,4590614350.0,665714550.0,6246111100.0
2015-06-03,15428.0,16411.0,15428.0,16043.0,514193.0,3.5700451904454487,2363604000.0,0.0,3868779650.0,454277350.0,1436132100.0,0.0,4709420850.0,541108050.0,6686661000.0
2015-06-04,16411.0,16534.0,15735.0,15736.0,472833.0,-1.9136071807018638,1574389500.0,282844500.0,4197814050.0,99600350.0,1683476250.0,0.0,3452869450.0,1018302700.0,6154648400.0
2015-06-05,15489.0,15920.0,15182.0,15859.0,529508.0,0.7816471784443314,2474339800.0,13297150.0,3611527300.0,597127200.0,792892100.0,0.0,5529843500.0,373555850.0,6696291450.0
2015-06-08,16166.0,16657.0,15858.0,16228.0,662662.0,2.326754524244908,2556905800.0,39525800.0,6058213500.0,95219550.0,1483725150.0,39380700.0,6639303050.0,587455750.0,8749864650.0
2015-06-09,16104.0,16534.0,15674.0,16166.0,573720.0,-0.38205570618683754,2855662600.0,2600900.0,4546589650.0,112740800.0,2644721800.0,0.0,4446951950.0,425920200.0,7517593950.0
2015-06-10,16227.0,16350.0,15428.0,15551.0,354219.0,-3.804280588890264,444090850.0,0.0,4053045200.0,32732950.0,692512200.0,26500.0,3299143150.0,538187150.0,4529869000.0
2015-06-11,15612.0,15674.0,14875.0,15490.0,376967.0,-0.39225773262169633,1243059150.0,10186900.0,2988072400.0,478033950.0,1082073400.0,1130700.0,3508535350.0,127612950.0,4719352400.0
2015-06-12,15366.0,15858.0,15059.0,15306.0,285883.0,-1.1878631375080697,977113000.0,0.0,2313643650.0,317051550.0,677840050.0,127500.0,2636283000.0,293557650.0,3607808200.0
2015-06-15,15305.0,15612.0,14875.0,15306.0,242963.0,0.0,563364900.0,4628850.0,2126771050.0,306045550.0,706680100.0,0.0,2053078850.0,241051400.0,3000810350.0
2015-06-16,15121.0,15612.0,14936.0,15183.0,290507.0,-0.8036064288514309,456675950.0,0.0,2241467350.0,879023600.0,1469118200.0,125500.0,1666329700.0,441593500.0,3577166900.0
2015-06-17,15121.0,15428.0,15121.0,15244.0,249786.0,0.40176513205558845,122190600.0,0.0,1747644900.0,1224521450.0,922483100.0,24900.0,1765275800.0,406573150.0,3094356950.0
2015-06-18,15305.0,15981.0,15305.0,15982.0,548351.0,4.841249016006297,1337715850.0,7159500.0,3763594200.0,1901718450.0,2043660800.0,6400000.0,4738189050.0,221938150.0,7010188000.0
2015-06-19,15981.0,16227.0,15735.0,15982.0,455439.0,0.0,1787352550.0,10828900.0,3184527100.0,941905100.0,1958475500.0,19600000.0,3410501900.0,536036250.0,5924613650.0
2015-06-22,16104.0,16473.0,15735.0,16473.0,399986.0,3.072206232011012,2204167200.0,0.0,2201322600.0,835515450.0,1239868650.0,6700000.0,3813406700.0,181029900.0,5241005250.0
2015-06-23,16596.0,16657.0,16227.0,16596.0,391070.0,0.7466763795301402,1573263350.0,0.0,2964999850.0,692089050.0,1794264450.0,15265750.0,2938338900.0,482483150.0,5230352250.0
2015-06-24,16596.0,16719.0,15981.0,16596.0,498759.0,0.0,2116420950.0,1040000.0,3410492250.0,1113861850.0,1773352800.0,80250.0,4700400050.0,167981950.0,6641815050.0
2015-06-25,16719.0,16780.0,16227.0,16473.0,474325.0,-0.7411424439624006,1976217900.0,10757450.0,3109608600.0,1243929750.0,2826117150.0,0.0,3361494550.0,152902000.0,6340513700.0
2015-06-26,16473.0,16596.0,15981.0,16228.0,407836.0,-1.4872822193893038,726333400.0,0.0,2774627350.0,1872843150.0,2007331650.0,0.0,3303258650.0,63213600.0,5373803900.0
2015-06-29,15981.0,16166.0,15674.0,15736.0,391302.0,-3.03179689425684,746640700.0,0.0,2264183850.0,2026595550.0,2041240350.0,0.0,2728598350.0,267581400.0,5037420100.0
2015-06-30,15612.0,15858.0,15489.0,15736.0,423579.0,0.0,259393450.0,0.0,2157973400.0,2968940750.0,3645879850.0,0.0,1566212000.0,174215750.0,5386307600.0
2015-07-01,15858.0,16227.0,15735.0,15797.0,382395.0,0.387646161667514,191172050.0,0.0,3052928200.0,1723771550.0,1431451650.0,0.0,3314190150.0,222230000.0,4967871800.0
2015-07-02,16043.0,16473.0,15858.0,16412.0,426313.0,3.8931442678989683,1234833550.0,39750000.0,2794633750.0,1524142150.0,544813650.0,0.0,4640056200.0,408489600.0,5593359450.0
2015-07-03,16411.0,16903.0,16104.0,16350.0,474780.0,-0.3777723616865708,740249600.0,331250.0,5428978650.0,213209750.0,245614950.0,0.0,5666237050.0,470917250.0,6382769250.0
2015-07-06,15981.0,16534.0,15920.0,16228.0,291956.0,-0.746177370030581,809913600.0,0.0,1911107850.0,1151409100.0,928468950.0,0.0,2720670500.0,223291100.0,3872430550.0
2015-07-07,16288.0,16596.0,16043.0,16473.0,395921.0,1.5097362583189549,290524200.0,0.0,3829204850.0,1145858050.0,546105000.0,0.0,4401240000.0,318242100.0,5265587100.0
2015-07-08,16596.0,17026.0,16350.0,16412.0,469284.0,-0.37030291992958175,839751750.0,22658200.0,4950076650.0,544876350.0,898719500.0,0.0,5323694450.0,134949000.0,6357362950.0
2015-07-09,16350.0,16903.0,16166.0,16904.0,354104.0,2.997806483061175,775689600.0,2420800.0,3531771700.0,457840450.0,309536950.0,26900000.0,4121604200.0,309681400.0,4767722550.0
2015-07-10,17149.0,17395.0,16842.0,17088.0,583225.0,1.0884997633696167,2460074600.0,424431250.0,4955251750.0,279898250.0,683238750.0,2760000.0,6504782150.0,928874950.0,8119655850.0
2015-07-13,17272.0,17579.0,17088.0,17395.0,445299.0,1.7965823970037451,803961850.0,6496100.0,4973659050.0,504298400.0,809700400.0,0.0,5401260500.0,77454500.0,6288415400.0
2015-07-14,17395.0,17518.0,16903.0,17395.0,364440.0,0.0,1685156800.0,10299000.0,3306462500.0,106118850.0,252509750.0,9056000.0,4541630200.0,304841200.0,5108037150.0
2015-07-15,17395.0,17456.0,17026.0,17150.0,234185.0,-1.4084507042253522,998044750.0,41700.0,2241359600.0,31498900.0,153891800.0,0.0,2970840750.0,146212400.0,3270944950.0
2015-07-16,17149.0,17764.0,17088.0,17764.0,404633.0,3.580174927113702,663934400.0,2601850.0,3793124150.0,1290603900.0,874946950.0,0.0,4608655750.0,266661600.0,5750264300.0
2015-07-17,17764.0,17948.0,17456.0,17826.0,311822.0,0.3490204908804323,1039445450.0,2601000.0,2671538200.0,786079700.0,541891150.0,0.0,3786052050.0,171721150.0,4499664350.0
2015-07-20,17764.0,18071.0,17456.0,17518.0,284841.0,-1.7278133064063728,708570200.0,4167450.0,2630847200.0,781000500.0,1053541250.0,0.0,2959460150.0,111583950.0,4124585350.0
2015-07-21,17518.0,17641.0,16842.0,17150.0,415492.0,-2.1006964265327093,431202600.0,205819750.0,3681133350.0,1487012150.0,2021956950.0,21375000.0,3425454550.0,336381350.0,5805167850.0
2015-07-22,17149.0,17149.0,16534.0,16596.0,275670.0,-3.2303206997084546,148510250.0,5440000.0,2661238250.0,947135400.0,1295730150.0,25942500.0,2386186400.0,54464850.0,3762323900.0
2015-07-23,16534.0,16842.0,15981.0,16043.0,388248.0,-3.332128223668354,121977300.0,223854700.0,3981772900.0,796069050.0,1914145650.0,0.0,3056662650.0,152865650.0,5123673950.0
2015-07-24,16227.0,16227.0,15920.0,16105.0,181803.0,0.38646138502773797,126370000.0,0.0,1817400200.0,433562600.0,789305450.0,0.0,1438839850.0,149187500.0,2377332800.0
2015-07-27,16043.0,16288.0,15920.0,16043.0,167272.0,-0.38497361067991304,14396700.0,3141750.0,1492876700.0,675632900.0,383445100.0,65235000.0,1415249600.0,322118350.0,2186048050.0
2015-07-28,15920.0,16166.0,15551.0,16043.0,296781.0,0.0,264703350.0,1402500.0,2224768650.0,1323125800.0,808897400.0,0.0,2632537500.0,372565400.0,3814000300.0
2015-07-29,16166.0,16473.0,15428.0,15920.0,304936.0,-0.7666895219098673,533262950.0,0.0,2854820100.0,559958650.0,1266045350.0,131000.0,2361952250.0,319913100.0,3948041700.0
2015-07-30,15797.0,15920.0,15551.0,15551.0,162900.0,-2.317839195979899,61743650.0,0.0,1284733650.0,731280900.0,600680100.0,50800000.0,1320743650.0,105534450.0,2077758200.0
2015-07-31,15674.0,16104.0,15489.0,15797.0,198354.0,1.5818918397530704,184067400.0,6375000.0,1706889400.0,651172450.0,867469000.0,0.0,1610321350.0,70713900.0,2548504250.0
2015-08-03,15920.0,16043.0,15674.0,15797.0,155153.0,0.0,406799650.0,0.0,1352351000.0,239797550.0,827372000.0,0.0,918622350.0,252953850.0,1998948200.0
2015-08-04,15735.0,15920.0,15735.0,15797.0,141514.0,0.0,13949900.0,0.0,1012407350.0,790222000.0,1048217600.0,18576750.0,665977100.0,83807800.0,1816579250.0
2015-08-05,16043.0,16166.0,14998.0,14998.0,448491.0,-5.057922390327278,529044700.0,23711300.0,4268545100.0,879915000.0,1445303600.0,7808000.0,3592197750.0,655906750.0,5701216100.0
2015-08-06,15121.0,15305.0,14752.0,15121.0,457689.0,0.8201093479130551,1177333300.0,315900.0,3503514950.0,889624950.0,1543942050.0,0.0,3683823750.0,343023300.0,5570789100.0
2015-08-07,15121.0,15121.0,14322.0,14445.0,540048.0,-4.470603796045236,190022600.0,2360000.0,5122946400.0,1085933550.0,1786815550.0,48994650.0,4466914200.0,98538150.0,6401262550.0
2015-08-10,14506.0,14629.0,13891.0,13892.0,448859.0,-3.828314295604015,274554700.0,60410000.0,3358518600.0,1464286400.0,2163642300.0,231338550.0,2667970550.0,94818300.0,5157769700.0
2015-08-11,14137.0,14260.0,13707.0,13830.0,462620.0,-0.44630002879355024,139430450.0,2240000.0,2970697600.0,2139472000.0,1891517500.0,240380450.0,3039589900.0,80352200.0,5251840050.0
2015-08-12,13830.0,14014.0,13092.0,13461.0,395808.0,-2.668112798264642,960066700.0,1650000.0,2611146000.0,770273750.0,1237835650.0,231628050.0,2690600050.0,183072700.0,4343136450.0
2015-08-13,13400.0,14260.0,13400.0,14138.0,425070.0,5.0293440309040935,377156600.0,0.0,2332907850.0,2084779250.0,1365079850.0,8700000.0,2849203500.0,571860350.0,4794843700.0
2015-08-17,14199.0,14260.0,13645.0,13769.0,252188.0,-2.6099872683547884,118699800.0,0.0,1806053300.0,915309850.0,1659426000.0,0.0,955032300.0,225604650.0,2840062950.0
2015-08-18,13953.0,13953.0,12969.0,13277.0,390247.0,-3.5732442443169443,454263900.0,0.0,3262973700.0,507502500.0,1778284850.0,343240500.0,1979079100.0,124135650.0,4224740100.0
2015-08-19,13092.0,13707.0,12477.0,13707.0,680212.0,3.2386834375235365,1173414650.0,105300000.0,3376248200.0,2567521500.0,1390882800.0,0.0,5429018850.0,402582700.0,7222484350.0
2015-08-20,13461.0,13768.0,13400.0,13400.0,305649.0,-2.2397315240388123,768772150.0,0.0,1126683300.0,1486648500.0,815576250.0,516277700.0,1537210100.0,513039900.0,3382103950.0
2015-08-21,12723.0,13277.0,12662.0,12847.0,437702.0,-4.1268656716417915,1457615900.0,0.0,2733585950.0,413721300.0,1301308700.0,104796500.0,3058340650.0,140477300.0,4604923150.0
2015-08-24,12600.0,12969.0,12232.0,12269.0,317077.0,-4.499104849381178,178808470.0,40300350.0,2481107530.0,517293420.0,761501130.0,0.0,2270781100.0,185227540.0,3217509770.0
2015-08-25,12477.0,12600.0,11949.0,12539.0,433822.0,2.2006683511288614,202495900.0,91200000.0,3010011230.0,1070930940.0,2365575490.0,0.0,1911474760.0,97587820.0,4374638070.0
2015-08-26,12477.0,14998.0,12416.0,14568.0,1286582.0,16.181513677326738,2846174400.0,116726600.0,10576296050.0,1173568400.0,2213494600.0,120000100.0,11484948650.0,894322100.0,14712765450.0
2015-08-27,14875.0,14936.0,14076.0,14322.0,430587.0,-1.6886326194398682,1109868400.0,5689800.0,3652839600.0,310348350.0,367390850.0,0.0,3713332000.0,998023300.0,5078746150.0
2015-08-28,14444.0,14998.0,14383.0,14445.0,261443.0,0.8588186007540846,28241550.0,2247750.0,2875679800.0,210042800.0,111696950.0,0.0,2608475100.0,396039850.0,3116211900.0
2015-08-31,14322.0,14444.0,14014.0,14261.0,142738.0,-1.273797161647629,253112700.0,23200.0,1214569450.0,184721900.0,91476450.0,0.0,1293893250.0,267057550.0,1652427250.0
2015-09-01,14322.0,14690.0,14137.0,14506.0,274454.0,1.7179720917186732,318753050.0,35642600.0,1941901700.0,922694300.0,377236500.0,35100000.0,2313840350.0,492814800.0,3218991650.0
2015-09-02,14137.0,14444.0,13953.0,14322.0,209843.0,-1.2684406452502412,596169450.0,0.0,1624250600.0,206488900.0,257118550.0,0.0,1615941400.0,553849000.0,2426908950.0
2015-09-03,14567.0,14567.0,13645.0,13953.0,257844.0,-2.576455802262254,622539450.0,11636500.0,2137037200.0,171753150.0,479602550.0,3390000.0,2015080400.0,444893350.0,2942966300.0
2015-09-04,14199.0,14199.0,13338.0,13400.0,191933.0,-3.9633053823550495,54762450.0,67850000.0,1273193750.0,751874700.0,131861250.0,110700.0,1686917750.0,328791200.0,2147680900.0
2015-09-07,13400.0,14199.0,13400.0,14199.0,206194.0,5.962686567164179,478367600.0,0.0,1393503750.0,469749600.0,156731100.0,79250000.0,1853804000.0,251835850.0,2341620950.0
2015-09-08,14014.0,14260.0,13707.0,14015.0,128180.0,-1.2958659060497217,184007650.0,0.0,1014475000.0,259978500.0,31215500.0,0.0,1140422850.0,286822800.0,1458461150.0
2015-09-09,14260.0,14260.0,13707.0,13953.0,191414.0,-0.44238316089903673,66232300.0,45400000.0,1812596650.0,254119800.0,865213550.0,5006500.0,1121294500.0,186834200.0,2178348750.0
2015-09-10,14014.0,14014.0,13707.0,13953.0,185493.0,0.0,357644350.0,0.0,1431079000.0,297978600.0,538275500.0,0.0,1030739600.0,517686850.0,2086701950.0
2015-09-11,13891.0,13891.0,13522.0,13646.0,139858.0,-2.2002436751952987,6402300.0,6132500.0,1251767950.0,292589300.0,451955450.0,0.0,1089608900.0,15327700.0,1556892050.0
2015-09-14,13768.0,13768.0,13461.0,13707.0,157024.0,0.4470174410083541,33417500.0,0.0,1117667100.0,587520400.0,230287650.0,0.0,1256133100.0,252184250.0,1738605000.0
2015-09-15,13707.0,13830.0,13400.0,13461.0,271578.0,-1.7947034362004817,777216900.0,0.0,1881904450.0,333765400.0,1626350800.0,0.0,1254710000.0,111825950.0,2992886750.0
2015-09-16,13584.0,13707.0,13338.0,13400.0,283812.0,-0.4531609835822004,198028850.0,4935000.0,2334371900.0,578981200.0,646220750.0,16555300.0,2375299900.0,78241000.0,3116316950.0
2015-09-17,13522.0,13707.0,13400.0,13584.0,207129.0,1.373134328358209,165530150.0,0.0,1421489200.0,695332950.0,892850250.0,44100000.0,1315232850.0,30169200.0,2282352300.0
2015-09-18,13768.0,13768.0,13461.0,13646.0,215474.0,0.45641931684334514,222196850.0,0.0,1718922650.0,440042350.0,526688000.0,0.0,1704568650.0,149905200.0,2381161850.0
2015-09-21,13522.0,13768.0,13461.0,13707.0,136293.0,0.4470174410083541,295926050.0,0.0,812304950.0,398832200.0,118055850.0,0.0,1097437950.0,291569400.0,1507063200.0
2015-09-22,13830.0,14813.0,13768.0,14445.0,580597.0,5.384110308601445,1223744450.0,0.0,4567637800.0,998612300.0,612162000.0,42435000.0,5596151100.0,539246450.0,6789994550.0
2015-09-23,14383.0,14567.0,14137.0,14322.0,257558.0,-0.8515057113187955,575736300.0,0.0,1579627550.0,851648400.0,585293850.0,0.0,1470828900.0,950889500.0,3007012250.0
2015-09-24,14260.0,14322.0,13953.0,14138.0,165442.0,-1.2847367686077364,14074650.0,0.0,1233527950.0,657349350.0,185584200.0,0.0,796095550.0,923272200.0,1904951950.0
2015-09-25,14014.0,14199.0,13461.0,13584.0,292141.0,-3.918517470646485,9226050.0,44400000.0,2639732700.0,554707300.0,722340350.0,0.0,1711220350.0,814505350.0,3248066050.0
2015-09-30,13461.0,13953.0,13400.0,13769.0,247506.0,1.3618963486454652,17377750.0,1110000.0,971532300.0,1777071450.0,325170850.0,0.0,1446354650.0,995566000.0,2767091500.0
2015-10-01,13891.0,14076.0,13645.0,13892.0,181441.0,0.8933110610792361,43061200.0,0.0,925982700.0,1076778050.0,146044000.0,1125000.0,1294248650.0,604404300.0,2045821950.0
2015-10-02,13891.0,14076.0,13891.0,13953.0,137166.0,0.439101641232364,98706500.0,0.0,560821300.0,900505100.0,32175500.0,0.0,1124945150.0,402912250.0,1560032900.0
2015-10-05,14076.0,14137.0,13768.0,13892.0,177315.0,-0.43718196803554793,11370750.0,0.0,1232453700.0,759582300.0,837859250.0,0.0,603136200.0,562411300.0,2003406750.0
2015-10-06,13953.0,14014.0,13461.0,13646.0,282913.0,-1.7708033400518284,60376650.0,0.0,1868943250.0,1208099900.0,607503700.0,115168400.0,1376210950.0,1038536750.0,3137419800.0
2015-10-07,13645.0,13707.0,13092.0,13093.0,242422.0,-4.0524695881577015,218853550.0,4513600.0,2168752800.0,232336750.0,744492500.0,0.0,1547670700.0,332293500.0,2624456700.0
2015-10-08,13092.0,13277.0,12785.0,12970.0,564667.0,-0.9394332849614297,11273350.0,19487000.0,2338679000.0,3585502250.0,1636743850.0,0.0,1213461200.0,3104736550.0,5954941600.0
2015-10-12,12908.0,13154.0,12846.0,13031.0,228637.0,0.4703161141094835,38629250.0,0.0,2047773050.0,322517800.0,1042917900.0,0.0,1129727950.0,236274250.0,2408920100.0
2015-10-13,13092.0,13092.0,12723.0,12785.0,178565.0,-1.8878060010743614,17252650.0,0.0,1568883450.0,280292500.0,974537600.0,52135000.0,583033450.0,256722550.0,1866428600.0
2015-10-14,12908.0,12969.0,12723.0,12785.0,96744.0,0.0,4470700.0,0.0,766142850.0,237333700.0,241887700.0,0.0,690263100.0,75796450.0,1007947250.0
2015-10-15,12785.0,13092.0,12723.0,13093.0,66278.0,2.4090731325772388,233200.0,0.0,544910100.0,154965700.0,23056800.0,0.0,519163200.0,157889000.0,700109000.0
2015-10-16,13092.0,13154.0,12846.0,12908.0,126634.0,-1.4129687619338578,160043400.0,3155000.0,1138955150.0,32933500.0,371550700.0,3135000.0,476833400.0,483567950.0,1335087050.0
2015-10-19,12908.0,13215.0,12846.0,13031.0,128509.0,0.9528974279516579,161139050.0,3135000.0,1122547950.0,73906250.0,168638500.0,535000.0,912759650.0,278795100.0,1360728250.0
2015-10-20,13031.0,13154.0,12846.0,13031.0,158762.0,0.0,68414650.0,4184500.0,1351803150.0,251976200.0,764366450.0,527500.0,546507650.0,364976900.0,1676378500.0
2015-10-21,13031.0,13031.0,12477.0,12539.0,293418.0,-3.7756120021487227,9617700.0,4380450.0,2938991350.0,69722000.0,863831900.0,0.0,1853614800.0,305264800.0,3022711500.0
2015-10-22,12539.0,12846.0,12293.0,12294.0,231240.0,-1.953903820081346,22472700.0,400000.0,1978378000.0,341608550.0,1318893950.0,10200000.0,1009503800.0,4261500.0,2342859250.0
2015-10-23,12477.0,12539.0,12281.0,12478.0,138851.0,1.4966650398568406,67771200.0,0.0,997728190.0,335085700.0,523273990.0,0.0,816801600.0,60509500.0,1400585090.0
2015-10-26,12539.0,12600.0,12281.0,12355.0,218002.0,-0.9857348934124057,40876300.0,1300000.0,1895781090.0,255964800.0,937745480.0,0.0,1101526380.0,154650330.0,2193922190.0
2015-10-27,12416.0,12785.0,12355.0,12724.0,170828.0,2.9866450829623634,1324800.0,0.0,1384902000.0,372362550.0,345335050.0,8984500.0,1348487900.0,55781900.0,1758589350.0
2015-10-28,12785.0,12908.0,12600.0,12847.0,142513.0,0.9666771455517134,70066700.0,0.0,1388915850.0,24048100.0,290849200.0,31350.0,827570250.0,364579850.0,1483030650.0
2015-10-29,12969.0,12969.0,12723.0,12785.0,196081.0,-0.48260294232116446,24257600.0,0.0,1855603250.0,170677800.0,397319000.0,0.0,1139393400.0,513826250.0,2050538650.0
2015-10-30,12785.0,13400.0,12785.0,13400.0,566815.0,4.810324599139617,532205050.0,6247650.0,5208184850.0,451344750.0,704534350.0,19811400.0,4486187700.0,987448850.0,6197982300.0
2015-11-02,0.0,0.0,0.0,13400.0,0.0,0.0,,,,,,,,,
2015-11-03,0.0,0.0,0.0,13400.0,0.0,0.0,,,,,,,,,
2015-11-04,0.0,0.0,0.0,13400.0,0.0,0.0,,,,,,,,,
2015-11-05,0.0,0.0,0.0,13400.0,0.0,0.0,,,,,,,,,
2015-11-06,0.0,0.0,0.0,13400.0,0.0,0.0,,,,,,,,,
2015-11-09,0.0,0.0,0.0,13400.0,0.0,0.0,,,,,,,,,
2015-11-10,0.0,0.0,0.0,13400.0,0.0,0.0,,,,,,,,,
2015-11-11,0.0,0.0,0.0,13400.0,0.0,0.0,,,,,,,,,
2015-11-12,0.0,0.0,0.0,13400.0,0.0,0.0,,,,,,,,,
2015-11-13,0.0,0.0,0.0,13400.0,0.0,0.0,,,,,,,,,
2015-11-16,0.0,0.0,0.0,13400.0,0.0,0.0,,,,,,,,,
2015-11-17,0.0,0.0,0.0,13400.0,0.0,0.0,,,,,,,,,
2015-11-18,0.0,0.0,0.0,13400.0,0.0,0.0,,,,,,,,,
2015-11-19,0.0,0.0,0.0,13400.0,0.0,0.0,,,,,,,,,
2015-11-20,0.0,0.0,0.0,13400.0,0.0,0.0,,,,,,,,,
2015-11-23,0.0,0.0,0.0,13400.0,0.0,0.0,,,,,,,,,
2015-11-24,0.0,0.0,0.0,13400.0,0.0,0.0,,,,,,,,,
2015-11-25,0.0,0.0,0.0,13400.0,0.0,0.0,,,,,,,,,
2015-11-26,0.0,0.0,0.0,13400.0,0.0,0.0,,,,,,,,,
2015-11-27,0.0,0.0,0.0,13400.0,0.0,0.0,,,,,,,,,
2015-11-30,0.0,0.0,0.0,13400.0,0.0,0.0,,,,,,,,,
2015-12-01,0.0,0.0,0.0,13400.0,0.0,0.0,,,,,,,,,
2015-12-02,0.0,0.0,0.0,13400.0,0.0,0.0,,,,,,,,,
2015-12-03,0.0,0.0,0.0,13400.0,0.0,0.0,,,,,,,,,
2015-12-04,0.0,0.0,0.0,13400.0,0.0,0.0,,,,,,,,,
2015-12-07,0.0,0.0,0.0,13400.0,0.0,0.0,,,,,,,,,
2015-12-08,0.0,0.0,0.0,13400.0,0.0,0.0,,,,,,,,,
2015-12-09,0.0,0.0,0.0,13400.0,0.0,0.0,,,,,,,,,
2015-12-10,0.0,0.0,0.0,13400.0,0.0,0.0,,,,,,,,,
2015-12-11,0.0,0.0,0.0,13400.0,0.0,0.0,,,,,,,,,
2015-12-14,0.0,0.0,0.0,13400.0,0.0,0.0,,,,,,,,,
2015-12-15,13400.0,13450.0,11750.0,12450.0,2218169.0,-7.08955223880597,13093036250.0,72178650.0,14055332100.0,264201250.0,7056289900.0,202204550.0,16813309550.0,3412944250.0,27484748250.0
2015-12-16,12550.0,12700.0,11750.0,11800.0,713831.0,-5.220883534136546,1185660050.0,13663500.0,6869114500.0,536200800.0,2956198450.0,5691400.0,5635935050.0,6813950.0,8604638850.0
2015-12-17,11950.0,12100.0,11600.0,11850.0,384545.0,0.423728813559322,1343770450.0,0.0,2799084550.0,431038600.0,889370600.0,0.0,3648048300.0,36474700.0,4573893600.0
2015-12-18,11900.0,12450.0,11900.0,12350.0,474254.0,4.219409282700422,1325293850.0,62250000.0,3036569950.0,1394407050.0,521750500.0,7024000.0,5289573450.0,172900.0,5818520850.0
2015-12-21,12300.0,12550.0,12200.0,12250.0,196828.0,-0.8097165991902834,435284550.0,10578000.0,1290063100.0,692163350.0,575769150.0,1254800.0,1583573850.0,267491200.0,2428089000.0
2015-12-22,12350.0,12500.0,12150.0,12350.0,203993.0,0.8163265306122449,583064600.0,0.0,1291832400.0,642122650.0,284554400.0,24800.0,2155904650.0,76535800.0,2517019650.0
2015-12-23,12500.0,12950.0,12450.0,12800.0,419199.0,3.643724696356275,626067200.0,0.0,1858721800.0,2865625200.0,652562750.0,14487000.0,4329219600.0,354144850.0,5350414200.0
2015-12-24,12850.0,13150.0,12650.0,12800.0,256074.0,0.0,288109250.0,23754000.0,1733385100.0,1262836050.0,673103950.0,840500.0,2617470350.0,16669600.0,3308084400.0
2015-12-28,12800.0,12950.0,12550.0,12650.0,117852.0,-1.171875,220664350.0,5952950.0,952973500.0,319886200.0,288031300.0,686700.0,1197833000.0,12926000.0,1499477000.0
2015-12-29,12650.0,12700.0,11950.0,12600.0,182140.0,-0.3952569169960474,630212550.0,0.0,1238250250.0,380190200.0,490964850.0,5321600.0,1731028950.0,21337600.0,2248653000.0
2015-12-30,12750.0,12900.0,12550.0,12650.0,138944.0,0.3968253968253968,510655100.0,0.0,791733600.0,471202250.0,349662300.0,279300.0,1255225300.0,168424050.0,1773590950.0
2016-01-04,12400.0,12800.0,12350.0,12400.0,137198.0,-1.9762845849802373,526397750.0,65914750.0,832853600.0,290473400.0,708325150.0,0.0,962685500.0,44628850.0,1715639500.0
2016-01-05,12400.0,12900.0,12250.0,12900.0,226073.0,4.032258064516129,515846300.0,0.0,858959350.0,1511891450.0,705090950.0,3855000.0,2146196200.0,31554950.0,2886697100.0
2016-01-06,12950.0,13150.0,12350.0,12600.0,286029.0,-2.3255813953488373,738859100.0,0.0,2035072900.0,883021500.0,1019413800.0,0.0,2578640200.0,58899500.0,3656953500.0
2016-01-07,12550.0,12750.0,12200.0,12500.0,130232.0,-0.7936507936507936,560370800.0,0.0,804777200.0,265775850.0,55626950.0,35425100.0,1484283600.0,55588200.0,1630923850.0
2016-01-08,12450.0,12700.0,12200.0,12550.0,147421.0,0.4,573541650.0,0.0,860720800.0,413445000.0,253780250.0,62706000.0,1471193800.0,60027400.0,1847707450.0
2016-01-11,12650.0,12700.0,12300.0,12300.0,129156.0,-1.9920318725099602,154692800.0,0.0,884376150.0,563857500.0,638869100.0,24800000.0,890198850.0,49058500.0,1602926450.0
2016-01-12,12400.0,12450.0,11900.0,11900.0,113050.0,-3.2520325203252036,132556200.0,0.0,1058296000.0,173832100.0,390443850.0,0.0,943615000.0,30625450.0,1364684300.0
2016-01-13,11950.0,12350.0,11950.0,12150.0,167309.0,2.100840336134454,11751400.0,0.0,929431100.0,1082325100.0,717403550.0,164482500.0,1078147200.0,63474350.0,2023507600.0
2016-01-14,11950.0,12250.0,11900.0,12250.0,169546.0,0.823045267489712,263081450.0,31885800.0,949173350.0,811639700.0,513731550.0,165131850.0,1335923700.0,40993200.0,2055780300.0
2016-01-15,12350.0,12450.0,11850.0,11950.0,122305.0,-2.4489795918367347,433840250.0,0.0,889097800.0,146201750.0,563312550.0,0.0,864051150.0,41776100.0,1469139800.0
2016-01-18,11950.0,12200.0,11850.0,12050.0,129886.0,0.8368200836820083,198588900.0,0.0,693593450.0,678626900.0,552377650.0,2819700.0,999671900.0,15940000.0,1570809250.0
2016-01-19,12100.0,12200.0,11800.0,11950.0,181855.0,-0.8298755186721992,379018650.0,0.0,1442528200.0,351129850.0,868791700.0,0.0,1256847550.0,47037450.0,2172676700.0
2016-01-20,11950.0,12000.0,11100.0,11350.0,253053.0,-5.02092050209205,398217150.0,770500.0,2250528350.0,234850200.0,1072460350.0,0.0,1658403850.0,153502000.0,2884366200.0
2016-01-21,11450.0,11450.0,11050.0,11200.0,99673.0,-1.3215859030837005,174828250.0,0.0,619111600.0,329611500.0,321490650.0,0.0,753708400.0,48352300.0,1123551350.0
2016-01-22,11200.0,12300.0,11200.0,11600.0,359323.0,3.571428571428571,724891050.0,72818850.0,2484742550.0,965437700.0,506814500.0,14778300.0,2729719250.0,996578100.0,4247890150.0
2016-01-25,11700.0,11950.0,11450.0,11650.0,184699.0,0.43103448275862066,124990300.0,318399800.0,780925400.0,940744650.0,619022550.0,0.0,976251900.0,569785700.0,2165060150.0
2016-01-26,11700.0,11750.0,11550.0,11650.0,65810.0,0.0,49229800.0,0.0,366571750.0,349608700.0,501950.0,0.0,516782150.0,248126150.0,765410250.0
2016-01-27,11650.0,11700.0,11350.0,11600.0,150941.0,-0.4291845493562232,124687200.0,0.0,896326500.0,718287750.0,815211100.0,0.0,741890100.0,182200250.0,1739301450.0
2016-01-28,11600.0,11900.0,11450.0,11750.0,166296.0,1.293103448275862,30799100.0,286650750.0,657322450.0,968835550.0,594073550.0,0.0,953243850.0,396290450.0,1943607850.0
2016-01-29,11800.0,12200.0,11600.0,12000.0,325306.0,2.127659574468085,532295350.0,50087800.0,1101677500.0,2226977300.0,1100160400.0,0.0,1604680050.0,1206197500.0,3911037950.0
2016-02-01,12100.0,12250.0,11950.0,12250.0,149795.0,2.083333333333333,571886750.0,0.0,549345800.0,692617850.0,476559600.0,0.0,728711250.0,608579550.0,1813850400.0
2016-02-02,12200.0,12350.0,12100.0,12250.0,139477.0,0.0,385340550.0,0.0,374846200.0,944555489.0,729057250.0,6002500.0,426890350.0,542792139.0,1704742239.0
2016-02-03,12200.0,12300.0,12100.0,12150.0,126337.0,-0.8163265306122449,155990950.0,0.0,521409250.0,865945936.0,337890250.0,27485000.0,839472200.0,338498686.0,1543346136.0
2016-02-04,12300.0,12300.0,12050.0,12150.0,108784.0,0.0,262773900.0,0.0,653673100.0,408620446.0,202219600.0,563500.0,811220550.0,311063796.0,1325067446.0
2016-02-05,12000.0,12350.0,12000.0,12300.0,157010.0,1.2345679012345678,694441200.0,0.0,531475550.0,697301575.0,193157950.0,73500.0,1202624100.0,527362775.0,1923218325.0
2016-02-11,11950.0,12200.0,11800.0,11800.0,116109.0,-4.0650406504065035,196911850.0,0.0,917659000.0,267385000.0,81696500.0,50133000.0,602434050.0,647692300.0,1381955850.0
2016-02-12,11550.0,11750.0,11200.0,11600.0,150540.0,-1.694915254237288,435663750.0,519750.0,824178150.0,471628750.0,203987350.0,11430350.0,1197430600.0,319142100.0,1731990400.0
2016-02-15,11650.0,12050.0,11350.0,12050.0,188288.0,3.8793103448275863,411723350.0,0.0,437624900.0,1392251800.0,34361650.0,0.0,1210585350.0,996653050.0,2241600050.0
2016-02-16,12300.0,12300.0,11850.0,11900.0,164139.0,-1.2448132780082988,418933450.0,0.0,616150350.0,931281690.0,64447450.0,0.0,445632350.0,1456285690.0,1966365490.0
2016-02-17,11900.0,12050.0,11500.0,11650.0,153034.0,-2.100840336134454,16081800.0,0.0,1296287800.0,468776900.0,9481050.0,0.0,1004841750.0,766823700.0,1781146500.0
2016-02-18,11650.0,11850.0,11550.0,11750.0,109722.0,0.8583690987124464,15662600.0,0.0,753278050.0,515040850.0,245276350.0,282000.0,780958350.0,257464800.0,1283981500.0
2016-02-19,11750.0,12050.0,11500.0,11900.0,166344.0,1.276595744680851,449960300.0,0.0,661659350.0,872601800.0,79454600.0,0.0,1131266400.0,773500450.0,1984221450.0
2016-02-22,11900.0,12050.0,11800.0,11950.0,107693.0,0.42016806722689076,365351200.0,0.0,617402950.0,306194100.0,166602950.0,20453300.0,605358550.0,496533450.0,1288948250.0
2016-02-23,12000.0,12050.0,11750.0,11750.0,109288.0,-1.6736401673640167,306900850.0,0.0,643776250.0,344141150.0,17134400.0,2891400.0,664481750.0,610310700.0,1294818250.0
2016-02-24,11700.0,12200.0,11650.0,12000.0,136722.0,2.127659574468085,296077700.0,0.0,892145600.0,457395350.0,123047750.0,8315800.0,1150453250.0,363801850.0,1645618650.0
2016-02-25,12050.0,12050.0,11450.0,11650.0,256778.0,-2.9166666666666665,468715900.0,0.0,2338491350.0,180688450.0,233855300.0,0.0,1926364800.0,827675600.0,2987895700.0
2016-02-26,11650.0,12050.0,11550.0,11950.0,273209.0,2.575107296137339,166754500.0,0.0,2255380500.0,824484400.0,103772600.0,0.0,2518570100.0,624276700.0,3246619400.0
2016-02-29,12050.0,12050.0,11800.0,11800.0,139278.0,-1.2552301255230125,328499600.0,283200.0,588040700.0,740444400.0,253277250.0,0.0,815867700.0,588122950.0,1657267900.0
2016-03-02,12000.0,12000.0,11850.0,12000.0,161054.0,1.694915254237288,518877550.0,0.0,897035900.0,503207450.0,243254650.0,288000.0,936784800.0,738793450.0,1919120900.0
2016-03-03,11900.0,12050.0,11850.0,11950.0,80371.0,-0.4166666666666667,48756500.0,286800.0,580310800.0,329792150.0,77240750.0,0.0,571841700.0,310063800.0,959146250.0
2016-03-04,11950.0,11950.0,11650.0,11700.0,164573.0,-2.092050209205021,5651700.0,0.0,1555566800.0,369510400.0,652694800.0,280800.0,518925250.0,758828050.0,1930728900.0
2016-03-07,11700.0,11750.0,11500.0,11550.0,176602.0,-1.282051282051282,323882750.0,0.0,1490286550.0,230339250.0,406200750.0,57825950.0,997850400.0,582631450.0,2044508550.0
2016-03-08,11550.0,11650.0,11400.0,11500.0,75610.0,-0.4329004329004329,38504050.0,0.0,556179900.0,276295750.0,11372450.0,0.0,670328450.0,189278800.0,870979700.0
2016-03-09,11550.0,11600.0,11200.0,11250.0,160551.0,-2.1739130434782608,67533200.0,0.0,1512129850.0,234213350.0,554316150.0,0.0,643973100.0,615587150.0,1813876400.0
2016-03-10,11300.0,11600.0,11300.0,11600.0,148747.0,3.111111111111111,8490800.0,0.0,508149450.0,1194599900.0,350094600.0,0.0,1269839550.0,91306000.0,1711240150.0
2016-03-11,11700.0,11750.0,11500.0,11700.0,144631.0,0.8620689655172413,510055400.0,0.0,801700750.0,368131100.0,350341100.0,0.0,830243600.0,499302550.0,1679887250.0
2016-03-14,11700.0,11700.0,11500.0,11550.0,90195.0,-1.282051282051282,353106400.0,0.0,616607950.0,72869600.0,396260600.0,0.0,412272600.0,234050750.0,1042583950.0
2016-03-15,11650.0,11650.0,11350.0,11450.0,105403.0,-0.8658008658008658,277669650.0,0.0,744515150.0,188675550.0,133231400.0,0.0,825513000.0,252115950.0,1210860350.0
2016-03-16,11450.0,11750.0,11400.0,11650.0,160619.0,1.7467248908296942,569102600.0,0.0,979887850.0,320674950.0,349628200.0,62232300.0,995885350.0,461919550.0,1869665400.0
2016-03-17,11750.0,11850.0,11650.0,11700.0,126997.0,0.4291845493562232,348645000.0,1601750.0,718080600.0,420619800.0,511886500.0,53891500.0,584888550.0,338280600.0,1488947150.0
2016-03-18,11600.0,11750.0,11550.0,11550.0,185705.0,-1.282051282051282,319330350.0,0.0,709579650.0,1130125100.0,295121350.0,0.0,710289150.0,1153624600.0,2159035100.0
2016-03-21,11650.0,11650.0,11400.0,11450.0,84443.0,-0.8658008658008658,110508750.0,0.0,658661250.0,200439150.0,467989600.0,26348150.0,325498550.0,149772850.0,969609150.0
2016-03-22,11400.0,11550.0,11350.0,11450.0,107796.0,0.0,170090550.0,286250.0,764030850.0,298420900.0,514372950.0,26645200.0,399075200.0,292735200.0,1232828550.0
2016-03-23,11500.0,11550.0,11400.0,11550.0,103638.0,0.8733624454148471,352114150.0,0.0,528414450.0,309414000.0,473841700.0,0.0,517733100.0,198367800.0,1189942600.0
2016-03-24,11500.0,11800.0,11450.0,11600.0,203895.0,0.4329004329004329,417728900.0,0.0,1276704350.0,680736450.0,154216000.0,198800800.0,1485878800.0,536274100.0,2375169700.0
2016-03-25,11600.0,11750.0,11550.0,11550.0,44919.0,-0.43103448275862066,166029500.0,0.0,348105550.0,7948600.0,12027500.0,0.0,395048150.0,115008000.0,522083650.0
2016-03-28,11500.0,12000.0,11450.0,11950.0,178061.0,3.463203463203463,1359493350.0,0.0,670549600.0,71085500.0,127955550.0,0.0,1787113500.0,186059400.0,2101128450.0
2016-03-29,12000.0,12300.0,11900.0,12300.0,202801.0,2.928870292887029,1257422550.0,100009000.0,716420050.0,385405800.0,160751950.0,37510000.0,1716154950.0,544840500.0,2459257400.0
2016-03-30,12400.0,12800.0,12300.0,12800.0,229069.0,4.0650406504065035,1485229200.0,0.0,1035590000.0,362922500.0,111186000.0,320000.0,2383016500.0,389219200.0,2883741700.0
2016-03-31,12800.0,12800.0,12450.0,12750.0,133850.0,-0.390625,512349600.0,0.0,799118200.0,382577450.0,178270950.0,0.0,1211547650.0,304226650.0,1694045250.0
2016-04-01,12500.0,12650.0,12150.0,12650.0,232541.0,-0.7843137254901961,1395549550.0,290950.0,1206334700.0,266920300.0,618974800.0,0.0,1568334300.0,681786400.0,2869095500.0
2016-04-04,12700.0,12850.0,12350.0,12800.0,120052.0,1.185770750988142,847314150.0,0.0,627942900.0,49388500.0,208081200.0,0.0,1119362600.0,197201750.0,1524645550.0
2016-04-05,12800.0,13500.0,12800.0,13300.0,376594.0,3.90625,2624250400.0,0.0,2254717600.0,121690100.0,757259250.0,0.0,3860164000.0,383234850.0,5000658100.0
2016-04-06,13500.0,13550.0,13100.0,13250.0,213674.0,-0.37593984962406013,1354135350.0,525582400.0,725822050.0,262715300.0,337609450.0,1206000.0,1616078650.0,913361000.0,2868255100.0
2016-04-07,13150.0,13400.0,12900.0,13150.0,154236.0,-0.7547169811320755,513591300.0,0.0,899224650.0,609262150.0,414859950.0,0.0,1045155300.0,562062850.0,2022078100.0
2016-04-08,13000.0,13350.0,12650.0,13200.0,208569.0,0.38022813688212925,1127309500.0,1280000.0,888882500.0,685061600.0,888078750.0,10379200.0,907816100.0,896259550.0,2702533600.0
2016-04-11,13150.0,13300.0,12850.0,13200.0,118153.0,0.0,774454450.0,0.0,520572400.0,251111750.0,598657450.0,0.0,655665000.0,291816150.0,1546138600.0
2016-04-12,13350.0,13350.0,12750.0,13100.0,147994.0,-0.7575757575757576,641583000.0,8012400.0,699871950.0,570169050.0,648858900.0,0.0,869380400.0,401397100.0,1919636400.0
2016-04-14,13150.0,13900.0,12900.0,13900.0,289656.0,6.106870229007633,253029850.0,0.0,646706250.0,2998972350.0,747067300.0,1345000.0,2817669200.0,332626950.0,3898708450.0
2016-04-15,13950.0,14000.0,13550.0,13650.0,113455.0,-1.7985611510791366,137020000.0,0.0,588291450.0,826941900.0,518356250.0,54600000.0,514143050.0,465154050.0,1552253350.0
2016-04-18,13500.0,13500.0,13050.0,13100.0,127397.0,-4.029304029304029,216587600.0,0.0,1263167450.0,203025800.0,677106350.0,0.0,761074650.0,244599850.0,1682780850.0
2016-04-19,13050.0,13150.0,12800.0,12900.0,138352.0,-1.5267175572519083,340857750.0,8101200.0,1012346050.0,429044650.0,230650300.0,42157200.0,857230900.0,660311250.0,1790349650.0
2016-04-20,12900.0,13300.0,12850.0,13000.0,100004.0,0.7751937984496124,126608600.0,1325000.0,1120885850.0,63880500.0,22024300.0,0.0,891878200.0,398797450.0,1312699950.0
2016-04-21,13000.0,13350.0,12900.0,13250.0,103041.0,1.9230769230769231,686944850.0,0.0,624149100.0,36458550.0,62157300.0,304750.0,612411150.0,672679300.0,1347552500.0
2016-04-22,13150.0,13150.0,12500.0,12600.0,202255.0,-4.905660377358491,305297550.0,0.0,2050277450.0,219412800.0,652500800.0,51841400.0,868465850.0,1002179750.0,2574987800.0
2016-04-25,12600.0,12600.0,12200.0,12400.0,179290.0,-1.5873015873015872,170368500.0,12017000.0,1484459750.0,546738050.0,640495500.0,0.0,906483600.0,666604200.0,2213583300.0
2016-04-26,12350.0,12400.0,12200.0,12250.0,88075.0,-1.2096774193548387,349679500.0,0.0,629841900.0,104398200.0,334376850.0,0.0,369890450.0,379652300.0,1083919600.0
2016-04-27,12300.0,12550.0,12300.0,12300.0,122505.0,0.40816326530612246,266318000.0,13213050.0,880843550.0,358864000.0,450594500.0,0.0,501404500.0,567239600.0,1519238600.0
2016-04-28,12250.0,12300.0,11850.0,12200.0,198824.0,-0.8130081300813009,745587550.0,0.0,1041255600.0,618920100.0,890312700.0,0.0,1168103950.0,347346600.0,2405763250.0
2016-04-29,12150.0,12450.0,11950.0,12300.0,174044.0,0.819672131147541,715587350.0,0.0,857812400.0,550983850.0,718171450.0,1208600.0,726545000.0,678458550.0,2124383600.0
2016-05-02,12300.0,12500.0,11950.0,12450.0,139032.0,1.2195121951219512,808511800.0,0.0,486420500.0,409737800.0,574710300.0,0.0,755187350.0,374772450.0,1704670100.0
2016-05-03,12300.0,13300.0,12300.0,13150.0,211118.0,5.622489959839357,1531427400.0,276150.0,753232950.0,428116450.0,400811850.0,0.0,1727277950.0,584963150.0,2713052950.0
2016-05-04,13100.0,13150.0,12800.0,12900.0,174370.0,-1.9011406844106464,760616300.0,0.0,904818050.0,588214900.0,481234550.0,271156450.0,1026298100.0,474960150.0,2253649250.0
2016-05-09,12700.0,13050.0,12450.0,13000.0,138767.0,0.7751937984496124,600513350.0,24411650.0,668532400.0,484599550.0,248243800.0,0.0,1159578600.0,370234550.0,1778056950.0
2016-05-10,12750.0,13200.0,12750.0,13100.0,125937.0,0.7692307692307693,661310950.0,10825400.0,605184250.0,365327650.0,213126350.0,0.0,1069515150.0,360006750.0,1642648250.0
2016-05-11,13100.0,13150.0,12600.0,12700.0,245442.0,-3.0534351145038165,1656215350.0,0.0,1101170600.0,380746600.0,1203676200.0,0.0,1491298900.0,443157450.0,3138132550.0
2016-05-12,12750.0,13000.0,12650.0,12650.0,113636.0,-0.39370078740157477,417408250.0,0.0,740845200.0,294610200.0,356735250.0,0.0,808709800.0,287418600.0,1452863650.0
2016-05-13,12600.0,12850.0,12550.0,12700.0,57475.0,0.3952569169960474,71677850.0,0.0,383565750.0,274397200.0,9121200.0,0.0,460597150.0,259922450.0,729640800.0
2016-05-16,12600.0,12800.0,12200.0,12350.0,115648.0,-2.7559055118110236,320387750.0,0.0,909021950.0,201107250.0,447856800.0,0.0,651600100.0,331060050.0,1430516950.0
2016-05-17,12400.0,12400.0,11950.0,12050.0,115473.0,-2.42914979757085,2667750.0,0.0,919391250.0,477482550.0,507058000.0,0.0,604097400.0,288386150.0,1399541550.0
2016-05-18,12050.0,12150.0,11900.0,12000.0,82981.0,-0.4149377593360996,400383100.0,0.0,310071700.0,286124150.0,3902900.0,0.0,669073450.0,323602600.0,996578950.0
2016-05-19,12000.0,12100.0,11600.0,11750.0,84612.0,-2.083333333333333,14924500.0,0.0,670032900.0,315426500.0,291890500.0,0.0,384232650.0,324260750.0,1000383900.0
2016-05-20,11600.0,12150.0,11600.0,11900.0,63732.0,1.276595744680851,234623000.0,0.0,322407700.0,207100250.0,82987200.0,249900.0,418541400.0,262352450.0,764130950.0
2016-05-23,11900.0,12100.0,11750.0,11900.0,47956.0,0.0,743400.0,0.0,456343200.0,111643350.0,62918950.0,0.0,440009600.0,65801400.0,568729950.0
2016-05-24,11900.0,12200.0,11750.0,12150.0,102897.0,2.100840336134454,450123850.0,873200.0,371281700.0,414214850.0,220711400.0,0.0,461703850.0,554078350.0,1236493600.0
2016-05-25,12150.0,12650.0,12150.0,12550.0,181242.0,3.292181069958848,606902450.0,0.0,722892250.0,925329100.0,558803400.0,0.0,984241850.0,712078550.0,2255123800.0
2016-05-26,12700.0,12900.0,12400.0,12400.0,135218.0,-1.1952191235059761,582774600.0,434000.0,289572600.0,831996700.0,277887950.0,62946550.0,741529800.0,622413600.0,1704777900.0
2016-05-27,12700.0,13300.0,12700.0,13100.0,290250.0,5.64516129032258,1315550750.0,247718450.0,1174154950.0,1043492350.0,385056400.0,18508550.0,2703815400.0,673536150.0,3780916500.0
2016-05-30,13100.0,13450.0,12900.0,13200.0,209518.0,0.7633587786259541,1021379350.0,0.0,618450700.0,1145259100.0,911657950.0,0.0,1332278150.0,541153050.0,2785089150.0
2016-05-31,13250.0,13450.0,12900.0,13200.0,184990.0,0.0,430442150.0,0.0,619013700.0,1376476000.0,1269708750.0,45923500.0,626611050.0,483688550.0,2425931850.0
2016-06-01,13200.0,13350.0,12850.0,13000.0,152198.0,-1.5151515151515151,493269400.0,0.0,803637450.0,680646000.0,508571700.0,0.0,1037585450.0,431395700.0,1977552850.0
2016-06-02,13050.0,13150.0,12850.0,13000.0,73942.0,0.0,321166550.0,0.0,420974750.0,221056750.0,77364300.0,871000.0,547687600.0,337275150.0,963198050.0
2016-06-03,13050.0,13100.0,12450.0,12500.0,102445.0,-3.8461538461538463,186221350.0,6250000.0,736691300.0,366640050.0,568276450.0,0.0,381551050.0,345975200.0,1295802700.0
2016-06-07,12400.0,12500.0,12150.0,12250.0,178979.0,-2.0,760286400.0,0.0,865593900.0,577673100.0,894406000.0,0.0,776865500.0,532281900.0,2203553400.0
2016-06-08,11500.0,12050.0,11150.0,11450.0,559418.0,-6.530612244897959,1109454900.0,84004800.0,4633556100.0,626925050.0,1849473650.0,2640750.0,4257522350.0,344304100.0,6453940850.0
2016-06-09,11400.0,11650.0,11250.0,11500.0,203926.0,0.43668122270742354,336713250.0,111513250.0,1670253300.0,219054550.0,600481650.0,0.0,1486083200.0,250969500.0,2337534350.0
2016-06-10,11550.0,11600.0,11350.0,11400.0,100968.0,-0.8695652173913043,28777100.0,26521300.0,928078200.0,173466550.0,572951650.0,56192150.0,421227750.0,106471600.0,1156843150.0
2016-06-13,11250.0,11350.0,11000.0,11200.0,111388.0,-1.7543859649122806,186344500.0,11810250.0,841000200.0,204753400.0,238596300.0,0.0,915188550.0,90123500.0,1243908350.0
2016-06-14,11200.0,11350.0,10800.0,10850.0,200443.0,-3.125,199937600.0,0.0,1685726400.0,304657050.0,1192173550.0,0.0,874774500.0,123373000.0,2190321050.0
2016-06-15,10950.0,10950.0,10600.0,10700.0,146418.0,-1.3824884792626728,186241600.0,0.0,1148198450.0,230957250.0,723431000.0,1331250.0,782028950.0,58606100.0,1565397300.0
2016-06-16,10900.0,11500.0,10800.0,11000.0,210043.0,2.803738317757009,47359500.0,5475000.0,2125212200.0,151140050.0,811927250.0,0.0,1399094850.0,118164650.0,2329186750.0
2016-06-17,11150.0,11350.0,10700.0,11050.0,126565.0,0.45454545454545453,229582400.0,0.0,898643100.0,263745450.0,488405550.0,32788900.0,659674500.0,211102000.0,1391970950.0
2016-06-20,11050.0,11150.0,10850.0,10850.0,139212.0,-1.809954751131222,5302950.0,0.0,1378208800.0,138590150.0,827225300.0,72512750.0,435324150.0,187039700.0,1522101900.0
2016-06-21,10950.0,11700.0,10750.0,11500.0,248396.0,5.990783410138248,536587650.0,3240000.0,1646278750.0,589900950.0,939974650.0,0.0,1594413900.0,241618800.0,2776007350.0
2016-06-22,11700.0,11700.0,11300.0,11350.0,157010.0,-1.3043478260869565,423232350.0,0.0,1339915700.0,35731100.0,715648400.0,0.0,978164050.0,105066700.0,1798879150.0
2016-06-23,11350.0,11600.0,11100.0,11450.0,178083.0,0.881057268722467,776117300.0,0.0,876439200.0,377191700.0,959977150.0,113761550.0,809589100.0,146420400.0,2029748200.0
2016-06-24,11350.0,11650.0,10600.0,11250.0,258546.0,-1.7467248908296942,864685400.0,5525000.0,1458793700.0,559844500.0,790747850.0,36644350.0,1598928200.0,462528200.0,2888848600.0
2016-06-27,10950.0,11350.0,10900.0,11200.0,143329.0,-0.4444444444444444,217455000.0,27550000.0,1072990650.0,276748750.0,572245800.0,0.0,912434100.0,110064500.0,1594744400.0
2016-06-28,11100.0,11450.0,10950.0,11150.0,195178.0,-0.4464285714285714,808879650.0,803900.0,1046960600.0,317921100.0,1057975450.0,0.0,1000365900.0,116223900.0,2174565250.0
2016-06-29,11100.0,11450.0,11100.0,11250.0,138526.0,0.8968609865470852,380983400.0,0.0,904782700.0,277787150.0,657588200.0,0.0,803173100.0,102791950.0,1563553250.0
2016-06-30,11350.0,11400.0,11200.0,11250.0,123220.0,0.0,532676950.0,0.0,665224950.0,191980500.0,748877000.0,0.0,457577650.0,183427750.0,1389882400.0
2016-07-01,11300.0,11400.0,11200.0,11300.0,152708.0,0.4444444444444444,351274050.0,0.0,913848200.0,463615950.0,620401150.0,0.0,824661000.0,283676050.0,1728738200.0
2016-07-04,11250.0,14250.0,11150.0,12000.0,1395209.0,6.1946902654867255,39885150.0,82773550.0,16769112600.0,586978950.0,1019001600.0,94357350.0,15754459200.0,610932100.0,17478750250.0
2016-07-05,11700.0,11900.0,10250.0,10400.0,2568678.0,-13.333333333333334,374565300.0,585271950.0,26181473000.0,426626600.0,8334074300.0,614971700.0,17776500200.0,842390650.0,27567936850.0
2016-07-06,10300.0,10400.0,9990.0,10050.0,1155153.0,-3.3653846153846154,492659650.0,2337400.0,10761526670.0,443627950.0,3211183170.0,508156950.0,7166904280.0,813907270.0,11700151670.0
2016-07-07,10150.0,10150.0,9960.0,10050.0,564910.0,0.0,578596470.0,30010.0,4939435330.0,145806010.0,1060938110.0,0.0,4132381780.0,470547930.0,5663867820.0
2016-07-08,10050.0,10100.0,9770.0,9800.0,502156.0,-2.4875621890547266,327599320.0,4970000.0,4507299420.0,137428490.0,761906160.0,0.0,4059730940.0,155660130.0,4977297230.0
2016-07-11,9810.0,9810.0,9560.0,9730.0,635179.0,-0.7142857142857143,55714570.0,15418000.0,5556031690.0,501230160.0,1460993250.0,6784000.0,4493940900.0,166676270.0,6128394420.0
2016-07-12,9830.0,9960.0,9750.0,9800.0,388583.0,0.7194244604316548,39729790.0,0.0,3600922270.0,182265410.0,314457990.0,0.0,3104364820.0,404094660.0,3822917470.0
2016-07-13,9820.0,9970.0,9800.0,9860.0,276213.0,0.6122448979591837,88561170.0,26654670.0,2177057660.0,430620960.0,404874300.0,0.0,2183048070.0,134972090.0,2722894460.0
2016-07-14,9880.0,9920.0,9700.0,9810.0,253149.0,-0.5070993914807302,33811670.0,0.0,2095651530.0,348093910.0,453636660.0,0.0,1986721120.0,37199330.0,2477557110.0
2016-07-15,9790.0,10250.0,9760.0,10000.0,601071.0,1.9367991845056065,10000.0,0.0,5685297430.0,342619170.0,260180860.0,4980000.0,5564667830.0,198097910.0,6027926600.0
2016-07-18,10200.0,10250.0,9480.0,9860.0,859133.0,-1.4000000000000001,691129300.0,201517080.0,6774049040.0,799237240.0,627671790.0,0.0,7490445660.0,347815210.0,8465932660.0
2016-07-19,9850.0,9940.0,9500.0,9550.0,669748.0,-3.1440162271805274,247480030.0,4011000.0,6002790300.0,193142830.0,1854071750.0,9770510.0,4085423780.0,498158120.0,6447424160.0
2016-07-20,9580.0,9610.0,9180.0,9250.0,622177.0,-3.1413612565445024,295027530.0,32950500.0,5057417980.0,451233640.0,1608466120.0,0.0,3884612130.0,343551400.0,5836629650.0
2016-07-21,9200.0,9410.0,9190.0,9370.0,251842.0,1.2972972972972971,692039650.0,0.0,1545957820.0,106521760.0,308274560.0,0.0,1650885100.0,385359570.0,2344519230.0
2016-07-22,9260.0,9390.0,9260.0,9320.0,179841.0,-0.5336179295624333,229430060.0,18680000.0,1268788060.0,163061180.0,625324150.0,0.0,921019670.0,133615480.0,1679959300.0
2016-07-25,9270.0,9450.0,9270.0,9370.0,227706.0,0.5364806866952789,295609630.0,0.0,1515353840.0,322753710.0,213024770.0,0.0,1452154600.0,468537810.0,2133717180.0
2016-07-26,9370.0,9430.0,9330.0,9400.0,162956.0,0.32017075773745995,476971490.0,0.0,861945620.0,189509120.0,471512490.0,0.0,844080090.0,212833650.0,1528426230.0
2016-07-27,9410.0,9490.0,9330.0,9390.0,204960.0,-0.10638297872340426,573414840.0,55814120.0,1041033010.0,254471850.0,191263100.0,94600.0,1372065670.0,361310450.0,1924733820.0
2016-07-28,9390.0,9490.0,9370.0,9400.0,119061.0,0.10649627263045794,164310910.0,0.0,841577570.0,116417080.0,152234230.0,55609600.0,874602250.0,39859480.0,1122305560.0
2016-07-29,9400.0,9440.0,9120.0,9230.0,403522.0,-1.8085106382978722,1077514500.0,0.0,2483461400.0,172185820.0,851276930.0,0.0,2299924650.0,581960140.0,3733161720.0
2016-08-01,9210.0,9240.0,9120.0,9220.0,124149.0,-0.10834236186348861,177408690.0,0.0,838150270.0,124815010.0,209265970.0,0.0,897141130.0,33966870.0,1140373970.0
2016-08-02,9180.0,9230.0,9120.0,9140.0,150655.0,-0.8676789587852495,127149200.0,0.0,1222939890.0,28833210.0,162090300.0,0.0,1111621460.0,105210540.0,1378922300.0
2016-08-03,9060.0,9110.0,8850.0,8920.0,362022.0,-2.4070021881838075,643284890.0,0.0,2477612600.0,109242760.0,1137722730.0,0.0,1775396220.0,317021300.0,3230140250.0
2016-08-04,8930.0,9260.0,8920.0,9060.0,209994.0,1.5695067264573992,273168210.0,0.0,1414069880.0,230148460.0,334571420.0,0.0,1345265250.0,237549880.0,1917386550.0
2016-08-05,9060.0,9140.0,8870.0,8980.0,181726.0,-0.8830022075055187,128450900.0,0.0,1420537700.0,78794520.0,323165120.0,0.0,980289770.0,324328230.0,1627783120.0
2016-08-08,8920.0,9360.0,8920.0,9150.0,233645.0,1.893095768374165,94308300.0,0.0,1208406560.0,844485300.0,160521070.0,0.0,1937545040.0,49134050.0,2147200160.0
2016-08-09,9150.0,9430.0,9150.0,9260.0,207551.0,1.2021857923497268,100753440.0,0.0,1419500730.0,414706750.0,11838820.0,0.0,1655958090.0,267164010.0,1934960920.0
2016-08-10,9360.0,9380.0,9230.0,9340.0,155004.0,0.8639308855291578,38147970.0,0.0,1217616680.0,188758540.0,8946350.0,0.0,1091603530.0,343973310.0,1444523190.0
2016-08-11,9350.0,9350.0,9230.0,9350.0,95685.0,0.10706638115631692,20326160.0,0.0,845869900.0,23635570.0,21028800.0,1274100.0,617148660.0,250380070.0,889831630.0
2016-08-12,9350.0,9390.0,9300.0,9340.0,92221.0,-0.10695187165775401,1941240.0,0.0,761914280.0,98190620.0,11531620.0,6312090.0,728436690.0,115765740.0,862046140.0
2016-08-16,9330.0,9430.0,9310.0,9370.0,110079.0,0.32119914346895073,0.0,2796000.0,1001463410.0,27945730.0,10640890.0,0.0,915570190.0,105994060.0,1032205140.0
2016-08-17,9370.0,9450.0,9130.0,9290.0,163177.0,-0.8537886872998933,18107630.0,551400.0,1464521720.0,23701550.0,94432260.0,29793110.0,869486600.0,513170330.0,1506882300.0
2016-08-18,9270.0,9270.0,9120.0,9220.0,127723.0,-0.7534983853606028,0.0,46050.0,1011754370.0,160835320.0,230392830.0,845480.0,517493630.0,423903800.0,1172635740.0
2016-08-19,9150.0,9170.0,9100.0,9120.0,89428.0,-1.0845986984815619,6822010.0,0.0,670205580.0,138957020.0,53419560.0,0.0,497702940.0,264862110.0,815984610.0
2016-08-22,9120.0,9180.0,9080.0,9110.0,73783.0,-0.10964912280701754,2367600.0,0.0,549097040.0,121355820.0,21069770.0,0.0,550965220.0,100785470.0,672820460.0
2016-08-23,9160.0,9160.0,9030.0,9060.0,85134.0,-0.5488474204171241,580880.0,0.0,664224140.0,107131710.0,82697910.0,1683600.0,618244330.0,69310890.0,771936730.0
2016-08-24,9130.0,9140.0,9040.0,9090.0,58294.0,0.33112582781456956,3415100.0,0.0,439137780.0,87007570.0,5242110.0,0.0,435519660.0,88798680.0,529560450.0
2016-08-25,9090.0,9140.0,9020.0,9030.0,67754.0,-0.6600660066006601,6701000.0,0.0,532570980.0,74632640.0,13168170.0,0.0,417603110.0,183133340.0,613904620.0
2016-08-26,9020.0,9070.0,8920.0,8940.0,144152.0,-0.9966777408637874,51965040.0,893000.0,1155017890.0,82605870.0,370281900.0,0.0,648380350.0,271819550.0,1290481800.0
2016-08-29,8950.0,9000.0,8910.0,8930.0,131413.0,-0.11185682326621924,739936090.0,0.0,389847920.0,45209390.0,155457690.0,0.0,831075660.0,188460050.0,1174993400.0
2016-08-30,8990.0,9000.0,8890.0,8920.0,91040.0,-0.11198208286674133,7005440.0,1782000.0,713571430.0,89515550.0,343104400.0,0.0,441251230.0,27518790.0,811874420.0
2016-08-31,8950.0,9030.0,8900.0,9030.0,109198.0,1.2331838565022422,469281180.0,0.0,433703120.0,74118940.0,180077160.0,0.0,748328030.0,48698050.0,977103240.0
2016-09-01,9030.0,9030.0,8940.0,8950.0,70242.0,-0.8859357696566998,923850.0,0.0,586011460.0,43303580.0,11960250.0,10120460.0,590307890.0,17850290.0,630238890.0
2016-09-02,8940.0,8980.0,8820.0,8880.0,93311.0,-0.782122905027933,36468870.0,7087000.0,732880540.0,51560800.0,219191980.0,0.0,502152890.0,106652340.0,827997210.0
2016-09-05,8880.0,9060.0,8850.0,9060.0,69310.0,2.027027027027027,4479130.0,26970000.0,411111770.0,178584810.0,16620140.0,0.0,571022400.0,33503170.0,621145710.0
2016-09-06,9060.0,9100.0,8980.0,9070.0,61975.0,0.11037527593818984,137663060.0,571410.0,325888930.0,96735070.0,15361590.0,0.0,532630660.0,12866220.0,560858470.0
2016-09-07,9080.0,9100.0,9000.0,9030.0,64604.0,-0.4410143329658214,39744620.0,0.0,478208450.0,66920340.0,3162390.0,0.0,513770510.0,67940510.0,584873410.0
2016-09-08,9050.0,9050.0,8840.0,8930.0,135381.0,-1.1074197120708749,108481910.0,1771000.0,1056899230.0,39797560.0,54543460.0,0.0,1036733960.0,115672280.0,1206949700.0
2016-09-09,8930.0,8950.0,8840.0,8910.0,82224.0,-0.22396416573348266,5013560.0,35480.0,692579470.0,33245520.0,1184330.0,561330.0,723981770.0,5146600.0,730874030.0
2016-09-12,8840.0,8870.0,8720.0,8750.0,80009.0,-1.7957351290684627,55592330.0,0.0,622795660.0,22882550.0,17590310.0,0.0,656919120.0,26761110.0,701270540.0
2016-09-13,8770.0,8990.0,8770.0,8990.0,69688.0,2.742857142857143,2288720.0,584350.0,231173140.0,384113390.0,27370020.0,0.0,373463850.0,217325730.0,618159600.0
2016-09-19,8950.0,9050.0,8800.0,8820.0,141488.0,-1.8909899888765296,0.0,4411000.0,896780670.0,349756780.0,228308420.0,0.0,408506380.0,614133650.0,1250948450.0
2016-09-20,8800.0,8880.0,8780.0,8830.0,90951.0,0.11337868480725624,0.0,4410000.0,533777900.0,264001980.0,157755970.0,0.0,316357030.0,328076880.0,802189880.0
2016-09-21,8830.0,8910.0,8750.0,8800.0,112269.0,-0.33975084937712347,0.0,2628000.0,923620720.0,63964760.0,124481270.0,34364560.0,535025780.0,296341870.0,990213480.0
2016-09-22,8870.0,8930.0,8800.0,8860.0,168345.0,0.6818181818181818,460380.0,0.0,1267030510.0,223739680.0,201291300.0,0.0,567145990.0,722793280.0,1491230570.0
2016-09-23,8860.0,8900.0,8830.0,8870.0,61527.0,0.1128668171557562,57604220.0,88300.0,389684260.0,97915920.0,7480030.0,0.0,261449710.0,276362960.0,545292700.0
2016-09-26,9030.0,9050.0,8920.0,8920.0,124230.0,0.5636978579481398,89699740.0,178800.0,901622600.0,124098130.0,43101690.0,14342000.0,774515730.0,283639850.0,1115599270.0
2016-09-27,8990.0,9200.0,8940.0,9010.0,272731.0,1.0089686098654709,144236350.0,900000.0,2145288240.0,175985760.0,13572680.0,0.0,1581452070.0,871385600.0,2466410350.0
2016-09-28,8980.0,9030.0,8940.0,8950.0,151575.0,-0.6659267480577136,79385270.0,0.0,1102940150.0,180388630.0,17924510.0,0.0,1003603940.0,341185600.0,1362714050.0
2016-09-29,9120.0,9120.0,8970.0,9000.0,85820.0,0.5586592178770949,100008900.0,0.0,429267560.0,244293490.0,66718140.0,0.0,421540100.0,285311710.0,773569950.0
2016-09-30,9000.0,9020.0,8840.0,9000.0,121039.0,0.0,183903230.0,0.0,695674500.0,199313500.0,40082400.0,6980690.0,747776240.0,284051900.0,1078891230.0
2016-10-04,8990.0,8990.0,8900.0,8910.0,79710.0,-1.0,2549170.0,49225000.0,569314120.0,91740550.0,169855910.0,0.0,408594380.0,134378550.0,712828840.0
2016-10-05,8850.0,8900.0,8520.0,8560.0,587345.0,-3.928170594837262,348064530.0,9653160.0,4114819750.0,580279260.0,623626950.0,12311550.0,3307665760.0,1109212440.0,5052816700.0
2016-10-06,8570.0,8600.0,8480.0,8500.0,146778.0,-0.7009345794392523,6058420.0,0.0,1034868720.0,209718950.0,193058870.0,8685940.0,747292710.0,301608570.0,1250646090.0
2016-10-07,8480.0,8500.0,8360.0,8360.0,166777.0,-1.647058823529412,87045210.0,622340.0,1015057030.0,300865150.0,190193350.0,0.0,897883030.0,315513350.0,1403589730.0
2016-10-10,8400.0,8500.0,8380.0,8500.0,100492.0,1.674641148325359,0.0,0.0,582615700.0,265568170.0,255581930.0,0.0,584497200.0,8104740.0,848183870.0
2016-10-11,8430.0,8540.0,8430.0,8530.0,101702.0,0.35294117647058826,93695540.0,0.0,465537130.0,304033850.0,422487890.0,0.0,423415790.0,17362840.0,863266520.0
2016-10-12,8500.0,8680.0,8500.0,8680.0,109003.0,1.7584994138335288,0.0,19207240.0,572537240.0,342717230.0,18487250.0,27856820.0,885018430.0,3099210.0,934461710.0
2016-10-13,8680.0,8680.0,8550.0,8550.0,81332.0,-1.497695852534562,0.0,15624000.0,554759000.0,128636880.0,34448610.0,7930220.0,596535760.0,60105290.0,699019880.0
2016-10-14,8550.0,8660.0,8510.0,8590.0,52563.0,0.46783625730994155,206160.0,0.0,334943210.0,116637410.0,214040.0,3900330.0,392459530.0,55212880.0,451786780.0
2016-10-17,8590.0,8650.0,8580.0,8590.0,50352.0,0.0,184960320.0,0.0,167327470.0,80533320.0,24215760.0,0.0,308886190.0,99719160.0,432821110.0
2016-10-18,8620.0,8630.0,8540.0,8590.0,41453.0,0.0,935940.0,429500.0,183469950.0,170936160.0,51440.0,0.0,270423690.0,85296420.0,355771550.0
2016-10-19,8560.0,8610.0,8540.0,8560.0,20380.0,-0.3492433061699651,8570.0,0.0,115875420.0,58796310.0,274130.0,0.0,162721970.0,11684200.0,174680300.0
2016-10-20,8550.0,8660.0,8460.0,8500.0,47803.0,-0.7009345794392523,956970.0,684800.0,343875940.0,62347150.0,48460170.0,0.0,329631980.0,29772710.0,407864860.0
2016-10-21,8500.0,8580.0,8440.0,8490.0,26011.0,-0.1176470588235294,25496960.0,0.0,155955770.0,39183180.0,25999510.0,0.0,165544110.0,29092290.0,220635910.0
2016-10-24,8490.0,8570.0,8450.0,8520.0,44944.0,0.35335689045936397,783360.0,0.0,256192380.0,125713820.0,50416770.0,0.0,209430260.0,122842530.0,382689560.0
2016-10-25,8520.0,8630.0,8510.0,8620.0,103859.0,1.1737089201877933,43000.0,0.0,661224560.0,229873440.0,39249990.0,636400.0,764002330.0,87252280.0,891141000.0
2016-10-26,8590.0,8640.0,8400.0,8440.0,91983.0,-2.088167053364269,1081440.0,36368770.0,658535040.0,85879570.0,234417850.0,0.0,419101490.0,128345480.0,781864820.0
2016-10-27,8370.0,8640.0,8370.0,8600.0,49055.0,1.8957345971563981,0.0,0.0,317606990.0,99542100.0,8251020.0,0.0,307178390.0,101719680.0,417149090.0
2016-10-28,8630.0,8630.0,8400.0,8470.0,77074.0,-1.5116279069767442,4404080.0,0.0,567497710.0,80863560.0,190474800.0,0.0,364139050.0,98151500.0,652765350.0
2016-10-31,8430.0,8430.0,8150.0,8180.0,148060.0,-3.4238488783943333,275828800.0,8210.0,842011640.0,103027520.0,360950720.0,0.0,707686220.0,152239230.0,1220876170.0
2016-11-01,8200.0,8210.0,8010.0,8030.0,181556.0,-1.8337408312958436,340506280.0,0.0,1003889880.0,126140380.0,454733620.0,0.0,951507890.0,64295030.0,1470536540.0
2016-11-02,8020.0,8100.0,7880.0,8000.0,132937.0,-0.37359900373599003,138542460.0,8000000.0,778144900.0,135445660.0,151218720.0,0.0,793884480.0,115029820.0,1060133020.0
2016-11-03,7900.0,8090.0,7900.0,8030.0,50933.0,0.375,9997630.0,0.0,297729070.0,99163920.0,42464810.0,0.0,270705910.0,93719900.0,406890620.0
2016-11-04,7980.0,8050.0,7880.0,7980.0,70953.0,-0.62266500622665,11334160.0,7980000.0,479017420.0,65108310.0,28589140.0,0.0,410483920.0,124366830.0,563439890.0
2016-11-07,8020.0,8340.0,7980.0,8330.0,140613.0,4.385964912280701,8371330.0,0.0,553984340.0,590636880.0,100453570.0,19210640.0,1018264150.0,15064190.0,1152992550.0
2016-11-08,8360.0,8360.0,8140.0,8230.0,84501.0,-1.2004801920768309,11967220.0,0.0,501912640.0,178470510.0,71356440.0,0.0,306172660.0,314821270.0,692350370.0
2016-11-09,8170.0,8270.0,7840.0,8010.0,194431.0,-2.67314702308627,3879060.0,0.0,1274708670.0,276279610.0,3658750.0,3968670.0,1335465450.0,211774470.0,1554867340.0
2016-11-10,8130.0,8310.0,8080.0,8300.0,109673.0,3.620474406991261,10691070.0,0.0,618033090.0,272178140.0,66111900.0,50154680.0,696864080.0,87771640.0,900902300.0
2016-11-11,8220.0,8320.0,8220.0,8270.0,47354.0,-0.3614457831325301,26511180.0,1923430.0,220353960.0,142740080.0,33050.0,4345250.0,274910050.0,112240300.0,391528650.0
2016-11-14,8300.0,8340.0,8210.0,8250.0,43106.0,-0.24183796856106407,0.0,17094000.0,257226290.0,81135720.0,5031550.0,0.0,223883070.0,126541390.0,355456010.0
2016-11-15,8220.0,8300.0,8040.0,8050.0,94161.0,-2.4242424242424243,23151490.0,32415280.0,538094170.0,174573110.0,256603730.0,0.0,273285920.0,238344400.0,768234050.0
2016-11-16,8050.0,8160.0,8030.0,8080.0,125314.0,0.37267080745341613,212641050.0,24150000.0,649631290.0,126037890.0,265753720.0,14581250.0,520779620.0,211345640.0,1012460230.0
2016-11-17,8090.0,8180.0,8070.0,8100.0,46620.0,0.24752475247524752,3109560.0,2997500.0,262995290.0,109516240.0,105950.0,4133080.0,319095700.0,55283860.0,378618590.0
2016-11-18,8180.0,8430.0,8130.0,8320.0,145612.0,2.7160493827160495,210679100.0,0.0,640265670.0,357463750.0,125092050.0,0.0,959483980.0,123832490.0,1208408520.0
2016-11-21,8260.0,8380.0,8150.0,8150.0,83456.0,-2.043269230769231,0.0,2994490.0,617988510.0,64647730.0,54509620.0,0.0,383375710.0,247745400.0,685630730.0
2016-11-22,8220.0,8240.0,8080.0,8180.0,75732.0,0.36809815950920244,197413910.0,0.0,254615950.0,166314480.0,16340.0,0.0,370636100.0,247691900.0,618344340.0
2016-11-23,8190.0,8570.0,8190.0,8470.0,214501.0,3.5452322738386304,629241180.0,8500000.0,859160020.0,318380280.0,95325080.0,0.0,1582644690.0,137311710.0,1815281480.0
2016-11-24,8480.0,8850.0,8480.0,8810.0,355500.0,4.014167650531287,763507830.0,0.0,2067633660.0,266348310.0,113627190.0,2055560.0,2613572680.0,368234370.0,3097489800.0
2016-11-25,8850.0,8970.0,8620.0,8900.0,355120.0,1.0215664018161181,1458390500.0,0.0,1329282510.0,358543190.0,23104320.0,0.0,2854520990.0,268590890.0,3146216200.0
2016-11-28,8990.0,9030.0,8780.0,8810.0,145001.0,-1.0112359550561798,276364710.0,0.0,872296260.0,139480350.0,95893350.0,895000.0,791959840.0,399393130.0,1288141320.0
2016-11-29,8810.0,8970.0,8780.0,8890.0,87822.0,0.9080590238365494,284589000.0,0.0,307477260.0,188995230.0,3905090.0,268500.0,556487830.0,220400070.0,781061490.0
2016-11-30,8940.0,9090.0,8670.0,9090.0,154262.0,2.249718785151856,597409860.0,0.0,576491020.0,200180920.0,36622930.0,27270000.0,996145910.0,314042960.0,1374081800.0
2016-12-01,9000.0,9040.0,8790.0,8800.0,117514.0,-3.1903190319031904,325662480.0,2686750.0,654863930.0,63355530.0,237865220.0,0.0,717355790.0,91347680.0,1046568690.0
2016-12-02,8800.0,9050.0,8790.0,9030.0,141768.0,2.6136363636363633,530560660.0,17960.0,471844060.0,267268140.0,86820890.0,0.0,1075537560.0,107332370.0,1269690820.0
2016-12-05,9030.0,9050.0,8920.0,8970.0,115962.0,-0.6644518272425249,510753660.0,17325720.0,488469080.0,28289100.0,46546770.0,0.0,727155840.0,271134950.0,1044837560.0
2016-12-06,8800.0,9110.0,8800.0,9030.0,155268.0,0.6688963210702341,318251940.0,0.0,803951970.0,280463930.0,16667600.0,0.0,1064476340.0,321523900.0,1402667840.0
2016-12-07,9130.0,9540.0,9100.0,9510.0,674803.0,5.3156146179401995,959840850.0,1423000.0,4391684030.0,998944950.0,189940490.0,20320970.0,6059859070.0,81772300.0,6351892830.0
2016-12-08,9540.0,9670.0,9320.0,9480.0,410785.0,-0.31545741324921134,667876710.0,683820.0,2860518750.0,367532140.0,115453280.0,0.0,2929684020.0,851474120.0,3896611420.0
2016-12-09,9450.0,9570.0,9420.0,9460.0,200598.0,-0.21097046413502107,390089930.0,5988180.0,920231530.0,588631880.0,210040760.0,0.0,1398608040.0,296292720.0,1904941520.0
2016-12-12,9530.0,9560.0,9370.0,9390.0,192793.0,-0.7399577167019027,93397690.0,12370540.0,1523293350.0,193272970.0,358126220.0,0.0,1279602090.0,184606240.0,1822334550.0
2016-12-13,9390.0,9500.0,9240.0,9470.0,184422.0,0.8519701810436635,548541080.0,4029000.0,914416230.0,267573560.0,165165130.0,0.0,1490712350.0,78682390.0,1734559870.0
2016-12-14,9500.0,9550.0,9300.0,9460.0,234059.0,-0.10559662090813093,321733150.0,28730200.0,973041710.0,888791890.0,282859820.0,0.0,1769978860.0,159458270.0,2212296950.0
2016-12-15,9470.0,9580.0,9350.0,9570.0,113120.0,1.1627906976744187,385832360.0,9588080.0,542336140.0,136128180.0,3458780.0,5011440.0,879784930.0,185629610.0,1073884760.0
2016-12-16,9570.0,9580.0,9390.0,9400.0,83552.0,-1.7763845350052248,164265040.0,10600750.0,556742800.0,57105840.0,34785590.0,0.0,709799910.0,44128930.0,788714430.0
2016-12-19,9490.0,9520.0,9400.0,9440.0,51705.0,0.425531914893617,15710400.0,0.0,431279030.0,41086170.0,982630.0,0.0,457977530.0,29115440.0,488075600.0
2016-12-20,9450.0,9480.0,9280.0,9360.0,106988.0,-0.847457627118644,150520890.0,1774550.0,714045220.0,132789750.0,130540.0,0.0,941340840.0,57659030.0,999130410.0
2016-12-21,9280.0,9430.0,9110.0,9120.0,154242.0,-2.564102564102564,0.0,0.0,1124302520.0,301051890.0,322258740.0,5472000.0,1044556700.0,53066970.0,1425354410.0
2016-12-22,9100.0,9120.0,8930.0,8930.0,180319.0,-2.083333333333333,61299670.0,993000.0,1027000010.0,531431380.0,137296760.0,5358000.0,1471918680.0,6150620.0,1620724060.0
2016-12-23,8990.0,9290.0,8940.0,9280.0,119582.0,3.9193729003359463,254988160.0,0.0,542934220.0,293868750.0,5126100.0,0.0,1024449500.0,62215530.0,1091791130.0
2016-12-26,9390.0,9390.0,9260.0,9260.0,106610.0,-0.21551724137931033,177718680.0,4644000.0,804449950.0,7501050.0,17016370.0,0.0,704282270.0,273015040.0,994313680.0
2016-12-27,9270.0,9280.0,9140.0,9200.0,92151.0,-0.6479481641468683,124923890.0,0.0,623035440.0,100981770.0,203826890.0,0.0,513445330.0,131668880.0,848941100.0
2016-12-28,9230.0,9240.0,9100.0,9230.0,52717.0,0.32608695652173914,121421800.0,0.0,231775490.0,131368080.0,4626550.0,0.0,409667070.0,70271750.0,484565370.0
2016-12-29,9230.0,9370.0,9160.0,9370.0,92276.0,1.5167930660888407,456287030.0,0.0,332066550.0,69482390.0,4272280.0,0.0,755318770.0,98244920.0,857835970.0
2017-01-02,9390.0,9400.0,9250.0,9370.0,50441.0,0.0,261482860.0,0.0,208530860.0,0.0,18489710.0,0.0,232112410.0,219411600.0,470013720.0
2017-01-03,9290.0,9430.0,9220.0,9290.0,81000.0,-0.8537886872998933,275662780.0,0.0,427702590.0,48295190.0,152903490.0,0.0,476790630.0,121966440.0,751660560.0
2017-01-04,9250.0,9320.0,9110.0,9280.0,120905.0,-0.1076426264800861,381506480.0,91520.0,638659510.0,94721250.0,291850050.0,0.0,780488510.0,42640200.0,1114978760.0
2017-01-05,9300.0,9300.0,9130.0,9130.0,97733.0,-1.6163793103448276,135674050.0,64380.0,592425520.0,167702910.0,200522000.0,0.0,514400430.0,180944430.0,895866860.0
2017-01-06,9070.0,9170.0,9010.0,9110.0,84892.0,-0.21905805038335158,189532340.0,0.0,516877630.0,63713640.0,167095650.0,0.0,547019660.0,56008300.0,770123610.0
2017-01-09,9110.0,9170.0,9040.0,9100.0,57527.0,-0.10976948408342481,248803460.0,0.0,256161740.0,19094350.0,79245210.0,0.0,425901540.0,18912800.0,524059550.0
2017-01-10,9100.0,9130.0,8960.0,8960.0,96148.0,-1.5384615384615385,161907520.0,0.0,660340320.0,43511340.0,31235090.0,0.0,616351470.0,218172620.0,865759180.0
2017-01-11,8960.0,9050.0,8940.0,9000.0,60184.0,0.4464285714285714,77389820.0,0.0,415683720.0,47974010.0,11685330.0,0.0,299446330.0,229915890.0,541047550.0
2017-01-12,9100.0,9110.0,8980.0,9050.0,73478.0,0.5555555555555556,120834590.0,0.0,433232520.0,109386950.0,19253390.0,180064800.0,346447830.0,117688040.0,663454060.0
2017-01-13,9050.0,9110.0,8980.0,9080.0,69620.0,0.3314917127071823,250061640.0,0.0,281233280.0,99245180.0,26986720.0,0.0,345527440.0,258025940.0,630540100.0
2017-01-16,9080.0,9100.0,8950.0,9020.0,52957.0,-0.6607929515418502,156714460.0,0.0,310570150.0,9919540.0,9500590.0,1151820.0,305653800.0,160897940.0,477204150.0
2017-01-17,9020.0,9100.0,8980.0,9090.0,57755.0,0.7760532150776054,122694200.0,404100.0,254045560.0,146090900.0,5321080.0,0.0,470887860.0,47025820.0,523234760.0
2017-01-18,9080.0,9260.0,9060.0,9150.0,111181.0,0.6600660066006601,250408360.0,2337580.0,610800340.0,156327580.0,281391830.0,0.0,572691080.0,165790950.0,1019873860.0
2017-01-19,9130.0,9240.0,9000.0,9010.0,87430.0,-1.530054644808743,84663680.0,0.0,596897300.0,113064800.0,345328610.0,1759710.0,311546160.0,135991300.0,794625780.0
2017-01-20,9020.0,9050.0,8850.0,8970.0,85954.0,-0.4439511653718091,197407700.0,0.0,501573250.0,68574680.0,89271600.0,5392200.0,452317400.0,220574430.0,767555630.0
2017-01-23,8970.0,8980.0,8860.0,8860.0,44745.0,-1.2263099219620959,8067790.0,0.0,343286210.0,47577590.0,30878520.0,2864000.0,240081800.0,125107270.0,398931590.0
2017-01-24,8830.0,8940.0,8800.0,8840.0,43361.0,-0.2257336343115124,1034360.0,8830000.0,303160000.0,70359600.0,1040960.0,0.0,280945940.0,101397060.0,383383960.0
2017-01-25,8850.0,9000.0,8800.0,8950.0,63245.0,1.244343891402715,63956450.0,0.0,248272640.0,249573870.0,3169920.0,0.0,498099830.0,60533210.0,561802960.0
2017-01-26,8950.0,9050.0,8900.0,8960.0,35131.0,0.11173184357541899,18257860.0,0.0,159783590.0,138075150.0,10996180.0,0.0,262621270.0,42499150.0,316116600.0
2017-01-31,9020.0,9270.0,8980.0,9180.0,126965.0,2.455357142857143,334361890.0,0.0,685885470.0,145709130.0,124634460.0,0.0,1021380180.0,19941850.0,1165956490.0
2017-02-01,9230.0,9340.0,9200.0,9270.0,79484.0,0.9803921568627451,269757200.0,0.0,364725700.0,102570230.0,134669670.0,0.0,560312100.0,42071360.0,737053130.0
2017-02-02,9220.0,9310.0,9220.0,9310.0,90921.0,0.4314994606256742,329813320.0,0.0,366984270.0,146876780.0,186486170.0,0.0,602927080.0,54261120.0,843674370.0
2017-02-03,9360.0,9380.0,9080.0,9150.0,98538.0,-1.7185821697099892,30051450.0,0.0,666554130.0,209256490.0,145273030.0,14815110.0,590333660.0,155440270.0,905862070.0
2017-02-06,9030.0,9030.0,8580.0,8680.0,323455.0,-5.136612021857923,735646730.0,12970000.0,2035765760.0,27189220.0,546523410.0,87480.0,1559845410.0,705115410.0,2811571710.0
2017-02-07,8680.0,8810.0,8660.0,8750.0,63759.0,0.8064516129032258,109910800.0,0.0,440577140.0,7456080.0,647470.0,0.0,471764030.0,85532520.0,557944020.0
2017-02-08,8800.0,8840.0,8700.0,8750.0,36303.0,0.0,88093190.0,0.0,214788470.0,16127760.0,79100.0,0.0,262163090.0,56767230.0,319009420.0
2017-02-09,8830.0,8830.0,8720.0,8770.0,45384.0,0.2285714285714286,131691880.0,0.0,265361500.0,1004980.0,30352230.0,0.0,264815930.0,102890200.0,398058360.0
2017-02-10,8810.0,8830.0,8700.0,8760.0,78367.0,-0.11402508551881414,26231400.0,17430.0,604007840.0,55202620.0,174234310.0,0.0,362842330.0,148382650.0,685459290.0
2017-02-13,8720.0,8750.0,8550.0,8580.0,104565.0,-2.054794520547945,239589610.0,53088200.0,595868480.0,11953120.0,207174080.0,60550.0,544760740.0,148504040.0,900499410.0
2017-02-14,8620.0,8620.0,8450.0,8500.0,131869.0,-0.9324009324009324,34125090.0,1020000.0,925354350.0,160618920.0,396596180.0,0.0,691109120.0,33413060.0,1121118360.0
2017-02-15,8500.0,8720.0,8490.0,8710.0,62557.0,2.4705882352941173,116724540.0,8580.0,363276970.0,59262170.0,5228360.0,0.0,434341280.0,99702620.0,539272260.0
2017-02-16,8700.0,8720.0,8600.0,8620.0,68015.0,-1.0332950631458095,44447410.0,2453850.0,500270090.0,40156840.0,281036350.0,0.0,207815820.0,98476020.0,587328190.0
2017-02-17,8620.0,8780.0,8550.0,8730.0,60055.0,1.2761020881670533,196619990.0,0.0,294976550.0,30752570.0,5517160.0,0.0,455763090.0,61068860.0,522349110.0
2017-02-20,8750.0,8860.0,8720.0,8860.0,59447.0,1.4891179839633446,294106950.0,0.0,221615050.0,6841310.0,22805560.0,0.0,468101110.0,31656640.0,522563310.0
2017-02-21,8860.0,8910.0,8750.0,8900.0,62422.0,0.4514672686230248,222762270.0,0.0,289086050.0,40239850.0,232965700.0,0.0,279733260.0,39389210.0,552088170.0
2017-02-22,8860.0,8920.0,8800.0,8830.0,54049.0,-0.7865168539325843,140498690.0,30700680.0,288669020.0,17995770.0,230458210.0,0.0,228185060.0,19220890.0,477864160.0
2017-02-23,8840.0,8900.0,8770.0,8850.0,40787.0,0.22650056625141565,111333710.0,0.0,208007190.0,40054540.0,35499620.0,0.0,297344640.0,26551180.0,359395440.0
2017-02-24,8780.0,8920.0,8780.0,8880.0,60645.0,0.3389830508474576,221178220.0,17730.0,238837280.0,78359770.0,13254450.0,0.0,416979960.0,108158590.0,538393000.0
2017-02-27,8970.0,8980.0,8880.0,8920.0,46362.0,0.45045045045045046,163970950.0,0.0,215092260.0,35282170.0,37778040.0,0.0,278350980.0,98216360.0,414345380.0
2017-02-28,8820.0,8940.0,8800.0,8800.0,53904.0,-1.345291479820628,34051330.0,0.0,386497370.0,56224750.0,15688380.0,16834000.0,359942540.0,84308530.0,476773450.0
2017-03-02,8890.0,8890.0,8610.0,8620.0,67978.0,-2.0454545454545454,3269500.0,17280000.0,508058890.0,61990400.0,26787710.0,0.0,266711630.0,297099450.0,590598790.0
2017-03-03,8620.0,8620.0,8440.0,8460.0,49725.0,-1.8561484918793503,19613850.0,0.0,396826240.0,6564530.0,135950.0,0.0,262311190.0,160557480.0,423004620.0
2017-03-06,8450.0,8450.0,8260.0,8310.0,88821.0,-1.773049645390071,148826080.0,0.0,582696360.0,7897690.0,98568550.0,0.0,462988090.0,177863490.0,739420130.0
2017-03-07,8310.0,8710.0,8290.0,8680.0,96933.0,4.452466907340553,323967070.0,0.0,390230520.0,107524300.0,3364960.0,0.0,658601830.0,159755100.0,821721890.0
2017-03-08,8620.0,8720.0,8560.0,8580.0,46668.0,-1.1520737327188941,161922040.0,0.0,214452460.0,26938070.0,55688510.0,8700.0,223712100.0,123903260.0,403312570.0
2017-03-09,8590.0,8660.0,8520.0,8600.0,28602.0,0.2331002331002331,72557630.0,0.0,169517690.0,2871470.0,1745720.0,0.0,86083440.0,157117630.0,244946790.0
2017-03-10,8630.0,8840.0,8510.0,8640.0,115071.0,0.46511627906976744,262443250.0,5756070.0,700946420.0,30535790.0,16132740.0,2865880.0,670104280.0,310578630.0,999681530.0
2017-03-13,8730.0,8840.0,8650.0,8770.0,65775.0,1.5046296296296295,329498680.0,0.0,213874530.0,33287400.0,18458250.0,0.0,518679430.0,39522930.0,576660610.0
2017-03-14,8780.0,8850.0,8700.0,8740.0,48790.0,-0.34207525655644244,233740230.0,193560.0,165946510.0,28411930.0,518450.0,0.0,344303390.0,83470390.0,428292230.0
2017-03-15,8700.0,8820.0,8700.0,8750.0,40365.0,0.11441647597254005,143116750.0,8800.0,184399990.0,26814340.0,7573890.0,0.0,256599500.0,90166490.0,354339880.0
2017-03-16,8760.0,8840.0,8650.0,8650.0,59989.0,-1.1428571428571428,55843250.0,306250.0,391209050.0,77380590.0,38804620.0,0.0,193559530.0,292374990.0,524739140.0
2017-03-17,8730.0,8840.0,8630.0,8820.0,45960.0,1.9653179190751446,23830320.0,0.0,174854550.0,202331170.0,25622230.0,0.0,281786320.0,93607490.0,401016040.0
2017-03-20,8820.0,9260.0,8810.0,9230.0,345595.0,4.648526077097506,919110040.0,5019450.0,2070226110.0,153870110.0,166736650.0,65657500.0,2794374500.0,121457060.0,3148225710.0
2017-03-21,9200.0,9320.0,9160.0,9210.0,206875.0,-0.21668472372697722,1032843150.0,0.0,766423780.0,116112820.0,14490010.0,23250000.0,1346721110.0,530918630.0,1915379750.0
2017-03-22,9180.0,9510.0,9160.0,9460.0,247477.0,2.714440825190011,1076109790.0,0.0,888566740.0,353650550.0,191263500.0,473500.0,1802695400.0,323894680.0,2318327080.0
2017-03-23,9510.0,9560.0,9350.0,9490.0,180379.0,0.3171247357293869,999155370.0,0.0,448838330.0,265401860.0,173953000.0,28500000.0,1215980180.0,294962380.0,1713395560.0
2017-03-24,9490.0,9780.0,9380.0,9760.0,270598.0,2.845100105374078,837871350.0,4795450.0,1097228730.0,672516690.0,225216290.0,14416050.0,2203166670.0,169613210.0,2612412220.0
2017-03-27,9760.0,9840.0,9620.0,9800.0,158786.0,0.4098360655737705,510896950.0,2544580.0,910099720.0,125082990.0,186735210.0,2696320.0,1107964670.0,251228040.0,1548624240.0
2017-03-28,9830.0,9930.0,9700.0,9900.0,223494.0,1.0204081632653061,1191178090.0,0.0,760881660.0,250658120.0,315800800.0,9820.0,1682808520.0,204098730.0,2202717870.0
2017-03-29,9900.0,10050.0,9880.0,10000.0,234994.0,1.0101010101010102,1081226000.0,9980.0,1073227300.0,191242610.0,549585540.0,29355670.0,1605138720.0,161625960.0,2345705890.0
2017-03-30,10100.0,10200.0,9990.0,10100.0,362204.0,1.0,1733342500.0,10477300.0,1439740240.0,471285030.0,632248330.0,9373650.0,2570700420.0,442522670.0,3654845070.0
2017-03-31,10050.0,10300.0,10000.0,10150.0,231595.0,0.49504950495049505,1368937250.0,10008400.0,646971750.0,330104250.0,727300550.0,2263750.0,1463172850.0,163284500.0,2356021650.0
2017-04-03,10200.0,10400.0,9990.0,9990.0,210065.0,-1.5763546798029555,400951800.0,5050000.0,1481349180.0,248503150.0,517926540.0,154750.0,1373535150.0,244237690.0,2135854130.0
2017-04-04,9950.0,9950.0,9590.0,9590.0,361581.0,-4.004004004004004,497706640.0,0.0,2549837330.0,459455240.0,701731690.0,0.0,2531349190.0,273918330.0,3506999210.0
2017-04-05,9690.0,9750.0,9540.0,9740.0,139601.0,1.5641293013555788,444004460.0,0.0,579828090.0,329531300.0,9345890.0,0.0,811282180.0,532735780.0,1353363850.0
2017-04-06,9740.0,9800.0,9550.0,9710.0,110887.0,-0.3080082135523614,447470020.0,0.0,432118170.0,193593180.0,115729940.0,9690.0,685046770.0,272394970.0,1073181370.0
2017-04-07,9780.0,9790.0,9570.0,9600.0,117266.0,-1.132852729145211,461029460.0,0.0,536481210.0,136308310.0,207774560.0,0.0,495269140.0,430775280.0,1133818980.0
2017-04-10,9650.0,9670.0,9440.0,9450.0,91388.0,-1.5625,307944460.0,0.0,440806710.0,126661870.0,152395760.0,0.0,530775820.0,192241460.0,875413040.0
2017-04-11,9420.0,9650.0,9410.0,9450.0,115264.0,0.0,367149120.0,0.0,462534040.0,268150790.0,270088510.0,0.0,572239820.0,255505620.0,1097833950.0
2017-04-12,9730.0,9730.0,9560.0,9560.0,85314.0,1.164021164021164,367587740.0,0.0,328884670.0,123779550.0,145508090.0,1012200.0,381245580.0,292486090.0,820251960.0
2017-04-13,9580.0,9670.0,9500.0,9550.0,55174.0,-0.10460251046025104,106842690.0,0.0,294966160.0,126642400.0,34860890.0,959000.0,431011510.0,61619850.0,528451250.0
2017-04-14,9670.0,9670.0,9480.0,9490.0,61260.0,-0.6282722513089005,108510400.0,0.0,473883720.0,2845450.0,12459320.0,0.0,433380580.0,139399670.0,585239570.0
2017-04-17,9640.0,9870.0,9510.0,9840.0,111298.0,3.68809272918862,521667030.0,0.0,473879450.0,94050510.0,7554540.0,0.0,880884860.0,201157590.0,1089596990.0
2017-04-18,9950.0,9950.0,9660.0,9760.0,80454.0,-0.8130081300813009,165778450.0,0.0,468964630.0,151012400.0,25184170.0,0.0,444799080.0,315772230.0,785755480.0
2017-04-19,9750.0,9810.0,9650.0,9660.0,78441.0,-1.0245901639344261,65214640.0,0.0,336491710.0,356717820.0,237487280.0,0.0,358790460.0,162146430.0,758424170.0
2017-04-20,9670.0,9670.0,9540.0,9540.0,59851.0,-1.2422360248447204,14725530.0,0.0,508807920.0,48882370.0,27922230.0,0.0,362171980.0,182321610.0,572415820.0
2017-04-21,9620.0,9770.0,9530.0,9560.0,44978.0,0.20964360587002098,109052690.0,0.0,196540660.0,126108280.0,31441990.0,0.0,295366610.0,104893030.0,431701630.0
2017-04-24,9570.0,9760.0,9450.0,9690.0,111362.0,1.3598326359832638,587904190.0,0.0,432168370.0,57333840.0,72774220.0,4855000.0,916175920.0,83601260.0,1077406400.0
2017-04-25,9700.0,9760.0,9610.0,9670.0,37926.0,-0.20639834881320948,103628580.0,0.0,189030030.0,73687190.0,76268870.0,0.0,207399950.0,82676980.0,366345800.0
2017-04-26,9650.0,9750.0,9620.0,9700.0,47550.0,0.3102378490175801,180892610.0,0.0,217351950.0,61808230.0,161610100.0,0.0,287860960.0,10581730.0,460052790.0
2017-04-27,9660.0,9750.0,9600.0,9750.0,85944.0,0.5154639175257731,298172210.0,2984940.0,366587380.0,162708920.0,253476960.0,0.0,461879460.0,115097030.0,830453450.0
2017-04-28,9730.0,9740.0,9420.0,9430.0,98719.0,-3.282051282051282,25846030.0,0.0,827756390.0,88369700.0,263961700.0,0.0,446450650.0,231559770.0,941972120.0
2017-05-02,9430.0,9480.0,9220.0,9290.0,119371.0,-1.4846235418875928,226548220.0,6515000.0,650595900.0,224964320.0,491144890.0,0.0,379211960.0,238266590.0,1108623440.0
2017-05-04,9320.0,9550.0,9310.0,9490.0,75502.0,2.1528525296017222,251137670.0,0.0,239117760.0,220083340.0,320841500.0,0.0,280419190.0,109078080.0,710338770.0
2017-05-08,9490.0,9510.0,9390.0,9470.0,47104.0,-0.21074815595363539,0.0,1411500.0,393533500.0,49221150.0,128811230.0,0.0,132105920.0,183249000.0,444166150.0
2017-05-10,9470.0,9630.0,9390.0,9430.0,88911.0,-0.42238648363252373,519097960.0,0.0,247162770.0,80016740.0,157002470.0,0.0,506885570.0,182389430.0,846277470.0
2017-05-11,9410.0,9520.0,9350.0,9470.0,43707.0,0.4241781548250266,207261860.0,467500.0,186182620.0,18920890.0,108608400.0,0.0,214120320.0,90104150.0,412832870.0
2017-05-12,9470.0,9690.0,9410.0,9660.0,115305.0,2.0063357972544877,802634810.0,1997550.0,260716080.0,40600650.0,123413630.0,0.0,898961280.0,83574180.0,1105949090.0
2017-05-15,9670.0,9770.0,9430.0,9480.0,76003.0,-1.8633540372670807,27566490.0,2886000.0,629408520.0,66170320.0,402243440.0,0.0,280584650.0,43203240.0,726031330.0
2017-05-16,9430.0,9490.0,9280.0,9310.0,69237.0,-1.7932489451476792,96800150.0,1861000.0,528559500.0,19985640.0,261546600.0,1958000.0,314370770.0,69330920.0,647206290.0
2017-05-17,9390.0,9430.0,9130.0,9390.0,138617.0,0.8592910848549946,338163480.0,1843000.0,856866180.0,83876770.0,374258420.0,0.0,748516860.0,157974150.0,1280749430.0
2017-05-18,9240.0,9360.0,9220.0,9360.0,83048.0,-0.3194888178913738,187366030.0,27720000.0,531021990.0,24007610.0,306534210.0,0.0,348114660.0,115466760.0,770115630.0
2017-05-19,9300.0,9370.0,9250.0,9340.0,48612.0,-0.2136752136752137,159273470.0,0.0,223401410.0,70384520.0,229991280.0,0.0,167369910.0,55698210.0,453059400.0
2017-05-22,9350.0,9380.0,9190.0,9190.0,77490.0,-1.6059957173447537,1315130.0,46700.0,632678690.0,81256560.0,343916360.0,0.0,359620460.0,11760260.0,715297080.0
2017-05-23,9280.0,9330.0,9180.0,9330.0,63180.0,1.5233949945593037,195542700.0,9200.0,283639290.0,105294510.0,268398790.0,9300.0,306723840.0,9353770.0,584485700.0
2017-05-24,9340.0,9350.0,9300.0,9300.0,46956.0,-0.3215434083601286,146011280.0,1863000.0,219737560.0,70094500.0,302391480.0,0.0,132363390.0,2951470.0,437706340.0
2017-05-25,9300.0,9500.0,9260.0,9470.0,125910.0,1.827956989247312,507561530.0,9470.0,526339040.0,149881280.0,257368750.0,112384770.0,811333000.0,2704800.0,1183791320.0
2017-05-26,9750.0,9940.0,9480.0,9650.0,354058.0,1.9007391763463568,345204390.0,0.0,2851695910.0,223772130.0,691716980.0,0.0,2579283970.0,149671480.0,3420672430.0
2017-05-29,9600.0,9700.0,9560.0,9620.0,89160.0,-0.31088082901554404,181868790.0,0.0,618667710.0,58207980.0,138734070.0,9630.0,681892120.0,38108660.0,858744480.0
2017-05-30,9650.0,9690.0,9560.0,9630.0,65023.0,0.10395010395010396,117405580.0,0.0,468542340.0,38952090.0,220980590.0,0.0,374796120.0,29123300.0,624900010.0
2017-05-31,9590.0,9650.0,9530.0,9530.0,92084.0,-1.0384215991692627,134771880.0,0.0,594967590.0,149946580.0,226364690.0,0.0,402174020.0,251147340.0,879686050.0
2017-06-01,9500.0,9530.0,9400.0,9400.0,109262.0,-1.3641133263378804,89833260.0,0.0,839428830.0,101666670.0,231962240.0,9410.0,734910330.0,64046780.0,1030928760.0
2017-06-02,9500.0,9500.0,9400.0,9450.0,83305.0,0.5319148936170213,52108220.0,1910230.0,542624450.0,189643350.0,126873040.0,0.0,533368850.0,126044360.0,786286250.0
2017-06-05,9450.0,9550.0,9340.0,9440.0,91931.0,-0.10582010582010583,290999920.0,2829000.0,521423990.0,55287420.0,188919550.0,0.0,647050080.0,34570700.0,870540330.0
2017-06-07,9440.0,9550.0,9440.0,9440.0,56897.0,0.0,89410020.0,0.0,390271100.0,59395030.0,170866110.0,0.0,273839250.0,94370790.0,539076150.0
2017-06-08,9440.0,9570.0,9320.0,9470.0,113312.0,0.31779661016949157,304266300.0,1769040.0,577387070.0,180112980.0,204431560.0,0.0,527929940.0,331173890.0,1063535390.0
2017-06-09,9470.0,9540.0,9240.0,9290.0,150794.0,-1.9007391763463568,233451990.0,94500.0,946259740.0,230922370.0,52231620.0,0.0,826077250.0,532419730.0,1410728600.0
2017-06-12,9260.0,9280.0,9130.0,9140.0,131166.0,-1.6146393972012916,229100850.0,457500.0,942105220.0,32049680.0,324267300.0,0.0,529722610.0,349723340.0,1203713250.0
2017-06-13,9040.0,9180.0,9040.0,9130.0,78420.0,-0.10940919037199125,85433590.0,28002400.0,453525560.0,148885160.0,104707820.0,0.0,510092770.0,101046120.0,715846710.0
2017-06-14,9120.0,9210.0,9060.0,9070.0,80485.0,-0.6571741511500547,5060390.0,29953920.0,663182070.0,34189620.0,209383610.0,0.0,397999380.0,125003010.0,732386000.0
2017-06-15,9030.0,9130.0,9030.0,9070.0,51305.0,0.0,5966540.0,0.0,429766410.0,30326580.0,96641910.0,0.0,323861870.0,45555750.0,466059530.0
2017-06-16,9110.0,9110.0,8980.0,9090.0,94368.0,0.2205071664829107,105121840.0,18120000.0,607030280.0,121149240.0,349836330.0,16748400.0,413662880.0,71173750.0,851421360.0
2017-06-19,9090.0,9130.0,9000.0,9010.0,66445.0,-0.88008800880088,87191760.0,577580.0,497213090.0,16500410.0,262175170.0,0.0,266480540.0,72827130.0,601482840.0
2017-06-20,9010.0,9030.0,8810.0,8840.0,116237.0,-1.8867924528301887,46912290.0,4420000.0,952422350.0,28577270.0,247737220.0,0.0,639620850.0,144973840.0,1032331910.0
2017-06-21,8830.0,9010.0,8800.0,8990.0,89987.0,1.6968325791855203,140957980.0,0.0,559502290.0,100532760.0,220660230.0,0.0,304928040.0,275404760.0,800993030.0
2017-06-22,9050.0,10800.0,8900.0,9120.0,1753104.0,1.4460511679644048,193391620.0,4624800.0,16689137280.0,117153370.0,1808271120.0,106000.0,14141205120.0,1054724830.0,17004307070.0
2017-06-23,9240.0,9250.0,9000.0,9020.0,218170.0,-1.0964912280701753,219762220.0,0.0,1692421310.0,71853470.0,324474840.0,0.0,1596168250.0,63393910.0,1984037000.0
2017-06-26,9040.0,9100.0,8910.0,9010.0,145221.0,-0.11086474501108648,335526690.0,0.0,936448200.0,35102830.0,13215180.0,0.0,1188968390.0,104894150.0,1307077720.0
2017-06-27,8960.0,9120.0,8960.0,9090.0,133040.0,0.8879023307436182,388400780.0,0.0,763591050.0,49113720.0,264214780.0,0.0,640472240.0,296418530.0,1201105550.0
2017-06-28,9090.0,9110.0,9000.0,9050.0,45393.0,-0.44004400440044,145295050.0,0.0,220445570.0,45556490.0,4463880.0,0.0,392161910.0,14671320.0,411297110.0
2017-06-29,9100.0,9170.0,9030.0,9050.0,80408.0,0.0,150151050.0,0.0,551611210.0,29551180.0,120275470.0,0.0,492524270.0,118513700.0,731313440.0
2017-06-30,9090.0,9170.0,9030.0,9120.0,88897.0,0.7734806629834254,399034050.0,0.0,275003770.0,136742520.0,132651150.0,0.0,399850020.0,278279170.0,810780340.0
2017-07-03,9180.0,9180.0,9070.0,9110.0,60662.0,-0.10964912280701754,86093500.0,0.0,401953540.0,65303380.0,170795670.0,0.0,369416450.0,13138300.0,553350420.0
2017-07-04,9070.0,9170.0,9060.0,9060.0,73359.0,-0.5488474204171241,110686160.0,0.0,541365690.0,16069190.0,153033170.0,0.0,362213810.0,152874060.0,668121040.0
2017-07-05,9040.0,9090.0,8950.0,8950.0,111998.0,-1.2141280353200883,37379920.0,0.0,883892150.0,85003330.0,355879750.0,0.0,479973080.0,170422570.0,1006275400.0
2017-07-06,8940.0,9080.0,8940.0,9000.0,60472.0,0.5586592178770949,226795450.0,0.0,208927790.0,110331820.0,125745480.0,0.0,306518780.0,113790800.0,546055060.0
2017-07-07,8930.0,9010.0,8920.0,8930.0,33627.0,-0.7777777777777778,2253620.0,0.0,285752520.0,12714800.0,8070580.0,0.0,177370890.0,115279470.0,300720940.0
2017-07-10,8950.0,8970.0,8810.0,8840.0,102305.0,-1.007838745800672,99193870.0,0.0,711559890.0,94296170.0,228146680.0,0.0,509807930.0,167095320.0,905049930.0
2017-07-11,8810.0,8910.0,8690.0,8730.0,126853.0,-1.244343891402715,35097310.0,0.0,1040176060.0,32798860.0,310250420.0,0.0,608780910.0,189040900.0,1108072230.0
2017-07-12,8730.0,8790.0,8690.0,8700.0,52709.0,-0.3436426116838488,80874770.0,0.0,329388160.0,50170730.0,71027510.0,8750000.0,307997790.0,72658360.0,460433660.0
2017-07-13,8710.0,8840.0,8680.0,8690.0,50672.0,-0.11494252873563218,28384430.0,0.0,312769540.0,101845260.0,193002230.0,8731910.0,170422680.0,70842410.0,442999230.0
2017-07-14,8700.0,8780.0,8590.0,8630.0,105859.0,-0.6904487917146145,17624300.0,8393560.0,630782490.0,259431570.0,285500950.0,0.0,449625640.0,181105330.0,916231920.0
2017-07-17,8710.0,8710.0,8610.0,8630.0,48857.0,0.0,0.0,0.0,216438060.0,205894490.0,169716030.0,0.0,125787910.0,126828610.0,422332550.0
2017-07-18,8700.0,8810.0,8510.0,8590.0,91409.0,-0.4634994206257242,0.0,70269970.0,575588450.0,142155670.0,551673370.0,0.0,218291180.0,18049540.0,788014090.0
2017-07-19,8630.0,8730.0,8560.0,8730.0,55386.0,1.629802095459837,51473450.0,0.0,342708240.0,83372510.0,180234370.0,0.0,274025670.0,23294160.0,477554200.0
2017-07-20,8780.0,8780.0,8650.0,8720.0,36652.0,-0.11454753722794961,5565810.0,8710.0,313221880.0,34800.0,120725780.0,0.0,187841650.0,10263770.0,318831200.0
2017-07-21,8720.0,8730.0,8610.0,8620.0,74561.0,-1.146788990825688,4461540.0,7423220.0,626373270.0,5917020.0,278558280.0,0.0,353869680.0,11747090.0,644175050.0
2017-07-24,8620.0,8670.0,8570.0,8580.0,60899.0,-0.46403712296983757,2042810.0,3164300.0,459426240.0,58721270.0,343015240.0,0.0,179404160.0,935220.0,523354620.0
2017-07-25,8550.0,8600.0,8510.0,8530.0,62173.0,-0.5827505827505828,89203130.0,10151260.0,368893050.0,63044420.0,209312640.0,2638860.0,304005750.0,15334610.0,531291860.0
2017-07-26,8530.0,8660.0,8530.0,8580.0,55555.0,0.5861664712778429,80966490.0,265050.0,323202170.0,71877550.0,148597320.0,0.0,314389330.0,13324610.0,476311260.0
2017-07-27,8640.0,8670.0,8550.0,8610.0,49593.0,0.34965034965034963,85814410.0,17220.0,312504030.0,28328730.0,140065630.0,0.0,270804890.0,15793870.0,426664390.0
2017-07-28,8650.0,8880.0,8600.0,8850.0,125480.0,2.7874564459930316,427227150.0,9097640.0,530034580.0,131104650.0,21270720.0,0.0,1028726150.0,47467150.0,1097464020.0
2017-07-31,8860.0,8950.0,8710.0,8710.0,108539.0,-1.5819209039548021,379527250.0,0.0,549595820.0,25085930.0,285004580.0,0.0,571917330.0,97287090.0,954209000.0
2017-08-01,8750.0,8850.0,8710.0,8720.0,75900.0,0.1148105625717566,13833710.0,0.0,464449670.0,185922200.0,254694170.0,0.0,288988430.0,120522980.0,664205580.0
2017-08-02,8740.0,8880.0,8640.0,8650.0,118070.0,-0.8027522935779817,191075960.0,0.0,773022590.0,62084470.0,504200150.0,0.0,403726070.0,118256800.0,1026183020.0
2017-08-03,8630.0,8690.0,8600.0,8640.0,87447.0,-0.11560693641618498,469829450.0,8650.0,256509970.0,29409980.0,207355700.0,172730.0,540902520.0,7327100.0,755758050.0
2017-08-04,8640.0,8720.0,8560.0,8720.0,46416.0,0.9259259259259258,179260760.0,2598000.0,171200330.0,48347110.0,119696460.0,0.0,215854000.0,65855740.0,401406200.0
2017-08-07,8720.0,8750.0,8600.0,8650.0,70780.0,-0.8027522935779817,34356070.0,0.0,391974400.0,183871370.0,223588090.0,0.0,365929800.0,20683950.0,610201840.0
2017-08-08,8600.0,8660.0,8510.0,8530.0,114608.0,-1.3872832369942196,216370880.0,0.0,734761400.0,27959460.0,588375680.0,85300.0,338238180.0,52392580.0,979091740.0
2017-08-09,8570.0,8570.0,8380.0,8540.0,151626.0,0.11723329425556857,438808670.0,0.0,772410290.0,68724930.0,356504820.0,25325640.0,777074260.0,121039170.0,1279943890.0
2017-08-10,8550.0,8740.0,8470.0,8620.0,130624.0,0.936768149882904,753661880.0,0.0,248085450.0,126762760.0,259873600.0,0.0,854678980.0,13957510.0,1128510090.0
2017-08-11,8610.0,8610.0,8440.0,8470.0,122193.0,-1.740139211136891,359087260.0,17120000.0,440436650.0,219993430.0,635107830.0,1486070.0,205784470.0,194258970.0,1036637340.0
2017-08-14,8500.0,8500.0,8270.0,8300.0,165821.0,-2.0070838252656436,478005800.0,9988620.0,843304140.0,48937700.0,468566570.0,0.0,769021780.0,142647910.0,1380236260.0
2017-08-16,8280.0,8310.0,8120.0,8130.0,164171.0,-2.0481927710843375,182669950.0,0.0,1043105930.0,115846300.0,684437550.0,0.0,645641390.0,11543240.0,1341622180.0
2017-08-17,8090.0,8360.0,8090.0,8350.0,121197.0,2.706027060270603,396309110.0,0.0,285812720.0,319019260.0,454169500.0,0.0,542116890.0,4854700.0,1001141090.0
2017-08-18,8190.0,8460.0,8190.0,8350.0,98088.0,0.0,262988940.0,0.0,411825290.0,143766950.0,250540220.0,0.0,435860850.0,132180110.0,818581180.0
2017-08-21,8280.0,8390.0,8240.0,8250.0,80600.0,-1.1976047904191618,393627090.0,0.0,226968690.0,50350880.0,397331560.0,0.0,160528930.0,113086170.0,670946660.0
2017-08-22,8220.0,8330.0,8220.0,8250.0,46278.0,0.0,92546050.0,0.0,223109290.0,67109230.0,183385790.0,0.0,192290180.0,7088600.0,382764570.0
2017-08-23,8290.0,8350.0,8180.0,8280.0,44041.0,0.36363636363636365,2576460.0,0.0,259490200.0,100720180.0,183585260.0,0.0,161479140.0,17722440.0,362786840.0
2017-08-24,8210.0,8270.0,8150.0,8230.0,103929.0,-0.6038647342995169,371209080.0,0.0,431959550.0,49459440.0,560069550.0,0.0,277050150.0,15508370.0,852628070.0
2017-08-25,8200.0,8250.0,8150.0,8180.0,41619.0,-0.6075334143377886,5551540.0,0.0,329480200.0,5597950.0,147727030.0,0.0,191370270.0,1532390.0,340629690.0
2017-08-28,8230.0,8440.0,8210.0,8340.0,149428.0,1.9559902200488997,696407940.0,0.0,334846640.0,220466010.0,248565560.0,0.0,603050520.0,400104510.0,1251720590.0
2017-08-29,8390.0,8420.0,8260.0,8390.0,71203.0,0.5995203836930456,347879810.0,0.0,178119290.0,69890130.0,127992530.0,0.0,218914090.0,248982610.0,595889230.0
2017-08-30,8350.0,8580.0,8350.0,8550.0,117687.0,1.907032181168057,399250950.0,0.0,385014780.0,219313280.0,282832430.0,0.0,458409270.0,262337310.0,1003579010.0
2017-08-31,8530.0,8580.0,8400.0,8400.0,72877.0,-1.7543859649122806,159017300.0,0.0,312976000.0,143773010.0,176369820.0,0.0,127054690.0,312341800.0,615766310.0
2017-09-01,8480.0,8480.0,8330.0,8430.0,59210.0,0.35714285714285715,303177860.0,0.0,168504170.0,24559920.0,152849030.0,0.0,228683680.0,114709240.0,496241950.0
2017-09-04,8250.0,8420.0,8250.0,8300.0,31321.0,-1.542111506524318,103420780.0,0.0,150330310.0,7041340.0,8544500.0,0.0,140570840.0,111677090.0,260792430.0
2017-09-05,8290.0,8370.0,8150.0,8200.0,57567.0,-1.2048192771084338,57654670.0,0.0,393910310.0,21138480.0,100136530.0,0.0,310008470.0,62558460.0,472703460.0
2017-09-06,8120.0,8260.0,8120.0,8200.0,64206.0,0.0,188251130.0,0.0,188471390.0,149453600.0,144346880.0,0.0,252404840.0,129424400.0,526176120.0
2017-09-07,8200.0,8400.0,8190.0,8350.0,73013.0,1.8292682926829267,200165720.0,0.0,242534430.0,163005930.0,186937730.0,0.0,355708940.0,63059410.0,605706080.0
2017-09-08,8300.0,8370.0,8150.0,8150.0,45543.0,-2.3952095808383236,4484590.0,0.0,361013910.0,7876800.0,167819380.0,0.0,141027960.0,64527960.0,373375300.0
2017-09-11,8110.0,8290.0,8110.0,8140.0,39491.0,-0.1226993865030675,11424120.0,0.0,285185270.0,24908470.0,140676600.0,0.0,113052320.0,67788940.0,321517860.0
2017-09-12,8140.0,8380.0,8090.0,8150.0,38929.0,0.12285012285012285,8240.0,81100.0,258575590.0,57848560.0,7178640.0,0.0,241025330.0,68309520.0,316513490.0
2017-09-13,8140.0,8200.0,8110.0,8110.0,38606.0,-0.49079754601227,7757520.0,0.0,260175930.0,46174510.0,49662830.0,0.0,146652400.0,117792730.0,314107960.0
2017-09-14,8100.0,8220.0,8100.0,8220.0,32278.0,1.3563501849568433,55162970.0,0.0,171174420.0,37733190.0,56445660.0,0.0,173899000.0,33725920.0,264070580.0
2017-09-15,8230.0,8290.0,8100.0,8140.0,114966.0,-0.9732360097323601,164096770.0,0.0,535959670.0,238258870.0,360312680.0,0.0,337630660.0,240371970.0,938315310.0
2017-09-18,8130.0,8160.0,8070.0,8150.0,109197.0,0.12285012285012285,192694650.0,0.0,648538730.0,45044120.0,225794540.0,0.0,583811710.0,76671250.0,886277500.0
2017-09-19,8150.0,8160.0,8030.0,8040.0,84235.0,-1.3496932515337423,33608760.0,0.0,608024630.0,37516280.0,261177490.0,0.0,353303060.0,64669120.0,679149670.0
2017-09-20,8060.0,8080.0,7960.0,7980.0,103398.0,-0.7462686567164178,301662010.0,0.0,486594980.0,39042740.0,295244630.0,0.0,455493390.0,76561710.0,827299730.0
2017-09-21,7980.0,8040.0,7860.0,7860.0,73176.0,-1.5037593984962405,3361090.0,0.0,544680770.0,31840180.0,33709680.0,0.0,515843860.0,30328500.0,579882040.0
2017-09-22,7840.0,7850.0,7670.0,7690.0,93423.0,-2.1628498727735366,131418220.0,15600000.0,516486310.0,61737550.0,154024300.0,1559500.0,481406760.0,88251520.0,725242080.0
2017-09-25,7530.0,7640.0,7120.0,7120.0,330071.0,-7.412223667100131,189780630.0,0.0,2102665310.0,119037830.0,1621705200.0,0.0,753183510.0,36595060.0,2411483770.0
2017-09-26,6860.0,7140.0,6860.0,7120.0,152483.0,0.0,352664360.0,0.0,442871250.0,282886810.0,636236990.0,0.0,438799440.0,3385990.0,1078422420.0
2017-09-27,7120.0,7220.0,7010.0,7020.0,85670.0,-1.4044943820224718,98057030.0,0.0,427810110.0,77686130.0,244982130.0,0.0,176238140.0,182333000.0,603553270.0
2017-09-28,7000.0,7130.0,7000.0,7130.0,83116.0,1.566951566951567,114431260.0,1775000.0,258411630.0,213478670.0,335783070.0,0.0,198206020.0,54107470.0,588096560.0
2017-09-29,7080.0,7180.0,7080.0,7180.0,85859.0,0.7012622720897616,225033180.0,0.0,288159450.0,99188590.0,449243800.0,0.0,117153020.0,45984400.0,612381220.0
2017-10-10,7260.0,7280.0,7120.0,7140.0,85367.0,-0.5571030640668524,37400460.0,14310000.0,440661520.0,120873120.0,239751570.0,0.0,281788420.0,91705110.0,613245100.0
2017-10-11,7120.0,7280.0,7120.0,7260.0,49039.0,1.680672268907563,94129000.0,7230000.0,148317430.0,104772050.0,116771970.0,0.0,182154630.0,55521880.0,354448480.0
2017-10-12,7260.0,7330.0,7190.0,7250.0,58194.0,-0.13774104683195593,48332390.0,0.0,332998820.0,39967880.0,279864840.0,0.0,99577050.0,41857200.0,421299090.0
2017-10-13,7220.0,7280.0,7100.0,7160.0,93864.0,-1.2413793103448276,144267700.0,0.0,444445640.0,84318480.0,534134050.0,0.0,115275250.0,23622520.0,673031820.0
2017-10-16,7160.0,7450.0,7140.0,7420.0,87998.0,3.6312849162011176,341572790.0,0.0,233402790.0,67021340.0,172546070.0,0.0,445698570.0,23752280.0,641996920.0
2017-10-17,7420.0,7470.0,7310.0,7320.0,52356.0,-1.3477088948787064,72115940.0,0.0,285759830.0,28012660.0,149287420.0,0.0,158110190.0,78490820.0,385888430.0
2017-10-18,7320.0,7400.0,7210.0,7270.0,70539.0,-0.6830601092896175,31298920.0,0.0,471631840.0,8174710.0,246611530.0,0.0,225405020.0,39088920.0,511105470.0
2017-10-19,7250.0,7300.0,7160.0,7220.0,79215.0,-0.6877579092159559,33804700.0,0.0,488408720.0,47651540.0,316234250.0,0.0,175570030.0,78060680.0,569864960.0
2017-10-20,7240.0,7240.0,7100.0,7120.0,87505.0,-1.3850415512465373,14430550.0,0.0,510517450.0,99223490.0,256723150.0,0.0,229930770.0,137517570.0,624171490.0
2017-10-23,7120.0,7130.0,7010.0,7050.0,169532.0,-0.9831460674157303,2403000.0,0.0,1068282160.0,126269660.0,276742040.0,0.0,628125160.0,292087620.0,1196954820.0
2017-10-24,7050.0,7060.0,6980.0,7020.0,217605.0,-0.425531914893617,107924950.0,0.0,1054896150.0,363836230.0,855489920.0,0.0,238963460.0,432203950.0,1526657330.0
2017-10-25,6990.0,7030.0,6960.0,7010.0,231352.0,-0.14245014245014245,76731320.0,0.0,968508260.0,573685000.0,710155940.0,16473500.0,438977300.0,453317840.0,1618924580.0
2017-10-26,7070.0,7070.0,6970.0,6980.0,347873.0,-0.42796005706134094,149913120.0,1399000.0,1399757220.0,884902010.0,919103310.0,0.0,691068570.0,825799470.0,2435971350.0
2017-10-27,6990.0,7210.0,6960.0,7080.0,384873.0,1.4326647564469914,224318540.0,0.0,1333676630.0,1149778200.0,1203638660.0,23938690.0,657967970.0,822228050.0,2707773370.0
2017-10-30,7080.0,7250.0,7040.0,7220.0,293470.0,1.977401129943503,178561210.0,0.0,1084638100.0,835617310.0,371798910.0,1445000.0,1279411000.0,446161710.0,2098816620.0
2017-10-31,7230.0,7340.0,7170.0,7310.0,241545.0,1.2465373961218837,299438170.0,0.0,1138745530.0,317082300.0,108959640.0,0.0,1058003910.0,588302450.0,1755266000.0
2017-11-01,7320.0,7360.0,7070.0,7120.0,359245.0,-2.5991792065663475,22343120.0,143200.0,2418287700.0,146033050.0,481392330.0,0.0,1282057530.0,823357210.0,2586807070.0
2017-11-02,7120.0,7180.0,6950.0,6980.0,356336.0,-1.9662921348314606,37410520.0,139900.0,2397872680.0,62548900.0,522925120.0,0.0,1261452430.0,713594450.0,2497972000.0
2017-11-03,7010.0,7040.0,6940.0,6980.0,173645.0,0.0,69638370.0,0.0,1062884070.0,78657260.0,258326160.0,0.0,517575800.0,435277740.0,1211179700.0
2017-11-06,6980.0,6980.0,6800.0,6810.0,287809.0,-2.4355300859598854,29613810.0,0.0,1911408810.0,29826090.0,348072860.0,0.0,924871070.0,697904780.0,1970848710.0
2017-11-07,6810.0,6810.0,6610.0,6710.0,569816.0,-1.4684287812041115,1037164860.0,199500.0,2531459110.0,236543370.0,1137912400.0,0.0,1628214720.0,1039239720.0,3805366840.0
2017-11-08,6710.0,6790.0,6700.0,6730.0,200758.0,0.29806259314456035,47678420.0,141110.0,1082570620.0,219986790.0,141377310.0,114154340.0,531015630.0,563829660.0,1350376940.0
2017-11-09,6730.0,6860.0,6690.0,6790.0,251299.0,0.8915304606240713,119433390.0,0.0,1218583370.0,366412960.0,140859730.0,0.0,993662450.0,569907540.0,1704429720.0
2017-11-10,6770.0,6880.0,6740.0,6800.0,151128.0,0.14727540500736377,129998210.0,0.0,827849750.0,71807170.0,943380.0,0.0,589219180.0,439492570.0,1029655130.0
2017-11-13,6850.0,6850.0,6700.0,6730.0,174838.0,-1.0294117647058822,23231310.0,6700000.0,1097964420.0,50647760.0,65243680.0,0.0,614107290.0,499192520.0,1178543490.0
2017-11-14,6740.0,6790.0,6680.0,6690.0,218723.0,-0.5943536404160475,916290.0,0.0,1206949220.0,259863080.0,345288600.0,36542020.0,608097980.0,477799990.0,1467728590.0
2017-11-15,6740.0,7410.0,6620.0,6620.0,947845.0,-1.046337817638266,372545560.0,6690430.0,5658780980.0,465237070.0,762633210.0,611610.0,4193152530.0,1546856690.0,6503254040.0
2017-11-16,6630.0,6740.0,6600.0,6660.0,244229.0,0.6042296072507553,244548290.0,0.0,970522620.0,414867670.0,511052900.0,0.0,729901760.0,388983920.0,1629938580.0
2017-11-17,6660.0,6840.0,6660.0,6800.0,201556.0,2.1021021021021022,134228670.0,0.0,992039250.0,236744550.0,1167460.0,0.0,865779260.0,496065750.0,1363012470.0
2017-11-20,6760.0,6960.0,6760.0,6900.0,200142.0,1.4705882352941175,133116030.0,0.0,1097100680.0,144521090.0,3190540.0,0.0,994873210.0,376674050.0,1374737800.0
2017-11-21,6940.0,6940.0,6790.0,6820.0,246147.0,-1.1594202898550725,213007370.0,0.0,1326252300.0,138351970.0,75651160.0,0.0,917213340.0,684747140.0,1677611640.0
2017-11-22,6820.0,6880.0,6710.0,6800.0,183994.0,-0.2932551319648094,2625910.0,0.0,1223888050.0,21992390.0,11678930.0,0.0,720958930.0,515868490.0,1248506350.0
2017-11-23,6800.0,6920.0,6750.0,6890.0,125774.0,1.3235294117647058,153941680.0,0.0,630616250.0,73318930.0,94840700.0,0.0,563345670.0,199690490.0,857876860.0
2017-11-24,6900.0,6920.0,6790.0,6790.0,208025.0,-1.4513788098693758,203528470.0,0.0,1204743840.0,16221380.0,346925310.0,0.0,691592030.0,385976350.0,1424493690.0
2017-11-27,6890.0,6950.0,6720.0,6790.0,282459.0,0.0,417940980.0,0.0,1356315420.0,147957840.0,642877880.0,0.0,820502000.0,458834360.0,1922214240.0
2017-11-28,6790.0,6830.0,6710.0,6710.0,155319.0,-1.1782032400589102,52153490.0,0.0,949320710.0,48762760.0,223729150.0,0.0,557315440.0,269192370.0,1050236960.0
2017-11-29,6680.0,6810.0,6670.0,6800.0,132779.0,1.3412816691505216,194645560.0,6820.0,573235270.0,127712230.0,3282880.0,0.0,595799820.0,296517180.0,895599880.0
2017-11-30,6800.0,6800.0,6710.0,6740.0,151740.0,-0.8823529411764706,169316400.0,0.0,782532290.0,69166640.0,5882920.0,0.0,394964510.0,620167900.0,1021015330.0
2017-12-01,6750.0,6790.0,6710.0,6740.0,177351.0,0.0,56677740.0,0.0,924120430.0,216407690.0,523658840.0,0.0,397590830.0,275956190.0,1197205860.0
2017-12-04,6810.0,6820.0,6730.0,6770.0,208874.0,0.44510385756676557,621064910.0,0.0,620551200.0,172320990.0,611558120.0,0.0,718480250.0,83898730.0,1413937100.0
2017-12-05,6770.0,7070.0,6750.0,6860.0,546948.0,1.329394387001477,219300610.0,12160310.0,2654808380.0,891004880.0,1206112690.0,146490.0,2462272310.0,108742690.0,3777274180.0
2017-12-06,6870.0,6920.0,6800.0,6840.0,204397.0,-0.2915451895043732,346509520.0,0.0,778770070.0,275427700.0,346865350.0,0.0,844081050.0,209760890.0,1400707290.0
2017-12-07,6850.0,6870.0,6680.0,6730.0,283617.0,-1.608187134502924,147209390.0,6750000.0,1605192520.0,152476520.0,57853550.0,0.0,1392085580.0,461689300.0,1911628430.0
2017-12-08,6750.0,6850.0,6680.0,6840.0,206208.0,1.634472511144131,452795370.0,0.0,728859620.0,216297780.0,14684020.0,1405530.0,1020411390.0,361451830.0,1397952770.0
2017-12-11,6860.0,6940.0,6750.0,6920.0,158425.0,1.1695906432748537,396210750.0,0.0,595389740.0,94478740.0,46925540.0,0.0,868753350.0,170400340.0,1086079230.0
2017-12-12,6920.0,6920.0,6810.0,6830.0,108027.0,-1.300578034682081,4726180.0,0.0,592617770.0,143090310.0,172786480.0,0.0,427206200.0,140441580.0,740434260.0
2017-12-13,6830.0,7050.0,6820.0,7030.0,311706.0,2.9282576866764276,388407130.0,0.0,1498985600.0,290453220.0,2802000.0,0.0,2004870650.0,170173300.0,2177845950.0
2017-12-14,7030.0,7050.0,6870.0,6900.0,173270.0,-1.849217638691323,19903320.0,27820000.0,1124380920.0,32961420.0,7852890.0,0.0,993763760.0,203449010.0,1205065660.0
2017-12-15,6900.0,7250.0,6830.0,7170.0,373087.0,3.91304347826087,558784430.0,14330000.0,1480111480.0,585213160.0,114886060.0,6880.0,2364475090.0,159071040.0,2638439070.0
2017-12-18,7280.0,7320.0,7140.0,7250.0,244970.0,1.1157601115760112,346653210.0,0.0,1366783000.0,56560760.0,104941530.0,0.0,1358122870.0,306932570.0,1769996970.0
2017-12-19,7220.0,7220.0,6970.0,7020.0,260325.0,-3.1724137931034484,250377250.0,0.0,1572655620.0,13030620.0,263873650.0,0.0,1092552500.0,479637340.0,1836063490.0
2017-12-20,7040.0,7190.0,7010.0,7030.0,174285.0,0.14245014245014245,98978200.0,0.0,1120805360.0,19113560.0,96798530.0,0.0,1051489340.0,90609250.0,1238897120.0
2017-12-21,7030.0,7120.0,6920.0,6930.0,453369.0,-1.422475106685633,2395156380.0,0.0,625783260.0,37271500.0,112281850.0,0.0,2804794840.0,141134450.0,3058211140.0
2017-12-22,7010.0,7120.0,6940.0,6980.0,145766.0,0.7215007215007215,41462550.0,0.0,953344400.0,28881770.0,48009560.0,0.0,852638500.0,123040660.0,1023688720.0
2017-12-26,7000.0,7120.0,6930.0,7050.0,152988.0,1.002865329512894,301940950.0,0.0,698173290.0,74532970.0,106694590.0,0.0,901706950.0,66245670.0,1074647210.0
2017-12-27,7000.0,7040.0,6850.0,6980.0,122809.0,-0.9929078014184398,44140430.0,0.0,758627440.0,51109690.0,8261890.0,0.0,731639340.0,113976330.0,853877560.0
2017-12-28,6970.0,7100.0,6950.0,7100.0,115579.0,1.7191977077363898,112498990.0,0.0,676040720.0,24072240.0,117659730.0,0.0,657885460.0,37066760.0,812611950.0
2018-01-02,7090.0,7130.0,7030.0,7110.0,115836.0,0.14084507042253522,172492150.0,0.0,616149700.0,32860910.0,12086850.0,0.0,700636520.0,108779390.0,821502760.0
2018-01-03,7150.0,7160.0,7050.0,7060.0,121666.0,-0.7032348804500703,1082090.0,0.0,842133440.0,19603640.0,23372130.0,0.0,779112230.0,60334810.0,862819170.0
2018-01-04,7070.0,7120.0,6940.0,6940.0,253191.0,-1.69971671388102,224778670.0,0.0,1529591970.0,15214530.0,374790420.0,0.0,1219599740.0,175195010.0,1769585170.0
2018-01-05,6960.0,7140.0,6930.0,6950.0,246140.0,0.1440922190201729,6867840.0,0.0,1573902740.0,148424320.0,351818950.0,0.0,1224998270.0,152377680.0,1729194900.0
2018-01-08,6950.0,6950.0,6830.0,6870.0,149941.0,-1.1510791366906474,124877350.0,0.0,896092040.0,12274060.0,799700.0,0.0,989541550.0,42902200.0,1033243450.0
2018-01-09,6820.0,7070.0,6820.0,7040.0,228884.0,2.4745269286754,164608070.0,0.0,1406908400.0,24019780.0,21420150.0,0.0,1407665820.0,166450280.0,1595536250.0
2018-01-10,7040.0,7140.0,6990.0,7100.0,216175.0,0.8522727272727272,462893990.0,0.0,900705320.0,167147620.0,3112930.0,0.0,1348121300.0,179512700.0,1530746930.0
2018-01-11,7190.0,7190.0,7090.0,7130.0,138743.0,0.42253521126760557,377025940.0,0.0,604138670.0,7025390.0,35941110.0,0.0,878435060.0,73813830.0,988190000.0
2018-01-12,7130.0,7190.0,7030.0,7050.0,154903.0,-1.1220196353436185,199067210.0,0.0,828920770.0,72701030.0,4176360.0,0.0,962079930.0,134432720.0,1100689010.0
2018-01-15,7130.0,7130.0,7010.0,7080.0,112764.0,0.425531914893617,131502820.0,70500.0,581055130.0,82012950.0,194892770.0,0.0,559472590.0,40276040.0,794641400.0
2018-01-16,7080.0,7100.0,6950.0,7100.0,122708.0,0.2824858757062147,98570340.0,258500.0,689460670.0,73393940.0,42795200.0,7777000.0,691639860.0,119471390.0,861683450.0
2018-01-17,7090.0,7490.0,7030.0,7490.0,515252.0,5.492957746478874,354066950.0,0.0,3176851680.0,258038080.0,668318100.0,7175080.0,2968300290.0,145163240.0,3788956710.0
2018-01-18,7500.0,8600.0,7400.0,8190.0,4381863.0,9.345794392523365,3276613350.0,98995540.0,28865388980.0,2810180320.0,4707014210.0,2950200.0,29535096830.0,806116950.0,35051178190.0
2018-01-19,8300.0,8440.0,7890.0,8200.0,935134.0,0.1221001221001221,1013660340.0,225653310.0,5245264750.0,1147277640.0,942717140.0,0.0,6211613240.0,477525660.0,7631856040.0
2018-01-22,8180.0,9180.0,8090.0,8730.0,1563149.0,6.463414634146342,2220538510.0,154950630.0,10272794850.0,953573350.0,796055940.0,10230460.0,11874030110.0,921540830.0,13601857340.0
2018-01-23,8760.0,9030.0,8660.0,8990.0,701164.0,2.978235967926689,1505877030.0,55395690.0,3967613370.0,683069660.0,1020257010.0,149146810.0,4629233030.0,413318900.0,6211955750.0
2018-01-24,8990.0,8990.0,8600.0,8750.0,495019.0,-2.6696329254727478,480903370.0,56297010.0,3463168040.0,355148490.0,536825770.0,623000.0,3460735430.0,357332710.0,4355516910.0
2018-01-25,8630.0,8780.0,8290.0,8410.0,653126.0,-3.8857142857142852,576903330.0,1651100.0,4374552840.0,597708500.0,854476490.0,167163210.0,4056680220.0,472495850.0,5550815770.0
2018-01-26,8440.0,8790.0,8440.0,8790.0,398636.0,4.5184304399524375,515034120.0,32832120.0,2350088060.0,546180370.0,174376700.0,70878480.0,2527717140.0,671162350.0,3444134670.0
2018-01-29,8900.0,8900.0,8540.0,8600.0,272230.0,-2.1615472127417523,64669500.0,32932600.0,2003482850.0,271198380.0,167246160.0,1046650.0,1890886790.0,313103730.0,2372283330.0
2018-01-30,8610.0,8800.0,8540.0,8620.0,199096.0,0.23255813953488372,25811800.0,0.0,1387475800.0,315946610.0,135351430.0,7884000.0,1331632980.0,254365800.0,1729234210.0
2018-01-31,8630.0,9750.0,8630.0,9410.0,2297397.0,9.164733178654293,2032900720.0,144450.0,17393380980.0,1903724840.0,325391990.0,13362630.0,20103514890.0,887881480.0,21330150990.0
2018-02-01,9400.0,9470.0,9040.0,9060.0,631517.0,-3.7194473963868226,425293830.0,21091000.0,5130267030.0,239943550.0,990814950.0,0.0,4244939350.0,580841110.0,5816595410.0
2018-02-02,9060.0,9400.0,9000.0,9020.0,501872.0,-0.44150110375275936,692853980.0,3591360.0,3649045520.0,260819130.0,912588330.0,92000.0,3112475900.0,581153760.0,4606309990.0
2018-02-05,8950.0,8960.0,8510.0,8650.0,356842.0,-4.1019955654102,249594230.0,95237840.0,2602481950.0,160924140.0,308443450.0,0.0,2547393720.0,252400990.0,3108238160.0
2018-02-06,8230.0,8400.0,8050.0,8350.0,510583.0,-3.4682080924855487,479650410.0,1989140.0,3038190230.0,684815880.0,694944850.0,10340560.0,3232734430.0,266625820.0,4204645660.0
2018-02-07,8390.0,8630.0,7960.0,8060.0,381437.0,-3.473053892215569,350085640.0,8060000.0,2250550670.0,580209170.0,426049510.0,0.0,2418199740.0,344656230.0,3188905480.0
2018-02-08,8190.0,8500.0,8170.0,8470.0,307491.0,5.086848635235732,217836610.0,127080270.0,1633599100.0,597859760.0,34206190.0,8385000.0,2400006270.0,133778280.0,2576375740.0
2018-02-09,8180.0,8410.0,8180.0,8380.0,259589.0,-1.062573789846517,580003420.0,70707940.0,1297880340.0,210361180.0,46160660.0,0.0,1737827920.0,374964300.0,2158952880.0
2018-02-12,8420.0,8870.0,8410.0,8610.0,378328.0,2.7446300715990453,669619290.0,425697850.0,1823822190.0,344947810.0,110800510.0,0.0,2053818530.0,1099468100.0,3264087140.0
2018-02-13,8650.0,8760.0,8420.0,8420.0,218772.0,-2.2067363530778166,201922810.0,199836000.0,1435891120.0,39977590.0,24170580.0,17633500.0,1301700320.0,534123120.0,1877627520.0
2018-02-14,8430.0,9430.0,8430.0,8900.0,1100782.0,5.7007125890736345,2035130570.0,26950000.0,7458789570.0,383554750.0,532902000.0,27162000.0,8449276590.0,895084300.0,9904424890.0
2018-02-19,8990.0,9120.0,8840.0,8990.0,278805.0,1.0112359550561798,829673430.0,0.0,1308589580.0,372265710.0,281623220.0,112714170.0,1683592850.0,432598480.0,2510528720.0
2018-02-20,9000.0,9090.0,8700.0,8750.0,234590.0,-2.6696329254727478,326251860.0,118807470.0,1519209740.0,112269110.0,634184490.0,57772680.0,1193383810.0,191197200.0,2076538180.0
2018-02-21,8860.0,9120.0,8810.0,8990.0,277640.0,2.742857142857143,660054530.0,13388500.0,1552298350.0,263525480.0,337863440.0,3902840.0,1863279130.0,284221450.0,2489266860.0
2018-02-22,8940.0,9110.0,8810.0,9080.0,220950.0,1.0011123470522802,714857640.0,0.0,1080107290.0,188945940.0,14255480.0,0.0,1817561710.0,152093680.0,1983910870.0
2018-02-23,9180.0,9650.0,9170.0,9640.0,786116.0,6.167400881057269,2299177280.0,768750.0,4199144120.0,929546910.0,483893640.0,3807190.0,6544166520.0,396769710.0,7428637060.0
2018-02-26,9800.0,9990.0,9240.0,9400.0,576169.0,-2.4896265560165975,826983280.0,959500.0,4640200060.0,86921960.0,568685320.0,0.0,4323445200.0,662934280.0,5555064800.0
2018-02-27,9400.0,9540.0,9070.0,9410.0,428877.0,0.10638297872340426,1027230740.0,0.0,2801242850.0,153246740.0,1033599700.0,16727210.0,2454518470.0,476874950.0,3981720330.0
2018-02-28,9390.0,9490.0,8980.0,9000.0,277773.0,-4.357066950053135,378034760.0,0.0,1833302650.0,334604000.0,799252990.0,0.0,1653247470.0,93440950.0,2545941410.0
2018-03-02,8960.0,9110.0,8720.0,9060.0,218591.0,0.6666666666666667,609889770.0,0.0,1278869150.0,50080650.0,398231690.0,0.0,1393467990.0,147139890.0,1938839570.0
2018-03-05,9140.0,9140.0,8800.0,8810.0,123224.0,-2.759381898454746,184010740.0,0.0,850179550.0,62545310.0,2327490.0,0.0,678456160.0,415951950.0,1096735600.0
2018-03-06,8780.0,8910.0,8750.0,8750.0,138970.0,-0.681044267877412,210766930.0,0.0,929043540.0,83563120.0,322151520.0,19400340.0,839357690.0,42464040.0,1223373590.0
2018-03-07,8730.0,8800.0,8210.0,8330.0,336028.0,-4.8,209932470.0,99503100.0,2184242140.0,349126700.0,661720330.0,0.0,1652797620.0,528286460.0,2842804410.0
2018-03-08,8300.0,8450.0,8150.0,8180.0,317792.0,-1.800720288115246,515511700.0,0.0,1712837330.0,401213610.0,597753590.0,32964490.0,1317522860.0,681321700.0,2629562640.0
2018-03-09,8270.0,8550.0,8220.0,8360.0,249541.0,2.2004889975550124,468223470.0,79933690.0,1233671680.0,313757770.0,460737570.0,0.0,1345290680.0,289558360.0,2095586610.0
2018-03-12,8500.0,8650.0,8450.0,8640.0,135567.0,3.349282296650718,290817550.0,76775110.0,588544110.0,205930290.0,235836640.0,39038860.0,612239980.0,274951580.0,1162067060.0
2018-03-13,8660.0,8760.0,8490.0,8640.0,165390.0,0.0,277561060.0,173071210.0,963363880.0,13294570.0,254281790.0,0.0,839269530.0,333739400.0,1427290720.0
2018-03-14,8620.0,8620.0,8510.0,8520.0,137913.0,-1.3888888888888888,265540540.0,68443210.0,843773250.0,632290.0,491092100.0,42702020.0,429123870.0,215471300.0,1178389290.0
2018-03-15,8520.0,8650.0,8480.0,8500.0,123937.0,-0.2347417840375587,236918970.0,128469750.0,564890020.0,126279070.0,395192250.0,229500.0,460058230.0,201077830.0,1056557810.0
2018-03-16,8470.0,8620.0,8430.0,8620.0,163057.0,1.411764705882353,412510440.0,63832780.0,617436630.0,299292850.0,89524020.0,14804430.0,428269370.0,860474880.0,1393072700.0
2018-03-19,8620.0,8720.0,8410.0,8430.0,145972.0,-2.2041763341067284,369844350.0,124061360.0,643124130.0,103885360.0,683160200.0,0.0,317861950.0,239893050.0,1240915200.0
2018-03-20,8440.0,8490.0,8260.0,8320.0,183426.0,-1.3048635824436536,186433710.0,108632130.0,1173192390.0,61348810.0,961102030.0,0.0,516936910.0,51568100.0,1529607040.0
2018-03-21,8280.0,8420.0,8170.0,8250.0,161659.0,-0.8413461538461539,13038640.0,41203250.0,1082719710.0,193307090.0,618524730.0,0.0,687172470.0,24571490.0,1330268690.0
2018-03-22,8220.0,8370.0,8210.0,8300.0,125032.0,0.6060606060606061,170621100.0,50037190.0,554883560.0,259386330.0,432261760.0,8330.0,543787880.0,58870210.0,1034928180.0
2018-03-23,8190.0,8300.0,8140.0,8160.0,162757.0,-1.6867469879518073,215167480.0,37748430.0,836021820.0,247704660.0,336292050.0,2460000.0,749225560.0,248664780.0,1336642390.0
2018-03-26,8160.0,8280.0,8040.0,8120.0,134150.0,-0.49019607843137253,108109410.0,60061250.0,594810330.0,323041920.0,193663950.0,0.0,712609310.0,179749650.0,1086022910.0
2018-03-27,8250.0,8500.0,8150.0,8500.0,149370.0,4.679802955665025,354715830.0,8219280.0,589303180.0,298929960.0,184038050.0,0.0,971596080.0,95534120.0,1251168250.0
2018-03-28,8700.0,8700.0,8120.0,8170.0,224473.0,-3.882352941176471,333965910.0,0.0,1426554790.0,105834450.0,449775630.0,0.0,1074055300.0,342524220.0,1866355150.0
2018-03-29,8230.0,8490.0,8230.0,8470.0,118495.0,3.6719706242350063,224546730.0,8363260.0,427299110.0,336314240.0,191341060.0,0.0,687987740.0,117194540.0,996523340.0
2018-03-30,8540.0,8540.0,8310.0,8390.0,130277.0,-0.9445100354191263,334441730.0,42412990.0,554295990.0,168012110.0,479673950.0,0.0,455152770.0,164336100.0,1099162820.0
2018-04-02,8510.0,8810.0,8390.0,8440.0,303815.0,0.5959475566150179,433892630.0,0.0,2078254430.0,100097350.0,699174210.0,0.0,1753214500.0,159855700.0,2612244410.0
2018-04-03,8380.0,8500.0,8220.0,8410.0,214785.0,-0.35545023696682465,273657370.0,8250.0,1370122640.0,146606920.0,899312200.0,0.0,632066980.0,259016000.0,1790395180.0
2018-04-04,8490.0,8490.0,8160.0,8200.0,156711.0,-2.4970273483947683,160516360.0,103720400.0,1001991530.0,28644310.0,612330670.0,0.0,485921160.0,196620770.0,1294872600.0
2018-04-05,8200.0,8350.0,8130.0,8200.0,87546.0,0.0,10005030.0,73893130.0,549669950.0,83515850.0,265620520.0,0.0,365457170.0,86006270.0,717083960.0
2018-04-06,8200.0,8270.0,8040.0,8120.0,86742.0,-0.975609756097561,5793720.0,0.0,687802980.0,10749010.0,212566180.0,1284100.0,424831340.0,65664090.0,704345710.0
2018-04-09,8160.0,8210.0,8000.0,8040.0,164785.0,-0.9852216748768473,88740770.0,0.0,1036268670.0,201793130.0,589572570.0,0.0,592730760.0,144499240.0,1326802570.0
2018-04-10,8030.0,8080.0,7830.0,7920.0,326525.0,-1.4925373134328357,445029470.0,125760.0,1810853590.0,326435990.0,1523596820.0,0.0,927561330.0,131286660.0,2582444810.0
2018-04-11,8080.0,8080.0,7890.0,7980.0,134656.0,0.7575757575757576,207384250.0,0.0,658084980.0,207010300.0,524131460.0,0.0,474691910.0,73656160.0,1072479530.0
2018-04-12,8000.0,8050.0,7770.0,7900.0,246789.0,-1.0025062656641603,282766220.0,0.0,1436646890.0,223129530.0,1239512830.0,0.0,589965970.0,113063840.0,1942542640.0
2018-04-13,7940.0,7970.0,7590.0,7620.0,353848.0,-3.5443037974683547,403870170.0,0.0,1956654880.0,392248030.0,1222113110.0,0.0,702560600.0,828099370.0,2752773080.0
2018-04-16,7630.0,7720.0,7490.0,7560.0,214155.0,-0.7874015748031495,66665080.0,3497750.0,1121182390.0,425326260.0,345677680.0,52595700.0,879853910.0,338544190.0,1616671480.0
2018-04-17,7610.0,7670.0,7510.0,7540.0,164541.0,-0.26455026455026454,9746450.0,15100.0,982913550.0,252505980.0,778075420.0,0.0,426434650.0,40671010.0,1245181080.0
2018-04-18,7580.0,8710.0,7580.0,8010.0,1172487.0,6.23342175066313,317513850.0,0.0,7384516120.0,1806885380.0,1970909020.0,0.0,6338666390.0,1199339940.0,9508915350.0
2018-04-19,8010.0,8200.0,7700.0,8200.0,227566.0,2.3720349563046192,266367280.0,200600640.0,979542040.0,374594200.0,54187380.0,0.0,1350802690.0,416114090.0,1821104160.0
2018-04-20,8210.0,8590.0,8100.0,8470.0,330344.0,3.2926829268292686,749441160.0,31067500.0,1701453520.0,292158010.0,214920270.0,0.0,2215227180.0,343972740.0,2774120190.0
2018-04-23,8550.0,8630.0,8240.0,8390.0,251261.0,-0.9445100354191263,297014910.0,0.0,1693438790.0,118980660.0,390762040.0,3816120.0,1258142780.0,456713420.0,2109434360.0
2018-04-24,8390.0,8880.0,8300.0,8560.0,293276.0,2.026221692491061,296510990.0,16187510.0,1927573780.0,262931370.0,35414810.0,0.0,2190880130.0,276908710.0,2503203650.0
2018-04-25,8560.0,9090.0,8510.0,8970.0,565430.0,4.789719626168224,1700601580.0,0.0,2773728200.0,534311310.0,101348580.0,52740000.0,4355990380.0,498562130.0,5008641090.0
2018-04-26,8990.0,9310.0,8850.0,8930.0,633896.0,-0.4459308807134894,2018418390.0,170462040.0,2875583750.0,738271090.0,885114660.0,367287590.0,4043373150.0,506959870.0,5802735270.0
2018-04-27,8960.0,9120.0,8930.0,9080.0,170520.0,1.6797312430011198,366245690.0,0.0,939507160.0,234261460.0,103764710.0,0.0,1264579860.0,171669740.0,1540014310.0
2018-04-30,8900.0,8900.0,8540.0,8540.0,358764.0,-5.947136563876652,228119690.0,6054100.0,2452941080.0,417282640.0,618511320.0,0.0,1933943730.0,551942460.0,3104397510.0
2018-05-02,8530.0,9160.0,8150.0,9050.0,331558.0,5.971896955503513,1038905760.0,0.0,1562757860.0,309843590.0,27639910.0,0.0,2328371890.0,555495410.0,2911507210.0
2018-05-03,9120.0,9600.0,9120.0,9220.0,803267.0,1.8784530386740332,1245758650.0,186885680.0,4676097670.0,1445011330.0,865762630.0,0.0,6054316680.0,633674020.0,7553753330.0
2018-05-04,9230.0,9460.0,8950.0,9000.0,274860.0,-2.386117136659436,7776100.0,119430170.0,2110021470.0,272135650.0,536790040.0,4690500.0,1182232930.0,785649920.0,2509363390.0
2018-05-08,9000.0,9200.0,8930.0,8950.0,198897.0,-0.5555555555555556,332942900.0,0.0,1374134740.0,87508790.0,29300100.0,0.0,1187987160.0,577299170.0,1794586430.0
2018-05-09,8970.0,9120.0,8710.0,8800.0,221341.0,-1.675977653631285,60573630.0,0.0,1788784980.0,103859710.0,40782880.0,0.0,1082591500.0,829843940.0,1953218320.0
2018-05-10,8960.0,10650.0,8520.0,9770.0,1831657.0,11.022727272727273,2304401770.0,84151660.0,14800844820.0,630733740.0,2073610350.0,258723130.0,14185146900.0,1302651610.0,17820131990.0
2018-05-11,9770.0,10300.0,9730.0,9950.0,763374.0,1.842374616171955,2052739120.0,7948300.0,4260268340.0,1350800900.0,633019680.0,15170000.0,5895705910.0,1127861070.0,7671756660.0
2018-05-14,10000.0,10100.0,9530.0,9610.0,508154.0,-3.4170854271356785,942466520.0,19485800.0,3616584240.0,356041420.0,1142777230.0,0.0,3067301770.0,724498980.0,4934577980.0
2018-05-15,9620.0,9920.0,9520.0,9600.0,309693.0,-0.10405827263267431,1555200.0,99865070.0,2789950410.0,109946630.0,345071160.0,292500.0,1943571580.0,712382070.0,3001317310.0
2018-05-16,9580.0,9970.0,9510.0,9780.0,370602.0,1.875,735930310.0,99684960.0,2600262120.0,190967600.0,443559440.0,0.0,2515823320.0,667462230.0,3626844990.0
2018-05-17,9780.0,10550.0,9780.0,10150.0,842261.0,3.783231083844581,1770190290.0,8240000.0,5876185360.0,966379910.0,837270590.0,112219400.0,7127652530.0,543853040.0,8620995560.0
2018-05-18,10200.0,10350.0,9980.0,10200.0,350688.0,0.49261083743842365,228619220.0,79360000.0,3188717440.0,45430180.0,885222780.0,0.0,1885233440.0,771670620.0,3542126840.0
2018-05-21,10000.0,10600.0,9990.0,10050.0,511972.0,-1.4705882352941175,1302952950.0,0.0,3446813970.0,516737400.0,726227050.0,105545800.0,3581653470.0,853078000.0,5266504320.0
2018-05-23,10000.0,10050.0,9400.0,9700.0,420143.0,-3.482587064676617,600591600.0,54035000.0,2826105810.0,604902640.0,442680460.0,0.0,3303571160.0,339383430.0,4085635050.0
2018-05-24,9700.0,9780.0,9100.0,9460.0,548580.0,-2.4742268041237114,1196056200.0,5601000.0,3161407960.0,765498880.0,1521869820.0,8892300.0,2845913710.0,751888210.0,5128564040.0
2018-05-25,9230.0,9530.0,9120.0,9240.0,220904.0,-2.3255813953488373,267286570.0,0.0,1540920450.0,244215250.0,279357300.0,7432000.0,1519332490.0,246300480.0,2052422270.0
2018-05-28,9180.0,9520.0,9100.0,9380.0,335343.0,1.5151515151515151,215184730.0,130684540.0,2287052810.0,504254900.0,553039580.0,0.0,2232708540.0,351428860.0,3137176980.0
2018-05-29,9490.0,10100.0,9360.0,9960.0,618461.0,6.183368869936034,2508730580.0,121700720.0,3101314180.0,366481750.0,997649890.0,0.0,4323586200.0,776991140.0,6098227230.0
2018-05-30,9890.0,9960.0,9420.0,9560.0,389458.0,-4.016064257028113,446196680.0,3715000.0,3232053150.0,97305710.0,1241602600.0,21301000.0,1921965540.0,594401400.0,3779270540.0
2018-05-31,9580.0,9700.0,9350.0,9510.0,227276.0,-0.5230125523012552,480000820.0,6765200.0,1586027640.0,78897870.0,674806760.0,0.0,1149623040.0,327261730.0,2151691530.0
2018-06-01,9560.0,9670.0,9330.0,9460.0,137558.0,-0.5257623554153523,67179800.0,19857510.0,1101509610.0,113003670.0,384521500.0,0.0,794540570.0,122488520.0,1301550590.0
2018-06-04,9460.0,9480.0,9190.0,9220.0,208263.0,-2.536997885835095,14939330.0,7400000.0,1590828430.0,314655770.0,458810840.0,34308820.0,1190210240.0,244493630.0,1927823530.0
2018-06-05,9190.0,9480.0,9140.0,9140.0,220832.0,-0.8676789587852495,17606260.0,27540.0,1840737250.0,183618640.0,827182840.0,13120240.0,914283870.0,287402740.0,2041989690.0
2018-06-07,9140.0,9380.0,9070.0,9220.0,105964.0,0.87527352297593,32474800.0,0.0,822943290.0,121575160.0,91052930.0,46799900.0,606088180.0,233052240.0,976993250.0
2018-06-08,9250.0,9930.0,9220.0,9820.0,481562.0,6.507592190889371,747753310.0,78714610.0,2235398920.0,1590015230.0,380264490.0,26776000.0,3915454620.0,329386960.0,4651882070.0
2018-06-11,9820.0,10250.0,9820.0,9980.0,438975.0,1.6293279022403258,1633820810.0,3926250.0,2021567540.0,751775930.0,293117050.0,30150000.0,3798744220.0,289079260.0,4411090530.0
2018-06-12,10100.0,10150.0,9750.0,10000.0,269391.0,0.2004008016032064,488984590.0,119168560.0,1608190290.0,469728570.0,129676400.0,1623750.0,2002551330.0,552220530.0,2686072010.0
2018-06-14,10300.0,10500.0,10050.0,10100.0,422531.0,1.0,800003450.0,0.0,2893651700.0,629053350.0,568004500.0,187009400.0,3136438650.0,431255950.0,4322708500.0
2018-06-15,10100.0,10300.0,9900.0,9900.0,286672.0,-1.9801980198019802,1166776850.0,1715750.0,1408937910.0,324165600.0,247891750.0,113060850.0,1942849610.0,597793900.0,2901596110.0
2018-06-18,9970.0,10650.0,9970.0,10350.0,843846.0,4.545454545454546,2646434850.0,1244550.0,4588622280.0,1527176400.0,677078300.0,501656350.0,7043216680.0,541526750.0,8763478080.0
2018-06-19,10500.0,10500.0,9980.0,10150.0,317331.0,-1.932367149758454,714912800.0,0.0,2199347620.0,334101190.0,415205000.0,0.0,2163068710.0,670087900.0,3248361610.0
2018-06-20,10050.0,10350.0,9860.0,10300.0,214060.0,1.477832512315271,630666500.0,4955000.0,1392181360.0,130503730.0,153747240.0,54905940.0,1643225830.0,306427580.0,2158306590.0
2018-06-21,10300.0,11200.0,10200.0,11050.0,1177084.0,7.281553398058252,2025785250.0,74594650.0,8508191250.0,2224525600.0,940617400.0,243899400.0,10860707550.0,787872400.0,12833096750.0
2018-06-22,11050.0,11500.0,10650.0,10750.0,1592878.0,-2.7149321266968327,4156314100.0,17905000.0,12610431700.0,908091050.0,3002380450.0,251590000.0,11419086700.0,3019684700.0,17692741850.0
2018-06-25,10650.0,11150.0,10500.0,10750.0,514349.0,0.0,138232450.0,9667950.0,3968541200.0,1460653250.0,860606250.0,0.0,3699976250.0,1016512350.0,5577094850.0
2018-06-26,10750.0,10950.0,10200.0,10900.0,560698.0,1.3953488372093024,1436251500.0,13213550.0,4028117800.0,438368800.0,793600250.0,0.0,4166152250.0,956199150.0,5915951650.0
2018-06-27,11000.0,11250.0,9980.0,10100.0,965999.0,-7.339449541284404,2810212040.0,27405000.0,6788215360.0,485813180.0,2938510290.0,0.0,5897122590.0,1276012700.0,10111645580.0
2018-06-28,10100.0,10800.0,10000.0,10400.0,828416.0,2.9702970297029703,2253914700.0,0.0,5086650600.0,1337886500.0,709545750.0,197182650.0,7136876850.0,634846550.0,8678451800.0
2018-06-29,10600.0,11000.0,10300.0,10800.0,772193.0,3.8461538461538463,2559137250.0,0.0,4539285550.0,1151065750.0,254890350.0,10450000.0,6562759450.0,1421388750.0,8249488550.0
2018-07-02,10800.0,10950.0,10250.0,10500.0,460825.0,-2.7777777777777777,1113733300.0,49733350.0,3077317200.0,590000750.0,925147550.0,987100.0,3089530900.0,815119050.0,4830784600.0
2018-07-03,10500.0,10650.0,9990.0,10150.0,452472.0,-3.3333333333333335,200805250.0,20000000.0,3585842330.0,799606270.0,1066592460.0,1655750.0,3197803390.0,340202250.0,4606253850.0
2018-07-04,9950.0,10250.0,9930.0,9940.0,281193.0,-2.0689655172413794,318730260.0,10150.0,2147929950.0,352289560.0,340125970.0,29045950.0,2381540500.0,68247500.0,2818959920.0
2018-07-05,9980.0,10050.0,9340.0,9590.0,427253.0,-3.5211267605633805,772522200.0,19151160.0,2718895440.0,576573720.0,664803610.0,156617350.0,3008321190.0,257400370.0,4087142520.0
2018-07-06,9500.0,9760.0,9430.0,9720.0,190713.0,1.3555787278415017,233878480.0,0.0,1025230040.0,575484150.0,306901240.0,0.0,1236430790.0,291260640.0,1834592670.0
2018-07-09,9600.0,9810.0,9510.0,9540.0,186217.0,-1.8518518518518516,163459380.0,0.0,1269287210.0,352840560.0,555993560.0,6729710.0,1077150250.0,145713630.0,1785587150.0
2018-07-10,9730.0,10100.0,9720.0,10000.0,564697.0,4.821802935010482,473288590.0,0.0,3218541970.0,1904904640.0,900002720.0,9552750.0,3732522840.0,954656890.0,5596735200.0
2018-07-11,9870.0,10200.0,9820.0,10000.0,229836.0,0.0,245611970.0,0.0,954858680.0,1097934370.0,36426260.0,19980000.0,1738771040.0,503227720.0,2298405020.0
2018-07-12,10150.0,10450.0,9700.0,10300.0,317190.0,3.0,574004180.0,0.0,1541109900.0,1089025410.0,237360500.0,20512800.0,2509508860.0,436757330.0,3204139490.0
2018-07-13,10300.0,10400.0,9780.0,9790.0,431203.0,-4.951456310679612,49625520.0,13396000.0,4082957010.0,144304420.0,1591388120.0,0.0,1721672180.0,977222650.0,4290282950.0
2018-07-16,9790.0,9940.0,9540.0,9700.0,227843.0,-0.9193054136874361,85041670.0,3824000.0,1559639070.0,565405090.0,876266000.0,18159060.0,1298902420.0,20582350.0,2213909830.0
2018-07-17,9630.0,9680.0,8970.0,9080.0,896460.0,-6.391752577319587,476186870.0,29693100.0,6972095890.0,751919530.0,4658427770.0,30660460.0,3290148820.0,250658340.0,8229895390.0
2018-07-18,9100.0,9220.0,8300.0,9010.0,706542.0,-0.7709251101321586,955931150.0,34800.0,3341966370.0,1955077180.0,1790959680.0,39396250.0,3996679870.0,425973700.0,6253009500.0
2018-07-19,9050.0,9050.0,8620.0,8700.0,275412.0,-3.4406215316315207,49688440.0,0.0,1982537280.0,368459200.0,807038220.0,15823340.0,1341824800.0,235998560.0,2400684920.0
2018-07-20,8700.0,9070.0,8610.0,9010.0,254489.0,3.5632183908045976,337814200.0,0.0,1123646230.0,800407040.0,85079960.0,8114000.0,1716706190.0,451967320.0,2261867470.0
2018-07-23,9060.0,9060.0,8710.0,8710.0,163785.0,-3.3296337402885685,334537140.0,0.0,927652140.0,183292010.0,44307100.0,0.0,927689260.0,473484930.0,1445481290.0
2018-07-24,8590.0,8910.0,8590.0,8770.0,166087.0,0.6888633754305395,334677750.0,2620000.0,652938850.0,467480720.0,159043280.0,16036680.0,1186354990.0,96282370.0,1457717320.0
2018-07-25,8710.0,8880.0,8530.0,8560.0,164515.0,-2.394526795895097,81054620.0,4310000.0,1059873780.0,278626640.0,245841530.0,10099360.0,970318200.0,197605950.0,1423865040.0
2018-07-26,8550.0,8940.0,8550.0,8840.0,155460.0,3.2710280373831773,428610760.0,5731180.0,731078870.0,189945410.0,209879330.0,8805000.0,1030350700.0,106331190.0,1355366220.0
2018-07-27,8820.0,8960.0,8710.0,8790.0,153710.0,-0.5656108597285068,235213860.0,0.0,895242560.0,222445520.0,228181990.0,0.0,898827650.0,225892300.0,1352901940.0
2018-07-30,8800.0,9050.0,8710.0,8970.0,138635.0,2.04778156996587,320631490.0,0.0,817265090.0,93913720.0,27744540.0,0.0,992382160.0,211683600.0,1231810300.0
2018-07-31,9050.0,9270.0,8910.0,9130.0,207966.0,1.7837235228539576,492422060.0,0.0,1044144340.0,369468690.0,18962140.0,1838000.0,1438407540.0,446827410.0,1906035090.0
2018-08-01,9120.0,9350.0,8800.0,8850.0,218511.0,-3.0668127053669223,39022940.0,6529790.0,1796686770.0,119154990.0,406537340.0,0.0,1085099510.0,469757640.0,1961394490.0
2018-08-02,8800.0,8940.0,8630.0,8660.0,133939.0,-2.1468926553672314,44767190.0,0.0,1068468390.0,56716790.0,482781070.0,0.0,649031130.0,38140170.0,1169952370.0
2018-08-03,8740.0,8960.0,8650.0,8800.0,204745.0,1.6166281755196306,115211020.0,1734000.0,1328840030.0,349509400.0,889290970.0,5319000.0,782455750.0,118228730.0,1795294450.0
2018-08-06,8760.0,9180.0,8760.0,9080.0,223760.0,3.1818181818181817,782229720.0,0.0,888528540.0,354571730.0,277008260.0,10962000.0,1586605730.0,150754000.0,2025329990.0
2018-08-07,9250.0,9460.0,9040.0,9310.0,298206.0,2.5330396475770924,742281660.0,0.0,1437480970.0,579902310.0,218221620.0,8378000.0,2238775140.0,294290180.0,2759664940.0
2018-08-08,9350.0,9430.0,9010.0,9010.0,208116.0,-3.22234156820623,109610930.0,1850000.0,1559750800.0,255258370.0,407308650.0,0.0,1008137150.0,511024300.0,1926470100.0
2018-08-09,9010.0,9450.0,9010.0,9290.0,266626.0,3.107658157602664,1192365330.0,0.0,790060880.0,508795450.0,616664460.0,31192200.0,1701891280.0,141473720.0,2491221660.0
2018-08-10,9270.0,9420.0,9120.0,9240.0,194080.0,-0.5382131324004306,572609490.0,0.0,869346340.0,362330070.0,198124010.0,0.0,860550610.0,745611280.0,1804285900.0
2018-08-13,9160.0,9400.0,9010.0,9120.0,185468.0,-1.2987012987012987,363130990.0,3916400.0,1042949280.0,295943940.0,297472180.0,19343940.0,1015074140.0,374050350.0,1705940610.0
2018-08-14,9210.0,9340.0,9000.0,9020.0,217404.0,-1.0964912280701753,199643350.0,1365000.0,1385667010.0,388195120.0,1037113570.0,89879160.0,648692360.0,199185390.0,1974870480.0
2018-08-16,9020.0,9090.0,8860.0,8870.0,129998.0,-1.662971175166297,101072010.0,2722400.0,739156450.0,318902770.0,348751000.0,0.0,747681390.0,65421240.0,1161853630.0
2018-08-17,8870.0,8990.0,8760.0,8890.0,184850.0,0.2254791431792559,89090140.0,8910.0,1165913640.0,382805600.0,698885500.0,0.0,781107680.0,157825110.0,1637818290.0
2018-08-20,8890.0,9080.0,8720.0,8750.0,174628.0,-1.574803149606299,33245220.0,53320.0,1272315180.0,236782370.0,731610840.0,0.0,732565570.0,78219680.0,1542396090.0
2018-08-21,8840.0,8840.0,8610.0,8680.0,270330.0,-0.8,47028140.0,8665890.0,1852513770.0,429470470.0,931821290.0,0.0,1134082170.0,271774810.0,2337678270.0
2018-08-22,8810.0,9060.0,8720.0,8740.0,421006.0,0.6912442396313364,426843660.0,1770000.0,2357208440.0,932631350.0,1194301300.0,0.0,2226561930.0,297590220.0,3718453450.0
2018-08-23,8940.0,8950.0,7970.0,8050.0,1381702.0,-7.894736842105263,251306640.0,35137060.0,9918555960.0,1263497020.0,4859475630.0,10796030.0,5885496780.0,712728240.0,11468496680.0
2018-08-24,8110.0,8250.0,8020.0,8150.0,616545.0,1.2422360248447204,410711790.0,0.0,3834719040.0,782628470.0,1533109300.0,0.0,3300903560.0,194046440.0,5028059300.0
2018-08-27,8130.0,8280.0,7930.0,7970.0,528477.0,-2.208588957055215,12638480.0,95710.0,3305343060.0,938490600.0,2333498810.0,0.0,1662159740.0,260909300.0,4256567850.0
2018-08-28,8000.0,8040.0,7670.0,7800.0,782419.0,-2.132998745294856,23615190.0,53860.0,4762700870.0,1279156890.0,3189738390.0,0.0,2717558900.0,158229520.0,6065526810.0
2018-08-29,7780.0,7940.0,7720.0,7890.0,303951.0,1.153846153846154,382293770.0,23280.0,1706741440.0,290727660.0,534946050.0,0.0,1728778120.0,116061980.0,2379786150.0
2018-08-30,7890.0,8040.0,7830.0,7990.0,385245.0,1.2674271229404308,34467110.0,10514800.0,2302470620.0,716612960.0,1049613640.0,0.0,1823607130.0,190844720.0,3064065490.0
2018-08-31,8130.0,8780.0,8010.0,8560.0,1130206.0,7.133917396745932,514110870.0,0.0,7193602320.0,1832389170.0,700615870.0,23087600.0,7901467400.0,914931490.0,9540102360.0
2018-09-03,9000.0,9090.0,8280.0,8380.0,546973.0,-2.102803738317757,110521900.0,0.0,4461202310.0,108954780.0,532609810.0,0.0,2600976640.0,1547092540.0,4680678990.0
2018-09-04,8430.0,9710.0,8390.0,9160.0,2309560.0,9.307875894988067,2162292330.0,2910220.0,17021149610.0,1931758100.0,1299706900.0,10204520.0,17775873560.0,2032325280.0,21118110260.0
2018-09-05,9240.0,9590.0,9220.0,9420.0,883415.0,2.8384279475982535,2124357510.0,10301000.0,5642474780.0,528012950.0,386344970.0,150930.0,5991742170.0,1926908170.0,8305146240.0
2018-09-06,9500.0,10150.0,9220.0,9920.0,1067711.0,5.3078556263269645,2154792890.0,1048320.0,6718779180.0,1569557480.0,688144730.0,146374470.0,8454567930.0,1155090740.0,10444177870.0
2018-09-07,10050.0,10450.0,9780.0,10250.0,1004195.0,3.326612903225806,2006806040.0,299642350.0,6641032800.0,1334721850.0,935697780.0,0.0,8107199110.0,1239306150.0,10282203040.0
2018-09-10,10400.0,10500.0,10100.0,10250.0,428433.0,0.0,512433950.0,5220000.0,3573003300.0,327026850.0,93790150.0,23076000.0,3799134850.0,501683100.0,4417684100.0
2018-09-11,10350.0,10400.0,9950.0,9950.0,639994.0,-2.9268292682926833,1176250.0,9693250.0,5331563240.0,1126368800.0,418791810.0,14170050.0,5676500050.0,359339630.0,6468801540.0
2018-09-12,9900.0,10600.0,9150.0,9440.0,2138675.0,-5.125628140703518,633308120.0,27809600.0,16909157860.0,3338445970.0,4140244630.0,214242410.0,14693980940.0,1860253570.0,20908721550.0
2018-09-13,9700.0,9830.0,9310.0,9550.0,602877.0,1.1652542372881356,80594900.0,0.0,4723901930.0,959921050.0,717985490.0,222002410.0,4044992520.0,779437460.0,5764417880.0
2018-09-14,9630.0,9760.0,9400.0,9490.0,307679.0,-0.6282722513089005,227151850.0,0.0,2214192330.0,488000270.0,525209730.0,0.0,2016419710.0,387715010.0,2929344450.0
2018-09-17,9400.0,9930.0,9390.0,9900.0,612681.0,4.3203371970495255,857960.0,0.0,4736741070.0,1246162690.0,404902780.0,31503000.0,4737894730.0,809461210.0,5983761720.0
2018-09-18,9820.0,9860.0,9480.0,9570.0,320303.0,-3.3333333333333335,20654160.0,4549160.0,2742443190.0,325951140.0,172526540.0,9176710.0,2299431030.0,612463370.0,3093597650.0
2018-09-19,9590.0,9730.0,9340.0,9350.0,262996.0,-2.2988505747126435,18441650.0,4136000.0,2054337070.0,416264920.0,648193230.0,1936000.0,1523887940.0,319162470.0,2493179640.0
2018-09-20,9350.0,9710.0,9220.0,9710.0,342073.0,3.8502673796791447,25570400.0,0.0,2838769530.0,382089120.0,69615000.0,0.0,2544195620.0,632618430.0,3246429050.0
2018-09-21,9750.0,9770.0,9510.0,9770.0,210209.0,0.6179196704428425,210411420.0,0.0,1621951650.0,195832560.0,67620.0,383600.0,1235235160.0,792509250.0,2028195630.0
2018-09-27,9800.0,10000.0,9730.0,9920.0,301561.0,1.5353121801432956,32367550.0,394400.0,1947246620.0,998925470.0,110472110.0,0.0,2023068650.0,845393280.0,2978934040.0
2018-09-28,9750.0,10350.0,9500.0,10200.0,851553.0,2.82258064516129,1100848010.0,48100.0,5142120920.0,2345661940.0,578446720.0,10708000.0,7178984480.0,820539770.0,8588678970.0
2018-10-01,10150.0,10300.0,9960.0,10050.0,363349.0,-1.4705882352941175,500844060.0,0.0,2287800070.0,893911280.0,410937910.0,0.0,2429404680.0,842212820.0,3682555410.0
2018-10-02,10350.0,10500.0,9700.0,9770.0,689059.0,-2.7860696517412937,356878200.0,15246780.0,5923671000.0,645947290.0,1097773980.0,2973000.0,4353631820.0,1487364470.0,6941743270.0
2018-10-04,9730.0,10300.0,9500.0,9700.0,489167.0,-0.7164790174002047,113575740.0,0.0,3263597350.0,1430131100.0,844439340.0,0.0,3163950110.0,798914740.0,4807304190.0
2018-10-05,9780.0,9890.0,9490.0,9740.0,206121.0,0.4123711340206186,299667430.0,9709730.0,1013548030.0,665595290.0,735744510.0,0.0,999352780.0,253423190.0,1988520480.0
2018-10-08,9650.0,9780.0,9560.0,9720.0,176867.0,-0.20533880903490762,339993910.0,59007900.0,932741040.0,378011910.0,591497780.0,0.0,888792140.0,229464840.0,1709754760.0
2018-10-10,9580.0,9740.0,9350.0,9500.0,227364.0,-2.263374485596708,254510280.0,47699010.0,1304535270.0,563478170.0,423385490.0,0.0,1438484460.0,308352780.0,2170222730.0
2018-10-11,9300.0,9430.0,9010.0,9010.0,246927.0,-5.157894736842105,79942700.0,0.0,1740427680.0,452165200.0,437764610.0,0.0,1647640670.0,187130300.0,2272535580.0
2018-10-12,9010.0,9350.0,9010.0,9300.0,239418.0,3.218645948945616,155101490.0,2959500.0,1242652910.0,807013220.0,395790260.0,0.0,1671242730.0,140694130.0,2207727120.0
2018-10-15,9200.0,9430.0,9190.0,9280.0,101406.0,-0.21505376344086022,49188930.0,0.0,749621310.0,145032770.0,28277500.0,0.0,837365690.0,78199820.0,943843010.0
2018-10-16,9340.0,9420.0,9220.0,9240.0,98763.0,-0.43103448275862066,139151480.0,4620000.0,651981180.0,120615940.0,157584870.0,7271240.0,572584040.0,178928450.0,916368600.0
2018-10-17,9350.0,9530.0,9310.0,9530.0,165768.0,3.1385281385281383,39349770.0,0.0,995343200.0,524936880.0,251447420.0,0.0,1193205460.0,114976970.0,1559629850.0
2018-10-18,9530.0,9950.0,9530.0,9870.0,397504.0,3.5676810073452256,217032240.0,0.0,2513697350.0,1162373410.0,551409990.0,1972000.0,2923287530.0,416433480.0,3893103000.0
2018-10-19,9770.0,9800.0,9540.0,9610.0,182976.0,-2.634245187436677,72140510.0,5284270.0,1527978940.0,156848990.0,136466210.0,0.0,1247804390.0,377982110.0,1762252710.0
2018-10-22,9640.0,10900.0,9520.0,9900.0,2140643.0,3.0176899063475546,376911540.0,50919680.0,19243781830.0,1945969980.0,2600543510.0,47926040.0,17319589170.0,1649524310.0,21617583030.0
2018-10-23,9900.0,9900.0,9460.0,9470.0,523772.0,-4.343434343434343,175376160.0,73707370.0,4428838690.0,361379340.0,204794170.0,0.0,4328166090.0,506341300.0,5039301560.0
2018-10-24,9520.0,9650.0,9250.0,9300.0,264154.0,-1.7951425554382259,84759030.0,63650890.0,1948593360.0,386148590.0,374108690.0,74718480.0,1651795980.0,382528720.0,2483151870.0
2018-10-25,8930.0,9510.0,8820.0,9200.0,255163.0,-1.0752688172043012,300980050.0,9340.0,1676460510.0,385372800.0,77349970.0,0.0,2168487980.0,116984750.0,2362822700.0
2018-10-26,9400.0,9650.0,9140.0,9600.0,318325.0,4.3478260869565215,734664240.0,167597480.0,1988105390.0,96124560.0,279694450.0,0.0,2267327490.0,439469730.0,2986491670.0
2018-10-29,9500.0,9500.0,8750.0,8770.0,292717.0,-8.645833333333334,161439240.0,111015320.0,2221765780.0,174389400.0,219867660.0,16351620.0,1785285740.0,647104720.0,2668609740.0
2018-10-30,8700.0,9300.0,8550.0,9130.0,328155.0,4.104903078677309,752197330.0,4375000.0,1830444910.0,358657000.0,479737470.0,16890050.0,2001715950.0,447330770.0,2945674240.0
2018-10-31,9160.0,9300.0,9090.0,9090.0,196416.0,-0.43811610076670315,343504030.0,0.0,1248859450.0,210507970.0,220055070.0,0.0,1195913220.0,386903160.0,1802871450.0
2018-11-01,9170.0,9750.0,9150.0,9550.0,267565.0,5.060506050605061,526744080.0,0.0,1816244370.0,192211920.0,66430920.0,0.0,2276365350.0,192404100.0,2535200370.0
2018-11-02,9610.0,9900.0,9390.0,9510.0,314169.0,-0.41884816753926707,647070.0,0.0,2846159590.0,164090310.0,253545290.0,18960.0,2396439090.0,360893630.0,3010896970.0
2018-11-05,9350.0,9720.0,9340.0,9690.0,216537.0,1.8927444794952681,389274140.0,16622120.0,1422358310.0,245632740.0,30450630.0,0.0,1807822180.0,235614500.0,2073887310.0
2018-11-06,9720.0,9780.0,9520.0,9570.0,125837.0,-1.238390092879257,38430.0,41090760.0,1154431050.0,14813860.0,25193040.0,0.0,788479910.0,396701150.0,1210374100.0
2018-11-07,9560.0,9680.0,9300.0,9350.0,163653.0,-2.2988505747126435,3780780.0,481000.0,1487389820.0,58994220.0,143087420.0,0.0,1305347070.0,102211330.0,1550645820.0
2018-11-08,9610.0,9740.0,9440.0,9680.0,288154.0,3.5294117647058822,460097170.0,113603430.0,1680974100.0,507224580.0,391576900.0,2904000.0,2261115920.0,106302460.0,2761899280.0
2018-11-09,9700.0,9940.0,9680.0,9850.0,388696.0,1.756198347107438,63277110.0,7589120.0,2592566210.0,1147266560.0,194313110.0,0.0,3323038900.0,293346990.0,3810699000.0
2018-11-12,9850.0,9980.0,9710.0,9920.0,245865.0,0.7106598984771574,326339680.0,0.0,1319208460.0,778739410.0,22066910.0,14684870.0,2066959240.0,320576530.0,2424287550.0
2018-11-13,9800.0,9900.0,9540.0,9700.0,288066.0,-2.217741935483871,233061440.0,0.0,2080512430.0,501467670.0,265976480.0,0.0,2040497850.0,508567210.0,2815041540.0
2018-11-14,9680.0,9930.0,9490.0,9520.0,342621.0,-1.8556701030927836,91088460.0,0.0,2330880830.0,890289890.0,391620190.0,0.0,2554627260.0,366011730.0,3312259180.0
2018-11-15,9520.0,9740.0,9510.0,9700.0,167656.0,1.8907563025210083,4146860.0,8526440.0,972808880.0,631112910.0,22992160.0,0.0,1457625970.0,135976960.0,1616595090.0
2018-11-16,9710.0,9880.0,9690.0,9700.0,142230.0,0.0,23651320.0,19443440.0,1009264270.0,337515270.0,56663810.0,0.0,1154025840.0,179184650.0,1389874300.0
2018-11-19,9700.0,9880.0,9700.0,9810.0,169373.0,1.134020618556701,139339940.0,14678000.0,520182670.0,984261510.0,72510510.0,0.0,1245465240.0,340486370.0,1658462120.0
2018-11-20,9710.0,9900.0,9640.0,9780.0,216233.0,-0.3058103975535168,42742890.0,9800000.0,1231994290.0,831078630.0,75169660.0,0.0,1251737660.0,788708490.0,2115615810.0
2018-11-21,9670.0,9770.0,9540.0,9770.0,200970.0,-0.10224948875255625,27113300.0,9685000.0,1163073120.0,737999800.0,66718520.0,1954000.0,1263089700.0,606109000.0,1937871220.0
2018-11-22,9800.0,9820.0,9490.0,9490.0,218230.0,-2.865916069600819,29122490.0,31228990.0,1801788040.0,231831540.0,453344090.0,0.0,1367123790.0,273503180.0,2093971060.0
2018-11-23,9530.0,9560.0,9280.0,9300.0,143864.0,-2.0021074815595363,140570.0,69992540.0,988312920.0,298077460.0,59691410.0,0.0,835444280.0,461387800.0,1356523490.0
2018-11-26,9210.0,9800.0,9210.0,9730.0,261620.0,4.623655913978494,89644330.0,0.0,1606301730.0,836167090.0,1389330.0,84654360.0,2292425760.0,153643700.0,2532113150.0
2018-11-27,9730.0,9880.0,9730.0,9860.0,271858.0,1.3360739979445015,22442310.0,0.0,1204648840.0,1443101200.0,18041650.0,5892000.0,2528973380.0,117285320.0,2670192350.0
2018-11-28,9870.0,10100.0,9730.0,9770.0,599863.0,-0.9127789046653144,70538150.0,10321000.0,5040076690.0,837736400.0,144670320.0,51101100.0,5193719640.0,569181180.0,5958672240.0
2018-11-29,9950.0,10250.0,9860.0,10000.0,539390.0,2.3541453428863868,314628610.0,603000.0,3769599450.0,1333723150.0,156187280.0,10125000.0,4846332040.0,405909890.0,5418554210.0
2018-11-30,10150.0,10450.0,10050.0,10450.0,694624.0,4.5,1253338900.0,0.0,3786632100.0,2111790400.0,293526300.0,53362500.0,6305395250.0,499477350.0,7151761400.0
2018-12-03,10600.0,10750.0,10250.0,10400.0,472955.0,-0.4784688995215311,188322900.0,6911200.0,3467198300.0,1265624250.0,450529750.0,32395000.0,3278984000.0,1166147900.0,4928056650.0
2018-12-04,10300.0,10350.0,9940.0,10100.0,474919.0,-2.8846153846153846,268645940.0,110013900.0,3527974800.0,878271770.0,428518370.0,1297400.0,4030795630.0,324295010.0,4784906410.0
2018-12-05,9890.0,10200.0,9890.0,10000.0,173638.0,-0.9900990099009901,2826070.0,9207950.0,1210390530.0,521005730.0,59101550.0,0.0,1432341850.0,251986880.0,1743430280.0
2018-12-06,10000.0,10100.0,9800.0,9960.0,271279.0,-0.4,365476200.0,14676710.0,1683612720.0,635000070.0,38231900.0,9375800.0,2263142540.0,388015460.0,2698765700.0
2018-12-07,10100.0,10150.0,9930.0,10050.0,290587.0,0.9036144578313252,245412600.0,22686500.0,1531296520.0,1117093690.0,349226480.0,225905000.0,1756494280.0,584863550.0,2916489310.0
2018-12-10,10050.0,10050.0,9860.0,9950.0,159882.0,-0.9950248756218906,464860610.0,0.0,926349840.0,197446090.0,43583680.0,2543980.0,1289948150.0,252580730.0,1588656540.0
2018-12-11,10000.0,10050.0,9850.0,9980.0,190709.0,0.3015075376884422,282651720.0,0.0,800107380.0,814010460.0,476194910.0,0.0,917915100.0,502659550.0,1896769560.0
2018-12-12,9970.0,10200.0,9910.0,10000.0,234034.0,0.2004008016032064,263240040.0,0.0,1222605210.0,856059840.0,332701910.0,251612000.0,1122563070.0,635028110.0,2341905090.0
2018-12-13,10050.0,10150.0,9940.0,10000.0,185211.0,0.0,146907130.0,10020000.0,978251790.0,720456310.0,379551930.0,292000000.0,873093120.0,310990180.0,1855635230.0
2018-12-14,10000.0,10050.0,9670.0,9760.0,209819.0,-2.4,104785770.0,17917030.0,1791078680.0,152455020.0,285073720.0,109400000.0,1353770300.0,317992480.0,2066236500.0
2018-12-17,9690.0,10000.0,9690.0,9990.0,214255.0,2.3565573770491803,205395660.0,0.0,774304370.0,1137175800.0,41898070.0,9840.0,1818900950.0,256066970.0,2116875830.0
2018-12-18,9980.0,9980.0,9760.0,9760.0,125820.0,-2.3023023023023024,37276920.0,9780000.0,995406800.0,191759880.0,37502480.0,0.0,742643680.0,454077440.0,1234223600.0
2018-12-19,9710.0,9820.0,9410.0,9600.0,204332.0,-1.639344262295082,83386200.0,197269280.0,1565200680.0,103999410.0,213973760.0,114085590.0,1417118260.0,204677960.0,1949855570.0
2018-12-20,9420.0,9680.0,9340.0,9650.0,152556.0,0.5208333333333333,131555480.0,3330950.0,720679860.0,594468430.0,132996550.0,2721300.0,1234288080.0,80028790.0,1450034720.0
2018-12-21,9640.0,9660.0,9220.0,9220.0,208699.0,-4.455958549222798,26816320.0,11411400.0,1750904870.0,169948930.0,317042790.0,8041160.0,1222094380.0,411903190.0,1959081520.0
2018-12-24,9130.0,9410.0,9050.0,9220.0,141158.0,0.0,83212770.0,12616860.0,704514310.0,509790870.0,142699070.0,0.0,1136036340.0,31399400.0,1310134810.0
2018-12-26,9020.0,9150.0,8950.0,9050.0,174629.0,-1.843817787418655,244441090.0,0.0,1217080210.0,113032780.0,91037180.0,0.0,1413090110.0,70426790.0,1574554080.0
2018-12-27,9010.0,9220.0,9010.0,9200.0,115963.0,1.6574585635359116,123859030.0,0.0,603428200.0,331874690.0,156183500.0,9168320.0,743992180.0,149817920.0,1059161920.0
2018-12-28,9350.0,9350.0,9150.0,9160.0,127744.0,-0.43478260869565216,64512790.0,4604000.0,608727790.0,499543410.0,30568790.0,0.0,890493080.0,256326120.0,1177387990.0
2019-01-02,9060.0,9250.0,9030.0,9060.0,125529.0,-1.0917030567685588,26166620.0,1832000.0,888442710.0,225560480.0,22795980.0,0.0,1092631150.0,26574680.0,1142001810.0
2019-01-03,9090.0,9570.0,9090.0,9500.0,350823.0,4.856512141280353,419732830.0,3575760.0,1015451680.0,1877120510.0,211640790.0,6623250.0,2912562460.0,185054280.0,3315880780.0
2019-01-04,9500.0,9790.0,9400.0,9750.0,251371.0,2.631578947368421,557338330.0,3661860.0,779436780.0,1083055640.0,288852390.0,0.0,1737016470.0,397623750.0,2423492610.0
2019-01-07,9760.0,9820.0,9650.0,9800.0,140068.0,0.5128205128205128,56485140.0,3689280.0,512009420.0,793944150.0,66574300.0,0.0,1010069560.0,289484130.0,1366127990.0
2019-01-08,9750.0,9790.0,9610.0,9750.0,126639.0,-0.5102040816326531,247046610.0,0.0,343567460.0,636923850.0,343227720.0,0.0,669475820.0,214834380.0,1227537920.0
2019-01-09,9770.0,9900.0,9760.0,9850.0,222185.0,1.0256410256410255,38628520.0,0.0,649822330.0,1501873500.0,105869600.0,13284000.0,1764797330.0,306373420.0,2190324350.0
2019-01-10,9800.0,9860.0,9610.0,9610.0,133254.0,-2.4365482233502536,21484970.0,3864000.0,739598390.0,530003540.0,268750950.0,0.0,544483590.0,481716360.0,1294950900.0
2019-01-11,9660.0,9860.0,9620.0,9780.0,177719.0,1.768990634755463,163416620.0,0.0,605040820.0,964187810.0,121657270.0,0.0,1497475550.0,113512430.0,1732645250.0
2019-01-14,9870.0,9900.0,9710.0,9900.0,141136.0,1.2269938650306749,76070050.0,0.0,744267060.0,567525620.0,66033810.0,5944860.0,1090467130.0,225416930.0,1387862730.0
2019-01-15,9990.0,10100.0,9880.0,10050.0,288154.0,1.5151515151515151,622011480.0,55058900.0,1393084100.0,812324870.0,59783820.0,15200000.0,2511390600.0,296104930.0,2882479350.0
2019-01-16,10050.0,10450.0,9960.0,10350.0,397278.0,2.9850746268656714,617774750.0,0.0,2483492070.0,953932630.0,9304180.0,76070000.0,3757418800.0,212406470.0,4055199450.0
2019-01-17,10350.0,10550.0,10200.0,10450.0,328091.0,0.966183574879227,1003185250.0,688950.0,1643370000.0,751082050.0,199971600.0,0.0,2647704050.0,550650600.0,3398326250.0
2019-01-18,10450.0,10500.0,9990.0,10000.0,371022.0,-4.30622009569378,8173450.0,2000000.0,2939086670.0,868441690.0,688817660.0,0.0,2488083650.0,640800500.0,3817701810.0
2019-01-21,10000.0,10200.0,9910.0,10000.0,154345.0,0.0,407344040.0,0.0,847012910.0,299341340.0,23360350.0,0.0,1302980380.0,227357560.0,1553698290.0
2019-01-22,10050.0,10300.0,10000.0,10200.0,192652.0,2.0,193035400.0,0.0,955282400.0,803680550.0,76934100.0,0.0,1634386900.0,240677350.0,1951998350.0
2019-01-23,10200.0,10200.0,9930.0,10050.0,155292.0,-1.4705882352941175,335339360.0,0.0,953965420.0,270110110.0,195820570.0,0.0,986710200.0,376884120.0,1559414890.0
2019-01-24,10050.0,10150.0,10000.0,10150.0,88757.0,0.9950248756218906,200145000.0,0.0,390556850.0,304307550.0,6516500.0,0.0,758837500.0,129655400.0,895009400.0
2019-01-25,10150.0,10200.0,10000.0,10000.0,132225.0,-1.477832512315271,76558300.0,14978650.0,985060810.0,255500950.0,272907500.0,0.0,769525260.0,289665950.0,1332098710.0
2019-01-28,10000.0,10100.0,9920.0,10050.0,97174.0,0.5,42035150.0,0.0,686993300.0,243012270.0,69318000.0,0.0,800516450.0,102206270.0,972040720.0
2019-01-29,10000.0,10450.0,9990.0,10450.0,565565.0,3.9800995024875623,84342250.0,0.0,4283141320.0,1461074750.0,801319050.0,0.0,4739612250.0,287627020.0,5828558320.0
2019-01-30,10400.0,10450.0,9990.0,10100.0,364414.0,-3.349282296650718,27512500.0,2010000.0,3151735670.0,519190650.0,508243780.0,12420000.0,2389296060.0,790488980.0,3700448820.0
2019-01-31,10150.0,10350.0,10000.0,10250.0,248324.0,1.4851485148514851,497484700.0,0.0,1424604900.0,604891600.0,431349050.0,10250000.0,1838639300.0,246742850.0,2526981200.0
2019-02-01,10300.0,10350.0,10200.0,10350.0,152571.0,0.975609756097561,46452350.0,41200000.0,1225375050.0,258736050.0,25933300.0,0.0,1387153200.0,158676950.0,1571763450.0
2019-02-07,10400.0,10400.0,10150.0,10250.0,223115.0,-0.966183574879227,13555500.0,0.0,2134342000.0,147723400.0,452557450.0,23649750.0,1505496200.0,313917500.0,2295620900.0
2019-02-08,10300.0,12750.0,10150.0,11800.0,7145798.0,15.121951219512194,1190474400.0,471925700.0,79309857650.0,2811754950.0,5610378200.0,215480800.0,76528556850.0,1429596850.0,83784012700.0
2019-02-11,11800.0,12200.0,11000.0,11100.0,2976534.0,-5.932203389830509,380580200.0,406966700.0,32953669250.0,488388450.0,3097212050.0,899214150.0,27937272100.0,2295906300.0,34229604600.0
2019-02-12,11050.0,11100.0,10550.0,10900.0,1502494.0,-1.8018018018018018,660487050.0,15065000.0,14463780700.0,1133639650.0,1180467500.0,15190000.0,14049546650.0,1027768250.0,16272972400.0
2019-02-13,10800.0,10850.0,10300.0,10500.0,2049977.0,-3.669724770642202,262793350.0,7345000.0,19346002600.0,1975736400.0,1104108250.0,12725000.0,15352547800.0,5122496300.0,21591877350.0
2019-02-14,10350.0,11000.0,10350.0,10500.0,2412280.0,0.0,1046130350.0,7409400.0,21360076400.0,3249088200.0,1955168250.0,11862700.0,22328546450.0,1367126950.0,25662704350.0
2019-02-15,10600.0,10650.0,9800.0,9800.0,1873752.0,-6.666666666666667,87958590.0,13128000.0,18075231840.0,613615220.0,2049094340.0,7935900.0,13789397970.0,2943505440.0,18789933650.0
2019-02-18,9730.0,9960.0,9450.0,9550.0,1138333.0,-2.5510204081632653,159869210.0,23095000.0,9983946250.0,802169900.0,1355900710.0,10594000.0,9301071650.0,301514000.0,10969080360.0
2019-02-19,9570.0,9720.0,9550.0,9610.0,727291.0,0.6282722513089005,16381120.0,3362500.0,4539036310.0,2443569480.0,859386000.0,8280340.0,5251747290.0,882935780.0,7002349410.0
2019-02-20,9620.0,9820.0,9610.0,9780.0,734369.0,1.768990634755463,74001240.0,1649700.0,5037044850.0,2053356050.0,1113576600.0,0.0,5440072290.0,612402950.0,7166051840.0
2019-02-21,9770.0,9970.0,9590.0,9970.0,821587.0,1.9427402862985685,15746770.0,14883400.0,3537301160.0,4524549640.0,923212320.0,23074500.0,6243028170.0,903165980.0,8092480970.0
2019-02-22,9980.0,10000.0,9710.0,9740.0,419160.0,-2.3069207622868606,24469900.0,43343830.0,3686755370.0,350506010.0,788480510.0,13312620.0,2660618690.0,642663290.0,4105075110.0
2019-02-25,9750.0,9840.0,9710.0,9720.0,301924.0,-0.20533880903490762,112283430.0,13357180.0,1895051160.0,930116880.0,867802840.0,11252500.0,1881177600.0,190575710.0,2950808650.0
2019-02-26,9710.0,9720.0,9510.0,9540.0,486720.0,-1.8518518518518516,46023440.0,7244000.0,3624718060.0,989406790.0,682805880.0,0.0,3820193320.0,164393090.0,4667392290.0
2019-02-27,9570.0,9670.0,9510.0,9530.0,292681.0,-0.10482180293501049,51850110.0,957000.0,1554255540.0,1193178200.0,785880460.0,12894000.0,1918845820.0,82620570.0,2800240850.0
2019-02-28,9500.0,9570.0,9230.0,9460.0,566895.0,-0.7345225603357817,214747330.0,0.0,3337900550.0,1776330950.0,720672800.0,13173500.0,4188664950.0,406467580.0,5328978830.0
2019-03-04,9300.0,9510.0,9290.0,9380.0,351978.0,-0.8456659619450317,88287790.0,1876000.0,1908585200.0,1305802960.0,694380090.0,42091960.0,2223814750.0,344265150.0,3304551950.0
2019-03-05,9300.0,9500.0,9250.0,9500.0,324865.0,1.279317697228145,259500250.0,1881000.0,1531768980.0,1241260130.0,600198780.0,2797510.0,1786986750.0,644427320.0,3034410360.0
2019-03-06,9480.0,9480.0,9250.0,9330.0,235299.0,-1.789473684210526,84894900.0,1416000.0,1602469500.0,510353300.0,486976540.0,0.0,1360734070.0,351423090.0,2199133700.0
2019-03-07,9310.0,9360.0,9150.0,9210.0,247118.0,-1.2861736334405145,174591800.0,0.0,1572303020.0,532342550.0,566750540.0,0.0,1456157430.0,256329400.0,2279237370.0
2019-03-08,9100.0,9210.0,9020.0,9080.0,213957.0,-1.4115092290988056,164957240.0,4573180.0,1189667960.0,587436260.0,461551230.0,0.0,1142295730.0,342787680.0,1946634640.0
2019-03-11,9040.0,9180.0,8960.0,9180.0,218687.0,1.1013215859030838,133717580.0,50099420.0,1031790720.0,762217350.0,385230000.0,18360.0,1079202100.0,513374610.0,1977825070.0
2019-03-12,9180.0,9620.0,9180.0,9550.0,696752.0,4.030501089324619,214599090.0,8205550.0,4844371080.0,1548195610.0,36733410.0,18431300.0,5527047410.0,1033159210.0,6615371330.0
2019-03-13,9450.0,9620.0,9390.0,9580.0,253979.0,0.31413612565445026,250053400.0,5925160.0,1425022500.0,739564730.0,24711590.0,0.0,2081473000.0,314381200.0,2420565790.0
2019-03-14,9580.0,9610.0,9520.0,9600.0,192015.0,0.20876826722338201,463369180.0,1935560.0,861896470.0,512313380.0,8626790.0,4795000.0,1365404300.0,460688500.0,1839514590.0
2019-03-15,9600.0,9610.0,9400.0,9560.0,241487.0,-0.4166666666666667,87484640.0,4108560.0,1582299550.0,619805110.0,27156980.0,7616000.0,1786866820.0,472058060.0,2293697860.0
2019-03-18,9490.0,9610.0,9420.0,9420.0,229488.0,-1.4644351464435146,70376290.0,2587740.0,1468033700.0,635889630.0,483388440.0,11663210.0,1063765770.0,618069940.0,2176887360.0
2019-03-19,9430.0,9680.0,9420.0,9600.0,326149.0,1.910828025477707,76710960.0,0.0,1636232740.0,1418626100.0,21644400.0,995260.0,2717740910.0,391189230.0,3131569800.0
2019-03-20,9610.0,9690.0,9470.0,9660.0,257088.0,0.625,52368920.0,0.0,1543736520.0,869396820.0,63230650.0,5307500.0,2063229190.0,333734920.0,2465502260.0
2019-03-21,9640.0,9650.0,9510.0,9550.0,195742.0,-1.1387163561076603,39623590.0,26324100.0,1227678940.0,580910140.0,148933150.0,2280040.0,1375781690.0,347541890.0,1874536770.0
2019-03-22,9560.0,9590.0,9410.0,9590.0,251313.0,0.41884816753926707,80826060.0,40133430.0,1284055850.0,981607420.0,96024680.0,0.0,1927359310.0,363238770.0,2386622760.0
2019-03-25,9450.0,9550.0,9410.0,9420.0,134731.0,-1.7726798748696557,3620980.0,0.0,972208110.0,299683270.0,6987200.0,0.0,1134473510.0,134051650.0,1275512360.0
2019-03-26,9430.0,9520.0,9340.0,9420.0,150954.0,0.0,13648860.0,0.0,945676170.0,462258020.0,51768500.0,0.0,1187758960.0,182055590.0,1421583050.0
2019-03-27,9500.0,9500.0,9160.0,9170.0,204002.0,-2.6539278131634823,67254880.0,0.0,1597385080.0,227931640.0,126842170.0,0.0,1374016310.0,391713120.0,1892571600.0
2019-03-28,9250.0,9400.0,9180.0,9300.0,123773.0,1.4176663031624863,48154880.0,0.0,484737450.0,619374510.0,13870110.0,469000.0,1065479060.0,72448670.0,1152266840.0
2019-03-29,9220.0,9340.0,9220.0,9260.0,119002.0,-0.43010752688172044,176890590.0,0.0,620949260.0,304539030.0,68118600.0,0.0,809097350.0,225162930.0,1102378880.0
2019-04-01,9260.0,9450.0,9220.0,9300.0,125484.0,0.4319654427645789,72327300.0,0.0,910032370.0,186667430.0,17366550.0,0.0,846943520.0,304717030.0,1169027100.0
2019-04-02,9300.0,9310.0,9150.0,9170.0,191065.0,-1.3978494623655915,34202780.0,1836000.0,1515315490.0,204376650.0,23920030.0,0.0,1562607370.0,169203520.0,1755730920.0
2019-04-03,9220.0,9310.0,9170.0,9260.0,170626.0,0.9814612868047983,47798480.0,0.0,660282120.0,868395780.0,10648120.0,0.0,1024795070.0,541033190.0,1576476380.0
2019-04-04,9280.0,9400.0,9280.0,9390.0,147216.0,1.4038876889848813,58241420.0,20636000.0,693517050.0,606233720.0,306092350.0,0.0,989568400.0,82967440.0,1378628190.0
2019-04-05,9330.0,9370.0,9220.0,9220.0,121439.0,-1.810436634717785,14747910.0,5556000.0,947132490.0,156471900.0,356329830.0,0.0,562191920.0,205386550.0,1123908300.0
2019-04-08,9190.0,9280.0,9190.0,9220.0,77956.0,0.0,83896960.0,0.0,377538180.0,257547830.0,291401880.0,0.0,403665650.0,23915440.0,718982970.0
2019-04-09,9210.0,9300.0,9160.0,9200.0,109470.0,-0.21691973969631237,96280200.0,10153000.0,538788630.0,364050520.0,318663760.0,0.0,632503210.0,58105380.0,1009272350.0
2019-04-10,9160.0,9200.0,9110.0,9200.0,135649.0,0.0,200209250.0,18260.0,799860140.0,242107160.0,355896900.0,0.0,761285490.0,125012420.0,1242194810.0
2019-04-11,9190.0,9230.0,9140.0,9230.0,210083.0,0.32608695652173914,453253800.0,0.0,1037130770.0,442169730.0,1273601350.0,0.0,625938360.0,33014590.0,1932554300.0
2019-04-12,9280.0,9290.0,9170.0,9260.0,90213.0,0.3250270855904659,123815670.0,1847000.0,594431240.0,113213480.0,59162010.0,0.0,713047290.0,61098090.0,833307390.0
2019-04-15,9250.0,9260.0,9170.0,9250.0,165772.0,-0.10799136069114472,91841200.0,7376380.0,1209317300.0,218019200.0,529498190.0,0.0,975132520.0,21923370.0,1526554080.0
2019-04-16,9200.0,9320.0,9200.0,9210.0,224403.0,-0.43243243243243246,87354560.0,0.0,1382506450.0,607294380.0,990727210.0,0.0,1078517100.0,7911080.0,2077155390.0
2019-04-17,9260.0,9310.0,9150.0,9170.0,174658.0,-0.43431053203040176,37003380.0,18340.0,1357982900.0,210253900.0,577667890.0,18600.0,890123770.0,137448260.0,1605258520.0
2019-04-18,9150.0,9200.0,9100.0,9120.0,130362.0,-0.5452562704471101,24837330.0,0.0,922446420.0,243421660.0,45529090.0,0.0,987666240.0,157510080.0,1190705410.0
2019-04-19,9110.0,9200.0,9080.0,9110.0,72433.0,-0.10964912280701754,41304190.0,91300.0,600616910.0,19853340.0,143221630.0,0.0,497125490.0,21518620.0,661865740.0
2019-04-22,9060.0,9180.0,9060.0,9100.0,71827.0,-0.10976948408342481,80099170.0,0.0,545873220.0,27913360.0,12777260.0,0.0,560246470.0,80862020.0,653885750.0
2019-04-23,9090.0,9110.0,9030.0,9030.0,70235.0,-0.7692307692307693,58728190.0,0.0,477398860.0,100593850.0,718340.0,0.0,547753450.0,88249110.0,636720900.0
2019-04-24,9070.0,9080.0,8920.0,8930.0,129137.0,-1.1074197120708749,82346910.0,11646730.0,996806990.0,68023210.0,13474310.0,0.0,982785080.0,162564450.0,1158823840.0
2019-04-25,8950.0,9030.0,8910.0,8970.0,97954.0,0.4479283314669653,36835140.0,0.0,601962640.0,239794300.0,65047980.0,0.0,784366630.0,29177470.0,878592080.0
2019-04-26,8920.0,8990.0,8730.0,8830.0,153289.0,-1.560758082497213,101569690.0,7950760.0,1079956120.0,162885510.0,44262350.0,52980.0,1252798030.0,55248720.0,1352362080.0
2019-04-29,8830.0,8890.0,8770.0,8790.0,81260.0,-0.4530011325028313,40712620.0,0.0,642969700.0,32317150.0,70826120.0,0.0,500823570.0,144349780.0,715999470.0
2019-04-30,8790.0,8790.0,8570.0,8660.0,232144.0,-1.4789533560864618,314130070.0,0.0,1246117360.0,452085550.0,284720610.0,259800.0,1427792880.0,299559690.0,2012332980.0
2019-05-02,8680.0,8880.0,8680.0,8800.0,131886.0,1.6166281755196306,68497640.0,17520.0,673900690.0,419507440.0,47494210.0,17720.0,1057830360.0,56581000.0,1161923290.0
2019-05-03,8810.0,8960.0,8810.0,8890.0,96298.0,1.0227272727272727,41551790.0,0.0,650570370.0,166372830.0,7669680.0,240300.0,763399840.0,87185170.0,858494990.0
2019-05-07,8850.0,8850.0,8600.0,8620.0,148894.0,-3.0371203599550056,105236890.0,43140720.0,1052629020.0,93756590.0,65844670.0,0.0,681431720.0,547486830.0,1294763220.0
2019-05-08,8580.0,8620.0,8430.0,8430.0,181646.0,-2.2041763341067284,176391510.0,0.0,1213964470.0,151640660.0,143727980.0,614880.0,1046426890.0,351226890.0,1541996640.0
2019-05-09,8430.0,8490.0,8150.0,8190.0,233692.0,-2.8469750889679712,392953670.0,8400000.0,1343577730.0,188146530.0,325765250.0,74399110.0,1272101000.0,260812570.0,1933077930.0
2019-05-10,8140.0,8300.0,8140.0,8170.0,115952.0,-0.2442002442002442,102314790.0,0.0,646093130.0,203917080.0,13846910.0,0.0,694309280.0,244168810.0,952325000.0
2019-05-13,8170.0,8250.0,8110.0,8110.0,76618.0,-0.7343941248470013,95386720.0,0.0,492592430.0,39579940.0,4826200.0,0.0,550037640.0,72695250.0,627559090.0
2019-05-14,8030.0,8210.0,7920.0,8180.0,150442.0,0.8631319358816275,235803750.0,0.0,548413880.0,428963790.0,401787320.0,0.0,733025550.0,78368550.0,1213181420.0
2019-05-15,8110.0,8240.0,8030.0,8190.0,136032.0,0.12224938875305623,122354240.0,0.0,608316410.0,377280510.0,12821450.0,0.0,625862440.0,469267270.0,1107951160.0
2019-05-16,8200.0,8290.0,8150.0,8250.0,68066.0,0.7326007326007326,59549910.0,20368500.0,396151750.0,82526980.0,1247250.0,0.0,318244530.0,239105360.0,558597140.0
2019-05-17,8280.0,8280.0,8040.0,8040.0,150017.0,-2.5454545454545454,52757180.0,7272000.0,1021015780.0,136419750.0,34082220.0,121800.0,762894030.0,420366660.0,1217464710.0
2019-05-20,8030.0,8100.0,7880.0,7950.0,117044.0,-1.1194029850746268,49869410.0,2406000.0,458670390.0,426593330.0,29731360.0,123759300.0,641779660.0,142268810.0,937539130.0
2019-05-21,7890.0,7990.0,7810.0,7820.0,188874.0,-1.6352201257861636,97277150.0,6284000.0,781319500.0,602793070.0,170096140.0,119707190.0,663968130.0,533902260.0,1487673720.0
2019-05-22,7820.0,7900.0,7750.0,7770.0,97545.0,-0.639386189258312,49664950.0,2334000.0,486784540.0,221536780.0,77666390.0,0.0,314062370.0,368591510.0,760320270.0
2019-05-23,7710.0,7790.0,7520.0,7580.0,141879.0,-2.445302445302445,115280210.0,17560580.0,647300330.0,298867930.0,129487410.0,98670.0,668696260.0,280726710.0,1079009050.0
2019-05-24,7560.0,7630.0,7510.0,7510.0,105069.0,-0.9234828496042217,51930400.0,0.0,329672490.0,413043650.0,59083100.0,0.0,494636620.0,240926820.0,794646540.0
2019-05-27,7520.0,7520.0,7350.0,7490.0,75311.0,-0.2663115845539281,43296000.0,2241000.0,332428350.0,183445230.0,99818260.0,0.0,424823240.0,36769080.0,561410580.0
2019-05-28,7500.0,7750.0,7440.0,7440.0,127981.0,-0.6675567423230975,21007620.0,8213000.0,719269350.0,216467830.0,35700260.0,0.0,499386560.0,429870980.0,964957800.0
2019-05-29,7440.0,7500.0,7010.0,7160.0,279578.0,-3.763440860215054,96178690.0,29419000.0,1310917360.0,588054790.0,205710110.0,0.0,853395440.0,965464290.0,2024569840.0
2019-05-30,7080.0,7310.0,7080.0,7310.0,189045.0,2.094972067039106,35430790.0,0.0,703088870.0,618875290.0,93678260.0,0.0,881032440.0,382684250.0,1357394950.0
2019-05-31,7240.0,7320.0,7180.0,7290.0,154958.0,-0.27359781121751026,374451140.0,21840.0,428584920.0,321225120.0,155155930.0,0.0,444143040.0,524984050.0,1124283020.0
2019-06-03,7210.0,7260.0,7160.0,7230.0,120514.0,-0.823045267489712,71296630.0,0.0,470970150.0,327933990.0,98389490.0,0.0,388483140.0,383328140.0,870200770.0
2019-06-04,7230.0,7280.0,7170.0,7180.0,89589.0,-0.6915629322268326,26162500.0,718500.0,508741210.0,110290230.0,72051730.0,910980.0,322887970.0,250061760.0,645912440.0
2019-06-05,7190.0,7320.0,7170.0,7190.0,199219.0,0.1392757660167131,21066560.0,2157000.0,1206439610.0,217517970.0,12684060.0,0.0,1062195530.0,372301550.0,1447181140.0
2019-06-07,7210.0,7270.0,7160.0,7200.0,86539.0,0.13908205841446453,66675670.0,10096000.0,403581630.0,144347520.0,5950540.0,0.0,294674660.0,324075620.0,624700820.0
2019-06-10,7200.0,7270.0,7160.0,7230.0,107960.0,0.4166666666666667,63146880.0,0.0,570927330.0,145145230.0,9773100.0,0.0,481375370.0,288070970.0,779219440.0
2019-06-11,7250.0,7350.0,7250.0,7290.0,162838.0,0.8298755186721992,151651760.0,54934530.0,813901350.0,169711970.0,16445230.0,2190000.0,696089120.0,475475260.0,1190199610.0
2019-06-12,7300.0,7390.0,7280.0,7370.0,131685.0,1.0973936899862824,99634640.0,18402290.0,509567150.0,338392960.0,187278300.0,0.0,453700700.0,325018040.0,965997040.0
2019-06-13,7400.0,7400.0,7280.0,7360.0,155185.0,-0.13568521031207598,165200980.0,0.0,888862500.0,81470660.0,58094400.0,0.0,524107840.0,553331900.0,1135534140.0
2019-06-14,7400.0,7400.0,7220.0,7340.0,192776.0,-0.2717391304347826,323197760.0,1454000.0,1005099970.0,73623250.0,151028200.0,0.0,559880710.0,692466070.0,1403374980.0
2019-06-17,7330.0,7330.0,6950.0,7110.0,355266.0,-3.1335149863760217,142612170.0,13925450.0,2202725190.0,168853550.0,219737140.0,66207460.0,1109278110.0,1132893650.0,2528116360.0
2019-06-18,7120.0,7120.0,7000.0,7030.0,158959.0,-1.1251758087201125,112631930.0,2106000.0,783825380.0,219663950.0,10380520.0,56282980.0,694710550.0,356853210.0,1118227260.0
2019-06-19,7090.0,7120.0,7020.0,7120.0,152318.0,1.2802275960170697,97652550.0,0.0,620349370.0,357450130.0,49619760.0,63261100.0,711557380.0,251013810.0,1075452050.0
2019-06-20,7060.0,7210.0,7060.0,7160.0,91551.0,0.5617977528089888,119176130.0,43110.0,340025920.0,195506890.0,27995920.0,0.0,581947690.0,44808440.0,654752050.0
2019-06-21,7200.0,7370.0,7140.0,7370.0,187700.0,2.9329608938547485,100431680.0,0.0,846827080.0,414317030.0,46044470.0,7988000.0,1073485640.0,234057680.0,1361575790.0
2019-06-24,7380.0,7390.0,7190.0,7200.0,171214.0,-2.3066485753052914,12073430.0,14444400.0,1187962850.0,25924620.0,28233630.0,0.0,586937370.0,625234300.0,1240405300.0
2019-06-25,7250.0,7250.0,6990.0,7060.0,195612.0,-1.9444444444444444,71404570.0,5681160.0,1222142000.0,86577670.0,37919730.0,200090920.0,555086350.0,592708400.0,1385805400.0
2019-06-26,7030.0,7110.0,7020.0,7060.0,61932.0,0.0,17548220.0,0.0,380747250.0,39213900.0,24918950.0,0.0,272503980.0,140086440.0,437509370.0
2019-06-27,7070.0,7180.0,7010.0,7010.0,154868.0,-0.708215297450425,113700690.0,0.0,888416850.0,89008060.0,24727070.0,0.0,418887280.0,647511250.0,1091125600.0
2019-06-28,6990.0,7040.0,6900.0,6900.0,171537.0,-1.5691868758915835,104344050.0,0.0,1004931890.0,83845040.0,226113270.0,0.0,684961520.0,282046190.0,1193120980.0
2019-07-01,6840.0,6950.0,6840.0,6910.0,69203.0,0.14492753623188406,21191340.0,1384000.0,389666100.0,65154300.0,43978580.0,0.0,377827650.0,55589510.0,477395740.0
2019-07-02,6900.0,6930.0,6850.0,6860.0,145531.0,-0.723589001447178,11256090.0,9628000.0,958557950.0,22008610.0,40289710.0,0.0,401840180.0,559320760.0,1001450650.0
2019-07-03,6880.0,6950.0,6710.0,6720.0,198368.0,-2.0408163265306123,35176940.0,1158870.0,1280941000.0,25274990.0,21408420.0,3098000.0,886775860.0,431269520.0,1342551800.0
2019-07-04,6730.0,6930.0,6720.0,6830.0,137440.0,1.636904761904762,2708650.0,0.0,705363350.0,230797830.0,41591220.0,2404500.0,771231880.0,123642230.0,938869830.0
2019-07-05,6940.0,6940.0,6800.0,6890.0,85981.0,0.8784773060029283,21346450.0,0.0,524481820.0,44582940.0,14711970.0,0.0,350198000.0,225501240.0,590411210.0
2019-07-08,6870.0,6930.0,6660.0,6670.0,109467.0,-3.1930333817126266,33970090.0,14509640.0,676561050.0,15307730.0,25537650.0,10145250.0,517149960.0,187515650.0,740348510.0
2019-07-09,6650.0,6770.0,6600.0,6610.0,117875.0,-0.8995502248875562,19970750.0,0.0,700772530.0,66316840.0,47015580.0,0.0,666750020.0,73294520.0,787060120.0
2019-07-10,6550.0,6730.0,6540.0,6630.0,59369.0,0.30257186081694404,38322110.0,0.0,313894440.0,41530950.0,11459360.0,0.0,322781020.0,59507120.0,393747500.0
2019-07-11,6730.0,6790.0,6620.0,6760.0,63748.0,1.9607843137254901,122462270.0,0.0,236802070.0,68075320.0,10853170.0,0.0,293289570.0,123196920.0,427339660.0
2019-07-12,6800.0,6800.0,6670.0,6670.0,80945.0,-1.3313609467455623,18162410.0,0.0,480196860.0,45070410.0,36587270.0,0.0,335039980.0,171802430.0,543429680.0
2019-07-15,6680.0,6750.0,6560.0,6560.0,93862.0,-1.6491754122938531,35818870.0,0.0,562827660.0,21960800.0,58619020.0,0.0,321848240.0,240140070.0,620607330.0
2019-07-16,6540.0,6640.0,6540.0,6600.0,66743.0,0.6097560975609756,17072610.0,0.0,317234170.0,105844690.0,6871340.0,3933410.0,279903010.0,149443710.0,440151470.0
2019-07-17,6570.0,6620.0,6440.0,6500.0,126114.0,-1.5151515151515151,13725500.0,120218750.0,660000400.0,26285160.0,66423360.0,1944000.0,479381120.0,272481330.0,820229810.0
2019-07-18,6540.0,6550.0,6460.0,6470.0,90941.0,-0.46153846153846156,15149890.0,0.0,471458330.0,104490070.0,11201900.0,0.0,423557190.0,156339200.0,591098290.0
2019-07-19,6480.0,6560.0,6430.0,6480.0,83747.0,0.1545595054095827,11710240.0,4555000.0,387628110.0,139824070.0,26720320.0,0.0,367668200.0,149328900.0,543717420.0
2019-07-22,6500.0,6680.0,6500.0,6660.0,106135.0,2.7777777777777777,170664430.0,0.0,447758140.0,84620290.0,2503460.0,0.0,612546410.0,87992990.0,703042860.0
2019-07-23,6660.0,6730.0,6550.0,6590.0,70672.0,-1.0510510510510511,5856500.0,4100300.0,425699220.0,31742850.0,25097810.0,0.0,276759190.0,165541870.0,467398870.0
2019-07-24,6590.0,6650.0,6520.0,6520.0,66289.0,-1.062215477996965,7325540.0,0.0,414047700.0,13483550.0,6811680.0,0.0,311737950.0,116307160.0,434856790.0
2019-07-25,6510.0,6550.0,6420.0,6440.0,74500.0,-1.2269938650306749,12027920.0,0.0,431069620.0,37747570.0,22880230.0,0.0,300729800.0,157235080.0,480845110.0
2019-07-26,6410.0,6460.0,6190.0,6260.0,144461.0,-2.7950310559006213,67614480.0,3449040.0,803283390.0,33078240.0,93690080.0,0.0,626690790.0,187044280.0,907425150.0
2019-07-29,6130.0,6230.0,5970.0,5970.0,195076.0,-4.63258785942492,44017640.0,110210000.0,939123680.0,89455680.0,120215410.0,0.0,969073150.0,93518440.0,1182807000.0
2019-07-30,5810.0,6080.0,5810.0,6060.0,87330.0,1.507537688442211,4529080.0,0.0,272029130.0,244694380.0,16019400.0,0.0,459193930.0,46039260.0,521252590.0
2019-07-31,5950.0,6090.0,5950.0,5990.0,86968.0,-1.155115511551155,42592830.0,0.0,385636400.0,94071270.0,153655020.0,0.0,318209630.0,50435850.0,522300500.0
2019-08-01,5940.0,6030.0,5800.0,5800.0,79174.0,-3.1719532554257093,21959870.0,11760.0,372816230.0,73234510.0,26763730.0,0.0,305495930.0,135762710.0,468022370.0
2019-08-02,5810.0,5920.0,5730.0,5880.0,76321.0,1.3793103448275863,10336410.0,0.0,311058710.0,124443990.0,9683840.0,11560000.0,413396710.0,11198560.0,445839110.0
2019-08-05,5820.0,5880.0,5550.0,5550.0,189922.0,-5.612244897959184,32894740.0,0.0,825040470.0,212189520.0,144558660.0,0.0,711657750.0,213908320.0,1070124730.0
2019-08-06,5310.0,5530.0,5110.0,5230.0,231091.0,-5.7657657657657655,7030380.0,0.0,749646310.0,483660690.0,68782590.0,0.0,1096024690.0,75530100.0,1240337380.0
2019-08-07,5170.0,5390.0,5170.0,5350.0,262868.0,2.294455066921606,72531550.0,0.0,718658490.0,597058690.0,17580930.0,58155080.0,1132494820.0,180017900.0,1388248730.0
2019-08-08,5350.0,5580.0,5350.0,5550.0,138648.0,3.7383177570093453,76412140.0,0.0,489634190.0,194656560.0,8795450.0,0.0,703358020.0,48549420.0,760702890.0
2019-08-09,5580.0,5720.0,5300.0,5450.0,129236.0,-1.8018018018018018,11758160.0,0.0,578873090.0,125471680.0,143806520.0,0.0,409159940.0,163136470.0,716102930.0
2019-08-12,5410.0,5590.0,5330.0,5400.0,55960.0,-0.9174311926605505,11554280.0,0.0,226286440.0,64380220.0,88838980.0,0.0,138650820.0,74731140.0,302220940.0
2019-08-13,5350.0,5650.0,5310.0,5490.0,249118.0,1.6666666666666667,86284110.0,0.0,1251734600.0,30583690.0,24096350.0,0.0,937093880.0,407412170.0,1368602400.0
2019-08-14,5490.0,5590.0,5420.0,5420.0,118827.0,-1.2750455373406193,44296950.0,0.0,546976280.0,63025030.0,8627020.0,0.0,273597500.0,372073740.0,654298260.0
2019-08-16,5310.0,5380.0,5270.0,5270.0,108153.0,-2.7675276752767526,5157130.0,250510.0,494613770.0,74316530.0,20096990.0,0.0,242245600.0,311995350.0,574337940.0
2019-08-19,5320.0,5350.0,5240.0,5300.0,129724.0,0.5692599620493358,190908470.0,0.0,271309120.0,224286010.0,19312180.0,0.0,232379040.0,434812380.0,686503600.0
2019-08-20,5310.0,5420.0,5310.0,5320.0,108376.0,0.37735849056603776,18910840.0,0.0,355927660.0,205726170.0,20173510.0,0.0,190807190.0,369583970.0,580564670.0
2019-08-21,5390.0,5550.0,5360.0,5430.0,248861.0,2.0676691729323307,15148900.0,27230.0,959110230.0,381876530.0,18230100.0,27160.0,647853600.0,690052030.0,1356162890.0
2019-08-22,5470.0,5600.0,5460.0,5530.0,104116.0,1.841620626151013,14470890.0,49737220.0,409558920.0,104058450.0,19122110.0,5580.0,514519380.0,44178410.0,577825480.0
2019-08-23,5530.0,5540.0,5410.0,5440.0,80019.0,-1.62748643761302,13615140.0,2725000.0,327440610.0,93571400.0,84869080.0,0.0,222652000.0,129831070.0,437352150.0
2019-08-26,5400.0,6960.0,5390.0,6150.0,9351762.0,13.051470588235295,197121970.0,94532680.0,59616637000.0,542959490.0,1802885250.0,51282150.0,56268523820.0,2328559920.0,60451251140.0
2019-08-27,6280.0,6420.0,6000.0,6100.0,1806156.0,-0.8130081300813009,147779910.0,36899000.0,10657474900.0,309110870.0,28858840.0,3796350.0,9984441820.0,1134167670.0,11151264680.0
2019-08-28,6170.0,6260.0,5900.0,6040.0,940164.0,-0.9836065573770493,15815250.0,35437980.0,5567887000.0,84702280.0,20111250.0,1194000.0,5238714130.0,443823130.0,5703842510.0
2019-08-29,6010.0,6060.0,5760.0,5870.0,594084.0,-2.814569536423841,117536370.0,0.0,3068668830.0,300496450.0,12872100.0,0.0,3242145870.0,231683680.0,3486701650.0
2019-08-30,5900.0,6690.0,5800.0,6290.0,5997734.0,7.155025553662692,406220330.0,5701760.0,37662918260.0,405075010.0,1038115100.0,90189680.0,36381333980.0,970276600.0,38479915360.0
2019-09-02,6250.0,6350.0,6160.0,6180.0,614550.0,-1.7488076311605723,24106160.0,6301870.0,3668329610.0,148989560.0,48193710.0,0.0,3614193380.0,185340110.0,3847727200.0
2019-09-03,6140.0,6590.0,6060.0,6250.0,1520752.0,1.132686084142395,131044990.0,9586630.0,9323363900.0,248549940.0,39310690.0,6487410.0,9115457870.0,551289490.0,9712545460.0
2019-09-04,6120.0,6450.0,6110.0,6350.0,627083.0,1.6,62313510.0,7476360.0,3794169940.0,102893660.0,99395030.0,4379540.0,3561190760.0,301888140.0,3966853470.0
2019-09-05,6350.0,6430.0,6240.0,6290.0,539197.0,-0.9448818897637795,12684820.0,21461800.0,3294610900.0,86465750.0,46078830.0,12840.0,2708848390.0,660283210.0,3415223270.0
2019-09-06,6330.0,6690.0,6200.0,6260.0,973824.0,-0.47694753577106513,11606620.0,17428650.0,6074448980.0,127255690.0,56550870.0,149840.0,5719352240.0,454686990.0,6230739940.0
2019-09-09,6270.0,6430.0,6240.0,6240.0,456187.0,-0.3194888178913738,12123910.0,17849980.0,2709558470.0,153492220.0,239854390.0,25400.0,2404407340.0,248737450.0,2893024580.0
2019-09-10,6350.0,6570.0,6250.0,6480.0,1610477.0,3.8461538461538463,13660710.0,12718040.0,10194576790.0,244677430.0,172001480.0,27960520.0,9557256700.0,708414270.0,10465632970.0
2019-09-11,7050.0,7150.0,6420.0,6420.0,2670613.0,-0.9259259259259258,126869710.0,104160.0,17792141540.0,177599860.0,230832990.0,81690310.0,16497121070.0,1287070900.0,18096715270.0
2019-09-16,6470.0,6510.0,6330.0,6380.0,480805.0,-0.6230529595015576,110313000.0,5942700.0,2902788770.0,56541390.0,8585180.0,6460000.0,2571215810.0,489324870.0,3075585860.0
2019-09-17,6400.0,6450.0,6290.0,6380.0,500007.0,0.0,11975580.0,3165000.0,2941339620.0,228987190.0,8161400.0,31501540.0,2530288560.0,615515890.0,3185467390.0
2019-09-18,6380.0,6420.0,6320.0,6320.0,297807.0,-0.9404388714733543,3204140.0,6350000.0,1786818850.0,95548390.0,4783320.0,386740.0,1513498780.0,373252540.0,1891921380.0
2019-09-19,6380.0,6400.0,6270.0,6290.0,255125.0,-0.4746835443037975,34858900.0,0.0,1377793080.0,201145180.0,2857040.0,883640.0,1173228660.0,436827820.0,1613797160.0
2019-09-20,6340.0,6340.0,6240.0,6250.0,225773.0,-0.6359300476947536,6307750.0,0.0,1065850330.0,343491980.0,6604520.0,0.0,811885260.0,597160280.0,1415650060.0
2019-09-23,6250.0,6620.0,6250.0,6390.0,456714.0,2.2399999999999998,1859300.0,8995800.0,2764047800.0,150636700.0,4297510.0,9306000.0,2734182660.0,177753430.0,2925539600.0
2019-09-24,6350.0,6420.0,6290.0,6330.0,234206.0,-0.9389671361502347,15492230.0,1893000.0,1369869860.0,94359250.0,1049250.0,0.0,1032477320.0,448087770.0,1481614340.0
2019-09-25,6330.0,6330.0,6130.0,6130.0,285608.0,-3.15955766192733,1357760.0,7426000.0,1680553470.0,86805490.0,1739380.0,0.0,1410817150.0,363586190.0,1776142720.0
2019-09-26,6200.0,6250.0,6050.0,6110.0,244944.0,-0.3262642740619902,2738640.0,12220.0,1238226140.0,267015990.0,90746970.0,0.0,1080219820.0,337026200.0,1507992990.0
2019-09-27,6110.0,6170.0,5990.0,6140.0,301156.0,0.4909983633387889,3119600.0,7800000.0,1603254300.0,214515070.0,3684000.0,0.0,1386687960.0,438317010.0,1828688970.0
2019-09-30,6150.0,6380.0,6030.0,6250.0,355178.0,1.7915309446254073,119838510.0,0.0,1858264640.0,221310980.0,88022580.0,0.0,1700621460.0,410770090.0,2199414130.0
2019-10-01,6250.0,6280.0,6130.0,6190.0,184428.0,-0.96,44826090.0,0.0,1014496850.0,82363800.0,18198250.0,0.0,734455210.0,389033280.0,1141686740.0
2019-10-02,6130.0,6300.0,6100.0,6100.0,281907.0,-1.4539579967689822,16099580.0,112140.0,1346998080.0,380525000.0,17239270.0,0.0,898061270.0,828434260.0,1743734800.0
2019-10-04,6100.0,6210.0,6010.0,6010.0,175730.0,-1.4754098360655739,4071770.0,5442000.0,832386900.0,227643800.0,10430970.0,0.0,810188550.0,248924950.0,1069544470.0
2019-10-07,6020.0,6150.0,5970.0,6050.0,179533.0,0.6655574043261231,16541650.0,60160.0,960459820.0,107591600.0,17177870.0,0.0,1053615200.0,13860160.0,1084653230.0
2019-10-08,6000.0,6160.0,6000.0,6150.0,106626.0,1.6528925619834711,708600.0,0.0,482981240.0,163477540.0,18914630.0,0.0,587623160.0,40629590.0,647167380.0
2019-10-10,6150.0,6190.0,6050.0,6100.0,121420.0,-0.8130081300813009,3216140.0,0.0,658825450.0,81625960.0,1650340.0,0.0,542815250.0,199201960.0,743667550.0
2019-10-11,6130.0,6250.0,6110.0,6250.0,151460.0,2.459016393442623,121075260.0,0.0,613606850.0,203392270.0,9142520.0,12420.0,843655010.0,85264430.0,938074380.0
2019-10-14,6350.0,6360.0,6230.0,6300.0,102492.0,0.8,9502330.0,0.0,491139030.0,144547820.0,8432300.0,9450000.0,543486880.0,83820000.0,645189180.0
2019-10-15,6350.0,6510.0,6300.0,6370.0,599217.0,1.1111111111111112,29931460.0,12660.0,3577264330.0,234244470.0,54860480.0,13784330.0,3120181140.0,652626970.0,3841452920.0
2019-10-16,6400.0,6510.0,6340.0,6450.0,323475.0,1.2558869701726845,32115500.0,31618550.0,1788692860.0,229066300.0,4447390.0,8361000.0,2012561760.0,56123060.0,2081493210.0
2019-10-17,6550.0,6620.0,6030.0,6080.0,990464.0,-5.736434108527131,73537040.0,3728820.0,5934079460.0,128186580.0,65908290.0,31813110.0,5169182220.0,872628280.0,6139531900.0
2019-10-18,6130.0,6150.0,6050.0,6090.0,349858.0,0.1644736842105263,4545700.0,3052160.0,1683993330.0,443177050.0,14923640.0,0.0,1997224170.0,122620430.0,2134768240.0
2019-10-21,6070.0,6140.0,6060.0,6090.0,112832.0,0.0,738740.0,3055000.0,557535950.0,126464740.0,2502480.0,0.0,560912880.0,124379070.0,687794430.0
2019-10-22,6090.0,6150.0,6070.0,6080.0,135929.0,-0.16420361247947454,12121310.0,3065000.0,608043590.0,206418340.0,11127610.0,0.0,673549820.0,144970810.0,829648240.0
2019-10-23,6140.0,6140.0,6070.0,6070.0,140849.0,-0.1644736842105263,6648330.0,0.0,763607950.0,88193790.0,5497580.0,12240.0,724752220.0,128188030.0,858450070.0
2019-10-24,6070.0,6190.0,6030.0,6190.0,175936.0,1.9769357495881383,0.0,0.0,813181080.0,260311700.0,116180.0,0.0,1065320360.0,8056240.0,1073492780.0
2019-10-25,6160.0,6230.0,6120.0,6170.0,101695.0,-0.32310177705977383,9202890.0,0.0,497378030.0,120002420.0,699070.0,0.0,596183480.0,29700790.0,626583340.0
2019-10-28,6180.0,6200.0,6120.0,6120.0,85577.0,-0.8103727714748784,13624950.0,0.0,443423370.0,69729500.0,6214300.0,0.0,500816170.0,19747350.0,526777820.0
2019-10-29,6180.0,6180.0,6080.0,6130.0,103728.0,0.16339869281045752,9768350.0,0.0,518385370.0,105251740.0,79498350.0,0.0,452135600.0,101771510.0,633405460.0
2019-10-30,6100.0,6140.0,6080.0,6110.0,59553.0,-0.3262642740619902,1803890.0,0.0,269884810.0,92290730.0,58549850.0,0.0,289428510.0,16001070.0,363979430.0
2019-10-31,6150.0,6150.0,6030.0,6110.0,101181.0,0.0,103167990.0,0.0,461138220.0,51306840.0,60575900.0,0.0,525011980.0,30025170.0,615613050.0
2019-11-01,6130.0,6430.0,6050.0,6050.0,321057.0,-0.9819967266775778,37053220.0,242340.0,1878569650.0,55233280.0,305577720.0,190650.0,1463961130.0,201368990.0,1971098490.0
2019-11-04,6100.0,6340.0,6060.0,6340.0,377709.0,4.793388429752066,34055460.0,0.0,1386618960.0,942481890.0,266868880.0,12605300.0,2066017030.0,17665100.0,2363156310.0
2019-11-05,6360.0,6530.0,6260.0,6490.0,440014.0,2.365930599369085,1885000.0,0.0,2506923920.0,319241890.0,4769010.0,89900.0,2595819400.0,227372500.0,2828050810.0
2019-11-06,6560.0,6630.0,6220.0,6440.0,570140.0,-0.7704160246533128,26160690.0,0.0,3375029670.0,277718400.0,27489010.0,16125000.0,3339565500.0,295729250.0,3678908760.0
2019-11-07,6350.0,6540.0,6310.0,6540.0,304637.0,1.5527950310559007,9400200.0,52110.0,1457991250.0,505223920.0,22080620.0,26000.0,1844649610.0,105911250.0,1972667480.0
2019-11-08,6500.0,6630.0,6330.0,6600.0,647312.0,0.9174311926605505,20184420.0,5901240.0,4029302330.0,172049060.0,199075530.0,13060.0,3443947890.0,584400570.0,4227437050.0
2019-11-11,6970.0,7220.0,6300.0,6490.0,2841769.0,-1.6666666666666667,435124550.0,14099890.0,18739773600.0,314138620.0,454332300.0,20399690.0,18052259670.0,976145000.0,19503136660.0
2019-11-12,6470.0,6600.0,6270.0,6270.0,726155.0,-3.389830508474576,60511080.0,12660.0,3915474680.0,662425650.0,77368370.0,15700000.0,4315509930.0,229845770.0,4638424070.0
2019-11-13,6230.0,6350.0,6200.0,6220.0,231430.0,-0.7974481658692184,11830360.0,0.0,1135806590.0,298299850.0,20196150.0,0.0,1312528190.0,113212460.0,1445936800.0
2019-11-14,6180.0,6260.0,6110.0,6190.0,282501.0,-0.482315112540193,31937410.0,0.0,1328705400.0,379874940.0,260374120.0,0.0,1417873820.0,62269810.0,1740517750.0
2019-11-15,6160.0,6340.0,6120.0,6290.0,250172.0,1.615508885298869,21759170.0,0.0,717658550.0,826190310.0,32127070.0,0.0,1458204890.0,75276070.0,1565608030.0
2019-11-18,6350.0,6540.0,6220.0,6330.0,293861.0,0.6359300476947536,33742090.0,25280.0,1300594020.0,526552530.0,16571850.0,25460.0,1584980890.0,259335720.0,1860913920.0
2019-11-19,6390.0,6540.0,6340.0,6480.0,357587.0,2.3696682464454977,19175690.0,0.0,1565388290.0,716783790.0,121075780.0,12960.0,1966017020.0,214242010.0,2301347770.0
2019-11-20,6500.0,6530.0,6340.0,6470.0,214899.0,-0.15432098765432098,512958630.0,12820.0,571424040.0,299217920.0,8205950.0,13020.0,1139160290.0,236234150.0,1383613410.0
2019-11-21,6420.0,6470.0,6260.0,6400.0,267328.0,-1.0819165378670788,133298120.0,0.0,1276391420.0,284347980.0,6050320.0,0.0,1101861390.0,586125810.0,1694037520.0
2019-11-22,6400.0,6450.0,6290.0,6330.0,147613.0,-1.09375,105107130.0,0.0,678331870.0,155248260.0,24167370.0,9480000.0,731529300.0,173510590.0,938687260.0
2019-11-25,6340.0,6380.0,6250.0,6330.0,146651.0,0.0,67099010.0,0.0,540633740.0,319457400.0,30795590.0,6340000.0,751081530.0,138973030.0,927190150.0
2019-11-26,6300.0,6500.0,6300.0,6420.0,289735.0,1.4218009478672986,27435790.0,0.0,1268058700.0,568352510.0,10090390.0,0.0,1551993580.0,301763030.0,1863847000.0
2019-11-27,6480.0,6530.0,6410.0,6420.0,193658.0,0.0,3093230.0,6450.0,1065109740.0,182407500.0,695670.0,51780.0,983810390.0,266059080.0,1250616920.0
2019-11-28,6450.0,6470.0,6300.0,6310.0,157637.0,-1.7133956386292832,32193980.0,0.0,872887440.0,97483320.0,20943300.0,0.0,946347350.0,35274090.0,1002564740.0
2019-11-29,6350.0,6350.0,6200.0,6290.0,128634.0,-0.31695721077654515,34681120.0,0.0,613695040.0,156815930.0,28416490.0,0.0,509877840.0,266897760.0,805192090.0
2019-12-02,6250.0,6310.0,6100.0,6100.0,177459.0,-3.0206677265500796,17886080.0,6180.0,829710720.0,245899630.0,21909410.0,12320.0,599564000.0,472016880.0,1093502610.0
2019-12-03,6100.0,6190.0,6000.0,6090.0,105813.0,-0.16393442622950818,18782260.0,0.0,488898660.0,137059680.0,13799160.0,0.0,439057440.0,191884000.0,644740600.0
2019-12-04,6040.0,6140.0,6010.0,6060.0,104071.0,-0.49261083743842365,6770890.0,6040.0,538335680.0,83636180.0,4776810.0,0.0,471122520.0,152849460.0,628748790.0
2019-12-05,6040.0,6130.0,5830.0,5900.0,150136.0,-2.6402640264026402,38547180.0,0.0,676430250.0,178897600.0,21365100.0,0.0,696400430.0,176109500.0,893875030.0
2019-12-06,5820.0,5980.0,5720.0,5770.0,245087.0,-2.2033898305084745,12051420.0,2900000.0,1221197360.0,188269140.0,276086540.0,0.0,807626050.0,340705330.0,1424417920.0
2019-12-09,5740.0,5860.0,5670.0,5740.0,245546.0,-0.5199306759098787,14876600.0,0.0,1170541150.0,221381660.0,5718080.0,0.0,674952630.0,726128700.0,1406799410.0
2019-12-10,5810.0,5940.0,5720.0,5760.0,196461.0,0.34843205574912894,59114520.0,23040.0,991821330.0,86535200.0,22900540.0,23540.0,566554380.0,548015630.0,1137494090.0
2019-12-11,5720.0,5890.0,5720.0,5840.0,123108.0,1.3888888888888888,7697240.0,0.0,590060750.0,116069100.0,174488310.0,0.0,489685700.0,49653080.0,713827090.0
2019-12-12,5930.0,5950.0,5830.0,5940.0,112847.0,1.7123287671232876,26611450.0,0.0,512815260.0,126475380.0,52539570.0,0.0,574217170.0,39145350.0,665902090.0
2019-12-13,5940.0,6060.0,5900.0,6020.0,236947.0,1.3468013468013467,78765110.0,0.0,1239531470.0,110748180.0,30534060.0,55260.0,1077665880.0,320789560.0,1429044760.0
2019-12-16,6920.0,7100.0,6310.0,6310.0,2804799.0,4.817275747508306,58284450.0,224973940.0,17906932180.0,335687490.0,117953490.0,30859220.0,17536529270.0,840536080.0,18525878060.0
2019-12-17,6330.0,6380.0,6140.0,6140.0,538957.0,-2.694136291600634,33713740.0,80090.0,2946921200.0,378597150.0,262784870.0,12947400.0,2832472720.0,251107190.0,3359312180.0
2019-12-18,6130.0,6160.0,5980.0,6130.0,441718.0,-0.16286644951140067,230587110.0,60510.0,2264876550.0,176618310.0,12760790.0,147126000.0,1872679830.0,639575860.0,2672142480.0
2019-12-19,6100.0,6120.0,6010.0,6030.0,120747.0,-1.631321370309951,2220230.0,90670.0,675270210.0,53065250.0,51512320.0,24340.0,554843990.0,124265710.0,730646360.0
2019-12-20,6040.0,6100.0,6020.0,6080.0,139449.0,0.8291873963515755,55149920.0,36190.0,508160870.0,281028310.0,9901390.0,48590.0,594337750.0,240087560.0,844375290.0
2019-12-23,6070.0,6150.0,6040.0,6040.0,120502.0,-0.6578947368421052,3306060.0,18150.0,697763140.0,31268490.0,12142690.0,24340.0,642841540.0,77347270.0,732355840.0
2019-12-24,6040.0,6120.0,6000.0,6040.0,171172.0,0.0,56712080.0,60024090.0,715428380.0,200023240.0,49599000.0,6080.0,920407790.0,62174920.0,1032187790.0
2019-12-26,5980.0,6060.0,5960.0,6000.0,141466.0,-0.6622516556291391,5494190.0,55105700.0,705152950.0,82941670.0,17776090.0,0.0,744992510.0,85925910.0,848694510.0
2019-12-27,5990.0,6040.0,5970.0,6000.0,69895.0,0.0,11195840.0,71780.0,339919570.0,68287150.0,15092610.0,0.0,375427560.0,28954170.0,419474340.0
2019-12-30,5960.0,6070.0,5960.0,6050.0,93412.0,0.8333333333333334,33708220.0,12030.0,333193320.0,197616740.0,28011370.0,48430.0,518628170.0,17842340.0,564530310.0
2020-01-02,6050.0,6060.0,5980.0,6030.0,115801.0,-0.3305785123966942,18212520.0,0.0,644215110.0,33344590.0,27876520.0,0.0,549347040.0,118548660.0,695772220.0
2020-01-03,6040.0,6090.0,5990.0,5990.0,134186.0,-0.6633499170812603,8760160.0,66190.0,666920690.0,132897540.0,51250220.0,6070.0,690491630.0,66896660.0,808644580.0
2020-01-06,5970.0,6010.0,5770.0,5770.0,203262.0,-3.672787979966611,29975790.0,0.0,1073822850.0,86225470.0,29547810.0,823200.0,1048142610.0,111510490.0,1190024110.0
2020-01-07,5810.0,6070.0,5810.0,5910.0,248986.0,2.4263431542461005,9454970.0,0.0,1051174710.0,429532540.0,15234240.0,0.0,1400574740.0,74353240.0,1490162220.0
2020-01-08,5950.0,5980.0,5660.0,5660.0,275163.0,-4.230118443316413,6240820.0,2850000.0,1436199650.0,132552510.0,792660.0,0.0,1151027590.0,426022730.0,1577842980.0
2020-01-09,5750.0,5840.0,5700.0,5780.0,118832.0,2.1201413427561837,43782510.0,38233800.0,446443700.0,158723160.0,40168020.0,0.0,516935900.0,130079250.0,687183170.0
2020-01-10,5830.0,5860.0,5770.0,5770.0,83344.0,-0.17301038062283738,13426590.0,0.0,442521640.0,28123990.0,134696080.0,0.0,227217050.0,122159090.0,484072220.0
2020-01-13,5730.0,5860.0,5730.0,5850.0,68259.0,1.386481802426343,2207520.0,0.0,313709490.0,80567530.0,14644840.0,38664560.0,295110320.0,48064820.0,396484540.0
2020-01-14,5870.0,5920.0,5780.0,5800.0,110366.0,-0.8547008547008548,24710810.0,1238080.0,559762610.0,56715630.0,28472030.0,0.0,481540500.0,132414600.0,642427130.0
2020-01-15,5840.0,5860.0,5740.0,5810.0,111734.0,0.1724137931034483,6051950.0,2915000.0,592762480.0,47149770.0,20650130.0,0.0,429752740.0,198476330.0,648879200.0
2020-01-16,5780.0,5840.0,5780.0,5830.0,71313.0,0.34423407917383825,103019320.0,0.0,244062950.0,67258230.0,3603730.0,0.0,374237160.0,36499610.0,414340500.0
2020-01-17,5840.0,5900.0,5790.0,5800.0,190188.0,-0.5145797598627788,67085650.0,34960.0,937519190.0,102130290.0,12497280.0,1229600.0,487669300.0,605373910.0,1106770090.0
2020-01-20,5820.0,5850.0,5760.0,5770.0,144918.0,-0.5172413793103449,19000490.0,5811560.0,768245430.0,46892050.0,16100210.0,11620.0,413988780.0,409848920.0,839949530.0
2020-01-21,5800.0,5830.0,5720.0,5770.0,147515.0,0.0,7274860.0,0.0,728661310.0,114740420.0,1981090.0,0.0,635516690.0,213178810.0,850676590.0
2020-01-22,5790.0,5790.0,5630.0,5640.0,296643.0,-2.2530329289428077,6861090.0,11380.0,1669573960.0,6528890.0,451975850.0,0.0,907941290.0,323058180.0,1682975320.0
2020-01-23,5670.0,5670.0,5410.0,5480.0,186592.0,-2.8368794326241136,10720500.0,8265000.0,945398850.0,67083640.0,23084170.0,0.0,919535910.0,88847910.0,1031467990.0
2020-01-28,5340.0,5410.0,5170.0,5190.0,234359.0,-5.291970802919708,5744120.0,11264580.0,1137562440.0,70008650.0,72660.0,0.0,1124927280.0,99579850.0,1224579790.0
2020-01-29,5190.0,5260.0,5170.0,5240.0,95550.0,0.9633911368015413,455880.0,1049200.0,434133670.0,62554160.0,17943890.0,0.0,444772440.0,35476580.0,498192910.0
2020-01-30,5210.0,5240.0,5110.0,5120.0,175444.0,-2.2900763358778624,5787470.0,0.0,873788660.0,22730480.0,5354180.0,523000.0,713267010.0,183162420.0,902306610.0
2020-01-31,5110.0,5260.0,5110.0,5120.0,130403.0,0.0,234825530.0,0.0,324296990.0,115429880.0,18462710.0,0.0,618027860.0,38061830.0,674552400.0
2020-02-03,5050.0,5120.0,4935.0,5020.0,159013.0,-1.953125,33148485.0,0.0,676205765.0,85591200.0,11151215.0,0.0,624133845.0,159660390.0,794945450.0
2020-02-04,4990.0,5170.0,4990.0,5170.0,68947.0,2.9880478087649402,34922630.0,0.0,244636450.0,72592740.0,7778990.0,0.0,276424970.0,67947860.0,352151820.0
2020-02-05,5200.0,5220.0,5120.0,5130.0,66471.0,-0.7736943907156674,7737850.0,0.0,280428730.0,54889930.0,42740280.0,0.0,168597910.0,131718320.0,343056510.0
2020-02-06,5200.0,5250.0,5160.0,5210.0,98264.0,1.5594541910331383,2719450.0,0.0,452787650.0,55899550.0,3780550.0,0.0,446312000.0,61314100.0,511406650.0
2020-02-07,5250.0,5250.0,5120.0,5150.0,65299.0,-1.1516314779270633,1511790.0,10280.0,299677990.0,35618760.0,6020670.0,0.0,221357140.0,109441010.0,336818820.0
2020-02-10,5100.0,5170.0,5040.0,5080.0,68532.0,-1.3592233009708738,5732240.0,2558000.0,306614530.0,34949070.0,4489870.0,0.0,235791230.0,109572740.0,349853840.0
2020-02-11,5130.0,5180.0,5090.0,5100.0,48063.0,0.39370078740157477,897940.0,10240.0,225118390.0,20371360.0,22673300.0,10360.0,159727880.0,63986390.0,246397930.0
2020-02-12,5100.0,5180.0,5090.0,5120.0,53424.0,0.39215686274509803,16347060.0,0.0,237308650.0,20572450.0,47501990.0,0.0,133750990.0,92975180.0,274228160.0
2020-02-13,5190.0,5230.0,5140.0,5150.0,96292.0,0.5859375,56238520.0,1044300.0,341023190.0,99050390.0,51984380.0,10420.0,312078210.0,133283390.0,497356400.0
2020-02-14,5210.0,5610.0,5180.0,5370.0,508714.0,4.271844660194175,10081760.0,0.0,2349830150.0,378285570.0,12782540.0,8443020.0,2292481940.0,424489980.0,2738197480.0
2020-02-17,5420.0,5420.0,5270.0,5340.0,94669.0,-0.5586592178770949,31230110.0,2403000.0,434922080.0,35081570.0,3017770.0,1078580.0,433001550.0,66538860.0,503636760.0
2020-02-18,5430.0,5430.0,5260.0,5260.0,89679.0,-1.4981273408239701,11430290.0,2411000.0,366851410.0,95465090.0,5421600.0,0.0,433444860.0,37291330.0,476157790.0
2020-02-19,5350.0,5390.0,5220.0,5320.0,124206.0,1.1406844106463878,9008570.0,0.0,491286480.0,156851640.0,16514830.0,0.0,578042000.0,62589860.0,657146690.0
2020-02-20,5300.0,5370.0,5200.0,5200.0,154485.0,-2.2556390977443606,13838500.0,10400.0,614863630.0,184561480.0,51454450.0,0.0,554138670.0,207680890.0,813274010.0
2020-02-21,5230.0,5240.0,5060.0,5100.0,120659.0,-1.9230769230769231,32598480.0,10260.0,450460800.0,137119080.0,201687510.0,10460.0,325661660.0,92828990.0,620188620.0
2020-02-24,4960.0,5090.0,4860.0,4880.0,169726.0,-4.313725490196078,16109820.0,9800000.0,760764570.0,47564545.0,21836570.0,0.0,691675655.0,120726710.0,834238935.0
2020-02-25,4830.0,4925.0,4830.0,4905.0,114559.0,0.5122950819672131,9644655.0,0.0,439902335.0,110434430.0,949715.0,0.0,466258045.0,92773660.0,559981420.0
2020-02-26,4785.0,4900.0,4780.0,4790.0,135194.0,-2.344546381243629,13045145.0,1441500.0,578105145.0,56590260.0,113583005.0,0.0,405406425.0,130192620.0,649182050.0
2020-02-27,4800.0,4860.0,4650.0,4675.0,176551.0,-2.4008350730688934,9607405.0,0.0,771655925.0,54047755.0,103255855.0,0.0,651165760.0,80889470.0,835311085.0
2020-02-28,4550.0,4645.0,4250.0,4345.0,487560.0,-7.0588235294117645,170261865.0,59032235.0,1648645170.0,260901045.0,248787800.0,0.0,1714702260.0,175350255.0,2138840315.0
2020-03-02,4280.0,4465.0,4280.0,4425.0,210332.0,1.8411967779056386,16536300.0,874000.0,479079590.0,430201155.0,60702205.0,0.0,806087975.0,59900865.0,926691045.0
2020-03-03,4540.0,4605.0,4465.0,4500.0,102893.0,1.694915254237288,5812245.0,0.0,294654730.0,166535615.0,110123495.0,0.0,282551000.0,74328095.0,467002590.0
2020-03-04,4415.0,4650.0,4415.0,4590.0,78588.0,2.0,7823965.0,0.0,251665805.0,100994150.0,16444895.0,0.0,303219675.0,40819350.0,360483920.0
2020-03-05,4685.0,4790.0,4620.0,4735.0,171397.0,3.159041394335512,31114025.0,0.0,640231990.0,135370120.0,29556880.0,0.0,644902955.0,132256300.0,806716135.0
2020-03-06,4660.0,4735.0,4620.0,4710.0,132858.0,-0.5279831045406547,38164350.0,0.0,434327825.0,146491520.0,26429790.0,0.0,461262190.0,131291715.0,618983695.0
2020-03-09,4605.0,4615.0,4390.0,4410.0,178874.0,-6.369426751592357,95874315.0,28500340.0,625085125.0,49254015.0,90907505.0,0.0,506559655.0,201246635.0,798713795.0
2020-03-10,4200.0,4395.0,4185.0,4300.0,238342.0,-2.494331065759637,35249155.0,3459590.0,798530160.0,184891960.0,108205140.0,0.0,765821635.0,148104090.0,1022130865.0
2020-03-11,4300.0,4370.0,4140.0,4180.0,182315.0,-2.7906976744186047,13628710.0,0.0,622718210.0,134181280.0,16255945.0,0.0,569020880.0,185251375.0,770528200.0
2020-03-12,4035.0,4120.0,3900.0,3930.0,372897.0,-5.980861244019139,13386095.0,0.0,1149308405.0,317743080.0,14203370.0,0.0,1235651490.0,230582720.0,1480437580.0
2020-03-13,3500.0,3650.0,3300.0,3515.0,447828.0,-10.559796437659033,1970420.0,0.0,1076193565.0,492608740.0,53985125.0,0.0,1289798495.0,226989105.0,1570772725.0
2020-03-16,3460.0,3775.0,3365.0,3365.0,336908.0,-4.267425320056899,14974580.0,9101490.0,874399385.0,281432650.0,15582540.0,0.0,838616385.0,325709180.0,1179908105.0
2020-03-17,3070.0,3390.0,3060.0,3230.0,415999.0,-4.011887072808321,8301725.0,6519550.0,864700370.0,456094490.0,9949725.0,0.0,1071370810.0,254295600.0,1335616135.0
2020-03-18,3230.0,3330.0,3015.0,3015.0,380295.0,-6.656346749226007,264185.0,0.0,1006645775.0,189431825.0,2806265.0,124741070.0,762832670.0,305961780.0,1196341785.0
2020-03-19,3000.0,3080.0,2500.0,2530.0,836998.0,-16.086235489220563,350074690.0,35824750.0,1637731875.0,285072750.0,339060.0,210730825.0,1701063285.0,396570895.0,2308704065.0
2020-03-20,2490.0,2675.0,2490.0,2675.0,495149.0,5.7312252964426875,363560.0,6225000.0,871820905.0,396287125.0,14739565.0,0.0,1132127540.0,127829485.0,1274696590.0
2020-03-23,2465.0,2600.0,2415.0,2420.0,315431.0,-9.532710280373832,304845.0,99000.0,728761780.0,51749855.0,7704385.0,0.0,471853155.0,301357940.0,780915480.0
2020-03-24,2500.0,2550.0,2455.0,2520.0,357654.0,4.132231404958678,3236110.0,9747000.0,800479450.0,81837125.0,1481340.0,0.0,705117855.0,188700490.0,895299685.0
2020-03-25,2570.0,2865.0,2565.0,2750.0,498502.0,9.126984126984127,75370.0,8084500.0,1174381675.0,137743200.0,6508630.0,0.0,968628160.0,345147955.0,1320284745.0
2020-03-26,2790.0,2985.0,2680.0,2860.0,533054.0,4.0,2932290.0,6712330.0,1293180640.0,223840070.0,8106420.0,24959285.0,1170769510.0,322830115.0,1526665330.0
2020-03-27,3020.0,3135.0,2910.0,2920.0,565498.0,2.097902097902098,3573060.0,42843940.0,1484060440.0,164028855.0,13992205.0,81865465.0,1232816540.0,365832085.0,1694506295.0
2020-03-30,2885.0,2990.0,2790.0,2925.0,286618.0,0.17123287671232876,4210565.0,3599300.0,574168655.0,254569320.0,8693835.0,14836435.0,488432750.0,324584820.0,836547840.0
2020-03-31,3010.0,3170.0,2995.0,3075.0,366261.0,5.128205128205128,26779285.0,0.0,828030415.0,276471195.0,64480685.0,9450000.0,865009030.0,192341180.0,1131280895.0
2020-04-01,3120.0,3275.0,3045.0,3060.0,670673.0,-0.4878048780487805,19143840.0,0.0,1656024900.0,449769580.0,28251010.0,0.0,1604430230.0,492257080.0,2124938320.0
2020-04-02,3060.0,3180.0,3000.0,3170.0,339461.0,3.594771241830065,33337150.0,951000.0,695301275.0,324639370.0,7890495.0,0.0,687751665.0,358586635.0,1054228795.0
2020-04-03,3200.0,3320.0,3165.0,3305.0,327666.0,4.2586750788643535,24343590.0,0.0,826776495.0,206188690.0,13322160.0,0.0,807177685.0,236808930.0,1057308775.0
2020-04-06,3340.0,3450.0,3335.0,3425.0,452302.0,3.6308623298033282,11647285.0,0.0,1297124425.0,232015810.0,8613320.0,1136940.0,1083761665.0,447275595.0,1540787520.0
2020-04-07,3525.0,3795.0,3520.0,3755.0,604939.0,9.635036496350365,36182890.0,0.0,1693323175.0,467275390.0,9492885.0,57440.0,1594513780.0,592717350.0,2196781455.0
2020-04-08,3970.0,4035.0,3810.0,3860.0,651191.0,2.796271637816245,98544340.0,0.0,2330368975.0,119794195.0,29475225.0,0.0,1757306675.0,761925610.0,2548707510.0
2020-04-09,3890.0,3935.0,3805.0,3890.0,276724.0,0.7772020725388601,29620350.0,2986305.0,806131140.0,231960610.0,12879865.0,0.0,897817120.0,160001420.0,1070698405.0
2020-04-10,3965.0,3980.0,3770.0,3960.0,285004.0,1.7994858611825193,34509100.0,65400250.0,835432660.0,173219135.0,46170225.0,0.0,867743455.0,194647465.0,1108561145.0
2020-04-13,3960.0,3965.0,3850.0,3870.0,224261.0,-2.272727272727273,11238090.0,0.0,736746615.0,123820330.0,10977270.0,0.0,795163840.0,65663925.0,871805035.0
2020-04-14,3945.0,3950.0,3870.0,3895.0,208361.0,0.6459948320413437,9409165.0,0.0,636216950.0,169270795.0,53226655.0,0.0,646042310.0,115627945.0,814896910.0
2020-04-16,3960.0,4330.0,3955.0,4110.0,784606.0,5.5198973042362,28274215.0,0.0,2689660690.0,509300055.0,13247415.0,370350.0,2413786640.0,799830555.0,3227234960.0
2020-04-17,4250.0,4280.0,4170.0,4260.0,396501.0,3.64963503649635,20174915.0,41334780.0,1381864920.0,235124270.0,14249815.0,0.0,1453303105.0,210945965.0,1678498885.0
2020-04-20,4265.0,4420.0,4260.0,4415.0,420932.0,3.6384976525821595,25460445.0,0.0,1535349350.0,264379105.0,19490785.0,42416350.0,1309819120.0,453462645.0,1825188900.0
2020-04-21,4425.0,4425.0,4100.0,4340.0,461008.0,-1.698754246885617,16208550.0,0.0,1541364135.0,409101670.0,14484620.0,13678190.0,1361470835.0,577040710.0,1966674355.0
2020-04-22,4270.0,4335.0,4080.0,4310.0,209300.0,-0.6912442396313364,2220870.0,0.0,729567210.0,150825970.0,6797965.0,0.0,736306880.0,139509205.0,882614050.0
2020-04-23,4400.0,4400.0,4300.0,4335.0,255704.0,0.580046403712297,2657505.0,12155300.0,949012115.0,143351495.0,13769650.0,0.0,875002360.0,218404405.0,1107176415.0
2020-04-24,4335.0,4395.0,4200.0,4255.0,242251.0,-1.845444059976932,16324470.0,0.0,904217125.0,116078680.0,8048385.0,0.0,777170930.0,251400960.0,1036620275.0
2020-04-27,4255.0,4420.0,4255.0,4390.0,289599.0,3.172737955346651,10675430.0,0.0,781403025.0,470232530.0,13010660.0,0.0,1175174665.0,74125660.0,1262310985.0
2020-04-28,4450.0,4545.0,4400.0,4490.0,272635.0,2.277904328018223,10886035.0,0.0,1044746695.0,165960710.0,13449135.0,0.0,952724550.0,255419755.0,1221593440.0
2020-04-29,4520.0,4525.0,4415.0,4485.0,183294.0,-0.11135857461024498,10483420.0,0.0,741333530.0,66809715.0,12675700.0,0.0,646442060.0,159508905.0,818626665.0
2020-05-04,4480.0,4560.0,4370.0,4535.0,206603.0,1.1148272017837235,149403190.0,0.0,680298150.0,98024745.0,80254395.0,0.0,725042780.0,122428910.0,927726085.0
2020-05-06,4570.0,4735.0,4545.0,4635.0,255934.0,2.2050716648291067,74369570.0,0.0,971927020.0,143397455.0,17636600.0,0.0,1018869605.0,153187840.0,1189694045.0
2020-05-07,4780.0,4780.0,4600.0,4640.0,329586.0,0.10787486515641855,29940325.0,2317500.0,1266607535.0,230586400.0,109651095.0,37560.0,1146239710.0,273523395.0,1529451760.0
2020-05-08,4650.0,4765.0,4650.0,4650.0,278763.0,0.21551724137931033,67049775.0,1106820.0,1112603495.0,124950515.0,22152120.0,1093080.0,1180014400.0,102451005.0,1305710605.0
2020-05-11,4670.0,4670.0,4570.0,4620.0,219230.0,-0.6451612903225806,353876760.0,0.0,585507925.0,76388680.0,21262420.0,0.0,845518695.0,148992250.0,1015773365.0
2020-05-12,4670.0,5740.0,4470.0,4580.0,2427061.0,-0.8658008658008658,37647715.0,4587500.0,11639308390.0,256550900.0,33855885.0,48207160.0,11008207580.0,847823880.0,11938094505.0
2020-05-13,4490.0,4545.0,4380.0,4495.0,344208.0,-1.8558951965065504,21141375.0,2205000.0,1354556820.0,155560380.0,21486460.0,0.0,1273774195.0,238202920.0,1533463575.0
2020-05-14,4475.0,4475.0,4330.0,4375.0,323430.0,-2.6696329254727478,18967405.0,4237300.0,1317229035.0,78970835.0,4041990.0,0.0,1104445085.0,310917500.0,1419404575.0
2020-05-15,4450.0,4450.0,4275.0,4320.0,192839.0,-1.2571428571428571,20946600.0,0.0,737540885.0,72216325.0,34211240.0,0.0,694970665.0,101521905.0,830703810.0
2020-05-18,4375.0,4375.0,4245.0,4320.0,144815.0,0.0,21492185.0,0.0,516840735.0,81783975.0,20355675.0,5338100.0,478640475.0,115782645.0,620116895.0
2020-05-19,4340.0,4450.0,4340.0,4435.0,201918.0,2.662037037037037,7231225.0,0.0,565143675.0,318465230.0,38521125.0,93135.0,802108610.0,50117260.0,890840130.0
2020-05-20,4495.0,4540.0,4430.0,4515.0,215413.0,1.8038331454340473,42515425.0,0.0,815538445.0,110014935.0,14173945.0,0.0,847113295.0,106781565.0,968068805.0
2020-05-21,4585.0,4585.0,4490.0,4515.0,218236.0,0.0,65820635.0,0.0,846940285.0,73932500.0,19583480.0,0.0,813474230.0,153635710.0,986693420.0
2020-05-22,4580.0,4580.0,4380.0,4390.0,169449.0,-2.768549280177187,42469750.0,0.0,683987725.0,30226830.0,19160495.0,0.0,546826730.0,190697080.0,756684305.0
2020-05-25,4430.0,4450.0,4365.0,4430.0,70935.0,0.9111617312072893,2527635.0,0.0,282406985.0,27970400.0,11439600.0,0.0,260814390.0,40651030.0,312905020.0
2020-05-26,4485.0,4485.0,4410.0,4430.0,117919.0,0.0,17036140.0,0.0,434074270.0,72177585.0,5637930.0,0.0,458481045.0,59169020.0,523287995.0
2020-05-27,4500.0,4525.0,4445.0,4515.0,169559.0,1.9187358916478554,53365440.0,0.0,544607215.0,163407100.0,8530735.0,0.0,697746730.0,55102290.0,761379755.0
2020-05-28,4530.0,4530.0,4360.0,4435.0,210963.0,-1.7718715393133997,4559420.0,0.0,882408030.0,53235100.0,10034055.0,0.0,634281415.0,295887080.0,940202550.0
2020-05-29,4350.0,4500.0,4320.0,4355.0,218562.0,-1.8038331454340473,37175195.0,0.0,647560200.0,271031765.0,27770740.0,0.0,750639895.0,177356525.0,955767160.0
2020-06-01,4480.0,4480.0,4355.0,4410.0,111313.0,1.2629161882893225,19344510.0,0.0,452431125.0,17866800.0,5402480.0,0.0,400160795.0,84079160.0,489642435.0
2020-06-02,4465.0,4600.0,4410.0,4520.0,245949.0,2.494331065759637,23809590.0,0.0,838538815.0,243206305.0,30033310.0,0.0,978130415.0,97390985.0,1105554710.0
2020-06-03,4590.0,4590.0,4480.0,4510.0,271163.0,-0.22123893805309736,17264575.0,43005235.0,1029176410.0,132233490.0,262741950.0,0.0,739796115.0,219141645.0,1221679710.0
2020-06-04,4580.0,4580.0,4460.0,4480.0,256977.0,-0.6651884700665188,9673410.0,0.0,852716275.0,300313050.0,27474440.0,15559470.0,972635350.0,147033475.0,1162702735.0
2020-06-05,4515.0,4520.0,4475.0,4505.0,139663.0,0.5580357142857143,6429100.0,0.0,368247360.0,254389500.0,13372150.0,27839490.0,541935800.0,45918520.0,629065960.0
2020-06-08,4575.0,4575.0,4430.0,4485.0,242707.0,-0.4439511653718091,9456760.0,0.0,893123795.0,189441335.0,15219825.0,0.0,996202655.0,80599410.0,1092021890.0
2020-06-09,4520.0,4535.0,4440.0,4455.0,139926.0,-0.6688963210702341,4749390.0,0.0,553016885.0,68947740.0,8207250.0,0.0,443848400.0,174658365.0,626714015.0
2020-06-10,4465.0,4470.0,4405.0,4455.0,116036.0,0.0,3840450.0,0.0,385649220.0,124467615.0,23827910.0,0.0,411764170.0,78365205.0,513957285.0
2020-06-11,4420.0,4460.0,4345.0,4350.0,174733.0,-2.356902356902357,54337285.0,0.0,643864070.0,69367455.0,89678540.0,0.0,461867010.0,216023260.0,767568810.0
2020-06-12,4100.0,4240.0,4075.0,4240.0,167260.0,-2.528735632183908,60081770.0,0.0,528919330.0,108544265.0,26511470.0,0.0,498995930.0,172037965.0,697545365.0
2020-06-15,4170.0,4225.0,3910.0,3935.0,284965.0,-7.193396226415095,62955235.0,8100000.0,964154345.0,128052630.0,20516710.0,0.0,842247615.0,300497885.0,1163262210.0
2020-06-16,3960.0,4125.0,3960.0,4055.0,111468.0,3.0495552731893265,8260385.0,0.0,287736595.0,156856560.0,70815495.0,0.0,342586100.0,39451945.0,452853540.0
2020-06-17,4055.0,4120.0,3955.0,3985.0,151463.0,-1.726263871763255,27969940.0,0.0,443747535.0,137531730.0,99263190.0,0.0,390000390.0,119985625.0,609249205.0
2020-06-18,4020.0,4130.0,4005.0,4085.0,105944.0,2.5094102885821834,105192495.0,0.0,215771250.0,111565705.0,78991860.0,0.0,319703715.0,33833875.0,432529450.0
2020-06-19,4210.0,4210.0,4065.0,4110.0,89157.0,0.6119951040391677,38444515.0,0.0,217368405.0,109204010.0,99204765.0,0.0,153357215.0,112454950.0,365016930.0
2020-06-22,4120.0,4120.0,4030.0,4040.0,108422.0,-1.70316301703163,7866285.0,0.0,319838735.0,112721995.0,102482135.0,0.0,224160265.0,113784615.0,440427015.0
2020-06-23,4030.0,4115.0,4030.0,4105.0,103985.0,1.608910891089109,3603350.0,0.0,242676060.0,178274820.0,14847745.0,0.0,350175290.0,59531195.0,424554230.0
2020-06-24,4100.0,4115.0,4055.0,4055.0,66797.0,-1.2180267965895248,22108655.0,0.0,207833840.0,42161585.0,16718895.0,0.0,218401180.0,36984005.0,272104080.0
2020-06-25,4020.0,4095.0,4000.0,4020.0,57095.0,-0.8631319358816275,23902230.0,0.0,196543945.0,9499150.0,15215085.0,0.0,158917170.0,55813070.0,229945325.0
2020-06-26,4095.0,4095.0,3995.0,4015.0,106868.0,-0.12437810945273632,7117775.0,0.0,332638295.0,89678500.0,9494885.0,8040000.0,217108485.0,194791200.0,429434570.0
2020-06-29,3995.0,4015.0,3930.0,3940.0,56146.0,-1.86799501867995,7431780.0,0.0,212696880.0,2855040.0,4801885.0,0.0,183404330.0,34777485.0,222983700.0
2020-06-30,3950.0,4035.0,3950.0,3990.0,69161.0,1.2690355329949239,11459265.0,0.0,165995175.0,98686375.0,21921795.0,5906850.0,241844895.0,6467275.0,276140815.0
2020-07-01,3980.0,4045.0,3980.0,3990.0,47086.0,0.0,1038090.0,0.0,113709555.0,73734210.0,7607150.0,0.0,112770790.0,68103915.0,188481855.0
2020-07-02,3980.0,4035.0,3970.0,3995.0,65169.0,0.12531328320802004,14986110.0,0.0,184979875.0,61397995.0,14401945.0,0.0,187235910.0,59726125.0,261363980.0
2020-07-03,3995.0,4030.0,3955.0,3990.0,61640.0,-0.1251564455569462,10238795.0,0.0,197809865.0,37390885.0,17399000.0,0.0,167003210.0,61037335.0,245439545.0
2020-07-06,3990.0,4020.0,3980.0,3990.0,60132.0,0.0,852135.0,0.0,213581115.0,25888310.0,6581875.0,0.0,183659460.0,50080225.0,240321560.0
2020-07-07,4000.0,4015.0,3960.0,3985.0,94137.0,-0.12531328320802004,12919420.0,0.0,265369240.0,98472410.0,17445665.0,0.0,281108500.0,78206905.0,376761070.0
2020-07-08,4010.0,4045.0,3970.0,4005.0,95041.0,0.5018820577164366,7222660.0,0.0,217884360.0,156664715.0,113133100.0,0.0,214867895.0,53770740.0,381771735.0
2020-07-09,4055.0,4105.0,4015.0,4070.0,74366.0,1.6229712858926344,113900.0,0.0,198593935.0,103002085.0,1856040.0,0.0,254338965.0,45514915.0,301709920.0
2020-07-10,4075.0,4095.0,4000.0,4020.0,84344.0,-1.2285012285012284,4231420.0,0.0,291020830.0,44125835.0,0.0,0.0,234331770.0,105046315.0,339378085.0
2020-07-13,4025.0,4060.0,4000.0,4000.0,81608.0,-0.4975124378109453,13345150.0,0.0,246764155.0,67966420.0,11786565.0,0.0,190568000.0,125721160.0,328075725.0
2020-07-14,4000.0,4025.0,3960.0,3980.0,86567.0,-0.5,16416910.0,0.0,290754485.0,38478115.0,4703615.0,0.0,155342635.0,185603260.0,345649510.0
2020-07-15,3995.0,4035.0,3975.0,3990.0,155462.0,0.25125628140703515,39604620.0,0.0,514502025.0,67043125.0,17666340.0,0.0,362164485.0,241318945.0,621149770.0
2020-07-16,4025.0,4025.0,3980.0,4000.0,83075.0,0.2506265664160401,11203645.0,0.0,253380305.0,67060475.0,1395105.0,0.0,202090415.0,128158905.0,331644425.0
2020-07-17,4015.0,4015.0,3960.0,3960.0,128756.0,-1.0,11280210.0,0.0,470747975.0,29799035.0,7545470.0,0.0,283750090.0,220531660.0,511827220.0
2020-07-20,3965.0,4000.0,3920.0,3980.0,139624.0,0.5050505050505051,26569600.0,0.0,409883790.0,116519765.0,23815260.0,0.0,499103550.0,30054345.0,552973155.0
2020-07-21,3980.0,4120.0,3980.0,4115.0,319367.0,3.391959798994975,24509550.0,0.0,806360320.0,474182825.0,12777205.0,0.0,1218849765.0,73425725.0,1305052695.0
2020-07-22,4095.0,4220.0,4085.0,4130.0,134631.0,0.3645200486026731,44674245.0,0.0,447548850.0,67300530.0,29724300.0,0.0,502487435.0,27311890.0,559523625.0
2020-07-23,4180.0,4180.0,4010.0,4020.0,139313.0,-2.663438256658596,10078450.0,0.0,507501975.0,47070205.0,8307300.0,0.0,307424370.0,248918960.0,564650630.0
2020-07-24,4015.0,4020.0,3960.0,3970.0,105907.0,-1.2437810945273633,8078215.0,0.0,403502735.0,10197595.0,36817295.0,0.0,215344435.0,169616815.0,421778545.0
2020-07-27,3965.0,3990.0,3950.0,3960.0,104232.0,-0.2518891687657431,15104320.0,0.0,393331375.0,4826415.0,14737945.0,0.0,352280305.0,46243860.0,413262110.0
2020-07-28,3960.0,4075.0,3960.0,4005.0,150613.0,1.1363636363636365,7388335.0,0.0,411799375.0,188571940.0,26825495.0,0.0,552524195.0,28409960.0,607759650.0
2020-07-29,4070.0,4070.0,3970.0,4005.0,59378.0,0.0,0.0,0.0,196053690.0,41379955.0,21410745.0,0.0,157290290.0,58732610.0,237433645.0
2020-07-30,4050.0,4050.0,3985.0,3990.0,80301.0,-0.37453183520599254,16855570.0,0.0,293557160.0,10511195.0,23561890.0,0.0,206560055.0,90801980.0,320923925.0
2020-07-31,3990.0,4000.0,3970.0,3970.0,104272.0,-0.5012531328320802,30803230.0,0.0,347094000.0,36891100.0,106722165.0,1592000.0,229191250.0,77282915.0,414788330.0
2020-08-03,3985.0,4000.0,3950.0,3990.0,77175.0,0.5037783375314862,6947710.0,0.0,289293560.0,9979210.0,11701695.0,0.0,249220400.0,45298385.0,306220480.0
2020-08-04,3990.0,4065.0,3990.0,4035.0,116941.0,1.1278195488721803,12299640.0,0.0,275810215.0,183857310.0,6374560.0,0.0,438643525.0,26949080.0,471967165.0
2020-08-05,4035.0,4050.0,3980.0,3995.0,100862.0,-0.9913258983890955,211735.0,789665.0,387907860.0,14766540.0,11300220.0,33525080.0,215405020.0,143445480.0,403675800.0
2020-08-06,3990.0,4035.0,3990.0,4005.0,104162.0,0.2503128911138924,13212770.0,0.0,347349065.0,56197385.0,11563160.0,0.0,366933425.0,38262635.0,416759220.0
2020-08-07,4000.0,4065.0,4000.0,4015.0,120229.0,0.24968789013732834,8876495.0,648025.0,404944915.0,69598130.0,10887005.0,0.0,443509920.0,29670640.0,484067565.0
2020-08-10,4050.0,4080.0,3980.0,4005.0,218451.0,-0.24906600249066002,40030010.0,0.0,721916250.0,115303590.0,40703810.0,64960.0,770719500.0,65761580.0,877249850.0
2020-08-11,4005.0,4090.0,4005.0,4065.0,295118.0,1.4981273408239701,43087690.0,0.0,787990285.0,364192385.0,72296985.0,109875.0,1109334050.0,13529450.0,1195270360.0
2020-08-12,4060.0,4090.0,4010.0,4070.0,140652.0,0.12300123001230012,22373500.0,44220.0,439568785.0,106880445.0,17027270.0,0.0,471656735.0,80182945.0,568866950.0
2020-08-13,4075.0,4440.0,4045.0,4395.0,1176092.0,7.985257985257984,13172470.0,41775010.0,4742738520.0,271012770.0,44508060.0,2063640.0,4745509665.0,276617405.0,5068698770.0
2020-08-14,4395.0,4395.0,4185.0,4240.0,547916.0,-3.526734926052332,386305.0,103330.0,2257990685.0,78583320.0,16800075.0,12125120.0,1918978310.0,389160135.0,2337063640.0
2020-08-18,4205.0,4315.0,4040.0,4040.0,345309.0,-4.716981132075472,15290120.0,1007455.0,1274538065.0,147434785.0,17903990.0,10464900.0,1196826335.0,213075200.0,1438270425.0
2020-08-19,4110.0,4160.0,4025.0,4055.0,306761.0,0.3712871287128713,6473370.0,0.0,1049084370.0,192433685.0,27105560.0,0.0,720399550.0,500486315.0,1247991425.0
2020-08-20,4015.0,4040.0,3800.0,3820.0,539287.0,-5.7953144266337855,20066900.0,12071415.0,1928499645.0,137702770.0,47821250.0,0.0,1568852050.0,481667430.0,2098340730.0
2020-08-21,3825.0,3890.0,3800.0,3890.0,140545.0,1.832460732984293,2413035.0,0.0,444713965.0,93750505.0,22379285.0,112220.0,446900470.0,71485530.0,540877505.0
2020-08-24,3920.0,3960.0,3830.0,3895.0,162467.0,0.12853470437017994,6900875.0,0.0,463460235.0,164722150.0,65027660.0,375230.0,523053710.0,46626660.0,635083260.0
2020-08-25,3950.0,3970.0,3910.0,3960.0,86199.0,1.6688061617458279,4961380.0,0.0,250299190.0,85324925.0,21353145.0,55230.0,294165240.0,25011880.0,340585495.0
2020-08-26,3965.0,4020.0,3925.0,4000.0,198566.0,1.0101010101010102,19050500.0,0.0,611357035.0,160457335.0,13586515.0,39580.0,520356795.0,256881980.0,790864870.0
2020-08-27,4010.0,4035.0,3925.0,3970.0,164125.0,-0.75,14648275.0,0.0,541864670.0,92563420.0,18346185.0,0.0,504232360.0,126497820.0,649076365.0
2020-08-28,3970.0,3970.0,3920.0,3950.0,122509.0,-0.5037783375314862,9489905.0,0.0,422292390.0,50981780.0,58715535.0,17720000.0,323279805.0,83048735.0,482764075.0
2020-08-31,3950.0,3990.0,3915.0,3915.0,262195.0,-0.8860759493670887,179406145.0,0.0,736227725.0,116927800.0,152976530.0,0.0,525940315.0,353644825.0,1032561670.0
2020-09-01,3915.0,3935.0,3890.0,3915.0,182332.0,0.0,18830365.0,0.0,634839430.0,57871605.0,7367155.0,7800000.0,252235230.0,444139015.0,711541400.0
2020-09-02,3920.0,3940.0,3895.0,3905.0,158833.0,-0.2554278416347382,3534740.0,0.0,533579470.0,84065255.0,632740.0,0.0,388064000.0,232482725.0,621179465.0
2020-09-03,3930.0,3955.0,3910.0,3935.0,164929.0,0.7682458386683738,19700.0,0.0,446666240.0,201914715.0,530795.0,0.0,398147320.0,249922540.0,648600655.0
2020-09-04,3840.0,3900.0,3835.0,3875.0,231234.0,-1.5247776365946633,8890550.0,0.0,713782890.0,171286950.0,68162540.0,0.0,464585555.0,361212295.0,893960390.0
2020-09-07,3850.0,3915.0,3840.0,3875.0,273674.0,0.0,4572965.0,0.0,985407695.0,66608795.0,169107135.0,0.0,500427065.0,387055255.0,1056589455.0
2020-09-08,3885.0,3925.0,3870.0,3880.0,222818.0,0.12903225806451613,750580.0,296780.0,739700850.0,126880815.0,5617050.0,0.0,403592750.0,458419225.0,867629025.0
2020-09-09,3845.0,3860.0,3825.0,3850.0,219582.0,-0.7731958762886598,419145.0,0.0,704025745.0,140182920.0,31220975.0,0.0,332766685.0,480640150.0,844627810.0
2020-09-10,3850.0,3870.0,3840.0,3850.0,276949.0,0.0,418843265.0,0.0,578782795.0,69466350.0,154581370.0,3769150.0,301339945.0,607401945.0,1067092410.0
2020-09-11,3850.0,3865.0,3840.0,3850.0,230713.0,0.0,218487565.0,0.0,456325175.0,214119930.0,6896380.0,0.0,362146975.0,519889315.0,888932670.0
2020-09-14,3855.0,3930.0,3855.0,3890.0,374983.0,1.0389610389610389,0.0,0.0,969538505.0,493643420.0,6885720.0,0.0,522266165.0,934030040.0,1463181925.0
2020-09-15,3890.0,3985.0,3850.0,3985.0,472104.0,2.442159383033419,3623535.0,0.0,1007971000.0,839038515.0,14550625.0,0.0,1337454435.0,498627990.0,1850633050.0
2020-09-16,3995.0,3995.0,3940.0,3970.0,223572.0,-0.37641154328732745,38750940.0,0.0,588857720.0,259047325.0,32847630.0,302480.0,694592555.0,158913320.0,886655985.0
2020-09-17,3980.0,3985.0,3935.0,3955.0,185419.0,-0.3778337531486146,16793320.0,11955000.0,494079720.0,211640635.0,18366630.0,0.0,612958210.0,103143835.0,734468675.0
2020-09-18,4005.0,4060.0,3980.0,4045.0,422059.0,2.275600505689001,1855955.0,80200.0,1212628410.0,481931285.0,5485035.0,0.0,1418080230.0,272930585.0,1696495850.0
2020-09-21,4065.0,4115.0,3980.0,4000.0,338966.0,-1.1124845488257107,9193200.0,39263500.0,1042709555.0,283228745.0,6160290.0,0.0,1114479115.0,253755595.0,1374395000.0
2020-09-22,3995.0,4000.0,3880.0,3885.0,230250.0,-2.875,898315.0,12481000.0,858165185.0,31314835.0,13695150.0,0.0,550670125.0,338494060.0,902859335.0
2020-09-23,3890.0,3920.0,3825.0,3865.0,179269.0,-0.5148005148005148,3726325.0,0.0,628735635.0,60209690.0,1804810.0,77300.0,403905595.0,286883945.0,692671650.0
2020-09-24,3780.0,3850.0,3750.0,3790.0,201235.0,-1.9404915912031047,3746475.0,960000.0,646870630.0,111654340.0,8990905.0,0.0,527653740.0,226586800.0,763231445.0
2020-09-25,3820.0,3820.0,3765.0,3765.0,113910.0,-0.6596306068601583,43106795.0,20502000.0,286845075.0,81263090.0,99365080.0,0.0,198617615.0,133734265.0,431716960.0
2020-09-28,3765.0,3900.0,3765.0,3820.0,79622.0,1.4608233731739706,1728990.0,0.0,228642170.0,74489415.0,14142870.0,0.0,213012765.0,77704940.0,304860575.0
2020-09-29,3840.0,3900.0,3840.0,3875.0,79899.0,1.4397905759162304,1754125.0,0.0,224041215.0,83995870.0,2189120.0,0.0,257716225.0,49885865.0,309791210.0
2020-10-05,3910.0,3935.0,3885.0,3915.0,87262.0,1.032258064516129,0.0,0.0,214788010.0,126648855.0,3578280.0,0.0,279603730.0,58254855.0,341436865.0
2020-10-06,3940.0,3950.0,3905.0,3925.0,135115.0,0.2554278416347382,10274755.0,0.0,376601775.0,143530625.0,3998085.0,0.0,363691045.0,162718025.0,530407155.0
2020-10-07,3925.0,3940.0,3895.0,3940.0,102932.0,0.3821656050955414,20265845.0,0.0,304753675.0,78987950.0,3459180.0,0.0,337769750.0,62778540.0,404007470.0
2020-10-08,3945.0,4020.0,3930.0,3955.0,124023.0,0.3807106598984772,350980.0,0.0,431969465.0,59309900.0,42710200.0,0.0,284004205.0,164915940.0,491630345.0
2020-10-12,3955.0,3965.0,3910.0,3950.0,104833.0,-0.12642225031605564,11675720.0,23700.0,348589910.0,51619270.0,38300130.0,0.0,274941870.0,98666600.0,411908600.0
2020-10-13,3945.0,3990.0,3910.0,3930.0,107384.0,-0.5063291139240507,172735.0,0.0,310621080.0,110829865.0,53941460.0,0.0,199078645.0,168603575.0,421623680.0
2020-10-14,3935.0,3965.0,3910.0,3925.0,252885.0,-0.1272264631043257,11906875.0,0.0,565816390.0,417207810.0,67047725.0,0.0,390928870.0,536954480.0,994931075.0
2020-10-15,3930.0,3960.0,3895.0,3925.0,115155.0,0.0,23460000.0,0.0,305829720.0,121650095.0,16095210.0,0.0,397969600.0,36875005.0,450939815.0
2020-10-16,3950.0,3955.0,3875.0,3940.0,160701.0,0.3821656050955414,5325595.0,1945000.0,465981480.0,154890550.0,96203290.0,0.0,444578110.0,87361225.0,628142625.0
2020-10-19,3945.0,3955.0,3905.0,3945.0,125886.0,0.12690355329949238,51726715.0,0.0,286883510.0,156869100.0,94062525.0,0.0,329458795.0,71958005.0,495479325.0
2020-10-20,3905.0,3930.0,3845.0,3880.0,223728.0,-1.6476552598225602,25893680.0,1925000.0,821797400.0,17669620.0,93786820.0,0.0,578232830.0,195266050.0,867285700.0
2020-10-21,3880.0,3885.0,3840.0,3875.0,156660.0,-0.12886597938144329,20034730.0,0.0,454936315.0,129124425.0,99363475.0,0.0,484069740.0,20662255.0,604095470.0
2020-10-22,3850.0,3880.0,3840.0,3845.0,115836.0,-0.7741935483870968,38550.0,0.0,425837740.0,20011945.0,77043480.0,0.0,303974945.0,64869810.0,445888235.0
2020-10-23,3845.0,3880.0,3840.0,3850.0,98834.0,0.13003901170351106,111805.0,0.0,351139100.0,29690740.0,81079350.0,0.0,192601040.0,107261255.0,380941645.0
2020-10-26,3850.0,3865.0,3825.0,3835.0,147847.0,-0.38961038961038963,587990.0,72865000.0,484351510.0,10965375.0,12060375.0,73055000.0,327718370.0,155936130.0,568769875.0
2020-10-27,3800.0,3850.0,3800.0,3835.0,110462.0,0.0,13826200.0,0.0,311847845.0,96508305.0,2510010.0,0.0,262295040.0,157377300.0,422182350.0
2020-10-28,3835.0,3855.0,3810.0,3850.0,63534.0,0.3911342894393742,369600.0,0.0,175353105.0,68372005.0,342095.0,0.0,166369305.0,77383310.0,244094710.0
2020-10-29,3810.0,3835.0,3795.0,3815.0,127217.0,-0.9090909090909091,5819685.0,0.0,259056510.0,220411290.0,10014055.0,0.0,219500245.0,255773185.0,485287485.0
2020-10-30,3835.0,3835.0,3780.0,3785.0,73986.0,-0.7863695937090431,4599210.0,0.0,215222160.0,61702525.0,8559350.0,0.0,244811395.0,28153150.0,281523895.0
2020-11-02,3755.0,3880.0,3755.0,3840.0,153692.0,1.453104359313078,106941325.0,0.0,314410860.0,167896290.0,1952610.0,0.0,381702050.0,205593815.0,589248475.0
2020-11-03,3860.0,3880.0,3830.0,3835.0,61627.0,-0.13020833333333331,4265135.0,0.0,213323525.0,19507410.0,6854235.0,0.0,156072255.0,74169580.0,237096070.0
2020-11-04,3845.0,3865.0,3825.0,3845.0,51552.0,0.2607561929595828,13778730.0,0.0,179742045.0,4830360.0,13661740.0,0.0,147668015.0,37021380.0,198351135.0
2020-11-05,3850.0,3890.0,3835.0,3870.0,207460.0,0.6501950585175552,26575310.0,668645.0,712590550.0,61161435.0,18097015.0,371765.0,515777035.0,266750125.0,800995940.0
2020-11-06,3900.0,3900.0,3830.0,3835.0,112430.0,-0.9043927648578811,1234870.0,0.0,431498355.0,875590.0,19575765.0,298320.0,303875305.0,109859425.0,433608815.0
2020-11-09,3840.0,3900.0,3835.0,3865.0,155832.0,0.7822685788787485,4468500.0,0.0,546545215.0,50717895.0,5371650.0,0.0,311409695.0,284950265.0,601731610.0
2020-11-10,3875.0,3890.0,3855.0,3885.0,132494.0,0.517464424320828,2974955.0,853590.0,297483090.0,212931135.0,12775180.0,0.0,452647445.0,48820145.0,514242770.0
2020-11-11,3875.0,3925.0,3875.0,3905.0,213345.0,0.5148005148005148,5032685.0,0.0,663047090.0,164952875.0,7481825.0,0.0,641700595.0,183850230.0,833032650.0
2020-11-12,3915.0,3935.0,3890.0,3905.0,158089.0,0.0,7599140.0,196500.0,408969720.0,201982860.0,26703820.0,0.0,470447640.0,121596760.0,618748220.0
2020-11-13,3900.0,3920.0,3855.0,3885.0,241403.0,-0.5121638924455826,11286275.0,11670.0,866557305.0,59487125.0,23600305.0,0.0,666709200.0,247032870.0,937342375.0
2020-11-16,3885.0,3960.0,3875.0,3875.0,429143.0,-0.2574002574002574,15534190.0,0.0,1201009470.0,463421550.0,6827155.0,0.0,844163580.0,828974475.0,1679965210.0
2020-11-17,3890.0,3945.0,3875.0,3910.0,338888.0,0.903225806451613,6883495.0,3915.0,841849650.0,477139270.0,10070125.0,0.0,626642995.0,689163210.0,1325876330.0
2020-11-18,3950.0,3950.0,3900.0,3905.0,161144.0,-0.1278772378516624,11016900.0,0.0,417824985.0,202914590.0,6194580.0,0.0,446209290.0,179352605.0,631756475.0
2020-11-19,3900.0,3905.0,3865.0,3880.0,163241.0,-0.6402048655569782,2075795.0,7760.0,599936400.0,31556120.0,45121225.0,0.0,221286830.0,367168020.0,633576075.0
2020-11-20,3880.0,3910.0,3870.0,3880.0,359782.0,0.0,17756650.0,218105.0,1047712115.0,333510225.0,14079400.0,194000.0,448417185.0,936506510.0,1399197095.0
2020-11-23,3900.0,3900.0,3870.0,3890.0,356986.0,0.25773195876288657,8462910.0,11655.0,920589955.0,458700180.0,18787200.0,0.0,494496420.0,874481080.0,1387764700.0
2020-11-24,3900.0,3920.0,3855.0,3900.0,468989.0,0.2570694087403599,12336690.0,7740.0,1366968615.0,442093250.0,37861285.0,0.0,868123455.0,915421555.0,1821406295.0
2020-11-25,3910.0,3970.0,3865.0,3870.0,1017583.0,-0.7692307692307693,34507605.0,0.0,3626336375.0,324370065.0,28072295.0,0.0,1999187300.0,1957954450.0,3985214045.0
2020-11-26,3880.0,3930.0,3880.0,3915.0,201983.0,1.1627906976744187,7065600.0,0.0,659141010.0,123172060.0,13897240.0,0.0,718863150.0,56618280.0,789378670.0
2020-11-27,3915.0,3965.0,3910.0,3930.0,340398.0,0.38314176245210724,18850950.0,0.0,968119220.0,351697960.0,40470035.0,232480.0,1235827750.0,62137865.0,1338668130.0
2020-11-30,3925.0,3950.0,3850.0,3850.0,407643.0,-2.035623409669211,10831840.0,0.0,939855240.0,632587615.0,19151235.0,0.0,600029045.0,964094415.0,1583274695.0
2020-12-01,3920.0,3925.0,3870.0,3925.0,256414.0,1.948051948051948,4781165.0,0.0,631388950.0,363710875.0,11466700.0,0.0,760025260.0,228389030.0,999880990.0
2020-12-02,3925.0,3950.0,3905.0,3940.0,192688.0,0.3821656050955414,38685195.0,212760.0,576122035.0,143097590.0,10517700.0,0.0,571239470.0,176360410.0,758117580.0
2020-12-03,3950.0,4000.0,3945.0,3970.0,519703.0,0.7614213197969544,1896590.0,0.0,1745456600.0,315514290.0,2990555.0,0.0,1907610355.0,152266570.0,2062867480.0
2020-12-04,3970.0,3990.0,3895.0,3915.0,362110.0,-1.385390428211587,8434590.0,0.0,1276609105.0,136846255.0,32904265.0,0.0,925917025.0,463068660.0,1421889950.0
2020-12-07,3905.0,3910.0,3855.0,3875.0,256519.0,-1.0217113665389528,5951525.0,0.0,903246475.0,84870870.0,7288380.0,0.0,731212130.0,255568360.0,994068870.0
2020-12-08,3890.0,3890.0,3850.0,3860.0,198018.0,-0.3870967741935484,936540.0,1925000.0,748314075.0,13714760.0,31559340.0,208170.0,537704365.0,195418500.0,764890375.0
2020-12-09,3865.0,3880.0,3855.0,3865.0,242508.0,0.1295336787564767,463995.0,7740.0,889409125.0,47961615.0,15138215.0,0.0,324003350.0,598700910.0,937842475.0
2020-12-10,3855.0,3855.0,3820.0,3835.0,303676.0,-0.7761966364812419,23967400.0,4829870.0,1072337715.0,64130695.0,116173125.0,0.0,528308555.0,520784000.0,1165265680.0
2020-12-11,3840.0,3875.0,3835.0,3850.0,421702.0,0.3911342894393742,27451025.0,0.0,1521298400.0,76436655.0,219585770.0,0.0,559029975.0,846570335.0,1625186080.0
2020-12-14,3850.0,3865.0,3835.0,3835.0,262381.0,-0.38961038961038963,23284930.0,0.0,972577140.0,13806725.0,113815720.0,0.0,568303285.0,327549790.0,1009668795.0
2020-12-15,3835.0,3845.0,3820.0,3825.0,207727.0,-0.2607561929595828,705200.0,214700.0,785553635.0,8913425.0,19330645.0,0.0,497003335.0,279052980.0,795386960.0
2020-12-16,3830.0,3845.0,3820.0,3835.0,212853.0,0.261437908496732,7280945.0,0.0,639727665.0,168680960.0,14159290.0,0.0,376445855.0,425084425.0,815689570.0
2020-12-17,3835.0,3900.0,3835.0,3855.0,620123.0,0.5215123859191656,4816755.0,0.0,1879554725.0,511958240.0,51070305.0,74000970.0,865171360.0,1406087085.0,2396329720.0
2020-12-18,3875.0,3880.0,3850.0,3875.0,294884.0,0.5188067444876783,24973525.0,0.0,773490065.0,341383185.0,14869030.0,54040.0,527192785.0,597730920.0,1139846775.0
2020-12-21,3900.0,3900.0,3865.0,3880.0,374612.0,0.12903225806451613,15940825.0,178940.0,1199781115.0,238333305.0,56835300.0,0.0,747787155.0,649611730.0,1454234185.0
2020-12-22,3910.0,3910.0,3850.0,3855.0,382368.0,-0.6443298969072164,12843970.0,0.0,1464983415.0,5403205.0,1762720.0,0.0,1011649420.0,469818450.0,1483230590.0
2020-12-23,3855.0,4020.0,3840.0,3850.0,1486649.0,-0.12970168612191957,21930995.0,0.0,5064269155.0,704326365.0,37945425.0,0.0,3121093860.0,2631487230.0,5790526515.0
2020-12-24,3860.0,3885.0,3850.0,3855.0,355199.0,0.12987012987012986,2033115.0,5658785.0,991391800.0,373107210.0,7230790.0,34705.0,801681330.0,563244085.0,1372190910.0
2020-12-28,3855.0,3905.0,3850.0,3865.0,490657.0,0.25940337224383914,800055.0,0.0,1335005330.0,561433400.0,198644665.0,0.0,947563300.0,751030820.0,1897238785.0
2020-12-29,3850.0,3875.0,3835.0,3870.0,203865.0,0.129366106080207,406335.0,2480000.0,636069360.0,148458930.0,6429715.0,0.0,716080510.0,64904400.0,787414625.0
2020-12-30,3865.0,3890.0,3860.0,3880.0,204945.0,0.2583979328165375,0.0,0.0,655920515.0,138571235.0,5788025.0,0.0,622220920.0,166482805.0,794491750.0
2021-01-04,3900.0,3905.0,3860.0,3875.0,364695.0,-0.12886597938144329,12590920.0,0.0,1335152425.0,66029795.0,19477180.0,177790.0,1207929130.0,186189040.0,1413773140.0
2021-01-05,3860.0,3885.0,3860.0,3885.0,415885.0,0.25806451612903225,36342210.0,0.0,1348214775.0,226351430.0,333658525.0,0.0,1083911820.0,193338070.0,1610908415.0
2021-01-06,3885.0,3915.0,3865.0,3880.0,407130.0,-0.1287001287001287,7355670.0,159695.0,1286177435.0,286619810.0,23109450.0,0.0,1082105375.0,475097785.0,1580312610.0
2021-01-07,3885.0,3905.0,3875.0,3885.0,802190.0,0.12886597938144329,19548730.0,46724390.0,2618409195.0,435579220.0,139680545.0,9712500.0,1610057520.0,1360810970.0,3120261535.0
2021-01-08,3900.0,3900.0,3870.0,3885.0,483884.0,0.0,31930950.0,1937500.0,1546575375.0,300092520.0,13914210.0,21492130.0,1537255745.0,307874260.0,1880536345.0
2021-01-11,3895.0,3900.0,3790.0,3840.0,642758.0,-1.1583011583011582,9390080.0,2466425.0,2252074575.0,204538780.0,26598525.0,9582335.0,2028373795.0,403915205.0,2468469860.0
2021-01-12,3810.0,3900.0,3800.0,3850.0,502795.0,0.26041666666666663,221710.0,3451500.0,1059129975.0,874138075.0,42644550.0,7348475.0,1087941650.0,799006585.0,1936941260.0
2021-01-13,3860.0,3895.0,3840.0,3885.0,351948.0,0.9090909090909091,45991270.0,1002345.0,958212245.0,358383950.0,23295425.0,0.0,780668115.0,559626270.0,1363589810.0
2021-01-14,3895.0,3950.0,3855.0,3925.0,610734.0,1.0296010296010296,910600.0,11680000.0,1785460965.0,583929680.0,20464080.0,3915.0,2145113470.0,216399780.0,2381981245.0
2021-01-15,3930.0,4450.0,3925.0,4180.0,8698148.0,6.496815286624204,92810795.0,60691625.0,35119864260.0,1577554215.0,42337730.0,119838810.0,35150606025.0,1538138330.0,36850920895.0
2021-01-18,4250.0,5430.0,4155.0,4745.0,51784297.0,13.516746411483254,329328265.0,591345140.0,255097963465.0,3158475440.0,635668130.0,486660605.0,252976957635.0,5077825940.0,259177112310.0
2021-01-19,4840.0,4915.0,4500.0,4850.0,8503778.0,2.212855637513172,43516335.0,199900500.0,38800828825.0,939347490.0,41288170.0,171530105.0,38200716480.0,1570058395.0,39983593150.0
2021-01-20,4765.0,5420.0,4740.0,4945.0,16608780.0,1.958762886597938,67870970.0,24492280.0,82528240310.0,1683459660.0,1583227270.0,271586990.0,79118215625.0,3331033335.0,84304063220.0
2021-01-21,4960.0,5180.0,4810.0,5070.0,4446259.0,2.5278058645096055,20485370.0,112175055.0,21185236975.0,908194815.0,177195940.0,10020.0,20729505215.0,1319381040.0,22226092215.0
2021-01-22,5020.0,5050.0,4875.0,4875.0,2292865.0,-3.8461538461538463,20502165.0,985000.0,10289224940.0,1033166765.0,20280845.0,5952480.0,10490418325.0,827227220.0,11343878870.0
2021-01-25,5040.0,5200.0,4900.0,4930.0,3200214.0,1.1282051282051282,29822305.0,6860360.0,15059732190.0,929178985.0,24433045.0,4511650.0,14205671270.0,1790977875.0,16025593840.0
2021-01-26,4930.0,4935.0,4765.0,4820.0,1524272.0,-2.231237322515213,20087085.0,9730000.0,6259935545.0,1067344970.0,27739420.0,0.0,6946072250.0,383285930.0,7357097600.0
2021-01-27,4825.0,4970.0,4760.0,4845.0,1330343.0,0.5186721991701244,8017235.0,773160.0,5765161840.0,689011645.0,8779180.0,793800.0,5684402655.0,768988245.0,6462963880.0
2021-01-28,4705.0,4790.0,4510.0,4565.0,1299820.0,-5.779153766769865,19637380.0,10471830.0,5326741155.0,667696105.0,37584895.0,144912130.0,5133005560.0,709043885.0,6024546470.0
2021-01-29,4570.0,4650.0,4320.0,4405.0,1585313.0,-3.5049288061336252,35578345.0,1748000.0,6052889205.0,962647890.0,62076750.0,107673150.0,6047566270.0,835547270.0,7052863440.0
2021-02-01,4390.0,4490.0,4310.0,4465.0,900081.0,1.362088535754824,9890335.0,8740.0,3256514755.0,708412480.0,26447605.0,441500.0,3327575810.0,620361395.0,3974826310.0
2021-02-02,4495.0,4995.0,4490.0,4700.0,5474205.0,5.263157894736842,55532900.0,59346060.0,24632270545.0,1388385890.0,95348900.0,4453900.0,24268231675.0,1767500920.0,26135535395.0
2021-02-03,4660.0,5000.0,4645.0,4855.0,4465437.0,3.2978723404255317,62337580.0,5447900.0,20121184990.0,1507544775.0,134597230.0,0.0,19984720855.0,1577197160.0,21696515245.0
2021-02-04,5020.0,5060.0,4810.0,4820.0,2437207.0,-0.7209062821833162,18975970.0,87279235.0,11624385905.0,231185165.0,60953565.0,47519900.0,10875987285.0,977365525.0,11961826275.0
2021-02-05,4825.0,4840.0,4625.0,4665.0,1087640.0,-3.2157676348547715,24197675.0,0.0,4676879110.0,409770945.0,80471825.0,0.0,4052353875.0,978022030.0,5110847730.0
2021-02-08,4690.0,4755.0,4605.0,4665.0,841947.0,0.0,10939400.0,4700000.0,3635077100.0,274605630.0,64059685.0,13920000.0,3132298620.0,715043825.0,3925322130.0
2021-02-09,4650.0,4700.0,4545.0,4595.0,619294.0,-1.5005359056806002,41644970.0,0.0,2648249130.0,173355765.0,57120455.0,139650.0,2144234690.0,661755070.0,2863249865.0
2021-02-10,4550.0,4660.0,4530.0,4660.0,452563.0,1.4145810663764962,10983940.0,0.0,1804127600.0,258905420.0,64610055.0,0.0,1775703685.0,233703220.0,2074016960.0
2021-02-15,4700.0,4855.0,4650.0,4835.0,903250.0,3.755364806866953,16418645.0,93300.0,3945928785.0,352503510.0,11920700.0,0.0,4087182170.0,215841370.0,4314944240.0
2021-02-16,4850.0,4855.0,4780.0,4815.0,561351.0,-0.4136504653567736,13283530.0,4795.0,2490016535.0,194824505.0,14947445.0,0.0,2541138080.0,142043840.0,2698129365.0
2021-02-17,4855.0,4860.0,4745.0,4795.0,713635.0,-0.4153686396677051,12942375.0,0.0,2777264855.0,632075995.0,28990455.0,0.0,2809694410.0,583598360.0,3422283225.0
2021-02-18,4800.0,4810.0,4710.0,4710.0,621454.0,-1.7726798748696557,14665765.0,2131700.0,2585495050.0,347533430.0,0.0,0.0,2330961910.0,618864035.0,2949825945.0
2021-02-19,4710.0,4785.0,4590.0,4660.0,550655.0,-1.0615711252653928,13618755.0,0.0,2229487925.0,322011705.0,180342890.0,11561460.0,1964188530.0,409025505.0,2565118385.0
2021-02-22,4660.0,4950.0,4660.0,4820.0,1107864.0,3.4334763948497855,13363410.0,0.0,4134503595.0,1187313755.0,8322725.0,9492805.0,4923172070.0,394193160.0,5335180760.0
2021-02-23,4755.0,4770.0,4680.0,4680.0,568572.0,-2.904564315352697,16445030.0,0.0,2546945365.0,113658110.0,9667255.0,0.0,1751664430.0,915716820.0,2677048505.0
2021-02-24,4685.0,5020.0,4605.0,4605.0,3094389.0,-1.6025641025641024,50006545.0,31962040.0,13867705420.0,926572080.0,43147300.0,25821480.0,12946498205.0,1860779100.0,14876246085.0
2021-02-25,4690.0,4805.0,4605.0,4665.0,823802.0,1.3029315960912053,5310020.0,0.0,3503035085.0,362322935.0,64774245.0,9590.0,3325705580.0,480178625.0,3870668040.0
2021-02-26,4525.0,4660.0,4475.0,4520.0,744301.0,-3.1082529474812435,138393495.0,1535400.0,3082972315.0,147363205.0,75905180.0,0.0,2840224400.0,454134835.0,3370264415.0
2021-03-02,4585.0,4600.0,4495.0,4530.0,277200.0,0.22123893805309736,4187025.0,361150.0,1145936050.0,107398070.0,63470505.0,0.0,990658585.0,203753205.0,1257882295.0
2021-03-03,4500.0,4590.0,4500.0,4590.0,275044.0,1.3245033112582782,49874665.0,0.0,849484825.0,351019610.0,32567890.0,0.0,1077128860.0,140682350.0,1250379100.0
2021-03-04,4580.0,4650.0,4505.0,4620.0,503683.0,0.6535947712418301,11598975.0,459000.0,2046997265.0,239750770.0,11282425.0,0.0,1774177165.0,513346420.0,2298806010.0
2021-03-05,4565.0,4605.0,4505.0,4570.0,354326.0,-1.0822510822510822,12487615.0,0.0,1510740420.0,85516610.0,332060.0,0.0,1328502530.0,279910055.0,1608744645.0
2021-03-08,4615.0,4620.0,4515.0,4540.0,323106.0,-0.6564551422319475,9849520.0,0.0,1183851695.0,278911605.0,115621380.0,0.0,1278904470.0,78086970.0,1472612820.0
2021-03-09,4540.0,4570.0,4380.0,4455.0,566619.0,-1.8722466960352422,5151710.0,1347420.0,2266554270.0,246986560.0,34361760.0,0.0,1980818820.0,504859380.0,2520039960.0
2021-03-10,4475.0,4580.0,4400.0,4435.0,351242.0,-0.44893378226711567,654900.0,0.0,1253316910.0,324897890.0,2078660.0,0.0,1409047810.0,167743230.0,1578869700.0
2021-03-11,4435.0,4500.0,4410.0,4465.0,229148.0,0.6764374295377678,17247395.0,0.0,863359820.0,137862285.0,27727315.0,0.0,891768980.0,98973205.0,1018469500.0
2021-03-12,4480.0,4580.0,4465.0,4520.0,237623.0,1.2318029115341544,16018535.0,0.0,837275475.0,224604930.0,5447145.0,0.0,978165825.0,94285970.0,1077898940.0
2021-03-15,4580.0,4580.0,4500.0,4535.0,227740.0,0.33185840707964603,350060.0,0.0,749743230.0,282674270.0,8070430.0,0.0,958744295.0,65952835.0,1032767560.0
2021-03-16,4600.0,4680.0,4545.0,4660.0,427150.0,2.7563395810363835,538650.0,11697800.0,1683854570.0,275685990.0,15143060.0,0.0,1825260490.0,131373460.0,1971777010.0
2021-03-17,4660.0,4715.0,4620.0,4685.0,406042.0,0.5364806866952789,11827935.0,0.0,1487324900.0,399168030.0,121775.0,4695.0,1848068195.0,50126200.0,1898320865.0
2021-03-18,4725.0,4730.0,4640.0,4670.0,282563.0,-0.32017075773745995,785975.0,0.0,1305557805.0,16410580.0,1842560.0,4725.0,1078792280.0,242114795.0,1322754360.0
2021-03-19,4620.0,4680.0,4600.0,4680.0,227739.0,0.21413276231263384,1273780.0,0.0,785407075.0,269907195.0,2844610.0,0.0,929177710.0,124565730.0,1056588050.0
2021-03-22,4665.0,4705.0,4625.0,4645.0,218216.0,-0.7478632478632479,388310.0,0.0,893078900.0,124343250.0,14231965.0,0.0,912357920.0,91220575.0,1017810460.0
2021-03-23,4645.0,4655.0,4515.0,4565.0,305971.0,-1.7222820236813776,10846750.0,0.0,1280960010.0,111866480.0,11333560.0,0.0,1080215285.0,312124395.0,1403673240.0
2021-03-24,4560.0,4600.0,4510.0,4580.0,272874.0,0.32858707557502737,82440.0,0.0,964812780.0,279049320.0,19208740.0,0.0,1001991075.0,222744725.0,1243944540.0
2021-03-25,4530.0,4575.0,4500.0,4540.0,255525.0,-0.8733624454148471,481135.0,13545.0,999799095.0,157077560.0,30682635.0,0.0,1027009060.0,99679640.0,1157371335.0
2021-03-26,4595.0,4680.0,4540.0,4675.0,390963.0,2.973568281938326,6223920.0,0.0,1448393895.0,357753350.0,27468600.0,0.0,1682666390.0,102236175.0,1812371165.0
2021-03-29,4770.0,4975.0,4695.0,4795.0,3072812.0,2.5668449197860963,1228010.0,194584790.0,14153727635.0,471862835.0,3314615.0,67319740.0,13563372805.0,1187396110.0,14821403270.0
2021-03-30,4810.0,4830.0,4715.0,4795.0,709860.0,0.0,74794980.0,1337400.0,2800204370.0,514990855.0,3365970.0,10217545.0,2973487170.0,404256920.0,3391327605.0
2021-03-31,4830.0,4965.0,4760.0,4920.0,1555424.0,2.6068821689259645,78264040.0,1385000.0,6285522710.0,1215152980.0,116260225.0,0.0,6914052835.0,550011670.0,7580324730.0
2021-04-01,4890.0,4920.0,4740.0,4780.0,1114565.0,-2.8455284552845526,90107885.0,377100.0,5179519265.0,80541945.0,16731565.0,0.0,3917875525.0,1415939105.0,5350546195.0
2021-04-02,4780.0,4855.0,4720.0,4780.0,621277.0,0.0,7061760.0,0.0,2521171840.0,444365535.0,25023970.0,0.0,2886349485.0,61225680.0,2972599135.0
2021-04-05,4780.0,5020.0,4780.0,4860.0,1439135.0,1.6736401673640167,56243770.0,352870.0,6077095615.0,913434920.0,55914320.0,263835.0,6395086025.0,595862995.0,7047127175.0
2021-04-06,4910.0,5010.0,4835.0,5010.0,1588141.0,3.0864197530864197,88424965.0,102795.0,6852807995.0,977790545.0,47480620.0,14850.0,7598679320.0,272951510.0,7919126300.0
2021-04-07,5150.0,5300.0,4885.0,4885.0,3859061.0,-2.4950099800399204,118520175.0,147550.0,18840169145.0,589154785.0,124149205.0,49023280.0,17246170450.0,2128648720.0,19547991655.0
2021-04-08,4880.0,4975.0,4770.0,4900.0,873462.0,0.3070624360286591,60014425.0,4350980.0,3572362105.0,621664905.0,56059185.0,0.0,3929722465.0,272610765.0,4258392415.0
2021-04-09,4945.0,4980.0,4855.0,4865.0,486240.0,-0.7142857142857143,4973570.0,637835.0,2223526405.0,145273650.0,4225340.0,0.0,1962285150.0,407900970.0,2374411460.0
2021-04-12,4870.0,4980.0,4860.0,4935.0,710173.0,1.4388489208633095,30586620.0,32244755.0,2915245510.0,525241815.0,9185420.0,0.0,3259953625.0,234179655.0,3503318700.0
2021-04-13,4940.0,4995.0,4870.0,4945.0,726165.0,0.2026342451874367,59424280.0,993970.0,3365341750.0,157141290.0,7081105.0,0.0,2962871380.0,612948805.0,3582901290.0
2021-04-14,4950.0,4960.0,4905.0,4925.0,450472.0,-0.40444893832153694,8134285.0,533840.0,1977759935.0,229925100.0,1651550.0,182040.0,2016215160.0,198304410.0,2216353160.0
2021-04-15,4920.0,5750.0,4875.0,5230.0,19329800.0,6.192893401015229,354934595.0,1113378100.0,99819865255.0,3253153555.0,386781720.0,105743200.0,101356133415.0,2692673170.0,104541331505.0
2021-04-16,5200.0,5270.0,5100.0,5110.0,1476144.0,-2.294455066921606,96638080.0,0.0,7018331920.0,502498020.0,24729800.0,1554000.0,7015129040.0,576055180.0,7617468020.0
2021-04-19,5140.0,5280.0,5020.0,5040.0,1562941.0,-1.36986301369863,53693620.0,1547000.0,7271529530.0,746992970.0,65034480.0,13351360.0,6915642970.0,1079734310.0,8073763120.0
2021-04-20,5050.0,5160.0,5050.0,5060.0,731297.0,0.3968253968253968,134953890.0,2530000.0,3162936180.0,421188380.0,31959660.0,0.0,3169604610.0,520044180.0,3721608450.0
2021-04-21,5050.0,5130.0,5010.0,5040.0,596435.0,-0.3952569169960474,17760020.0,0.0,2840249350.0,157682270.0,33503530.0,0.0,2575185290.0,407002820.0,3015691640.0
2021-04-22,5090.0,5120.0,4945.0,5000.0,842173.0,-0.7936507936507936,19295400.0,113661250.0,3830634180.0,251500010.0,108657435.0,0.0,3616003115.0,490430290.0,4215090840.0
2021-04-23,5060.0,5170.0,5000.0,5020.0,685153.0,0.4,24749230.0,100600.0,3104927450.0,327800420.0,24782130.0,0.0,2921580180.0,511215390.0,3457577700.0
2021-04-26,5040.0,5100.0,5000.0,5030.0,514866.0,0.199203187250996,31474140.0,18083000.0,2385556380.0,168105500.0,24178180.0,11690000.0,2204616210.0,362734630.0,2603219020.0
2021-04-27,5080.0,5090.0,4995.0,5080.0,696059.0,0.9940357852882704,17342970.0,15322720.0,2766095475.0,710074420.0,18852430.0,14661700.0,2751411985.0,723909470.0,3508835585.0
2021-04-28,5040.0,5070.0,4905.0,4925.0,1098503.0,-3.0511811023622046,36216350.0,9312200.0,5204339610.0,186293695.0,35955640.0,9473020.0,4089242390.0,1301490805.0,5436161855.0
2021-04-29,5040.0,5640.0,5020.0,5180.0,21685605.0,5.177664974619289,361345270.0,42354100.0,111203533440.0,3309142800.0,605050540.0,1247256640.0,108913329020.0,4150739410.0,114916375610.0
2021-04-30,5150.0,5370.0,5110.0,5320.0,4446043.0,2.7027027027027026,314395280.0,21381130.0,21238923700.0,1859172730.0,140709290.0,12005930.0,21282074750.0,1999082870.0,23433872840.0
2021-05-03,5250.0,5290.0,4730.0,5030.0,2651450.0,-5.451127819548872,72568850.0,12028040.0,12874597585.0,501801855.0,83551330.0,7931550.0,11154592920.0,2214920530.0,13460996330.0
2021-05-04,4900.0,4980.0,4790.0,4930.0,1627593.0,-1.9880715705765408,115768095.0,16134430.0,6896032395.0,880018345.0,223379495.0,15554470.0,6602189765.0,1066829535.0,7907953265.0
2021-05-06,4900.0,5010.0,4850.0,4970.0,616831.0,0.8113590263691683,71125545.0,0.0,2704498995.0,278593130.0,46685045.0,1960000.0,2800787105.0,204785520.0,3054217670.0
2021-05-07,4960.0,5030.0,4945.0,5000.0,472639.0,0.6036217303822937,15508510.0,4970.0,2184023370.0,157761865.0,10618615.0,0.0,2211231560.0,135448540.0,2357298715.0
2021-05-10,5060.0,5250.0,4995.0,5120.0,2177405.0,2.4,151653200.0,19070820.0,9681380885.0,1362844095.0,122375980.0,25193810.0,10452245010.0,615134200.0,11214949000.0
2021-05-11,5020.0,5280.0,5020.0,5280.0,1447594.0,3.125,361866830.0,9305000.0,6385805710.0,727481870.0,103737750.0,10118640.0,6925418320.0,445184700.0,7484459410.0
2021-05-12,5270.0,5270.0,5090.0,5170.0,1272755.0,-2.083333333333333,200827320.0,4733270.0,6207818220.0,184904680.0,46559390.0,3104840.0,5607686240.0,940933020.0,6598283490.0
2021-05-13,5110.0,5220.0,5050.0,5090.0,922278.0,-1.5473887814313347,51144480.0,4593450.0,3865916910.0,802012370.0,46427600.0,5907500.0,4334443950.0,336888160.0,4723667210.0
2021-05-14,5110.0,5190.0,5090.0,5180.0,580691.0,1.768172888015717,29757930.0,9482400.0,2364973590.0,582940000.0,16387350.0,0.0,2812468100.0,158298470.0,2987153920.0
2021-05-17,5180.0,5220.0,5030.0,5040.0,780273.0,-2.7027027027027026,17910020.0,0.0,3821906740.0,141121370.0,98449170.0,201280.0,3315310050.0,566977630.0,3980938130.0
2021-05-18,5030.0,5080.0,5020.0,5050.0,361111.0,0.1984126984126984,12323380.0,0.0,1526366630.0,285049800.0,12283450.0,0.0,1588558890.0,222897470.0,1823739810.0
2021-05-20,5050.0,5060.0,4920.0,4955.0,508626.0,-1.881188118811881,18662530.0,14850.0,2298503095.0,200442040.0,88542255.0,1050780.0,2036571915.0,391457565.0,2517622515.0
2021-05-21,5010.0,5050.0,4885.0,4890.0,560000.0,-1.3118062563067607,8308100.0,0.0,2565222095.0,189675660.0,223508295.0,0.0,2097819010.0,441878550.0,2763205855.0
2021-05-24,4890.0,4960.0,4860.0,4870.0,335139.0,-0.408997955010225,56809830.0,2980370.0,1441623550.0,146355100.0,12705400.0,0.0,1395718760.0,239344690.0,1647768850.0
2021-05-25,4880.0,4955.0,4880.0,4925.0,311926.0,1.1293634496919918,157763365.0,0.0,1156021075.0,220868295.0,57540280.0,0.0,1282610825.0,194501630.0,1534652735.0
2021-05-26,4925.0,4975.0,4905.0,4965.0,333367.0,0.8121827411167513,228424635.0,0.0,1265660660.0,157504935.0,14897090.0,0.0,1394513835.0,242179305.0,1651590230.0
2021-05-27,4970.0,5210.0,4970.0,5140.0,1451759.0,3.5246727089627394,461230995.0,19921000.0,6159902690.0,774051695.0,64932550.0,7048860.0,6851950485.0,491174485.0,7415106380.0
2021-05-28,5220.0,5260.0,5140.0,5150.0,1294795.0,0.19455252918287938,167809930.0,0.0,5711109630.0,845817250.0,12663850.0,6273000.0,6068292560.0,637507400.0,6724736810.0
2021-05-31,5180.0,5500.0,5180.0,5500.0,4144764.0,6.796116504854369,245256250.0,12794880.0,17345931300.0,4702905340.0,102426300.0,13179140.0,21656236590.0,535045740.0,22306887770.0
2021-06-01,5600.0,5600.0,5360.0,5540.0,3663527.0,0.7272727272727273,105527450.0,1160910.0,19938536310.0,658205910.0,121093760.0,11200.0,18218254610.0,2364071010.0,20703430580.0
2021-06-02,6320.0,6370.0,5650.0,5650.0,15276429.0,1.9855595667870036,339606240.0,22995010.0,88318658630.0,2884219120.0,272315670.0,17509030.0,84077814070.0,7197840230.0,91565479000.0
2021-06-03,5690.0,6630.0,5630.0,6200.0,36024719.0,9.734513274336283,917134910.0,242923570.0,210274354050.0,13415528110.0,801376800.0,92194480.0,213344796100.0,10611573260.0,224849940640.0
2021-06-04,6070.0,6200.0,6000.0,6140.0,3896947.0,-0.967741935483871,378672490.0,9209810.0,21495824400.0,1859174740.0,68990130.0,100058080.0,20319444890.0,3254388340.0,23742881440.0
2021-06-07,6140.0,6140.0,5830.0,5850.0,2906833.0,-4.723127035830619,190712750.0,1701130.0,15679772130.0,1378479490.0,109787340.0,1528800.0,16381780510.0,757568850.0,17250665500.0
2021-06-08,5860.0,6090.0,5810.0,5820.0,2267014.0,-0.5128205128205128,117204830.0,1002950.0,12133174770.0,1163876530.0,83714470.0,2871800.0,11286954650.0,2041718160.0,13415259080.0
2021-06-09,5800.0,6060.0,5800.0,5990.0,1770995.0,2.9209621993127146,47452200.0,40656450.0,8102366930.0,2384035170.0,39847270.0,1391940.0,9994795050.0,538476490.0,10574510750.0
2021-06-10,6050.0,6150.0,5990.0,6070.0,2045216.0,1.335559265442404,109693210.0,18330650.0,11804858600.0,462227660.0,169346860.0,126420.0,10804473440.0,1421163400.0,12395110120.0
2021-06-11,6210.0,7890.0,6200.0,7890.0,67691903.0,29.983525535420096,1428647790.0,324874820.0,473159021000.0,16593808590.0,3175562490.0,698055570.0,471908913670.0,15723820470.0,491506352200.0
2021-06-14,8190.0,9420.0,7610.0,8250.0,85458704.0,4.562737642585551,3300455720.0,452334910.0,709274391820.0,26063283700.0,5928910680.0,363618490.0,702887283560.0,29910653420.0,739090466150.0
2021-06-15,8140.0,8350.0,7770.0,7980.0,14981080.0,-3.272727272727273,418680460.0,75429630.0,115272509890.0,4642754140.0,331429660.0,199251960.0,115874992570.0,4003699930.0,120409374120.0
2021-06-16,8220.0,8440.0,7900.0,7950.0,18192302.0,-0.37593984962406013,375474370.0,73991290.0,143667692830.0,4124235300.0,472492770.0,96004010.0,139475399730.0,8197497280.0,148241393790.0
2021-06-17,7800.0,9360.0,7770.0,8200.0,64600949.0,3.1446540880503147,2173540540.0,854233360.0,539696915770.0,23569675730.0,2046106940.0,561116950.0,540269774080.0,23417367430.0,566294365400.0
2021-06-18,8420.0,8880.0,8250.0,8340.0,14466964.0,1.707317073170732,480385690.0,11668840.0,117363648000.0,5617784130.0,584601240.0,194892330.0,117207886430.0,5486106660.0,123473486660.0
2021-06-21,8350.0,8510.0,8090.0,8130.0,4642877.0,-2.5179856115107913,143216580.0,13165640.0,36594086420.0,1542510480.0,178241100.0,18965160.0,36718113700.0,1377659160.0,38292979120.0
2021-06-22,8110.0,8760.0,8060.0,8590.0,14531517.0,5.658056580565805,410282240.0,309617480.0,108550970050.0,14011287270.0,418009040.0,180583840.0,115205300450.0,7478263710.0,123282157040.0
2021-06-23,8500.0,8510.0,8170.0,8170.0,4406978.0,-4.889406286379511,84334750.0,19630300.0,34083088650.0,2254702790.0,162257780.0,113068020.0,29870273530.0,6296157160.0,36441756490.0
2021-06-24,8130.0,8620.0,8010.0,8170.0,7385898.0,0.0,328379300.0,34849000.0,57016099960.0,4249987290.0,270394350.0,6651030.0,57454261260.0,3898008910.0,61629315550.0
2021-06-25,8220.0,8490.0,8150.0,8300.0,3598065.0,1.591187270501836,147092930.0,57915860.0,27761168560.0,1869875020.0,176637280.0,22567500.0,27494969450.0,2141878140.0,29836052370.0
2021-06-28,8310.0,8910.0,8200.0,8650.0,11077151.0,4.216867469879518,307879720.0,45767000.0,87668185090.0,7016932920.0,353982860.0,115479490.0,88603149210.0,5966153170.0,95038764730.0
2021-06-29,8590.0,8930.0,8440.0,8860.0,9643995.0,2.4277456647398843,281142630.0,7141480.0,79521294930.0,4538390560.0,298658320.0,66530280.0,80646717290.0,3336063710.0,84347969600.0
2021-06-30,9000.0,9940.0,8860.0,9030.0,29538387.0,1.9187358916478554,975941170.0,408253640.0,260861939070.0,16279044610.0,1204684810.0,175600890.0,257762420720.0,19382472070.0,278525178490.0
2021-07-01,9100.0,9430.0,8750.0,8800.0,6523653.0,-2.547065337763012,240351590.0,114277690.0,56956849110.0,2114995160.0,362316350.0,110236910.0,54456185190.0,4497735100.0,59426473550.0
2021-07-02,8910.0,9550.0,8820.0,9470.0,15715303.0,7.613636363636364,305088520.0,280540550.0,121828978080.0,24055762200.0,355070730.0,681207520.0,136761183490.0,8672907610.0,146470369350.0
2021-07-05,9360.0,9380.0,9000.0,9050.0,4924097.0,-4.435058078141499,114255860.0,65317700.0,44030711010.0,755554740.0,156599050.0,101004040.0,30180594580.0,14527641640.0,44965839310.0
2021-07-06,9090.0,9090.0,8800.0,8800.0,2788382.0,-2.7624309392265194,45973690.0,897800.0,23856103470.0,876611790.0,31693530.0,46280120.0,22000530940.0,2701082160.0,24779586750.0
2021-07-07,8850.0,9070.0,8660.0,8660.0,3437911.0,-1.5909090909090908,100982840.0,28421060.0,28154386210.0,2161880240.0,82865240.0,890000.0,29092866020.0,1269049090.0,30445670350.0
2021-07-08,8710.0,8810.0,8290.0,8360.0,2764758.0,-3.4642032332563506,76549950.0,30938900.0,21166236110.0,2205850850.0,61613380.0,26959180.0,22011449520.0,1379553730.0,23479575810.0
2021-07-09,8220.0,8470.0,8070.0,8390.0,2108813.0,0.3588516746411483,211874590.0,34080380.0,14086244260.0,3158147790.0,128724030.0,15760640.0,14931724280.0,2414138070.0,17490347020.0
2021-07-12,8440.0,8500.0,8310.0,8310.0,1123574.0,-0.9535160905840285,58162220.0,51545000.0,8979024730.0,350663110.0,106571620.0,0.0,8235508750.0,1097314690.0,9439395060.0
2021-07-13,8310.0,8550.0,8280.0,8280.0,1365189.0,-0.36101083032490977,130664030.0,6800000.0,10782553670.0,533824780.0,28832590.0,6744000.0,10566080500.0,852185390.0,11453842480.0
2021-07-14,8280.0,8330.0,8090.0,8100.0,1050761.0,-2.1739130434782608,9193460.0,5003930.0,8187391390.0,365165310.0,13296970.0,44822400.0,8117781200.0,390853520.0,8566754090.0
2021-07-15,8170.0,8370.0,8080.0,8140.0,1188707.0,0.49382716049382713,59188590.0,2490000.0,8950603400.0,748215850.0,64562230.0,0.0,9009702510.0,686233100.0,9760497840.0
2021-07-16,8100.0,8270.0,8070.0,8120.0,759430.0,-0.2457002457002457,51246990.0,0.0,5171821870.0,968324980.0,59292300.0,0.0,5755358160.0,376743380.0,6191393840.0
2021-07-19,8070.0,8110.0,7810.0,7870.0,1280905.0,-3.0788177339901477,43144960.0,120004570.0,8041310020.0,1944802080.0,43752600.0,0.0,9476065180.0,629443850.0,10149261630.0
2021-07-20,7700.0,7940.0,7530.0,7910.0,1056357.0,0.5082592121982211,66230580.0,7557900.0,5823554080.0,2332865760.0,134198920.0,1579860.0,6797358570.0,1297070970.0,8230208320.0
2021-07-21,7910.0,8210.0,7730.0,7730.0,1640300.0,-2.275600505689001,165505230.0,62567890.0,11966956950.0,864583740.0,157245700.0,0.0,10740374350.0,2161993760.0,13059613810.0
2021-07-22,7730.0,7850.0,7700.0,7710.0,676045.0,-0.258732212160414,100130850.0,0.0,4010569680.0,1127957030.0,98535710.0,0.0,5000097050.0,140024800.0,5238657560.0
2021-07-23,7720.0,7840.0,7650.0,7710.0,678523.0,0.0,22776190.0,18447480.0,4245519950.0,957072430.0,48685560.0,0.0,4844069220.0,351061270.0,5243816050.0
2021-07-26,7790.0,7800.0,7550.0,7600.0,540207.0,-1.4267185473411155,34740090.0,15160.0,3281501900.0,806234680.0,32452630.0,13864820.0,3868977010.0,207197370.0,4122491830.0
2021-07-27,7600.0,7770.0,7550.0,7690.0,786236.0,1.1842105263157896,99646800.0,22965000.0,4335045750.0,1573556700.0,71199640.0,15400000.0,5550567340.0,394047270.0,6031214250.0
2021-07-28,7640.0,7740.0,7410.0,7470.0,634724.0,-2.860858257477243,27188250.0,7600.0,4409754870.0,344136900.0,27337960.0,3705000.0,4066344770.0,683699890.0,4781087620.0
2021-07-29,7470.0,7520.0,7400.0,7400.0,418199.0,-0.9370816599732262,47601930.0,0.0,2390798170.0,671774210.0,50724750.0,61872540.0,2892086410.0,105490610.0,3110174310.0
2021-07-30,7440.0,7500.0,7270.0,7270.0,593766.0,-1.7567567567567568,201805620.0,2479110.0,3003946880.0,1145615990.0,297130980.0,0.0,3747380250.0,309336370.0,4353847600.0
2021-08-02,7300.0,7360.0,7240.0,7330.0,362882.0,0.8253094910591471,71794990.0,0.0,2142687800.0,436841880.0,48903810.0,0.0,2261000710.0,341420150.0,2651324670.0
2021-08-03,7330.0,7470.0,7140.0,7230.0,657553.0,-1.364256480218281,122946310.0,161632260.0,4060017070.0,428092990.0,79045030.0,0.0,3713323300.0,980320300.0,4772688630.0
2021-08-04,7250.0,7520.0,7200.0,7490.0,1121285.0,3.5961272475795294,97394360.0,7380000.0,7418020890.0,989944040.0,54884760.0,164783920.0,7578577140.0,714493470.0,8512739290.0
2021-08-05,7860.0,8750.0,7840.0,8150.0,24891517.0,8.811748998664887,553464140.0,380131110.0,200959790710.0,7584472330.0,509249400.0,88079820.0,193010217350.0,15870311720.0,209477858290.0
2021-08-06,8080.0,8350.0,7790.0,7790.0,3417119.0,-4.41717791411043,107868700.0,55516630.0,25183061730.0,2053524210.0,199615260.0,336071270.0,25041332990.0,1822951750.0,27399971270.0
2021-08-09,7940.0,8930.0,7920.0,8160.0,21000234.0,4.7496790757381255,592409100.0,86315720.0,168617593740.0,9308484000.0,425896250.0,36157200.0,166601284740.0,11541464370.0,178604802560.0
2021-08-10,8050.0,8780.0,7940.0,8280.0,10672354.0,1.4705882352941175,244844480.0,96577700.0,84403600260.0,5604066520.0,324190810.0,124108090.0,83702012530.0,6198777530.0,90349088960.0
2021-08-11,8300.0,8790.0,8260.0,8310.0,10745296.0,0.36231884057971014,366452570.0,375613390.0,86916360840.0,4381224660.0,287072270.0,356864990.0,87344091150.0,4051623050.0,92039651460.0
2021-08-12,8300.0,8860.0,8300.0,8690.0,12101748.0,4.57280385078219,241026090.0,292529190.0,96600236880.0,7219654630.0,223191780.0,190693510.0,98924108630.0,5015452870.0,104353446790.0
2021-08-13,8970.0,9050.0,8310.0,8350.0,4907811.0,-3.9125431530494823,109979020.0,112124580.0,40645329980.0,1324315460.0,136521790.0,228658760.0,38144581270.0,3681987220.0,42191749040.0
2021-08-17,8470.0,8500.0,7860.0,8000.0,2585747.0,-4.191616766467066,197979280.0,56147660.0,18677491340.0,1977500380.0,170126210.0,12809200.0,19160905480.0,1565277770.0,20909118660.0
2021-08-18,7900.0,8220.0,7810.0,7970.0,1693086.0,-0.375,66701310.0,18780910.0,12021999110.0,1464403920.0,74721660.0,32949440.0,12069980420.0,1394233730.0,13571885250.0
2021-08-19,7870.0,7990.0,7490.0,7510.0,1648225.0,-5.771643663739021,101195000.0,39916610.0,10815478950.0,1738103630.0,115536520.0,51061680.0,11202317930.0,1325778060.0,12694694190.0
2021-08-20,7510.0,7660.0,7110.0,7350.0,1460878.0,-2.130492676431425,137518470.0,330360.0,7932605210.0,2778937210.0,140917780.0,0.0,9256550250.0,1451923220.0,10849391250.0
2021-08-23,7500.0,7650.0,7350.0,7570.0,1003225.0,2.9931972789115644,42364000.0,0.0,5713821320.0,1794583980.0,134861920.0,0.0,6145163890.0,1270743490.0,7550769300.0
2021-08-24,7660.0,8080.0,7570.0,7950.0,1804648.0,5.019815059445178,77420870.0,7950.0,12124389140.0,1865810900.0,47465790.0,7850000.0,12375496400.0,1636816670.0,14067628860.0
2021-08-25,7950.0,8030.0,7750.0,7800.0,1427005.0,-1.8867924528301887,67724770.0,0.0,10913121880.0,438410920.0,125464800.0,13345000.0,10205360180.0,1075087590.0,11419257570.0
2021-08-26,8350.0,8510.0,7890.0,7950.0,5363891.0,1.9230769230769231,105722740.0,0.0,41760246680.0,2355796010.0,108692540.0,12615000.0,38582099380.0,5518358510.0,44221765430.0
2021-08-27,7880.0,8190.0,7790.0,7980.0,1850240.0,0.37735849056603776,79730260.0,249550.0,13784277200.0,1031361080.0,96905990.0,17116550.0,14009621860.0,771973690.0,14895618090.0
2021-08-30,8050.0,8090.0,7870.0,7870.0,868951.0,-1.3784461152882206,20881380.0,394500.0,6704689390.0,171434050.0,8998230.0,0.0,6464651800.0,423749290.0,6897399320.0
2021-08-31,7830.0,7970.0,7740.0,7790.0,709502.0,-1.0165184243964422,150484680.0,388000.0,5108182560.0,301907100.0,298519930.0,240560.0,4982602940.0,279598910.0,5560962340.0
2021-09-01,7810.0,7930.0,7810.0,7860.0,583728.0,0.8985879332477535,136493580.0,408170.0,3792813900.0,661244690.0,158257770.0,0.0,4223492590.0,209209980.0,4590960340.0
2021-09-02,7850.0,7860.0,7710.0,7730.0,606294.0,-1.653944020356234,141115590.0,7770.0,4282694700.0,284830150.0,139987680.0,0.0,4193769110.0,374891420.0,4708648210.0
2021-09-03,7730.0,7830.0,7710.0,7720.0,516478.0,-0.129366106080207,192711140.0,0.0,3417944580.0,396222070.0,153627820.0,5439000.0,3425370940.0,422440030.0,4006877790.0
2021-09-06,7950.0,8020.0,7770.0,7810.0,982109.0,1.16580310880829,227529430.0,0.0,7281349230.0,221698970.0,215888860.0,0.0,6893266340.0,621422430.0,7730577630.0
2021-09-07,7820.0,7900.0,7710.0,7750.0,790331.0,-0.7682458386683738,205146610.0,0.0,5559473500.0,446554120.0,199204230.0,0.0,5721436550.0,290533450.0,6211174230.0
2021-09-08,8160.0,8530.0,8030.0,8030.0,8987263.0,3.612903225806452,1513121730.0,88597370.0,69251271420.0,3574553780.0,1507203540.0,103770110.0,69045484220.0,3771086430.0,74427544300.0
2021-09-09,8230.0,8350.0,8090.0,8100.0,2639397.0,0.8717310087173101,757072200.0,0.0,19283395160.0,1614293910.0,717666910.0,1646000.0,18510465950.0,2424982410.0,21654761270.0
2021-09-10,8260.0,8270.0,7810.0,7840.0,1775795.0,-3.2098765432098766,423798570.0,31060080.0,12749758400.0,954047850.0,389505510.0,7860.0,12260471930.0,1508679600.0,14158664900.0
2021-09-13,7700.0,7920.0,7570.0,7710.0,1220447.0,-1.6581632653061225,132728870.0,100154720.0,8409843110.0,796345320.0,222271750.0,0.0,7877655450.0,1339144820.0,9439072020.0
2021-09-14,7710.0,7850.0,7710.0,7710.0,503798.0,0.0,146710.0,0.0,3658272220.0,238941130.0,71687250.0,0.0,3228006030.0,597666780.0,3897360060.0
2021-09-15,7660.0,7750.0,7570.0,7600.0,858576.0,-1.4267185473411155,205490.0,128860370.0,6193463020.0,284597940.0,4534880.0,178059390.0,5764892480.0,659640070.0,6607126820.0
2021-09-16,7970.0,8220.0,7690.0,7700.0,2080124.0,1.3157894736842104,834120.0,205978220.0,14945982950.0,1271292360.0,3327460.0,119511000.0,14240647370.0,2060601820.0,16424087650.0
2021-09-17,7650.0,7730.0,7520.0,7690.0,759605.0,-0.12987012987012986,149459020.0,32482470.0,4941615380.0,665698310.0,155202840.0,23127700.0,5215196310.0,395728330.0,5789255180.0
2021-09-23,7590.0,7770.0,7550.0,7650.0,723044.0,-0.5201560468140443,42329980.0,0.0,5239783860.0,264958180.0,1580840.0,156696000.0,5115218050.0,273577130.0,5547072020.0
2021-09-24,7650.0,7730.0,7600.0,7640.0,462171.0,-0.130718954248366,3331070.0,0.0,3302861830.0,232054330.0,2981730.0,41310000.0,3198898020.0,295057480.0,3538247230.0
2021-09-27,7940.0,8030.0,7670.0,7690.0,2055154.0,0.6544502617801047,170432250.0,62859890.0,15361237180.0,507483370.0,158415500.0,8326800.0,15263558950.0,671711440.0,16102012690.0
2021-09-28,7670.0,7680.0,7330.0,7350.0,978672.0,-4.421326397919375,4353370.0,5696560.0,7087868120.0,167393900.0,0.0,507150.0,7106702150.0,158102650.0,7265311950.0
2021-09-29,7150.0,7240.0,6970.0,7090.0,816717.0,-3.537414965986395,5307620.0,2129000.0,4776216580.0,1021375810.0,31267440.0,7080000.0,5263924540.0,502757030.0,5805029010.0
2021-09-30,7090.0,7180.0,7050.0,7110.0,544466.0,0.2820874471086037,53873910.0,0.0,3363633030.0,452725660.0,55755910.0,0.0,3584328170.0,230148520.0,3870232600.0
2021-10-01,7110.0,7120.0,6810.0,6990.0,745478.0,-1.6877637130801686,11643110.0,7051690.0,4244459810.0,926002500.0,12038540.0,6943910.0,4807893030.0,362281630.0,5189157110.0
2021-10-05,6810.0,6900.0,6130.0,6660.0,1036857.0,-4.721030042918455,17337470.0,354060.0,4893910730.0,1938682340.0,386320.0,3347710.0,5985119530.0,861431040.0,6850284600.0
2021-10-06,6610.0,6790.0,6280.0,6290.0,1028150.0,-5.555555555555555,55898120.0,806360.0,4348019550.0,2244280360.0,119590.0,9807160.0,5637103070.0,1001974570.0,6649004390.0
2021-10-07,6290.0,6800.0,6290.0,6800.0,735442.0,8.108108108108109,41175310.0,44108080.0,3148719290.0,1606533780.0,3208250.0,144320.0,4128707180.0,708476710.0,4840536460.0
2021-10-08,6870.0,7010.0,6550.0,6840.0,587296.0,0.5882352941176471,38526920.0,156775840.0,2447035240.0,1365997900.0,13283770.0,19664750.0,3015604010.0,959783370.0,4008335900.0
2021-10-12,6780.0,6880.0,6670.0,6780.0,278165.0,-0.8771929824561403,34076630.0,49992840.0,1560868190.0,237114480.0,189840.0,0.0,1484448490.0,397413810.0,1882052140.0
2021-10-13,6690.0,6900.0,6690.0,6760.0,310381.0,-0.2949852507374631,1016870.0,3386580.0,1892985040.0,211384660.0,9315280.0,210754060.0,1554742750.0,333961060.0,2108773150.0
2021-10-14,6760.0,6990.0,6760.0,6980.0,398351.0,3.2544378698224854,13960.0,1533600.0,2256169020.0,489968020.0,2504840.0,20550.0,2561671710.0,183487500.0,2747684600.0
2021-10-15,7100.0,7250.0,7030.0,7180.0,879132.0,2.865329512893983,7385030.0,43791710.0,5794178350.0,444526980.0,436838520.0,214500.0,4949958910.0,902870140.0,6289882070.0
2021-10-18,7160.0,7700.0,7110.0,7450.0,2484806.0,3.7604456824512535,4738310.0,24951190.0,17597594670.0,1055292830.0,276470.0,13242450.0,17147050720.0,1522007360.0,18682577000.0
2021-10-19,7380.0,7590.0,7370.0,7480.0,522433.0,0.4026845637583893,1347550.0,75000.0,3262979380.0,646245010.0,351980.0,23828410.0,3616812630.0,269653920.0,3910646940.0
2021-10-20,7480.0,7580.0,7350.0,7420.0,1004283.0,-0.8021390374331552,2074110.0,55899190.0,5624865300.0,1820884790.0,163260.0,11084040.0,7059613540.0,432862550.0,7503723390.0
2021-10-21,7420.0,7460.0,7280.0,7300.0,404178.0,-1.6172506738544474,23265380.0,147600.0,2235085380.0,709357860.0,182500.0,0.0,2807109290.0,160564430.0,2967856220.0
2021-10-22,7300.0,7400.0,7180.0,7200.0,325394.0,-1.36986301369863,8850940.0,0.0,1770264370.0,577250120.0,58376910.0,44143190.0,1863699320.0,390146010.0,2356365430.0
2021-10-25,7140.0,7380.0,7140.0,7320.0,385138.0,1.6666666666666667,20205820.0,0.0,2146547220.0,636436540.0,36600.0,0.0,2558173590.0,244979390.0,2803189580.0
2021-10-26,7300.0,7330.0,7200.0,7280.0,247945.0,-0.546448087431694,0.0,24584450.0,1618182780.0,154713800.0,7294560.0,10854720.0,1450534560.0,328797190.0,1797481030.0
2021-10-27,7240.0,7290.0,7100.0,7140.0,316381.0,-1.9230769230769231,92570.0,7260.0,2045655110.0,217627290.0,2747460.0,7110.0,2038757530.0,221870130.0,2263382230.0
2021-10-28,7180.0,7260.0,7000.0,7050.0,360862.0,-1.2605042016806722,303840.0,111783580.0,2076366410.0,373473300.0,310580.0,0.0,2231749700.0,329866850.0,2561927130.0
2021-10-29,7070.0,7080.0,6880.0,6910.0,309708.0,-1.9858156028368796,5846680.0,0.0,1951899420.0,194338340.0,25400840.0,6926940.0,1940494870.0,179261790.0,2152084440.0
2021-11-01,6920.0,7190.0,6760.0,7190.0,440952.0,4.052098408104197,1011350.0,77628790.0,2178279600.0,858621780.0,682090.0,106983450.0,2694484160.0,313391820.0,3115541520.0
2021-11-02,7190.0,7350.0,7110.0,7150.0,563630.0,-0.5563282336578581,19735030.0,7150.0,3465540940.0,569862020.0,18482290.0,58168720.0,3060159330.0,918334800.0,4055145140.0
2021-11-03,7230.0,7230.0,6990.0,7010.0,280583.0,-1.9580419580419581,31319170.0,7060.0,1712238690.0,241183830.0,5820580.0,0.0,1809720790.0,169207380.0,1984748750.0
2021-11-04,7050.0,7090.0,6870.0,6910.0,362881.0,-1.4265335235378032,16100900.0,154220.0,2293498000.0,210627980.0,8904120.0,0.0,2332005380.0,179471600.0,2520381100.0
2021-11-05,6860.0,7060.0,6780.0,6940.0,361872.0,0.43415340086830684,117560.0,1598250.0,2178064720.0,323773270.0,2741090.0,1469050.0,2283278350.0,216065310.0,2503553800.0
2021-11-08,6940.0,6950.0,6730.0,6940.0,326757.0,0.0,90307680.0,138800.0,1718209610.0,418798500.0,7343840.0,1693000.0,2074800270.0,143617480.0,2227454590.0
2021-11-09,6900.0,6970.0,6760.0,6770.0,282162.0,-2.4495677233429394,109430.0,82300.0,1800495870.0,130290650.0,48909220.0,0.0,1466479610.0,415589420.0,1930978250.0
2021-11-10,6750.0,6750.0,6540.0,6670.0,479511.0,-1.4771048744460855,1799020.0,18509300.0,2610046730.0,538508340.0,100050.0,0.0,2853306440.0,315456900.0,3168863390.0
2021-11-11,6560.0,6690.0,6450.0,6470.0,461566.0,-2.998500749625187,1198400.0,4946960.0,2585038270.0,424594370.0,1824540.0,60880900.0,2544489760.0,408582800.0,3015778000.0
2021-11-12,6510.0,6980.0,6510.0,6620.0,881722.0,2.3183925811437405,38470860.0,2093780.0,5428783960.0,427096150.0,16313470.0,0.0,5043329660.0,836801620.0,5896444750.0
2021-11-15,6660.0,6720.0,6580.0,6720.0,341902.0,1.5105740181268883,3784510.0,0.0,1448465950.0,825271630.0,24561930.0,0.0,2138735680.0,114224480.0,2277522090.0
2021-11-16,6720.0,6730.0,6530.0,6550.0,314369.0,-2.5297619047619047,1680060.0,0.0,1807664880.0,268006480.0,1278470.0,0.0,1964982820.0,111090130.0,2077351420.0
2021-11-17,6550.0,6580.0,6320.0,6360.0,579975.0,-2.900763358778626,11016320.0,24647860.0,3184909670.0,477537300.0,15250860.0,0.0,3446524240.0,236336050.0,3698111150.0
2021-11-18,6360.0,6390.0,6160.0,6240.0,319960.0,-1.8867924528301887,40168350.0,622000.0,1529480620.0,439016810.0,12966170.0,0.0,1801676420.0,194645190.0,2009287780.0
2021-11-19,6180.0,6480.0,6180.0,6370.0,380175.0,2.083333333333333,3146760.0,0.0,1958396210.0,453535460.0,4273210.0,0.0,2174442930.0,236362290.0,2415078430.0
2021-11-22,6370.0,6370.0,6210.0,6260.0,306162.0,-1.726844583987441,9501040.0,0.0,1722800560.0,183722950.0,16474100.0,0.0,1690782370.0,208768080.0,1916024550.0
2021-11-23,6220.0,6350.0,6190.0,6230.0,236520.0,-0.4792332268370607,4507650.0,0.0,1044102020.0,432813060.0,8319900.0,0.0,1305537360.0,167565470.0,1481422730.0
2021-11-24,6210.0,6270.0,6120.0,6130.0,225671.0,-1.6051364365971106,136870.0,0.0,1280606490.0,111882950.0,582500.0,0.0,1170259130.0,221784680.0,1392626310.0
2021-11-25,6130.0,6170.0,5990.0,6050.0,329917.0,-1.3050570962479608,3986090.0,3000000.0,1542886910.0,445403730.0,2819300.0,0.0,1925246400.0,67211030.0,1995276730.0
2021-11-26,6050.0,6190.0,5800.0,5850.0,491519.0,-3.3057851239669422,3314370.0,351300.0,2257714310.0,648196870.0,0.0,892500.0,2686774430.0,221909920.0,2909576850.0
2021-11-29,5600.0,5800.0,5440.0,5700.0,473063.0,-2.564102564102564,878400.0,0.0,1316690430.0,1371110540.0,8458470.0,0.0,2254994050.0,425226850.0,2688679370.0
2021-11-30,5710.0,5800.0,5370.0,5450.0,531467.0,-4.385964912280701,143334840.0,56000.0,1997865910.0,793760870.0,64357760.0,0.0,2366077750.0,504582110.0,2935017620.0
2021-12-01,5420.0,5580.0,5230.0,5550.0,598065.0,1.834862385321101,3391270.0,0.0,2066696610.0,1184291590.0,3638710.0,5415000.0,2816476410.0,428849350.0,3254379470.0
2021-12-02,5480.0,5640.0,5390.0,5640.0,291564.0,1.6216216216216217,1095770.0,16886160.0,1072660870.0,521760520.0,9061830.0,0.0,1283252670.0,320088820.0,1612403320.0
2021-12-03,5610.0,5750.0,5610.0,5720.0,220743.0,1.4184397163120568,559440.0,16300620.0,959264300.0,281246680.0,1120720.0,0.0,1093587980.0,162662340.0,1257371040.0
2021-12-06,5690.0,5740.0,5540.0,5670.0,164877.0,-0.8741258741258742,5246780.0,0.0,728148650.0,199547150.0,2382100.0,0.0,682432280.0,248128200.0,932942580.0
2021-12-07,5710.0,5840.0,5690.0,5730.0,198695.0,1.0582010582010581,820600.0,0.0,968671470.0,175186650.0,18384050.0,0.0,914734990.0,211559680.0,1144678720.0
2021-12-08,5750.0,5790.0,5650.0,5650.0,173939.0,-1.3961605584642234,1711230.0,0.0,938138420.0,53791880.0,14135910.0,0.0,731006650.0,248498970.0,993641530.0
2021-12-09,5640.0,5810.0,5620.0,5730.0,203679.0,1.415929203539823,8435760.0,0.0,721741430.0,438068440.0,4716060.0,0.0,964753270.0,198776300.0,1168245630.0
2021-12-10,5700.0,5770.0,5640.0,5740.0,177689.0,0.17452006980802792,3787720.0,0.0,807026900.0,203442350.0,3856990.0,0.0,839911490.0,170488490.0,1014256970.0
2021-12-13,5760.0,5860.0,5740.0,5770.0,199523.0,0.5226480836236934,110140.0,0.0,940891540.0,218518720.0,10690900.0,0.0,985771420.0,163058080.0,1159520400.0
2021-12-14,5700.0,5780.0,5670.0,5730.0,150450.0,-0.6932409012131715,732140.0,0.0,680067640.0,178683550.0,1306410.0,0.0,616899140.0,241277780.0,859483330.0
2021-12-15,5700.0,5720.0,5570.0,5600.0,191001.0,-2.2687609075043627,778030.0,0.0,1004761430.0,67944260.0,5463850.0,3723960.0,796640200.0,267655710.0,1073483720.0
2021-12-16,5620.0,5690.0,5590.0,5650.0,163363.0,0.8928571428571428,3170040.0,22590000.0,634825150.0,258919240.0,3732940.0,0.0,718232740.0,197538750.0,919504430.0
2021-12-17,5600.0,5650.0,5560.0,5570.0,299718.0,-1.415929203539823,53707530.0,0.0,1321385370.0,308954810.0,19606000.0,0.0,1110062640.0,554379070.0,1684047710.0
2021-12-20,5750.0,5750.0,5510.0,5510.0,247644.0,-1.0771992818671454,7157990.0,0.0,1257275620.0,128095860.0,4345530.0,0.0,932548480.0,455635460.0,1392529470.0
2021-12-21,5510.0,5560.0,5380.0,5440.0,217271.0,-1.2704174228675136,1703810.0,0.0,792491410.0,385565740.0,43570790.0,845520.0,921771290.0,213573360.0,1179760960.0
2021-12-22,5450.0,5550.0,5450.0,5490.0,135474.0,0.9191176470588236,412090.0,69581650.0,473862010.0,200765700.0,48873730.0,0.0,648959590.0,46788130.0,744621450.0
2021-12-23,5500.0,5620.0,5490.0,5540.0,149473.0,0.9107468123861567,38780.0,0.0,542758740.0,288051690.0,2731220.0,0.0,724753240.0,103364750.0,830849210.0
2021-12-24,5540.0,5620.0,5540.0,5600.0,147786.0,1.083032490974729,452280.0,0.0,776151720.0,47995430.0,5103560.0,0.0,740292290.0,79203580.0,824599430.0
2021-12-27,5600.0,5680.0,5580.0,5650.0,157332.0,0.8928571428571428,576360.0,0.0,834814790.0,51637970.0,7621980.0,0.0,779455930.0,99951210.0,887029120.0
2021-12-28,5650.0,5690.0,5550.0,5570.0,190532.0,-1.415929203539823,5082270.0,0.0,1000996040.0,57879820.0,926420.0,0.0,703836500.0,359195210.0,1063958130.0
2021-12-29,5530.0,5600.0,5520.0,5570.0,154035.0,0.0,1935150.0,0.0,703573540.0,152895120.0,679510.0,55600000.0,781124040.0,21000260.0,858403810.0
2021-12-30,5530.0,5590.0,5470.0,5560.0,151495.0,-0.17953321364452424,118830870.0,0.0,693772460.0,28032410.0,69237170.0,0.0,638470010.0,132928560.0,840635740.0
2022-01-03,5540.0,5600.0,5540.0,5560.0,92149.0,0.0,122550.0,5570.0,455273330.0,57749500.0,316960.0,0.0,451352840.0,61481150.0,513150950.0
2022-01-04,5560.0,5600.0,5460.0,5500.0,165320.0,-1.079136690647482,49590.0,0.0,827868000.0,84172400.0,3262120.0,0.0,771658160.0,137169710.0,912089990.0
2022-01-05,5500.0,5530.0,5330.0,5350.0,324708.0,-2.727272727272727,1176690.0,2690000.0,1626291250.0,119411960.0,962280.0,0.0,1310493260.0,438114360.0,1749569900.0
2022-01-06,5350.0,5380.0,5250.0,5260.0,238054.0,-1.6822429906542056,301740.0,0.0,970039540.0,290149680.0,3576800.0,0.0,945824240.0,311089920.0,1260490960.0
2022-01-07,5240.0,5400.0,5240.0,5340.0,153952.0,1.520912547528517,6363620.0,0.0,467165640.0,351056590.0,7041870.0,0.0,767500430.0,50043550.0,824585850.0
2022-01-10,5340.0,5370.0,5220.0,5230.0,132711.0,-2.0599250936329585,1164530.0,0.0,627180960.0,69164780.0,911050.0,0.0,483531550.0,213067670.0,697510270.0
2022-01-11,5230.0,5280.0,5090.0,5100.0,224898.0,-2.48565965583174,858420.0,0.0,900679260.0,256056660.0,878500.0,0.0,932939340.0,223776500.0,1157594340.0
2022-01-12,5110.0,5220.0,5110.0,5210.0,99932.0,2.156862745098039,440750.0,0.0,313848640.0,204351760.0,16382100.0,0.0,487394860.0,14864190.0,518641150.0
2022-01-13,5260.0,5260.0,5110.0,5210.0,87201.0,0.0,12557900.0,0.0,336942570.0,103766040.0,52100.0,0.0,356174880.0,97039530.0,453266510.0
2022-01-14,5180.0,5200.0,5060.0,5090.0,180067.0,-2.3032629558541267,155041230.0,0.0,711767420.0,53179720.0,8698580.0,0.0,626439510.0,284850280.0,919988370.0
2022-01-17,5110.0,5120.0,4995.0,5010.0,147583.0,-1.5717092337917484,551100.0,250050.0,620300445.0,119815130.0,5972910.0,0.0,618847375.0,116096440.0,740916725.0
2022-01-18,4970.0,5090.0,4930.0,4955.0,202472.0,-1.097804391217565,42922615.0,1489500.0,738375055.0,226639720.0,7939455.0,0.0,782501200.0,218986235.0,1009426890.0
2022-01-19,4905.0,4990.0,4845.0,4850.0,199430.0,-2.119071644803229,856185.0,0.0,702819865.0,272698420.0,7568770.0,0.0,722096195.0,246709505.0,976374470.0
2022-01-20,4805.0,5060.0,4805.0,5050.0,188395.0,4.123711340206185,22881280.0,0.0,527650080.0,381730825.0,0.0,0.0,805584860.0,126677325.0,932262185.0
2022-01-21,5000.0,5050.0,4945.0,4965.0,118407.0,-1.6831683168316833,752735.0,0.0,483595995.0,105917890.0,412155.0,0.0,327732435.0,262122030.0,590266620.0
2022-01-24,4965.0,4970.0,4765.0,4790.0,180249.0,-3.5246727089627394,3079380.0,2400000.0,760833900.0,102231880.0,31871075.0,0.0,588085075.0,248589010.0,868545160.0
2022-01-25,4750.0,4825.0,4610.0,4620.0,290030.0,-3.549060542797495,3697940.0,0.0,844881480.0,508238390.0,11402395.0,0.0,989676415.0,355739000.0,1356817810.0
2022-01-26,4540.0,4665.0,4535.0,4575.0,193207.0,-0.974025974025974,10201930.0,0.0,491722680.0,388024345.0,3765435.0,693750.0,652188270.0,233301500.0,889948955.0
2022-01-27,4575.0,4715.0,4335.0,4335.0,353384.0,-5.245901639344262,1260030.0,15245250.0,1211964270.0,337009410.0,43652210.0,308350.0,1034922810.0,486595590.0,1565478960.0
2022-01-28,4335.0,4650.0,4285.0,4620.0,272213.0,6.5743944636678195,144147500.0,0.0,556997675.0,516666450.0,63779035.0,11921835.0,847747250.0,294363505.0,1217811625.0
2022-02-03,4665.0,4790.0,4630.0,4760.0,175980.0,3.0303030303030303,22574340.0,0.0,546819620.0,262019555.0,37233830.0,0.0,659178430.0,135001255.0,831413515.0
2022-02-04,4670.0,4800.0,4670.0,4800.0,133962.0,0.8403361344537815,932875.0,0.0,459888155.0,174569415.0,1116575.0,0.0,482738720.0,151535150.0,635390445.0
2022-02-07,4805.0,4895.0,4730.0,4830.0,132093.0,0.625,86332565.0,0.0,452931550.0,97744475.0,2011260.0,0.0,441353015.0,193644315.0,637008590.0
2022-02-08,4805.0,4870.0,4710.0,4725.0,135686.0,-2.1739130434782608,5524325.0,0.0,586553630.0,56647690.0,21080350.0,0.0,345471940.0,282173355.0,648725645.0
2022-02-09,4740.0,4850.0,4710.0,4815.0,104895.0,1.9047619047619049,72225.0,4810000.0,279441710.0,219998080.0,761105.0,0.0,453572150.0,49988760.0,504322015.0
2022-02-10,4870.0,4910.0,4800.0,4800.0,181121.0,-0.3115264797507788,647725.0,219234155.0,496757975.0,158294355.0,583730.0,0.0,552183225.0,322167255.0,874934210.0
2022-02-11,4895.0,5880.0,4770.0,5290.0,14570797.0,10.208333333333334,911040.0,70555700.0,79160217240.0,1492612780.0,80332630.0,24985570.0,75660902085.0,4958076475.0,80724296760.0
2022-02-14,5260.0,5420.0,5050.0,5050.0,1731694.0,-4.536862003780719,29082250.0,209000.0,8297253865.0,740334220.0,545200.0,420000.0,8040077195.0,1025836940.0,9066879335.0
2022-02-15,5000.0,5140.0,4860.0,4860.0,847470.0,-3.762376237623762,19440.0,21510250.0,3878525430.0,321361520.0,1187505.0,0.0,3598490650.0,621738485.0,4221416640.0
2022-02-16,4945.0,5100.0,4945.0,5050.0,682846.0,3.909465020576132,4545625.0,7913400.0,2626527915.0,795593940.0,3246720.0,10055490.0,3013306040.0,407972630.0,3434580880.0
2022-02-17,5060.0,5270.0,4860.0,5200.0,1023059.0,2.9702970297029703,9534590.0,0.0,4028188560.0,1215459645.0,4148490.0,0.0,4454591725.0,794442580.0,5253182795.0
2022-02-18,5150.0,5410.0,5150.0,5210.0,1206975.0,0.19230769230769232,1248210.0,0.0,5963190130.0,396679330.0,502580.0,0.0,5198037010.0,1162578080.0,6361117670.0
2022-02-21,5170.0,5350.0,5080.0,5250.0,629243.0,0.7677543186180422,59311790.0,21972020.0,2641636170.0,580079370.0,2583000.0,9432000.0,2510096900.0,780887450.0,3302999350.0
2022-02-22,5110.0,5220.0,5030.0,5050.0,456829.0,-3.8095238095238098,176800.0,5070.0,2037191770.0,289940310.0,486510.0,20916010.0,1833157890.0,472753540.0,2327313950.0
2022-02-23,5080.0,5110.0,4980.0,5020.0,273367.0,-0.594059405940594,150600.0,0.0,1171878540.0,201150810.0,472590.0,152330.0,1135483780.0,237071250.0,1373179950.0
2022-02-24,4950.0,5080.0,4920.0,4960.0,384263.0,-1.1952191235059761,302505.0,16672130.0,1115006875.0,780227330.0,859890.0,0.0,1447192715.0,464156235.0,1912208840.0
2022-02-25,5030.0,5040.0,4970.0,4990.0,215554.0,0.6048387096774194,254480.0,2697350.0,943376680.0,131735305.0,903775.0,120240.0,796870075.0,280169725.0,1078063815.0
2022-02-28,4970.0,5040.0,4930.0,4990.0,239207.0,0.0,75573305.0,4945070.0,981397160.0,130241790.0,100598685.0,0.0,934110590.0,157448050.0,1192157325.0
2022-03-02,4955.0,5100.0,4915.0,5090.0,188050.0,2.004008016032064,9955780.0,129410.0,619257055.0,318218100.0,1927980.0,228450.0,824822250.0,120581665.0,947560345.0
2022-03-03,5140.0,5140.0,5060.0,5120.0,222838.0,0.5893909626719057,7733430.0,1433100.0,988260800.0,139773830.0,137808660.0,1401140.0,774830690.0,223160670.0,1137201160.0
2022-03-04,5080.0,5340.0,5070.0,5250.0,565517.0,2.5390625,44469580.0,523000.0,2632401290.0,260782790.0,7803810.0,2576950.0,2276169030.0,651626870.0,2938176660.0
2022-03-07,5250.0,5480.0,5200.0,5200.0,991354.0,-0.9523809523809524,4439610.0,0.0,4591972760.0,685767060.0,8003420.0,589410.0,3924698970.0,1348887630.0,5282179430.0
2022-03-08,5100.0,5200.0,4985.0,5000.0,472194.0,-3.8461538461538463,892065.0,8480310.0,2169684250.0,208706710.0,880000.0,4990000.0,1704123385.0,677769950.0,2387763335.0
2022-03-10,5110.0,5170.0,5020.0,5120.0,275344.0,2.4,11033650.0,13260000.0,834718390.0,547051340.0,23358430.0,6771300.0,1234105040.0,141828610.0,1406063380.0
2022-03-11,5100.0,5270.0,5100.0,5220.0,343404.0,1.953125,525740.0,9775050.0,1106557520.0,671103950.0,647280.0,1665200.0,1664792320.0,120857460.0,1787962260.0
2022-03-14,5220.0,5250.0,5130.0,5150.0,203923.0,-1.3409961685823755,949590.0,515000.0,871160810.0,181765110.0,7163570.0,0.0,781620340.0,265606600.0,1054390510.0
2022-03-15,5100.0,5140.0,5010.0,5040.0,238033.0,-2.1359223300970873,2530700.0,2525000.0,1082760520.0,116207010.0,32468990.0,0.0,740336320.0,431217920.0,1204023230.0
2022-03-16,5090.0,5130.0,5040.0,5120.0,188360.0,1.5873015873015872,212410.0,1020000.0,623439630.0,332260470.0,9812110.0,0.0,826173310.0,120947090.0,956932510.0
2022-03-17,5160.0,5370.0,5160.0,5350.0,866508.0,4.4921875,34149860.0,4272000.0,2930113870.0,1621267710.0,8782060.0,95580.0,4001603700.0,579322100.0,4589803440.0
2022-03-18,5410.0,5500.0,5330.0,5340.0,1180255.0,-0.1869158878504673,224420.0,0.0,5541200850.0,841391490.0,468330.0,7766210.0,4743012830.0,1631569390.0,6382816760.0
2022-03-21,5370.0,5490.0,5310.0,5440.0,480379.0,1.8726591760299627,288360.0,0.0,2028718410.0,570730190.0,5757750.0,18630120.0,2372089580.0,203259510.0,2599736960.0
2022-03-22,5440.0,5460.0,5360.0,5400.0,345829.0,-0.7352941176470588,438870.0,1077210.0,1623780060.0,238153050.0,2683710.0,0.0,1552393290.0,308372190.0,1863449190.0
2022-03-23,5400.0,5420.0,5290.0,5360.0,396134.0,-0.7407407407407408,734320.0,0.0,1856709710.0,253961450.0,1478560.0,0.0,1526500660.0,583426260.0,2111405480.0
2022-03-24,5320.0,5350.0,5270.0,5350.0,181324.0,-0.18656716417910446,14838850.0,533000.0,755762760.0,191592260.0,4040860.0,0.0,852615050.0,106070960.0,962726870.0
2022-03-25,5370.0,5480.0,5360.0,5410.0,435351.0,1.1214953271028036,5539280.0,0.0,1950790900.0,405810580.0,384370.0,8709440.0,2115764720.0,237282230.0,2362140760.0
2022-03-28,5420.0,5450.0,5260.0,5350.0,262338.0,-1.1090573012939002,56459070.0,2129000.0,1223595780.0,114499240.0,8144210.0,0.0,1090784740.0,297754140.0,1396683090.0
2022-03-29,5320.0,5390.0,5300.0,5370.0,205974.0,0.3738317757009346,8080920.0,0.0,897660710.0,195704950.0,1760990.0,0.0,975032270.0,124653320.0,1101446580.0
2022-03-30,5380.0,5410.0,5340.0,5370.0,221186.0,0.0,424230.0,4844520.0,935714530.0,248517860.0,6958010.0,0.0,1044263830.0,138279300.0,1189501140.0
2022-03-31,5370.0,5400.0,5340.0,5380.0,192496.0,0.186219739292365,16110120.0,5350.0,798139190.0,218210660.0,18932320.0,0.0,963114700.0,50418300.0,1032465320.0
2022-04-01,5330.0,5360.0,5290.0,5340.0,196966.0,-0.7434944237918215,30961030.0,55650000.0,825450700.0,133612480.0,9217800.0,6890540.0,830920010.0,198645860.0,1045674210.0
2022-04-04,5340.0,5460.0,5310.0,5440.0,282021.0,1.8726591760299627,75209820.0,1154600.0,1018640210.0,431258170.0,945830.0,0.0,1442642400.0,82674570.0,1526262800.0
2022-04-05,5460.0,5560.0,5420.0,5450.0,481324.0,0.1838235294117647,4944260.0,0.0,2078948090.0,554357650.0,230160.0,0.0,2159220460.0,478799380.0,2638250000.0
2022-04-06,5430.0,5430.0,5320.0,5350.0,259613.0,-1.834862385321101,21855550.0,8015000.0,1287432200.0,75803200.0,1542420.0,0.0,962725160.0,428838370.0,1393105950.0
2022-04-07,5300.0,5330.0,5200.0,5230.0,253243.0,-2.2429906542056073,36876950.0,5210000.0,1225030130.0,57735380.0,308470.0,0.0,935897460.0,388646530.0,1324852460.0
2022-04-08,5230.0,5260.0,5150.0,5200.0,115429.0,-0.5736137667304015,13206580.0,6064040.0,485753920.0,95231330.0,769650.0,0.0,513922870.0,85563350.0,600255870.0
2022-04-11,5210.0,5250.0,5150.0,5210.0,104652.0,0.19230769230769232,6456890.0,0.0,450515440.0,87073680.0,0.0,0.0,434543230.0,109502780.0,544046010.0
2022-04-12,5190.0,5220.0,5130.0,5170.0,127945.0,-0.7677543186180422,1411020.0,72370.0,580901500.0,80963010.0,1273880.0,5170.0,604764280.0,57304570.0,663347900.0
2022-04-13,5460.0,6720.0,5450.0,6720.0,18642278.0,29.980657640232106,400563900.0,1065679050.0,111805575150.0,2326062820.0,2283190.0,645587390.0,111501216630.0,3448793710.0,115597880920.0
2022-04-14,7380.0,7690.0,6880.0,7050.0,25007790.0,4.910714285714286,209327480.0,49771660.0,179394823170.0,2191855030.0,439411380.0,572746520.0,176474784310.0,4358835130.0,181845777340.0
2022-04-15,7000.0,7110.0,6940.0,7060.0,4682520.0,0.14184397163120568,166156280.0,26486220.0,30741657820.0,2020204520.0,209729780.0,22010080.0,31496537400.0,1226227580.0,32954504840.0
2022-04-18,6910.0,6980.0,6750.0,6930.0,2466732.0,-1.8413597733711047,50236510.0,956700.0,16411215650.0,497874220.0,463190.0,24993120.0,16197261840.0,737564930.0,16960283080.0
2022-04-19,6860.0,7010.0,6720.0,6920.0,3175966.0,-0.1443001443001443,9123520.0,42416910.0,20705936500.0,1012653780.0,242200.0,4404940.0,20236058970.0,1529424600.0,21770130710.0
2022-04-20,6910.0,7100.0,6860.0,7090.0,4917683.0,2.4566473988439306,8324690.0,5816200.0,32681119250.0,1776984170.0,2470430.0,41183580.0,32027135900.0,2401454400.0,34472244310.0
2022-04-21,7270.0,7400.0,6730.0,6770.0,8421753.0,-4.513399153737659,1826840.0,68650590.0,56221298450.0,3221809450.0,9656420.0,48436950.0,55248431410.0,4207060550.0,59513585330.0
2022-04-22,6660.0,6740.0,6560.0,6620.0,1391581.0,-2.2156573116691285,1361200.0,16090860.0,8333214170.0,853393750.0,9044410.0,5489730.0,8427107520.0,762418320.0,9204059980.0
2022-04-25,6430.0,6540.0,6330.0,6330.0,1539974.0,-4.380664652567976,32760190.0,3289540.0,9011436660.0,830772360.0,35428490.0,0.0,9246145590.0,596684670.0,9878258750.0
2022-04-26,6390.0,6920.0,6360.0,6440.0,4844324.0,1.7377567140600316,19573660.0,50001000.0,30517628290.0,1590298790.0,265510.0,2723420.0,30267694730.0,1906818080.0,32177501740.0
2022-04-27,6240.0,6340.0,6190.0,6270.0,869324.0,-2.639751552795031,4317060.0,12470.0,4828023370.0,607552630.0,40333720.0,86865190.0,5074164340.0,238542280.0,5439905530.0
2022-04-28,6270.0,6520.0,6200.0,6480.0,1274684.0,3.349282296650718,4018570.0,24661760.0,7638849640.0,480557410.0,4545370.0,7217800.0,7389693380.0,746630830.0,8148087380.0
2022-04-29,6400.0,6560.0,6370.0,6450.0,872884.0,-0.4629629629629629,82232070.0,28308710.0,5183406500.0,341337610.0,102951100.0,12674850.0,4950825150.0,568833790.0,5635284890.0
2022-05-02,6270.0,6480.0,6270.0,6410.0,547613.0,-0.6201550387596899,9857790.0,10421220.0,3127602470.0,355511150.0,83832540.0,10344880.0,3255173220.0,154041990.0,3503392630.0
2022-05-03,6450.0,6660.0,6420.0,6430.0,1137977.0,0.31201248049922,1128700.0,7528450.0,6947150200.0,482669040.0,566620.0,11261130.0,6574791810.0,851856830.0,7438476390.0
2022-05-04,6410.0,6900.0,6300.0,6650.0,4986352.0,3.421461897356143,976690.0,12067440.0,31150819640.0,2310672120.0,2811910.0,32338650.0,31742480900.0,1696904430.0,33474535890.0
2022-05-06,6460.0,6480.0,6350.0,6350.0,939835.0,-4.511278195488721,965470.0,9620000.0,5493801950.0,513001660.0,855540.0,1554280.0,5427247010.0,587732250.0,6017389080.0
2022-05-09,6280.0,6290.0,5870.0,5880.0,1110569.0,-7.4015748031496065,2625320.0,15135400.0,6035500800.0,620150820.0,123480.0,3642000.0,5958086180.0,711560680.0,6673412340.0
2022-05-10,5720.0,5940.0,5570.0,5900.0,666228.0,0.3401360544217687,6969820.0,20464060.0,3363702330.0,451141080.0,3504510.0,171000.0,2996707030.0,841894750.0,3842277290.0
2022-05-11,5900.0,5940.0,5830.0,5830.0,269584.0,-1.1864406779661016,40830.0,4999040.0,1423114440.0,154193300.0,99210.0,17649000.0,1443209100.0,121390300.0,1582347610.0
2022-05-12,5790.0,6010.0,5690.0,5800.0,536446.0,-0.5145797598627788,50841370.0,168955040.0,2529160150.0,390132410.0,2737940.0,0.0,2711446570.0,424904460.0,3139088970.0
2022-05-13,5800.0,6030.0,5790.0,5900.0,544600.0,1.7241379310344827,48747530.0,4556510.0,2887847910.0,284087830.0,53212540.0,4605480.0,2876627630.0,290794130.0,3225239780.0
2022-05-16,5940.0,6180.0,5920.0,5930.0,712686.0,0.5084745762711864,21734880.0,2981000.0,3805562430.0,460462450.0,103002480.0,0.0,3676388380.0,511349900.0,4290740760.0
2022-05-17,5940.0,6700.0,5940.0,6070.0,6349845.0,2.360876897133221,29335610.0,113978640.0,37412288010.0,3130342810.0,51288620.0,331108860.0,36999044050.0,3304503540.0,40685945070.0
2022-05-18,6150.0,7020.0,6070.0,6500.0,17742838.0,7.0840197693574956,134856580.0,71038970.0,108837489720.0,9664401170.0,87724070.0,40936110.0,109975758900.0,8603367360.0,118707786440.0
2022-05-19,6320.0,6440.0,6260.0,6320.0,1758516.0,-2.769230769230769,8394510.0,3283820.0,10502431470.0,648732990.0,353920.0,56688570.0,9891580180.0,1214220120.0,11162842790.0
2022-05-20,6300.0,6670.0,6280.0,6420.0,3364603.0,1.5822784810126582,63129570.0,6417140.0,19392894760.0,2511667990.0,347360.0,102037500.0,19953621190.0,1918103410.0,21974109460.0
2022-05-23,6420.0,6650.0,6320.0,6610.0,1603480.0,2.959501557632399,19140.0,9629630.0,9607480440.0,830383950.0,5069080.0,3256550.0,9445283040.0,993904490.0,10447513160.0
2022-05-24,6600.0,6660.0,6350.0,6350.0,886968.0,-3.9334341906202726,7355210.0,0.0,5334690350.0,426616520.0,32562370.0,0.0,5062453630.0,673646080.0,5768662080.0
2022-05-25,6330.0,6440.0,6220.0,6220.0,663722.0,-2.047244094488189,487270.0,6330000.0,3576478950.0,606980710.0,905100.0,0.0,3483428290.0,705943540.0,4190276930.0
2022-05-26,6200.0,6650.0,6190.0,6270.0,1956977.0,0.8038585209003215,1819100.0,3386500.0,11684880660.0,926013280.0,281030.0,3407170.0,11303638230.0,1308773110.0,12616099540.0
2022-05-27,6310.0,6390.0,6150.0,6170.0,554058.0,-1.5948963317384368,161200.0,0.0,3124046610.0,339226220.0,1621450.0,0.0,3232418500.0,229394080.0,3463434030.0
2022-05-30,6210.0,6330.0,6210.0,6270.0,452819.0,1.6207455429497568,4658260.0,0.0,2441297420.0,396381710.0,42666130.0,0.0,2477106740.0,322564520.0,2842337390.0
2022-05-31,6260.0,6480.0,6250.0,6310.0,738062.0,0.6379585326953748,67026250.0,0.0,4161968940.0,465724420.0,34538380.0,0.0,4015215420.0,644965810.0,4694719610.0
2022-06-02,6350.0,6580.0,6350.0,6510.0,1116541.0,3.1695721077654517,42780660.0,6450.0,5968354850.0,1212965850.0,291720.0,0.0,6420480580.0,803335510.0,7224107810.0
2022-06-03,6510.0,6520.0,6390.0,6400.0,428586.0,-1.6897081413210446,1544800.0,0.0,2612001260.0,145578150.0,1792030.0,0.0,2562585880.0,194746300.0,2759124210.0
2022-06-07,6370.0,6450.0,6300.0,6300.0,328908.0,-1.5625,372460.0,0.0,1662027090.0,433716640.0,6521250.0,0.0,2018326130.0,71268810.0,2096116190.0
2022-06-08,6510.0,6640.0,6400.0,6520.0,1713395.0,3.492063492063492,425950.0,6510000.0,9504371120.0,1675210600.0,567390.0,6450000.0,10221086270.0,958414010.0,11186517670.0
2022-06-09,6480.0,6780.0,6460.0,6670.0,2290473.0,2.3006134969325154,143593580.0,57704630.0,13388066780.0,1635662260.0,4061900.0,18342740.0,14030930580.0,1171692030.0,15225027250.0
2022-06-10,6560.0,6750.0,6490.0,6570.0,1090946.0,-1.4992503748125936,119325620.0,5022600.0,6515801200.0,567716950.0,100302170.0,38812480.0,6482220410.0,586531310.0,7207866370.0
2022-06-13,6380.0,6450.0,6030.0,6040.0,826713.0,-8.06697108066971,309300.0,6820000.0,4751226790.0,364238000.0,116168030.0,4686340.0,4352502170.0,649237550.0,5122594090.0
2022-06-14,5830.0,6010.0,5800.0,5990.0,628785.0,-0.8278145695364238,203203600.0,0.0,2989907610.0,513958750.0,24140770.0,0.0,3290003780.0,392925410.0,3707069960.0
2022-06-15,5900.0,5990.0,5560.0,5700.0,669367.0,-4.841402337228715,156100590.0,17100000.0,3307153990.0,350681450.0,2182600.0,17097330.0,3198485930.0,613270170.0,3831036030.0
2022-06-16,5780.0,5900.0,5610.0,5640.0,495305.0,-1.0526315789473684,49858770.0,0.0,2318301160.0,484486980.0,10902280.0,0.0,2607354260.0,234390370.0,2852646910.0
2022-06-17,5400.0,5640.0,5400.0,5570.0,479717.0,-1.2411347517730498,61607590.0,8915510.0,1757611290.0,813256020.0,182298200.0,5610.0,1808444900.0,650641700.0,2641390410.0
2022-06-20,5580.0,5610.0,5110.0,5220.0,567419.0,-6.283662477558348,15769770.0,12225340.0,2350685380.0,641547050.0,65059760.0,0.0,2475778670.0,479389110.0,3020227540.0
2022-06-21,5230.0,5360.0,5160.0,5300.0,293731.0,1.532567049808429,12001690.0,0.0,1021057630.0,520469750.0,504640.0,0.0,1270269610.0,282754820.0,1553529070.0
2022-06-22,5300.0,5370.0,4995.0,4995.0,471452.0,-5.754716981132075,47524225.0,10000000.0,1817071860.0,543821185.0,1599575.0,0.0,2101128640.0,315689055.0,2418417270.0
2022-06-23,4990.0,5050.0,4700.0,4745.0,534270.0,-5.005005005005005,2520390.0,14167660.0,1774828305.0,798130745.0,2494690.0,0.0,2031240040.0,555912370.0,2589647100.0
2022-06-24,4750.0,5050.0,4750.0,5030.0,425326.0,6.006322444678609,977200.0,2380010.0,1212082830.0,871841620.0,1217520.0,2405000.0,1924849910.0,158809230.0,2087281660.0
2022-06-27,5800.0,6080.0,5470.0,5560.0,5123878.0,10.536779324055665,909390.0,5993300.0,28348984870.0,1339760220.0,60547270.0,41331040.0,26667873600.0,2925895870.0,29695647780.0
2022-06-28,5510.0,5770.0,5510.0,5580.0,1447350.0,0.3597122302158274,320540.0,0.0,7419494960.0,765816420.0,17006970.0,0.0,7390283530.0,778341420.0,8185631920.0
2022-06-29,5540.0,5930.0,5420.0,5600.0,2674444.0,0.35842293906810035,510970.0,5708700.0,14435846880.0,889692320.0,107320.0,0.0,14189922810.0,1141728740.0,15331758870.0
2022-06-30,5560.0,5700.0,5440.0,5440.0,537280.0,-2.857142857142857,46167330.0,0.0,2654728840.0,286885510.0,119846540.0,0.0,2584834280.0,283100860.0,2987781680.0
2022-07-01,5480.0,5530.0,5130.0,5150.0,526254.0,-5.330882352941177,1111560.0,0.0,2289781080.0,487037720.0,537110.0,26350.0,2377983850.0,399383050.0,2777930360.0
2022-07-04,5170.0,5260.0,5050.0,5150.0,383639.0,0.0,1363170.0,0.0,1460241120.0,508888200.0,394470.0,0.0,1686453440.0,283644580.0,1970492490.0
2022-07-05,5210.0,5330.0,5170.0,5250.0,380735.0,1.9417475728155338,1757390.0,0.0,1649783270.0,350877930.0,0.0,0.0,1704792130.0,297626460.0,2002418590.0
2022-07-06,5190.0,5580.0,5170.0,5280.0,850914.0,0.5714285714285714,360390.0,0.0,3915843840.0,660535290.0,0.0,0.0,3811656060.0,765083460.0,4576739520.0
2022-07-07,5290.0,5410.0,5280.0,5360.0,295824.0,1.5151515151515151,1371200.0,0.0,1318923700.0,259891310.0,6793540.0,0.0,1437237740.0,136154930.0,1580186210.0
2022-07-08,5420.0,5800.0,5400.0,5610.0,1831244.0,4.664179104477612,50030.0,35073440.0,9062787690.0,1232812120.0,2359030.0,557000.0,9445363530.0,882443720.0,10330723280.0
2022-07-11,5610.0,5640.0,5480.0,5520.0,378764.0,-1.6042780748663104,4383150.0,0.0,1824348970.0,273150920.0,40681770.0,34151560.0,1629456810.0,397592900.0,2101883040.0
2022-07-12,5450.0,5480.0,5340.0,5350.0,289302.0,-3.0797101449275366,1136340.0,53600.0,1346446950.0,210621190.0,385200.0,0.0,1408901610.0,148971270.0,1558258080.0
2022-07-13,5340.0,5480.0,5320.0,5410.0,200077.0,1.1214953271028036,281140.0,0.0,793535320.0,291450380.0,1079600.0,0.0,963658830.0,120528410.0,1085266840.0
2022-07-14,5410.0,5660.0,5410.0,5440.0,420340.0,0.5545286506469501,2392680.0,5510000.0,2044049310.0,273133100.0,1490550.0,5490000.0,2012068090.0,306036450.0,2325085090.0
2022-07-15,5570.0,5720.0,5410.0,5640.0,986409.0,3.6764705882352944,132351900.0,23463560.0,4398633000.0,996658490.0,12199710.0,56400.0,4975823720.0,563027120.0,5551106950.0
2022-07-18,5670.0,5710.0,5600.0,5640.0,319150.0,0.0,1398780.0,0.0,1620863420.0,178258500.0,71567050.0,22812680.0,1377090040.0,329050930.0,1800520700.0
2022-07-19,5570.0,5670.0,5560.0,5660.0,229050.0,0.3546099290780142,2641230.0,0.0,1083726410.0,200624240.0,11505360.0,0.0,1183189890.0,92296630.0,1286991880.0
2022-07-20,5730.0,5800.0,5630.0,5670.0,458882.0,0.17667844522968199,11119540.0,2855500.0,2377688820.0,225775980.0,26608550.0,2283000.0,2387921060.0,200627230.0,2617439840.0
2022-07-21,5700.0,5790.0,5670.0,5770.0,407469.0,1.763668430335097,3211120.0,8062500.0,1340457690.0,987188520.0,2826460.0,5735000.0,2218912860.0,111445510.0,2338919830.0
2022-07-22,5830.0,5830.0,5590.0,5620.0,288429.0,-2.5996533795493932,607260.0,5103000.0,1423079900.0,211999700.0,7266600.0,6239200.0,1424047340.0,203236720.0,1640789860.0
2022-07-25,5600.0,5650.0,5540.0,5570.0,141017.0,-0.8896797153024912,3527760.0,0.0,610362580.0,173730990.0,8331770.0,0.0,696100050.0,83189510.0,787621330.0
2022-07-26,5600.0,5700.0,5530.0,5680.0,395293.0,1.9748653500897666,645510.0,1984500.0,1484755010.0,729016450.0,50574260.0,849000.0,1990300880.0,174677330.0,2216401470.0
2022-07-27,5690.0,5770.0,5630.0,5770.0,363471.0,1.584507042253521,6991460.0,9981170.0,1317120950.0,742090740.0,0.0,5742500.0,1877506430.0,192935390.0,2076184320.0
2022-07-28,5830.0,5830.0,5680.0,5730.0,316498.0,-0.6932409012131715,32292130.0,4374880.0,1715403550.0,63137820.0,7232490.0,0.0,1183577970.0,624397920.0,1815208380.0
2022-07-29,5740.0,5750.0,5680.0,5700.0,179212.0,-0.5235602094240838,20775910.0,5720.0,884862740.0,117798620.0,45651840.0,0.0,919897770.0,57893380.0,1023442990.0
2022-08-01,5750.0,5760.0,5620.0,5640.0,316595.0,-1.0526315789473684,5412920.0,0.0,1691158880.0,100245880.0,35025390.0,582155100.0,1059448230.0,120188960.0,1796817680.0
2022-08-02,5620.0,5640.0,5450.0,5450.0,363219.0,-3.368794326241135,3853490.0,0.0,1839540600.0,163338150.0,7468160.0,298789820.0,1364987020.0,335487240.0,2006732240.0
2022-08-03,5500.0,5570.0,5470.0,5520.0,259212.0,1.2844036697247707,2205760.0,0.0,1019688960.0,408138250.0,9107440.0,547203420.0,714394220.0,159327890.0,1430032970.0
2022-08-04,5550.0,5660.0,5520.0,5560.0,471252.0,0.7246376811594203,426330.0,6993580.0,1974579770.0,646731930.0,66519760.0,980934060.0,1162409020.0,418868770.0,2628731610.0
2022-08-05,5580.0,5660.0,5560.0,5590.0,519097.0,0.539568345323741,12085120.0,1534400.0,2001711850.0,891052520.0,10744940.0,1168459290.0,1625010720.0,102168940.0,2906383890.0
2022-08-08,5770.0,5930.0,5620.0,5620.0,3718315.0,0.5366726296958855,0.0,37513060.0,20122859090.0,1318612990.0,15457950.0,5147578300.0,14164806220.0,2151142670.0,21478985140.0
2022-08-09,5670.0,5690.0,5510.0,5530.0,875498.0,-1.601423487544484,70083100.0,16920660.0,4545131520.0,258334500.0,71153800.0,891665750.0,3220283550.0,707366680.0,4890469780.0
2022-08-10,5540.0,5540.0,5410.0,5410.0,429394.0,-2.1699819168173597,6665690.0,0.0,2200480410.0,134486260.0,22299700.0,24093690.0,2180121590.0,115117380.0,2341632360.0
2022-08-11,5480.0,5650.0,5460.0,5500.0,507422.0,1.6635859519408502,1217800.0,5480000.0,2501699060.0,291833600.0,7803570.0,229789640.0,2170112960.0,392524290.0,2800230460.0
2022-08-12,5520.0,5590.0,5460.0,5480.0,445693.0,-0.36363636363636365,1398020.0,0.0,2215764630.0,238486640.0,5506340.0,777112130.0,1532842410.0,140188410.0,2455649290.0
2022-08-16,5520.0,5520.0,5470.0,5480.0,243278.0,0.0,14034110.0,0.0,1146988880.0,174844010.0,11062790.0,129501270.0,1094641140.0,100661800.0,1335867000.0
2022-08-17,5480.0,5510.0,5400.0,5400.0,282052.0,-1.4598540145985401,2634340.0,0.0,1400676520.0,130521860.0,12667320.0,66775590.0,1275776020.0,178613790.0,1533832720.0
2022-08-18,5400.0,5400.0,5280.0,5300.0,270533.0,-1.8518518518518516,47820.0,16229600.0,1385311940.0,35970120.0,17078980.0,0.0,1338955090.0,81525410.0,1437559480.0
2022-08-19,5250.0,5300.0,5200.0,5220.0,307143.0,-1.509433962264151,10351950.0,5260.0,1504000120.0,93685030.0,14764760.0,0.0,1372217380.0,221060220.0,1608042360.0
2022-08-22,5160.0,5280.0,5090.0,5090.0,242581.0,-2.490421455938697,3360010.0,15330000.0,1131767050.0,98577940.0,28450200.0,0.0,1126947490.0,93637310.0,1249035000.0
2022-08-23,5010.0,5150.0,4990.0,5030.0,202917.0,-1.1787819253438114,32860440.0,0.0,882312240.0,111808900.0,5044310.0,0.0,834485795.0,187451475.0,1026981580.0
2022-08-24,5100.0,5200.0,5050.0,5130.0,216829.0,1.9880715705765408,932980.0,0.0,973276570.0,137762770.0,109928850.0,0.0,923286240.0,78757230.0,1111972320.0
2022-08-25,5180.0,5260.0,5140.0,5250.0,147515.0,2.3391812865497075,819330.0,525000.0,709991260.0,58198410.0,7885650.0,0.0,701756380.0,59891970.0,769534000.0
2022-08-26,5250.0,5310.0,5180.0,5180.0,209092.0,-1.3333333333333335,1011860.0,0.0,995946430.0,97703990.0,3291860.0,0.0,1034860410.0,56510010.0,1094662280.0
2022-08-29,5080.0,5080.0,4990.0,4995.0,311797.0,-3.571428571428571,1244870.0,0.0,1489275580.0,72814765.0,3185395.0,0.0,1429391860.0,130757960.0,1563335215.0
2022-08-30,5030.0,5110.0,5020.0,5070.0,146365.0,1.5015015015015014,90920.0,0.0,579555340.0,161254900.0,11846790.0,0.0,694435140.0,34619230.0,740901160.0
2022-08-31,5100.0,5170.0,5050.0,5140.0,135975.0,1.3806706114398422,30005130.0,0.0,506653670.0,159340230.0,17640350.0,101200.0,623433280.0,54824200.0,695999030.0
2022-09-01,5130.0,5140.0,5030.0,5040.0,186505.0,-1.9455252918287937,96360.0,0.0,865965470.0,82548250.0,10793730.0,0.0,773791620.0,164024730.0,948610080.0
2022-09-02,5040.0,5080.0,4975.0,4980.0,173140.0,-1.1904761904761905,657555.0,0.0,723904425.0,143880985.0,718485.0,0.0,714892110.0,152832370.0,868442965.0
2022-09-05,4940.0,5080.0,4940.0,4975.0,205909.0,-0.1004016064257028,984865.0,1584460.0,832881945.0,191466775.0,139300.0,4977830.0,896622990.0,125177925.0,1026918045.0
2022-09-06,4945.0,5050.0,4945.0,5000.0,99067.0,0.5025125628140703,1839885.0,0.0,383675995.0,109699805.0,50000.0,0.0,435303145.0,59862540.0,495215685.0
2022-09-07,4970.0,4995.0,4840.0,4855.0,207296.0,-2.9000000000000004,2515500.0,14550000.0,976758940.0,18968415.0,398795.0,0.0,867832040.0,144562020.0,1012792855.0
2022-09-08,4885.0,4920.0,4840.0,4840.0,151467.0,-0.30895983522142123,79526980.0,998760.0,566667100.0,89797165.0,22748170.0,991170.0,623159625.0,90091040.0,736990005.0
2022-09-13,5050.0,5220.0,4990.0,5070.0,626965.0,4.75206611570248,3000890.0,3847580.0,2765720270.0,418561070.0,989090.0,10118380.0,2608327625.0,571694715.0,3191129810.0
2022-09-14,4945.0,5040.0,4865.0,5000.0,224750.0,-1.3806706114398422,23455950.0,1557815.0,993833605.0,98667135.0,3716590.0,0.0,970051915.0,143746000.0,1117514505.0
2022-09-15,5020.0,5330.0,5020.0,5210.0,998279.0,4.2,836780.0,873500.0,4562003960.0,646665800.0,166720.0,10881820.0,4649454790.0,549876710.0,5210380040.0
2022-09-16,5270.0,5400.0,5150.0,5200.0,1283071.0,-0.19193857965451055,881280.0,10620000.0,6352065660.0,442052950.0,26000.0,0.0,6210780010.0,594813880.0,6805619890.0
2022-09-19,5160.0,5240.0,4965.0,4990.0,342007.0,-4.038461538461538,7656450.0,0.0,1552140035.0,178328235.0,20173290.0,0.0,1491911025.0,226040405.0,1738124720.0
2022-09-20,5000.0,5420.0,5000.0,5150.0,909074.0,3.2064128256513023,9766780.0,0.0,4087815300.0,639725160.0,669500.0,0.0,4219586020.0,517051720.0,4737307240.0
2022-09-21,5090.0,5180.0,5000.0,5030.0,295680.0,-2.3300970873786406,0.0,0.0,1216016180.0,280333640.0,14973160.0,0.0,1369800170.0,111576490.0,1496349820.0
2022-09-22,4985.0,5020.0,4880.0,5020.0,428364.0,-0.19880715705765406,8358195.0,0.0,1960939975.0,147679560.0,4929640.0,999000.0,1843100340.0,267948750.0,2116977730.0
2022-09-23,5000.0,5010.0,4870.0,4870.0,264860.0,-2.9880478087649402,775195.0,0.0,1193728510.0,110188075.0,1205205.0,0.0,1130185980.0,173300595.0,1304691780.0
2022-09-26,4720.0,4835.0,4475.0,4525.0,523678.0,-7.084188911704311,11445560.0,4660.0,2075754930.0,335129000.0,2008880.0,831600.0,2218299315.0,201194355.0,2422334150.0
2022-09-27,4435.0,4600.0,4355.0,4480.0,328745.0,-0.9944751381215469,918615.0,0.0,1204019470.0,260016530.0,103040.0,0.0,1191974420.0,272877155.0,1464954615.0
2022-09-28,4465.0,4510.0,4190.0,4215.0,409092.0,-5.915178571428571,3355685.0,12600000.0,1397095925.0,343686165.0,18165675.0,0.0,1352160220.0,386411880.0,1756737775.0
2022-09-29,4280.0,4405.0,4210.0,4210.0,321519.0,-0.11862396204033215,11468950.0,59994450.0,872035770.0,445008045.0,218920.0,0.0,1123263825.0,265024470.0,1388507215.0
2022-09-30,4150.0,4245.0,4100.0,4190.0,200713.0,-0.4750593824228029,70284035.0,4210975.0,575520225.0,186189975.0,52932085.0,0.0,636044960.0,147228165.0,836205210.0
2022-10-04,4375.0,4470.0,4230.0,4400.0,271190.0,5.011933174224343,3525330.0,0.0,839559095.0,342512025.0,9213545.0,0.0,1093824095.0,82558810.0,1185596450.0
2022-10-05,4420.0,4500.0,4295.0,4370.0,208703.0,-0.6818181818181818,44225020.0,0.0,732897535.0,133231760.0,104880.0,0.0,528415180.0,381834255.0,910354315.0
2022-10-06,4370.0,4465.0,4370.0,4440.0,139925.0,1.6018306636155606,4477420.0,0.0,503677140.0,112051850.0,7036070.0,0.0,563481475.0,49688865.0,620206410.0
2022-10-07,4425.0,4495.0,4380.0,4390.0,147763.0,-1.1261261261261262,4241030.0,0.0,480521435.0,168852720.0,513820.0,1332500.0,490700565.0,161068300.0,653615185.0
2022-10-11,4355.0,4380.0,4200.0,4220.0,235907.0,-3.8724373576309796,928040.0,0.0,894359775.0,111947630.0,1311435.0,0.0,751776885.0,254147125.0,1007235445.0
2022-10-12,4220.0,4265.0,4160.0,4205.0,165178.0,-0.35545023696682465,1338230.0,0.0,586558185.0,105946370.0,9319635.0,4200.0,564039250.0,120479700.0,693842785.0
2022-10-13,4165.0,4205.0,4075.0,4080.0,197926.0,-2.972651605231867,501495.0,8237440.0,698979000.0,109324800.0,2231760.0,0.0,709712695.0,105098280.0,817042735.0
2022-10-14,4135.0,4250.0,4085.0,4240.0,220197.0,3.9215686274509802,20985310.0,0.0,586256300.0,317848290.0,7720585.0,0.0,878292755.0,39076560.0,925089900.0
2022-10-17,4115.0,4300.0,4110.0,4300.0,132382.0,1.4150943396226416,514215.0,0.0,466029975.0,90887950.0,7364980.0,0.0,468950585.0,81116575.0,557432140.0
2022-10-18,4340.0,4370.0,4290.0,4345.0,215207.0,1.0465116279069768,311695.0,0.0,668458885.0,261988710.0,95455.0,0.0,859371625.0,71292210.0,930759290.0
2022-10-19,4355.0,4450.0,4290.0,4315.0,204160.0,-0.6904487917146145,1471000.0,0.0,658481135.0,234117085.0,34895.0,0.0,733510620.0,160523705.0,894069220.0
2022-10-20,4315.0,4400.0,4280.0,4390.0,159116.0,1.738122827346466,3899010.0,0.0,337369785.0,350347655.0,0.0,0.0,518312125.0,173304325.0,691616450.0
2022-10-21,4390.0,4580.0,4390.0,4410.0,345051.0,0.45558086560364464,10308775.0,0.0,1183843040.0,351244685.0,0.0,886000.0,1228077745.0,316432755.0,1545396500.0
2022-10-24,4450.0,4530.0,4430.0,4485.0,206638.0,1.7006802721088436,52696395.0,8965.0,638166365.0,235904915.0,9330210.0,0.0,730944655.0,186501775.0,926776640.0
2022-10-25,4485.0,4495.0,4365.0,4385.0,178654.0,-2.229654403567447,838495.0,0.0,704930215.0,85083905.0,1069940.0,0.0,688696940.0,101085735.0,790852615.0
2022-10-26,4385.0,4460.0,4375.0,4420.0,162288.0,0.798175598631699,4624895.0,8815.0,424973860.0,287958035.0,14126870.0,0.0,587426780.0,116011955.0,717565605.0
2022-10-27,4450.0,4665.0,4420.0,4580.0,331192.0,3.619909502262444,1317865.0,0.0,902968725.0,613215755.0,3326900.0,0.0,1446068795.0,68106650.0,1517502345.0
2022-10-28,4580.0,4595.0,4465.0,4520.0,141904.0,-1.3100436681222707,468020.0,4545.0,578052040.0,63830340.0,4596045.0,0.0,516873445.0,120885455.0,642354945.0
2022-10-31,4530.0,4560.0,4500.0,4545.0,123789.0,0.5530973451327433,56343725.0,0.0,318339250.0,186530390.0,27440250.0,36440.0,498690055.0,35046620.0,561213365.0
2022-11-01,4545.0,4670.0,4505.0,4600.0,221625.0,1.21012101210121,882280.0,496260.0,781279765.0,238508320.0,21800970.0,0.0,945756125.0,53609530.0,1021166625.0
2022-11-02,4600.0,4690.0,4555.0,4610.0,124035.0,0.21739130434782608,8635190.0,0.0,382297720.0,182914060.0,13855.0,0.0,533761740.0,40071375.0,573846970.0
2022-11-03,4535.0,4830.0,4510.0,4695.0,436453.0,1.843817787418655,14035.0,0.0,1863248350.0,201280770.0,4624610.0,175565.0,1759965620.0,299777360.0,2064543155.0
2022-11-04,4680.0,4950.0,4645.0,4755.0,489423.0,1.2779552715654952,33909180.0,4000335.0,2047646780.0,263850260.0,1100420.0,3816690.0,2062920110.0,281569335.0,2349406555.0
2022-11-07,4820.0,4825.0,4755.0,4780.0,137057.0,0.5257623554153523,97856485.0,297290.0,431076145.0,126381190.0,2638765.0,0.0,607906740.0,45065605.0,655611110.0
2022-11-08,4825.0,4930.0,4790.0,4925.0,287320.0,3.0334728033472804,1611790.0,0.0,730730015.0,667934070.0,16318745.0,0.0,1285394070.0,98563060.0,1400275875.0
2022-11-09,4930.0,4975.0,4880.0,4905.0,169689.0,-0.40609137055837563,4085955.0,0.0,639380460.0,192934320.0,14238515.0,24675.0,718529400.0,103608145.0,836400735.0
2022-11-10,4825.0,4965.0,4810.0,4955.0,225074.0,1.019367991845056,14865.0,0.0,550851625.0,557895390.0,1758835.0,0.0,1022076745.0,84926300.0,1108761880.0
2022-11-11,5050.0,5060.0,4895.0,4950.0,311932.0,-0.10090817356205853,717210.0,39879830.0,1145735715.0,363843530.0,4087140.0,0.0,1210494385.0,335594760.0,1550176285.0
2022-11-14,4930.0,5170.0,4925.0,5030.0,423632.0,1.6161616161616161,2952560.0,10200000.0,1197788980.0,931745750.0,10140.0,0.0,1878699010.0,263978140.0,2142687290.0
2022-11-15,5090.0,5370.0,5070.0,5240.0,1504640.0,4.174950298210735,12040090.0,60242430.0,7027674870.0,836931620.0,5609510.0,3180000.0,7075606030.0,852493470.0,7936889010.0
2022-11-16,5250.0,5300.0,5150.0,5270.0,260633.0,0.5725190839694656,1899680.0,23515000.0,990868460.0,347669860.0,10184220.0,0.0,1243668470.0,110100310.0,1363953000.0
2022-11-17,5270.0,5270.0,5100.0,5110.0,259277.0,-3.0360531309297913,1527890.0,7675000.0,1052374520.0,274504910.0,6828470.0,10280000.0,1136443380.0,182530470.0,1336082320.0
2022-11-18,5150.0,5240.0,5140.0,5160.0,205436.0,0.9784735812133072,6148620.0,2580000.0,615740440.0,439906600.0,5035990.0,15570000.0,963445860.0,80323810.0,1064375660.0
2022-11-21,5240.0,5240.0,4895.0,4930.0,429459.0,-4.457364341085271,129708955.0,6436495.0,1736302230.0,261804875.0,2100875.0,0.0,1820590985.0,311560695.0,2134252555.0
2022-11-22,4930.0,5080.0,4880.0,5030.0,204193.0,2.028397565922921,19950.0,0.0,769405795.0,252606415.0,3331205.0,0.0,864417340.0,154283615.0,1022032160.0
2022-11-23,5120.0,5130.0,5010.0,5050.0,139459.0,0.3976143141153081,19717150.0,0.0,499365610.0,186528530.0,1035680.0,0.0,592434840.0,112140770.0,705611290.0
2022-11-24,5050.0,5110.0,5010.0,5050.0,215673.0,0.0,6036190.0,10060000.0,727684560.0,344148050.0,2348230.0,0.0,1004753540.0,80827030.0,1087928800.0
2022-11-25,5060.0,5070.0,4975.0,5020.0,133302.0,-0.594059405940594,7450325.0,0.0,607883040.0,52628420.0,15015.0,0.0,513242955.0,154703815.0,667961785.0
2022-11-28,4990.0,5020.0,4935.0,4935.0,138510.0,-1.693227091633466,625170.0,0.0,638653970.0,47958695.0,4199150.0,0.0,573069950.0,109968735.0,687237835.0
2022-11-29,4905.0,5040.0,4905.0,5000.0,159526.0,1.3171225937183384,530955.0,0.0,541965810.0,254135245.0,1745370.0,0.0,738919605.0,55967035.0,796632010.0
2022-11-30,5040.0,5120.0,5030.0,5110.0,254848.0,2.1999999999999997,32820150.0,3251200.0,1026543700.0,231897930.0,43062210.0,45900.0,1210517510.0,40887360.0,1294512980.0
2022-12-01,5190.0,5390.0,5150.0,5280.0,1052570.0,3.326810176125244,14386790.0,0.0,4711055260.0,812679710.0,20930.0,3352440.0,5043401930.0,491346460.0,5538121760.0
2022-12-02,5340.0,5400.0,5220.0,5240.0,573697.0,-0.7575757575757576,549660.0,865080.0,2807872150.0,230719340.0,42796310.0,855360.0,2666275910.0,330078650.0,3040006230.0
2022-12-05,5290.0,5300.0,5170.0,5180.0,290618.0,-1.1450381679389312,1685240.0,26553320.0,1417708030.0,70540190.0,11225840.0,5210.0,1328491270.0,176764460.0,1516486780.0
2022-12-06,5180.0,5290.0,5120.0,5220.0,249630.0,0.7722007722007722,38417120.0,0.0,1186799110.0,74518000.0,23257270.0,0.0,1091655500.0,184821460.0,1299734230.0
2022-12-07,5160.0,5280.0,5050.0,5280.0,242312.0,1.1494252873563218,2287560.0,0.0,1148296220.0,108824010.0,507200.0,0.0,1114702060.0,144198530.0,1259407790.0
2022-12-08,5360.0,5450.0,5030.0,5090.0,1556514.0,-3.5984848484848486,9190210.0,66170.0,7616473540.0,465838770.0,13865560.0,0.0,6932230590.0,1145472540.0,8091568690.0
2022-12-09,5200.0,5340.0,5100.0,5330.0,1219762.0,4.715127701375246,620180040.0,0.0,5250457420.0,527639820.0,12394300.0,5238210.0,6176220470.0,204424300.0,6398277280.0
2022-12-12,5330.0,5580.0,5220.0,5220.0,2101311.0,-2.0637898686679175,115177950.0,3894640.0,10480631120.0,766097760.0,1620540.0,10560000.0,10359923820.0,993697110.0,11365801470.0
2022-12-13,5260.0,5290.0,5120.0,5150.0,379574.0,-1.3409961685823755,35818970.0,0.0,1828027760.0,103910740.0,5949930.0,0.0,1836184890.0,125622650.0,1967757470.0
2022-12-14,5100.0,5170.0,5050.0,5090.0,302961.0,-1.1650485436893203,2864720.0,10629000.0,1405850980.0,122913740.0,67181160.0,0.0,1404633550.0,70443730.0,1542258440.0
2022-12-15,5070.0,5140.0,5040.0,5060.0,168641.0,-0.5893909626719057,10977940.0,20240000.0,713267570.0,111687170.0,10522620.0,0.0,794896610.0,50753450.0,856172680.0
2022-12-16,4950.0,4995.0,4910.0,4910.0,283504.0,-2.9644268774703555,1486620.0,0.0,1380218630.0,19027485.0,238373995.0,0.0,1009590120.0,152768620.0,1400732735.0
2022-12-19,4825.0,4960.0,4825.0,4860.0,177798.0,-1.0183299389002036,1725590.0,2432500.0,644876980.0,217077005.0,61681650.0,9740000.0,683757875.0,110932550.0,866112075.0
2022-12-20,4820.0,4865.0,4685.0,4720.0,258434.0,-2.880658436213992,2596825.0,14100000.0,1073372160.0,140717180.0,29633735.0,0.0,1100526000.0,100626430.0,1230786165.0
2022-12-21,4730.0,4865.0,4670.0,4695.0,246547.0,-0.5296610169491525,3570595.0,0.0,905948155.0,256775935.0,92446640.0,3756000.0,978049980.0,92042065.0,1166294685.0
2022-12-22,4755.0,4870.0,4720.0,4790.0,222264.0,2.023429179978701,10981060.0,0.0,755421825.0,292188235.0,13875600.0,0.0,1012433945.0,32281575.0,1058591120.0
2022-12-23,4730.0,4730.0,4610.0,4620.0,176722.0,-3.549060542797495,874075.0,0.0,801932935.0,18468930.0,9708085.0,2320000.0,592939130.0,216308725.0,821275940.0
2022-12-26,4655.0,4655.0,4540.0,4590.0,113714.0,-0.6493506493506493,11469180.0,0.0,426785115.0,81850260.0,13710.0,0.0,460601725.0,59489120.0,520104555.0
2022-12-27,4580.0,4625.0,4570.0,4590.0,138704.0,0.0,7690855.0,0.0,530988085.0,98565445.0,9205.0,4600000.0,625735620.0,6899560.0,637244385.0
2022-12-28,4505.0,4550.0,4480.0,4480.0,127537.0,-2.3965141612200433,694865.0,0.0,534690640.0,37791160.0,28967390.0,0.0,406675360.0,137533915.0,573176665.0
2022-12-29,4480.0,4495.0,4400.0,4400.0,130435.0,-1.7857142857142856,14635965.0,7383050.0,482430745.0,71930385.0,15568800.0,2949265.0,467015845.0,90846235.0,576380145.0
2023-01-02,4375.0,4485.0,4290.0,4300.0,123489.0,-2.272727272727273,14909110.0,0.0,404579470.0,117470075.0,6621195.0,2122855.0,465233640.0,62980965.0,536958655.0
2023-01-03,4240.0,4345.0,4180.0,4315.0,163560.0,0.3488372093023256,3560900.0,0.0,440794435.0,253071830.0,43145520.0,0.0,507715745.0,146565900.0,697427165.0
2023-01-04,4250.0,4545.0,4250.0,4485.0,216800.0,3.9397450753186556,2574885.0,0.0,570673100.0,388909005.0,8736970.0,0.0,716841340.0,236578680.0,962156990.0
2023-01-05,4545.0,4545.0,4440.0,4440.0,106983.0,-1.0033444816053512,1154340.0,4490000.0,304359940.0,169154850.0,14140375.0,0.0,349251475.0,115767280.0,479159130.0
2023-01-06,4440.0,4530.0,4440.0,4480.0,95619.0,0.9009009009009009,5756680.0,0.0,331460985.0,93003905.0,21993060.0,0.0,393990070.0,14238440.0,430221570.0
2023-01-09,4500.0,4610.0,4500.0,4590.0,154710.0,2.455357142857143,117536095.0,0.0,353135275.0,235919655.0,101000.0,18351000.0,549906175.0,138232850.0,706591025.0
2023-01-10,4570.0,4645.0,4570.0,4640.0,101760.0,1.0893246187363834,27700.0,0.0,289609160.0,179587965.0,2088985.0,18434450.0,376920850.0,71780540.0,469224825.0
2023-01-11,4650.0,4695.0,4590.0,4650.0,104882.0,0.21551724137931033,4638240.0,0.0,384968575.0,99064210.0,21435570.0,4690000.0,410725730.0,51819725.0,488671025.0
2023-01-12,4670.0,4700.0,4600.0,4635.0,88631.0,-0.3225806451612903,301130.0,0.0,399555475.0,9741660.0,960355.0,13805985.0,334435000.0,60396925.0,409598265.0
2023-01-13,4740.0,4740.0,4560.0,4625.0,379960.0,-0.2157497303128371,2039535.0,8986205.0,1716375715.0,31924665.0,19987390.0,35577335.0,1521614275.0,182147120.0,1759326120.0
2023-01-16,4630.0,4695.0,4600.0,4630.0,109627.0,0.10810810810810811,31574790.0,2407100.0,415502305.0,58494390.0,20445180.0,92000.0,415273700.0,72167705.0,507978585.0
2023-01-17,4630.0,4815.0,4580.0,4585.0,356060.0,-0.9719222462203023,2884070.0,4630.0,1532938185.0,129470050.0,23246630.0,4595.0,1453113550.0,188932160.0,1665296935.0
2023-01-18,4565.0,4640.0,4565.0,4595.0,106877.0,0.21810250817884408,147015.0,0.0,384360960.0,107033855.0,1667960.0,0.0,440837055.0,49036815.0,491541830.0
2023-01-19,4595.0,4620.0,4530.0,4615.0,72260.0,0.4352557127312296,1882825.0,0.0,166427285.0,163082165.0,225590.0,0.0,310682610.0,20484075.0,331392275.0
2023-01-20,4650.0,4650.0,4610.0,4625.0,56605.0,0.21668472372697722,12823345.0,0.0,206995260.0,42006445.0,1936415.0,0.0,248256340.0,11632295.0,261825050.0
2023-01-25,4635.0,4660.0,4610.0,4625.0,128017.0,0.0,3136310.0,4828340.0,491904270.0,92345995.0,407550.0,9250000.0,554225235.0,28332130.0,592214915.0
2023-01-26,4640.0,4800.0,4620.0,4705.0,312617.0,1.7297297297297298,517515.0,2360000.0,1295328145.0,170017075.0,895245.0,0.0,1385341390.0,81986100.0,1468222735.0
2023-01-27,4705.0,4705.0,4650.0,4670.0,181144.0,-0.7438894792773645,742325.0,37360.0,790779995.0,54136945.0,35468050.0,13076000.0,688236455.0,108916120.0,845696625.0
2023-01-30,4675.0,4815.0,4630.0,4740.0,486562.0,1.4989293361884368,502520.0,2784000.0,2163780455.0,147395020.0,9082575.0,1118400.0,2113612950.0,190648070.0,2314461995.0
2023-01-31,4715.0,4715.0,4650.0,4660.0,201377.0,-1.6877637130801686,17937255.0,2847950.0,815408560.0,104844260.0,12846325.0,172138630.0,632629245.0,123423825.0,941038025.0
2023-02-01,4735.0,4735.0,4620.0,4620.0,221972.0,-0.8583690987124464,4570295.0,1852000.0,1008181600.0,15764075.0,6140460.0,299632335.0,635555405.0,89039770.0,1030367970.0
2023-02-02,4630.0,4665.0,4610.0,4620.0,243532.0,0.0,10175025.0,4620.0,974298585.0,142414400.0,512430.0,325528985.0,659706790.0,141144425.0,1126892630.0
2023-02-03,4635.0,4750.0,4575.0,4620.0,284500.0,0.0,1122630.0,4591000.0,1112003665.0,200987560.0,4391515.0,282624180.0,978531395.0,53157765.0,1318704855.0
2023-02-06,4590.0,4600.0,4470.0,4500.0,407982.0,-2.5974025974025974,32643160.0,28820425.0,1735303975.0,43241035.0,2789870.0,0.0,1645304885.0,191913840.0,1840008595.0
2023-02-07,4500.0,4505.0,4430.0,4445.0,356714.0,-1.2222222222222223,222930.0,13534400.0,1437220615.0,139347725.0,4596135.0,188854275.0,1273162255.0,123713005.0,1590325670.0
2023-02-08,4450.0,4465.0,4445.0,4450.0,225645.0,0.11248593925759282,26085640.0,0.0,951031430.0,27596300.0,12289190.0,430409945.0,468171150.0,93843085.0,1004713370.0
2023-02-09,4440.0,4465.0,4430.0,4450.0,167376.0,0.0,27354765.0,35680.0,702338315.0,15132920.0,7635905.0,218176660.0,434857490.0,84191625.0,744861680.0
2023-02-10,4430.0,4450.0,4385.0,4400.0,162173.0,-1.1235955056179776,18883250.0,881000.0,692910270.0,2736255.0,1401505.0,6354560.0,583574905.0,124079805.0,715410775.0
2023-02-13,4360.0,4460.0,4360.0,4435.0,126696.0,0.7954545454545454,29434810.0,0.0,469739805.0,61746730.0,137610.0,22639300.0,477538850.0,60605585.0,560921345.0
2023-02-14,4410.0,4490.0,4410.0,4460.0,219618.0,0.5636978579481398,329270.0,0.0,686907485.0,291792445.0,2108030.0,411593385.0,508567545.0,56760240.0,979029200.0
2023-02-15,4460.0,4590.0,4405.0,4440.0,324071.0,-0.4484304932735426,44305.0,22225.0,988866450.0,459022360.0,2792705.0,40413055.0,1169523810.0,235225770.0,1447955340.0
2023-02-16,4475.0,4515.0,4440.0,4475.0,282371.0,0.7882882882882882,13411330.0,0.0,1021215590.0,227818140.0,396825.0,430072080.0,680379570.0,151596585.0,1262445060.0
2023-02-17,4425.0,4465.0,4420.0,4450.0,160152.0,-0.5586592178770949,1459640.0,0.0,472430630.0,237564900.0,7471385.0,86838170.0,543061915.0,74083700.0,711455170.0
2023-02-20,4425.0,4485.0,4400.0,4435.0,191228.0,-0.33707865168539325,32022135.0,0.0,710066725.0,108352115.0,1206965.0,238248030.0,549534495.0,61451485.0,850440975.0
2023-02-21,4435.0,4575.0,4415.0,4450.0,637211.0,0.3382187147688839,3337105.0,0.0,2599741195.0,256979775.0,22270.0,563523590.0,2062011560.0,234500655.0,2860058075.0
2023-02-22,4430.0,4540.0,4395.0,4485.0,567114.0,0.7865168539325843,4646645.0,0.0,1713457240.0,822940495.0,246645.0,620662195.0,1719465890.0,200669650.0,2541044380.0
2023-02-23,4470.0,4480.0,4435.0,4465.0,341287.0,-0.4459308807134894,2627345.0,0.0,1212795165.0,304582720.0,852870.0,510637725.0,751569645.0,256944990.0,1520005230.0
2023-02-24,4475.0,4490.0,4435.0,4440.0,205568.0,-0.5599104143337066,843790.0,0.0,692334555.0,222454555.0,1818120.0,156273910.0,632253910.0,125286960.0,915632900.0
2023-02-27,4390.0,4460.0,4380.0,4410.0,137673.0,-0.6756756756756757,1275365.0,0.0,578218755.0,28480025.0,48535.0,186900.0,556774740.0,50963970.0,607974145.0
2023-02-28,4410.0,4470.0,4405.0,4470.0,186661.0,1.3605442176870748,85376550.0,0.0,530187310.0,214976350.0,46012395.0,90461635.0,645558315.0,48507865.0,830540210.0
2023-03-02,4470.0,4550.0,4445.0,4510.0,302087.0,0.8948545861297539,135480.0,828000.0,859410560.0,503731975.0,7485250.0,0.0,1333869260.0,22751505.0,1364106015.0
2023-03-03,4530.0,4550.0,4470.0,4480.0,147059.0,-0.6651884700665188,32244755.0,0.0,600005230.0,28186305.0,121120.0,0.0,518990880.0,141324290.0,660436290.0
2023-03-06,4480.0,4490.0,4445.0,4475.0,129289.0,-0.11160714285714285,191980.0,26876250.0,468608970.0,82094510.0,201300.0,0.0,527451250.0,50119160.0,577771710.0
2023-03-07,4460.0,4545.0,4450.0,4525.0,218343.0,1.1173184357541899,8224070.0,0.0,673846775.0,302126360.0,11800760.0,0.0,959681775.0,12714670.0,984197205.0
2023-03-08,4530.0,4535.0,4490.0,4525.0,188856.0,0.0,7797580.0,0.0,803454985.0,41463035.0,823535.0,4520000.0,765435935.0,81936130.0,852715600.0
2023-03-09,4510.0,4535.0,4485.0,4535.0,126550.0,0.22099447513812157,1127715.0,0.0,525478305.0,44195860.0,117000.0,0.0,524865855.0,45819025.0,570801880.0
2023-03-10,4475.0,4515.0,4475.0,4485.0,205845.0,-1.1025358324145533,2912210.0,0.0,729890785.0,192316100.0,0.0,0.0,866209615.0,58909480.0,925119095.0
2023-03-13,4485.0,4495.0,4305.0,4380.0,241543.0,-2.341137123745819,7437510.0,2165000.0,955559070.0,95144415.0,302290.0,0.0,852221955.0,207781750.0,1060305995.0
2023-03-14,4320.0,4375.0,4135.0,4145.0,313904.0,-5.365296803652968,104570.0,14707500.0,1245275235.0,65448915.0,5410085.0,874650.0,1027737955.0,291513530.0,1325536220.0
2023-03-15,4175.0,4240.0,4145.0,4155.0,133381.0,0.24125452352231602,1700530.0,0.0,460814710.0,96045620.0,7004970.0,0.0,455967575.0,95588315.0,558560860.0
2023-03-16,4130.0,4230.0,4050.0,4200.0,158536.0,1.083032490974729,2406150.0,0.0,425260355.0,227547845.0,12460.0,0.0,571388330.0,83813560.0,655214350.0
2023-03-17,4240.0,4285.0,4105.0,4105.0,310802.0,-2.261904761904762,16885.0,0.0,958025045.0,342500380.0,3814150.0,0.0,649355405.0,647372755.0,1300542310.0
2023-03-20,4105.0,4150.0,4045.0,4140.0,190164.0,0.8526187576126675,78465.0,0.0,605955580.0,175766105.0,34556395.0,0.0,540914295.0,206329460.0,781800150.0
2023-03-21,4125.0,4160.0,4080.0,4085.0,151183.0,-1.328502415458937,9816930.0,0.0,576440230.0,35240120.0,1023045.0,0.0,509419015.0,111055220.0,621497280.0
2023-03-22,4095.0,4230.0,4070.0,4205.0,203612.0,2.937576499388005,33180.0,15477870.0,731651035.0,92677215.0,10115380.0,14498860.0,782234275.0,32990785.0,839839300.0
2023-03-23,4505.0,4610.0,4200.0,4240.0,1939387.0,0.8323424494649228,2777585.0,2457715.0,8502497210.0,109245225.0,2407975.0,695230.0,8159754045.0,454120485.0,8616977735.0
2023-03-24,4225.0,4330.0,4205.0,4260.0,286236.0,0.4716981132075472,10576275.0,0.0,1096130800.0,110920745.0,55180.0,0.0,1134421725.0,83150915.0,1217627820.0
2023-03-27,4230.0,4260.0,4180.0,4180.0,197985.0,-1.8779342723004695,2616765.0,0.0,806549550.0,22064835.0,3749515.0,0.0,819651845.0,7829790.0,831231150.0
2023-03-28,4135.0,4205.0,4135.0,4190.0,189858.0,0.23923444976076555,4613000.0,4170.0,692669940.0,95555910.0,10433680.0,4180.0,734201550.0,48203610.0,792843020.0
2023-03-29,4190.0,4210.0,4160.0,4195.0,172754.0,0.11933174224343676,104515.0,1288860.0,671134985.0,50361625.0,7035660.0,4180.0,695507095.0,20343050.0,722889985.0
2023-03-30,4240.0,4245.0,4170.0,4195.0,171717.0,0.0,8657480.0,0.0,556223180.0,155181915.0,201375.0,0.0,638571710.0,81289490.0,720062575.0
2023-03-31,4220.0,4220.0,4170.0,4200.0,169086.0,0.11918951132300357,49263070.0,0.0,547491875.0,113462925.0,15716390.0,0.0,621275810.0,73225670.0,710217870.0
2023-04-03,4220.0,4220.0,4175.0,4200.0,164222.0,0.0,10502145.0,20967920.0,647764755.0,8671380.0,2237455.0,0.0,547140465.0,138528280.0,687906200.0
2023-04-04,4200.0,4205.0,4175.0,4195.0,201312.0,-0.11904761904761905,25412785.0,2087500.0,775410315.0,39889800.0,8944080.0,0.0,648572965.0,185283355.0,842800400.0
2023-04-05,4185.0,4210.0,4185.0,4185.0,163660.0,-0.23837902264600713,5293070.0,0.0,655010485.0,25955000.0,11138075.0,0.0,471532420.0,203588060.0,686258555.0
2023-04-06,4185.0,4195.0,4165.0,4185.0,137993.0,0.0,966025.0,37530.0,557191450.0,18006145.0,753340.0,0.0,528805525.0,46642285.0,576201150.0
2023-04-07,4190.0,4200.0,4170.0,4185.0,118476.0,0.0,686110.0,0.0,406995935.0,87746885.0,251085.0,0.0,490772105.0,4405740.0,495428930.0
2023-04-10,4185.0,4195.0,4135.0,4160.0,158543.0,-0.5973715651135006,525500.0,0.0,560863765.0,98811410.0,1708190.0,0.0,608601905.0,49890580.0,660200675.0
2023-04-11,4160.0,4235.0,4135.0,4225.0,227657.0,1.5625,1182405.0,0.0,648597075.0,303976800.0,12046125.0,6247500.0,902679065.0,32783590.0,953756280.0
2023-04-12,4245.0,4350.0,4245.0,4290.0,434684.0,1.5384615384615385,5195890.0,33239215.0,1355537810.0,473224515.0,42774865.0,0.0,1690688310.0,133734255.0,1867197430.0
2023-04-13,4300.0,4335.0,4220.0,4285.0,157423.0,-0.11655011655011654,2239090.0,4270.0,482642665.0,189095065.0,4671475.0,21114285.0,571198975.0,76996355.0,673981090.0
2023-04-14,4290.0,4325.0,4270.0,4290.0,172588.0,0.11668611435239205,9937525.0,4325.0,515244910.0,216606610.0,98505170.0,0.0,624520975.0,18767225.0,741793370.0
2023-04-17,4280.0,4350.0,4265.0,4330.0,154295.0,0.9324009324009324,6517780.0,4325.0,534177540.0,125087950.0,1116740.0,0.0,618849630.0,45821225.0,665787595.0
2023-04-18,4330.0,4345.0,4265.0,4340.0,149563.0,0.23094688221709006,284870.0,12875.0,520876795.0,122666955.0,15188475.0,3013500.0,554960465.0,70679055.0,643841495.0
2023-04-19,4320.0,4360.0,4260.0,4350.0,200416.0,0.2304147465437788,12288060.0,0.0,682236775.0,173819675.0,20809125.0,0.0,813125745.0,34409640.0,868344510.0
2023-04-20,4350.0,4350.0,4240.0,4240.0,191081.0,-2.528735632183908,23399100.0,0.0,770976845.0,22562340.0,1047105.0,21300.0,618955545.0,196914335.0,816938285.0
2023-04-21,4220.0,4240.0,4160.0,4195.0,181347.0,-1.0613207547169812,7707870.0,0.0,738013935.0,12723250.0,10724365.0,0.0,595472505.0,152248185.0,758445055.0
2023-04-24,4160.0,4185.0,4145.0,4165.0,136397.0,-0.7151370679380215,11901475.0,0.0,551850345.0,2975400.0,70715.0,0.0,547579595.0,19076910.0,566727220.0
2023-04-25,4165.0,4175.0,4100.0,4120.0,177316.0,-1.0804321728691477,1325370.0,6229175.0,723106365.0,773865.0,10506940.0,0.0,605237085.0,115690750.0,731434775.0
2023-04-26,4135.0,4190.0,4125.0,4125.0,154542.0,0.12135922330097086,20840.0,0.0,550799095.0,91941195.0,1471560.0,0.0,530765975.0,110523595.0,642761130.0
2023-04-27,4125.0,4125.0,4090.0,4125.0,125085.0,0.0,775445.0,8210000.0,486762775.0,17495645.0,24705.0,0.0,429359580.0,83859580.0,513243865.0
2023-04-28,4135.0,4140.0,4095.0,4105.0,174348.0,-0.48484848484848486,54712790.0,148500.0,600877460.0,60967510.0,27897695.0,8250000.0,634840895.0,45717670.0,716706260.0
2023-05-02,4105.0,4140.0,4095.0,4110.0,125479.0,0.12180267965895249,9845385.0,0.0,471592255.0,34044615.0,16060685.0,0.0,478305205.0,21116365.0,515482255.0
2023-05-03,4110.0,4150.0,4110.0,4125.0,98293.0,0.36496350364963503,982085.0,0.0,347900555.0,57104990.0,7507700.0,0.0,387016270.0,11463660.0,405987630.0
2023-05-04,4100.0,4165.0,4100.0,4145.0,79107.0,0.48484848484848486,11311970.0,0.0,301185730.0,13646325.0,14090395.0,0.0,282184085.0,29869545.0,326144025.0
2023-05-08,4155.0,4170.0,4140.0,4150.0,79547.0,0.12062726176115801,4358600.0,0.0,275326550.0,50465740.0,4617645.0,0.0,320965985.0,4567260.0,330150890.0
2023-05-09,4140.0,4165.0,4105.0,4120.0,99262.0,-0.7228915662650602,889990.0,0.0,391081330.0,17697110.0,251760.0,0.0,333760360.0,75656310.0,409668430.0
2023-05-10,4175.0,4270.0,4140.0,4140.0,204377.0,0.48543689320388345,877135.0,0.0,807951825.0,49451880.0,1499960.0,0.0,796770770.0,60010110.0,858280840.0
2023-05-11,4145.0,4205.0,4145.0,4190.0,125307.0,1.2077294685990339,6032095.0,584500.0,390783725.0,126744925.0,6025215.0,586140.0,499058630.0,18475260.0,524145245.0
2023-05-12,4190.0,4195.0,4145.0,4195.0,114339.0,0.11933174224343676,28435080.0,0.0,345256190.0,102960555.0,827320.0,0.0,405299885.0,70524620.0,476651825.0
2023-05-15,4175.0,4190.0,4115.0,4130.0,92641.0,-1.5494636471990464,760565.0,0.0,370340080.0,11733010.0,6898585.0,0.0,357468540.0,18466530.0,382833655.0
2023-05-16,4130.0,4150.0,4100.0,4110.0,91474.0,-0.48426150121065376,3900110.0,0.0,282275290.0,90364940.0,6742710.0,0.0,349099470.0,20698160.0,376540340.0
2023-05-17,4100.0,4200.0,4100.0,4175.0,105606.0,1.5815085158150852,37868130.0,0.0,218416400.0,182852840.0,1647325.0,0.0,430011435.0,7478610.0,439137370.0
2023-05-18,4190.0,4190.0,4155.0,4170.0,83344.0,-0.11976047904191617,5487020.0,0.0,323532670.0,18611830.0,1797885.0,0.0,329108200.0,16725435.0,347631520.0
2023-05-19,4170.0,4185.0,4160.0,4165.0,69206.0,-0.1199040767386091,1268680.0,0.0,271575545.0,15755790.0,11371395.0,167000.0,271994650.0,5066970.0,288600015.0
2023-05-22,4165.0,4190.0,4150.0,4190.0,145583.0,0.6002400960384154,790135.0,0.0,497691280.0,109242335.0,907040.0,0.0,600141885.0,6674825.0,607723750.0
2023-05-23,4205.0,4240.0,4180.0,4200.0,204628.0,0.23866348448687352,7052895.0,689490.0,764187525.0,90582740.0,2123710.0,0.0,815589760.0,44799180.0,862512650.0
2023-05-24,4200.0,4205.0,4165.0,4190.0,71022.0,-0.2380952380952381,6589525.0,423200.0,287925095.0,1848700.0,58505.0,0.0,279955940.0,16772075.0,296786520.0
2023-05-25,4195.0,4670.0,4185.0,4255.0,6505776.0,1.5513126491646778,48791670.0,101079210.0,27570954790.0,1282392530.0,452525.0,14312475.0,27253280630.0,1735172570.0,29003218200.0
2023-05-26,4305.0,4570.0,4250.0,4425.0,2495985.0,3.9952996474735603,85491810.0,66220265.0,10131466055.0,760958345.0,19735885.0,46175690.0,10304845450.0,673379450.0,11044136475.0
2023-05-30,4460.0,4485.0,4370.0,4435.0,891335.0,0.22598870056497175,11212230.0,15065500.0,3743502965.0,178738935.0,3949710.0,0.0,3653460475.0,291109445.0,3948519630.0
2023-05-31,4460.0,4525.0,4400.0,4415.0,657528.0,-0.4509582863585118,51704060.0,2616600.0,2452907850.0,417310050.0,106119410.0,37290580.0,2622512260.0,158616310.0,2924538560.0
2023-06-01,4520.0,4525.0,4400.0,4415.0,561623.0,0.0,12705215.0,0.0,2398570910.0,89209995.0,1680860.0,39613555.0,2256908625.0,202283080.0,2500486120.0
2023-06-02,4450.0,4455.0,4400.0,4400.0,222777.0,-0.33975084937712347,5290180.0,1761585.0,916576950.0,60267935.0,95366820.0,8840000.0,859613160.0,20076670.0,983896650.0
2023-06-05,4400.0,4420.0,4320.0,4340.0,222128.0,-1.3636363636363635,33174435.0,1737000.0,884066165.0,45969005.0,11563630.0,0.0,929219910.0,24163065.0,964946605.0
2023-06-07,4340.0,4385.0,4340.0,4380.0,212069.0,0.9216589861751152,67876180.0,21800000.0,673560050.0,162155985.0,44577255.0,34942480.0,798974650.0,46897830.0,925392215.0
2023-06-08,4390.0,4390.0,4310.0,4335.0,179742.0,-1.0273972602739725,18336025.0,0.0,698402050.0,60874460.0,194485.0,0.0,594438565.0,182979485.0,777612535.0
2023-06-09,4340.0,4345.0,4290.0,4300.0,254898.0,-0.8073817762399077,27150235.0,0.0,1044092985.0,26740035.0,123148910.0,7352760.0,877706140.0,89775445.0,1097983255.0
2023-06-12,4320.0,4360.0,4295.0,4295.0,180899.0,-0.11627906976744186,3382840.0,8650000.0,752011440.0,16165110.0,92110935.0,12900000.0,624313940.0,50884515.0,780209390.0
2023-06-13,4300.0,4340.0,4295.0,4305.0,160205.0,0.23282887077997672,21155580.0,1076250.0,640731645.0,28285035.0,13962090.0,8620000.0,614984745.0,53681675.0,691248510.0
2023-06-14,4315.0,4315.0,4225.0,4280.0,249780.0,-0.5807200929152149,117320135.0,8520000.0,933367170.0,6526090.0,149570.0,0.0,910114425.0,155469400.0,1065733395.0
2023-06-15,4260.0,4270.0,4180.0,4230.0,204477.0,-1.1682242990654206,153723150.0,0.0,697572365.0,11567895.0,8450.0,0.0,680684100.0,182170860.0,862863410.0
2023-06-16,4220.0,4450.0,4220.0,4240.0,372701.0,0.2364066193853428,11459745.0,0.0,1476231355.0,121581165.0,7848855.0,0.0,1284218710.0,317204700.0,1609272265.0
2023-06-19,4240.0,4325.0,4240.0,4320.0,152934.0,1.8867924528301887,1674980.0,0.0,569756925.0,85799855.0,702765.0,0.0,642683830.0,13845165.0,657231760.0
2023-06-20,4315.0,4355.0,4285.0,4315.0,145318.0,-0.11574074074074073,126010845.0,0.0,480372005.0,20182250.0,8610.0,1700820.0,538640515.0,86215155.0,626565100.0
2023-06-21,4315.0,4605.0,4300.0,4400.0,2464409.0,1.9698725376593278,589495.0,0.0,10287181095.0,732479480.0,25022715.0,28664750.0,10325063345.0,641499260.0,11020250070.0
2023-06-22,4400.0,4485.0,4355.0,4450.0,641443.0,1.1363636363636365,23485375.0,0.0,2429652320.0,388038955.0,113825.0,0.0,2685672865.0,155389960.0,2841176650.0
2023-06-23,4440.0,4460.0,4305.0,4305.0,407089.0,-3.258426966292135,3227340.0,0.0,1704907005.0,68652440.0,181755.0,0.0,1464244425.0,312360605.0,1776786785.0
2023-06-26,4300.0,4350.0,4220.0,4315.0,164495.0,0.23228803716608595,525375.0,0.0,677599725.0,27104425.0,15592435.0,0.0,589045005.0,100592085.0,705229525.0
2023-06-27,4310.0,4440.0,4280.0,4390.0,221843.0,1.738122827346466,21558940.0,2619000.0,678799905.0,262917275.0,2828140.0,0.0,868956850.0,94110130.0,965895120.0
2023-06-28,4400.0,4415.0,4355.0,4390.0,150109.0,0.0,153488390.0,437500.0,417797420.0,85835950.0,0.0,0.0,600623020.0,56936240.0,657559260.0
2023-06-29,4390.0,4420.0,4330.0,4335.0,201095.0,-1.2528473804100226,38382215.0,0.0,805447345.0,33470500.0,1365970.0,0.0,692424345.0,183509745.0,877300060.0
2023-06-30,4330.0,4370.0,4275.0,4305.0,268257.0,-0.6920415224913495,67958675.0,0.0,985194065.0,114705040.0,125110285.0,0.0,966867990.0,75879505.0,1167857780.0
2023-07-03,4400.0,4465.0,4350.0,4450.0,416981.0,3.368176538908246,142638160.0,0.0,1397342280.0,298519445.0,1136180.0,0.0,1749707510.0,87656195.0,1838499885.0
2023-07-04,4450.0,4520.0,4420.0,4470.0,455139.0,0.44943820224719105,155867820.0,0.0,1638674655.0,238859255.0,10592645.0,0.0,1916331235.0,106477850.0,2033401730.0
2023-07-05,4455.0,4495.0,4330.0,4340.0,269761.0,-2.9082774049217,16598660.0,13050000.0,1117561310.0,34286735.0,8708890.0,0.0,897984085.0,274803730.0,1181496705.0
2023-07-06,4325.0,4340.0,4225.0,4250.0,243754.0,-2.0737327188940093,11099650.0,296355.0,987903345.0,40698205.0,10699310.0,0.0,882241630.0,147056615.0,1039997555.0
2023-07-07,4200.0,4280.0,4180.0,4280.0,161275.0,0.7058823529411765,122809495.0,0.0,497808935.0,59318525.0,14884555.0,0.0,606281535.0,58770865.0,679936955.0
2023-07-10,4240.0,4305.0,4205.0,4290.0,129357.0,0.23364485981308408,146417530.0,0.0,365986855.0,40677410.0,248750.0,0.0,480312025.0,72521020.0,553081795.0
2023-07-11,4290.0,4410.0,4270.0,4335.0,290260.0,1.048951048951049,2481740.0,2263680.0,1199532575.0,57139975.0,544040.0,0.0,977994130.0,282879800.0,1261417970.0
2023-07-12,4305.0,4580.0,4285.0,4500.0,1612563.0,3.8062283737024223,63231230.0,0.0,6282938675.0,847954705.0,711795.0,0.0,6607927415.0,585485400.0,7194124610.0
2023-07-13,4450.0,4515.0,4410.0,4420.0,573000.0,-1.7777777777777777,2521305.0,0.0,2229968485.0,323753500.0,5839620.0,0.0,2350305425.0,200098245.0,2556243290.0
2023-07-14,4430.0,4575.0,4390.0,4535.0,792372.0,2.6018099547511313,91563575.0,0.0,2714626135.0,758620185.0,7625785.0,0.0,3373364035.0,183820075.0,3564809895.0
2023-07-17,4545.0,4600.0,4480.0,4560.0,764709.0,0.5512679162072767,7227305.0,0.0,3217382370.0,255009980.0,692175.0,3745700.0,3090090400.0,385091380.0,3479619655.0
2023-07-18,4540.0,4590.0,4415.0,4435.0,358428.0,-2.7412280701754383,15580810.0,4999660.0,1401632715.0,181782165.0,1232195.0,0.0,1336023680.0,266739475.0,1603995350.0
2023-07-19,4415.0,4470.0,4305.0,4330.0,293318.0,-2.367531003382187,1242485.0,0.0,1161554625.0,119351955.0,10986305.0,0.0,1219435220.0,51727540.0,1282149065.0
2023-07-20,4400.0,4405.0,4320.0,4380.0,214542.0,1.1547344110854503,6263350.0,0.0,893130540.0,36235090.0,365805.0,0.0,752381405.0,182881770.0,935628980.0
2023-07-21,4345.0,4420.0,4325.0,4415.0,138634.0,0.7990867579908676,25280785.0,0.0,479098985.0,103428240.0,4390.0,0.0,578284485.0,29519135.0,607808010.0
2023-07-24,4385.0,4405.0,4280.0,4290.0,257842.0,-2.8312570781426953,442520.0,30240.0,890175795.0,221821855.0,3794670.0,0.0,1052004800.0,56670940.0,1112470410.0
2023-07-25,4305.0,4330.0,4200.0,4210.0,328815.0,-1.8648018648018647,2245480.0,0.0,1260830170.0,126660060.0,45748750.0,4714850.0,1140877085.0,198395025.0,1389735710.0
2023-07-26,4185.0,4210.0,3770.0,3890.0,671535.0,-7.600950118764846,19732205.0,14686660.0,2344451640.0,296524155.0,17200845.0,1237700.0,2308715005.0,348241110.0,2675394660.0
2023-07-27,3870.0,4025.0,3870.0,3935.0,257935.0,1.1568123393316194,9453145.0,0.0,852697460.0,159527005.0,1645435.0,1205270.0,768842910.0,249983995.0,1021677610.0
2023-07-28,3955.0,4010.0,3930.0,3985.0,132891.0,1.2706480304955527,1311410.0,0.0,407862165.0,119696140.0,111580.0,0.0,447014555.0,81743580.0,528869715.0
2023-07-31,3995.0,4010.0,3940.0,3990.0,121889.0,0.12547051442910914,10106675.0,0.0,403810765.0,71858700.0,30277185.0,0.0,399883070.0,55615885.0,485776140.0
2023-08-01,3980.0,4075.0,3975.0,4070.0,158111.0,2.0050125313283207,19536890.0,368920.0,551860020.0,63996250.0,2917140.0,0.0,538489140.0,94355800.0,635762080.0
2023-08-02,4040.0,4095.0,3990.0,4015.0,146742.0,-1.3513513513513513,3692285.0,0.0,522786355.0,66895310.0,60280605.0,0.0,403756640.0,129336705.0,593373950.0
2023-08-03,4070.0,4070.0,3985.0,4015.0,202491.0,0.0,2080145.0,0.0,625834845.0,184519365.0,3333170.0,0.0,615955195.0,193145990.0,812434355.0
2023-08-04,3990.0,4140.0,3990.0,4130.0,163171.0,2.86425902864259,155845.0,2050000.0,367998460.0,299330000.0,10226660.0,0.0,608160930.0,51146715.0,669534305.0
2023-08-07,4130.0,4150.0,4065.0,4095.0,83511.0,-0.847457627118644,1949905.0,0.0,260647360.0,79652610.0,40172180.0,0.0,253174855.0,48902840.0,342249875.0
2023-08-08,4100.0,4215.0,4025.0,4025.0,213081.0,-1.7094017094017095,5027665.0,951680.0,812561050.0,53170175.0,7742110.0,291850.0,588782545.0,274894065.0,871710570.0
2023-08-09,4020.0,4055.0,3990.0,4040.0,109592.0,0.37267080745341613,4183490.0,0.0,317062170.0,119536695.0,4020.0,0.0,425046650.0,15731685.0,440782355.0
2023-08-10,4005.0,4040.0,3990.0,4010.0,108414.0,-0.7425742574257426,20727970.0,0.0,403600410.0,10085245.0,2766890.0,0.0,267194455.0,164452280.0,434413625.0
2023-08-11,4010.0,4075.0,4010.0,4035.0,89064.0,0.6234413965087282,4828110.0,0.0,288769980.0,66293990.0,9542345.0,2015000.0,325181240.0,23153495.0,359892080.0
2023-08-14,4040.0,4040.0,3995.0,4020.0,60156.0,-0.37174721189591076,9975265.0,0.0,218113015.0,13181475.0,4151575.0,0.0,221854700.0,15263480.0,241269755.0
2023-08-16,3985.0,4000.0,3925.0,3930.0,144486.0,-2.2388059701492535,5322555.0,0.0,552996890.0,14013120.0,20524560.0,0.0,491643055.0,60164950.0,572332565.0
2023-08-17,3925.0,3925.0,3830.0,3905.0,118192.0,-0.6361323155216284,10138710.0,0.0,377200525.0,70059445.0,143900.0,0.0,417336055.0,39918725.0,457398680.0
2023-08-18,3840.0,3980.0,3840.0,3960.0,101689.0,1.4084507042253522,61746845.0,0.0,285893595.0,50641475.0,2606995.0,0.0,378112675.0,17562245.0,398281915.0
2023-08-21,3960.0,4005.0,3940.0,3975.0,81890.0,0.3787878787878788,2848340.0,0.0,292784000.0,29101730.0,1261735.0,0.0,308429115.0,15043220.0,324734070.0
2023-08-22,3950.0,4005.0,3945.0,3970.0,75594.0,-0.12578616352201258,4452910.0,0.0,292481830.0,3305695.0,14193465.0,0.0,258323175.0,27723795.0,300240435.0
2023-08-23,3950.0,4015.0,3950.0,3990.0,69200.0,0.5037783375314862,200220.0,0.0,214530175.0,60941560.0,5123000.0,0.0,267051550.0,3497405.0,275671955.0
2023-08-24,3985.0,4010.0,3970.0,4010.0,78660.0,0.5012531328320802,460165.0,0.0,277311360.0,36596960.0,1840725.0,0.0,286567605.0,25960155.0,314368485.0
2023-08-25,4000.0,4005.0,3970.0,3970.0,87949.0,-0.997506234413965,744010.0,0.0,316452640.0,32992630.0,4811735.0,0.0,185522385.0,159855160.0,350189280.0
2023-08-28,3970.0,4010.0,3970.0,3990.0,41514.0,0.5037783375314862,55880.0,0.0,124657610.0,41087375.0,6106355.0,0.0,159219880.0,474630.0,165800865.0
2023-08-29,3990.0,4035.0,3985.0,4005.0,76187.0,0.37593984962406013,393035.0,0.0,199498075.0,105818820.0,4113590.0,0.0,287348550.0,14247790.0,305709930.0
2023-08-30,4015.0,4050.0,4000.0,4005.0,92625.0,0.0,425045.0,0.0,359903620.0,11685245.0,718175.0,0.0,317744380.0,53551355.0,372013910.0
2023-08-31,4005.0,4020.0,3980.0,3985.0,73447.0,-0.4993757802746567,1411345.0,0.0,287490670.0,4617840.0,231180.0,0.0,248055875.0,45232800.0,293519855.0
2023-09-01,4100.0,4400.0,4040.0,4050.0,2275058.0,1.631116687578419,4631865.0,16372660.0,8975242505.0,591988090.0,210805.0,6914760.0,8555354955.0,1025754600.0,9588235120.0
2023-09-04,4070.0,4070.0,3995.0,4030.0,188660.0,-0.49382716049382713,2840820.0,4421000.0,670693935.0,79978010.0,33341115.0,402555.0,689756370.0,34433725.0,757933765.0
2023-09-05,4030.0,4040.0,3995.0,4000.0,118025.0,-0.7444168734491315,5204825.0,0.0,439028805.0,29043725.0,68195.0,8020000.0,426800110.0,38389050.0,473277355.0
2023-09-06,3980.0,4045.0,3980.0,4025.0,117480.0,0.625,2351845.0,0.0,374394465.0,94402575.0,3995.0,1136000.0,443539990.0,26468900.0,471148885.0
2023-09-07,4025.0,4040.0,3935.0,3965.0,171783.0,-1.4906832298136645,2650570.0,4010000.0,647344260.0,29666295.0,475130.0,0.0,541701725.0,141494270.0,683671125.0
2023-09-08,3940.0,3990.0,3940.0,3980.0,71515.0,0.37831021437578816,2494805.0,0.0,239805325.0,40927125.0,4331530.0,0.0,251897985.0,26997740.0,283227255.0
2023-09-11,3965.0,4000.0,3965.0,3970.0,71483.0,-0.25125628140703515,13859825.0,7990.0,258979330.0,11589420.0,1723345.0,0.0,261926235.0,20786985.0,284436565.0
2023-09-12,3965.0,4005.0,3955.0,3955.0,111438.0,-0.3778337531486146,7463555.0,0.0,410947350.0,24998515.0,3980.0,0.0,324118150.0,119287290.0,443409420.0
2023-09-13,3955.0,3965.0,3920.0,3960.0,86953.0,0.12642225031605564,7886865.0,0.0,301254825.0,33216915.0,873960.0,0.0,300219715.0,41264930.0,342358605.0
2023-09-14,3960.0,3980.0,3935.0,3975.0,68630.0,0.3787878787878788,6454165.0,118350.0,259622690.0,5287470.0,956515.0,0.0,236696455.0,33829705.0,271482675.0
2023-09-15,3975.0,4020.0,3960.0,4015.0,120713.0,1.0062893081761006,251670.0,7960000.0,345079285.0,128530975.0,2637960.0,0.0,459563440.0,19620530.0,481821930.0
2023-09-18,4010.0,4020.0,3985.0,4015.0,69652.0,0.0,1416765.0,0.0,214650040.0,62309655.0,236765.0,0.0,276447605.0,1692090.0,278376460.0
2023-09-19,3985.0,4080.0,3970.0,3970.0,177883.0,-1.1207970112079702,650885.0,0.0,692545420.0,19612735.0,7970.0,0.0,619429265.0,93371805.0,712809040.0
2023-09-20,3955.0,4000.0,3955.0,3985.0,47651.0,0.3778337531486146,692835.0,0.0,149950765.0,38627875.0,870430.0,0.0,182282605.0,6118440.0,189271475.0
2023-09-21,3955.0,3995.0,3900.0,3915.0,131973.0,-1.7565872020075282,6257655.0,0.0,496777395.0,15551840.0,134280.0,0.0,461916755.0,56535855.0,518586890.0
2023-09-22,3915.0,3915.0,3860.0,3885.0,64984.0,-0.7662835249042145,925910.0,0.0,231233260.0,20459185.0,5202015.0,0.0,197717010.0,49699330.0,252618355.0
2023-09-25,3885.0,3945.0,3825.0,3830.0,94603.0,-1.4157014157014158,1031590.0,138590.0,359440075.0,3899385.0,5328620.0,0.0,295746925.0,63434095.0,364509640.0
2023-09-26,3785.0,3860.0,3755.0,3755.0,88878.0,-1.95822454308094,986705.0,0.0,332569515.0,2060705.0,146680.0,0.0,312346450.0,23123795.0,335616925.0
2023-09-27,3705.0,3790.0,3700.0,3780.0,65023.0,0.6657789613848202,1674190.0,0.0,216330295.0,25557085.0,886575.0,0.0,217144100.0,25530895.0,243561570.0
2023-10-04,3705.0,3815.0,3705.0,3750.0,94767.0,-0.7936507936507936,136308400.0,0.0,162318550.0,56752385.0,7500.0,0.0,281699445.0,73672390.0,355379335.0
2023-10-05,3730.0,3765.0,3605.0,3605.0,166855.0,-3.8666666666666667,3141000.0,268215.0,579762305.0,33420400.0,52596440.0,0.0,529506525.0,34488955.0,616591920.0
2023-10-06,3560.0,3700.0,3560.0,3680.0,87500.0,2.0804438280166435,451605.0,0.0,214854980.0,102409200.0,1917175.0,0.0,291160705.0,24637905.0,317715785.0
2023-10-10,3675.0,3720.0,3595.0,3625.0,84649.0,-1.4945652173913044,4497385.0,4310500.0,276847590.0,22672415.0,790170.0,122490.0,179188220.0,128227010.0,308327890.0
2023-10-11,3595.0,3690.0,3595.0,3680.0,65105.0,1.5172413793103448,230545.0,0.0,115477430.0,122443665.0,546615.0,0.0,161457270.0,76147755.0,238151640.0
2023-10-12,3655.0,3720.0,3655.0,3715.0,83282.0,0.9510869565217392,92715.0,3690000.0,229425955.0,74459695.0,1433975.0,0.0,223226955.0,83007435.0,307668365.0
2023-10-13,3700.0,3715.0,3615.0,3625.0,85305.0,-2.4226110363391657,10570635.0,0.0,244964160.0,56082135.0,67563835.0,7400.0,99419105.0,144626590.0,311616930.0
2023-10-16,3605.0,3625.0,3525.0,3540.0,108524.0,-2.344827586206897,704450.0,0.0,330832420.0,54642195.0,620300.0,0.0,278734805.0,106823960.0,386179065.0
2023-10-17,3540.0,3580.0,3535.0,3560.0,68928.0,0.5649717514124294,213035.0,0.0,207038610.0,38105165.0,1622625.0,200480.0,178491280.0,65042425.0,245356810.0
2023-10-18,3535.0,3580.0,3430.0,3430.0,290441.0,-3.651685393258427,941345.0,10711500.0,526563300.0,469501655.0,318655.0,0.0,208803955.0,798595190.0,1007717800.0
2023-10-19,3425.0,3430.0,3270.0,3275.0,313698.0,-4.518950437317784,3865305.0,6710000.0,934667965.0,95482025.0,217395.0,0.0,754014620.0,286493280.0,1040725295.0
2023-10-20,3240.0,3465.0,3230.0,3445.0,238607.0,5.190839694656488,117916010.0,0.0,423247840.0,263439775.0,12614655.0,118620.0,733569985.0,58300365.0,804603625.0
2023-10-23,3400.0,3505.0,3350.0,3420.0,143987.0,-0.7256894049346879,16402635.0,139055.0,304999165.0,172752580.0,86880.0,110805.0,436848165.0,57247585.0,494293435.0
2023-10-24,3400.0,3460.0,3335.0,3430.0,89311.0,0.29239766081871343,3197570.0,0.0,242034170.0,59821745.0,9618955.0,27290.0,223233310.0,72173930.0,305053485.0
2023-10-25,3460.0,3565.0,3435.0,3545.0,104604.0,3.3527696793002915,736640.0,0.0,182212110.0,185455840.0,7875625.0,0.0,337750040.0,22778925.0,368404590.0
2023-10-26,3500.0,3500.0,3350.0,3355.0,119620.0,-5.359661495063469,1408080.0,0.0,356409985.0,49059060.0,4342940.0,0.0,284593445.0,117940740.0,406877125.0
2023-10-27,3355.0,3480.0,3355.0,3410.0,65172.0,1.639344262295082,8816965.0,0.0,109572665.0,104759220.0,372515.0,0.0,203653235.0,19123100.0,223148850.0
2023-10-30,3350.0,3440.0,3350.0,3435.0,32099.0,0.7331378299120235,5276665.0,10260000.0,71735900.0,22292325.0,3420.0,0.0,95614095.0,13947375.0,109564890.0
2023-10-31,3425.0,3485.0,3285.0,3315.0,133644.0,-3.4934497816593884,15962935.0,10127605.0,397644865.0,24146890.0,62023535.0,0.0,155325840.0,230532920.0,447882295.0
2023-11-01,3340.0,3435.0,3340.0,3420.0,70598.0,3.167420814479638,36984160.0,346890.0,60087815.0,142906650.0,3009325.0,0.0,198336275.0,38979915.0,240325515.0
2023-11-02,3420.0,3500.0,3420.0,3460.0,66946.0,1.1695906432748537,9358430.0,0.0,159746950.0,62678280.0,10360.0,0.0,195292045.0,36481255.0,231783660.0
2023-11-03,3460.0,3500.0,3430.0,3480.0,73564.0,0.5780346820809248,295810.0,0.0,181687340.0,73384320.0,97695.0,34550.0,193620615.0,61614610.0,255367470.0
2023-11-06,3505.0,3605.0,3490.0,3595.0,119108.0,3.3045977011494254,3151590.0,0.0,306898440.0,111826885.0,4696305.0,0.0,356685550.0,60495060.0,421876915.0
2023-11-07,3560.0,3575.0,3430.0,3460.0,109521.0,-3.7552155771905427,1397465.0,0.0,348999605.0,32224550.0,961710.0,289830.0,263117505.0,118252575.0,382621620.0
2023-11-08,3460.0,3505.0,3450.0,3460.0,46112.0,0.0,4746710.0,0.0,125923435.0,29172075.0,966175.0,31065.0,88744365.0,70100615.0,159842220.0
2023-11-09,3430.0,3465.0,3385.0,3410.0,62140.0,-1.4450867052023122,6860.0,0.0,178444075.0,33762905.0,12469075.0,0.0,105881340.0,93863425.0,212213840.0
2023-11-10,3395.0,3410.0,3270.0,3320.0,197987.0,-2.6392961876832843,326765.0,69195.0,590241095.0,66965965.0,428285.0,0.0,413179190.0,243995545.0,657603020.0
2023-11-13,3330.0,3360.0,3300.0,3310.0,137792.0,-0.30120481927710846,103772745.0,53638835.0,261278430.0,39263290.0,199439885.0,0.0,138927020.0,119586395.0,457953300.0
2023-11-14,3305.0,3355.0,3280.0,3330.0,133976.0,0.6042296072507553,99580.0,0.0,359633900.0,86523835.0,213926035.0,0.0,93403230.0,138928050.0,446257315.0
2023-11-15,3340.0,3385.0,3335.0,3385.0,134215.0,1.6516516516516515,579965.0,0.0,280881940.0,169771025.0,286155.0,0.0,298721235.0,152225540.0,451232930.0
2023-11-16,3380.0,3550.0,3335.0,3440.0,299473.0,1.6248153618906942,203110.0,0.0,800301720.0,231778600.0,2434725.0,0.0,570160135.0,459688570.0,1032283430.0
2023-11-17,3415.0,3440.0,3355.0,3380.0,144574.0,-1.744186046511628,13547090.0,10200.0,465938610.0,10416445.0,1259150.0,10140.0,256017340.0,232625715.0,489912345.0
2023-11-20,3380.0,3435.0,3355.0,3430.0,73739.0,1.4792899408284024,10936200.0,0.0,182351465.0,57832760.0,672250.0,0.0,194792935.0,55655240.0,251120425.0
2023-11-21,3420.0,3465.0,3405.0,3435.0,86136.0,0.1457725947521866,2158035.0,0.0,261014650.0,31894010.0,10275.0,0.0,160192285.0,134864135.0,295066695.0
2023-11-22,3435.0,3435.0,3385.0,3405.0,107672.0,-0.8733624454148471,1270495.0,0.0,319801405.0,45731865.0,789110.0,1156000.0,131275705.0,233582950.0,366803765.0
2023-11-23,3405.0,3475.0,3400.0,3475.0,159835.0,2.0558002936857562,232966720.0,0.0,186693380.0,130970995.0,135030.0,0.0,407874460.0,142621605.0,550631095.0
2023-11-24,3480.0,3500.0,3420.0,3450.0,76536.0,-0.7194244604316548,17735690.0,0.0,230263560.0,15894370.0,760070.0,0.0,144766245.0,118367305.0,263893620.0
2023-11-27,3450.0,3450.0,3385.0,3410.0,118141.0,-1.1594202898550725,9250470.0,6860.0,372483935.0,20927855.0,6805.0,0.0,259166115.0,143496200.0,402669120.0
2023-11-28,3380.0,3420.0,3370.0,3395.0,85407.0,-0.43988269794721413,1116945.0,6800.0,267047040.0,21095595.0,182820.0,0.0,137417315.0,151666245.0,289266380.0
2023-11-29,3415.0,3415.0,3350.0,3355.0,120477.0,-1.1782032400589102,2482595.0,0.0,383945215.0,19150440.0,6735.0,0.0,208323585.0,197247930.0,405578250.0
2023-11-30,3355.0,3450.0,3350.0,3365.0,196944.0,0.29806259314456035,3331355.0,336000.0,569348895.0,92254840.0,3370.0,3355.0,430585730.0,234678635.0,665271090.0
2023-12-01,3370.0,3375.0,3330.0,3335.0,104049.0,-0.8915304606240713,33470.0,0.0,306907225.0,40540575.0,29321880.0,0.0,189630110.0,128529280.0,347481270.0
2023-12-04,3350.0,3370.0,3325.0,3325.0,95853.0,-0.29985007496251875,3831015.0,0.0,290889615.0,25118375.0,32861065.0,0.0,133777880.0,153200060.0,319839005.0
2023-12-05,3330.0,3360.0,3320.0,3330.0,98822.0,0.15037593984962408,5733570.0,0.0,294268210.0,28952830.0,97596630.0,0.0,211901530.0,19456450.0,328954610.0
2023-12-06,3340.0,3355.0,3330.0,3330.0,95715.0,0.0,1725670.0,0.0,288935200.0,29299365.0,155976765.0,0.0,116244940.0,47738530.0,319960235.0
2023-12-07,3335.0,3355.0,3325.0,3340.0,62592.0,0.3003003003003003,1130620.0,0.0,189495985.0,18430805.0,9154475.0,0.0,161307330.0,38595605.0,209057410.0
2023-12-08,3330.0,3350.0,3320.0,3350.0,102915.0,0.29940119760479045,8111520.0,3336660.0,305509965.0,25964815.0,6655.0,53730550.0,236001425.0,53184330.0,342922960.0
2023-12-11,3380.0,3405.0,3350.0,3380.0,80350.0,0.8955223880597015,189605.0,3887520.0,257671290.0,9458585.0,506995.0,0.0,255340640.0,15359365.0,271207000.0
2023-12-12,3350.0,3380.0,3345.0,3370.0,108310.0,-0.2958579881656805,8409830.0,3360.0,283112590.0,72226860.0,3923495.0,0.0,309300760.0,50528385.0,363752640.0
2023-12-13,3360.0,3380.0,3330.0,3340.0,125986.0,-0.8902077151335311,987135.0,0.0,407046520.0,14116785.0,6882575.0,0.0,342108980.0,73158885.0,422150440.0
2023-12-14,3345.0,3410.0,3345.0,3390.0,158904.0,1.4970059880239521,123652275.0,493000.0,318997090.0,93664650.0,3929640.0,0.0,463911200.0,68966175.0,536807015.0
2023-12-15,3390.0,3430.0,3365.0,3380.0,73061.0,-0.2949852507374631,4845140.0,0.0,221197500.0,21908035.0,23817545.0,0.0,187623975.0,36509155.0,247950675.0
2023-12-18,3380.0,3465.0,3360.0,3460.0,172280.0,2.366863905325444,315231610.0,0.0,176795755.0,97176435.0,6780.0,1028500.0,522513490.0,65655030.0,589203800.0
2023-12-19,3450.0,3455.0,3400.0,3405.0,92302.0,-1.5895953757225432,2171530.0,308250.0,297092790.0,16519010.0,14711225.0,0.0,217888395.0,83491960.0,316091580.0
2023-12-20,3430.0,3455.0,3400.0,3440.0,103806.0,1.0279001468428781,6774720.0,0.0,348105535.0,2032405.0,22620570.0,0.0,250990400.0,83301690.0,356912660.0
2023-12-21,3435.0,3470.0,3405.0,3470.0,117865.0,0.872093023255814,126221475.0,0.0,257775510.0,22158445.0,9815010.0,0.0,316589215.0,79751205.0,406155430.0
2023-12-22,3470.0,3505.0,3455.0,3480.0,107306.0,0.2881844380403458,2108175.0,0.0,366491185.0,4891400.0,267530.0,0.0,328497785.0,44725445.0,373490760.0
2023-12-26,3460.0,3480.0,3430.0,3460.0,132796.0,-0.5747126436781609,20328725.0,0.0,411028550.0,28076910.0,17295.0,0.0,416574835.0,42842055.0,459434185.0
2023-12-27,3430.0,3450.0,3350.0,3400.0,194857.0,-1.7341040462427744,115316545.0,10050000.0,517625800.0,15594490.0,17266345.0,0.0,415984780.0,225335710.0,658586835.0
2023-12-28,3400.0,3465.0,3370.0,3420.0,107865.0,0.5882352941176471,22212615.0,0.0,319322080.0,26745115.0,4005760.0,0.0,304011270.0,60262780.0,368279810.0
2024-01-02,3425.0,3430.0,3380.0,3425.0,131959.0,0.14619883040935672,10652070.0,7129560.0,253930890.0,177575085.0,12798365.0,0.0,390778390.0,45710850.0,449287605.0
2024-01-03,3400.0,3425.0,3380.0,3380.0,107077.0,-1.313868613138686,18089090.0,73106770.0,228457330.0,44124805.0,34144930.0,0.0,218081450.0,111551615.0,363777995.0
2024-01-04,3365.0,3410.0,3360.0,3405.0,80832.0,0.7396449704142012,732230.0,33876900.0,160101510.0,79245760.0,4493160.0,1352000.0,209250220.0,58861020.0,273956400.0
2024-01-05,3420.0,3550.0,3405.0,3415.0,306244.0,0.2936857562408223,37074315.0,0.0,864013225.0,157044775.0,69154645.0,0.0,858581835.0,130395835.0,1058132315.0
2024-01-08,3420.0,3590.0,3420.0,3460.0,268814.0,1.3177159590043925,43167630.0,0.0,797256005.0,97017070.0,44425940.0,0.0,764936425.0,128078340.0,937440705.0
2024-01-09,3460.0,3515.0,3460.0,3495.0,181182.0,1.0115606936416186,6343910.0,0.0,489028185.0,136253895.0,13598690.0,0.0,575986840.0,42040460.0,631625990.0
2024-01-10,3480.0,3490.0,3435.0,3435.0,128572.0,-1.7167381974248928,18431070.0,0.0,380087175.0,46298170.0,17016180.0,0.0,307213775.0,120586460.0,444816415.0
2024-01-11,3455.0,3475.0,3425.0,3455.0,77127.0,0.5822416302765648,24035975.0,0.0,213003410.0,28771635.0,23705665.0,0.0,226527685.0,15577670.0,265811020.0
2024-01-12,3465.0,3480.0,3410.0,3420.0,146701.0,-1.0130246020260492,15951035.0,0.0,486425105.0,3786805.0,10693200.0,0.0,319759665.0,175710080.0,506162945.0
2024-01-15,3490.0,4445.0,3490.0,4445.0,17450509.0,29.97076023391813,318260035.0,54594560.0,67809074020.0,3807622805.0,311566705.0,174702165.0,66943429885.0,4559852665.0,71989551420.0
2024-01-16,4680.0,4820.0,4155.0,4300.0,25268401.0,-3.262092238470191,317177475.0,86129170.0,107520557745.0,6596957345.0,256330660.0,92338930.0,108304424935.0,5867727210.0,114520821735.0
2024-01-17,4300.0,4565.0,4205.0,4340.0,14475884.0,0.9302325581395349,194222190.0,47583830.0,58019735285.0,5222892370.0,195218390.0,48928635.0,57071151470.0,6169135180.0,63484433675.0
2024-01-18,4245.0,4780.0,4205.0,4310.0,23390687.0,-0.6912442396313364,465802980.0,69207115.0,99718431360.0,5803788040.0,225923350.0,60917250.0,100145905180.0,5624483715.0,106057229495.0
2024-01-19,4695.0,5210.0,4410.0,4460.0,37052643.0,3.480278422273782,359914750.0,242415790.0,172538812605.0,8556256795.0,551936395.0,659382745.0,172366665310.0,8119415490.0,181697399940.0
2024-01-22,4440.0,4590.0,4325.0,4530.0,4309526.0,1.5695067264573992,88749745.0,227500.0,17027691180.0,2029793850.0,77850165.0,1161965.0,16705660075.0,2361790070.0,19146462275.0
2024-01-23,4430.0,4435.0,4080.0,4080.0,2977121.0,-9.933774834437086,44413490.0,4115.0,10374519130.0,2069507400.0,33516560.0,49834240.0,10932384430.0,1472708905.0,12488444135.0
2024-01-24,4040.0,4080.0,3825.0,3845.0,2128809.0,-5.759803921568627,19536900.0,0.0,6684766725.0,1636099275.0,33096785.0,3404125.0,6712644010.0,1591257980.0,8340402900.0
2024-01-25,3855.0,3915.0,3735.0,3780.0,1447173.0,-1.6905071521456438,30373835.0,5780580.0,4807632110.0,689102975.0,25236075.0,76600.0,4364451855.0,1143124970.0,5532889500.0
2024-01-26,3785.0,3965.0,3785.0,3870.0,1759165.0,2.380952380952381,43294720.0,0.0,5417341780.0,1392318125.0,45904300.0,3898080.0,5840522270.0,962629975.0,6852954625.0
2024-01-29,3870.0,3870.0,3730.0,3790.0,801100.0,-2.0671834625323,41640415.0,7560000.0,2230683600.0,748748900.0,69637725.0,0.0,2460847500.0,498147690.0,3028632915.0
2024-01-30,3800.0,3895.0,3770.0,3885.0,676986.0,2.5065963060686016,11522085.0,0.0,2289687630.0,299475365.0,10560770.0,7630.0,2052952170.0,537164510.0,2600685080.0
2024-01-31,3880.0,3880.0,3740.0,3750.0,546534.0,-3.474903474903475,12163225.0,0.0,1779459725.0,270364410.0,17750320.0,0.0,1759491320.0,284745720.0,2061987360.0
2024-02-01,3735.0,3930.0,3735.0,3895.0,944354.0,3.8666666666666667,317415185.0,1937500.0,2293484610.0,1019518310.0,63845555.0,0.0,3098392125.0,470117925.0,3632355605.0
2024-02-02,3865.0,3955.0,3830.0,3935.0,707997.0,1.0269576379974326,82376405.0,0.0,1923307615.0,767189050.0,9819840.0,0.0,2293498395.0,469554835.0,2772873070.0
2024-02-05,3935.0,3970.0,3870.0,3935.0,410228.0,0.0,34456855.0,0.0,1191862360.0,383649290.0,46353120.0,0.0,1374531360.0,189084025.0,1609968505.0
2024-02-06,3940.0,3950.0,3795.0,3845.0,470517.0,-2.2871664548919948,142204660.0,0.0,1129311740.0,543005015.0,147374600.0,0.0,1288671205.0,378475610.0,1814521415.0
2024-02-07,3840.0,3950.0,3795.0,3875.0,497383.0,0.7802340702210664,63698120.0,28482760.0,1275635725.0,547978115.0,53500270.0,0.0,1541938235.0,320356215.0,1915794720.0
2024-02-08,3840.0,3920.0,3815.0,3910.0,393438.0,0.903225806451613,31072380.0,0.0,854097980.0,644597295.0,25916480.0,28027250.0,1229294715.0,246529210.0,1529767655.0
2024-02-13,3875.0,3905.0,3845.0,3865.0,311931.0,-1.1508951406649617,10410885.0,5060895.0,841131475.0,351788845.0,2311900.0,0.0,885635445.0,320444755.0,1208392100.0
2024-02-14,3850.0,3930.0,3810.0,3930.0,245910.0,1.6817593790426906,18208955.0,0.0,650996570.0,286825440.0,4250965.0,0.0,794307940.0,157472060.0,956030965.0
2024-02-15,3925.0,3975.0,3885.0,3895.0,374285.0,-0.8905852417302799,3058475.0,0.0,1163585125.0,304391640.0,17877435.0,0.0,1062979570.0,390178235.0,1471035240.0
2024-02-16,3965.0,3965.0,3860.0,3900.0,207194.0,0.12836970474967907,6485370.0,0.0,617680970.0,182829275.0,15652525.0,0.0,637362250.0,153980840.0,806995615.0
2024-02-19,3890.0,3950.0,3875.0,3910.0,253081.0,0.2564102564102564,16856560.0,0.0,693345625.0,281224510.0,96468535.0,0.0,852885610.0,42072550.0,991426695.0
2024-02-20,3870.0,3965.0,3870.0,3930.0,337888.0,0.5115089514066496,1464530.0,3530840.0,908605240.0,413075820.0,62581165.0,0.0,1067646905.0,196448360.0,1326676430.0
2024-02-21,3940.0,3940.0,3835.0,3840.0,359619.0,-2.2900763358778624,20457830.0,3905000.0,1207109950.0,160489805.0,36195640.0,0.0,908821685.0,446945260.0,1391962585.0
2024-02-22,3845.0,3895.0,3810.0,3865.0,173799.0,0.6510416666666667,12931245.0,1003805.0,505007035.0,149488430.0,11025505.0,0.0,564025665.0,93379345.0,668430515.0
2024-02-23,3900.0,3900.0,3775.0,3780.0,278790.0,-2.1992238033635187,6579970.0,12333105.0,978487620.0,62999555.0,30107855.0,3361615.0,861058190.0,165872590.0,1060400250.0
2024-02-26,3775.0,3785.0,3715.0,3715.0,248978.0,-1.7195767195767195,7780905.0,478080.0,662672050.0,260782950.0,15929670.0,0.0,776793790.0,138990525.0,931713985.0
2024-02-27,3710.0,3785.0,3630.0,3660.0,339384.0,-1.4804845222072678,49892180.0,19586740.0,998237535.0,181416370.0,44383055.0,0.0,892301065.0,312448705.0,1249132825.0
2024-02-28,3660.0,3700.0,3600.0,3605.0,288374.0,-1.5027322404371584,45737700.0,4280550.0,744025300.0,251258040.0,68392920.0,0.0,802160740.0,174747930.0,1045301590.0
2024-02-29,3580.0,3640.0,3580.0,3625.0,203622.0,0.5547850208044383,123367280.0,1935330.0,442150795.0,168977990.0,24827065.0,0.0,488089205.0,223515125.0,736431395.0
2024-03-04,3635.0,3655.0,3600.0,3605.0,178737.0,-0.5517241379310345,1181110.0,0.0,456478930.0,189546135.0,13662415.0,0.0,374945040.0,258598720.0,647206175.0
2024-03-05,3610.0,3695.0,3530.0,3545.0,415376.0,-1.6643550624133148,58603135.0,14225000.0,1086676805.0,323259015.0,51952915.0,0.0,1129442630.0,301368410.0,1482763955.0
2024-03-06,3510.0,3630.0,3510.0,3520.0,253820.0,-0.7052186177715092,57887845.0,33037700.0,628923600.0,181897180.0,55540720.0,0.0,526512880.0,319692725.0,901746325.0
2024-03-07,3645.0,3645.0,3435.0,3440.0,413313.0,-2.272727272727273,22921095.0,3450000.0,1323700815.0,97818130.0,26286390.0,0.0,805169060.0,616434590.0,1447890040.0
2024-03-08,3470.0,3540.0,3375.0,3410.0,352599.0,-0.872093023255814,46435670.0,7308725.0,889541265.0,261921970.0,76351500.0,0.0,890343340.0,238512790.0,1205207630.0
2024-03-11,3415.0,3455.0,3395.0,3440.0,186959.0,0.8797653958944283,43664830.0,0.0,467783075.0,128953390.0,29864750.0,0.0,531141850.0,79394695.0,640401295.0
2024-03-12,3440.0,3470.0,3395.0,3430.0,189380.0,-0.29069767441860467,47411360.0,0.0,437623440.0,161853895.0,6222615.0,5137500.0,361601680.0,273926900.0,646888695.0
2024-03-13,3460.0,3460.0,3405.0,3455.0,187423.0,0.7288629737609329,1083685.0,0.0,555908235.0,85124435.0,2146350.0,0.0,427226020.0,212743985.0,642116355.0
2024-03-14,3430.0,3485.0,3430.0,3475.0,121740.0,0.5788712011577424,2216640.0,0.0,373300905.0,45816445.0,558435.0,0.0,301227800.0,119547755.0,421333990.0
2024-03-15,3475.0,3480.0,3395.0,3395.0,457336.0,-2.302158273381295,9497290.0,34656860.0,862055040.0,654608155.0,7028805.0,0.0,421820445.0,1131968095.0,1560817345.0
2024-03-18,3400.0,3500.0,3395.0,3440.0,163358.0,1.3254786450662739,764945.0,5895845.0,355560975.0,199163100.0,18603860.0,0.0,341398240.0,201382765.0,561384865.0
2024-03-19,3430.0,3455.0,3405.0,3410.0,102625.0,-0.872093023255814,8661420.0,0.0,261551300.0,80320985.0,26384120.0,0.0,213348320.0,110801265.0,350533705.0
2024-03-20,3410.0,3450.0,3405.0,3420.0,124899.0,0.2932551319648094,10365030.0,20604000.0,326715250.0,69514725.0,1543065.0,0.0,229712555.0,195943385.0,427199005.0
2024-03-21,3425.0,3475.0,3420.0,3460.0,180070.0,1.1695906432748537,1296765.0,0.0,402087190.0,218586270.0,12716640.0,6192000.0,449832735.0,153228850.0,621970225.0
2024-03-22,3460.0,3520.0,3435.0,3510.0,257000.0,1.4450867052023122,1901320.0,13980000.0,790531650.0,92335905.0,872465.0,0.0,651288645.0,246587765.0,898748875.0
2024-03-25,3550.0,3555.0,3470.0,3480.0,183144.0,-0.8547008547008548,1171455.0,0.0,590325030.0,47630020.0,13354705.0,0.0,412550565.0,213221235.0,639126505.0
2024-03-26,3455.0,4060.0,3450.0,3690.0,11080948.0,6.0344827586206895,87840345.0,49737450.0,39121994360.0,3200611860.0,82757195.0,165420970.0,37756626105.0,4455379745.0,42460184015.0
2024-03-27,3610.0,3665.0,3505.0,3530.0,1267701.0,-4.336043360433604,16326980.0,7305640.0,3754855405.0,757603720.0,26462185.0,153415.0,3562330535.0,947145610.0,4536091745.0
2024-03-28,3530.0,3545.0,3460.0,3530.0,507954.0,0.0,16385095.0,0.0,1434779040.0,326612010.0,9292635.0,0.0,1379365415.0,389118095.0,1777776145.0
2024-03-29,3510.0,3525.0,3485.0,3495.0,205965.0,-0.9915014164305949,51779480.0,0.0,542334955.0,126511875.0,7560305.0,0.0,581022470.0,132043535.0,720626310.0
2024-04-01,3455.0,3570.0,3450.0,3570.0,264804.0,2.1459227467811157,9186315.0,0.0,665659140.0,258530800.0,16159060.0,0.0,860760440.0,56456755.0,933376255.0
2024-04-02,3540.0,3580.0,3450.0,3480.0,441106.0,-2.5210084033613445,155463655.0,0.0,1280531780.0,103295835.0,11549150.0,0.0,1128255450.0,399486670.0,1539291270.0
2024-04-03,3480.0,3490.0,3440.0,3445.0,170441.0,-1.0057471264367817,6124885.0,6900000.0,563727900.0,11455415.0,31135.0,0.0,449509610.0,138667455.0,588208200.0
2024-04-04,3450.0,3470.0,3405.0,3430.0,212674.0,-0.43541364296081275,426030.0,0.0,666476880.0,63203720.0,24215.0,0.0,490091315.0,239991100.0,730106630.0
2024-04-05,3420.0,3420.0,3375.0,3395.0,248413.0,-1.0204081632653061,54435.0,3390000.0,808960945.0,30176495.0,3225220.0,0.0,580652355.0,258704300.0,842581875.0
2024-04-08,3390.0,3390.0,3330.0,3345.0,254452.0,-1.4727540500736376,11475970.0,10110000.0,693941045.0,136929620.0,19939600.0,0.0,519784475.0,312732560.0,852456635.0
2024-04-09,3320.0,3395.0,3320.0,3335.0,194886.0,-0.29895366218236175,15016145.0,11994370.0,477396990.0,148725720.0,4891150.0,0.0,510833715.0,137408360.0,653133225.0
2024-04-11,3315.0,3350.0,3290.0,3320.0,153498.0,-0.4497751124437781,2417400.0,0.0,454002850.0,51469625.0,1618050.0,0.0,270986875.0,235284950.0,507889875.0
2024-04-12,3320.0,3355.0,3305.0,3335.0,128104.0,0.4518072289156626,10228175.0,0.0,376503015.0,39277905.0,3964180.0,0.0,325708145.0,96336770.0,426009095.0
2024-04-15,3320.0,3330.0,3270.0,3300.0,217535.0,-1.0494752623688157,8777070.0,0.0,560804095.0,145356155.0,213845.0,0.0,517109290.0,197614185.0,714937320.0
2024-04-16,3270.0,3300.0,3210.0,3245.0,328078.0,-1.6666666666666667,2879240.0,14769315.0,914483595.0,132045800.0,19155905.0,0.0,649342265.0,395679780.0,1064177950.0
2024-04-17,3235.0,3285.0,3235.0,3250.0,109583.0,0.15408320493066258,1090295.0,0.0,323581865.0,31688965.0,293045.0,0.0,232439690.0,123628390.0,356361125.0
2024-04-18,3240.0,3290.0,3240.0,3270.0,150784.0,0.6153846153846154,920170.0,0.0,413634510.0,77984265.0,2334850.0,0.0,200150565.0,290053530.0,492538945.0
2024-04-19,3270.0,3345.0,3215.0,3265.0,239065.0,-0.1529051987767584,22895195.0,0.0,542774635.0,212413765.0,90645765.0,0.0,524420075.0,163017755.0,778083595.0
2024-04-22,3300.0,3320.0,3270.0,3285.0,103803.0,0.6125574272588056,1753950.0,19855215.0,244676475.0,75055020.0,779680.0,14115645.0,283866685.0,42578650.0,341340660.0
2024-04-23,3270.0,3345.0,3270.0,3335.0,153434.0,1.5220700152207,13215725.0,3960000.0,402927065.0,88596970.0,10401740.0,0.0,487758875.0,10539145.0,508699760.0
2024-04-24,3335.0,3360.0,3330.0,3355.0,93202.0,0.5997001499250375,8440420.0,0.0,249107435.0,54526050.0,30105.0,0.0,272051970.0,39991830.0,312073905.0
2024-04-25,3350.0,3390.0,3345.0,3375.0,125208.0,0.5961251862891207,8801665.0,0.0,331535100.0,81502405.0,7315390.0,0.0,393233660.0,21290120.0,421839170.0
2024-04-26,3390.0,3390.0,3295.0,3305.0,177917.0,-2.074074074074074,3110770.0,113220.0,558342025.0,30861605.0,2903680.0,0.0,336789270.0,252734670.0,592427620.0
2024-04-29,3305.0,3460.0,3305.0,3385.0,198743.0,2.4205748865355523,3757990.0,0.0,437507375.0,227629240.0,2731320.0,37577685.0,527233700.0,101351900.0,668894605.0
2024-04-30,3385.0,3400.0,3355.0,3380.0,246205.0,-0.14771048744460857,133429110.0,0.0,545717705.0,152742760.0,59810980.0,0.0,690847055.0,81231540.0,831889575.0
2024-05-02,3380.0,3385.0,3325.0,3375.0,98639.0,-0.14792899408284024,6375880.0,0.0,299286330.0,26272450.0,671405.0,0.0,212371515.0,118891740.0,331934660.0
2024-05-03,3375.0,3410.0,3365.0,3370.0,98901.0,-0.14814814814814814,17089235.0,0.0,277734845.0,39588670.0,2748555.0,0.0,312920985.0,18743210.0,334412750.0
2024-05-07,3380.0,3400.0,3335.0,3370.0,156459.0,0.0,5264485.0,0.0,481394515.0,39358090.0,14329820.0,0.0,331958760.0,179728510.0,526017090.0
2024-05-08,3350.0,3425.0,3350.0,3410.0,151085.0,1.1869436201780417,1813795.0,0.0,336230630.0,174749375.0,388075.0,0.0,489769295.0,22636430.0,512793800.0
2024-05-09,3400.0,3460.0,3380.0,3400.0,223068.0,-0.2932551319648094,9748710.0,3649840.0,626886200.0,122092400.0,7593985.0,3607400.0,616227010.0,134948755.0,762377150.0
2024-05-10,3395.0,3425.0,3350.0,3355.0,159366.0,-1.3235294117647058,4348740.0,0.0,501462925.0,31993885.0,5192760.0,0.0,308365140.0,224247650.0,537805550.0
2024-05-13,3360.0,3365.0,3310.0,3310.0,129560.0,-1.3412816691505216,40060785.0,0.0,382419805.0,9086730.0,30972605.0,0.0,274310130.0,126284585.0,431567320.0
2024-05-14,3315.0,3345.0,3305.0,3315.0,110555.0,0.1510574018126888,5455510.0,0.0,233727330.0,128334140.0,85737160.0,0.0,238216365.0,43563455.0,367516980.0
2024-05-16,3325.0,3350.0,3255.0,3265.0,435552.0,-1.5082956259426847,45765.0,16708875.0,1394984955.0,15959155.0,20480730.0,0.0,597103085.0,810114935.0,1427698750.0
2024-05-17,3265.0,3270.0,3205.0,3215.0,371426.0,-1.5313935681470139,2373175.0,11476995.0,1096671110.0,87595790.0,2485380.0,0.0,731892230.0,463739460.0,1198117070.0
2024-05-20,3245.0,3250.0,3200.0,3200.0,211114.0,-0.46656298600311047,10602480.0,0.0,626877810.0,41760665.0,17779100.0,0.0,386424730.0,275037125.0,679240955.0
2024-05-21,3200.0,3220.0,3175.0,3180.0,212661.0,-0.625,2318380.0,0.0,643372030.0,32614875.0,16381715.0,0.0,371436970.0,290486600.0,678305285.0
2024-05-22,3180.0,3230.0,3180.0,3225.0,139264.0,1.4150943396226416,1433640.0,0.0,409860220.0,35502230.0,103085.0,0.0,243903255.0,202789750.0,446796090.0
2024-05-23,3205.0,3205.0,3170.0,3180.0,143685.0,-1.3953488372093024,3619985.0,0.0,428105905.0,25421905.0,1103475.0,0.0,209961895.0,246082425.0,457147795.0
2024-05-24,3175.0,3175.0,3100.0,3130.0,302870.0,-1.5723270440251573,2568465.0,3130.0,898727415.0,45310430.0,2109600.0,31300.0,590340475.0,354128065.0,946609440.0
2024-05-27,3130.0,3160.0,3100.0,3150.0,167145.0,0.6389776357827476,432265.0,20948400.0,388141150.0,113328700.0,3591735.0,0.0,456382415.0,62876365.0,522850515.0
2024-05-28,3150.0,3200.0,3150.0,3165.0,218192.0,0.4761904761904762,3428690.0,2222500.0,624651135.0,63139610.0,557090.0,0.0,483279905.0,209604940.0,693441935.0
2024-05-29,3150.0,3155.0,3100.0,3110.0,195629.0,-1.7377567140600316,9954685.0,15020500.0,550016835.0,35525715.0,8127070.0,0.0,388916035.0,213474630.0,610517735.0
2024-05-30,3100.0,3120.0,3055.0,3055.0,217750.0,-1.7684887459807075,2156965.0,30680000.0,560113515.0,76063645.0,1989780.0,0.0,471151950.0,195872395.0,669014125.0
2024-05-31,3055.0,3085.0,3055.0,3075.0,112666.0,0.6546644844517185,12355150.0,612250.0,276299360.0,56331850.0,30711180.0,0.0,223444615.0,91442815.0,345598610.0
2024-06-03,3080.0,3120.0,3060.0,3120.0,177101.0,1.4634146341463417,25350510.0,3085000.0,297748395.0,220957165.0,1615785.0,0.0,342652020.0,202873265.0,547141070.0
2024-06-04,3125.0,3135.0,3075.0,3075.0,226372.0,-1.4423076923076923,6311415.0,268200.0,577147555.0,117065400.0,6946670.0,0.0,415106505.0,278739395.0,700792570.0
2024-06-05,3090.0,3095.0,3065.0,3080.0,94783.0,0.16260162601626016,1935180.0,0.0,257619570.0,32069305.0,335210.0,0.0,181119500.0,110169345.0,291624055.0
2024-06-07,3075.0,3105.0,3065.0,3085.0,98288.0,0.16233766233766234,784915.0,0.0,272191320.0,29648430.0,175885.0,0.0,178144830.0,124303950.0,302624665.0
2024-06-10,3060.0,3085.0,3055.0,3080.0,71412.0,-0.1620745542949757,1475300.0,0.0,192020075.0,25751180.0,8245630.0,0.0,152954030.0,58046895.0,219246555.0
2024-06-11,3070.0,3100.0,3070.0,3080.0,92653.0,0.0,2933070.0,0.0,244379755.0,38316310.0,715700.0,0.0,207774475.0,77138960.0,285629135.0
2024-06-12,3080.0,3110.0,3075.0,3090.0,126453.0,0.3246753246753247,664605.0,0.0,320655880.0,69838905.0,386355.0,0.0,290675315.0,100097720.0,391159390.0
2024-06-13,3095.0,3110.0,3070.0,3075.0,90969.0,-0.48543689320388345,4586670.0,0.0,263189045.0,12589545.0,5405135.0,0.0,198114875.0,76845250.0,280365260.0
2024-06-14,3075.0,3125.0,3075.0,3115.0,181833.0,1.3008130081300813,3729345.0,0.0,424671790.0,134423985.0,74700865.0,0.0,480189090.0,7935165.0,562825120.0
2024-06-17,3140.0,3150.0,3090.0,3150.0,161625.0,1.1235955056179776,1417260.0,0.0,463186210.0,39227680.0,158600.0,157000.0,371765700.0,131749850.0,503831150.0
2024-06-18,3155.0,3250.0,3100.0,3125.0,868656.0,-0.7936507936507936,25814490.0,0.0,2220086660.0,517896250.0,852995210.0,637305.0,1439009470.0,471155415.0,2763797400.0
2024-06-19,3135.0,3300.0,3020.0,3030.0,915634.0,-3.04,25364525.0,9151500.0,2440046885.0,386607260.0,842607635.0,0.0,1630385495.0,388177040.0,2861170170.0
2024-06-20,3020.0,3100.0,3020.0,3060.0,224993.0,0.9900990099009901,3738215.0,162005755.0,354276080.0,170150125.0,2426040.0,64470.0,623046150.0,64633515.0,690170175.0
2024-06-21,3065.0,3070.0,3030.0,3050.0,137244.0,-0.32679738562091504,316290.0,57760.0,350741315.0,66062445.0,356755.0,0.0,243109180.0,173711875.0,417177810.0
2024-06-24,3040.0,3045.0,2990.0,3000.0,207923.0,-1.639344262295082,93615.0,0.0,617098935.0,8726680.0,102340.0,93050.0,512070120.0,113653720.0,625919230.0
2024-06-25,3000.0,3015.0,2975.0,2985.0,162780.0,-0.5,141295.0,0.0,462624925.0,23071080.0,2647805.0,0.0,448228875.0,34960620.0,485837300.0
2024-06-26,2985.0,3005.0,2975.0,2980.0,100519.0,-0.16750418760469013,161325.0,0.0,283599755.0,16444120.0,619905.0,0.0,243907580.0,55677715.0,300205200.0
2024-06-27,2955.0,2990.0,2935.0,2980.0,93574.0,0.0,4307055.0,103425.0,259439665.0,12933010.0,2157780.0,0.0,244323555.0,30301820.0,276783155.0
2024-06-28,2985.0,3015.0,2970.0,3000.0,86090.0,0.6711409395973155,25464440.0,0.0,192329925.0,39606750.0,30129405.0,0.0,188299720.0,38971990.0,257401115.0
2024-07-01,3000.0,3010.0,2975.0,2995.0,49674.0,-0.16666666666666669,68870.0,0.0,141737320.0,6793810.0,137780.0,0.0,135668970.0,12793250.0,148600000.0
2024-07-02,2980.0,3005.0,2955.0,2960.0,91988.0,-1.1686143572621035,6119365.0,0.0,246852855.0,19940870.0,5308245.0,0.0,230640780.0,36964065.0,272913090.0
2024-07-03,2945.0,2985.0,2940.0,2950.0,122441.0,-0.33783783783783783,7298250.0,0.0,320714845.0,34397130.0,6743865.0,889500.0,305099555.0,49677305.0,362410225.0
2024-07-04,2930.0,2950.0,2920.0,2930.0,108344.0,-0.6779661016949152,3707125.0,0.0,291771905.0,22722135.0,1023010.0,0.0,269861520.0,47316635.0,318201165.0
2024-07-05,2930.0,2950.0,2910.0,2915.0,110488.0,-0.5119453924914675,7442355.0,0.0,301984150.0,13772505.0,4452970.0,0.0,306156920.0,12589120.0,323199010.0
2024-07-08,2915.0,2940.0,2915.0,2925.0,69917.0,0.34305317324185247,17515.0,2043420.0,194694185.0,7321950.0,61320355.0,0.0,139628140.0,3128575.0,204077070.0
2024-07-09,2915.0,2940.0,2915.0,2935.0,61523.0,0.3418803418803419,2148380.0,0.0,147569325.0,30179430.0,249125.0,0.0,153159595.0,26488415.0,179897135.0
2024-07-10,2935.0,2935.0,2920.0,2925.0,75816.0,-0.34071550255536626,1591310.0,0.0,188146175.0,32008280.0,239455.0,0.0,187025040.0,34481270.0,221745765.0
2024-07-11,2935.0,2935.0,2925.0,2930.0,50196.0,0.17094017094017094,14645.0,0.0,144039405.0,2947570.0,4283545.0,0.0,139075655.0,3642420.0,147001620.0
2024-07-12,2920.0,2960.0,2920.0,2930.0,90737.0,0.0,8048725.0,0.0,239920680.0,18107460.0,78227345.0,0.0,160291320.0,27558200.0,266076865.0
2024-07-15,2935.0,2950.0,2930.0,2945.0,61765.0,0.5119453924914675,259025.0,0.0,178822640.0,2338530.0,514735.0,0.0,155258235.0,25647225.0,181420195.0
2024-07-16,2945.0,2960.0,2935.0,2950.0,63295.0,0.1697792869269949,726170.0,0.0,185389885.0,616300.0,1551870.0,0.0,176907710.0,8272775.0,186732355.0
2024-07-17,2950.0,2955.0,2930.0,2945.0,81068.0,-0.1694915254237288,670285.0,10284260.0,184127805.0,43189325.0,200200.0,0.0,214503480.0,23567995.0,238271675.0
2024-07-18,2925.0,2940.0,2905.0,2920.0,86066.0,-0.8488964346349746,733310.0,3945960.0,221450720.0,25106730.0,3740610.0,0.0,205388515.0,42107595.0,251236720.0
2024-07-19,2930.0,2940.0,2890.0,2900.0,110283.0,-0.684931506849315,1086070.0,9178610.0,299581035.0,10083860.0,846610.0,0.0,261262895.0,57820070.0,319929575.0
2024-07-22,2885.0,2925.0,2850.0,2865.0,110871.0,-1.206896551724138,14612795.0,24405565.0,258094865.0,21706380.0,10657755.0,0.0,274906485.0,33255365.0,318819605.0
2024-07-23,2855.0,2885.0,2850.0,2865.0,61415.0,0.0,200480.0,0.0,157405335.0,17999535.0,2681875.0,0.0,159999305.0,12924170.0,175605350.0
2024-07-24,2830.0,2870.0,2830.0,2860.0,65974.0,-0.17452006980802792,1388075.0,0.0,159628340.0,26929860.0,3404475.0,0.0,177036005.0,7505795.0,187946275.0
2024-07-25,2835.0,2855.0,2800.0,2830.0,107592.0,-1.048951048951049,2294875.0,0.0,267448830.0,33725680.0,4385165.0,0.0,233387815.0,65696405.0,303469385.0
2024-07-26,2830.0,2850.0,2810.0,2830.0,64123.0,0.0,127700.0,0.0,124278675.0,57133270.0,1585025.0,0.0,174032300.0,5922320.0,181539645.0
2024-07-29,2825.0,2890.0,2820.0,2865.0,51792.0,1.2367491166077738,3218620.0,0.0,118362750.0,26556995.0,3642285.0,0.0,120707865.0,23788215.0,148138365.0
2024-07-30,2880.0,2880.0,2840.0,2845.0,55675.0,-0.6980802792321117,12516050.0,0.0,103965625.0,42203460.0,17516865.0,0.0,94034565.0,47133705.0,158685135.0
2024-07-31,2835.0,2880.0,2810.0,2835.0,111598.0,-0.35149384885764495,33214205.0,0.0,252888930.0,30724065.0,77340120.0,0.0,165011015.0,74476065.0,316827200.0
2024-08-01,2825.0,2900.0,2825.0,2880.0,52727.0,1.5873015873015872,8567420.0,0.0,87416235.0,55416685.0,3070235.0,0.0,120910700.0,27419405.0,151400340.0
2024-08-02,2845.0,2885.0,2820.0,2820.0,67914.0,-2.083333333333333,179295.0,0.0,172905740.0,19595710.0,443365.0,0.0,129491265.0,62746115.0,192680745.0
2024-08-05,2810.0,2810.0,2450.0,2455.0,527537.0,-12.943262411347517,55494435.0,198800.0,1229673645.0,91245410.0,17478160.0,0.0,983491570.0,375642560.0,1376612290.0
2024-08-06,2420.0,2645.0,2420.0,2570.0,296158.0,4.684317718940937,16490385.0,0.0,475991530.0,255845960.0,14578680.0,207200.0,672943535.0,60598460.0,748327875.0
2024-08-07,2550.0,2645.0,2550.0,2580.0,107769.0,0.38910505836575876,28491240.0,0.0,177753690.0,74290730.0,29424535.0,0.0,196448665.0,54662460.0,280535660.0
2024-08-08,2580.0,2600.0,2520.0,2570.0,56269.0,-0.3875968992248062,2531975.0,0.0,96768965.0,45560915.0,2500240.0,0.0,112245035.0,30116580.0,144861855.0
2024-08-09,2590.0,2685.0,2590.0,2675.0,76258.0,4.085603112840467,2287675.0,0.0,158318880.0,41441110.0,106225.0,0.0,168952355.0,32989085.0,202047665.0
2024-08-12,2675.0,2735.0,2660.0,2715.0,42373.0,1.4953271028037385,5839775.0,0.0,97999600.0,11160730.0,176655.0,0.0,98404250.0,16419200.0,115000105.0
2024-08-13,2720.0,2835.0,2680.0,2680.0,311888.0,-1.289134438305709,18530860.0,15060950.0,734016360.0,88122060.0,15519540.0,1556320.0,553422085.0,285232285.0,855730230.0
2024-08-14,2715.0,2730.0,2680.0,2715.0,79485.0,1.3059701492537312,16689870.0,0.0,138584425.0,59590950.0,14801060.0,0.0,181163315.0,18900870.0,214865245.0
2024-08-16,2715.0,2735.0,2685.0,2700.0,79624.0,-0.5524861878453038,21640.0,0.0,191040830.0,23912680.0,3619435.0,0.0,181865730.0,29489985.0,214975150.0
2024-08-19,2685.0,2720.0,2660.0,2665.0,63825.0,-1.2962962962962963,10231675.0,0.0,134038240.0,26846660.0,6233440.0,0.0,140914945.0,23968190.0,171116575.0
2024-08-20,2665.0,2715.0,2665.0,2700.0,51871.0,1.3133208255159476,123555.0,0.0,67486445.0,71290630.0,5646345.0,0.0,113991925.0,19262360.0,138900630.0
2024-08-21,2685.0,2740.0,2675.0,2710.0,54111.0,0.3703703703703704,257500.0,0.0,110675975.0,35266495.0,2245230.0,0.0,103248805.0,40705935.0,146199970.0
2024-08-22,2710.0,2745.0,2685.0,2725.0,80740.0,0.5535055350553505,6344305.0,4054895.0,193244715.0,15607150.0,6775405.0,0.0,147046165.0,65429495.0,219251065.0
2024-08-23,2650.0,2765.0,2650.0,2730.0,78492.0,0.1834862385321101,9740835.0,0.0,164449610.0,39349095.0,10404260.0,0.0,155095095.0,48040185.0,213539540.0
2024-08-26,2740.0,2790.0,2700.0,2700.0,39974.0,-1.098901098901099,2344740.0,0.0,95842650.0,10437460.0,7764635.0,0.0,88762745.0,12097470.0,108624850.0
2024-08-27,2700.0,2745.0,2700.0,2710.0,45561.0,0.3703703703703704,203260.0,0.0,104403380.0,19119200.0,8032725.0,0.0,97557540.0,18135575.0,123725840.0
2024-08-28,2700.0,2725.0,2685.0,2725.0,35934.0,0.5535055350553505,8824025.0,0.0,87326210.0,1040215.0,1388865.0,0.0,75578950.0,20222635.0,97190450.0
2024-08-29,2725.0,2725.0,2685.0,2685.0,52487.0,-1.4678899082568808,186450.0,0.0,139446415.0,1833600.0,1606535.0,0.0,122964550.0,16895380.0,141466465.0
2024-08-30,2685.0,2720.0,2680.0,2715.0,36303.0,1.1173184357541899,251335.0,0.0,79615655.0,18127035.0,145960.0,9324170.0,75419805.0,13104090.0,97994025.0
2024-09-02,2715.0,2715.0,2685.0,2705.0,29291.0,-0.3683241252302026,113385.0,0.0,76798680.0,2119210.0,148315.0,2539890.0,66215240.0,10127830.0,79031275.0
2024-09-03,2690.0,2715.0,2680.0,2695.0,42423.0,-0.36968576709796674,3636160.0,685820.0,91512780.0,18640420.0,12969675.0,4387510.0,86542190.0,10575805.0,114475180.0
2024-09-04,2650.0,2670.0,2610.0,2645.0,105464.0,-1.855287569573284,6483755.0,58718570.0,170619095.0,42817835.0,11515920.0,0.0,171085300.0,96038035.0,278639255.0
2024-09-05,2635.0,2665.0,2620.0,2630.0,42372.0,-0.5671077504725899,558255.0,22993385.0,86988630.0,1084790.0,3295805.0,0.0,71980385.0,36348870.0,111625060.0
2024-09-06,2610.0,2645.0,2540.0,2540.0,169253.0,-3.4220532319391634,21278660.0,58287225.0,294894100.0,60249520.0,18286230.0,0.0,353481975.0,62941300.0,434709505.0
2024-09-09,2495.0,2540.0,2485.0,2530.0,101034.0,-0.39370078740157477,14054785.0,0.0,195068145.0,44754260.0,8796735.0,0.0,213693285.0,31387170.0,253877190.0
2024-09-10,2510.0,2550.0,2510.0,2535.0,73077.0,0.1976284584980237,584100.0,0.0,169691485.0,15094155.0,162295.0,0.0,145383080.0,39824365.0,185369740.0
2024-09-11,2510.0,2550.0,2510.0,2520.0,69926.0,-0.591715976331361,116410.0,0.0,171447215.0,5462215.0,801515.0,0.0,120362905.0,55861420.0,177025840.0
2024-09-12,2515.0,2835.0,2515.0,2610.0,710214.0,3.571428571428571,96941310.0,6438440.0,1361430665.0,421514220.0,41244490.0,4514800.0,1495352995.0,345212350.0,1886324635.0
2024-09-13,2610.0,2620.0,2570.0,2600.0,81113.0,-0.38314176245210724,1895305.0,0.0,197615080.0,10960230.0,6964740.0,0.0,156760965.0,46744910.0,210470615.0
2024-09-19,2630.0,2635.0,2560.0,2580.0,78393.0,-0.7692307692307693,116850.0,0.0,193022635.0,9429875.0,1352375.0,0.0,131706160.0,69510825.0,202569360.0
2024-09-20,2585.0,2630.0,2585.0,2620.0,74021.0,1.550387596899225,6134370.0,6535285.0,110895985.0,69565330.0,2842990.0,182700.0,175683095.0,14422185.0,193130970.0
2024-09-23,2605.0,2635.0,2605.0,2620.0,50256.0,0.0,937965.0,0.0,122627335.0,7801790.0,435645.0,0.0,104498225.0,26433220.0,131367090.0
2024-09-24,2595.0,2655.0,2595.0,2655.0,109574.0,1.3358778625954197,6180365.0,0.0,166851055.0,115835490.0,210970.0,0.0,243802025.0,44853915.0,288866910.0
2024-09-25,2650.0,2685.0,2620.0,2650.0,114231.0,-0.18832391713747645,13437865.0,0.0,228168345.0,61451140.0,5232345.0,0.0,252319495.0,45505510.0,303057350.0
2024-09-26,2665.0,2710.0,2645.0,2685.0,73200.0,1.3207547169811322,656280.0,0.0,115985480.0,78843990.0,6661430.0,0.0,162783780.0,26040540.0,195485750.0
2024-09-27,2665.0,2780.0,2660.0,2715.0,184288.0,1.1173184357541899,1471865.0,1994700.0,380590200.0,117360755.0,3005240.0,0.0,474051765.0,24360515.0,501417520.0
2024-09-30,2765.0,2770.0,2615.0,2665.0,104190.0,-1.841620626151013,19865470.0,1335000.0,247269120.0,9366365.0,15766035.0,0.0,191599435.0,70470485.0,277835955.0
2024-10-02,2640.0,2645.0,2600.0,2615.0,72464.0,-1.876172607879925,514170.0,0.0,136359215.0,52863160.0,6029735.0,0.0,128710170.0,54996640.0,189736545.0
2024-10-04,2585.0,2640.0,2585.0,2605.0,42160.0,-0.3824091778202677,304525.0,0.0,76358940.0,33666990.0,9295875.0,0.0,70312015.0,30722565.0,110330455.0
2024-10-07,2685.0,2685.0,2615.0,2655.0,47176.0,1.9193857965451053,6148410.0,2649585.0,85437965.0,30965445.0,6392615.0,0.0,95048225.0,23760565.0,125201405.0
2024-10-08,2645.0,2685.0,2635.0,2655.0,48946.0,0.0,8859660.0,2650000.0,98346335.0,20078040.0,3597575.0,0.0,89077190.0,37259270.0,129934035.0
2024-10-10,2690.0,2695.0,2625.0,2640.0,71119.0,-0.5649717514124294,4848965.0,0.0,177961070.0,5465065.0,3357915.0,0.0,134675855.0,50241330.0,188275100.0
2024-10-11,2660.0,2660.0,2615.0,2640.0,42700.0,0.0,1386245.0,2645000.0,105167155.0,3190395.0,205695.0,0.0,62292315.0,49890785.0,112388795.0
2024-10-14,2615.0,2625.0,2575.0,2605.0,58396.0,-1.3257575757575757,16387980.0,0.0,124737530.0,10694280.0,22382500.0,26064100.0,86942085.0,16431105.0,151819790.0
2024-10-15,2590.0,2630.0,2590.0,2615.0,44465.0,0.3838771593090211,2192280.0,0.0,95065230.0,18909470.0,2380155.0,0.0,101981810.0,11805015.0,116166980.0
2024-10-16,2615.0,2630.0,2585.0,2620.0,35323.0,0.19120458891013384,4875580.0,0.0,74559335.0,12790840.0,3567365.0,0.0,74683735.0,13974655.0,92225755.0
2024-10-17,2620.0,2650.0,2595.0,2615.0,37841.0,-0.19083969465648853,887660.0,0.0,97393890.0,678580.0,954445.0,0.0,78523335.0,19482350.0,98960130.0
2024-10-18,2620.0,2645.0,2600.0,2640.0,58430.0,0.9560229445506693,7706995.0,0.0,68923335.0,76949785.0,160820.0,0.0,123348920.0,30070375.0,153580115.0
2024-10-21,2615.0,2780.0,2615.0,2650.0,343635.0,0.3787878787878788,10779945.0,0.0,787078655.0,131897365.0,7305075.0,0.0,787737480.0,134713410.0,929755965.0
2024-10-22,2635.0,2645.0,2500.0,2580.0,109823.0,-2.6415094339622645,14792075.0,2003440.0,250200545.0,17069390.0,17022815.0,0.0,242775075.0,24267560.0,284065450.0
2024-10-23,2560.0,2665.0,2560.0,2590.0,83076.0,0.3875968992248062,20327680.0,0.0,170048075.0,25859020.0,19654840.0,0.0,145604940.0,50974995.0,216234775.0
2024-10-24,2595.0,2610.0,2565.0,2580.0,69330.0,-0.3861003861003861,10919875.0,0.0,130630015.0,37634975.0,10459035.0,0.0,158906700.0,9819130.0,179184865.0
2024-10-25,2580.0,2635.0,2540.0,2565.0,97513.0,-0.5813953488372093,8570085.0,0.0,203056365.0,38626485.0,6665160.0,0.0,213232555.0,30355220.0,250252935.0
2024-10-28,2550.0,2660.0,2550.0,2610.0,73719.0,1.7543859649122806,11983600.0,0.0,131423720.0,48762380.0,7222410.0,0.0,167676175.0,17271115.0,192169700.0
2024-10-29,2595.0,2630.0,2560.0,2625.0,59907.0,0.5747126436781609,4505370.0,0.0,123961560.0,27152640.0,7340730.0,0.0,134067585.0,14211255.0,155619570.0
2024-10-30,2605.0,2650.0,2605.0,2635.0,56609.0,0.38095238095238093,1241335.0,0.0,94716120.0,53295025.0,49920.0,0.0,145082810.0,4119750.0,149252480.0
2024-10-31,2625.0,2625.0,2580.0,2615.0,96537.0,-0.7590132827324478,20364320.0,0.0,190130315.0,40885560.0,18916590.0,0.0,217449260.0,15014345.0,251380195.0
2024-11-01,2610.0,2645.0,2595.0,2640.0,91056.0,0.9560229445506693,13263405.0,3168000.0,101614110.0,120459870.0,17491235.0,0.0,178648945.0,42365205.0,238505385.0
2024-11-04,2645.0,2660.0,2610.0,2660.0,64243.0,0.7575757575757576,1324020.0,1251195.0,156920760.0,10065715.0,155555.0,0.0,155567355.0,13838780.0,169561690.0
2024-11-05,2655.0,2720.0,2655.0,2670.0,97670.0,0.37593984962406013,8779940.0,0.0,241664305.0,12066185.0,2333775.0,0.0,227771980.0,32404675.0,262510430.0
2024-11-06,2695.0,2705.0,2610.0,2635.0,86379.0,-1.3108614232209739,10210580.0,0.0,190937630.0,27999425.0,7337215.0,0.0,175074935.0,46735485.0,229147635.0
2024-11-07,2640.0,2655.0,2600.0,2615.0,72131.0,-0.7590132827324478,5966760.0,0.0,132105655.0,50687860.0,6177110.0,0.0,166506390.0,16076775.0,188760275.0
2024-11-08,2595.0,2640.0,2595.0,2600.0,41372.0,-0.5736137667304015,335885.0,0.0,97421585.0,10156845.0,4031445.0,0.0,94393940.0,9488930.0,107914315.0
2024-11-11,2600.0,2610.0,2550.0,2550.0,101440.0,-1.9230769230769231,1495170.0,0.0,258577060.0,51200.0,7675000.0,1226980.0,166368810.0,84852640.0,260123430.0
2024-11-12,2520.0,2555.0,2480.0,2480.0,136199.0,-2.7450980392156863,2019730.0,0.0,305723915.0,33349340.0,1967435.0,0.0,291909015.0,47216535.0,341092985.0
2024-11-13,2480.0,2480.0,2385.0,2425.0,170013.0,-2.217741935483871,7519250.0,12100000.0,343736390.0,46881010.0,7954270.0,0.0,385299240.0,16983140.0,410236650.0
2024-11-14,2425.0,2465.0,2400.0,2410.0,121892.0,-0.6185567010309279,8703010.0,0.0,243257635.0,43908430.0,945625.0,0.0,287783410.0,7140040.0,295869075.0
2024-11-15,2400.0,2455.0,2350.0,2415.0,186492.0,0.2074688796680498,12126230.0,2004100.0,316243550.0,116041805.0,11772550.0,0.0,368435100.0,66208035.0,446415685.0
2024-11-18,2410.0,2470.0,2405.0,2460.0,48114.0,1.8633540372670807,25610210.0,0.0,86215420.0,5954605.0,989375.0,0.0,96118400.0,20672460.0,117780235.0
2024-11-19,2475.0,2475.0,2445.0,2455.0,40806.0,-0.20325203252032523,832430.0,0.0,86435725.0,12856980.0,1867140.0,0.0,85047025.0,13210970.0,100125135.0
2024-11-20,2450.0,2470.0,2445.0,2460.0,25910.0,0.20366598778004072,27085.0,0.0,60807565.0,2865245.0,2305170.0,0.0,54071285.0,7323440.0,63699895.0
2024-11-21,2450.0,2485.0,2450.0,2480.0,41461.0,0.8130081300813009,4683790.0,0.0,96322875.0,1642560.0,2714335.0,0.0,92247150.0,7687740.0,102649225.0
2024-11-22,2495.0,2495.0,2465.0,2480.0,64408.0,0.0,3409585.0,0.0,142669270.0,13694820.0,1691360.0,744000.0,147735735.0,9602580.0,159773675.0
2024-11-25,2485.0,2505.0,2485.0,2495.0,52910.0,0.6048387096774194,1553565.0,0.0,101947160.0,28553605.0,399225.0,0.0,126995485.0,4659620.0,132054330.0
2024-11-26,2495.0,2530.0,2485.0,2525.0,96868.0,1.2024048096192386,17403330.0,0.0,153866085.0,71612865.0,13085035.0,0.0,228676660.0,1120585.0,242882280.0
2024-11-27,2525.0,2595.0,2525.0,2580.0,95202.0,2.178217821782178,1906800.0,0.0,213693390.0,28657635.0,692375.0,0.0,239490785.0,4074665.0,244257825.0
2024-11-28,2580.0,2590.0,2560.0,2590.0,44506.0,0.3875968992248062,14364520.0,0.0,97929415.0,2442045.0,2134020.0,0.0,73880000.0,38721960.0,114735980.0
2024-11-29,2595.0,2595.0,2520.0,2545.0,90247.0,-1.7374517374517375,16396745.0,0.0,207126575.0,6151000.0,14314275.0,0.0,177456500.0,37903545.0,229674320.0
2024-12-02,2565.0,2570.0,2490.0,2490.0,61270.0,-2.161100196463654,415945.0,0.0,147149520.0,6410790.0,2273115.0,0.0,129779745.0,21923395.0,153976255.0
2024-12-03,2480.0,2560.0,2480.0,2540.0,94078.0,2.0080321285140563,2660940.0,0.0,147035800.0,88848030.0,2422930.0,0.0,228165960.0,7955880.0,238544770.0
2024-12-04,2495.0,2535.0,2480.0,2525.0,73491.0,-0.5905511811023622,1992435.0,2530000.0,126576595.0,53320395.0,3668800.0,0.0,157811815.0,22938810.0,184419425.0
2024-12-05,2510.0,2530.0,2445.0,2445.0,84229.0,-3.1683168316831685,4544090.0,0.0,196145465.0,8115425.0,16606990.0,0.0,107088020.0,85109970.0,208804980.0
2024-12-06,2440.0,2475.0,2375.0,2425.0,89285.0,-0.81799591002045,7311030.0,0.0,143235435.0,64654190.0,4956340.0,0.0,173812245.0,36432070.0,215200655.0
2024-12-09,2370.0,2425.0,2275.0,2305.0,205386.0,-4.948453608247423,1419975.0,0.0,454631330.0,17208790.0,633300.0,1638345.0,314041495.0,156946955.0,473260095.0
2024-12-10,2275.0,2405.0,2275.0,2405.0,117524.0,4.3383947939262475,2186800.0,86910.0,137193540.0,138210755.0,729160.0,0.0,273372210.0,3576635.0,277678005.0
2024-12-11,2370.0,2490.0,2370.0,2465.0,100719.0,2.494802494802495,9814970.0,0.0,147429860.0,89825395.0,7466615.0,0.0,214193825.0,25409785.0,247070225.0
2024-12-12,2450.0,2500.0,2410.0,2460.0,107440.0,-0.2028397565922921,14531575.0,0.0,192355050.0,55356685.0,70469690.0,2450.0,150790500.0,40980670.0,262243310.0
2024-12-13,2425.0,2535.0,2425.0,2495.0,114954.0,1.4227642276422763,12256245.0,0.0,143684220.0,131429905.0,14160210.0,44950.0,256255460.0,16909750.0,287370370.0
2024-12-16,2495.0,2525.0,2495.0,2515.0,43151.0,0.8016032064128256,4124335.0,0.0,82104080.0,21975740.0,2451185.0,0.0,93083610.0,12669360.0,108204155.0
2024-12-17,2530.0,2530.0,2485.0,2490.0,44516.0,-0.9940357852882704,1279560.0,0.0,103372235.0,6560585.0,142200.0,27590.0,84984510.0,26058080.0,111212380.0
2024-12-18,2495.0,2510.0,2460.0,2505.0,59166.0,0.6024096385542169,10079765.0,0.0,119910905.0,16772480.0,15731930.0,7470.0,81669460.0,49354290.0,146763150.0
2024-12-19,2485.0,2510.0,2475.0,2490.0,34745.0,-0.5988023952095809,615665.0,0.0,75466495.0,10350830.0,864095.0,0.0,75235590.0,10333305.0,86432990.0
2024-12-20,2485.0,2495.0,2410.0,2440.0,74709.0,-2.0080321285140563,11884010.0,0.0,154043855.0,17136745.0,5830080.0,85520.0,107498710.0,69650300.0,183064610.0
2024-12-23,2440.0,2480.0,2415.0,2455.0,149255.0,0.6147540983606558,15326145.0,0.0,187474845.0,161433485.0,23846830.0,0.0,337744935.0,2642710.0,364234475.0
2024-12-24,2440.0,2565.0,2440.0,2525.0,122437.0,2.8513238289205702,3743165.0,4007455.0,240775350.0,57291540.0,6006865.0,1975000.0,259538250.0,38297395.0,305817510.0
2024-12-26,2560.0,2560.0,2490.0,2495.0,81473.0,-1.188118811881188,384735.0,0.0,196837945.0,8039725.0,7692615.0,0.0,123004295.0,74565495.0,205262405.0
2024-12-27,2495.0,2495.0,2390.0,2410.0,114608.0,-3.406813627254509,377895.0,0.0,269401495.0,7865945.0,532690.0,0.0,167143355.0,109969290.0,277645335.0
2024-12-30,2410.0,2440.0,2395.0,2430.0,61662.0,0.8298755186721992,745220.0,0.0,138586855.0,10121000.0,711990.0,0.0,114884545.0,33856540.0,149453075.0
2025-01-02,2405.0,2425.0,2380.0,2410.0,48149.0,-0.823045267489712,628845.0,0.0,109952715.0,5282435.0,1260410.0,0.0,54882475.0,59721110.0,115863995.0
2025-01-03,2410.0,2460.0,2410.0,2450.0,49075.0,1.6597510373443984,1255655.0,0.0,87351560.0,30992335.0,0.0,0.0,93208040.0,26391510.0,119599550.0
2025-01-06,2460.0,2490.0,2445.0,2485.0,53163.0,1.4285714285714286,362590.0,0.0,81958620.0,48876555.0,360285.0,0.0,109663620.0,21173860.0,131197765.0
2025-01-07,2485.0,2515.0,2485.0,2490.0,60402.0,0.2012072434607646,1258920.0,0.0,133614575.0,16301550.0,4211230.0,0.0,138914185.0,8049630.0,151175045.0
2025-01-08,2490.0,2515.0,2480.0,2515.0,31738.0,1.0040160642570282,625530.0,29880.0,54942285.0,23926455.0,500470.0,0.0,77474755.0,1548925.0,79524150.0
2025-01-09,2495.0,2520.0,2490.0,2515.0,37403.0,0.0,345595.0,0.0,73778430.0,19503630.0,2505.0,0.0,87389575.0,6235575.0,93627655.0
2025-01-10,2515.0,2565.0,2500.0,2555.0,95664.0,1.5904572564612325,138935.0,0.0,181367470.0,60982920.0,656465.0,0.0,239843925.0,1988935.0,242489325.0
2025-01-13,2565.0,2565.0,2475.0,2500.0,53895.0,-2.152641878669276,17615.0,0.0,130420305.0,4967535.0,1751875.0,0.0,113923745.0,19729835.0,135405455.0
2025-01-14,2510.0,2525.0,2485.0,2525.0,68022.0,1.0,7555.0,0.0,164518645.0,6265530.0,515055.0,0.0,154433195.0,15843480.0,170791730.0
2025-01-15,2525.0,2580.0,2525.0,2530.0,69606.0,0.19801980198019803,71345.0,0.0,132042645.0,45518150.0,6519170.0,0.0,165798990.0,5313980.0,177632140.0
2025-01-16,2535.0,2555.0,2535.0,2550.0,28274.0,0.7905138339920948,1198480.0,0.0,65516015.0,5237445.0,132085.0,0.0,71761475.0,58380.0,71951940.0
2025-01-17,2540.0,2585.0,2540.0,2570.0,78886.0,0.7843137254901961,1459110.0,0.0,181983285.0,18974465.0,881485.0,0.0,195717325.0,5818050.0,202416860.0
2025-01-20,2570.0,2625.0,2560.0,2610.0,146554.0,1.556420233463035,1032600.0,0.0,353499395.0,26442990.0,1101380.0,0.0,342243765.0,37629840.0,380974985.0
2025-01-21,2590.0,2600.0,2480.0,2510.0,163610.0,-3.8314176245210727,142780.0,0.0,394938295.0,16436355.0,130480.0,0.0,328432475.0,82954475.0,411517430.0
2025-01-22,2490.0,2510.0,2470.0,2495.0,56056.0,-0.5976095617529881,2108315.0,0.0,121501015.0,15771125.0,7465.0,0.0,116943335.0,22429655.0,139380455.0
2025-01-23,2485.0,2500.0,2415.0,2440.0,116882.0,-2.2044088176352705,21920.0,0.0,259329945.0,24796330.0,329440.0,0.0,243430390.0,40388365.0,284148195.0
2025-01-24,2440.0,2450.0,2405.0,2435.0,85098.0,-0.20491803278688525,9735.0,0.0,175094650.0,31093305.0,155810.0,0.0,197508100.0,8533780.0,206197690.0
2025-01-31,2430.0,2450.0,2400.0,2430.0,56180.0,-0.20533880903490762,152935.0,0.0,123471870.0,12303675.0,196815.0,0.0,83098330.0,52633335.0,135928480.0
2025-02-03,2415.0,2450.0,2355.0,2360.0,96045.0,-2.880658436213992,1352890.0,1288185.0,218769275.0,6452080.0,37790.0,0.0,146128685.0,81695955.0,227862430.0
2025-02-04,2380.0,2425.0,2365.0,2415.0,35406.0,2.330508474576271,2967780.0,0.0,58697090.0,23506785.0,637555.0,0.0,78562670.0,5971430.0,85171655.0
2025-02-05,2395.0,2445.0,2385.0,2435.0,46410.0,0.8281573498964804,99610.0,0.0,57515735.0,54944500.0,1658225.0,0.0,108670330.0,2231290.0,112559845.0
2025-02-06,2450.0,2465.0,2420.0,2430.0,48911.0,-0.20533880903490762,1489640.0,0.0,96740780.0,21088740.0,0.0,0.0,104217875.0,15101285.0,119319160.0
2025-02-07,2420.0,2450.0,2400.0,2435.0,72658.0,0.205761316872428,2656565.0,1999200.0,151339380.0,19818515.0,2358380.0,0.0,152599610.0,20855670.0,175813660.0
2025-02-10,2430.0,2430.0,2380.0,2405.0,51493.0,-1.2320328542094456,1977050.0,0.0,121569185.0,0.0,3770290.0,0.0,86979080.0,32796865.0,123546235.0
2025-02-11,2410.0,2415.0,2385.0,2400.0,47738.0,-0.2079002079002079,2065380.0,0.0,108961380.0,3381825.0,4015815.0,0.0,90597780.0,19794990.0,114408585.0
2025-02-12,2380.0,2410.0,2360.0,2395.0,80474.0,-0.20833333333333334,11895.0,0.0,187671335.0,3973540.0,589770.0,0.0,178685915.0,12381085.0,191656770.0
2025-02-13,2395.0,2415.0,2375.0,2400.0,96708.0,0.20876826722338201,55180.0,143100.0,141201560.0,89609435.0,3008815.0,0.0,223140100.0,4860360.0,231009275.0
2025-02-14,2395.0,2420.0,2385.0,2395.0,85091.0,-0.20833333333333334,4810.0,0.0,167061050.0,37235660.0,2830670.0,0.0,190140895.0,11329955.0,204301520.0
2025-02-17,2390.0,2420.0,2390.0,2415.0,33199.0,0.8350730688935281,1637360.0,0.0,63741860.0,14568525.0,1095580.0,0.0,76005165.0,2847000.0,79947745.0
2025-02-18,2415.0,2430.0,2400.0,2420.0,56472.0,0.2070393374741201,594800.0,0.0,112145175.0,23337445.0,9640.0,0.0,136067780.0,0.0,136077420.0
2025-02-19,2410.0,2445.0,2400.0,2430.0,107884.0,0.4132231404958678,585580.0,0.0,206520055.0,54918535.0,84950.0,0.0,219618740.0,42320480.0,262024170.0
2025-02-20,2425.0,2525.0,2425.0,2485.0,208443.0,2.263374485596708,7057955.0,124747920.0,295926485.0,87111140.0,1090900.0,0.0,418075880.0,95676720.0,514843500.0
2025-02-21,2490.0,2490.0,2450.0,2465.0,50447.0,-0.8048289738430584,266850.0,0.0,123998065.0,420280.0,2145590.0,0.0,78404910.0,44134695.0,124685195.0
2025-02-24,2450.0,2465.0,2430.0,2465.0,51061.0,0.0,157700.0,0.0,94743815.0,29722780.0,1075800.0,0.0,116101520.0,7446975.0,124624295.0
2025-02-25,2445.0,2465.0,2435.0,2455.0,27540.0,-0.4056795131845842,734040.0,0.0,62095475.0,4655570.0,0.0,0.0,61594465.0,5890620.0,67485085.0
2025-02-26,2440.0,2460.0,2420.0,2455.0,78047.0,0.0,9720.0,0.0,182743330.0,7336015.0,22567115.0,0.0,157582255.0,9939695.0,190089065.0
2025-02-27,2455.0,2455.0,2415.0,2450.0,40547.0,-0.20366598778004072,5599645.0,0.0,89096610.0,4028080.0,2915660.0,0.0,93092845.0,2715830.0,98724335.0
2025-02-28,2425.0,2435.0,2365.0,2400.0,115509.0,-2.0408163265306123,3623550.0,0.0,271458905.0,1245930.0,6524405.0,0.0,132758410.0,137045570.0,276328385.0
2025-03-04,2400.0,2405.0,2340.0,2395.0,179958.0,-0.20833333333333334,2227865.0,120456000.0,281029487.0,24177455.0,496372.0,0.0,305603668.0,121790767.0,427890807.0
2025-03-05,2365.0,2405.0,2365.0,2390.0,75716.0,-0.20876826722338201,354170.0,0.0,130820243.0,49797180.0,6316632.0,0.0,123614634.0,51040327.0,180971593.0
2025-03-06,2390.0,2415.0,2380.0,2415.0,83594.0,1.0460251046025104,189897.0,62500915.0,120696476.0,16926335.0,9580.0,0.0,185561818.0,14742225.0,200313623.0
2025-03-07,2405.0,2430.0,2390.0,2410.0,62789.0,-0.2070393374741201,3542090.0,75454870.0,67485287.0,4864155.0,1041125.0,0.0,134456612.0,15848665.0,151346402.0
2025-03-10,2385.0,2415.0,2375.0,2385.0,64448.0,-1.0373443983402488,195605.0,0.0,139044223.0,14966725.0,112105.0,0.0,133571693.0,20522755.0,154206553.0
2025-03-11,2340.0,2380.0,2335.0,2365.0,92239.0,-0.8385744234800839,224680.0,2350000.0,205803452.0,8420655.0,4720.0,0.0,195726867.0,21067200.0,216798787.0
2025-03-12,2365.0,2375.0,2345.0,2350.0,45366.0,-0.6342494714587738,340810.0,0.0,103869010.0,2663130.0,7060.0,0.0,85770955.0,21094935.0,106872950.0
2025-03-13,2455.0,2455.0,2350.0,2380.0,83452.0,1.276595744680851,9535.0,0.0,170977421.0,28204875.0,744935.0,0.0,168825826.0,29621070.0,199191831.0
2025-03-14,2370.0,2400.0,2365.0,2370.0,44212.0,-0.42016806722689076,142470.0,0.0,101899257.0,3009400.0,1400670.0,0.0,92074858.0,11575599.0,105051127.0
2025-03-17,2370.0,2380.0,2355.0,2365.0,27451.0,-0.21097046413502107,153745.0,0.0,63053807.0,1719598.0,7102.0,0.0,56116061.0,8803987.0,64927150.0
2025-03-18,2355.0,2385.0,2355.0,2370.0,46986.0,0.21141649048625794,11895.0,2939300.0,98708448.0,9955995.0,604394.0,0.0,109450954.0,1560290.0,111615638.0
2025-03-19,2370.0,2380.0,2350.0,2370.0,45878.0,0.0,241990.0,0.0,96344380.0,11726680.0,28450.0,0.0,87055150.0,21229450.0,108313050.0
2025-03-20,2370.0,2380.0,2345.0,2345.0,39554.0,-1.0548523206751055,386965.0,0.0,90539337.0,2270120.0,14147.0,0.0,75906668.0,17275607.0,93196422.0
2025-03-21,2345.0,2400.0,2340.0,2355.0,158672.0,0.42643923240938164,1034395.0,119410705.0,183978935.0,72178557.0,223780.0,0.0,360006323.0,16372489.0,376602592.0
2025-03-24,2350.0,2375.0,2350.0,2365.0,33579.0,0.42462845010615713,9455.0,0.0,50607725.0,28728490.0,6853445.0,1181500.0,67228220.0,4082505.0,79345670.0
2025-03-25,2375.0,2405.0,2355.0,2365.0,127509.0,0.0,1220395.0,0.0,266146499.0,36119390.0,27370440.0,0.0,215223188.0,60892656.0,303486284.0
2025-03-26,2365.0,2405.0,2350.0,2385.0,141299.0,0.8456659619450317,987300.0,171918470.0,133727199.0,29368055.0,20785420.0,0.0,262182762.0,53032842.0,336001024.0
2025-03-27,2385.0,2400.0,2365.0,2380.0,84043.0,-0.20964360587002098,138045.0,139748510.0,31522520.0,29026305.0,41486585.0,0.0,139317840.0,19630955.0,200435380.0
2025-03-28,2380.0,2390.0,2350.0,2350.0,94076.0,-1.2605042016806722,2124074.0,98485820.0,119180753.0,3026975.0,7125390.0,0.0,170802397.0,44889835.0,222817622.0
2025-03-31,2335.0,2335.0,2260.0,2260.0,167698.0,-3.829787234042553,1124785.0,0.0,380391656.0,125940.0,822680.0,0.0,275128605.0,105691096.0,381642381.0
2025-04-01,2260.0,2305.0,2260.0,2290.0,42841.0,1.3274336283185841,475065.0,0.0,68040776.0,29400155.0,45770.0,0.0,97753776.0,116450.0,97915996.0
2025-04-02,2270.0,2305.0,2260.0,2260.0,56241.0,-1.3100436681222707,133470.0,0.0,96811087.0,30617760.0,42955.0,0.0,122903010.0,4616352.0,127562317.0
2025-04-03,2250.0,2285.0,2220.0,2255.0,65503.0,-0.22123893805309736,561800.0,0.0,87014967.0,59790642.0,227730.0,0.0,131541119.0,15598560.0,147367409.0
2025-04-04,2235.0,2390.0,2230.0,2300.0,65417.0,1.9955654101995564,565205.0,499100.0,98781648.0,49436620.0,400200.0,0.0,127834727.0,21047646.0,149282573.0
2025-04-07,2300.0,2300.0,2185.0,2185.0,111430.0,-5.0,574135.0,2200000.0,240897494.0,1984010.0,87425.0,0.0,127427459.0,118140755.0,245655639.0
2025-04-08,2200.0,2220.0,2165.0,2185.0,70244.0,0.0,4016385.0,0.0,133012664.0,17091860.0,6590.0,478485.0,75206961.0,78428873.0,154120909.0
2025-04-09,2160.0,2185.0,2070.0,2125.0,136213.0,-2.745995423340961,3014790.0,0.0,206188050.0,79173480.0,4315.0,0.0,276034170.0,12337835.0,288376320.0
2025-04-10,2165.0,2210.0,2150.0,2195.0,108539.0,3.294117647058824,3649830.0,0.0,151506399.0,81214805.0,4365.0,0.0,215322915.0,21043754.0,236371034.0
2025-04-11,2175.0,2235.0,2170.0,2230.0,80356.0,1.5945330296127564,1167023.0,0.0,111331727.0,64425595.0,0.0,0.0,172571031.0,4353314.0,176924345.0
2025-04-14,2215.0,2255.0,2215.0,2250.0,42568.0,0.8968609865470852,575970.0,6705.0,59734057.0,34849365.0,2225.0,0.0,76271367.0,18892505.0,95166097.0
2025-04-15,2255.0,2300.0,2230.0,2280.0,68082.0,1.3333333333333335,213280.0,1145735.0,128388034.0,24630030.0,47850.0,1150620.0,111152383.0,42026226.0,154377079.0
2025-04-16,2280.0,2285.0,2250.0,2260.0,25739.0,-0.8771929824561403,809105.0,0.0,48304097.0,9184031.0,565000.0,0.0,43019713.0,14712520.0,58297233.0
2025-04-17,2250.0,2315.0,2250.0,2305.0,85012.0,1.991150442477876,677610.0,5520000.0,125941322.0,62736447.0,156695.0,0.0,192545424.0,2173260.0,194875379.0
2025-04-18,2305.0,2335.0,2290.0,2310.0,34832.0,0.21691973969631237,4620.0,0.0,76604698.0,4064045.0,3598980.0,0.0,52765987.0,24308396.0,80673363.0
2025-04-21,2285.0,2345.0,2285.0,2340.0,36787.0,1.2987012987012987,11762880.0,0.0,68029529.0,5864425.0,1013195.0,69900.0,58694645.0,25879094.0,85656834.0
2025-04-22,2340.0,2350.0,2310.0,2340.0,57465.0,0.0,2159800.0,0.0,96086332.0,35713965.0,38675742.0,0.0,54393025.0,40891330.0,133960097.0
2025-04-23,2345.0,2945.0,2335.0,2420.0,21341288.0,3.418803418803419,17891415.0,55593065.0,54766678203.0,2823690969.0,1631930.0,61186600.0,54635931023.0,2965104099.0,57663853652.0
2025-04-24,2415.0,2460.0,2375.0,2385.0,775213.0,-1.4462809917355373,14410.0,2418499.0,1494215256.0,367335797.0,958840.0,1992320.0,1796556769.0,64476033.0,1863983962.0
2025-04-25,2400.0,2455.0,2380.0,2430.0,459612.0,1.8867924528301887,208955.0,9874545.0,892341787.0,209517526.0,123885.0,7922520.0,1068050568.0,35845840.0,1111942813.0
2025-04-28,2580.0,3040.0,2470.0,2920.0,28380246.0,20.16460905349794,13060.0,64316115.0,76054439578.0,4298937887.0,4730675.0,131288905.0,75443370709.0,4838316351.0,80417706640.0
2025-04-29,2920.0,3330.0,2660.0,2685.0,14321473.0,-8.047945205479452,26531385.0,48213615.0,40850952616.0,1713707467.0,2236683.0,530222094.0,40926998090.0,1179948216.0,42639405083.0
2025-04-30,2685.0,2890.0,2615.0,2630.0,7226745.0,-2.0484171322160147,16485.0,35928910.0,18047145601.0,1867244195.0,1309860.0,30490685.0,17695235589.0,2223299057.0,19950335191.0
2025-05-02,2755.0,3135.0,2710.0,2800.0,32934438.0,6.4638783269961975,1626100.0,327990133.0,90627605369.0,7163198907.0,10291795.0,431103490.0,90549479923.0,7129545301.0,98120420509.0
2025-05-07,2900.0,2985.0,2800.0,2820.0,4380034.0,0.7142857142857143,5458040.0,75688245.0,11241225923.0,1371987305.0,3350120.0,993020.0,11296347474.0,1393668899.0,12694359513.0
2025-05-08,2825.0,2910.0,2685.0,2735.0,2121956.0,-3.0141843971631204,17122853.0,29882030.0,5021747948.0,784696125.0,171684.0,31440865.0,5078764424.0,743071983.0,5853448956.0
2025-05-09,2695.0,2710.0,2595.0,2605.0,1302239.0,-4.753199268738574,1367610.0,7618040.0,3074392185.0,342825297.0,380350.0,365780.0,3156241025.0,269215977.0,3426203132.0
2025-05-12,2610.0,2645.0,2555.0,2645.0,615742.0,1.5355086372360844,624160.0,11346130.0,1363523898.0,228065325.0,1272200.0,12212305.0,1384475848.0,205599160.0,1603559513.0
2025-05-13,2630.0,2785.0,2555.0,2600.0,1599568.0,-1.7013232514177694,5190.0,2796910.0,3774496418.0,462075322.0,15609830.0,2935860.0,3600616736.0,620211414.0,4239373840.0
2025-05-14,2600.0,2610.0,2570.0,2595.0,296242.0,-0.19230769230769232,3038725.0,355385.0,653607421.0,109376035.0,267275.0,0.0,686688554.0,79421737.0,766377566.0
2025-05-15,2590.0,2665.0,2570.0,2605.0,631063.0,0.3853564547206166,1143660.0,317785310.0,973217994.0,360071430.0,17403065.0,12770050.0,1536576181.0,85469098.0,1652218394.0
2025-05-16,2615.0,2615.0,2550.0,2570.0,311861.0,-1.3435700575815739,5180.0,0.0,670273248.0,132176595.0,2142925.0,0.0,758077388.0,42234710.0,802455023.0
2025-05-19,2550.0,2685.0,2525.0,2590.0,1091920.0,0.7782101167315175,17110855.0,2886660.0,2420723419.0,407556370.0,1289835.0,9018400.0,2272022814.0,565946255.0,2848277304.0
2025-05-20,2565.0,2590.0,2510.0,2550.0,417150.0,-1.5444015444015444,1570525.0,7296625.0,701634085.0,349454895.0,1063330.0,242060.0,895369116.0,163281624.0,1059956130.0
2025-05-21,2520.0,2580.0,2520.0,2560.0,241170.0,0.39215686274509803,554365.0,0.0,296755241.0,319149940.0,5771905.0,12800.0,510642731.0,100032110.0,616459546.0
2025-05-22,2560.0,2565.0,2470.0,2495.0,410691.0,-2.5390625,179675.0,62125.0,710551064.0,318684945.0,843305.0,0.0,654018739.0,374615765.0,1029477809.0
2025-05-23,2490.0,2505.0,2465.0,2485.0,200490.0,-0.4008016032064128,213710.0,0.0,216807157.0,280559775.0,16993715.0,0.0,357289187.0,123297740.0,497580642.0
2025-05-26,2465.0,2500.0,2455.0,2490.0,168119.0,0.2012072434607646,604665.0,12275.0,265688759.0,150243595.0,453180.0,0.0,337551020.0,78545094.0,416549294.0
2025-05-27,2495.0,2525.0,2435.0,2445.0,301746.0,-1.8072289156626504,809370.0,0.0,585088886.0,158923880.0,1337130.0,4877560.0,406487999.0,332119447.0,744822136.0
2025-05-28,2460.0,2485.0,2440.0,2480.0,222156.0,1.4314928425357873,2721570.0,0.0,287417968.0,257316356.0,559745.0,0.0,440386899.0,106509250.0,547455894.0
2025-05-29,2480.0,2510.0,2475.0,2510.0,125722.0,1.2096774193548387,17504860.0,0.0,201201890.0,95220645.0,10906320.0,0.0,219144375.0,83876700.0,313927395.0
2025-05-30,2515.0,2585.0,2505.0,2530.0,544033.0,0.796812749003984,769205.0,0.0,955854797.0,431738160.0,1320648.0,63925.0,1006763989.0,380213600.0,1388362162.0
2025-06-02,2550.0,2565.0,2525.0,2555.0,202956.0,0.9881422924901186,104745.0,0.0,183340739.0,334170648.0,674400.0,2545.0,384709675.0,132229512.0,517616132.0
2025-06-04,2555.0,2570.0,2530.0,2560.0,236658.0,0.19569471624266144,71635.0,0.0,402571588.0,201914045.0,2567210.0,0.0,452434683.0,149555375.0,604557268.0
2025-06-05,2560.0,2575.0,2545.0,2570.0,206209.0,0.390625,132880.0,0.0,311267210.0,216397400.0,3659700.0,0.0,385613400.0,138524390.0,527797490.0
2025-06-09,2600.0,2605.0,2570.0,2595.0,364753.0,0.9727626459143969,529135.0,3031975.0,463247533.0,477254805.0,1147940.0,4473260.0,763454710.0,174987538.0,944063448.0
2025-06-10,2595.0,2640.0,2580.0,2615.0,324051.0,0.7707129094412332,62745.0,0.0,482235191.0,363980335.0,5183350.0,0.0,708239960.0,132854961.0,846278271.0
2025-06-11,2630.0,2640.0,2605.0,2640.0,280085.0,0.9560229445506693,392265.0,0.0,369538390.0,365975620.0,5583701.0,0.0,595760314.0,134562260.0,735906275.0
2025-06-12,2640.0,2690.0,2625.0,2680.0,311150.0,1.5151515151515151,5514370.0,0.0,433281165.0,389422205.0,4059375.0,640370.0,677711223.0,145806772.0,828217740.0
2025-06-13,2670.0,2680.0,2590.0,2645.0,372667.0,-1.3059701492537312,18883575.0,3640615.0,611304599.0,339873697.0,1388540.0,0.0,773672159.0,198641787.0,973702486.0
2025-06-16,2655.0,2665.0,2530.0,2615.0,238786.0,-1.1342155009451798,1237285.0,5349115.0,375362643.0,234299905.0,9181662.0,383095.0,432655449.0,174028742.0,616248948.0
2025-06-17,2615.0,2635.0,2565.0,2575.0,188930.0,-1.5296367112810707,1922605.0,593110.0,378012592.0,109993930.0,1444760.0,0.0,344783252.0,144294225.0,490522237.0
2025-06-18,2575.0,2625.0,2550.0,2605.0,112552.0,1.1650485436893203,836360.0,1496020.0,212757573.0,78043585.0,3441275.0,0.0,226662677.0,63029586.0,293133538.0
2025-06-19,2605.0,2650.0,2600.0,2625.0,166745.0,0.7677543186180422,131260.0,0.0,309397738.0,128794430.0,889860.0,13250.0,368929858.0,68490460.0,438323428.0
2025-06-20,2625.0,2660.0,2620.0,2650.0,203332.0,0.9523809523809524,10610.0,0.0,357792783.0,180513723.0,495545.0,0.0,495158799.0,42662772.0,538317116.0
2025-06-23,2675.0,2890.0,2660.0,2845.0,3133833.0,7.3584905660377355,705482.0,83677515.0,7295058295.0,1464886728.0,1822395.0,17162270.0,7050090979.0,1775252376.0,8844328020.0
2025-06-24,2845.0,2925.0,2775.0,2925.0,1222080.0,2.8119507908611596,21758293.0,21481130.0,2482019202.0,987798979.0,884116.0,129582140.0,3080260092.0,302331256.0,3513057604.0
2025-06-25,2930.0,2945.0,2820.0,2910.0,697695.0,-0.5128205128205128,3014059.0,17924895.0,1582150721.0,411670300.0,630559.0,156438040.0,1471633260.0,386058116.0,2014759975.0
2025-06-26,2910.0,2910.0,2800.0,2825.0,395953.0,-2.9209621993127146,1787970.0,11285000.0,865924055.0,242157543.0,460475.0,2224670.0,734342863.0,384126560.0,1121154568.0
2025-06-27,2825.0,2850.0,2735.0,2775.0,368724.0,-1.7699115044247788,324430.0,13875.0,617820503.0,407501570.0,2525245.0,0.0,733604751.0,289530382.0,1025660378.0
2025-06-30,2795.0,2855.0,2780.0,2810.0,389912.0,1.2612612612612613,6881720.0,2794260.0,883939561.0,201322655.0,778330.0,633295.0,669890682.0,423635889.0,1094938196.0
2025-07-01,2810.0,2865.0,2775.0,2845.0,374843.0,1.2455516014234875,9052430.0,0.0,768096569.0,284554721.0,1382680.0,2243555.0,805158513.0,252918972.0,1061703720.0
2025-07-02,2845.0,2850.0,2770.0,2845.0,313158.0,0.0,1376770.0,147340.0,527549309.0,349668962.0,2702705.0,28148770.0,630662027.0,217228879.0,878742381.0
2025-07-03,2860.0,2860.0,2805.0,2815.0,221675.0,-1.054481546572935,1446945.0,3504060.0,420319003.0,202143291.0,5665.0,3522600.0,422228493.0,201656541.0,627413299.0
2025-07-04,2830.0,3535.0,2820.0,3315.0,23617350.0,17.761989342806395,707660.0,80094605.0,70286724559.0,6426157529.0,6223225.0,337634440.0,68658190262.0,7791636426.0,76793684353.0
2025-07-07,3035.0,3160.0,2950.0,3000.0,8677135.0,-9.502262443438914,1692255.0,86488265.0,24147221708.0,2169505304.0,828005.0,54957925.0,23478119196.0,2871002406.0,26404907532.0
2025-07-08,2950.0,3025.0,2890.0,2930.0,2047264.0,-2.3333333333333335,5934147.0,29513750.0,4928318580.0,1047212753.0,5054647.0,22431045.0,5514636374.0,468857164.0,6010979230.0
2025-07-09,2920.0,3035.0,2885.0,2980.0,1651249.0,1.7064846416382253,1579367.0,23262900.0,3856077569.0,1015244856.0,261990.0,3593190.0,4000274590.0,892034922.0,4896164692.0
2025-07-10,2990.0,3040.0,2945.0,3010.0,954843.0,1.006711409395973,3804555.0,902950.0,2010481076.0,838497309.0,2197061.0,6000000.0,2468336368.0,377152461.0,2853685890.0
2025-07-11,3010.0,3040.0,2975.0,2980.0,739785.0,-0.9966777408637874,157035.0,39415560.0,1417631426.0,765358992.0,5386992.0,32278760.0,1943740321.0,241156940.0,2222563013.0
2025-07-14,3015.0,3515.0,3010.0,3160.0,17097731.0,6.0402684563758395,588295.0,177400405.0,47047949177.0,9347287475.0,3183819.0,332677290.0,48478609279.0,7758754964.0,56573225352.0
2025-07-15,3165.0,3205.0,3090.0,3105.0,1173023.0,-1.740506329113924,3566260.0,11956660.0,3099984483.0,551315951.0,642650.0,8393055.0,2863000756.0,794786893.0,3666823354.0
2025-07-16,3100.0,3160.0,3050.0,3075.0,884074.0,-0.966183574879227,3276350.0,13795350.0,2145217636.0,574838900.0,79980.0,11605210.0,2309639334.0,415803712.0,2737128236.0
2025-07-17,3095.0,3150.0,3075.0,3150.0,697353.0,2.4390243902439024,1927944.0,5890000.0,1943753278.0,216250755.0,125885.0,0.0,1432961878.0,734734214.0,2167821977.0
2025-07-18,3130.0,3135.0,3025.0,3045.0,612709.0,-3.3333333333333335,255885.0,10405000.0,1482136579.0,389398465.0,2225940.0,0.0,1576054543.0,303915446.0,1882195929.0
2025-07-21,3010.0,3120.0,3010.0,3045.0,419400.0,0.0,1029185.0,340240.0,927313273.0,350273836.0,1574230.0,16957120.0,1001850980.0,258574204.0,1278956534.0
2025-07-22,3045.0,3075.0,2945.0,2960.0,509051.0,-2.7914614121510675,189705.0,13074685.0,1249074317.0,260978455.0,1986205.0,13235870.0,1328455015.0,179640072.0,1523317162.0
2025-07-23,2960.0,3000.0,2930.0,2975.0,351854.0,0.5067567567567568,4530135.0,32156710.0,664570998.0,340532077.0,1711670.0,32250170.0,738869263.0,268958817.0,1041789920.0
2025-07-24,3005.0,3050.0,2925.0,2935.0,274712.0,-1.3445378151260505,5920.0,381145.0,711017160.0,107308130.0,3310695.0,382910.0,600094627.0,214924123.0,818712355.0
2025-07-25,2935.0,2950.0,2905.0,2925.0,262429.0,-0.34071550255536626,768890.0,24836950.0,501349546.0,240372680.0,116990.0,12853220.0,655586338.0,98771518.0,767328066.0
2025-07-28,2950.0,2950.0,2830.0,2850.0,305876.0,-2.564102564102564,8565.0,6766205.0,664508387.0,204161783.0,1399360.0,8830890.0,692279540.0,172935150.0,875444940.0
2025-07-29,2860.0,2895.0,2820.0,2880.0,230462.0,1.0526315789473684,5705.0,1400850.0,418287914.0,238408915.0,33616115.0,9057015.0,511194189.0,104236065.0,658103384.0
2025-07-30,2880.0,2935.0,2860.0,2890.0,150478.0,0.3472222222222222,21278520.0,0.0,320799835.0,94492835.0,2199570.0,14650.0,326403472.0,107953498.0,436571190.0
2025-07-31,2895.0,2985.0,2895.0,2955.0,204646.0,2.249134948096886,150565.0,13072500.0,366625154.0,218881227.0,232740.0,593905.0,465188591.0,132714210.0,598729446.0
2025-08-01,2925.0,2935.0,2780.0,2790.0,550715.0,-5.583756345177665,33555.0,9634585.0,1308471686.0,233702605.0,446445.0,1980900.0,955055479.0,594359607.0,1551842431.0
2025-08-04,2785.0,2900.0,2780.0,2885.0,177160.0,3.405017921146954,273925.0,994155.0,168217930.0,338724991.0,12165525.0,1662110.0,432958145.0,61425221.0,508211001.0
2025-08-05,2890.0,2935.0,2880.0,2920.0,164004.0,1.2131715771230502,22028766.0,989555.0,275592132.0,177725439.0,814610.0,14650.0,390704198.0,84802434.0,476335892.0
2025-08-06,2900.0,2985.0,2900.0,2980.0,245588.0,2.054794520547945,8830.0,2438200.0,412265127.0,309293251.0,3569995.0,2455675.0,603275648.0,114704090.0,724005408.0
2025-08-07,2955.0,3020.0,2955.0,3000.0,189147.0,0.6711409395973155,2354980.0,0.0,274629468.0,289102805.0,1103920.0,14950.0,427294478.0,137673905.0,566087253.0
2025-08-08,2990.0,3215.0,2955.0,3020.0,942959.0,0.6666666666666667,102394063.0,7222290.0,2213561460.0,561167314.0,1561360.0,5250659.0,2314012925.0,563520183.0,2884345127.0
2025-08-11,3060.0,3110.0,3030.0,3110.0,512924.0,2.980132450331126,37994907.0,3573805.0,790437585.0,746576348.0,10977720.0,6720610.0,1396160338.0,164723977.0,1578582645.0
2025-08-12,3110.0,3160.0,3050.0,3065.0,340255.0,-1.4469453376205788,827655.0,1713255.0,639956385.0,414956121.0,98125.0,2104970.0,949571187.0,105679134.0,1057453416.0
2025-08-13,3070.0,3110.0,3010.0,3110.0,292065.0,1.468189233278956,32370782.0,381920.0,463270588.0,402798361.0,1009128.0,51228149.0,579053550.0,267530824.0,898821651.0
2025-08-14,3115.0,3130.0,3085.0,3110.0,188867.0,0.0,970885.0,2551215.0,308289865.0,274155632.0,783710.0,2563475.0,485395054.0,97225358.0,585967597.0
2025-08-18,3110.0,3155.0,3085.0,3150.0,386940.0,1.2861736334405145,34706397.0,0.0,663884301.0,513576457.0,3130.0,0.0,1026285995.0,185878030.0,1212167155.0
2025-08-19,3125.0,3180.0,3090.0,3175.0,393052.0,0.7936507936507936,97762042.0,6300000.0,696641641.0,440390905.0,2003400.0,15850.0,1051854371.0,187220967.0,1241094588.0
2025-08-20,3160.0,3160.0,3075.0,3155.0,313576.0,-0.6299212598425197,1445825.0,6180000.0,579090502.0,390913565.0,10505490.0,9240000.0,780526682.0,177357720.0,977629892.0
2025-08-21,3155.0,3165.0,3050.0,3070.0,266314.0,-2.694136291600634,7672500.0,0.0,569486560.0,243111540.0,2748695.0,0.0,577022450.0,240499455.0,820270600.0
2025-08-22,3080.0,3095.0,3010.0,3050.0,135753.0,-0.6514657980456027,24360.0,15300.0,291860368.0,121389987.0,173950.0,0.0,300548423.0,112567642.0,413290015.0
2025-08-25,3035.0,3085.0,3030.0,3045.0,118615.0,-0.16393442622950818,103595.0,6080000.0,206261336.0,149386145.0,861485.0,0.0,237150630.0,123818961.0,361831076.0
2025-08-26,3045.0,3075.0,3015.0,3045.0,189803.0,0.0,6085.0,0.0,311599195.0,265925297.0,48708955.0,0.0,337398692.0,191422930.0,577530577.0
2025-08-27,3025.0,3050.0,3000.0,3010.0,159567.0,-1.1494252873563218,523770.0,0.0,309749920.0,170444075.0,279935.0,0.0,351700150.0,128737680.0,480717765.0
2025-08-28,3025.0,3025.0,2950.0,3000.0,104157.0,-0.33222591362126247,1856985.0,0.0,216930125.0,92126385.0,2985.0,8767160.0,206618490.0,95524860.0,310913495.0
2025-08-29,2980.0,3000.0,2930.0,2945.0,112036.0,-1.8333333333333333,20933185.0,0.0,290898929.0,18803895.0,153140.0,0.0,227457432.0,103025437.0,330636009.0
2025-09-01,2925.0,2985.0,2850.0,2855.0,197587.0,-3.0560271646859083,100115.0,30608100.0,441857097.0,98245190.0,5845.0,1716935.0,425462562.0,143625160.0,570810502.0
2025-09-02,2885.0,2885.0,2820.0,2840.0,116528.0,-0.5253940455341506,1064995.0,617380.0,299792967.0,29311685.0,2840.0,605085.0,232668227.0,97510875.0,330787027.0
2025-09-03,2840.0,2860.0,2815.0,2820.0,110791.0,-0.7042253521126761,124100.0,8520.0,274894019.0,38122455.0,10208711.0,0.0,173988788.0,128951595.0,313149094.0
2025-09-04,2865.0,2890.0,2830.0,2835.0,94470.0,0.5319148936170213,110600.0,5730.0,215953342.0,53353810.0,10731815.0,0.0,162492072.0,96199595.0,269423482.0
2025-09-05,2905.0,2905.0,2815.0,2815.0,130224.0,-0.7054673721340388,191455.0,8489425.0,328406890.0,31855120.0,1658035.0,0.0,213518725.0,153766130.0,368942890.0
2025-09-08,2805.0,2865.0,2800.0,2850.0,181875.0,1.2433392539964476,38533290.0,50750.0,295706320.0,178502315.0,675450.0,36920.0,400518100.0,111562205.0,512792675.0
2025-09-09,2835.0,2890.0,2830.0,2870.0,120982.0,0.7017543859649122,10512105.0,1544700.0,240696012.0,94032111.0,1464240.0,58066790.0,164599053.0,122654845.0,346784928.0
2025-09-10,2885.0,2900.0,2850.0,2895.0,127663.0,0.8710801393728222,1393320.0,0.0,234401206.0,132231648.0,702176.0,501990.0,318191798.0,48630210.0,368026174.0
2025-09-11,2900.0,3055.0,2865.0,2945.0,499924.0,1.7271157167530224,19542285.0,6689795.0,1305975087.0,147459670.0,1030695.0,6771655.0,1041759636.0,430104851.0,1479666837.0
2025-09-12,2910.0,2940.0,2880.0,2940.0,214814.0,-0.1697792869269949,1384275.0,2013145.0,430507301.0,191649675.0,4205270.0,2005660.0,526771676.0,92571790.0,625554396.0
2025-09-15,2940.0,2950.0,2900.0,2940.0,133200.0,0.0,19574766.0,0.0,292280053.0,77665700.0,1764933.0,0.0,294938732.0,92816854.0,389520519.0
2025-09-16,2940.0,2950.0,2895.0,2900.0,84542.0,-1.3605442176870748,367600.0,0.0,239045557.0,6286089.0,4171646.0,0.0,158794359.0,82733241.0,245699246.0
2025-09-17,2880.0,2915.0,2875.0,2895.0,61342.0,-0.1724137931034483,11560.0,0.0,148727885.0,28485350.0,1098445.0,0.0,126495835.0,49630515.0,177224795.0
2025-09-18,2920.0,2920.0,2850.0,2855.0,138915.0,-1.381692573402418,8635.0,0.0,328112524.0,70672910.0,790629.0,0.0,277229455.0,120773985.0,398794069.0
2025-09-19,2845.0,2905.0,2830.0,2845.0,125252.0,-0.3502626970227671,224815.0,14150.0,286400317.0,72210075.0,86260.0,0.0,222851457.0,135911640.0,358849357.0
2025-09-22,2850.0,2870.0,2800.0,2825.0,229325.0,-0.7029876977152899,2810890.0,0.0,550297613.0,93469290.0,8605245.0,0.0,451370851.0,186601697.0,646577793.0
2025-09-23,2835.0,2845.0,2760.0,2775.0,234365.0,-1.7699115044247788,8330.0,1000800.0,528749017.0,122274110.0,39652546.0,0.0,458665606.0,153714105.0,652032257.0
2025-09-24,2765.0,2775.0,2720.0,2730.0,180763.0,-1.6216216216216217,1457835.0,1013925.0,406877740.0,85131340.0,12307780.0,7939705.0,315450805.0,158782550.0,494480840.0
2025-09-25,2730.0,2755.0,2725.0,2750.0,111356.0,0.7326007326007326,156715.0,0.0,207126709.0,97865055.0,384035.0,0.0,202430804.0,102333640.0,305148479.0
2025-09-26,2750.0,2750.0,2645.0,2655.0,156527.0,-3.4545454545454546,285800.0,1011375.0,391641640.0,26847945.0,1431150.0,1001505.0,318133226.0,99220879.0,419786760.0
2025-09-29,2655.0,2715.0,2625.0,2670.0,105631.0,0.5649717514124294,11762545.0,5422805.0,171168035.0,94364405.0,1660190.0,2017225.0,134580235.0,144460140.0,282717790.0
2025-09-30,2670.0,2725.0,2625.0,2680.0,149971.0,0.37453183520599254,202550.0,1256485.0,366684652.0,33793240.0,8975280.0,0.0,182815027.0,210146620.0,401936927.0
2025-10-01,2700.0,2775.0,2650.0,2665.0,134719.0,-0.5597014925373134,2335312.0,510170.0,280199954.0,80833327.0,72651540.0,8280.0,155350873.0,135868070.0,363878763.0
2025-10-02,2670.0,2725.0,2645.0,2675.0,123443.0,0.37523452157598497,599240.0,0.0,243866822.0,86494855.0,12985232.0,488610.0,241497515.0,75989560.0,330960917.0
2025-10-10,2675.0,2685.0,2615.0,2620.0,104807.0,-2.0560747663551404,1587745.0,0.0,230189197.0,43997480.0,1234464.0,0.0,223142223.0,51397735.0,275774422.0
2025-10-13,2580.0,2610.0,2555.0,2580.0,122660.0,-1.5267175572519083,4088595.0,2160800.0,199484119.0,111272245.0,35112162.0,27968945.0,194254737.0,59669915.0,317005759.0
2025-10-14,2585.0,2640.0,2555.0,2590.0,160486.0,0.3875968992248062,3124695.0,1061375.0,253177500.0,159382725.0,10180448.0,1002980.0,235589514.0,169973353.0,416746295.0
2025-10-15,2570.0,2690.0,2570.0,2645.0,120754.0,2.1235521235521233,33457211.0,1090585.0,182559428.0,101239347.0,14644935.0,1000125.0,203274031.0,99427480.0,318346571.0
2025-10-16,2645.0,2715.0,2620.0,2660.0,138741.0,0.5671077504725899,638510.0,19301275.0,257302198.0,94822475.0,960615.0,35846255.0,227040323.0,108217265.0,372064458.0
2025-10-17,2660.0,2665.0,2615.0,2630.0,93522.0,-1.1278195488721803,3005395.0,2507315.0,199877319.0,41005050.0,76275.0,1627245.0,149161194.0,95530365.0,246395079.0
2025-10-20,2645.0,2645.0,2585.0,2615.0,91534.0,-0.5703422053231939,993665.0,995110.0,186181445.0,50286890.0,8326700.0,1002750.0,175338980.0,53788680.0,238457110.0
2025-10-21,2615.0,2645.0,2575.0,2590.0,167565.0,-0.9560229445506693,5281050.0,792560.0,386280910.0,42364255.0,115020935.0,8119435.0,205164095.0,106414310.0,434718775.0
2025-10-22,2570.0,2600.0,2525.0,2600.0,129407.0,0.3861003861003861,5549765.0,1006520.0,230159429.0,94428600.0,137740.0,2272645.0,279622930.0,49110999.0,331144314.0
2025-10-23,2590.0,2605.0,2550.0,2570.0,135811.0,-1.153846153846154,7753685.0,998400.0,295151019.0,44930060.0,326666.0,1000350.0,227938701.0,119567447.0,348833164.0
2025-10-24,2570.0,2575.0,2525.0,2545.0,148912.0,-0.9727626459143969,3252505.0,0.0,323027075.0,52130540.0,25781482.0,4312000.0,187443187.0,160873451.0,378410120.0
2025-10-27,2545.0,2580.0,2545.0,2570.0,194364.0,0.9823182711198428,18873480.0,995840.0,378614591.0,97920190.0,100449646.0,999730.0,335396614.0,59558111.0,496404101.0
2025-10-28,2545.0,2575.0,2530.0,2555.0,89315.0,-0.5836575875486382,7585785.0,0.0,192616531.0,27109815.0,12755.0,0.0,149204998.0,78094378.0,227312131.0
2025-10-29,2570.0,2570.0,2500.0,2520.0,172545.0,-1.36986301369863,7174445.0,1012525.0,376665156.0,48795219.0,317062.0,6026490.0,357576024.0,69727769.0,433647345.0
2025-10-30,2505.0,2510.0,2430.0,2460.0,226198.0,-2.380952380952381,10566055.0,1735855.0,510581958.0,34310135.0,1320804.0,2709600.0,425774338.0,127389261.0,557194003.0
2025-10-31,2440.0,2465.0,2415.0,2440.0,110376.0,-0.8130081300813009,1888575.0,2483925.0,214238592.0,50493265.0,39957592.0,2491775.0,179236095.0,47418895.0,269104357.0
2025-11-03,2440.0,2480.0,2410.0,2415.0,162660.0,-1.0245901639344261,6050455.0,9450435.0,323680749.0,55882785.0,862345.0,342300.0,316850351.0,77009428.0,395064424.0
2025-11-04,2415.0,2420.0,2390.0,2410.0,145479.0,-0.2070393374741201,12859396.0,8439245.0,217844999.0,110619025.0,6548358.0,652050.0,317954607.0,24607650.0,349762665.0
2025-11-05,2385.0,2400.0,2310.0,2370.0,169673.0,-1.6597510373443984,403325.0,4315180.0,324562890.0,70041085.0,12824610.0,0.0,268844200.0,117653670.0,399322480.0
2025-11-06,2395.0,2420.0,2340.0,2385.0,119870.0,0.6329113924050633,296669.0,1980160.0,213712755.0,70106318.0,2947845.0,13951900.0,179701197.0,89494960.0,286095902.0
2025-11-07,2385.0,2415.0,2330.0,2370.0,164949.0,-0.628930817610063,1661400.0,2583740.0,309898189.0,76163378.0,8276237.0,4278985.0,318726630.0,59024855.0,390306707.0
2025-11-10,2340.0,2450.0,2340.0,2410.0,89774.0,1.6877637130801686,1220515.0,0.0,138617049.0,76419604.0,5339265.0,12225.0,144446924.0,66458754.0,216257168.0
2025-11-11,2420.0,2500.0,2375.0,2405.0,120249.0,-0.2074688796680498,7195.0,12025.0,257861118.0,31613495.0,4376948.0,12450.0,217578873.0,67525562.0,289493833.0
2025-11-12,2435.0,2455.0,2410.0,2455.0,102722.0,2.079002079002079,20334730.0,993870.0,163106762.0,66233630.0,2450.0,997960.0,177375582.0,72293000.0,250668992.0
2025-11-13,2460.0,2475.0,2430.0,2455.0,93456.0,0.0,7179815.0,978440.0,191160723.0,28973645.0,1491075.0,982450.0,171642618.0,54176480.0,228292623.0
2025-11-14,2430.0,2465.0,2405.0,2405.0,98102.0,-2.0366598778004072,411530.0,0.0,204810492.0,33907052.0,3150810.0,0.0,125252544.0,110725720.0,239129074.0
2025-11-17,2405.0,2430.0,2395.0,2400.0,77494.0,-0.2079002079002079,24020.0,0.0,109324510.0,77016255.0,3960000.0,0.0,170078350.0,12326435.0,186364785.0
2025-11-18,2400.0,2425.0,2350.0,2365.0,88709.0,-1.4583333333333333,3178675.0,902380.0,180658850.0,25915150.0,21305.0,0.0,180965230.0,29668520.0,210655055.0
2025-11-19,2350.0,2375.0,2305.0,2320.0,154587.0,-1.9027484143763214,7080.0,2497465.0,272262418.0,86513120.0,4479995.0,3005095.0,312533436.0,41261557.0,361280083.0
2025-11-20,2315.0,2380.0,2315.0,2370.0,119819.0,2.1551724137931036,7913400.0,994280.0,130359754.0,142943290.0,360015.0,16734935.0,263480909.0,1634865.0,282210724.0
2025-11-21,2345.0,2345.0,2310.0,2340.0,63253.0,-1.2658227848101267,862685.0,511450.0,134765786.0,10890510.0,273570.0,514779.0,82536467.0,63705615.0,147030431.0
2025-11-24,2340.0,2350.0,2295.0,2300.0,53888.0,-1.7094017094017095,512980.0,1498550.0,103407350.0,19448730.0,2340.0,1004050.0,37649095.0,86212125.0,124867610.0
2025-11-25,2310.0,2360.0,2290.0,2315.0,105717.0,0.6521739130434783,296320.0,0.0,157295357.0,87168225.0,2567390.0,497725.0,185865902.0,55828885.0,244759902.0
2025-11-26,2305.0,2355.0,2305.0,2340.0,44689.0,1.079913606911447,241540.0,0.0,62770987.0,41558690.0,11809980.0,0.0,52596967.0,40164270.0,104571217.0
2025-11-27,2360.0,2360.0,2310.0,2315.0,89910.0,-1.0683760683760684,948047.0,11600.0,171389857.0,36966865.0,490800.0,11625.0,130767785.0,78046159.0,209316369.0
2025-11-28,2310.0,2350.0,2300.0,2320.0,94660.0,0.21598272138228944,858460.0,0.0,129048680.0,90240100.0,37188035.0,0.0,155247665.0,27711540.0,220147240.0
2025-12-01,2335.0,2365.0,2315.0,2320.0,78313.0,0.0,11670.0,0.0,143640561.0,39300680.0,49319816.0,0.0,108979360.0,24653735.0,182952911.0
2025-12-02,2340.0,2345.0,2305.0,2335.0,154552.0,0.646551724137931,4630.0,0.0,297468793.0,61598885.0,89572267.0,5343295.0,163235750.0,100920996.0,359072308.0
2025-12-03,2335.0,2375.0,2330.0,2365.0,67077.0,1.284796573875803,4740.0,0.0,104665205.0,53422895.0,6492870.0,0.0,131797705.0,19802265.0,158092840.0
2025-12-04,2360.0,2370.0,2335.0,2350.0,81174.0,-0.6342494714587738,14511220.0,0.0,167508918.0,8987460.0,209145.0,0.0,74603312.0,116195141.0,191007598.0
2025-12-05,2360.0,2405.0,2350.0,2395.0,102550.0,1.9148936170212765,92465.0,0.0,210660039.0,33521275.0,3380262.0,11975.0,164760440.0,76121102.0,244273779.0
2025-12-08,2405.0,2410.0,2360.0,2375.0,91591.0,-0.8350730688935281,7145.0,0.0,210666892.0,6389510.0,272905.0,0.0,120925785.0,95864857.0,217063547.0
2025-12-09,2355.0,2375.0,2345.0,2375.0,67201.0,0.0,1353003.0,11750000.0,139256296.0,6073415.0,484500.0,0.0,83180319.0,74767895.0,158432714.0
2025-12-10,2375.0,2390.0,2345.0,2345.0,42811.0,-1.263157894736842,4730.0,0.0,97991890.0,2827640.0,1030145.0,0.0,49321170.0,50472945.0,100824260.0
2025-12-11,2350.0,2385.0,2345.0,2380.0,87674.0,1.4925373134328357,14255.0,0.0,144262380.0,63509340.0,790160.0,0.0,160223505.0,46772310.0,207785975.0
2025-12-12,2380.0,2415.0,2380.0,2395.0,82840.0,0.6302521008403361,4800.0,0.0,149252782.0,49145851.0,26357147.0,0.0,141166606.0,30879680.0,198403433.0
2025-12-15,2390.0,2425.0,2360.0,2410.0,80392.0,0.6263048016701461,142160.0,9460.0,160400880.0,32304200.0,1038690.0,9540.0,168193890.0,23614580.0,192856700.0
2025-12-16,2380.0,2405.0,2365.0,2380.0,73872.0,-1.2448132780082988,923835.0,0.0,174158796.0,721375.0,92935.0,0.0,120492805.0,55218266.0,175804006.0
2025-12-17,2380.0,2405.0,2370.0,2385.0,51949.0,0.21008403361344538,791840.0,7110.0,112188125.0,10732795.0,4765.0,7170.0,76360755.0,47347180.0,123719870.0
2025-12-18,2375.0,2402.0,2360.0,2370.0,64867.0,-0.628930817610063,9520.0,0.0,144732138.0,9347680.0,616687.0,0.0,107937722.0,45534929.0,154089338.0
2025-12-19,2370.0,2410.0,2365.0,2410.0,56407.0,1.6877637130801686,406000.0,0.0,105678670.0,28299325.0,221640.0,0.0,88645745.0,45516610.0,134383995.0
2025-12-22,2410.0,2415.0,2395.0,2410.0,82963.0,0.0,4810.0,0.0,191865412.0,7520099.0,2523824.0,0.0,149503961.0,47362536.0,199390321.0
2025-12-23,2400.0,2415.0,2385.0,2390.0,60202.0,-0.8298755186721992,57565.0,0.0,132152062.0,12125120.0,313340.0,0.0,100469887.0,43551520.0,144334747.0
2025-12-24,2385.0,2405.0,2370.0,2380.0,51859.0,-0.41841004184100417,35376620.0,0.0,78617320.0,9908325.0,85690.0,0.0,89175060.0,34641515.0,123902265.0
2025-12-26,2360.0,2395.0,2345.0,2360.0,126454.0,-0.8403361344537815,1955090.0,11750000.0,271469349.0,14117341.0,9081455.0,0.0,230978115.0,59232210.0,299291780.0
2025-12-29,2340.0,2355.0,2315.0,2340.0,133357.0,-0.847457627118644,418875.0,997045.0,291530367.0,17586990.0,13578121.0,850700.0,266793006.0,29311450.0,310533277.0
2025-12-30,2325.0,2355.0,2325.0,2345.0,90732.0,0.2136752136752137,197040.0,0.0,160279465.0,51813835.0,173525.0,152100.0,207965755.0,3998960.0,212290340.0
