날짜,시가,고가,저가,종가,거래량,등락률,매수_기관합계,매수_기타법인,매수_개인,매수_외국인합계,매도_기관합계,매도_기타법인,매도_개인,매도_외국인합계,전체
2013-10-24,,,,,,,232524540,100267200,1387070080,450781200,185943660,1044000,1457343260,526312100,2170643020
2013-10-25,,,,,,,425701950,29124800,2019680640,337696900,311080750,0,1079313840,1421809700,2812204290
2013-10-28,,,,,,,477890600,18895500,1603283050,842460000,530383700,0,1026535850,1385609600,2942529150
2013-10-29,,,,,,,846382850,0,1160762910,1841622900,575541800,28056000,1294995640,1950175220,3848768660
2013-10-30,,,,,,,1012497080,0,1708905160,930360100,788868100,0,1404355940,1458538300,3651762340
2013-10-31,,,,,,,570076630,8610000,1773913710,2256433000,2262545960,0,1605668280,740819100,4609033340
2013-11-01,,,,,,,231740910,8450000,2500855380,575516800,1697006900,105341700,450374790,1063839700,3316563090
2013-11-04,,,,,,,187540060,8200000,4013159640,907684500,2384796600,0,1472145000,1259642600,5116584200
2013-11-05,,,,,,,602398400,816000,1711334420,1079921800,2128488760,902000,833083860,431996000,3394470620
2013-11-06,,,,,,,222969400,8100000,1364716260,1317212000,1723827500,0,634090360,555079800,2912997660
2013-11-07,,,,,,,75248200,0,1483537990,749543700,764688060,15177400,737559530,790904900,2308329890
2013-11-08,,,,,,,182603110,7850000,1830260890,1890274500,1203117920,48071500,1163976780,1495822300,3910988500
2013-11-11,,,,,,,450089760,13955200,797125720,741093700,609758000,47520100,1004894980,340091300,2002264380
2013-11-12,,,,,,,146945480,0,1483756690,2032076500,505684220,14045000,1572105650,1570943800,3662778670
2013-11-13,,,,,,,196813910,0,2011558350,748030900,508014240,3601300,917133120,1527654500,2956403160
2013-11-14,,,,,,,1646245630,0,1878935950,1219161600,2577460220,157100,1110450960,1056274900,4744343180
2013-11-15,,,,,,,973962140,0,1903034350,215181900,252539600,20649900,1654283290,1164705600,3092178390
2013-11-18,,,,,,,416843690,0,781753530,194988400,393526910,0,407251710,592807000,1393585620
2013-11-19,,,,,,,2483754800,155800400,2268307660,1653373900,226556100,275992500,5796448560,262239600,6561236760
2013-11-20,,,,,,,2556109800,0,2317790430,1159830000,1060390320,0,2706853010,2266486900,6033730230
2013-11-21,,,,,,,888326200,8000000,3620199870,991697000,2087655740,0,1661337630,1759229700,5508223070
2013-11-22,,,,,,,112128740,0,1463028080,102216100,741895860,321600,515287960,419867500,1677372920
2013-11-25,,,,,,,706548340,0,1493856890,501677900,22396380,0,2031924550,647762200,2702083130
2013-11-26,,,,,,,749873500,0,2171218720,2069771200,273562080,108040000,2421895000,2187366340,4990863420
2013-11-27,,,,,,,1225526000,0,894232170,449219800,161192600,0,1606673670,801111700,2568977970
2013-11-28,,,,,,,2141896760,25560000,644377750,636087600,423432600,0,2748243010,276246500,3447922110
2013-11-29,,,,,,,566298600,40804000,618884170,655908700,517187230,0,996509140,368199100,1881895470
2013-12-02,,,,,,,311542070,24870000,1500547190,965110900,742194490,0,723059500,1336816170,2802070160
2013-12-03,,,,,,,624274110,40500000,2396959470,570838900,1147746150,0,1197362530,1287463800,3632572480
2013-12-04,8150.0,8300.0,8140.0,8250.0,383879.0,,229255000,254015900,1328785010,1346041900,541618800,43248500,1312237410,1260993100,3158097810
2013-12-05,8150.0,8240.0,8030.0,8110.0,322165.0,-1.6969696969696972,232095420,8100000,2166688230,208323200,461018300,0,628887250,1525301300,2615206850
2013-12-06,8110.0,8180.0,8060.0,8060.0,228635.0,-0.6165228113440198,188021760,0,1251294440,414744600,561127000,0,550044200,742889600,1854060800
2013-12-09,8060.0,8190.0,8060.0,8090.0,213845.0,0.37220843672456577,180477340,0,1151834410,406136500,469190460,0,1104324830,164932960,1738448250
2013-12-10,8120.0,8180.0,8070.0,8180.0,137294.0,1.1124845488257107,95726900,0,853765990,165136400,243977160,40400000,615144990,215107140,1114629290
2013-12-11,8110.0,8180.0,8000.0,8000.0,324360.0,-2.2004889975550124,91423300,32222200,2190150200,301642800,433928800,0,622836900,1558672800,2615438500
2013-12-12,7980.0,8040.0,7900.0,7900.0,504720.0,-1.25,695240700,0,3030096000,273295600,660230300,16529800,907349500,2414522700,3998632300
2013-12-13,7910.0,7940.0,7610.0,7690.0,757688.0,-2.6582278481012658,662514640,0,4469594340,688106400,3038181750,48455900,1062288330,1671289400,5820215380
2013-12-16,7710.0,7830.0,7700.0,7810.0,333122.0,1.5604681404421328,839246900,5159000,1444409180,301659100,1222191500,0,1067783680,300499000,2590474180
2013-12-17,6940.0,7440.0,6780.0,6940.0,3230590.0,-11.139564660691422,2442775900,147235900,18872806180,1341592400,9968916980,431211000,10146894500,2257387900,22804410380
2013-12-18,6950.0,7220.0,6950.0,7170.0,1210803.0,3.314121037463977,593319360,6949800,5236611670,2744793100,2244422970,67430800,5160216160,1109604000,8581673930
2013-12-19,7150.0,7200.0,6900.0,6970.0,1235491.0,-2.789400278940028,756897460,16841700,7047091840,827298700,1466285200,0,5730613100,1451231400,8648129700
2013-12-20,6980.0,7040.0,6910.0,6980.0,659079.0,0.1434720229555237,370148700,0,3114352080,1116595300,864946680,0,3001254500,734894900,4601096080
2013-12-23,6980.0,7080.0,6980.0,7080.0,520574.0,1.4326647564469914,886335620,0,1753650010,1013157600,656593880,0,2531829950,464719400,3653143230
2013-12-24,7080.0,7110.0,7000.0,7080.0,468022.0,0.0,1146534060,992600,1535729860,618360700,558617220,0,1935970500,807029500,3301617220
2013-12-26,7080.0,7210.0,7080.0,7160.0,578182.0,1.1299435028248588,2621215220,17490600,911562800,588308800,1046661760,0,2730814860,361100800,4138577420
2013-12-27,7140.0,7270.0,7080.0,7160.0,425473.0,0.0,1117418800,25060000,1435372270,475138200,642659080,0,1903349190,506981000,3052989270
2013-12-30,7170.0,7370.0,7120.0,7370.0,505992.0,2.9329608938547485,1428720400,0,1269996710,985871300,152567800,0,2447549610,1084471000,3684588410
2014-01-02,7390.0,7420.0,7060.0,7090.0,627341.0,-3.7991858887381276,186259750,17950000,3492351990,800838000,1281388920,0,1407259120,1808751700,4497399740
2014-01-03,7070.0,7130.0,6930.0,6990.0,588327.0,-1.4104372355430184,212801270,17572800,2948264420,948301100,1547849850,0,1112675040,1466414700,4126939590
2014-01-06,6950.0,6960.0,6720.0,6730.0,974355.0,-3.719599427753934,85045800,13620000,5826704250,724301300,2045336080,0,1797483070,2806852200,6649671350
2014-01-07,6730.0,6820.0,6720.0,6780.0,1202859.0,0.7429420505200593,393987460,0,5416054260,2322184400,3854523120,0,1362616700,2915086300,8132226120
2014-01-08,6810.0,7060.0,6660.0,6770.0,1231490.0,-0.14749262536873156,150223880,0,7196729140,988096200,1308682600,117371200,3936135420,2972860000,8335049220
2014-01-09,6790.0,6810.0,6680.0,6690.0,1044281.0,-1.1816838995568686,385601030,0,5689129350,967996700,2502254540,24393900,3167772040,1348306600,7042727080
2014-01-10,6670.0,6820.0,6670.0,6680.0,1009393.0,-0.14947683109118087,208433000,0,5763650920,802973600,1328399440,48168000,3996060580,1402429500,6775057520
2014-01-13,6710.0,6740.0,6520.0,6620.0,1018188.0,-0.8982035928143712,70564920,6600000,5094102000,1551358000,859841200,0,3218043020,2644740700,6722624920
2014-01-14,6580.0,6650.0,6360.0,6370.0,2002162.0,-3.7764350453172204,158270600,6699000,11306387220,1485212750,3528055590,191400,5507097630,3921224950,12956569570
2014-01-15,6380.0,6540.0,6360.0,6400.0,1556037.0,0.47095761381475665,451578100,54799600,6720021650,2767736100,2951514800,2738400,5004963750,2034918500,9994135450
2014-01-16,6430.0,6480.0,6370.0,6400.0,1203517.0,0.0,517477100,15294100,5925154960,1246853600,1490503400,0,2947645660,3266630700,7704779760
2014-01-17,6400.0,6410.0,6160.0,6180.0,2145228.0,-3.4375000000000004,36796600,76379600,12086094570,1177626500,1622746430,4416200,8262221240,3487513400,13376897270
2014-01-20,6180.0,6210.0,6040.0,6100.0,1789478.0,-1.2944983818770228,974576900,47905500,7624596530,2213394900,1008684600,0,7398998030,2452791200,10860473830
2014-01-21,6150.0,6290.0,6100.0,6240.0,1692275.0,2.2950819672131146,1009203300,62979100,8454312610,958211800,620843300,0,7367362310,2496501200,10484706810
2014-01-22,6300.0,6300.0,6170.0,6240.0,1016913.0,0.0,80819740,194096800,5571635070,471429800,672523720,0,3641015790,2004441900,6317981410
2014-01-23,6260.0,6260.0,6160.0,6170.0,1105704.0,-1.1217948717948718,106618000,4087400,4430795880,2300906700,1339054440,198512400,3008968040,2295873100,6842407980
2014-01-24,6120.0,6210.0,6080.0,6100.0,1316995.0,-1.1345218800648298,892965800,18380000,5551165270,1598270900,2132186500,60900000,4735334170,1132361300,8060781970
2014-01-27,5980.0,6010.0,5930.0,5930.0,1171774.0,-2.7868852459016393,593556640,1192000,5366791230,1023371400,994177800,0,4229484690,1761248780,6984911270
2014-01-28,5930.0,6700.0,5910.0,6450.0,4983814.0,8.768971332209107,15929828550,128702200,13554785570,2004301100,1602474300,107209100,25796771920,4111162100,31617617420
2014-01-29,6490.0,6870.0,6360.0,6820.0,2943219.0,5.736434108527131,7698885100,76103200,7716455970,4175022800,1250439640,302636300,15168817730,2944573400,19666467070
2014-02-03,6750.0,6890.0,6610.0,6740.0,1867402.0,-1.1730205278592376,5192292720,194629400,6334677560,889992800,902869160,10912000,6875055820,4822755500,12611592480
2014-02-04,6620.0,6680.0,6560.0,6630.0,1056873.0,-1.6320474777448073,1890902690,0,4347053300,769155700,700111200,48200100,3609676670,2649123720,7007111690
2014-02-05,6700.0,7060.0,6700.0,6980.0,2511599.0,5.279034690799397,8833964760,90499300,7811845020,696016500,1322267320,47481500,13123621260,2938955500,17432325580
2014-02-06,7040.0,7210.0,7000.0,7150.0,1665944.0,2.4355300859598854,5359850600,112657900,4050354020,2386568500,1278474700,10785000,7027963220,3592208100,11909431020
2014-02-07,7070.0,7420.0,6920.0,7380.0,2429073.0,3.2167832167832167,4899797400,515340100,7132443820,4968035300,1586463600,7400000,11997486920,3924266100,17515616620
2014-02-10,7350.0,7580.0,7320.0,7400.0,1488440.0,0.27100271002710025,3145938600,260151100,4511055150,3230854300,1429502600,15965000,6698626850,3003904700,11147999150
2014-02-11,7300.0,7540.0,6520.0,7400.0,4821875.0,0.0,12553072700,349751300,17094189720,4511293000,4543375600,149862800,25578680520,4236387800,34508306720
2014-02-12,7400.0,7400.0,7070.0,7350.0,1819812.0,-0.6756756756756757,4080682400,63392500,5981146680,3130674400,970928200,689203700,7915780180,3679983900,13255895980
2014-02-13,7350.0,7690.0,7340.0,7470.0,1702185.0,1.6326530612244898,4966992800,181992300,4804816670,2889294600,1949404730,22697230,8223239510,2647754900,12843096370
2014-02-14,7490.0,7690.0,7440.0,7660.0,929635.0,2.5435073627844713,4021862500,0,1992847420,1068050500,431955800,70203500,5546746960,1033854160,7082760420
2014-02-17,7690.0,8230.0,7530.0,8210.0,2820996.0,7.180156657963447,10017858300,100131000,9987493420,2550013300,352642190,271462300,18797791830,3233599700,22655496020
2014-02-18,8240.0,8280.0,7990.0,8190.0,1293516.0,-0.24360535931790497,4188977880,142810400,5584073480,628343500,1853363590,116443000,5287876370,3286522300,10544205260
2014-02-19,8150.0,8400.0,8030.0,8120.0,1336684.0,-0.8547008547008548,3007392500,196118000,6363274420,1399419280,3140288920,8370000,5843077580,1974467700,10966204200
2014-02-20,8060.0,8700.0,8050.0,8530.0,3091420.0,5.0492610837438425,6736746400,44546200,12262712460,7329655500,4707016320,337059600,18070734240,3258850400,26373660560
2014-02-21,8630.0,8720.0,8460.0,8700.0,1118839.0,1.992966002344666,3340701000,70311400,3894637160,2371596400,456417900,40355600,7412328060,1768144400,9677245960
2014-02-24,8610.0,8680.0,8500.0,8550.0,854413.0,-1.7241379310344827,1803805250,0,4776100540,745387500,1496074400,18507300,5302192190,508519400,7325293290
2014-02-25,8520.0,8660.0,8160.0,8320.0,2303188.0,-2.690058479532164,3340060100,9021000,11505004600,4386000800,8076981140,106492500,10697551260,359061600,19240086500
2014-02-26,8270.0,8350.0,8100.0,8130.0,1786003.0,-2.283653846153846,3385051430,190612300,6183220790,4816539500,5184518380,117293500,5823571640,3450040500,14575424020
2014-02-27,8170.0,8480.0,8110.0,8390.0,1011132.0,3.198031980319803,1868729600,4855700,3476643950,3078726900,1072654410,29872000,6436669440,889760300,8428956150
2014-02-28,8360.0,8450.0,8140.0,8140.0,927345.0,-2.9797377830750893,1708706500,24223600,3093266710,2829440140,2516572300,16620000,2603255750,2519188900,7655636950
2014-03-03,8160.0,8410.0,8140.0,8300.0,891021.0,1.9656019656019657,1720415900,143279600,3003931100,2494856000,1800275200,0,4124811100,1437396300,7362482600
2014-03-04,8170.0,8340.0,8160.0,8240.0,528320.0,-0.7228915662650602,1628306900,47725800,1647247250,1037295500,1728638200,0,1605261550,1026675700,4360575450
2014-03-05,8330.0,8860.0,8280.0,8750.0,2026745.0,6.189320388349515,7938962500,2059200,7441050350,2092012700,2727011500,78300000,13335050350,1333722900,17474084750
2014-03-06,8760.0,8760.0,8530.0,8670.0,711435.0,-0.9142857142857144,1536520120,0,3411639260,1209979700,986826900,13238400,3281189380,1876884400,6158139080
2014-03-07,8710.0,8820.0,8550.0,8550.0,772797.0,-1.384083044982699,337368800,0,4504487250,1839401600,1777736350,10127200,3603930000,1289464100,6681257650
2014-03-10,8500.0,8500.0,8260.0,8380.0,1094503.0,-1.9883040935672516,1070150300,25829000,4893837420,3122877900,3610478740,16856600,5133767380,351591900,9112694620
2014-03-11,8420.0,8490.0,8270.0,8440.0,811179.0,0.7159904534606205,2068940680,67121300,2901090880,1747087000,2957906940,58591200,2847958220,919783500,6784239860
2014-03-12,8340.0,8400.0,7780.0,7800.0,2375016.0,-7.5829383886255926,1922490800,216685600,14798422980,1938511900,8214690400,263327600,6100743180,4297350100,18876111280
2014-03-13,7830.0,8080.0,7780.0,8000.0,1171068.0,2.564102564102564,1263199100,0,3646438710,4426172100,2857514300,7990000,5134361310,1335944300,9335809910
2014-03-14,7910.0,7980.0,7610.0,7690.0,1113434.0,-3.875,1796725150,7700000,5126985170,1671467400,2674061300,16672800,3972421100,1939722520,8602877720
2014-03-17,7700.0,7920.0,7620.0,7860.0,601159.0,2.2106631989596877,1052346300,0,1666211120,1975823100,428608860,0,3297590960,968180700,4694380520
2014-03-18,8000.0,8120.0,7850.0,7850.0,501300.0,-0.1272264631043257,96992200,0,2718034370,1169128200,1198814500,8000000,2088554070,688786200,3984154770
2014-03-19,7860.0,7970.0,7830.0,7850.0,276454.0,0.0,134289300,30963800,1056382440,958879700,787537950,0,1143855290,249122000,2180515240
2014-03-20,7820.0,7910.0,7660.0,7680.0,523279.0,-2.1656050955414012,191010300,7700000,2432148930,1416083400,2024231380,276296400,1368101350,378313500,4046942630
2014-03-21,7710.0,7810.0,7710.0,7740.0,330365.0,0.78125,24273880,0,1410494840,1129024900,722027080,0,1431877060,409889480,2563793620
2014-03-24,7750.0,7870.0,7530.0,7540.0,706123.0,-2.5839793281653747,334698740,6032000,3194252090,1882684400,628764380,0,1759518150,3029384700,5417667230
2014-03-25,7650.0,7770.0,7570.0,7670.0,751844.0,1.7241379310344827,611239500,0,2165547380,2992880500,548004600,6144000,1944347180,3271171600,5769667380
2014-03-26,7800.0,7940.0,7710.0,7930.0,578716.0,3.389830508474576,930727700,33799400,1622977040,1949608500,480875220,0,2819248720,1236988700,4537112640
2014-03-27,7890.0,7960.0,7770.0,7920.0,753544.0,-0.12610340479192939,1691655700,0,1723386180,2498098200,535952740,0,1396848540,3980338800,5913140080
2014-03-28,7940.0,7990.0,7800.0,7960.0,722691.0,0.5050505050505051,2678378000,0,1811314810,1223122400,2297498300,23630000,2134208510,1257478400,5712815210
2014-03-31,7970.0,8050.0,7810.0,7950.0,755175.0,-0.12562814070351758,1656454800,282643600,2442255620,1617386700,1193328000,70680500,2598332070,2136400150,5998740720
2014-04-01,7880.0,7950.0,7750.0,7820.0,730808.0,-1.6352201257861636,1763577600,23695200,2639445590,1299145200,2384500540,0,1514789330,1826573720,5725863590
2014-04-02,7840.0,7920.0,7710.0,7770.0,962746.0,-0.639386189258312,2546253490,8803400,2950580490,2030255300,3343524130,58628200,3216408950,917331400,7535892680
2014-04-03,7790.0,8270.0,7790.0,8020.0,2012114.0,3.2175032175032174,5099703920,96608700,6384736660,4633117600,3614045900,39283500,10055511080,2505326400,16214166880
2014-04-04,8090.0,8230.0,8000.0,8220.0,1105862.0,2.493765586034913,3853528300,4656600,2441865620,2719409100,1538901680,131797000,3776508440,3572252500,9019459620
2014-04-07,8140.0,8220.0,7980.0,7980.0,557029.0,-2.9197080291970803,1163953700,0,2662605220,667663900,808586940,1292900,2244748180,1439594800,4494222820
2014-04-08,7930.0,8040.0,7770.0,7850.0,1109632.0,-1.6290726817042605,1132539700,39108100,5894820100,1635129400,2258596750,7840000,2644170150,3790990400,8701597300
2014-04-09,7850.0,8180.0,7800.0,8170.0,1064857.0,4.076433121019108,3643593230,115749700,2751824250,2100081800,1564951910,16711500,6413670670,615914900,8611248980
2014-04-10,8210.0,8400.0,8150.0,8230.0,1133497.0,0.7343941248470013,4184742340,26962400,2412146470,2818518600,1742277940,133460400,6646073270,920558200,9442369810
2014-04-11,8130.0,8160.0,8030.0,8130.0,677645.0,-1.2150668286755772,1817749400,8050000,2095530250,1581336900,2309117070,7144900,1647893080,1538511500,5502666550
2014-04-14,8060.0,8230.0,8050.0,8090.0,412668.0,-0.4920049200492005,446600400,8050000,2547562400,342032900,1013521100,24210000,1504900600,801614000,3344245700
2014-04-15,8150.0,8160.0,7940.0,7960.0,622106.0,-1.6069221260815822,871149100,0,3878349500,240474100,1332592500,0,1918866900,1738513300,4989972700
2014-04-16,8000.0,8100.0,8000.0,8050.0,437422.0,1.1306532663316584,1067180100,53494100,984326300,1422107900,917260000,16150000,2252543200,341155200,3527108400
2014-04-17,8110.0,8170.0,7960.0,8110.0,472832.0,0.7453416149068323,1087911680,0,1611530020,1103249300,1850892200,0,1471920700,479878100,3802691000
2014-04-18,8110.0,8220.0,8100.0,8160.0,426771.0,0.6165228113440198,953553400,47992900,1248331760,1229061600,644379200,0,2238377060,596183400,3478939660
2014-04-21,8120.0,8150.0,7990.0,8070.0,385288.0,-1.1029411764705883,908074920,0,1855200440,333599900,1088862640,36050300,1404518920,567443400,3096875260
2014-04-22,8080.0,8230.0,8010.0,8220.0,573095.0,1.858736059479554,1451459100,10036800,1638756000,1578160100,998001400,32730000,3194259440,453421160,4678412000
2014-04-23,8230.0,8320.0,8140.0,8190.0,584241.0,-0.36496350364963503,2494344500,9955200,1806791390,493108000,1998911800,0,1757293390,1047993900,4804199090
2014-04-24,8190.0,8230.0,8030.0,8160.0,567980.0,-0.3663003663003663,1970081900,10019200,1841998710,786919240,1510233140,15305700,2455486710,627993500,4609019050
2014-04-25,8060.0,8120.0,7800.0,7860.0,882882.0,-3.6764705882352944,1262967980,14905800,5480130980,238397500,3141223960,5359200,2606175900,1243643200,6996402260
2014-04-28,7780.0,8210.0,7780.0,7970.0,580758.0,1.3994910941475827,339758370,7780000,2604706880,1707121600,1330187300,0,3086411250,242768300,4659366850
2014-04-29,8010.0,8560.0,8010.0,8480.0,2192574.0,6.398996235884567,4500827540,24733600,7935007740,5825669600,1842082780,138056800,15719134500,586964400,18286238480
2014-04-30,8530.0,8670.0,8390.0,8560.0,1333362.0,0.9433962264150944,4935898440,0,2884592070,3606631100,879616720,68934400,7672736290,2805834200,11427121610
2014-05-02,8590.0,8610.0,8430.0,8590.0,808193.0,0.35046728971962615,662413000,38475000,2462826770,3730965800,1619136200,0,2484870170,2790674200,6894680570
2014-05-07,8530.0,8590.0,8330.0,8330.0,487197.0,-3.026775320139697,874848630,4250000,1930072260,1302907600,881872160,0,1758819030,1471387300,4112078490
2014-05-08,8300.0,8600.0,8300.0,8590.0,723749.0,3.12124849939976,2427082190,12702200,1886396850,1836924200,1585672900,77230000,3573372140,926830400,6163105440
2014-05-09,8550.0,8750.0,8470.0,8650.0,631509.0,0.6984866123399301,591324400,0,1511790560,3343786400,1530253000,138160000,2668488760,1109999600,5446901360
2014-05-12,8650.0,8710.0,8470.0,8600.0,530296.0,-0.5780346820809248,1566532000,45222400,1156108700,1804679200,1000187400,0,2083293100,1489061800,4572542300
2014-05-13,8570.0,8700.0,8520.0,8690.0,592838.0,1.0465116279069768,2086823900,4265000,1133659920,1886920800,2155108220,4345000,2359083900,593132500,5111669620
2014-05-14,8640.0,8720.0,8610.0,8680.0,463157.0,-0.11507479861910241,1433536800,21615000,891961900,1666109960,1890805080,0,1874963780,247454800,4013223660
2014-05-15,8620.0,8850.0,8620.0,8730.0,607380.0,0.5760368663594471,443695200,30777400,2188323490,2678019400,543601320,35015000,4289289470,472909700,5340815490
2014-05-16,8660.0,8840.0,8660.0,8770.0,549754.0,0.45819014891179843,498401900,0,1423887040,2890684100,1664735650,28540100,2185171690,934525600,4812973040
2014-05-19,8780.0,8870.0,8520.0,8530.0,857725.0,-2.7366020524515395,1777946690,42920000,4338605070,1245994400,4031146500,0,2487571960,886747700,7405466160
2014-05-20,8550.0,8690.0,8510.0,8580.0,538665.0,0.5861664712778429,975150800,8580000,1482439300,2075059900,2207019300,0,1338154200,996056500,4541230000
2014-05-21,8600.0,8750.0,8570.0,8720.0,629658.0,1.6317016317016315,620021500,0,1000006910,3847823200,1839800520,5548200,2747370090,875132800,5467851610
2014-05-22,8660.0,8740.0,8610.0,8690.0,386065.0,-0.34403669724770647,843122400,0,1598112680,905473100,1506023000,0,1079045680,761639500,3346708180
2014-05-23,8690.0,8690.0,8540.0,8590.0,565840.0,-1.1507479861910241,1425540100,25770000,1555938690,1860813600,3179515360,53021900,1105311430,530213700,4868062390
2014-05-26,8500.0,8720.0,8490.0,8660.0,515331.0,0.8149010477299184,2206601740,17000000,683761930,1560791200,1560534320,0,2736550750,171069800,4468154870
2014-05-27,8750.0,8780.0,8620.0,8680.0,522127.0,0.23094688221709006,3277744760,3224000,607920880,663340600,1282507840,61553000,1891302100,1316867300,4552230240
2014-05-28,8620.0,8830.0,8620.0,8810.0,665591.0,1.497695852534562,2768963950,0,1469746020,1600764500,2290775600,52750000,2892751470,603197400,5839474470
2014-05-29,8810.0,8820.0,8650.0,8660.0,405686.0,-1.70261066969353,1877741200,0,1372614650,278176000,2084069500,0,792627150,651835200,3528531850
2014-05-30,8730.0,8750.0,8330.0,8350.0,772656.0,-3.5796766743648964,619178400,49082400,4053624760,1789749200,2204818700,41700000,2095090860,2170025200,6511634760
2014-06-02,8380.0,8490.0,8280.0,8430.0,401882.0,0.9580838323353293,1247500270,2271950,1254115270,860483140,1412234010,42400000,1535418900,374317720,3364370630
2014-06-03,8360.0,8460.0,8270.0,8390.0,644850.0,-0.4744958481613286,1179501470,6890780,1959773720,2243018420,3381958710,46383800,899943210,1060898670,5389184390
2014-06-05,8280.0,8420.0,8180.0,8270.0,595701.0,-1.430274135876043,2949040610,16370000,1192547930,778731610,2665723720,24362940,1189735880,1056867610,4936690150
2014-06-09,8260.0,8560.0,8220.0,8350.0,332616.0,0.9673518742442563,931020150,1551570,1191098430,664625190,1172739060,42400000,1255102060,318054220,2788295340
2014-06-10,8390.0,8390.0,8190.0,8300.0,417962.0,-0.5988023952095809,347298650,24630000,2278836300,792649310,2236238380,41000000,895414560,270761320,3443414260
2014-06-11,8330.0,8370.0,8150.0,8220.0,483879.0,-0.9638554216867471,567515190,5499110,2150998270,1259585760,2511425940,40173530,1087080070,344918790,3983598330
2014-06-12,8180.0,8210.0,8020.0,8060.0,749337.0,-1.9464720194647203,284830160,145000000,3780306300,1829944420,3775343500,60076000,1627443080,577218300,6040080880
2014-06-13,7980.0,7990.0,7610.0,7700.0,1686714.0,-4.466501240694789,408253650,308604510,9230317950,3185109790,7547757890,0,3687262230,1897265780,13132285900
2014-06-16,7760.0,7970.0,7720.0,7960.0,941578.0,3.3766233766233764,1327910860,95811550,2169836170,3831874330,2582984980,9639800,3346970310,1485837820,7425432910
2014-06-17,7980.0,7990.0,7680.0,7710.0,692665.0,-3.1407035175879394,306389610,4781550,4054579170,1011915180,1403246980,1959630,1113476520,2858982380,5377665510
2014-06-18,7770.0,8020.0,7750.0,7940.0,621775.0,2.9831387808041505,1056925920,30961630,1196623460,2637285700,986571450,87334580,3057012820,790877860,4921796710
2014-06-19,8050.0,8260.0,7950.0,8260.0,674436.0,4.030226700251889,2139902340,6505140,1496288950,1872087160,85999180,94120000,4047342050,1287322360,5514783590
2014-06-20,8200.0,8240.0,8060.0,8150.0,459265.0,-1.331719128329298,354468680,0,1345123590,2030773990,118796510,0,1303097900,2308471850,3730366260
2014-06-23,8150.0,8360.0,8150.0,8310.0,697655.0,1.96319018404908,2171935730,0,1475094210,2149615450,2044630940,1009140,2818381400,932623910,5796645390
2014-06-24,8220.0,8400.0,8210.0,8340.0,680168.0,0.36101083032490977,3411038430,0,1336114670,932071400,1604782210,34673080,2963320520,1076448690,5679224500
2014-06-25,8300.0,8380.0,8200.0,8220.0,435191.0,-1.4388489208633095,2050666770,6604710,900911570,656347720,1824716880,32301600,1216015710,541496580,3614530770
2014-06-26,8250.0,8420.0,8220.0,8420.0,554409.0,2.4330900243309004,2116871560,0,960596660,1561180590,2358363910,10500000,2099990400,169794500,4638648810
2014-06-27,8400.0,8470.0,8280.0,8390.0,511160.0,-0.35629453681710216,2926688070,5408000,658869400,711923700,1951051790,0,1741587470,610249910,4302889170
2014-06-30,8460.0,8800.0,8440.0,8770.0,1363723.0,4.529201430274136,5511176240,8975470,3520121960,2859576870,1804170600,85014980,9250187770,760477190,11899850540
2014-07-01,8790.0,8950.0,8640.0,8720.0,1041715.0,-0.5701254275940707,4824760750,40775810,3330014360,983413850,1784632560,18944440,5605773270,1769614500,9178964770
2014-07-02,8790.0,8920.0,8710.0,8900.0,792952.0,2.064220183486239,2452271160,17583170,2381887150,2131023780,1860979630,32979000,4023738770,1065067860,6982765260
2014-07-03,8860.0,9350.0,8840.0,9320.0,1514199.0,4.719101123595506,7872937090,0,4972420990,1059035650,864412180,148492640,11874172770,1017316140,13904393730
2014-07-04,9330.0,9480.0,9270.0,9330.0,945380.0,0.1072961373390558,5454653700,163537760,2356781780,887895290,2201561210,0,4397372520,2263934800,8862868530
2014-07-07,9380.0,9530.0,9360.0,9460.0,571515.0,1.3933547695605575,1914979800,1510720,2217385690,1264969050,1116546520,0,3223033230,1059265510,5398845260
2014-07-08,9460.0,9530.0,9360.0,9460.0,675662.0,0.0,2651478270,0,1475265180,2271017940,1260984360,432246510,3854034090,850496430,6397761390
2014-07-09,9510.0,9680.0,9360.0,9670.0,1049692.0,2.2198731501057085,2991059270,145552860,2189388970,4723141670,2656214090,156088530,4483318720,2753521430,10049142770
2014-07-10,9700.0,9720.0,9380.0,9380.0,748602.0,-2.998965873836608,2271356280,0,4269541640,563427610,902331710,0,3541868350,2660125470,7104325530
2014-07-11,9280.0,9360.0,9130.0,9260.0,665013.0,-1.279317697228145,710827940,5446490,3225293590,2199212470,1415599830,149372320,3810241960,765566380,6140780490
2014-07-14,9230.0,9580.0,9230.0,9570.0,624221.0,3.3477321814254863,1605644070,208355940,3219341990,901070690,1131466980,47750000,3672969800,1082225910,5934412690
2014-07-15,9570.0,9620.0,9370.0,9430.0,681654.0,-1.4629049111807733,1936433810,0,3551933310,970458320,2635115420,12087230,2306830930,1504791860,6458825440
2014-07-16,9360.0,9380.0,9180.0,9260.0,494901.0,-1.8027571580063628,1127233390,11856090,2499524860,928328250,1239231620,0,2052177160,1275533810,4566942590
2014-07-17,9200.0,9370.0,9140.0,9260.0,409939.0,0.0,1101743710,7820600,1733432280,946583350,1983401680,0,1319167620,487010640,3789579940
2014-07-18,9160.0,9440.0,9160.0,9200.0,353207.0,-0.6479481641468683,957041990,0,1731825290,584642360,1532136510,10257900,1399811130,331304100,3273509640
2014-07-21,9290.0,9570.0,9230.0,9390.0,553240.0,2.0652173913043477,1827051030,0,2536485400,869455220,1214639380,9500000,3046536000,962316270,5232991650
2014-07-22,9420.0,10200.0,9400.0,10000.0,2125310.0,6.496272630457935,6931105120,0,9108966240,4999809500,3101934460,222619750,16152323400,1563003250,21039880860
2014-07-23,10050.0,10300.0,9880.0,9890.0,1648753.0,-1.0999999999999999,5749840450,175397550,7848917840,2908456550,7241948220,60329500,8057106060,1323228610,16682612390
2014-07-24,9980.0,10300.0,9510.0,9580.0,2488908.0,-3.1344792719919106,2425819800,129660500,13984145450,7802422330,12480369640,129807810,9231281180,2500589450,24342048080
2014-07-25,9650.0,9920.0,9530.0,9700.0,1553252.0,1.2526096033402923,2502604260,426437290,8868739200,3279630600,4402050790,83498060,8318980650,2272881850,15077411350
2014-07-28,9580.0,10200.0,9510.0,10200.0,2059340.0,5.154639175257731,3125944160,515222850,8179782110,8619247050,3989664250,318017070,11863884080,4268630770,20440196170
2014-07-29,10250.0,10350.0,9840.0,9960.0,2030318.0,-2.3529411764705883,3358973310,54808970,9567216510,7438582890,7537812140,1731660,7778503750,5101534130,20419581680
2014-07-30,9990.0,10050.0,9740.0,10000.0,929483.0,0.4016064257028112,3265604120,297609320,3837603820,1833188880,2652201820,14069500,4073635760,2494099060,9234006140
2014-07-31,10050.0,10200.0,9870.0,9960.0,1012570.0,-0.4,3433731970,0,4496584000,2175454630,4338955520,37603530,3836499490,1892712060,10105770600
2014-08-01,9760.0,10050.0,9760.0,9920.0,889416.0,-0.4016064257028112,3063173020,0,3129127010,2623007440,3510822700,94433190,3633536910,1576514670,8815307470
2014-08-04,9920.0,9920.0,9520.0,9650.0,1052313.0,-2.721774193548387,804419370,10550200,7360205050,1944559810,4570342540,92844790,4133603210,1322943890,10119734430
2014-08-05,9670.0,9700.0,9210.0,9280.0,1644727.0,-3.83419689119171,1050962490,19745000,10598609760,3766228350,6108782280,0,7695868420,1630894900,15435545600
2014-08-06,9300.0,9420.0,9090.0,9210.0,1494213.0,-0.7543103448275862,1935952380,185870410,7049763610,4636940930,4480660620,33482260,5065238010,4229146440,13808527330
2014-08-07,9200.0,9370.0,9130.0,9300.0,1060218.0,0.9771986970684038,1401953310,1414600,4569404300,3824546460,2933455630,25664240,4260324890,2577873910,9797318670
2014-08-08,9210.0,9320.0,8740.0,8790.0,2021564.0,-5.483870967741936,867710440,144800590,14289332840,2682424760,7958724050,283442700,7726025070,2016076810,17984268630
2014-08-11,8860.0,8900.0,8660.0,8840.0,1029482.0,0.5688282138794084,2277332580,32639910,4477670760,2240092130,1918549250,0,4759100450,2350085680,9027735380
2014-08-12,8880.0,9050.0,8870.0,9000.0,826485.0,1.809954751131222,1796719270,11094600,4433719070,1182499970,1017498450,0,5089604260,1316930200,7424032910
2014-08-13,9000.0,9160.0,8940.0,9060.0,777651.0,0.6666666666666667,380910580,99995220,4184950800,2374559630,1633414350,71149100,3499792400,1836060380,7040416230
2014-08-14,9050.0,9070.0,8630.0,8660.0,1604329.0,-4.415011037527594,923598800,119650410,11380759210,1628594640,4495777270,685620050,7152977930,1718227810,14052603060
2014-08-18,8750.0,8830.0,8640.0,8650.0,840651.0,-0.11547344110854503,1082182720,735250,3956971880,2292446470,1745627680,51197370,3378953780,2156557490,7332336320
2014-08-19,8700.0,9020.0,8700.0,8980.0,1245109.0,3.815028901734104,1274825830,0,5280941660,4556051270,863780340,37835170,6416393000,3793810250,11111818760
2014-08-20,9010.0,9010.0,8680.0,8760.0,718700.0,-2.4498886414253898,733656480,11198320,4374661100,1184785070,1289270440,0,2775943660,2239086870,6304300970
2014-08-21,8800.0,8800.0,8350.0,8400.0,1104707.0,-4.10958904109589,1643001140,29720000,6367533450,1317327400,3808611290,227239910,3678993410,1642737380,9357581990
2014-08-22,8310.0,8390.0,7810.0,8160.0,2164574.0,-2.857142857142857,1193189910,121105240,9867899080,6279024990,2055932380,10427000,9873546480,5521313360,17461219220
2014-08-25,8160.0,8450.0,8000.0,8260.0,1369036.0,1.2254901960784315,2785153370,800530,3980056460,4583926580,2308445400,131648620,4456114850,4453728070,11349936940
2014-08-26,8340.0,8750.0,8280.0,8720.0,1125776.0,5.569007263922518,3550150540,22335880,2933892480,3191484930,662098110,8600000,6000586500,3026579220,9697863830
2014-08-27,8790.0,8830.0,8560.0,8830.0,815043.0,1.261467889908257,3568156530,95500,3019410740,519553640,763218710,596490,3630258720,2713142490,7107216410
2014-08-28,8740.0,8800.0,8600.0,8600.0,617542.0,-2.6047565118912797,461771680,349600,3434817370,1456590590,1063822930,0,2336802810,1952903500,5353529240
2014-08-29,8600.0,8660.0,8520.0,8520.0,534436.0,-0.9302325581395349,247911710,86500,2657946170,1674070420,770037530,35047200,1861215000,1913715070,4580014800
2014-09-01,8480.0,8840.0,8470.0,8830.0,680420.0,3.6384976525821595,1951274040,86000,2301500880,1686206100,624401730,158400,4007335260,1307171630,5939067020
2014-09-02,8900.0,8930.0,8640.0,8640.0,719896.0,-2.1517553793884483,1775279860,705500,3890558090,663347770,933743160,205300,2620412220,2775530540,6329891220
2014-09-03,8650.0,8720.0,8500.0,8520.0,517683.0,-1.3888888888888888,455928500,0,3288565060,681577330,1262703610,85400,2100425530,1062856350,4426070890
2014-09-04,8540.0,8730.0,8500.0,8610.0,577879.0,1.056338028169014,1719663660,452203010,2540517860,293875050,1297717160,0,3279487920,429054500,5006259580
2014-09-05,8580.0,8690.0,8520.0,8520.0,360577.0,-1.0452961672473868,240737620,166634910,1660704020,1026101850,977692060,0,1600396750,516089590,3094178400
2014-09-11,8520.0,8680.0,8490.0,8490.0,698887.0,-0.35211267605633806,281104660,866000,2605657330,3101936530,1972096500,0,1456745850,2560722170,5989564520
2014-09-12,8570.0,8770.0,8500.0,8770.0,610073.0,3.297997644287397,896134290,0,1750914230,2649393600,497665530,171400,3522966500,1275638690,5296442120
2014-09-15,8780.0,8790.0,8510.0,8510.0,446260.0,-2.9646522234891677,606078420,8610000,2749326990,482975240,687386310,8660000,1704175410,1446768930,3846990650
2014-09-16,8590.0,8680.0,8510.0,8680.0,313763.0,1.9976498237367801,1078999850,43704590,792457510,794408620,75661030,31458720,1675452020,926998800,2709570570
2014-09-17,8680.0,8680.0,8250.0,8300.0,1781946.0,-4.377880184331797,152822770,25698050,13772709780,979839820,6511732370,1245540,6040117050,2377975460,14931070420
2014-09-18,8210.0,8400.0,8180.0,8360.0,740807.0,0.7228915662650602,758710910,38687820,3271013620,2068677710,2434207470,0,3131153280,571729310,6137090060
2014-09-19,8420.0,8460.0,8320.0,8390.0,674281.0,0.3588516746411483,630905000,4175000,2640606820,2371725470,1877452100,1004400,2165930560,1603025230,5647412290
2014-09-22,8430.0,8440.0,8160.0,8180.0,879885.0,-2.5029797377830754,1653579510,24825000,4994782690,564547520,2114428210,1226500,2591026150,2531053860,7237734720
2014-09-23,8090.0,8290.0,8090.0,8200.0,603051.0,0.24449877750611246,2400750060,4045000,1434324730,1127936648,298312480,8290,1996754350,2671981318,4967056438
2014-09-24,8200.0,8270.0,8160.0,8220.0,451655.0,0.24390243902439024,778986480,32950000,1383650610,1522527750,340073050,0,1353727060,2024314730,3718114840
2014-09-25,8260.0,8300.0,8060.0,8100.0,707142.0,-1.4598540145985401,2191850730,25744170,2725460850,835424080,1197910960,1065200,1832089370,2747414300,5778479830
2014-09-26,8050.0,8070.0,7860.0,7900.0,793722.0,-2.4691358024691357,820694040,31186720,4526143200,902932450,1927193770,16106640,2857719840,1479936160,6280956410
2014-09-29,7920.0,7970.0,7600.0,7630.0,990336.0,-3.4177215189873418,294502410,43407100,5957634730,1365701100,3798891950,11786370,2943612550,906954470,7661245340
2014-09-30,7650.0,7720.0,7580.0,7680.0,461751.0,0.655307994757536,540687020,3800000,2291164730,694263540,1045566780,7690000,1439266720,1037391790,3529915290
2014-10-01,7680.0,7700.0,7450.0,7450.0,531289.0,-2.994791666666667,186426060,17172300,2812450670,995197540,782619420,179600,1620332010,1608115540,4011246570
2014-10-02,7400.0,7490.0,7270.0,7330.0,687552.0,-1.6107382550335572,975618710,18575000,2488628740,1582892010,2491614860,743500,1776939080,796417020,5065714460
2014-10-06,7490.0,7630.0,7460.0,7500.0,819404.0,2.3192360163710775,2658186640,150600,2356900240,1148551360,655801600,11370000,1832297900,3664319340,6163788840
2014-10-07,7450.0,7680.0,7340.0,7350.0,737337.0,-2.0,1434270610,93436720,3071737460,928252440,1774795370,0,1851695750,1901206110,5527697230
2014-10-08,7260.0,7500.0,7220.0,7360.0,528277.0,0.13605442176870747,338200300,392347220,2070912770,1070348530,1410041900,0,1806366430,655400490,3871808820
2014-10-10,7380.0,7380.0,7230.0,7320.0,382553.0,-0.5434782608695652,323029190,158573190,1321370530,994495120,177132940,0,1520030000,1100305090,2797468030
2014-10-13,7290.0,7340.0,6990.0,7030.0,812148.0,-3.9617486338797816,671291110,34464480,4546890730,491089930,1350579980,3520000,2200816380,2188819890,5743736250
2014-10-14,7060.0,7160.0,7000.0,7050.0,761915.0,0.2844950213371266,297316790,112774490,3299295480,1674822200,2333256960,0,1620792950,1430159050,5384208960
2014-10-15,7050.0,7140.0,6800.0,6800.0,1139814.0,-3.546099290780142,156843170,214855000,6384623940,1101439580,3082687610,0,2746763360,2028310720,7857761690
2014-10-16,6700.0,7000.0,6590.0,6880.0,854480.0,1.1764705882352942,992951740,7245490,2431394670,2411755460,1957586910,2464330,2960668240,922627880,5843347360
2014-10-17,6970.0,6970.0,6520.0,6580.0,1014355.0,-4.3604651162790695,758332550,36459000,4888512010,1085362930,2192688310,681000,2212627420,2362669760,6768666490
2014-10-20,6680.0,6950.0,6660.0,6880.0,762486.0,4.5592705167173255,902360300,668000,2546401270,1784187290,582979890,17164450,3698936050,934536470,5233616860
2014-10-21,6850.0,6860.0,6670.0,6740.0,609644.0,-2.0348837209302326,793184870,10448080,2529886430,774192570,717081930,0,1451381780,1939248240,4107711950
2014-10-22,6900.0,6900.0,6750.0,6800.0,413500.0,0.8902077151335311,438475850,88270,2027459930,352513490,522278110,0,1275568160,1020691270,2818537540
2014-10-23,6850.0,6850.0,6710.0,6710.0,272200.0,-1.3235294117647058,185606920,2674150,1330979230,318893480,323959430,0,794130860,720063490,1838153780
2014-10-24,6760.0,6790.0,6390.0,6420.0,1083037.0,-4.321907600596125,572356540,40128000,5800222830,625251850,2836511450,390298370,3204599680,606549720,7037959220
2014-10-27,6450.0,6790.0,6430.0,6760.0,853199.0,5.29595015576324,1190153970,0,2259665580,2214203110,2042710950,5402000,3237848960,378060750,5664022660
2014-10-28,6740.0,6750.0,6600.0,6600.0,379315.0,-2.366863905325444,693338360,9940000,1572285130,242962590,816297370,0,856173490,846055220,2518526080
2014-10-29,6730.0,7100.0,6660.0,7060.0,864808.0,6.969696969696971,2367699500,0,2632751110,1029293310,417116210,17395000,4908874270,686358440,6029743920
2014-10-30,6970.0,6990.0,6580.0,6660.0,883818.0,-5.6657223796034,387781040,22283900,5144088610,408023990,1562287330,6595400,1694771170,2698523640,5962177540
2014-10-31,6710.0,6780.0,6510.0,6550.0,753885.0,-1.6516516516516515,186045530,36398960,3952880380,785059640,2471070200,71400750,1366097020,1051816540,4960384510
2014-11-03,6590.0,6750.0,6530.0,6670.0,964202.0,1.8320610687022902,96061040,0,2308131940,4040247340,2489912150,3370000,3128489210,822668960,6444440320
2014-11-04,6630.0,6820.0,6440.0,6540.0,827665.0,-1.9490254872563717,893353860,60868160,3230347630,1272806970,2151659740,6500000,1667918120,1631298760,5457376620
2014-11-05,6600.0,6620.0,6500.0,6520.0,462315.0,-0.3058103975535168,742784610,0,1672555610,605288180,959579540,101181980,785943670,1173923210,3020628400
2014-11-06,6550.0,6730.0,6500.0,6720.0,870255.0,3.067484662576687,2716952510,2606140,2544030270,493831980,1625057760,262152950,2621148940,1249061250,5757420900
2014-11-07,6700.0,6740.0,6520.0,6570.0,918166.0,-2.232142857142857,786061700,0,4971196450,280540420,1513485230,0,1811680590,2712632750,6037798570
2014-11-10,6610.0,6700.0,6590.0,6590.0,569723.0,0.30441400304414,25760480,257740,3394142350,357463270,1379626740,0,2051469400,346527700,3777623840
2014-11-11,6640.0,6780.0,6580.0,6640.0,864871.0,0.7587253414264037,196894970,1695190,4378810680,1178615070,1697224090,0,3294203490,764588330,5756015910
2014-11-12,6630.0,6820.0,6590.0,6820.0,1031526.0,2.710843373493976,1054522010,52603900,3976211350,1886952390,1094162370,0,5208152590,667974690,6970289650
2014-11-13,6850.0,7070.0,6850.0,6910.0,1531317.0,1.3196480938416422,2778854280,14980880,6920793620,930741380,2761690180,3520000,6229354040,1650805940,10645370160
2014-11-14,6890.0,6890.0,6670.0,6710.0,908132.0,-2.894356005788712,128052300,49145640,5290738520,663825270,910292020,0,3009126120,2212343590,6131761730
2014-11-17,6720.0,6910.0,6710.0,6820.0,763709.0,1.639344262295082,1548286080,3020850,2861807030,806094920,1241640510,4110000,3325196720,648261650,5219208880
2014-11-18,6780.0,6860.0,6680.0,6690.0,884498.0,-1.906158357771261,1140260920,121290,3921326700,917699150,1245141140,3400000,2537339670,2193527250,5979408060
2014-11-19,6720.0,6740.0,6500.0,6510.0,1222646.0,-2.690582959641256,679414920,13746640,6642351470,672733870,2432577450,304255330,2873082390,2398331730,8008246900
2014-11-20,6530.0,6580.0,6330.0,6400.0,1030734.0,-1.6897081413210446,507702640,15106390,5219279110,888344820,2348651100,19410,2753157030,1528605420,6630432960
2014-11-21,6400.0,6460.0,6390.0,6440.0,495779.0,0.625,87352480,288050,2416733940,684097700,1222758600,0,1694952780,270760790,3188472170
2014-11-24,6500.0,6690.0,6490.0,6630.0,904153.0,2.950310559006211,1067155650,2553600,4015375430,906185530,736124390,6650000,4747682700,500813120,5991270210
2014-11-25,6640.0,6810.0,6570.0,6810.0,938937.0,2.7149321266968327,2979965610,131600,1954105290,1410429160,82963640,182520,4703490100,1557995400,6344631660
2014-11-26,6830.0,6840.0,6630.0,6700.0,692434.0,-1.6152716593245229,334537090,5593900,3760532100,530128010,1687588100,0,1724105400,1219097600,4630791100
2014-11-27,6690.0,6700.0,6500.0,6520.0,753529.0,-2.6865671641791042,428105760,18875440,3898740510,584059400,1477281440,0,1947879230,1504620440,4929781110
2014-11-28,6490.0,6510.0,6250.0,6290.0,1624690.0,-3.52760736196319,260180300,18648500,9534670040,454025890,5793467170,0,2564882260,1909175300,10267524730
2014-12-01,6260.0,6290.0,6070.0,6090.0,852383.0,-3.1796502384737675,163613710,15639050,4698658230,336170050,1593792960,0,1943407020,1676881060,5214081040
2014-12-02,6120.0,6180.0,6060.0,6090.0,1350941.0,0.0,862099580,13403710,6354780370,990377780,1296555140,0,3304996250,3619110050,8220661440
2014-12-03,6080.0,6180.0,6070.0,6070.0,657160.0,-0.3284072249589491,5714520,243000,3142440510,861799280,821627620,0,2161673470,1026896220,4010197310
2014-12-04,6100.0,6210.0,6080.0,6100.0,539369.0,0.4942339373970346,111738130,0,2056726860,1145195650,55317450,0,2678524150,579819040,3313660640
2014-12-05,6140.0,6250.0,6140.0,6210.0,465887.0,1.8032786885245904,240412180,6210000,1974545400,671157700,480958040,0,1976873640,434493600,2892325280
2014-12-08,6170.0,6250.0,6140.0,6200.0,416802.0,-0.1610305958132045,196608780,192487380,1659617810,526286330,576169330,4512400,1311628960,682689610,2575000300
2014-12-09,6210.0,6230.0,6070.0,6070.0,700635.0,-2.0967741935483875,267920390,18350000,3374911250,611386400,1120757960,0,1702355850,1449454230,4272568040
2014-12-10,6050.0,6050.0,5930.0,5950.0,725074.0,-1.9769357495881383,459390770,12040000,3430569020,423898360,227163150,46392720,2009083660,2043258620,4325898150
2014-12-11,5900.0,5920.0,5740.0,5740.0,1116672.0,-3.5294117647058822,689968450,17175580,5319573810,462404900,1565668680,0,3182087210,1741366850,6489122740
2014-12-12,5780.0,5840.0,5460.0,5540.0,1679705.0,-3.484320557491289,164854160,26078800,6379631690,2831874520,4015492100,2910000,3980692460,1403344610,9402439170
2014-12-15,5450.0,5690.0,5420.0,5690.0,712604.0,2.707581227436823,593670560,2224790,2299659830,1056671580,582050430,3105860,2148000690,1219069780,3952226760
2014-12-16,5600.0,5630.0,5550.0,5620.0,690941.0,-1.2302284710017575,975766670,5031000,2157526340,724168020,626223380,0,1995800310,1240468340,3862492030
2014-12-17,5600.0,5780.0,5600.0,5760.0,569896.0,2.491103202846975,834747940,9879510,1624412330,794910010,532521150,28650000,2084033900,618744740,3263949790
2014-12-18,5830.0,5870.0,5610.0,5700.0,900693.0,-1.0416666666666665,669242410,0,3166738870,1320991670,785831580,0,2363094610,2008046760,5156972950
2014-12-19,5750.0,5830.0,5660.0,5720.0,580765.0,0.3508771929824561,141724830,28650000,1632213790,1530651530,741519470,37871900,1441271040,1112577740,3333240150
2014-12-22,5660.0,5860.0,5660.0,5790.0,686099.0,1.2237762237762237,152120150,0,1933543930,1874154740,596007630,20170000,2541334320,802306870,3959818820
2014-12-23,5790.0,5860.0,5770.0,5800.0,511929.0,0.17271157167530224,423755380,0,1938728090,617007710,1146618750,69135000,1358794580,404942850,2979491180
2014-12-24,5800.0,6070.0,5770.0,5940.0,831791.0,2.413793103448276,604126630,257212330,3536988300,559402340,549609150,11321450,3504373420,892425580,4957729600
2014-12-26,6050.0,6050.0,5850.0,5890.0,619655.0,-0.8417508417508417,673265530,2945000,2796169420,203758280,555595390,3534000,1656021600,1460987240,3676138230
2014-12-29,5950.0,6020.0,5870.0,5880.0,457078.0,-0.1697792869269949,5890550,0,1842440880,857950410,638328860,0,1599129360,468823620,2706281840
2014-12-30,5860.0,6000.0,5860.0,5890.0,613826.0,0.17006802721088435,429376240,20758360,2556400850,625373140,1040663770,45825360,1271432270,1273987190,3631908590
2015-01-02,5870.0,5880.0,5580.0,5590.0,1207298.0,-5.093378607809847,179360670,20956360,6290095220,345926790,2455359760,0,1970586360,2410392920,6836339040
2015-01-05,5550.0,5580.0,5430.0,5560.0,886935.0,-0.5366726296958855,129138950,37812260,3520134490,1182769250,1254474580,1626510,2162997410,1450756450,4869854950
2015-01-06,5480.0,5540.0,5400.0,5410.0,1000697.0,-2.697841726618705,88059180,2710000,4579520260,771183470,1113813910,8787000,2440980650,1877891350,5441472910
2015-01-07,5360.0,5470.0,5150.0,5160.0,1653421.0,-4.621072088724584,171261450,51576200,7186795440,1302731830,2581297800,5240000,4155335400,1970491720,8712364920
2015-01-08,5170.0,5410.0,5170.0,5410.0,1364598.0,4.844961240310078,578403090,16608110,4106849190,2544332450,1472737230,0,4753826670,1019628940,7246192840
2015-01-09,5400.0,5530.0,5400.0,5460.0,996410.0,0.9242144177449169,1332333490,0,3095955300,1002258610,1343269850,0,2002971260,2084306290,5430547400
2015-01-12,5450.0,5560.0,5350.0,5360.0,1059170.0,-1.8315018315018317,555742230,49959020,4107352420,1025065610,1664883180,0,2486269860,1586966240,5738119280
2015-01-13,5370.0,5460.0,5340.0,5350.0,622382.0,-0.18656716417910446,287105650,19977300,2075301690,972778470,497464180,0,1458037610,1399661320,3355163110
2015-01-14,5310.0,5380.0,5170.0,5170.0,1159412.0,-3.364485981308411,29024950,2600000,4957804140,1082416830,1780406540,0,2903055480,1388383900,6071845920
2015-01-15,5180.0,5310.0,5170.0,5210.0,940121.0,0.7736943907156674,337801340,12980000,2968623160,1580411640,432837430,8618390,2149849980,2308510340,4899816140
2015-01-16,5210.0,5270.0,5110.0,5150.0,822570.0,-1.1516314779270633,896428970,16300900,3073522010,249965360,694516630,0,2009181840,1532518770,4236217240
2015-01-19,5210.0,5340.0,5210.0,5260.0,794945.0,2.1359223300970873,131748270,5270000,3223720340,828204540,126202850,24796660,2758207480,1279736160,4188943150
2015-01-20,5270.0,5320.0,5240.0,5260.0,647003.0,0.0,453054310,11283740,2461916510,482412220,85425890,0,1826137250,1497103640,3408666780
2015-01-21,5280.0,5280.0,5170.0,5170.0,711117.0,-1.7110266159695817,116841070,24135000,2957778670,594768090,121509660,51950,1657136160,1914825060,3693522830
2015-01-22,5210.0,5390.0,5210.0,5350.0,977738.0,3.481624758220503,814073590,0,3136364560,1260589890,169641940,17254100,4178969370,845162630,5211028040
2015-01-23,5420.0,5470.0,5280.0,5340.0,943698.0,-0.1869158878504673,1430170940,5340000,3065862170,587122320,222056380,5565010,3269093300,1591780740,5088495430
2015-01-26,5350.0,5420.0,5290.0,5380.0,601366.0,0.7490636704119851,596512410,27165600,2296079600,310234260,68490610,5380000,1701170930,1454950330,3229991870
2015-01-27,5460.0,5650.0,5450.0,5630.0,1175336.0,4.646840148698884,1912858320,41875430,4232043180,308276710,23310780,18890200,4046955250,2405897410,6495053640
2015-01-28,5630.0,6270.0,5600.0,6250.0,3134903.0,11.012433392539965,4536429830,42050980,13625547040,742901500,250665960,161933290,16811285090,1723045010,18946929350
2015-01-29,6510.0,6870.0,6410.0,6670.0,6186054.0,6.72,11246034010,714252530,27357676500,2040666120,836708640,750103400,34456536070,5315281050,41358629160
2015-01-30,6750.0,6970.0,6580.0,6780.0,3572217.0,1.6491754122938531,5113178170,17550000,16178732710,3072976890,244930680,125250250,20325050500,3687206340,24382437770
2015-02-02,6740.0,6930.0,6700.0,6790.0,2026378.0,0.14749262536873156,3075325380,10288000,8367403010,2406181810,583276710,7083400,9908640860,3360197230,13859198200
2015-02-03,6910.0,6920.0,6650.0,6720.0,2143882.0,-1.0309278350515463,3903152960,0,7695904570,2896742540,2949927200,13440000,6814171800,4718261070,14495800070
2015-02-04,6830.0,7000.0,6770.0,6990.0,2384458.0,4.017857142857143,5504410580,27539600,9194882940,1828795550,1295427080,62844950,12387541810,2809814830,16555628670
2015-02-05,6990.0,7110.0,6780.0,7030.0,2296313.0,0.5722460658082975,5208394200,201418320,9036146480,1625944250,1124651460,21130250,10779778280,4146343260,16071903250
2015-02-06,7050.0,7070.0,6870.0,6960.0,1051189.0,-0.995732574679943,1451117090,9562000,4583055150,1266963172,351241830,107828360,4040497980,2811129242,7310697412
2015-02-09,7000.0,7200.0,6950.0,7140.0,1675420.0,2.586206896551724,4159754920,1254837700,5030859280,1482375440,66483440,15614020,9452948630,2392781250,11927827340
2015-02-10,7120.0,7190.0,7030.0,7060.0,1290801.0,-1.1204481792717087,3761084350,230412010,4445317350,701239270,716792750,170760,5232798420,3188291050,9138052980
2015-02-11,7060.0,7250.0,7060.0,7110.0,1469909.0,0.708215297450425,3136511810,0,5075706280,2340222130,503464600,372064550,6728346640,2948564430,10552440220
2015-02-12,7110.0,7160.0,6760.0,6810.0,2047203.0,-4.219409282700422,1657982970,27630000,9914048910,2464731880,4715363940,23563300,7636141490,1689325030,14064393760
2015-02-13,6870.0,6930.0,6740.0,6910.0,1045296.0,1.4684287812041115,1339651030,7168680,3258334020,2559594030,694749660,0,4386617580,2083380520,7164747760
2015-02-16,6890.0,6930.0,6730.0,6900.0,1001689.0,-0.1447178002894356,530985670,49465000,5498287920,778329190,779535470,26151200,5158152650,893228460,6857067780
2015-02-17,6880.0,7120.0,6860.0,7030.0,1295154.0,1.884057971014493,2713063180,0,4671093140,1738403960,560543500,14403970,7325669950,1221942860,9122560280
2015-02-23,7100.0,7150.0,7040.0,7100.0,749358.0,0.995732574679943,1342928660,7100000,3571918480,396003550,10857610,71400,3721642830,1585378850,5317950690
2015-02-24,7080.0,7090.0,6920.0,6920.0,1047850.0,-2.535211267605634,58597810,167754720,6521912240,559622350,770910760,0,3208315400,3328660960,7307887120
2015-02-25,7000.0,7700.0,6960.0,7450.0,4714112.0,7.658959537572255,7068793970,4374350,22847095090,5225989980,4610122040,96059150,28132979600,2307092600,35146253390
2015-02-26,7570.0,8130.0,7500.0,8030.0,4956263.0,7.785234899328859,10491164140,120410110,23853709110,4661847760,5022419580,194689710,30488430850,3421590980,39127131120
2015-02-27,8160.0,8180.0,7860.0,7910.0,2495037.0,-1.4943960149439601,772993660,23800000,16689881560,2499270720,1869050300,12953380,14181267100,3922675160,19985945940
2015-03-02,7990.0,8270.0,7990.0,8160.0,2976418.0,3.16055625790139,6467573150,12386200,15110724510,2642114820,4177012440,18211600,16711903700,3325670940,24232798680
2015-03-03,8220.0,8300.0,8000.0,8060.0,1435465.0,-1.2254901960784315,2647962830,156003190,7508997530,1318370170,1277680570,14242790,7244049180,3095361180,11631333720
2015-03-04,8060.0,8150.0,7910.0,8080.0,1870206.0,0.24813895781637718,1017965190,12128610,8563085620,5438450060,2779533790,2328498240,8616366970,1307230480,15031629480
2015-03-05,8000.0,8160.0,7960.0,8010.0,1104361.0,-0.8663366336633664,2036872130,12015000,5661196400,1172781230,2342209990,9546070,4833031980,1698076720,8882864760
2015-03-06,7970.0,8030.0,7800.0,7890.0,1283887.0,-1.4981273408239701,739455570,15620000,7592942830,1756819060,1920488360,4558800,6773517880,1406272420,10104837460
2015-03-09,7870.0,8040.0,7760.0,7760.0,1632747.0,-1.6476552598225602,899014360,12541770,9602738110,2359486110,1629420930,0,7223395400,4020964020,12873780350
2015-03-10,7840.0,7840.0,7360.0,7500.0,2284595.0,-3.350515463917526,1405888640,40846240,12382400230,3339168270,2794366040,216792680,10702797210,3454347450,17168303380
2015-03-11,7360.0,7540.0,7250.0,7410.0,1549454.0,-1.2,1921445530,27775300,6415674660,3121645450,3374637600,65497780,4818711050,3227694510,11486540940
2015-03-12,7410.0,7810.0,7340.0,7530.0,2367420.0,1.6194331983805668,3115286640,145116400,13458677270,1402427450,2909549450,25554180,12198260520,2988143610,18121507760
2015-03-13,7700.0,7760.0,7430.0,7470.0,1264699.0,-0.796812749003984,200298330,30302890,8562494600,764805550,1405596420,0,5525728810,2626576140,9557901370
2015-03-16,7470.0,7480.0,7150.0,7170.0,1798841.0,-4.016064257028113,1143875190,84961970,9257796530,2533899680,3248628930,280990,7306267900,2465355550,13020533370
2015-03-17,7170.0,7990.0,7150.0,7880.0,4002163.0,9.902370990237099,8359933800,184999210,17643003640,4755930780,3115573680,181573290,23615459430,4031261030,30943867430
2015-03-18,7910.0,8080.0,7830.0,7870.0,2084995.0,-0.12690355329949238,3563445070,352434990,10990509370,1623737220,411587490,16160,12275577520,3842945480,16530126650
2015-03-19,8150.0,8210.0,7950.0,7990.0,1913565.0,1.5247776365946633,2421435040,3960410,10859813260,2165707160,748823630,16016340,12587775400,2098300500,15450915870
2015-03-20,7990.0,8020.0,7790.0,7840.0,1061705.0,-1.877346683354193,781838960,9475190,5920035890,1630178480,1091044300,1028330,4981705930,2267749960,8341528520
2015-03-23,7940.0,8210.0,7910.0,8080.0,1852578.0,3.061224489795918,4625743200,47783050,8215179490,2111316150,529290270,23704000,12948352000,1498675620,15000021890
2015-03-24,8170.0,8180.0,7970.0,8100.0,1095022.0,0.24752475247524752,1647989730,91151460,5531808250,1573853690,125731340,22041060,5923164940,2773865790,8844803130
2015-03-25,8140.0,8260.0,8030.0,8210.0,1495473.0,1.3580246913580247,2188489080,3517800,5897875910,4142389970,700274350,0,9086255860,2445742550,12232272760
2015-03-26,7800.0,7910.0,7200.0,7470.0,8705295.0,-9.013398294762483,13097687300,217196550,48182553920,4319765360,14094327570,112472270,45936814000,5673589290,65817203130
2015-03-27,7620.0,7750.0,7460.0,7550.0,2160192.0,1.07095046854083,2200914490,118153640,10392484860,3609543930,4830233430,102658530,8242928430,3145276530,16321096920
2015-03-30,7630.0,7810.0,7580.0,7780.0,1877971.0,3.0463576158940397,1682237080,0,6114567880,6740340950,4327103470,0,8489877790,1720164650,14537145910
2015-03-31,7800.0,8000.0,7700.0,7930.0,1867069.0,1.9280205655526992,2708562920,4877730,6450157290,5552455530,1661398280,276558630,10858323970,1919772590,14716053470
2015-04-01,7880.0,8080.0,7670.0,7740.0,1903539.0,-2.3959646910466583,1452391250,15699820,9065419090,4415865560,5369741310,225690530,6999736440,2354207440,14949375720
2015-04-02,7790.0,7830.0,7620.0,7790.0,1086670.0,0.6459948320413437,1548557600,6817490,4181522020,2680234880,576762730,973650,6010239350,1829156260,8417131990
2015-04-03,7920.0,8060.0,7900.0,8000.0,1251502.0,2.6957637997432604,946763660,375060,6576579050,2469597410,410596790,29137640,9137575660,416005090,9993315180
2015-04-06,8210.0,8340.0,8060.0,8100.0,3228468.0,1.25,3348056990,264580670,20190492130,2620665710,6563672900,66391820,16735898290,3057832490,26423795500
2015-04-07,8150.0,8230.0,8060.0,8130.0,1217547.0,0.3703703703703704,1250231640,43931580,6070528250,2534967030,368792910,0,7834155910,1696709680,9899658500
2015-04-08,8160.0,8200.0,8020.0,8070.0,1267795.0,-0.7380073800738007,766356110,20698110,7199917110,2293365420,648255160,76416250,8235235180,1320430160,10280336750
2015-04-09,8080.0,8160.0,8040.0,8110.0,1061711.0,0.49566294919454773,967039220,95653290,5339050310,2178569710,809008640,0,5763165840,2008138050,8580312530
2015-04-10,8120.0,8220.0,8020.0,8090.0,1548704.0,-0.2466091245376079,1939392170,135788100,8558706940,1932762840,1489204250,261771100,9028324790,1787349910,12566650050
2015-04-13,8240.0,9090.0,8180.0,8920.0,6598539.0,10.259579728059332,2655015250,683404250,47429402790,6774687200,2189411640,125230560,49653352530,5574514760,57542509490
2015-04-14,9030.0,9200.0,8740.0,9040.0,3534309.0,1.345291479820628,5199659240,187714580,24238843620,2088126870,932602270,57618380,24401648930,6322474730,31714344310
2015-04-15,9110.0,9330.0,8900.0,9160.0,2611570.0,1.3274336283185841,3281824640,38651270,16619722860,3889254670,772063150,20131580,19691253040,3346005670,23829453440
2015-04-16,9210.0,9270.0,8950.0,9030.0,1653801.0,-1.4192139737991267,1863388590,5247460,11330610380,1776846770,1443284730,15747810,11050189500,2466871160,14976093200
2015-04-17,9040.0,9040.0,8660.0,8830.0,2452475.0,-2.2148394241417497,1535452340,65232760,14645407170,5304000330,5419313130,34800000,14656528990,1439450480,21550092600
2015-04-20,8610.0,8970.0,8600.0,8930.0,1613338.0,1.1325028312570782,1267425130,287717760,7094410660,5558913410,957678240,2201630,11660589680,1587997410,14208466960
2015-04-21,8990.0,9020.0,8720.0,8730.0,1391532.0,-2.2396416573348263,477824660,40267010,9216949110,2603981640,1264795810,69901330,7796606560,3207718720,12339022420
2015-04-22,8740.0,8980.0,8320.0,8590.0,1821832.0,-1.6036655211912942,1005783020,38783550,10690671330,4143202460,2990253520,0,11514685630,1373501210,15878440360
2015-04-23,8660.0,8750.0,8370.0,8420.0,1906271.0,-1.979045401629802,646532560,522776980,10952706110,3972805580,1322375160,625266480,7667976770,6479202820,16094821230
2015-04-24,8510.0,8660.0,8130.0,8240.0,2435698.0,-2.137767220902613,763156650,184391640,15628118830,3706221240,3371806260,86776740,11919702560,4903602800,20281888360
2015-04-27,8210.0,8400.0,8100.0,8150.0,2047439.0,-1.0922330097087378,389681530,49018270,12606557770,3748281070,6567261980,323804610,8406217570,1496254480,16793538640
2015-04-28,8220.0,8220.0,7850.0,7980.0,2820421.0,-2.085889570552147,1608326540,44161300,17468182220,3348364070,7368033720,58330000,11806101050,3236569360,22469034130
2015-04-29,7980.0,7980.0,7310.0,7400.0,4749274.0,-7.268170426065162,1233664840,242445630,29969573090,4093950940,10286330420,832571340,14879987770,9540744970,35539634500
2015-04-30,7390.0,7410.0,7110.0,7130.0,3132990.0,-3.6486486486486487,694246710,347664250,16266965660,5227552330,4185454410,43080,11608536340,6742395120,22536428950
2015-05-04,7170.0,7360.0,7140.0,7140.0,1657496.0,0.1402524544179523,245241190,67062930,8970580150,2656423570,523142620,505314420,5724822760,5186028040,11939307840
2015-05-06,7140.0,7140.0,6950.0,7110.0,2057613.0,-0.42016806722689076,2791009630,29258540,8245992930,3365177100,1549084290,934230490,7359426910,4588696510,14431438200
2015-05-07,7140.0,7230.0,7050.0,7120.0,1565170.0,0.14064697609001406,840863950,14200000,7334844560,2966020160,2354024540,22003000,5088526920,3691374210,11155928670
2015-05-08,7150.0,7170.0,7040.0,7040.0,871320.0,-1.1235955056179776,276750740,16215000,5254471340,619935450,534541460,3656250,3898587440,1730587380,6167372530
2015-05-11,7160.0,7270.0,7060.0,7070.0,1056146.0,0.4261363636363636,164178380,1764360,6494423780,899815360,1319475600,3602260,5107897690,1129206330,7560181880
2015-05-12,7100.0,7210.0,7070.0,7170.0,844332.0,1.4144271570014144,123276730,0,3982336410,1936033070,500490990,0,4270239810,1270915410,6041646210
2015-05-13,7120.0,7250.0,7110.0,7210.0,731843.0,0.5578800557880056,110934730,50330000,3479641790,1623787880,460398590,49723530,3331118730,1423453550,5264694400
2015-05-14,7170.0,7670.0,7150.0,7650.0,2721760.0,6.102635228848821,3733291950,12605450,11546332800,5157721620,928612850,53410000,15181812940,4286116030,20449951820
2015-05-15,7720.0,7760.0,7380.0,7390.0,1912752.0,-3.3986928104575163,2678592060,9492960,10226491400,1452659140,865866730,99460640,9454898410,3947009780,14367235560
2015-05-18,7450.0,7600.0,7320.0,7330.0,1211260.0,-0.8119079837618403,466122640,0,6397805180,2124276720,871445850,0,5413534710,2703223980,8988204540
2015-05-19,7340.0,7460.0,7120.0,7160.0,1882942.0,-2.3192360163710775,226781650,126137910,11158756870,2064181820,4946943780,64823850,6458944550,2105146070,13575858250
2015-05-20,7230.0,7530.0,7230.0,7380.0,2212287.0,3.072625698324022,1292793090,132840,11179949500,3826867980,2124155490,0,12328735980,1846851940,16299743410
2015-05-21,7410.0,7460.0,7160.0,7190.0,1258430.0,-2.5745257452574526,687889850,21973700,7124956790,1281375250,2446760250,282347300,4739387990,1647700050,9116195590
2015-05-22,7200.0,7380.0,7200.0,7350.0,1137318.0,2.2253129346314324,1174650460,409687530,4401181030,2329794470,1103348720,0,6523837750,688127020,8315313490
2015-05-26,7350.0,7350.0,7050.0,7060.0,1562380.0,-3.9455782312925165,1292573110,0,7511296000,2348725740,1660112790,0,4410590680,5081891380,11152594850
2015-05-27,7020.0,7440.0,6920.0,7430.0,2024583.0,5.240793201133145,216288780,27220810,4513363420,9934766830,1906867060,0,10642156950,2142615830,14691639840
2015-05-28,7340.0,7380.0,7200.0,7210.0,1466521.0,-2.9609690444145356,4353946960,43420000,5673101570,539576780,3350604820,0,2780519000,4478921490,10610045310
2015-05-29,7260.0,7310.0,7060.0,7070.0,1519582.0,-1.9417475728155338,2054265670,213469950,5683498060,2936590330,1209340050,882500,4302966210,5374635250,10887824010
2015-06-01,7090.0,7250.0,7030.0,7110.0,1004418.0,0.5657708628005658,1846498350,113879140,4124518920,1071113630,1358202080,17457960,3202954850,2577395150,7156010040
2015-06-02,7110.0,7200.0,6950.0,6960.0,1225396.0,-2.109704641350211,803102720,21100000,7253196790,527791900,463113910,183141820,4801714020,3157221660,8605191410
2015-06-03,6920.0,7280.0,6920.0,7070.0,1828935.0,1.5804597701149428,4443524990,145879220,5753448460,2677529410,2038690820,7060990,6657599270,4317031000,13020382080
2015-06-04,7010.0,7220.0,6990.0,7100.0,1478044.0,0.4243281471004243,1638595340,0,5432605190,3434910130,2362874770,0,5960424490,2182811400,10506110660
2015-06-05,6980.0,7140.0,6970.0,6980.0,837064.0,-1.6901408450704223,30531180,42260000,5114490430,690234580,1113528200,0,3381882080,1382105910,5877516190
2015-06-08,6980.0,7120.0,6960.0,7050.0,937858.0,1.002865329512894,666890880,163993440,4597700720,1154406380,1856731700,0,2749993490,1976266230,6582991420
2015-06-09,7070.0,7300.0,7070.0,7130.0,1403226.0,1.1347517730496455,2025484210,323550,7240717740,829727840,1309888170,107170,7339326250,1446931750,10096253340
2015-06-10,7250.0,7250.0,6990.0,7030.0,1120426.0,-1.402524544179523,674009240,0,6832558490,390406380,1432703210,17775000,4318826030,2127669870,7896974110
2015-06-11,7080.0,7100.0,6800.0,6930.0,1935135.0,-1.422475106685633,724736220,31815000,11102132750,1539693430,2093781300,507670700,8263128500,2533796900,13398377400
2015-06-12,6900.0,7020.0,6540.0,6640.0,2035357.0,-4.184704184704184,204201750,19935000,12137790130,1294122630,2782916510,36349330,8455030880,2381752790,13656049510
2015-06-15,6570.0,6680.0,6420.0,6460.0,1178985.0,-2.710843373493976,439944150,12960000,5337556140,1863864840,2399874350,0,4424327420,830123360,7654325130
2015-06-16,6480.0,6500.0,6160.0,6190.0,1638095.0,-4.179566563467492,588503180,58989000,7650776730,1904306100,3047445820,0,4537943770,2617185420,10202575010
2015-06-17,6210.0,6560.0,6210.0,6420.0,1374525.0,3.715670436187399,288456840,0,4610279230,3932062730,372303040,8903040,6144647620,2304945100,8830798800
2015-06-18,6440.0,6620.0,6380.0,6420.0,857332.0,0.0,746604890,0,3073621250,1725766010,369170730,0,2866285110,2310536310,5545992150
2015-06-19,6400.0,6630.0,6380.0,6450.0,1000464.0,0.46728971962616817,2374099000,0,3499343780,643219120,238388940,0,4511655580,1766617380,6516661900
2015-06-22,6600.0,6690.0,6520.0,6560.0,487609.0,1.7054263565891472,412526710,23170000,2464433400,310775660,242595350,0,2307098620,661211800,3210905770
2015-06-23,6630.0,6660.0,6560.0,6570.0,811850.0,0.1524390243902439,408108790,343146000,4098184660,508197570,916341270,0,2438827120,2002468630,5357637020
2015-06-24,6600.0,6750.0,6520.0,6740.0,1061432.0,2.5875190258751903,667498100,9260960,3691294150,2681300500,1972030530,19740000,3762088830,1295494350,7049353710
2015-06-25,6700.0,6880.0,6620.0,6640.0,968461.0,-1.483679525222552,107072960,25786500,5298288870,1088028950,950852130,0,3153351520,2414973630,6519177280
2015-06-26,6660.0,6690.0,6550.0,6590.0,610258.0,-0.7530120481927711,392949940,21049450,3158942070,461363480,146059860,0,2093098500,1795146580,4034304940
2015-06-29,6530.0,6530.0,6140.0,6180.0,1439151.0,-6.22154779969651,153770540,31178000,8650180000,203841890,2112299000,0,4059576250,2867095180,9038970430
2015-06-30,6140.0,6300.0,6120.0,6180.0,1418165.0,0.0,85009320,12260000,6823667420,1849848700,4383150290,4152960,2906920860,1476561330,8770785440
2015-07-01,6200.0,6400.0,6150.0,6310.0,1008877.0,2.103559870550162,325158520,396865200,4309754050,1304440870,1233869960,0,4365715650,736633030,6336218640
2015-07-02,6370.0,6420.0,6200.0,6230.0,986960.0,-1.2678288431061806,326542050,0,4923442690,949439840,717378740,15575000,2293562180,3172908660,6199424580
2015-07-03,6260.0,6370.0,6250.0,6350.0,716444.0,1.9261637239165328,1641735380,0,2271437440,616748838,1039168420,18737400,2874417840,597597998,4529921658
2015-07-06,6230.0,6290.0,6050.0,6120.0,1577252.0,-3.622047244094488,569140890,10646000,8520658820,599405650,3551053410,0,4086712070,2062085880,9699851360
2015-07-07,6170.0,6230.0,6120.0,6200.0,746706.0,1.3071895424836601,895502190,17190920,2567080030,1130878530,457528460,0,2717532670,1435590540,4610651670
2015-07-08,6270.0,6280.0,6100.0,6180.0,684691.0,-0.3225806451612903,125324690,18590000,2982495110,1101780780,609784790,0,2272230550,1346175240,4228190580
2015-07-09,6130.0,6140.0,5990.0,6060.0,1124423.0,-1.9417475728155338,735506430,12220000,5479000050,560336590,2050268090,0,2710567930,2026227050,6787063070
2015-07-10,6060.0,6310.0,6060.0,6150.0,1122628.0,1.4851485148514851,841702760,12120000,5069950980,996194030,1081386060,185639150,3900113210,1752829350,6919967770
2015-07-13,6150.0,6390.0,6150.0,6370.0,893189.0,3.577235772357724,906976680,0,3273428470,1421126370,407760020,34500000,4611778330,547493170,5601531520
2015-07-14,6400.0,6410.0,6230.0,6400.0,1320800.0,0.47095761381475665,27560550,0,6377176240,1976865100,1156520570,3291680,4802804050,2418985590,8381601890
2015-07-15,6800.0,6950.0,6430.0,6490.0,3525978.0,1.40625,324268310,6460000,18274372260,4742288140,4877701960,80026150,14501668410,3887992190,23347388710
2015-07-16,6500.0,6510.0,6320.0,6450.0,1299314.0,-0.6163328197226503,304440340,56913400,5433159010,2526631350,1136062770,662500,6470262180,714156650,8321144100
2015-07-17,6530.0,6530.0,6160.0,6280.0,1737858.0,-2.635658914728682,634154890,147019200,7589158760,2480131520,1374530620,1465150,6547896480,2926572120,10850464370
2015-07-20,6250.0,6270.0,5960.0,6120.0,1866040.0,-2.547770700636943,590640370,115382100,8271858770,2363055470,2507083950,3691130,5796302730,3033858900,11340936710
2015-07-21,6080.0,6230.0,6080.0,6210.0,950462.0,1.4705882352941175,163662480,135472530,2938037710,2620746030,378675420,2481570,3570689420,1906072340,5857918750
2015-07-22,6200.0,6220.0,6120.0,6200.0,835421.0,-0.1610305958132045,60863510,0,2260034020,2820033890,802647130,0,2656862530,1681421760,5140931420
2015-07-23,6200.0,6340.0,6070.0,6250.0,1591292.0,0.8064516129032258,26102760,61200,2859855110,6928499600,1821312010,0,4640026090,3353180570,9814518670
2015-07-24,6150.0,6180.0,5990.0,6070.0,1550470.0,-2.88,432147420,0,5373003900,3580554220,2056735400,95189140,4518631940,2715149060,9385705540
2015-07-27,6050.0,6210.0,5980.0,6100.0,1077194.0,0.4942339373970346,1581449350,0,2930009500,2070821150,1113414220,9728000,3594324820,1864812960,6582280000
2015-07-28,6080.0,6450.0,6060.0,6400.0,1931614.0,4.918032786885246,2319816240,45010,5348931110,4460442870,145949760,0,9471803980,2511481490,12129235230
2015-07-29,6480.0,6850.0,6390.0,6670.0,3160033.0,4.21875,6335280470,61020,10785936170,4017487360,786374720,31437490,17321377400,2999575410,21138765020
2015-07-30,6790.0,6970.0,6760.0,6880.0,2263130.0,3.1484257871064467,3173821390,11397290,6322274340,6077080350,989202500,20748650,12676400700,1898221520,15584573370
2015-07-31,6960.0,6980.0,6700.0,6900.0,1877467.0,0.29069767441860467,2579179450,4124900,4805994070,5579623800,1958123170,29757190,8107602060,2873439800,12968922220
2015-08-03,6990.0,6990.0,6720.0,6800.0,980179.0,-1.4492753623188406,624964070,6795520,3310882680,2736396350,856808760,0,4190891860,1631338000,6679038620
2015-08-04,6800.0,6830.0,6560.0,6650.0,1090096.0,-2.2058823529411766,294160890,11273400,4238465810,2712364980,669340330,1925600,4624383360,1960615790,7256265080
2015-08-05,6630.0,6750.0,6560.0,6710.0,704945.0,0.9022556390977444,5791960,328500,2699853590,1998123230,311487790,0,3541545520,851063970,4704097280
2015-08-06,6680.0,6720.0,6570.0,6580.0,757773.0,-1.9374068554396422,161358790,48338800,3242961880,1556852320,326120590,0,2835154600,1848236600,5009511790
2015-08-07,6540.0,6580.0,6470.0,6490.0,615890.0,-1.3677811550151975,18464120,36019700,2303404860,1647111190,407385790,69898650,2205150470,1322564960,4004999870
2015-08-10,6450.0,6530.0,6340.0,6420.0,520846.0,-1.078582434514638,119455450,0,1848637150,1372010010,102677880,1207140,2339292630,896924960,3340102610
2015-08-11,6480.0,6550.0,6440.0,6500.0,624350.0,1.2461059190031152,536217990,0,1662069400,1857069340,76497040,0,2116604140,1862255550,4055356730
2015-08-12,6350.0,6820.0,6350.0,6790.0,1663783.0,4.461538461538462,3505258320,268301350,4092848240,3242977570,81363170,27137930,8520273110,2480611270,11109385480
2015-08-13,6800.0,6860.0,6570.0,6710.0,1084613.0,-1.1782032400589102,2046516000,1473210,3984540080,1259774960,731570140,0,3951136830,2609597280,7292304250
2015-08-17,6790.0,6790.0,6540.0,6680.0,532901.0,-0.44709388971684055,234291200,125400,1994844950,1308420960,1138270070,0,1704045710,695366730,3537682510
2015-08-18,6710.0,6830.0,6640.0,6670.0,982100.0,-0.14970059880239522,1569367650,0,1868284860,3176183900,911448210,0,3645050190,2057338010,6613836410
2015-08-19,6610.0,6870.0,6500.0,6550.0,1168904.0,-1.7991004497751124,1570155520,0,3887599360,2331238810,432414950,40324000,4431811680,2884443060,7788993690
2015-08-20,6450.0,6540.0,6100.0,6110.0,1591779.0,-6.7175572519083975,782003610,0,7747855570,1391908310,2648750980,22408880,3735242280,3515365350,9921767490
2015-08-21,5900.0,6160.0,5840.0,6070.0,1037927.0,-0.6546644844517185,1663594270,39520000,2698340700,1855779630,644065590,29750000,4283982880,1299436130,6257234600
2015-08-24,6020.0,6280.0,6020.0,6130.0,1309562.0,0.9884678747940692,2670680310,6170000,1947763830,3438784910,124739340,0,3352193800,4586465910,8063399050
2015-08-25,6150.0,6290.0,6050.0,6250.0,1211400.0,1.957585644371941,125008200,0,4881809230,2526207030,1430448840,0,2517219840,3585355780,7533024460
2015-08-26,6250.0,6390.0,6150.0,6320.0,709320.0,1.1199999999999999,1137467110,14872060,2330332690,967382940,678515870,0,2352325200,1419213730,4450054800
2015-08-27,6310.0,6380.0,6210.0,6230.0,736427.0,-1.4240506329113924,915997170,0,2260635180,1437911740,1076375660,0,1960119860,1578048570,4614544090
2015-08-28,6300.0,6430.0,6280.0,6390.0,1054348.0,2.568218298555377,1139648470,0,2459380190,3114041100,1440544190,0,4368848000,903677570,6713069760
2015-08-31,6320.0,6440.0,6270.0,6370.0,647789.0,-0.3129890453834116,631169240,0,1138278410,2362704210,727475540,3185000,1787764180,1613727140,4132151860
2015-09-01,6370.0,6460.0,6200.0,6210.0,649970.0,-2.511773940345369,90001380,203895960,2871925190,911062910,1306985270,0,1206453540,1563446630,4076885440
2015-09-02,6120.0,6280.0,6120.0,6180.0,451926.0,-0.4830917874396135,343636270,0,1346702180,1108170910,609157110,0,1132767840,1056584410,2798509360
2015-09-03,6250.0,6280.0,6100.0,6120.0,635133.0,-0.9708737864077669,89741680,61430000,2921010650,837509280,820147580,11883990,1102830050,1974829990,3909691610
2015-09-04,6120.0,6210.0,6100.0,6180.0,771244.0,0.9803921568627451,1988538130,0,1196316180,1567847060,1048456900,4519040,1778978530,1920746900,4752701370
2015-09-07,6140.0,6240.0,6120.0,6140.0,479451.0,-0.6472491909385114,918541740,0,1175681030,866974100,552088670,0,1324238120,1084870080,2961196870
2015-09-08,6220.0,6220.0,6050.0,6100.0,411343.0,-0.6514657980456027,62949500,6100000,1956149670,495356290,533563220,193136680,1064377380,729478180,2520555460
2015-09-09,6170.0,6210.0,6120.0,6210.0,788115.0,1.8032786885245904,1219322580,6150000,2521305440,1115291460,1659320460,0,1714355740,1488393280,4862069480
2015-09-10,6180.0,6420.0,6160.0,6420.0,914489.0,3.3816425120772946,2137151920,0,2086782430,1512931500,782682600,0,3445774580,1508408670,5736865850
2015-09-11,6340.0,6390.0,6240.0,6240.0,664366.0,-2.803738317757009,820652300,12510000,2457120840,899205900,868243320,11938000,1834916090,1474391630,4189489040
2015-09-14,6290.0,6340.0,6180.0,6210.0,489232.0,-0.4807692307692308,958697400,0,1345894400,749166850,562868120,11474100,1276800980,1202615450,3053758650
2015-09-15,6190.0,6280.0,6120.0,6130.0,583612.0,-1.288244766505636,124300870,0,2841067330,632158320,1545744190,0,1408512170,643270160,3597526520
2015-09-16,6190.0,6380.0,6180.0,6340.0,1324473.0,3.4257748776508974,348396110,6320000,4943309720,3067728210,688141610,50800000,5572997450,2053814980,8365754040
2015-09-17,6400.0,6580.0,6350.0,6570.0,1745667.0,3.627760252365931,1311633010,0,4753849980,5263609920,624569350,0,8721183520,1983340040,11329092910
2015-09-18,6610.0,6660.0,6410.0,6530.0,988029.0,-0.60882800608828,672446540,13120000,3754802740,2034881930,512306490,0,4292747590,1670197130,6475251210
2015-09-21,6480.0,6530.0,6400.0,6460.0,673353.0,-1.0719754977029097,318165340,0,2426473020,1604281520,611829370,0,2454912470,1282178040,4348919880
2015-09-22,6560.0,6750.0,6540.0,6710.0,1248402.0,3.8699690402476783,1152684890,0,3020604840,4112837380,157708380,6135870,5968704940,2153577920,8286127110
2015-09-23,6710.0,6720.0,6420.0,6430.0,1173481.0,-4.172876304023846,1062464360,388200,5679028920,880932990,726755510,32150000,3051133920,3812775040,7622814470
2015-09-24,6520.0,6530.0,6360.0,6400.0,668451.0,-0.46656298600311047,1022029610,0,2271977880,1001280450,349066150,0,1971819150,1974402640,4295287940
2015-09-25,6430.0,6560.0,6400.0,6490.0,847124.0,1.40625,508785020,35365000,2941543200,1994714900,7001810,11219000,2741217560,2720969750,5480408120
2015-09-30,6400.0,6470.0,6310.0,6380.0,832171.0,-1.694915254237288,472978450,0,2610851610,2212950210,517096640,37980000,1520754230,3220949400,5296780270
2015-10-01,6400.0,6610.0,6400.0,6570.0,871388.0,2.978056426332288,506488040,363231820,2630850780,2193577900,240289650,55994750,3294753150,2103110990,5694148540
2015-10-02,6570.0,6580.0,6360.0,6360.0,760791.0,-3.1963470319634704,67177810,0,4146861840,670853190,1217154530,0,2188622120,1479116190,4884892840
2015-10-05,6400.0,6460.0,6280.0,6320.0,1081537.0,-0.628930817610063,1520707880,0,2989485000,2362582900,904384030,0,2615368840,3353022910,6872775780
2015-10-06,6430.0,6480.0,6380.0,6420.0,445254.0,1.5822784810126582,379643980,43005760,1690743690,746687670,616748390,0,1383840840,859491870,2860081100
2015-10-07,6500.0,6610.0,6450.0,6600.0,1696550.0,2.803738317757009,2970780590,19630000,4973374960,3175373480,949297240,0,7069687610,3120174180,11139159030
2015-10-08,6650.0,6690.0,6550.0,6600.0,932748.0,0.0,1654451750,22110960,2758599050,1728767320,232050480,0,4033194520,1898684080,6163929080
2015-10-12,6650.0,6990.0,6640.0,6950.0,2163507.0,5.303030303030303,2334391910,18959040,6334817780,6199013610,106242880,21941200,11961303920,2797694340,14887182340
2015-10-13,6910.0,7080.0,6840.0,7050.0,1264879.0,1.4388489208633095,1836616600,2109000,3319334310,3701442040,210775700,0,6914165920,1734560330,8859501950
2015-10-14,7150.0,7170.0,6850.0,6890.0,1091622.0,-2.269503546099291,263026870,15180000,6068832900,1243329270,44889590,8258600,5388105720,2149115130,7590369040
2015-10-15,6910.0,7040.0,6910.0,6960.0,597892.0,1.0159651669085632,526314880,0,1827665380,1822857630,179170130,0,2891414410,1106253350,4176837890
2015-10-16,7050.0,7050.0,6820.0,6850.0,566031.0,-1.5804597701149428,256199320,6960000,2502339770,1136294700,291570180,0,2726330120,883893490,3901793790
2015-10-19,6920.0,7100.0,6820.0,7050.0,1099191.0,2.9197080291970803,1216458440,0,2947305740,3556235230,451566710,0,5440809520,1827623180,7719999410
2015-10-20,7100.0,7200.0,6980.0,7190.0,1283872.0,1.9858156028368796,1409925450,36998000,4311784450,3373232100,413056520,26231600,6020425640,2672226240,9131940000
2015-10-21,7200.0,7300.0,7120.0,7270.0,1211873.0,1.1126564673157162,2101543800,100151300,2855705700,3730996100,143238370,14554420,5896451970,2734152140,8788396900
2015-10-22,7200.0,7270.0,7010.0,7030.0,824797.0,-3.3012379642365883,773461160,14132000,3304272890,1757090860,829749400,38634000,3555227570,1425345940,5848956910
2015-10-23,7120.0,7360.0,7070.0,7330.0,1507791.0,4.267425320056899,4727631620,4449140,3914587520,2269648310,441282960,58365900,8066440400,2350227330,10916316590
2015-10-26,7400.0,7480.0,7170.0,7410.0,1924788.0,1.0914051841746248,4285560530,109186250,6342128620,3369893430,3336663060,0,6365676630,4404429140,14106768830
2015-10-27,7380.0,7410.0,6900.0,7010.0,2101339.0,-5.398110661268556,1421534160,57672000,11223966510,2165348980,4395014420,198777590,7663824420,2610905220,14868521650
2015-10-28,7010.0,7040.0,6840.0,6940.0,1078868.0,-0.9985734664764622,1180767930,13700000,4138515860,2139079340,1322548080,30003890,4412095570,1707415590,7472063130
2015-10-29,6930.0,6950.0,6650.0,6670.0,1395766.0,-3.890489913544669,609542690,33470000,7637582500,1138657620,2079916880,69400,5148430720,2190835810,9419252810
2015-10-30,6680.0,6700.0,6470.0,6510.0,903741.0,-2.39880059970015,188959010,78469440,4265910850,1366389790,1689218830,34765680,3299747930,875996650,5899729090
2015-11-02,6420.0,6650.0,6420.0,6620.0,767586.0,1.6897081413210446,57294860,6985200,2632153760,2355904270,926504840,82674000,2257547680,1785611570,5052338090
2015-11-03,6700.0,6730.0,6630.0,6730.0,636493.0,1.6616314199395772,671641790,8934920,1304071120,2270934300,856452440,20682100,2104559010,1273888580,4255582130
2015-11-04,6760.0,6760.0,6590.0,6660.0,502544.0,-1.040118870728083,287508060,22496320,1789451230,1243718570,353646100,0,1749165340,1240362740,3343174180
2015-11-05,6600.0,6640.0,6510.0,6550.0,472756.0,-1.6516516516516515,182317400,0,2284607810,624624420,951777230,0,1980016870,159755530,3091549630
2015-11-06,6550.0,6550.0,6390.0,6400.0,563448.0,-2.2900763358778624,2080910,63857660,2901338140,666156760,956773490,0,2049569640,627090340,3633433470
2015-11-09,6370.0,6390.0,6210.0,6220.0,657575.0,-2.8125,160377290,0,3099920790,853117210,799422710,0,2581540830,732451750,4113415290
2015-11-10,6200.0,6380.0,6040.0,6210.0,883261.0,-0.1607717041800643,815598120,48800000,2583058790,2026169420,705609860,34107880,3820010390,913898200,5473626330
2015-11-11,6180.0,6320.0,6180.0,6190.0,443442.0,-0.322061191626409,105705130,0,1872349370,778507380,368340580,0,1227094690,1161126610,2756561880
2015-11-12,6190.0,6250.0,6150.0,6190.0,239940.0,0.0,128950650,136847910,731518080,490376700,258133710,0,716144720,513414910,1487693340
2015-11-13,6130.0,6240.0,6120.0,6220.0,484717.0,0.48465266558966075,64106020,0,1183580910,1761096950,275974740,0,1203543430,1529265710,3008783880
2015-11-16,6100.0,6200.0,6080.0,6130.0,680361.0,-1.4469453376205788,122062760,109854880,1672007380,2256613870,439514890,0,1434105450,2286918550,4160538890
2015-11-17,6170.0,6280.0,6160.0,6270.0,423745.0,2.2838499184339316,916426410,3799820,1216434920,509442870,409022630,31350000,1192320620,1013410770,2646104020
2015-11-18,6210.0,6260.0,6150.0,6180.0,524637.0,-1.4354066985645932,315429380,42616740,1684755920,1198206420,1063796630,0,1189652650,987559180,3241008460
2015-11-19,6220.0,6450.0,6210.0,6380.0,522425.0,3.2362459546925564,1009223490,0,1279313380,1008233020,40922680,0,2130049880,1125797330,3296769890
2015-11-20,6330.0,6400.0,6300.0,6330.0,303453.0,-0.7836990595611284,206099110,4290800,879557880,829736280,670182360,0,755759690,493742020,1919684070
2015-11-23,6370.0,6500.0,6350.0,6480.0,566340.0,2.3696682464454977,1266767010,0,1048358100,1337173010,73899600,162006540,2764413530,651978450,3652298120
2015-11-24,6480.0,6630.0,6460.0,6580.0,482249.0,1.5432098765432098,674081210,0,1888359890,601416570,59185320,32752140,2034251310,1037668900,3163857670
2015-11-25,6560.0,6560.0,6450.0,6460.0,217902.0,-1.82370820668693,246794310,3963470,706688090,457893180,80761280,0,821789930,512787840,1415339050
2015-11-26,6510.0,6540.0,6310.0,6470.0,410547.0,0.15479876160990713,241144630,632000,1355622320,1056634820,331327220,14278000,1897981840,410446710,2654033770
2015-11-27,6530.0,6570.0,6420.0,6450.0,257759.0,-0.3091190108191654,146669910,966500,891541070,626546550,99327060,0,1105234070,461162900,1665724030
2015-11-30,6360.0,6370.0,6170.0,6210.0,1095146.0,-3.7209302325581395,89312570,10791970,3480444910,3248580900,2138193190,62833330,1398020360,3230083470,6829130350
2015-12-01,6220.0,6350.0,6220.0,6300.0,323696.0,1.4492753623188406,86203400,2690620,886335790,1065714100,424383670,0,1211505900,405054340,2040943910
2015-12-02,6250.0,6350.0,6250.0,6290.0,286406.0,-0.15873015873015872,647617680,3597650,587231850,570080900,395801890,1256000,1006278060,405192130,1808528080
2015-12-03,6250.0,6320.0,6230.0,6300.0,238261.0,0.1589825119236884,611636870,9908100,401821660,468616120,589125420,6250000,445323010,451284320,1491982750
2015-12-04,6240.0,6270.0,6210.0,6240.0,312232.0,-0.9523809523809524,590505820,7493000,843300780,509384330,491615040,43276100,772542350,643250440,1950683930
2015-12-07,6350.0,6350.0,6150.0,6150.0,382132.0,-1.4423076923076923,35904900,25596560,1555280560,751208360,797632010,330631680,898265440,341461250,2367990380
2015-12-08,6150.0,6230.0,6050.0,6060.0,461915.0,-1.4634146341463417,121456520,58616390,1681005560,961511500,379925960,12121590,1442227100,988315320,2822589970
2015-12-09,6060.0,6100.0,5920.0,5960.0,420610.0,-1.65016501650165,197652170,10777400,1603296740,711961090,591251860,47223500,1373557700,511654340,2523687400
2015-12-10,5960.0,6000.0,5880.0,5960.0,526517.0,0.0,454911840,473200,1360138200,1309506820,552913980,0,1195553410,1376562670,3125030060
2015-12-11,5950.0,6030.0,5790.0,5840.0,590724.0,-2.013422818791946,126652910,17479120,1688456660,1654411070,265932240,0,1153337040,2067730480,3486999760
2015-12-14,5790.0,5800.0,5560.0,5570.0,652027.0,-4.623287671232877,554023960,33148650,2419529010,665087130,259860780,0,1774493800,1637434170,3671788750
2015-12-15,5580.0,5720.0,5540.0,5600.0,590107.0,0.5385996409335727,1040665270,1395800,1643952040,622478680,921647970,53939610,826641980,1506262230,3308491790
2015-12-16,5660.0,5770.0,5630.0,5680.0,736398.0,1.4285714285714286,822296480,2101600,2052408120,1315075060,395823820,17070000,1167477100,2611510340,4191881260
2015-12-17,5720.0,5750.0,5620.0,5680.0,464202.0,0.0,162322910,6775500,1841421820,624782010,265841210,3435620,1456504830,909520580,2635302240
2015-12-18,5680.0,5690.0,5620.0,5620.0,578989.0,-1.056338028169014,274659400,5068900,1686313330,1303486510,402277770,0,936394510,1930855860,3269528140
2015-12-21,5620.0,5690.0,5550.0,5590.0,491954.0,-0.5338078291814947,322273250,25153400,1167333060,1234089930,373461460,0,1363180440,1012207740,2748849640
2015-12-22,5590.0,5610.0,5520.0,5600.0,454052.0,0.17889087656529518,123291010,1108800,1733874720,671076350,469787210,24472000,1275333290,759758380,2529350880
2015-12-23,5620.0,5790.0,5580.0,5710.0,531839.0,1.9642857142857142,709426110,17100000,1487758260,821659870,288014290,6476800,2022245290,719207860,3035944240
2015-12-24,5730.0,5880.0,5730.0,5830.0,416491.0,2.1015761821366024,722673840,0,1255186830,445712210,379408230,0,1547139780,497024870,2423572880
2015-12-28,5840.0,5880.0,5660.0,5660.0,473224.0,-2.9159519725557463,330851920,15141200,1906984410,461905240,524470690,0,1163161920,1027250160,2714882770
2015-12-29,5600.0,5740.0,5600.0,5650.0,320390.0,-0.17667844522968199,39912510,4911900,1244104400,530874420,439043730,0,815223700,565535800,1819803230
2015-12-30,5680.0,5750.0,5590.0,5600.0,367938.0,-0.8849557522123894,148951060,17705800,1179111190,734394840,959090150,22903180,781477660,316691900,2080162890
2016-01-04,5540.0,5610.0,5350.0,5350.0,744578.0,-4.464285714285714,34329990,39697700,3372872890,611470840,1461129760,0,1500684290,1096557370,4058371420
2016-01-05,5260.0,5420.0,5260.0,5310.0,503058.0,-0.7476635514018692,301802590,101854570,1570171980,717963480,543844290,47391800,1242807060,857749470,2691792620
2016-01-06,5300.0,5370.0,5160.0,5210.0,981888.0,-1.8832391713747645,659669730,60244490,2746673610,1676026660,767149490,22231070,2343077880,2010156050,5142614490
2016-01-07,5240.0,5260.0,5130.0,5190.0,532865.0,-0.3838771593090211,83736010,5981200,1913963690,752291460,269742520,35842140,1522994080,927393620,2755972360
2016-01-08,5190.0,5320.0,5060.0,5290.0,484333.0,1.9267822736030826,577826400,7290500,1375506880,544650760,76830160,49676890,1349750280,1029017210,2505274540
2016-01-11,5220.0,5340.0,5120.0,5250.0,547177.0,-0.7561436672967864,476514940,3109600,2060492020,324385450,359065230,0,1193674680,1311762100,2864502010
2016-01-12,5300.0,5330.0,5100.0,5120.0,592939.0,-2.4761904761904763,273472050,16995200,2392949220,380297150,239420310,11361280,1330665960,1482266070,3063713620
2016-01-13,5170.0,5600.0,5160.0,5440.0,2043769.0,6.25,1712054780,49774700,7030316880,2341460330,258525540,61192000,8239458750,2574430400,11133606690
2016-01-14,5350.0,5420.0,5270.0,5320.0,741668.0,-2.2058823529411766,242586160,18490200,3107470200,580427120,315851130,106274990,1839616790,1687230770,3948973680
2016-01-15,5390.0,5440.0,5150.0,5210.0,787206.0,-2.0676691729323307,426534850,30326400,2704027870,987363360,304278850,516000,2386737370,1456720260,4148252480
2016-01-18,5430.0,5690.0,5330.0,5370.0,899100.0,3.071017274472169,422455370,25233300,4046956740,367812840,275517000,11365350,3097839150,1477736750,4862458250
2016-01-19,5420.0,5420.0,5250.0,5290.0,495852.0,-1.48975791433892,147789470,27001400,1862441020,597303210,130616450,0,1153115820,1350802830,2634535100
2016-01-20,5290.0,5330.0,5060.0,5180.0,749771.0,-2.0793950850661624,134259060,73922380,2679338780,980190960,310371750,2865820,2215046410,1339427200,3867711180
2016-01-21,5110.0,5270.0,5100.0,5190.0,497294.0,0.19305019305019305,262321760,12821680,1559491370,741662830,41562800,11085440,2086566030,437083370,2576297640
2016-01-22,5260.0,5370.0,5230.0,5370.0,517650.0,3.4682080924855487,362036700,0,1501720500,879117260,39325500,37836000,1838360170,827352790,2742874460
2016-01-25,5450.0,5570.0,5370.0,5530.0,582832.0,2.97951582867784,822401130,0,1833564500,551152190,142055240,15974840,2498944400,550143340,3207117820
2016-01-26,5490.0,5490.0,5240.0,5380.0,781556.0,-2.7124773960216997,351042660,60755800,3249504930,506888570,1048579120,107200,1488019780,1631485860,4168191960
2016-01-27,5490.0,5660.0,5430.0,5560.0,1379645.0,3.3457249070631967,616784740,0,5293837250,1749596150,1027828690,63255460,5483052820,1086081170,7660218140
2016-01-28,5500.0,5600.0,5380.0,5480.0,838815.0,-1.4388489208633095,213852210,1094000,3434405970,965316440,662414390,21421080,2710174480,1220658670,4614668620
2016-01-29,5480.0,5580.0,5410.0,5540.0,628917.0,1.094890510948905,59084780,0,2156444300,1247765010,371584790,75309700,2068820550,947579050,3463294090
2016-02-01,5600.0,5630.0,5430.0,5510.0,935882.0,-0.5415162454873645,541236360,5992000,3599282580,996777660,1945817960,0,2402731170,794739470,5143288600
2016-02-02,5460.0,5570.0,5420.0,5540.0,465141.0,0.5444646098003629,606327300,1662000,1161382180,785951640,112203140,0,1776155320,666964660,2555323120
2016-02-03,5480.0,5480.0,5320.0,5350.0,912335.0,-3.429602888086643,857159880,253471200,2868289960,917252920,1842335850,219580000,1378058570,1456199540,4896173960
2016-02-04,5400.0,5620.0,5390.0,5550.0,873686.0,3.7383177570093453,1185977920,0,1450883270,2196938530,172045300,24910000,3799429570,837414850,4833799720
2016-02-05,5550.0,5670.0,5510.0,5560.0,485207.0,0.18018018018018017,83962390,5999200,1699147880,923150290,379350130,16796600,1866490250,449622780,2712259760
2016-02-11,5380.0,5460.0,5300.0,5360.0,777560.0,-3.597122302158273,466514670,66304000,2530820280,1115443500,695629980,42490000,1954172370,1486790100,4179082450
2016-02-12,5320.0,5420.0,5250.0,5330.0,768161.0,-0.5597014925373134,744005840,116788870,2098584830,1129676320,657723950,111248240,2429108050,890975620,4089055860
2016-02-15,5420.0,5500.0,5380.0,5500.0,623875.0,3.189493433395872,562254330,0,1735728480,1103907890,208007520,5410000,2083314880,1105158300,3401890700
2016-02-16,5570.0,5570.0,5380.0,5540.0,683603.0,0.7272727272727273,377876610,102580880,2414245830,852759790,663686220,220400,1860100310,1223456180,3747463110
2016-02-17,5550.0,5630.0,5480.0,5570.0,745583.0,0.5415162454873645,294703910,3007800,1678076290,2172673920,441465640,0,2704466300,1002529980,4148461920
2016-02-18,5690.0,5710.0,5600.0,5660.0,1020284.0,1.615798922800718,228951160,171800010,3435273330,1920059340,1279285120,168600,2839289220,1637340900,5756083840
2016-02-19,5600.0,5650.0,5530.0,5550.0,592829.0,-1.9434628975265018,97476870,79387200,2398349530,721259790,1007676640,0,1617199930,671596820,3296473390
2016-02-22,5500.0,5580.0,5470.0,5520.0,406290.0,-0.5405405405405406,173958770,5530,1356513830,713924450,528898970,4835520,1177564530,533103560,2244402580
2016-02-23,5570.0,5600.0,5520.0,5550.0,545914.0,0.5434782608695652,315389620,55600,1784871660,930985710,842855160,64535400,1771746010,352166020,3031302590
2016-02-24,5530.0,5550.0,5410.0,5450.0,545548.0,-1.8018018018018018,107751040,5460000,2428426370,438132310,61103220,0,1513432570,1405233930,2979769720
2016-02-25,5460.0,5500.0,5410.0,5480.0,514317.0,0.5504587155963303,356556420,0,1516535790,930987840,267561110,56242600,1855053920,625222420,2804080050
2016-02-26,5480.0,5500.0,5410.0,5430.0,406595.0,-0.9124087591240875,378325900,0,1133452650,702765230,361456170,0,1169813890,683273720,2214543780
2016-02-29,5470.0,5470.0,5360.0,5360.0,640043.0,-1.289134438305709,81211900,57807600,2460935510,846676070,1045935340,120865000,933180200,1346650540,3446631080
2016-03-02,5440.0,5540.0,5400.0,5500.0,889402.0,2.6119402985074625,509475780,0,2890353920,1470083230,448336460,37083830,2578124450,1806368190,4869912930
2016-03-03,5510.0,6300.0,5490.0,6210.0,3703120.0,12.909090909090908,4547956620,52483170,11000390920,6437196100,509886210,206524850,18660870430,2660745320,22038026810
2016-03-04,6210.0,6270.0,6070.0,6270.0,1421098.0,0.966183574879227,1376898690,178730720,5257525370,1992153360,665679530,22250430,5742206460,2375171720,8805308140
2016-03-07,6200.0,6380.0,6160.0,6290.0,1158220.0,0.3189792663476874,442850610,17344400,4723521510,2081246710,701065660,14507000,5226275200,1323115370,7264963230
2016-03-08,6290.0,6360.0,6140.0,6310.0,950723.0,0.3179650238473768,493303350,9300000,3162998040,2256254500,635898520,27194010,3181172910,2077590450,5921855890
2016-03-09,6220.0,6280.0,6040.0,6150.0,1364074.0,-2.535657686212361,102969470,0,5657687450,2597578750,3393294020,104787240,4119537870,740616540,8358235670
2016-03-10,6150.0,6310.0,6130.0,6270.0,1062403.0,1.951219512195122,230379930,1100750,2858612420,3543684460,959509600,0,4453262340,1221005620,6633777560
2016-03-11,6270.0,6270.0,6160.0,6200.0,513389.0,-1.1164274322169059,76297470,10540000,1592047810,1508271780,700089100,2998380,1879374520,604695060,3187157060
2016-03-14,6230.0,6280.0,6140.0,6150.0,512832.0,-0.8064516129032258,29874300,32250600,1999669110,1108541890,98842590,1079750,2067952360,1002461200,3170335900
2016-03-15,6160.0,6290.0,6150.0,6250.0,632213.0,1.6260162601626018,732827120,33125000,1811281210,1371718960,48040230,78987500,2879254560,942670000,3948952290
2016-03-16,6280.0,6280.0,5900.0,5940.0,1428577.0,-4.96,514536140,52869680,6747000240,1256030890,2270457150,2404000,4053259490,2244316310,8570436950
2016-03-17,5980.0,6240.0,5940.0,6200.0,1067460.0,4.377104377104377,1936379450,0,2715291910,1914767340,269274380,44951400,5514077780,738135140,6566438700
2016-03-18,6230.0,6580.0,6230.0,6500.0,2870306.0,4.838709677419355,6684838360,0,7888835160,4102050670,1112126020,211613850,13825180380,3526803940,18675724190
2016-03-21,6550.0,6580.0,6440.0,6440.0,794234.0,-0.9230769230769231,1533208550,0,2280678340,1363734820,408542510,0,3024173700,1744905500,5177621710
2016-03-22,6570.0,6580.0,6420.0,6480.0,668071.0,0.6211180124223602,1177884960,0,1927298490,1246320090,326540720,72893200,2268348990,1683720630,4351503540
2016-03-23,6450.0,6520.0,6360.0,6420.0,632439.0,-0.9259259259259258,623860260,15891070,2473688110,955410980,381625060,169998150,1941763830,1575463380,4068850420
2016-03-24,6390.0,6550.0,6360.0,6470.0,1174324.0,0.778816199376947,1779442470,40797420,4112377220,1649813330,486772640,0,5269473890,1826183910,7582430440
2016-03-25,6880.0,6980.0,6430.0,6430.0,4635364.0,-0.6182380216383307,2041314130,94345030,27898495410,750402730,4581779450,83034400,19107651060,7012092390,30784557300
2016-03-28,6430.0,6470.0,6240.0,6410.0,1139934.0,-0.3110419906687403,1794406240,51599340,3248316700,2156428460,1419681490,0,5154032760,677036490,7250750740
2016-03-29,6440.0,6470.0,6360.0,6420.0,1000423.0,0.15600624024961,2055407490,191700,2240170820,2117079140,1433158570,78818340,4505839260,395032980,6412849150
2016-03-30,6440.0,6520.0,6390.0,6400.0,861211.0,-0.3115264797507788,994490100,53360600,3173893000,1328691840,635744430,60017290,3089455250,1765218570,5550435540
2016-03-31,6420.0,6470.0,6270.0,6280.0,818119.0,-1.875,847481200,127640380,2949315720,1249655780,253169330,8291880,2627987250,2284644620,5174093080
2016-04-01,6280.0,6320.0,6090.0,6100.0,1706852.0,-2.8662420382165608,1189891310,81484200,5600337690,3642095460,1277764130,656008200,5774858980,2805177350,10513808660
2016-04-04,6140.0,6140.0,6000.0,6030.0,941677.0,-1.1475409836065573,642901710,14590900,3149898920,1874017730,1427652550,224580260,2257867150,1771309300,5681409260
2016-04-05,5940.0,6020.0,5910.0,5940.0,1161438.0,-1.4925373134328357,602303400,18443080,3932163830,2365317080,917088050,59064420,3485655260,2456419660,6918227390
2016-04-06,5970.0,6100.0,5950.0,6020.0,1143640.0,1.3468013468013467,636759460,9026230,3853216970,2386983190,2078740170,53395860,2731657320,2022192500,6885985850
2016-04-07,6030.0,6050.0,5890.0,5890.0,842374.0,-2.1594684385382057,52513680,24350150,3840396830,1076338520,988456110,33861610,2894119740,1077161720,4993599180
2016-04-08,5840.0,5970.0,5820.0,5930.0,868405.0,0.6791171477079796,26575680,70320,2051793960,3044478480,1588319500,20547450,2002903580,1511147910,5122918440
2016-04-11,5990.0,6000.0,5850.0,5920.0,463286.0,-0.16863406408094433,134259860,5930,2011037540,598807320,320836660,20512800,1495961310,906799880,2744110650
2016-04-12,5910.0,6180.0,5910.0,6110.0,1024394.0,3.209459459459459,1365507800,279623360,3000366530,1567758210,328611350,15436970,3574045830,2295161750,6213255900
2016-04-14,6200.0,6240.0,6130.0,6220.0,993854.0,1.800327332242226,1334403060,93365040,3350982280,1368919480,432130240,988080,3390409400,2324142140,6147669860
2016-04-15,6200.0,6220.0,6050.0,6060.0,945554.0,-2.572347266881029,954108830,12120000,3454802440,1355765240,376231120,6110,2654311770,2746247510,5776796510
2016-04-18,6020.0,6090.0,5950.0,6040.0,756821.0,-0.33003300330033003,539174850,0,2172130630,1841118100,404476090,6020,1676124390,2471817080,4552423580
2016-04-19,6180.0,6650.0,6170.0,6490.0,4182200.0,7.450331125827815,4533455350,50382170,19681306030,2731670110,335863380,7052770,22628366480,4025531030,26996813660
2016-04-20,6540.0,6590.0,6440.0,6440.0,1709240.0,-0.7704160246533128,2205825080,164785060,6276856570,2469804390,358279060,12990,7904251530,2854727520,11117271100
2016-04-21,6570.0,6730.0,6490.0,6700.0,2171626.0,4.037267080745342,4182963750,6660000,8120783930,2094866550,142276630,10707390,12648335450,1603954760,14405274230
2016-04-22,6670.0,6740.0,6580.0,6730.0,1109363.0,0.44776119402985076,1185421000,0,3412519650,2802745730,669110450,6680,5123100420,1608468830,7400686380
2016-04-25,6760.0,6790.0,6470.0,6540.0,1408770.0,-2.823179791976226,1055977190,6580000,7269637000,933035810,680244750,13660040,5572959340,2998365870,9265230000
2016-04-26,6490.0,6550.0,6430.0,6460.0,858007.0,-1.2232415902140672,577315850,0,3668173200,1310082530,619968390,0,3682822170,1252781020,5555571580
2016-04-27,6410.0,6510.0,6390.0,6450.0,493012.0,-0.15479876160990713,678051550,0,1893563370,613442750,316987020,87118340,2083986770,696965540,3185057670
2016-04-28,6510.0,6720.0,6460.0,6670.0,1435229.0,3.4108527131782944,4144162320,0,4440195950,942287010,97182750,19640,7210702640,2218740250,9526645280
2016-04-29,6670.0,6680.0,6270.0,6350.0,2544936.0,-4.7976011994003,1137525090,15076060,12827130890,2256684920,3971123210,47625000,8990275980,3227392770,16236416960
2016-05-02,6380.0,6440.0,6180.0,6180.0,1364391.0,-2.677165354330709,471425340,40472820,7339254620,696770860,1501426150,0,4015559130,3030938360,8547923640
2016-05-03,6290.0,6310.0,6050.0,6060.0,2229473.0,-1.9417475728155338,730655830,54760000,11597603180,1259260700,2783676810,0,4828242220,6030360680,13642279710
2016-05-04,6050.0,6400.0,5960.0,6010.0,4067702.0,-0.825082508250825,886112890,60881630,21229125670,2700268790,3058548390,39365600,15744119410,6034355580,24876388980
2016-05-09,5980.0,5990.0,5750.0,5800.0,1838806.0,-3.494176372712146,928647810,24720000,8779099100,1041414100,2293244960,63830000,5736372660,2680433390,10773881010
2016-05-10,5800.0,5940.0,5800.0,5920.0,881151.0,2.0689655172413794,847628220,0,2564023160,1785499250,563653550,5920,3150131900,1483359260,5197150630
2016-05-11,5960.0,5960.0,5810.0,5820.0,1116290.0,-1.6891891891891893,418583180,0,5232210520,873731510,1338935540,5810000,2500612160,2679167510,6524525210
2016-05-12,5780.0,5920.0,5760.0,5820.0,620877.0,0.0,379562670,0,2293001720,951095740,552610280,11520000,1911559540,1147970310,3623660130
2016-05-13,5980.0,6450.0,5980.0,6400.0,6383394.0,9.965635738831615,1546539330,500000,17665055880,21081976750,2977940980,191488200,33087534480,4037108300,40294071960
2016-05-16,6380.0,6380.0,6150.0,6260.0,2314997.0,-2.1875,1593773760,9079370,7004802500,5791509980,1615370760,511040,6964495660,5818788150,14399165610
2016-05-17,6300.0,6430.0,6100.0,6100.0,1968914.0,-2.5559105431309903,1758881960,9223470,6593237810,3971122340,222477290,467116320,8317128710,3325743260,12332465580
2016-05-18,6120.0,6200.0,6070.0,6110.0,846926.0,0.16393442622950818,606916490,0,2789492780,1795582980,746372720,0,2510265510,1935354020,5191992250
2016-05-19,6060.0,6080.0,5750.0,5830.0,2653468.0,-4.582651391162029,794172610,0,12825618780,1927078190,2933074190,0,7202034910,5411760480,15546869580
2016-05-20,5820.0,5920.0,5810.0,5880.0,1044896.0,0.8576329331046313,296940310,1328980,3516538720,2303567290,1068464500,85824400,2509170030,2454916370,6118375300
2016-05-23,5830.0,5860.0,5710.0,5770.0,1075872.0,-1.870748299319728,607587920,0,4356156680,1227862680,1638213590,573000,2663717330,1889103360,6191607280
2016-05-24,5770.0,5790.0,5650.0,5680.0,736549.0,-1.559792027729636,699525430,0,2251347730,1262432360,460242150,5720,1768414400,1984643250,4213305520
2016-05-25,5750.0,5790.0,5720.0,5750.0,1011777.0,1.232394366197183,1450245040,97782160,2373639760,1901074940,2926510790,0,1758494560,1137736550,5822741900
2016-05-26,5760.0,5790.0,5660.0,5730.0,662219.0,-0.34782608695652173,793424240,0,1696702520,1290729420,849416660,0,1358910730,1572528790,3780856180
2016-05-27,5750.0,5840.0,5690.0,5840.0,671715.0,1.9197207678883073,289547750,0,1525856600,2071116580,496682130,5710,2049301930,1340531160,3886520930
2016-05-30,5800.0,5880.0,5760.0,5780.0,871727.0,-1.0273972602739725,717755790,5790000,2867030610,1460647630,1987863580,0,1089303700,1974056750,5051224030
2016-05-31,5780.0,5870.0,5750.0,5830.0,1928158.0,0.8650519031141869,1193632680,0,1305825120,8739313030,1516827810,0,1928843780,7793099240,11238770830
2016-06-01,5830.0,5840.0,5760.0,5780.0,654491.0,-0.8576329331046313,702927830,0,1848421090,1233142610,1095463600,14460790,1005405730,1669161410,3784491530
2016-06-02,5770.0,5790.0,5680.0,5720.0,926607.0,-1.0380622837370241,734544750,0,3466451940,1092317700,2128494680,12522000,2018507270,1133790440,5293314390
2016-06-03,5690.0,5790.0,5690.0,5710.0,645753.0,-0.17482517482517482,615989490,2870000,1776040960,1298742630,1561089760,0,1001642690,1130910630,3693643080
2016-06-07,5700.0,5880.0,5700.0,5860.0,751459.0,2.626970227670753,897857470,9879000,1380321890,2091286660,819141570,5830,2848191530,712006090,4379345020
2016-06-08,5900.0,6020.0,5860.0,6010.0,1117253.0,2.5597269624573378,1207046030,6010000,1906630790,3533311080,424942380,59250000,4436161270,1732644250,6652997900
2016-06-09,6020.0,6030.0,5940.0,5990.0,1622250.0,-0.33277870216306155,3395808790,16856000,2389187760,3917433150,2342455750,18581930,3309420650,4048827370,9719285700
2016-06-10,6020.0,6090.0,5970.0,5990.0,610129.0,0.0,1313681050,185690,1792696540,565882210,388840150,745240,2393569770,889290330,3672445490
2016-06-13,5990.0,6010.0,5830.0,5850.0,508523.0,-2.337228714524207,839397340,3305910,1860712420,289449320,523384040,29694190,1580665360,859121400,2992864990
2016-06-14,5860.0,5960.0,5830.0,5940.0,778295.0,1.5384615384615385,2552607350,3173000,941099010,1095329440,944647130,26442940,1461926630,2159192100,4592208800
2016-06-15,5840.0,5910.0,5820.0,5860.0,526690.0,-1.3468013468013467,834204330,5840,1864779330,382845640,914713360,0,1064983950,1102137830,3081835140
2016-06-16,5880.0,5940.0,5830.0,5860.0,617847.0,0.0,1552172910,3245370,1350871900,730817110,616599970,7327520,1863020870,1150158930,3637107290
2016-06-17,5900.0,5950.0,5770.0,5830.0,570746.0,-0.5119453924914675,544338790,0,1711195510,1072327360,855263030,0,1388642950,1083955680,3327861660
2016-06-20,5800.0,5940.0,5800.0,5940.0,394604.0,1.8867924528301887,221484040,0,1007875530,1098871180,195380380,0,1876489230,256361140,2328230750
2016-06-21,5950.0,5960.0,5820.0,5830.0,586546.0,-1.8518518518518516,76034360,0,2151527640,1206491780,1041331740,29260,1244737230,1147955550,3434053780
2016-06-22,5810.0,5970.0,5810.0,5910.0,557855.0,1.3722126929674099,769167450,0,853949830,1674655900,1098108600,12530800,1982838020,204295760,3297773180
2016-06-23,5880.0,5930.0,5830.0,5920.0,291733.0,0.1692047377326565,282269830,0,697247110,736613420,321963420,11760,1073087350,321067830,1716130360
2016-06-24,5940.0,5980.0,5610.0,5670.0,1212101.0,-4.222972972972973,723882360,0,4725453530,1525692050,916042190,5900,4037597440,2021382410,6975027940
2016-06-27,5440.0,5640.0,5440.0,5510.0,1181250.0,-2.821869488536155,704943060,7053870,4867487430,927983090,2282303020,5580,3035511240,1189647610,6507467450
2016-06-28,5430.0,5600.0,5430.0,5520.0,591736.0,0.18148820326678766,341836900,6441840,2167263880,762258540,1242585120,5500,1651615400,383595140,3277801160
2016-06-29,5570.0,5740.0,5570.0,5610.0,801580.0,1.6304347826086956,1181440660,0,2250171110,1091742700,2180728620,0,1861430120,481195730,4523354470
2016-06-30,5650.0,5720.0,5560.0,5610.0,874805.0,0.0,399916630,0,2940628850,1589920960,2100593240,11430000,1834505330,983937870,4930466440
2016-07-01,5660.0,5830.0,5660.0,5790.0,731545.0,3.2085561497326207,744779840,0,1737634890,1736897800,747950860,0,3287427140,183934530,4219312530
2016-07-04,5750.0,5870.0,5750.0,5810.0,493383.0,0.3454231433506045,959364350,0,1374897150,538196630,1212396090,151383800,1182702210,325976030,2872458130
2016-07-05,5800.0,5850.0,5710.0,5740.0,565914.0,-1.2048192771084338,105518430,9432480,2534069840,605191840,1187614330,0,993865470,1072732790,3254212590
2016-07-06,5730.0,5760.0,5630.0,5650.0,592396.0,-1.5679442508710801,494233580,118440,2092486800,771757060,523047980,0,1735172310,1100375590,3358595880
2016-07-07,5720.0,5760.0,5650.0,5690.0,359513.0,0.7079646017699115,189582360,0,1130119810,727923750,525499510,0,1136731800,385394610,2047625920
2016-07-08,5670.0,5690.0,5540.0,5620.0,658544.0,-1.2302284710017575,179340350,3791700,2443595510,1064711230,1011321640,0,1777462160,902654990,3691438790
2016-07-11,5650.0,5810.0,5650.0,5750.0,516138.0,2.3131672597864767,948179830,0,688330000,1326108540,685198500,0,2100942270,176477600,2962618370
2016-07-12,5750.0,5830.0,5750.0,5810.0,541130.0,1.0434782608695654,666706130,0,1054719520,1412257590,1245598800,17320000,1520280550,350483890,3133683240
2016-07-13,5800.0,5850.0,5750.0,5750.0,619492.0,-1.0327022375215147,157811270,5800,1801364980,1625262900,445296330,0,1340026550,1799122070,3584444950
2016-07-14,5770.0,5820.0,5760.0,5790.0,371481.0,0.6956521739130435,258134440,5800000,773392810,1114695190,745916350,0,1178635530,227470560,2152022440
2016-07-15,5810.0,5870.0,5780.0,5790.0,673019.0,0.0,693566530,0,1527952650,1688957760,1207802820,0,1998564350,704109770,3910476940
2016-07-18,5800.0,5890.0,5800.0,5850.0,452380.0,1.0362694300518136,792830350,0,905766990,946943140,951174870,0,1612947290,81418320,2645540480
2016-07-19,5850.0,5910.0,5780.0,5830.0,363553.0,-0.3418803418803419,641617480,6232790,784472180,687295970,581260410,23340,1164090520,374244150,2119618420
2016-07-20,5890.0,5940.0,5830.0,5850.0,587036.0,0.34305317324185247,1043392730,0,1815044240,594637730,604894750,0,2325871070,522308880,3453074700
2016-07-21,5860.0,5890.0,5750.0,5770.0,793520.0,-1.3675213675213675,682919380,5800000,2755450330,1142070410,125712340,39231200,1730355140,2690941440,4586240120
2016-07-22,5770.0,5870.0,5770.0,5820.0,540249.0,0.8665511265164645,604584370,0,1337894220,1203187210,337021070,1371160,1317392810,1489880760,3145665800
2016-07-25,5850.0,5970.0,5830.0,5910.0,569764.0,1.5463917525773196,1086214790,183210,1215699500,1062195180,140923130,5880000,2720756290,496733260,3364292680
2016-07-26,5940.0,6000.0,5900.0,5910.0,934550.0,0.0,746261800,0,2380031230,2420908360,324794600,1198000,2665174020,2556034770,5547201390
2016-07-27,5900.0,5980.0,5870.0,5890.0,837773.0,-0.338409475465313,976104040,17760000,2221080370,1740493650,115223310,0,1922152020,2918062730,4955438060
2016-07-28,5900.0,5990.0,5880.0,5940.0,891084.0,0.8488964346349746,238609390,0,3439306030,1594051530,417257840,0,2002129570,2852579540,5271966950
2016-07-29,5920.0,6240.0,5910.0,6220.0,2094274.0,4.713804713804714,3016799170,6120,6764519380,2995291993,805795370,83173820,10487523710,1400123763,12776616663
2016-08-01,6250.0,6320.0,6180.0,6190.0,1786471.0,-0.482315112540193,3366294650,185700,4322069810,3494428560,1104764980,13884000,7444917880,2619411860,11182978720
2016-08-02,6240.0,6250.0,6080.0,6080.0,970113.0,-1.7770597738287561,686049830,0,3591971360,1671569440,563061000,61803440,3478663790,1846062400,5949590630
2016-08-03,6030.0,6050.0,5910.0,5960.0,1382342.0,-1.9736842105263157,2399597630,0,4314659970,1529050340,967221070,0,4058823600,3217263270,8243307940
2016-08-04,6020.0,6160.0,5960.0,6130.0,962388.0,2.8523489932885906,2108068030,0,2300430780,1438453030,299489830,0,3633259510,1914202500,5846951840
2016-08-05,6140.0,6230.0,6040.0,6170.0,953729.0,0.6525285481239804,1287597750,38398230,3068697250,1470421140,665216780,62000000,4177335000,960562590,5865114370
2016-08-08,6200.0,6270.0,6090.0,6140.0,748585.0,-0.48622366288492713,499024840,0,2628884020,1490246390,669708630,0,3061994030,886452590,4618155250
2016-08-09,6150.0,6200.0,6040.0,6080.0,1016647.0,-0.9771986970684038,875490960,0,3087214020,2222564930,934282840,0,3415512570,1835474500,6185269910
2016-08-10,6080.0,6170.0,6050.0,6100.0,619556.0,0.3289473684210526,1219564590,0,1483505890,1087312740,1704527600,0,1759650930,326204690,3790383220
2016-08-11,6130.0,6150.0,6050.0,6110.0,482498.0,0.16393442622950818,1343837520,30412240,939005750,626857590,1087751060,36509830,1500451260,315400950,2940113100
2016-08-12,6110.0,6260.0,6110.0,6240.0,865926.0,2.127659574468085,1908356260,4984000,1628820100,1847761830,666353940,74177290,4564789150,84601810,5389922190
2016-08-16,6320.0,6320.0,6150.0,6150.0,608169.0,-1.4423076923076923,832867200,2966400,2424785330,503864910,931885070,0,1375560550,1457038220,3764483840
2016-08-17,6160.0,6190.0,6090.0,6140.0,461759.0,-0.16260162601626016,1220965110,0,1196041220,416565780,760635730,0,1702246410,370689970,2833572110
2016-08-18,6150.0,6250.0,6100.0,6120.0,716189.0,-0.32573289902280134,428800590,40172800,1970243720,1983854720,1232531210,75643750,2230961360,883935510,4423071830
2016-08-19,6110.0,6250.0,6100.0,6230.0,1185631.0,1.7973856209150325,674903140,0,2381460090,4306751590,1442731950,147612500,5313675240,459095130,7363114820
2016-08-22,6200.0,6230.0,6110.0,6130.0,683695.0,-1.6051364365971106,725008690,50002410,1798242460,1626786700,1216875890,0,1517554290,1465610080,4200040260
2016-08-23,6130.0,6170.0,6020.0,6040.0,714634.0,-1.468189233278956,156112670,0,3158026450,1024089700,1264863290,181200,1651525620,1421658710,4338228820
2016-08-24,6040.0,6050.0,5940.0,6000.0,839361.0,-0.6622516556291391,749585690,20043750,2104329570,2066906520,1436454510,0,1764286610,1740124410,4940865530
2016-08-25,6030.0,6200.0,6010.0,6170.0,724674.0,2.833333333333333,1408054670,0,1101012830,1941292640,296407230,83600000,3514379480,555973430,4450360140
2016-08-26,6130.0,6230.0,6060.0,6160.0,547159.0,-0.1620745542949757,499259010,0,1332849380,1540433960,180124150,68885540,2105082730,1018449930,3372542350
2016-08-29,6140.0,6150.0,6010.0,6040.0,595948.0,-1.948051948051948,326567980,0,1821052430,1476369580,336128320,0,1880520860,1407340810,3623989990
2016-08-30,6060.0,6150.0,6060.0,6070.0,291056.0,0.49668874172185434,392944700,0,623846200,759516890,59715780,0,1056184440,660407570,1776307790
2016-08-31,6080.0,6120.0,6010.0,6080.0,647438.0,0.16474464579901155,163541140,0,1556744620,2202168060,503627740,53931140,875148320,2489746620,3922453820
2016-09-01,6050.0,6110.0,6000.0,6060.0,319987.0,-0.3289473684210526,625514790,0,814637100,497417410,482755310,0,901510270,553303720,1937569300
2016-09-02,6010.0,6070.0,6000.0,6040.0,374131.0,-0.33003300330033003,214644900,0,1262674350,779662120,905462770,0,973074270,378444330,2256981370
2016-09-05,6060.0,6160.0,6060.0,6140.0,391286.0,1.6556291390728477,899644230,184200,596708130,902050420,310108700,1187760,1725528790,361761730,2398586980
2016-09-06,6160.0,6170.0,6100.0,6110.0,296656.0,-0.4885993485342019,412632570,0,915104000,491340950,621828010,183300,864292640,332773570,1819077520
2016-09-07,6110.0,6170.0,6080.0,6090.0,398858.0,-0.32733224222585927,686779240,182700,1171735800,585426930,206488820,0,1693621230,544014620,2444124670
2016-09-08,6120.0,6300.0,6100.0,6220.0,1745839.0,2.134646962233169,1666959360,0,4968635200,4258315910,956202120,374400000,8817123820,746184530,10893910470
2016-09-09,6250.0,6250.0,6130.0,6170.0,560994.0,-0.8038585209003215,711049700,670009360,1775813240,311657060,394347840,0,2421330700,652850820,3468529360
2016-09-12,6110.0,6140.0,6000.0,6000.0,774838.0,-2.755267423014587,623705700,3600000,3772819930,273139190,758467440,3900100,2621170030,1289727250,4673264820
2016-09-13,6070.0,6080.0,5930.0,5940.0,491967.0,-1.0,175355220,74301630,2186727490,502984940,1149697620,1821000,862202810,925647850,2939369280
2016-09-19,5910.0,5970.0,5900.0,5950.0,565869.0,0.16835016835016833,398593310,0,2308971730,644107290,1518836710,0,952004590,880831030,3351672330
2016-09-20,5910.0,5950.0,5880.0,5940.0,480933.0,-0.16806722689075632,477749830,1182000,1774461070,587255640,812778300,1188000,890614710,1136067530,2840648540
2016-09-21,5910.0,6020.0,5900.0,5990.0,443977.0,0.8417508417508417,553980400,0,1292042200,797116100,640886780,0,1472511060,529740860,2643138700
2016-09-22,6060.0,6150.0,6030.0,6100.0,610804.0,1.8363939899833055,2287373820,0,933654340,511266380,435865970,4243000,2972171720,320013850,3732294540
2016-09-23,6160.0,6180.0,6100.0,6130.0,414856.0,0.49180327868852464,830457840,183900,463108520,1253035710,352020850,1845000,1722245720,470674400,2546785970
2016-09-26,6220.0,6350.0,6190.0,6260.0,868279.0,2.1207177814029365,575825640,0,3642596040,1212640160,260159240,324845200,3899804260,946253140,5431061840
2016-09-27,6260.0,6300.0,6170.0,6270.0,556593.0,0.1597444089456869,559114040,0,1043697890,1880595780,92175730,251390010,2567803430,572038540,3483407710
2016-09-28,6300.0,6320.0,6210.0,6300.0,548958.0,0.4784688995215311,582925420,0,1104397520,1753801860,220836830,376785000,2174264620,669238350,3441124800
2016-09-29,6280.0,6490.0,6280.0,6440.0,1393926.0,2.2222222222222223,1705090500,0,3909624420,3343279440,331785040,384200000,7565168710,676840610,8957994360
2016-09-30,6370.0,6440.0,6320.0,6360.0,684240.0,-1.2422360248447204,433721590,0,1380076340,2554886390,455205050,319600000,2128001200,1465878070,4368684320
2016-10-04,6400.0,6520.0,6400.0,6480.0,855237.0,1.8867924528301887,1837338580,0,1770159760,1938047370,360321650,452430000,3286588220,1446205840,5545545710
2016-10-05,6480.0,6510.0,6400.0,6480.0,433960.0,0.0,995490730,0,982390330,829649660,360018080,226981770,1716528940,504001930,2807530720
2016-10-06,6450.0,6520.0,6420.0,6470.0,529902.0,-0.15432098765432098,1422627850,4547000,1190579580,813980500,545992850,454100000,1586235540,845406540,3431734930
2016-10-07,6460.0,6620.0,6460.0,6570.0,861444.0,1.545595054095827,2288102870,2976200,1856453620,1510709120,315829070,194800000,4555912480,591700260,5658241810
2016-10-10,6640.0,6730.0,6620.0,6650.0,770515.0,1.21765601217656,2739572420,0,1703101590,703696180,449205180,5394600,3557705540,1134064870,5146370190
2016-10-11,6720.0,6750.0,6600.0,6690.0,670226.0,0.6015037593984963,1467633380,93350,2235990430,780922250,465379020,421771510,3026913280,570575600,4484639410
2016-10-12,6700.0,6790.0,6640.0,6650.0,666493.0,-0.5979073243647235,1416305030,644770,1870622260,1179466640,669932170,0,3138463920,658642610,4467038700
2016-10-13,6620.0,6660.0,6500.0,6520.0,628006.0,-1.954887218045113,402783830,0,2453632940,1257895500,1355150270,0,2363460150,395701850,4114312270
2016-10-14,6520.0,6590.0,6500.0,6570.0,394137.0,0.7668711656441718,662809750,0,903578870,1017311220,418623540,72270,1239768400,925235630,2583699840
2016-10-17,6590.0,6620.0,6500.0,6570.0,805665.0,0.0,1091179210,0,1224412620,2971577930,1469498850,196500,2218968360,1598506050,5287169760
2016-10-18,6510.0,6580.0,6500.0,6560.0,303183.0,-0.15220700152207,272117640,0,767530370,942560390,141275060,13070,1179654980,661265290,1982208400
2016-10-19,6560.0,6600.0,6400.0,6410.0,622323.0,-2.2865853658536586,381996290,0,2536390370,1114945810,984793540,25930,2132221340,916291660,4033332470
2016-10-20,6420.0,6480.0,6350.0,6420.0,379119.0,0.15600624024961,153952620,0,1058870590,1215291800,334718680,3242060,1524832240,565322030,2428115010
2016-10-21,6420.0,6450.0,6350.0,6380.0,237948.0,-0.6230529595015576,177114860,0,761504640,579614400,254826080,12750,1101334750,162060320,1518233900
2016-10-24,6390.0,6570.0,6390.0,6570.0,569852.0,2.978056426332288,569267690,0,1081818860,2063308650,582542570,260632750,2368232680,502987200,3714395200
2016-10-25,6570.0,6580.0,6450.0,6550.0,385861.0,-0.30441400304414,621344210,74642580,649101790,1179263320,37933080,26210,1402712150,1083680460,2524351900
2016-10-26,6560.0,6580.0,6330.0,6400.0,485765.0,-2.2900763358778624,192642750,25950,1880679860,1046837000,688192110,19150,1369728860,1062245440,3120185560
2016-10-27,6430.0,6490.0,6320.0,6460.0,519167.0,0.9375,768763930,23024150,1355358330,1171881920,1225299280,6346460,989398920,1097983670,3319028330
2016-10-28,6430.0,6430.0,6320.0,6320.0,386419.0,-2.1671826625387,91972590,63380000,952168080,1345948240,703662570,136816530,997908100,615081710,2453468910
2016-10-31,6330.0,6470.0,6250.0,6330.0,557679.0,0.15822784810126583,1073618520,0,1035280170,1446587820,511540150,96494680,1814925360,1132526320,3555486510
2016-11-01,6300.0,6360.0,6140.0,6350.0,616264.0,0.315955766192733,598579590,30768660,1436996810,1791054310,1231732260,0,1438032790,1187634320,3857399370
2016-11-02,6350.0,6350.0,6240.0,6270.0,443103.0,-1.2598425196850394,595694050,37535120,626079460,1519452130,248217770,127915050,1269852930,1132775010,2778760760
2016-11-03,6330.0,6400.0,6230.0,6380.0,448375.0,1.7543859649122806,1077161780,14702920,334649390,1423286260,40597710,25500,1609378930,1199798210,2849800350
2016-11-04,6410.0,6410.0,6240.0,6250.0,331422.0,-2.037617554858934,666289640,20106620,838465810,560535590,397889530,40936670,875577330,770994130,2085397660
2016-11-07,6390.0,6390.0,6230.0,6330.0,230738.0,1.28,758516430,33426930,397349770,268855100,15018790,47402690,781539540,614187210,1458148230
2016-11-08,6350.0,6480.0,6290.0,6480.0,277064.0,2.3696682464454977,709682490,12700,519888030,549724720,147355090,19400,1348632210,283301240,1779307940
2016-11-09,6480.0,6540.0,6110.0,6270.0,1086021.0,-3.2407407407407405,1493905910,67582940,4040609800,1232409280,637514810,18700,4447032890,1749941530,6834507930
2016-11-10,6630.0,6650.0,6460.0,6590.0,1990332.0,5.103668261562999,3689938160,98064160,7993359390,1310890300,208273500,176219860,10286332590,2421426060,13092252010
2016-11-11,6910.0,7600.0,6600.0,6610.0,9857419.0,0.30349013657056145,1510339590,87703150,64764202840,3194305150,6852166580,463660130,56694612000,5546112020,69556550730
2016-11-14,6610.0,6900.0,6430.0,6730.0,2924152.0,1.8154311649016641,2422135300,19700,14227017090,2918195420,170153390,200600000,16691465760,2505148360,19567367510
2016-11-15,5970.0,6180.0,5750.0,5810.0,8759304.0,-13.670133729569093,6267605930,25598260,41712223260,3808696110,14160303400,12060000,29197687590,8444072570,51814123560
2016-11-16,5710.0,5850.0,5420.0,5490.0,7375151.0,-5.507745266781412,5522577210,46987640,30541229460,5051465240,16397032860,83308360,21095799560,3586118770,41162259550
2016-11-17,5450.0,5590.0,5450.0,5470.0,2071578.0,-0.36429872495446264,1370693810,18767410,7882146200,2136245060,1525309740,1096000,8473855280,1407591460,11407852480
2016-11-18,5510.0,5520.0,5240.0,5250.0,2423166.0,-4.021937842778794,477610070,3607000,10134087140,2302901510,1478392750,27952080,8908756650,2503104240,12918205720
2016-11-21,5260.0,5550.0,5250.0,5420.0,2134418.0,3.2380952380952377,3082534830,100820530,5602056670,2844768510,1877673440,10850,7792993550,1959502700,11630180540
2016-11-22,5520.0,5590.0,5440.0,5500.0,1285187.0,1.4760147601476015,1294971460,142799170,3703617160,1944658800,627763100,5555500,3619493740,2833234250,7086046590
2016-11-23,5500.0,5560.0,5440.0,5440.0,681928.0,-1.090909090909091,806349950,0,1973151310,964979670,969771350,2881090,1909462170,862366320,3744480930
2016-11-24,5470.0,5490.0,5300.0,5310.0,700518.0,-2.389705882352941,770767370,0,2047125590,943580220,569831330,10660,2517307080,674324110,3761473180
2016-11-25,5320.0,5380.0,5090.0,5250.0,1263183.0,-1.1299435028248588,453796940,388902640,3319515800,2417112480,2272918100,0,2780681360,1525728400,6579327860
2016-11-28,5250.0,5330.0,5160.0,5250.0,648904.0,0.0,465347880,156700000,1349928620,1443057500,1170357530,5310,1355235250,889435910,3415034000
2016-11-29,5260.0,5330.0,5210.0,5250.0,508621.0,0.0,420783610,104300000,1335447280,813641660,476665300,19196880,1073165120,1105145250,2674172550
2016-11-30,5270.0,5290.0,5170.0,5170.0,767767.0,-1.5238095238095237,394246610,349030000,2294835690,953033780,819122050,5190,1213165520,1958853320,3991146080
2016-12-01,5240.0,5310.0,5190.0,5190.0,572596.0,0.3868471953578337,394199880,0,1820634070,788456470,672277230,0,1288767630,1042245560,3003290420
2016-12-02,5200.0,5290.0,5180.0,5240.0,522720.0,0.9633911368015413,147517420,0,1080953590,1510949200,405648540,1888340,1393192930,938690400,2739420210
2016-12-05,5230.0,5250.0,5090.0,5170.0,632142.0,-1.3358778625954197,263991680,19962060,1886347320,1091433530,472222510,1914380,1520784490,1266813210,3261734590
2016-12-06,5200.0,5330.0,5120.0,5290.0,734963.0,2.321083172147002,341606880,0,646778380,2883448250,892139390,5250,1745328880,1234359990,3871833510
2016-12-07,5300.0,5300.0,5180.0,5210.0,626377.0,-1.5122873345935728,160278730,10280940,1246804900,1845876050,1091986980,10400,912255380,1258987860,3263240620
2016-12-08,5260.0,5290.0,5180.0,5290.0,556677.0,1.5355086372360844,884457910,0,751284670,1286524670,757355740,10580,1280920130,883980800,2922267250
2016-12-09,5210.0,5210.0,5110.0,5140.0,1183862.0,-2.835538752362949,180814200,218175000,3938934110,1749391580,1047117000,221865840,2721853590,2096478460,6087314890
2016-12-12,5180.0,5250.0,5150.0,5170.0,682898.0,0.5836575875486382,358716540,0,1350876640,1843736850,349848070,16290440,2474567130,712624390,3553330030
2016-12-13,5200.0,5380.0,5160.0,5160.0,1411483.0,-0.19342359767891684,780764670,0,4024455160,2606455380,3427247470,0,2578714420,1405713320,7411675210
2016-12-14,5220.0,5300.0,5200.0,5200.0,460455.0,0.7751937984496124,85095900,2086000,1257832850,1067056390,644352290,4102930,1442376270,321239650,2412071140
2016-12-15,5200.0,5240.0,5160.0,5210.0,547155.0,0.19230769230769232,21022360,20720,1926363180,892536270,1266581470,26760650,1051547090,495053320,2839942530
2016-12-16,5220.0,5240.0,5140.0,5150.0,663194.0,-1.1516314779270633,6369550,771000,2443816860,973001200,1125340280,20600,798661130,1499936600,3423958610
2016-12-19,5200.0,5200.0,5090.0,5110.0,629269.0,-0.7766990291262136,111724250,0,2744350830,361335910,1159599590,117650,1532495280,525198470,3217410990
2016-12-20,5140.0,5170.0,5080.0,5100.0,466657.0,-0.19569471624266144,231999750,25307300,1689828330,434604850,1036696860,24946090,967943000,352154280,2381740230
2016-12-21,5100.0,5140.0,5070.0,5110.0,327240.0,0.19607843137254902,103639580,9996000,1003218940,555205120,226294220,4966800,1157051340,283747280,1672059640
2016-12-22,5130.0,5140.0,5070.0,5100.0,401473.0,-0.19569471624266144,223143290,9996760,1215125990,596226770,508644360,0,1367068820,168779630,2044492810
2016-12-23,5080.0,5150.0,5070.0,5150.0,340060.0,0.9803921568627451,336770790,5129360,967027090,430849400,227519120,10977500,1198776850,302503170,1739776640
2016-12-26,5190.0,5190.0,5100.0,5120.0,370768.0,-0.5825242718446602,442291450,10280000,1254926080,195022000,327618430,5120000,1164100480,405680620,1902519530
2016-12-27,5120.0,5140.0,5080.0,5100.0,365208.0,-0.390625,156339400,0,1574067710,132263450,178858250,0,1420274650,263537660,1862670560
2016-12-28,5080.0,5110.0,5050.0,5080.0,451722.0,-0.39215686274509803,24169670,111980000,1717557880,441700160,655789060,0,1309836500,329782150,2295407710
2016-12-29,5060.0,5130.0,5060.0,5080.0,329471.0,0.0,25585730,3934700,1032997130,612778800,717688270,0,817490480,140117610,1675296360
2017-01-02,5120.0,5160.0,5090.0,5120.0,337791.0,0.7874015748031495,151651210,0,1194872370,385471540,58596450,0,1293048780,380349890,1731995120
2017-01-03,5160.0,5220.0,5140.0,5200.0,535427.0,1.5625,192360680,0,1695156390,892337080,253959830,0,2084026240,441868080,2779854150
2017-01-04,5200.0,5240.0,5180.0,5240.0,584839.0,0.7692307692307693,369441590,0,1890912620,789087920,686529900,0,1497717080,865195150,3049442130
2017-01-05,5240.0,5250.0,5180.0,5200.0,506800.0,-0.7633587786259541,202844310,15570000,1461621320,959573890,378440430,0,1395244420,865924670,2639609520
2017-01-06,5240.0,5240.0,5190.0,5210.0,313339.0,0.19230769230769232,201095110,0,1201840800,227860120,321884690,280800,946383050,362247490,1630796030
2017-01-09,5240.0,5290.0,5190.0,5270.0,680651.0,1.1516314779270633,1816664890,0,1462970200,287916460,555606730,5220000,2073016020,933708800,3567551550
2017-01-10,5260.0,5270.0,5200.0,5200.0,544405.0,-1.3282732447817838,725940550,2543600,1670080410,441224760,676608380,0,1045576460,1117604480,2839789320
2017-01-11,5200.0,5420.0,5200.0,5390.0,1013391.0,3.653846153846154,1954512120,1998800,2558300810,855941230,528729230,793500,3863521900,977708330,5370752960
2017-01-12,5400.0,5540.0,5370.0,5490.0,1150590.0,1.855287569573284,1926190470,15510630,3273281720,1094299850,683191950,0,4421642420,1204448300,6309282670
2017-01-13,5500.0,5510.0,5340.0,5420.0,782136.0,-1.2750455373406193,915189350,9624000,2740212770,545579860,764614890,5450,2057363600,1388622040,4210605980
2017-01-16,5460.0,5480.0,5280.0,5380.0,746149.0,-0.7380073800738007,1202058020,8515000,2131921350,661206010,1702789520,0,1588408370,712502490,4003700380
2017-01-17,5330.0,5420.0,5330.0,5410.0,359809.0,0.5576208178438662,554215280,267000,1083672180,297919150,187733070,0,1382519480,365821060,1936073610
2017-01-18,5400.0,5410.0,5330.0,5380.0,360888.0,-0.5545286506469501,442909720,266500,1256507990,233271270,654372910,0,748965550,529617020,1932955480
2017-01-19,5350.0,5450.0,5320.0,5340.0,328619.0,-0.7434944237918215,281283040,693400,1125213700,350965210,321642940,0,895102410,541410000,1758155350
2017-01-20,5360.0,5370.0,5300.0,5330.0,334277.0,-0.18726591760299627,538788670,533700,829080480,417445900,167444950,0,1097829750,520574050,1785848750
2017-01-23,5330.0,5400.0,5280.0,5290.0,417446.0,-0.7504690431519699,406005170,0,1449800250,369770500,642418340,0,1349923490,233234090,2225575920
2017-01-24,5260.0,5300.0,5190.0,5240.0,424463.0,-0.945179584120983,103785150,1934400,1564268890,547214510,333803570,0,1479878260,403521120,2217202950
2017-01-25,5210.0,5280.0,5100.0,5110.0,803223.0,-2.480916030534351,173876120,0,3411101020,555771070,1469040940,0,2019110540,652596730,4140748210
2017-01-26,5130.0,5230.0,5120.0,5200.0,537159.0,1.761252446183953,193036470,0,1662201800,932109100,1243030070,0,1348320230,195997070,2787347370
2017-01-31,5210.0,5240.0,5170.0,5180.0,402388.0,-0.38461538461538464,398619520,0,1269760090,420794170,295817010,0,1029375620,763981150,2089173780
2017-02-01,5230.0,5280.0,5200.0,5280.0,746819.0,1.9305019305019304,1560632280,0,1412543050,959422520,983780930,42989270,1933639210,972188440,3932597850
2017-02-02,5230.0,5320.0,5210.0,5270.0,904580.0,-0.1893939393939394,1410598090,1982200,2433797960,930276800,582593560,767241420,2236646420,1190173650,4776655050
2017-02-03,5280.0,5500.0,5270.0,5350.0,1436053.0,1.5180265654648957,1632889130,9990000,4795327060,1296434940,1013730350,205122660,4735455080,1780333040,7734641130
2017-02-06,5510.0,5510.0,5380.0,5420.0,732868.0,1.3084112149532712,920131650,5450,2657212900,403984180,997374510,27000,2326083900,657848770,3981334180
2017-02-07,5400.0,5450.0,5350.0,5400.0,572240.0,-0.36900369003690037,555263550,0,2061705990,466453100,266457330,0,2216365160,600600150,3083422640
2017-02-08,5370.0,5380.0,5270.0,5350.0,754736.0,-0.9259259259259258,784838780,54028400,2897306670,274942230,717461680,0,2783801350,509853050,4011116080
2017-02-09,5380.0,5880.0,5380.0,5840.0,4746627.0,9.158878504672897,7086605930,57884610,16122707690,3885431770,2675092070,97549040,22560495850,1819493040,27152630000
2017-02-10,5920.0,5980.0,5760.0,5830.0,2694168.0,-0.17123287671232876,1508922780,74713340,9779981190,4426821250,1099302430,62034500,11536491700,3092609930,15790438560
2017-02-13,5860.0,6080.0,5820.0,6010.0,2434697.0,3.0874785591766725,2713609600,0,6589102340,5319308970,1986311290,60000,11239499040,1396150580,14622020910
2017-02-14,6020.0,6130.0,5880.0,6130.0,1425775.0,1.9966722129783694,865421450,30150000,4557726480,3144617530,712291020,177954800,6626165940,1081503700,8597915460
2017-02-15,6500.0,6510.0,6170.0,6270.0,3185984.0,2.2838499184339316,4230632510,6270000,11641272200,4299029190,2361399410,36622100,13177519220,4601663170,20177203900
2017-02-16,6300.0,6380.0,6190.0,6250.0,914056.0,-0.3189792663476874,209326110,0,3220179800,2299241530,1533811070,1163650,3045005830,1148766890,5728747440
2017-02-17,6200.0,6270.0,6170.0,6220.0,699234.0,-0.48,601727850,6210,2239313850,1502939320,919370480,0,2807897340,616719410,4343987230
2017-02-20,6220.0,6230.0,6040.0,6120.0,772600.0,-1.607717041800643,692058870,19756660,2794192560,1202191930,1431098960,3046100,2858740170,415314790,4708200020
2017-02-21,6130.0,6190.0,6080.0,6150.0,836782.0,0.49019607843137253,248477830,6994650,2995636520,1868922330,1192513650,0,2827513150,1100004530,5120031330
2017-02-22,6180.0,6230.0,6140.0,6230.0,497366.0,1.3008130081300813,716953510,5888780,1183263800,1169235350,693909210,0,1953538750,427893480,3075341440
2017-02-23,6230.0,6240.0,6160.0,6220.0,560958.0,-0.16051364365971107,320962560,0,1664782550,1488904830,1230600730,0,1558408330,685640880,3474649940
2017-02-24,6220.0,6220.0,6140.0,6180.0,475533.0,-0.6430868167202572,722004100,2837400,1433680070,775665540,547218280,18420000,1183122630,1185426200,2934187110
2017-02-27,6160.0,6230.0,6160.0,6210.0,371758.0,0.48543689320388345,794535760,6210,906871430,601127690,112804420,0,1571428720,618307950,2302541090
2017-02-28,6030.0,6140.0,5960.0,6130.0,1324044.0,-1.288244766505636,1104970330,19622200,3498066300,3410553640,2458506660,0,4201076640,1373629170,8033212470
2017-03-02,6150.0,6160.0,6060.0,6120.0,709686.0,-0.1631321370309951,142293280,14013500,1753279710,2420393600,1712376130,6130000,1737892470,873581490,4329980090
2017-03-03,6060.0,6100.0,5990.0,6030.0,672617.0,-1.4705882352941175,577367200,3924200,2181548510,1296172910,893119890,0,2393678150,772214780,4059012820
2017-03-06,6000.0,6120.0,5990.0,6090.0,548567.0,0.9950248756218906,1605399970,6030000,774901680,943576390,1058669140,0,1183023510,1088215390,3329908040
2017-03-07,6060.0,6380.0,6060.0,6370.0,1464485.0,4.597701149425287,990781770,102356330,5192525910,2951849310,379889130,41692810,7010434120,1805497260,9237513320
2017-03-08,6400.0,6560.0,6300.0,6360.0,1197591.0,-0.15698587127158556,528313650,34489380,4407625860,2708845560,943993290,4192500,4093097430,2637991230,7679274450
2017-03-09,6360.0,6360.0,6230.0,6240.0,606150.0,-1.8867924528301887,392202270,10626250,2287348020,1103973720,1451390360,0,1412892580,929867320,3794150260
2017-03-10,6220.0,6300.0,6140.0,6250.0,472344.0,0.16025641025641024,38922800,9285220,1991571840,896915060,802716010,0,1586507840,547471070,2936694920
2017-03-13,6260.0,6360.0,6170.0,6360.0,694239.0,1.76,560219860,315220,2796911780,994065080,626263620,1009290,2646769880,1077469150,4351511940
2017-03-14,6340.0,6440.0,6270.0,6370.0,1003245.0,0.15723270440251574,812256930,38306400,1595093280,3947737000,850961670,0,3618124720,1924307220,6393393610
2017-03-15,6310.0,6480.0,6300.0,6380.0,884857.0,0.15698587127158556,487927630,643920,1503203600,3661474460,58530670,0,3752640230,1842078710,5653249610
2017-03-16,6440.0,6660.0,6440.0,6580.0,1339897.0,3.1347962382445136,1112679860,6640,3675872750,4011871020,184027160,104959000,7452543830,1058900280,8800430270
2017-03-17,6670.0,6780.0,6540.0,6690.0,1591133.0,1.6717325227963524,1743738610,1669150,6333157490,2486133550,261741850,50326000,6821618500,3431012450,10564698800
2017-03-20,6680.0,6780.0,6610.0,6720.0,902633.0,0.4484304932735426,1156364610,6700,3281123460,1613868830,290118090,33400000,3866347430,1861498080,6051363600
2017-03-21,6790.0,6920.0,6710.0,6870.0,1416879.0,2.232142857142857,1248989010,17177620,3337100570,5096930080,405380170,12697860,6070519790,3211599460,9700197280
2017-03-22,6860.0,7020.0,6800.0,6940.0,1976295.0,1.0189228529839884,1422949170,27776000,4877478510,7376590030,1266029840,19995150,6629270830,5789497890,13704793710
2017-03-23,7030.0,7320.0,7000.0,7280.0,2109328.0,4.899135446685879,2371666260,23549450,6626541980,6206561910,375993590,73684150,10980919800,3797722060,15228319600
2017-03-24,7290.0,7310.0,7010.0,7060.0,1669870.0,-3.021978021978022,1317748290,187426680,7263077930,3084514240,5031469800,87284040,4693455290,2040558010,11852767140
2017-03-27,7060.0,7150.0,6940.0,7010.0,1079308.0,-0.708215297450425,666401530,152170020,4022476900,2722056210,1854582200,17635480,3902904550,1787982430,7563104660
2017-03-28,7040.0,7370.0,7020.0,7320.0,1388249.0,4.42225392296719,3670658870,3036230,3169993460,3218953470,898394900,7493950,6927849700,2228903480,10062642030
2017-03-29,7320.0,7330.0,7170.0,7230.0,722384.0,-1.2295081967213115,654177020,368790,2810200300,1770495720,1536838520,43320,2198405620,1499954370,5235241830
2017-03-30,7250.0,7250.0,7050.0,7210.0,842066.0,-0.2766251728907331,1490526420,9972560,2636803550,1856071980,889741320,0,3099608430,2004024760,5993374510
2017-03-31,7210.0,7340.0,7130.0,7250.0,781679.0,0.5547850208044383,943601450,19467000,2039536090,2636324680,522054600,0,2081393560,3035481060,5638929220
2017-04-03,7250.0,7260.0,7130.0,7170.0,645719.0,-1.103448275862069,1796890970,0,1743217250,1099080970,294077710,0,2116234220,2228877260,4639189190
2017-04-04,7180.0,7220.0,7080.0,7170.0,823907.0,0.0,1808227770,1278900,1671896570,2396074380,1858198380,1251820,2548793800,1469233620,5877477620
2017-04-05,7180.0,7280.0,7130.0,7170.0,947900.0,0.0,221437510,36334430,2010772680,4546615200,1462127390,25123680,3664359580,1663549170,6815159820
2017-04-06,7160.0,7220.0,7120.0,7190.0,373754.0,0.2789400278940028,399280070,0,960944840,1321197550,788829540,0,1153676200,738916720,2681422460
2017-04-07,7190.0,7230.0,7130.0,7200.0,332690.0,0.13908205841446453,221198170,0,1074031870,1091687190,370903400,14320000,1074813540,926880290,2386917230
2017-04-10,7140.0,7240.0,6980.0,7080.0,836997.0,-1.6666666666666667,530592620,286330400,3086064510,2000913040,1128871070,0,3749420250,1025609250,5903900570
2017-04-11,7040.0,7180.0,7030.0,7130.0,557485.0,0.7062146892655368,267586790,0,1724367450,1968549320,145913680,0,2214570100,1600019780,3960503560
2017-04-12,7130.0,7160.0,7070.0,7110.0,453222.0,-0.2805049088359046,494107960,212500,1472423080,1257311590,479503890,0,1695172080,1049379160,3224055130
2017-04-13,6790.0,6870.0,6670.0,6780.0,10426634.0,-4.641350210970464,19694997520,216689920,11217041160,38899466970,51184971610,7491900,3304137740,15531594320,70028195570
2017-04-14,6820.0,6860.0,6780.0,6820.0,1024041.0,0.5899705014749262,678885210,46743100,2082722070,4168729060,911792810,0,1606923740,4458362890,6977079440
2017-04-17,6860.0,6930.0,6810.0,6880.0,705817.0,0.8797653958944283,865321270,0,2022382950,1957128390,856377840,0,1409820580,2578634190,4844832610
2017-04-18,6860.0,6950.0,6840.0,6910.0,849937.0,0.436046511627907,997544010,6860,1873641300,2982565170,1462899120,0,2204832870,2186025350,5853757340
2017-04-19,6880.0,6980.0,6880.0,6930.0,726707.0,0.2894356005788712,1026103800,0,1067318700,2944788560,2257617350,0,1481328540,1299265170,5038211060
2017-04-20,6900.0,7120.0,6860.0,7070.0,978857.0,2.0202020202020203,1518915270,14210,1834202130,3510455460,1574154690,3319970,3157001800,2129110610,6863587070
2017-04-21,7100.0,7210.0,7070.0,7110.0,1095646.0,0.5657708628005658,1542809560,14390,2504396270,3805616150,549014250,7160,3659190150,3644624810,7852836370
2017-04-24,7150.0,7220.0,7150.0,7220.0,1024038.0,1.5471167369901548,2000219050,7210,2522743110,2846837580,2503803020,0,3246872830,1619131100,7369806950
2017-04-25,7300.0,7520.0,7200.0,7280.0,2199589.0,0.8310249307479225,6086020810,91656710,6836145900,3142920840,2683402890,25730000,9754994070,3692617300,16156744260
2017-04-26,7280.0,7390.0,7240.0,7290.0,1058396.0,0.13736263736263737,1531075120,8956680,2251205860,3924707010,838067860,19737000,3182444820,3675694990,7715944670
2017-04-27,7260.0,7340.0,7220.0,7280.0,636467.0,-0.1371742112482853,201583710,99652230,1552678180,2774040280,334469340,1488890,2130514720,2161481450,4627954400
2017-04-28,7310.0,7350.0,7190.0,7290.0,950252.0,0.13736263736263737,584346420,7260,2010796070,4303243070,1299068300,36000000,3309747930,2253576590,6898392820
2017-05-02,7230.0,7350.0,7230.0,7310.0,891987.0,0.2743484224965706,603404180,603440,1337638570,4565681310,775887460,3134090,3190728840,2537577110,6507327500
2017-05-04,7260.0,7470.0,7260.0,7470.0,1455605.0,2.188782489740082,974535450,8039400,3302047340,6498746900,1151782890,0,5579491780,4052094420,10783369090
2017-05-08,7470.0,7500.0,7360.0,7490.0,882883.0,0.2677376171352075,1070534050,16466590,2081712560,3385116470,592670260,7380000,2865831110,3087948300,6553829670
2017-05-10,7500.0,7640.0,7470.0,7580.0,1426044.0,1.2016021361815754,4803202360,27433640,1944803760,4042087340,1004702310,0,6670333900,3142490890,10817527100
2017-05-11,7620.0,7750.0,7550.0,7740.0,1164338.0,2.1108179419525066,3560484280,10431570,2210904810,3182313910,1768231840,19070000,4800269130,2376563600,8964134570
2017-05-12,7730.0,7770.0,7640.0,7750.0,658565.0,0.12919896640826875,599229670,7805340,1724560640,2746709780,966477510,15360000,2066476800,2029991120,5078305430
2017-05-15,7740.0,7850.0,7660.0,7700.0,891423.0,-0.6451612903225806,1603766170,7790,3250661080,2053380390,1698304130,7840000,3121752550,2079918750,6907815430
2017-05-16,7720.0,7910.0,7660.0,7910.0,936018.0,2.727272727272727,2347412340,10318130,2041615080,2946666360,1313873270,7870,4281193550,1750937220,7346011910
2017-05-17,7920.0,7970.0,7740.0,7820.0,1394199.0,-1.1378002528445006,3307594590,402328220,4249579570,3008644520,4535966520,0,3593119430,2839060950,10968146900
2017-05-18,7700.0,7970.0,7690.0,7910.0,1046599.0,1.1508951406649617,2124434220,0,2511417280,3580106660,1240937580,112045000,3368873220,3494102360,8215958160
2017-05-19,7980.0,7980.0,7820.0,7930.0,807879.0,0.2528445006321113,1231037480,158190,1934563820,3218684190,1791354800,7910,3187983950,1405097020,6384443680
2017-05-22,7980.0,8070.0,7920.0,8070.0,1109274.0,1.7654476670870116,2289476680,8040,2504510530,4109189460,1216711210,8060,5150809020,2535656420,8903184710
2017-05-23,8050.0,8180.0,8030.0,8120.0,865925.0,0.6195786864931847,1845302340,8130,2626467280,2563082330,1916842850,96468890,3619722920,1401825420,7034860080
2017-05-24,7510.0,7660.0,7420.0,7610.0,36770279.0,-6.280788177339902,39852327060,1872618970,52567606970,179717456510,183155597060,22271700,14521433460,76310707290,274010009510
2017-05-25,7650.0,7800.0,7570.0,7790.0,4515872.0,2.3653088042049935,9529690300,89920530,12875358410,12380957880,1859541370,23959000,13716175810,19276250940,34875927120
2017-05-26,7830.0,7840.0,7720.0,7740.0,2336480.0,-0.6418485237483954,3298353850,10225810,6472981560,8380657670,1593548310,38800,4967928390,11600703390,18162218890
2017-05-29,7700.0,7740.0,7500.0,7580.0,2822267.0,-2.0671834625323,2395181780,127742620,9796730330,9161928990,7914664080,125665420,7106061930,6335192290,21481583720
2017-05-30,7600.0,7680.0,7510.0,7580.0,1751938.0,0.0,3005861590,7600,2066507400,8248040560,673554270,0,3891674650,8755188230,13320417150
2017-05-31,7560.0,7660.0,7500.0,7550.0,1678188.0,-0.395778364116095,1563673910,143667420,2167292000,8869182710,1297465440,979110,3058291340,8387080150,12743816040
2017-06-01,7560.0,7610.0,7500.0,7560.0,1266807.0,0.13245033112582782,1886603030,31822310,2603668030,5060473450,3214876980,28751920,3297031170,3041906750,9582566820
2017-06-02,7560.0,7590.0,7500.0,7540.0,981631.0,-0.26455026455026454,1179562570,100868030,3436368960,2681449680,893132570,0,3579440520,2925676150,7398249240
2017-06-05,7540.0,7550.0,7290.0,7480.0,2412659.0,-0.7957559681697612,2976802990,116710350,6787792550,8027035660,5648158730,20755690,5101777300,7137649830,17908341550
2017-06-07,7500.0,7550.0,7420.0,7430.0,1166031.0,-0.6684491978609626,1346927370,2046660,3007760370,4376336170,2303567060,4303120,2187573860,4237626530,8733070570
2017-06-08,7350.0,7440.0,7270.0,7360.0,2393849.0,-0.9421265141318977,5337026270,27114000,4933331510,7269432590,7195109310,11661120,3703625930,6656508010,17566904370
2017-06-09,7420.0,7420.0,7100.0,7140.0,2742475.0,-2.989130434782609,1574762740,11401430,12487836100,5584144550,7225811140,9015750,6926461130,5496856800,19658144820
2017-06-12,7100.0,7220.0,7040.0,7080.0,1400170.0,-0.8403361344537815,1152687360,84896000,4317607380,4376773550,1936811150,24065550,3016653980,4954433610,9931964290
2017-06-13,7070.0,7190.0,7060.0,7190.0,1330809.0,1.5536723163841808,3147394270,137907400,2669100320,3535537910,2332823850,0,3502433530,3654682520,9489939900
2017-06-14,7180.0,7210.0,7060.0,7190.0,1383755.0,0.0,2005792350,1502850,3647204160,4208036780,1351703580,0,3591268600,4919563960,9862536140
2017-06-15,7170.0,7200.0,7050.0,7110.0,1088457.0,-1.1126564673157162,385881210,424178500,3392307250,3522892410,1838035300,14386910,2127570280,3745266880,7725259370
2017-06-16,7090.0,7110.0,7040.0,7070.0,1121892.0,-0.5625879043600562,934895870,0,1954430630,5040577250,2009477900,6721180,1318577790,4595126880,7929903750
2017-06-19,7040.0,7080.0,6940.0,6990.0,1026494.0,-1.1315417256011315,811731630,28220,3601708820,2786367740,2233363030,2415000,3175942570,1788115810,7199836410
2017-06-20,6890.0,7040.0,6890.0,6980.0,941761.0,-0.14306151645207438,681328830,37936710,2496522410,3363692710,2128509930,69600000,2791495030,1589875700,6579480660
2017-06-21,6920.0,7000.0,6920.0,6990.0,971610.0,0.14326647564469913,1359106550,1984500,2121275430,3287318120,1267997720,0,2696627370,2805059510,6769684600
2017-06-22,6990.0,7000.0,6790.0,6930.0,1077291.0,-0.8583690987124464,1421571530,8407770,3134675120,2860181050,1293062460,17558250,2781169880,3333044880,7424835470
2017-06-23,6950.0,7100.0,6880.0,7080.0,927999.0,2.1645021645021645,1625470360,735320,1553831840,3371908520,323453720,0,2966099020,3262393300,6551946040
2017-06-26,7100.0,7100.0,6910.0,6910.0,885078.0,-2.401129943502825,344870800,71122950,4519033460,1230454580,398864950,8201500,1321924250,4436491090,6165481790
2017-06-27,6900.0,6910.0,6740.0,6770.0,1036909.0,-2.0260492040520983,920190680,2028000,4494596500,1608550060,895654550,92925930,4172573320,1864211440,7025365240
2017-06-28,6780.0,6990.0,6780.0,6950.0,824792.0,2.658788774002954,1602059330,97440,1584062390,2529494790,755870370,104090,2703729060,2256010430,5715713950
2017-06-29,6940.0,7340.0,6910.0,7290.0,1867266.0,4.892086330935252,5075415600,2412300,4126159460,4269118720,317210650,25330000,9242539180,3888026250,13473106080
2017-06-30,7240.0,7790.0,7200.0,7580.0,3973218.0,3.9780521262002746,9548209850,19828500,11371406040,9282358690,2091653330,102097000,19000481620,9027571130,30221803080
2017-07-03,7630.0,7950.0,7630.0,7790.0,3030179.0,2.7704485488126647,7941744210,29241100,10390019410,5345041620,1797385020,193325990,15876508670,5838826660,23706046340
2017-07-04,7810.0,7940.0,7720.0,7800.0,1478367.0,0.12836970474967907,3248622660,31917140,3826854050,4452601730,1329243160,35278470,7197474000,2997999950,11559995580
2017-07-05,7870.0,7870.0,7720.0,7740.0,970090.0,-0.7692307692307693,1662679790,0,2426177500,3454763950,1976614400,0,3627080790,1939926050,7543621240
2017-07-06,7710.0,8040.0,7700.0,7800.0,1737411.0,0.7751937984496124,1328005610,79839270,4007790460,8168275300,4485771050,545700000,4336287220,4216152370,13583910640
2017-07-07,7840.0,7970.0,7800.0,7850.0,1295577.0,0.641025641025641,2728181680,7840,3457777920,4040564990,2753585950,651289160,4714777870,2106879450,10226532430
2017-07-10,7900.0,8080.0,7820.0,8040.0,1603955.0,2.420382165605096,2649023640,1492856980,6226305560,2444182030,1223830010,8036000,8603380900,2977121300,12812368210
2017-07-11,8080.0,8090.0,7830.0,7860.0,1288048.0,-2.2388059701492535,1140923030,67937660,5210852630,3753855420,3872290480,29439530,4272634030,1999204700,10173568740
2017-07-12,7830.0,7900.0,7580.0,7640.0,1358305.0,-2.7989821882951653,944826150,57059350,5704953660,3707627020,2684191210,8118720,5579348440,2142807810,10414466180
2017-07-13,7620.0,7750.0,7530.0,7560.0,1379901.0,-1.0471204188481675,1989611120,0,4064574030,4440585190,1999737260,8122610,3420138390,5066772080,10494770340
2017-07-14,7540.0,7690.0,7530.0,7690.0,770039.0,1.7195767195767195,1633761620,8436000,1649654560,2603787530,822035010,0,2636651540,2436953160,5895639710
2017-07-17,7740.0,7740.0,7580.0,7620.0,788496.0,-0.9102730819245773,1545384630,61256520,1908215670,2502414370,2093492540,9985910,1599736990,2314055750,6017271190
2017-07-18,7620.0,7650.0,7460.0,7520.0,1064260.0,-1.3123359580052494,1227916400,68597570,3017044630,3704762180,1518355120,15742470,2124378130,4359845060,8018320780
2017-07-19,7510.0,7780.0,7500.0,7710.0,1312017.0,2.5265957446808507,2137309840,3050000,2493777430,5452657250,1807357240,730812620,3884710690,3663913970,10086794520
2017-07-20,7760.0,7840.0,7710.0,7840.0,762471.0,1.6861219195849546,2003154570,7740,1419688440,2509035200,486371920,3124000,3098554830,2343835200,5931885950
2017-07-21,7830.0,7840.0,7700.0,7780.0,755119.0,-0.7653061224489796,1148128370,23290,2363976290,2341846800,2375252750,3116000,2175669220,1299936780,5853974750
2017-07-24,7820.0,7870.0,7780.0,7830.0,541826.0,0.6426735218508998,970966380,0,1856464510,1404063480,1652093010,0,1650178070,929223290,4231494370
2017-07-25,7830.0,7830.0,7650.0,7770.0,1007941.0,-0.7662835249042145,1215329510,1106420,4618830620,1948672590,1079587250,1096670,1908853910,4794401310,7783939140
2017-07-26,7850.0,8020.0,7700.0,7800.0,1891697.0,0.3861003861003861,3859107590,974350,8177422010,2830552610,1108192070,31849840,10081135360,3646879290,14868056560
2017-07-27,7800.0,7980.0,7710.0,7950.0,1497712.0,1.9230769230769231,2743962560,619686470,4274543640,4175221010,1415464530,5733400,7667194300,2725021450,11813413680
2017-07-28,7990.0,8160.0,7910.0,8020.0,2294802.0,0.8805031446540881,2142157300,171043610,6763891200,9402495240,3151725880,83108480,12746356950,2498396040,18479587350
2017-07-31,8050.0,8200.0,8020.0,8190.0,1737581.0,2.119700748129676,3892954610,187443220,4318095330,5740488810,741229200,18092100,9618828340,3760832330,14138981970
2017-08-01,8210.0,8230.0,8010.0,8140.0,1248358.0,-0.6105006105006106,3195859200,65249950,4482893420,2448232800,3219838520,115666270,5383391070,1473339510,10192235370
2017-08-02,8110.0,8320.0,8060.0,8160.0,1435881.0,0.2457002457002457,3663863390,32710140,3899494070,4216099290,3320145540,46330070,7469049130,976642150,11812166890
2017-08-03,8100.0,8150.0,7650.0,7660.0,2854513.0,-6.127450980392156,4683643800,78021260,10461871160,6987446470,5285195010,156211410,6509460310,10260115960,22210982690
2017-08-04,7650.0,7900.0,7650.0,7870.0,1021522.0,2.741514360313316,2255823920,62480,1952136690,3792593340,2674098720,57149930,2771048200,2498319580,8000616430
2017-08-07,7890.0,8030.0,7780.0,7810.0,1265886.0,-0.7623888182973316,1564000820,39550000,4867696880,3491560070,3446466210,39050000,2830468370,3646823190,9962807770
2017-08-08,7880.0,7900.0,7660.0,7680.0,907086.0,-1.6645326504481435,248240460,1514470,4547344770,2205335830,2331371010,0,1874860440,2796204080,7002435530
2017-08-09,7610.0,7710.0,7400.0,7400.0,1525363.0,-3.6458333333333335,1683580820,44882590,5893065280,3775928540,3034413210,0,3442277610,4920766410,11397457230
2017-08-10,7450.0,7600.0,7340.0,7520.0,1306946.0,1.6216216216216217,1958525200,0,3825543280,3980425890,2258865410,4674600,3337938740,4163015620,9764494370
2017-08-11,7400.0,7430.0,7220.0,7290.0,1632259.0,-3.0585106382978724,2688130530,85806180,6773741380,2362429450,872685530,188687510,2581682170,8267052330,11910107540
2017-08-14,7370.0,7400.0,7280.0,7340.0,719958.0,0.6858710562414266,589015340,7320,3175303960,1508737300,1094231230,0,1605778600,2573054090,5273063920
2017-08-16,7340.0,7360.0,7180.0,7230.0,986628.0,-1.4986376021798364,1083160650,44373130,3297932250,2715269490,1778621830,0,1798265170,3563848520,7140735520
2017-08-17,7190.0,7290.0,7100.0,7200.0,925708.0,-0.4149377593360996,738210790,60453470,2978459710,2861911160,2272578090,10740000,1360010500,2995706540,6639035130
2017-08-18,7150.0,7200.0,6920.0,6990.0,1630736.0,-2.9166666666666665,741816890,42537520,6402453280,4277538000,1334112460,721186710,3455216370,5953830150,11464345690
2017-08-21,7000.0,7270.0,7000.0,7180.0,1073984.0,2.7181688125894135,2173726970,30685400,2380903710,3101188230,1529729390,7180000,2115904520,4033690400,7686504310
2017-08-22,7160.0,7270.0,7140.0,7160.0,647838.0,-0.2785515320334262,482052240,7481190,2234948160,1921008370,863221120,26794730,1233548920,2521925190,4645489960
2017-08-23,7150.0,7200.0,7070.0,7100.0,757391.0,-0.8379888268156425,550461060,18186880,3292146390,1532242330,1022090730,1410430,1281219410,3088316090,5393036660
2017-08-24,7110.0,7220.0,7090.0,7170.0,615430.0,0.9859154929577465,849027630,65953610,1923903520,1560908990,1490585130,3441450,1304287090,1601480080,4399793750
2017-08-25,7140.0,7160.0,7070.0,7110.0,530210.0,-0.8368200836820083,743605440,18112380,2073065670,932943810,1021979710,1196920,770897250,1973653420,3767727300
2017-08-28,7110.0,7160.0,7030.0,7100.0,650531.0,-0.14064697609001406,696925340,48211040,1777062320,2076695920,1313759560,57198160,1137225120,2090711780,4598894620
2017-08-29,7180.0,7180.0,7020.0,7100.0,763515.0,0.0,909997290,0,2323922250,2169309910,1783127180,0,951658500,2668443770,5403229450
2017-08-30,7080.0,7090.0,6970.0,7050.0,806457.0,-0.7042253521126761,1195379360,14147060,2948695220,1498777360,2411764510,7060,1261179490,1984047940,5656999000
2017-08-31,7020.0,7030.0,6760.0,7030.0,2943706.0,-0.28368794326241137,1018144720,32353810,14302337540,4916863520,5376307960,0,7446474850,7446916780,20269699590
2017-09-01,7120.0,7800.0,7030.0,7430.0,6159334.0,5.689900426742532,7328681680,87165010,28179890190,10339557480,9136162630,62785820,28779618030,7956727880,45935294360
2017-09-04,7150.0,7350.0,7100.0,7100.0,2128558.0,-4.441453566621804,3304377170,196855360,8800760690,3040477260,2938912120,7350000,6883011620,5513196740,15342470480
2017-09-05,7200.0,7590.0,7140.0,7340.0,1862611.0,3.3802816901408446,3568585910,17343950,8168846810,1799950530,1148001460,95080,8133035200,4273595460,13554727200
2017-09-06,7280.0,7380.0,7020.0,7070.0,1348686.0,-3.6784741144414173,2281122030,30282820,5954770120,1414471390,1135696810,9116140,4248266590,4287566820,9680646360
2017-09-07,7130.0,7130.0,7000.0,7050.0,958650.0,-0.2828854314002829,903996340,3518000,4046999680,1811651022,1320642170,0,2418552090,3026970782,6766165042
2017-09-08,7060.0,7080.0,6960.0,7010.0,885203.0,-0.5673758865248227,197119170,7658000,3001262500,2989656930,1394455630,0,1890781030,2910459940,6195696600
2017-09-11,7020.0,7060.0,6850.0,6940.0,1668236.0,-0.9985734664764622,1176551640,102282900,5787287120,4486799110,3613670820,0,3181494330,4757755620,11552920770
2017-09-12,6930.0,6980.0,6870.0,6940.0,570778.0,0.0,396393010,0,2422581810,1138159610,537163380,0,2036709010,1383262040,3957134430
2017-09-13,6930.0,6960.0,6780.0,6820.0,913617.0,-1.729106628242075,418458830,23472300,4149074490,1653089070,975066400,0,2781520570,2487507720,6244094690
2017-09-14,6800.0,6920.0,6760.0,6920.0,932716.0,1.466275659824047,1302708580,197313700,2694900250,2183479890,1267314150,10856000,1651022150,3449210120,6378402420
2017-09-15,6850.0,6910.0,6760.0,6890.0,661571.0,-0.4335260115606936,610133710,10387440,2341124140,1560148390,378926530,34367840,2004837760,2103661550,4521793680
2017-09-18,6890.0,7060.0,6880.0,7020.0,796608.0,1.8867924528301887,242271030,451840,2977165670,2351108710,449902650,446720,3311689070,1808958810,5570997250
2017-09-19,7130.0,7290.0,7110.0,7210.0,1041639.0,2.7065527065527064,1726158220,7210,3908490060,1885317590,361806140,22343000,4673356240,2462467700,7519973080
2017-09-20,7260.0,7300.0,7090.0,7130.0,1122882.0,-1.1095700416088765,1578421610,35437620,5561751440,878052800,858956340,2502630,3696903960,3495300540,8053663470
2017-09-21,7100.0,7220.0,6920.0,7030.0,1214637.0,-1.402524544179523,3884053920,22379900,2644462100,2073662530,2403736330,0,3312234620,2908587500,8624558450
2017-09-22,7030.0,7090.0,6940.0,7010.0,664839.0,-0.2844950213371266,625579520,7030,2113762760,1918704820,444478090,107768860,1934992810,2170814370,4658054130
2017-09-25,6910.0,7060.0,6910.0,7000.0,655112.0,-0.14265335235378032,318450490,14050,1714883660,2553438170,739436010,44089810,1799983850,2003276700,4586786370
2017-09-26,7040.0,7240.0,7030.0,7190.0,1312640.0,2.7142857142857144,2100924060,15875210,2150247280,5136764920,3052427060,64600000,3118811700,3167972710,9403811470
2017-09-27,7120.0,7210.0,7000.0,7070.0,707487.0,-1.6689847009735743,1359828330,0,1763119010,1898937070,782521520,19859380,1867020390,2352483120,5021884410
2017-09-28,7070.0,7140.0,7030.0,7100.0,464005.0,0.4243281471004243,492372180,1498100,1543737760,1241724100,1124758290,10735200,913605400,1230233250,3279332140
2017-09-29,7190.0,7270.0,7090.0,7210.0,748002.0,1.5492957746478873,1628983270,21021280,2199520030,1527526020,745304480,21095580,3133810520,1476840020,5377050600
2017-10-10,7270.0,7440.0,7200.0,7300.0,1391670.0,1.248266296809986,1280729460,51005300,4899331000,3927948050,3436377380,5664560,3784516350,2932455520,10159013810
2017-10-11,7250.0,7270.0,7030.0,7080.0,1317743.0,-3.0136986301369864,148756260,59037380,6005013860,3208474640,2926911470,0,1520502820,4973867850,9421282140
2017-10-12,7050.0,7180.0,7020.0,7130.0,1099723.0,0.7062146892655368,881641300,21387080,3491890490,3406018420,1269786100,67662400,1945253350,4518235440,7800937290
2017-10-13,7110.0,7190.0,7020.0,7150.0,1195721.0,0.2805049088359046,2821883000,14170,2864869840,2798309390,945388820,40605980,3126734410,4372347190,8485076400
2017-10-16,7220.0,7320.0,7110.0,7250.0,897706.0,1.3986013986013985,2081698470,0,3408812230,1004149180,726293760,37436520,4561798390,1169131210,6494659880
2017-10-17,7310.0,7320.0,7070.0,7160.0,793382.0,-1.2413793103448276,58727890,19245000,3209120530,2390061380,1651786660,21480000,1998169570,2005718570,5677154800
2017-10-18,7110.0,7230.0,7040.0,7190.0,824793.0,0.41899441340782123,1746391200,7080000,2085590490,2058613360,879150610,79823760,2954821200,1983879480,5897675050
2017-10-19,7180.0,7300.0,7100.0,7140.0,715452.0,-0.6954102920723227,855112450,15686500,2948603360,1303097080,1179914810,136011320,2169532950,1637040310,5122499390
2017-10-20,7160.0,7170.0,7070.0,7110.0,416807.0,-0.42016806722689076,510127700,0,1392125690,1062791960,1230200750,8259260,1207717860,518867480,2965045350
2017-10-23,7100.0,7140.0,6930.0,7010.0,1039277.0,-1.4064697609001406,92201020,47388400,5831658710,1300918920,3738090710,4941450,2688642300,840492590,7272167050
2017-10-24,7010.0,7330.0,6930.0,7310.0,1785514.0,4.279600570613409,698627380,115406010,7009357180,5025410080,3457343140,21810000,7649088580,1720558930,12848800650
2017-10-25,7430.0,7730.0,7340.0,7580.0,3433360.0,3.6935704514363885,3894625540,28055960,14248522250,7811573970,1773440910,14263180,17396864260,6798209370,25982777720
2017-10-26,7560.0,7610.0,7430.0,7490.0,986916.0,-1.1873350923482848,1571064090,2260400,4673759850,1155982590,802338110,8379820,4283261440,2309087560,7403066930
2017-10-27,7460.0,7650.0,7460.0,7510.0,784421.0,0.26702269692923897,1693147020,0,3012876550,1206155070,864657170,15120,3280656450,1766849900,5912178640
2017-10-30,7500.0,7510.0,7290.0,7320.0,947960.0,-2.5299600532623168,434790960,14700000,4701096800,1798017030,2381334490,0,3003425880,1563844420,6948604790
2017-10-31,7300.0,7370.0,7250.0,7350.0,737020.0,0.4098360655737705,360850060,0,2688371990,2342042110,2449608140,7330000,1708799330,1225526690,5391264160
2017-11-01,7270.0,7440.0,7270.0,7340.0,939892.0,-0.13605442176870747,1489145140,51972520,3634136450,1717445750,2640034390,915620,2283166590,1968583260,6892699860
2017-11-02,7210.0,7210.0,6710.0,6840.0,7026872.0,-6.811989100817439,4287011980,124732200,40098447210,3851979410,9830623570,117021130,19220576910,19193949190,48362170800
2017-11-03,6910.0,6960.0,6810.0,6840.0,2317699.0,0.0,2777403500,0,9552109620,3648232780,850735570,44849780,8172781540,6909379010,15977745900
2017-11-06,6800.0,6830.0,6710.0,6810.0,1940723.0,-0.43859649122807015,2597497920,0,7764682390,2788688250,1475378770,17598850,4562558490,7095332450,13150868560
2017-11-07,6740.0,6740.0,6500.0,6500.0,26215099.0,-4.552129221732746,8111240350,692309550,34130114990,125346547640,928648240,115916936870,7913115170,43521512250,168280212530
2017-11-08,6450.0,6500.0,6340.0,6400.0,16518883.0,-1.5384615384615385,7980338680,984482410,27066374780,66894786190,2018257640,55900820540,8334743040,36672160840,102925982060
2017-11-09,6450.0,6800.0,6430.0,6670.0,12015690.0,4.21875,14408998170,806288370,48542099090,16177487000,3823062620,45317960,24505445900,51561046150,79934872630
2017-11-10,6590.0,6900.0,6540.0,6750.0,9285408.0,1.199400299850075,14210620650,495429010,38073853220,10173269190,1633599560,299419420,21054696700,39965456390,62953172070
2017-11-13,6900.0,6910.0,6280.0,6350.0,7286856.0,-5.9259259259259265,5400057260,244804400,37194519830,5054231160,3112061470,201525700,27943778400,16636247080,47893612650
2017-11-14,6400.0,6500.0,6050.0,6290.0,6454109.0,-0.9448818897637795,4144367120,55311200,31461246210,4673988280,3957326100,718245170,28034125160,7625216380,40334912810
2017-11-15,6320.0,6330.0,6100.0,6140.0,3727691.0,-2.384737678855326,4365717620,28491250,15422641470,3183571120,2260682540,350320320,14997706870,5391711730,23000421460
2017-11-16,6180.0,6250.0,6110.0,6200.0,2262652.0,0.9771986970684038,3402547100,43225000,9264654600,1276315050,1154505820,40085470,8381564640,4410585820,13986741750
2017-11-17,6240.0,6350.0,6160.0,6190.0,2909142.0,-0.16129032258064516,3536991600,41294000,11498461280,3146976560,2039405020,21490910,10384272420,5778555090,18223723440
2017-11-20,6230.0,6290.0,6130.0,6150.0,2281263.0,-0.6462035541195477,1569300700,18087000,10339628780,2195264200,1202381870,72591420,7878961080,4968346310,14122280680
2017-11-21,6170.0,6170.0,5730.0,5790.0,7143712.0,-5.853658536585367,3772962500,206377500,33460624570,4518737150,10655698390,163823030,22714770410,8424409890,41958701720
2017-11-22,5740.0,5890.0,5670.0,5790.0,3626161.0,0.0,1657929020,12399270,12513271350,6743945070,3331674340,2870400,11167882180,6425117790,20927544710
2017-11-23,5830.0,5860.0,5700.0,5700.0,2408404.0,-1.5544041450777202,409624950,24879000,10864234120,2588529150,2872581720,42925000,6562089090,4409671410,13887267220
2017-11-24,5710.0,5870.0,5680.0,5720.0,3119834.0,0.3508771929824561,359750250,0,13463133640,4130242120,2782988110,57100000,10212665340,4900372560,17953126010
2017-11-27,5740.0,5770.0,5660.0,5720.0,2145945.0,0.0,1291450170,30514180,6650564790,4284555400,2953558790,22880000,4771582270,4509063480,12257084540
2017-11-28,5700.0,5810.0,5680.0,5690.0,2237453.0,-0.5244755244755245,1502197640,288070000,8757494890,2285670830,3068084250,0,6020795870,3744553240,12833433360
2017-11-29,5710.0,5760.0,5650.0,5660.0,1677405.0,-0.5272407732864675,1120049610,566000,6809709560,1619402850,2047605110,12899250,3657033010,3832190650,9549728020
2017-11-30,5700.0,5710.0,5570.0,5610.0,2291369.0,-0.88339222614841,895973880,12339000,7535035150,4419915500,2212158670,0,5746154310,4904950550,12863263530
2017-12-01,5620.0,5640.0,5510.0,5520.0,2045307.0,-1.6042780748663104,877413160,6627000,7820304250,2639209850,3496565830,2759470,5133495620,2710733340,11343554260
2017-12-04,5550.0,5690.0,5550.0,5570.0,2527205.0,0.9057971014492754,1690795140,55650000,7113926050,5278144980,3011191890,0,6187380890,4939943390,14138516170
2017-12-05,5580.0,5790.0,5580.0,5780.0,2614354.0,3.7701974865350087,1688861590,93198100,10402821960,2746212290,2213246780,20395820,8646139250,4051312090,14931093940
2017-12-06,5770.0,5890.0,5680.0,5720.0,2919717.0,-1.0380622837370241,2906603680,73474600,9801840340,4164548930,1346446420,0,10791657350,4808363780,16946467550
2017-12-07,5740.0,5740.0,5430.0,5470.0,3151425.0,-4.370629370629371,1729977960,568373680,13693967800,1454387240,2878706880,571960850,10370320790,3625718160,17446706680
2017-12-08,5470.0,5630.0,5470.0,5530.0,1829256.0,1.0968921389396709,3643203920,0,4424324930,2118782210,980188660,0,7429504460,1776617940,10186311060
2017-12-11,5510.0,5600.0,5360.0,5430.0,2315644.0,-1.8083182640144666,2160329180,181006000,8179095350,2057810990,3101189390,44321430,4538302220,4894428480,12578241520
2017-12-12,5420.0,5660.0,5370.0,5620.0,1686748.0,3.4990791896869244,1573161780,0,4205257180,3573194020,336417420,0,6649898050,2365297510,9351612980
2017-12-13,5670.0,5930.0,5630.0,5790.0,3699423.0,3.0249110320284696,6310049060,149265430,11174389630,3890152870,1917516990,307884790,13497511740,5800943470,21523856990
2017-12-14,5850.0,5880.0,5530.0,5530.0,2871682.0,-4.490500863557859,5831699010,16648500,7142969330,3492037830,4824233530,195050,6646472990,5012453100,16483354670
2017-12-15,5670.0,5950.0,5670.0,5940.0,3307940.0,7.414104882459313,5053884230,15514900,7425965860,6913629900,622397990,0,14817332780,3969264120,19408994890
2017-12-18,5940.0,5980.0,5760.0,5800.0,2124664.0,-2.356902356902357,1843206270,44808000,7897131180,2589713130,2310109750,5972280,6729167150,3329609400,12374858580
2017-12-19,5800.0,5930.0,5790.0,5820.0,1519859.0,0.3448275862068966,2650100820,0,4492846130,1717546100,452778770,17508980,4590255220,3799950080,8860493050
2017-12-20,5810.0,5810.0,5710.0,5750.0,1084001.0,-1.202749140893471,2330783730,0,2530050260,1391442520,71705570,17419760,3975119120,2188032060,6252276510
2017-12-21,5790.0,5830.0,5690.0,5790.0,1147606.0,0.6956521739130435,2819840070,17200000,2274357060,1518147740,268291170,0,5248843350,1112410350,6629544870
2017-12-22,5810.0,5850.0,5730.0,5740.0,1022871.0,-0.8635578583765112,1921983090,8954260,3509289440,468600170,305571430,0,3919882460,1683373070,5908826960
2017-12-26,5810.0,5940.0,5800.0,5860.0,1466221.0,2.0905923344947737,3262971170,4067830,4059294870,1282385770,459107110,233644880,7028446340,887521310,8608719640
2017-12-27,5880.0,5920.0,5710.0,5850.0,1475195.0,-0.17064846416382254,1638234060,8177070,4821019190,2091379970,1239840040,0,3914936820,3404033430,8558810290
2017-12-28,5860.0,6050.0,5840.0,5920.0,1575691.0,1.1965811965811968,2387474500,339390,4045623010,2940183570,2127632180,0,5391739670,1854248620,9373620470
2018-01-02,5840.0,5950.0,5830.0,5890.0,837530.0,-0.5067567567567568,309261850,0,2931234540,1687341060,517140180,0,3519273500,891423770,4927837450
2018-01-03,5910.0,6030.0,5890.0,5950.0,1797670.0,1.0186757215619695,1580460480,0,5887435160,3270473530,2098620490,0,6631814160,2007934520,10738369170
2018-01-04,6040.0,6200.0,5980.0,6150.0,2916714.0,3.361344537815126,2555586850,56421460,11504087320,3728311080,4387464900,23497400,12686493720,746950690,17844406710
2018-01-05,6190.0,6220.0,6050.0,6140.0,1883209.0,-0.16260162601626016,974236380,494754700,9169318770,884980940,1185001870,12755250,5357797000,4967736670,11523290790
2018-01-08,6140.0,6260.0,6060.0,6130.0,1955425.0,-0.16286644951140067,378104190,365136000,9396000700,1921241630,1114674940,22914000,9684971750,1237921830,12060482520
2018-01-09,6130.0,6170.0,6000.0,6040.0,1887226.0,-1.468189233278956,948445960,6020,7347245850,3149739240,1598773580,18210000,4821493640,5006959850,11445437070
2018-01-10,6030.0,6230.0,6010.0,6080.0,2837827.0,0.6622516556291391,1896940260,2987010,11780066800,3736884520,1469715350,99037490,9119009060,6729116690,17416878590
2018-01-11,6120.0,6150.0,5900.0,5900.0,23827071.0,-2.9605263157894735,915526500,43207590,16707645850,119607067215,116666949485,45982850,3999019100,16561495720,137273447155
2018-01-12,5900.0,6000.0,5810.0,5870.0,3199318.0,-0.5084745762711864,1225988490,18414840,12038638400,5600837820,1624825920,1171000,9088538320,8169344310,18883879550
2018-01-15,5860.0,5870.0,5730.0,5850.0,2250536.0,-0.34071550255536626,1370978030,35482530,7475161210,4204935040,3960122450,0,5245131060,3881303300,13086556810
2018-01-16,5820.0,5830.0,5720.0,5760.0,1412316.0,-1.5384615384615385,342040310,11646060,6214884060,1567917470,1680042870,574000,3731617350,2724253680,8136487900
2018-01-17,5810.0,5840.0,5710.0,5820.0,2268412.0,1.0416666666666665,622983340,114266190,8214644900,4158103680,612008950,102790620,3638611140,8756587400,13109998110
2018-01-18,5820.0,5880.0,5700.0,5730.0,2020250.0,-1.5463917525773196,730554700,13313310,9411804430,1506893360,3011835010,86813000,3942843880,4621073910,11662565800
2018-01-19,5760.0,6020.0,5740.0,5960.0,4679922.0,4.013961605584642,3783547020,20695730,17608047800,6288301100,453302600,59530000,14656543940,12531215110,27700591650
2018-01-22,5930.0,5970.0,5760.0,5900.0,2588411.0,-1.006711409395973,2169043750,108152130,8573652200,4416702210,453036910,23152400,10835373740,3955987240,15267550290
2018-01-23,5940.0,6040.0,5900.0,6010.0,3097667.0,1.864406779661017,2049961470,7399900,9511518200,6958733280,302703640,7286400,7601115120,10616507690,18527612850
2018-01-24,6050.0,6060.0,5880.0,5900.0,1873962.0,-1.8302828618968388,887592260,1185900,8463379310,1784326050,1942076650,30150000,6170673550,2993583320,11136483520
2018-01-25,5950.0,6090.0,5920.0,6070.0,3853132.0,2.8813559322033897,1780286530,1591329750,13855511180,5994259040,752165060,586450,11638685790,10829949200,23221386500
2018-01-26,6080.0,6170.0,5980.0,6070.0,4676623.0,0.0,5424833840,4925283820,11352154330,6662897160,2804734110,0,12012294040,13548141000,28365169150
2018-01-29,6120.0,6290.0,6090.0,6180.0,5640428.0,1.8121911037891267,4644751190,4602184890,13715794890,12035525110,4628576930,293814770,15610835950,14465028430,34998256080
2018-01-30,6180.0,6280.0,6120.0,6140.0,2814616.0,-0.6472491909385114,2182401900,2651961510,8568959210,4023664790,1041826580,61800000,7572318540,8751042290,17426987410
2018-01-31,6210.0,6260.0,6040.0,6200.0,4121329.0,0.9771986970684038,1549069120,2087475850,15207980500,6620836710,3359468800,11799000,11780816650,10313277730,25465362180
2018-02-01,6230.0,6230.0,6000.0,6090.0,3782960.0,-1.7741935483870968,3930521240,5271220,13078374080,6077684860,713683600,392647720,13746553640,8238966440,23091851400
2018-02-02,6070.0,6160.0,6050.0,6140.0,2462207.0,0.8210180623973727,4492426630,470913760,6280915550,3825804510,618443160,83928700,8571845360,5795843230,15070060450
2018-02-05,6080.0,6110.0,5970.0,6020.0,3109158.0,-1.9543973941368076,3250965380,61754570,11780977310,3720637090,745802590,0,10112933780,7955597980,18814334350
2018-02-06,5700.0,5820.0,5630.0,5750.0,4198424.0,-4.485049833887043,3194674530,165054990,16174572430,4410358580,1809283730,46228970,13793843920,8295303910,23944660530
2018-02-07,5810.0,5920.0,5650.0,5680.0,4207156.0,-1.2173913043478262,4092465220,1544374240,13274744600,5387730360,7625433240,5619880,12018561700,4649699600,24299314420
2018-02-08,5500.0,5510.0,5130.0,5180.0,11719649.0,-8.80281690140845,6545918500,153844250,49199510270,5933827250,5595925720,72496610,30159644790,26005033150,61833100270
2018-02-09,5060.0,5130.0,5030.0,5060.0,4311287.0,-2.3166023166023164,1941846260,326457460,16215955910,3399329860,1127725100,478322800,10757759210,9519782380,21883589490
2018-02-12,4800.0,4915.0,4790.0,4900.0,6396260.0,-3.1620553359683794,2549480055,111779570,24696258685,3606750220,4549806080,180114230,19783249545,6451098675,30964268530
2018-02-13,4950.0,4970.0,4875.0,4925.0,4025221.0,0.5102040816326531,1501016235,173790430,12753256390,5382294435,2149068000,9242420,8945893970,8706153100,19810357490
2018-02-14,4945.0,4945.0,4895.0,4900.0,1934620.0,-0.5076142131979695,902304630,2428470,5847155480,2749609910,422127170,0,4807045645,4272325675,9501498490
2018-02-19,4940.0,5210.0,4935.0,5190.0,3682367.0,5.918367346938775,1376253990,217815590,12053826160,5277310890,1171489780,44820910,11372903540,6335992400,18925206630
2018-02-20,5220.0,5220.0,5100.0,5160.0,1822507.0,-0.5780346820809248,1921855000,1039180,5647782430,1824828570,323693600,51600000,4995035850,4025175730,9395505180
2018-02-21,5170.0,5260.0,5120.0,5220.0,2018598.0,1.1627906976744187,4446642790,39420070,4145780970,1878773090,616404110,138075500,4708667520,5047469790,10510616920
2018-02-22,5200.0,5330.0,5170.0,5260.0,2337722.0,0.7662835249042145,4393804450,156267300,4992209850,2781081160,272430540,5260000,6069982950,5975689270,12323362760
2018-02-23,5290.0,5440.0,5280.0,5430.0,2589635.0,3.2319391634980987,4193219940,578880,5023748290,4683991650,124875770,17514070,7931110450,5828038470,13901538760
2018-02-26,5470.0,5470.0,5340.0,5420.0,1773294.0,-0.1841620626151013,4445740010,10778400,2565612610,2567823970,162434730,168330000,4721168760,4538021500,9589954990
2018-02-27,5460.0,5460.0,5210.0,5340.0,1849551.0,-1.4760147601476015,1668564910,257135000,5654786040,2270192900,404514900,37430000,5473374930,3935359020,9850678850
2018-02-28,5320.0,5320.0,5170.0,5220.0,3294530.0,-2.247191011235955,1002810210,100536000,5111333070,10974161530,1509591990,198406000,4558325040,10922517780,17188840810
2018-03-02,5150.0,5200.0,5020.0,5070.0,2143959.0,-2.8735632183908044,773727130,1012000,6484240470,3648859270,1193105910,0,4321462380,5393270580,10907838870
2018-03-05,5050.0,5120.0,5040.0,5080.0,1294948.0,0.19723865877712032,1646494530,6162310,2979290870,1948053720,462470160,13828980,4290976460,1812725830,6580001430
2018-03-06,5120.0,5520.0,5110.0,5470.0,4692440.0,7.677165354330709,12453849480,59186770,8059015510,4742857490,1913222550,543000,16941599560,6459544140,25314909250
2018-03-07,5480.0,5500.0,5310.0,5330.0,1833057.0,-2.5594149908592323,2168975100,21578330,5562835870,2107812490,891072600,0,3936058050,5034071140,9861201790
2018-03-08,5310.0,5480.0,5270.0,5420.0,2512542.0,1.6885553470919326,7592384350,0,3893004480,2069590470,2286501670,0,5962224780,5306252850,13554979300
2018-03-09,5430.0,5770.0,5390.0,5700.0,3881470.0,5.166051660516605,7416738510,68348650,8318028740,6190796110,648284040,147990000,17326808390,3870829580,21993912010
2018-03-12,5740.0,5980.0,5700.0,5940.0,3408070.0,4.2105263157894735,6991487630,130061780,7196033350,5761097310,1600720920,20507330,14885477060,3571974760,20078680070
2018-03-13,5920.0,5930.0,5660.0,5720.0,2612404.0,-3.7037037037037033,2981440530,2136930,7584955810,4443980770,3164753830,93914850,5899025090,5854820270,15012514040
2018-03-14,5660.0,5690.0,5510.0,5580.0,1783876.0,-2.4475524475524475,1728235690,21001160,5903634540,2268886250,1162042820,108264740,4530471180,4120978900,9921757640
2018-03-15,5590.0,5690.0,5540.0,5610.0,1155599.0,0.5376344086021506,1440451820,99470340,3099616120,1849645850,1412412610,0,3425849410,1650922110,6489184130
2018-03-16,5670.0,5690.0,5570.0,5630.0,1119298.0,0.35650623885918004,1293357020,5600,2343381090,2653212930,803563470,0,2495909990,2990483180,6289956640
2018-03-19,5610.0,5640.0,5460.0,5490.0,1834593.0,-2.4866785079928952,1333084630,876100,5209749070,3576768950,3009160770,0,2401579220,4709738760,10120478750
2018-03-20,5420.0,5520.0,5320.0,5510.0,2273225.0,0.36429872495446264,1902613950,2408700,6732774010,3621941050,3932181860,0,3392389060,4935166790,12259737710
2018-03-21,5450.0,5520.0,5350.0,5390.0,1548219.0,-2.1778584392014517,809331740,350800,3783338570,3759663260,1677518170,52816310,2679033450,3943316440,8352684370
2018-03-22,5380.0,5510.0,5380.0,5380.0,1219819.0,-0.1855287569573284,753223450,3807900,3104681730,2764910290,318638370,9232500,3551620360,2747132140,6626623370
2018-03-23,5240.0,5360.0,5150.0,5170.0,1631017.0,-3.903345724907063,712782990,12204460,6072674900,1741040670,1249447260,0,6123372080,1165883680,8538703020
2018-03-26,5200.0,5260.0,5070.0,5200.0,2044019.0,0.5802707930367506,247008830,0,6620715670,3666899750,3897781480,14448980,3385583820,3236809970,10534624250
2018-03-27,5290.0,5310.0,5190.0,5240.0,1096637.0,0.7692307692307693,797727590,0,3231516180,1730959780,836606260,1604300,3124663920,1797329070,5760203550
2018-03-28,5150.0,5410.0,5150.0,5250.0,1328612.0,0.19083969465648853,1682342310,1590000,3206749620,2172403370,383947550,32108240,4557581980,2089447530,7063085300
2018-03-29,5260.0,5290.0,5120.0,5210.0,1605698.0,-0.7619047619047619,662739750,13141300,5423464740,2193088090,3597358730,0,2134064850,2561010300,8292433880
2018-03-30,5220.0,5320.0,5200.0,5270.0,827716.0,1.1516314779270633,2006301330,0,1508630200,852372180,558443280,0,2816711360,992149070,4367303710
2018-04-02,5370.0,5380.0,5190.0,5220.0,1155068.0,-0.9487666034155597,1362065520,0,4122051980,608458510,698702950,531000,3447582390,1945759670,6092576010
2018-04-03,5170.0,5300.0,5120.0,5270.0,870694.0,0.9578544061302682,880251610,0,2519377270,1160266280,1210164280,3905190,1912002390,1433823300,4559895160
2018-04-04,5280.0,5280.0,5140.0,5170.0,1269251.0,-1.8975332068311195,1016523940,95044230,4179972600,1319694720,736353270,52342040,3012672590,2809867590,6611235490
2018-04-05,5200.0,5260.0,5190.0,5210.0,1007509.0,0.7736943907156674,1458174240,104200000,1802590490,1898008770,1295121910,4906360,2024847640,1938097590,5262973500
2018-04-06,5220.0,5350.0,5180.0,5320.0,1290105.0,2.111324376199616,2715585560,53200000,2519691250,1545182230,401565960,25641190,4743779390,1662672500,6833659040
2018-04-09,5470.0,5670.0,5430.0,5580.0,4703256.0,4.887218045112782,11141527960,22325350,11322077640,3732968680,3613470710,43144850,16308784200,6253499870,26218899630
2018-04-10,5540.0,5620.0,5460.0,5510.0,1366020.0,-1.2544802867383513,3193922140,35298680,3346301300,996011410,722016720,77280,4440001340,2409438190,7571533530
2018-04-11,5510.0,5570.0,5440.0,5490.0,1069489.0,-0.3629764065335753,1440278290,23975650,2441718680,1974926100,1056059280,633650,2809931580,2014274210,5880898720
2018-04-12,5490.0,5630.0,5470.0,5560.0,1553738.0,1.2750455373406193,3226647170,74350770,4137592900,1222651940,1053316100,5050040,3530516680,4072359960,8661242780
2018-04-13,5560.0,5570.0,5480.0,5510.0,727733.0,-0.8992805755395683,721107210,219600,2304795870,983663870,840152260,0,1772255780,1397378510,4009786550
2018-04-16,5510.0,5610.0,5450.0,5570.0,906457.0,1.0889292196007259,2926921810,3193220,1619551680,478347660,340842900,0,2637069090,2050102380,5028014370
2018-04-17,5540.0,5720.0,5540.0,5680.0,1820893.0,1.9748653500897666,3646103290,157801630,5280320700,1227531550,816281380,24456350,6145435510,3325583930,10311757170
2018-04-18,5700.0,6020.0,5680.0,5990.0,4398386.0,5.457746478873239,7097751970,49788500,10920362520,7874567750,1482853660,102300000,21663431040,2693886040,25942470740
2018-04-19,6090.0,6340.0,6080.0,6320.0,7978654.0,5.509181969949917,18065786820,104102270,20879815860,10773315200,5696963150,2402795440,34531113600,7192147960,49823020150
2018-04-20,6370.0,6370.0,6100.0,6280.0,2994387.0,-0.6329113924050633,3857746750,2500000,10031555450,4795977900,2096388170,158128520,11254780970,5178482440,18687780100
2018-04-23,6520.0,6520.0,5990.0,6090.0,4751948.0,-3.0254777070063694,6252410870,34440040,19401717920,4025795000,5694469280,450727600,19740538470,3828628480,29714363830
2018-04-24,6150.0,6310.0,6020.0,6220.0,3073043.0,2.134646962233169,3109592550,11381030,10531500680,5402441490,1990665950,280861270,9259907350,7523481180,19054915750
2018-04-25,6200.0,6250.0,6010.0,6090.0,2127734.0,-2.090032154340836,3093479540,101135190,7741128190,2030314090,2962039920,24929670,5812159260,4166928160,12966057010
2018-04-26,6170.0,6200.0,5870.0,5940.0,3842524.0,-2.4630541871921183,3042502560,12685170,14676928060,5124690280,7703164670,112033130,10318142150,4723466120,22856806070
2018-04-27,6030.0,6180.0,5910.0,5950.0,3412371.0,0.16835016835016833,1450590300,329887730,11550700800,7192324540,7235048550,92472030,9976921580,3219061210,20523503370
2018-04-30,6100.0,6600.0,6060.0,6350.0,9798465.0,6.722689075630252,10810107950,455792130,40041031330,10473619710,7198729910,3011790420,44049223810,7520806980,61780551120
2018-05-02,6490.0,6640.0,6180.0,6430.0,9272007.0,1.2598425196850394,13451617810,557970470,33565577870,12143836940,12834200940,1608147720,33887576380,11389078050,59719003090
2018-05-03,6450.0,6560.0,6300.0,6390.0,2871082.0,-0.6220839813374806,2611976320,111232950,11987186460,3779212860,1933129180,619903500,11690222430,4246353480,18489608590
2018-05-04,6380.0,6630.0,6350.0,6610.0,6168356.0,3.4428794992175273,8608007090,193874790,25497794260,6009304700,3772475540,4181863100,26075946380,6278695820,40308980840
2018-05-08,6560.0,6640.0,6310.0,6330.0,4274532.0,-4.236006051437216,4927684550,444529540,16079446380,6237840160,8510323150,175760070,14670958050,4332459360,27689500630
2018-05-09,6340.0,6380.0,6100.0,6330.0,2365892.0,0.0,4846975670,16544020,6103544630,3870142870,3742129780,19494660,8996118130,2079464620,14837207190
2018-05-10,6440.0,6570.0,6380.0,6490.0,2927708.0,2.527646129541864,7032954210,88871300,8590036700,3308150310,1778240830,888925500,13656006970,2696839220,19020012520
2018-05-11,6550.0,6550.0,6380.0,6430.0,2008335.0,-0.9244992295839755,4516753180,163836220,6666162240,1613183990,3914972180,68562600,6570434520,2405966330,12959935630
2018-05-14,6530.0,6970.0,6500.0,6920.0,9223127.0,7.620528771384137,18666299800,674012640,31394675050,11969785560,2751771130,4745269580,50155666550,5052065790,62704773050
2018-05-15,6980.0,7100.0,6820.0,7010.0,5272597.0,1.300578034682081,7255767080,485486350,23869861340,5229484310,3817436680,1470453550,26261484440,5291224410,36840599080
2018-05-16,6660.0,6970.0,6600.0,6870.0,6464378.0,-1.9971469329529243,13367540340,92691360,22998025040,7592630410,5812963910,52963140,31997396250,6187563850,44050887150
2018-05-17,6900.0,7200.0,6800.0,6950.0,5121141.0,1.1644832605531297,8705790880,206314070,22588475430,4712466860,470414810,2025999500,28379716730,5336916200,36213047240
2018-05-18,6960.0,7090.0,6830.0,7080.0,2292875.0,1.870503597122302,2557776100,264685270,10084053950,3154388680,703063680,112135690,12432355600,2813349030,16060904000
2018-05-21,7080.0,7100.0,6720.0,6730.0,3923502.0,-4.943502824858757,1385790460,342791110,21029161620,4099117800,7450600820,112604480,12852435090,6441220600,26856860990
2018-05-23,6520.0,6750.0,6300.0,6660.0,4090799.0,-1.040118870728083,7552396910,195082000,13438943160,5746880040,6284666590,194436300,15816675750,4637523470,26933302110
2018-05-24,6730.0,6740.0,6470.0,6520.0,1990426.0,-2.1021021021021022,2356696340,316376760,6956736170,3488041800,1000527530,118624080,7079085920,4919613540,13117851070
2018-05-25,6050.0,6290.0,6000.0,6080.0,8480778.0,-6.748466257668712,7821706590,1038968220,26620677150,16596471400,22029060230,635644770,22488634090,6924484270,52077823360
2018-05-28,6530.0,7440.0,6510.0,6960.0,13248700.0,14.473684210526317,13059978280,2044451970,67914351870,9233219470,6516660280,1880465280,72794168500,11060707530,92252001590
2018-05-29,6900.0,6950.0,6510.0,6580.0,4024110.0,-5.459770114942529,1332823170,857386180,19211978670,5609011300,4011982170,428033520,18079509620,4491674010,27011199320
2018-05-30,6610.0,6680.0,6370.0,6490.0,6728186.0,-1.3677811550151975,26087475120,234389840,10424136970,5719453430,3983382590,217505600,8830908150,29433659020,42465455360
2018-05-31,6540.0,6580.0,6150.0,6450.0,5854691.0,-0.6163328197226503,3331083800,76158400,21691486310,12232628850,16723521470,32680440,12036196340,8538959110,37331357360
2018-06-01,6490.0,6530.0,6190.0,6230.0,3008193.0,-3.4108527131782944,3408729980,234461950,12238169700,3022104100,8141746730,85269980,7877120740,2799328280,18903465730
2018-06-04,6380.0,6400.0,6130.0,6180.0,2577132.0,-0.8025682182985553,2132520690,245716250,9575666610,4062623890,7863618950,44214000,6469692520,1639001970,16016527440
2018-06-05,6150.0,6550.0,6150.0,6530.0,3463619.0,5.6634304207119746,6793480200,357594950,9592343160,5424216550,3410436840,70980000,15145554080,3540663940,22167634860
2018-06-07,6540.0,6570.0,6380.0,6420.0,2179054.0,-1.6845329249617151,3835007810,286083220,7986097710,1997265340,1922157780,169371720,6048431620,5964492960,14104454080
2018-06-08,6480.0,6510.0,6320.0,6380.0,1196712.0,-0.6230529595015576,2427239280,192729630,3935570150,1099996830,1124561930,0,4605379210,1925594750,7655535890
2018-06-11,6390.0,6790.0,6380.0,6790.0,4214171.0,6.426332288401254,10669033410,125920640,10369315740,6832877830,3258931670,259854930,20173955210,4304405810,27997147620
2018-06-12,6840.0,6900.0,6600.0,6750.0,4908193.0,-0.5891016200294551,11403583450,509227370,16616470330,4623993190,1770021770,677787420,20825397770,9880067380,33153274340
2018-06-14,6570.0,6710.0,6430.0,6440.0,4014882.0,-4.592592592592593,9133320060,632133470,12799468050,3576955750,8259578460,284441740,10384723200,7213133930,26141877330
2018-06-15,6440.0,6590.0,6420.0,6450.0,2137856.0,0.15527950310559005,5322616380,12743630,5688066060,2838771250,1087358900,217320360,8071966670,4485551390,13862197320
2018-06-18,6450.0,6460.0,6120.0,6230.0,2501544.0,-3.4108527131782944,2751942040,68567380,10503711670,2259813440,4274812690,200370610,6694802240,4414048990,15584034530
2018-06-19,6190.0,6310.0,5990.0,6020.0,1941424.0,-3.3707865168539324,2576575100,322807680,5996021340,2948250190,3739046600,44744890,6237666740,1822196080,11843654310
2018-06-20,5970.0,6110.0,5940.0,6060.0,1893305.0,0.6644518272425249,1461103800,22979500,6450226370,3475769120,3904045680,200425860,5815066800,1490540450,11410078790
2018-06-21,6010.0,6110.0,5800.0,5830.0,3237838.0,-3.7953795379537953,3464662040,63427270,11060156280,4609017250,7968473530,219369650,9432871160,1576548500,19197262840
2018-06-22,5830.0,5930.0,5750.0,5850.0,1513631.0,0.34305317324185247,1451517430,19773200,4491310380,2866136360,3349246700,5800000,4024554620,1449136050,8828737370
2018-06-25,5850.0,6110.0,5760.0,5990.0,1724093.0,2.3931623931623935,5306885480,10183000,3304366310,1663449140,1886550350,29900000,4550437250,3817996330,10284883930
2018-06-26,5880.0,6030.0,5840.0,5870.0,2019288.0,-2.003338898163606,3809551780,900115200,4200997590,3003227870,2679775130,72861630,5137157540,4024098140,11913892440
2018-06-27,5840.0,5880.0,5620.0,5690.0,2690117.0,-3.0664395229982966,5472098370,0,6542681830,3329715550,5308881240,475459840,6779260060,2780894610,15344495750
2018-06-28,5630.0,5840.0,5630.0,5720.0,1225976.0,0.5272407732864675,3039433010,385920,1776584540,2246051510,2135049440,0,3313847880,1613557660,7062454980
2018-06-29,5800.0,5880.0,5670.0,5870.0,1409597.0,2.6223776223776225,2366661440,597956470,2721623850,2497764680,2322147140,72542570,3120731240,2668585490,8184006440
2018-07-02,5870.0,5870.0,5460.0,5510.0,2788902.0,-6.132879045996593,4013191070,390047160,9096123520,2071341170,6627913510,549206700,3976452670,4417130040,15570702920
2018-07-03,5510.0,5580.0,5300.0,5390.0,2347138.0,-2.1778584392014517,2135834490,536000,6351976960,4213691210,6510593740,0,4905313560,1286131360,12702038660
2018-07-04,5320.0,5500.0,5320.0,5470.0,1072523.0,1.4842300556586272,1768659450,0,1901160500,2164108370,1619998690,54500,2832930100,1380945030,5833928320
2018-07-05,5430.0,5490.0,5350.0,5450.0,902319.0,-0.3656307129798903,2071937570,3230000,1822253940,988560830,958518390,0,2102552680,1824911270,4885982340
2018-07-06,5450.0,5660.0,5450.0,5610.0,995128.0,2.9357798165137616,1520254950,100235700,1860112340,2084498930,581410760,0,3175132870,1808558290,5565101920
2018-07-09,5530.0,5570.0,5410.0,5490.0,978231.0,-2.13903743315508,2098714090,109400000,1785471660,1376273830,1857662760,10920000,2005146970,1496129850,5369859580
2018-07-10,5510.0,5660.0,5500.0,5510.0,761009.0,0.36429872495446264,821695060,4798260,2131941220,1250921130,1679362100,0,1455416030,1074577540,4209355670
2018-07-11,5470.0,5580.0,5420.0,5550.0,1077183.0,0.7259528130671506,2361335280,4478320,1665569120,1903819660,2717862060,110705560,2229409550,877225210,5935202380
2018-07-12,5590.0,5600.0,5480.0,5500.0,792564.0,-0.9009009009009009,2018710050,165548000,1453654520,751883730,1416857860,1072500,1606866520,1364999420,4389796300
2018-07-13,5560.0,5650.0,5540.0,5610.0,738691.0,2.0,2317138600,0,988715610,831163220,959451620,0,1834537340,1343028470,4137017430
2018-07-16,5610.0,5640.0,5490.0,5540.0,677351.0,-1.2477718360071302,585418300,5510,1990524110,1175392530,967535660,450460,1884916020,898438310,3751340450
2018-07-17,5550.0,5590.0,5400.0,5460.0,873873.0,-1.444043321299639,740235120,13667000,2768136980,1253653300,579863180,1011187120,1868772670,1315869430,4775692400
2018-07-18,5480.0,5510.0,5240.0,5260.0,1450353.0,-3.6630036630036633,104275190,525000,6074411280,1538964010,2636595690,0,3626570180,1455009610,7718175480
2018-07-19,5300.0,5420.0,5270.0,5290.0,1119396.0,0.5703422053231939,252903070,6709850,2174593790,3512552980,2526104090,53300000,2665721990,701633610,5946759690
2018-07-20,5340.0,5370.0,5250.0,5310.0,873999.0,0.3780718336483932,698493520,0,2000197210,1927596880,2040691230,5270000,1645847060,934479320,4626287610
2018-07-23,5250.0,5420.0,5250.0,5350.0,990747.0,0.7532956685499058,1649325300,0,1088247090,2573509920,1265556130,0,3322877360,722648820,5311082310
2018-07-24,5340.0,5620.0,5330.0,5560.0,2128595.0,3.925233644859813,5001955830,6695100,2524093870,4215264050,1964139300,113932000,6272737060,3397200490,11748008850
2018-07-25,5590.0,5780.0,5590.0,5680.0,1422757.0,2.158273381294964,1666813480,0,1861298190,4567445820,1320832990,10651150,4858230170,1905843180,8095557490
2018-07-26,5700.0,5740.0,5570.0,5570.0,735180.0,-1.936619718309859,831189690,7900510,2104926110,1191396210,938273080,1142000,1985705990,1210291450,4135412520
2018-07-27,5580.0,5610.0,5510.0,5540.0,593884.0,-0.5385996409335727,319190280,0,1874132610,1101385530,355503600,3885000,1137818710,1797501110,3294708420
2018-07-30,5540.0,5690.0,5540.0,5620.0,672211.0,1.444043321299639,802026190,0,1094734110,1888061130,718739800,0,2009791470,1056290160,3784821430
2018-07-31,5660.0,5720.0,5590.0,5680.0,779044.0,1.0676156583629894,781915970,0,1118665560,2516798600,289054550,3412940,2189447090,1935465550,4417380130
2018-08-01,5690.0,5770.0,5620.0,5670.0,862383.0,-0.17605633802816903,879695250,1702000,1813394480,2215509800,2053407070,2885000,1745260780,1108748680,4910301530
2018-08-02,5630.0,5790.0,5520.0,5530.0,1408727.0,-2.4691358024691357,1849171900,234976740,3597448190,2263606210,3009935720,0,2684773320,2250494000,7945203040
2018-08-03,5540.0,5720.0,5520.0,5700.0,1512250.0,3.074141048824593,1416943160,167180,2040808060,5076428240,1169750640,29120000,6164533460,1170942540,8534346640
2018-08-06,5700.0,5740.0,5410.0,5450.0,1873014.0,-4.385964912280701,1725247650,28610960,6824701630,1776659220,4394884360,409560,2868132510,3091793030,10355219460
2018-08-07,5450.0,5510.0,5420.0,5470.0,707481.0,0.3669724770642202,1139277450,527840,1467664230,1267422910,721036200,65375880,1934123110,1154357240,3874892430
2018-08-08,5420.0,5500.0,5370.0,5390.0,1355085.0,-1.4625228519195612,459292640,1744240,4996336960,1874300400,1755895390,2833740,5041000240,531944870,7331674240
2018-08-09,5390.0,5440.0,5370.0,5440.0,629217.0,0.927643784786642,744966040,0,1501147270,1159035400,920676740,107800000,1455488400,921183570,3405148710
2018-08-10,5490.0,5510.0,5440.0,5490.0,911946.0,0.9191176470588236,1547792880,5078500,2549957020,899077660,785431820,0,3364977720,851496520,5001906060
2018-08-13,5490.0,5530.0,5320.0,5340.0,1179507.0,-2.73224043715847,1176569480,1014600,4372685780,817865670,989246580,4142370,3537245430,1837501150,6368135530
2018-08-14,5350.0,5390.0,5290.0,5340.0,625807.0,0.0,557240420,0,2090363540,689126710,1069800860,15487080,1544473350,706969380,3336730670
2018-08-16,5410.0,5410.0,5260.0,5290.0,1128164.0,-0.9363295880149813,387957630,211600,2607464160,3017841580,1571218520,622989880,2026566120,1792700450,6013474970
2018-08-17,5330.0,5340.0,5250.0,5310.0,761634.0,0.3780718336483932,111827240,115880,2831688980,1086282930,1617138220,0,1739573650,673203160,4029915030
2018-08-20,5350.0,5390.0,5310.0,5350.0,707963.0,0.7532956685499058,251202270,0,1379724360,2148085100,1551656910,33255400,1721067570,473031850,3779011730
2018-08-21,5360.0,5370.0,5280.0,5320.0,738137.0,-0.5607476635514018,361842370,319398040,2675100770,564129370,1771049070,0,1246828200,902593280,3920470550
2018-08-22,5320.0,5330.0,5250.0,5280.0,1088662.0,-0.7518796992481203,989864960,326340,3849766150,903731110,3480855060,115720,1525444240,737273540,5743688560
2018-08-23,5310.0,5370.0,5260.0,5300.0,1113794.0,0.3787878787878788,456558940,52600,4456157320,990873570,3024141650,0,2109092890,770407890,5903642430
2018-08-24,5340.0,5370.0,5300.0,5360.0,862402.0,1.1320754716981132,386702770,106400,3127437100,1089730520,1524691110,0,2555506880,523778800,4603976790
2018-08-27,5360.0,5380.0,5140.0,5190.0,2533653.0,-3.171641791044776,335142920,5200,10563165570,2332806290,4528913510,0,4613774850,4088431620,13231119980
2018-08-28,5230.0,5290.0,5200.0,5240.0,1491498.0,0.9633911368015413,656037080,57310,3219780630,3943660140,3172693250,13120960,2988772780,1644948170,7819535160
2018-08-29,5250.0,5270.0,5200.0,5230.0,599326.0,-0.19083969465648853,555150730,21070040,1561766070,1002600990,731870540,115280,1577845850,830756160,3140587830
2018-08-30,5240.0,5270.0,5190.0,5200.0,794579.0,-0.5736137667304015,481384900,20900000,2488412160,1157150770,2605939330,0,982914260,558994240,4147847830
2018-08-31,5220.0,5250.0,5160.0,5240.0,815499.0,0.7692307692307693,393543830,10380000,1996675180,1845413740,944237490,466200,1904888370,1396420690,4246012750
2018-09-03,5240.0,5340.0,5220.0,5240.0,1288283.0,0.0,1501702480,0,3716637750,1562148590,2924718850,0,3024784760,830985210,6780488820
2018-09-04,5270.0,5310.0,5210.0,5270.0,1015021.0,0.5725190839694656,1597179350,1106100,2580324040,1149614680,1259337880,0,3539853940,529032350,5328224170
2018-09-05,5270.0,5290.0,5170.0,5200.0,1202414.0,-1.3282732447817838,399138430,1253600,4771833690,1110529810,1623433330,2620230,3613298830,1043403140,6282755530
2018-09-06,5210.0,5330.0,5190.0,5210.0,1638973.0,0.19230769230769232,1070537610,260000,5336912070,2190782720,3049782950,3690000,4007549950,1537469500,8598492400
2018-09-07,5240.0,5260.0,5170.0,5200.0,1674056.0,-0.19193857965451055,814118570,68368580,6266574080,1561166210,4367896840,212170,2411797520,1930320910,8710227440
2018-09-10,5200.0,5600.0,5200.0,5590.0,4435077.0,7.5,5679995980,31907000,9445575190,9006910750,1433133830,356796000,20964697110,1409761980,24164388920
2018-09-11,5620.0,5720.0,5540.0,5610.0,2409816.0,0.35778175313059035,4648362700,13864180,7231733340,1678191590,1366482860,2803000,9373155360,2829710590,13572151810
2018-09-12,5670.0,5690.0,5530.0,5640.0,1519678.0,0.53475935828877,2879693220,1400010,4324047400,1321660320,1118464670,3943000,5160434460,2243958820,8526800950
2018-09-13,5630.0,5630.0,5540.0,5600.0,1023443.0,-0.7092198581560284,2644458050,0,2345887850,732044440,1450440580,13889780,2909331590,1348728390,5722390340
2018-09-14,5620.0,5700.0,5610.0,5690.0,1350167.0,1.607142857142857,3533511690,11220000,2533011910,1562073480,1424407150,4550000,5316241580,894618350,7639817080
2018-09-17,5740.0,5770.0,5620.0,5650.0,832807.0,-0.7029876977152899,732652560,0,2995493170,994507260,1202635700,0,2560261590,959755700,4722652990
2018-09-18,5640.0,5730.0,5580.0,5710.0,1243718.0,1.0619469026548671,3312934390,0,2502692780,1254352998,540034160,0,4974353620,1555592388,7069980168
2018-09-19,5720.0,5750.0,5530.0,5590.0,852252.0,-2.1015761821366024,928323850,0,2940508730,938990970,762603410,1628060,3013360650,1030231430,4807823550
2018-09-20,5640.0,5760.0,5490.0,5750.0,1601746.0,2.862254025044723,4155632370,0,3877452670,1045835500,1074760240,19062000,6174426840,1810671460,9078920540
2018-09-21,5790.0,6120.0,5730.0,6070.0,3549469.0,5.565217391304348,8754929430,73605800,10195442930,2100491240,1093732810,84714500,14980118390,4965903700,21124469400
2018-09-27,6050.0,6220.0,6020.0,6070.0,2170385.0,0.0,4649511360,55130750,4815111960,3802687180,1477790070,958280620,7158186760,3728183800,13322441250
2018-09-28,6110.0,6140.0,5850.0,5920.0,1846005.0,-2.471169686985173,2230790140,29531240,6278041480,2433519370,2561369890,8782690,4336214560,4065515090,10971882230
2018-10-01,5940.0,6040.0,5880.0,6010.0,970101.0,1.5202702702702704,2471532340,28866340,2068979450,1234165230,1195539460,0,3354992730,1253011170,5803543360
2018-10-02,5970.0,6210.0,5970.0,6130.0,1624727.0,1.9966722129783694,4918108950,60670000,3120649080,1864674550,553259970,639920,6180453410,3229749280,9964102580
2018-10-04,6200.0,6250.0,5990.0,6040.0,1350868.0,-1.468189233278956,2485706420,4872240,4004943170,1764875870,823176060,49925600,4446107200,2941188840,8260397700
2018-10-05,6000.0,6020.0,5800.0,5840.0,1632045.0,-3.3112582781456954,1257072880,45435560,5884496450,2405289400,3137000540,0,4545077530,1910216220,9592294290
2018-10-08,5840.0,5920.0,5670.0,5780.0,1608355.0,-1.0273972602739725,1469697930,636300,5201631670,2581465370,2504947710,0,4031526670,2716956890,9253431270
2018-10-10,5710.0,5750.0,5460.0,5530.0,2098033.0,-4.325259515570934,2932143950,27400000,6346486570,2346991220,4722890970,6770600,4322953020,2600407150,11653021740
2018-10-11,5320.0,5450.0,5210.0,5210.0,2375429.0,-5.786618444846293,2768649790,46087210,7259245250,2566392830,4791159020,0,6102524390,1746691670,12640375080
2018-10-12,5180.0,5370.0,5180.0,5250.0,1665123.0,0.7677543186180422,364413360,956250,5634154300,2731539490,3603934940,2615000,3166645670,1957867790,8731063400
2018-10-15,5250.0,5350.0,5160.0,5170.0,1134597.0,-1.5238095238095237,321418900,220643770,4530456310,838395410,2347382240,103200,1976373790,1587055160,5910914390
2018-10-16,5170.0,5260.0,5160.0,5180.0,856829.0,0.19342359767891684,334656640,0,2654495360,1469711590,1634316710,0,1330293550,1494253330,4458863590
2018-10-17,5300.0,5300.0,5190.0,5220.0,979870.0,0.7722007722007722,955785400,32248220,3154456180,990228270,2081994550,57200,1506911200,1543755120,5132718070
2018-10-18,5200.0,5250.0,5080.0,5150.0,1169498.0,-1.3409961685823755,1076957470,118478100,3833082820,997862540,634053080,102000,4076294320,1315931530,6026380930
2018-10-19,5120.0,5220.0,5100.0,5190.0,652049.0,0.7766990291262136,1081706660,12805130,1625165340,648223490,494256310,39109500,1632556880,1201977930,3367900620
2018-10-22,5190.0,5190.0,5080.0,5100.0,994700.0,-1.7341040462427744,865094600,949990,3773541170,439134560,2660034070,0,1520843170,897843080,5078720320
2018-10-23,5120.0,5180.0,5020.0,5050.0,1044510.0,-0.9803921568627451,1708606330,526240,2931695800,662447250,1523433030,0,3005591000,774251590,5303275620
2018-10-24,5110.0,5120.0,5020.0,5070.0,1031693.0,0.39603960396039606,2763756830,0,1386062540,1082160060,674708420,101000000,2794167080,1662103930,5231979430
2018-10-25,5000.0,5050.0,4900.0,4965.0,1277790.0,-2.0710059171597637,926827715,47893775,4194282445,1164998890,1452164225,87461700,2722488845,2071888055,6334002825
2018-10-26,5010.0,5010.0,4540.0,4605.0,3434976.0,-7.250755287009064,1651103120,282450,11731542665,2698476640,8052508955,5692045,5688543455,2334660420,16081404875
2018-10-29,4505.0,4710.0,4305.0,4355.0,3221589.0,-5.428881650380022,1581008030,1489900,7624672055,5299992055,4988264480,87400,8134952245,1383857915,14507162040
2018-10-30,4300.0,4630.0,4300.0,4600.0,2238419.0,5.625717566016074,2283836960,1370300,5539792020,2132327430,2241352845,900000,4610090140,3104983725,9957326710
2018-10-31,4640.0,4640.0,4495.0,4525.0,2102001.0,-1.6304347826086956,1350484565,841650,4832029870,3376962155,2486498430,764430,3650967940,3422087440,9560318240
2018-11-01,4540.0,4745.0,4530.0,4580.0,1731942.0,1.2154696132596685,2562722275,0,3604693025,1889131730,812985575,551655,4847946665,2395063135,8056547030
2018-11-02,4655.0,4815.0,4640.0,4790.0,1057123.0,4.585152838427948,711510625,0,3135871560,1189823620,1418814575,23825000,2752025225,842541005,5037205805
2018-11-05,4810.0,4810.0,4675.0,4725.0,1000129.0,-1.3569937369519833,773248495,219751985,2851923565,870873845,1598489140,878850,1689933665,1426496235,4715797890
2018-11-06,4755.0,4820.0,4705.0,4735.0,684659.0,0.21164021164021166,313001495,18920000,1655425485,1262710265,678931680,0,1621431670,949693895,3250057245
2018-11-07,4795.0,4880.0,4610.0,4720.0,1080308.0,-0.31678986272439286,890358430,18590000,2185143870,2068234580,1165551790,26328330,2798556675,1171890085,5162326880
2018-11-08,4800.0,4865.0,4735.0,4785.0,1115282.0,1.3771186440677965,909796265,0,2852801325,1578443125,2551425870,0,2549246130,240368715,5341040715
2018-11-09,4780.0,4780.0,4685.0,4710.0,906229.0,-1.5673981191222568,313382845,11775000,2579755050,1373553405,1312348290,942000,1892818590,1072357420,4278466300
2018-11-12,4690.0,4770.0,4690.0,4765.0,410489.0,1.167728237791932,403143125,0,528650575,1017470320,439272075,0,1142069275,367922670,1949264020
2018-11-13,4705.0,4780.0,4610.0,4760.0,788068.0,-0.1049317943336831,1035613770,0,1238612980,1435387825,185657395,0,2105814305,1418142875,3709614575
2018-11-14,4780.0,4800.0,4650.0,4695.0,851515.0,-1.365546218487395,737857140,0,2317352435,938938515,1481864555,515350,1361076020,1150692165,3994148090
2018-11-15,4685.0,4800.0,4685.0,4790.0,854418.0,2.023429179978701,1094168660,0,1133358430,1841053715,170513065,0,3617347540,280720200,4068580805
2018-11-16,4800.0,4880.0,4775.0,4825.0,799360.0,0.7306889352818371,989105860,0,1471167175,1398258885,1212233115,0,2071493370,574805435,3858531920
2018-11-19,4855.0,4925.0,4805.0,4855.0,1060561.0,0.6217616580310881,1065674555,0,1941115960,2155913740,1332802885,0,2665903110,1163998260,5162704255
2018-11-20,4775.0,4845.0,4740.0,4810.0,1004867.0,-0.9268795056642637,927991805,4775,2103834805,1785229205,1227180795,0,2551523930,1038355865,4817060590
2018-11-21,4775.0,4790.0,4730.0,4770.0,810347.0,-0.8316008316008316,987869240,0,1283327755,1587730225,1286176255,0,1124080440,1448670525,3858927220
2018-11-22,4785.0,4785.0,4605.0,4635.0,1178575.0,-2.8301886792452833,629944160,79133630,3884752595,904748570,1656283115,78814125,2221143160,1542338555,5498578955
2018-11-23,4610.0,4715.0,4555.0,4660.0,1006231.0,0.5393743257820928,502091980,13770000,2081402460,2054877520,1885546330,13755000,2059532680,693307950,4652141960
2018-11-26,4680.0,4765.0,4650.0,4720.0,987400.0,1.2875536480686696,1713429110,0,1511796330,1430912565,1281416355,40115000,2297051025,1037555625,4656138005
2018-11-27,4730.0,4825.0,4725.0,4770.0,928820.0,1.059322033898305,1126613165,20575500,1895557560,1399614865,1467132445,55432945,2148638500,771157200,4442361090
2018-11-28,4780.0,5070.0,4780.0,5060.0,1778085.0,6.079664570230608,4533446315,0,2959414360,1324920925,799624210,21925000,6630721230,1365511160,8817781600
2018-11-29,5090.0,5120.0,4895.0,4930.0,1388113.0,-2.5691699604743086,1304807695,306556190,4238500475,1057322170,2707677990,0,2194142365,2005366175,6907186530
2018-11-30,4910.0,4970.0,4905.0,4970.0,1131266.0,0.8113590263691683,683735200,0,1202122230,3708515290,652341010,0,1625228050,3316803660,5594372720
2018-12-03,4985.0,5090.0,4955.0,5060.0,1183642.0,1.8108651911468814,2688808995,12004680,1827915880,1449692490,546912530,0,4046140340,1385369175,5978422045
2018-12-04,5070.0,5070.0,4940.0,5000.0,1086522.0,-1.185770750988142,839223495,6623400,2204197975,2371747935,1143709185,1050225,2416454130,1860579265,5421792805
2018-12-05,4915.0,5020.0,4910.0,5010.0,591708.0,0.2,1384744490,7432500,738884565,813811710,1036286840,15000000,1320379535,573206890,2944873265
2018-12-06,5010.0,5030.0,4905.0,4940.0,591085.0,-1.3972055888223553,1185303285,10189140,1052894925,675702115,1011388225,739040,1345665955,566296245,2924089465
2018-12-07,4970.0,5020.0,4935.0,4970.0,612992.0,0.6072874493927125,701508095,0,1135009335,1208457570,1097024410,0,1634188495,313762095,3044975000
2018-12-10,4885.0,4995.0,4870.0,4940.0,638146.0,-0.6036217303822937,1145741085,27201450,754529235,1218438510,1121626895,0,1543419955,480863430,3145910280
2018-12-11,4920.0,4955.0,4750.0,4810.0,752017.0,-2.631578947368421,773820650,0,1569481190,1286541145,994251590,0,1695374815,940216580,3629842985
2018-12-12,4830.0,5060.0,4830.0,5020.0,1369919.0,4.365904365904366,2063416865,5060,1669399280,3120397560,917120840,0,4893918640,1042179285,6853218765
2018-12-13,5050.0,5220.0,5010.0,5160.0,1881407.0,2.788844621513944,3250707000,0,2026072970,4394847650,3175135780,105530000,5493014870,897946970,9671627620
2018-12-14,5190.0,5480.0,5140.0,5430.0,2784203.0,5.232558139534884,6260595050,74906450,3625551480,4902225830,2136169770,53675000,9769350180,2904083860,14863278810
2018-12-17,5430.0,5660.0,5410.0,5580.0,2602451.0,2.7624309392265194,6784996380,11906890,4154322040,3587705890,1340792950,173030000,10733225170,2291883080,14538931200
2018-12-18,5580.0,5720.0,5480.0,5710.0,3256450.0,2.3297491039426523,11763263270,2026280,2841379550,3864370680,4668003440,26175060,8648346450,5128514830,18471039780
2018-12-19,5700.0,5700.0,5400.0,5470.0,1568225.0,-4.203152364273205,2173208220,218993090,4362642650,1864776430,2355420690,25407600,3978755000,2260037100,8619620390
2018-12-20,5460.0,5570.0,5370.0,5570.0,1359509.0,1.8281535648994516,2499060290,110951930,2040705120,2815781150,2011267180,1172044660,2284604560,1998582090,7466498490
2018-12-21,5580.0,5590.0,5410.0,5480.0,1334755.0,-1.615798922800718,1544164440,52028140,1823022300,3901614290,1057383230,664690,2714630710,3548150540,7320829170
2018-12-24,5480.0,5500.0,5340.0,5380.0,857102.0,-1.824817518248175,1435735390,0,1273486150,1931408410,1196656020,9702000,2938971440,495300490,4640629950
2018-12-26,5290.0,5330.0,5120.0,5190.0,1606024.0,-3.5315985130111525,1073012780,1986830,3718656380,3567652330,990850520,1188594710,5853488710,328374380,8361308320
2018-12-27,5280.0,5460.0,5220.0,5400.0,1078547.0,4.046242774566474,2006190310,122610320,2229466990,1449953770,1385288270,2166500,2806654450,1614112170,5808221390
2018-12-28,5400.0,5500.0,5360.0,5390.0,800642.0,-0.1851851851851852,898254160,0,1470140940,1973194050,687198240,17289120,1545111900,2091989890,4341589150
2019-01-02,5440.0,5600.0,5380.0,5440.0,1688983.0,0.927643784786642,3014450360,110083230,3627824930,2487439390,1143142800,44575500,4481146600,3570933010,9239797910
2019-01-03,5510.0,5520.0,5280.0,5400.0,1143571.0,-0.7352941176470588,1965867820,53100,2391008330,1843927940,1451015260,124183850,2652194360,1973463720,6200857190
2019-01-04,5390.0,5440.0,5290.0,5380.0,895094.0,-0.3703703703703704,1603114030,2577030,1827185370,1370578990,1485701500,3217140,1928830270,1385706510,4803455420
2019-01-07,5490.0,5580.0,5440.0,5530.0,1135931.0,2.7881040892193307,2502155790,0,1995349970,1766783240,1392615930,22265190,2609743100,2239664780,6264289000
2019-01-08,5570.0,5620.0,5450.0,5450.0,739703.0,-1.4466546112115732,1409874480,878730,1815681070,865809030,1119732220,0,1905966120,1066544970,4092243310
2019-01-09,5550.0,5690.0,5500.0,5670.0,1242213.0,4.036697247706423,2264117410,0,2881459280,1849039730,1177257910,225380000,4676796860,915181650,6994616420
2019-01-10,5680.0,5710.0,5580.0,5640.0,845442.0,-0.5291005291005291,1991324730,43361260,1673443660,1066568170,999173190,1128000,2466585450,1307811180,4774697820
2019-01-11,5680.0,5680.0,5520.0,5570.0,981577.0,-1.2411347517730498,2111044020,59582020,2191591810,1108508860,2330363630,783960,1922943800,1216635320,5470726710
2019-01-14,5550.0,5630.0,5490.0,5630.0,1108378.0,1.0771992818671454,882585120,0,1512283320,3780118240,2982720600,120768790,2099286790,972210500,6174986680
2019-01-15,5650.0,5710.0,5580.0,5670.0,825054.0,0.7104795737122558,1225491280,58711360,1220350370,2169831110,1682072700,79240,2467326150,524906030,4674384120
2019-01-16,5650.0,5750.0,5600.0,5630.0,880142.0,-0.7054673721340388,737971730,0,2618947730,1614689880,2290614360,26556540,1581479800,1072958640,4971609340
2019-01-17,5660.0,5750.0,5550.0,5600.0,759133.0,-0.5328596802841918,863656270,112556900,2006141030,1285729960,1392175970,44800000,2263464260,567643930,4268084160
2019-01-18,5670.0,5680.0,5590.0,5650.0,564795.0,0.8928571428571428,635815000,0,1071660880,1473023140,893967480,0,2021879970,264651570,3180499020
2019-01-21,5650.0,5720.0,5650.0,5680.0,713531.0,0.5309734513274336,1033789560,24635400,1562811250,1441671990,812087530,117789460,2107058030,1025973180,4062908200
2019-01-22,5700.0,5710.0,5610.0,5640.0,648194.0,-0.7042253521126761,1937558950,0,813652650,922448070,1413941410,87125220,966762790,1205830250,3673659670
2019-01-23,5670.0,6010.0,5650.0,6010.0,2289355.0,6.560283687943262,8035149510,28750000,2516107510,2866382780,2616975970,17850000,8554867450,2256696380,13446389800
2019-01-24,6010.0,6090.0,5830.0,6080.0,1526372.0,1.1647254575707155,2814775640,0,2775899030,3562231950,1544430890,7076970,4743268070,2858130690,9152906620
2019-01-25,6030.0,6130.0,5980.0,6080.0,963781.0,0.0,1670008140,246431080,1859350100,2080607770,2126529350,15195000,2300533750,1414138990,5856397090
2019-01-28,6080.0,6100.0,5900.0,5910.0,1064147.0,-2.7960526315789473,1027882940,9896640,3761374110,1545170100,3809236360,16070300,1842620780,676396350,6344323790
2019-01-29,5810.0,5880.0,5570.0,5620.0,3412149.0,-4.906937394247039,2675847420,5720,9479791840,7224594460,7649977210,225686810,6024909110,5479666310,19380239440
2019-01-30,5690.0,5690.0,5150.0,5240.0,9250936.0,-6.761565836298933,2845394800,402869220,40434795780,5136789480,21205762260,273131960,17208486750,10132468310,48819849280
2019-01-31,5290.0,5300.0,5160.0,5180.0,2903404.0,-1.1450381679389312,2586003040,589120,10149487920,2407692070,4232997820,0,6370723970,4540050360,15143772150
2019-02-01,5230.0,5260.0,5130.0,5150.0,2967287.0,-0.5791505791505791,904020020,845165270,12223464840,1383495220,4634930930,0,6322612920,4398601500,15356145350
2019-02-07,5230.0,5320.0,5200.0,5250.0,2473379.0,1.9417475728155338,1021654290,112053890,7862543840,3990967440,2792066350,52600,5701606680,4493493830,12987219460
2019-02-08,5250.0,5270.0,5160.0,5200.0,1356033.0,-0.9523809523809524,980409640,5235200,5267578870,793071100,2048046290,0,2584235700,2414012820,7046294810
2019-02-11,5220.0,5220.0,5160.0,5170.0,973728.0,-0.576923076923077,958407220,10436870,3421401030,655799450,1499782800,0,2163542500,1382719270,5046044570
2019-02-12,5190.0,5220.0,5110.0,5130.0,1607520.0,-0.7736943907156674,2097859240,11929460,5104187750,1058741680,3914297930,0,2164948070,2193472130,8272718130
2019-02-13,5160.0,5190.0,5110.0,5160.0,1342865.0,0.5847953216374269,2042962960,3203400,3857017420,1007486970,2629176840,44235610,3061940290,1175318010,6910670750
2019-02-14,5160.0,5160.0,5060.0,5130.0,1321645.0,-0.5813953488372093,1469039560,519420340,4112981960,637973880,1793992540,40720000,2686409610,2218293590,6739415740
2019-02-15,5100.0,5170.0,5090.0,5130.0,752949.0,0.0,1108949890,253970890,1986954960,510298710,1082819290,0,1768251570,1009103590,3860174450
2019-02-18,5160.0,5190.0,5120.0,5160.0,907591.0,0.5847953216374269,842844090,325605000,2727240290,778751930,1598050890,27584730,2189926570,858879120,4674441310
2019-02-19,5170.0,5240.0,5130.0,5210.0,992027.0,0.9689922480620154,1529149170,3114000,3272405860,358635850,1171677270,156700,3079060530,912410380,5163304880
2019-02-20,5230.0,5270.0,5170.0,5170.0,951901.0,-0.7677543186180422,786695390,7547500,2748967490,1407379540,1503717610,56083790,2100224540,1290563980,4950589920
2019-02-21,5170.0,5220.0,5090.0,5120.0,1674107.0,-0.9671179883945842,665227990,3472600,5988659070,1942084720,2929607170,0,2677119040,2992718170,8599444380
2019-02-22,5120.0,5190.0,5120.0,5180.0,749190.0,1.171875,1496564460,21781980,1681991440,668775150,1113985530,0,2059528510,695598990,3869113030
2019-02-25,5210.0,5230.0,5140.0,5170.0,710802.0,-0.19305019305019305,836721940,0,2432190200,402060620,1105108410,0,1316970920,1248893430,3670972760
2019-02-26,5170.0,5260.0,5160.0,5180.0,1384592.0,0.19342359767891684,777139740,23216650,3807079850,2610120300,1373436030,7274000,3697810780,2139035730,7217556540
2019-02-27,5220.0,5220.0,5090.0,5130.0,2144630.0,-0.9652509652509652,710881950,199831250,6803031470,3289876450,2900937640,2580000,2796862370,5303241110,11003621120
2019-02-28,5160.0,5240.0,5050.0,5050.0,2731811.0,-1.5594541910331383,1426174880,1400480,5943217300,6661595420,1986443950,3541200,6467530350,5574872580,14032388080
2019-03-04,5050.0,5110.0,4995.0,5020.0,2090015.0,-0.594059405940594,1490645980,1562300,5785297015,3279168650,2835735600,0,4048434655,3672503690,10556673945
2019-03-05,5000.0,5040.0,4935.0,4950.0,1499074.0,-1.394422310756972,847788835,5330250,4990461195,1601968550,3255630075,0,3346481195,843437560,7445548830
2019-03-06,4950.0,5040.0,4945.0,4960.0,824829.0,0.20202020202020202,362106830,13920000,2149625165,1579101590,1618338320,0,1579393755,907021510,4104753585
2019-03-07,4910.0,4985.0,4900.0,4915.0,1039351.0,-0.9072580645161291,636412590,2221365,2930384940,1552004435,1956037445,9311000,2409513890,746160995,5121023330
2019-03-08,4920.0,4920.0,4845.0,4855.0,877820.0,-1.2207527975584944,536993060,340600,3175087960,565607440,1500426465,0,1801652025,975950570,4278029060
2019-03-11,4855.0,4860.0,4770.0,4785.0,838103.0,-1.4418125643666324,419142570,95750,3030703665,571592170,859221015,14340000,2364194125,783779015,4021534155
2019-03-12,4845.0,4855.0,4800.0,4825.0,688698.0,0.8359456635318705,666044440,2412500,1826158185,823493025,1406599360,1536285,1322502165,587470340,3318108150
2019-03-13,4840.0,4840.0,4735.0,4755.0,1028177.0,-1.450777202072539,611691095,38853450,3327162165,919074265,1685708340,4761060,1984040755,1222270820,4896780975
2019-03-14,4820.0,4965.0,4785.0,4960.0,1355240.0,4.311251314405888,1823453440,3009800,2289544060,2531450085,1594704360,3619250,3737603340,1311530435,6647457385
2019-03-15,4970.0,5070.0,4940.0,5050.0,1636980.0,1.8145161290322582,2390129180,1985750,2698221280,3130696770,335382395,37902050,4863067550,2984680985,8221032980
2019-03-18,5090.0,5090.0,4990.0,5040.0,737981.0,-0.19801980198019803,1549846665,1504500,1416898755,739830385,1511087305,5113700,1308723945,883155355,3708080305
2019-03-19,5050.0,5070.0,5010.0,5040.0,419085.0,0.0,847882460,504000,590365090,675502900,314480520,57456000,1203226350,539091580,2114254450
2019-03-20,5020.0,5040.0,4970.0,5040.0,654733.0,0.0,1077062300,49750,1123208295,1075784930,271698860,0,2260154515,744251900,3276105275
2019-03-21,5030.0,5080.0,4975.0,4975.0,734142.0,-1.2896825396825395,454585310,4299080,2298838530,921664815,992603790,5618100,1438340480,1242825365,3679387735
2019-03-22,5000.0,5050.0,4995.0,5010.0,592861.0,0.7035175879396985,579983660,8334100,802810015,1582258295,935581175,773000,1717041450,319990445,2973386070
2019-03-25,4915.0,4980.0,4915.0,4975.0,552588.0,-0.6986027944111777,517205625,59090,1114882980,1102939165,316153700,0,1896315525,522617635,2735086860
2019-03-26,5000.0,5030.0,4940.0,4995.0,475513.0,0.4020100502512563,588291110,0,596523060,1189603015,569361660,49900,1364687695,440317930,2374417185
2019-03-27,5020.0,5050.0,4985.0,5020.0,674373.0,0.5005005005005005,690863055,0,1012541405,1680344330,356356580,150900,2297882140,729359170,3383748790
2019-03-28,5000.0,5040.0,4970.0,5040.0,416119.0,0.398406374501992,630142850,49750,577431320,878406950,356995390,0,1216618290,512417190,2086030870
2019-03-29,5060.0,5090.0,5020.0,5080.0,1054850.0,0.7936507936507936,677365720,9936400,1716659430,2942083430,1475084560,4978100,2730651210,1135331110,5346044980
2019-04-01,5080.0,5180.0,5070.0,5170.0,1204322.0,1.7716535433070866,1929053940,0,2045575060,2220860820,1083327940,4856900,4257861900,849443080,6195489820
2019-04-02,5170.0,5190.0,5100.0,5120.0,718576.0,-0.9671179883945842,980807580,5120,1778673930,923272620,990018560,0,1388029460,1304711230,3682759250
2019-04-03,5080.0,5140.0,5060.0,5140.0,591005.0,0.390625,365679440,0,1154843560,1495838650,528279780,4565910,1480362030,1003153930,3016361650
2019-04-04,5140.0,5150.0,5020.0,5060.0,921582.0,-1.556420233463035,438131160,3020840,2971878040,1249248180,800970500,4791800,1551729610,2304786310,4662278220
2019-04-05,5080.0,5100.0,5040.0,5070.0,478368.0,0.1976284584980237,320905740,0,742648310,1364080560,807945500,1438670,1262057480,356192960,2427634610
2019-04-08,5090.0,5110.0,5080.0,5100.0,411047.0,0.591715976331361,297138760,0,699448760,1096783650,671520570,21153690,1249408400,151288510,2093371170
2019-04-09,5110.0,5130.0,5060.0,5060.0,504234.0,-0.7843137254901961,387546450,0,1058627000,1121570920,799961480,510000,1057871050,709401840,2567744370
2019-04-10,5070.0,5100.0,5040.0,5080.0,474727.0,0.3952569169960474,618885300,2024000,795356040,990832930,502088830,0,866727290,1038282150,2407098270
2019-04-11,5090.0,5100.0,5050.0,5060.0,651513.0,-0.39370078740157477,1049992750,0,1536434520,714835070,1267313120,0,1260118120,773831100,3301262340
2019-04-12,5070.0,5110.0,5040.0,5100.0,770064.0,0.7905138339920948,1362229810,15150000,1220899480,1313424100,583858700,4032000,2263201220,1060611470,3911703390
2019-04-15,5120.0,5130.0,5080.0,5110.0,609395.0,0.19607843137254902,381116970,61100000,1846400590,819289360,895212380,0,1715769860,496924680,3107906920
2019-04-16,5080.0,5130.0,5050.0,5080.0,714629.0,-0.5870841487279843,197740520,151744420,1930311040,1354061490,1373819750,3052140,1833067440,423918140,3633857470
2019-04-17,5090.0,5160.0,5090.0,5110.0,811381.0,0.5905511811023622,867541870,0,1361492460,1932113230,862028210,156898940,2878834020,263386390,4161147560
2019-04-18,5150.0,5150.0,4985.0,5020.0,1050017.0,-1.761252446183953,213170600,140090000,3554856960,1377550510,594878280,9990000,1468062685,3212737105,5285668070
2019-04-19,5020.0,5520.0,4985.0,5180.0,5733719.0,3.187250996015936,1572863715,245521320,26663103450,1688455055,783247555,108750640,24462837030,4815108315,30169943540
2019-04-22,5250.0,5260.0,5100.0,5110.0,1367870.0,-1.3513513513513513,734694430,2565110,5453331260,846689050,462327510,2095160,5646546710,926310470,7037279850
2019-04-23,5160.0,5230.0,5110.0,5180.0,976591.0,1.36986301369863,806628180,7710000,3394093590,832314050,257135220,6213190,4070457310,706940100,5040745820
2019-04-24,5190.0,5220.0,5090.0,5120.0,970920.0,-1.1583011583011582,828648280,5150,2911825480,1245699800,1498630920,0,2645628940,841918850,4986178710
2019-04-25,5100.0,5130.0,5040.0,5060.0,730243.0,-1.171875,1188932380,5060,1972953040,543933860,332001280,978400,2042533220,1330311440,3705824340
2019-04-26,5060.0,5100.0,5020.0,5080.0,746290.0,0.3952569169960474,669903140,0,2282327180,826725180,709697130,0,1803603090,1265655280,3778955500
2019-04-29,5110.0,5120.0,5060.0,5100.0,755261.0,0.39370078740157477,875165030,0,1424961670,1540503220,992518680,0,1989059020,859052220,3840629920
2019-04-30,5090.0,5100.0,4960.0,5040.0,1305959.0,-1.1764705882352942,1069409905,199165770,3409328755,1881761030,1060161945,43231920,3831813855,1624457740,6559665460
2019-05-02,5050.0,5150.0,5010.0,5120.0,1283118.0,1.5873015873015872,1720327530,0,1374489070,3463091160,569922150,609280,3764509240,2222867090,6557907760
2019-05-03,5090.0,5130.0,5050.0,5050.0,596687.0,-1.3671875,232549040,0,1660771110,1132494720,788492710,0,1327168030,910154130,3025814870
2019-05-07,5020.0,5040.0,4980.0,4990.0,975102.0,-1.188118811881188,903915770,190519275,2966446605,816042485,985267310,0,2344485895,1547170930,4876924135
2019-05-08,4965.0,5030.0,4960.0,5000.0,558578.0,0.2004008016032064,926418955,125250000,1256598860,483190435,758038750,47565000,1207644595,778209905,2791458250
2019-05-09,4990.0,5000.0,4820.0,4820.0,1948624.0,-3.5999999999999996,1366116555,15212035,6935087370,1210301405,2053215115,1849295,4397468555,3074184400,9526717365
2019-05-10,4855.0,4910.0,4815.0,4845.0,793298.0,0.5186721991701244,1194830630,26785000,2065273005,558754770,504441560,21882500,1488946995,1830372350,3845643405
2019-05-13,4800.0,4880.0,4800.0,4825.0,767959.0,-0.41279669762641896,839579165,22842000,1296832525,1563643715,351961130,5325000,1725808190,1639803085,3722897405
2019-05-14,4790.0,4895.0,4770.0,4855.0,801118.0,0.6217616580310881,814515725,16071000,1053838985,1996035785,317959800,35814030,1314843115,2211844550,3880461495
2019-05-15,4845.0,4890.0,4815.0,4890.0,618992.0,0.7209062821833162,327302275,2435000,1562102240,1119549615,1028768910,7300000,1004296515,971023705,3011389130
2019-05-16,4885.0,4920.0,4845.0,4870.0,522869.0,-0.408997955010225,384440505,6338845,781255240,1377424675,426586015,155788000,910397120,1056688130,2549459265
2019-05-17,4905.0,4940.0,4865.0,4905.0,424333.0,0.7186858316221766,214480645,0,537111125,1333913115,283354755,24016305,1298326955,479806870,2085504885
2019-05-20,4880.0,4930.0,4830.0,4840.0,561936.0,-1.325178389398573,774556065,4884150,962541625,990931145,201007035,10777230,1596747245,924381475,2732912985
2019-05-21,4820.0,4895.0,4820.0,4845.0,429372.0,0.10330578512396695,503775605,4875000,528860460,1050536990,492730590,0,989387790,605929675,2088048055
2019-05-22,4865.0,4905.0,4835.0,4845.0,436218.0,0.0,274915310,0,863778800,980627485,621629610,0,738623305,759068680,2119321595
2019-05-23,4845.0,4930.0,4820.0,4920.0,612148.0,1.5479876160990713,746716640,0,605406995,1633197310,418167795,4825000,1825144495,737183655,2985320945
2019-05-24,4900.0,4920.0,4825.0,4850.0,474474.0,-1.4227642276422763,426450510,252195,1301392310,574571095,355649580,0,756575980,1190440550,2302666110
2019-05-27,4845.0,4885.0,4835.0,4865.0,285726.0,0.30927835051546393,381794420,0,449963155,556674095,183072070,1266200,695070880,509022520,1388431670
2019-05-28,4875.0,4935.0,4870.0,4920.0,1675181.0,1.1305241521068858,617163460,0,744223145,6877522050,274673045,2447500,1482240120,6479547990,8238908655
2019-05-29,4920.0,4920.0,4805.0,4825.0,624042.0,-1.9308943089430894,224110075,18093750,2241006640,532065740,575935365,396060,781451795,1657492985,3015276205
2019-05-30,4835.0,4835.0,4745.0,4810.0,994289.0,-0.31088082901554404,352621305,5039750,2505464570,1893156600,960607140,378805,1079102785,2716193495,4756282225
2019-05-31,4790.0,4810.0,4760.0,4805.0,777586.0,-0.10395010395010396,175201000,0,1209883335,2340581560,712311855,7711020,785959090,2219683930,3725665895
2019-06-03,4770.0,4825.0,4755.0,4825.0,680377.0,0.41623309053069724,497922100,4769765,993378720,1758710460,1079511500,0,885269970,1289999575,3254781045
2019-06-04,4800.0,4910.0,4795.0,4860.0,808218.0,0.7253886010362695,155066405,0,1081197030,2693423645,729327800,0,1835129410,1365229870,3929687080
2019-06-05,4885.0,4910.0,4865.0,4910.0,512304.0,1.02880658436214,129460035,0,1004065915,1374289235,462012450,0,1316029095,729773640,2507815185
2019-06-07,4910.0,4930.0,4860.0,4915.0,621673.0,0.10183299389002036,736490995,0,647869250,1664930330,554291535,9815470,1127320115,1357863455,3049290575
2019-06-10,4920.0,4955.0,4885.0,4950.0,482080.0,0.7121057985757884,236901080,0,873892220,1264621820,463427565,5918500,1269816020,636253035,2375415120
2019-06-11,4920.0,4990.0,4920.0,4990.0,439968.0,0.8080808080808081,508361265,0,423582035,1255443565,402623730,1239750,1463470440,320052945,2187386865
2019-06-12,5000.0,5080.0,4990.0,5020.0,720331.0,0.6012024048096193,626083690,12515000,931670580,2052385660,1042738460,0,2130180875,449735595,3622654930
2019-06-13,5030.0,5050.0,4965.0,5050.0,860736.0,0.5976095617529881,1569399045,10004975,1070238105,1668779725,1283072695,0,1348721690,1686627465,4318421850
2019-06-14,5040.0,5040.0,4995.0,5030.0,567866.0,-0.39603960396039606,653230320,0,869787310,1323871880,1623986525,0,777407525,445495460,2846889510
2019-06-17,5050.0,5050.0,4975.0,4985.0,469834.0,-0.8946322067594433,773666735,13100000,770149850,792018690,1164122300,0,968339925,216473050,2348935275
2019-06-18,4985.0,5010.0,4830.0,4930.0,2047644.0,-1.103309929789368,1821584950,4860000,4882702480,3297126880,6023305740,4845000,2119652315,1858471255,10006274310
2019-06-19,4930.0,4985.0,4930.0,4970.0,591472.0,0.8113590263691683,213682865,0,780103330,1942832930,940828015,0,1966251865,29539245,2936619125
2019-06-20,4970.0,4975.0,4935.0,4955.0,541776.0,-0.30181086519114686,908582420,0,656547235,1120621450,1200540460,0,837064700,648145945,2685751105
2019-06-21,4960.0,5130.0,4960.0,5010.0,2098008.0,1.109989909182644,2343515875,232440,4791989600,3486644535,1317659615,235170,7325138680,1979348985,10622382450
2019-06-24,5050.0,5080.0,4995.0,5050.0,700432.0,0.7984031936127743,503879520,0,1648543020,1387014920,735613280,0,2501629740,302194440,3539437460
2019-06-25,5070.0,5080.0,4975.0,4985.0,772446.0,-1.2871287128712872,590169220,0,1907523720,1379037110,946561630,0,1727408650,1202759770,3876730050
2019-06-26,4990.0,4995.0,4930.0,4985.0,652671.0,0.0,424919060,32329360,1420869620,1359402915,591456730,0,1558794590,1087269635,3237520955
2019-06-27,4995.0,5020.0,4955.0,5000.0,576785.0,0.3009027081243731,821136795,2497965,1065470440,992607400,286378040,22440000,1690642015,882252545,2881712600
2019-06-28,5010.0,5030.0,4940.0,4940.0,536165.0,-1.2,193175920,30005130,1741351815,699256570,270717785,19920000,1271853655,1101297995,2663789435
2019-07-01,5000.0,5050.0,4955.0,5010.0,550831.0,1.417004048582996,332966625,30180,1003439940,1425909510,342438215,15090,1916308310,503584640,2762346255
2019-07-02,4960.0,5050.0,4960.0,5040.0,577221.0,0.5988023952095809,213403825,0,959005500,1728210890,353763795,10054925,1623799580,913001915,2900620215
2019-07-03,5040.0,5050.0,4940.0,4945.0,642194.0,-1.8849206349206349,213158730,4969945,2592435600,378940520,267545130,0,915752660,2006207005,3189504795
2019-07-04,4980.0,4985.0,4900.0,4935.0,445081.0,-0.20222446916076847,463416235,3219165,1372142050,353644515,188664455,4935,871655600,1132096975,2192421965
2019-07-05,4955.0,4970.0,4910.0,4945.0,403625.0,0.2026342451874367,415881120,0,1078273640,497085955,674284175,2470000,834551165,479935375,1991240715
2019-07-08,4950.0,4960.0,4790.0,4790.0,923058.0,-3.1344792719919106,339397705,109123905,3459884125,558767290,1573030140,7015500,1768392470,1118734915,4467173025
2019-07-09,4775.0,4800.0,4665.0,4670.0,922275.0,-2.5052192066805845,350036895,9061870,3648614590,341335910,626733330,17627500,2223517985,1481170450,4349049265
2019-07-10,4650.0,4675.0,4565.0,4600.0,933888.0,-1.4989293361884368,215279235,234870,3473907500,611827830,704692915,27825000,2254892325,1313839195,4301249435
2019-07-11,4600.0,4670.0,4600.0,4635.0,589347.0,0.7608695652173914,484276140,4635500,1458044060,785921770,766093115,20008640,868022090,1078753625,2732877470
2019-07-12,4635.0,4650.0,4550.0,4575.0,933330.0,-1.2944983818770228,162602260,511915,3544078820,582719240,2128478525,37080000,1274912485,849441225,4289912235
2019-07-15,4550.0,4590.0,4545.0,4575.0,456132.0,0.0,98807820,2742565,1358870190,622698280,119015145,0,1163966495,800137215,2083118855
2019-07-16,4575.0,4600.0,4550.0,4570.0,470557.0,-0.1092896174863388,312100525,0,1331301245,505795385,142510540,2285000,825739800,1178661815,2149197155
2019-07-17,4595.0,4595.0,4460.0,4490.0,809309.0,-1.75054704595186,224381515,2698475,2800860885,608914340,196142245,0,2256882900,1183830070,3636855215
2019-07-18,4460.0,4515.0,4430.0,4435.0,577518.0,-1.2249443207126949,347357960,9490655,1897111805,322292415,267870265,0,1454454395,853928175,2576252835
2019-07-19,4455.0,4530.0,4430.0,4525.0,537312.0,2.029312288613303,1096163790,4029000,1020688470,291097435,140496145,0,1364411810,907070740,2411978695
2019-07-22,4510.0,4535.0,4455.0,4465.0,470170.0,-1.3259668508287292,150783100,15663975,1530402705,409369405,520213050,0,648390250,937615885,2106219185
2019-07-23,4470.0,4500.0,4435.0,4440.0,649706.0,-0.5599104143337066,240679925,1041285,1823408240,827125255,305229940,2473610,1191763635,1392787520,2892254705
2019-07-24,4440.0,4470.0,4370.0,4370.0,614970.0,-1.5765765765765765,152039420,35942405,2130661420,391831970,271231940,34732935,1358310215,1046200125,2710475215
2019-07-25,4355.0,4365.0,4150.0,4175.0,1873386.0,-4.462242562929062,203921715,96971500,6326379185,1291006530,558173160,92790175,4487575345,2779740250,7918278930
2019-07-26,4175.0,4180.0,4080.0,4140.0,1014388.0,-0.8383233532934131,343883580,22050975,2653057120,1172206570,899145360,13603680,2092607435,1185841770,4191198245
2019-07-29,4140.0,4160.0,4005.0,4040.0,1592838.0,-2.4154589371980677,1008913700,70706625,4007293660,1347475295,1773913020,61333000,2639692490,1959450770,6434389280
2019-07-30,4020.0,4160.0,4020.0,4125.0,777086.0,2.103960396039604,697419645,2055000,1185793110,1317538905,242200370,124310000,1812540515,1023755775,3202806660
2019-07-31,4125.0,4150.0,4045.0,4100.0,565165.0,-0.6060606060606061,434369400,2080635,1087697880,789888870,306860045,18526350,708018645,1280631745,2314036785
2019-08-01,4070.0,4095.0,4020.0,4035.0,789600.0,-1.5853658536585367,827468895,2449035,1756591620,617220245,491663865,0,1113215150,1598850780,3203729795
2019-08-02,4035.0,4070.0,4015.0,4055.0,618747.0,0.49566294919454773,518374675,120450,1024650925,959882690,592432575,0,1073794050,836802115,2503028740
2019-08-05,4020.0,4055.0,3860.0,3890.0,1262235.0,-4.069050554870531,684725820,4319665,3445154535,829511880,987197200,0,2928835050,1047679650,4963711900
2019-08-06,3820.0,3940.0,3765.0,3870.0,1635387.0,-0.5141388174807198,999738145,12002625,2667855760,2651462620,782488140,7825000,3893885920,1646860090,6331059150
2019-08-07,3860.0,3915.0,3830.0,3865.0,667281.0,-0.12919896640826875,219529725,3910000,1448964310,912579350,508102045,0,1236615575,840265765,2584983385
2019-08-08,3900.0,3950.0,3890.0,3910.0,832973.0,1.1642949547218628,636583520,0,1879571875,748766560,703120985,0,1645180355,916620615,3264921955
2019-08-09,3925.0,3955.0,3900.0,3920.0,663447.0,0.2557544757033248,159061465,0,1224508315,1216090625,372689995,0,1118285630,1108684780,2599660405
2019-08-12,3900.0,3970.0,3880.0,3930.0,381892.0,0.25510204081632654,76348995,0,1099978555,324216655,411196010,3940,883220120,206124135,1500544205
2019-08-13,3890.0,3930.0,3880.0,3925.0,634861.0,-0.1272264631043257,288505975,1560385,1390182955,794732665,428693765,0,1370639700,675648515,2474981980
2019-08-14,3955.0,3975.0,3890.0,3900.0,529292.0,-0.6369426751592357,107677485,1562000,915716065,1053346485,401644795,0,1018250100,658407140,2078302035
2019-08-16,3890.0,3940.0,3845.0,3925.0,577954.0,0.641025641025641,139408720,1952500,679451290,1434282455,218259235,0,1080761475,956074255,2255094965
2019-08-19,3935.0,4040.0,3915.0,4035.0,676577.0,2.802547770700637,426030090,28506000,819417550,1437512500,358311000,20219800,1604234600,728700740,2711466140
2019-08-20,4030.0,4130.0,4010.0,4070.0,667747.0,0.8674101610904585,436140905,12090000,1156363590,1110105560,374925860,31008355,1340051580,968714260,2714700055
2019-08-21,4050.0,4110.0,4050.0,4095.0,378358.0,0.6142506142506142,375103930,0,728706940,444119290,432339405,985915,819996980,294607860,1547930160
2019-08-22,4100.0,4130.0,4065.0,4080.0,368538.0,-0.3663003663003663,307263145,4523780,741669175,454351550,415580840,0,712590935,379635875,1507807650
2019-08-23,4050.0,4080.0,4030.0,4060.0,393430.0,-0.49019607843137253,260246095,84835,800554570,533768530,147309395,0,1058302715,389041920,1594654030
2019-08-26,3965.0,4030.0,3935.0,3945.0,455376.0,-2.832512315270936,254651180,4958685,895642805,656409250,490831485,0,1112965460,207864975,1811661920
2019-08-27,3990.0,4035.0,3965.0,4015.0,1167352.0,1.7743979721166032,248420520,52065,742586375,3690225730,692196405,52320,1675314050,2313721915,4681284690
2019-08-28,3975.0,4050.0,3975.0,4050.0,318509.0,0.8717310087173101,245974065,1211500,523616025,513316960,235695540,36139660,692013740,320269610,1284118550
2019-08-29,4060.0,4070.0,4020.0,4035.0,377856.0,-0.3703703703703704,197095750,2436000,649045465,680593310,244358950,0,664038030,620773545,1529170525
2019-08-30,4075.0,4185.0,4050.0,4180.0,770892.0,3.593556381660471,498687165,0,1098034155,1599096990,234898870,707200,2082606940,877605300,3195818310
2019-09-02,4135.0,4240.0,4110.0,4210.0,487539.0,0.7177033492822966,1249544980,4125,593073740,204920915,119878885,4318430,1117037745,806308700,2047543760
2019-09-03,4200.0,4290.0,4180.0,4185.0,450644.0,-0.5938242280285035,683583330,0,992457600,229923125,266372540,2829860,839948560,796813095,1905964055
2019-09-04,4170.0,4225.0,4150.0,4205.0,564114.0,0.4778972520908005,647838190,4150,747822900,964315835,540287545,0,802763890,1016929640,2359981075
2019-09-05,4205.0,4245.0,4185.0,4210.0,409495.0,0.11890606420927466,285033225,5057000,732431865,702376560,584190505,92880,607049235,533566030,1724898650
2019-09-06,4210.0,4240.0,4170.0,4175.0,300854.0,-0.831353919239905,247981785,0,760191110,255660030,454572505,0,302640300,506620120,1263832925
2019-09-09,4200.0,4235.0,4170.0,4175.0,420098.0,0.0,274528655,0,731670025,754964410,423395140,0,664835505,672932445,1761163090
2019-09-10,4180.0,4265.0,4170.0,4260.0,545484.0,2.035928143712575,422847815,0,895007590,993483395,510151905,21250000,1505833030,274103865,2311338800
2019-09-11,4275.0,4380.0,4255.0,4380.0,1009272.0,2.8169014084507045,1997221005,2566500,1084507130,1292296955,929335570,25776800,2279720365,1141758855,4376591590
2019-09-16,4725.0,4940.0,4640.0,4905.0,6281206.0,11.986301369863012,9697567370,23686650,17325754990,3294860520,1689229330,50889810,25647305025,2954445365,30341869530
2019-09-17,4930.0,5000.0,4825.0,4970.0,2157740.0,1.325178389398573,4143232610,4882500,4480278010,2038324170,623051185,25677325,8247767530,1770221250,10666717290
2019-09-18,4950.0,4950.0,4845.0,4875.0,1110382.0,-1.9114688128772637,782894630,490400,2845922395,1793138685,1178611930,0,3269593070,974241110,5422446110
2019-09-19,4865.0,4900.0,4760.0,4765.0,1220382.0,-2.2564102564102564,1440268670,23854795,2927988420,1457243890,2166632485,19120000,2622465200,1041138090,5849355775
2019-09-20,4765.0,4815.0,4710.0,4775.0,1133986.0,0.2098635886673662,2095574385,14160000,1496437355,1772454125,1827321995,0,1651134770,1900169100,5378625865
2019-09-23,4790.0,4840.0,4750.0,4785.0,581203.0,0.20942408376963353,540190645,0,1634843170,610454390,375250065,0,1827757740,582480400,2785488205
2019-09-24,4770.0,4840.0,4745.0,4815.0,572266.0,0.6269592476489028,1289089260,4765,1155056615,294744975,146332455,1776000,1369534620,1221252540,2738895615
2019-09-25,4815.0,4825.0,4715.0,4730.0,655706.0,-1.7653167185877467,1430614595,0,1184622610,506097425,412425580,0,1794413680,914495370,3121334630
2019-09-26,4735.0,4845.0,4735.0,4835.0,944158.0,2.2198731501057085,2089912340,0,1050761265,1402231245,436765195,0,3290508510,815631145,4542904850
2019-09-27,4830.0,4835.0,4715.0,4730.0,518647.0,-2.1716649431230612,674927150,9460000,1431157980,348759260,492362980,0,827581285,1144360125,2464304390
2019-09-30,4790.0,4830.0,4710.0,4830.0,529840.0,2.1141649048625792,665171000,0,596566750,1271777635,263634805,0,1567379620,702500960,2533515385
2019-10-01,4825.0,4855.0,4780.0,4795.0,592567.0,-0.7246376811594203,973808875,0,1214146585,667563525,269236620,9590000,1774166955,802525410,2855518985
2019-10-02,4750.0,4795.0,4680.0,4705.0,732773.0,-1.8769551616266946,655371485,4740,1822730990,988819015,697814755,0,2144031185,625080290,3466926230
2019-10-04,4700.0,4725.0,4610.0,4640.0,559272.0,-1.381509032943677,655120925,4634645,1227623230,720088365,743188205,4670000,1219224150,640384810,2607467165
2019-10-07,4625.0,4630.0,4525.0,4560.0,742108.0,-1.7241379310344827,491401605,9120,1731531890,1170451460,440251790,13976380,2332280010,606885895,3393394075
2019-10-08,4520.0,4650.0,4520.0,4635.0,541025.0,1.644736842105263,1167825895,0,460566445,873847295,422640945,0,1046459625,1033139065,2502239635
2019-10-10,4550.0,4660.0,4515.0,4520.0,802483.0,-2.481121898597627,1040587805,4555,1611003975,996015265,1024753530,0,1687247060,935611010,3647611600
2019-10-11,4525.0,4595.0,4510.0,4545.0,530392.0,0.5530973451327433,831216735,0,777976875,806177240,692142925,0,1187671490,535556435,2415370850
2019-10-14,4605.0,4690.0,4560.0,4645.0,536281.0,2.2002200220022003,937778055,0,1105809170,443805575,117602145,0,1700468710,669321945,2487392800
2019-10-15,4635.0,4650.0,4605.0,4635.0,338840.0,-0.2152852529601722,561808775,4625,431977190,575837790,199860100,0,689615855,680152425,1569628380
2019-10-16,4625.0,4700.0,4620.0,4700.0,478686.0,1.4023732470334414,937142070,0,486325660,811969830,240624090,0,1099072295,895741175,2235437560
2019-10-17,4700.0,4700.0,4555.0,4600.0,591488.0,-2.127659574468085,993353055,4575,1226172355,503118940,903556530,0,763227045,1055865350,2722648925
2019-10-18,4640.0,4680.0,4570.0,4610.0,329390.0,0.21739130434782608,467981085,0,750648815,307209110,327501220,0,675053545,523284245,1525839010
2019-10-21,4645.0,4645.0,4570.0,4600.0,403492.0,-0.21691973969631237,555906550,4575,665854725,630632085,264263520,366241675,496930700,724962040,1852397935
2019-10-22,4640.0,4795.0,4630.0,4735.0,1050917.0,2.9347826086956523,1279350595,0,1821472280,1865268610,326960935,324907260,3613068170,701155120,4966091485
2019-10-23,4695.0,4710.0,4610.0,4610.0,564308.0,-2.6399155227032733,693038480,231000,1436869415,487480075,749409565,0,796688960,1071520445,2617618970
2019-10-24,4575.0,4645.0,4530.0,4615.0,476382.0,0.10845986984815618,409067050,0,1067520240,709659365,742913105,0,1012789395,430544155,2186246655
2019-10-25,4575.0,4595.0,4520.0,4555.0,674052.0,-1.3001083423618636,340519725,0,1842623980,884695495,323651025,0,1327076595,1417111580,3067839200
2019-10-28,4520.0,4600.0,4520.0,4545.0,296602.0,-0.21953896816684962,571628605,0,443689285,336398920,278414980,0,746880295,326421535,1351716810
2019-10-29,4525.0,4580.0,4440.0,4475.0,745618.0,-1.54015401540154,481833500,16765000,2041015230,807777350,328505015,284069800,1202241605,1532574660,3347391080
2019-10-30,4475.0,4500.0,4395.0,4440.0,679666.0,-0.782122905027933,634051815,13886500,1650083175,716907165,1091960690,0,937469785,985498180,3014928655
2019-10-31,4425.0,4480.0,4355.0,4355.0,1218075.0,-1.9144144144144142,1156867250,8807500,2487489170,1698375635,2182547485,87592830,1142816555,1938582685,5351539555
2019-11-01,4355.0,4395.0,4320.0,4340.0,645165.0,-0.3444316877152698,584636190,0,1909210035,314974710,337615535,0,969764845,1501440555,2808820935
2019-11-04,4405.0,4570.0,4400.0,4555.0,1169977.0,4.953917050691245,2178351105,4456425,1265528095,1832658850,562383930,13635600,3835576525,869398420,5280994475
2019-11-05,4550.0,4770.0,4530.0,4740.0,1661776.0,4.061470911086718,2877387450,106217120,2438924540,2393791345,504363290,7817485,5478568245,1825571435,7816320455
2019-11-06,4765.0,4790.0,4700.0,4730.0,730977.0,-0.21097046413502107,1252666775,4956250,932889155,1271577585,629514860,0,1586025270,1246549635,3462089765
2019-11-07,4710.0,4790.0,4710.0,4775.0,787202.0,0.9513742071881607,1609621644,0,680968825,1461131950,443212370,190750000,2144156860,973603189,3751722419
2019-11-08,4730.0,4815.0,4715.0,4800.0,733553.0,0.5235602094240838,987493005,58202720,931269085,1520815160,1106991100,23750,1829379590,561385530,3497779970
2019-11-11,4785.0,4800.0,4690.0,4705.0,615556.0,-1.9791666666666665,685624300,4707225,977538490,1237393065,1019378670,47307625,879133355,959443430,2905263080
2019-11-12,4725.0,4745.0,4650.0,4710.0,559259.0,0.10626992561105207,636166965,4685,696426115,1287137260,641742385,0,1066240955,911751685,2619735025
2019-11-13,4710.0,4730.0,4645.0,4715.0,481099.0,0.10615711252653928,440738390,2585655,540187290,1271716285,535669410,0,1084784040,634774170,2255227620
2019-11-14,4710.0,4715.0,4615.0,4655.0,663291.0,-1.2725344644750796,936648000,14022150,1252363385,879690430,655319190,0,1075125110,1352279665,3082723965
2019-11-15,4610.0,4760.0,4610.0,4755.0,683007.0,2.1482277121374866,1885044785,0,330736200,1017648845,160700425,0,2097788645,974940760,3233429830
2019-11-18,4710.0,4765.0,4710.0,4720.0,446213.0,-0.7360672975814931,1463969265,0,399307035,250824375,715485505,0,456091010,942524160,2114100675
2019-11-19,4715.0,4750.0,4635.0,4680.0,691221.0,-0.847457627118644,952102235,0,886213320,1387808525,533954935,467000,1017689070,1674013075,3226124080
2019-11-20,4630.0,4660.0,4595.0,4625.0,470438.0,-1.1752136752136753,737005545,4605,793020590,644154730,450748145,0,949396050,774041275,2174185470
2019-11-21,4640.0,4650.0,4505.0,4530.0,664756.0,-2.054054054054054,838370885,456075,1562581415,617362340,681698255,101325585,1449101955,786644920,3018770715
2019-11-22,4500.0,4600.0,4500.0,4595.0,392477.0,1.434878587196468,837618370,0,331573205,627236475,438788415,0,948824585,408815050,1796428050
2019-11-25,4590.0,4650.0,4555.0,4645.0,433341.0,1.088139281828074,1226514050,0,423857685,356803140,370177160,0,1000489090,636508625,2007174875
2019-11-26,4645.0,4705.0,4600.0,4645.0,939996.0,0.0,947267940,0,907578295,2516312605,297375815,0,894996490,3178786535,4371158840
2019-11-27,4700.0,4725.0,4605.0,4615.0,309823.0,-0.6458557588805167,547872480,0,655588460,237375045,334540985,0,579293130,527001870,1440835985
2019-11-28,4610.0,4610.0,4550.0,4570.0,450611.0,-0.9750812567713976,985318740,461055,834120215,237716545,671788505,0,612005595,773822455,2057616555
2019-11-29,4630.0,4630.0,4455.0,4460.0,649770.0,-2.4070021881838075,694689435,0,1800619800,423226435,1254156195,0,488197225,1176182250,2918535670
2019-12-02,4460.0,4485.0,4390.0,4405.0,628338.0,-1.2331838565022422,620414390,6645000,1338459580,816721700,595291840,0,1009838180,1177110650,2782240670
2019-12-03,4360.0,4400.0,4305.0,4400.0,689202.0,-0.11350737797956867,879492690,217500,1265301565,860447600,582468200,0,950384275,1472606880,3005459355
2019-12-04,4350.0,4435.0,4320.0,4385.0,540505.0,-0.3409090909090909,1478441255,0,514975720,374805660,751310995,0,555022445,1061889195,2368222635
2019-12-05,4365.0,4410.0,4300.0,4370.0,440141.0,-0.34207525655644244,807236455,218000,571958900,548932330,560585265,0,700083440,667676980,1928345685
2019-12-06,4335.0,4435.0,4335.0,4435.0,561801.0,1.4874141876430207,1309738605,0,466678030,697073825,793458990,0,975637825,704393645,2473490460
2019-12-09,4430.0,4535.0,4415.0,4470.0,549432.0,0.7891770011273956,1633962110,0,456519310,374789100,601401610,0,1083443180,780425730,2465270520
2019-12-10,4500.0,4590.0,4475.0,4570.0,574958.0,2.237136465324385,1469211765,0,442141620,711787010,449115910,0,1415145685,758878800,2623140395
2019-12-11,4525.0,4640.0,4525.0,4615.0,644166.0,0.9846827133479212,2016054360,0,340649420,620338390,621590245,0,1974690915,380761010,2977042170
2019-12-12,4645.0,4860.0,4630.0,4830.0,2128026.0,4.658721560130011,5285734870,24050,1307515665,3622448030,2666509770,1450750,6479899420,1067862675,10215722615
2019-12-13,4835.0,4930.0,4795.0,4805.0,972838.0,-0.5175983436853002,1578016975,48600,1458328205,1685494230,899829915,69795295,2532856770,1219406030,4721888010
2019-12-16,4790.0,4800.0,4670.0,4715.0,672608.0,-1.8730489073881373,953164950,4755,1507986520,721425460,663059470,0,1468395335,1051126880,3182581685
2019-12-17,4670.0,4695.0,4570.0,4585.0,1052121.0,-2.757158006362672,1779729145,463605,2178752060,889192325,2105211755,2307500,1871857835,868760045,4848137135
2019-12-18,4575.0,4640.0,4540.0,4600.0,725600.0,0.3271537622682661,856247270,4560,1105874415,1365307825,982698525,1375000,1839179060,504181485,3327434070
2019-12-19,4600.0,4625.0,4575.0,4600.0,503560.0,0.0,919616590,25738750,759361500,610370680,786463610,0,1083740725,444883185,2315087520
2019-12-20,4650.0,4665.0,4585.0,4625.0,653255.0,0.5434782608695652,929627940,23100000,610274720,1454250115,902218750,0,1089054045,1025979980,3017252775
2019-12-23,4660.0,4670.0,4585.0,4625.0,537336.0,0.0,1222554565,0,545123155,711781065,635057445,6003500,1548971590,289426250,2479458785
2019-12-24,4630.0,4655.0,4565.0,4590.0,501190.0,-0.7567567567567568,1274817845,4600,771370405,261764975,814686330,10612500,1120615095,362043900,2307957825
2019-12-26,4635.0,4635.0,4570.0,4575.0,455011.0,-0.32679738562091504,1309501420,45800000,501145010,234407880,530442220,0,1416601925,143810165,2090854310
2019-12-27,4580.0,4710.0,4540.0,4695.0,776640.0,2.622950819672131,1459568140,4670,1271861890,879185260,941984430,11615000,1548088250,1108932280,3610619960
2019-12-30,4700.0,4770.0,4670.0,4740.0,637066.0,0.9584664536741214,1778156115,0,699327330,543517140,474241670,0,1582011845,964747070,3021000585
2020-01-02,4730.0,4745.0,4660.0,4660.0,998508.0,-1.6877637130801686,1586244330,9998105,2278063835,812860685,1556984885,0,1205454590,1924727480,4687166955
2020-01-03,4680.0,4705.0,4610.0,4695.0,752578.0,0.7510729613733905,1470747300,0,1049981810,996287715,1285030105,7050000,807663020,1417273700,3517016825
2020-01-06,4625.0,4665.0,4485.0,4500.0,1287069.0,-4.15335463258786,1945978280,454130,3015602230,878015115,2799710770,0,1848707745,1191631240,5840049755
2020-01-07,4500.0,4525.0,4420.0,4425.0,1542630.0,-1.6666666666666667,2551837895,2257500,3080096955,1250267875,4199788760,0,1564887880,1119783585,6884460225
2020-01-08,4410.0,4410.0,4165.0,4205.0,2788299.0,-4.971751412429379,1946512180,505960,7598151940,2227074165,5847258180,0,3448684185,2476301880,11772244245
2020-01-09,4240.0,4380.0,4240.0,4380.0,1805007.0,4.161712247324614,3014387200,0,3608087945,1160773635,2724628365,4357500,2548263415,2505999500,7783248780
2020-01-10,4330.0,4410.0,4310.0,4385.0,1054291.0,0.1141552511415525,2367814895,0,1930766320,315729830,1875547420,2126715,2112748625,623888285,4614311045
2020-01-13,4385.0,4545.0,4355.0,4515.0,903816.0,2.9646522234891677,2655469705,0,715886890,680096285,849022285,3119000,2691294530,508017065,4051452880
2020-01-14,4515.0,4545.0,4490.0,4525.0,764456.0,0.22148394241417496,1297582260,9996695,807391210,1336991015,1300911940,609775,1240170090,910269375,3451961180
2020-01-15,4505.0,4690.0,4505.0,4675.0,1243935.0,3.314917127071823,3705986695,4585,889111220,1154506570,920935655,1559400,3142134155,1684979860,5749609070
2020-01-16,4695.0,4730.0,4635.0,4690.0,1177374.0,0.32085561497326204,3511314475,0,677700545,1343385015,1356757145,0,3285709150,889933740,5532400035
2020-01-17,4660.0,4750.0,4655.0,4655.0,704823.0,-0.7462686567164178,1310370455,7024000,915712245,1071940875,1411551425,0,1269172510,624323640,3305047575
2020-01-20,4630.0,4690.0,4560.0,4650.0,853108.0,-0.10741138560687433,1811891425,18660,828897820,1326246355,1902767965,936000,1472872370,590477925,3967054260
2020-01-21,4665.0,4830.0,4645.0,4800.0,1975135.0,3.225806451612903,3914615005,0,2050594875,3492333690,2300625975,1437500,5896147070,1259333025,9457543570
2020-01-22,4810.0,4830.0,4750.0,4775.0,730399.0,-0.5208333333333333,1776723295,956500,893664305,830636565,826900725,82829670,1449315340,1142934930,3501980665
2020-01-23,4750.0,4760.0,4635.0,4670.0,673837.0,-2.1989528795811517,702675265,4662145,1238981965,1202447970,1293172455,0,1140161725,715433165,3148767345
2020-01-28,4510.0,4580.0,4445.0,4495.0,1470319.0,-3.747323340471092,3172019525,1343990,2726414850,698655685,2987829910,0,2172223205,1438380935,6598434050
2020-01-29,4485.0,4515.0,4450.0,4470.0,778825.0,-0.5561735261401557,509770705,0,2342375735,636370115,1460977575,0,716587695,1310951285,3488516555
2020-01-30,4465.0,4535.0,4375.0,4375.0,811704.0,-2.1252796420581657,459971460,0,2146758880,982386465,1335709755,0,1075971130,1177435920,3589116805
2020-01-31,4375.0,4545.0,4310.0,4350.0,1644067.0,-0.5714285714285714,3419186545,0,2315038275,1536546630,1983873045,0,2162879380,3124019025,7270771450
2020-02-03,4295.0,4415.0,4225.0,4340.0,1194075.0,-0.22988505747126436,2148285530,4250,2047155335,974322875,1845869750,0,1428099580,1895798660,5169767990
2020-02-04,4310.0,4470.0,4310.0,4420.0,953729.0,1.8433179723502304,1743976705,3890640,1182718045,1276827330,1820595255,2549785,827859735,1556407945,4207412720
2020-02-05,4420.0,4470.0,4380.0,4425.0,759859.0,0.11312217194570137,1112046915,0,1109167775,1136759150,1850146020,1343875,892737310,613746635,3357973840
2020-02-06,4465.0,4820.0,4430.0,4810.0,2744930.0,8.700564971751412,7397612315,0,2181433470,3383109235,1911646090,1419000,9803202540,1245887390,12962155020
2020-02-07,4770.0,4785.0,4685.0,4720.0,1138686.0,-1.8711018711018712,1837040790,20094745,1926307205,1601331490,2016361060,0,2761749420,606663750,5384774230
2020-02-10,4665.0,4735.0,4645.0,4690.0,782537.0,-0.6355932203389831,1472233800,4913500,986374860,1198842655,2018205840,26725080,1226046675,391387220,3662364815
2020-02-11,4660.0,4740.0,4660.0,4725.0,508715.0,0.7462686567164178,1247264465,0,519899595,629455565,520789755,0,1142783835,733046035,2396619625
2020-02-12,4680.0,4720.0,4615.0,4690.0,975726.0,-0.7407407407407408,1885857175,0,1750465350,903982250,2029683995,0,1122037155,1388583625,4540304775
2020-02-13,4675.0,4675.0,4540.0,4585.0,1570051.0,-2.2388059701492535,2368135815,3782530,3256916480,1556158085,4643186340,0,956498695,1585307875,7184992910
2020-02-14,4535.0,4575.0,4475.0,4475.0,945040.0,-2.399127589967285,1182056665,1123750,2517746190,556054245,1997503580,12199200,954734360,1292543710,4256980850
2020-02-17,4475.0,4495.0,4390.0,4475.0,928966.0,0.0,543859475,0,1896830335,1682156680,2046086000,2110080,1535800750,538849660,4122846490
2020-02-18,4415.0,4465.0,4410.0,4450.0,560234.0,-0.5586592178770949,583961740,44425000,1309132660,546969015,1160925830,0,763751095,559811490,2484488415
2020-02-19,4525.0,4525.0,4395.0,4410.0,685734.0,-0.8988764044943821,1030172100,0,1652280100,351845310,1075729590,0,559213070,1399354850,3034297510
2020-02-20,4415.0,4440.0,4310.0,4330.0,1108076.0,-1.8140589569160999,798250985,9113000,3529016105,490116120,1477068545,7920000,2560838745,780668920,4826496210
2020-02-21,4300.0,4330.0,4270.0,4305.0,1018582.0,-0.5773672055427251,2058066905,0,1861398215,463537755,1526413425,0,1634790000,1221799450,4383002875
2020-02-24,4205.0,4285.0,4105.0,4110.0,2081759.0,-4.529616724738676,1972478865,60237340,5078475525,1536924025,1584861490,42050000,3999487295,3021716970,8648115755
2020-02-25,4070.0,4210.0,4070.0,4150.0,1046129.0,0.9732360097323601,1155682110,126741900,2291202235,772920705,1152343885,0,1932750765,1261452300,4346546950
2020-02-26,4130.0,4245.0,4065.0,4195.0,1286106.0,1.0843373493975903,1789651265,0,1759885450,1803502935,1308942705,26808600,1951750010,2065538335,5353039650
2020-02-27,4180.0,4220.0,4130.0,4155.0,878681.0,-0.9535160905840285,1688246535,0,1168781930,802565325,1391657215,22776700,1059468630,1185691245,3659593790
2020-02-28,4050.0,4110.0,3995.0,4050.0,2216897.0,-2.527075812274368,3086175740,3225565,3072624730,2777147685,1512870115,0,3023914060,4402389545,8939173720
2020-03-02,4065.0,4145.0,3965.0,4025.0,2028459.0,-0.6172839506172839,2190526105,2341000,3406241560,2546922810,1531452865,5650065,5243642820,1365285725,8146031475
2020-03-03,4130.0,4145.0,3995.0,4005.0,1588427.0,-0.4968944099378882,920864080,162846000,4320614425,1047034420,2795191965,1497225,2125344435,1529325300,6451358925
2020-03-04,4005.0,4070.0,4005.0,4035.0,1033904.0,0.7490636704119851,887300210,22155000,2399820295,862457150,2114878210,168544765,1428598280,459711400,4171732655
2020-03-05,4065.0,4300.0,4050.0,4295.0,2277299.0,6.443618339529119,4495924425,85981340,2665930390,2332999025,1887018410,1271720,6283245610,1409299440,9580835180
2020-03-06,4210.0,4235.0,4070.0,4120.0,1284056.0,-4.074505238649592,1424718035,12668350,3613752220,233728925,2439089885,12403470,1579961445,1253412730,5284867530
2020-03-09,4040.0,4040.0,3840.0,3855.0,2693924.0,-6.432038834951456,1497897135,76747190,7949484165,1028908025,2148963825,59861525,3888235490,4455975675,10553036515
2020-03-10,3775.0,3915.0,3775.0,3860.0,1502898.0,0.12970168612191957,1816755465,66585030,2618161035,1297755710,2112109825,0,2243297055,1443850360,5799257240
2020-03-11,3890.0,3920.0,3765.0,3790.0,1628509.0,-1.8134715025906734,1658117095,30759400,2980772905,1586516035,1505701050,44721280,3802838095,902905010,6256165435
2020-03-12,3700.0,3760.0,3455.0,3520.0,2831225.0,-7.12401055408971,2413759345,63409425,5234704835,2367850110,2721688690,33602670,4581969875,2742462480,10079723715
2020-03-13,3140.0,3330.0,3010.0,3280.0,3513467.0,-6.8181818181818175,1820865640,78368025,5550806795,3710674890,1956130785,308011745,6260337480,2636235340,11160715350
2020-03-16,3295.0,3440.0,3240.0,3270.0,1732496.0,-0.3048780487804878,1525791040,11102165,2924890740,1275600845,937752740,0,3297999905,1501632145,5737384790
2020-03-17,2990.0,3225.0,2990.0,3085.0,2440175.0,-5.657492354740061,932876725,38647105,4449748300,2147051860,1988073875,44339700,3538175370,1997735045,7568323990
2020-03-18,3100.0,3145.0,2780.0,2795.0,2749166.0,-9.40032414910859,418900330,31639015,4904655580,2805595425,1801614620,4601500,5034064420,1320509810,8160790350
2020-03-19,2850.0,2900.0,2350.0,2370.0,4389516.0,-15.20572450805009,1403305375,20639085,4838678965,4824342510,1731109180,0,6801112775,2554743980,11086965935
2020-03-20,2380.0,2530.0,2300.0,2530.0,3331959.0,6.751054852320674,848618695,2915000,4214435545,2993552170,1362698735,239753845,3976877450,2480191380,8059521410
2020-03-23,2290.0,2375.0,2250.0,2275.0,2216825.0,-10.079051383399209,475959325,361427665,2941873305,1341027010,1181633560,1150000,2331035710,1606468035,5120287305
2020-03-24,2330.0,2490.0,2310.0,2485.0,2317386.0,9.230769230769232,1465684125,178537160,2072797585,1901714010,1229350440,215343720,3025015095,1149023625,5618732880
2020-03-25,2580.0,2835.0,2545.0,2810.0,3340166.0,13.078470824949697,2449686850,105691535,4336265815,2101930115,1365360510,86724770,5398295430,2143193605,8993574315
2020-03-26,2815.0,2870.0,2730.0,2790.0,2164969.0,-0.7117437722419928,812403345,283980740,3697471525,1288228960,1234494370,15474500,2686078680,2146037020,6082084570
2020-03-27,2910.0,2955.0,2725.0,2785.0,1955023.0,-0.17921146953405018,889530470,312871150,3359776880,968584785,811679825,63470000,3042879365,1612734095,5530763285
2020-03-30,2685.0,2815.0,2645.0,2805.0,1529781.0,0.718132854578097,670017470,160661855,2145575395,1207536210,1027274125,4192000,2321885940,830438865,4183790930
2020-03-31,2840.0,3040.0,2830.0,2940.0,2285175.0,4.81283422459893,777842930,92905950,4013664760,1789295430,815557220,42849800,4039692015,1775610035,6673709070
2020-04-01,2915.0,2955.0,2760.0,2760.0,1814015.0,-6.122448979591836,474820720,167559700,3397961570,1181783090,761497035,850000,2160448095,2299329950,5222125080
2020-04-02,2760.0,2930.0,2705.0,2905.0,1379518.0,5.253623188405797,775514710,5470,1918677965,1193591725,421325665,43627000,2517358665,905478540,3887789870
2020-04-03,2920.0,2935.0,2805.0,2885.0,1669488.0,-0.6884681583476765,690412525,10503000,3380927765,722832790,1059137610,38200855,2324514215,1382823400,4804676080
2020-04-06,2920.0,3005.0,2890.0,2980.0,1739338.0,3.2928942807625647,987686030,7059785,3101373375,1047420875,734416255,10968500,3122674175,1275481135,5143540065
2020-04-07,3050.0,3075.0,2965.0,3020.0,1691012.0,1.342281879194631,818435180,98242375,3105864980,1086021345,668828890,16451500,3077072010,1346211480,5108563880
2020-04-08,3015.0,3220.0,3000.0,3115.0,1989885.0,3.145695364238411,1294773975,79772415,3813532250,968284560,1077635765,13395000,4042722960,1022609475,6156363200
2020-04-09,3180.0,3195.0,3125.0,3150.0,1150786.0,1.1235955056179776,705248075,47179500,2458155670,417420445,1067413685,7784620,1753412695,799392690,3628003690
2020-04-10,3160.0,3210.0,3110.0,3145.0,1823254.0,-0.15873015873015872,339783480,82641260,4437119125,881659920,1338765230,13956000,3678234405,710248150,5741203785
2020-04-13,3165.0,3250.0,3140.0,3155.0,1448055.0,0.3179650238473768,481654005,200538210,3069283930,857810580,609934490,36786000,3390008270,572557965,4609286725
2020-04-14,3195.0,3365.0,3170.0,3315.0,2427988.0,5.071315372424722,1288617750,241766400,4650810685,1843075555,756112050,98605690,6299628855,869923795,8024270390
2020-04-16,3270.0,3330.0,3195.0,3295.0,1957133.0,-0.603318250377074,1049342015,178276500,4242388565,930587935,703544780,29032055,3122279355,2545738825,6400595015
2020-04-17,3330.0,3470.0,3330.0,3355.0,1658460.0,1.8209408194233687,1090316200,287295240,3256561510,997085185,533968285,5110000,3457721770,1634458080,5631258135
2020-04-20,3345.0,3460.0,3305.0,3360.0,2115545.0,0.14903129657228018,689654470,33598245,5109750605,1333797110,1006554905,29390000,4731470645,1399384880,7166800430
2020-04-21,3350.0,3405.0,3205.0,3310.0,2034927.0,-1.488095238095238,469055665,254768030,4182965430,1835248790,956271745,3724000,3946459215,1835582955,6742037915
2020-04-22,3240.0,3445.0,3170.0,3445.0,2014014.0,4.078549848942599,365198650,186054200,3346444485,2670554780,2113104950,8506300,3505454520,941186345,6568252115
2020-04-23,3455.0,3460.0,3385.0,3420.0,1306602.0,-0.7256894049346879,645868475,42404875,3144378820,647789430,741172495,50196410,2435561680,1253511015,4480441600
2020-04-24,3400.0,3415.0,3270.0,3300.0,1439344.0,-3.508771929824561,334756975,110890840,3238178305,1109755655,528689980,0,2309924145,1954967650,4793581775
2020-04-27,3320.0,3440.0,3320.0,3440.0,911273.0,4.242424242424243,1001593625,0,1226686725,865586650,157306765,19532300,2660709145,256318790,3093867000
2020-04-28,3500.0,3550.0,3390.0,3465.0,1411539.0,0.7267441860465116,541132780,138500,2846584485,1497231230,506705290,0,3086883585,1291498120,4885086995
2020-04-29,3500.0,3640.0,3495.0,3560.0,2270387.0,2.7417027417027415,2621834390,65011000,3604299360,1827060980,422385540,8390450,5856618185,1830811555,8118205730
2020-05-04,3490.0,3575.0,3435.0,3490.0,1654357.0,-1.9662921348314606,1643550435,57065000,2997994840,1088644565,1258481405,17350000,2260968440,2250454995,5787254840
2020-05-06,3525.0,3605.0,3490.0,3550.0,1319005.0,1.7191977077363898,2264656190,1048500,1980178040,436231875,813214120,13590500,2509173200,1346136785,4682114605
2020-05-07,3555.0,3590.0,3545.0,3570.0,847123.0,0.5633802816901409,670906515,0,1779805510,572180085,835977315,0,1497971585,688943210,3022892110
2020-05-08,3595.0,3625.0,3560.0,3570.0,1128597.0,0.0,870471630,35946950,2706609710,430335870,1489789325,0,1794838695,758736140,4043364160
2020-05-11,3570.0,3575.0,3520.0,3535.0,1059635.0,-0.9803921568627451,1738053725,64061660,1618654230,341398120,1340112650,3545000,1936372675,482137410,3762167735
2020-05-12,3500.0,3525.0,3395.0,3415.0,1538885.0,-3.3946251768033946,328054070,188298970,3975590455,782780025,1871385560,0,2224491315,1178846645,5274723520
2020-05-13,3365.0,3445.0,3350.0,3445.0,1167323.0,0.8784773060029283,828448395,94130895,2238433170,801347385,1531137200,11172465,1979942660,440107520,3962359845
2020-05-14,3465.0,3605.0,3425.0,3445.0,2190873.0,0.0,734566535,64177500,6404648050,408167785,1530670225,0,3997530060,2083359585,7611559870
2020-05-15,3535.0,3550.0,3455.0,3480.0,1455128.0,1.0159651669085632,639195485,75693500,3476620465,886923850,586790070,0,4048301905,443341325,5078433300
2020-05-18,3540.0,3540.0,3430.0,3470.0,923887.0,-0.28735632183908044,464604980,26286620,2120893140,586730620,972450115,10367500,1496948775,718748970,3198515360
2020-05-19,3500.0,3560.0,3500.0,3515.0,1444379.0,1.2968299711815563,901040150,0,3100807010,1091689085,333596295,7375500,3827129330,925435120,5093536245
2020-05-20,3515.0,3560.0,3485.0,3560.0,1035544.0,1.2802275960170697,477051135,11641960,1621248510,1561096895,707178635,0,2265872645,697987220,3671038500
2020-05-21,3570.0,3575.0,3525.0,3555.0,827325.0,-0.1404494382022472,413286445,0,2098607385,420074725,869550180,4602000,1575653930,482162445,2931968555
2020-05-22,3555.0,3555.0,3465.0,3485.0,882053.0,-1.969057665260197,726238155,16096080,1897533080,443436195,700158635,0,1821242815,561902060,3083303510
2020-05-25,3500.0,3520.0,3440.0,3495.0,557723.0,0.2869440459110474,459085790,21484500,967699170,493047315,410248845,0,1258709470,272358460,1941316775
2020-05-26,3500.0,3665.0,3485.0,3605.0,2597968.0,3.1473533619456364,1855996140,60976700,4665221040,2771919845,1785555210,0,6881147575,687410940,9354113725
2020-05-27,3600.0,3750.0,3600.0,3735.0,2185258.0,3.6061026352288486,1745324585,94561920,4229452430,1977465320,1046551260,83114035,6345279175,571859785,8046804255
2020-05-28,3760.0,3765.0,3600.0,3655.0,1865133.0,-2.14190093708166,1346329750,177630190,4361253765,977862150,1001671230,536740,3261391085,2599476800,6863075855
2020-05-29,3645.0,3830.0,3585.0,3830.0,2547093.0,4.7879616963064295,1866728765,61803180,3591281395,4047817470,1375313490,45377400,6294757275,1852182645,9567630810
2020-06-01,3730.0,3850.0,3660.0,3850.0,1981805.0,0.5221932114882507,1633165625,26246500,4239712700,1541241595,1196919715,167641970,4984006325,1091798410,7440366420
2020-06-02,3795.0,3895.0,3795.0,3875.0,1316550.0,0.6493506493506493,929894735,11440000,3018411325,1097658290,772303880,20071000,2869928345,1395101125,5057404350
2020-06-03,3945.0,4045.0,3905.0,3985.0,2756495.0,2.838709677419355,4593858655,2449350,4594009270,1861065090,1168904630,113726600,7594120375,2174630760,11051382365
2020-06-04,4100.0,4100.0,3910.0,3930.0,1819393.0,-1.3801756587202008,1260775690,36449600,4525710425,1417054575,2017290490,0,3951940065,1270759735,7239990290
2020-06-05,3935.0,4110.0,3930.0,4100.0,1715900.0,4.325699745547073,1885006685,7105500,2488001785,2562749505,1481445810,1022500,4934687995,525707170,6942863475
2020-06-08,4165.0,4165.0,4015.0,4030.0,1033550.0,-1.707317073170732,802226595,44423275,2907941200,438796305,1028719375,0,2382702460,781965540,4193387375
2020-06-09,4085.0,4120.0,3920.0,3960.0,1586838.0,-1.7369727047146404,855861545,112521605,4058629090,1320992290,2347709450,0,2861254920,1139040160,6348004530
2020-06-10,3985.0,4030.0,3860.0,3925.0,1594725.0,-0.8838383838383838,861174215,149586260,3921205910,1297029985,2154023935,0,3327827695,747144740,6228996370
2020-06-11,3925.0,3935.0,3780.0,3825.0,1636318.0,-2.547770700636943,1045575005,264866420,4168395705,796843860,2929382705,0,2632228340,714069945,6275680990
2020-06-12,3680.0,3700.0,3625.0,3690.0,1383511.0,-3.5294117647058822,699565460,158886425,3179174240,1038215435,1294575045,29363685,3241532980,510369850,5075841560
2020-06-15,3620.0,3675.0,3480.0,3480.0,1414033.0,-5.691056910569105,634025005,280802245,3126776420,1044798095,1760180485,0,2312782660,1013438620,5086401765
2020-06-16,3545.0,3685.0,3540.0,3680.0,1116764.0,5.747126436781609,1232037260,70904500,1639597265,1084437050,1259977260,0,2171610055,595388760,4026976075
2020-06-17,3610.0,3670.0,3565.0,3625.0,896650.0,-1.4945652173913044,491672750,80571440,1801536630,864998435,1068440610,0,1143267120,1027071525,3238779255
2020-06-18,3580.0,3630.0,3565.0,3565.0,709658.0,-1.6551724137931034,580428475,46887415,1132181720,787262175,1202526050,3580,854228035,490002120,2546759785
2020-06-19,3600.0,3645.0,3545.0,3615.0,934469.0,1.402524544179523,591352890,63106500,1661550795,1034381105,1343127815,0,1115031550,892231925,3350391290
2020-06-22,3555.0,3620.0,3545.0,3545.0,767676.0,-1.9363762102351314,460534900,141177710,1694091120,444641520,1070127220,0,829956590,840361440,2740445250
2020-06-23,3565.0,3630.0,3480.0,3485.0,1028770.0,-1.692524682651622,615390100,118578320,1953511700,946808845,1271490340,0,1688182145,674616480,3634288965
2020-06-24,3530.0,3625.0,3500.0,3580.0,1264986.0,2.72596843615495,1536129490,142337370,1468666750,1368609735,1315816845,0,2443541780,756384720,4515743345
2020-06-25,3515.0,3545.0,3440.0,3440.0,1392701.0,-3.910614525139665,435115475,203299415,3846702125,363012225,1914441785,145130,1507570385,1425971940,4848129240
2020-06-26,3455.0,3465.0,3360.0,3370.0,1427725.0,-2.0348837209302326,403362755,256394935,3504862870,686476115,3497036375,4562365,947101000,402396935,4851096675
2020-06-29,3330.0,3370.0,3260.0,3315.0,1176225.0,-1.6320474777448073,507321385,99713305,2089627840,1202161175,1379351225,514530,1771642540,747315410,3898823705
2020-06-30,3335.0,3490.0,3335.0,3430.0,1195411.0,3.469079939668175,603868180,6745390,1757534950,1736184245,667890595,6111940,2347890565,1082439665,4104332765
2020-07-01,3435.0,3550.0,3435.0,3470.0,884446.0,1.1661807580174928,532037755,0,1303175130,1261263560,474824630,0,1758439785,863212030,3096476445
2020-07-02,3470.0,3535.0,3450.0,3465.0,781550.0,-0.1440922190201729,582180150,20765,1574933030,563648075,709990540,0,877390360,1133401120,2720782020
2020-07-03,3500.0,3510.0,3450.0,3500.0,922311.0,1.0101010101010102,1280335645,10410,1661163315,266564130,1581800485,0,978252720,648020295,3208073500
2020-07-06,3570.0,3570.0,3465.0,3525.0,656397.0,0.7142857142857143,709999945,430440,1113273585,479965210,349463950,0,1423932875,530272355,2303669180
2020-07-07,3580.0,3580.0,3490.0,3505.0,800460.0,-0.5673758865248227,630347425,381100,1552354845,632561025,572808205,707000,1208867955,1033261235,2815644395
2020-07-08,3505.0,3545.0,3495.0,3540.0,602982.0,0.9985734664764622,519583560,17600,882000610,722148025,614908575,0,1230222765,278618455,2123749795
2020-07-09,3545.0,3550.0,3485.0,3490.0,748032.0,-1.4124293785310735,662123015,56067080,1347279345,558443285,1010493285,0,1016078600,597340840,2623912725
2020-07-10,3490.0,3510.0,3385.0,3410.0,824557.0,-2.292263610315186,363829360,356500,2043309720,413039915,970878540,0,1185459825,664197130,2820535495
2020-07-13,3410.0,3515.0,3395.0,3515.0,839914.0,3.0791788856304985,716278770,41289200,1365829780,786617460,750735835,0,1762202900,397076475,2910015210
2020-07-14,3490.0,3500.0,3425.0,3485.0,705750.0,-0.8534850640113799,805201745,15756470,1196132270,427455290,862965055,3450000,996210795,581919925,2444545775
2020-07-15,3550.0,3620.0,3520.0,3600.0,1580272.0,3.2998565279770444,2265496425,4381380,2276082125,1105473165,835309040,0,3546065070,1270058985,5651433095
2020-07-16,3600.0,3665.0,3580.0,3665.0,968388.0,1.8055555555555554,1445274940,18200000,1487523565,572790450,483459330,0,2710068315,330261310,3523788955
2020-07-17,3665.0,3705.0,3595.0,3615.0,645957.0,-1.364256480218281,456042055,2129435,1538969335,359159140,468905660,4448040,1117634825,765311440,2356299965
2020-07-20,3615.0,3660.0,3540.0,3645.0,813233.0,0.8298755186721992,581182480,28610,1765524970,583590470,505833720,0,1430980835,993511975,2930326530
2020-07-21,3655.0,3655.0,3565.0,3570.0,1309154.0,-2.05761316872428,836873510,37556865,3232691120,592678140,2267306495,0,1735749355,696743785,4699799635
2020-07-22,3580.0,3655.0,3530.0,3530.0,1537003.0,-1.1204481792717087,486780300,28311040,3725192735,1267821930,2115632620,0,2298790085,1093683300,5508106005
2020-07-23,3530.0,3535.0,3455.0,3490.0,979608.0,-1.13314447592068,321235360,101107915,2280631480,708348825,1193072430,0,1015926710,1202324440,3411323580
2020-07-24,3455.0,3515.0,3420.0,3450.0,1467172.0,-1.146131805157593,416540860,235906370,3490168645,919237980,2170426805,0,1584819500,1306607550,5061853855
2020-07-27,3435.0,3645.0,3425.0,3505.0,2828962.0,1.5942028985507246,879320340,73157950,5984490495,3129213155,665830045,0,7025735910,2374615985,10066181940
2020-07-28,3520.0,3850.0,3470.0,3755.0,5826855.0,7.132667617689016,1604693965,8330745,13602345170,6208216025,2408705170,196236515,15928433465,2890210755,21423585905
2020-07-29,3760.0,3770.0,3620.0,3645.0,2768899.0,-2.929427430093209,1216603640,68818850,7228898880,1659838050,2296632540,4569115,4947873760,2925084005,10174159420
2020-07-30,3605.0,3670.0,3540.0,3545.0,1835649.0,-2.7434842249657065,581622690,15258500,4328443230,1654866170,1877616360,1822500,3028872240,1671879490,6580190590
2020-07-31,3540.0,3595.0,3480.0,3490.0,2200962.0,-1.5514809590973202,719848810,92391500,4140536255,2774427590,2522955165,0,2296678735,2907570255,7727204155
2020-08-03,3505.0,3525.0,3470.0,3480.0,1198832.0,-0.28653295128939826,349805815,72176755,2921592455,839080205,1357771990,12571970,1542335430,1269975840,4182655230
2020-08-04,3510.0,3780.0,3510.0,3655.0,4655043.0,5.028735632183908,3386525680,6678500,10226149865,3415713320,1817719035,91740500,13484014355,1641593475,17035067365
2020-08-05,3775.0,3775.0,3555.0,3570.0,2596542.0,-2.3255813953488373,536968795,54088700,7995126550,821065170,1274888315,17761220,6049890320,2064709360,9407249215
2020-08-06,3580.0,3635.0,3555.0,3590.0,1509617.0,0.5602240896358543,896843055,0,3511276140,1009398740,714196990,78705,2956327930,1746914310,5417517935
2020-08-07,3590.0,3605.0,3485.0,3510.0,1838015.0,-2.2284122562674096,480487290,94934705,5309730095,593006840,1769932190,17850000,3261181205,1429195535,6478158930
2020-08-10,3510.0,3570.0,3480.0,3525.0,1403010.0,0.4273504273504274,898735240,44109780,3603230010,384052450,912403305,0,3117009245,900714930,4930127480
2020-08-11,3555.0,3635.0,3540.0,3600.0,2459853.0,2.127659574468085,1003170660,1033890,6055546820,1774130960,1777441455,28803055,6617117595,410520225,8833882330
2020-08-12,3605.0,3625.0,3530.0,3615.0,1388502.0,0.4166666666666667,649144580,10845000,3400748430,901636365,747901235,0,3102700710,1111772430,4962374375
2020-08-13,3625.0,3625.0,3480.0,3510.0,4142554.0,-2.904564315352697,1341752925,137856785,12554229230,557917245,4936995670,0,4721127315,4933633200,14591756185
2020-08-14,3495.0,3535.0,3460.0,3525.0,1768712.0,0.4273504273504274,915390100,61884675,3837628515,1372282950,1729029080,105170,3901273200,556778790,6187186240
2020-08-18,3525.0,3530.0,3370.0,3370.0,1720632.0,-4.397163120567376,1134859235,378305000,3821626240,596415435,607046490,0,3302477100,2021682320,5931205910
2020-08-19,3370.0,3470.0,3365.0,3370.0,1226352.0,0.0,485197485,84463525,3027077940,564340535,1010945755,0,2477758375,672375355,4161079485
2020-08-20,3355.0,3370.0,3190.0,3200.0,2141779.0,-5.044510385756676,853382350,457431500,5030753235,620955575,2547226965,0,3710381560,704914135,6962522660
2020-08-21,3240.0,3270.0,3205.0,3235.0,755780.0,1.09375,535605845,50285500,1661894930,198175835,434365610,0,1787404545,224191955,2445962110
2020-08-24,3240.0,3260.0,3160.0,3205.0,1162710.0,-0.9273570324574961,615744220,12940000,2719290455,375596185,1045864670,0,1829324370,848381820,3723570860
2020-08-25,3220.0,3235.0,3205.0,3210.0,1828063.0,0.15600624024961,539249030,38650000,4509403260,787108695,1249645445,0,1595559370,3029206170,5874410985
2020-08-26,3215.0,3220.0,3120.0,3130.0,3703580.0,-2.4922118380062304,595094415,126512000,9187181815,1741300490,2890619455,1186335,3416638310,5341644620,11650088720
2020-08-27,3125.0,3130.0,3010.0,3020.0,4342416.0,-3.5143769968051117,805297525,265170140,8791641200,3400984075,2491868155,0,5703377275,5067847510,13263092940
2020-08-28,3040.0,3100.0,3020.0,3080.0,2681825.0,1.9867549668874174,879512335,39745000,3780815375,3535165845,1052945305,30550000,3178220255,3973522995,8235238555
2020-08-31,3100.0,3135.0,2945.0,2945.0,20806884.0,-4.383116883116883,1967204700,272890445,15412547570,44108539430,2685367215,0,3207162365,55868652565,61761182145
2020-09-01,2970.0,3035.0,2965.0,3015.0,3037231.0,2.3769100169779285,425599475,27044530,5757285625,2905314630,1089063190,0,3853615000,4172566070,9115244260
2020-09-02,3025.0,3050.0,2980.0,3000.0,2333647.0,-0.4975124378109453,361474945,52838000,5370444705,1226000835,896823165,0,2155536240,3958399080,7010758485
2020-09-03,3015.0,3040.0,2990.0,3005.0,2312898.0,0.16666666666666669,305427900,18070000,4747427970,1897714335,462568075,0,3855803795,2650268335,6968640205
2020-09-04,2935.0,3000.0,2935.0,2980.0,2106958.0,-0.8319467554076538,365716280,45289225,4508730425,1350989295,1388369730,3856380,3001345690,1877153425,6270725225
2020-09-07,2985.0,3055.0,2965.0,3005.0,3674986.0,0.8389261744966443,156724075,0,5903038425,5042892180,706770805,10062660,4069501610,6316319605,11102654680
2020-09-08,3020.0,3030.0,2950.0,2960.0,3419169.0,-1.497504159733777,644772315,143861490,7755892785,1622643475,1302301700,0,3879665555,4985202810,10167170065
2020-09-09,2935.0,2950.0,2915.0,2915.0,2527235.0,-1.5202702702702704,455510335,82545000,5438280165,1422375535,1487644235,0,2543758245,3367308555,7398711035
2020-09-10,2945.0,2945.0,2855.0,2865.0,4045820.0,-1.7152658662092626,1108362930,106976595,8639268370,1826315160,2481822950,0,4679144695,4519955410,11680923055
2020-09-11,2855.0,2920.0,2840.0,2905.0,3165189.0,1.3961605584642234,507166265,89176295,5617610975,2903503845,915202385,0,4879094045,3323160950,9117457380
2020-09-14,2910.0,3040.0,2910.0,3020.0,4062302.0,3.9586919104991396,1618096555,0,6926191240,3682536170,389749405,17970,8924729925,2912326665,12226823965
2020-09-15,3030.0,3030.0,2950.0,2975.0,2592907.0,-1.490066225165563,267591140,17472000,6683564025,739166860,1440052845,0,3562793410,2704947770,7707794025
2020-09-16,2975.0,2995.0,2945.0,2960.0,1580186.0,-0.5042016806722689,464677780,42221500,3658515700,525444175,299183150,0,2933928815,1457747190,4690859155
2020-09-17,2965.0,2970.0,2905.0,2915.0,1932798.0,-1.5202702702702704,484889055,30788000,4032830415,1102467350,1343043180,175862320,2402536495,1729532825,5650974820
2020-09-18,2900.0,2935.0,2900.0,2925.0,1406002.0,0.34305317324185247,452893765,35368515,2280622855,1333387340,987553990,0,2001689170,1113029315,4102272475
2020-09-21,2925.0,2940.0,2880.0,2885.0,1695673.0,-1.3675213675213675,639807725,14495000,3174360900,1095390730,616371585,0,2509390160,1798292610,4924054355
2020-09-22,2870.0,2890.0,2835.0,2850.0,1722958.0,-1.2131715771230502,296176815,59775315,3067156770,1489205325,781700855,0,2877044285,1253569085,4912314225
2020-09-23,2875.0,2875.0,2800.0,2805.0,1729836.0,-1.5789473684210527,387100420,31667000,3870562660,593504935,479094350,28350,2313014830,2090697485,4882835015
2020-09-24,2755.0,2775.0,2685.0,2700.0,2456087.0,-3.7433155080213902,572959325,71158745,5419126305,628046200,860881950,807145,4013483555,1816117925,6691290575
2020-09-25,2705.0,2745.0,2700.0,2710.0,1087082.0,0.3703703703703704,382729975,5412500,2072758785,495774640,344927975,0,1718512890,893235035,2956675900
2020-09-28,2745.0,2780.0,2730.0,2755.0,830063.0,1.6605166051660518,347054670,7993500,1488239405,443860295,165347085,27600000,1401371190,692829595,2287147870
2020-09-29,2785.0,2805.0,2765.0,2785.0,1438401.0,1.0889292196007259,321696340,2502000,2367410900,1315968880,358926915,0,1799987690,1848663515,4007578120
2020-10-05,2785.0,2835.0,2775.0,2805.0,1145798.0,0.718132854578097,372517810,20794000,1966330580,859343955,297377970,11220,1427154995,1494442160,3218986345
2020-10-06,2810.0,2860.0,2810.0,2840.0,1430424.0,1.2477718360071302,496981415,37731550,2565384605,957880195,371705735,42555000,1871793295,1771923735,4057977765
2020-10-07,2835.0,2910.0,2810.0,2900.0,1833089.0,2.112676056338028,890728985,32638615,3214403090,1152072460,398028945,15119135,3948284240,928410830,5289843150
2020-10-08,2935.0,2970.0,2915.0,2920.0,1759767.0,0.6896551724137931,583072970,10242000,3881797425,686235130,893965810,5860,2986781530,1280594325,5161347525
2020-10-12,2945.0,2945.0,2890.0,2920.0,1007758.0,0.0,361779215,25191000,2246137975,295002585,441143045,0,1843669565,643298165,2928110775
2020-10-13,2920.0,2925.0,2890.0,2920.0,873583.0,0.0,259031240,13453405,1449562410,818942760,401381490,11972000,1626172755,501463570,2540989815
2020-10-14,2920.0,2925.0,2890.0,2905.0,845273.0,-0.5136986301369862,605363720,1479100,1396671125,453283040,397503140,0,1148737130,910556715,2456796985
2020-10-15,2895.0,2900.0,2860.0,2880.0,1226141.0,-0.8605851979345954,1042318470,23066000,2128573470,341309630,495328560,434250,2218036175,821468585,3535267570
2020-10-16,2900.0,2925.0,2875.0,2900.0,1152777.0,0.6944444444444444,774304095,7525500,2129416545,432165810,515665615,58100,2193336470,634351765,3343411950
2020-10-19,2925.0,3000.0,2915.0,2985.0,2799013.0,2.9310344827586206,1563198730,7754150,4979081955,1780579800,399442430,483775,6749671020,1181017410,8330614635
2020-10-20,3010.0,3045.0,2965.0,3000.0,3064952.0,0.5025125628140703,552655840,27582040,8199467330,432604320,667410170,9020870,6018553625,2517324865,9212309530
2020-10-21,2990.0,3045.0,2960.0,3040.0,2077270.0,1.3333333333333335,1389985360,5705000,4159836770,716617770,495664790,15516120,5032277915,728686075,6272144900
2020-10-22,3040.0,3045.0,2990.0,3025.0,1206169.0,-0.4934210526315789,1330720715,1200500,2159589230,143956495,672475455,30300000,2340001945,592689540,3635466940
2020-10-23,3045.0,3195.0,3010.0,3190.0,5085754.0,5.454545454545454,5179616405,147582260,8102601110,2496962430,1082319900,52546085,13709675565,1082220655,15926762205
2020-10-26,3205.0,3220.0,3080.0,3110.0,3350728.0,-2.507836990595611,1125643550,185814965,8124352030,1132090850,554663850,0,6417940345,3595297200,10567901395
2020-10-27,3060.0,3065.0,3005.0,3020.0,2356161.0,-2.8938906752411575,1038049660,25922145,5380373790,699188555,629671400,2749500,5126092555,1385020695,7143534150
2020-10-28,3020.0,3075.0,2990.0,3070.0,1767696.0,1.6556291390728477,1071230770,11549650,3332558825,941919920,518577140,10303045,3919921820,908457160,5357259165
2020-10-29,3005.0,3020.0,2965.0,2990.0,1767915.0,-2.6058631921824107,329470560,28097560,4557694505,365772620,722123085,0,3142773340,1416138820,5281035245
2020-10-30,2990.0,3065.0,2970.0,3000.0,2148322.0,0.33444816053511706,1183110520,8967435,3790234965,1501533530,579588110,2974030,3906608100,1994676210,6483846450
2020-11-02,3005.0,3060.0,3000.0,3050.0,1137905.0,1.6666666666666667,868098905,164700,2131360710,457814385,218549365,9150000,2387327510,842411825,3457438700
2020-11-03,3070.0,3130.0,3060.0,3120.0,1910399.0,2.2950819672131146,1560911655,5988035,3134531270,1206987940,301038885,11202270,4581795625,1014382120,5908418900
2020-11-04,3150.0,3150.0,3040.0,3075.0,2055988.0,-1.4423076923076923,840812000,939130,5077266295,417232195,655532620,12589500,3699889385,1968238115,6336249620
2020-11-05,3080.0,3125.0,3070.0,3100.0,1287872.0,0.8130081300813009,540773480,520795,2880767725,568372755,414340320,0,2949849105,626245330,3990434755
2020-11-06,3100.0,3195.0,3085.0,3130.0,2429872.0,0.967741935483871,698124040,3135,5322240455,1626217295,514559920,21373000,6192758900,917893105,7646584925
2020-11-09,3170.0,3300.0,3145.0,3290.0,5387105.0,5.111821086261981,4101654195,174673150,10310963915,2986280480,935079885,370391895,13849883675,2418216285,17573571740
2020-11-10,3315.0,3490.0,3265.0,3470.0,7730072.0,5.47112462006079,7478293950,108418150,15440790785,3354990540,1311640660,194095945,20835353030,4041403790,26382493425
2020-11-11,3475.0,3650.0,3380.0,3610.0,7035574.0,4.034582132564841,8246389135,301550200,14231549895,2014028085,1685502320,119805980,20290523760,2697685255,24793517315
2020-11-12,3615.0,3645.0,3525.0,3600.0,3989654.0,-0.2770083102493075,2997481630,367037565,9345389225,1654052285,1712193710,18060200,10639875490,1993831305,14363960705
2020-11-13,3600.0,3730.0,3490.0,3525.0,4919997.0,-2.083333333333333,1725868865,173781490,13236223240,2447143835,1946396885,30211030,12203807935,3402601580,17583017430
2020-11-16,3545.0,3610.0,3515.0,3595.0,2831663.0,1.9858156028368796,2268736705,235172810,6233153590,1389714035,871663885,97934400,8079623530,1077555325,10126777140
2020-11-17,3645.0,3730.0,3580.0,3610.0,3702506.0,0.4172461752433936,2209743085,33578030,10657062555,609818885,1400937940,61805480,8795947750,3251511385,13510202555
2020-11-18,3610.0,3680.0,3605.0,3660.0,1752317.0,1.3850415512465373,1675852255,61959245,4406959350,226169750,549122930,44157750,5009414315,768245605,6370940600
2020-11-19,3660.0,3660.0,3435.0,3490.0,4364138.0,-4.644808743169399,1255960615,39106280,13518830515,500518100,3325909795,60733490,10285993930,1641778295,15314415510
2020-11-20,3495.0,3520.0,3435.0,3505.0,2133565.0,0.42979942693409745,762603315,10460595,5717185650,933831685,1447346450,18857215,5260837615,697039965,7424081245
2020-11-23,3500.0,3565.0,3445.0,3535.0,2008305.0,0.8559201141226819,756975535,57728715,4819614320,1424586510,899818730,2826160,5553663615,602596575,7058905080
2020-11-24,3570.0,3580.0,3495.0,3515.0,2467033.0,-0.5657708628005658,1400291840,23294150,6350521450,935956360,2898198680,67217265,4679540360,1065107495,8710063800
2020-11-25,3540.0,3690.0,3515.0,3585.0,5307579.0,1.991465149359886,1970988120,49120480,12784006055,4312551940,1735346755,231541735,15163710745,1986067360,19116666595
2020-11-26,3585.0,3610.0,3480.0,3535.0,2465476.0,-1.394700139470014,1393091760,47626875,6973643525,281033055,1196269855,1815475,3537810425,3959499460,8695395215
2020-11-27,3540.0,3560.0,3500.0,3530.0,1345833.0,-0.14144271570014144,1081837380,4622125,3106600340,564951735,684312840,45711840,2835121315,1192865585,4758011580
2020-11-30,3540.0,3570.0,3500.0,3500.0,1679885.0,-0.84985835694051,1094246585,76753885,3547953260,1192416080,865386765,9317070,3356195690,1680470285,5911369810
2020-12-01,3520.0,3540.0,3510.0,3520.0,1033350.0,0.5714285714285714,592625370,36161290,2665936675,345992620,446447280,19113285,2386232660,788922730,3640715955
2020-12-02,3525.0,3550.0,3500.0,3545.0,1802484.0,0.7102272727272727,1341824605,14277950,3743730860,1258496230,782990600,26506625,3942364005,1606468415,6358329645
2020-12-03,3555.0,3980.0,3515.0,3805.0,11263948.0,7.334273624823695,9704370545,63012760,27036812650,5373917215,2798265300,86786810,36599493840,2693567220,42178113170
2020-12-04,3850.0,4080.0,3725.0,4070.0,14254782.0,6.964520367936925,12738524645,293454985,38547644385,4382115745,4633081335,353338025,42827305215,8148015185,55961739760
2020-12-07,4100.0,4100.0,3905.0,3990.0,5842247.0,-1.9656019656019657,2979693980,75434595,17855145020,2357512340,4353200165,207857685,16101505460,2605222625,23267785935
2020-12-08,3980.0,4055.0,3850.0,3980.0,3734271.0,-0.2506265664160401,2211279355,32950300,10388211315,2171603995,1249809170,69572705,12106853275,1377809815,14804044965
2020-12-09,4010.0,4350.0,3990.0,4300.0,8524837.0,8.040201005025125,11438259390,58904015,20409226205,3607773510,2258725965,277608315,29838226410,3139602430,35514163120
2020-12-10,4260.0,4970.0,4190.0,4675.0,33951737.0,8.720930232558139,20627745305,273730860,127787982040,11152970575,8706267990,689295860,138091594080,12355270850,159842428780
2020-12-11,4730.0,4785.0,4625.0,4720.0,7523271.0,0.9625668449197862,5347364375,60643080,27674229195,2353850410,2387308230,204296580,28148058225,4696424025,35436087060
2020-12-14,4680.0,4685.0,4470.0,4500.0,5419254.0,-4.661016949152542,1230280280,139982390,22047085730,1260000300,2541136805,55503300,19608598005,2472110590,24677348700
2020-12-15,4480.0,4500.0,4325.0,4415.0,4563126.0,-1.8888888888888888,1046614110,367143455,16184806740,2402028455,2187680920,125585000,15338874585,2348452255,20000592760
2020-12-16,4420.0,4550.0,4390.0,4425.0,3653777.0,0.22650056625141565,3210899725,693104245,11588659155,884447255,1680180005,207414695,12853504980,1636010700,16377110380
2020-12-17,4435.0,4445.0,4275.0,4330.0,3256729.0,-2.1468926553672314,1527305295,766263095,10951392160,905334495,1872318495,46009160,10770150200,1461817190,14150295045
2020-12-18,4350.0,4625.0,4315.0,4610.0,8850284.0,6.466512702078522,7107177145,73960045,23924650360,9149985050,2920542705,322153935,34259316495,2753759465,40255772600
2020-12-21,4650.0,4675.0,4485.0,4610.0,3998401.0,0.0,3026309690,37425395,14215433160,1124120300,1563010090,413862580,13947538275,2478877600,18403288545
2020-12-22,4580.0,4585.0,4410.0,4455.0,2752769.0,-3.3622559652928414,1322761390,109852230,10064761855,897072825,1455031670,868971880,7203133810,2867310940,12394448300
2020-12-23,4440.0,4550.0,4350.0,4480.0,2794719.0,0.5611672278338945,1280196035,93261765,10146216845,991589105,1693464495,108369760,9171323555,1538105940,12511263750
2020-12-24,4960.0,5450.0,4605.0,4645.0,44159783.0,3.6830357142857144,11526950045,348515295,202107286215,7649067035,11438555555,2185619530,196051484145,11956159360,221631818590
2020-12-28,4690.0,4850.0,4600.0,4670.0,7793445.0,0.5382131324004306,4149031065,156358620,29579442080,2880624530,2651361490,440065495,31437573390,2236455920,36765456295
2020-12-29,4750.0,4755.0,4620.0,4660.0,3666400.0,-0.21413276231263384,808275795,290451700,15384032240,683291140,2208841425,18564505,14120545475,818099470,17166050875
2020-12-30,4630.0,5170.0,4610.0,4985.0,22854653.0,6.974248927038626,9834429440,179091600,89778063500,13915052050,3211998815,293236555,99156374045,11045027175,113706636590
2021-01-04,5250.0,5270.0,5060.0,5150.0,9249864.0,3.3099297893681046,5859558080,611519570,37663487775,3568974510,4844454090,489601430,39968095675,2401388740,47703539935
2021-01-05,5250.0,6230.0,5200.0,5790.0,63694731.0,12.427184466019417,17266733520,483155860,327207744880,27603291050,12214098840,1468139000,335196371040,23682316430,372560925310
2021-01-06,5900.0,6340.0,5750.0,5970.0,34872333.0,3.1088082901554404,12553438350,768950640,188732234810,8648958720,8241997150,581346110,189817170620,12063068640,210703582520
2021-01-07,6080.0,6150.0,5900.0,5940.0,12198899.0,-0.5025125628140703,7700852300,469235760,61639214970,3874647940,9630174780,104065950,57889193820,6060516420,73683950970
2021-01-08,5900.0,6070.0,5710.0,5900.0,11646922.0,-0.6734006734006733,4347504030,283574490,56324460270,7505202740,7543207800,115796720,55431123710,5370613300,68460741530
2021-01-11,5910.0,6150.0,5790.0,5860.0,13519202.0,-0.6779661016949152,8420038350,156412910,64330864500,7436509770,7464610240,357730980,64144186990,8377297320,80343825530
2021-01-12,5830.0,5940.0,5670.0,5770.0,6772346.0,-1.5358361774744027,4193965420,127112180,30904046970,3970724330,7419108920,97625860,26422187090,5256927030,39195848900
2021-01-13,5900.0,5930.0,5700.0,5710.0,5178412.0,-1.0398613518197575,2272579810,116501000,24339704570,3160837010,7376876890,39512400,19441917740,3031315360,29889622390
2021-01-14,5710.0,6090.0,5710.0,6050.0,11516315.0,5.954465849387041,15148170700,458835070,43909785920,9013949980,5233273970,142682310,57778538750,5376246640,68530741670
2021-01-15,6130.0,6150.0,5840.0,5930.0,5746622.0,-1.9834710743801653,5785077520,284460960,24787933380,3354820860,4504624460,24979920,21124841220,8557847120,34212292720
2021-01-18,5900.0,6450.0,5750.0,6270.0,23957542.0,5.733558178752108,24472193470,255150240,108692120320,15847737870,9242307120,547094190,129361599340,10116201250,149267201900
2021-01-19,6280.0,6590.0,6190.0,6490.0,18460055.0,3.508771929824561,14888091760,2629741400,89650720670,11856582260,5143813300,487974180,100817363470,12575985140,119025136090
2021-01-20,6610.0,6620.0,6310.0,6540.0,7051282.0,0.7704160246533128,4539815850,381704700,35842198340,4795341580,4486460630,648426130,35658372140,4765801570,45559060470
2021-01-21,6540.0,6670.0,6450.0,6460.0,5403721.0,-1.2232415902140672,5277443040,60204420,28211839210,1719173850,5395786780,2575317600,24211084970,3086471170,35268660520
2021-01-22,6470.0,6490.0,6200.0,6270.0,5467316.0,-2.941176470588235,4149959370,14995050,27722327670,2790035590,5351414950,187563780,22070789680,7067549270,34677317680
2021-01-25,6210.0,6640.0,6160.0,6300.0,7470046.0,0.4784688995215311,4722984830,582205890,38538962660,3787324920,3077421150,131292240,40065286930,4357477980,47631478300
2021-01-26,6320.0,6330.0,6140.0,6160.0,3214890.0,-2.2222222222222223,1453038350,56392330,16842054430,1616068110,4095631300,607750600,13852727310,1411444010,19967553220
2021-01-27,6140.0,6280.0,6060.0,6070.0,3511490.0,-1.461038961038961,2439391830,59632240,17242756590,1865093100,5063041770,23093850,14565911480,1954826660,21606873760
2021-01-28,6000.0,6620.0,5900.0,6320.0,18960759.0,4.118616144975288,14564835870,526929500,91896136690,13465401670,8644848420,482817940,102081070860,9244566510,120453303730
2021-01-29,6390.0,6460.0,5760.0,5900.0,11265125.0,-6.645569620253164,4729807220,114777380,58942854110,4613283140,12876182720,381864950,43150979140,11991695040,68400721850
2021-02-01,5900.0,6550.0,5850.0,6460.0,12801447.0,9.491525423728813,10500968970,211315360,50639528620,19296587470,7136787510,518237010,66033960930,6959414970,80648400420
2021-02-02,6520.0,6700.0,6140.0,6330.0,9918613.0,-2.0123839009287927,4460460790,386718670,52579095130,5591094400,10925073480,118396950,35391645210,16582253350,63017368990
2021-02-03,6410.0,6590.0,6330.0,6520.0,10001661.0,3.0015797788309637,4373956740,407272330,47388058590,12689292540,4788788880,257347590,52391910250,7420533480,64858580200
2021-02-04,6640.0,6700.0,6150.0,6190.0,11256306.0,-5.061349693251533,3783095980,734466100,59154519980,8080167290,13306262500,403728540,46656459710,11385798600,71752249350
2021-02-05,6220.0,6320.0,6080.0,6200.0,4543114.0,0.16155088852988692,4891758470,47415370,19335561070,3879831150,1938835770,20314300,24247231870,1948184120,28154566060
2021-02-08,6190.0,6330.0,6060.0,6100.0,3884269.0,-1.6129032258064515,1723508380,63099430,19196564040,3031184380,3191005420,85318550,18786966570,1951065690,24014356230
2021-02-09,6140.0,6200.0,6050.0,6130.0,2576769.0,0.49180327868852464,3536387590,24538270,9140074600,3064459630,1575790930,23701020,12412968670,1752999470,15765460090
2021-02-10,6140.0,6180.0,6040.0,6180.0,2579368.0,0.8156606851549755,1763516510,6271070,9813176610,4164969040,2689581860,26586470,12338246300,693518600,15747933230
2021-02-15,6260.0,6260.0,6100.0,6160.0,2650551.0,-0.3236245954692557,1433380730,61671610,11986033260,2863125870,4378908420,60982650,10482287900,1422032500,16344211470
2021-02-16,6160.0,6210.0,6080.0,6130.0,2510449.0,-0.487012987012987,1702915410,61121600,12094117410,1504566540,3364428710,186194300,11003410580,808687370,15362720960
2021-02-17,6130.0,6140.0,6020.0,6120.0,2513941.0,-0.1631321370309951,654160560,604000,11272914960,3304312430,3380359440,0,10577831330,1273801180,15231991950
2021-02-18,6120.0,6160.0,6050.0,6090.0,2161425.0,-0.49019607843137253,1367950150,18483000,9603758450,2214807750,1706781420,6762000,10096371640,1395084290,13204999350
2021-02-19,6080.0,6110.0,5850.0,6040.0,3559500.0,-0.8210180623973727,1237175980,168520020,17751409090,2064403950,2860568550,268664980,16472166720,1620108790,21221509040
2021-02-22,6000.0,6230.0,5990.0,6030.0,3323554.0,-0.16556291390728478,1001027040,431029960,13556392830,5228725430,1711325940,56059510,13830141470,4619648340,20217175260
2021-02-23,6010.0,6110.0,5880.0,6100.0,3274411.0,1.1608623548922055,2725029840,195552120,10143727270,6585906180,3708920990,531909820,13064788590,2344596010,19650215410
2021-02-24,6060.0,6120.0,5900.0,5910.0,2495391.0,-3.114754098360656,1733893160,180174360,11067140990,2027541590,2155191130,157845660,10435783400,2259929910,15008750100
2021-02-25,6010.0,6060.0,5930.0,6060.0,2362938.0,2.5380710659898478,3754609000,179748570,7199889070,3028385550,2553278610,312182030,10879587680,417583870,14162632190
2021-02-26,5910.0,5940.0,5760.0,5870.0,3662684.0,-3.1353135313531353,2835316520,116772980,15865261740,2595933360,10436442620,178439550,8263796220,2534606210,21413284600
2021-03-02,5940.0,5970.0,5760.0,5830.0,2498109.0,-0.6814310051107325,1797557720,18934400,8240353510,4608195500,4376747140,97796640,8803862840,1386634510,14665041130
2021-03-03,5750.0,5850.0,5710.0,5830.0,1634286.0,0.0,1358455750,2340080,4975837750,3151157670,2265023910,1743000,6484397810,736626530,9487791250
2021-03-04,5760.0,5780.0,5570.0,5670.0,3495174.0,-2.7444253859348198,2076552920,600853060,13087463910,4052035270,6157216810,541578030,10402757150,2715353170,19816905160
2021-03-05,5600.0,5620.0,5470.0,5550.0,2863102.0,-2.1164021164021163,1287065700,338770740,9925810450,4276398790,4959467950,273364110,9261872650,1333340970,15828045680
2021-03-08,5600.0,5620.0,5380.0,5410.0,3111970.0,-2.5225225225225225,1281949470,590547850,10836627080,4371845930,4382416860,16575990,11095899630,1586077850,17080970330
2021-03-09,5400.0,5620.0,5260.0,5570.0,4140102.0,2.957486136783734,4940344510,214805600,12052198980,5388883810,1307414720,664611750,14479900610,6144305820,22596232900
2021-03-10,5650.0,5670.0,5420.0,5590.0,2583977.0,0.3590664272890485,2087480320,22323000,11096571510,1073217320,1531360540,5612400,7602108660,5140510550,14279592150
2021-03-11,5620.0,6640.0,5610.0,5720.0,43467859.0,2.3255813953488373,7270923740,238427180,243715484070,14175587290,10499195240,956960000,229942547530,24001719510,265400422280
2021-03-12,5790.0,6070.0,5670.0,5960.0,10629289.0,4.195804195804196,3778616830,788096150,46773570470,11516939830,2873025940,123360300,54694405590,5166431450,62857223280
2021-03-15,6040.0,6390.0,5940.0,6300.0,15376092.0,5.704697986577181,21353908930,127765670,58388981580,16728805840,3673872230,788240550,82686563340,9450785900,96599462020
2021-03-16,6400.0,6420.0,6110.0,6300.0,6015242.0,0.0,7120081970,595518620,26381571840,3741691740,1999614310,13469330,26955659320,8870121210,37838864170
2021-03-17,6300.0,6330.0,6170.0,6290.0,2958854.0,-0.15873015873015872,2825222440,64125400,13237111480,2317708760,928479310,51359500,14772485140,2691844130,18444168080
2021-03-18,6300.0,6380.0,6200.0,6210.0,3265419.0,-1.2718600953895072,3151335850,97800000,14962327070,2247325990,3226716770,39911000,13641124270,3551036870,20458788910
2021-03-19,6070.0,6210.0,6060.0,6100.0,2898706.0,-1.7713365539452495,2494512310,2442000,10851575690,4414542950,1955585120,30550,10604797050,5202660230,17763072950
2021-03-22,6130.0,6400.0,6120.0,6380.0,6503952.0,4.590163934426229,9643931800,10875110,22605754800,8841154560,2181583400,321842900,36058546000,2539743970,41101716270
2021-03-23,6400.0,6740.0,6270.0,6510.0,17722499.0,2.037617554858934,10711608860,379733690,89513927090,15554075660,4889311400,370539280,95000325930,15899168690,116159345300
2021-03-24,6540.0,6550.0,6250.0,6270.0,5959658.0,-3.686635944700461,1485436000,183027430,34541789550,1606649860,3565873050,44203670,20911899780,13294926340,37816902840
2021-03-25,6300.0,6430.0,6270.0,6340.0,3580225.0,1.1164274322169059,1605545320,1609540,15222568010,5874163510,3481939170,115370800,15614064020,3492512390,22703886380
2021-03-26,6400.0,6540.0,6350.0,6470.0,4586043.0,2.050473186119874,2478452370,17530640,20547467330,6558573950,824200090,28148750,26676175750,2073499700,29602024290
2021-03-29,6550.0,6840.0,6480.0,6770.0,10592458.0,4.636785162287481,7971186410,202786170,51738348380,11097564100,2221520160,569704710,60929059710,7289600480,71009885060
2021-03-30,6800.0,6820.0,6550.0,6560.0,5397785.0,-3.10192023633678,1148733110,460815160,32401892270,1771824380,1158953590,53928320,21712513350,12857869660,35783264920
2021-03-31,6580.0,6620.0,6410.0,6610.0,2864245.0,0.7621951219512195,1915128950,5284500,15073922160,1744962710,1052453750,152435910,15179156610,2355252050,18739298320
2021-04-01,6680.0,6710.0,6420.0,6440.0,3205405.0,-2.5718608169440245,1004397210,5030900,18639883080,1251562500,2195125610,4427040,14530639810,4170681230,20900873690
2021-04-02,6460.0,6530.0,6310.0,6460.0,2889282.0,0.3105590062111801,1626614820,13695020,16057417730,732914020,2656289120,159881500,14878005010,736465960,18430641590
2021-04-05,6430.0,6550.0,6370.0,6430.0,2496005.0,-0.46439628482972134,1689848640,11948740,12838482780,1577614360,6079772620,129113950,9561909060,347098890,16117894520
2021-04-06,6500.0,6750.0,6460.0,6490.0,6476011.0,0.9331259720062209,1156777240,13075800,32970326850,8485512020,4727982740,485623810,32649077600,4763007760,42625691910
2021-04-07,6550.0,6570.0,6450.0,6490.0,2912217.0,0.0,1057689470,102559810,16054521260,1704816470,3289823590,65030000,13775663470,1789069950,18919587010
2021-04-08,6550.0,7090.0,6490.0,7000.0,25827417.0,7.858243451463791,9465706690,507882410,134943529980,33280604960,4964079610,1562306100,165211796030,6459542300,178197724040
2021-04-09,7000.0,7060.0,6770.0,6810.0,9111996.0,-2.7142857142857144,2201684800,208308810,57673135860,2428739250,5978326980,73922040,37402879600,19056740100,62511868720
2021-04-12,6870.0,6870.0,6710.0,6710.0,3446663.0,-1.4684287812041115,1652768410,149011280,20071625250,1416345500,1669502720,17780120,15472385830,6130081770,23289750440
2021-04-13,6770.0,6770.0,6600.0,6620.0,4444023.0,-1.3412816691505216,2581790290,161557410,25799705430,1026435670,1636516720,3292080,22775162710,5154517290,29569488800
2021-04-14,6650.0,6760.0,6640.0,6730.0,2960309.0,1.6616314199395772,2243249650,287824690,15828682430,1517758080,823469220,482859520,17922664200,648521910,19877514850
2021-04-15,6750.0,6800.0,6650.0,6730.0,2160861.0,0.0,2741024300,0,10908103660,890804540,844469960,0,12558962940,1136499600,14539932500
2021-04-16,6790.0,6790.0,6700.0,6750.0,2208179.0,0.2971768202080238,2996474270,8644340,10742816440,1145208660,1167009050,122018000,12315362220,1288754440,14893143710
2021-04-19,6790.0,7130.0,6710.0,6860.0,8088623.0,1.6296296296296295,2856970130,74371970,49159070900,3792793110,891706350,81625690,51245715360,3664158710,55883206110
2021-04-20,6950.0,7250.0,6880.0,7210.0,15109308.0,5.1020408163265305,9776544400,361850400,75040037440,22688166840,3724225250,1604852280,98265759310,4271762240,107866599080
2021-04-21,7160.0,7260.0,6970.0,7030.0,7778389.0,-2.496532593619972,2042326040,799447720,50692358800,1595683160,2640388530,86750190,37382381040,15020295960,55129815720
2021-04-22,7080.0,7100.0,6970.0,7010.0,3289961.0,-0.2844950213371266,2705901700,14806790,19552474610,849155740,3290063230,16963890,17671705540,2143606180,23122338840
2021-04-23,6960.0,7120.0,6870.0,7090.0,3455689.0,1.1412268188302426,2403642300,509972900,18666022230,2599351440,2172552340,51829030,19314490000,2640117500,24178988870
2021-04-26,7160.0,7230.0,7090.0,7210.0,4002909.0,1.692524682651622,2688045010,212749510,21599229620,4187977300,1397605410,16589540,25480525140,1793281350,28688001440
2021-04-27,7250.0,7320.0,7140.0,7310.0,3919062.0,1.3869625520110958,3236712790,476869070,20937242380,3811655370,1459914320,18292720,24696164330,2288108240,28462479610
2021-04-28,7480.0,7590.0,7070.0,7190.0,6536266.0,-1.6415868673050615,2170744910,663768840,39983673910,5104884170,5085590490,753406680,34699563950,7384510710,47923071830
2021-04-29,7380.0,8000.0,7280.0,7690.0,27493195.0,6.954102920723226,18242584270,561235230,156002818190,37050978250,7573239400,1921864600,186955674920,15406837020,211857615940
2021-04-30,7610.0,7660.0,7280.0,7390.0,10263174.0,-3.901170351105332,4445267280,742293470,67254767120,3976424050,3605380560,285427370,51250259340,21277684650,76418751920
2021-05-03,7320.0,7510.0,7090.0,7120.0,6205270.0,-3.6535859269282813,1636918790,812006250,36851299650,5843316280,2711190250,189177010,29789269850,12453903860,45143540970
2021-05-04,7020.0,7170.0,6900.0,7080.0,4606852.0,-0.5617977528089888,3222001660,95603000,23354044350,5624668480,2814591180,139606640,23524354110,5817765560,32296317490
2021-05-06,7110.0,7600.0,7020.0,7300.0,7926434.0,3.1073446327683616,3364108690,62216810,44430403440,10084384610,9413010590,39149170,40800863250,7688090540,57941113550
2021-05-07,7370.0,7570.0,7340.0,7460.0,4586859.0,2.191780821917808,1100047340,74650800,24890922020,8174538450,3071920160,121337430,26744506320,4302394700,34240158610
2021-05-10,7480.0,7590.0,7430.0,7510.0,3102492.0,0.6702412868632708,1979515810,67717500,17403656480,3870432570,2051783520,112186550,19859523160,1297829130,23321322360
2021-05-11,7540.0,7670.0,7460.0,7580.0,4137551.0,0.9320905459387484,1325102750,88029570,26395093160,3415033230,2868465880,231657000,23775665340,4347470490,31223258710
2021-05-12,7600.0,7630.0,7380.0,7430.0,3752569.0,-1.978891820580475,1366543070,231672400,22714936300,3716761780,2836030220,45757800,20634200680,4513924850,28029913550
2021-05-13,7290.0,7540.0,7210.0,7370.0,3624117.0,-0.8075370121130552,2680521530,116176230,19085340860,4977793090,1505325280,372546400,20661153230,4320806800,26859831710
2021-05-14,7500.0,7520.0,7370.0,7400.0,1792547.0,0.40705563093622793,1405759460,58181400,10748858110,1095655740,837343270,29406610,9461693380,2980011450,13308454710
2021-05-17,7470.0,7500.0,7350.0,7350.0,2088976.0,-0.6756756756756757,1446112670,39532400,12194127260,1784537980,824881410,13490400,11686780290,2939158210,15464310310
2021-05-18,7440.0,7890.0,7420.0,7770.0,10224705.0,5.714285714285714,8707512650,351428090,47993544400,21912122680,1231655860,793455380,73898358880,3041137700,78964607820
2021-05-20,7660.0,7810.0,7620.0,7720.0,3361170.0,-0.6435006435006435,1715951200,77200000,21438866240,2632282080,1688700070,129105260,14904911500,9141582690,25864299520
2021-05-21,7740.0,7790.0,7480.0,7570.0,3676880.0,-1.9430051813471503,2836829500,257416820,22292479330,2617065510,2614862920,46045120,15726502490,9616380630,28003791160
2021-05-24,7550.0,7880.0,7440.0,7760.0,5116339.0,2.509907529722589,2860571550,653002360,23210262560,12953524140,1927383080,354812410,33088938200,4306226920,39677360610
2021-05-25,7850.0,7880.0,7520.0,7600.0,6260157.0,-2.0618556701030926,4393665810,483812000,41405808320,1317213370,7808814890,5309000,21344627710,18441747900,47600499500
2021-05-26,7570.0,7640.0,7490.0,7570.0,3677083.0,-0.39473684210526316,3087970080,94330780,19516820410,5067071040,3622767760,535786180,20444369450,3163268920,27766192310
2021-05-27,7670.0,7950.0,7620.0,7830.0,10872638.0,3.4346103038309117,6918921090,59551950,59109382490,19417442730,2041336540,356961320,72945007930,10161992470,85505298260
2021-05-28,8260.0,8340.0,7860.0,7980.0,13409205.0,1.9157088122605364,3885529380,513127510,93947898080,9639715270,2327569070,160980410,80599640040,24898080720,107986270240
2021-05-31,8000.0,8560.0,7850.0,8320.0,13553906.0,4.260651629072681,4004321880,373559060,86804391550,20901200580,7944390420,604049070,92709009010,10826024570,112083473070
2021-06-01,8320.0,8460.0,8160.0,8350.0,5369376.0,0.3605769230769231,6085886540,112633450,36109316720,2456836170,1110785360,93895420,34495440300,9064551800,44764672880
2021-06-02,8460.0,9540.0,8410.0,8870.0,27759396.0,6.227544910179641,2058964340,390394080,219405183880,27972713990,17425700790,533175320,202488500210,29379879970,249827256290
2021-06-03,8870.0,9430.0,8870.0,8920.0,16742287.0,0.5636978579481398,2227836940,468248240,134030325710,15366998610,14118056650,2338295800,109883869570,25753187480,152093409500
2021-06-04,9000.0,9230.0,8850.0,8890.0,9629158.0,-0.336322869955157,1195473950,98826180,76983550480,8485023400,11816449740,471412150,59921568130,14553443990,86762874010
2021-06-07,9000.0,9100.0,8810.0,8990.0,6101593.0,1.124859392575928,1765723450,457833800,47994906510,4304960660,4118933680,674155300,45134876860,4595458580,54523424420
2021-06-08,9050.0,9440.0,8910.0,9050.0,12672719.0,0.6674082313681869,1321786750,1435739010,98292580890,15017651700,10101252340,797691560,89284560850,15884253600,116067758350
2021-06-09,9190.0,9310.0,8920.0,8940.0,5879759.0,-1.2154696132596685,1568874850,331578130,48509651400,2801063280,8932794590,22120620,36298591210,7957661240,53211167660
2021-06-10,8940.0,9020.0,8750.0,8880.0,5092684.0,-0.6711409395973155,2441342830,161235740,39039700470,3430895850,7939658910,390447140,33079424920,3663643920,45073174890
2021-06-11,8760.0,8950.0,8760.0,8830.0,3398874.0,-0.5630630630630631,1203700140,304944430,23264580940,5244537280,3581923300,507230900,22873980810,3054627780,30017762790
2021-06-14,8850.0,8930.0,8590.0,8650.0,4658657.0,-2.0385050962627407,621639270,428982310,35329929370,4046595000,6329352220,67268740,32206218470,1824306520,40427145950
2021-06-15,8670.0,8790.0,8510.0,8620.0,4060205.0,-0.3468208092485549,1119846480,447224060,27776690770,5667438950,6376797420,53745350,24766345450,3814312040,35011200260
2021-06-16,8720.0,8800.0,8650.0,8720.0,3462945.0,1.160092807424594,1398236320,15980200,24695705490,4102554060,4658247490,92833000,22020044000,3441351580,30212476070
2021-06-17,8660.0,8660.0,8540.0,8580.0,2760040.0,-1.6055045871559634,422282830,125228900,22846560130,302234710,3199882500,49846000,16602590750,3843987320,23696306570
2021-06-18,8610.0,8710.0,8270.0,8430.0,5875322.0,-1.7482517482517483,1227826100,262231610,40010934560,7907555030,6526852860,51504700,37186902540,5643287200,49408547300
2021-06-21,8330.0,8470.0,8160.0,8210.0,4107607.0,-2.6097271648873073,645974830,252413270,25672352390,7343741370,4478322360,67300550,24536009760,4832849190,33914481860
2021-06-22,8260.0,9210.0,8210.0,8950.0,22692607.0,9.013398294762483,4762988940,839526410,164984634770,29303326980,6530131350,851009590,163993702230,28515633930,199890477100
2021-06-23,9000.0,9070.0,8370.0,8500.0,11031427.0,-5.027932960893855,712927130,805421990,88973049040,5189469990,14063382300,185883140,65374278890,16057323820,95680868150
2021-06-24,8500.0,8870.0,8310.0,8620.0,9085889.0,1.411764705882353,2807720990,310618140,67765838250,7625453240,6342729630,306563920,63014968590,8845368480,78509630620
2021-06-25,8690.0,8930.0,8620.0,8660.0,8556194.0,0.46403712296983757,1310414200,1751260,64417631980,9299572540,2250963470,265429950,65220522620,7292453940,75029369980
2021-06-28,8430.0,8450.0,8160.0,8220.0,9821109.0,-5.080831408775981,516879710,399320500,72890912090,7346028520,17412870900,750703230,53870668640,9118898050,81153140820
2021-06-29,8170.0,8580.0,8110.0,8200.0,8045882.0,-0.24330900243309003,2015647120,709471680,45353894970,18629952660,5473353100,517750430,47610223090,13107639810,66708966430
2021-06-30,8180.0,8280.0,7940.0,7950.0,8112101.0,-3.048780487804878,755067720,444628610,57095441550,6826348040,13007649610,55206000,41906746350,10151883960,65121485920
2021-07-01,7970.0,8060.0,7790.0,7880.0,6925284.0,-0.8805031446540881,515669380,225909180,41379442590,12594111100,7711891690,40744280,39911880710,7050615570,54715132250
2021-07-02,7910.0,8030.0,7810.0,7880.0,4849469.0,0.0,3307528180,747728320,27969642740,6381097930,5535499230,458208480,28062782510,4349506950,38405997170
2021-07-05,7960.0,7970.0,7820.0,7890.0,3335805.0,0.12690355329949238,751557050,384853480,21613761550,3626414960,2547604500,510906050,18336119340,4981957150,26376587040
2021-07-06,8060.0,8170.0,7660.0,7690.0,10774556.0,-2.5348542458808616,776060120,2336304220,72574664350,9146867130,13420734640,373540140,56539173810,14500447230,84833895820
2021-07-07,7480.0,7630.0,7330.0,7550.0,8506888.0,-1.8205461638491547,4617652800,108851830,39803462290,19102171430,13446040230,159309460,42359843670,7666944990,63632138350
2021-07-08,7530.0,7720.0,7480.0,7480.0,4573624.0,-0.9271523178807948,1005804090,163337240,28497918140,4967530800,2855724520,11322630,26715040010,5052503110,34634590270
2021-07-09,7340.0,7480.0,7250.0,7350.0,4491900.0,-1.7379679144385027,808503640,293782790,20931336470,10873167660,4942128180,120445610,24414974580,3429242190,32906790560
2021-07-12,7350.0,7470.0,7270.0,7400.0,3142133.0,0.6802721088435374,714760010,22247510,15850995580,6607194770,2542581820,176231690,17079748080,3396636280,23195197870
2021-07-13,7400.0,7640.0,7350.0,7380.0,4257710.0,-0.2702702702702703,867642320,613147200,23863999660,6401735170,6317421290,48926090,18980851850,6399325120,31746524350
2021-07-14,7350.0,7380.0,7250.0,7340.0,3082883.0,-0.5420054200542005,323274210,5462080,12997273130,9222067890,4509922060,23735220,15475754870,2538665160,22548077310
2021-07-15,7350.0,7430.0,7280.0,7290.0,2819167.0,-0.6811989100817438,606917730,24868910,16064398570,3983797440,1343464570,7300,11978387570,7358123210,20679982650
2021-07-16,7240.0,7310.0,7210.0,7260.0,1982666.0,-0.411522633744856,236056400,3876750,9027530210,5098910120,1882369810,46856120,11206678050,1230469500,14366373480
2021-07-19,7210.0,7220.0,7100.0,7140.0,2607373.0,-1.6528925619834711,224255050,153389140,11882840060,6340710960,2518257150,76212280,14077785930,1928939850,18601195210
2021-07-20,6910.0,7230.0,6910.0,7210.0,3136642.0,0.9803921568627451,721801580,61262220,12879590850,8689215050,898254730,27760980,18670945120,2754908870,22351869700
2021-07-21,7250.0,7280.0,7100.0,7120.0,1817995.0,-1.248266296809986,1020987690,19217070,10444451860,1537171200,737181700,854320,7889009120,4394782680,13021827820
2021-07-22,7160.0,7350.0,7130.0,7310.0,2904041.0,2.6685393258426964,1311365860,114694720,13863318870,5822300860,374094270,34754900,17200666890,3502164250,21111680310
2021-07-23,7360.0,7440.0,7220.0,7310.0,2483046.0,0.0,817478620,4664080,12891813050,4552113020,493023470,25485460,12491947710,5255612130,18266068770
2021-07-26,7310.0,7340.0,7190.0,7190.0,1295362.0,-1.6415868673050615,494637210,24981590,6847186900,1991148180,457682090,844740,6634341620,2265085430,9357953880
2021-07-27,7230.0,7430.0,7230.0,7300.0,2545100.0,1.52990264255911,1702780970,23806320,10071684010,6901132620,439848280,86448760,14127737900,4045368980,18699403920
2021-07-28,7310.0,7510.0,7310.0,7420.0,2891777.0,1.643835616438356,1308717590,15734090,14736476830,5384677920,362152060,35785500,15147499540,5900169330,21445606430
2021-07-29,7540.0,7560.0,7330.0,7430.0,2289573.0,0.13477088948787064,2557651980,41040560,11535554540,2856086040,548553690,42645400,9589070510,6810063520,16990333120
2021-07-30,7440.0,7450.0,7290.0,7450.0,2368832.0,0.2691790040376851,919342120,13715760,9320945250,7222804990,1499069740,32659190,10804117040,5140962150,17476808120
2021-08-02,7470.0,7480.0,7210.0,7260.0,2089982.0,-2.5503355704697985,1034734800,34167510,12335285080,1858664820,354862170,11004270,7454212070,7442773700,15262852210
2021-08-03,7240.0,7350.0,7210.0,7270.0,1675653.0,0.13774104683195593,1090450060,414430,5442647150,5680453970,1088019120,16550100,8001494300,3107902090,12213965610
2021-08-04,7270.0,7330.0,7190.0,7290.0,1517457.0,0.2751031636863824,1137677650,409660540,4766656470,4724166860,718733670,108950000,7175616930,3034860920,11038161520
2021-08-05,7250.0,7320.0,7250.0,7300.0,1309364.0,0.1371742112482853,1237600020,292180,5010537330,3295026050,446737790,25542500,6443915810,2627259480,9543455580
2021-08-06,7330.0,7360.0,7220.0,7240.0,1446321.0,-0.821917808219178,317279480,39004870,8265030470,1892185700,1586596890,0,5808689620,3118214010,10513500520
2021-08-09,7220.0,7220.0,7070.0,7110.0,2001476.0,-1.7955801104972375,903515610,81281750,10463530130,2813890600,1333308090,32039990,9677650270,3219219740,14262218090
2021-08-10,7100.0,7160.0,7010.0,7010.0,1845617.0,-1.4064697609001406,256064330,48432270,9774505760,2926080220,1057245770,19748420,10230501150,1697587240,13005082580
2021-08-11,6980.0,7150.0,6980.0,7090.0,1539080.0,1.1412268188302426,922649950,67603960,4171549170,5726597100,714129150,167182200,9325107120,681981710,10888400180
2021-08-12,7110.0,7250.0,7100.0,7160.0,1853654.0,0.9873060648801129,1135225440,7188580,5372698360,6756386390,879688840,19595400,9202198760,3170015770,13271498770
2021-08-13,7190.0,7190.0,6910.0,6940.0,2128630.0,-3.072625698324022,834054370,51948470,11683627990,2266966660,1905595360,228108280,8479051790,4223842060,14836597490
2021-08-17,6970.0,7010.0,6700.0,6750.0,2004500.0,-2.7377521613832854,664266910,23502320,8326498140,4594958510,1015585730,24577420,10568181660,2000881070,13609225880
2021-08-18,6700.0,6930.0,6650.0,6870.0,1382751.0,1.7777777777777777,631560510,18326220,3699248170,5081223490,449846500,161116440,7345749040,1473646410,9430358390
2021-08-19,6790.0,6820.0,6500.0,6560.0,2184616.0,-4.512372634643377,905998050,27353520,9913601020,3661482340,1231821000,23799470,9531955490,3720858970,14508434930
2021-08-20,6560.0,6700.0,6380.0,6390.0,2502283.0,-2.591463414634146,741611900,51295000,7305773310,8090668520,894237020,14825990,11039053540,4241232180,16189348730
2021-08-23,6420.0,6720.0,6420.0,6630.0,2355206.0,3.755868544600939,1009933820,4997450,6032594290,8496701470,742724060,49843570,11647413870,3104245530,15544227030
2021-08-24,6660.0,6880.0,6660.0,6830.0,1484550.0,3.0165912518853695,809398240,37830000,4752427390,4506255080,973206430,2653250,6970342440,2159708590,10105910710
2021-08-25,6850.0,7000.0,6800.0,6940.0,1609774.0,1.610541727672035,1779041630,318381860,5219146040,3832347900,1192245090,15878190,6855130110,3085664040,11148917430
2021-08-26,6940.0,7000.0,6860.0,6920.0,1133004.0,-0.2881844380403458,671480450,247370740,3926613470,3004338690,700337100,2132880,4663353190,2483980180,7849803350
2021-08-27,6910.0,7100.0,6850.0,7030.0,1493605.0,1.5895953757225432,1341687370,94953340,5245105660,3809583740,407315620,17577020,6654081010,3412356460,10491330110
2021-08-30,7090.0,7340.0,7080.0,7190.0,2798102.0,2.275960170697013,1397361220,123242650,13624047400,5156012860,483685630,66569330,13718140940,6032268230,20300664130
2021-08-31,7250.0,7350.0,7140.0,7350.0,2068501.0,2.2253129346314324,701033490,33198600,8670519830,5632220600,953440260,10217000,10927818580,3145496680,15036972520
2021-09-01,7330.0,7380.0,7280.0,7320.0,1263138.0,-0.40816326530612246,518555080,173589360,4983120430,3589098190,569529130,5856000,6084415950,2604561980,9264363060
2021-09-02,7340.0,7430.0,7310.0,7370.0,1758136.0,0.6830601092896175,732505080,73700000,5484530090,6673987630,2276174240,9124140,8160013660,2519410760,12964722800
2021-09-03,7380.0,7420.0,7310.0,7370.0,1573229.0,0.0,2619224750,174525190,5155758990,3642707740,1364485150,4908140,7320809530,2902013850,11592216670
2021-09-06,7370.0,7380.0,7200.0,7340.0,1626562.0,-0.40705563093622793,1392961120,86185490,6316342970,4054812000,3070899560,60712800,6761759670,1956929550,11850301580
2021-09-07,7340.0,7350.0,7220.0,7280.0,1156290.0,-0.8174386920980926,403963690,5609830,4831916580,3148874830,2854207540,57473610,4744546990,734136790,8390364930
2021-09-08,7230.0,7320.0,7130.0,7210.0,1818703.0,-0.9615384615384616,802788890,123074500,6660213910,5501687600,5470500530,385635700,5846727300,1384901370,13087764900
2021-09-09,7160.0,7170.0,6880.0,6910.0,3020718.0,-4.160887656033287,1564419710,91943000,15705220500,3690118990,8667131120,64853710,8714824530,3604892840,21051702200
2021-09-10,6940.0,6980.0,6760.0,6980.0,2489140.0,1.0130246020260492,882035160,28469600,8493482380,7703195450,7574386500,1933000,8041868520,1488994570,17107182590
2021-09-13,6980.0,7080.0,6880.0,6980.0,1793417.0,0.0,877610860,485600,6322479590,5264694830,3806440440,0,5866820690,2792009750,12465270880
2021-09-14,7020.0,7100.0,6850.0,7090.0,1409303.0,1.5759312320916905,1011170260,1412000,3956275440,4985290220,1325324270,2824000,6465577670,2160421980,9954147920
2021-09-15,7020.0,7150.0,6950.0,7110.0,1211675.0,0.2820874471086037,379544720,23087500,4090145840,4110985810,865926110,56640,5502881320,2234899800,8603763870
2021-09-16,7160.0,7290.0,7110.0,7170.0,1713944.0,0.8438818565400843,860770450,0,5751330680,5718313210,1105881200,44920600,7631810150,3547802390,12330414340
2021-09-17,7150.0,7160.0,7050.0,7140.0,1398637.0,-0.41841004184100417,463507320,21082140,4008996120,5449929020,1041176770,247853390,3802637190,4851847250,9943514600
2021-09-23,7050.0,7050.0,6900.0,7010.0,1484388.0,-1.8207282913165268,654381310,6000800,6580714810,3115391000,979133080,14040000,5988933860,3374380980,10356487920
2021-09-24,6990.0,7110.0,6930.0,6980.0,1211019.0,-0.42796005706134094,480070800,4518000,5400183720,2573898480,820862020,6993000,5968469140,1662346840,8458671000
2021-09-27,6930.0,7070.0,6900.0,6990.0,1110394.0,0.14326647564469913,582011580,3398800,3890941360,3306392650,389029330,266051920,5213924710,1913738430,7782744390
2021-09-28,6940.0,6950.0,6800.0,6820.0,1267869.0,-2.432045779685265,352958190,10255800,7292184640,1024661340,2076814290,0,4608976090,1994269590,8680059970
2021-09-29,6680.0,6750.0,6630.0,6700.0,1419297.0,-1.7595307917888565,696792020,12993400,6074237530,2700418850,992436390,200700,7057639050,1434165660,9484441800
2021-09-30,6660.0,6810.0,6660.0,6750.0,967521.0,0.7462686567164178,553733630,0,2791355320,3172471380,782819100,270600,3590744950,2143725680,6517560330
2021-10-01,6650.0,7110.0,6580.0,6590.0,3351175.0,-2.3703703703703702,380599660,53023540,15879050480,6256828000,911824240,5634650,12398647490,9253395300,22569501680
2021-10-05,6500.0,6780.0,6440.0,6680.0,1883878.0,1.3657056145675266,1347809160,37701500,6929592050,4144382370,529884920,18462800,9222848400,2688288960,12459485080
2021-10-06,6680.0,6790.0,6240.0,6240.0,2882260.0,-6.58682634730539,1027682940,53232310,13656835210,3805141240,4983789690,19360000,6938967860,6600774150,18542891700
2021-10-07,6250.0,6600.0,6250.0,6590.0,1643577.0,5.6089743589743595,972937630,0,2996451300,6706343980,377319200,2259500,8522696230,1773457980,10675732910
2021-10-08,6590.0,6600.0,6440.0,6480.0,1066171.0,-1.669195751138088,628853130,1878400,3875066210,2426671580,830605030,835840,3552379080,2548649370,6932469320
2021-10-12,6480.0,6630.0,6370.0,6490.0,948488.0,0.15432098765432098,661342730,127600,2644706490,2826428350,815903680,768010,2946790090,2369143390,6132605170
2021-10-13,6410.0,6530.0,6410.0,6520.0,937703.0,0.46224961479198773,1130507570,0,2273225430,2686601630,280787050,0,2947229280,2862318300,6090334630
2021-10-14,6550.0,6650.0,6530.0,6630.0,919742.0,1.687116564417178,1158743860,190430,2614611620,2283398960,610869580,2136030,3525696260,1918243000,6056944870
2021-10-15,6640.0,6730.0,6630.0,6690.0,993736.0,0.904977375565611,583826310,95310240,3157169140,2793827050,497830610,0,4549409220,1582892910,6630132740
2021-10-18,6700.0,6730.0,6560.0,6620.0,723893.0,-1.046337817638266,405169960,131800,3021092620,1368667500,835636970,1458600,1830574270,2127392040,4795061880
2021-10-19,6670.0,6740.0,6610.0,6690.0,775286.0,1.0574018126888218,571424950,398700,1995794620,2593325050,257153740,6779600,3119619670,1777390310,5160943320
2021-10-20,6700.0,6760.0,6600.0,6720.0,1035873.0,0.4484304932735426,354581490,6610,3094575660,3469401750,408499630,13410000,3847760010,2648895870,6918565510
2021-10-21,6670.0,6710.0,6560.0,6570.0,1117119.0,-2.232142857142857,944122270,862080,4957117370,1476800620,1656929950,14206400,2134020670,3573745320,7378902340
2021-10-22,6570.0,6620.0,6520.0,6570.0,570573.0,0.0,535725910,0,1807407400,1407689330,602114810,102290000,2404054610,642363220,3750822640
2021-10-25,6520.0,6620.0,6490.0,6610.0,763263.0,0.60882800608828,902322150,0,1817496340,2295950710,1645335750,6817140,2636437470,727178840,5015769200
2021-10-26,6630.0,6660.0,6590.0,6650.0,730636.0,0.6051437216338881,429847960,13239550,2207690410,2185847010,864202620,21258000,3307337050,643827260,4836624930
2021-10-27,6630.0,6660.0,6570.0,6630.0,664235.0,-0.30075187969924816,255303340,343710,2865035860,1268680350,474609730,5273000,2661949540,1247530990,4389363260
2021-10-28,6570.0,6610.0,6380.0,6380.0,2875391.0,-3.770739064856712,446531140,103166740,15918141340,2074130680,2970596980,3200000,5044289120,10523883800,18541969900
2021-10-29,6380.0,6410.0,6250.0,6250.0,2150851.0,-2.037617554858934,357777770,1260320,10753576870,2418416050,1037212710,6260000,5018493800,7469064500,13531031010
2021-11-01,6290.0,6410.0,6220.0,6250.0,1328266.0,0.0,983841180,2194500,4976554220,2398343330,231216340,1915500,4529064800,3598736590,8360933230
2021-11-02,6240.0,6360.0,6230.0,6240.0,1318482.0,-0.16,1210076840,8531480,4602061030,2464453090,207622710,11927000,3655690830,4409881900,8285122440
2021-11-03,6260.0,6310.0,6100.0,6110.0,1436448.0,-2.083333333333333,250479740,34473500,6479500100,2083459210,968186260,0,4072147760,3807578530,8847912550
2021-11-04,6150.0,6220.0,6090.0,6100.0,1287028.0,-0.16366612111292964,1897468600,22042040,3579486100,2390332840,672643170,13457000,4298405980,2904823430,7889329580
2021-11-05,6110.0,6140.0,5960.0,6050.0,1366033.0,-0.819672131147541,798086740,14677850,4627281070,2794767760,553464850,19964350,4865332660,2796051560,8234813420
2021-11-08,6220.0,6310.0,6050.0,6140.0,2084604.0,1.487603305785124,578953650,6701800,8104369700,4179195090,410409040,188224800,7975028920,4295557480,12869220240
2021-11-09,6150.0,6250.0,6100.0,6140.0,1262304.0,0.0,1113791070,19247300,4381812210,2257138880,310654600,4860200,2902348610,4554126050,7771989460
2021-11-10,6130.0,6200.0,6020.0,6020.0,1497797.0,-1.9543973941368076,274147040,110228300,5270483600,3424435070,422895610,18180000,4329238350,4308980050,9079294010
2021-11-11,5960.0,5980.0,5880.0,5930.0,1566489.0,-1.495016611295681,1385252590,40748140,5015303130,2847798590,632045960,48291510,4237170350,4371594630,9289102450
2021-11-12,5910.0,6140.0,5910.0,6090.0,1667590.0,2.6981450252951094,1410112470,22772410,4080276550,4585159410,140189750,14433260,5534154140,4409543690,10098320840
2021-11-15,6100.0,6280.0,6080.0,6270.0,1564722.0,2.955665024630542,2470706680,6250,4020195930,3211670440,171844930,31802980,5880553690,3618377700,9702579300
2021-11-16,6260.0,6260.0,6160.0,6230.0,1018493.0,-0.6379585326953748,675338250,20053740,2300520160,3334369590,432001940,1085250,2999872130,2897322420,6330281740
2021-11-17,6280.0,6280.0,6080.0,6080.0,1452665.0,-2.4077046548956664,187541640,29742650,4831280270,3851545630,926649880,17150000,3708562510,4247747800,8900110190
2021-11-18,6050.0,6190.0,6000.0,6150.0,1072141.0,1.151315789473684,1658636610,450970,2226034970,2663506140,528032060,1840000,3301188700,2717567930,6548628690
2021-11-19,6090.0,6160.0,5980.0,6020.0,1100196.0,-2.113821138211382,525341580,14465000,5180614310,924498490,485129820,584385260,3135358720,2440045580,6644919380
2021-11-22,5950.0,6030.0,5930.0,6020.0,1076725.0,0.0,697008900,55419860,3771275630,1904848410,332236750,6321000,3196102190,2893892860,6428552800
2021-11-23,6000.0,6080.0,5960.0,5970.0,727219.0,-0.8305647840531563,183411500,782070,2599909840,1579609660,772669620,304000,2224056620,1366682830,4363713070
2021-11-24,5970.0,6050.0,5920.0,5950.0,698303.0,-0.33500837520938026,206300430,7056230,2829352880,1126415330,750882400,0,2588435920,829806550,4169124870
2021-11-25,5910.0,5940.0,5850.0,5870.0,1310200.0,-1.3445378151260505,300519510,16755500,5871172920,1519443910,2440634990,0,3203164450,2064092400,7707891840
2021-11-26,5850.0,5850.0,5690.0,5710.0,1536967.0,-2.72572402044293,209694990,55757090,5707702020,2856085470,616269970,2569500,6886608810,1323791290,8829239570
2021-11-29,5520.0,5680.0,5510.0,5580.0,1419940.0,-2.276707530647986,1235418410,18124400,3946433390,2754535350,583957050,396920960,5884479070,1089154470,7954511550
2021-11-30,5580.0,5650.0,5330.0,5370.0,2121800.0,-3.763440860215054,344968330,28895480,6334168440,4861021380,762168030,7059000,7455341420,3344485180,11569053630
2021-12-01,5300.0,5580.0,5300.0,5530.0,1391061.0,2.97951582867784,596893670,3935380,3353286100,3652911910,616954630,2212000,4931086960,2056773470,7607027060
2021-12-02,5460.0,5880.0,5420.0,5820.0,1702529.0,5.244122965641953,1640156300,10004570,4852772550,3270340400,575302330,17858090,6304090330,2876023070,9773273820
2021-12-03,5820.0,5930.0,5740.0,5880.0,1217252.0,1.0309278350515463,1068204790,155416720,3822992320,2078430020,588386930,17700000,3303062430,3215894490,7125043850
2021-12-06,5950.0,6060.0,5870.0,5960.0,1697703.0,1.3605442176870748,508437430,159014960,7625767410,1844117050,453216850,113577370,5792228400,3778314230,10137336850
2021-12-07,6000.0,6180.0,5990.0,6180.0,1726074.0,3.691275167785235,1291768040,386092020,7239986050,1646369680,462517080,80972000,7570452600,2450274110,10564215790
2021-12-08,6210.0,6250.0,6120.0,6180.0,1556484.0,0.0,1191450760,117600000,6489223390,1831174450,309647830,18680000,6039187830,3261932940,9629448600
2021-12-09,6260.0,6260.0,6060.0,6100.0,2284538.0,-1.2944983818770228,3185073640,7763140,7892378580,2901175130,2580168970,9633340,5393207730,6003380450,13986390490
2021-12-10,6100.0,6160.0,6010.0,6120.0,1022554.0,0.32786885245901637,523732500,6100000,3253351130,2460148410,436447300,4590000,3356224920,2446069820,6243332040
2021-12-13,6100.0,6220.0,6070.0,6110.0,1185260.0,-0.16339869281045752,655379190,6408500,4271723030,2363075060,212762580,67882100,6273842550,742098550,7296585780
2021-12-14,6090.0,6120.0,6010.0,6040.0,1073896.0,-1.1456628477905073,230778450,4722600,3734720690,2528773630,464721790,378971390,4009746380,1645555810,6498995370
2021-12-15,6070.0,6070.0,5980.0,6010.0,753957.0,-0.49668874172185434,193910700,2467700,2525040280,1816521840,268754580,0,3342456940,926729000,4537940520
2021-12-16,6020.0,6080.0,6000.0,6080.0,699668.0,1.1647254575707155,388283710,1805000,1707124650,2127701220,313966350,306904440,2955341390,648702400,4224914580
2021-12-17,6040.0,6120.0,6020.0,6050.0,1110290.0,-0.4934210526315789,609375390,6120,2331886390,3788162850,1036148640,5782550,2294551890,3392947670,6729430750
2021-12-20,6040.0,6050.0,5840.0,5850.0,1237694.0,-3.3057851239669422,160536290,247165490,5702260120,1200273470,2045438410,0,3873648810,1391148150,7310235370
2021-12-21,5840.0,5900.0,5810.0,5850.0,916008.0,0.0,832018880,6983000,2627948070,1887130520,1119566530,0,3120747730,1113766210,5354080470
2021-12-22,5850.0,5910.0,5790.0,5790.0,839721.0,-1.0256410256410255,297552950,7321600,3854148040,734616760,801824720,6402000,2482689370,1602723260,4893639350
2021-12-23,5820.0,5880.0,5780.0,5800.0,731839.0,0.17271157167530224,550465080,116000,2803534140,896434520,143649670,1173620,3594997980,510728470,4250549740
2021-12-24,5810.0,5910.0,5800.0,5870.0,1016111.0,1.206896551724138,637253480,58500,3452131650,1874368490,131962840,6965330,4693067990,1131815960,5963812120
2021-12-27,5840.0,5930.0,5790.0,5790.0,727819.0,-1.362862010221465,370818260,16770350,3573856320,287321290,121729170,301600000,2145969990,1679467060,4248766220
2021-12-28,5820.0,5830.0,5740.0,5820.0,1293828.0,0.5181347150259068,1078664020,2832200,3841727290,2557164470,156071960,600847140,5263754890,1459713990,7480387980
2021-12-29,5820.0,5950.0,5770.0,5840.0,1104693.0,0.3436426116838488,164541420,293000,4430850670,1877762850,1765963820,4303180,3482056990,1221123950,6473447940
2021-12-30,5820.0,5870.0,5770.0,5770.0,1414737.0,-1.1986301369863013,226067830,3076140,6803926540,1174756990,998963000,0,2585101300,4623763200,8207827500
2022-01-03,5780.0,5940.0,5780.0,5870.0,1162093.0,1.733102253032929,861608080,94200000,3553714950,2335346690,1340623780,0,4325797160,1178448780,6844869720
2022-01-04,5860.0,6010.0,5820.0,5980.0,1311654.0,1.8739352640545146,1192807650,200974280,4453301820,1924313010,895396310,141566700,4456284630,2278149120,7771396760
2022-01-05,5980.0,6080.0,5950.0,5980.0,1788618.0,0.0,1154631250,169430820,7841177270,1572950010,1580919270,198047610,5749330790,3209891680,10738189350
2022-01-06,5930.0,6320.0,5870.0,6260.0,4410699.0,4.682274247491638,2492079900,304883200,14605529140,9955345410,2539964330,251857250,19580915460,4985100610,27357837650
2022-01-07,6300.0,6310.0,6120.0,6170.0,2176503.0,-1.4376996805111821,1232584030,116184680,10345773530,1767643790,2586249100,247988800,5543316420,5084631710,13462186030
2022-01-10,6220.0,6290.0,6100.0,6230.0,1977541.0,0.9724473257698543,1545954790,223810,7199333720,3532247720,2259547230,128520750,6527157810,3362534250,12277760040
2022-01-11,6230.0,6290.0,6140.0,6160.0,1649135.0,-1.1235955056179776,2033709520,112586500,6092111730,1976550680,1807168250,85047800,4969077260,3353665120,10214958430
2022-01-12,6170.0,6200.0,6020.0,6100.0,1973289.0,-0.974025974025974,902756690,278915470,7211673880,3607391730,2728064070,217352140,5513641630,3541679930,12000737770
2022-01-13,6110.0,6170.0,6060.0,6090.0,1157663.0,-0.16393442622950818,807962000,608000,3933008020,2326030070,1317113920,4920340,4138929450,1606644380,7067608090
2022-01-14,6110.0,6130.0,5950.0,5960.0,1578986.0,-2.134646962233169,207690140,14724720,7554688670,1701884000,743054350,12293390,3860974970,4862664820,9478987530
2022-01-17,5930.0,5940.0,5750.0,5770.0,1530166.0,-3.1879194630872485,555967620,72583520,5944553090,2342745960,698187160,175200,5009598850,3207888980,8915850190
2022-01-18,5710.0,5800.0,5360.0,5410.0,4228075.0,-6.239168110918544,861020260,245668740,19466218540,2571383690,3391294690,781700,10208384150,9543830690,23144291230
2022-01-19,5320.0,5700.0,5320.0,5580.0,2955366.0,3.1423290203327174,2603110230,1727600,6108765730,7744761170,2625931040,26985280,9517518840,4287929570,16458364730
2022-01-20,5520.0,5890.0,5520.0,5860.0,2273219.0,5.017921146953405,1323105250,1294170,4673224820,7185729170,862703950,13922050,9166552030,3140175380,13183353410
2022-01-21,5850.0,5930.0,5760.0,5850.0,1682419.0,-0.17064846416382254,581696930,193080,3956113360,5321299040,450543570,18386310,5110738920,4279633610,9859302410
2022-01-24,5840.0,5960.0,5670.0,5690.0,1678343.0,-2.735042735042735,1428958710,14331950,5786151720,2449693020,712460450,27493290,5108807460,3830374200,9679135400
2022-01-25,5700.0,5780.0,5440.0,5450.0,1702041.0,-4.21792618629174,698073780,27929600,6189554120,2485882880,633983160,22160,5182557690,3584877370,9401440380
2022-01-26,5450.0,5620.0,5450.0,5470.0,1332632.0,0.3669724770642202,873592020,6354000,3095767830,3402767500,447230730,0,4060652130,2870598490,7378481350
2022-01-27,5500.0,5550.0,5330.0,5340.0,1633696.0,-2.376599634369287,718155520,94054200,5297413860,2709620200,1207490730,28046230,3869293000,3714413820,8819243780
2022-01-28,5410.0,5750.0,5310.0,5670.0,2510266.0,6.179775280898876,2357088460,192518290,5090890120,6389899600,1269085590,13435250,8636301130,4111574500,14030396470
2022-02-03,5780.0,5940.0,5750.0,5860.0,2202662.0,3.3509700176366843,1715770080,9302400,5368446810,5807852460,591360470,62349810,7165574580,5082086890,12901371750
2022-02-04,5800.0,5960.0,5800.0,5960.0,3413956.0,1.7064846416382253,857135950,1415280,3637123400,15714489160,1557409090,41485000,4676712960,13934556740,20210163790
2022-02-07,5920.0,5920.0,5710.0,5750.0,1646013.0,-3.523489932885906,272384260,21324270,6570648090,2617703280,1570128500,8600000,2538069550,5365261850,9482059900
2022-02-08,5770.0,5820.0,5610.0,5660.0,1503631.0,-1.565217391304348,529272490,184941510,5160344220,2691708240,716398300,141250000,3071258960,4637359200,8566266460
2022-02-09,5710.0,5760.0,5680.0,5750.0,1253514.0,1.5901060070671376,548013280,516300,2451172990,4190780070,376626150,110984240,2793765330,3909106920,7190482640
2022-02-10,5770.0,5790.0,5670.0,5710.0,1121215.0,-0.6956521739130435,512692170,7083400,2393864600,3493746140,1061674890,0,2355277990,2990433430,6407386310
2022-02-11,5690.0,5700.0,5560.0,5600.0,1230859.0,-1.926444833625219,195958710,7107130,3599947710,3106141610,598769210,504000,2383087810,3926794140,6909155160
2022-02-14,5500.0,5550.0,5360.0,5430.0,1710940.0,-3.0357142857142856,546824030,24973900,5863949880,2841182420,1820634530,135527000,3470091330,3850677370,9276930230
2022-02-15,5410.0,5450.0,5330.0,5370.0,1486295.0,-1.1049723756906076,669779210,16045350,4631368850,2674634750,1381016850,0,3228945230,3381866080,7991828160
2022-02-16,5470.0,5620.0,5460.0,5600.0,1095763.0,4.283054003724395,1273124970,38490,2340867410,2463534530,364841660,82521300,4134216040,1495986400,6077565400
2022-02-17,5650.0,5750.0,5510.0,5590.0,1487395.0,-0.17857142857142858,1297260090,223600,4345453710,2745160530,701083170,2087470,5009309940,2675617350,8388097930
2022-02-18,5500.0,5710.0,5500.0,5710.0,1180668.0,2.146690518783542,1246255910,464281700,3380206550,1583169810,931338400,6642100,4169573880,1566359590,6673913970
2022-02-21,5650.0,5880.0,5610.0,5770.0,1865366.0,1.0507880910683012,2661461860,236520,6147419720,1972367450,1670843060,888540100,5733577640,2488524750,10781485550
2022-02-22,5670.0,5760.0,5600.0,5690.0,1176683.0,-1.386481802426343,783356840,97067450,3617727580,2192407990,641788550,113000000,4416244280,1519527030,6690559860
2022-02-23,5720.0,6120.0,5710.0,6090.0,5292758.0,7.029876977152901,8701066130,207662850,14061890080,8866994400,2207754620,652635200,23493438460,5483785180,31837613460
2022-02-24,6040.0,6310.0,5990.0,6170.0,5578196.0,1.3136288998357963,6747968900,559701290,20709053500,6220919240,1576565490,451318950,24859591010,7350167480,34237642930
2022-02-25,6180.0,6250.0,6040.0,6130.0,3396224.0,-0.6482982171799028,4673369360,201160440,11255632000,4701747780,1976852690,197004530,10888510810,7769541550,20831909580
2022-02-28,6130.0,6400.0,6090.0,6270.0,3474542.0,2.2838499184339316,4683724410,19712220,11001171730,6102435510,924880420,673992000,13209830400,6998341050,21807043870
2022-03-02,6300.0,6400.0,6250.0,6380.0,2345400.0,1.7543859649122806,3238399610,88361270,7872399490,3682860530,1442233670,81812890,7814764260,5543210080,14882020900
2022-03-03,6400.0,6780.0,6390.0,6780.0,5857758.0,6.269592476489027,11545744040,632476430,19517385050,7307665650,641522370,685427070,30146615240,7529706490,39003271170
2022-03-04,6770.0,6990.0,6720.0,6950.0,6106720.0,2.5073746312684366,10283019770,112414650,23259597360,8475944940,998673340,266568670,30884364950,9981369760,42130976720
2022-03-07,6950.0,7100.0,6810.0,7020.0,4922531.0,1.0071942446043165,7105607360,696809660,19006902500,7567426970,1768561340,259557050,22365520750,9983107350,34376746490
2022-03-08,6910.0,7020.0,6700.0,6740.0,5349873.0,-3.9886039886039883,5878985800,653843390,19145527360,10720967330,6150647240,315957800,17906452470,12026266370,36399323880
2022-03-10,6990.0,7050.0,6820.0,7000.0,7255167.0,3.857566765578635,13012921760,348035420,22400152430,14751500760,9243416620,478993540,27944560310,12845639900,50512610370
2022-03-11,7010.0,7320.0,6950.0,7320.0,7712596.0,4.571428571428571,16245840820,24801430,29768406160,9567405300,2705566780,399958910,42560026940,9940901080,55606453710
2022-03-14,7330.0,7510.0,7260.0,7300.0,5283200.0,-0.273224043715847,6250435460,252619840,25415281970,7062721240,1666650140,713052600,27142218150,9459137620,38981058510
2022-03-15,7240.0,7340.0,7010.0,7100.0,4146306.0,-2.73972602739726,2653076420,200474550,17522603510,9182766150,5633795970,65275810,17216938180,6642910670,29558920630
2022-03-16,7130.0,7330.0,7010.0,7180.0,4314964.0,1.1267605633802817,3706707500,25916950,20283847280,6934813570,2549073290,64892830,20953670070,7383649110,30951285300
2022-03-17,7290.0,7300.0,7010.0,7050.0,3734645.0,-1.8105849582172702,1904493890,151554580,18162337980,6293544460,4300374390,109571000,15865402260,6236583260,26511930910
2022-03-18,7050.0,7130.0,6980.0,7130.0,2454932.0,1.1347517730496455,900176000,1399000,7239560630,9203159420,1528258260,34950000,11532214470,4248872320,17344295050
2022-03-21,7120.0,7140.0,6970.0,6990.0,2061507.0,-1.9635343618513323,2354183680,178480850,10140790530,1814658150,1939495670,68628100,8695664480,3784324960,14488113210
2022-03-22,6980.0,7090.0,6970.0,7070.0,1426333.0,1.144492131616595,1057457530,71739690,4590843620,4333006270,1337566560,91650000,7719281730,904548820,10053047110
2022-03-23,7100.0,7120.0,7040.0,7100.0,1664573.0,0.4243281471004243,1036559410,11136300,7476155470,3264246250,1592696510,355672000,7865644630,1974084290,11788097430
2022-03-24,7080.0,7130.0,7020.0,7130.0,1761845.0,0.42253521126760557,2151472930,11579300,7846865410,2468089720,1241668230,56999510,7907379220,3271960400,12478007360
2022-03-25,7160.0,7230.0,7020.0,7070.0,1894719.0,-0.8415147265077139,2596954630,14710600,8723923550,2071939190,2034607840,85920,5760829730,5612004480,13407527970
2022-03-28,7070.0,7130.0,7020.0,7080.0,1575548.0,0.14144271570014144,745010110,214464360,7137320940,3058023230,1901652570,0,7953159610,1300006460,11154818640
2022-03-29,7100.0,7130.0,6790.0,6820.0,3512963.0,-3.672316384180791,1350039690,78473900,19491683430,3302642330,4344455220,538214470,14086895600,5253274060,24222839350
2022-03-30,6850.0,6900.0,6710.0,6810.0,1595439.0,-0.1466275659824047,1412724330,228173110,5419658160,3835329010,559608840,12327000,7258217560,3065731210,10895884610
2022-03-31,6810.0,7020.0,6810.0,7000.0,1706338.0,2.7900146842878124,2239242110,2148390,6405533340,3211208880,322176310,262690,9818062500,1717631220,11858132720
2022-04-01,7010.0,7010.0,6820.0,6890.0,1308699.0,-1.5714285714285716,431905590,7938220,6795483560,1784087510,3042826930,20876510,3841278840,2114432600,9019414880
2022-04-04,6900.0,6940.0,6720.0,6730.0,2098152.0,-2.3222060957910013,1210161850,70432360,10777910780,2212338070,2851002110,241833400,7487866920,3690140630,14270843060
2022-04-05,6740.0,6790.0,6680.0,6740.0,1559652.0,0.1485884101040119,583051210,7527440,6035729650,3849054530,3560604930,70306770,4502832020,2341619110,10475362830
2022-04-06,6720.0,6720.0,6580.0,6680.0,1457822.0,-0.8902077151335311,416581650,179710100,5639773830,3447506410,2757475590,95831230,5068424220,1761840950,9683571990
2022-04-07,6670.0,6670.0,6500.0,6520.0,1680238.0,-2.3952095808383236,960020920,44670210,6419179870,3564216290,2956115470,2089450,4997091800,3032790570,10988087290
2022-04-08,6570.0,6640.0,6410.0,6640.0,1668164.0,1.8404907975460123,500765150,27665350,6082507850,4299108730,1311934110,1986000,5825232650,3770894320,10910047080
2022-04-11,6560.0,6640.0,6530.0,6620.0,997378.0,-0.30120481927710846,1027794180,26545070,3981886770,1532699850,606496780,0,3235166070,2727263020,6568925870
2022-04-12,6520.0,6650.0,6520.0,6620.0,1133877.0,0.0,760076470,58220350,3762805120,2900300160,887286620,5287240,4432737930,2156090310,7481402100
2022-04-13,6670.0,6670.0,6550.0,6630.0,968299.0,0.1510574018126888,616742920,15176880,4320575170,1444814090,563401600,662000,3771900750,2061344710,6397309060
2022-04-14,6640.0,6640.0,6520.0,6560.0,1314511.0,-1.0558069381598794,1357857250,18300570,5973536010,1279281500,2943210520,19620000,3942623550,1723521260,8628975330
2022-04-15,6510.0,6620.0,6480.0,6590.0,1048041.0,0.45731707317073167,780645690,14952600,4654564970,1431970420,1627094230,661000,3496599930,1757778520,6882133680
2022-04-18,6520.0,6610.0,6510.0,6530.0,857171.0,-0.9104704097116844,1315718060,0,3584538940,717963970,776779130,65700,3256473850,1584902290,5618220970
2022-04-19,6530.0,6590.0,6480.0,6580.0,809641.0,0.7656967840735069,1143817670,3995400,2503412360,1649378130,600967150,1979040,3420521570,1277135800,5300603560
2022-04-20,6550.0,6550.0,6340.0,6380.0,1968994.0,-3.0395136778115504,868624800,100479060,10192167560,1439171650,2263433440,29977170,6714722570,3592309890,12600443070
2022-04-21,6360.0,6610.0,6360.0,6520.0,2099424.0,2.19435736677116,3674684280,15163800,4928645610,5107001000,1107010720,18750320,8643516910,3956216740,13725494690
2022-04-22,6500.0,6580.0,6420.0,6560.0,1187621.0,0.6134969325153374,2918468680,81073840,3834188500,898296830,1134670420,14463280,4297870350,2285023800,7732027850
2022-04-25,6400.0,6470.0,6300.0,6300.0,1483323.0,-3.9634146341463414,919275610,48651180,6700382250,1770613030,1584185300,223651980,4602813840,3028270950,9438922070
2022-04-26,6350.0,6370.0,6250.0,6260.0,1166817.0,-0.6349206349206349,447647210,24950780,4580352720,2289525360,316344850,340077130,4730525480,1955528610,7342476070
2022-04-27,6100.0,6330.0,6100.0,6300.0,1094650.0,0.6389776357827476,1444217870,15313800,3226138430,2138843520,810560100,69080,4661120770,1352763670,6824513620
2022-04-28,6390.0,7060.0,6340.0,7000.0,11957677.0,11.11111111111111,10445366850,92398890,42086775870,29350212130,3003661520,645358750,67271514460,11054219010,81974753740
2022-04-29,7010.0,7010.0,6720.0,6770.0,3357254.0,-3.2857142857142856,2811227080,70272000,15709369230,4322047650,892038100,861130750,13224750380,7934996730,22912915960
2022-05-02,6770.0,6960.0,6750.0,6760.0,2199319.0,-0.14771048744460857,1448859980,1078220,10074726820,3479977140,1848216830,406964550,9071038240,3678422540,15004642160
2022-05-03,6820.0,6900.0,6740.0,6750.0,1873029.0,-0.14792899408284024,704213070,949200,7168949470,4867859790,2207637880,64237640,6410307960,4059788050,12741971530
2022-05-04,6820.0,6900.0,6740.0,6750.0,1862783.0,0.0,691916840,117491450,8082155750,3785870640,638682800,298112200,9480060160,2260579520,12677434680
2022-05-06,6670.0,6840.0,6640.0,6780.0,1892529.0,0.4444444444444444,815334240,6690310,6690492940,5272355370,1752666760,1275230,6145525100,4885405770,12784872860
2022-05-09,6800.0,6810.0,6430.0,6440.0,2575080.0,-5.014749262536873,539361120,181374830,12831183810,3244380910,4757980200,26692860,6676464690,5335162920,16796300670
2022-05-10,6300.0,6460.0,6210.0,6330.0,1964909.0,-1.7080745341614907,786888730,226633330,6433351530,4957907010,2655700080,16991130,4858151310,4873938080,12404780600
2022-05-11,6310.0,6360.0,6150.0,6240.0,1655922.0,-1.4218009478672986,453407000,142735190,6649993700,3088257520,1016206500,10642000,3963209260,5344335650,10334393410
2022-05-12,6130.0,6230.0,6020.0,6070.0,2115665.0,-2.7243589743589745,729998000,14917500,7167867500,5028774500,3283453060,12260000,6059064320,3586780120,12941557500
2022-05-13,6080.0,6290.0,6070.0,6220.0,1356900.0,2.471169686985173,1059418320,23365190,3850194280,3466038590,210930200,24860,4242900140,3945161180,8399016380
2022-05-16,6290.0,6300.0,6180.0,6180.0,804730.0,-0.6430868167202572,421141560,6954860,2919140770,1659101040,1318358220,0,2253490010,1434490000,5006338230
2022-05-17,6230.0,6400.0,6210.0,6240.0,1282524.0,0.9708737864077669,1326887040,185261950,4309070520,2246271640,707139100,330119460,4027003460,3003229130,8067491150
2022-05-18,6270.0,6290.0,6150.0,6170.0,1033032.0,-1.1217948717948718,809055380,265040370,4446470770,864496970,596774120,3659040,2573970690,3210659640,6385063490
2022-05-19,5990.0,6080.0,5980.0,6010.0,1475172.0,-2.593192868719611,975344810,215609890,5473528440,2221929970,1730227200,8773650,4181651260,2965761000,8886413110
2022-05-20,6020.0,6150.0,6020.0,6120.0,799151.0,1.8302828618968388,1389609340,9432120,2079474920,1404760210,566411520,248990830,3040451430,1027422810,4883276590
2022-05-23,6130.0,6140.0,6040.0,6090.0,826478.0,-0.49019607843137253,1106015320,210583960,2716892400,986834970,570111560,213420950,2363249860,1873544280,5020326650
2022-05-24,6130.0,6410.0,6120.0,6320.0,3217453.0,3.776683087027915,8040016000,67808830,7814532750,4465805790,475370490,422295550,14545345360,4945151970,20388163370
2022-05-25,6360.0,6600.0,6260.0,6540.0,3080291.0,3.481012658227848,8257727310,200880000,5158808720,6391235210,162683320,154066020,12652110090,7039791810,20008651240
2022-05-26,6490.0,6540.0,6400.0,6410.0,1357956.0,-1.9877675840978593,2165357860,6619400,4313082060,2274967810,1865866290,0,3580374690,3313786150,8760027130
2022-05-27,6440.0,6530.0,6380.0,6440.0,1084005.0,0.46801872074883,2877196590,12719740,2584208810,1512727730,712962160,2388320,3896786130,2374716260,6986852870
2022-05-30,6510.0,6590.0,6430.0,6510.0,1189498.0,1.0869565217391304,3768927570,261301660,2512404890,1211047120,1248407150,130802640,3408714820,2965756630,7753681240
2022-05-31,6560.0,6670.0,6430.0,6550.0,2356280.0,0.6144393241167435,6086775840,105828000,4638553070,4625621090,3442698980,134557340,5882940120,5996581560,15456778000
2022-06-02,6510.0,6510.0,6380.0,6460.0,1229361.0,-1.3740458015267176,605638470,38560,3519680550,3791008690,2059447320,92040000,2651998760,3112880190,7916366270
2022-06-03,6470.0,6530.0,6390.0,6500.0,917569.0,0.6191950464396285,883305220,698770,2691010570,2360721240,1302267610,32291050,3129327000,1471850140,5935735800
2022-06-07,6560.0,6560.0,6290.0,6340.0,1260290.0,-2.4615384615384617,903120290,0,5247726650,1871817460,2036047880,518259000,2931431040,2536926480,8022664400
2022-06-08,6370.0,6530.0,6340.0,6520.0,1538966.0,2.8391167192429023,1260283740,6470,2910288030,5809663300,665871770,69149680,6222876810,3022343280,9980241540
2022-06-09,6440.0,6450.0,6310.0,6450.0,1609118.0,-1.0736196319018405,3582529090,7462100,3993134530,2720362480,2482499150,6450,2698569480,5122413120,10303488200
2022-06-10,6370.0,6680.0,6330.0,6580.0,2434095.0,2.0155038759689923,4897068610,1263400,5027654400,6081479570,1048287090,494004740,11084145080,3381029070,16007465980
2022-06-13,6490.0,6500.0,6170.0,6180.0,1928548.0,-6.079027355623101,1248643540,66709700,8958906470,1814279530,1217399110,881500,5524625070,5345633560,12088539240
2022-06-14,6030.0,6180.0,5920.0,6110.0,2130147.0,-1.132686084142395,2615157060,13931560,6684010440,3569369710,1167630260,94960120,6579246210,5040632180,12882468770
2022-06-15,6060.0,6210.0,6000.0,6060.0,1496508.0,-0.8183306055646482,983039300,7833000,3453305450,4690642180,1280900430,55320000,5169366700,2629232800,9134819930
2022-06-16,6150.0,6220.0,6050.0,6060.0,1920522.0,0.0,2297610420,7335600,4159893700,5319341840,3529355750,221060920,5484120950,2549643940,11784181560
2022-06-17,5890.0,5980.0,5630.0,5920.0,2759818.0,-2.31023102310231,2917339400,30019000,8048587200,5149284360,2741638070,355659290,5689707760,7358224840,16145229960
2022-06-20,5950.0,5970.0,5630.0,5720.0,1644221.0,-3.3783783783783785,1912445300,27597600,5215489070,2267455750,1434232340,29290990,6185099550,1774364840,9422987720
2022-06-21,5790.0,5790.0,5640.0,5670.0,1350110.0,-0.8741258741258742,1133042170,7691500,4200925760,2379880710,1283876620,352850000,4131062680,1953750840,7721540140
2022-06-22,5720.0,5740.0,5310.0,5310.0,2238066.0,-6.349206349206349,860024260,55720880,8292791550,2977222250,2697780360,268197650,5184122270,4035658660,12185758940
2022-06-23,5310.0,5380.0,5060.0,5070.0,2235046.0,-4.519774011299435,1541852050,27570000,5323837160,4689289190,2141303250,608300380,4944780720,3888164050,11582548400
2022-06-24,5040.0,5390.0,5040.0,5330.0,1946879.0,5.128205128205128,3876582020,1304500,3170429470,3245036150,321242420,521671800,5734281950,3716155970,10293352140
2022-06-27,5400.0,5500.0,5350.0,5450.0,1045087.0,2.25140712945591,764257840,6449400,3796000240,1124609510,612539680,5500000,2792738930,2280538380,5691316990
2022-06-28,5470.0,5610.0,5420.0,5550.0,1254009.0,1.834862385321101,1639255290,82931810,3386503220,1847109190,371084360,48607400,3771100880,2765006870,6955799510
2022-06-29,5480.0,5710.0,5450.0,5610.0,1222419.0,1.0810810810810811,1883768050,105773990,3572311130,1311407260,540820950,153873000,3673624380,2504942100,6873260430
2022-06-30,5630.0,5970.0,5570.0,5840.0,2810200.0,4.09982174688057,5150558520,370269090,6563266230,4455361340,1446166150,345291400,11281108140,3466889490,16539455180
2022-07-01,5900.0,6120.0,5780.0,5890.0,2459175.0,0.8561643835616438,3746752250,85940870,7021279690,3734428940,2754778690,460729980,6481661350,4891231730,14588401750
2022-07-04,5960.0,5960.0,5630.0,5730.0,1426315.0,-2.7164685908319184,2703669110,13077000,3575091680,1879483250,1549605520,56797980,3859772170,2705145370,8171321040
2022-07-05,5770.0,5890.0,5680.0,5730.0,1185126.0,0.0,478715960,1704000,3545624330,2796859020,2165624710,3861850,3312154420,1341262330,6822903310
2022-07-06,5720.0,5730.0,5500.0,5500.0,1191394.0,-4.013961605584642,263478570,53918500,3748747420,2582553150,2198845760,1691600,2338115950,2110044330,6648697640
2022-07-07,5580.0,5630.0,5500.0,5550.0,969139.0,0.9090909090909091,522884460,7321000,2337030830,2530223670,1227274590,0,2344765850,1825419520,5397459960
2022-07-08,5570.0,5760.0,5570.0,5640.0,1088101.0,1.6216216216216217,2081096090,38491600,1923202030,2150803700,513513140,23472500,3270298770,2386309010,6193593420
2022-07-11,5610.0,5700.0,5510.0,5610.0,991576.0,-0.5319148936170213,1859354040,11280,2442082750,1267099270,425836990,23312720,2740739290,2378658340,5568547340
2022-07-12,5600.0,5600.0,5350.0,5410.0,1054870.0,-3.5650623885918007,392271450,46512400,3800650330,1490040650,1340500250,1352500,1840381940,2547240140,5729474830
2022-07-13,5400.0,5420.0,5300.0,5330.0,1168474.0,-1.478743068391867,531936310,92574350,2949395970,2688993740,973506280,21333200,2133352160,3134708730,6262900370
2022-07-14,5270.0,5330.0,5170.0,5240.0,1759860.0,-1.6885553470919326,288990920,246948280,4644649650,4042321010,3105506050,0,2561883730,3555520080,9222909860
2022-07-15,5250.0,5300.0,5050.0,5120.0,2057735.0,-2.2900763358778624,334733720,162492920,5399251990,4647326170,3185460600,1413250,2845369320,4511561630,10543804800
2022-07-18,5130.0,5410.0,5130.0,5360.0,1877166.0,4.6875,3231691220,23547870,3399541930,3301975080,1185923810,142699000,5671848560,2956284730,9956756100
2022-07-19,5390.0,5410.0,5310.0,5330.0,541853.0,-0.5597014925373134,161230250,540860,2057467620,681686650,269834760,5360350,1194112010,1431618260,2900925380
2022-07-20,5430.0,5450.0,5300.0,5340.0,1102800.0,0.18761726078799248,235208550,554433990,3303272150,1812217480,415058880,21746650,3056960120,2411366520,5905132170
2022-07-21,5340.0,5350.0,5290.0,5320.0,614923.0,-0.37453183520599254,153288250,77920000,1978369030,1061442250,1114893020,1066000,1008000400,1147060110,3271019530
2022-07-22,5340.0,5450.0,5290.0,5350.0,1254048.0,0.5639097744360901,163843180,383096610,3447518980,2716261070,2034749320,481141600,2572937380,1621891540,6710719840
2022-07-25,5310.0,5390.0,5300.0,5350.0,674449.0,0.0,344547150,79650000,1691177900,1484221720,1122081460,122680000,1470497810,884337500,3599596770
2022-07-26,5350.0,5640.0,5310.0,5400.0,2603317.0,0.9345794392523363,1417238830,112629860,8246046580,4532498960,1768260570,841364260,7694931770,4003857630,14308414230
2022-07-27,5410.0,5490.0,5360.0,5490.0,1237903.0,1.6666666666666667,370297940,73690080,2730253730,3546775610,1297781630,54100000,3194080260,2175055470,6721017360
2022-07-28,5490.0,5490.0,5110.0,5170.0,6876271.0,-5.828779599271402,2020899010,1121081830,29933262010,2656589670,8487857090,36161030,9362548190,17845266210,35731832520
2022-07-29,5190.0,5250.0,5150.0,5250.0,2773233.0,1.5473887814313347,1718379390,61290060,7497200140,5150434800,634996460,131250000,7556253090,6104804840,14427304390
2022-08-01,5230.0,5340.0,5220.0,5300.0,1862766.0,0.9523809523809524,1956806100,158258690,4237657500,3511389600,996252070,52600000,6669350490,2145909330,9864111890
2022-08-02,5290.0,5300.0,5210.0,5210.0,1549438.0,-1.6981132075471699,1352893700,35107320,5048431250,1670329380,1811647830,522000,2958644840,3335946980,8106761650
2022-08-03,5180.0,5250.0,5170.0,5210.0,1130371.0,0.0,248315170,12412280,3559835590,2067676880,1203884960,104304200,1776788170,2803262590,5888239920
2022-08-04,5260.0,5280.0,5180.0,5190.0,1551106.0,-0.3838771593090211,134641120,146223350,6604307230,1204564130,1838472300,648750,3702001290,2548613490,8089735830
2022-08-05,5220.0,5290.0,5210.0,5280.0,1594488.0,1.7341040462427744,484368720,47579660,4700061370,3155328260,808215470,45775270,6264885060,1268462210,8387338010
2022-08-08,5310.0,5310.0,5220.0,5310.0,1186497.0,0.5681818181818182,390825670,145777670,4104361690,1623250550,934280210,53000000,4026745640,1250189730,6264215580
2022-08-09,5300.0,5310.0,5250.0,5290.0,1301769.0,-0.3766478342749529,434943700,26620500,4084513520,2330836100,1246897760,158580040,3390019030,2081416990,6876913820
2022-08-10,5280.0,5500.0,5280.0,5420.0,4763107.0,2.4574669187145557,2723679150,219268160,13452580110,9469130920,909098450,1250894050,19497092910,4207572930,25864658340
2022-08-11,5520.0,5530.0,5440.0,5480.0,2257598.0,1.107011070110701,2419368830,275500,7759257020,2187547720,632995810,33175200,6674572290,5025705770,12366449070
2022-08-12,5540.0,5710.0,5500.0,5680.0,3557808.0,3.64963503649635,2691296450,45477320,12825630660,4515005470,123749870,359001230,15657007340,3937651460,20077409900
2022-08-16,5760.0,5760.0,5520.0,5530.0,2543598.0,-2.640845070422535,1312910340,34665240,10591218480,2307240830,485061580,59875620,7440199920,6260897770,14246034890
2022-08-17,5560.0,5590.0,5400.0,5410.0,1786705.0,-2.1699819168173597,659300170,60575430,6495956720,2560745520,790535310,16710000,5412697880,3556634650,9776577840
2022-08-18,5360.0,5440.0,5320.0,5390.0,1139887.0,-0.36968576709796674,785380010,16020000,3167375260,2174733050,1407976560,0,2846393240,1889138520,6143508320
2022-08-19,5380.0,5400.0,5290.0,5290.0,1466172.0,-1.855287569573284,599709690,80998820,5939659510,1173436670,1175248510,0,4018552000,2600004180,7793804690
2022-08-22,5210.0,5290.0,5170.0,5220.0,1393015.0,-1.3232514177693762,1535144790,11942990,3731233260,2014066220,1828336350,5220000,2795586870,2663244040,7292387260
2022-08-23,5170.0,5220.0,5120.0,5140.0,1403910.0,-1.532567049808429,511802690,116196140,4898463400,1718587450,1386663280,9543160,2984481840,2864361400,7245049680
2022-08-24,5150.0,5260.0,5150.0,5220.0,1194031.0,1.556420233463035,360851920,12558680,3210123940,2633123120,1665330100,17454130,2693901140,1839972290,6216657660
2022-08-25,5260.0,5300.0,5210.0,5280.0,1331431.0,1.1494252873563218,704860920,263000,3752123660,2546000110,1065919130,96480870,3466454180,2374393510,7003247690
2022-08-26,5330.0,5390.0,5260.0,5360.0,1534920.0,1.5151515151515151,919521090,1225600,4312231530,2951872460,890342390,18318400,5419847280,1856342610,8184850680
2022-08-29,5150.0,5230.0,5150.0,5170.0,1301401.0,-3.544776119402985,576786430,18761470,5185940390,958798910,1211363470,268343000,3666362890,1594217840,6740287200
2022-08-30,5200.0,5240.0,5120.0,5160.0,1423700.0,-0.19342359767891684,373792820,3078100,5882896960,1093977480,2053731290,6687380,2532867080,2760459610,7353745360
2022-08-31,5120.0,5200.0,5100.0,5200.0,1141153.0,0.7751937984496124,270377700,2209400,3479572670,2123186450,846155660,0,2400228590,2628961970,5875346220
2022-09-01,5150.0,5170.0,5020.0,5020.0,2433681.0,-3.4615384615384617,273633980,15927200,11692711840,377618180,3889391880,260121180,4227619700,3982758440,12359891200
2022-09-02,5080.0,5080.0,4960.0,4970.0,1850327.0,-0.9960159362549801,205745555,247908290,7608330630,1186452910,2589442255,657223270,3579477270,2422294590,9248437385
2022-09-05,4935.0,5020.0,4935.0,4970.0,1019645.0,0.0,284028265,9568625,2769696160,2013874320,458340480,296703725,3173778985,1148344180,5077167370
2022-09-06,4970.0,4995.0,4815.0,4835.0,2266894.0,-2.716297786720322,392330930,9088720,9010435345,1639348835,2387136845,559435915,6369151100,1735479970,11051203830
2022-09-07,4790.0,4790.0,4565.0,4635.0,3509813.0,-4.1365046535677354,235119830,510632370,9989209025,5539321460,4000918125,1844383610,7370921800,3058059150,16274282685
2022-09-08,4700.0,4820.0,4700.0,4810.0,1644601.0,3.7756202804746493,1115566055,83712650,3805709140,2839595625,805363950,21169335,5598063380,1419986805,7844583470
2022-09-13,4970.0,5030.0,4905.0,5010.0,1728774.0,4.158004158004158,2488844960,6459000,3567501540,2552110730,426478925,7007500,5567917285,2613512520,8614916230
2022-09-14,4810.0,4945.0,4790.0,4900.0,1118471.0,-2.19560878243513,811723050,19167750,3053060460,1574747205,763825850,0,2635601980,2059270635,5458698465
2022-09-15,4910.0,5030.0,4880.0,4930.0,1087848.0,0.6122448979591837,115325435,9407000,2520774655,2745182990,673221420,2470000,2911189730,1803808930,5390690080
2022-09-16,4835.0,4965.0,4825.0,4840.0,1401290.0,-1.8255578093306288,79984000,30692775,2543442425,4156616840,1900309695,1216250,1730723350,3178486745,6810736040
2022-09-19,4860.0,4880.0,4755.0,4760.0,737114.0,-1.6528925619834711,197248270,12049380,1937523015,1384676115,371260220,0,2070186755,1090049805,3531496780
2022-09-20,4860.0,4865.0,4775.0,4785.0,602343.0,0.5252100840336135,366822580,0,1058352240,1467911785,785038440,481000,1451162665,656404500,2893086605
2022-09-21,4745.0,4840.0,4730.0,4760.0,652078.0,-0.522466039707419,409789490,13301750,1531305005,1151067740,1073620225,7670000,1195192475,828981285,3105463985
2022-09-22,4710.0,4715.0,4535.0,4585.0,2209954.0,-3.6764705882352944,194634025,76809500,5492548715,4352286035,3497020125,84158245,2746948360,3788151545,10116278275
2022-09-23,4565.0,4605.0,4500.0,4545.0,1118387.0,-0.8724100327153763,138401365,123827705,1972028090,2855953485,1013383935,59226370,2702278580,1315321760,5090210645
2022-09-26,4400.0,4495.0,4265.0,4270.0,2258845.0,-6.050605060506051,1015380490,124216130,4709117785,3903832465,1169525125,201531835,6425165270,1956324640,9752546870
2022-09-27,4210.0,4330.0,4195.0,4290.0,1392875.0,0.468384074941452,530874295,47805740,2415565735,2925189150,974974685,0,3250356605,1694103630,5919434920
2022-09-28,4235.0,4290.0,4070.0,4130.0,1724101.0,-3.7296037296037294,358555985,1242500,3843271590,2947957235,952504710,152015245,4085288270,1961219085,7151027310
2022-09-29,4175.0,4250.0,4120.0,4125.0,1224415.0,-0.12106537530266344,368451680,25654500,1553277960,3171691215,1028034005,67628410,2416049410,1607363530,5119075355
2022-09-30,4040.0,4150.0,4040.0,4120.0,1434104.0,-0.12121212121212122,548976555,11960460,1986767115,3333230550,816708720,227511985,2971343650,1865370325,5880934680
2022-10-04,4185.0,4340.0,4165.0,4255.0,982188.0,3.2766990291262137,214104785,92230800,1168853215,2699770995,573626550,267614035,2066413070,1267306140,4174959795
2022-10-05,4330.0,4345.0,4220.0,4275.0,1037088.0,0.4700352526439483,155090375,55100180,1393713685,2825313435,1002257380,31519090,1419162505,1976278700,4429217675
2022-10-06,4275.0,4305.0,4235.0,4235.0,768708.0,-0.9356725146198831,427779565,6577765,2239367725,607653580,401706225,2309500,1374221355,1503141555,3281378635
2022-10-07,4195.0,4250.0,4170.0,4235.0,1042414.0,0.0,205168050,13614730,1135652260,3028482690,385561695,4245,1249692040,2747659750,4382917730
2022-10-11,4160.0,4210.0,4065.0,4080.0,942870.0,-3.659976387249114,186849860,87428500,1849834245,1747620140,656282610,1836000,1774722275,1438891860,3871732745
2022-10-12,4050.0,4195.0,4050.0,4175.0,1157098.0,2.3284313725490198,357564485,21227800,1378051585,3041062500,1014635815,62272770,2050516810,1670480975,4797906370
2022-10-13,4120.0,4165.0,4000.0,4000.0,1187964.0,-4.191616766467066,338570595,30066450,2562228280,1886722515,653725020,0,2317317655,1846545165,4817587840
2022-10-14,4085.0,4180.0,4065.0,4155.0,1061151.0,3.875,309388750,0,1343938470,2736756300,1277822605,130646445,2552007340,429607130,4390083520
2022-10-17,4105.0,4120.0,4010.0,4050.0,1273285.0,-2.527075812274368,166291565,44530000,2980448555,1966152095,2281847645,12494795,1602948475,1260131300,5157422215
2022-10-18,4120.0,4300.0,4105.0,4290.0,1717076.0,5.9259259259259265,1163559330,22148900,2389247645,3646730315,258142305,253951165,4939827185,1769765535,7221686190
2022-10-19,4305.0,4310.0,4185.0,4215.0,1396010.0,-1.7482517482517483,193741450,7372150,2828885510,2892895615,676478950,106849820,2099365405,3040200550,5922894725
2022-10-20,4205.0,4275.0,4180.0,4230.0,829267.0,0.3558718861209964,320895105,5240000,1087260505,2083842065,501308855,35227625,1492408910,1468292285,3497237675
2022-10-21,4180.0,4225.0,3965.0,3975.0,2470371.0,-6.028368794326241,405080550,234990890,7846058660,1470798345,2854664455,45290,3701714690,3400504010,9956928445
2022-10-24,4070.0,4310.0,4050.0,4165.0,2966217.0,4.779874213836479,1928720560,53890380,3286334655,7200495880,1766413220,336670795,9157434145,1208923315,12469441475
2022-10-25,4165.0,4165.0,3970.0,3980.0,2119528.0,-4.441776710684274,232164060,294720065,6710693880,1256873965,1980197255,61541840,2447228915,4005483960,8494451970
2022-10-26,4005.0,4045.0,3950.0,3975.0,1277864.0,-0.12562814070351758,140284415,3579420,2347975910,2612411830,359261360,70146240,3365048695,1309795280,5104251575
2022-10-27,4090.0,4270.0,3980.0,4260.0,2997658.0,7.169811320754717,1738447855,33092345,3791774825,6912517455,229863500,538759280,9442786390,2264423310,12475832480
2022-10-28,4210.0,4325.0,4195.0,4240.0,1417329.0,-0.4694835680751174,1747345865,2159080,2746858065,1543733925,503977960,285557215,2982870845,2267690915,6040096935
2022-10-31,4305.0,4305.0,4160.0,4205.0,1249327.0,-0.8254716981132075,177969515,41940000,2705409930,2326626930,1264434845,90951040,1619101775,2277458715,5251946375
2022-11-01,4270.0,4485.0,4240.0,4460.0,2898798.0,6.064209274673008,1300527025,22652580,4551436350,6876519115,476635835,737051725,8601891670,2935555840,12751135070
2022-11-02,4500.0,4600.0,4415.0,4550.0,2165259.0,2.0179372197309418,650591645,15777200,4328750425,4826249200,407230910,101221800,5306376910,4006538850,9821368470
2022-11-03,4445.0,4665.0,4420.0,4555.0,1897930.0,0.10989010989010989,549304185,4889500,4446388635,3667900805,1021730375,29065180,4773642560,2844045010,8668483125
2022-11-04,4560.0,4615.0,4505.0,4590.0,1238569.0,0.7683863885839737,1193711160,460000,3095978635,1378933015,190537335,18300,3515300235,1963226940,5669082810
2022-11-07,4750.0,4900.0,4675.0,4685.0,3065359.0,2.0697167755991286,661502365,14250000,10999151845,2906203390,621273435,138955340,8897534335,4923344490,14581107600
2022-11-08,4740.0,4765.0,4615.0,4620.0,2013579.0,-1.3874066168623265,799878940,10409250,5336997095,3225985880,1804620950,9964000,4058563420,3500122795,9373271165
2022-11-09,4620.0,4775.0,4620.0,4750.0,1751269.0,2.813852813852814,827320215,83575320,2751231360,4623693865,1129874250,103314515,6341030035,711601960,8285820760
2022-11-10,4725.0,4820.0,4710.0,4785.0,1166639.0,0.7368421052631579,652542775,2397795,1787821600,3133826855,811189350,17685500,3408328160,1339386015,5576589025
2022-11-11,4930.0,4935.0,4770.0,4810.0,1906457.0,0.522466039707419,1085347825,15034960,6238306370,1846645245,236630010,23068735,4972432045,3953203610,9185334400
2022-11-14,4865.0,4920.0,4810.0,4840.0,1193648.0,0.6237006237006237,211057350,0,3422159840,2162889150,588801995,8598730,4129045690,1069659925,5796106340
2022-11-15,4875.0,4900.0,4840.0,4865.0,966179.0,0.5165289256198348,482569580,408660,2084149440,2135634800,283999665,732000,2478373930,1939656885,4702762480
2022-11-16,4880.0,4890.0,4710.0,4890.0,1973756.0,0.513874614594039,319890585,41982490,3740106500,5419779520,1219675240,15443865,4464064510,3822575480,9521759095
2022-11-17,4985.0,5070.0,4755.0,4770.0,2632306.0,-2.4539877300613497,1121889335,50081160,8443636705,3179624435,2148724035,116932485,5278090990,5251484125,12795231635
2022-11-18,4795.0,4915.0,4795.0,4835.0,1665400.0,1.3626834381551363,1048033740,242820,3350333985,3708972100,555403325,26454915,6128850310,1396874095,8107582645
2022-11-21,4870.0,4890.0,4670.0,4750.0,1019033.0,-1.7580144777662874,1156387240,23077000,3108633105,540454340,594024795,1692500,2339880135,1892954255,4828551685
2022-11-22,4750.0,4890.0,4730.0,4840.0,1063992.0,1.8947368421052633,1063096030,477800,1432882080,2639541965,580850145,7018500,3840443575,707685655,5135997875
2022-11-23,4890.0,4915.0,4800.0,4910.0,1183425.0,1.4462809917355373,1086067620,18116105,1598358890,3071762130,213972025,3935745,4351103535,1205293440,5774304745
2022-11-24,4940.0,4940.0,4860.0,4910.0,712179.0,0.0,1236974365,0,1821150730,422019500,231522100,2114640,1375102815,1871405040,3480144595
2022-11-25,4915.0,4925.0,4865.0,4900.0,614310.0,-0.20366598778004072,1151538260,22761500,1034109540,798704950,662936035,38496500,1787152125,518529590,3007114250
2022-11-28,4900.0,4905.0,4805.0,4900.0,815085.0,0.0,963873535,45108000,1111878750,1838405495,925959700,0,1696142870,1337163210,3959265780
2022-11-29,4900.0,4935.0,4880.0,4920.0,790119.0,0.40816326530612246,1094694725,345100,1315533250,1471567080,221780940,19690000,2444982355,1195686860,3882140155
2022-11-30,4920.0,5090.0,4920.0,5090.0,2076704.0,3.4552845528455287,2158738600,2820730,3858735965,4436565260,1327527495,131220000,7375976790,1622136270,10456860555
2022-12-01,5140.0,5160.0,5010.0,5030.0,1737607.0,-1.1787819253438114,788455740,58380910,6635639790,1337705550,1098300150,15507010,4469046100,3237328730,8820181990
2022-12-02,5010.0,5020.0,4890.0,4900.0,907188.0,-2.584493041749503,314106270,106036600,3008685530,1054646065,607733345,0,2447723560,1428017560,4483474465
2022-12-05,4920.0,4950.0,4850.0,4870.0,552979.0,-0.6122448979591837,266453545,45118610,1780262160,607465755,309225650,10104680,1068316625,1311653115,2699300070
2022-12-06,4800.0,4855.0,4735.0,4745.0,830234.0,-2.5667351129363447,132176310,67810000,2266729730,1494224530,1420205480,23869510,1337701905,1179163675,3960940570
2022-12-07,4715.0,4775.0,4650.0,4685.0,647113.0,-1.2644889357218125,259150115,14536000,1710051190,1063307030,243137680,0,1377112740,1426793915,3047044335
2022-12-08,4650.0,4680.0,4550.0,4615.0,1282703.0,-1.4941302027748131,1664001275,78773400,1859007830,2306313605,2337333740,0,1847393055,1723369315,5908096110
2022-12-09,4615.0,4670.0,4575.0,4670.0,579489.0,1.191765980498375,773947460,279600,1267898930,647590680,440870830,139650,1338921775,909784415,2689716670
2022-12-12,4600.0,4640.0,4450.0,4480.0,1178878.0,-4.068522483940043,256430080,81314375,3662777760,1305014150,1957227200,447500,2085492465,1262369200,5305536365
2022-12-13,4490.0,4515.0,4435.0,4455.0,638852.0,-0.5580357142857143,148914870,560250,1299783935,1404810315,423133915,4455000,1515231865,911248590,2854069370
2022-12-14,4475.0,4525.0,4455.0,4505.0,519421.0,1.122334455667789,302397465,1902750,687705455,1347629015,377632010,0,1137964150,824038525,2339634685
2022-12-15,4505.0,4510.0,4445.0,4475.0,832702.0,-0.6659267480577136,96843095,111750,1152119085,2475501970,1459621390,0,1339981380,924973130,3724575900
2022-12-16,4435.0,4465.0,4370.0,4375.0,887442.0,-2.2346368715083798,90760625,4062500,1927133915,1876910275,835434730,4431055,1332954635,1726046895,3898867315
2022-12-19,4345.0,4385.0,4310.0,4360.0,630166.0,-0.34285714285714286,246886035,109125,813155875,1684882275,408826140,4330000,1292199965,1039677205,2745033310
2022-12-20,4360.0,4525.0,4355.0,4500.0,1399245.0,3.211009174311927,900279995,0,2103444545,3250562500,434917365,27556375,3506320550,2285492750,6254287040
2022-12-21,4505.0,4510.0,4350.0,4350.0,858012.0,-3.3333333333333335,185523725,10167500,2950678105,617714815,196277530,0,1587884390,1979922225,3764084145
2022-12-22,4365.0,4420.0,4330.0,4380.0,1024453.0,0.6896551724137931,510226430,352590,1185225500,2775831110,2400430830,2197500,1491658465,577348835,4471635630
2022-12-23,4320.0,4350.0,4190.0,4250.0,819769.0,-2.968036529680365,306298515,10855470,1301596875,1880965680,1027284925,0,1655444425,816987190,3499716540
2022-12-26,4260.0,4300.0,4240.0,4270.0,483887.0,0.4705882352941176,498020705,17090,683349805,885144725,47517590,11779010,1217308900,789926825,2066532325
2022-12-27,4265.0,4330.0,4185.0,4245.0,1554035.0,-0.5854800936768151,1117478230,1171050,2824608970,2617893575,3320251130,250455,1658860210,1581790030,6561151825
2022-12-28,4200.0,4275.0,4175.0,4270.0,791730.0,0.5889281507656066,82587035,16960,734167060,2546987920,949051855,106500,1637776975,776823645,3363758975
2022-12-29,4235.0,4290.0,4135.0,4180.0,1065599.0,-2.107728337236534,364802415,15364200,1779574110,2298949745,1424479645,1872000,1318285140,1714053685,4458690470
2023-01-02,4200.0,4205.0,3980.0,4000.0,1030277.0,-4.30622009569378,239045910,23680505,3103299255,785130525,1405213475,0,1743754920,1002187800,4151156195
2023-01-03,4000.0,4060.0,3870.0,4010.0,1445595.0,0.25,720757960,23669845,2483297710,2514959385,1580533140,392000,2362052435,1799707325,5742684900
2023-01-04,3935.0,4125.0,3930.0,4105.0,1716321.0,2.369077306733167,1582557735,130110,1947508490,3439215635,1902777805,0,2110319030,2956315135,6969411970
2023-01-05,4065.0,4130.0,4030.0,4120.0,1158998.0,0.3654080389768575,315346470,214700,1744920660,2669057560,885975885,0,1369066550,2474496955,4729539390
2023-01-06,4060.0,4515.0,4030.0,4490.0,3297310.0,8.980582524271846,5304407365,0,5397997240,3740492455,546640280,298007170,10148689585,3449560025,14442897060
2023-01-09,4520.0,4525.0,4450.0,4505.0,1275087.0,0.33407572383073497,1246279330,49302450,2822176995,1608485670,274162765,11144010,2586694135,2854243535,5726244445
2023-01-10,4495.0,4780.0,4495.0,4750.0,2529611.0,5.438401775804662,3454732525,82391025,4845897600,3492648915,436605465,131964640,8442409315,2864690645,11875670065
2023-01-11,4745.0,4745.0,4580.0,4615.0,1609489.0,-2.8421052631578947,667761285,59664430,4421271610,2310314255,759194375,60985400,3175834925,3462996880,7459011580
2023-01-12,4625.0,4710.0,4575.0,4590.0,1457362.0,-0.5417118093174431,399512760,610860,3447828280,2878661055,1227309360,2395800,2722420720,2774487075,6726612955
2023-01-13,4650.0,4715.0,4610.0,4640.0,1143100.0,1.0893246187363834,1879410425,22238750,1799402065,1639409540,1067363315,70289725,2966716990,1236090750,5340460780
2023-01-16,4660.0,4660.0,4570.0,4590.0,1235688.0,-1.0775862068965518,1047513205,87873285,3009876140,1529564860,1779729925,0,1476484965,2418612600,5674827490
2023-01-17,4585.0,4680.0,4550.0,4585.0,925098.0,-0.10893246187363835,416158410,15406590,2040025320,1793900125,1519509780,10137000,1981578310,754265355,4265490445
2023-01-18,4580.0,4585.0,4435.0,4465.0,1397492.0,-2.6172300981461287,283840285,78958210,3044647130,2839450690,2833699280,66997740,1710542155,1635657140,6246896315
2023-01-19,4430.0,4495.0,4400.0,4465.0,795467.0,0.0,742980495,21661490,1350431105,1429225995,1057953090,0,1060133505,1426212490,3544299085
2023-01-20,4440.0,4660.0,4440.0,4645.0,1122311.0,4.031354983202688,1351069995,34419180,1777860445,1972491035,381079605,120507980,3743189250,891063820,5135840655
2023-01-25,4675.0,4715.0,4630.0,4665.0,1051083.0,0.4305705059203444,312280925,302925,1935787605,2649868560,425216840,1564050,2192690110,2278769015,4898240015
2023-01-26,4665.0,4710.0,4625.0,4695.0,796020.0,0.6430868167202572,425852820,4654360,1653191590,1635934120,455685445,0,2311139860,952807585,3719632890
2023-01-27,4695.0,4770.0,4660.0,4715.0,1050091.0,0.42598509052183176,618337995,19040,2499009870,1843066900,625492385,2019200,2993132780,1339789440,4960433805
2023-01-30,4720.0,4735.0,4640.0,4645.0,886511.0,-1.4846235418875928,334854460,163225,2199651035,1603875105,450184400,1405500,1300577385,2386376540,4138543825
2023-01-31,4645.0,4950.0,4600.0,4785.0,6202506.0,3.013993541442411,3145162830,85099955,7469421075,19067472105,1950231095,126824315,10848999425,16841101130,29767155965
2023-02-01,4800.0,4800.0,4560.0,4615.0,3897612.0,-3.5527690700104495,1178248405,84054580,13715992290,3054510735,1472135610,8206255,6894389540,9658074605,18032806010
2023-02-02,4665.0,4730.0,4545.0,4615.0,2088171.0,0.0,1842218395,10687025,5554470490,2226640460,1290699065,5441030,4068989345,4268886930,9634016370
2023-02-03,4660.0,4730.0,4605.0,4605.0,2116915.0,-0.21668472372697722,1133007895,1363530,5735930830,3015660220,1026976450,17058000,4714671725,4127256300,9885962475
2023-02-06,4590.0,4590.0,4450.0,4470.0,1564937.0,-2.9315960912052117,416363940,14198225,4660113850,1952998175,2020638115,136050,2417586890,2605313135,7043674190
2023-02-07,4480.0,4490.0,4355.0,4400.0,1627644.0,-1.5659955257270695,376612675,11269795,4898247580,1884978300,1896418155,167367565,2501760890,2605561740,7171108350
2023-02-08,4410.0,4470.0,4390.0,4465.0,805185.0,1.4772727272727273,377491710,167735,2029337605,1167834645,367674530,289900,2624963395,581903870,3574831695
2023-02-09,4415.0,4490.0,4400.0,4420.0,829534.0,-1.007838745800672,826973145,1197320,1807647440,1052784735,705065205,223475,1317656685,1665657275,3688602640
2023-02-10,4415.0,4520.0,4360.0,4515.0,1061255.0,2.1493212669683257,1511219140,20444565,2136245550,1060563235,544079670,10676575,2700976680,1472739565,4728472490
2023-02-13,4520.0,4525.0,4410.0,4450.0,633558.0,-1.4396456256921373,285086880,434375,1841567040,693288220,513089635,951350,1085517320,1220818210,2820376515
2023-02-14,4460.0,4515.0,4450.0,4460.0,595971.0,0.22471910112359553,357788610,17973030,1373005425,921088910,268259165,26823280,1701987760,672785770,2669855975
2023-02-15,4470.0,4485.0,4350.0,4360.0,814216.0,-2.242152466367713,94782165,862285,2724093220,751911155,556949410,131382135,2182853845,700463435,3571648825
2023-02-16,4400.0,4450.0,4380.0,4440.0,584870.0,1.834862385321101,936434800,17780,843537910,809815085,167766720,508975,1847482205,574047675,2589805575
2023-02-17,4370.0,4565.0,4370.0,4475.0,850488.0,0.7882882882882882,145802765,15767400,1934044825,1732011690,398159270,44389735,2801410110,583667565,3827626680
2023-02-20,4475.0,4500.0,4420.0,4480.0,468409.0,0.11173184357541899,331292030,2831215,1390953265,367867365,215340215,4156680,1322062370,551384610,2092943875
2023-02-21,4515.0,4665.0,4440.0,4635.0,2002707.0,3.459821428571429,653618460,549480,5211889010,3363232990,360946915,148519120,7929877825,789946080,9229289940
2023-02-22,4575.0,4610.0,4510.0,4525.0,992813.0,-2.373247033441208,64568595,28596645,3311426140,1116281175,568980910,0,2495407045,1456484600,4520872555
2023-02-23,4570.0,4640.0,4500.0,4595.0,1060548.0,1.5469613259668509,416297795,23033815,2728844860,1699869360,187921465,39775515,3148554005,1491794845,4868045830
2023-02-24,4595.0,4640.0,4520.0,4535.0,721003.0,-1.3057671381936888,197375930,100331125,2581030740,405126090,312266965,0,1469109015,1502487905,3283863885
2023-02-27,4520.0,4520.0,4405.0,4445.0,794383.0,-1.9845644983461963,155321960,14390305,1731135450,1637138580,570320125,270300,1684685275,1282710595,3537986295
2023-02-28,4435.0,4460.0,4305.0,4305.0,1485861.0,-3.149606299212598,473180245,88083950,5124595000,797600395,605510280,0,1777336825,4100612485,6483459590
2023-03-02,4295.0,4450.0,4295.0,4415.0,1248478.0,2.5551684088269457,305674920,227235,1292534135,3890032545,732115935,23625470,3803720580,929006850,5488468835
2023-03-03,4430.0,4465.0,4355.0,4400.0,610058.0,-0.33975084937712347,296101565,379870,1383146055,999425220,220800945,287900,1444742675,1013221190,2679052710
2023-03-06,4430.0,4435.0,4330.0,4365.0,721368.0,-0.7954545454545454,527143805,470655,1860934490,752924200,294301640,19639500,1567009255,1260522755,3141473150
2023-03-07,4370.0,4435.0,4350.0,4390.0,738592.0,0.572737686139748,241378675,222510,1452814105,1551779545,448550195,683500,2080376120,716585020,3246194835
2023-03-08,4335.0,4340.0,4270.0,4285.0,938521.0,-2.3917995444191344,91125590,64690645,3362276435,507322125,1340317470,107000,1411437900,1273552425,4025414795
2023-03-09,4305.0,4420.0,4305.0,4375.0,1150686.0,2.100350058343057,691352570,237120,1478115225,2867575425,258438440,2089950,2960604345,1816147605,5037280340
2023-03-10,4450.0,4540.0,4355.0,4360.0,1815379.0,-0.34285714285714286,810301465,21097940,5501163245,1708802100,431827850,126916305,4421911900,3060708695,8041364750
2023-03-13,4360.0,4390.0,4215.0,4285.0,882490.0,-1.7201834862385321,289365195,26412475,2789007625,666557140,257585685,4386500,2010968110,1498402140,3771342435
2023-03-14,4230.0,4270.0,4130.0,4175.0,919967.0,-2.5670945157526255,441565250,69770875,2576763090,766001225,307638815,994750,1965723680,1579743195,3854100440
2023-03-15,4220.0,4335.0,4205.0,4270.0,648238.0,2.2754491017964074,451400530,166050,1145792430,1175639745,221448745,5300305,1902343225,643906480,2772998755
2023-03-16,4200.0,4240.0,4160.0,4170.0,798145.0,-2.3419203747072603,279586295,5227250,2278124610,778330960,432243095,19571645,1214530005,1674924370,3341269115
2023-03-17,4230.0,4245.0,4190.0,4200.0,1074879.0,0.7194244604316548,386755125,67140,1405330435,2733421860,855902575,169300,1672851230,1996651455,4525574560
2023-03-20,4190.0,4265.0,4180.0,4185.0,570521.0,-0.35714285714285715,157531910,377550,1732436020,508485115,212373270,340800,1122497600,1063618925,2398830595
2023-03-21,4210.0,4210.0,4070.0,4100.0,1826402.0,-2.031063321385902,155976400,9333590,6504589705,847269465,354936865,0,1639295155,5522937140,7517169160
2023-03-22,4130.0,4145.0,4080.0,4090.0,664149.0,-0.24390243902439024,309311045,453150,1905799105,513493050,491564310,0,1678494035,558998005,2729056350
2023-03-23,4090.0,4090.0,3990.0,4005.0,1256964.0,-2.078239608801956,382240935,9353815,4259347850,390331600,349551460,2430175,1971247535,2718045030,5041274200
2023-03-24,4005.0,4050.0,3980.0,4010.0,805078.0,0.12484394506866417,119224090,25184505,2508122725,584293315,502797330,0,1880375380,853651925,3236824635
2023-03-27,4020.0,4045.0,3940.0,3970.0,838801.0,-0.997506234413965,243883220,19550320,2511470375,558552305,628762690,0,2068952530,635741000,3333456220
2023-03-28,3970.0,4005.0,3955.0,4000.0,732407.0,0.7556675062972292,250774045,39750,1947098560,721353855,235447650,3985,1785893685,897920890,2919266210
2023-03-29,4000.0,4030.0,3960.0,4000.0,1032754.0,0.0,308148470,3990,2589982695,1221601460,655673395,20476000,1728616395,1714970825,4119736615
2023-03-30,4015.0,4130.0,3955.0,4100.0,2078201.0,2.5,430148405,55014185,4314506315,3595053410,497413175,43904015,5302448200,2550956925,8394722315
2023-03-31,4105.0,4140.0,4030.0,4030.0,1601265.0,-1.707317073170732,407108400,36250550,3939539800,2146928375,508755980,69915,2974279050,3046722180,6529827125
2023-04-03,4055.0,4170.0,4055.0,4170.0,1801612.0,3.4739454094292808,961322350,4610650,2224224040,4273305960,484136185,10386880,6177150420,791789515,7463463000
2023-04-04,4185.0,4210.0,4100.0,4130.0,1269854.0,-0.9592326139088728,286266910,2243795,3940013970,1024238025,314323225,37014180,2387216655,2514208640,5252762700
2023-04-05,4130.0,4160.0,4090.0,4090.0,1246519.0,-0.9685230024213075,848577840,11032760,3312370245,951224680,272925930,2637820,1929741980,2917899795,5123205525
2023-04-06,4090.0,4115.0,4025.0,4025.0,1404807.0,-1.5892420537897312,163762225,4455080,4075337415,1463481640,594907635,164200,2031691790,3080272735,5707036360
2023-04-07,4040.0,4185.0,4010.0,4125.0,1449959.0,2.484472049689441,235797905,248950,4203042945,1510351905,252562370,10971480,4301122520,1384785335,5949441705
2023-04-10,4125.0,4140.0,4060.0,4070.0,805865.0,-1.3333333333333335,243706000,15027590,2487771480,544091430,276784460,138550,1907079440,1106594050,3290596500
2023-04-11,4075.0,4100.0,4040.0,4090.0,1007281.0,0.4914004914004914,326381870,422800,2476952820,1305052140,335695660,8221000,2299771635,1465121335,4108809630
2023-04-12,4095.0,4210.0,4090.0,4185.0,1587377.0,2.3227383863080684,147755370,0,2633041265,3840616745,390824110,551250,5147059140,1082978880,6621413380
2023-04-13,4185.0,4200.0,4125.0,4185.0,883809.0,0.0,619446660,6697530,1974597750,1087483845,273018810,125650,1745861620,1669219705,3688225785
2023-04-14,4225.0,4305.0,4210.0,4230.0,1724912.0,1.0752688172043012,307656500,11094015,4926253600,2085104985,520541865,851900,5512626295,1296089040,7330109100
2023-04-17,4260.0,4300.0,4190.0,4235.0,1014395.0,0.1182033096926714,137071930,117870,2748965625,1411177715,701270520,157510,2534886080,1061019030,4297333140
2023-04-18,4225.0,4245.0,4145.0,4185.0,1490933.0,-1.1806375442739079,591619105,261735,2954978450,2703134005,740862060,253200,3079830730,2429047305,6249993295
2023-04-19,4185.0,4295.0,4185.0,4215.0,1331982.0,0.7168458781362007,218316995,2125940,2352944345,3090077665,654784565,0,3936006355,1072674025,5663464945
2023-04-20,4240.0,4255.0,4155.0,4160.0,996758.0,-1.3048635824436536,310824230,6958100,1948727470,1910911610,334753740,301680,1368916095,2473449895,4177421410
2023-04-21,4145.0,4295.0,4120.0,4280.0,1423054.0,2.8846153846153846,705991785,2785275,2038901400,3265618105,197357035,8551300,4527656740,1279731490,6013296565
2023-04-24,4280.0,4325.0,4145.0,4150.0,1016246.0,-3.0373831775700935,347403350,375495,3557845800,348370865,123794275,0,1424077975,2706123260,4253995510
2023-04-25,4160.0,4205.0,4070.0,4070.0,1387884.0,-1.9277108433734942,183876755,519980,3393783220,2131666745,249857445,719075,1817535605,3641734575,5709846700
2023-04-26,4065.0,4200.0,4020.0,4120.0,915475.0,1.2285012285012284,290099955,8737355,1776348415,1707701355,284371265,836050,2151598875,1346080890,3782887080
2023-04-27,4125.0,4230.0,4105.0,4170.0,1137240.0,1.2135922330097086,132108535,129150,1635918925,2981846015,646568485,84400,2706519645,1396830095,4750002625
2023-04-28,4185.0,4255.0,4150.0,4215.0,1765231.0,1.079136690647482,158375665,171505,1483783500,5794420275,596195185,35023295,3202954350,3602578115,7436750945
2023-05-02,4225.0,4225.0,4085.0,4145.0,1384343.0,-1.6607354685646498,369334445,650350,3837451300,1529488930,266771975,416500,2468234315,3001502235,5736925025
2023-05-03,4115.0,4160.0,4085.0,4090.0,670443.0,-1.3268998793727382,74008780,45100,2217432995,461902245,260766120,0,1240429550,1252193450,2753389120
2023-05-04,4075.0,4115.0,4060.0,4105.0,648838.0,0.36674816625916873,161307145,62060450,1782284125,649452850,496288850,19863630,1404630510,734321580,2655104570
2023-05-08,4125.0,4395.0,4125.0,4355.0,3013984.0,6.090133982947625,2192666505,998750,4177038200,6642517555,112009475,181710255,11956003300,763497980,13013221010
2023-05-09,4320.0,4375.0,4245.0,4325.0,1147111.0,-0.6888633754305395,830718540,25949270,3112494375,988953120,149225525,21625,2688609685,2120258470,4958115305
2023-05-10,4315.0,4345.0,4200.0,4245.0,1048075.0,-1.8497109826589597,336759870,21019500,2848823915,1262010620,358348605,0,2432765445,1677499855,4468613905
2023-05-11,4255.0,4375.0,4250.0,4320.0,1175579.0,1.76678445229682,1301295000,1303540,2088786200,1709774880,322106110,61000000,3284713660,1433339850,5101159620
2023-05-12,4325.0,4330.0,4210.0,4225.0,951336.0,-2.199074074074074,390280715,39750825,2956540830,651738115,454525605,0,1181228330,2402556550,4038310485
2023-05-15,4225.0,4250.0,4160.0,4220.0,566183.0,-0.1183431952662722,415362835,7200310,1382670180,576828640,172384265,0,1142795075,1066882625,2382061965
2023-05-16,4195.0,4245.0,4130.0,4145.0,700957.0,-1.7772511848341233,334987910,29635850,2205964285,355855900,109851030,0,1533115535,1283477380,2926443945
2023-05-17,4120.0,4175.0,4105.0,4145.0,487010.0,0.0,308030390,7534850,1548277000,150190340,108384320,7452515,912606190,985589555,2014032580
2023-05-18,4170.0,4230.0,4165.0,4210.0,681625.0,1.5681544028950543,658230320,46110,1049427040,1159777085,305145430,42200,1497984820,1064308105,2867480555
2023-05-19,4220.0,4320.0,4220.0,4280.0,1112458.0,1.66270783847981,889320490,4141850,1783862835,2075434675,237033080,0,3389562365,1126164405,4752759850
2023-05-22,4305.0,4490.0,4295.0,4395.0,2278438.0,2.6869158878504673,1016733905,22209380,6960445840,2061516300,113323415,30961235,7851417795,2065202980,10060905425
2023-05-23,4400.0,4440.0,4325.0,4365.0,1266267.0,-0.6825938566552902,470319560,22673300,4149874225,899400545,179985420,13203755,3175750640,2173327815,5542267630
2023-05-24,4365.0,4550.0,4310.0,4420.0,2373820.0,1.2600229095074456,699005270,2250200,6257714810,3601590780,319483750,264965120,7733136415,2242975775,10560561060
2023-05-25,4420.0,4420.0,4305.0,4325.0,1171063.0,-2.1493212669683257,407222155,4360930,3374202520,1300831615,806160100,39772405,2295501740,1945182975,5086617220
2023-05-26,4300.0,4330.0,4235.0,4240.0,984832.0,-1.9653179190751446,442571600,23184560,3356630205,370532960,356242745,426500,1637398110,2198851970,4192919325
2023-05-30,4280.0,4345.0,4260.0,4310.0,901993.0,1.650943396226415,449206835,170500,2188311265,1250051590,232385505,0,2406127550,1249227135,3887740190
2023-05-31,4310.0,4385.0,4270.0,4295.0,1520090.0,-0.34802784222737815,1129137940,22095300,2403371765,3005689620,437957190,959820,2011683725,4109693890,6560294625
2023-06-01,4315.0,4335.0,4230.0,4250.0,1194392.0,-1.0477299185098952,494904940,21327400,3172836340,1395098705,444771495,0,1555655130,3083740760,5084167385
2023-06-02,4270.0,4280.0,4210.0,4270.0,739038.0,0.4705882352941176,267174965,7231250,2075219495,788126775,130413350,0,1210892970,1796446165,3137752485
2023-06-05,4300.0,4395.0,4290.0,4355.0,1020391.0,1.9906323185011712,428495880,15017250,2506418830,1495076185,176774640,3073800,3337394355,927765350,4445008145
2023-06-07,4370.0,4385.0,4330.0,4330.0,820490.0,-0.5740528128587831,459950935,13129035,2293084370,803048565,192108325,1738000,2007390240,1367976340,3569212905
2023-06-08,4330.0,4390.0,4290.0,4385.0,1289508.0,1.2702078521939952,1867806020,26667000,2124977050,1611699885,901810470,22161410,3096529030,1610649045,5631149955
2023-06-09,4415.0,4415.0,4345.0,4365.0,954446.0,-0.45610034207525657,806502755,1392285,2865639925,494894905,591407965,0,1842726515,1734295390,4168429870
2023-06-12,4395.0,4395.0,4300.0,4320.0,841069.0,-1.0309278350515463,462798130,0,2796405170,380530055,298857050,0,1765574370,1575301935,3639733355
2023-06-13,4340.0,4370.0,4305.0,4345.0,981723.0,0.5787037037037037,417511210,0,1918121075,1923596045,286807685,0,2296017220,1676403425,4259228330
2023-06-14,4350.0,4355.0,4250.0,4255.0,1248630.0,-2.0713463751438432,277405905,64550000,4512941145,505380360,781345025,0,1772708135,2806224250,5360277410
2023-06-15,4260.0,4290.0,4155.0,4165.0,1368826.0,-2.1151586368977675,433693630,5121015,4770582580,527288065,1018326935,70760000,1959783055,2687815300,5736685290
2023-06-16,4185.0,4220.0,4160.0,4180.0,1907360.0,0.36014405762304924,265881320,0,3669758845,4051183545,1411897990,0,1978185215,4596740505,7986823710
2023-06-19,4200.0,4380.0,4200.0,4345.0,2440943.0,3.9473684210526314,991215305,8497250,4988906955,4595261560,417885330,11351345,8366179255,1788465140,10583881070
2023-06-20,4365.0,4415.0,4250.0,4250.0,1686576.0,-2.186421173762946,155450335,3863905,6372700800,720326940,711533850,1324860,3221561495,3317921775,7252341980
2023-06-21,4255.0,4320.0,4210.0,4225.0,1190810.0,-0.5882352941176471,183915220,49187000,2868304795,1978598545,721888290,322625,2654483195,1703311450,5080005560
2023-06-22,4255.0,4330.0,4180.0,4250.0,1240507.0,0.591715976331361,482279285,14801500,4047343825,717229005,264364305,13932880,2405438095,2577918335,5261653615
2023-06-23,4240.0,4250.0,4120.0,4120.0,1646344.0,-3.058823529411765,119378370,29873030,6265175515,439542025,648402210,15524250,2188327100,4001715380,6853968940
2023-06-26,4180.0,4260.0,4140.0,4165.0,1369050.0,1.0922330097087378,355508555,24562545,4133966570,1218418470,232796265,10695145,3491802210,1997162520,5732456140
2023-06-27,4225.0,4290.0,4180.0,4195.0,1606701.0,0.7202881152460985,103505285,714650,4039799135,2641964325,419615010,420000,4695120785,1670827600,6785983395
2023-06-28,4205.0,4225.0,4180.0,4185.0,857820.0,-0.23837902264600713,206339710,632825,2325323200,1067975335,114752170,0,2385560230,1099958670,3600271070
2023-06-29,4185.0,4185.0,4030.0,4035.0,2423249.0,-3.584229390681003,156034475,4861990,9583239065,149516645,1369361190,17485625,4299568920,4207236440,9893652175
2023-06-30,4055.0,4105.0,4020.0,4065.0,908864.0,0.7434944237918215,190727255,16503400,2554714670,937318935,116037040,16320000,2369802330,1197104890,3699264260
2023-07-03,4095.0,4215.0,4090.0,4165.0,1398769.0,2.4600246002460024,1137053045,21060300,1988903345,2688047020,266816390,21832010,4116258025,1430157285,5835063710
2023-07-04,4170.0,4170.0,4095.0,4100.0,889343.0,-1.56062424969988,359953515,5578750,3049742225,246187370,402012445,0,1884242825,1375206590,3661461860
2023-07-05,4105.0,4115.0,4045.0,4050.0,1226790.0,-1.2195121951219512,519013105,810150,3899778950,564409040,500433915,5325220,2183958640,2294293470,4984011245
2023-07-06,4040.0,4045.0,3920.0,3925.0,2791530.0,-3.0864197530864197,394662170,6736625,8874641605,1771197705,2202623375,6304595,3884749565,4953560570,11047238105
2023-07-07,3920.0,3920.0,3800.0,3815.0,2842462.0,-2.802547770700637,415385700,27061690,9401617365,1054378895,2714254700,0,4122270975,4061917975,10898443650
2023-07-10,3815.0,4165.0,3815.0,4120.0,3910168.0,7.99475753604194,669447710,69157290,8020281890,7115188495,1008560895,41533970,13390025380,1433955140,15874075385
2023-07-11,4165.0,4290.0,4150.0,4250.0,3268031.0,3.1553398058252426,2010021360,42250000,5691608195,6111543615,395763280,38582600,11056851550,2364225740,13855423170
2023-07-12,4255.0,4320.0,4180.0,4195.0,2936354.0,-1.2941176470588236,703617695,1146335,6840249020,4919648630,382614390,4344175,6532110900,5545592215,12464661680
2023-07-13,4235.0,4270.0,4200.0,4235.0,1938179.0,0.9535160905840285,1296249310,0,4562926510,2339950195,2209721410,3840400,3978672945,2006891260,8199126015
2023-07-14,4255.0,4320.0,4220.0,4275.0,4013784.0,0.9445100354191263,1713805180,85200000,7878840195,7385605025,510104350,4240,15459231495,1094110315,17063450400
2023-07-17,4360.0,4790.0,4305.0,4695.0,17018811.0,9.824561403508772,5055090455,436310440,54950410640,18277079675,632868660,1861340145,65372305280,10852377125,78718891210
2023-07-18,4695.0,4705.0,4255.0,4290.0,8239965.0,-8.626198083067091,850123935,146911200,32247033475,3089534595,2417640655,448639150,17683534565,15783788835,36333603205
2023-07-19,4310.0,4330.0,4175.0,4210.0,3397018.0,-1.8648018648018647,235372210,18352010,10363316475,3819356155,969946620,87199095,8424023375,4955227760,14436396850
2023-07-20,4240.0,4325.0,4160.0,4270.0,2553659.0,1.4251781472684086,1419606650,21577160,6096722630,3385228090,776465265,61091710,7219371170,2866206385,10923134530
2023-07-21,4280.0,4345.0,4235.0,4295.0,1540753.0,0.5854800936768151,303741040,15427930,4733148675,1542929470,617205175,857750,4436070900,1541113290,6595247115
2023-07-24,4285.0,4285.0,4205.0,4235.0,1735288.0,-1.3969732246798603,674886615,75551045,4110310710,2481988740,1222238190,5685750,4583113460,1531699710,7342737110
2023-07-25,4210.0,4290.0,4175.0,4250.0,2117657.0,0.3541912632821724,209610715,14254805,4845714035,3902699975,1868394195,3477850,4947948445,2152459040,8972279530
2023-07-26,4215.0,4220.0,4050.0,4135.0,3371429.0,-2.705882352941176,1222187615,17793585,8788884775,3853057375,2098172460,93508190,7926019405,3764223295,13881923350
2023-07-27,4180.0,4255.0,4105.0,4225.0,2954935.0,2.176541717049577,1358054935,23290665,7232995870,3768201475,997909060,34450100,7058115155,4292068630,12382542945
2023-07-28,4230.0,4365.0,4185.0,4330.0,2787432.0,2.485207100591716,450677315,8524950,6894437490,4681287745,747419420,107224280,9366652760,1813631040,12034927500
2023-07-31,4380.0,4540.0,4345.0,4520.0,5166600.0,4.387990762124711,4291205975,26930000,8882917130,10034779375,1383884135,17311040,16758848380,5075788925,23235832480
2023-08-01,4515.0,4640.0,4405.0,4610.0,3873024.0,1.991150442477876,1563298975,18633760,9303461480,6697697570,501828070,59447060,13734294035,3287522620,17583091785
2023-08-02,4580.0,4650.0,4545.0,4585.0,2556339.0,-0.5422993492407809,225784005,5820140,6652170050,4851872970,1277465100,16890320,8818564170,1622727575,11735647165
2023-08-03,4565.0,4600.0,4465.0,4525.0,1876306.0,-1.3086150490730644,514220500,0,4893500045,3071343830,1341729695,8970,5362330705,1774995005,8479064375
2023-08-04,4525.0,4540.0,4415.0,4535.0,1175664.0,0.22099447513812157,760227235,2262500,2485288490,2038177840,499344005,2265000,3539106170,1245240890,5285956065
2023-08-07,4505.0,4550.0,4455.0,4550.0,1372444.0,0.33076074972436603,265102615,0,3038749495,2900201955,471615140,1868420,3986051055,1744519450,6204054065
2023-08-08,4560.0,4625.0,4500.0,4530.0,1345915.0,-0.43956043956043955,376962360,2247700,3066856055,2675837885,661861480,0,3450829170,2009213350,6121904000
2023-08-09,4530.0,4560.0,4480.0,4555.0,1113636.0,0.5518763796909493,286809795,35372555,2231070885,2497527480,414793375,13560000,2866407240,1756020100,5050780715
2023-08-10,4570.0,4775.0,4550.0,4685.0,4121088.0,2.8540065861690453,2205770540,97613225,11532063010,5511645345,719533700,543431285,12607297960,5476829175,19347092120
2023-08-11,4690.0,4690.0,4605.0,4660.0,1794100.0,-0.5336179295624333,1191333095,43007000,4697052465,2386816695,279140835,11568505,5122265965,2905233950,8318209255
2023-08-14,4665.0,4760.0,4650.0,4685.0,2819572.0,0.5364806866952789,925633405,139209730,7227793190,4959627210,651520075,84490510,6704294340,5811958610,13252263535
2023-08-16,4675.0,4685.0,4465.0,4590.0,2133141.0,-2.0277481323372464,168392225,23232880,5212604675,4398463810,1185599425,3888080,6038149405,2575056680,9802693590
2023-08-17,4550.0,4575.0,4485.0,4545.0,1604020.0,-0.9803921568627451,439264715,917110,2968000580,3855535245,945163975,0,4565954925,1752598750,7263717650
2023-08-18,4490.0,4515.0,4415.0,4480.0,1645993.0,-1.4301430143014302,208470835,49243355,3759966320,3317288290,913463310,34684365,4392871795,1993949330,7334968800
2023-08-21,4495.0,4540.0,4410.0,4435.0,1206932.0,-1.0044642857142858,784454285,565970,3071233215,1529428485,795029235,10742920,2525501065,2054408735,5385681955
2023-08-22,4430.0,4480.0,4395.0,4455.0,1177209.0,0.4509582863585118,291198450,0,1835994250,3102540245,524725575,199575,2809535995,1895271800,5229732945
2023-08-23,4415.0,4465.0,4395.0,4410.0,730451.0,-1.0101010101010102,138719550,0,1619598715,1472791310,146260045,0,2139391205,945458325,3231109575
2023-08-24,4420.0,4445.0,4350.0,4375.0,1051638.0,-0.7936507936507936,275785675,22100000,2715191475,1599033695,152035210,0,2910536400,1549539235,4612110845
2023-08-25,4335.0,4380.0,4305.0,4345.0,865474.0,-0.6857142857142857,111507070,0,1513604360,2131825440,370150220,0,2405595090,981191560,3756936870
2023-08-28,4385.0,4530.0,4310.0,4525.0,2438462.0,4.1426927502876865,1056176355,63751630,4819563475,4850395265,154739875,161046500,8070196155,2403904195,10789886725
2023-08-29,4565.0,4725.0,4520.0,4645.0,1953957.0,2.6519337016574585,854967995,4390750,4943175790,3255023365,117848710,3597140,7103919490,1832192560,9057557900
2023-08-30,4690.0,4710.0,4630.0,4645.0,1262434.0,0.0,667724880,5389750,3267844255,1949207575,275515635,23379665,4026233180,1565037980,5890166460
2023-08-31,4645.0,4650.0,4540.0,4600.0,1402199.0,-0.9687836383207751,665760655,51045525,3892358540,1813413510,485882735,0,4711146920,1225548575,6422578230
2023-09-01,4610.0,4695.0,4560.0,4565.0,1303691.0,-0.7608695652173914,198581870,18977550,4734189405,1062302265,752176105,23665750,3580464990,1657744245,6014051090
2023-09-04,4575.0,4605.0,4470.0,4555.0,1112840.0,-0.21905805038335158,295975070,2153840,2937866010,1800385915,939551100,1729455,2496164670,1598935610,5036380835
2023-09-05,4520.0,4580.0,4520.0,4560.0,794370.0,0.10976948408342481,1044484610,23181050,1417355205,1129231840,330939820,364400,2386091040,896857445,3614252705
2023-09-06,4555.0,4570.0,4480.0,4510.0,811595.0,-1.0964912280701753,261645350,32165475,2345131675,1022861645,359141010,410400,1676442400,1625810335,3661804145
2023-09-07,4465.0,4495.0,4425.0,4450.0,651412.0,-1.3303769401330376,319952605,21175330,1809802995,748079165,302118545,3320910,1943599315,649971325,2899010095
2023-09-08,4440.0,4480.0,4360.0,4450.0,839228.0,0.0,237160115,2405000,2578021265,885242225,583307555,30941220,2208676980,879902850,3702828605
2023-09-11,4500.0,4565.0,4450.0,4520.0,748574.0,1.5730337078651686,700844845,4755450,1959296370,709905625,351173495,4504415,2343119710,676004670,3374802290
2023-09-12,4535.0,4535.0,4365.0,4390.0,1165316.0,-2.8761061946902653,251420720,76492650,4184472330,641590680,154461375,0,2828493940,2171021065,5153976380
2023-09-13,4375.0,4415.0,4345.0,4410.0,706388.0,0.45558086560364464,456488595,0,2008072025,630366655,170791110,1090000,2000947140,922099025,3094927275
2023-09-14,4415.0,4480.0,4385.0,4480.0,1054438.0,1.5873015873015872,2769934080,8810000,1326490815,579168415,783813255,8964485,1931522720,1960102850,4684403310
2023-09-15,4485.0,4660.0,4480.0,4570.0,2100127.0,2.0089285714285716,2157583845,0,3649607235,3829451550,1088188925,25498545,6572764680,1950190480,9636642630
2023-09-18,4580.0,4675.0,4520.0,4560.0,1511771.0,-0.2188183807439825,1081325630,14319610,3624559475,2240821190,377180790,0,5159241610,1424603505,6961025905
2023-09-19,4560.0,4585.0,4500.0,4550.0,824872.0,-0.21929824561403508,203193270,1481660,2568255810,968062215,479302665,4488750,2643324230,613877310,3740992955
2023-09-20,4545.0,4625.0,4525.0,4555.0,795108.0,0.10989010989010989,594842100,21333830,2236955330,785116715,330710580,527800,2292231955,1014777640,3638247975
2023-09-21,4530.0,4550.0,4425.0,4425.0,961633.0,-2.8540065861690453,101149860,9636380,3344266705,838337655,753686020,1030100,2607583540,931090940,4293390600
2023-09-22,4380.0,4410.0,4310.0,4335.0,1058344.0,-2.0338983050847457,153195645,4395880,3936607770,499102520,830742105,31012910,1568714095,2162832705,4593301815
2023-09-25,4300.0,4390.0,4260.0,4350.0,1361937.0,0.34602076124567477,583048035,60910475,4067985670,1179283710,241449480,8667010,2561068290,3080043110,5891227890
2023-09-26,4315.0,4335.0,4120.0,4150.0,1955550.0,-4.597701149425287,270617600,4776405,7331770070,571393045,2052130845,13619550,3517455420,2595351305,8178557120
2023-09-27,4110.0,4220.0,4100.0,4205.0,813257.0,1.3253012048192772,265571280,442485,2311033845,819334595,636536630,0,1775930320,983915255,3396382205
2023-10-04,4200.0,4200.0,4075.0,4085.0,1277627.0,-2.853745541022592,284900600,0,3558966130,1401606925,604948890,0,2203674745,2436850020,5245473655
2023-10-05,4100.0,4140.0,4015.0,4020.0,976471.0,-1.591187270501836,362093425,8160750,3218930960,368103525,347353085,0,1864599520,1745336055,3957288660
2023-10-06,3985.0,4095.0,3985.0,4095.0,955211.0,1.8656716417910446,396377330,40550,1668394795,1803725340,67781530,0,2347970160,1452786325,3868538015
2023-10-10,4105.0,4140.0,3965.0,4015.0,1266029.0,-1.9536019536019535,648564335,2932655,2702310705,1776112275,686092205,0,2778757115,1665070650,5129919970
2023-10-11,4025.0,4105.0,4020.0,4060.0,934639.0,1.1207970112079702,584815710,134010,1817282915,1395043240,131414410,361350,1683468885,1982031230,3797275875
2023-10-12,4075.0,4140.0,4060.0,4125.0,885682.0,1.600985221674877,955854385,0,1603894485,1077657680,754831465,3242950,1495900740,1383431395,3637406550
2023-10-13,4090.0,4110.0,4025.0,4055.0,687820.0,-1.6969696969696972,333477410,0,2072888795,383342045,442561100,0,1057217405,1289929745,2789708250
2023-10-16,4030.0,4080.0,4010.0,4080.0,736133.0,0.6165228113440198,410002550,0,1736442455,830039445,496807355,0,1626233870,853443225,2976484450
2023-10-17,4060.0,4105.0,4045.0,4060.0,573283.0,-0.49019607843137253,102982550,12245,1971781400,257709505,341102415,0,772668225,1218715060,2332485700
2023-10-18,4040.0,4135.0,4040.0,4100.0,912280.0,0.9852216748768473,86400440,0,2059267680,1593392095,145886145,0,2325698960,1267475110,3739060215
2023-10-19,4060.0,4060.0,3975.0,4000.0,1225111.0,-2.4390243902439024,221195590,3311100,4375441580,302280395,712729635,3995000,1863088570,2322415460,4902228665
2023-10-20,3975.0,4095.0,3910.0,4070.0,1527795.0,1.7500000000000002,283608860,14304285,3028784620,2788098185,401851135,1919555,3735390225,1975635035,6114795950
2023-10-23,4070.0,4075.0,3870.0,3930.0,2378985.0,-3.43980343980344,333180405,7911315,7328427120,1662196735,1714186805,58060815,4680759205,2878708750,9331715575
2023-10-24,3940.0,4010.0,3865.0,4010.0,1284295.0,2.035623409669211,356601460,40100,2744775655,1962480210,663784205,0,3153785330,1246327890,5063897425
2023-10-25,4010.0,4070.0,3990.0,4025.0,904290.0,0.3740648379052369,299959005,321000,1605243855,1729330485,185779975,20125000,2424280480,1004668890,3634854345
2023-10-26,3970.0,4020.0,3930.0,3945.0,911512.0,-1.9875776397515528,384992465,47340,2598850585,623840470,300946825,0,1690675660,1616108375,3607730860
2023-10-27,3945.0,4000.0,3920.0,3925.0,935751.0,-0.5069708491761723,304975840,0,2788520885,609009360,101385215,1977500,2087694545,1511448825,3702506085
2023-10-30,3910.0,3960.0,3885.0,3905.0,1138274.0,-0.5095541401273885,187215935,8406025,3529200155,731677320,172026265,0,2546937120,1737536050,4456499435
2023-10-31,3940.0,4035.0,3900.0,3930.0,1711414.0,0.6402048655569782,723158890,11940,3071675615,2982053085,657918095,3960,3433436890,2685540585,6776899530
2023-11-01,3950.0,3970.0,3915.0,3940.0,828458.0,0.2544529262086514,415638100,0,2078199130,769996255,198594370,0,1931110455,1134128660,3263833485
2023-11-02,3985.0,4010.0,3955.0,3995.0,1000118.0,1.3959390862944163,799462325,79750000,1958791170,1143990320,738593980,79800,2120935620,1122384415,3981993815
2023-11-03,4045.0,4055.0,3990.0,4035.0,863378.0,1.0012515644555695,200292980,0,2420674650,847112300,308824510,40200,2190902000,968313220,3468079930
2023-11-06,4190.0,4210.0,4130.0,4210.0,2352636.0,4.337050805452292,534887045,13878545,6541315525,2718753610,926265775,109891900,7628453395,1144223655,9808834725
2023-11-07,4175.0,4175.0,4070.0,4140.0,1138206.0,-1.66270783847981,207334185,371575,3332917865,1144651035,764958870,200810,2845784070,1074330910,4685274660
2023-11-08,4155.0,4160.0,4100.0,4120.0,716709.0,-0.4830917874396135,644345835,531135,2029230860,285670260,176999650,601425,2144761170,637415845,2959778090
2023-11-09,4115.0,4155.0,4090.0,4120.0,683670.0,0.0,635625410,94185,1239548180,946057450,399317320,284280,1860121090,561602535,2821325225
2023-11-10,4120.0,4185.0,4075.0,4165.0,781911.0,1.0922330097087378,542169250,0,1798135470,905821435,229103100,94760,2576886715,440041580,3246126155
2023-11-13,4185.0,4205.0,4115.0,4140.0,714794.0,-0.6002400960384154,501708830,62100,1774975695,690865835,329636100,41450,1674780885,963154025,2967612460
2023-11-14,4155.0,4230.0,4150.0,4230.0,1076903.0,2.1739130434782608,1313507270,0,1213959460,1995415555,118961865,62325,4328369330,75488765,4522882285
2023-11-15,4300.0,4410.0,4265.0,4390.0,2456198.0,3.7825059101654848,2594324540,10422115,4154021735,3957303075,366866475,393315,9341418660,1007393015,10716071465
2023-11-16,4380.0,4430.0,4340.0,4395.0,823707.0,0.11389521640091116,759196710,4996745,1674427105,1179168985,356037235,0,2674108255,587644055,3617789545
2023-11-17,4380.0,4530.0,4370.0,4475.0,1502786.0,1.8202502844141069,1162673375,6714090,3909862680,1607268005,235681375,17660,5442184305,1008634810,6686518150
2023-11-20,4500.0,4530.0,4455.0,4460.0,1068314.0,-0.33519553072625696,606417120,20145660,3616728675,555612885,126865350,14734335,3614593630,1042711025,4798904340
2023-11-21,4485.0,4545.0,4420.0,4515.0,1019503.0,1.2331838565022422,542423605,298175,2715165400,1338891060,404177355,4530,3485882970,706713385,4596778240
2023-11-22,4515.0,4535.0,4460.0,4515.0,948170.0,0.0,495366890,10814330,2240135160,1524213720,1010528535,496665,2391425385,868079515,4270530100
2023-11-23,4505.0,4535.0,4470.0,4495.0,878241.0,-0.4429678848283499,663007985,9685050,2193700660,1084405555,701894615,6816755,2469760645,772327235,3950799250
2023-11-24,4500.0,4590.0,4485.0,4560.0,1176766.0,1.4460511679644048,916882225,2009695,2764893215,1667820890,50251025,2906035,4947820500,350628465,5351606025
2023-11-27,4560.0,4590.0,4520.0,4585.0,655074.0,0.5482456140350876,734780315,1003045,1643738765,605173855,202021465,41747000,2487801670,253125845,2984695980
2023-11-28,4595.0,4645.0,4560.0,4605.0,1106881.0,0.43620501635768816,866403140,766460,1843806680,2392380740,180111590,1793290,3883034100,1038418040,5103357020
2023-11-29,4620.0,4630.0,4515.0,4555.0,1216115.0,-1.0857763300760044,436354785,20727935,3004880240,2098646920,882891270,20179055,3702487750,955051805,5560609880
2023-11-30,4555.0,4650.0,4480.0,4640.0,2187359.0,1.8660812294182216,760829785,1871125,3217776685,6068358025,382972565,50105,5802152025,3863660925,10048835620
2023-12-01,4590.0,4660.0,4575.0,4625.0,1149620.0,-0.3232758620689655,33889800,17869670,1971269180,3288160620,377717605,79001970,3939334090,915135605,5311189270
2023-12-04,4650.0,4650.0,4490.0,4540.0,993639.0,-1.8378378378378377,154255365,141765,3016128355,1342402650,451994440,896040,3162071050,897966605,4512928135
2023-12-05,4520.0,4535.0,4460.0,4480.0,699834.0,-1.3215859030837005,209764590,4626495,1376055085,1548180180,494929325,449028490,1799505255,395163280,3138626350
2023-12-06,4480.0,4545.0,4480.0,4510.0,640740.0,0.6696428571428571,279657685,18875620,1602494365,988808275,114637230,455498040,1976080865,343619810,2889835945
2023-12-07,4490.0,4530.0,4430.0,4435.0,691494.0,-1.662971175166297,184525120,188305,2210376285,685728195,540427030,445493235,1563982900,530914740,3080817905
2023-12-08,4490.0,4490.0,4400.0,4430.0,690821.0,-0.11273957158962795,364633185,626575,1967268575,733165175,93707170,444526725,1633629930,893829685,3065693510
2023-12-11,4445.0,4460.0,4350.0,4400.0,843555.0,-0.6772009029345373,258506060,3890435,2909732640,526234160,153138955,437253240,2522261155,585709945,3698363295
2023-12-12,4435.0,4440.0,4385.0,4410.0,1259994.0,0.22727272727272727,633608460,590415,1011965845,3912547705,86058010,429771640,1273385105,3769497670,5558712425
2023-12-13,4430.0,4430.0,4260.0,4265.0,1010560.0,-3.2879818594104306,112281200,1036650,3226834535,1021533560,380492725,453784790,2996986900,530421530,4361685945
2023-12-14,4350.0,4380.0,4285.0,4305.0,1471642.0,0.9378663540445485,1786454940,454125,3144031660,1431148785,1833268995,434170640,2698191375,1396458500,6362089510
2023-12-15,4330.0,4385.0,4305.0,4350.0,1156720.0,1.0452961672473868,635629505,306600,3023981445,1373911675,181887780,434896530,2608492240,1808552675,5033829225
2023-12-18,4350.0,4365.0,4240.0,4250.0,1409218.0,-2.2988505747126435,87291075,0,5593323755,330103985,668312210,429220650,2384864585,2528321370,6010718815
2023-12-19,4110.0,4145.0,4070.0,4130.0,2094640.0,-2.823529411764706,143966335,217105,6925065160,1537444265,611636120,0,6345740575,1649316170,8606692865
2023-12-20,4160.0,4200.0,4125.0,4180.0,979443.0,1.2106537530266344,724765375,582400,2399938835,951605430,288305425,460889080,2487723880,839973655,4076892040
2023-12-21,4150.0,4185.0,4130.0,4175.0,635310.0,-0.11961722488038277,134603785,0,2274345410,230750045,299626750,0,1495743945,844328545,2639699240
2023-12-22,4185.0,4185.0,4130.0,4135.0,763144.0,-0.9580838323353293,240606250,268950,2758949220,164944640,960895155,0,1500782915,703090990,3164769060
2023-12-26,4160.0,4170.0,4110.0,4170.0,611351.0,0.8464328899637243,528974675,11367815,1468984095,522616090,413118815,20675,1608460930,510342255,2531942675
2023-12-27,4150.0,4165.0,4085.0,4145.0,878547.0,-0.5995203836930456,344375965,5143385,2328508800,941514830,489233105,15154000,1641536780,1473619095,3619542980
2023-12-28,4150.0,4165.0,4090.0,4145.0,1219957.0,0.0,640599635,3359210,2051119090,2344974240,1261777375,43216105,2180141540,1554917155,5040052175
2024-01-02,4130.0,4180.0,4095.0,4170.0,719049.0,0.6031363088057901,353209310,0,1767862155,854902000,209228530,0,2114300570,652444365,2975973465
2024-01-03,4155.0,4160.0,4100.0,4110.0,898798.0,-1.4388489208633095,39750010,32898220,3312732265,313735580,1015307860,0,1016520145,1667288070,3699116075
2024-01-04,4095.0,4160.0,4080.0,4100.0,670099.0,-0.24330900243309003,85772220,493050,2015744565,662045890,586516795,0,1422271575,755267355,2764055725
2024-01-05,4100.0,4135.0,4090.0,4100.0,594583.0,0.0,25750030,328000,2025370665,388898490,210057105,20475,1078867495,1151402110,2440347185
2024-01-08,4100.0,4135.0,4090.0,4100.0,571677.0,0.0,30043010,8220,1797377870,521904325,236478480,0,1484279430,628575515,2349333425
2024-01-09,4125.0,4210.0,4110.0,4170.0,1013228.0,1.707317073170732,597054555,296030,2354742860,1264731280,49955600,25055,3337449605,829394465,4216824725
2024-01-10,4195.0,4280.0,4155.0,4260.0,1804623.0,2.158273381294964,624348295,43149500,4277791305,2693696300,878982175,874445,5551031780,1208097000,7638985400
2024-01-11,4285.0,4340.0,4240.0,4240.0,1851147.0,-0.4694835680751174,1838011880,3602600,3857480795,2214560290,1835203145,21375,4176873600,1901557445,7913655565
2024-01-12,4240.0,4330.0,4180.0,4205.0,925648.0,-0.8254716981132075,511139715,146650,2720374390,685657560,559544330,2562000,1936412685,1418799300,3917318315
2024-01-15,4205.0,4220.0,4085.0,4095.0,1173481.0,-2.6159334126040426,318044385,61725,4194636045,329529330,767696895,0,2645526955,1429047635,4842271485
2024-01-16,4080.0,4135.0,4075.0,4090.0,693242.0,-0.1221001221001221,161800785,0,1519333690,1165028715,411593630,0,1924107890,510461670,2846163190
2024-01-17,4090.0,4110.0,3970.0,4010.0,1197367.0,-1.9559902200488997,70742740,708325,3687214735,1041282855,249745245,0,2269810610,2280392800,4799948655
2024-01-18,4000.0,4090.0,3955.0,3970.0,954485.0,-0.997506234413965,134727440,20401565,3179179175,469036265,369513200,0,1570656100,1863175145,3803344445
2024-01-19,4000.0,4040.0,3970.0,3980.0,744125.0,0.2518891687657431,222288155,139325,2361442895,386903145,376627540,3995000,1349402120,1240748860,2970773520
2024-01-22,4015.0,4015.0,3870.0,3880.0,1450301.0,-2.512562814070352,120946685,7933645,5123843805,418213365,379987385,0,3043370110,2247580005,5670937500
2024-01-23,3880.0,3950.0,3875.0,3900.0,674001.0,0.5154639175257731,282253510,0,2000493440,349886340,134398860,0,1472008620,1026225810,2632633290
2024-01-24,3905.0,3930.0,3870.0,3910.0,626494.0,0.2564102564102564,220630835,0,1999201640,225178150,271530830,0,1392836880,780642915,2445010625
2024-01-25,3910.0,3945.0,3880.0,3925.0,772467.0,0.3836317135549872,365821710,1041480,1426286075,1231437060,74568680,0,1256489165,1693528480,3024586325
2024-01-26,3915.0,4025.0,3900.0,4015.0,804840.0,2.2929936305732483,308597295,0,1933642355,976133985,259695605,40100,2249379455,709258475,3218373635
2024-01-29,4020.0,4080.0,3990.0,4035.0,732584.0,0.49813200498132004,312092030,32360,1898859740,751348525,260088660,12215650,2036758365,653269980,2962332655
2024-01-30,4050.0,4180.0,4035.0,4065.0,1507067.0,0.7434944237918215,424321175,12150000,3920902250,1824988550,503699735,61650,4368365985,1310234605,6182361975
2024-01-31,4060.0,4065.0,3935.0,3935.0,1919729.0,-3.198031980319803,438163630,4452475,5257392435,1892168190,317972675,0,2791440725,4482763330,7592176730
2024-02-01,3910.0,4005.0,3905.0,3965.0,1386298.0,0.7623888182973316,575229825,317200,2882915020,2054345180,274287525,0,2328124210,2910395490,5512807225
2024-02-02,3980.0,3980.0,3920.0,3970.0,1935985.0,0.12610340479192939,1028910830,2759660,4581882935,2050145385,482656975,19404000,2657899735,4503738100,7663698810
2024-02-05,3980.0,3985.0,3865.0,3950.0,1861599.0,-0.5037783375314862,210443370,17277020,5552665600,1499075470,1099869215,7800000,2937748260,3234043985,7279461460
2024-02-06,3910.0,3945.0,3875.0,3885.0,1526082.0,-1.6455696202531647,219393710,163430,4494461525,1234003605,261999880,0,2324600315,3361422075,5948022270
2024-02-07,3910.0,3960.0,3880.0,3920.0,954492.0,0.9009009009009009,537906335,395915,2137026065,1068774495,194098645,0,1949552195,1600451970,3744102810
2024-02-08,3955.0,3980.0,3915.0,3915.0,1379842.0,-0.12755102040816327,847696905,701075,2799170915,1799842995,585113080,39650,2828891245,2033367915,5447411890
2024-02-13,3990.0,4065.0,3960.0,3985.0,2031875.0,1.7879948914431671,961347325,3997000,5184825420,1994602560,313989760,0,4761423350,3069359195,8144772305
2024-02-14,3930.0,3970.0,3930.0,3935.0,1190912.0,-1.2547051442910917,210295670,39952050,4239412985,203842995,463143175,39550,2370969625,1859351350,4693503700
2024-02-15,3985.0,3990.0,3930.0,3930.0,945761.0,-0.12706480304955528,276933720,15910855,2880667255,563740525,202478445,0,1812403775,1722370135,3737252355
2024-02-16,3950.0,4045.0,3950.0,4040.0,1612043.0,2.7989821882951653,929545060,3595500,2628311880,2897591150,231368310,40100,5318582655,909052525,6459043590
2024-02-19,4055.0,4120.0,4030.0,4055.0,1188989.0,0.3712871287128713,785358030,60017780,2957710835,1033198460,407815920,8812720,3668335275,751321190,4836285105
2024-02-20,4055.0,4085.0,4000.0,4010.0,1118824.0,-1.1097410604192355,1145839265,12075,2418247990,936193005,404567905,17692000,2585202905,1492829525,4500292335
2024-02-21,4045.0,4075.0,4005.0,4005.0,942040.0,-0.12468827930174563,393670990,4020000,2859189885,540527375,321349910,4018015,2112791095,1359249230,3797408250
2024-02-22,4045.0,4045.0,4000.0,4000.0,671738.0,-0.12484394506866417,226412860,0,2278431790,188712150,172933940,5212500,1573205295,942205065,2693556800
2024-02-23,4015.0,4020.0,3965.0,3965.0,978934.0,-0.8750000000000001,258410300,39650,2966067315,683068220,309189655,0,2152502000,1445893830,3907585485
2024-02-26,3990.0,4015.0,3940.0,3960.0,1050376.0,-0.12610340479192939,310829820,20534500,3084611560,757963380,215763640,1052040,2480007800,1477115780,4173939260
2024-02-27,3955.0,4000.0,3930.0,3935.0,794146.0,-0.6313131313131313,272966340,43315,2370734515,498689820,218381630,19801130,1582873875,1321377355,3142433990
2024-02-28,3960.0,4035.0,3935.0,4025.0,998740.0,2.2871664548919948,386442375,560015,1728258535,1873032825,202793550,202470,2892126210,893171520,3988293750
2024-02-29,4025.0,4040.0,3980.0,3980.0,1072401.0,-1.1180124223602486,117830980,10180500,2892475125,1261710840,817342485,2398500,1867618990,1594837470,4282197445
2024-03-04,4000.0,4020.0,3930.0,3935.0,1345836.0,-1.1306532663316584,406887070,218010690,4200445420,496690635,926337910,0,2035513725,2360182180,5322033815
2024-03-05,3920.0,3955.0,3880.0,3885.0,1862253.0,-1.2706480304955527,206853160,52178100,6144363735,871101160,1751587760,133294850,2752834120,2636779425,7274496155
2024-03-06,3880.0,3910.0,3820.0,3860.0,1678319.0,-0.6435006435006435,868491305,48451545,4671545595,874161290,1322116355,0,2899674875,2240858505,6462649735
2024-03-07,3855.0,3890.0,3800.0,3805.0,1797788.0,-1.4248704663212435,154747370,309216200,5620487130,774211170,1124136775,152879540,3258476300,2323169255,6858661870
2024-03-08,3805.0,3855.0,3805.0,3850.0,1070229.0,1.1826544021024967,807506690,12279480,1885017570,1395488525,253927475,0,2507263170,1339101620,4100292265
2024-03-11,3810.0,3845.0,3790.0,3800.0,1432913.0,-1.2987012987012987,61358470,53846420,4755139370,589341195,798029080,4479215,1954109305,2703067855,5459685455
2024-03-12,3815.0,3815.0,3725.0,3770.0,2305047.0,-0.7894736842105263,280892810,13559240,7716637885,643013810,948437615,0,3398807165,4306858965,8654103745
2024-03-13,3760.0,3780.0,3685.0,3695.0,2310941.0,-1.989389920424403,314237335,16937385,7660882010,586842595,2106424145,25580000,4124052330,2322842850,8578899325
2024-03-14,3670.0,3785.0,3625.0,3730.0,2928733.0,0.9472259810554804,969315735,351526590,6991829490,2573964480,1809229270,11901680,5657494940,3408010405,10886636295
2024-03-15,3780.0,3885.0,3770.0,3830.0,3124557.0,2.680965147453083,338873150,30534030,8352211295,3233614230,993790435,177242675,7492167990,3292031605,11955232705
2024-03-18,3830.0,3840.0,3780.0,3815.0,1337911.0,-0.39164490861618795,397845255,22542320,3830395900,848979495,536434355,11400,4048134580,515182635,5099762970
2024-03-19,3810.0,3870.0,3725.0,3735.0,1704929.0,-2.0969855832241153,127799085,11806780,5539823050,774491480,1092189515,116938055,3387839590,1856953235,6453920395
2024-03-20,3765.0,3785.0,3745.0,3780.0,1006653.0,1.2048192771084338,348816620,225593105,2299052470,914060590,1154703835,58035000,1650151980,924631970,3787522785
2024-03-21,3800.0,3850.0,3790.0,3840.0,1341800.0,1.5873015873015872,982985710,152486880,2592710105,1398321105,428886785,4185925,4104776685,588654405,5126503800
2024-03-22,3845.0,3850.0,3795.0,3815.0,918787.0,-0.6510416666666667,216918265,4951500,2821493445,467147765,895712565,6526310,1777107650,831164450,3510510975
2024-03-25,3810.0,3810.0,3750.0,3750.0,1062538.0,-1.7038007863695939,103132525,15619290,3739062410,145402080,910571625,0,2043014860,1049629820,4003216305
2024-03-26,3745.0,3775.0,3720.0,3725.0,1185437.0,-0.6666666666666667,598725005,228269300,3348205920,272446570,582652505,37076450,2071467725,1756450115,4447646795
2024-03-27,3715.0,3770.0,3715.0,3730.0,923355.0,0.1342281879194631,646269135,6764955,1959636075,842569990,625539395,12565485,1673398395,1143736880,3455240155
2024-03-28,3730.0,3765.0,3725.0,3730.0,743416.0,0.0,421823855,112244235,1792780225,452862585,561540300,10829020,1558187215,649154365,2779710900
2024-03-29,3735.0,3755.0,3700.0,3705.0,811369.0,-0.6702412868632708,74374550,114880,2638824980,302926890,638922275,385625,2125070850,251862550,3016241300
2024-04-01,3700.0,3795.0,3700.0,3785.0,1034059.0,2.1592442645074224,279707860,9994785,2164686560,1438926940,180065035,75300,3511296550,201879260,3893316145
2024-04-02,3760.0,3790.0,3735.0,3750.0,762339.0,-0.9247027741083224,106423380,92352255,1928294550,735438180,370321800,664630,1831117235,660404700,2862508365
2024-04-03,3760.0,3865.0,3730.0,3805.0,2481663.0,1.4666666666666666,501901820,12060965,6139500060,2770349345,1006866795,7690,6544598225,1872339480,9423812190
2024-04-04,3835.0,3835.0,3750.0,3780.0,902283.0,-0.657030223390276,168693570,2194115,2460794585,780322990,317552815,11295,2461974285,632466865,3412005260
2024-04-05,3760.0,3800.0,3720.0,3775.0,772093.0,-0.13227513227513227,284013455,7619335,1515902725,1101738140,597449430,0,1992695050,319129175,2909273655
2024-04-08,3775.0,3785.0,3710.0,3720.0,790155.0,-1.456953642384106,184687460,5597460,2532513615,221269455,532050535,3720,2026134090,385879645,2944067990
2024-04-09,3715.0,3845.0,3715.0,3735.0,1103196.0,0.4032258064516129,356026420,7560,2184187045,1629599935,169332780,4235530,2858326430,1137926220,4169820960
2024-04-11,3715.0,3735.0,3675.0,3705.0,1282793.0,-0.8032128514056224,546983580,4028505,3274477810,921445225,1760044230,25865,1328569660,1658295365,4746935120
2024-04-12,3685.0,3745.0,3685.0,3705.0,758404.0,0.0,267825685,1969300,1367633850,1179939160,539158920,15300365,2065521290,197387420,2817367995
2024-04-15,3700.0,3700.0,3645.0,3670.0,693842.0,-0.9446693657219973,206434135,12593000,1896487495,423015385,462516640,14615000,1776573140,284825235,2538530015
2024-04-16,3630.0,3650.0,3605.0,3605.0,947865.0,-1.7711171662125342,109488085,160279765,2806569160,355571585,495901560,14580000,2454400515,467026520,3431908595
2024-04-17,3580.0,3650.0,3580.0,3600.0,664140.0,-0.13869625520110956,258009225,3605000,1192674985,946625560,511514845,14460,1385176815,504208650,2400914770
2024-04-18,3600.0,3675.0,3600.0,3645.0,466468.0,1.25,196856135,4397320,1062688690,440510810,147575590,0,1101985355,454892010,1704452955
2024-04-19,3620.0,3665.0,3580.0,3635.0,834331.0,-0.2743484224965706,580000360,83720,1719411700,716820525,873563035,0,1550824680,591928590,3016316305
2024-04-22,3680.0,3725.0,3670.0,3710.0,680485.0,2.063273727647868,563888035,2186550,1175627905,774209985,205201320,184250,1862606660,447920245,2515912475
2024-04-23,3700.0,3730.0,3680.0,3700.0,418833.0,-0.2695417789757413,208173440,1860500,1021023660,318663635,139635695,0,1103901395,306184145,1549721235
2024-04-24,3715.0,3720.0,3665.0,3675.0,613015.0,-0.6756756756756757,168829825,1843700,1623937615,467419195,235798845,0,1346132420,680099070,2262030335
2024-04-25,3670.0,3725.0,3635.0,3675.0,662782.0,0.0,272810430,3680000,1312472650,856845485,328031925,0,1524323735,593452905,2445808565
2024-04-26,3675.0,3700.0,3650.0,3675.0,673187.0,0.0,252950640,7360,1292201445,930962444,198471875,18350000,1317032775,942267239,2476121889
2024-04-29,3705.0,3795.0,3665.0,3785.0,1206389.0,2.9931972789115644,448477185,4502100,2091206410,1987559165,123424555,6508835,3513196265,888615205,4531744860
2024-04-30,3745.0,3835.0,3740.0,3835.0,1280409.0,1.321003963011889,588472915,11800500,2797950565,1479691470,192516380,4131615,4134726035,546541420,4877915450
2024-05-02,3805.0,3840.0,3760.0,3805.0,837391.0,-0.7822685788787485,81982265,0,2127272050,965123055,707945890,4924000,2088760765,372746715,3174377370
2024-05-03,3810.0,3815.0,3760.0,3790.0,455431.0,-0.39421813403416556,102138275,1676435,1329837435,289494935,210985095,8297000,1421317535,82547450,1723147080
2024-05-07,3825.0,3845.0,3795.0,3820.0,786422.0,0.79155672823219,711661345,3825000,1660850950,627206855,131977795,153400,2284371645,587041310,3003544150
2024-05-08,3825.0,3840.0,3815.0,3830.0,736695.0,0.2617801047120419,603710925,19137500,1386786630,812581870,153496185,114900,1814412565,854193275,2822216925
2024-05-09,3830.0,3855.0,3815.0,3815.0,779590.0,-0.39164490861618795,574856665,3820000,1713207820,698973025,327971135,15330000,2005020530,642535845,2990857510
2024-05-10,3850.0,3870.0,3800.0,3810.0,1073403.0,-0.1310615989515072,520317285,3835,2505912045,1092989070,539833950,0,2225408910,1353979375,4119222235
2024-05-13,3840.0,3840.0,3765.0,3775.0,688783.0,-0.9186351706036745,205162050,4459090,1920163475,484171525,284642295,228900,1742454965,586629980,2613956140
2024-05-14,3770.0,3830.0,3745.0,3780.0,841247.0,0.13245033112582782,338998095,4127120,2105643450,729089675,102605110,0,2250249925,825003305,3177858340
2024-05-16,3815.0,3835.0,3755.0,3760.0,914775.0,-0.5291005291005291,599084290,417865,1990329340,870459290,364162295,0,1763141100,1332987390,3460290785
2024-05-17,3750.0,3755.0,3700.0,3705.0,910111.0,-1.4627659574468086,71796595,6670690,2777359220,522142410,452211040,3705000,1884566605,1037486270,3377968915
2024-05-20,3700.0,3750.0,3695.0,3725.0,627236.0,0.5398110661268556,302052645,3750,1553915835,475493755,291422170,0,1416744745,623299070,2331465985
2024-05-21,3705.0,3725.0,3655.0,3660.0,896114.0,-1.74496644295302,144409105,1509950,2692570790,450326310,429235930,3670,1309981000,1549595555,3288816155
2024-05-22,3670.0,3720.0,3640.0,3695.0,617914.0,0.9562841530054645,278323710,7370,1163323315,835138910,272174095,0,1290173720,714445490,2276793305
2024-05-23,3660.0,3695.0,3650.0,3655.0,678234.0,-1.0825439783491204,234491780,404100,1979340960,271800410,510203925,3675000,1617901770,354256555,2486037250
2024-05-24,3635.0,3640.0,3600.0,3625.0,901283.0,-0.8207934336525308,375069210,2963800,2516219435,364227780,669811540,28910,1976575535,612064240,3258480225
2024-05-27,3635.0,3720.0,3635.0,3715.0,975619.0,2.4827586206896552,815544935,89694740,1838885005,855975265,325307235,74500,2990799060,283919150,3600099945
2024-05-28,3715.0,3740.0,3675.0,3725.0,950793.0,0.2691790040376851,624594825,34896090,2261531130,601651565,487161965,11065,2563973640,471526940,3522673610
2024-05-29,3720.0,3755.0,3685.0,3705.0,1175271.0,-0.5369127516778524,587868895,20029715,3111221915,644537950,856013565,4257375,2357678205,1145709330,4363658475
2024-05-30,3695.0,3695.0,3640.0,3650.0,829995.0,-1.484480431848853,192868820,82449365,2531481315,229901570,883541470,202095,1671674260,481283245,3036701070
2024-05-31,3625.0,3720.0,3625.0,3655.0,1652499.0,0.136986301369863,1067067975,7395,1989436405,3015770285,586212980,18500000,1900016595,3567552485,6072282060
2024-06-03,3690.0,3765.0,3690.0,3735.0,1057530.0,2.188782489740082,390516695,6085600,1857893240,1693782385,273128425,19322150,2878925595,776901750,3948277920
2024-06-04,3710.0,3730.0,3660.0,3665.0,831983.0,-1.8741633199464525,197169270,35284250,2665161055,168128745,748777315,2334120,1423214705,891417180,3065743320
2024-06-05,3675.0,3695.0,3635.0,3645.0,808407.0,-0.5457025920873124,369294190,365700,2373076455,212498780,536431120,1835000,1212458555,1204510450,2955235125
2024-06-07,3645.0,3680.0,3645.0,3650.0,666049.0,0.1371742112482853,385337275,1180400,1802494110,246067740,352063820,3650000,1385497265,693868440,2435079525
2024-06-10,3640.0,3660.0,3610.0,3630.0,942046.0,-0.547945205479452,139194605,43530,2987410935,288991345,693150075,0,1253425260,1469065080,3415640415
2024-06-11,3650.0,3665.0,3620.0,3625.0,534113.0,-0.13774104683195593,137123070,61160125,1559060340,184164785,402058050,9841500,1164343580,365265190,1941508320
2024-06-12,3615.0,3645.0,3615.0,3620.0,621219.0,-0.13793103448275862,263158425,243529580,1520341865,224047405,176044325,12687500,1704117300,358228150,2251077275
2024-06-13,3630.0,3705.0,3630.0,3640.0,1349858.0,0.5524861878453038,1685399520,0,2148156320,1109313875,1391278145,0,2739366430,812225140,4942869715
2024-06-14,3640.0,3720.0,3635.0,3715.0,1187319.0,2.0604395604395602,993933270,271023620,1882094870,1232173480,866628845,35482000,3276424385,200690010,4379225240
2024-06-17,3730.0,3790.0,3690.0,3720.0,1333930.0,0.13458950201884254,363554865,76090165,3802696740,741296050,653203840,7923510,3507345605,815164865,4983637820
2024-06-18,3685.0,3720.0,3660.0,3660.0,884561.0,-1.6129032258064515,108871880,146343850,2677742815,324009160,685064885,0,1730140145,841762675,3256967705
2024-06-19,3660.0,3755.0,3645.0,3705.0,1185171.0,1.2295081967213115,857970695,24917590,2198309875,1310649345,765249115,8211630,3153531580,464855180,4391847505
2024-06-20,3710.0,3890.0,3690.0,3835.0,2999680.0,3.508771929824561,1850775585,3913750,6365441290,3262201705,713543085,78637435,10011983460,678168350,11482332330
2024-06-21,3600.0,3850.0,3600.0,3780.0,1529881.0,-1.4341590612777053,527599865,59750670,3850392880,1298624890,612094240,3765000,3357759380,1762749685,5736368305
2024-06-24,3780.0,3780.0,3710.0,3710.0,769468.0,-1.8518518518518516,121657580,17273760,2521409305,213740005,465283605,28964125,1921653190,458179730,2874080650
2024-06-25,3735.0,3750.0,3685.0,3725.0,523299.0,0.40431266846361186,272356210,5578135,1313763835,351585715,102645475,3944300,1749735295,86958825,1943283895
2024-06-26,3725.0,3725.0,3690.0,3700.0,570849.0,-0.6711409395973155,63265595,0,1969812950,79956660,256854810,190502685,878217880,787459830,2113035205
2024-06-27,3680.0,3690.0,3640.0,3650.0,667522.0,-1.3513513513513513,38196295,51120,2365727640,34337110,670966550,166381985,1180444985,420518645,2438312165
2024-06-28,3650.0,3725.0,3645.0,3720.0,672447.0,1.9178082191780823,225287465,442200,1126780615,1129461855,102348480,220800,2051605195,327797660,2481972135
2024-07-01,3715.0,3815.0,3695.0,3810.0,1336380.0,2.4193548387096775,1327936875,0,2255585975,1454527690,403177700,80301985,4146121035,408449820,5038050540
2024-07-02,3785.0,3795.0,3705.0,3735.0,861944.0,-1.968503937007874,519168995,0,2552672485,148424660,505048160,0,1617147470,1098070510,3220266140
2024-07-03,3740.0,3765.0,3680.0,3690.0,827070.0,-1.2048192771084338,343775835,372490,2550842270,171817175,273065615,42763900,1578861140,1172117115,3066807770
2024-07-04,3690.0,3730.0,3685.0,3720.0,517872.0,0.8130081300813009,712284330,3700000,1005081795,199322745,114840550,37113800,1506738490,261696030,1920388870
2024-07-05,3730.0,3755.0,3690.0,3700.0,711929.0,-0.5376344086021506,855634120,21744035,1565706725,200517955,455043815,54026410,1459025095,675507515,2643602835
2024-07-08,3695.0,3770.0,3695.0,3750.0,795087.0,1.3513513513513513,239668740,3730,2152085760,577224935,370460240,191997290,2287997710,118527925,2968983165
2024-07-09,3795.0,3970.0,3790.0,3890.0,4599091.0,3.733333333333334,1377448570,1162000,12910471900,3558113440,679531100,207750500,12860918450,4098995860,17847195910
2024-07-10,3900.0,3910.0,3830.0,3840.0,1866420.0,-1.2853470437017995,671015735,42463275,5461879100,1034154785,373897300,197796600,5272715815,1365103180,7209512895
2024-07-11,3855.0,3915.0,3830.0,3895.0,1509107.0,1.4322916666666665,840376030,18456485,3240569410,1753267290,695968240,195461775,4568389575,392849625,5852669215
2024-07-12,3930.0,4030.0,3900.0,3990.0,3944253.0,2.4390243902439024,2054768840,84774995,10299441195,3256440130,407171065,221184475,14138703950,928365670,15695425160
2024-07-15,4050.0,4265.0,4035.0,4260.0,8693455.0,6.7669172932330826,7383497085,124188450,21841547810,7015355280,1078846045,859101400,30891856180,3534785000,36364588625
2024-07-16,4270.0,4345.0,4065.0,4100.0,6838611.0,-3.755868544600939,5185831185,147138650,19126611515,4191797280,2429477040,212847835,18240887320,7768166435,28651378630
2024-07-17,4140.0,4315.0,4120.0,4180.0,6253263.0,1.951219512195122,5647331960,25471515,16667822310,4115944070,1370319815,289647670,19520916755,5275685615,26456569855
2024-07-18,4865.0,4965.0,4220.0,4250.0,24854545.0,1.674641148325359,3936426705,720255780,98125343860,9865730070,11975589415,1200988225,83286114035,16185064740,112647756415
2024-07-19,4240.0,4240.0,4055.0,4120.0,5228831.0,-3.058823529411765,2950551475,79950595,14552321445,3925435405,3595143920,289534030,15388042480,2235538490,21508258920
2024-07-22,4120.0,4225.0,4080.0,4175.0,3873396.0,1.3349514563106795,2681651615,33646910,11022570085,2388508310,1024792890,283287680,12564423575,2253872775,16126376920
2024-07-23,4150.0,4265.0,4145.0,4150.0,2600789.0,-0.5988023952095809,1730912660,23977100,7658770300,1499540870,825955695,260482225,8318284545,1508478465,10913200930
2024-07-24,4080.0,4125.0,3955.0,4015.0,3243209.0,-3.2530120481927707,1367162730,26591320,10469784705,1168794165,1109691765,203506500,9127340915,2591793740,13032332920
2024-07-25,4000.0,4050.0,3955.0,3975.0,1824092.0,-0.9962640099626401,1340171310,31024855,4336933200,1559083890,1313710360,199470135,5097895185,656137575,7267213255
2024-07-26,3970.0,4235.0,3970.0,4220.0,3974702.0,6.163522012578617,2986351300,178630095,9643369665,3735640650,756292275,285793590,13692556005,1809349840,16543991710
2024-07-29,4235.0,4275.0,4160.0,4215.0,2177179.0,-0.11848341232227488,1159414550,13955485,6000304165,2033484475,589325445,255880515,7112885730,1249066985,9207158675
2024-07-30,4190.0,4195.0,4010.0,4060.0,3014560.0,-3.6773428232502967,689258020,34488870,10724887695,800270940,3151279395,336192730,5576712635,3184720765,12248905525
2024-07-31,4070.0,4215.0,3980.0,4170.0,2958865.0,2.70935960591133,2311446935,10751990,6369061115,3593423355,772173480,225835260,9216123485,2070551170,12284683395
2024-08-01,4170.0,4185.0,4075.0,4120.0,1991451.0,-1.1990407673860912,1308815705,19993205,5523076250,1369156055,1226095160,208993065,4989782750,1796170240,8221041215
2024-08-02,4050.0,4085.0,3925.0,3985.0,2465883.0,-3.2766990291262137,917611775,6310620,7933863285,957415490,1117481425,201552370,6039013950,2457153425,9815201170
2024-08-05,3915.0,3945.0,3545.0,3640.0,3560363.0,-8.657465495608532,1066054375,36370995,9250224685,2939983620,957378760,249619805,9883282135,2202352975,13292633675
2024-08-06,3670.0,3815.0,3660.0,3705.0,2578908.0,1.7857142857142856,548159450,22909560,7357635330,1689630425,1121647830,186080000,5520790950,2789815985,9618334765
2024-08-07,3705.0,3760.0,3675.0,3680.0,1850661.0,-0.6747638326585695,236271565,17007380,6144941520,467867240,1255323945,216122770,3542161575,1852479415,6866087705
2024-08-08,3645.0,3885.0,3625.0,3885.0,3100275.0,5.570652173913043,2612579620,19847030,5918292805,3254463300,873486900,197348010,9400335425,1334012420,11805182755
2024-08-09,3920.0,4040.0,3855.0,3980.0,2362739.0,2.445302445302445,816177985,14916600,6056154170,2471183015,372728290,199803775,7663735635,1122164070,9358431770
2024-08-12,4020.0,4060.0,3940.0,4040.0,1603497.0,1.507537688442211,795843825,130362290,3981858875,1507115015,399600180,203043755,4623010000,1189526070,6415180005
2024-08-13,4020.0,4065.0,3910.0,3940.0,1217653.0,-2.4752475247524752,354233075,37257955,3850857295,568050710,333892165,196669820,3052898775,1226938275,4810399035
2024-08-14,3970.0,3985.0,3880.0,3980.0,1389558.0,1.015228426395939,414673315,2400100,3054225690,1992256360,658145900,214092890,3314109140,1277207535,5463555465
2024-08-16,4000.0,4020.0,3950.0,3950.0,1293165.0,-0.7537688442211055,519212960,317350,3798602740,814138260,678289275,11865000,3126398075,1315718960,5132271310
2024-08-19,3950.0,3970.0,3905.0,3955.0,1427379.0,0.12658227848101267,1091563650,55230,2762984510,1764326875,583965515,250869120,3772979285,1011116345,5618930265
2024-08-20,3980.0,4175.0,3950.0,4120.0,3417643.0,4.171934260429835,2303511305,6311440,5762091470,5917649640,977457325,230054555,11631669790,1150382185,13989563855
2024-08-21,4130.0,4285.0,4085.0,4240.0,3874476.0,2.912621359223301,3199805640,177670,7088364635,6104135715,970113040,217078405,13541485975,1663806240,16392483660
2024-08-22,4270.0,4280.0,4135.0,4185.0,1973785.0,-1.2971698113207548,913039035,1593890,4980938730,2350465265,1220404510,212826040,4947578265,1865228105,8246036920
2024-08-23,4200.0,4260.0,4180.0,4230.0,1825846.0,1.0752688172043012,954411370,2003120,4394740895,2351570635,896619235,222085830,5244017155,1340003800,7702726020
2024-08-26,4285.0,4320.0,4220.0,4260.0,2471435.0,0.7092198581560284,2380229560,4115325,6213205635,1961009460,1366946385,227605360,6963471865,2000536370,10558559980
2024-08-27,4250.0,4255.0,4170.0,4230.0,1489828.0,-0.7042253521126761,1440546095,6586710,3672522860,1147955895,548874885,233504960,4800731480,684500235,6267611560
2024-08-28,4250.0,4250.0,4010.0,4025.0,2482148.0,-4.846335697399527,793214685,1380480,8570571730,747518810,2246752970,223868355,5714575185,1927489195,10112685705
2024-08-29,4035.0,4045.0,3985.0,4000.0,1264649.0,-0.6211180124223602,833212605,4025265,3747124890,490913770,843005835,204172750,3306183720,721914225,5075276530
2024-08-30,4005.0,4030.0,3940.0,4030.0,2079301.0,0.75,906645180,0,5208491585,2176775105,1917177940,214689975,3790197195,2369846760,8291911870
2024-09-02,4055.0,4060.0,3985.0,4045.0,1198109.0,0.37220843672456577,692494810,161200,3530079120,605080615,1325886020,219990000,2628692285,653247440,4827815745
2024-09-03,4065.0,4070.0,3990.0,4000.0,1052715.0,-1.1124845488257107,519585360,10075000,3124947740,577398630,1229603415,233153135,2516558405,252691775,4232006730
2024-09-04,3900.0,3955.0,3865.0,3905.0,1623283.0,-2.375,768749520,9847750,4438637990,1136220955,1300777295,211736505,3728472100,1112470315,6353456215
2024-09-05,3920.0,3955.0,3825.0,3860.0,1105171.0,-1.1523687580025608,473807000,2731610,3596277875,218758760,622735795,194099720,2519251045,955488685,4291575245
2024-09-06,3860.0,3880.0,3760.0,3850.0,1035570.0,-0.2590673575129534,1405861650,1501140,2024041730,545104895,399858765,221518550,2656714940,698417160,3976509415
2024-09-09,3760.0,3850.0,3755.0,3840.0,971746.0,-0.2597402597402597,283771550,7739000,2455253850,954046190,448210620,206405200,2492436385,553758385,3700810590
2024-09-10,3850.0,3870.0,3780.0,3780.0,786887.0,-1.5625,157984885,348505,2693803055,141955565,338012405,190253735,1385546170,1080279700,2994092010
2024-09-11,3800.0,3810.0,3745.0,3770.0,947036.0,-0.26455026455026454,480553155,9505240,2681730980,396472645,355441915,189305640,2309455030,714059435,3568262020
2024-09-12,3795.0,3940.0,3795.0,3940.0,1354073.0,4.509283819628647,1400472940,203920,2117574710,1744732765,758919605,196259000,3559235875,748569855,5262984335
2024-09-13,3980.0,4030.0,3940.0,3995.0,1178051.0,1.3959390862944163,932040420,801000,2909445070,857517160,476442310,202671315,3200048270,820641755,4699803650
2024-09-19,4055.0,4085.0,3980.0,4015.0,1338037.0,0.5006257822277848,1255370735,4065,3349597375,760232215,647701610,173210,3261509810,1455819760,5365204390
2024-09-20,4060.0,4065.0,3940.0,3960.0,1698653.0,-1.36986301369863,714885240,10246590,4309188375,1733946595,585237225,1190515,3239274145,2942564915,6768266800
2024-09-23,3985.0,3995.0,3865.0,3875.0,1508844.0,-2.146464646464646,457342500,11086250,4851446770,550853405,1587750300,194414050,2646887625,1441676950,5870728925
2024-09-24,3890.0,3975.0,3880.0,3975.0,1017323.0,2.5806451612903225,948420150,3915000,1505695800,1528279350,339478410,196148000,3242567965,208115925,3986310300
2024-09-25,4005.0,4020.0,3900.0,3900.0,984238.0,-1.8867924528301887,744676220,5116000,2718272775,413489295,797758775,0,1954437455,1129358060,3881554290
2024-09-26,3910.0,3940.0,3880.0,3930.0,1035824.0,0.7692307692307693,990085185,977750,2594632325,459050360,1434125025,23390000,1810857305,776373290,4044745620
2024-09-27,3920.0,3945.0,3860.0,3865.0,1375070.0,-1.653944020356234,250691855,64193850,4393859250,629628750,2170349900,13283495,1967008070,1187732240,5338373705
2024-09-30,3870.0,3895.0,3820.0,3830.0,1037577.0,-0.9055627425614489,665751055,3855,2705622635,622511430,1370241745,0,2150418205,473229025,3993888975
2024-10-02,3800.0,3825.0,3745.0,3765.0,810962.0,-1.6971279373368149,538877190,27237900,2153047750,343442545,1141751695,0,1262142060,658711630,3062605385
2024-10-04,3735.0,3790.0,3730.0,3745.0,795351.0,-0.5312084993359893,198060785,37908000,2368543520,380249435,262424840,93375,1636020345,1086223180,2984761740
2024-10-07,3745.0,3810.0,3720.0,3795.0,599894.0,1.335113484646195,237848280,375500,1613584570,412632120,415264170,75850,1483470740,365629710,2264440470
2024-10-08,3770.0,3845.0,3770.0,3790.0,500142.0,-0.13175230566534915,190798475,19025,1303903555,404661665,533074465,38200,1086897280,279372775,1899382720
2024-10-10,3805.0,3820.0,3760.0,3760.0,1002792.0,-0.79155672823219,651584455,11330,2426743690,707738770,1815579480,0,1297805055,672693710,3786078245
2024-10-11,3800.0,3865.0,3770.0,3790.0,703429.0,0.7978723404255319,387753410,59525020,1820304295,414105820,313995775,11450,1961245460,406435860,2681688545
2024-10-14,3775.0,3800.0,3740.0,3790.0,726878.0,0.0,560049810,1887500,1803714000,379018140,357416455,0,2122959870,264293125,2744669450
2024-10-15,3780.0,3820.0,3765.0,3770.0,527318.0,-0.5277044854881267,193473000,15080,1627733020,170338920,344156225,3775,1507963390,139436630,1991560020
2024-10-16,3750.0,3780.0,3720.0,3745.0,596063.0,-0.6631299734748011,455443085,0,1465045480,311731610,847366490,0,1139613520,245240165,2232220175
2024-10-17,3750.0,3860.0,3750.0,3820.0,1020407.0,2.0026702269692924,791701360,45830000,1746337435,1310814955,560702730,11472135,2663583405,658925480,3894683750
2024-10-18,3825.0,3825.0,3770.0,3780.0,698310.0,-1.0471204188481675,616984795,113425000,1296452610,620552865,421946740,7573125,1417177360,800718045,2647415270
2024-10-21,3880.0,3880.0,3780.0,3795.0,819363.0,0.3968253968253968,292585275,61692090,2549162965,220716335,634796460,1138500,1975799735,512421970,3124156665
2024-10-22,3775.0,3800.0,3700.0,3705.0,1213701.0,-2.371541501976284,385437690,100432620,3547811485,490891145,1219918130,48049790,2814042465,442562555,4524572940
2024-10-23,3720.0,3730.0,3655.0,3655.0,1156913.0,-1.349527665317139,372746660,51507150,3656308970,168564035,1530430645,21960000,2098533885,598202285,4249126815
2024-10-24,3640.0,3665.0,3610.0,3635.0,844204.0,-0.5471956224350205,255046130,87752150,2403097955,321097790,1166790480,18125000,1687119560,194958985,3066994025
2024-10-25,3630.0,3645.0,3585.0,3620.0,785193.0,-0.41265474552957354,314769215,87043700,2260985705,167911915,569910930,9856070,1855435165,395508370,2830710535
2024-10-28,3600.0,3680.0,3600.0,3675.0,493135.0,1.5193370165745856,665742880,16390000,949074470,169750180,352329335,18507755,1347570270,82550170,1800957530
2024-10-29,3680.0,3685.0,3640.0,3660.0,422084.0,-0.40816326530612246,83035090,82420200,1270695900,107585085,351610940,0,965053585,227071750,1543736275
2024-10-30,3670.0,3715.0,3630.0,3645.0,629080.0,-0.4098360655737705,324028920,0,1637181085,337222685,384810645,0,1572920005,340702040,2298432690
2024-10-31,3565.0,3575.0,3525.0,3535.0,1651288.0,-3.017832647462277,254179495,34502620,4817748005,757459180,1527501090,100254515,2986561925,1249571770,5863889300
2024-11-01,3525.0,3560.0,3520.0,3540.0,486146.0,0.14144271570014144,107973565,1244820,1414286875,196981420,347665140,11101420,1189833635,171886485,1720486680
2024-11-04,3530.0,3620.0,3520.0,3600.0,570610.0,1.694915254237288,154213150,30870370,1541830060,314752770,192239895,0,1710193210,139233245,2041666350
2024-11-05,3575.0,3630.0,3555.0,3595.0,741889.0,-0.1388888888888889,236563940,496735,1825899930,600273750,477372660,7160000,1970986035,207715660,2663234355
2024-11-06,3610.0,3720.0,3575.0,3720.0,1395594.0,3.477051460361613,388028040,848855,3503473360,1209384220,405303530,2403550,4059980690,634046705,5101734475
2024-11-07,3730.0,3735.0,3600.0,3670.0,1070981.0,-1.3440860215053763,302395785,48783280,3241881175,319294255,363274495,163655,2646607070,902309275,3912354495
2024-11-08,3695.0,3705.0,3660.0,3705.0,657950.0,0.9536784741144414,220814205,18705000,1705136805,479020290,66249820,74200,2174395000,182957280,2423676300
2024-11-11,3700.0,3735.0,3610.0,3610.0,930175.0,-2.564102564102564,137936910,43572430,2828199770,398196425,302331910,11695740,2466398240,627479645,3407905535
2024-11-12,3585.0,3680.0,3545.0,3585.0,1174273.0,-0.6925207756232686,293998325,179100,3171423300,765596795,702734930,133719155,3010561635,384181800,4231197520
2024-11-13,3540.0,3600.0,3375.0,3445.0,1244120.0,-3.905160390516039,185183105,940900,3533722935,644744840,313927040,35201690,3347014915,668448135,4364591780
2024-11-14,3440.0,3700.0,3430.0,3700.0,1232798.0,7.402031930333817,1861312680,3664590,1598127675,930307560,378854640,416400,3506427390,507714075,4393412505
2024-11-15,3660.0,3660.0,3545.0,3585.0,927225.0,-3.1081081081081083,503097105,359000,2226757340,593640070,611784195,1102660,2202632935,508333725,3323853515
2024-11-18,3555.0,3630.0,3555.0,3600.0,985511.0,0.41841004184100417,523505500,72300,1565458280,1455734470,771062640,21750000,2226974065,524983845,3544770550
2024-11-19,3600.0,3625.0,3555.0,3590.0,988799.0,-0.2777777777777778,106490280,39160000,2203737610,1192733090,444749155,92042000,2560472695,444857130,3542120980
2024-11-20,3575.0,3600.0,3560.0,3570.0,434869.0,-0.5571030640668524,343089665,3575000,886699965,323377105,263326390,0,1077549845,215865500,1556741735
2024-11-21,3575.0,3635.0,3560.0,3605.0,556597.0,0.9803921568627451,259977170,21015750,1321622875,395707025,130260430,0,1762230075,105832315,1998322820
2024-11-22,3600.0,3660.0,3600.0,3625.0,626439.0,0.5547850208044383,244777590,1538490,1472778360,554661605,214566055,0,1780809355,278380635,2273756045
2024-11-25,3645.0,3715.0,3625.0,3715.0,916897.0,2.4827586206896552,393398770,8225020,1799023435,1175900485,83262695,3475400,2887717945,402091670,3376547710
2024-11-26,3680.0,3760.0,3620.0,3745.0,1117562.0,0.8075370121130552,877861885,492360,2367782070,915742215,560496665,250045,2917668040,683463780,4161878530
2024-11-27,3715.0,3765.0,3710.0,3740.0,750800.0,-0.13351134846461948,798622420,1117500,1760440435,249921490,178417610,0,1991859235,639825000,2810101845
2024-11-28,3750.0,3775.0,3690.0,3745.0,616451.0,0.1336898395721925,732841780,0,1116097945,457257820,466230610,3863745,1599016135,237087055,2306197545
2024-11-29,3745.0,3745.0,3635.0,3690.0,619684.0,-1.4686248331108143,461921190,36700,1377654595,435383070,467708935,172960,1517237255,289876405,2274995555
2024-12-02,3680.0,3735.0,3625.0,3630.0,590578.0,-1.6260162601626018,521094800,613545,1285099285,352064225,377300165,3630,1434903550,346664510,2158871855
2024-12-03,3655.0,3705.0,3635.0,3695.0,764904.0,1.790633608815427,844327065,1117130,1148121260,818285355,407452735,46681035,2091041415,266675625,2811850810
2024-12-04,3610.0,3640.0,3515.0,3535.0,1505134.0,-4.330175913396482,417033625,14457405,4464042090,467788355,439144630,154757475,3604722720,1164696650,5363321475
2024-12-05,3530.0,3550.0,3420.0,3420.0,1020303.0,-3.253182461103253,269368695,73921350,2975104565,224413750,541114570,50070275,2468341175,483282340,3542808360
2024-12-06,3395.0,3455.0,3305.0,3415.0,1200135.0,-0.14619883040935672,893140680,17660750,2149465235,1000796370,424663130,3415000,3144246555,488738350,4061063035
2024-12-09,3335.0,3365.0,3170.0,3180.0,1456252.0,-6.881405563689605,506331160,135352770,3345393415,748529205,272868810,107970980,3775991730,578775030,4735606550
2024-12-10,3180.0,3370.0,3180.0,3355.0,836932.0,5.50314465408805,431258150,6560,1205710885,1131878030,93464270,36890,2526446205,148906260,2768853625
2024-12-11,3340.0,3425.0,3330.0,3425.0,458229.0,2.086438152011923,208250260,0,1250656010,96613470,198977155,0,979948150,376594435,1555519740
2024-12-12,3445.0,3465.0,3355.0,3465.0,1090036.0,1.167883211678832,1339671730,3410,1683234915,703600485,1520959135,34650,1252053710,953463045,3726510540
2024-12-13,3435.0,3455.0,3390.0,3415.0,636981.0,-1.443001443001443,64992475,0,1846222285,261603775,884211820,0,718257005,570349710,2172818535
2024-12-16,3415.0,3435.0,3370.0,3370.0,647287.0,-1.3177159590043925,43852245,10749970,1953054740,183936910,295600265,0,1323637765,572355835,2191593865
2024-12-17,3370.0,3410.0,3315.0,3335.0,795903.0,-1.0385756676557862,228528585,3328400,2039211985,395509165,273105675,0,1547925975,845546485,2666578135
2024-12-18,3350.0,3355.0,3325.0,3340.0,394197.0,0.14992503748125938,141294495,66700,814189710,360381510,391397010,6680000,805749800,112105605,1315932415
2024-12-19,3280.0,3300.0,3245.0,3285.0,553298.0,-1.6467065868263475,114461505,2094000,1310825365,385701785,358992995,163759905,989635155,300694600,1813082655
2024-12-20,3300.0,3305.0,3225.0,3300.0,692745.0,0.45662100456621,35634745,97179400,1124060975,995393950,277225835,0,1384065025,590978210,2252269070
2024-12-23,3285.0,3345.0,3275.0,3335.0,462718.0,1.0606060606060608,386908300,0,748926560,397786090,103941855,3881395,1135960280,289837420,1533620950
2024-12-24,3315.0,3355.0,3310.0,3310.0,385086.0,-0.7496251874062968,72027320,609040,910098305,298539910,177335340,123305000,845822390,134811845,1281274575
2024-12-26,3320.0,3325.0,3225.0,3235.0,663868.0,-2.2658610271903323,118428275,3255000,1775677415,266318170,588447870,9780000,976807010,588643980,2163678860
2024-12-27,3205.0,3225.0,3140.0,3160.0,929184.0,-2.3183925811437405,117820920,1860010,2013309700,813843135,251746975,66150,1573322555,1121698085,2946833765
2024-12-30,3105.0,3235.0,3105.0,3105.0,905485.0,-1.740506329113924,165042535,493695,1899376690,788614620,690470470,0,1066687430,1096369640,2853527540
2025-01-02,3115.0,3140.0,3085.0,3095.0,462381.0,-0.322061191626409,48038425,3696030,1124532060,258775515,205066245,0,895046015,334929770,1435042030
2025-01-03,3090.0,3225.0,3085.0,3205.0,613135.0,3.5541195476575123,171553830,499770,707759770,1067023265,121014575,0,1616486120,209335940,1946836635
2025-01-06,3205.0,3250.0,3175.0,3235.0,571288.0,0.93603744149766,106396715,113286840,1188598835,431762845,133242230,718200,1251596270,454488535,1840045235
2025-01-07,3235.0,3280.0,3230.0,3245.0,411407.0,0.3091190108191654,161553470,32926430,786958150,357269055,114734695,431640,1049898465,173642305,1338707105
2025-01-08,3255.0,3260.0,3215.0,3225.0,345875.0,-0.6163328197226503,166003175,32400000,752134265,167890675,200644495,0,689900065,227883555,1118428115
2025-01-09,3210.0,3230.0,3160.0,3230.0,822651.0,0.15503875968992248,669058690,95868500,1567931555,295748060,483627470,0,1270664920,874314415,2628606805
2025-01-10,3210.0,3275.0,3200.0,3270.0,698556.0,1.238390092879257,274959100,30696965,1186199315,775056390,349673655,0,1677808265,239429850,2266911770
2025-01-13,3260.0,3275.0,3145.0,3190.0,1043256.0,-2.4464831804281344,254021820,159565000,2729354110,175821680,898130605,0,1116687570,1303944435,3318762610
2025-01-14,3170.0,3175.0,3125.0,3135.0,600899.0,-1.7241379310344827,32927970,3197800,1661673105,189826010,693912320,3130000,761471560,429111005,1887624885
2025-01-15,3135.0,3160.0,3085.0,3090.0,967668.0,-1.4354066985645932,34403980,111886000,2498988305,358188770,915085290,3100,1502994555,585384110,3003467055
2025-01-16,3115.0,3140.0,3090.0,3130.0,809030.0,1.2944983818770228,84484465,44331355,1408717875,984127725,753541030,0,1470320355,297800035,2521661420
2025-01-17,3135.0,3165.0,3110.0,3120.0,1041458.0,-0.3194888178913738,165467545,146660120,2384983760,569394735,1174404795,6270,1673935520,418159575,3266506160
2025-01-20,3140.0,3150.0,3115.0,3140.0,463585.0,0.641025641025641,161745120,110023315,917846130,262543320,426447875,0,891159060,134550950,1452157885
2025-01-21,3145.0,3170.0,3120.0,3145.0,647063.0,0.15923566878980894,194939550,2362500,1199318615,637598295,559288680,0,1331086545,143843735,2034218960
2025-01-22,3160.0,3245.0,3130.0,3205.0,1496951.0,1.9077901430842605,332662555,159740440,2882462390,1398259485,695827420,45152510,2870093750,1162051190,4773124870
2025-01-23,3210.0,3285.0,3155.0,3180.0,1601596.0,-0.7800312012480499,270169610,14588000,4122367270,728838150,1227108045,8015150,2283976315,1616863520,5135963030
2025-01-24,3180.0,3375.0,3170.0,3370.0,2898877.0,5.9748427672955975,692351995,37492765,5519402965,3297625585,795908410,69652095,7758206840,923105965,9546873310
2025-01-31,3370.0,3415.0,3300.0,3375.0,1835801.0,0.1483679525222552,1006551205,6070500,3999374065,1184263005,879859950,24480740,3548004000,1743914085,6196258775
2025-02-03,3360.0,3360.0,3180.0,3200.0,1408761.0,-5.185185185185185,384634635,100944365,3314231570,750536970,423059035,25542865,3069716515,1032029125,4550347540
2025-02-04,3245.0,3315.0,3200.0,3215.0,1008622.0,0.46875,560657360,327000,1999676235,717455270,534049055,98050,2136754330,607214430,3278115865
2025-02-05,3215.0,3290.0,3215.0,3225.0,683073.0,0.3110419906687403,245725145,449070,1439873625,533120100,341109985,24395260,1267615905,586046790,2219167940
2025-02-06,3290.0,3420.0,3285.0,3360.0,1843821.0,4.186046511627907,1431926300,8490080,3157332115,1605048455,344293250,32709305,4637121685,1188672710,6202796950
2025-02-07,3325.0,3405.0,3315.0,3330.0,1022156.0,-0.8928571428571428,157479395,261520,2587690015,695574505,340731320,3355,2026367360,1073903400,3441005435
2025-02-10,3340.0,3435.0,3340.0,3380.0,1041905.0,1.5015015015015014,713036960,51150,2192011310,629389805,317549540,96240245,2454423925,666275515,3534489225
2025-02-11,3380.0,3450.0,3350.0,3440.0,970117.0,1.7751479289940828,269178450,85000,1930661000,1100942415,159370420,34400,2631003695,510458350,3300866865
2025-02-12,3435.0,3435.0,3385.0,3415.0,489223.0,-0.7267441860465116,111095055,109120,1274946450,279173640,34954620,55323000,1173139625,401907020,1665324265
2025-02-13,3460.0,3610.0,3445.0,3580.0,2760090.0,4.831625183016105,2147086730,32533590,5355312840,2289021295,687752815,6271440,8011965910,1117964290,9823954455
2025-02-14,3600.0,3615.0,3545.0,3595.0,1205362.0,0.41899441340782123,403016715,18025,3215528780,700788915,204528465,315710,2957176765,1157331495,4319352435
2025-02-17,3595.0,3605.0,3560.0,3580.0,722495.0,-0.4172461752433936,247550085,3870000,2124719265,208303090,132015050,735185,1817877385,633814820,2584442440
2025-02-18,3595.0,3735.0,3570.0,3725.0,2236264.0,4.050279329608938,1164314860,5441835,4968043045,2080018015,225764535,5948990,7066149335,919954895,8217817755
2025-02-19,3755.0,3760.0,3660.0,3720.0,1328037.0,-0.1342281879194631,654796065,3901375,3653614895,599637320,409086740,4491510,3336380920,1161990485,4911949655
2025-02-20,3720.0,3720.0,3565.0,3595.0,1577379.0,-3.3602150537634405,434220075,170375,4333522385,939690325,854320670,4907250,3011973315,1836401925,5707603160
2025-02-21,3575.0,3615.0,3535.0,3555.0,619744.0,-1.1126564673157162,125868535,78150,1928079680,160435065,336812210,357000,1447926375,429365845,2214461430
2025-02-24,3550.0,3595.0,3505.0,3590.0,689413.0,0.9845288326300985,133377610,0,1734004265,581942320,374953345,11843730,1689687045,372840075,2449324195
2025-02-25,3570.0,3625.0,3545.0,3580.0,750683.0,-0.2785515320334262,222318645,0,1987251150,483176880,444017780,12467500,1694724545,541536850,2692746675
2025-02-26,3565.0,3600.0,3535.0,3595.0,941019.0,0.41899441340782123,374524675,0,2067961110,908174110,324893745,303725000,1313504770,1408536380,3350659895
2025-02-27,3585.0,3605.0,3535.0,3570.0,671959.0,-0.6954102920723227,226515350,260610,1397790490,769873175,703809580,80466040,1185383950,424780055,2394439625
2025-02-28,3520.0,3520.0,3390.0,3390.0,1458860.0,-5.042016806722689,503300040,19142555,3540225340,938704220,891207940,225115685,1854957335,2030091195,5001372155
2025-03-04,3340.0,3380.0,3200.0,3290.0,996942.0,-2.949852507374631,262700665,166250,2074911320,960565514,339056668,0,2477008673,482278408,3298343749
2025-03-05,3290.0,3490.0,3290.0,3465.0,881911.0,5.319148936170213,419932152,704080,1397744292,1197361240,257881489,697465,2225591437,531571373,3015741764
2025-03-06,3505.0,3515.0,3470.0,3500.0,573191.0,1.0101010101010102,218541536,3490,1358781176,425554695,316750875,21758360,1115543422,548828240,2002880897
2025-03-07,3500.0,3595.0,3445.0,3545.0,601828.0,1.2857142857142856,232995168,17500,1414098266,483467948,211549888,379230,1371964141,546685623,2130578882
2025-03-10,3550.0,3565.0,3490.0,3555.0,555660.0,0.2820874471086037,172739022,0,1311794304,478138015,185270851,0,1417846536,359553954,1962671341
2025-03-11,3500.0,3500.0,3420.0,3435.0,681620.0,-3.375527426160337,108976041,22679120,1694995611,525928434,388442579,6911560,1445583196,511641871,2352579206
2025-03-12,3450.0,3515.0,3450.0,3490.0,533248.0,1.6011644832605532,233175223,21005100,935379052,671147989,148643402,26335130,1035961138,649767694,1860707364
2025-03-13,3510.0,3540.0,3450.0,3450.0,600545.0,-1.146131805157593,329058987,38549425,1179898324,548047935,441101802,43813120,1112762089,497877660,2095554671
2025-03-14,3480.0,3515.0,3420.0,3465.0,380325.0,0.43478260869565216,263830518,28927400,693561755,330792818,152811685,19112800,686141098,459046908,1317112491
2025-03-17,3470.0,3480.0,3425.0,3480.0,392845.0,0.4329004329004329,372124022,94047490,699163669,191007980,159877789,31434600,749028638,416002134,1356343161
2025-03-18,3480.0,3510.0,3465.0,3495.0,315370.0,0.43103448275862066,341062806,0,516610996,243396623,89633003,0,805826187,205611235,1101070425
2025-03-19,3505.0,3570.0,3360.0,3380.0,1443458.0,-3.290414878397711,309762491,8782210,4029340397,579945610,349503897,0,1434471992,3143854819,4927830708
2025-03-20,3395.0,3420.0,3300.0,3320.0,1242281.0,-1.7751479289940828,295385441,26946640,3098270727,733337889,178486986,15603885,1127218672,2832631154,4153940697
2025-03-21,3325.0,3340.0,3250.0,3250.0,4133209.0,-2.108433734939759,454745203,106874670,2969021359,9956871069,546033015,52323800,1559350815,11329804671,13487512301
2025-03-24,3260.0,3345.0,3250.0,3270.0,677762.0,0.6153846153846154,417607596,11794570,1284994339,517309611,218715617,35716830,1174420792,802852877,2231706116
2025-03-25,3280.0,3325.0,3255.0,3290.0,438321.0,0.6116207951070336,263854075,0,927667710,248865274,74205306,5415420,531051601,829714732,1440387059
2025-03-26,3340.0,3340.0,3270.0,3270.0,408607.0,-0.60790273556231,196121108,3285,950491728,195719539,65285440,0,268815840,1008234380,1342335660
2025-03-27,3285.0,3330.0,3260.0,3275.0,335544.0,0.1529051987767584,233220540,8200000,585385875,279490503,116537105,0,606571514,383188299,1106296918
2025-03-28,3275.0,3295.0,3200.0,3210.0,628810.0,-1.984732824427481,177127470,19737910,1685627022,142516655,183489830,23282085,833979544,984257598,2025009057
2025-03-31,3160.0,3185.0,3130.0,3150.0,809936.0,-1.8691588785046727,315454752,46234885,1194185795,1002874858,181193376,17131950,799134330,1561290634,2558750290
2025-04-01,3180.0,3215.0,3150.0,3205.0,664700.0,1.746031746031746,528960760,30041445,660346271,895845073,203866457,14323700,1002672391,894331001,2115193549
2025-04-02,3195.0,3210.0,3150.0,3160.0,824633.0,-1.40405616224649,359927510,9971250,1261607064,979358432,343005625,4402535,528035305,1735420791,2610864256
2025-04-03,3105.0,3180.0,3065.0,3180.0,544715.0,0.6329113924050633,312877650,14720820,722469354,656679222,471398364,18054540,662011104,555283038,1706747046
2025-04-04,3125.0,3190.0,3110.0,3190.0,668016.0,0.3144654088050315,610246728,3115000,739273383,750147578,336111070,492960,1093348206,672830453,2102782689
2025-04-07,3100.0,3105.0,3000.0,3015.0,1157219.0,-5.4858934169279,160165382,14696555,2577109333,752408681,1017862438,3025,934560107,1551954381,3504379951
2025-04-08,3035.0,3100.0,3025.0,3035.0,747943.0,0.6633499170812603,165245874,104505955,1106589276,904512049,372145820,770345,1135663760,772273229,2280853154
2025-04-09,2990.0,3040.0,2940.0,2970.0,790287.0,-2.14168039538715,84891280,7153670,1594300049,667613545,330549737,6253055,807047032,1210108720,2353958544
2025-04-10,3080.0,3150.0,3045.0,3150.0,846239.0,6.0606060606060606,786011642,20241055,813714331,1015086582,646047710,46075000,1390929898,552001002,2635053610
2025-04-11,3105.0,3195.0,3075.0,3195.0,469827.0,1.4285714285714286,138639194,45402385,784546467,506979332,235349306,3221400,839414330,397582342,1475567378
2025-04-14,3210.0,3220.0,3180.0,3200.0,300352.0,0.1564945226917058,33024590,5660635,502572510,418423100,117012020,0,469866200,372802615,959680835
2025-04-15,3205.0,3265.0,3205.0,3265.0,527474.0,2.03125,489188900,0,578471853,644999943,84420895,78266910,1067209732,482763159,1712660696
2025-04-16,3240.0,3290.0,3230.0,3245.0,370676.0,-0.6125574272588056,253408024,0,648404049,305395470,118026477,9617050,670184408,409379608,1207207543
2025-04-17,3225.0,3245.0,3190.0,3245.0,615436.0,0.0,411044810,10445490,756614755,808321807,120919255,4435570,615493482,1245578555,1986426862
2025-04-18,3250.0,3305.0,3245.0,3295.0,405520.0,1.5408320493066257,149784283,2632000,477859204,701980089,140065059,2149250,1032120212,157921055,1332255576
2025-04-21,3315.0,3340.0,3270.0,3290.0,428361.0,-0.15174506828528073,105504328,426880,844119498,462132592,143508356,13128125,722058001,533488816,1412183298
2025-04-22,3270.0,3295.0,3235.0,3245.0,461731.0,-1.3677811550151975,82230985,3346155,791601052,625347465,188871940,305970,319504149,993843598,1502525657
2025-04-23,3280.0,3300.0,3260.0,3280.0,517936.0,1.078582434514638,289663371,0,642800284,766455465,25623375,7278495,725270065,940747185,1698919120
2025-04-24,3270.0,3310.0,3260.0,3295.0,382198.0,0.45731707317073167,39823135,18579095,385705084,813509660,140861505,637290,677337262,438780917,1257616974
2025-04-25,3395.0,3410.0,3340.0,3375.0,825527.0,2.4279210925644916,324670429,631420,1606026880,852688204,32362637,1126050,1743607071,1006921175,2784016933
2025-04-28,3395.0,3505.0,3385.0,3455.0,1384329.0,2.3703703703703702,462724269,15276705,2616685882,1696236893,100505511,86625000,3255533771,1348259467,4790923749
2025-04-29,3490.0,3580.0,3430.0,3520.0,1709574.0,1.881331403762663,639616362,29449060,3159112655,2187597190,106348145,21896900,3797297878,2090232344,6015775267
2025-04-30,3540.0,3585.0,3485.0,3545.0,1201955.0,0.7102272727272727,821761142,9354475,1994162034,1410971934,455529603,10615880,2448604699,1321499403,4236249585
2025-05-02,3700.0,3700.0,3565.0,3600.0,1941861.0,1.5514809590973202,563523455,58467790,4218991636,2192551542,669949743,138063110,4153717696,2071803874,7033534423
2025-05-07,3410.0,3545.0,3410.0,3480.0,1593579.0,-3.3333333333333335,567141246,14351165,2875491489,2105202145,539127178,22155020,2669655639,2331248208,5562186045
2025-05-08,3480.0,3580.0,3480.0,3500.0,1047007.0,0.5747126436781609,832276300,13134830,954645878,1884724386,416543280,52305710,1768412772,1447519632,3684781394
2025-05-09,3545.0,3545.0,3475.0,3475.0,901995.0,-0.7142857142857143,578099005,5734600,1595881037,982093153,186804565,162470350,1109412473,1703120407,3161807795
2025-05-12,3530.0,3715.0,3515.0,3700.0,2330979.0,6.474820143884892,2894699862,1105500,2756223039,2907270855,125763048,67298195,6807376814,1558861199,8559299256
2025-05-13,3685.0,3705.0,3640.0,3690.0,785402.0,-0.2702702702702703,607245132,16112715,1425598746,833486160,253699269,0,1540293417,1088450067,2882442753
2025-05-14,3705.0,3725.0,3635.0,3645.0,1301907.0,-1.2195121951219512,925742710,14021215,2687375605,1161412795,872919221,17193570,2410076928,1488362606,4788552325
2025-05-15,3630.0,3645.0,3605.0,3605.0,574745.0,-1.0973936899862824,544537825,1034155,781540404,752642490,182556375,0,1391172729,506025770,2079754874
2025-05-16,3620.0,3730.0,3615.0,3685.0,1435978.0,2.219140083217753,992214810,3333000,2962569360,1347708855,128247540,15482165,3464497564,1697598756,5305826025
2025-05-19,3665.0,3745.0,3635.0,3670.0,1306214.0,-0.40705563093622793,676770770,340526925,2017397009,1773193526,512520278,772110,2686381837,1608214005,4807888230
2025-05-20,3705.0,3825.0,3685.0,3790.0,1691130.0,3.2697547683923704,1650381036,8869460,3247917746,1486529455,206516435,126175725,4691272724,1369732813,6393697697
2025-05-21,3805.0,3865.0,3750.0,3785.0,1413292.0,-0.13192612137203166,602066773,4847620,3742265552,1027058577,329821912,145173860,3069128097,1832114653,5376238522
2025-05-22,3755.0,3770.0,3705.0,3730.0,842527.0,-1.453104359313078,361036975,42630100,2030987760,706838535,681155690,0,1812366998,647970682,3141493370
2025-05-23,3800.0,4000.0,3790.0,3930.0,3841026.0,5.361930294906166,3657471466,40930520,6764318313,4675427171,556600610,677572547,11615751030,2288223283,15138147470
2025-05-26,4045.0,4045.0,3875.0,4025.0,2742868.0,2.4173027989821882,3442322060,31451225,5398332865,2069369725,855022411,276942400,6499936431,3309574633,10941475875
2025-05-27,4000.0,4045.0,3975.0,4045.0,1152427.0,0.4968944099378882,1164393802,9498440,2348370867,1110001078,267635274,115665739,2752160920,1496802254,4632264187
2025-05-28,4100.0,4325.0,4085.0,4190.0,5473118.0,3.584672435105068,5894321529,71091950,9703186424,7499612691,1086039738,333076756,17870898056,3878198044,23168212594
2025-05-29,4210.0,4285.0,4160.0,4260.0,2145625.0,1.6706443914081146,1756667375,467354220,5146314265,1696032389,651052819,118124415,4764294797,3532896218,9066368249
2025-05-30,4230.0,4245.0,4115.0,4215.0,2095898.0,-1.056338028169014,984366137,3995250,3687852846,4104743265,842809070,185287455,5027753394,2725107579,8780957498
2025-06-02,4275.0,4275.0,4120.0,4165.0,1696835.0,-1.1862396204033214,779124122,45797840,3656170351,2620001836,571367176,189471565,4432877115,1907378293,7101094149
2025-06-04,4225.0,4440.0,4180.0,4395.0,2859570.0,5.5222088835534215,2972582146,114430079,4449421010,4850643455,241950837,229948410,8831148247,3084029196,12387076690
2025-06-05,4805.0,4805.0,4440.0,4535.0,6503096.0,3.1854379977246867,2686423404,292366215,22315699659,4407732038,2377211310,353916840,17617046231,9354046935,29702221316
2025-06-09,4590.0,4655.0,4450.0,4470.0,2921367.0,-1.4332965821389196,1464443210,173787490,8277827438,3334112595,859794450,202250148,8393735042,3794391093,13250170733
2025-06-10,4420.0,4565.0,4400.0,4475.0,3254048.0,0.11185682326621924,1433951289,214640685,9604063790,3354471265,818972423,167609680,8956306732,4664238194,14607127029
2025-06-11,4475.0,4480.0,4360.0,4440.0,1989604.0,-0.782122905027933,645879447,92200445,4662111986,3378635297,2424689871,113230298,4607570107,1633336899,8778827175
2025-06-12,4505.0,4595.0,4455.0,4515.0,3689225.0,1.6891891891891893,4323005948,65245165,7996232699,4322301516,2196372407,118919050,10547097377,3844396494,16706785328
2025-06-13,4500.0,4505.0,4285.0,4345.0,2203738.0,-3.7652270210409746,1001271198,163111345,5269230207,3173593561,1147191516,144814525,6141284477,2173915793,9607206311
2025-06-16,4295.0,4620.0,4275.0,4610.0,3586323.0,6.098964326812428,2955168692,119820310,7094419807,6066771922,495571682,206589076,13239396858,2294623115,16236180731
2025-06-17,4680.0,4680.0,4440.0,4530.0,2363196.0,-1.735357917570499,1688797788,204477230,6506294005,2347484885,1304968200,158896160,4915326221,4367863327,10747053908
2025-06-18,4485.0,4520.0,4390.0,4455.0,1766131.0,-1.6556291390728477,1340895584,146558585,4036783750,2323872706,2106630203,137288490,3873688558,1730503374,7848110625
2025-06-19,4445.0,4460.0,4280.0,4395.0,2088882.0,-1.3468013468013467,1093424699,29457742,5204801321,2745113016,2432523311,116218160,4269129587,2254925720,9072796778
2025-06-20,4420.0,4425.0,4245.0,4255.0,2223374.0,-3.1854379977246867,808918721,40295330,5763643908,2916509245,2076712981,140376220,4424232045,2888045958,9529367204
2025-06-23,4135.0,4240.0,4125.0,4165.0,2152600.0,-2.1151586368977675,530425143,58955900,3970285765,4446993287,3160483876,114496245,3600019623,2131660351,9006660095
2025-06-24,4315.0,4345.0,4195.0,4240.0,1698093.0,1.800720288115246,629856616,36485890,3683654287,2864980421,849244044,152581700,3784412410,2428739060,7214977214
2025-06-25,4310.0,4585.0,4270.0,4360.0,4465856.0,2.8301886792452833,2540182670,100679215,11729636172,5333280244,1232050438,333898695,12199002358,5938826810,19703778301
2025-06-26,4385.0,4395.0,4150.0,4340.0,2139677.0,-0.45871559633027525,1366852302,51328040,5109430339,2567570130,851313741,84706205,5194909512,2964251353,9095180811
2025-06-27,4330.0,4350.0,4200.0,4240.0,1472328.0,-2.3041474654377883,561856368,90690665,3184787657,2434588349,1004796273,172431050,3453959687,1640736029,6271923039
2025-06-30,4225.0,4265.0,4150.0,4180.0,1372041.0,-1.4150943396226416,536798995,113475705,3004324466,2100314626,919280327,225639960,2304989261,2305004244,5754913792
2025-07-01,4195.0,4370.0,4190.0,4225.0,2070319.0,1.076555023923445,1075755106,43626805,3726891293,4036467498,601618520,226639395,5637733328,2416749459,8882740702
2025-07-02,4265.0,4270.0,4085.0,4160.0,1701874.0,-1.5384615384615385,695905180,70206700,4267328787,1999304555,637319426,133445042,3811929180,2450051574,7032745222
2025-07-03,4180.0,4230.0,4145.0,4180.0,1065315.0,0.4807692307692308,803935897,2967800,1818852143,1836117611,893822291,163297040,2315709891,1089044229,4461873451
2025-07-04,4240.0,4255.0,4085.0,4095.0,1047721.0,-2.0334928229665072,230787416,53955070,3060216376,1000728805,740274028,68941393,1546280321,1990191925,4345687667
2025-07-07,4050.0,4080.0,3980.0,4035.0,1498818.0,-1.465201465201465,170400612,16844545,3452510864,2381181491,2027172839,141740890,1925795258,1926228525,6020937512
2025-07-08,4045.0,4115.0,4030.0,4100.0,1182341.0,1.6109045848822798,675731376,70816210,1604302393,2473057481,318180476,114533354,2910858467,1480335163,4823907460
2025-07-09,4130.0,4175.0,4075.0,4175.0,1043541.0,1.8292682926829267,733205353,156656545,1618341871,1814811328,455163988,271141545,2254168086,1342541478,4323015097
2025-07-10,4180.0,4195.0,4115.0,4155.0,1234374.0,-0.47904191616766467,1094409156,14208440,1530888555,2481873260,799217272,266864852,2141195102,1914102185,5121379411
2025-07-11,4160.0,4190.0,4075.0,4095.0,1321996.0,-1.444043321299639,715469529,51502750,3291207577,1376442475,677053224,149138342,1826339979,2782090786,5434622331
2025-07-14,4090.0,4135.0,4070.0,4130.0,642854.0,0.8547008547008548,264657725,2154540,1054104269,1323323118,516745880,136565345,1545419125,445509302,2644239652
2025-07-15,4140.0,4170.0,4080.0,4130.0,1027068.0,0.0,290952883,11299875,2472062638,1460619636,1392297110,145096060,1601693684,1095848178,4234935032
2025-07-16,4110.0,4130.0,4000.0,4005.0,1238700.0,-3.026634382566586,244951810,16950994,3658609924,1086976177,1469263513,123371090,1555889361,1858964941,5007488905
2025-07-17,4040.0,4045.0,3975.0,4030.0,915607.0,0.6242197253433208,813047583,57869310,1724158336,1077085670,677296306,109683530,1640092794,1245088269,3672160899
2025-07-18,4040.0,4045.0,3970.0,4015.0,920653.0,-0.37220843672456577,569285790,2530550,2317472887,788271519,483945566,172588390,1398165350,1622861440,3677560746
2025-07-21,4015.0,4015.0,3975.0,3995.0,661068.0,-0.49813200498132004,289493085,3370610,1479298485,863691410,668637316,8772845,1084782557,873660872,2635853590
2025-07-22,3985.0,3990.0,3940.0,3965.0,965412.0,-0.7509386733416771,438111801,89847350,2184822197,1112211430,373787769,1341860,1688840045,1761023104,3824992778
2025-07-23,3965.0,4000.0,3915.0,3960.0,852518.0,-0.12610340479192939,666464846,25873970,1407108195,1263662657,829722106,13678210,1230685075,1289024277,3363109668
2025-07-24,3950.0,4010.0,3885.0,3915.0,1278321.0,-1.1363636363636365,630270526,22696720,3045723097,1341169056,1314476254,13585710,2175541909,1536255526,5039859399
2025-07-25,3835.0,3930.0,3835.0,3920.0,996753.0,0.1277139208173691,215309720,12884905,1790607323,1848532611,473472530,61744534,2520447707,811669788,3867334559
2025-07-28,3905.0,3940.0,3805.0,3810.0,1338370.0,-2.806122448979592,489529160,209431775,2173378387,2258500343,1648173448,3234690,1839464501,1639967026,5130839665
2025-07-29,3800.0,3905.0,3705.0,3905.0,1797200.0,2.493438320209974,664109702,112858970,3143662402,2963070697,1557053834,5779920,2126415826,3194452191,6883701771
2025-07-30,3875.0,3875.0,3765.0,3800.0,1561655.0,-2.6888604353393086,921593713,39215425,3921899459,1043991124,992595620,17958720,1188988531,3727156850,5926699721
2025-07-31,3795.0,3835.0,3750.0,3750.0,2213713.0,-1.3157894736842104,336936192,25462852,4038625882,3948026465,1245753598,0,1537405236,5565892557,8349051391
2025-08-01,3715.0,3750.0,3655.0,3665.0,1355263.0,-2.2666666666666666,680623730,26217131,2003478558,2293292258,1172481911,172801990,2077319751,1581008025,5003611677
2025-08-04,3665.0,3770.0,3630.0,3730.0,772138.0,1.7735334242837655,881309199,1054080,1333423932,659591880,568784165,757180,901484096,1404353650,2875379091
2025-08-05,3745.0,3805.0,3740.0,3765.0,613584.0,0.938337801608579,513079533,1974205,1088344352,711334043,696812161,3856580,745739946,868323446,2314732133
2025-08-06,3740.0,3880.0,3740.0,3840.0,933686.0,1.9920318725099602,506675390,6822530,1622284254,1441901420,577885681,7767660,1927020948,1065009305,3577683594
2025-08-07,3845.0,3850.0,3785.0,3810.0,789430.0,-0.78125,275640184,1141500,1517741197,1209580159,1233491010,11430,873764779,896835821,3004103040
2025-08-08,3815.0,3850.0,3800.0,3830.0,666135.0,0.5249343832020997,358816225,955250,906641698,1280736038,695620847,49700,1054292954,797185710,2547149211
2025-08-11,3845.0,3845.0,3740.0,3800.0,823870.0,-0.7832898172323759,862911144,19699865,1761425402,474220945,689232129,8338145,916166934,1504520148,3118257356
2025-08-12,3795.0,3845.0,3745.0,3765.0,800328.0,-0.9210526315789472,223001267,1528241,1894426317,913943593,390084735,17213970,912847258,1712753455,3032899418
2025-08-13,3770.0,3780.0,3690.0,3735.0,1076169.0,-0.796812749003984,361657234,6516500,2270913296,1370426653,663254305,1111500,1141630344,2203517534,4009513683
2025-08-14,3735.0,3775.0,3705.0,3730.0,585561.0,-0.13386880856760375,620743165,467500,761575200,805209615,595765630,1008450,887675258,703546142,2187995480
2025-08-18,3705.0,3730.0,3685.0,3700.0,418319.0,-0.8042895442359249,287152526,36900,824840483,437993110,326828562,0,436927437,786267020,1550023019
2025-08-19,3730.0,3740.0,3670.0,3695.0,982691.0,-0.13513513513513514,1623699285,0,1003221520,1016451467,558719331,0,793817515,2290835426,3643372272
2025-08-20,3650.0,3685.0,3540.0,3675.0,1653820.0,-0.5412719891745602,2646674868,41952405,1920624516,1354261670,1054418254,2293620,2237832824,2668968761,5963513459
2025-08-21,3700.0,4255.0,3685.0,4155.0,12983812.0,13.061224489795919,10401058904,89275885,22107586991,20818863388,2849095418,720445441,40511800447,9335443862,53416785168
2025-08-22,4170.0,4440.0,4135.0,4370.0,8515954.0,5.174488567990373,14921063951,199312045,12398008414,9399390372,4439813289,286342240,24468981253,7722638000,36917774782
2025-08-25,4390.0,4430.0,4270.0,4300.0,2840971.0,-1.6018306636155606,2935189822,8083318,5888265840,3456129325,1925385176,128656480,6783311853,3450314796,12287668305
2025-08-26,4150.0,4160.0,3850.0,3850.0,9388453.0,-10.465116279069768,3960985201,173079600,24918419405,7762465513,14876692815,200435130,6864793808,14873027966,36814949719
2025-08-27,3905.0,3910.0,3780.0,3810.0,2835363.0,-1.0389610389610389,1260450308,12734710,7411052498,2156927364,3714820894,0,2684448093,4441895893,10841164880
2025-08-28,3790.0,3820.0,3760.0,3795.0,1555866.0,-0.39370078740157477,1683018785,20645675,3429631898,755626715,502659246,40869395,2992217527,2353176905,5888923073
2025-08-29,3755.0,3795.0,3710.0,3720.0,2181985.0,-1.9762845849802373,269828142,31911420,6536043366,1332654253,1526503375,0,4341435094,2302498712,8170437181
2025-09-01,3720.0,3725.0,3630.0,3645.0,1340105.0,-2.0161290322580645,762734764,6963660,2734873360,1412057014,2272346548,32555175,1376361025,1235366050,4916628798
2025-09-02,3670.0,3700.0,3620.0,3680.0,758796.0,0.9602194787379973,269025914,3058740,1648483329,862434991,383161232,0,1394576180,1005265562,2783002974
2025-09-03,3660.0,3705.0,3635.0,3655.0,922429.0,-0.6793478260869565,621902205,3106500,1705621220,1044033478,365246745,6845815,1442574040,1559996803,3374663403
2025-09-04,3695.0,3825.0,3690.0,3805.0,2043267.0,4.1039671682626535,3601588584,27740465,2465330745,1614494013,424900208,94500,4782330005,2501829094,7709153807
2025-09-05,3830.0,3830.0,3750.0,3770.0,1179791.0,-0.9198423127463863,402266133,756275,2246153098,1805792080,1855376793,57000,1661601210,937932583,4454967586
2025-09-08,3800.0,3880.0,3795.0,3830.0,1213818.0,1.5915119363395225,454119347,43848625,2786314718,1367651447,396496819,1375830,2628758114,1625303374,4651934137
2025-09-09,3840.0,3840.0,3790.0,3825.0,752978.0,-0.13054830287206268,400764614,0,1575216354,892752042,588975454,114600,1382747241,896895715,2868733010
2025-09-10,3750.0,3790.0,3745.0,3785.0,923251.0,-1.045751633986928,659476153,1778215,2189586530,630376352,568845868,3780,2261896926,650470676,3481217250
2025-09-11,3785.0,3815.0,3765.0,3780.0,1130380.0,-0.13210039630118892,1636510495,65773745,1523385386,1059620535,1516885370,0,1799968632,968436159,4285290161
2025-09-12,3805.0,3805.0,3755.0,3790.0,950172.0,0.26455026455026454,975874612,388825,1933637239,682665327,1290499618,32479085,1498041485,771545815,3592566003
2025-09-15,3785.0,3815.0,3765.0,3800.0,899440.0,0.2638522427440633,984291790,488910,1498168547,923723686,608741881,3792500,1841808718,952329834,3406672933
2025-09-16,3810.0,3845.0,3740.0,3760.0,1824214.0,-1.0526315789473684,730109000,18270495,4154891411,2015555309,1331754756,21463350,3085408460,2480199649,6918826215
2025-09-17,3755.0,3760.0,3700.0,3710.0,1044228.0,-1.3297872340425532,493368410,4589145,2714759769,668476230,756806037,30653940,1241975578,1851757999,3881193554
2025-09-18,3720.0,3725.0,3700.0,3725.0,752628.0,0.40431266846361186,462902424,22465610,1784865725,524123027,648241661,0,864547179,1281567946,2794356786
2025-09-19,3720.0,3740.0,3670.0,3740.0,1440412.0,0.4026845637583893,258533458,4498480,3030134312,2041722250,539867016,0,1651951486,3143069998,5334888500
2025-09-22,3740.0,3740.0,3685.0,3685.0,739179.0,-1.4705882352941175,295191578,155400,1978185858,464489569,663888610,0,825226413,1248907382,2738022405
2025-09-23,3685.0,3695.0,3660.0,3675.0,691847.0,-0.27137042062415195,335367567,23858120,1135515708,1046270352,432012802,0,928463883,1180535062,2541011747
2025-09-24,3680.0,3690.0,3625.0,3635.0,964915.0,-1.0884353741496597,282819157,1408425,1967212665,1269982215,1257337243,0,934169921,1329915298,3521422462
2025-09-25,3650.0,3660.0,3605.0,3630.0,646018.0,-0.1375515818431912,866732048,333710,1011352080,463140320,445545711,6334350,739327169,1150350928,2341558158
2025-09-26,3610.0,3640.0,3550.0,3565.0,1043769.0,-1.790633608815427,609126225,7342550,2046854613,1069674387,824774170,10356960,1720352154,1177514491,3732997775
2025-09-29,3600.0,3625.0,3575.0,3600.0,472632.0,0.9817671809256662,667791070,179250,575418916,456465140,219838987,173760,878871782,600969847,1699854376
2025-09-30,3610.0,3615.0,3570.0,3580.0,419985.0,-0.5555555555555556,150781930,860330,745208779,608027026,600915612,0,317343860,586618593,1504878065
2025-10-01,3590.0,3660.0,3585.0,3625.0,1357603.0,1.2569832402234637,2848457944,1649890,1075422934,1004725632,1179811782,0,1578970775,2171473843,4930256400
2025-10-02,3625.0,3655.0,3580.0,3630.0,1245052.0,0.13793103448275862,1469662820,513295,1650881859,1387516305,1370733055,36500,1925987181,1211817543,4508574279
2025-10-10,3605.0,3700.0,3595.0,3700.0,1720860.0,1.9283746556473829,837267128,14532010,1391418294,4075053029,1799472574,184550,2979295278,1539318059,6318270461
2025-10-13,3650.0,3660.0,3555.0,3625.0,1186642.0,-2.027027027027027,769780959,40807895,1713784771,1767001018,2152847167,0,966178223,1172349253,4291374643
2025-10-14,3625.0,3680.0,3585.0,3600.0,1038683.0,-0.6896551724137931,372858541,2674232,1539070793,1853890540,911403178,1830000,1701180993,1154079935,3768494106
2025-10-15,3610.0,3800.0,3610.0,3730.0,1934751.0,3.6111111111111107,1381725855,2040755,2601332038,3247892698,1082130471,2056005,4646528003,1502276867,7232991346
2025-10-16,3765.0,3820.0,3725.0,3765.0,1289361.0,0.938337801608579,814550158,26425,2294270436,1745684395,889438258,5536780,2741194611,1218361765,4854531414
2025-10-17,3725.0,3725.0,3630.0,3630.0,1211127.0,-3.5856573705179287,450679574,6613050,2701057164,1276421532,732486625,0,1854530729,1847753966,4434771320
2025-10-20,3655.0,3685.0,3590.0,3670.0,995628.0,1.1019283746556474,723211810,3408380,1680738944,1222810146,907812220,0,1457944117,1264412943,3630169280
2025-10-21,3700.0,3780.0,3680.0,3690.0,1186611.0,0.544959128065395,626727894,0,2209288121,1585329422,625525143,0,2334506640,1461313654,4421345437
2025-10-22,3690.0,3725.0,3620.0,3720.0,874110.0,0.8130081300813009,792238374,3871000,1038334354,1380249600,497561146,694135,1657484111,1058953936,3214693328
2025-10-23,3690.0,3790.0,3650.0,3745.0,1357281.0,0.6720430107526881,878160367,3185340,2091014083,2110847889,1105023124,291240,2727255030,1250638285,5083207679
2025-10-24,3750.0,3830.0,3660.0,3820.0,1878448.0,2.0026702269692924,1083422791,7595,3401085635,2589973666,1238627834,3805000,3817623712,2014433141,7074489687
2025-10-27,3865.0,3950.0,3825.0,3865.0,2396858.0,1.1780104712041886,2566353243,17801077,4032297558,2685612881,741796734,13322825,5899844641,2647100559,9302064759
2025-10-28,3850.0,3910.0,3800.0,3880.0,1248364.0,0.38809831824062097,806360265,0,2080097512,1928149765,506024473,0,2978430419,1330152650,4814607542
2025-10-29,3955.0,4000.0,3885.0,3940.0,2472784.0,1.5463917525773196,2381720919,34933010,4574044818,2717080338,897305711,7912910,5612565048,3189995416,9707779085
2025-10-30,3885.0,3915.0,3775.0,3800.0,1913414.0,-3.5532994923857872,1444707567,8502800,3177231044,2686766662,1144692923,0,3985481194,2187033956,7317208073
2025-10-31,3790.0,3825.0,3680.0,3750.0,2631589.0,-1.3157894736842104,1507396206,67002239,5611955861,2638071196,2615832946,33480,3555070820,3653488256,9824425502
2025-11-03,3690.0,3690.0,3555.0,3560.0,2875038.0,-5.066666666666666,500310687,30691495,9148987376,662237864,1168466571,11555385,2760018642,6402186824,10342227422
2025-11-04,3570.0,3580.0,3520.0,3520.0,1544200.0,-1.1235955056179776,339638023,18687120,4289997652,817109720,837106690,1074000,781317871,3845933954,5465432515
2025-11-05,3555.0,3560.0,3380.0,3390.0,2668414.0,-3.6931818181818183,410022139,593431205,5592284332,2521099956,2030366798,0,3445108116,3641362718,9116837632
2025-11-06,3420.0,3465.0,3350.0,3430.0,1349292.0,1.1799410029498525,715185522,1034765,2599492667,1279168219,540449181,0,2393443098,1660988894,4594881173
2025-11-07,3385.0,3420.0,3320.0,3360.0,1241040.0,-2.0408163265306123,494596220,31033730,2701857685,936527750,611682700,2446255,1284096858,2265789572,4164015385
2025-11-10,3390.0,3465.0,3380.0,3435.0,729940.0,2.232142857142857,531362365,24319670,909683501,1039148622,145587828,171850,1337534598,1021219882,2504514158
2025-11-11,3435.0,3485.0,3380.0,3425.0,1006390.0,-0.2911208151382824,553828953,5355120,1452710389,1444688736,387625074,15469915,1378742355,1674745854,3456583198
2025-11-12,3430.0,3460.0,3405.0,3460.0,747705.0,1.0218978102189782,539448295,102450,1013010069,1021110498,187692061,1031910,1296274266,1088673075,2573671312
2025-11-13,3445.0,3515.0,3435.0,3475.0,1058284.0,0.4335260115606936,1077822286,386400,985461317,1605130491,852782009,405120,1246878775,1568734590,3668800494
2025-11-14,3445.0,3500.0,3410.0,3445.0,999971.0,-0.8633093525179856,504238074,768305,1834280002,1124210461,482188383,0,878056539,2103251920,3463496842
2025-11-17,3455.0,3495.0,3405.0,3485.0,823841.0,1.1611030478955007,471987373,0,985109866,1390723584,518287165,3430,1079414933,1250115295,2847820823
2025-11-18,3455.0,3500.0,3385.0,3395.0,776284.0,-2.582496413199426,156945700,2547865,1773030590,722092257,425724771,0,933591549,1295300092,2654616412
2025-11-19,3415.0,3475.0,3375.0,3450.0,909174.0,1.6200294550810017,546504580,14342845,620207208,1939710756,471923720,17210130,1319914327,1311717212,3120765389
2025-11-20,3465.0,3545.0,3465.0,3500.0,794581.0,1.4492753623188406,661201083,2264600,566046202,1563140508,280641451,3535130,1760949042,747526770,2792652393
2025-11-21,3455.0,3465.0,3400.0,3455.0,555450.0,-1.2857142857142856,380429999,990350,711257980,818276773,225970727,996875,989531281,694456219,1910955102
2025-11-24,3505.0,3520.0,3435.0,3440.0,864931.0,-0.43415340086830684,481085600,1514470,965165226,1538951235,273049710,703000,547937109,2165026712,2986716531
2025-11-25,3485.0,3515.0,3395.0,3430.0,786523.0,-0.29069767441860467,506121468,341000,1309352516,890914305,405196483,6399155,735396814,1559736837,2706729289
2025-11-26,3470.0,3545.0,3445.0,3540.0,1265577.0,3.206997084548105,988506282,30310370,964761570,2466569484,320773985,1141700,2999118255,1129113766,4450147706
2025-11-27,3530.0,3545.0,3465.0,3480.0,781698.0,-1.694915254237288,504759446,0,1529938934,695069587,302419940,3505000,715728086,1708114941,2729767967
2025-11-28,3500.0,3535.0,3465.0,3520.0,735946.0,1.1494252873563218,562238697,347000,637356000,1383073610,286376080,4870080,1261273342,1030495805,2583015307
2025-12-01,3540.0,3550.0,3455.0,3475.0,590125.0,-1.278409090909091,324435460,11341625,1225590614,498943444,360589079,37516560,651149129,1011056375,2060311143
2025-12-02,3480.0,3495.0,3460.0,3470.0,463971.0,-0.14388489208633093,215814799,0,1012076191,383499852,208462483,7051200,594304723,801572436,1611390842
2025-12-03,3485.0,3560.0,3475.0,3560.0,1152185.0,2.5936599423631126,921874691,3570400,1114468938,2033862702,175843022,1227210,2615547551,1281158948,4073776731
2025-12-04,3565.0,3565.0,3520.0,3550.0,775110.0,-0.2808988764044944,402802600,0,1597964605,741731219,347236756,2721950,846977028,1545562690,2742498424
2025-12-05,3565.0,3840.0,3560.0,3840.0,5106521.0,8.169014084507042,2372688688,18164940,7373074509,9377882276,999607752,2876650,14849180272,3290145739,19141810413
2025-12-08,3825.0,3825.0,3685.0,3705.0,1713486.0,-3.515625,699203164,24496845,4064611890,1599534357,455558287,2877050,2992845607,2936565312,6387846256
2025-12-09,3700.0,3700.0,3625.0,3645.0,1075855.0,-1.6194331983805668,357136098,3103100,2505233496,1050893821,1125230792,11128160,1209395361,1570612202,3916366515
2025-12-10,3645.0,3665.0,3600.0,3625.0,786598.0,-0.5486968449931412,339155335,722000,1786524261,726613248,413052352,32760,1334781836,1105147896,2853014844
2025-12-11,3630.0,3760.0,3615.0,3725.0,2387842.0,2.7586206896551726,2558083207,13642335,2820183141,3432567349,1678404002,2534610,4204564253,2938973167,8824476032
2025-12-12,3775.0,3910.0,3730.0,3890.0,3757460.0,4.429530201342282,5985306748,16802230,3592151343,4812999056,1290075015,8645260,8765128505,4343410597,14407259377
2025-12-15,3800.0,3845.0,3740.0,3765.0,1702681.0,-3.2133676092544987,1417842792,3124950,3459181210,1548566012,1165669025,91200,2379996244,2882958495,6428714964
2025-12-16,3775.0,3780.0,3680.0,3710.0,2042612.0,-1.4608233731739706,1408725498,77321720,2494834817,3593298714,3273001967,9696960,2739030432,1552451390,7574180749
2025-12-17,3655.0,3835.0,3575.0,3710.0,2001926.0,0.0,1219165269,3269200,3724250169,2436953218,777775181,2964195,4155126277,2447772203,7383637856
2025-12-18,3640.0,3695.0,3600.0,3685.0,915723.0,-0.6738544474393532,367990285,999970,1960502691,1014611795,398889861,3424710,1726659549,1215130621,3344104741
2025-12-19,3730.0,3760.0,3675.0,3760.0,1041397.0,2.03527815468114,1057607085,16725325,1015404715,1795458948,296259970,1472870,1637873248,1949589985,3885196073
2025-12-22,3785.0,3825.0,3755.0,3785.0,975748.0,0.6648936170212766,795213782,197445589,993397912,1706450912,326388311,2064590,2127239652,1236815642,3692508195
2025-12-23,3785.0,3800.0,3755.0,3775.0,773562.0,-0.26420079260237783,746685128,0,708086810,1466576546,235051230,53046325,1755520749,877730180,2921348484
2025-12-24,3780.0,3810.0,3750.0,3795.0,1098541.0,0.5298013245033113,1030786232,21553500,1360731562,1748239944,258080142,41615180,2934380646,927235270,4161311238
2025-12-26,3790.0,3805.0,3690.0,3700.0,788185.0,-2.503293807641634,144928977,1927230,2065812966,721221150,575753165,2666500,1166918585,1188552073,2933890323
2025-12-29,3675.0,3720.0,3660.0,3710.0,472206.0,0.2702702702702703,194413177,0,1105076698,445130715,342937327,7420,921769372,479906471,1744620590
2025-12-30,3690.0,3885.0,3690.0,3820.0,2410124.0,2.964959568733154,1146673433,17400420,3298836887,4792265801,435164858,52877140,6647615121,2119519422,9255176541
