날짜,시가,고가,저가,종가,거래량,등락률,매수_기관합계,매수_기타법인,매수_개인,매수_외국인합계,매도_기관합계,매도_기타법인,매도_개인,매도_외국인합계,전체
2013-10-30,,,,,,,135855267000,9230744500,446004601250,12926722000,32654094500,5629940500,400376596500,165356703250,604017334750
2013-10-31,,,,,,,16139987500,2635840500,323593424950,2011869750,25113791350,2088080900,253542887400,63636363050,344381122700
2013-11-01,,,,,,,7993647000,1184621000,90411965650,620870000,1333116700,608756250,89944767950,8324462750,100211103650
2013-11-04,,,,,,,1097811500,550769000,83437243500,606169500,10232533000,428817500,71180626000,3850017000,85691993500
2013-11-05,,,,,,,6232654350,1356855500,71632952200,216122000,12908339750,3464730200,61446811450,1618702650,79438584050
2013-11-06,,,,,,,2724954000,353701000,41320124000,46330000,5446185100,1318704500,36495667350,1184552050,44445109000
2013-11-07,,,,,,,2725989500,797954500,39931397500,101073000,4113049700,338677500,35691856800,3412830500,43556414500
2013-11-08,,,,,,,4050588500,318945500,38489619800,176293000,2901426750,2585742500,37443887550,104390000,43035446800
2013-11-11,,,,,,,1487051000,237136500,20717657000,119377500,720936400,167987500,21638816100,33482000,22561222000
2013-11-12,,,,,,,2041472000,221882000,24088441000,477114000,1523554100,141415000,24222756900,941183000,26828909000
2013-11-13,,,,,,,2089211500,99219000,27829028400,507752000,3143670500,141541000,26741456400,498543000,30525210900
2013-11-14,,,,,,,7036733500,334198500,29662202100,222136000,6101118850,574874500,29194287250,1384989500,37255270100
2013-11-15,,,,,,,1437575000,184850000,15181301050,71037500,2947487000,30660000,13837701050,58915500,16874763550
2013-11-18,,,,,,,6808113000,135410000,14208963800,69945000,2750563800,225610000,15873952200,2372305800,21222431800
2013-11-19,,,,,,,1993024200,86087500,9638421150,749955500,1165245200,142134000,11159093650,1015500,12467488350
2013-11-20,,,,,,,3797666400,91094500,7930764000,3716000,1778154700,20512000,8769002200,1255572000,11823240900
2013-11-21,,,,,,,1526200500,83270000,10256344350,563427900,811205100,40260000,10275672250,1302105400,12429242750
2013-11-22,,,,,,,2384749500,86245000,17589745600,906221000,3803827400,431116500,15649508400,1082508800,20966961100
2013-11-25,,,,,,,2594174500,136491000,12079953100,1450721000,1581430500,102759000,14171675100,405475000,16261339600
2013-11-26,,,,,,,1328412750,60485000,20569995950,492243500,2108382900,50019000,19109364300,1183371000,22451137200
2013-11-27,,,,,,,1532951500,276719000,10706459800,119351500,1483099200,117712000,10628971600,405699000,12635481800
2013-11-28,,,,,,,3776340000,354434000,17857670900,578836500,4616553750,14600000,17625575650,310552000,22567281400
2013-11-29,,,,,,,27986323900,551553500,46233431400,1296418000,45588006150,508140600,24229952050,5741628000,76067726800
2013-12-02,,,,,,,8369237300,142094500,12236737000,46925500,10463136750,8921000,8836224050,1486712500,20794994300
2013-12-03,,,,,,,9854259500,307012500,15675570350,526616500,9372512000,71958000,16660777350,258211500,26363458850
2013-12-04,32400.0,32600.0,31850.0,32550.0,367975.0,,3885938450,62220000,7230635600,719737500,2678594450,0,8484507600,735429500,11898531550
2013-12-05,32800.0,33200.0,32550.0,33050.0,579978.0,1.5360983102918586,5932471500,762135000,12368274050,31258000,6029705850,98253000,11933384200,1032795500,19094138550
2013-12-06,32650.0,33300.0,32600.0,33200.0,376660.0,0.45385779122541603,2980173000,103548500,9088998850,236940000,1089208700,80949600,11094734050,144768000,12409660350
2013-12-09,33400.0,33450.0,32650.0,33100.0,348969.0,-0.30120481927710846,765457500,21357000,8831754650,1876174500,2404387800,168916500,8648129350,273310000,11494743650
2013-12-10,32850.0,32900.0,32000.0,32000.0,343482.0,-3.3232628398791544,863826000,59948500,10026448200,134940000,1915930700,170200500,6300191500,2698840000,11085162700
2013-12-11,31700.0,32000.0,31400.0,31400.0,400609.0,-1.875,2433632500,0,9930989500,305910000,3547728200,298051000,7604448800,1220304000,12670532000
2013-12-12,31000.0,31600.0,30950.0,31350.0,295035.0,-0.15923566878980894,2844082000,7220500,6341461700,40659000,2851471150,153789900,6220362150,7800000,9233423200
2013-12-13,32100.0,32450.0,31100.0,31200.0,335425.0,-0.4784688995215311,1459016000,26145000,9043331700,15348000,3052075050,237189000,7098215150,156361500,10543840700
2013-12-16,31050.0,31200.0,29600.0,29650.0,732684.0,-4.967948717948718,1565728400,102912500,19873586700,572230000,5976541300,125595500,15957199300,55121500,22114457600
2013-12-17,30000.0,30000.0,29150.0,29200.0,434318.0,-1.5177065767284992,608654100,199118000,11048387200,940098000,2477533500,399259000,9905093800,14371000,12796257300
2013-12-18,29200.0,29700.0,28600.0,29500.0,492037.0,1.0273972602739725,2183135500,2054500,11514073750,625277000,2302768150,87857500,11800889600,133025500,14324540750
2013-12-19,29850.0,30150.0,29300.0,29900.0,342326.0,1.3559322033898304,2074816000,2097500,7949248950,156721300,1003948200,151736700,8856476850,170722000,10182883750
2013-12-20,29700.0,30100.0,29550.0,30100.0,239758.0,0.6688963210702341,988657500,5651500,4683271100,1463519000,2242856900,29083500,4793013700,76145000,7141099100
2013-12-23,30450.0,30650.0,29800.0,29800.0,283382.0,-0.9966777408637874,27112500,0,8187436300,334736800,2150789600,10560000,6358973500,28962500,8549285600
2013-12-24,29800.0,29850.0,29300.0,29400.0,317305.0,-1.342281879194631,1414714500,263343000,7648580150,36936500,2494680500,203072700,6451101950,214719000,9363574150
2013-12-26,29450.0,29600.0,28600.0,28650.0,450991.0,-2.5510204081632653,1594661500,31304500,11453848700,12328200,4641578300,349978500,8052633600,47952500,13092142900
2013-12-27,28700.0,29150.0,28550.0,28650.0,312091.0,0.0,994265500,20634000,7684193200,304801000,3268634950,220551500,5493146250,21561000,9003893700
2013-12-30,29000.0,29200.0,28750.0,28800.0,342769.0,0.5235602094240838,1391316500,31728000,8215594200,289439500,5816546500,11877500,4015383700,84270500,9928078200
2014-01-02,29100.0,30400.0,29050.0,30300.0,804798.0,5.208333333333334,8427757500,244823000,14627996500,914697000,4078549800,165579500,19237077700,734067000,24215274000
2014-01-03,30300.0,30650.0,29900.0,30400.0,480768.0,0.33003300330033003,4681605000,191357000,9099649100,595102500,2339104400,130638500,10170905700,1927065000,14567713600
2014-01-06,30200.0,30400.0,29650.0,29850.0,306619.0,-1.8092105263157896,1033383200,210499500,7919122250,10255000,2279658200,66081500,6750332250,77188000,9173259950
2014-01-07,29500.0,30150.0,29500.0,30000.0,206683.0,0.5025125628140703,810101000,35950000,5192899100,117507000,453040500,234732500,5438697600,29986500,6156457100
2014-01-08,30050.0,31000.0,30050.0,30750.0,555590.0,2.5,3278684250,327618500,13355381200,67800500,4032144500,268959000,11930575450,797805500,17029484450
2014-01-09,30800.0,31000.0,30400.0,30900.0,349508.0,0.4878048780487805,4166370500,67900500,6510099650,0,1141889000,1316966500,7695888650,589626500,10744370650
2014-01-10,30900.0,31400.0,30450.0,30700.0,262974.0,-0.6472491909385114,1247451000,127110000,6725331450,13354000,1220560200,0,6338797250,553889000,8113246450
2014-01-13,30500.0,30650.0,30000.0,30600.0,152034.0,-0.32573289902280134,976722000,247992000,3380110400,7280500,622280500,39455000,3851433900,98935500,4612104900
2014-01-14,30100.0,30750.0,30000.0,30150.0,199070.0,-1.4705882352941175,194539500,30150000,5744998100,42189500,1582503350,3063500,4318004750,108305500,6011877100
2014-01-15,30350.0,30500.0,29900.0,29900.0,218510.0,-0.8291873963515755,910692000,105745000,5558661150,2099500,150367100,1517500,5430029050,995284000,6577197650
2014-01-16,30100.0,30200.0,29750.0,29800.0,193879.0,-0.33444816053511706,244702000,308860000,5197353250,57629000,1036065400,185513000,4586965850,0,5808544250
2014-01-17,29800.0,30000.0,29400.0,29400.0,189277.0,-1.342281879194631,66336500,16347500,5322715100,196946500,1196452700,0,4346725900,59167000,5602345600
2014-01-20,29100.0,29300.0,28900.0,29300.0,213839.0,-0.3401360544217687,586692000,92105000,5419616000,130969000,2330863400,524192000,3368508600,5818000,6229382000
2014-01-21,29300.0,30200.0,29000.0,30100.0,313691.0,2.7303754266211606,2508851000,11438000,6717789650,88701000,2299367000,623500500,6202007150,201905000,9326779650
2014-01-22,30000.0,30500.0,29950.0,30250.0,309596.0,0.4983388704318937,3487525500,24200000,5807780050,50837500,2655538000,14589000,6568219050,131997000,9370343050
2014-01-23,30250.0,30450.0,29350.0,29400.0,448259.0,-2.809917355371901,2901519500,0,10378344650,27490000,7178713400,212889000,5818442750,97309000,13307354150
2014-01-24,29300.0,29500.0,29000.0,29300.0,191966.0,-0.3401360544217687,1251991000,0,4176073900,179780500,1944260300,0,3596259600,67325500,5607845400
2014-01-27,28600.0,28700.0,28050.0,28050.0,517428.0,-4.266211604095563,1154365500,31124500,13415523200,61112500,5099256500,254812000,8822540200,485517000,14662125700
2014-01-28,28050.0,28100.0,27150.0,27400.0,556062.0,-2.3172905525846703,1339707000,16660500,13694473600,232591500,6647260100,92851500,8502681000,40640000,15283432600
2014-01-29,27850.0,29000.0,27700.0,28850.0,515884.0,5.291970802919708,5690897000,143780000,8715534850,122030000,2987196550,263925500,10918730800,502389000,14672241850
2014-02-03,28400.0,29100.0,28350.0,28750.0,267617.0,-0.34662045060658575,1858175500,168215500,5605731450,74222000,2177910000,0,5331464950,196969500,7706344450
2014-02-04,28100.0,28600.0,28000.0,28400.0,254499.0,-1.2173913043478262,2076129000,153222000,4716250600,253807000,1393261500,141463000,5067440600,597243500,7199408600
2014-02-05,28500.0,29150.0,28450.0,28750.0,294985.0,1.232394366197183,3377348000,303693500,4535213600,316905000,2385047250,63711000,5604318850,480083000,8533160100
2014-02-06,28750.0,30650.0,28750.0,30250.0,834475.0,5.217391304347826,11957075500,154356500,12755102550,174563000,6336070250,102743000,17985599800,616684500,25041097550
2014-02-07,30300.0,30650.0,29900.0,30400.0,491895.0,0.49586776859504134,5917817000,736477500,7058574800,1246084000,3113336000,190957000,10970425800,684234500,14958953300
2014-02-10,30550.0,30650.0,30100.0,30150.0,243822.0,-0.8223684210526315,1538787500,62506500,5806994200,3055000,1677836450,8541000,5449238750,275727000,7411343200
2014-02-11,30250.0,31350.0,30150.0,30350.0,546123.0,0.6633499170812603,1107384500,392177500,14590464250,735265000,3053212100,856667000,12825174650,90237500,16825291250
2014-02-12,30450.0,30600.0,29600.0,30100.0,364135.0,-0.8237232289950577,2253418500,29850000,8632452700,17308500,2803662000,0,7808144700,321223000,10933029700
2014-02-13,29850.0,30100.0,29700.0,29950.0,159970.0,-0.4983388704318937,695958500,0,3886776750,199283500,400199700,111798000,4132683050,137338000,4782018750
2014-02-14,29900.0,30450.0,26050.0,26850.0,4414473.0,-10.35058430717863,11160408500,436356000,104501117250,3778566000,46892306900,1037775000,70678504350,1267861500,119876447750
2014-02-17,27500.0,28150.0,27300.0,28000.0,1626329.0,4.283054003724395,8434919000,335315000,35426069300,1013037500,7636786000,416702000,36520037300,635815500,45209340800
2014-02-18,28200.0,28250.0,27650.0,28050.0,393327.0,0.17857142857142858,1949119000,835500,8630151400,401851000,1212138600,1665000,9719578800,48574500,10981956900
2014-02-19,28300.0,28400.0,27900.0,28300.0,441599.0,0.8912655971479502,1454763500,284065000,10335319400,370746000,1348781100,17458500,10978230800,100423500,12444893900
2014-02-20,28200.0,29000.0,28000.0,28600.0,434383.0,1.0600706713780919,2830642000,325177500,8083952700,1217129500,873376200,129450000,10659909000,794166500,12456901700
2014-02-21,28850.0,29250.0,28150.0,28300.0,505592.0,-1.048951048951049,3060316500,1042858500,10077990800,383133500,2764462300,35303000,11401081000,363453000,14564299300
2014-02-24,28400.0,28600.0,28000.0,28400.0,285832.0,0.35335689045936397,2248588000,157651500,5126342600,580930000,2377876200,3698000,5539903400,192034500,8113512100
2014-02-25,28450.0,29150.0,28100.0,29050.0,596646.0,2.2887323943661975,6437045000,164002000,9688365450,817954500,1857270850,145440000,14331671100,772985000,17107366950
2014-02-26,29100.0,29200.0,28700.0,28950.0,271632.0,-0.34423407917383825,1258415000,36703000,6275804450,289573000,1175154000,211233500,5835530950,638577000,7860495450
2014-02-27,28950.0,29700.0,28650.0,29550.0,417486.0,2.072538860103627,6011288500,157707500,5037413250,970884000,2090934550,54128750,9554546450,477683500,12177293250
2014-02-28,29600.0,29750.0,29300.0,29400.0,271453.0,-0.5076142131979695,1003242500,24839000,6102553400,883397500,691268400,259706500,6227765500,835292000,8014032400
2014-03-03,29300.0,29300.0,28600.0,29000.0,358000.0,-1.3605442176870748,1161515500,0,7770731750,1427923000,1930796500,103305500,7371783750,954284500,10360170250
2014-03-04,28650.0,29250.0,28550.0,28750.0,281593.0,-0.8620689655172413,1869110000,1452500,5132134300,1124192000,2186833250,0,4688876050,1251179500,8126888800
2014-03-05,28950.0,29450.0,28700.0,29000.0,487648.0,0.8695652173913043,2715418500,243158500,10551640150,650520000,3277628000,217440000,9937514650,728154500,14160737150
2014-03-06,29000.0,29100.0,28700.0,28800.0,238124.0,-0.6896551724137931,1338138500,14425000,5315429350,194367500,1286877500,142560000,5033923850,398999000,6862360350
2014-03-07,28500.0,28600.0,27550.0,27750.0,1042376.0,-3.6458333333333335,1402746500,343153500,26201532000,1143695500,13393936250,413105000,14624986650,659099600,29091127500
2014-03-10,27700.0,27950.0,27450.0,27650.0,282298.0,-0.36036036036036034,352037500,123036000,5591014450,1745739000,1856720350,138159500,4878574100,938373000,7811826950
2014-03-11,27800.0,28100.0,27650.0,27750.0,336020.0,0.3616636528028933,1883138000,318452000,6167380300,992648500,3179954750,0,5042781050,1138883000,9361618800
2014-03-12,27650.0,27950.0,27600.0,27650.0,241799.0,-0.36036036036036034,2189223500,48232500,4191641350,272561000,1223783950,97504000,4713867900,666502500,6701658350
2014-03-13,27750.0,28850.0,27700.0,28600.0,401522.0,3.4358047016274864,5243287000,118500000,5620041300,414582500,30391200,443756000,10108812600,813451000,11396410800
2014-03-14,28300.0,29400.0,28200.0,29000.0,534082.0,1.3986013986013985,4402861000,43098000,10005544600,1049214500,1024358500,68590500,13761537600,646231500,15500718100
2014-03-17,29150.0,29400.0,28700.0,28700.0,257127.0,-1.0344827586206897,671127000,2880000,6777099350,5524500,760187500,0,5949581350,746862000,7456630850
2014-03-18,28900.0,29550.0,28800.0,29400.0,395646.0,2.4390243902439024,3195518000,203602000,8036570750,171260500,535624800,125623500,10822182950,123520000,11606951250
2014-03-19,29650.0,30050.0,29400.0,29500.0,421989.0,0.3401360544217687,2280179000,77228500,10079224050,102699000,1049242500,888000,11140033550,349166500,12539330550
2014-03-20,29250.0,29400.0,28850.0,29000.0,232429.0,-1.694915254237288,901462000,582000,4995261100,876554000,299449500,140573500,6207660600,126175500,6773859100
2014-03-21,29500.0,29950.0,29350.0,29850.0,283417.0,2.9310344827586206,119785500,15745500,7174303450,1101765000,296828500,2970000,7667987450,443813500,8411599450
2014-03-24,30350.0,30350.0,29700.0,30000.0,284157.0,0.5025125628140703,405910000,24159000,7643628700,434706000,750021500,137772500,7091462200,529147500,8508403700
2014-03-25,29850.0,29950.0,29450.0,29550.0,202782.0,-1.5,244985000,68437500,4474948350,1224747000,488063250,0,4722264600,802790000,6013117850
2014-03-26,29550.0,29800.0,29300.0,29500.0,196113.0,-0.1692047377326565,592551000,41074500,4775993350,383896000,807359800,263600000,4334042550,388512500,5793514850
2014-03-27,29300.0,29850.0,29300.0,29750.0,230975.0,0.847457627118644,277592500,28075000,4654864250,1874660000,1170335500,154430500,5350786750,159639000,6835191750
2014-03-28,29750.0,30100.0,29550.0,29950.0,239375.0,0.6722689075630253,1596072250,0,5336429100,222198000,849534050,304952000,5889498800,110714500,7154699350
2014-03-31,30200.0,30200.0,29450.0,29800.0,303279.0,-0.5008347245409015,739414000,154169500,6564305400,1594863500,2007547500,41700000,6432508900,570996000,9052752400
2014-04-01,29950.0,30100.0,29600.0,29600.0,215564.0,-0.6711409395973155,766887500,105041000,4949215900,599599500,113100500,30694000,5276356900,1000592500,6420743900
2014-04-02,29550.0,29650.0,28650.0,28750.0,763260.0,-2.871621621621622,2370080000,58330000,17719858800,1950222000,7367970500,28850000,13498231800,1203438500,22098490800
2014-04-03,28950.0,29200.0,28750.0,28850.0,321789.0,0.34782608695652173,645725500,65282500,5927545900,2681673000,2699996500,26532500,6361699400,231998500,9320226900
2014-04-04,28750.0,28750.0,27950.0,28200.0,518183.0,-2.2530329289428077,890764000,186170500,11403712050,2128145500,3500010200,24447000,10396097850,688237000,14608792050
2014-04-07,28100.0,28700.0,28100.0,28250.0,322152.0,0.1773049645390071,426088000,370500000,6863257500,1471111000,3042829250,0,4926192750,1161934500,9130956500
2014-04-08,28300.0,28550.0,28250.0,28350.0,179291.0,0.35398230088495575,137984500,151844000,4234694750,564522500,756912500,60669000,3579529250,691935000,5089045750
2014-04-09,28500.0,28500.0,27950.0,28100.0,439390.0,-0.8818342151675485,322900500,285568000,11407901300,352183500,868135400,7560000,6248590400,5244267500,12368553300
2014-04-10,28250.0,28500.0,27900.0,28200.0,383516.0,0.3558718861209964,271052000,6154000,7990002900,2525505000,3156320100,330279000,3655897300,3650217500,10792713900
2014-04-11,27900.0,28250.0,27850.0,28200.0,186101.0,0.0,630175000,2802500,4393813900,200393500,1218527600,3664500,3483238800,521754000,5227184900
2014-04-14,28150.0,28500.0,28050.0,28500.0,211770.0,1.0638297872340425,526681500,56900000,4542053900,889813500,1531718000,16243500,4333492900,133994500,6015448900
2014-04-15,28600.0,28600.0,28150.0,28200.0,191726.0,-1.0526315789473684,137564500,172121500,4636972400,478661000,1111230500,180109000,3462914900,671065000,5425319400
2014-04-16,28300.0,28550.0,28200.0,28400.0,196161.0,0.7092198581560284,859303000,23558500,4121914150,567538000,1479005500,53072500,3968693150,71542500,5572313650
2014-04-17,28600.0,28650.0,28200.0,28250.0,143399.0,-0.528169014084507,426054000,11636500,3164461050,469761500,851328500,52540000,2792957550,375087000,4071913050
2014-04-18,28250.0,28700.0,28200.0,28650.0,211356.0,1.415929203539823,501825000,847500,4987160600,517671500,974725950,57066000,4958885650,16827000,6007504600
2014-04-21,29150.0,29500.0,28600.0,28950.0,447619.0,1.0471204188481675,325858000,152679000,11784393750,718003500,2890735000,310005000,9347165750,433028500,12980934250
2014-04-22,29100.0,29150.0,28700.0,28800.0,228630.0,-0.5181347150259068,427513000,158450000,5093412550,926980000,1178113500,14475000,4774737050,639030000,6606355550
2014-04-23,28850.0,28900.0,28300.0,28400.0,218215.0,-1.3888888888888888,214022000,109168000,4926987500,972464000,453069300,3168400,4805606800,960797000,6222641500
2014-04-24,28500.0,28500.0,27850.0,28000.0,341312.0,-1.4084507042253522,340117000,14080500,7188754650,2029115000,3830521500,201250000,4560245150,980050500,9572067150
2014-04-25,28050.0,28150.0,27700.0,27700.0,237962.0,-1.0714285714285714,39936000,1953500,5164335850,1436826500,2519678500,0,3568472850,554900500,6643051850
2014-04-28,27400.0,27850.0,27400.0,27600.0,156706.0,-0.36101083032490977,279865500,124702000,3481040800,453296500,1641557400,13018000,2294364900,389964500,4338904800
2014-04-29,27450.0,27850.0,27400.0,27450.0,190098.0,-0.5434782608695652,114972000,69102000,4596132250,457937500,1995111500,0,2458597250,784435000,5238143750
2014-04-30,27600.0,28150.0,27600.0,28050.0,253976.0,2.185792349726776,539174500,93179000,4416625100,2040236500,2660662500,0,3173290100,1255262500,7089215100
2014-05-02,27750.0,27900.0,27300.0,27400.0,330627.0,-2.3172905525846703,679771800,3288000,6460422800,1938778500,3545488700,96034000,3596633400,1844105000,9082261100
2014-05-07,27550.0,27600.0,26850.0,27150.0,387186.0,-0.9124087591240875,2563131500,102630000,5939299750,1938562500,2690975450,40800000,3969409800,3842438500,10543623750
2014-05-08,27050.0,27250.0,26100.0,26400.0,484106.0,-2.7624309392265194,542124000,56074500,10618494150,1587279500,4430727350,389208000,5573684800,2410352000,12803972150
2014-05-09,26650.0,26900.0,26500.0,26700.0,202848.0,1.1363636363636365,614414500,13350000,4665032250,125184000,1752704800,0,2888761950,776514000,5417980750
2014-05-12,26550.0,26950.0,26550.0,26850.0,174650.0,0.5617977528089888,1981751600,28355000,2478593150,187095500,1173372750,8574000,3073465500,420383000,4675795250
2014-05-13,26900.0,27150.0,26700.0,27150.0,167355.0,1.1173184357541899,1212130000,81175000,3119775750,107597500,1364981500,23078000,2854236750,278382000,4520678250
2014-05-14,27150.0,27500.0,27050.0,27100.0,136195.0,-0.1841620626151013,94432000,85634000,3520892750,12563500,104608900,16346000,2986670850,605896500,3713522250
2014-05-15,27050.0,27150.0,26900.0,26950.0,224501.0,-0.5535055350553505,1245446300,10785000,4715348500,85548000,755617000,26950000,2391788300,2882772500,6057127800
2014-05-16,26950.0,27000.0,26500.0,26550.0,244181.0,-1.4842300556586272,674043000,5843500,5718276600,107239500,876773000,13375000,3055159100,2560095500,6505402600
2014-05-19,26550.0,27350.0,26450.0,27000.0,310092.0,1.694915254237288,2769832500,46465500,5207463250,336055000,304855000,58271000,4521029250,3475661000,8359816250
2014-05-20,26900.0,27100.0,26300.0,26350.0,297848.0,-2.4074074074074074,443053500,102853500,7224877800,120644500,2209237100,0,3674359200,2007833000,7891429300
2014-05-21,26150.0,26450.0,26150.0,26200.0,186955.0,-0.5692599620493358,620290000,787500,4029927300,264786500,1656527500,52600000,2713663800,493000000,4915791300
2014-05-22,26250.0,26700.0,26150.0,26600.0,188100.0,1.5267175572519083,995016500,106100000,3414727150,440067000,1001597700,512223000,3371171950,70918000,4955910650
2014-05-23,26600.0,26900.0,26450.0,26800.0,148697.0,0.7518796992481203,1224799200,0,2679085650,66389000,920023700,0,2825874150,224376000,3970273850
2014-05-26,26900.0,27000.0,26600.0,26750.0,100572.0,-0.18656716417910446,871069500,60303500,1658756900,104169500,197456000,0,2246985400,249858000,2694299400
2014-05-27,26650.0,26850.0,26350.0,26600.0,183179.0,-0.5607476635514018,1155167500,0,3329828800,384389000,1098007200,0,3557309100,214069000,4869385300
2014-05-28,26750.0,27900.0,26650.0,27800.0,406148.0,4.511278195488721,3466377000,28777000,7454279650,177349000,466142900,30939000,10467606750,162094000,11126782650
2014-05-29,27800.0,27950.0,27450.0,27600.0,287849.0,-0.7194244604316548,3277772000,0,4476363300,230412500,1525510000,124861000,5546230300,787946500,7984547800
2014-05-30,27700.0,27750.0,27100.0,27100.0,181266.0,-1.8115942028985508,858776500,10840000,3187665600,909476000,353325800,551000,2807658300,1805223000,4966758100
2014-06-02,27150.0,27550.0,27000.0,27550.0,157356.0,1.6605166051660518,1102103200,25024000,3110513050,53059500,67999850,550000,3646860750,575289150,4290699750
2014-06-03,27450.0,27800.0,25900.0,26350.0,623354.0,-4.3557168784029034,3079394050,37308050,13454291750,103045650,5312820800,579740350,8773658250,2007820100,16674039500
2014-06-05,26300.0,26500.0,25700.0,25950.0,344880.0,-1.5180265654648957,1458976550,980700,6038268100,1475273800,3010159250,27118900,5794729650,141491350,8973499150
2014-06-09,25800.0,26300.0,25650.0,25850.0,206389.0,-0.3853564547206166,2199054400,6129500,2971659850,190282850,2191126250,181737750,2833620200,160642400,5367126600
2014-06-10,25900.0,26400.0,25900.0,26300.0,116576.0,1.7408123791102514,1203735200,6905800,1737121850,114370150,462458350,105975650,2437190550,56508450,3062133000
2014-06-11,26350.0,26850.0,26350.0,26750.0,141788.0,1.7110266159695817,1236844000,0,2115521050,422143150,929598850,156975300,2586206800,101727250,3774508200
2014-06-12,26750.0,26900.0,26350.0,26700.0,106691.0,-0.1869158878504673,687387950,1068000,2038482950,119100800,449933300,0,2058808900,337297500,2846039700
2014-06-13,26700.0,27300.0,26400.0,27150.0,149419.0,1.6853932584269662,1531310000,8432500,2084486250,386132050,484978050,5964750,3313685100,205732900,4010360800
2014-06-16,27150.0,27450.0,26850.0,27100.0,134472.0,-0.1841620626151013,1492719400,540500,2137940450,14775550,527584200,54700,2818942400,299394600,3645975900
2014-06-17,27050.0,27050.0,26550.0,26600.0,201875.0,-1.8450184501845017,462223950,8045000,4264143550,663824650,2693841600,69030000,2580460350,54905200,5398237150
2014-06-18,26550.0,26850.0,26350.0,26350.0,132997.0,-0.9398496240601504,363808500,11259500,2276755850,879650700,1132004950,37271600,2314882950,47315050,3531474550
2014-06-19,26550.0,27000.0,26450.0,27000.0,235560.0,2.4667931688804554,2046957750,107400,2635064850,1653253700,2262861350,0,4017154050,55368300,6335383700
2014-06-20,27150.0,27200.0,26700.0,27150.0,238029.0,0.5555555555555556,199040550,0,1749806000,4481227750,978574250,161300,2531927050,2919411700,6430074300
2014-06-23,27150.0,27200.0,26600.0,26600.0,93173.0,-2.0257826887661143,290200200,455600,2202770300,2142000,496428100,187950,1788523600,210428450,2495568100
2014-06-24,26600.0,26650.0,26150.0,26200.0,216299.0,-1.5037593984962405,183800650,79302300,5253962300,165173150,2108144350,5761200,3421598700,146734150,5682238400
2014-06-25,26000.0,26350.0,25950.0,26100.0,112834.0,-0.38167938931297707,505253650,26050,2316549150,126678850,988448600,183400,1877057150,82818550,2948507700
2014-06-26,26150.0,26350.0,25900.0,26050.0,135035.0,-0.19157088122605362,281353750,0,3128104100,107782550,1111352450,363300,1907821050,497703600,3517240400
2014-06-27,26050.0,26350.0,26000.0,26300.0,99511.0,0.9596928982725527,1595159100,0,876491600,138948750,571067950,1338850,1953664550,84528100,2610599450
2014-06-30,26350.0,26400.0,26200.0,26350.0,112057.0,0.19011406844106463,1016921400,0,1838430500,92531300,654249300,736400,2057276950,235620550,2947883200
2014-07-01,26250.0,26300.0,26100.0,26100.0,128173.0,-0.9487666034155597,625485400,134979800,2511449450,81102500,659650250,0,1909385250,783981650,3353017150
2014-07-02,26100.0,26650.0,26100.0,26200.0,175363.0,0.38314176245210724,177861250,53025000,3761502100,635680150,529612350,8794400,3483069750,606592000,4628068500
2014-07-03,26200.0,26500.0,26150.0,26400.0,129425.0,0.7633587786259541,248497400,10520000,3086608150,59161350,280911300,149218650,2704806250,269850700,3404786900
2014-07-04,26350.0,26450.0,26100.0,26100.0,150196.0,-1.1363636363636365,194519100,1993450,3574177000,160256450,1130408850,1935000,2472571400,326030750,3930946000
2014-07-07,26200.0,26200.0,25700.0,25800.0,189830.0,-1.1494252873563218,136320750,38004750,4685135850,49302400,475868250,25850000,4121181700,285863800,4908763750
2014-07-08,25650.0,26700.0,25650.0,26700.0,307752.0,3.488372093023256,2648980200,50302150,5040280100,326139250,638432050,59727500,6216600150,1150942000,8065701700
2014-07-09,26550.0,26550.0,25800.0,26150.0,493784.0,-2.0599250936329585,3839658200,274714550,8419802550,313526750,5565716100,146758900,5068655550,2066571500,12847702050
2014-07-10,26150.0,26650.0,25950.0,26650.0,316415.0,1.9120458891013385,4540704750,156000,3812997400,10501950,163908650,18338000,6763950100,1418163350,8364360100
2014-07-11,26650.0,26650.0,26000.0,26050.0,212181.0,-2.25140712945591,141425100,65839750,5373257650,0,1413603200,529500,3526412600,639977200,5580522500
2014-07-14,26100.0,26150.0,25350.0,25500.0,384259.0,-2.111324376199616,156334850,18604650,9483416850,211548700,3962899000,115925000,4805720150,985360900,9869905050
2014-07-15,25550.0,25650.0,25200.0,25300.0,360683.0,-0.7843137254901961,375928750,86784850,8281537950,410409700,3584227750,37950000,4135778400,1396705100,9154661250
2014-07-16,25300.0,25550.0,25100.0,25150.0,305876.0,-0.592885375494071,204350350,3530500,7293383350,227551350,3209273150,25225000,4215237700,279079700,7728815550
2014-07-17,25250.0,25350.0,24800.0,24900.0,404174.0,-0.9940357852882704,158720500,21477450,9681051550,246148700,4213468050,0,5630359650,263570500,10107398200
2014-07-18,25050.0,25300.0,24850.0,24900.0,359853.0,0.0,256319200,71594750,8469610050,186963600,4195507200,63001500,4362798800,363180100,8984487600
2014-07-21,25050.0,25200.0,24450.0,24500.0,439725.0,-1.6064257028112447,269492050,47062100,10241720700,321286900,4647223300,34670000,5745216050,452452400,10879561750
2014-07-22,24550.0,24950.0,24350.0,24700.0,282797.0,0.8163265306122449,838505700,41355750,5822465750,248914050,2138025050,12400000,4476580300,324235900,6951241250
2014-07-23,24650.0,25100.0,24650.0,24800.0,289674.0,0.4048582995951417,121984100,163639750,6247628900,668338100,2926479850,12327500,4208924750,53858750,7201590850
2014-07-24,24900.0,25050.0,24550.0,24700.0,280993.0,-0.4032258064516129,306913500,5972000,6427446000,215758050,2784538150,202953650,3752216250,216381500,6956089550
2014-07-25,24700.0,25050.0,24700.0,24950.0,186569.0,1.0121457489878543,275181900,597000,4262337650,113431850,521498950,1376250,4011746050,116927150,4651548400
2014-07-28,24900.0,24950.0,24650.0,24700.0,217093.0,-1.002004008016032,90537700,124565750,5017192050,144079000,1780690200,7425000,3345974100,242285200,5376374500
2014-07-29,24700.0,25300.0,24550.0,25250.0,391910.0,2.2267206477732793,1615549300,2495000,7558513500,546139950,2194766650,17290000,7022255250,488385850,9722697750
2014-07-30,25200.0,25500.0,24850.0,25300.0,471319.0,0.19801980198019803,2928176250,58240000,8828956100,47045400,2855401300,50300000,8608002850,348713600,11862417750
2014-07-31,25350.0,25350.0,24700.0,24700.0,282687.0,-2.371541501976284,259613300,499000,6649426550,126957550,1554383100,0,4823406750,658706550,7036496400
2014-08-01,24400.0,24550.0,24150.0,24400.0,305439.0,-1.214574898785425,736406700,73300000,5642633750,1003951000,542788650,7572100,6464961750,440968950,7456291450
2014-08-04,24100.0,24100.0,22850.0,22950.0,1227188.0,-5.942622950819672,755626150,281994400,27275924100,112504300,11697468750,222361800,15374276750,1131941650,28426048950
2014-08-05,22950.0,23150.0,22300.0,22450.0,580954.0,-2.178649237472767,851598000,198856000,12045151600,90309900,3040579550,259067000,8012523500,1873745450,13185915500
2014-08-06,22400.0,22600.0,21650.0,21950.0,528208.0,-2.2271714922048997,1841906100,93694250,8975374100,735067100,2286401800,249061250,8055954300,1054624200,11646041550
2014-08-07,21850.0,22300.0,21750.0,21750.0,352587.0,-0.9111617312072893,467458300,30315950,6905056050,316800600,2076937200,46318000,4645989650,950386050,7719630900
2014-08-08,21800.0,22300.0,21650.0,21950.0,421343.0,0.9195402298850575,426417250,1108750,8526211000,289661100,1896046900,852678800,5830390300,664282100,9243398100
2014-08-11,22150.0,22350.0,22000.0,22100.0,200328.0,0.683371298405467,153885600,0,4203273050,77790750,165872550,110394700,3903436100,255246050,4434949400
2014-08-12,22050.0,22150.0,21100.0,21300.0,569366.0,-3.619909502262444,1243402850,21350000,10929965200,27019800,3416557350,400078100,7271859700,1133242700,12221737850
2014-08-13,21300.0,21600.0,21200.0,21300.0,264532.0,0.0,592246800,0,4485504850,574477250,1803075100,0,3843261200,5892600,5652228900
2014-08-14,21350.0,21900.0,21300.0,21850.0,369682.0,2.5821596244131455,766583900,2175000,6697067400,531355650,2971644450,645000,4948410400,76482100,7997181950
2014-08-18,21800.0,22250.0,21750.0,22100.0,340812.0,1.1441647597254003,2029852600,114604800,5296194750,47344250,2467963350,2200000,4430931500,586901550,7487996400
2014-08-19,22200.0,22250.0,21550.0,21650.0,352170.0,-2.0361990950226243,790128450,52927700,6783374400,24602500,4031412650,0,3268651150,350969250,7651033050
2014-08-20,21700.0,21700.0,20800.0,20950.0,623522.0,-3.233256351039261,509197500,20122500,12424647150,221640400,4144192950,0,8789683450,241731150,13175607550
2014-08-21,20800.0,21200.0,20400.0,20650.0,556779.0,-1.431980906921241,1956548600,152195000,8919887050,455780050,3101684200,102510100,7335575200,944641200,11484410700
2014-08-22,20550.0,20800.0,20350.0,20450.0,288008.0,-0.9685230024213075,380927450,31398750,5186870500,291870600,1187336600,0,4631094950,72635750,5891067300
2014-08-25,20400.0,20800.0,20150.0,20800.0,301999.0,1.7114914425427872,1235726350,445650,4449380400,485779400,1288901600,0,4429943850,452486350,6171331800
2014-08-26,20750.0,20950.0,20500.0,20600.0,216515.0,-0.9615384615384616,103605550,15933750,4310314900,50092550,737980900,2835550,3455273300,283857000,4479946750
2014-08-27,20700.0,21050.0,20550.0,20950.0,294738.0,1.6990291262135921,567879000,2766250,5387915400,185865000,891126950,874483100,4288842100,89973500,6144425650
2014-08-28,21000.0,21100.0,20750.0,20800.0,282895.0,-0.7159904534606205,1382515550,15302850,4435381000,87739100,2520802450,0,3353616900,46519150,5920938500
2014-08-29,21350.0,22850.0,21300.0,22300.0,1649301.0,7.211538461538461,2435739050,270067200,32596741450,1560270950,2171365200,7342300,34067864250,616246900,36862818650
2014-09-01,22550.0,22600.0,21950.0,22500.0,414750.0,0.8968609865470852,47910950,58451950,8845502350,304730350,380336450,0,7848653900,1027605250,9256595600
2014-09-02,22450.0,22450.0,21550.0,21750.0,427403.0,-3.3333333333333335,343956750,55273100,8889423150,61521550,2039637900,22537000,6479883100,808116550,9350174550
2014-09-03,21500.0,21700.0,21100.0,21250.0,417049.0,-2.2988505747126435,210364750,44955000,7504446050,1159763850,2825414800,215277350,5191922750,686914750,8919529650
2014-09-04,21300.0,22400.0,21300.0,22350.0,462664.0,5.176470588235294,1487294400,23998600,8392498100,265642300,697285600,55875000,8662531500,753741300,10169433400
2014-09-05,22350.0,23150.0,22150.0,23050.0,670946.0,3.131991051454139,3764764800,250862200,10973576300,332094300,336526650,152334950,13889630400,942805600,15321297600
2014-09-11,23400.0,23650.0,23050.0,23550.0,529215.0,2.1691973969631237,2304962000,17683150,10028633500,67735650,703981300,460871750,10823102250,431059000,12419014300
2014-09-12,23550.0,23600.0,23150.0,23350.0,255090.0,-0.8492569002123143,327091300,102636500,5506450700,21960350,111552250,0,5267500800,579085800,5958138850
2014-09-15,23350.0,23350.0,22800.0,23000.0,245103.0,-1.4989293361884368,176554850,4724400,5395442450,64629250,672110550,0,4921044500,48195900,5641350950
2014-09-16,22600.0,23650.0,22550.0,23550.0,350762.0,2.391304347826087,1151715850,332488600,6391992300,275292600,608587550,2372150,7459950050,80579600,8151489350
2014-09-17,23700.0,23750.0,23300.0,23500.0,225877.0,-0.21231422505307856,27539900,109262850,5013961250,155397450,813111600,1343800,4181637750,310068300,5306161450
2014-09-18,23500.0,23550.0,22550.0,22850.0,468265.0,-2.7659574468085104,1013184950,19847500,9435870050,264833050,1521472200,0,9131535800,80727550,10733735550
2014-09-19,22850.0,23150.0,22650.0,22750.0,246487.0,-0.437636761487965,128880900,114250000,4723911050,654358700,1835209550,9140000,3756115750,20935350,5621400650
2014-09-22,22750.0,22850.0,22100.0,22150.0,416322.0,-2.6373626373626373,373070050,44234300,7967908450,888873750,2472716800,0,6188541650,612828100,9274086550
2014-09-23,22050.0,22650.0,22050.0,22550.0,418383.0,1.805869074492099,5125960200,667500,3954382250,317056250,474438750,29926250,6047789600,2845911600,9398066200
2014-09-24,22550.0,22550.0,22100.0,22450.0,221264.0,-0.4434589800443459,1400547900,136736150,3232079250,173967300,654353150,130586000,3623524400,534867050,4943330600
2014-09-25,22500.0,23200.0,22500.0,22950.0,370208.0,2.2271714922048997,3038082750,27829500,5423585300,0,1153375450,188488350,6958704350,188929400,8489497550
2014-09-26,22600.0,22900.0,22500.0,22700.0,232543.0,-1.0893246187363834,405467450,159000,4767186100,101336950,308053150,22700000,4602672700,340723650,5274149500
2014-09-29,22800.0,23150.0,21500.0,21600.0,479589.0,-4.845814977973569,530312150,83970150,9893960750,71220950,1943971050,0,8363794550,271698400,10579464000
2014-09-30,21600.0,21800.0,21100.0,21450.0,286470.0,-0.6944444444444444,919078100,23984100,4615674750,549830600,2493783250,35800400,3571848900,7135000,6108567550
2014-10-01,21250.0,22000.0,21250.0,21500.0,255376.0,0.2331002331002331,2340780200,0,2900711850,298688750,759804500,3481750,4519057700,257836850,5540180800
2014-10-02,21350.0,21900.0,21250.0,21850.0,177150.0,1.627906976744186,801747400,29778800,2817329500,183065950,504960400,0,3029121150,297840100,3831921650
2014-10-06,22300.0,24050.0,22150.0,23500.0,970547.0,7.551487414187644,8786245450,0,13603144200,220363150,2954210600,165127950,19100221050,390193200,22609752800
2014-10-07,23950.0,24550.0,23400.0,23700.0,921594.0,0.851063829787234,4391232650,415487000,16951094250,360765250,3220802400,15000400,17488987650,1393788700,22118579150
2014-10-08,23400.0,24250.0,23350.0,24000.0,320661.0,1.2658227848101267,1424441850,0,6137617000,114606350,171295400,0,7273296550,232073250,7676665200
2014-10-10,24000.0,24250.0,23400.0,24100.0,327114.0,0.4166666666666667,2113850800,12525200,5427939100,264397250,453771850,0,7064401400,300539100,7818712350
2014-10-13,23800.0,24050.0,23150.0,23200.0,355360.0,-3.7344398340248963,491211300,29998550,7585045700,246071800,777509000,4322500,7268094100,302401750,8352327350
2014-10-14,23000.0,23800.0,23000.0,23750.0,235434.0,2.3706896551724137,1084615150,23049250,4031554800,389357500,335038200,11752850,5065587300,116198350,5528576700
2014-10-15,23700.0,24100.0,23550.0,23850.0,292993.0,0.42105263157894735,606692350,37952250,6045081200,299381600,478990000,0,6364517200,145600200,6989107400
2014-10-16,23500.0,23600.0,22700.0,23250.0,351636.0,-2.515723270440252,2262601450,24659750,5279421450,601169200,665926050,152075000,6941585350,408265450,8167851850
2014-10-17,23550.0,23800.0,23100.0,23400.0,268609.0,0.6451612903225806,1483954650,55067500,3916651150,841344100,308870050,0,5739259250,248888100,6297017400
2014-10-20,23800.0,23900.0,23450.0,23650.0,308088.0,1.0683760683760684,1655667700,255453250,5359658550,12008900,2149065600,27621000,4851576300,254525500,7282788400
2014-10-21,23400.0,23550.0,21450.0,21900.0,892970.0,-7.399577167019028,2072710100,165201500,17253598600,274578700,4115790600,43300000,14255942000,1351056300,19766088900
2014-10-22,21900.0,22150.0,21300.0,21450.0,376541.0,-2.054794520547945,53949150,199581850,7381106850,494628300,2128950900,107940000,5308296200,584079050,8129266150
2014-10-23,21400.0,21500.0,20450.0,20600.0,577774.0,-3.9627039627039626,828644400,20705000,10372725750,804414400,4557406400,205694050,7060900750,202488350,12026489550
2014-10-24,20900.0,20950.0,20100.0,20500.0,380646.0,-0.48543689320388345,412812500,0,6015373400,1338397750,2552071600,0,5103764650,110747400,7766583650
2014-10-27,20050.0,21750.0,20050.0,21600.0,508429.0,5.365853658536586,1859464400,145504450,6066034850,2721278450,1458284200,0,8701044500,632953450,10792282150
2014-10-28,22000.0,22050.0,21200.0,21550.0,170285.0,-0.23148148148148145,17419550,13085450,3541990150,86140850,75844300,5124000,2715751450,861916250,3658636000
2014-10-29,21750.0,22400.0,21350.0,22100.0,290301.0,2.5522041763341066,1137840950,220988900,4078895200,959344400,85328050,239250,5640174250,671327900,6397069450
2014-10-30,21950.0,22250.0,21700.0,21850.0,175620.0,-1.1312217194570136,1363994550,0,2296942600,188908750,728163450,8915450,2447977250,664789750,3849845900
2014-10-31,21950.0,21950.0,21150.0,21300.0,241636.0,-2.517162471395881,319624250,117906700,4499967650,228639000,1538445050,0,2607251650,1020440900,5166137600
2014-11-03,21300.0,21350.0,20800.0,20800.0,196925.0,-2.3474178403755865,13667950,1173050,3841139400,260042050,773756550,47166300,2815395850,479703750,4116022450
2014-11-04,20650.0,21000.0,20200.0,20750.0,251688.0,-0.2403846153846154,224431800,130049050,4360970450,435067600,1110350550,4050000,2999530000,1036588350,5150518900
2014-11-05,20600.0,20950.0,20500.0,20700.0,145522.0,-0.24096385542168677,212070300,0,2719144950,70466150,479756500,0,2101643150,420281750,3001681400
2014-11-06,20600.0,20950.0,20500.0,20550.0,224465.0,-0.7246376811594203,365388750,9168800,4010997000,251905800,2023743950,0,2404513450,209202950,4637460350
2014-11-07,20700.0,21250.0,20700.0,20900.0,154214.0,1.70316301703163,473193450,0,2464126700,301434600,539542650,8280000,2545972600,144959500,3238754750
2014-11-10,21000.0,21350.0,20450.0,20600.0,213965.0,-1.4354066985645932,63715400,6467000,4068575600,335907750,940314150,80180000,3278507400,175664200,4474665750
2014-11-11,20700.0,21150.0,20550.0,21100.0,256632.0,2.4271844660194173,909896500,82300,3678621500,759017800,1697298250,0,3391140550,259179300,5347618100
2014-11-12,21000.0,22450.0,20900.0,22150.0,477567.0,4.976303317535545,4780913600,103899350,5406571450,156048950,233295250,90429000,9688832750,434876350,10447433350
2014-11-13,22300.0,22750.0,21900.0,22050.0,335597.0,-0.4514672686230248,1184518900,14218350,6179837750,99670650,633915050,0,6428636550,415694050,7478245650
2014-11-14,22150.0,22150.0,21700.0,22000.0,126998.0,-0.22675736961451248,163826900,0,2433412750,183265350,250970000,3285000,2415837900,110412100,2780505000
2014-11-17,22000.0,22600.0,21900.0,22000.0,194423.0,0.0,1154121350,92408650,3015371750,63685750,576215850,0,3629793200,119578450,4325587500
2014-11-18,22100.0,22550.0,21900.0,22000.0,185421.0,0.0,605618500,198870800,3267145950,41339400,546923200,41425200,3352376300,172249950,4112974650
2014-11-19,22200.0,22200.0,21450.0,21550.0,197122.0,-2.0454545454545454,517844600,48732700,3651042650,67732150,693794050,0,3485208350,106349700,4285352100
2014-11-20,21700.0,21700.0,21100.0,21300.0,249500.0,-1.160092807424594,193542800,1927250,4797710050,306116500,2422227900,87566300,2758005550,31496850,5299296600
2014-11-21,21250.0,21650.0,20950.0,21050.0,317534.0,-1.1737089201877933,144012400,29559450,6195743400,347040000,3349116550,191178550,3000465500,175594650,6716355250
2014-11-24,21200.0,21550.0,21150.0,21550.0,237057.0,2.375296912114014,359144650,163043950,3749233900,799541550,616782550,0,4316461500,137720000,5070964050
2014-11-25,21400.0,21750.0,21250.0,21300.0,237963.0,-1.160092807424594,991912900,1237150,3872412200,240331200,473553450,115497700,3636098400,880743900,5105893450
2014-11-26,19900.0,20550.0,19850.0,20500.0,717049.0,-3.755868544600939,1330538750,130439700,12427609400,646425950,2674512850,221810750,11333068200,305622000,14535013800
2014-11-27,20600.0,20600.0,20250.0,20450.0,159130.0,-0.24390243902439024,38088400,3806450,3145906600,51864650,172023650,12922250,2294363100,760357100,3239666100
2014-11-28,20300.0,20400.0,20050.0,20150.0,237727.0,-1.466992665036675,545735100,11796800,4125431000,109556550,1484962250,0,2769027650,538529550,4792519450
2014-12-01,20150.0,20300.0,19900.0,20100.0,195216.0,-0.24813895781637718,31405200,1447200,3748909550,146269750,267490750,0,3370408850,290132100,3928031700
2014-12-02,20250.0,20650.0,20100.0,20500.0,161104.0,1.9900497512437811,193397650,10310300,2763634650,327416250,100887050,0,2722699700,471172100,3294758850
2014-12-03,20500.0,20750.0,20500.0,20500.0,137316.0,0.0,136953200,3900000,2414696100,269611550,516133450,1705650,2029638300,277683450,2825160850
2014-12-04,20700.0,20750.0,20450.0,20750.0,195059.0,1.2195121951219512,377053550,0,3218820950,414816600,1220861900,0,2766286250,23542950,4010691100
2014-12-05,21100.0,21750.0,21100.0,21200.0,539835.0,2.1686746987951806,1334362550,280007700,9231866400,711802750,503632400,4290000,10802955050,247161950,11558039400
2014-12-08,21000.0,21250.0,20700.0,21150.0,155192.0,-0.2358490566037736,384877400,249900,2617642450,261774050,69663800,122078700,3057225000,15576300,3264543800
2014-12-09,21800.0,22350.0,21350.0,21500.0,550041.0,1.6548463356973995,1547153450,42950000,8994220900,1395265900,303238250,83479200,11331008700,261864100,11979590250
2014-12-10,21700.0,22000.0,18850.0,19950.0,1450419.0,-7.209302325581396,2528602400,116547900,25567525600,843470250,4112877400,73298700,24370177150,499792900,29056146150
2014-12-11,19950.0,20700.0,19600.0,20350.0,294579.0,2.0050125313283207,932208600,298080850,4614205950,148068150,462691950,20625000,5344630150,164616450,5992563550
2014-12-12,20550.0,20600.0,20150.0,20300.0,125278.0,-0.2457002457002457,211934250,1360100,2073689300,254559550,585155600,20250,1866810300,89557050,2541543200
2014-12-15,20300.0,20700.0,20100.0,20300.0,190179.0,0.0,75803100,0,3298275050,495180650,364724300,34753500,2787123550,682657450,3869258800
2014-12-16,20400.0,20650.0,20200.0,20250.0,160334.0,-0.24630541871921183,301323050,790500,2327107400,633315600,105044500,20400,2911471150,246000500,3262536550
2014-12-17,20450.0,20900.0,20300.0,20850.0,270523.0,2.9629629629629632,1493863450,317034900,2927654300,857330850,334217100,129827650,4865624150,266214600,5595883500
2014-12-18,21000.0,21050.0,20250.0,20900.0,171745.0,0.2398081534772182,1415877900,33327800,2042761500,45218350,200608550,0,2976234200,360342800,3537185550
2014-12-19,20900.0,21200.0,20450.0,20550.0,153975.0,-1.674641148325359,121593100,41831250,2999158750,28253300,782569000,123591600,2051469400,233206400,3190836400
2014-12-22,20550.0,20600.0,20150.0,20300.0,159127.0,-1.2165450121654502,66347450,12028500,3062836850,91326500,207152400,18879600,2970724100,35783200,3232539300
2014-12-23,20300.0,20300.0,20000.0,20000.0,228004.0,-1.477832512315271,95147050,22010000,4380265150,78909350,1660202250,81433100,2745809700,88886500,4576331550
2014-12-24,20050.0,20150.0,19900.0,20000.0,100567.0,0.0,134916150,102245000,1738136000,40266050,55722400,21356450,1921562700,16921650,2015563200
2014-12-26,20000.0,20100.0,19900.0,19950.0,141240.0,-0.25,4921300,35335000,2733575750,45949300,213357650,179123050,2409866400,17434250,2819781350
2014-12-29,19950.0,20600.0,19900.0,20250.0,148144.0,1.5037593984962405,146099800,0,2597453750,256993600,87869650,0,2838476600,74200900,3000547150
2014-12-30,20250.0,20400.0,19900.0,19950.0,166862.0,-1.4814814814814816,68232250,510000,3228573000,57540200,826896750,50752900,1724630700,752575100,3354855450
2015-01-02,20200.0,20300.0,19850.0,19900.0,173534.0,-0.2506265664160401,104307600,26928500,3289482800,51978650,85632600,1038090150,2294475150,54499650,3472697550
2015-01-05,19950.0,20050.0,19100.0,19450.0,262132.0,-2.261306532663317,199360900,96750,4815283800,76484550,454131500,6699000,3995349850,635045650,5091226000
2015-01-06,19150.0,19250.0,18750.0,18850.0,336205.0,-3.0848329048843186,1885000,107385000,6059004350,199722550,1039277900,12282500,4606294150,710142350,6367996900
2015-01-07,18800.0,19200.0,18600.0,19100.0,146814.0,1.3262599469496021,26187300,0,2285238700,474870750,109576150,114752450,2379483700,182484450,2786296750
2015-01-08,19450.0,19450.0,19050.0,19050.0,140220.0,-0.2617801047120419,231590400,36675000,2330685750,90870500,186075500,0,2281373500,222372650,2689821650
2015-01-09,19200.0,19550.0,19050.0,19400.0,180086.0,1.837270341207349,85799750,3875000,3048270300,339749350,80824250,0,3256358250,140511900,3477694400
2015-01-12,19550.0,19550.0,19200.0,19250.0,133472.0,-0.7731958762886598,115743450,0,2396009000,70702300,456338800,0,1885383150,240732800,2582454750
2015-01-13,19250.0,19550.0,18850.0,18950.0,214994.0,-1.5584415584415585,18676600,0,3984483800,111988250,1436494100,0,2375301550,303353000,4115148650
2015-01-14,18950.0,19000.0,18650.0,18700.0,296010.0,-1.3192612137203166,341945750,39470000,4846695000,319465900,1756942700,17773800,3587526300,185333850,5547576650
2015-01-15,18700.0,18800.0,18050.0,18250.0,375685.0,-2.406417112299465,37199300,46130000,5928629200,872055000,1152957600,0,4894160100,836895800,6884013500
2015-01-16,18050.0,18200.0,17550.0,17650.0,383744.0,-3.287671232876712,94216800,88500000,5945099000,681993150,778449550,0,5208459750,822899650,6809808950
2015-01-19,17800.0,18350.0,17650.0,18300.0,279296.0,3.6827195467422094,671838250,206278300,3147505650,995079750,204341350,183000,3874302950,941874650,5020701950
2015-01-20,18300.0,18650.0,17900.0,17950.0,232813.0,-1.912568306010929,79646800,18050000,4067949400,70575000,647064150,28859500,2749640800,810656750,4236221200
2015-01-21,17900.0,18050.0,17450.0,17700.0,280685.0,-1.392757660167131,83771150,87750000,4192178450,588751300,532458550,18642000,3787093900,614256450,4952450900
2015-01-22,17600.0,17950.0,17500.0,17650.0,198383.0,-0.2824858757062147,88909500,584100,2977229100,445649850,264017650,34226500,2711142350,502986050,3512372550
2015-01-23,17850.0,17950.0,17300.0,17450.0,368894.0,-1.13314447592068,113958500,2488000,5906590900,443367500,2323804100,436332550,3197199000,509069250,6466404900
2015-01-26,17300.0,17350.0,16800.0,16900.0,343649.0,-3.151862464183381,52329950,14205250,5110666250,670702350,1040232400,0,4650340450,157330950,5847903800
2015-01-27,17100.0,17250.0,16800.0,16950.0,281356.0,0.2958579881656805,366256850,172018200,3358379300,890652950,363960150,101502850,3756068700,565775600,4787307300
2015-01-28,16650.0,17700.0,16650.0,17650.0,379693.0,4.129793510324483,331558800,406853000,5390184700,438353550,589624350,263350,5441842800,535219550,6566950050
2015-01-29,17600.0,17600.0,17250.0,17250.0,183481.0,-2.26628895184136,88811100,468000,2924338800,166747250,178807500,19458000,2261094000,721005650,3180365150
2015-01-30,17300.0,17400.0,16700.0,16700.0,437994.0,-3.1884057971014492,302045850,18827000,6533184550,518598800,3333828000,135050950,3450392450,453384800,7372656200
2015-02-02,16250.0,16900.0,16150.0,16750.0,456436.0,0.29940119760479045,389322650,97067800,5871784150,1219672350,3312288150,0,4020563400,244995400,7577846950
2015-02-03,16950.0,17300.0,16800.0,17300.0,303035.0,3.2835820895522385,356710250,0,4272384900,546496350,209588400,0,4589314550,376688550,5175591500
2015-02-04,17400.0,17550.0,17250.0,17500.0,226228.0,1.1560693641618496,791971450,50552550,3019446300,76560850,56223950,0,3381174300,501132900,3938531150
2015-02-05,17500.0,17600.0,17250.0,17550.0,180204.0,0.2857142857142857,146782850,27972650,2764992450,208925950,262104750,70499000,2513061550,303008600,3148673900
2015-02-06,17550.0,17950.0,17400.0,17850.0,246435.0,1.7094017094017095,1077432000,73013500,3149946400,59593800,500975900,143300000,3415666700,300043100,4359985700
2015-02-09,17700.0,17950.0,17250.0,17300.0,227533.0,-3.081232492997199,41322000,17971950,3870722600,45308900,54952450,20011200,3489615000,410746800,3975325450
2015-02-10,17300.0,17550.0,17050.0,17450.0,144204.0,0.8670520231213872,621253150,10290000,1738024650,126589950,236612100,0,2072015950,187529700,2496157750
2015-02-11,17550.0,17550.0,17200.0,17550.0,136278.0,0.5730659025787965,351930650,6934800,2005441550,0,183413000,0,1932707400,248186600,2364307000
2015-02-12,17500.0,17550.0,17250.0,17250.0,106891.0,-1.7094017094017095,17350,0,1847020000,7581950,100461350,0,1408799850,345358100,1854619300
2015-02-13,17350.0,17550.0,17200.0,17400.0,132245.0,0.8695652173913043,46013450,0,2246083950,7716150,4454550,0,2230476350,64882650,2299813550
2015-02-16,17300.0,17650.0,17300.0,17500.0,140378.0,0.5747126436781609,62867950,0,2232237100,159927200,57490100,14892500,2259124250,123525400,2455032250
2015-02-17,17500.0,17850.0,17400.0,17750.0,179204.0,1.4285714285714286,404713550,26703000,2636361100,104665750,163620850,38137300,2948180300,22504950,3172443400
2015-02-23,17700.0,17950.0,17700.0,17850.0,181315.0,0.5633802816901409,27620250,11905950,3147490950,46846250,7670600,106800000,2970168450,149224350,3233863400
2015-02-24,17850.0,17900.0,17650.0,17750.0,126061.0,-0.5602240896358543,22104500,146962700,2032841350,35409400,99148500,107763800,1811996150,218409500,2237317950
2015-02-25,17850.0,18150.0,17800.0,18050.0,200021.0,1.6901408450704223,124755100,5979050,3244852600,228131300,455251450,484048800,2592095800,72322000,3603718050
2015-02-26,18100.0,18250.0,17850.0,18200.0,185161.0,0.8310249307479225,12247500,0,3286493300,45779550,27288400,11927400,3236599900,68704650,3344520350
2015-02-27,18200.0,18500.0,18000.0,18000.0,211387.0,-1.098901098901099,111347700,36300,3668182000,66323750,105973750,45072200,3325743300,369100500,3845889750
2015-03-02,18200.0,18400.0,18100.0,18300.0,190794.0,1.6666666666666667,28495950,0,3386862100,67943150,158890650,7651950,3243740500,73018100,3483301200
2015-03-03,18450.0,18500.0,18250.0,18400.0,203971.0,0.546448087431694,3892900,55250,3595296500,154230750,162276800,146763050,3359094100,85341450,3753475400
2015-03-04,18500.0,19150.0,18450.0,19050.0,404774.0,3.532608695652174,652277650,22925200,6761276700,215847450,256772150,360725500,6557611250,477218100,7652327000
2015-03-05,19000.0,19600.0,18700.0,19100.0,393035.0,0.26246719160104987,354391000,1641851200,5455364300,134176650,517905550,158618300,6722669150,186590150,7585783150
2015-03-06,19150.0,19350.0,19000.0,19200.0,166680.0,0.5235602094240838,202828050,14336350,2926501750,49203450,27904000,57505850,3081243150,26216600,3192869600
2015-03-09,19350.0,19600.0,19200.0,19450.0,167110.0,1.3020833333333335,152876750,0,3075392050,9527350,52523250,77727600,2977242250,130303050,3237796150
2015-03-10,19450.0,19550.0,18950.0,19050.0,172696.0,-2.056555269922879,260588800,15678700,2944427900,88754250,8969800,861750,3257245550,42372550,3309449650
2015-03-11,18650.0,19350.0,18650.0,19100.0,161589.0,0.26246719160104987,821906250,189342550,1838682250,223084400,82995300,38446300,2806355500,145218350,3073015450
2015-03-12,19300.0,19750.0,19200.0,19700.0,345103.0,3.1413612565445024,1763800000,61410050,4929906550,13186150,285955150,84023850,6257034750,141289000,6768302750
2015-03-13,19800.0,20050.0,19650.0,19750.0,392264.0,0.25380710659898476,1300259550,124480000,5611027650,762015150,100000650,222359150,7400360200,75062350,7797782350
2015-03-16,19800.0,20150.0,19700.0,19750.0,204038.0,0.0,89800300,0,3521012600,441468900,181207350,20130000,3685634000,165310450,4052281800
2015-03-17,19800.0,19850.0,19500.0,19750.0,174158.0,0.0,271296000,0,2546294850,614343550,581836250,0,2804838150,45260000,3431934400
2015-03-18,19750.0,20100.0,19700.0,19850.0,189545.0,0.5063291139240507,396445050,0,2996411550,381402150,517452650,99500000,3127615050,29691050,3774258750
2015-03-19,20050.0,20050.0,19850.0,20000.0,223858.0,0.7556675062972292,1405226250,0,2398235150,664377750,790696750,39900000,3610579650,26662750,4467839150
2015-03-20,20150.0,20500.0,20050.0,20300.0,325774.0,1.5,747302050,0,4844638300,1033331250,2023219000,138620700,4399426350,64005550,6625271600
2015-03-23,20000.0,20500.0,19500.0,20500.0,327663.0,0.9852216748768473,770643450,26828600,4773784100,969907050,264926400,0,6079825850,196410950,6541163200
2015-03-24,20300.0,20400.0,20050.0,20350.0,133323.0,-0.7317073170731708,270517800,606750,2141882750,286008550,159258750,0,2430221800,109535300,2699015850
2015-03-25,20100.0,20300.0,19400.0,19600.0,386200.0,-3.6855036855036856,540132550,944500,6623658100,444645000,1122967350,12702750,6176061450,297648600,7609380150
2015-03-26,19250.0,19750.0,19250.0,19350.0,176917.0,-1.2755102040816326,4863550,10369700,2676875950,743634950,348157300,25115000,3007998800,54473050,3435744150
2015-03-27,19850.0,19900.0,19500.0,19800.0,160041.0,2.3255813953488373,13834550,0,2199932800,941297350,195449550,58989000,2721635400,178990750,3155064700
2015-03-30,19600.0,19800.0,18900.0,19050.0,260539.0,-3.787878787878788,111709350,0,4244620700,649495850,70307350,0,4090577250,844941300,5005825900
2015-03-31,19200.0,19350.0,18800.0,19100.0,202169.0,0.26246719160104987,262617150,0,3034666050,551973700,178762950,0,3166841900,503652050,3849256900
2015-04-01,19100.0,19100.0,18650.0,18750.0,250639.0,-1.832460732984293,606654000,74600,3692053300,404864850,283686550,0,2921003500,1498956700,4703646750
2015-04-02,18850.0,19100.0,18600.0,18900.0,126030.0,0.8,302625550,0,1850277600,229126900,220418400,0,1863111850,298499800,2382030050
2015-04-03,19250.0,19900.0,19200.0,19900.0,313446.0,5.291005291005291,386130700,196000,5339478450,427887700,116844850,31672900,5581176400,423998700,6153692850
2015-04-06,20150.0,20250.0,19700.0,19900.0,210214.0,0.0,26266250,11985000,3931385250,230073700,100446350,0,3600435550,498828300,4199710200
2015-04-07,20000.0,20050.0,19400.0,19700.0,186977.0,-1.0050251256281406,103038150,0,3438511100,147255000,105899100,0,2749623300,833281850,3688804250
2015-04-08,19600.0,19700.0,19200.0,19400.0,220847.0,-1.5228426395939088,5109000,8689150,3667699600,601371550,990913100,65029100,2995533050,231394050,4282869300
2015-04-09,19400.0,19550.0,19100.0,19400.0,125324.0,0.0,292565200,80040500,1955304750,91156250,275984350,0,2009383100,133699250,2419066700
2015-04-10,19100.0,19400.0,18850.0,19300.0,292928.0,-0.5154639175257731,123395800,396484600,4962157700,115452300,230339100,84539700,5085468750,197142850,5597490400
2015-04-13,19300.0,19450.0,19150.0,19450.0,257368.0,0.7772020725388601,5289900,584917350,4089462150,283554600,198637700,26884900,4688752850,48948550,4963224000
2015-04-14,19550.0,20150.0,19350.0,20150.0,407442.0,3.5989717223650386,409228500,138752700,7337539550,225017750,267597700,219629200,7125858700,497452900,8110538500
2015-04-15,20150.0,20200.0,19750.0,19900.0,248114.0,-1.240694789081886,274702000,1047457050,3455116700,180014450,98250050,30717000,4497460750,330862400,4957290200
2015-04-16,20000.0,20100.0,19800.0,20050.0,192823.0,0.7537688442211055,318043150,0,3202177700,322847750,97009800,181492000,3016832200,547734600,3843068600
2015-04-17,20350.0,20500.0,19800.0,19800.0,263590.0,-1.2468827930174564,270590400,4857200,4735822150,276806250,374839200,95976650,4210764500,606495650,5288076000
2015-04-20,19500.0,19800.0,19400.0,19650.0,133948.0,-0.7575757575757576,124619600,3927850,2124055300,369572000,53203100,39300000,2491970100,37701550,2622174750
2015-04-21,19850.0,20050.0,19750.0,20000.0,197980.0,1.7811704834605597,129642700,87018250,3082777400,649018050,146056950,59925000,3611736000,130738450,3948456400
2015-04-22,20100.0,20150.0,19450.0,19900.0,254249.0,-0.5,19846050,109912650,3813839700,1112051400,74897300,0,4537031400,443721100,5055649800
2015-04-23,19900.0,20000.0,19650.0,20000.0,164036.0,0.5025125628140703,544349500,20135850,2365741950,325322550,37606000,13879950,2827688500,376375400,3255549850
2015-04-24,20200.0,21600.0,20050.0,20450.0,1661548.0,2.25,3879884250,92563700,29563973200,1363889300,5015880100,331469400,28904308550,648652400,34900310450
2015-04-27,20050.0,20300.0,19650.0,19800.0,667376.0,-3.1784841075794623,483637150,697844450,11577488050,525083600,928200200,0,10344583000,2011270050,13284053250
2015-04-28,19750.0,19950.0,19350.0,19400.0,327442.0,-2.0202020202020203,107693000,11143500,6140153700,145392800,1151000300,19625050,4714946400,518811250,6404383000
2015-04-29,19450.0,19600.0,19150.0,19350.0,264905.0,-0.25773195876288657,26320100,2059031050,2903166850,145820250,380401000,96876850,3718668750,938391650,5134338250
2015-04-30,19200.0,19400.0,18500.0,19050.0,412216.0,-1.550387596899225,320185400,534734200,6462654550,458732450,1685500350,52201300,5641000800,397604150,7776306600
2015-05-04,18900.0,19000.0,18250.0,18300.0,305355.0,-3.937007874015748,92488200,124541200,5015116450,428283300,17530050,55800000,4761236200,825862900,5660429150
2015-05-06,18150.0,18650.0,18150.0,18400.0,187500.0,0.546448087431694,108550750,1924900,2470630700,868227100,152387600,0,2833562400,463383450,3449333450
2015-05-07,18300.0,18550.0,18200.0,18500.0,112903.0,0.5434782608695652,63221500,36500,1839906750,165631600,269869300,0,1582334800,216592250,2068796350
2015-05-08,18500.0,18600.0,18350.0,18500.0,71729.0,0.0,13526600,0,1076240250,235083100,184085000,165150,1047764700,92835100,1324849950
2015-05-11,18950.0,19200.0,18700.0,18950.0,169061.0,2.4324324324324325,380000,57000,3027527200,171781850,495572550,0,2380186050,323987450,3199746050
2015-05-12,19000.0,19450.0,18800.0,19300.0,196254.0,1.8469656992084433,494609400,3780000,2286807300,973541900,170223000,0,3083015650,505499950,3758738600
2015-05-13,19200.0,19400.0,19000.0,19300.0,131261.0,0.0,456478100,19150,1624626250,434392000,101264950,0,1826757300,587493250,2515515500
2015-05-14,19300.0,19350.0,19100.0,19150.0,102750.0,-0.7772020725388601,5537400,1035450,1426754150,539576400,250600050,0,1304911900,417391450,1972903400
2015-05-15,19150.0,19300.0,18900.0,19300.0,122312.0,0.7832898172323759,113220550,153050,1627706100,593418850,104198500,0,1726326950,503973100,2334498550
2015-05-18,19300.0,19450.0,19000.0,19450.0,138596.0,0.7772020725388601,243046400,0,1553532900,877129700,278662500,0,1993220800,401825700,2673709000
2015-05-19,19300.0,19500.0,19150.0,19450.0,163599.0,0.0,314546650,0,2271403900,571946550,100462900,97250000,2421245450,538938750,3157897100
2015-05-20,19550.0,19750.0,19350.0,19450.0,189091.0,0.0,271213400,0,2835565200,588745050,119813100,19500000,3189786600,366423950,3695523650
2015-05-21,19500.0,19950.0,19350.0,19800.0,312629.0,1.7994858611825193,272670400,1091702100,3170322000,1624335300,232577750,332868550,5475767550,117815950,6159029800
2015-05-22,19800.0,20300.0,19700.0,19900.0,272815.0,0.5050505050505051,138705250,99997500,4015807150,1195080550,1108688800,95180000,4069843850,175877800,5449590450
2015-05-26,19900.0,20000.0,19450.0,19600.0,138300.0,-1.507537688442211,269510250,3156900,2014458950,434874700,177440050,0,2522133800,22426950,2722000800
2015-05-27,19550.0,20000.0,19500.0,19900.0,206332.0,1.530612244897959,195599400,0,2831986650,1052415950,116574850,59971500,3494441500,409014150,4080002000
2015-05-28,20000.0,20500.0,19950.0,20000.0,454573.0,0.5025125628140703,1763540850,9614900,5256526200,2151449800,1469804250,605996550,5694007550,1411323400,9181131750
2015-05-29,20050.0,20450.0,19950.0,20450.0,366157.0,2.25,614726400,10413600,3694526900,3095769400,1297990000,204000000,4327033600,1586412700,7415436300
2015-06-01,20400.0,20750.0,20100.0,20150.0,351292.0,-1.466992665036675,638770700,505000,5748170550,769695400,1239957550,182536750,5005633900,729013450,7157141650
2015-06-02,20400.0,20400.0,19800.0,20150.0,251022.0,0.0,270838400,1720300,2589775700,2167887100,139365900,8740100,4386818250,495297250,5030221500
2015-06-03,20150.0,20900.0,19600.0,20700.0,522750.0,2.729528535980149,3864394450,0,5569235500,1305259950,986072950,255689300,8905926350,591201300,10738889900
2015-06-04,20950.0,21700.0,20850.0,21150.0,1038374.0,2.1739130434782608,6148866150,112901850,15141184900,728794600,2911302700,715857400,17000763650,1503823750,22131747500
2015-06-05,20900.0,21550.0,20600.0,21150.0,527140.0,0.0,3910692850,85337850,5842611900,1315986000,1702411450,139426400,8838525000,474265750,11154628600
2015-06-08,21400.0,21750.0,21250.0,21600.0,472986.0,2.127659574468085,3898368600,4983850,5174266600,1127796500,659835350,65250,8225481800,1320033150,10205415550
2015-06-09,21600.0,22250.0,21350.0,22000.0,820199.0,1.8518518518518516,6819161300,5314200,9132663500,2008656150,1210921400,76993250,14704259650,1973620850,17965795150
2015-06-10,22150.0,22300.0,21750.0,22000.0,569194.0,0.0,5023240300,10374250,6276794350,1217383450,1724754300,44600,8954476650,1848516800,12527792350
2015-06-11,22150.0,22800.0,21750.0,22500.0,1541417.0,2.272727272727273,23875284900,36066950,8613882200,2013308850,7090333550,72327450,13710092400,13665789500,34538542900
2015-06-12,22700.0,22950.0,22200.0,22750.0,610209.0,1.1111111111111112,5026998700,0,7051738850,1696836050,2173911950,32059250,10421818600,1147783800,13775573600
2015-06-15,22700.0,22950.0,22350.0,22850.0,361541.0,0.43956043956043955,3928031900,0,3653989150,645837000,850188700,16338750,7154836550,206494050,8227858050
2015-06-16,22800.0,22800.0,21400.0,21500.0,726731.0,-5.908096280087528,1752675800,66475000,11601088600,2402604950,1315430750,2188464000,11554555050,764394550,15822844350
2015-06-17,21650.0,22050.0,21500.0,21650.0,265929.0,0.6976744186046512,275983700,0,3902032950,1599784150,812468100,6766550,4523456750,435109400,5777800800
2015-06-18,21900.0,21950.0,21000.0,21250.0,351506.0,-1.8475750577367205,728896700,320000000,5344712600,1095506350,728877450,0,6533790950,226447250,7489115650
2015-06-19,21400.0,21550.0,20900.0,21250.0,317308.0,0.0,1198611850,217905900,4125741350,1175890950,1487352400,21050000,4583277750,626469900,6718150050
2015-06-22,21350.0,21700.0,20700.0,20750.0,305369.0,-2.3529411764705883,305663450,10126250,5239124950,869630650,1301738450,0,4830095100,292711750,6424545300
2015-06-23,21000.0,21400.0,20800.0,21200.0,247972.0,2.1686746987951806,1105658650,256201050,3389417800,491681450,1144149400,165330100,3197072400,736407050,5242958950
2015-06-24,21100.0,21300.0,20800.0,21100.0,160703.0,-0.4716981132075472,57738450,174526400,2697612350,443717700,246069400,147855800,2911234000,68435700,3373594900
2015-06-25,21150.0,21200.0,20850.0,21000.0,172396.0,-0.47393364928909953,759001350,419386600,2010396200,428940200,459489150,0,2856027400,302207800,3617724350
2015-06-26,21000.0,21050.0,20450.0,20450.0,226395.0,-2.619047619047619,109907450,429847100,3728973100,418292500,861042300,6255000,3302014250,517708600,4687020150
2015-06-29,20100.0,20300.0,19700.0,19750.0,310179.0,-3.4229828850855744,246427350,1980000,5027077050,913272800,750593300,0,5074085900,364078000,6188757200
2015-06-30,19600.0,20250.0,19400.0,20250.0,270613.0,2.5316455696202533,1410412500,0,3114189450,863636050,705911000,0,3552476000,1129851000,5388238000
2015-07-01,20100.0,20550.0,19950.0,20550.0,224441.0,1.4814814814814816,1003828200,80650000,3143589400,306540050,123475900,9153900,3472532450,929445400,4534607650
2015-07-02,20450.0,20550.0,20200.0,20400.0,186833.0,-0.7299270072992701,645679350,0,2713269250,441302400,255422750,0,2310357300,1234470950,3800251000
2015-07-03,20450.0,20450.0,20050.0,20150.0,193708.0,-1.2254901960784315,1079289650,20250000,2321936350,482834350,728597400,0,2276722700,898990250,3904310350
2015-07-06,20000.0,20150.0,19500.0,19650.0,268657.0,-2.481389578163772,704599350,98668350,4134231650,367045400,1143282750,0,3477134450,684127550,5304544750
2015-07-07,19900.0,20200.0,19100.0,20000.0,296785.0,1.7811704834605597,788739000,75982900,3434086300,1551240300,345673500,177482850,4459611200,867280950,5850048500
2015-07-08,20200.0,20250.0,19700.0,20050.0,194777.0,0.25,91577700,0,2205507700,1607383350,64756100,0,2846828150,992884500,3904468750
2015-07-09,19750.0,20550.0,19750.0,19950.0,271078.0,-0.4987531172069825,594711650,36525250,3678395700,1130883750,574853400,172208400,3142951450,1550503100,5440516350
2015-07-10,20000.0,20350.0,19900.0,20300.0,184925.0,1.7543859649122806,138730150,19430950,2058603400,1519923850,717696450,16160000,2523003300,479828600,3736688350
2015-07-13,20300.0,20450.0,19800.0,20050.0,206034.0,-1.2315270935960592,327096500,80164800,3350341850,368360800,357856400,121443200,2488702000,1157962350,4125963950
2015-07-14,20050.0,20250.0,19700.0,19700.0,224694.0,-1.7456359102244388,75720350,18444600,3676552500,703367600,587213550,117410750,2488094500,1281366250,4474085050
2015-07-15,20300.0,20450.0,19650.0,19650.0,269552.0,-0.25380710659898476,106917550,0,4916853500,356642550,547182900,79200000,3794097900,959932800,5380413600
2015-07-16,19700.0,19850.0,18750.0,18800.0,554816.0,-4.325699745547073,202189150,291660000,9357531250,802426200,1658780800,11410500,7323045900,1660569400,10653806600
2015-07-17,18800.0,18950.0,18100.0,18550.0,531688.0,-1.3297872340425532,102061100,44165000,8040944750,1588520750,2035130550,11547300,5988054000,1740959750,9775691600
2015-07-20,18300.0,18550.0,18050.0,18050.0,244597.0,-2.6954177897574128,26496600,1591800,4092740100,326148100,1038943250,0,2379294800,1028738550,4446976600
2015-07-21,17950.0,18400.0,17950.0,18300.0,237827.0,1.3850415512465373,370939600,0,3539954750,413370150,1426791350,0,2426903250,470569900,4324264500
2015-07-22,18200.0,18250.0,17500.0,17550.0,357351.0,-4.098360655737705,15904900,7220000,5955627700,340387150,1132175100,0,4292352500,894612150,6319139750
2015-07-23,17600.0,17750.0,17350.0,17600.0,163346.0,0.2849002849002849,9696800,0,2606585150,252252850,48289000,0,2200209350,620036450,2868534800
2015-07-24,17550.0,17550.0,17050.0,17050.0,223566.0,-3.125,28541300,0,3251225800,565686450,142722300,17136000,3160075400,525519850,3845453550
2015-07-27,16500.0,16950.0,16450.0,16750.0,244836.0,-1.7595307917888565,79194300,0,3632925750,370251600,844177850,33100000,2866762900,338330900,4082371650
2015-07-28,16650.0,17200.0,16650.0,17150.0,169558.0,2.3880597014925375,265901050,17100,2111584350,500412000,31568200,0,2329393550,516952750,2877914500
2015-07-29,17100.0,17350.0,16950.0,17050.0,133180.0,-0.5830903790087464,119769850,0,1671626300,488940600,188812000,2373000,1324045100,765106650,2280336750
2015-07-30,17050.0,17900.0,17050.0,17850.0,327449.0,4.69208211143695,563164650,516000,3948852850,1268670650,226717750,5265000,4892021700,657199700,5781204150
2015-07-31,17950.0,17950.0,17400.0,17550.0,157993.0,-1.680672268907563,558009750,0,1981201550,243885900,470646000,526500,1511989350,799935350,2783097200
2015-08-03,17500.0,17650.0,16850.0,16950.0,154522.0,-3.418803418803419,149815650,0,2174138000,317968100,541500850,0,1487894750,612526150,2641921750
2015-08-04,16950.0,17300.0,16850.0,17050.0,103787.0,0.5899705014749262,72451550,0,1361775800,337611650,473216800,0,872418350,426203850,1771839000
2015-08-05,16900.0,17250.0,16650.0,17100.0,144784.0,0.2932551319648094,7176400,0,2232344700,204447050,334277950,0,1999977050,109713150,2443968150
2015-08-06,17300.0,17300.0,16800.0,16950.0,135744.0,-0.8771929824561403,77242200,1215550,1936462750,284964800,376762150,5157500,1609141750,308823900,2299885300
2015-08-07,16900.0,17050.0,16700.0,16750.0,140745.0,-1.1799410029498525,262172850,0,1747828500,357212650,384888550,0,1660181350,322144100,2367214000
2015-08-10,16600.0,16850.0,16100.0,16150.0,227067.0,-3.582089552238806,259454400,0,2838351250,608098900,722849650,0,2518198300,464856600,3705904550
2015-08-11,16350.0,16750.0,16200.0,16250.0,129281.0,0.6191950464396285,280722050,0,1430134800,402984950,634944550,0,1393969600,84927650,2113841800
2015-08-12,16350.0,16500.0,16100.0,16250.0,138558.0,0.0,659150650,730250,1274946250,317034450,226593650,2762500,1719704000,302801450,2251861600
2015-08-13,16450.0,17150.0,16300.0,17100.0,182318.0,5.230769230769231,1011865550,0,1900312700,153155350,454612450,0,2177262900,433458250,3065333600
2015-08-17,17250.0,17250.0,16650.0,16950.0,103124.0,-0.8771929824561403,345752950,0,1289496400,101107200,199024000,0,931772500,605560050,1736356550
2015-08-18,17000.0,17100.0,16700.0,17000.0,110919.0,0.2949852507374631,400569750,0,1208013300,265280700,40493250,9559200,1225511400,598299900,1873863750
2015-08-19,17200.0,17300.0,16700.0,16750.0,177513.0,-1.4705882352941175,504569700,0,1829599150,655191200,48519950,0,2315763100,625077000,2989360050
2015-08-20,16750.0,16950.0,16350.0,16350.0,96736.0,-2.3880597014925375,61289650,0,1286739300,256932700,110422100,0,1235821900,258717650,1604961650
2015-08-21,15600.0,16050.0,15500.0,15950.0,226914.0,-2.4464831804281344,1009195000,0,2068981850,519854950,113369100,285975000,3090501550,108186150,3598031800
2015-08-24,16050.0,16550.0,15700.0,16300.0,174236.0,2.19435736677116,533342750,0,2122434200,146910750,312767200,0,1594569250,895351250,2802687700
2015-08-25,16200.0,16800.0,16000.0,16400.0,180999.0,0.6134969325153374,227309700,502500,2465633000,273778900,215903800,0,2233319050,518001250,2967224100
2015-08-26,16400.0,17100.0,16150.0,16950.0,202111.0,3.353658536585366,444878100,0,2505841400,425709050,196645350,0,2831223550,348559650,3376428550
2015-08-27,17100.0,17150.0,16650.0,16750.0,192231.0,-1.1799410029498525,916473550,0,2155982500,183740650,456492300,491550,2055528450,743684400,3256196700
2015-08-28,17300.0,17300.0,16950.0,17000.0,148345.0,1.4925373134328357,692534900,0,1603148050,234836900,546598550,0,1680088400,303832900,2530519850
2015-08-31,17050.0,17400.0,16900.0,17150.0,160047.0,0.8823529411764706,374039500,0,1648879250,714411650,946947250,17350,1424270750,366095050,2737330400
2015-09-01,16900.0,17050.0,16500.0,16550.0,128762.0,-3.498542274052478,89285500,0,1913152500,157405050,460695750,0,1335900700,363246600,2159843050
2015-09-02,16100.0,16550.0,16100.0,16450.0,156659.0,-0.6042296072507553,291534350,0,1631327950,633892000,788327100,0,1707426450,61000750,2556754300
2015-09-03,16650.0,16650.0,16200.0,16200.0,139346.0,-1.5197568389057752,134171300,0,2061148550,78570950,1162855500,5398800,797167050,308469450,2273890800
2015-09-04,16100.0,16500.0,15800.0,16200.0,226216.0,0.0,987007650,110950,2252513100,404494250,1093112000,1987100,2064783100,484243750,3644125950
2015-09-07,16050.0,16850.0,16050.0,16650.0,152135.0,2.7777777777777777,585928050,0,1417141700,525153100,75665750,0,2286611700,165945400,2528222850
2015-09-08,16700.0,16850.0,16350.0,16500.0,95345.0,-0.9009009009009009,198354150,739100,1161781700,215059850,509329550,98700,783020850,283485700,1575934800
2015-09-09,16750.0,16950.0,16550.0,16900.0,167846.0,2.4242424242424243,956841500,0,1499005750,351611900,310413950,866874400,1470479200,159691600,2807459150
2015-09-10,16750.0,17600.0,16750.0,17600.0,270376.0,4.142011834319527,1429239850,803200,2323379700,919977750,157196200,514199750,3751528400,250476150,4673400500
2015-09-11,17400.0,17650.0,17300.0,17550.0,118345.0,-0.2840909090909091,587973150,631800,1302564700,181494350,228803700,5567850,1652381000,185911450,2072664000
2015-09-14,17650.0,17750.0,17300.0,17450.0,120682.0,-0.5698005698005698,215245150,0,1594476900,302087650,114300900,5411750,1882439900,109657150,2111809700
2015-09-15,17500.0,17750.0,17300.0,17300.0,114561.0,-0.8595988538681949,109737700,1228500,1717880850,176374150,99173700,0,1764221700,141825800,2005221200
2015-09-16,17400.0,17850.0,17200.0,17650.0,146441.0,2.023121387283237,280193900,133723400,1626559550,541491400,119339250,35700,2267796950,194796350,2581968250
2015-09-17,17900.0,17900.0,17200.0,17200.0,173875.0,-2.5495750708215295,430173400,379500,2228571250,371119300,1039833300,141858900,1750101500,98449750,3030243450
2015-09-18,17250.0,17500.0,17150.0,17500.0,125566.0,1.744186046511628,574820850,0,1053888650,553871600,207667850,0,1828712900,146200350,2182581100
2015-09-21,17300.0,17400.0,17050.0,17100.0,88553.0,-2.2857142857142856,144623050,68400,1337956700,36500400,238865000,0,997700400,282583150,1519148550
2015-09-22,17150.0,17400.0,17150.0,17200.0,94903.0,0.5847953216374269,148923650,619200,1105683300,382194150,117307050,0,1385436600,134676650,1637420300
2015-09-23,16900.0,17100.0,16650.0,16700.0,129070.0,-2.9069767441860463,160133000,0,1957035850,57412650,471306000,0,1480103300,223172200,2174581500
2015-09-24,16650.0,16850.0,16600.0,16750.0,68267.0,0.29940119760479045,77831400,0,965618800,96066050,39379750,0,1017388950,82747550,1139516250
2015-09-25,16800.0,17500.0,16750.0,17500.0,170457.0,4.477611940298507,759203600,33837300,1877159700,255232700,492832750,0,1987577000,445023550,2925433300
2015-09-30,17150.0,17500.0,17100.0,17200.0,84780.0,-1.7142857142857144,61698900,0,1120134350,282789500,202984950,0,841513300,420124500,1464622750
2015-10-01,17100.0,17350.0,17000.0,17100.0,189738.0,-0.5813953488372093,136837050,0,2570823150,546383300,449141850,0,1978065450,826836200,3254043500
2015-10-02,17150.0,17400.0,16850.0,16850.0,154389.0,-1.461988304093567,332623600,18957750,2096934950,177371150,641629050,0,1226545650,757712750,2625887450
2015-10-05,17000.0,17100.0,16500.0,16550.0,185784.0,-1.7804154302670623,64382400,66450000,2677458100,297411500,624525400,0,1899730050,581446550,3105702000
2015-10-06,16400.0,16750.0,16200.0,16300.0,228821.0,-1.5105740181268883,172102950,0,3265754650,308441250,898107600,0,2517970500,330220750,3746298850
2015-10-07,16250.0,16400.0,16200.0,16200.0,116376.0,-0.6134969325153374,170684300,0,1627617650,97900850,652937450,0,1094999650,148265700,1896202800
2015-10-08,16300.0,16400.0,16150.0,16400.0,132580.0,1.2345679012345678,358051450,0,1331098700,469807250,534294750,0,1374842350,249820300,2158957400
2015-10-12,16300.0,17000.0,16300.0,16800.0,224438.0,2.4390243902439024,342752900,217750,2012862550,1408595350,85704350,0,3452420200,226304000,3764428550
2015-10-13,16700.0,17500.0,16700.0,17400.0,304413.0,3.571428571428571,388149900,0,3516785450,1314926650,62888250,17450,4765262100,391694200,5219862000
2015-10-14,17400.0,17400.0,16750.0,16750.0,176692.0,-3.7356321839080464,339192750,34500,2474759900,187652600,815432400,0,1624560050,561647300,3001639750
2015-10-15,16800.0,16950.0,16550.0,16850.0,106381.0,0.5970149253731344,255048100,50400,1068305700,461968800,15706800,0,1396936400,372729800,1785373000
2015-10-16,16850.0,16900.0,16550.0,16600.0,107151.0,-1.483679525222552,146311050,7121250,1605950350,30378450,221969000,0,1016189000,551603100,1789761100
2015-10-19,16600.0,16750.0,16500.0,16650.0,89390.0,0.30120481927710846,163698400,0,1126511350,191986900,267586700,0,932326100,282283850,1482196650
2015-10-20,16650.0,16850.0,16500.0,16750.0,92040.0,0.6006006006006006,143053800,0,1241814850,147270200,52588850,0,1228900900,250649100,1532138850
2015-10-21,16750.0,17100.0,16650.0,16700.0,129508.0,-0.2985074626865672,178364350,0,1862682350,139185400,60077100,0,1691420400,428734600,2180232100
2015-10-22,16650.0,16850.0,16250.0,16400.0,127145.0,-1.7964071856287425,83284650,51191000,1833444200,133478250,214948800,0,1730825050,155624250,2101398100
2015-10-23,16550.0,16700.0,16450.0,16550.0,128467.0,0.9146341463414633,212153550,993000,1531451600,391476800,212452600,0,1521398500,402223850,2136074950
2015-10-26,17150.0,17200.0,16700.0,16700.0,260198.0,0.906344410876133,272229600,42693150,3508447550,576102350,585557450,0,3702630950,111284250,4399472650
2015-10-27,16750.0,17050.0,16650.0,16750.0,148630.0,0.29940119760479045,68293050,33300,2033211250,404103350,300641700,0,1979066600,225932650,2505640950
2015-10-28,16650.0,16800.0,16350.0,16350.0,161174.0,-2.3880597014925375,34411450,10197500,2351490900,256142750,90141050,1335950,2212083950,348681650,2652242600
2015-10-29,16350.0,16550.0,16350.0,16400.0,86444.0,0.3058103975535168,63965050,163500,1144907750,208950850,81121550,0,1117144050,219721550,1417987150
2015-10-30,16450.0,16550.0,16200.0,16300.0,116441.0,-0.6097560975609756,317543200,329000,1375541150,202276950,238334900,0,1312082250,345273150,1895690300
2015-11-02,16250.0,16300.0,16100.0,16150.0,119778.0,-0.9202453987730062,180907500,0,1471588350,282239150,604904800,178200,1029378200,300273800,1934735000
2015-11-03,16300.0,16850.0,16300.0,16850.0,182740.0,4.3343653250774,804524850,0,1444391050,802739100,129947150,0,2768161650,153546200,3051655000
2015-11-04,16800.0,16850.0,16550.0,16750.0,115149.0,-0.5934718100890208,279982600,0,1451387650,190014500,567557350,0,1070485600,283341800,1921384750
2015-11-05,16750.0,16900.0,16500.0,16900.0,111008.0,0.8955223880597015,304302650,10140000,1448972650,95662800,70189450,0,1603325300,185563350,1859078100
2015-11-06,16900.0,16950.0,16400.0,16450.0,143989.0,-2.6627218934911245,219455100,460600,2015402150,150099650,96516250,33900,1871912150,416955200,2385417500
2015-11-09,16450.0,16500.0,16150.0,16300.0,94134.0,-0.911854103343465,178197500,0,1058454150,293168150,132182400,178750,1064275300,333183350,1529819800
2015-11-10,16200.0,16250.0,15850.0,16200.0,140595.0,-0.6134969325153374,520246250,49449200,1363128800,326119650,118080050,453600,1826087200,314323050,2258943900
2015-11-11,16200.0,16550.0,16200.0,16250.0,86437.0,0.30864197530864196,249493900,178750,925452700,236210550,94915750,0,1158206850,158213300,1411335900
2015-11-12,16200.0,16550.0,16150.0,16550.0,69435.0,1.8461538461538463,158495600,0,802410850,174217800,87299750,6393400,968546800,72884300,1135124250
2015-11-13,16200.0,16500.0,16200.0,16300.0,77419.0,-1.5105740181268883,67791150,5102350,962896450,228251150,94060550,16250000,965958700,187771850,1264041100
2015-11-16,16100.0,16250.0,15900.0,15950.0,111631.0,-2.147239263803681,79169000,16050000,1404915800,285513050,151446650,0,1418765050,215436150,1785647850
2015-11-17,16050.0,16200.0,15900.0,16000.0,100229.0,0.3134796238244514,95447300,159500,1332920950,176880350,467077300,0,981506350,156824450,1605408100
2015-11-18,16050.0,16150.0,15800.0,15900.0,109358.0,-0.625,304994950,0,1344909400,91796900,248112400,160000,1314891700,178537150,1741701250
2015-11-19,16000.0,16100.0,15900.0,15900.0,85338.0,0.0,35709550,0,1258790250,67717050,27500950,3520000,1276235350,54960550,1362216850
2015-11-20,15950.0,16000.0,15800.0,15850.0,118977.0,-0.3144654088050315,211568150,0,1408524600,269919600,133577450,0,1721508750,34926150,1890012350
2015-11-23,16000.0,16200.0,15850.0,16100.0,175080.0,1.5772870662460567,133201450,0,2490615500,183351900,52708300,15900000,2629133750,109426800,2807168850
2015-11-24,16100.0,16600.0,16100.0,16400.0,232069.0,1.8633540372670807,75134100,0,3438111250,294274850,63811000,8323150,3569118150,166267900,3807520200
2015-11-25,16400.0,16450.0,16100.0,16250.0,88245.0,-0.9146341463414633,62761900,0,1303959800,63224400,280412400,0,926217350,223316350,1429946100
2015-11-26,16300.0,16450.0,16100.0,16200.0,151141.0,-0.3076923076923077,424656800,0,1823882400,215355400,3152050,178200,2317083500,143480850,2463894600
2015-11-27,16200.0,16550.0,16100.0,16450.0,255451.0,1.5432098765432098,1355167550,0,2202102800,620775000,11812250,165000,3921969550,244098550,4178045350
2015-11-30,16450.0,16800.0,16300.0,16650.0,339385.0,1.21580547112462,2310771650,466200,2709853300,627532400,224553500,83750,4602458600,821527700,5648623550
2015-12-01,16600.0,16750.0,16500.0,16500.0,150833.0,-0.9009009009009009,622707950,0,1584572050,293649050,274139050,0,1717206200,509583800,2500929050
2015-12-02,16550.0,16900.0,16400.0,16800.0,225910.0,1.8181818181818181,456973550,21322000,2594389350,690054050,51971000,1670000,3386188850,322909100,3762738950
2015-12-03,16800.0,16800.0,16350.0,16700.0,142371.0,-0.5952380952380952,530317850,5092350,1588494750,233979150,129824800,16500000,1903275750,308283550,2357884100
2015-12-04,16550.0,16800.0,16500.0,16650.0,97000.0,-0.29940119760479045,437716250,0,900654000,275401000,53908100,83000,1357543750,202236400,1613771250
2015-12-07,16650.0,16750.0,16400.0,16450.0,125044.0,-1.2012012012012012,613244950,246750,1123679300,335640500,42506300,1058700,1609705700,419540800,2072811500
2015-12-08,16400.0,16700.0,15900.0,16000.0,183371.0,-2.735562310030395,219258400,487850,2259566800,484188950,16914250,33048000,2447539100,466000650,2963502000
2015-12-09,16100.0,16150.0,15950.0,16100.0,93784.0,0.625,155050400,0,1111600250,237243050,74916450,14126250,1179658950,235192050,1503893700
2015-12-10,16100.0,16250.0,15750.0,15800.0,135087.0,-1.8633540372670807,408416350,3065200,1515863250,223538300,136462150,161000,1572206000,442053950,2150883100
2015-12-11,16000.0,16050.0,15800.0,15850.0,95350.0,0.31645569620253167,308899900,0,876470400,328452000,23450000,160000,1390731400,99480900,1513822300
2015-12-14,15650.0,15650.0,14850.0,14850.0,267037.0,-6.309148264984227,449921150,150000,3457886850,120817150,250553350,15477500,3630628200,132116100,4028775150
2015-12-15,14600.0,15050.0,14600.0,15000.0,100083.0,1.0101010101010102,417407750,0,879627500,194511700,214523750,0,1187283700,89739500,1491546950
2015-12-16,15050.0,15400.0,14950.0,14950.0,182625.0,-0.33333333333333337,522643850,0,1790031950,447058250,818852000,0,1813839800,127042250,2759734050
2015-12-17,14950.0,15300.0,14950.0,15200.0,112104.0,1.6722408026755853,126045100,0,1077416550,489909700,10091450,0,1572240250,111039650,1693371350
2015-12-18,15400.0,15850.0,15250.0,15700.0,167687.0,3.289473684210526,176234900,55300000,1794587200,590725650,37365500,0,2197854100,381628150,2616847750
2015-12-21,15650.0,15750.0,15250.0,15500.0,74577.0,-1.2738853503184715,187672250,0,691326250,274958300,63375850,0,948595500,141985450,1153956800
2015-12-22,15450.0,15550.0,15350.0,15500.0,74214.0,0.0,37815300,0,909561700,199074350,48474700,0,808318250,289658400,1146451350
2015-12-23,15450.0,15750.0,15400.0,15550.0,95521.0,0.3225806451612903,388016950,0,776637350,323319400,65610200,0,1171116050,251247450,1487973700
2015-12-24,15650.0,15700.0,15450.0,15650.0,85600.0,0.6430868167202572,454744700,0,662942650,217042750,67661850,0,1071238050,195830200,1334730100
2015-12-28,15500.0,15550.0,14950.0,15000.0,175074.0,-4.15335463258786,168765400,475700,2244369700,242515400,886902000,0,1428927400,340296800,2656126200
2015-12-29,14900.0,15200.0,14800.0,14950.0,95509.0,-0.33333333333333337,15679800,10797500,1197447900,203041300,384390400,22425000,851572350,168578750,1426966500
2015-12-30,14950.0,15050.0,14650.0,14650.0,167951.0,-2.0066889632107023,66405100,16185000,2279678100,115988550,722727300,0,1442303800,313225650,2478256750
2016-01-04,14650.0,14700.0,14000.0,14050.0,215350.0,-4.09556313993174,16418450,2115000,2694559850,368653050,965292250,29150,1720726400,395698550,3081746350
2016-01-05,13850.0,14250.0,13850.0,14050.0,149160.0,0.0,300993350,141000,1379266500,419961900,472803300,253950,1201581700,425723800,2100362750
2016-01-06,14100.0,14200.0,13650.0,13800.0,212023.0,-1.7793594306049825,116564100,4140000,2421848400,396180100,387830550,111800,1945041850,605748400,2938732600
2016-01-07,13650.0,13950.0,13400.0,13500.0,176904.0,-2.1739130434782608,167744800,682500,1982734400,253114550,355714400,82100,1800819200,247660550,2404276250
2016-01-08,13400.0,13600.0,13300.0,13450.0,168787.0,-0.3703703703703704,92516150,134500,1912280800,254932950,269712000,175350,1733844550,256132500,2259864400
2016-01-11,13450.0,13500.0,13100.0,13200.0,138217.0,-1.858736059479554,176757150,0,1500176300,151468400,139515250,78727350,1459546200,150613050,1828401850
2016-01-12,13250.0,13350.0,12850.0,12950.0,147422.0,-1.893939393939394,66748900,0,1695243700,160739000,129280550,31173450,1429498200,332779400,1922731600
2016-01-13,13000.0,13250.0,12850.0,13100.0,176437.0,1.1583011583011582,71414400,0,1939442350,300088550,583485950,91650,1650511250,76856450,2310945300
2016-01-14,12900.0,13000.0,12650.0,12850.0,141573.0,-1.9083969465648856,96683700,0,1547459300,167528000,370455500,0,1081865100,359350400,1811671000
2016-01-15,13000.0,13150.0,12300.0,12350.0,262385.0,-3.8910505836575875,269842400,0,2548761850,485143450,641001200,26150,2257277200,405443150,3303747700
2016-01-18,12050.0,12300.0,12000.0,12150.0,258011.0,-1.6194331983805668,358814650,0,1826914550,933014100,1163183900,72900,1755984000,199502500,3118743300
2016-01-19,12150.0,12200.0,11150.0,11400.0,463700.0,-6.172839506172839,263859300,91100000,4362483750,596092200,821890450,413000,4111981900,379249900,5313535250
2016-01-20,11500.0,11600.0,10800.0,10900.0,344863.0,-4.385964912280701,61734700,0,2851065250,901078100,923291900,530300,2578359950,311695900,3813878050
2016-01-21,10950.0,11400.0,10850.0,11000.0,320661.0,0.9174311926605505,180972700,1705000,2782281900,593610250,790844800,93715750,2319850550,354158750,3558569850
2016-01-22,11600.0,14250.0,11450.0,12600.0,3159747.0,14.545454545454545,837999700,53704550,39374199250,1542792750,1843101850,55355650,38088082950,1822155800,41808696250
2016-01-25,12600.0,12650.0,12050.0,12250.0,414935.0,-2.7777777777777777,409763450,0,4097835050,592246400,113390000,0,4659755300,326699600,5099844900
2016-01-26,12350.0,12600.0,12150.0,12250.0,277079.0,0.0,295779250,1090100,2910835850,200452100,42389950,0,2903255500,462511850,3408157300
2016-01-27,12350.0,12550.0,12250.0,12350.0,238951.0,0.8163265306122449,268230350,49947200,2278298000,361588200,187854850,0,2299076550,471132350,2958063750
2016-01-28,12400.0,12600.0,12100.0,12200.0,229738.0,-1.214574898785425,118300100,0,2329441650,371850800,261762750,0,2128186700,429643100,2819592550
2016-01-29,12200.0,12300.0,11950.0,12150.0,228851.0,-0.4098360655737705,27707100,0,2029381950,714424450,249382050,0,2209157450,312974000,2771513500
2016-02-01,11400.0,12150.0,11150.0,12100.0,440244.0,-0.411522633744856,528160950,11800,3848935000,743329250,31885450,54372500,4541923600,492255450,5120437000
2016-02-02,12200.0,12400.0,11850.0,11950.0,236681.0,-1.2396694214876034,354973350,615000,2384606200,114409100,128723850,609450,1124253400,1601016950,2854603650
2016-02-03,11900.0,12600.0,11750.0,12100.0,336272.0,1.2552301255230125,561073050,0,3180616900,366530550,269797800,0,2857921000,980501700,4108220500
2016-02-04,12450.0,13850.0,12450.0,13100.0,1036571.0,8.264462809917356,1462388600,0,11487262850,842390150,340291850,13450,12254752800,1196983500,13792041600
2016-02-05,13200.0,14100.0,13100.0,13250.0,540404.0,1.1450381679389312,309327500,13413900,6579680350,399912750,139478350,1727000,6077054500,1084074650,7302334500
2016-02-11,12800.0,13050.0,12600.0,12950.0,241026.0,-2.2641509433962264,432108050,0,1790430650,868258600,88326550,0,2801244200,201226550,3090797300
2016-02-12,12900.0,13250.0,12600.0,12800.0,299393.0,-1.1583011583011582,848720850,0,2566446300,424076100,419500300,76850,2676273700,743392400,3839243250
2016-02-15,12850.0,13400.0,12850.0,13300.0,212656.0,3.90625,488010750,100375100,1547147150,663335150,170233350,0,2207732050,420902750,2798868150
2016-02-16,13500.0,13500.0,13050.0,13300.0,180362.0,0.0,338366850,200419000,1465152300,394124500,215042650,53500,1379779550,803186950,2398062650
2016-02-17,13300.0,13700.0,12850.0,13400.0,198869.0,0.7518796992481203,382255550,56747450,1839896350,381936650,452969950,27050,1879266500,328572500,2660836000
2016-02-18,13650.0,13700.0,13100.0,13150.0,191209.0,-1.8656716417910446,431255300,397500,1846710950,274029400,645285300,13550,1531891100,375203200,2552393150
2016-02-19,13250.0,13250.0,13000.0,13050.0,136495.0,-0.7604562737642585,368677400,0,975037000,441533250,419738550,0,1163413450,202095650,1785247650
2016-02-22,13000.0,13350.0,13000.0,13300.0,120908.0,1.9157088122605364,395816450,0,1013730950,192259950,173146300,798000,1113903600,313959450,1601807350
2016-02-23,13300.0,13500.0,13150.0,13300.0,86918.0,0.0,323538100,0,745757500,87318900,97314500,13500000,653926700,391873300,1156614500
2016-02-24,13350.0,13650.0,13200.0,13550.0,135314.0,1.8796992481203008,684185650,542000,985464450,154962050,24690950,13600,1375423550,425026050,1825154150
2016-02-25,13600.0,13700.0,13400.0,13550.0,122247.0,0.0,446907700,541400,1089546950,120249950,33950750,0,1213416150,409879100,1657246000
2016-02-26,13700.0,14350.0,13550.0,14300.0,311280.0,5.535055350553505,542200900,133000000,3384314750,295551350,216498750,2261800,3304621000,831685450,4355067000
2016-02-29,14500.0,15100.0,14400.0,14750.0,457350.0,3.146853146853147,444040350,988250,5653702050,658374750,422084000,12100850,5206871700,1116048850,6757105400
2016-03-02,14900.0,15500.0,14750.0,15100.0,432490.0,2.3728813559322033,1231830800,53326900,4633795950,644247900,188357350,3918350,6016370050,354555800,6563201550
2016-03-03,15100.0,15950.0,15100.0,15800.0,321575.0,4.635761589403973,424813350,24860000,4178843950,394090550,156246050,33050500,4385415750,447895550,5022607850
2016-03-04,16050.0,16050.0,15200.0,15850.0,310843.0,0.31645569620253167,908022600,934000,3420746500,520100800,228382900,327743350,3886073700,407603950,4849803900
2016-03-07,16000.0,16100.0,15450.0,15700.0,170633.0,-0.9463722397476341,417162100,314000,1945372750,314837900,288973050,15700,2231756300,156941700,2677686750
2016-03-08,15550.0,15950.0,15500.0,15850.0,145494.0,0.9554140127388535,363285800,0,1640789500,286907650,287345550,5512500,1798082550,200042350,2290982950
2016-03-09,15900.0,15950.0,15450.0,15750.0,154533.0,-0.6309148264984227,259013250,78500000,1843147650,247052200,400002500,110650,1886530000,141069950,2427713100
2016-03-10,15800.0,16000.0,15550.0,16000.0,193646.0,1.5873015873015872,418511250,6424600,1474327000,1174471600,673762650,15979500,2349591750,34400550,3073734450
2016-03-11,16150.0,16450.0,15700.0,15950.0,241798.0,-0.3125,724565600,636750,2861895700,296986850,246737400,33295000,3125428250,478624250,3884084900
2016-03-14,16150.0,16250.0,15800.0,15900.0,119092.0,-0.3134796238244514,336084150,0,1434381200,132339700,170007750,11098200,1213480750,508218350,1902805050
2016-03-15,16100.0,16500.0,15950.0,16400.0,196751.0,3.1446540880503147,852598100,64255500,1653248550,632502800,220577600,179000,2650972100,330876250,3202604950
2016-03-16,16400.0,16900.0,16400.0,16750.0,243434.0,2.1341463414634148,713713450,33300000,2769581150,535820300,85287150,66624350,3159986750,740516650,4052414900
2016-03-17,16900.0,17000.0,16350.0,16550.0,260217.0,-1.1940298507462688,778877950,67080200,3093677850,404696750,441813750,15165000,3216111750,671242250,4344332750
2016-03-18,16700.0,16900.0,16400.0,16450.0,198000.0,-0.6042296072507553,623437500,1135600,2000061850,659109300,475362200,0,2235063100,573318950,3283744250
2016-03-21,16450.0,16450.0,15500.0,16000.0,325659.0,-2.735562310030395,443365400,164000,3734361650,1005898650,529556300,0,4094798450,559434950,5183789700
2016-03-22,16100.0,16750.0,15850.0,16450.0,164693.0,2.8125,644039600,0,1429193500,628039200,87290750,0,2138642950,475338600,2701272300
2016-03-23,16500.0,16700.0,16250.0,16500.0,166543.0,0.303951367781155,605856850,5801000,973184550,1169542550,199399400,0,2166459050,388526500,2754384950
2016-03-24,16500.0,16600.0,16250.0,16350.0,116827.0,-0.9090909090909091,527543550,0,974918200,416489450,292111000,248495000,979127800,399217400,1918951200
2016-03-25,16450.0,16550.0,16100.0,16200.0,128417.0,-0.9174311926605505,901517100,245250,1159739200,30741550,558996650,0,1069782000,463464450,2092243100
2016-03-28,16200.0,16400.0,16050.0,16200.0,118738.0,0.0,840778500,0,996871200,86240600,353428150,0,1155302600,415159550,1923890300
2016-03-29,16150.0,16500.0,16150.0,16250.0,153701.0,0.30864197530864196,1195303600,161500,1123464350,180941800,697738250,0,1133552450,668580550,2499871250
2016-03-30,16350.0,17000.0,16250.0,17000.0,239342.0,4.615384615384616,1610559750,50016500,1975423450,386556000,92673250,10170000,3691358450,228354000,4022555700
2016-03-31,17050.0,17400.0,16850.0,17350.0,260187.0,2.0588235294117645,1303153400,1207500,2911329750,279911950,162483350,814200,3782588250,549716800,4495602600
2016-04-01,17450.0,17500.0,17050.0,17150.0,185334.0,-1.1527377521613833,963956300,463050,2045220000,196833150,171694850,2853750,2245996700,785927200,3206472500
2016-04-04,17200.0,17250.0,16800.0,16800.0,118180.0,-2.0408163265306123,283952400,1166750,1460531100,257536200,360712900,0,1456459150,186014400,2003186450
2016-04-05,16700.0,17000.0,16250.0,16900.0,163117.0,0.5952380952380952,442917600,0,1936634500,329360300,280668950,0,1886405450,541838000,2708912400
2016-04-06,16900.0,17000.0,16500.0,16650.0,101054.0,-1.4792899408284024,486832200,166000,1075985200,125487750,398147950,0,1037251100,253072100,1688471150
2016-04-07,16700.0,16850.0,16500.0,16600.0,90497.0,-0.3003003003003003,464390500,598800,755628700,287546700,273917400,4162500,1091288350,138796450,1508164700
2016-04-08,16600.0,16850.0,16200.0,16650.0,120306.0,0.30120481927710846,523749850,276950,1146893800,319988000,387072650,4911750,1325453450,273470750,1990908600
2016-04-11,16650.0,17200.0,16650.0,17000.0,129935.0,2.1021021021021022,297644550,0,1444033300,461557600,209524500,0,1567708550,426002400,2203235450
2016-04-12,17000.0,17500.0,17000.0,17400.0,218415.0,2.3529411764705883,800223350,260250,1868003100,1116423800,153200100,51450,3217561950,414097000,3784910500
2016-04-14,17050.0,17700.0,17050.0,17700.0,195597.0,1.7241379310344827,925813250,193750000,1368177950,953597950,315166000,3887150,2751575250,370710750,3441339150
2016-04-15,17600.0,18350.0,17550.0,18200.0,310592.0,2.824858757062147,1423563600,320112600,3042149350,812696650,104110400,2288150,5020952550,471171100,5598522200
2016-04-18,18400.0,18550.0,17800.0,18100.0,252538.0,-0.5494505494505495,740959200,23890250,3454593200,366110700,328719500,0,3349913950,906919900,4585553350
2016-04-19,18400.0,18500.0,18100.0,18250.0,245048.0,0.8287292817679558,656365700,113090700,1944731450,1783280550,565039650,55350,3536727100,395646300,4497468400
2016-04-20,18300.0,18350.0,17550.0,17650.0,256637.0,-3.287671232876712,437893750,72171550,3494178800,581400600,1441802800,58872700,2486946000,598023200,4585644700
2016-04-21,17650.0,17800.0,17200.0,17700.0,210014.0,0.28328611898017,552267450,138671000,2304397050,686186050,984589850,0,2623978000,72953700,3681521550
2016-04-22,17450.0,17850.0,17250.0,17400.0,226322.0,-1.694915254237288,459059400,31821350,2896212400,564722600,1003100000,0,2683056250,265659500,3951815750
2016-04-25,17900.0,18000.0,17250.0,17250.0,290661.0,-0.8620689655172413,519495550,42762050,3439689000,1098829350,524449900,952000,3549830100,1025543950,5100775950
2016-04-26,17300.0,18150.0,17300.0,18000.0,392268.0,4.3478260869565215,2312574900,17550,3189362100,1478005400,777046750,163032500,5481201200,558679500,6979959950
2016-04-27,18050.0,18200.0,17550.0,18000.0,281966.0,0.0,1147096750,9899650,2035858850,1868681700,226741800,0,4651761000,183034150,5061536950
2016-04-28,18000.0,18400.0,17850.0,18300.0,294604.0,1.6666666666666667,2817028550,78444350,1915389350,553644050,137905750,162600,5065539150,160898800,5364506300
2016-04-29,18350.0,18350.0,17850.0,17950.0,140003.0,-1.912568306010929,538002900,0,1395812450,585640800,284661100,0,1516252200,718542850,2519456150
2016-05-02,17900.0,17900.0,17600.0,17750.0,99783.0,-1.1142061281337048,294812600,1416000,1182703150,291217000,178307000,266250,1270954800,320620700,1770148750
2016-05-03,18500.0,18600.0,18050.0,18150.0,246700.0,2.2535211267605635,890348850,0,2898778350,721250000,484006350,36500,3462185150,564149200,4510377200
2016-05-04,18400.0,18500.0,17450.0,17450.0,235467.0,-3.8567493112947657,344573300,63094950,3192895500,613050500,930611000,47442800,2809114300,426446150,4213614250
2016-05-09,17450.0,17750.0,16950.0,17100.0,181658.0,-2.005730659025788,493211700,83829800,1617835300,959259350,555830550,35100,2003428750,594841750,3154136150
2016-05-10,16900.0,17200.0,16650.0,17050.0,183259.0,-0.29239766081871343,168507700,42753950,1866877750,1015293750,184702550,16771750,2020214500,871744350,3093433150
2016-05-11,17100.0,17150.0,16250.0,16450.0,286213.0,-3.519061583577713,264203600,132150000,3516984300,800173800,964092400,34080900,2608676350,1106662050,4713511700
2016-05-12,16400.0,16700.0,16350.0,16400.0,164315.0,-0.303951367781155,212290100,0,1527641300,970555000,1083040200,16566600,1078641200,532238400,2710486400
2016-05-13,16450.0,16800.0,16450.0,16700.0,90969.0,1.8292682926829267,94174350,0,982658950,439815050,184715400,4542400,1030049550,297341000,1516648350
2016-05-16,16700.0,16950.0,16400.0,16750.0,114271.0,0.29940119760479045,332756750,2985600,1279895800,294242550,35450900,33700,868120400,1006275700,1909880700
2016-05-17,16750.0,16900.0,16400.0,16500.0,98085.0,-1.4925373134328357,413845800,119925200,939761500,148231600,108292200,0,760712450,752759450,1621764100
2016-05-18,16500.0,16700.0,16300.0,16500.0,131796.0,0.0,276957500,62334800,1130896450,700486200,299383100,49600,1301045450,570196800,2170674950
2016-05-19,16400.0,16650.0,16150.0,16250.0,127426.0,-1.5151515151515151,451224300,816000,1348657650,282711700,865317150,16500,836255000,381821000,2083409650
2016-05-20,16600.0,17300.0,16250.0,16800.0,299715.0,3.3846153846153846,427269900,100500,3298544900,1310689550,438169750,33693700,3958139950,606601450,5036604850
2016-05-23,17350.0,17350.0,16900.0,16950.0,116238.0,0.8928571428571428,236195700,1322100,1358531200,387526250,276988500,8559150,1228549900,469477700,1983575250
2016-05-24,17050.0,17200.0,16650.0,16900.0,98113.0,-0.2949852507374631,287537100,924750,747092000,627210100,172195500,17050,1271299000,219252400,1662763950
2016-05-25,17000.0,17450.0,16900.0,17100.0,144491.0,1.183431952662722,363252350,56228600,1566528950,498597300,147232000,17000,2019970300,317387900,2484607200
2016-05-26,16950.0,17350.0,16950.0,17250.0,91752.0,0.8771929824561403,294624850,0,796427200,486308750,178310800,34450,1177863500,221152050,1577360800
2016-05-27,17400.0,17500.0,17050.0,17100.0,75850.0,-0.8695652173913043,289705650,0,662193900,354085650,122304800,17250,769078350,414584800,1305985200
2016-05-30,16850.0,17100.0,16650.0,17100.0,97007.0,0.0,421923550,0,757551800,461115700,203215900,17000,920968650,516389500,1640591050
2016-05-31,16900.0,17450.0,16900.0,17450.0,148438.0,2.046783625730994,467445100,0,493892600,1609020800,214529100,17400,1159671050,1196140950,2570358500
2016-06-01,17250.0,17400.0,16850.0,17150.0,125858.0,-1.7191977077363898,483369350,2043000,944498650,718148200,801535100,882200,874970850,470671050,2148059200
2016-06-02,17050.0,17300.0,16900.0,17000.0,91575.0,-0.8746355685131195,578059800,3572000,422147750,567402950,349374700,17300,1071988750,149801750,1571182500
2016-06-03,17100.0,17350.0,16950.0,17350.0,95235.0,2.0588235294117645,541498000,0,336751350,764574400,118581900,17200,1485473300,38751350,1642823750
2016-06-07,17350.0,17450.0,17150.0,17250.0,109036.0,-0.5763688760806917,473678350,1374000,830794900,572833350,570293800,52000,751099450,557235350,1878680600
2016-06-08,17350.0,17700.0,17300.0,17650.0,160977.0,2.318840579710145,680618600,0,1150435000,984855150,468510250,17450,2272947600,74433450,2815908750
2016-06-09,17800.0,18000.0,17550.0,18000.0,286136.0,1.9830028328611897,1934521550,0,1520885500,1663329100,1443595850,17387650,3208827450,448925200,5118736150
2016-06-10,18050.0,18200.0,17900.0,18000.0,127056.0,0.0,675162350,0,984640900,635435400,238770800,18100,1824276700,232173050,2295238650
2016-06-13,18000.0,18200.0,17700.0,18000.0,129865.0,0.0,620775150,17835700,1016727900,680992050,157970050,197450,1742528600,435634700,2336330800
2016-06-14,18050.0,18200.0,17700.0,17850.0,115414.0,-0.8333333333333334,258598100,17950,981344400,824906150,391625950,0,978050150,695190500,2064866600
2016-06-15,17750.0,17900.0,17150.0,17200.0,129513.0,-3.6414565826330536,105070200,3598950,1714518600,427336050,767589150,82913250,1237068100,162953300,2250523800
2016-06-16,17200.0,17350.0,17000.0,17100.0,79948.0,-0.5813953488372093,365449650,377200,682893100,317822600,321739450,51300,889060750,155691050,1366542550
2016-06-17,17300.0,17550.0,17000.0,17200.0,106809.0,0.5847953216374269,223071900,751350,1304260000,310896750,430987650,0,1089298750,318693600,1838980000
2016-06-20,17400.0,20350.0,17400.0,18350.0,1801907.0,6.686046511627906,617584850,66041400,32097784700,1236824950,3197045000,263028450,28538885200,2019277250,34018235900
2016-06-21,19100.0,19150.0,18150.0,18300.0,675393.0,-0.2724795640326975,565957100,366250,10903163300,1090950750,646996950,238600,11020866150,892335700,12560437400
2016-06-22,18400.0,18600.0,18150.0,18150.0,333658.0,-0.819672131147541,449321750,36761750,4072835100,1573401950,326580900,18450,5538888350,266832850,6132320550
2016-06-23,18050.0,18700.0,17900.0,18350.0,298253.0,1.1019283746556474,922630800,2545600,3542588850,1004434650,355329550,92338650,4359066650,665465050,5472199900
2016-06-24,17400.0,18350.0,17100.0,17400.0,867855.0,-5.177111716621254,2789990950,1827000,8808678600,3692684600,718131850,15721950,12448320250,2111007100,15293181150
2016-06-27,17200.0,17950.0,17150.0,17900.0,260561.0,2.8735632183908044,1366661000,3158700,2640376350,605565250,249889100,53300,3843466250,522352650,4615761300
2016-06-28,17550.0,18200.0,17500.0,18050.0,206873.0,0.8379888268156425,1119184400,14502700,2235261350,341747200,339174450,216200,3030118950,341186050,3710695650
2016-06-29,18150.0,18450.0,17900.0,18250.0,201429.0,1.10803324099723,156904800,2001000,2909162050,609850500,279340600,581000,3152687950,245308800,3677918350
2016-06-30,18350.0,18550.0,17850.0,17850.0,180155.0,-2.191780821917808,5905150,21089400,2910597200,338292650,562790500,3098400,2354036000,355959500,3275884400
2016-07-01,17950.0,18350.0,17950.0,18100.0,111661.0,1.400560224089636,115562250,2894000,1349026550,556151600,218609150,2184050,1487842000,314999200,2023634400
2016-07-04,17900.0,18400.0,17900.0,18300.0,123084.0,1.1049723756906076,411143800,0,1440922950,399301250,159415300,28641350,1920025100,143286250,2251368000
2016-07-05,18350.0,18950.0,18350.0,18600.0,272455.0,1.639344262295082,201526300,99944200,4113582050,670944750,193672300,316617750,4067739050,507968200,5085997300
2016-07-06,18750.0,18800.0,18100.0,18350.0,232959.0,-1.3440860215053763,478628700,18455200,3075508950,729375650,442664100,536815650,2580381650,742107100,4301968500
2016-07-07,18450.0,18450.0,18050.0,18150.0,180834.0,-1.08991825613079,108775600,78270000,2390810200,718006500,467813750,132130000,2196028550,499890000,3295862300
2016-07-08,18150.0,18750.0,17700.0,18350.0,582569.0,1.1019283746556474,433273400,19074550,8273548950,1856149450,2466808200,160214300,6854501950,1100521900,10582046350
2016-07-11,18700.0,18700.0,18200.0,18450.0,166258.0,0.544959128065395,740630200,100076800,1926024400,297216500,173471600,37000000,2681449400,172026900,3063947900
2016-07-12,18500.0,18650.0,18350.0,18400.0,110794.0,-0.27100271002710025,352532050,0,1154967200,542190300,71991350,55500,1636588850,341053850,2049689550
2016-07-13,18550.0,18600.0,18450.0,18450.0,123263.0,0.2717391304347826,278900650,0,1122873150,880276200,297516850,83350000,1550553350,350629800,2282050000
2016-07-14,18400.0,18750.0,18400.0,18500.0,115878.0,0.27100271002710025,369452600,37575150,1282668000,461252850,150208100,27825000,1718498350,254417150,2150948600
2016-07-15,18650.0,18700.0,18400.0,18500.0,143901.0,0.0,451394250,1543800,1235897750,987135100,349509200,130300000,1705244150,490917550,2675970900
2016-07-18,18550.0,18950.0,18550.0,18900.0,206243.0,2.1621621621621623,494002050,491400,2110916500,1277190400,187127850,226300000,3060010300,409162200,3882600350
2016-07-19,19000.0,19800.0,18950.0,19800.0,567661.0,4.761904761904762,782635800,15329400,7198906450,3086074000,323698350,158169950,9926090300,674987050,11082945650
2016-07-20,19700.0,20000.0,19500.0,19700.0,223410.0,-0.5050505050505051,324767650,861100,3416679700,666916850,185830150,677050,3689710450,533007650,4409225300
2016-07-21,20000.0,20500.0,19800.0,20400.0,433022.0,3.5532994923857872,1213827300,13128700,4982529550,2555310300,32254300,191380250,8303512300,237649000,8764795850
2016-07-22,20250.0,20700.0,20250.0,20350.0,255942.0,-0.24509803921568626,775157250,3730100,3109872000,1365526250,99670000,96401800,4572906100,485307700,5254285600
2016-07-25,20550.0,20600.0,19850.0,20100.0,178776.0,-1.2285012285012284,175372550,28069900,2566120850,829458950,213156650,20050,3009998250,375847300,3599022250
2016-07-26,20000.0,20550.0,20000.0,20200.0,183371.0,0.4975124378109453,452029850,0,1650014000,1623277900,676641950,11899250,2974238550,62542000,3725321750
2016-07-27,20100.0,21500.0,20050.0,21400.0,736833.0,5.9405940594059405,2807599700,10675000,8539537100,4243420750,181121250,282876350,14826282800,310952150,15601232550
2016-07-28,21350.0,21550.0,20950.0,21500.0,307853.0,0.46728971962616817,239765950,13060850,4051283750,2240383350,249510800,214938850,5242647000,837397250,6544493900
2016-07-29,21550.0,21800.0,20950.0,21300.0,325728.0,-0.9302325581395349,825154850,529950,4545118150,1572230000,1525124300,693600,4591546650,825668400,6943032950
2016-08-01,21300.0,21400.0,20200.0,20250.0,446864.0,-4.929577464788732,310800050,760000,6832499400,2078879700,491165350,3645000,6076416150,2651712650,9222939150
2016-08-02,20350.0,20500.0,20150.0,20400.0,287901.0,0.7407407407407408,568890950,141900,3264564550,2018882400,233345300,0,3055382500,2563752000,5852479800
2016-08-03,20100.0,20600.0,19950.0,20500.0,215331.0,0.49019607843137253,64055450,101100,2208256250,2100103050,342280650,4070600,3335491000,690673600,4372515850
2016-08-04,20500.0,20850.0,20400.0,20700.0,167570.0,0.975609756097561,380865900,64480000,1936840850,1082077650,161514750,1425550,2576882400,724441700,3464264400
2016-08-05,20750.0,21650.0,20750.0,21500.0,359306.0,3.864734299516908,676564900,5662400,4624273750,2386161650,213175500,77549600,6957871600,444066000,7692662700
2016-08-08,21550.0,21700.0,21150.0,21200.0,176405.0,-1.3953488372093024,414913950,533300,2808490750,551562650,123167300,107769650,2628015950,916547750,3775500650
2016-08-09,21250.0,22300.0,21200.0,22050.0,483546.0,4.009433962264151,2430390000,11310900,5784301750,2348955700,98551750,110831950,9086918400,1278656250,10574958350
2016-08-10,22050.0,22450.0,21950.0,22100.0,305676.0,0.22675736961451248,944979700,66900,4118715650,1748605200,235134200,88386500,5625629300,863217450,6812367450
2016-08-11,22200.0,22800.0,22150.0,22750.0,381962.0,2.941176470588235,1019925350,4925250,3838605750,3767237250,379729950,1922103850,5665143700,663716100,8630693600
2016-08-12,22900.0,22950.0,22300.0,22850.0,276969.0,0.43956043956043955,1277797000,45050,4091547850,921699500,499861050,368054850,4612032800,811140700,6291089400
2016-08-16,22900.0,23350.0,22700.0,23050.0,277429.0,0.87527352297593,716741000,160450,3781589350,1910658950,139128050,121360450,5232450500,916210750,6409149750
2016-08-17,23050.0,23400.0,22150.0,22500.0,402113.0,-2.386117136659436,773157000,4505450,5794072200,2487693900,840134200,348447400,5433315200,2437531750,9059428550
2016-08-18,22900.0,24000.0,22800.0,23850.0,1068880.0,6.0,4943811250,24499750,14341601900,5894982650,1411959150,519605100,21174749100,2098582200,25204895550
2016-08-19,24250.0,25000.0,23800.0,23850.0,1047064.0,0.0,1890607750,1866250,18874232750,4812866550,2496346100,103174600,18521102550,4458950050,25579573300
2016-08-22,23800.0,24450.0,23300.0,24000.0,445202.0,0.628930817610063,1291810000,469600,6439117200,2855717900,1260409400,9652700,7105394700,2211657900,10587114700
2016-08-23,24100.0,24100.0,23150.0,23450.0,392161.0,-2.2916666666666665,546555550,50183250,7614339550,1005253950,734205350,122824100,6956847350,1402455500,9216332300
2016-08-24,23550.0,24000.0,23350.0,23950.0,264282.0,2.1321961620469083,1875453150,0,3243087100,1164975850,482109350,548350,5295027800,505830600,6283516100
2016-08-25,24050.0,24350.0,23500.0,23800.0,219601.0,-0.6263048016701461,1398885400,166600,2979901250,867700800,147291950,19562750,4032464650,1047334700,5246654050
2016-08-26,23550.0,23750.0,22950.0,23150.0,302788.0,-2.73109243697479,504521200,115250000,5373200500,1020317100,1172462300,277900,4722319150,1118229450,7013288800
2016-08-29,22800.0,23100.0,22500.0,23000.0,214726.0,-0.6479481641468683,294313500,0,3043381850,1565393150,997158750,114637300,3575122100,216170350,4903088500
2016-08-30,23000.0,23500.0,22850.0,23050.0,163194.0,0.21739130434782608,534877000,13639150,2772901550,451550500,364492950,645950,2758704550,649124750,3772968200
2016-08-31,23000.0,24200.0,22750.0,23950.0,422373.0,3.9045553145336225,2805510650,0,4640624750,2533132850,738441950,118643650,7635396400,1486786250,9979268250
2016-09-01,23900.0,24000.0,23400.0,23750.0,189219.0,-0.8350730688935281,318075750,0,2745104400,1427435750,460850050,260950,2503055500,1526449400,4490615900
2016-09-02,23700.0,23850.0,23150.0,23300.0,179924.0,-1.8947368421052633,570794600,0,2823531350,806057400,814124000,93550,2417013000,969152800,4200383350
2016-09-05,23300.0,23900.0,23100.0,23600.0,173244.0,1.2875536480686696,1099957650,1510100,1968726350,1012014600,268631600,11138300,3143902650,658536150,4082208700
2016-09-06,23350.0,23750.0,23300.0,23300.0,127535.0,-1.2711864406779663,454228550,23650,1733311650,796917650,784895400,46750,2013421250,186118100,2984481500
2016-09-07,23150.0,23200.0,21950.0,22300.0,627695.0,-4.291845493562231,1324853400,40060700,9714689550,2911461200,1705519950,1642250,10105487700,2178414950,13991064850
2016-09-08,22500.0,22700.0,22150.0,22600.0,215227.0,1.345291479820628,890189000,11292250,1912909400,2010037300,839808350,89050,3225673500,758857050,4824427950
2016-09-09,22200.0,22500.0,21650.0,21950.0,261425.0,-2.8761061946902653,215835100,106014800,3778168550,1636828950,1125150100,11341950,2922982650,1677372700,5736847400
2016-09-12,21750.0,21750.0,21000.0,21150.0,274110.0,-3.644646924829157,1005068500,43570000,2678951050,2105410850,472723100,2186550,3588280650,1769810100,5833000400
2016-09-13,21500.0,21550.0,21050.0,21250.0,176030.0,0.4728132387706856,281583650,74250000,2269141150,1114506250,921159700,849950,1177308150,1640163250,3739481050
2016-09-19,20800.0,21200.0,20450.0,20600.0,353395.0,-3.058823529411765,904089250,5137500,4137693200,2238698400,988857400,743000,3355185450,2940832500,7285618350
2016-09-20,20450.0,20750.0,19900.0,20250.0,386779.0,-1.6990291262135921,132351800,19407500,5737584300,1882495450,1290822900,20000,4790413700,1690582450,7771839050
2016-09-21,20250.0,20400.0,20000.0,20100.0,175273.0,-0.7407407407407408,264716550,64790000,2564291100,643272750,320163400,504900,1959450950,1256951150,3537070400
2016-09-22,20250.0,21050.0,20000.0,20050.0,514940.0,-0.24875621890547264,516511350,0,9093972200,908430850,2088907300,53137900,6034561700,2342307500,10518914400
2016-09-23,20300.0,20750.0,20050.0,20300.0,342804.0,1.2468827930174564,484922050,50750000,5089700150,1338228000,1650634400,4769850,4134486750,1173709200,6963600200
2016-09-26,20300.0,20500.0,19950.0,19950.0,203167.0,-1.7241379310344827,282369400,50375000,3110314800,657757250,728230400,4928850,1806602700,1561054500,4100816450
2016-09-27,19700.0,20700.0,19550.0,20550.0,360767.0,3.007518796992481,1678159250,159783050,3763095400,1713549800,954028950,82500,4781462800,1579013250,7314587500
2016-09-28,20600.0,20700.0,20250.0,20350.0,170581.0,-0.9732360097323601,1347990350,45992050,1828602500,256166400,75115900,81550,1591358400,1812195450,3478751300
2016-09-29,20800.0,21200.0,20650.0,20950.0,404857.0,2.9484029484029484,2533326500,982300,3736277550,2209550650,1537926700,667950,3813211750,3128330600,8480137000
2016-09-30,21000.0,21200.0,20600.0,20600.0,242412.0,-1.6706443914081146,869158450,24265000,2843598600,1322794900,545629050,62500,1992763500,2521361900,5059816950
2016-10-04,21000.0,21400.0,20900.0,21100.0,244531.0,2.4271844660194173,810772900,0,2617314100,1751005050,299816750,573000,2861096200,2017606100,5179092050
2016-10-05,21100.0,21100.0,20500.0,20950.0,168253.0,-0.7109004739336493,1268173950,3919750,1773357050,465413450,333448700,63875400,2300298050,813242050,3510864200
2016-10-06,20750.0,21050.0,20450.0,20950.0,184665.0,0.0,1545177350,0,1837070700,451536850,690720450,1933050,2108622950,1032508450,3833784900
2016-10-07,21000.0,21050.0,20600.0,21050.0,155323.0,0.47732696897374705,1674387050,19929000,1260314300,283340150,509675550,62500,1905416950,822815500,3237970500
2016-10-10,21250.0,21850.0,21050.0,21450.0,266534.0,1.9002375296912115,1953439500,265463000,2777347500,723493250,168711450,191102200,3384373800,1975555800,5719743250
2016-10-11,21650.0,21650.0,21200.0,21350.0,114882.0,-0.4662004662004662,844300350,64600,1436881150,177848000,152107350,128200,1589846150,717012400,2459094100
2016-10-12,21300.0,21500.0,21200.0,21400.0,132561.0,0.234192037470726,1529820800,42800,877755650,425713500,720211800,66903650,1872707800,173509500,2833332750
2016-10-13,21250.0,21450.0,20750.0,20750.0,148357.0,-3.0373831775700935,341113150,68517400,2285430650,409056550,1275592400,186800,1518187650,310150900,3104117750
2016-10-14,20150.0,20400.0,19800.0,19850.0,284362.0,-4.337349397590361,386388750,59870200,3756416550,1485569000,839668200,19850,3762056150,1086500300,5688244500
2016-10-17,19950.0,20050.0,18800.0,18900.0,441768.0,-4.785894206549118,624558950,104552000,5174865650,2507814600,2659208050,48811150,4730657950,973114050,8411791200
2016-10-18,18700.0,19100.0,18700.0,19050.0,208051.0,0.7936507936507936,684113750,0,1986051950,1253505250,1171791100,244800,1427605050,1324030000,3923670950
2016-10-19,18800.0,19000.0,18300.0,18350.0,263802.0,-3.674540682414698,417312900,2208000,3129256000,1340728050,1251513050,50432150,2774391050,813168700,4889504950
2016-10-20,18400.0,18600.0,18300.0,18550.0,143122.0,1.08991825613079,285426650,622062600,1149465250,585153750,420532350,74000,1316896800,904605100,2642108250
2016-10-21,18500.0,18650.0,18200.0,18200.0,107382.0,-1.8867924528301887,342731650,219600,1341332000,282738350,479722300,1698600,938782550,546818150,1967021600
2016-10-24,18050.0,19350.0,18050.0,19000.0,276664.0,4.395604395604396,718835050,1363123150,1672522200,1483016350,707313950,133150,3406002350,1124047300,5237496750
2016-10-25,18950.0,19100.0,18700.0,19050.0,124550.0,0.2631578947368421,778851350,45855000,1308172950,226649850,15341750,38050,1011961600,1332187750,2359529150
2016-10-26,18800.0,18850.0,18300.0,18750.0,146518.0,-1.574803149606299,674162150,547353400,1445838600,52388600,271174350,0,1197022100,1251546300,2719742750
2016-10-27,18650.0,18950.0,18450.0,18700.0,93443.0,-0.26666666666666666,620618150,37100000,896735200,195730900,158019700,37650,1118727650,473399250,1750184250
2016-10-28,18600.0,18700.0,18000.0,18050.0,122185.0,-3.4759358288770055,178600150,0,1823873800,226282050,378992950,18350,1028160650,821584050,2228756000
2016-10-31,17550.0,18850.0,16950.0,18700.0,408768.0,3.6011080332409975,2376097600,0,2519709850,2420073750,735059900,36750,3899459850,2681324700,7315881200
2016-11-01,18700.0,18800.0,17050.0,17100.0,353273.0,-8.55614973262032,439455850,172100000,4887192500,669432000,1799022050,52400,2140380850,2228725050,6168180350
2016-11-02,17000.0,17000.0,16400.0,16550.0,363756.0,-3.216374269005848,1491626200,166438150,2532636850,1854137550,1121989250,0,2906683500,2016166000,6044838750
2016-11-03,16200.0,17100.0,16200.0,17000.0,162499.0,2.719033232628399,1101273350,323000,923809500,722964300,755751600,34050,1096390650,896193850,2748370150
2016-11-04,17000.0,17150.0,16650.0,16700.0,105623.0,-1.7647058823529411,463794800,0,923202600,384815000,345638200,0,357452600,1068721600,1771812400
2016-11-07,17150.0,17700.0,16950.0,17700.0,147689.0,5.9880239520958085,522640050,37440900,803109850,1212507200,17064000,88050,1782657650,775888300,2575698000
2016-11-08,17700.0,18250.0,17400.0,17800.0,157420.0,0.5649717514124294,1229543650,0,1161340950,425120600,151410800,53450,1298039800,1366501150,2816005200
2016-11-09,18150.0,18300.0,17050.0,17350.0,290820.0,-2.528089887640449,1075340200,0,3047452600,959406050,320962300,17350,2729023600,2032195600,5082198850
2016-11-10,17950.0,18800.0,17600.0,18600.0,281881.0,7.204610951008646,1304462350,0,1936581050,1926238300,599051300,74050,3690594850,877561500,5167281700
2016-11-11,18550.0,19500.0,18250.0,19450.0,323657.0,4.56989247311828,3001344250,0,1825968400,1350380950,72237050,158734200,3583079200,2363643150,6177693600
2016-11-14,19200.0,21250.0,19200.0,20450.0,723810.0,5.141388174807198,4700782600,96000,6214733150,3889417050,974194650,259677800,8241430300,5329726050,14805028800
2016-11-15,20650.0,20800.0,19500.0,19650.0,409946.0,-3.9119804400977993,1054350700,1000000,4937094650,2233413300,2112835000,19650,3860960450,2252043550,8225858650
2016-11-16,19600.0,20600.0,19400.0,20350.0,310700.0,3.5623409669211195,2329812700,0,2490268650,1438433150,1275745100,71315700,3723209400,1188244300,6258514500
2016-11-17,20150.0,20550.0,20050.0,20050.0,111950.0,-1.4742014742014742,400397650,0,1247021050,613749400,730259800,0,1021654300,509254000,2261168100
2016-11-18,20250.0,20250.0,19250.0,19850.0,203350.0,-0.997506234413965,1264977050,0,1640875150,1083937800,1503984900,19850,1489452600,996332650,3989790000
2016-11-21,19800.0,19850.0,19300.0,19400.0,68342.0,-2.2670025188916876,39230950,0,733138300,558952050,470900650,5878200,715290450,139252000,1331321300
2016-11-22,19400.0,20000.0,19200.0,19900.0,126363.0,2.5773195876288657,934221800,0,675392850,882562700,771424250,25535400,1221280500,473937200,2492177350
2016-11-23,19700.0,20050.0,19350.0,19350.0,111495.0,-2.763819095477387,417580800,0,1270940300,509933900,628797450,221906500,859144200,488606850,2198455000
2016-11-24,19350.0,19700.0,19250.0,19350.0,86568.0,0.0,897861400,0,537376300,249621150,129317600,64970500,1025540450,465030300,1684858850
2016-11-25,19350.0,19550.0,19200.0,19200.0,84720.0,-0.7751937984496124,587791850,0,610790550,439047000,122152600,0,662822400,852654400,1637629400
2016-11-28,19050.0,20150.0,18900.0,19450.0,156690.0,1.3020833333333335,622914900,0,1585357800,869583150,786501900,58850,1969334900,321960200,3077855850
2016-11-29,19400.0,20000.0,19150.0,19250.0,183623.0,-1.0282776349614395,1339418150,0,1718099850,544001700,1163718050,312071050,1309977600,815753000,3601519700
2016-11-30,19300.0,19600.0,18650.0,18750.0,207520.0,-2.5974025974025974,483307250,0,2426768100,1026587050,1397273050,131605000,1637195050,770589300,3936662400
2016-12-01,19000.0,19500.0,18850.0,19200.0,132700.0,2.4,1359334450,0,771101750,427744800,714248400,154037750,1322150750,367744100,2558181000
2016-12-02,18950.0,19250.0,18000.0,18050.0,250508.0,-5.989583333333334,583470750,18691400,2992999500,1021957100,1684760550,128150000,1773899450,1030308750,4617118750
2016-12-05,17600.0,18350.0,17400.0,18000.0,152613.0,-0.2770083102493075,430311550,0,951205850,1353198000,1491743650,0,986570700,256401050,2734715400
2016-12-06,18400.0,18500.0,18050.0,18200.0,92356.0,1.1111111111111112,705517050,0,550040900,431361050,269904950,18250,790399350,626596450,1686919000
2016-12-07,18100.0,18400.0,17700.0,18000.0,101730.0,-1.098901098901099,430082700,0,800555600,599810000,810575250,6967300,532717650,480188100,1830448300
2016-12-08,18300.0,18600.0,18100.0,18600.0,102523.0,3.3333333333333335,1110401050,0,465739000,308274050,487515800,55550,958809950,438032800,1884414100
2016-12-09,18300.0,18600.0,18150.0,18200.0,80056.0,-2.1505376344086025,268295700,0,797589300,401309700,212364150,18300000,527777500,708753050,1467194700
2016-12-12,18450.0,19000.0,18300.0,18700.0,134025.0,2.7472527472527473,526623100,13904250,1281769000,694727400,293542400,75800,1482575250,740830300,2517023750
2016-12-13,18750.0,19100.0,18750.0,18850.0,96196.0,0.8021390374331552,601443600,0,867334150,355733600,175323900,66425000,857384700,725377750,1824511350
2016-12-14,18850.0,19100.0,18750.0,18750.0,71243.0,-0.5305039787798408,483833450,0,521975050,341571550,305613900,0,478461150,563305000,1347380050
2016-12-15,18700.0,19200.0,18550.0,19100.0,65013.0,1.866666666666667,505203650,342900,544004400,183469650,118115950,57300,634766950,480080400,1233020600
2016-12-16,18900.0,19300.0,18800.0,19050.0,106434.0,-0.2617801047120419,406287300,18950,1274643600,334461250,621613500,76200,607437600,786283800,2015411100
2016-12-19,19000.0,19000.0,18550.0,18600.0,77322.0,-2.3622047244094486,381610550,0,973644300,98423600,372621350,18981050,642266500,419809550,1453678450
2016-12-20,18600.0,18900.0,18350.0,18450.0,96181.0,-0.8064516129032258,331650400,0,1207181300,252698650,578724250,37050,830406150,382362900,1791530350
2016-12-21,18550.0,18650.0,18050.0,18300.0,114009.0,-0.8130081300813009,433291100,0,1223502550,424852550,1093167350,5131250,731005000,252342600,2081646200
2016-12-22,18300.0,18500.0,18100.0,18250.0,95723.0,-0.273224043715847,391510700,17918500,1089143550,248616700,386092950,0,1271089650,90006850,1747189450
2016-12-23,18400.0,18500.0,18250.0,18400.0,69311.0,0.821917808219178,496650750,0,672260250,109780850,153407150,0,937492600,187792100,1278691850
2016-12-26,18550.0,18900.0,18450.0,18550.0,73079.0,0.8152173913043478,526254050,0,743199250,94565850,203884850,0,748441250,411693050,1364019150
2016-12-27,18450.0,18600.0,18200.0,18200.0,66997.0,-1.8867924528301887,257301650,0,714559150,258712350,257022400,0,576095750,397455000,1230573150
2016-12-28,18050.0,18250.0,17950.0,18050.0,79310.0,-0.8241758241758242,279347900,0,825778800,331517400,810950600,0,478765250,146928250,1436644100
2016-12-29,18250.0,18300.0,18050.0,18150.0,78996.0,0.554016620498615,476707750,36118500,675538100,245298100,709206050,10938300,560726700,152791400,1433662450
2017-01-02,18300.0,18750.0,18250.0,18500.0,59380.0,1.9283746556473829,202271350,0,783031350,114022100,221592100,27565000,620589200,229578500,1099324800
2017-01-03,18550.0,18600.0,18100.0,18200.0,118227.0,-1.6216216216216217,87265800,0,1864824200,207752300,978592400,0,800524300,380725600,2159842300
2017-01-04,18150.0,18350.0,17950.0,17950.0,136765.0,-1.3736263736263736,287690850,0,2030086200,156919450,1180044550,0,933575650,361076300,2474696500
2017-01-05,17900.0,18500.0,17900.0,18250.0,141575.0,1.6713091922005572,844504600,358000,1169706100,565899700,1170985350,0,1224236100,185246950,2580468400
2017-01-06,18450.0,18900.0,18300.0,18800.0,204661.0,3.0136986301369864,296974550,3720000,2391379850,1135432050,424630950,28852000,2780438450,593585050,3827506450
2017-01-09,18950.0,19050.0,18650.0,18750.0,140015.0,-0.26595744680851063,767511050,663450,1502254000,368663500,612279350,8625000,1248105100,770082550,2639092000
2017-01-10,18650.0,18950.0,18500.0,18900.0,92269.0,0.8,464516500,176823750,856087950,237122850,370895700,94450000,1051611550,217593800,1734551050
2017-01-11,18750.0,19700.0,18750.0,19450.0,285455.0,2.91005291005291,1086150150,290257250,2731697000,1438724600,1112327950,129532700,3884661200,420307150,5546829000
2017-01-12,19400.0,19650.0,19100.0,19400.0,110764.0,-0.2570694087403599,622571450,0,1358538900,157942050,278628650,26578000,1317207200,516638550,2139052400
2017-01-13,19450.0,19650.0,19250.0,19450.0,95383.0,0.25773195876288657,644688650,0,923427000,281824300,693133100,0,929207900,227598950,1849939950
2017-01-16,19700.0,19700.0,18950.0,19350.0,87829.0,-0.5141388174807198,618225750,0,829238700,243351450,171241200,0,1169759950,349814750,1690815900
2017-01-17,19350.0,19550.0,19150.0,19550.0,88682.0,1.03359173126615,405778200,0,914671650,400594700,213258600,97375000,1211313600,199097350,1721044550
2017-01-18,19600.0,19650.0,19400.0,19450.0,80664.0,-0.5115089514066496,818700250,19550,559052350,197647050,39290150,97250000,886496550,552382500,1575419200
2017-01-19,19500.0,19550.0,18850.0,18850.0,130876.0,-3.0848329048843186,143901500,0,2018942750,326737500,584988700,0,962720300,941872750,2489581750
2017-01-20,18800.0,19050.0,18750.0,18900.0,75857.0,0.2652519893899204,410579850,0,646143900,377006950,188518100,18900,945067850,300125850,1433730700
2017-01-23,18900.0,19150.0,18600.0,18800.0,101076.0,-0.5291005291005291,394495100,37200000,915720200,561239250,402056150,0,1018439000,488159400,1908654550
2017-01-24,18650.0,18800.0,18200.0,18400.0,178818.0,-2.127659574468085,345747800,182020950,2210663350,553879350,856003550,0,1138971800,1297336100,3292311450
2017-01-25,18900.0,19200.0,18350.0,19050.0,309508.0,3.532608695652174,1513524300,20612000,3528771000,761263050,1086652050,95593500,3219519400,1422405400,5824170350
2017-01-26,19200.0,19200.0,18800.0,18800.0,174558.0,-1.3123359580052494,926699500,0,1857916200,533553150,1137243400,42558200,1381216300,757150950,3318168850
2017-01-31,18800.0,19000.0,18650.0,18950.0,88669.0,0.7978723404255319,346725350,0,685915150,640684200,186063250,26069550,1105976000,355215900,1673324700
2017-02-01,19100.0,19450.0,19000.0,19150.0,135868.0,1.0554089709762533,278956100,1387000,1595037900,734807650,748034450,9575000,1393579150,459000050,2610188650
2017-02-02,19100.0,20400.0,19050.0,20400.0,623017.0,6.527415143603134,2936909950,0,4485885000,5037113700,1004625700,82811800,10107068650,1265402500,12459908650
2017-02-03,20500.0,20600.0,19900.0,20200.0,370021.0,-0.9803921568627451,1743728950,20601200,4451630900,1244504250,1648858400,9652000,3955441200,1846513700,7460465300
2017-02-06,20300.0,21300.0,20300.0,20800.0,498468.0,2.9702970297029703,2338742650,0,5552351350,2560490650,664504800,189918200,8778544300,818617350,10451584650
2017-02-07,21100.0,21450.0,20700.0,21050.0,265605.0,1.201923076923077,1659693500,31425000,2908128400,1017188200,483737750,178275000,4174783950,779638400,5616435100
2017-02-08,21100.0,21150.0,20450.0,20700.0,210079.0,-1.66270783847981,1185922300,41250000,2360994400,757063300,383213800,0,2792065550,1169950650,4345230000
2017-02-09,20600.0,21800.0,20550.0,21650.0,387644.0,4.5893719806763285,2647147450,108079200,3492290800,2080202600,1218176800,456000,6227769250,881318000,8327720050
2017-02-10,21950.0,22200.0,21550.0,22000.0,297780.0,1.6166281755196306,2804815950,21202050,2313029900,1408198350,331457500,200052500,4569225250,1446511000,6547246250
2017-02-13,22100.0,22250.0,21750.0,21900.0,183979.0,-0.45454545454545453,1499252950,19897900,1775770200,758953500,327090800,175645000,2569862300,981276450,4053874550
2017-02-14,22000.0,22200.0,21300.0,21900.0,236055.0,0.0,2593980550,128822100,1663949750,762527050,229220450,109422050,3276361850,1534275100,5149279450
2017-02-15,21850.0,22050.0,21450.0,21800.0,113251.0,-0.45662100456621,709419650,21800,961820900,795607850,168731950,29430000,1780025400,488682850,2466870200
2017-02-16,21550.0,21900.0,21050.0,21050.0,235467.0,-3.4403669724770642,188347300,106559500,3141971250,1575666250,733979900,168707250,3051992800,1057864350,5012544300
2017-02-17,21050.0,21350.0,20850.0,20950.0,159428.0,-0.4750593824228029,248445050,35469000,1727149550,1353632150,93012200,505342150,1736871900,1029469500,3364695750
2017-02-20,20950.0,21100.0,20550.0,20800.0,178596.0,-0.7159904534606205,562688950,16392500,2274307800,849999750,507640250,150299000,1716909600,1328540150,3703389000
2017-02-21,20900.0,21150.0,20800.0,20800.0,161530.0,0.0,930046600,109070450,1824396150,518515100,343104300,105639200,1621722100,1311562700,3382028300
2017-02-22,20800.0,21700.0,20800.0,21450.0,282230.0,3.125,2575326300,0,2450940950,1002124500,815352850,245927400,2885089200,2082022300,6028391750
2017-02-23,21600.0,21600.0,21150.0,21150.0,148611.0,-1.3986013986013985,1211269150,36150000,1633989150,283403000,1090120550,0,821537100,1253153650,3164811300
2017-02-24,21300.0,21300.0,20400.0,20550.0,124778.0,-2.8368794326241136,451065150,37031350,1798104750,299051850,256956550,0,1972476850,355819700,2585253100
2017-02-27,20550.0,20950.0,20450.0,20700.0,87787.0,0.7299270072992701,697101700,1367850,732302950,390646950,257028650,0,1100216700,464174100,1821419450
2017-02-28,20700.0,20800.0,20200.0,20600.0,141907.0,-0.4830917874396135,784477950,0,1255594950,872259250,687032300,0,1348022150,877277700,2912332150
2017-03-02,20800.0,21100.0,20300.0,20300.0,155557.0,-1.4563106796116505,1379892500,0,1305308300,515969550,1528040200,137410300,818222100,717497750,3201170350
2017-03-03,20300.0,20650.0,20050.0,20100.0,111781.0,-0.9852216748768473,538817700,10070250,1041010700,673132600,830589400,99177800,1094458550,238805500,2263031250
2017-03-06,20100.0,20300.0,19600.0,19800.0,174271.0,-1.4925373134328357,378836900,5910000,2010232100,1055368950,1578722450,0,1301979150,569646350,3450347950
2017-03-07,19750.0,20700.0,19750.0,20650.0,172283.0,4.292929292929292,1573624500,425500,1094336650,858346300,408713750,323356000,2365376100,429287100,3526732950
2017-03-08,20600.0,20650.0,19950.0,19950.0,242033.0,-3.389830508474576,800390800,2270200,2965192850,1091062800,2401560850,100350000,1247609900,1109395900,4858916650
2017-03-09,19900.0,20100.0,19700.0,19950.0,125523.0,0.0,186455450,59401250,1339027100,917107550,778570000,0,1129306700,594114650,2501991350
2017-03-10,19800.0,20000.0,19600.0,19850.0,100936.0,-0.5012531328320802,299138500,14800000,1358728400,325061450,495372750,0,854427250,647928350,1997728350
2017-03-13,20050.0,20200.0,19800.0,20150.0,94099.0,1.5113350125944585,294618500,6982350,1143351150,441338800,293106050,197624700,1021829050,373731000,1886290800
2017-03-14,20200.0,20200.0,19800.0,19800.0,132332.0,-1.7369727047146404,131966650,4962500,2055502050,443039900,519322900,0,1383332150,732816050,2635471100
2017-03-15,19850.0,20400.0,19800.0,20300.0,173327.0,2.525252525252525,205108200,518450,1694856900,1608063900,253520050,60350000,2578205600,616471800,3508547450
2017-03-16,20350.0,20850.0,20300.0,20750.0,175662.0,2.2167487684729066,814452800,4993800,1256067450,1543027800,603804100,30975000,2317728850,666033900,3618541850
2017-03-17,20600.0,21000.0,20600.0,20800.0,125216.0,0.24096385542168677,366789850,15244000,1306123400,920307950,340702050,0,1541535100,726228050,2608465200
2017-03-20,21000.0,21000.0,20450.0,20550.0,95593.0,-1.201923076923077,199315300,61875000,1404201900,304651900,407808900,102700000,1126477600,333057600,1970044100
2017-03-21,20700.0,21200.0,20550.0,21000.0,191754.0,2.18978102189781,802465550,20800,1821667650,1396303550,410546050,78118600,2834346450,697446450,4020457550
2017-03-22,20850.0,21150.0,20700.0,20950.0,150840.0,-0.2380952380952381,751503750,14163950,1195010300,1198871800,630061000,0,1765697100,763791700,3159549800
2017-03-23,21150.0,21350.0,20850.0,20950.0,141248.0,0.0,262310500,0,1654151350,1047557350,589032800,0,2094201150,280785250,2964019200
2017-03-24,21000.0,21200.0,20550.0,20800.0,136876.0,-0.7159904534606205,644268950,16580100,1186067800,998657000,821629300,125100,1592020450,431799000,2845573850
2017-03-27,20800.0,20950.0,20400.0,20700.0,105799.0,-0.4807692307692308,677675200,0,711006450,795062300,391394750,103550000,1136529050,552270150,2183743950
2017-03-28,20800.0,21200.0,20750.0,20900.0,90990.0,0.966183574879227,489776400,0,1138099100,280937000,249767100,104700000,1215042900,339302500,1908812500
2017-03-29,21050.0,21050.0,20600.0,20700.0,79567.0,-0.9569377990430622,41506850,0,1065847800,543280550,217636950,0,799799850,633198400,1650635200
2017-03-30,20600.0,20800.0,20300.0,20450.0,82568.0,-1.2077294685990339,344388650,2050000,940679450,405774500,293135600,1624000,947280600,450852400,1692892600
2017-03-31,20200.0,21000.0,20200.0,20950.0,104974.0,2.444987775061125,428960900,4130000,1228729400,516560600,199316600,0,1747472050,231592250,2178380900
2017-04-03,21050.0,21050.0,20750.0,20950.0,98004.0,0.0,306667200,13460950,1161669550,566682600,176560550,0,1221973600,649946150,2048480300
2017-04-04,20850.0,20850.0,20500.0,20600.0,82691.0,-1.6706443914081146,92835500,0,1139111550,470976750,373768000,0,831121100,498034700,1702923800
2017-04-05,20750.0,20900.0,20500.0,20600.0,100662.0,0.0,516325150,0,1061405850,500784600,464034100,0,1299551150,314930350,2078515600
2017-04-06,20600.0,21100.0,20400.0,21050.0,139639.0,2.1844660194174756,488414050,0,1386633650,1029844450,375825800,0,2164844800,364221550,2904892150
2017-04-07,21150.0,22000.0,21000.0,21950.0,502697.0,4.275534441805226,2392469500,0,4905483350,3626557850,351872850,303750,9329649550,1242684550,10924510700
2017-04-10,21850.0,22000.0,21300.0,21300.0,206501.0,-2.9612756264236904,832783150,8692500,3044222400,575949750,100350350,0,3195031050,1166266400,4461647800
2017-04-11,21350.0,21500.0,21000.0,21400.0,198894.0,0.4694835680751174,1205036900,10625000,2019986450,997366450,70026500,0,2376333350,1786654950,4233014800
2017-04-12,21500.0,22000.0,21450.0,21700.0,268083.0,1.4018691588785046,1241283950,0,3252223150,1359356050,384532050,7880000,3876343400,1584107700,5852863150
2017-04-13,21850.0,21850.0,20750.0,20950.0,340944.0,-3.4562211981566824,1090734900,230000,4785379150,1283737450,753777600,105889800,4980605650,1319808450,7160081500
2017-04-14,21000.0,21000.0,20300.0,20500.0,176532.0,-2.1479713603818613,277089800,0,2798584500,577714950,432367950,0,2103149100,1117872200,3653389250
2017-04-17,20350.0,20800.0,20350.0,20750.0,143087.0,1.2195121951219512,1046776650,0,1240549850,661570000,423358200,2060000,1920939350,602538950,2948896500
2017-04-18,20800.0,20850.0,20550.0,20750.0,83940.0,0.0,506025150,3165100,758780000,471071600,323902450,0,1066318600,348820800,1739041850
2017-04-19,20650.0,20850.0,20050.0,20200.0,223868.0,-2.6506024096385543,353593450,40400,3433017100,756338050,1659690200,23290600,2292862250,567145950,4542989000
2017-04-20,20250.0,20450.0,20000.0,20450.0,134602.0,1.2376237623762376,518478650,0,1167917850,1044339400,999837200,60968850,1214225550,455704300,2730735900
2017-04-21,20450.0,20500.0,20150.0,20450.0,96484.0,0.0,230016550,10120200,1340979550,376602000,427959050,0,1198857950,330901300,1957718300
2017-04-24,20400.0,20450.0,20050.0,20350.0,104373.0,-0.4889975550122249,549518350,0,1289139000,273135150,601974250,0,1345741300,164076950,2111792500
2017-04-25,20400.0,20550.0,20250.0,20450.0,95675.0,0.4914004914004914,394102200,0,1223418550,335329550,586731100,0,1122654350,243464850,1952850300
2017-04-26,20500.0,21600.0,20500.0,21450.0,341537.0,4.88997555012225,1868539000,66680650,3966409250,1307593600,808782100,1440550,5429964400,969035450,7209222500
2017-04-27,21200.0,21450.0,20850.0,21000.0,169998.0,-2.097902097902098,400765450,21100,2596752900,589964700,560925550,87638750,2295222500,643717350,3587504150
2017-04-28,20800.0,21400.0,20650.0,20950.0,171673.0,-0.2380952380952381,1515243200,0,1539815400,558391500,1154001350,0,1848495900,610952850,3613450100
2017-05-02,21000.0,21500.0,20950.0,21300.0,169179.0,1.6706443914081146,1419342300,0,1000614800,1184850750,263539400,26925900,2588306600,726035950,3604807850
2017-05-04,21200.0,21700.0,21200.0,21600.0,128291.0,1.4084507042253522,645214550,862050,1119117400,1002961650,309891150,694400,1974933050,482637050,2768155650
2017-05-08,21600.0,21800.0,21250.0,21700.0,151298.0,0.4629629629629629,1265194350,0,1321402450,676936950,139495900,0,2598712000,525325850,3263533750
2017-05-10,21850.0,22450.0,21550.0,22150.0,391185.0,2.0737327188940093,2364403450,35399650,3174593250,3084058850,1194303250,39553950,6306668200,1117929800,8658455200
2017-05-11,22000.0,22300.0,21800.0,22150.0,215988.0,0.0,1630136500,35097000,2090776600,1002188500,1176902350,55626350,2833249650,692420250,4758198600
2017-05-12,22150.0,22250.0,21750.0,21750.0,109678.0,-1.805869074492099,283813900,22000,1480305400,641653700,486891850,1375150,1462882900,454645100,2405795000
2017-05-15,21750.0,22150.0,21450.0,21800.0,130858.0,0.22988505747126436,207667250,937400,1671996900,981642200,390902300,26090750,2275434050,169816650,2862243750
2017-05-16,21800.0,21950.0,21400.0,21700.0,91912.0,-0.45871559633027525,353713600,0,1044408600,588669950,545332300,0,1222693500,218766350,1986792150
2017-05-17,21500.0,21850.0,21250.0,21800.0,147212.0,0.4608294930875576,357199900,30407000,2065849600,713076100,1023593450,0,1704861150,438078000,3166532600
2017-05-18,21450.0,21700.0,21250.0,21500.0,90591.0,-1.3761467889908259,255736200,0,1135667650,558413600,475688350,0,926090750,548038350,1949817450
2017-05-19,21500.0,22100.0,21400.0,21650.0,136473.0,0.6976744186046512,368009500,0,2209421550,389540050,408384500,207485150,1733713800,617387650,2966971100
2017-05-22,21600.0,21650.0,21000.0,21050.0,188728.0,-2.771362586605081,531537250,0,3046502450,425748350,582285200,67309000,1734320950,1619872900,4003788050
2017-05-23,21050.0,21500.0,20850.0,21100.0,124267.0,0.23752969121140144,429004350,0,1226087300,981162150,356609000,0,1465314400,814330400,2636253800
2017-05-24,21400.0,21600.0,21150.0,21400.0,99825.0,1.4218009478672986,354093250,7361850,1454735150,317678500,115683050,0,1459774350,558411350,2133868750
2017-05-25,21400.0,22000.0,21200.0,21850.0,216560.0,2.102803738317757,634012200,0,2352492950,1731904750,117352000,21530000,3504461800,1075066100,4718409900
2017-05-26,22200.0,22700.0,21900.0,22100.0,369525.0,1.1441647597254003,705023000,21972250,6578494750,905945550,352334200,56304100,5411485800,2391311450,8211435550
2017-05-29,22150.0,22250.0,21750.0,21900.0,169055.0,-0.904977375565611,889063650,0,2209110350,616165850,1044079450,110750,2008873900,661275750,3714339850
2017-05-30,22000.0,22450.0,21800.0,22050.0,177711.0,0.684931506849315,771683100,0,2380919300,772953600,333903000,446750,2787441300,803764950,3925556000
2017-05-31,22150.0,22150.0,21650.0,21900.0,212805.0,-0.6802721088435374,1409430750,0,2465649000,765025350,638820650,144468050,2605282250,1251534150,4640105100
2017-06-01,21800.0,22100.0,21450.0,22100.0,174478.0,0.91324200913242,625139250,0,1641019550,1535961400,650332250,64800,2128128100,1023595050,3802120200
2017-06-02,22100.0,22450.0,22000.0,22100.0,180019.0,0.0,780371600,0,1887799000,1323680200,471774450,22250,2767833050,752221050,3991850800
2017-06-05,22200.0,22700.0,22000.0,22650.0,294337.0,2.48868778280543,550811100,30374400,2960770600,3061271200,492284950,22738550,5237322150,850881650,6603227300
2017-06-07,22600.0,22750.0,22050.0,22050.0,238447.0,-2.6490066225165565,534083900,36475550,3843752050,889410600,1181236850,29836800,2636996800,1455651650,5303722100
2017-06-08,22050.0,22500.0,21700.0,22500.0,305756.0,2.0408163265306123,2339341300,649050,2918042700,1535167650,1041573950,111750,3950473950,1801041050,6793200700
2017-06-09,22600.0,22650.0,22200.0,22400.0,186696.0,-0.4444444444444444,633336250,9595350,2318278250,1224051700,418336600,223500,2437083300,1329618150,4185261550
2017-06-12,22500.0,22500.0,22050.0,22250.0,155402.0,-0.6696428571428571,697129250,9656050,1967431750,786840800,992910150,670500,1899030500,568446700,3461057850
2017-06-13,22050.0,22350.0,21950.0,22250.0,201830.0,0.0,633945900,0,2272475600,1563083650,1297437300,0,2965094750,206973100,4469505150
2017-06-14,22150.0,22300.0,21950.0,22100.0,167357.0,-0.6741573033707865,570762800,0,1826201550,1307815200,468567300,18171950,2250359300,967681000,3704779550
2017-06-15,22000.0,23200.0,22000.0,22000.0,898432.0,-0.4524886877828055,389131300,1997600,13452365300,6522030200,563275750,4484700,14837148500,4960615450,20365524400
2017-06-16,22050.0,22700.0,22000.0,22550.0,784745.0,2.5,1788262500,5896100,2955105850,12909391000,233079400,246950,4475310650,12950018450,17658655450
2017-06-19,22550.0,22650.0,22250.0,22500.0,200279.0,-0.22172949002217296,992076600,32424650,2526210550,952467550,366915050,44347400,2489817250,1602099650,4503179350
2017-06-20,22450.0,22500.0,21550.0,21600.0,578347.0,-4.0,378433750,5475000,7370330200,4885724650,1097141150,0,5016400200,6526422250,12639963600
2017-06-21,21550.0,21550.0,20750.0,20800.0,506763.0,-3.7037037037037033,290262150,5275000,6525221650,3841377100,1679036700,79637850,4158977000,4744484350,10662135900
2017-06-22,20800.0,20800.0,20300.0,20550.0,437388.0,-1.201923076923077,2111551050,25656650,3765430250,3058599350,2667149900,0,3289527700,3004559700,8961237300
2017-06-23,20650.0,21250.0,20500.0,21150.0,331048.0,2.9197080291970803,1148776750,82800,4060539000,1755257950,410039250,105100,3641507600,2913004550,6964656500
2017-06-26,21100.0,21100.0,20600.0,20600.0,173653.0,-2.6004728132387704,457468350,3560450,2673622850,459105400,1119367600,0,1577850050,896539400,3593757050
2017-06-27,20500.0,20750.0,20400.0,20450.0,203965.0,-0.7281553398058253,399346600,0,2352735100,1436717700,915189600,0,1623164400,1650445400,4188799400
2017-06-28,20500.0,20600.0,20200.0,20450.0,193562.0,0.0,721168450,10150000,2332150400,879284400,183161600,891000,1750916550,2007784100,3942753250
2017-06-29,20750.0,21050.0,20600.0,20950.0,204758.0,2.444987775061125,1385192100,1233100,1782832600,1109507250,166601100,0,2341463450,1770700500,4278765050
2017-06-30,20800.0,20950.0,20500.0,20650.0,208856.0,-1.431980906921241,959345350,0,2697534950,655886800,1417523050,0,886814050,2008430000,4312767100
2017-07-03,20550.0,20800.0,20250.0,20750.0,190852.0,0.48426150121065376,938027850,6105000,1946123450,1020764950,935353500,4543000,1960234100,1010890650,3911021250
2017-07-04,20800.0,20900.0,20400.0,20700.0,238292.0,-0.24096385542168677,1889468600,207000,2235790800,787759600,1856168900,206000,1793981500,1262869600,4913226000
2017-07-05,20500.0,20950.0,20450.0,20600.0,172738.0,-0.4830917874396135,1636676400,83800,1370822550,557941150,993689500,82800,1906812700,664938900,3565523900
2017-07-06,20500.0,20600.0,20050.0,20050.0,266784.0,-2.669902912621359,273587250,4030000,4051334350,1059204650,1591121750,0,2240044300,1556990200,5388156250
2017-07-07,20000.0,20650.0,20000.0,20350.0,120597.0,1.4962593516209477,397830300,0,1385693800,673219800,190279900,0,1974501650,291962350,2456743900
2017-07-10,20550.0,20600.0,20050.0,20100.0,146543.0,-1.2285012285012284,1250616100,0,1167720750,539956550,789506500,0,839994350,1328792550,2958293400
2017-07-11,20100.0,20350.0,20000.0,20050.0,112513.0,-0.24875621890547264,268246250,20100,1419999250,572363000,765530900,0,1261072650,234025050,2260628600
2017-07-12,20100.0,20400.0,19850.0,19850.0,128073.0,-0.997506234413965,52757600,0,2210496150,305356050,416791200,0,1509837900,641980700,2568609800
2017-07-13,20000.0,20150.0,19600.0,19650.0,212158.0,-1.0075566750629723,370102150,0,3092327850,728435300,1693123450,12025200,1417425700,1068290950,4190865300
2017-07-14,19650.0,19850.0,19600.0,19750.0,131569.0,0.5089058524173028,164838700,13730000,1216871250,1196327350,365468000,0,1664416750,561882550,2591767300
2017-07-17,20000.0,20150.0,19600.0,19650.0,135653.0,-0.5063291139240507,297897500,0,1610609950,769404650,666023350,0,1172963250,838925500,2677912100
2017-07-18,19700.0,19750.0,19150.0,19300.0,171718.0,-1.7811704834605597,370097200,19889000,2452037000,486401700,449477000,28773450,2400431000,449743450,3328424900
2017-07-19,19400.0,19900.0,19400.0,19750.0,140512.0,2.33160621761658,953160700,19700,1138574750,678048550,561807300,0,1677357400,530639000,2769803700
2017-07-20,19800.0,19950.0,19450.0,19650.0,120346.0,-0.5063291139240507,245482200,0,1960169650,155903550,685495450,6599200,825195050,844265700,2361555400
2017-07-21,19600.0,19900.0,19600.0,19800.0,88716.0,0.7633587786259541,197374650,0,1506449450,48753850,320590900,0,1184758400,247228650,1752577950
2017-07-24,20000.0,20000.0,19600.0,19750.0,80372.0,-0.25252525252525254,315161650,19650,888314050,385386050,173021350,5227200,980315550,430317300,1588881400
2017-07-25,19950.0,19950.0,19350.0,19600.0,182727.0,-0.7594936708860759,528036600,19450,1748421400,1302183400,2038207600,39200,1175660800,364753250,3578660850
2017-07-26,19750.0,19800.0,19400.0,19650.0,136973.0,0.25510204081632654,608295800,0,968249650,1103151000,1318833650,0,1003667550,357195250,2679696450
2017-07-27,19700.0,19900.0,19500.0,19550.0,144623.0,-0.5089058524173028,440173150,176850,1108251850,1291245050,1243759150,175500,1098097400,497814850,2839846900
2017-07-28,19600.0,19600.0,19100.0,19300.0,223607.0,-1.278772378516624,996939300,57900000,1639633800,1616971200,1284396050,0,1648128000,1378920250,4311444300
2017-07-31,19150.0,19450.0,18750.0,18750.0,256079.0,-2.849740932642487,599721100,9400000,2625968800,1621650500,1780558650,0,1393793050,1682388700,4856740400
2017-08-01,18700.0,19150.0,18700.0,18850.0,203308.0,0.5333333333333333,480979250,19000,1428792850,1926625150,1858328950,0,964318000,1013769300,3836416250
2017-08-02,18900.0,19000.0,18450.0,18450.0,223812.0,-2.122015915119363,259245400,21375000,2591639550,1298916950,1894238500,0,1394139450,882798950,4171176900
2017-08-03,18400.0,18550.0,17900.0,18150.0,252672.0,-1.6260162601626018,849503700,6822900,2023415300,1699893550,245294000,18200000,2501075650,1815065800,4579635450
2017-08-04,18100.0,18450.0,18100.0,18400.0,136447.0,1.3774104683195594,301950750,11444800,680674600,1505533400,357376000,0,645240700,1496986850,2499603550
2017-08-07,18350.0,19100.0,18250.0,19100.0,273425.0,3.804347826086957,734202550,0,812898500,3625388148,378543650,0,1874309800,2919635748,5172489198
2017-08-08,19100.0,19100.0,18450.0,18550.0,282884.0,-2.8795811518324608,115199000,0,1582271300,3610482700,503032600,18500000,537667250,4248753150,5307953000
2017-08-09,18400.0,18700.0,18400.0,18500.0,102974.0,-0.2695417789757413,375139150,3695000,905209000,626544300,494877700,0,681085150,734624600,1910587450
2017-08-10,18500.0,18900.0,18400.0,18800.0,133539.0,1.6216216216216217,1173245100,7250750,629923050,684536800,646779000,0,897418900,950757800,2494955700
2017-08-11,18550.0,18750.0,18400.0,18600.0,132148.0,-1.0638297872340425,1045209150,925000,898673350,505149100,713956300,0,1092683300,643317000,2449956600
2017-08-14,18600.0,18700.0,18250.0,18300.0,60931.0,-1.6129032258064515,222588400,0,837906650,56698350,190491750,0,522260350,404441300,1117193400
2017-08-16,18250.0,18350.0,18000.0,18050.0,101519.0,-1.366120218579235,433424150,90250,1171050650,233613400,323249200,0,622704550,892224700,1838178450
2017-08-17,18000.0,18250.0,18000.0,18150.0,82588.0,0.554016620498615,201877300,0,825059700,469279250,409551350,4506500,631683250,450475150,1496216250
2017-08-18,17950.0,18250.0,17950.0,18050.0,66948.0,-0.5509641873278237,81105100,0,623860600,507407150,564060650,0,531409150,116903050,1212372850
2017-08-21,18000.0,18150.0,17900.0,18000.0,56582.0,-0.2770083102493075,31115950,136360900,581386150,272699500,268810650,67886550,653826250,31039050,1021562500
2017-08-22,18150.0,18350.0,17900.0,17950.0,94966.0,-0.2777777777777778,185242650,0,1124920500,403447150,884544400,0,523615400,305450500,1713610300
2017-08-23,18000.0,18100.0,17800.0,17850.0,79082.0,-0.5571030640668524,66603850,0,932734050,415126550,248013500,0,955329500,211121450,1414464450
2017-08-24,17800.0,17900.0,17550.0,17700.0,111473.0,-0.8403361344537815,207846300,0,1386324100,378153600,1024365050,0,814224350,133734600,1972324000
2017-08-25,17750.0,18150.0,17700.0,18150.0,94409.0,2.5423728813559325,349429650,0,775228050,576591050,83226500,0,1546385000,71637250,1701248750
2017-08-28,18250.0,18300.0,18050.0,18250.0,45177.0,0.5509641873278237,222395150,18250000,380514050,201658750,125337250,0,563774550,133706150,822817950
2017-08-29,18300.0,18300.0,17900.0,18150.0,89792.0,-0.547945205479452,177624900,718000,968754150,477092200,589207050,0,538880300,496101900,1624189250
2017-08-30,18200.0,18250.0,17900.0,18050.0,57483.0,-0.5509641873278237,149373650,1802000,585735950,297428850,417709950,0,480516250,136114250,1034340450
2017-08-31,18050.0,18550.0,17700.0,18500.0,156813.0,2.4930747922437675,393036150,39749200,1225205650,1191307350,229301050,0,2194799300,425198000,2849298350
2017-09-01,18250.0,18550.0,18050.0,18100.0,146403.0,-2.1621621621621623,148063500,252344900,1893213950,363924550,529515650,56056950,974739050,1097235250,2657546900
2017-09-04,17650.0,17950.0,17550.0,17750.0,98251.0,-1.9337016574585635,343400050,6631000,1026663650,371072350,112625150,0,1076780550,558361350,1747767050
2017-09-05,17950.0,17950.0,17650.0,17650.0,91395.0,-0.5633802816901409,324200950,2196000,727051850,569385050,342268600,0,738446650,542118600,1622833850
2017-09-06,17700.0,17750.0,17250.0,17300.0,205454.0,-1.9830028328611897,435215150,3905800,1534750900,1620078950,628476400,0,1164658350,1800816050,3593950800
2017-09-07,17250.0,17550.0,17250.0,17300.0,105014.0,0.0,298448800,88745500,873553550,562796550,957568750,0,572353250,293622400,1823544400
2017-09-08,17400.0,17600.0,17350.0,17500.0,50735.0,1.1560693641618496,97238250,348000,289226350,498143100,189533700,0,500995000,194427000,884955700
2017-09-11,17650.0,17850.0,17450.0,17650.0,110126.0,0.8571428571428572,538180400,92675000,389651400,921730450,381654200,209560000,885977400,465045650,1942237250
2017-09-12,17700.0,17800.0,17450.0,17700.0,56414.0,0.28328611898017,217099600,0,480125650,297274900,157327350,0,578831050,258341750,994500150
2017-09-13,17600.0,17650.0,17300.0,17350.0,84156.0,-1.977401129943503,222619100,24359500,694224250,524804350,287607200,0,608940350,569459650,1466007200
2017-09-14,17250.0,17700.0,17200.0,17700.0,160038.0,2.0172910662824206,968045000,91407500,596924900,1140132650,917598350,442500,750423400,1128045800,2796510050
2017-09-15,17700.0,17900.0,17450.0,17900.0,108247.0,1.1299435028248588,209098000,4553100,666647850,1044996750,219204500,35800000,1000615450,669675750,1925295700
2017-09-18,17800.0,18200.0,17700.0,18150.0,110721.0,1.3966480446927374,325777650,102355250,577273850,994493600,467328200,0,1055546800,477025350,1999900350
2017-09-19,18000.0,18350.0,18000.0,18050.0,83806.0,-0.5509641873278237,155057500,0,744407000,623446550,267086450,0,728897200,526927400,1522911050
2017-09-20,18100.0,18250.0,17700.0,17700.0,75831.0,-1.9390581717451523,203050400,0,724163500,426514550,468090050,0,474072500,411565900,1353728450
2017-09-21,17550.0,17650.0,17350.0,17400.0,86776.0,-1.694915254237288,72840050,40917500,903338350,496177650,604548250,3480000,629874200,275371100,1513273550
2017-09-22,17300.0,17650.0,17200.0,17250.0,94124.0,-0.8620689655172413,239485200,1727500,681400200,711484050,461619550,0,500945650,671531750,1634096950
2017-09-25,17200.0,17400.0,16650.0,16650.0,99067.0,-3.4782608695652173,163592300,5999500,1237493650,265870550,233655900,0,1059238000,380062100,1672956000
2017-09-26,16600.0,17900.0,16600.0,17800.0,151924.0,6.906906906906906,1090328550,415000,519433800,1038261450,314899900,0,1811128250,522410650,2648438800
2017-09-27,17550.0,17800.0,17450.0,17450.0,39803.0,-1.9662921348314606,110208250,10032000,424126300,154045950,146538300,0,324347850,227526350,698412500
2017-09-28,17200.0,17650.0,17100.0,17650.0,65875.0,1.146131805157593,305805050,9283050,456836100,375651500,347418350,0,526136950,274020400,1147575700
2017-09-29,17800.0,17800.0,17450.0,17700.0,44191.0,0.28328611898017,321843300,0,230624250,226605250,282983600,0,283654600,212434600,779072800
2017-10-10,17650.0,17750.0,17100.0,17100.0,95753.0,-3.389830508474576,165159550,70350000,1055108750,369527050,807763800,0,718393150,133988400,1660145350
2017-10-11,16900.0,17250.0,16900.0,17000.0,79565.0,-0.5847953216374269,20061900,0,731036050,602684250,743576950,0,396847400,213357850,1353782200
2017-10-12,17000.0,17300.0,16900.0,17300.0,99538.0,1.7647058823529411,397821000,16056900,721762000,564191600,974678850,0,582808150,142344500,1699831500
2017-10-13,17250.0,17400.0,17100.0,17350.0,73998.0,0.2890173410404624,392858050,86543100,517736650,280072850,202521550,0,771842450,302846650,1277210650
2017-10-16,17300.0,17650.0,17200.0,17650.0,71759.0,1.729106628242075,238563000,0,681910900,341425850,94902150,0,882456000,284541600,1261899750
2017-10-17,17700.0,17750.0,17000.0,17250.0,110772.0,-2.26628895184136,426387800,0,1153195100,343744450,776488400,97424700,734337300,315076950,1923327350
2017-10-18,17150.0,17750.0,17150.0,17650.0,100987.0,2.318840579710145,666201450,0,787341550,320632250,360677700,0,1237429250,176068300,1774175250
2017-10-19,17750.0,18400.0,17700.0,18050.0,155002.0,2.26628895184136,719459900,5988900,1630903350,452650600,465951050,10357500,2088735650,243958550,2809002750
2017-10-20,18050.0,18300.0,17900.0,17900.0,56908.0,-0.8310249307479225,146278800,0,624433200,258881300,235053450,0,542428500,252111350,1029593300
2017-10-23,17750.0,17950.0,17250.0,17300.0,148146.0,-3.35195530726257,355114200,3167000,1852066350,378382300,1061206100,0,1260940000,266583750,2588729850
2017-10-24,17300.0,17650.0,17300.0,17650.0,41205.0,2.023121387283237,139703000,0,412695200,169241550,123277100,34947750,499648100,63766800,721639750
2017-10-25,17600.0,17700.0,17300.0,17550.0,54798.0,-0.56657223796034,43375500,89184450,637840050,185621400,368451150,0,501036050,86534200,956021400
2017-10-26,17550.0,17800.0,17500.0,17800.0,72762.0,1.4245014245014245,374166150,985600,697444250,211732400,385260100,0,844031300,55037000,1284328400
2017-10-27,17600.0,17950.0,17600.0,17750.0,105537.0,-0.2808988764044944,435692150,0,1152855400,285117400,1059987700,0,655985750,157691500,1873664950
2017-10-30,17750.0,19200.0,17500.0,19000.0,482072.0,7.042253521126761,2303612150,428900,4021729250,2578354600,419756950,472851750,6786389700,1225126500,8904124900
2017-10-31,19150.0,19800.0,18750.0,19600.0,554707.0,3.1578947368421053,2430661400,0,4054645200,4331412400,761164100,125332950,7924780400,2005441550,10816719000
2017-11-01,19300.0,19800.0,19100.0,19450.0,231600.0,-0.7653061224489796,1642450600,1562000,2058083400,806774100,748189900,58736000,3096691350,605252850,4508870100
2017-11-02,19500.0,19500.0,19100.0,19250.0,117053.0,-1.0282776349614395,624461200,0,722024100,905477150,1014623900,390000,928952450,307996100,2251962450
2017-11-03,19400.0,19600.0,19150.0,19250.0,110450.0,0.0,457686300,0,1126170100,553679750,164077100,388000,1694442850,278628200,2137536150
2017-11-06,19400.0,19600.0,19300.0,19550.0,113112.0,1.5584415584415585,766184800,386000,1006254200,428587400,425959850,0,1333576650,441875900,2201412400
2017-11-07,19550.0,20000.0,19550.0,19800.0,148861.0,1.278772378516624,517077600,24099350,1675259800,739687300,381012600,378600,2021857450,552875400,2956124050
2017-11-08,19800.0,20000.0,19550.0,19900.0,149323.0,0.5050505050505051,477810150,592500,1416245800,1063429050,416624950,0,1668733850,872718700,2958077500
2017-11-09,20050.0,20050.0,19600.0,19900.0,117275.0,0.0,1004869750,0,999673800,321712800,854412900,0,1110844950,360998500,2326256350
2017-11-10,19750.0,19900.0,19350.0,19850.0,126507.0,-0.25125628140703515,1072762450,3320000,861155050,549268800,314691000,0,1633782450,538032850,2486506300
2017-11-13,19750.0,19850.0,19450.0,19550.0,71473.0,-1.5113350125944585,503089050,0,700141050,198902750,144890950,25174650,982720250,249347000,1402132850
2017-11-14,19550.0,19800.0,19400.0,19800.0,100562.0,1.278772378516624,495427550,0,1131331300,342042200,102312900,97500,1494396600,371994050,1968801050
2017-11-15,19800.0,19800.0,19400.0,19550.0,77758.0,-1.2626262626262625,559495800,1744400,731022150,228509950,116258300,0,984046150,420467850,1520772300
2017-11-16,19650.0,19650.0,19250.0,19350.0,57952.0,-1.0230179028132993,198121800,4968200,638140500,284030500,324748350,0,678497600,122015050,1125261000
2017-11-17,19350.0,19650.0,19150.0,19250.0,85671.0,-0.516795865633075,187518200,0,890309900,578374300,585696200,0,964566600,105939600,1656202400
2017-11-20,19300.0,19450.0,19050.0,19050.0,91738.0,-1.0389610389610389,98794350,0,1071269300,586678550,643206500,0,882739600,230796100,1756742200
2017-11-21,19000.0,19300.0,18550.0,18750.0,136539.0,-1.574803149606299,288736850,0,1424227300,866574400,288845600,19200,1867842650,422831100,2579538550
2017-11-22,18750.0,19000.0,18550.0,18650.0,119268.0,-0.5333333333333333,167849600,1492000,1284634750,777737950,717700600,0,1149260150,364753550,2231714300
2017-11-23,18700.0,19000.0,18650.0,18700.0,56477.0,0.2680965147453083,82827700,0,727493250,249986450,235846450,0,694249400,130211550,1060307400
2017-11-24,18750.0,18950.0,18650.0,18750.0,47670.0,0.267379679144385,193169000,2246000,636720400,62439750,74999150,0,689042600,130533400,894575150
2017-11-27,18750.0,18950.0,18350.0,18400.0,115051.0,-1.866666666666667,542662850,4842500,1139151700,445467150,614657250,0,1285016000,232450950,2132124200
2017-11-28,18500.0,18850.0,18250.0,18600.0,82260.0,1.0869565217391304,395775500,4231500,672002450,458628300,535538800,0,762512550,232586400,1530637750
2017-11-29,18600.0,18850.0,18600.0,18800.0,76368.0,1.0752688172043012,357432700,1121000,913226600,160458700,288114350,0,740728200,403396450,1432239000
2017-11-30,19100.0,19100.0,18650.0,18850.0,98010.0,0.26595744680851063,535376450,2057000,789354050,522703700,293061700,0,1043869550,512559950,1849491200
2017-12-01,18950.0,18950.0,18550.0,18650.0,100586.0,-1.0610079575596816,276438000,5972000,1346503650,252341750,682263650,0,925525900,273465850,1881255400
2017-12-04,19900.0,19950.0,18850.0,18950.0,290562.0,1.6085790884718498,1097795400,0,3572062800,938981050,1338605050,835800,3355766550,913631850,5608839250
2017-12-05,19250.0,19350.0,18900.0,19350.0,159286.0,2.1108179419525066,748016300,0,1574826150,728535250,450120100,0,2096639450,504618150,3051377700
2017-12-06,19700.0,19700.0,18700.0,18750.0,180002.0,-3.10077519379845,501093700,937500,2689712550,247406850,945533500,0,1678991450,814625650,3439150600
2017-12-07,18800.0,19100.0,18600.0,19050.0,138901.0,1.6,1187388250,0,650556250,783234700,101457350,0,1619197100,900524750,2621179200
2017-12-08,19350.0,19350.0,18700.0,18950.0,131475.0,-0.5249343832020997,981639500,0,1297487300,220451250,282559400,0,1431842900,785175750,2499578050
2017-12-11,19100.0,19300.0,18800.0,19300.0,134509.0,1.8469656992084433,1569019500,0,622712350,389036600,137342650,231400,2082434050,360760350,2580768450
2017-12-12,19200.0,19350.0,19050.0,19200.0,94175.0,-0.5181347150259068,985962800,19150,484955950,343144350,254412800,58050,999734800,559876600,1814082250
2017-12-13,19100.0,19700.0,19100.0,19650.0,156539.0,2.34375,1095564900,0,1112650350,850987000,91206600,548550,2371908750,595538350,3059202250
2017-12-14,19700.0,19800.0,18000.0,18000.0,256665.0,-8.396946564885496,2167659850,0,2097898550,557580500,2373870550,1109600,1467608250,980550500,4823138900
2017-12-15,19000.0,19300.0,18950.0,19300.0,177340.0,7.222222222222221,531888150,15409000,990826950,1859675200,351793300,0,2244607100,801398900,3397799300
2017-12-18,19250.0,19300.0,18900.0,19050.0,76980.0,-1.2953367875647668,347217700,2397300,444266150,674860650,129006100,0,850579050,489156650,1468741800
2017-12-19,18900.0,19250.0,18800.0,18900.0,55373.0,-0.7874015748031495,364415750,3774500,354558100,325456750,120758250,0,579926350,347520500,1048205100
2017-12-20,18800.0,19050.0,18750.0,19000.0,62248.0,0.5291005291005291,797021650,0,179947800,201214200,70210600,0,835605150,272367900,1178183650
2017-12-21,18850.0,19100.0,18250.0,19050.0,75036.0,0.2631578947368421,692522150,0,317014550,401846950,243579700,76400,799606450,368121100,1411383650
2017-12-22,18850.0,19100.0,18600.0,19000.0,70641.0,-0.26246719160104987,607938950,0,373719100,351963650,396795900,0,585249150,351576650,1333621700
2017-12-26,19150.0,19400.0,18950.0,19250.0,88850.0,1.3157894736842104,1113840450,615100,350867800,242215000,203796650,0,1179981900,323759800,1707538350
2017-12-27,18950.0,19050.0,18550.0,18800.0,68311.0,-2.3376623376623376,299985650,0,835947700,146079050,483103300,0,392249300,406659800,1282012400
2017-12-28,18750.0,18950.0,18700.0,18750.0,44304.0,-0.26595744680851063,136164750,0,492790300,203556200,289152450,0,475050450,68308350,832511250
2018-01-02,18750.0,19050.0,18700.0,18850.0,65357.0,0.5333333333333333,195445950,0,561900800,473179100,348680200,0,841104750,40740900,1230525850
2018-01-03,18700.0,19000.0,18700.0,18850.0,90513.0,0.0,368896500,0,804884700,531993400,708348450,0,705467800,291958350,1705774600
2018-01-04,19000.0,19350.0,18800.0,19000.0,117514.0,0.7957559681697612,446210050,0,1082366250,717022000,532821850,15336550,1569117900,128322000,2245598300
2018-01-05,19000.0,19500.0,19000.0,19250.0,104010.0,1.3157894736842104,1022498850,192500,603936500,378550050,429470400,17390000,1422798550,135518950,2005177900
2018-01-08,19450.0,19500.0,18750.0,18950.0,100982.0,-1.5584415584415585,388999800,0,1247941500,288612050,846759000,0,868000300,210794050,1925553350
2018-01-09,18950.0,18950.0,18650.0,18700.0,82589.0,-1.3192612137203166,458727700,18700,956778250,129535550,342938250,0,769891050,432230900,1545060200
2018-01-10,18700.0,19050.0,18700.0,18900.0,93980.0,1.06951871657754,706326500,18750,484163400,586094550,312547050,0,1032469600,431586550,1776603200
2018-01-11,18900.0,19050.0,18650.0,18700.0,95130.0,-1.0582010582010581,530717550,0,742365700,513004650,548637450,138792700,604462200,494195550,1786087900
2018-01-12,17400.0,17600.0,16950.0,17150.0,4165872.0,-8.288770053475936,11393245500,25825000,17431443900,42281288100,6043099150,29686650,4562228950,60496787750,71131802500
2018-01-15,17300.0,17300.0,16900.0,16950.0,374420.0,-1.1661807580174928,606351250,111386550,4910275600,740816300,1039865250,221000,2424939900,2903803550,6368829700
2018-01-16,17000.0,17150.0,16800.0,16900.0,317355.0,-0.2949852507374631,416590500,0,4014734600,948922750,1124505500,11904500,2406703800,1837134050,5380247850
2018-01-17,16850.0,16950.0,16700.0,16800.0,297614.0,-0.591715976331361,360343650,0,3939237250,696161800,810779650,0,1824031850,2360931200,4995742700
2018-01-18,16800.0,17200.0,16800.0,17050.0,239077.0,1.488095238095238,538234300,34486450,2859492900,628808800,662850850,8475000,1825438750,1564257850,4061022450
2018-01-19,16900.0,17000.0,16750.0,16750.0,259024.0,-1.7595307917888565,254315000,10065000,3204946450,888849350,1689994550,2520000,1789168450,876492800,4358175800
2018-01-22,16800.0,17050.0,16750.0,16850.0,242203.0,0.5970149253731344,212877950,16850,2354304500,1512658250,920430550,218400,1138147550,2021061050,4079857550
2018-01-23,16850.0,16950.0,16750.0,16850.0,233198.0,0.0,528416400,0,2081551850,1327064950,622909000,0,1616738500,1697385700,3937033200
2018-01-24,16850.0,17200.0,16850.0,17150.0,245273.0,1.7804154302670623,1049916300,0,2244976550,898822850,63916200,83640550,2243261750,1802897200,4193715700
2018-01-25,17100.0,17550.0,17050.0,17300.0,346175.0,0.8746355685131195,2417376650,0,2297993200,1303567800,511960150,19540200,2978372700,2509064600,6018937650
2018-01-26,17500.0,17500.0,17200.0,17300.0,236151.0,0.0,722179200,0,2803767300,559687950,216040300,0,1830901700,2038692450,4085634450
2018-01-29,17350.0,17400.0,17100.0,17100.0,260164.0,-1.1560693641618496,280499200,17200,3445776850,750809850,323605650,0,1851422550,2302074900,4477103100
2018-01-30,17100.0,17250.0,16950.0,16950.0,287898.0,-0.8771929824561403,439801150,0,3366209450,1107481550,362361150,0,2258355900,2292775100,4913492150
2018-01-31,16750.0,17300.0,16700.0,17150.0,305682.0,1.1799410029498525,1203431700,17250000,2839605800,1150049600,572134950,0,3155342900,1482859250,5210337100
2018-02-01,17100.0,17250.0,17050.0,17200.0,187981.0,0.2915451895043732,1368967250,13711350,1238824550,607826600,594869400,0,1364222650,1270237700,3229329750
2018-02-02,17100.0,17200.0,16800.0,16950.0,220780.0,-1.4534883720930232,385424150,0,2658688400,692064950,390990200,118650,1429029500,1916039150,3736177500
2018-02-05,16850.0,16850.0,16100.0,16150.0,509303.0,-4.71976401179941,265811600,61868550,6923105250,1069797550,2096684200,0,3086388300,3137510450,8320582950
2018-02-06,15650.0,16000.0,15400.0,15750.0,489811.0,-2.476780185758514,939809750,15650000,4655658200,2045973500,1086317800,1252000,2843710450,3725811200,7657091450
2018-02-07,15800.0,15950.0,15450.0,15450.0,240362.0,-1.9047619047619049,220677550,15450000,2886073800,647260800,792734400,0,1687304600,1289423150,3769462150
2018-02-08,15500.0,15750.0,15350.0,15550.0,227102.0,0.6472491909385114,674206750,2621000,1927376900,923855700,913183750,0,913080650,1701795950,3528060350
2018-02-09,15200.0,15550.0,15000.0,15350.0,223144.0,-1.2861736334405145,1196993600,0,1333136250,880778750,405213950,84064300,1504662950,1416967400,3410908600
2018-02-12,15300.0,15550.0,15200.0,15400.0,138652.0,0.32573289902280134,484931350,0,1087425100,558720850,690314650,261450,675249750,765251450,2131077300
2018-02-13,15300.0,15500.0,14850.0,15000.0,227978.0,-2.5974025974025974,358501800,15000000,2326650750,750432950,1267483200,45575000,1576160200,561367100,3450585500
2018-02-14,15050.0,15250.0,14800.0,15000.0,167971.0,0.0,288285250,15000000,1175438300,1033851750,813465700,157312750,619465700,922331150,2512575300
2018-02-19,15200.0,15300.0,15050.0,15250.0,140401.0,1.6666666666666667,239547650,90900,1066155150,822521900,382468800,166381700,893703400,685761700,2128315600
2018-02-20,15200.0,15400.0,15050.0,15050.0,118577.0,-1.3114754098360655,183522750,0,1282283200,337941750,302616500,0,596933150,904198050,1803747700
2018-02-21,15100.0,15300.0,15000.0,15150.0,107796.0,0.6644518272425249,165661900,0,889190550,579221950,310872600,0,525300750,797901050,1634074400
2018-02-22,15050.0,15200.0,15000.0,15100.0,101995.0,-0.33003300330033003,144380350,0,881671550,513804550,240638950,84280000,755852550,459084950,1539856450
2018-02-23,15250.0,15600.0,15100.0,15500.0,143307.0,2.6490066225165565,704868700,0,928714200,571347850,141192700,6283200,1367430450,690024400,2204930750
2018-02-26,15600.0,15650.0,15450.0,15500.0,144881.0,0.0,832567800,0,1222889400,193212800,997845850,0,773714250,477109900,2248670000
2018-02-27,15550.0,15750.0,15450.0,15600.0,124561.0,0.6451612903225806,225690300,0,1496458350,223045600,256175800,0,1120773650,568244800,1945194250
2018-02-28,15450.0,15650.0,15350.0,15450.0,128184.0,-0.9615384615384616,391914450,0,1296763250,299596350,618541100,0,937474800,432258150,1988274050
2018-03-02,15700.0,15800.0,15300.0,15450.0,158919.0,0.0,189701900,3120000,2126693000,139523150,736846050,0,808645850,913546150,2459038050
2018-03-05,15600.0,15900.0,15500.0,15750.0,237004.0,1.9417475728155338,976921350,63000000,2003643550,683919100,413078350,0,2403247600,911158050,3727484000
2018-03-06,15800.0,16150.0,15700.0,15850.0,186369.0,0.6349206349206349,909206500,0,1500613000,562241500,487823000,114480000,1416236050,953521950,2972061000
2018-03-07,16250.0,16450.0,15800.0,15800.0,330083.0,-0.31545741324921134,486377050,16264450,4456938700,379086750,595715900,113050,3294363850,1448474150,5338666950
2018-03-08,15900.0,15900.0,15300.0,15500.0,319677.0,-1.89873417721519,969600150,3837500,3118031950,855365950,1464912000,0,1851079850,1630843700,4946835550
2018-03-09,15800.0,16350.0,15700.0,16050.0,694825.0,3.5483870967741935,1842581100,8111300,6860515550,2451863000,667965000,113050,4862431350,5632561550,11163070950
2018-03-12,16300.0,16450.0,15900.0,15950.0,546130.0,-0.6230529595015576,1208700150,0,6883639400,703268350,817793650,0,2921415400,5056398850,8795607900
2018-03-13,15950.0,16050.0,15600.0,15600.0,464883.0,-2.19435736677116,292740800,46950000,4009351150,3012963800,882326000,0,2030233050,4449446700,7362005750
2018-03-14,15500.0,15650.0,15400.0,15500.0,226317.0,-0.641025641025641,322160400,23250000,2784540400,373751450,921347900,0,1069922800,1512431550,3503702250
2018-03-15,15550.0,15650.0,15300.0,15550.0,159659.0,0.3225806451612903,410842900,0,1348784200,712766850,419350500,15400000,1198638100,839005350,2472393950
2018-03-16,15500.0,15700.0,15350.0,15450.0,293642.0,-0.6430868167202572,1546262900,775000,1893656450,1112400650,361019200,311000,1457744700,2734020100,4553095000
2018-03-19,15450.0,15950.0,15450.0,15600.0,265725.0,0.9708737864077669,177063200,8343100,3011319100,967557300,234937500,0,2149919600,1779425600,4164282700
2018-03-20,15600.0,15800.0,15450.0,15500.0,151555.0,-0.641025641025641,229056400,39923850,1753287950,336570200,442723300,0,1122178900,793936200,2358838400
2018-03-21,15500.0,15700.0,15400.0,15600.0,157892.0,0.6451612903225806,462939350,0,1434623150,556436000,162942000,0,1864245850,426810650,2453998500
2018-03-22,15600.0,16050.0,15600.0,15750.0,288253.0,0.9615384615384616,266563200,0,3458310700,847818400,215965800,15900,3269741550,1086969050,4572692300
2018-03-23,15500.0,15550.0,15050.0,15100.0,305683.0,-4.1269841269841265,155611700,60600000,3940959000,496546750,686493750,30500000,3115852400,820871300,4653717450
2018-03-26,15100.0,15400.0,15100.0,15400.0,131427.0,1.9867549668874174,218798950,6758500,800987100,980840150,236641000,7275550,1318714350,444753800,2007384700
2018-03-27,15400.0,16050.0,15350.0,16050.0,325645.0,4.220779220779221,1423442450,0,1821694550,1898977600,208551000,127415800,3635401600,1172746200,5144114600
2018-03-28,15900.0,15950.0,15700.0,15800.0,226524.0,-1.557632398753894,543598750,0,2462527100,584062200,419532100,0,1312439850,1858216100,3590188050
2018-03-29,15950.0,15950.0,15450.0,15650.0,181288.0,-0.949367088607595,240088650,155500,2273570050,323085850,627501550,0,1219785750,989612750,2836900050
2018-03-30,15800.0,15850.0,15550.0,15800.0,158284.0,0.9584664536741214,313073450,15700,1122026350,1048898700,600433700,46491250,1349823950,487265300,2484014200
2018-04-02,15800.0,16000.0,15550.0,15800.0,209974.0,0.0,836803750,672000,1351215200,1119677600,728490800,12640000,2238913500,328324250,3308368550
2018-04-03,15700.0,16000.0,15550.0,15850.0,156094.0,0.31645569620253167,520662300,0,1078482000,878439100,236266100,0,1848417900,392899400,2477583400
2018-04-04,16300.0,17100.0,16250.0,16600.0,1004986.0,4.73186119873817,2242135800,261235550,13202085850,1107230950,1485026800,79780000,13936071750,1311809600,16812688150
2018-04-05,16850.0,17100.0,16400.0,17000.0,520310.0,2.4096385542168677,721219750,248500,3582883450,4472566800,1036523600,50700000,6846647650,843047250,8776918500
2018-04-06,16650.0,17050.0,16500.0,16700.0,381566.0,-1.7647058823529411,259546300,0,3341600500,2783199900,843873550,0,4731814450,808658700,6384346700
2018-04-09,16700.0,16950.0,16550.0,16850.0,181653.0,0.8982035928143712,194658000,0,1441308800,1415000400,191743200,26960000,2230906750,601357250,3050967200
2018-04-10,16850.0,17000.0,16600.0,17000.0,239253.0,0.8902077151335311,318183800,0,1571943400,2137246750,399471300,169000,2713532200,914201450,4027373950
2018-04-11,16950.0,17100.0,16800.0,17050.0,207217.0,0.29411764705882354,307226700,337000,1558663050,1642238300,490827850,0,2088404950,929232250,3508465050
2018-04-12,16950.0,17000.0,16700.0,16700.0,171765.0,-2.0527859237536656,510209800,0,1742724450,637783250,589201050,1169550,2108281150,192065750,2890717500
2018-04-13,16600.0,17100.0,16600.0,17100.0,271679.0,2.3952095808383236,1079734250,0,1884641650,1646150950,661003200,0,3523059400,426464250,4610526850
2018-04-16,17200.0,17750.0,17150.0,17700.0,426328.0,3.508771929824561,1693662100,246434150,3646999350,1883171450,874382400,28269500,5736868900,830746250,7470267050
2018-04-17,17900.0,17900.0,17500.0,17650.0,372883.0,-0.2824858757062147,962285400,158550000,4354933300,1144053150,1385059000,5090300,4293926500,935746050,6619821850
2018-04-18,17900.0,18400.0,17750.0,18200.0,492237.0,3.1161473087818696,2711923050,27924000,4739994550,1438150150,1209575700,109314850,6949657900,649443300,8917991750
2018-04-19,18650.0,18700.0,18150.0,18200.0,532004.0,0.0,389511800,368000,8246038050,1169498800,828265050,128800,7984827450,992195350,9805416650
2018-04-20,18700.0,18750.0,18050.0,18500.0,334147.0,1.6483516483516485,999757650,35966000,4543976300,579013400,639291300,37105150,4699487850,782829050,6158713350
2018-04-23,19500.0,21550.0,19200.0,19950.0,3036339.0,7.837837837837839,3689832250,337852950,52425585500,5317600050,3624407500,124262250,51786772600,6235428400,61770870750
2018-04-24,20400.0,20700.0,19000.0,20100.0,1266561.0,0.7518796992481203,6092618100,205209600,16811009950,2098836600,1172346600,129124750,18298770500,5607432400,25207674250
2018-04-25,20000.0,20900.0,19300.0,19500.0,695132.0,-2.9850746268656714,1357568600,157636500,10870066800,1480795000,2300279800,60500000,10094323450,1410963650,13866066900
2018-04-26,19350.0,20200.0,19100.0,19700.0,627678.0,1.0256410256410255,2436082050,0,7756336950,2223503300,1015773300,0,9290549750,2109599250,12415922300
2018-04-27,20300.0,22650.0,19250.0,20550.0,4958797.0,4.314720812182741,2598897300,46210600,95431138800,6676203600,4401374650,548626700,86107638600,13694810350,104752450300
2018-04-30,24500.0,26700.0,24100.0,26700.0,11232336.0,29.927007299270077,8921902700,3324343350,267684638900,12254371300,2663329950,3327789900,259526543500,26667592900,292185256250
2018-05-02,28750.0,34700.0,28600.0,32600.0,18670217.0,22.09737827715356,11400677350,5327346000,569323570650,22337553800,21491383850,2760017650,500200697950,83937048350,608389147800
2018-05-03,28450.0,29600.0,25900.0,27000.0,25997078.0,-17.177914110429448,66743660500,4527694850,429572890850,224289838500,19418002550,812349500,344101343050,360802389600,725134084700
2018-05-04,27400.0,33150.0,26950.0,31800.0,22579694.0,17.77777777777778,21974797900,4130571950,628336908400,34597453400,11069443800,4287230350,624197505950,49485551550,689039731650
2018-05-08,30250.0,33800.0,29900.0,31650.0,14579476.0,-0.4716981132075472,6045279700,5517974450,435355844450,18486584500,30180362100,7921420850,396398248650,30905651500,465405683100
2018-05-09,32950.0,34550.0,29900.0,33850.0,19345621.0,6.9510268562401265,16537991050,12358694700,566004125850,41976382900,5155143450,6829626750,575949482000,48942942300,636877194500
2018-05-10,37150.0,37150.0,33200.0,33650.0,4234634.0,-0.5908419497784343,4980394600,542869250,139033675500,2198708300,2868740350,200936400,139612480400,4073490500,146755647650
2018-05-11,32500.0,34350.0,31500.0,34350.0,2641532.0,2.080237741456166,6935559450,612923750,77639142150,2279226850,4354552950,743815600,78335186600,4033297050,87466852200
2018-05-14,35300.0,40150.0,35300.0,40050.0,4645879.0,16.593886462882097,10310617350,2934257750,161495754900,3361220400,18907716550,733014900,152922237000,5538881950,178101850400
2018-05-15,38800.0,40900.0,37000.0,40150.0,11415264.0,0.24968789013732834,3516604950,2448053200,436822105750,7059891050,29589853050,9666242150,381927159600,28663400150,449846654950
2018-05-16,35750.0,38700.0,33300.0,33850.0,13631799.0,-15.69115815691158,12670930200,6890249300,457338250650,12608124200,17916064250,9634695450,450075404550,11881390100,489507554350
2018-05-17,33900.0,37150.0,33850.0,35100.0,8185949.0,3.6927621861152145,3992780200,1116516500,271027753100,15926970450,6702366800,3010449450,279104966150,3246237850,292064020250
2018-05-18,35650.0,36850.0,34050.0,36800.0,4923482.0,4.843304843304843,13997239200,434014000,159748476800,1612156550,2794900150,403480150,168788402150,3805104100,175791886550
2018-05-21,36300.0,36850.0,35100.0,36100.0,3416889.0,-1.9021739130434785,3593379250,5639133750,112940353100,777302450,15300161650,133371150,105972373150,1544262600,122950168550
2018-05-23,34450.0,37200.0,33000.0,35550.0,5529814.0,-1.5235457063711912,8957840650,1873243350,182958433150,3535583400,9550602100,1917277350,183212620000,2644601100,197325100550
2018-05-24,36250.0,36300.0,33550.0,34650.0,2961087.0,-2.5316455696202533,2853957300,675349350,96507502550,2845684250,1229549950,234669150,96599519050,4818755300,102882493450
2018-05-25,28000.0,30300.0,26500.0,28000.0,10079385.0,-19.19191919191919,5189474600,5042314300,264036140350,11646425800,20059291050,4016556000,257543941500,4294566500,285914355050
2018-05-28,35900.0,36400.0,35250.0,36400.0,3131890.0,30.0,223577700,328855550,112515520800,154384650,6008212400,1913778900,103741313700,1559033700,113222338700
2018-05-29,38200.0,41700.0,36650.0,38750.0,15113382.0,6.456043956043957,4358018900,1313692150,578265158050,8937463550,11881527900,3601546800,569531545550,7859712400,592874332650
2018-05-30,40650.0,41350.0,39100.0,40100.0,6512522.0,3.483870967741935,2468581050,8284489500,244824676250,5305963600,4061639250,1097856950,237697769700,18026444500,260883710400
2018-05-31,39500.0,39900.0,37150.0,38650.0,7359146.0,-3.6159600997506236,2704135700,3371686650,269857333050,6819418150,9309643900,258718900,207796953800,65387256950,282752573550
2018-06-01,39750.0,44300.0,38100.0,40250.0,22001937.0,4.139715394566624,18313474850,1105594400,829080377650,62625469150,7155361450,3046689000,869623119400,31299746200,911124916050
2018-06-04,44300.0,45500.0,40350.0,40550.0,11881814.0,0.7453416149068323,4711600650,7450403400,474412649650,15202641750,6286822250,2206258100,463249902400,30034312700,501777295450
2018-06-05,36250.0,39100.0,36250.0,38850.0,22245556.0,-4.192355117139334,49455416800,9276099850,496590080500,260855961950,27157995700,1350290350,357000496250,430668776800,816177559100
2018-06-07,38350.0,39350.0,37250.0,37950.0,7716867.0,-2.3166023166023164,8257352650,621568400,275862581850,12147815500,8425315450,670649900,262009883900,25783469150,296889318400
2018-06-08,39250.0,39550.0,36100.0,36600.0,8369729.0,-3.557312252964427,4309981850,1442775600,265940649350,41865011350,11199871050,502954350,248354189750,53501403000,313558418150
2018-06-11,36700.0,38550.0,35950.0,38400.0,6441650.0,4.918032786885246,9215364650,833219100,215269667200,16207909450,6864522800,939042400,216322051750,17400543450,241526160400
2018-06-12,38650.0,39750.0,34800.0,36600.0,12616070.0,-4.6875,9472312650,2638435350,430719954700,33691919050,6242221600,7474596200,421768380000,41037423950,476522621750
2018-06-14,34850.0,35000.0,31400.0,32000.0,8252137.0,-12.568306010928962,13048767850,775212000,233141830600,25009463500,16499666600,15725192100,224466941050,15283474200,271975273950
2018-06-15,32500.0,33600.0,31700.0,32450.0,6990987.0,1.40625,3273349400,546314250,203609161400,20700033350,3644439100,301235300,202475436200,21707747800,228128858400
2018-06-18,32300.0,33550.0,31800.0,32800.0,4715326.0,1.078582434514638,7773719650,158024300,131243792850,15208109500,3511853000,375131900,134373759350,16122902050,154383646300
2018-06-19,33050.0,33500.0,30900.0,31100.0,4483046.0,-5.182926829268292,6136079150,205487250,121806979650,15205258400,6767469800,935634000,123829514900,11821185750,143353804450
2018-06-20,31100.0,32200.0,30350.0,32150.0,4142048.0,3.376205787781351,1995754400,2612610700,105538615550,18942268750,4224063250,101191250,107217499650,17546495250,129089249400
2018-06-21,31900.0,32250.0,30250.0,30450.0,3202594.0,-5.287713841368585,1259770650,4436543600,82016657850,12772407700,2913426200,782668300,79356361450,17432923850,100485379800
2018-06-22,31150.0,31400.0,28550.0,29650.0,4318210.0,-2.6272577996715927,4933879800,106555500,109476083750,14578504850,8653185850,2165891900,101852058750,16423887400,129095023900
2018-06-25,29300.0,31250.0,28850.0,30250.0,3897210.0,2.0236087689713322,5643842700,180270550,100080395250,11901623700,7183739800,4388512150,95845549150,10388331100,117806132200
2018-06-26,30850.0,32550.0,28950.0,29200.0,7147044.0,-3.4710743801652892,4996734000,302805850,207865376900,8038897050,15571915050,679860150,186976558950,17975479650,221203813800
2018-06-27,29850.0,30700.0,28400.0,29000.0,4345668.0,-0.684931506849315,1718655750,3022855900,114297423400,8911423600,5683890700,341686300,109151217950,12773563700,127950358650
2018-06-28,28850.0,29450.0,27150.0,27300.0,3692093.0,-5.862068965517241,1766989550,110419300,83806402350,18671147150,3155798150,3059625250,88721168150,9418366800,104354958350
2018-06-29,28300.0,28500.0,26800.0,28050.0,3848704.0,2.7472527472527473,6149172250,474668550,84844791200,15256188500,6606048950,14873750,86058605600,14045292200,106724820500
2018-07-02,28100.0,28100.0,25400.0,25550.0,3464850.0,-8.9126559714795,2989178700,2136185050,73360467100,13175413600,5323866200,300590850,75145048900,10891738500,91661244450
2018-07-03,26050.0,26350.0,24850.0,26200.0,3415898.0,2.5440313111545985,3470996350,230925950,72854044500,11595878550,1264427800,1934298150,74839654050,10113465350,88151845350
2018-07-04,26000.0,26450.0,25700.0,25850.0,1936076.0,-1.3358778625954197,2737499450,81300000,43165058150,4342416000,592470850,46334000,40657486100,9029982650,50326273600
2018-07-05,25850.0,26000.0,24500.0,24950.0,2372173.0,-3.481624758220503,2304126200,171541850,48923695900,7939979200,2575598100,111949000,49872829650,6778966400,59339343150
2018-07-06,25200.0,26350.0,24450.0,26050.0,3657462.0,4.408817635270541,10424021050,386992350,73389250300,8678897350,2079110650,480959250,77136918000,13182173150,92879161050
2018-07-09,24700.0,25050.0,23200.0,23400.0,3472571.0,-10.17274472168906,2164715650,1963939250,68611948750,10277070250,6661584050,324041000,66875855200,9156193650,83017673900
2018-07-10,23950.0,24500.0,23850.0,24000.0,1997567.0,2.564102564102564,1852177600,615961400,35932311550,9814440650,2210200600,5197250,41741113250,4258380100,48214891200
2018-07-11,24000.0,26450.0,23800.0,25900.0,5859169.0,7.916666666666666,7959075700,773068050,134300139250,6916639950,2728106300,803158450,139466920900,6950737300,149948922950
2018-07-12,26150.0,26550.0,25150.0,25300.0,3216039.0,-2.3166023166023164,3097445100,398128800,72919274150,6503632350,3068085800,243256700,62833285750,16773852150,82918480400
2018-07-13,25850.0,26550.0,25500.0,26150.0,2718196.0,3.3596837944664033,3481502500,380795950,59096133850,7745926900,1149218400,1930847600,59278117400,8346175800,70704359200
2018-07-16,26750.0,26800.0,25800.0,26100.0,1868329.0,-0.19120458891013384,1614278000,964985750,40756440600,5704338500,1710623250,819700000,37702201950,8807517650,49040042850
2018-07-17,26100.0,26250.0,25350.0,25500.0,1251110.0,-2.2988505747126435,1241164700,633238800,27834024350,2560260850,759020800,673000000,27003744200,3832923700,32268688700
2018-07-18,25450.0,25500.0,23850.0,24050.0,2179799.0,-5.686274509803922,2082759050,217482100,42845662400,8026438700,5111901000,404356950,43332815900,4323268400,53172342250
2018-07-19,24000.0,25050.0,23350.0,23950.0,2081894.0,-0.4158004158004158,843638950,42242100,40530458200,8742941600,626704700,746509000,42384867750,6401199400,50159280850
2018-07-20,24700.0,24950.0,23600.0,23950.0,2404409.0,0.0,1226246450,74390100,48998741800,8062734000,2804455400,44431300,41444862300,14068363350,58362112350
2018-07-23,23650.0,23700.0,22800.0,22800.0,1674533.0,-4.801670146137787,1787311150,136233850,27488407200,9479525000,499130700,95536550,31386504750,6910305200,38891477200
2018-07-24,23350.0,28150.0,23300.0,27100.0,13644316.0,18.859649122807017,6221427850,572372500,320266112300,34081322300,2213933800,1478974050,327232503850,30215823250,361141234950
2018-07-25,27500.0,27950.0,26150.0,26500.0,6248626.0,-2.214022140221402,7226729150,1204374800,145701450400,14654217950,4081438750,1311155500,142412328050,20981850000,168786772300
2018-07-26,26900.0,28550.0,26600.0,27550.0,5019581.0,3.9622641509433962,4854922000,1501255150,120707016900,12161032100,1116248400,1246240850,123245831650,13615905250,139224226150
2018-07-27,27850.0,28700.0,27250.0,27300.0,3098243.0,-0.9074410163339384,2780333200,267363100,77943894100,4996403850,1341031100,669587350,72257564900,11719810900,85987994250
2018-07-30,27600.0,29200.0,27500.0,28250.0,4524356.0,3.47985347985348,8079004700,339402450,106770420600,13428220700,3468553800,389910400,105698557000,19060027250,128617048450
2018-07-31,28950.0,29200.0,26750.0,27200.0,3805684.0,-3.7168141592920354,3066279850,274575350,92744078550,9417843600,1787750750,162516700,82516882750,21035627150,105502777350
2018-08-01,27500.0,28200.0,27150.0,27600.0,2711892.0,1.4705882352941175,3382834850,651026250,60511752800,10519075650,1080478000,216560800,59161861250,14605789500,75064689550
2018-08-02,27350.0,27900.0,26650.0,27200.0,2347170.0,-1.4492753623188406,630055900,222574800,56316024750,6902258600,2247206450,8252350,46362537750,15452917500,64070914050
2018-08-03,27450.0,27550.0,27050.0,27100.0,1548317.0,-0.3676470588235294,1204972500,457203250,36712272000,3836495450,981607550,122950000,31913104900,9193280750,42210943200
2018-08-06,26450.0,26950.0,26000.0,26500.0,1532490.0,-2.214022140221402,1655378700,0,30757076550,8124023550,1790325800,110169550,34371554300,4264429150,40536478800
2018-08-07,26900.0,26900.0,26100.0,26500.0,1003338.0,0.0,221245750,242308000,22655247700,3486407200,1238800000,42405000,22598569750,2725433900,26605208650
2018-08-08,26550.0,27700.0,26300.0,26900.0,2502429.0,1.509433962264151,3049181700,303007250,54991390000,9386111050,1993497150,44061450,52512602400,13179529000,67729690000
2018-08-09,26650.0,27000.0,26350.0,26600.0,1444275.0,-1.1152416356877324,928930250,66425000,35843688100,1944108700,1547292750,6436000,34129789150,3099634150,38783152050
2018-08-10,28150.0,28700.0,27350.0,27800.0,7301917.0,4.511278195488721,20477457150,2438217250,169156560450,12095575100,2948373450,2448589800,156635584400,42135262300,204167809950
2018-08-13,28450.0,29800.0,26600.0,27100.0,10298810.0,-2.5179856115107913,28633861500,1204194900,245127353850,19152077500,2429182600,960618250,257545832150,33181854750,294117487750
2018-08-14,27350.0,28000.0,26700.0,28000.0,3226303.0,3.3210332103321036,4277241900,825362100,76403102000,7344971650,888184700,170276000,76840714900,10951502050,88850677650
2018-08-16,30200.0,31400.0,29500.0,30000.0,7890644.0,7.142857142857142,34551806700,4442239300,189183836500,9798890450,5872063850,3129706800,198481466750,30493535550,237976772950
2018-08-17,30000.0,31350.0,29600.0,31250.0,3414181.0,4.166666666666666,4803028650,1604858000,91024256900,6234560250,731109150,2944395100,90314403050,9676796500,103666703800
2018-08-20,31100.0,32150.0,30800.0,31450.0,3780127.0,0.64,2708779800,2762728250,104101148350,9580682700,1462651000,365967600,104070105150,13254615350,119153339100
2018-08-21,31850.0,32350.0,31100.0,31550.0,3237555.0,0.3179650238473768,1350273300,1321596600,92193527000,7592686150,4320672800,1951769700,79357851350,16827789200,102458083050
2018-08-22,31250.0,31400.0,30200.0,30800.0,3026603.0,-2.3771790808240887,1546552100,2718759950,81112167200,7944163500,4043403400,1902722500,79591920450,7783596400,93321642750
2018-08-23,30700.0,31450.0,30350.0,30850.0,2651192.0,0.16233766233766234,1271675300,1500020200,69078132650,10354582800,1575040600,4012026400,64026669300,12590674650,82204410950
2018-08-24,31300.0,31300.0,30550.0,31050.0,1854311.0,0.6482982171799028,1967196900,630264150,51444294850,3181718850,2480744950,727658850,45969423100,8045647850,57223474750
2018-08-27,28300.0,29000.0,27300.0,27450.0,7069043.0,-11.594202898550725,5404465350,953329250,175244275150,16873817650,53980814800,888577600,123575383600,20031111400,198475887400
2018-08-28,27500.0,27900.0,26750.0,26900.0,3102434.0,-2.0036429872495445,1130725000,709896900,70199734400,12625799550,4289662650,1113213250,70862326350,8400953600,84666155850
2018-08-29,26650.0,27100.0,26350.0,26750.0,1759480.0,-0.5576208178438662,1822794300,712281300,38409615150,6185409300,1285645650,410623750,41207503750,4226326900,47130100050
2018-08-30,27100.0,27900.0,26900.0,27050.0,2948149.0,1.1214953271028036,2638910500,804483800,70413119950,6985530800,5299667400,563565400,64278520250,10700292000,80842045050
2018-08-31,26750.0,27350.0,26350.0,27250.0,1789287.0,0.7393715341959335,1282760200,188212250,44407611700,2345871050,1395677850,257001600,40786550650,5785225100,48224455200
2018-09-03,28200.0,28200.0,27500.0,27700.0,2303382.0,1.651376146788991,1335851700,424308950,59116325200,3145614000,4664737200,294959450,49565904850,9496498350,64022099850
2018-09-04,27650.0,28150.0,27350.0,27950.0,1918592.0,0.9025270758122743,1341543400,86980900,48704517050,3291687200,579898600,11274500,44099813650,8733741800,53424728550
2018-09-05,28400.0,28450.0,27750.0,27950.0,2077875.0,0.0,1791478900,139199500,53329447550,3292854500,1254815650,139062100,51577159100,5581943600,58552980450
2018-09-06,28500.0,29900.0,27200.0,27850.0,6216143.0,-0.35778175313059035,5750419400,904484200,156847033850,15135274150,9372430350,616378000,150948510550,17699892700,178637211600
2018-09-07,28250.0,29550.0,28050.0,29500.0,3992315.0,5.9245960502693,4016562300,497897800,88697276250,22109362450,651910300,370415000,106292230000,8006543500,115321098800
2018-09-10,30400.0,31100.0,30050.0,31100.0,4359753.0,5.423728813559322,6064847350,438543300,114251295850,12885327350,1129223800,587247800,118722700350,13200841900,133640013850
2018-09-11,31900.0,32000.0,30700.0,31050.0,3288096.0,-0.1607717041800643,4217868700,650140150,92213107900,5758843550,1880369150,764172450,88597917950,11597500750,102839960300
2018-09-12,31350.0,31450.0,29950.0,31250.0,2876081.0,0.644122383252818,1601804450,83838900,78319625150,8251208250,1011775400,691579800,79114031400,7439090150,88256476750
2018-09-13,31150.0,31350.0,30700.0,31000.0,1657870.0,-0.8,1513047400,106255900,43796198850,6034785150,4341616450,11421300,42544295850,4552953700,51450287300
2018-09-14,31200.0,31850.0,30600.0,31550.0,3042416.0,1.7741935483870968,1461887350,266375500,83775369000,9503295350,2306329800,323204100,84105754750,8271638550,95006927200
2018-09-17,32150.0,32150.0,31000.0,31600.0,3770932.0,0.15847860538827258,2446403250,1442444000,103346145000,12291226750,3404744900,246333350,104546205250,11328935500,119526219000
2018-09-18,31500.0,31850.0,30650.0,30850.0,3431659.0,-2.3734177215189876,4327469800,367792300,93417901700,9540583750,4114255600,308334800,91367762800,11863394350,107653747550
2018-09-19,31000.0,31800.0,29350.0,30150.0,6747111.0,-2.2690437601296596,3956157900,359600850,182641285550,20805506600,5648619950,198366400,189765957150,12149607400,207762550900
2018-09-20,31450.0,31650.0,29850.0,30350.0,4037963.0,0.6633499170812603,3016924200,2276233850,108858942550,9898423750,3822582750,1779962950,107043632500,11404346150,124050524350
2018-09-21,30350.0,32500.0,30050.0,32450.0,6477907.0,6.919275123558484,7233860800,2140078100,165777384850,30103677700,1677847000,482599950,189782874750,13311679750,205255001450
2018-09-27,32650.0,32850.0,31550.0,31600.0,3723865.0,-2.6194144838212634,4431635650,1250101900,106551612900,7768988200,4362184700,2278322750,94669613150,18692218050,120002338650
2018-09-28,31550.0,31550.0,30250.0,30500.0,2814649.0,-3.481012658227848,2117705650,291405650,75197839250,8769188050,2736491950,1406791350,71349668150,10883187150,86376138600
2018-10-01,30950.0,31800.0,30600.0,30900.0,2451129.0,1.3114754098360655,5078056200,1314617300,65031742150,4984217000,1033274100,229910400,68935469550,6209978600,76408632650
2018-10-02,30500.0,32150.0,30450.0,31300.0,2853466.0,1.2944983818770228,5161748300,253888600,66914412050,17347854950,1654013950,385840550,81470641700,6167407700,89677903900
2018-10-04,32500.0,32900.0,31800.0,32500.0,4296475.0,3.8338658146964857,12395938650,297294450,113446582000,12895646600,899811600,384929000,125245002950,12505718150,139035461700
2018-10-05,32100.0,32500.0,31350.0,31600.0,2405962.0,-2.769230769230769,3491393700,47004800,68366178500,4757489100,5347109550,598251950,62139363050,8577341550,76662066100
2018-10-08,31450.0,32100.0,30950.0,31800.0,1920478.0,0.6329113924050633,4214147350,69226700,52195286200,4191322950,1533947050,149659700,53528179300,5458197150,60669983200
2018-10-10,31050.0,31300.0,26850.0,27050.0,4867261.0,-14.937106918238992,4071512800,620949300,122334052800,13649237600,12848849550,1301721050,106253745800,20271436100,140675752500
2018-10-11,25200.0,26600.0,24600.0,25300.0,3652567.0,-6.469500924214418,2996470700,152433050,74029405150,16517459800,8549659150,52663500,77905195750,7188250300,93695768700
2018-10-12,25400.0,26450.0,24950.0,26200.0,2380105.0,3.557312252964427,5692686650,162037100,48206712850,7598474000,2046205850,186065700,52255468000,7172171050,61659910600
2018-10-15,26200.0,28100.0,26050.0,27000.0,3198520.0,3.0534351145038165,5195363950,30627000,73876563550,7534423200,4738188250,359196000,70742934600,10796658850,86636977700
2018-10-16,27350.0,27550.0,26800.0,27050.0,1537143.0,0.1851851851851852,2672391000,38701600,34872829800,4170447950,488636700,6614600,34191150950,7067968100,41754370350
2018-10-17,27500.0,28200.0,27200.0,27750.0,1856049.0,2.5878003696857674,5260061700,161775850,40588849050,5458048700,549854900,127360000,44960614000,5830906400,51468735300
2018-10-18,28200.0,28450.0,27300.0,27500.0,1267025.0,-0.9009009009009009,1627927450,301410000,31374504700,2004449200,766105750,86311450,28597056650,5858817500,35308291350
2018-10-19,27500.0,28150.0,27300.0,27850.0,1448864.0,1.2727272727272727,2079351350,78862500,33240698450,4918838500,787203750,67748100,35834192400,3628606550,40317750800
2018-10-22,27050.0,27100.0,26050.0,26400.0,1551368.0,-5.206463195691203,2006771450,406651000,36212510050,2471862950,2244515900,543309700,32981363350,5328606500,41097795450
2018-10-23,26600.0,26950.0,25800.0,26100.0,1378770.0,-1.1363636363636365,984530550,949653050,29863357850,4652643550,1596129900,39095500,32024072350,2790887250,36450185000
2018-10-24,26250.0,26450.0,24650.0,24850.0,1820489.0,-4.789272030651341,3129367150,258862100,36542605550,6169026650,2845740450,65947450,38463801200,4724372350,46099861450
2018-10-25,24100.0,25150.0,23850.0,24500.0,1805957.0,-1.4084507042253522,3402477650,0,31736401850,9047126600,1611985950,180474550,36128743500,6264802100,44186006100
2018-10-26,24800.0,25000.0,22400.0,22500.0,2878225.0,-8.16326530612245,1333125700,341832500,53629892550,11518594000,12111917050,25020000,44199531100,10486976600,66823444750
2018-10-29,22150.0,22750.0,20700.0,20750.0,2677472.0,-7.777777777777778,3694445000,157445900,37340820900,17130435200,2320425100,307000000,48616073800,7079648100,58323147000
2018-10-30,20150.0,23700.0,19750.0,22900.0,6250226.0,10.361445783132531,15363126850,171619250,98038221650,20528043350,3687303900,52494100,109685271950,20675941150,134101011100
2018-10-31,22650.0,22950.0,21700.0,21850.0,2023114.0,-4.585152838427948,2618305450,420149450,37325983000,4617768750,3504825100,118399200,31093218250,10265764100,44982206650
2018-11-01,22450.0,23350.0,22350.0,22450.0,1893452.0,2.745995423340961,2338576750,114627300,35224098850,5576542050,1630023400,148469950,38193747000,3281604600,43253844950
2018-11-02,23100.0,24250.0,23100.0,24100.0,2107592.0,7.349665924276169,4875716900,91829700,38858146250,6166711450,1776510900,362256850,42922762050,4930874500,49992404300
2018-11-05,24050.0,24950.0,23500.0,24250.0,1693774.0,0.6224066390041494,474166200,169839850,36128713000,4121580900,3142566200,145278200,31777315450,5829140100,40894299950
2018-11-06,24600.0,24650.0,23600.0,24000.0,1056444.0,-1.0309278350515463,718801300,50459300,21823822550,2854493050,1883392100,519327350,19254685950,3790170800,25447576200
2018-11-07,24300.0,25050.0,21850.0,22500.0,3366815.0,-6.25,1161014600,136755000,63702557850,13843730100,6716593500,593762850,63089828000,8443873200,78844057550
2018-11-08,23000.0,23750.0,22750.0,23200.0,1531860.0,3.111111111111111,3322850200,173565100,24606700600,7468840950,1682181250,123479350,29123275250,4643021000,35571956850
2018-11-09,23200.0,23200.0,22350.0,22650.0,799216.0,-2.3706896551724137,442135850,120707200,15176005650,2406837650,1249019550,2469500,14049955750,2844241550,18145686350
2018-11-12,22200.0,23050.0,22100.0,22500.0,818208.0,-0.6622516556291391,1616592350,22550,13297947950,3584748500,1881279100,86800000,13590709350,2940522900,18499311350
2018-11-13,21850.0,22300.0,21700.0,22200.0,892750.0,-1.3333333333333335,538822700,8900500,13456156350,5651520600,1214676000,6585000,15233402350,3200736800,19655400150
2018-11-14,22900.0,22950.0,22150.0,22250.0,864041.0,0.22522522522522523,1643345600,85644600,14459178550,3208903800,2442697750,9343800,11769942000,5175089000,19397072550
2018-11-15,22150.0,23550.0,22100.0,23450.0,1257600.0,5.393258426966292,4727130200,84090500,19544356600,4565322050,355518900,93590800,25367515850,3104273800,28920899350
2018-11-16,23500.0,23700.0,23050.0,23350.0,826930.0,-0.42643923240938164,867513250,86850000,16182422050,2168892250,1057262150,194456900,13247302900,4806655600,19305677550
2018-11-19,24050.0,25100.0,23750.0,24600.0,1918888.0,5.353319057815846,5373280300,828965000,32834864200,7903443850,3075538800,73313800,37449379700,6342321050,46940553350
2018-11-20,24350.0,25250.0,24250.0,25100.0,1581734.0,2.0325203252032518,2024047250,332937700,31968676300,5020920350,628865250,522634850,31314675100,6880406400,39346581600
2018-11-21,24950.0,26500.0,24650.0,25800.0,2766285.0,2.788844621513944,7582728450,1070248400,55627773900,6931650700,1495972750,731109600,59401387250,9583931850,71212401450
2018-11-22,26250.0,26400.0,25200.0,26000.0,1245149.0,0.7751937984496124,521508050,444700200,28702113000,2460418850,573045400,702899100,26301541450,4551254150,32128740100
2018-11-23,26700.0,28700.0,26400.0,26850.0,4666816.0,3.2692307692307696,1829667150,481127900,119560446900,5848384600,3867831800,562431150,113365497300,9923866300,127719626550
2018-11-26,28750.0,29100.0,26450.0,26700.0,3878094.0,-0.5586592178770949,3420715650,210278000,98911469200,5356252550,7161710550,1090417550,89125349650,10521237650,107898715400
2018-11-27,26400.0,27000.0,25900.0,26700.0,1679592.0,0.0,309812150,8395950,39137962950,5140633550,1460968200,128737750,39524390950,3482707700,44596804600
2018-11-28,26600.0,26800.0,26000.0,26250.0,1295157.0,-1.6853932584269662,1433969400,33146800,27645559450,5108362800,1801320200,2700400,30127968350,2289049500,34221038450
2018-11-29,26950.0,27150.0,26550.0,26650.0,1278088.0,1.5238095238095237,1348358200,304509150,28431457350,4209349800,753945150,26950000,29750045150,3762734200,34293674500
2018-11-30,26850.0,27300.0,26300.0,27100.0,1128193.0,1.6885553470919326,2411896550,476481900,22744896150,4616135250,817666600,0,26031930900,3399812350,30249409850
2018-12-03,28000.0,29250.0,27550.0,29050.0,3583199.0,7.195571955719557,13222615150,748398900,68310230050,20150937500,761623450,1157938050,92692722750,7819897350,102432181600
2018-12-04,28850.0,29500.0,28650.0,29200.0,1912760.0,0.5163511187607573,2024053300,1709685000,44923058250,6998326250,1487327800,170573700,44322649100,9674572200,55655122800
2018-12-05,28750.0,30500.0,28700.0,29850.0,3238959.0,2.2260273972602738,6792563900,325077100,81320569150,7777089100,2527048350,547061950,83637922000,9503266950,96215299250
2018-12-06,29450.0,30000.0,28600.0,28800.0,1697654.0,-3.5175879396984926,2762678600,192161000,41804453850,4933849100,3279503200,31304200,41358996150,5023339000,49693142550
2018-12-07,29500.0,30350.0,29150.0,30150.0,2463205.0,4.6875,3137936850,364969000,60763901250,9288037200,950585500,104310000,66373995000,6125953800,73554844300
2018-12-10,29050.0,29850.0,28200.0,28800.0,2254414.0,-4.477611940298507,2208536700,266526300,56067498450,7073666000,1442172350,305130350,53540839700,10328085050,65616227450
2018-12-11,28650.0,29200.0,27550.0,28650.0,2237774.0,-0.5208333333333333,3554025100,11290000,48648658900,11454612550,3234949350,180954800,54168866600,6083815800,63668586550
2018-12-12,28300.0,29000.0,27000.0,27200.0,2568205.0,-5.06108202443281,1789113600,256291350,60051432450,8950485700,5373470500,1550316650,54176718650,9946817300,71047323100
2018-12-13,27150.0,28600.0,27150.0,28250.0,2355896.0,3.860294117647059,4065242650,10046500,49251038900,12526467550,5945649900,72324400,53896831350,5937989950,65852795600
2018-12-14,28550.0,28750.0,27400.0,28450.0,1841602.0,0.7079646017699115,5038992600,763266150,39316966450,6857023000,978260950,145042500,45164358600,5688586150,51976248200
2018-12-17,28100.0,28200.0,26950.0,27050.0,1514710.0,-4.92091388400703,978041950,114616500,37054622800,3333762700,4489291650,780653850,31885180600,4325917850,41481043950
2018-12-18,26500.0,28000.0,26250.0,27300.0,1355133.0,0.9242144177449169,1161454150,17308200,26999024500,8854944150,1833535000,154260900,33190065950,1854869150,37032731000
2018-12-19,27400.0,27800.0,27200.0,27250.0,794436.0,-0.18315018315018314,1615399650,26218750,18690624600,1426130600,1636895000,23398150,18404651450,1693429000,21758373600
2018-12-20,27550.0,28450.0,27400.0,28050.0,1513769.0,2.9357798165137616,4371344850,459595000,31798995000,5677611750,1685457450,54838600,38290516850,2276733700,42307546600
2018-12-21,28250.0,28650.0,27800.0,28400.0,1490526.0,1.2477718360071302,4390888800,866498100,35174121000,1698769050,1238024300,837031150,33782520450,6272701050,42130276950
2018-12-24,28400.0,28850.0,27700.0,28400.0,1753330.0,0.0,2133792800,382736250,43112499650,3964631300,2232094050,567323000,38921061150,7873181800,49593660000
2018-12-26,28100.0,28550.0,26850.0,26950.0,1892995.0,-5.105633802816902,3824030650,242088900,44495333050,3361138550,2783600700,116989150,39383057800,9638943500,51922591150
2018-12-27,27350.0,28150.0,27100.0,27350.0,1557744.0,1.4842300556586272,2625414000,137900000,26443555600,13918836850,1270484750,993099850,37930350650,2931771200,43125706450
2018-12-28,27650.0,28200.0,27300.0,27850.0,1142262.0,1.8281535648994516,747042000,504533600,22628596300,7872973400,919766050,53540900,27781043350,2998795000,31753145300
2019-01-02,28350.0,28550.0,26650.0,26750.0,1621370.0,-3.949730700179533,666372450,170990950,39378645850,4265090500,6367119950,86440000,29253415450,8774124350,44481099750
2019-01-03,27000.0,29150.0,26650.0,28450.0,2698290.0,6.355140186915888,6089527300,51435350,42772869100,27131349600,3231129900,726637850,68289920400,3797493200,76045181350
2019-01-04,28200.0,28300.0,27600.0,28100.0,1072464.0,-1.2302284710017575,1690722150,56075100,25225259550,3011917750,1190134000,16590000,23006949700,5770300850,29983974550
2019-01-07,28600.0,28850.0,28200.0,28250.0,1105569.0,0.5338078291814947,713794200,85425200,26212162750,4482497900,2967680400,103170300,24114823700,4308205650,31493880050
2019-01-08,28450.0,29450.0,28350.0,28700.0,2009963.0,1.592920353982301,3395766250,237829250,46623611150,7960076900,1816811800,95448500,50909746050,5395277200,58217283550
2019-01-09,29050.0,29100.0,28600.0,28700.0,982343.0,0.0,741867800,43257500,25159016900,2362159200,2299878600,20332800,21272519000,4713571000,28306301400
2019-01-10,28850.0,29000.0,27700.0,27800.0,1383820.0,-3.1358885017421603,1083692600,188116000,33568901250,4073377650,8950132400,48845000,23042733700,6872376400,38914087500
2019-01-11,27850.0,28600.0,27650.0,28300.0,1064494.0,1.7985611510791366,1136397750,51397000,24615263950,4191533800,1598603450,112826900,23961608550,4321553600,29994592500
2019-01-14,28600.0,29650.0,28400.0,29650.0,2351486.0,4.770318021201414,10721854100,535640150,47027979900,10073886200,3280050800,104259450,61529125950,3445924150,68359360350
2019-01-15,29500.0,30050.0,29200.0,29650.0,1728082.0,0.0,1648530450,315789900,46838863800,2423832550,3309879200,73285650,41741300550,6102551300,51227016700
2019-01-16,30000.0,30350.0,29600.0,29650.0,1413622.0,0.0,615621050,8469150,38114889050,3436143500,3467788950,47730500,34601270800,4058332500,42175122750
2019-01-17,29850.0,30000.0,28350.0,28750.0,1427278.0,-3.0354131534569984,973115900,82872500,36230218700,4073219500,8242817500,40651450,28694200050,4381757600,41359426600
2019-01-18,28850.0,29350.0,28500.0,28750.0,1097437.0,0.0,935239650,29550200,28127026600,2603677650,4426453150,429321350,24235774650,2603944950,31695494100
2019-01-21,28900.0,29150.0,28000.0,28100.0,978644.0,-2.2608695652173916,802121600,24338100,24965475700,1906509600,2977311450,176423850,21532132800,3012576900,27698445000
2019-01-22,28100.0,28650.0,28000.0,28100.0,665295.0,0.0,1339956850,41310100,14535434850,2902168600,1359665200,0,16007361450,1451843750,18818870400
2019-01-23,28100.0,28450.0,28050.0,28350.0,604331.0,0.8896797153024912,2371878200,28196750,12387606050,2271520750,1778536500,56500,12236331900,3044276850,17059201750
2019-01-24,28550.0,28800.0,27800.0,27850.0,979657.0,-1.763668430335097,480052800,146141750,25501377650,1250268700,4367210600,214495200,19801791650,2994343450,27377840900
2019-01-25,26950.0,28050.0,26750.0,27950.0,1730662.0,0.3590664272890485,9947881200,62034800,33090723550,4580081850,4935359950,62747750,37730784700,4951829000,47680721400
2019-01-28,28000.0,28000.0,27350.0,27450.0,840192.0,-1.7889087656529516,1557283600,167793500,20179850550,1299605800,1808995100,98852400,15675183750,5621502200,23204533450
2019-01-29,27250.0,27550.0,26050.0,26150.0,1766229.0,-4.735883424408015,913360000,102774850,43136777500,2685752500,9851768850,34886000,28031201400,8920808600,46838664850
2019-01-30,26550.0,27050.0,26350.0,26500.0,1095945.0,1.338432122370937,1184889700,2670000,25326786350,2766353750,4063874750,0,22116611050,3100214000,29280699800
2019-01-31,26700.0,26900.0,26150.0,26450.0,673701.0,-0.18867924528301888,1653907400,21400000,14949588600,1242833500,915664850,14013750,14663951150,2274099750,17867729500
2019-02-01,26950.0,28950.0,26750.0,28400.0,3329269.0,7.372400756143667,7032062200,1021847800,74168662750,11261005050,1773737250,404416500,83751198550,7554225500,93483577800
2019-02-07,29450.0,29900.0,28750.0,29400.0,2306251.0,3.5211267605633805,6357614750,489926800,55579537250,5310421300,1688926850,495022150,56526413800,9027137300,67737500100
2019-02-08,29000.0,29800.0,28750.0,29550.0,1306581.0,0.5102040816326531,2123641000,1104632850,28939089450,6274143700,1148538900,66610000,35382810900,1843547200,38441507000
2019-02-11,29750.0,29750.0,28650.0,28800.0,1152826.0,-2.5380710659898478,938148050,169649500,30158235850,2302126700,3014054800,84785300,24610677500,5858642500,33568160100
2019-02-12,28700.0,29250.0,28150.0,28500.0,927003.0,-1.0416666666666665,1525005300,1015907150,20340827950,3845949250,2823776700,318315900,19317917050,4267680000,26727689650
2019-02-13,28650.0,28750.0,28100.0,28200.0,834767.0,-1.0526315789473684,1139799400,8771500,20912095250,1577177550,6466710550,951835400,13963959350,2255338400,23637843700
2019-02-14,28100.0,28300.0,27350.0,27850.0,950687.0,-1.2411347517730498,1725160850,173156750,22902774500,1549447300,2904118750,1074585700,18634900650,3736934300,26350539400
2019-02-15,27700.0,28250.0,27600.0,28100.0,725743.0,0.8976660682226212,2479426100,255866950,16217443700,1344424650,1416966800,407619500,16726519100,1746056000,20297161400
2019-02-18,28450.0,28500.0,28050.0,28300.0,530152.0,0.7117437722419928,760889800,11320000,13384381450,823443700,330829800,124950950,12452758650,2071495550,14980034950
2019-02-19,28650.0,29250.0,28550.0,28850.0,1250779.0,1.9434628975265018,3099166000,184863600,24515364100,8412135750,805501500,106270200,30309132250,4990625500,36211529450
2019-02-20,29500.0,29550.0,28550.0,28600.0,1040220.0,-0.8665511265164645,1413903450,1029825250,26231794950,1413797500,3138193800,117821600,22932218650,3901087100,30089321150
2019-02-21,28700.0,28900.0,27650.0,28050.0,969730.0,-1.9230769230769231,833308350,25492000,23391384300,3023431100,4401583400,9747500,20355309400,2506975450,27273615750
2019-02-22,28050.0,28750.0,28050.0,28450.0,716084.0,1.4260249554367201,612385500,57553500,17094457600,2614809150,889757550,80003500,18083566650,1325878050,20379205750
2019-02-25,28500.0,28650.0,27800.0,27950.0,1036448.0,-1.7574692442882252,1493806000,254034650,24816676550,2626897050,2470051400,789948550,22817967550,3113446750,29191414250
2019-02-26,28300.0,29650.0,28300.0,29200.0,2774389.0,4.47227191413238,4120042200,251163000,62481097150,14038927400,2097363550,285021100,74295757400,4213087700,80891229750
2019-02-27,29600.0,29750.0,29050.0,29500.0,1872443.0,1.0273972602739725,4074965200,162735900,43761977200,7156281050,570573600,129656800,48423848150,6031880800,55155959350
2019-02-28,29800.0,29800.0,23750.0,25900.0,4488599.0,-12.203389830508476,2966959450,239728700,104969958200,14972610750,8500416350,256264650,93915741850,20476834250,123149257100
2019-03-04,24300.0,25200.0,24000.0,24050.0,4811634.0,-7.142857142857142,3419632200,289062100,102977925100,11153231750,15269755250,24507350,85081933000,17463655550,117839851150
2019-03-05,24000.0,24350.0,23500.0,24150.0,1877566.0,0.4158004158004158,3174549400,73080000,37091225400,4755552350,4623946000,16988400,35739034500,4714438250,45094407150
2019-03-06,23950.0,24300.0,23050.0,23150.0,1732762.0,-4.140786749482402,2250818400,135212950,34147985850,4255553450,5072974450,1188300,29366887250,6348520650,40789570650
2019-03-07,22900.0,23050.0,22250.0,22350.0,1813103.0,-3.455723542116631,2572649300,52262500,30421380950,8005674450,7085964150,3412500,30698538750,3264051800,41051967200
2019-03-08,22350.0,22500.0,21850.0,21950.0,1350211.0,-1.7897091722595078,1837009850,351896750,22354308400,5285317000,4585242550,162951550,18252794350,6827543550,29828532000
2019-03-11,21950.0,22150.0,21450.0,21900.0,1012947.0,-0.22779043280182232,3547136850,96301850,15587496800,2920804650,1132917950,0,16989530150,4029292050,22151740150
2019-03-12,22150.0,22900.0,22050.0,22500.0,1168725.0,2.73972602739726,2514225650,90800,17264509400,6622725350,2379882000,1044150,18710499950,5310125100,26401551200
2019-03-13,22500.0,22850.0,22450.0,22550.0,533584.0,0.2222222222222222,826981850,2280300,9375520600,1869339850,371097250,0,8406522650,3296502700,12074122600
2019-03-14,22700.0,23100.0,22550.0,22550.0,761677.0,0.0,2634663400,25584150,10245468650,4391058300,5737438750,0,8047151900,3512183850,17296774500
2019-03-15,22550.0,22950.0,20850.0,21300.0,2406980.0,-5.543237250554324,2309048750,179361750,38255335950,11113381700,4879303800,142388300,36268859800,10566576250,51857128150
2019-03-18,21600.0,22250.0,21600.0,22100.0,874686.0,3.755868544600939,1089135250,11936450,13545285050,4605209350,463417450,25161900,16015273450,2747713300,19251566100
2019-03-19,22450.0,22450.0,22050.0,22300.0,588224.0,0.904977375565611,461363200,111640000,9193705050,3342338450,267095400,59062850,10374333350,2408555100,13109046700
2019-03-20,22250.0,22350.0,21850.0,22250.0,682111.0,-0.2242152466367713,1605474850,32287050,7999779200,5402441800,2272577900,1203550,8698929050,4067272400,15039982900
2019-03-21,22000.0,22350.0,21650.0,21700.0,592293.0,-2.4719101123595504,829102800,2239650,10201159700,1948778450,1149984950,0,8773795950,3057499700,12981280600
2019-03-22,21650.0,22150.0,21500.0,21850.0,601831.0,0.6912442396313364,1383838900,136079250,7897717050,3710364550,951619800,2206950,11240457500,933715500,13127999750
2019-03-25,21550.0,22750.0,21550.0,22550.0,1036302.0,3.203661327231121,3175378100,321897700,12793023750,6752583950,461304600,31269950,18954754500,3595554450,23042883500
2019-03-26,22850.0,22850.0,22200.0,22350.0,467469.0,-0.8869179600886918,836159250,89422450,8424954750,1148744800,385433000,23126400,7107704400,2983017450,10499281250
2019-03-27,22450.0,22500.0,22000.0,22050.0,388953.0,-1.342281879194631,826349700,81526250,6619657550,1129007500,340509250,22400000,7049412750,1244219000,8656541000
2019-03-28,22050.0,22300.0,21900.0,21900.0,291787.0,-0.6802721088435374,407613950,439200,4887902750,1139139150,490301950,0,5476368950,468424150,6435095050
2019-03-29,22100.0,23300.0,22100.0,23250.0,1547241.0,6.164383561643835,2197663650,17370650,25012807500,8360262650,648155050,352252300,32360039550,2227657550,35588104450
2019-04-01,23650.0,23850.0,23150.0,23450.0,870487.0,0.8602150537634409,3482214000,209939750,15537446650,1196615100,305228450,119362250,14218729850,5782894950,20426215500
2019-04-02,23500.0,23600.0,23100.0,23350.0,495813.0,-0.42643923240938164,780842700,131259500,9435852650,1239313000,620983550,0,9253704450,1712579850,11587267850
2019-04-03,23400.0,23700.0,23400.0,23650.0,538109.0,1.284796573875803,615903850,86427100,9583932700,2392547400,1002149300,3532500,9860263150,1812866100,12678811050
2019-04-04,23750.0,23750.0,23150.0,23350.0,417816.0,-1.2684989429175475,778168100,23300,7248270400,1750635100,1251387400,280800,7742526400,782902300,9777096900
2019-04-05,23450.0,24100.0,23400.0,23950.0,700574.0,2.569593147751606,3456459400,21157000,10906059050,2356485050,746326000,161253550,15080573550,752007400,16740160500
2019-04-08,24050.0,24100.0,23700.0,23800.0,425404.0,-0.6263048016701461,1022499850,4275000,8452439400,655996350,1273699150,11875000,7327471900,1522164550,10135210600
2019-04-09,23800.0,23900.0,23350.0,23700.0,455464.0,-0.42016806722689076,1397269300,23550,7606166950,1737009450,1412184850,0,8234460400,1093824000,10740469250
2019-04-10,23750.0,24100.0,23750.0,23850.0,413974.0,0.6329113924050633,675043000,58574250,6809470600,2346611700,449295450,5364650,8754020000,681019450,9889699550
2019-04-11,24000.0,24300.0,23850.0,24100.0,736122.0,1.0482180293501049,1783985650,0,13010243600,2916079750,1147775900,186922300,14964589150,1411021650,17710309000
2019-04-12,23450.0,23550.0,23200.0,23350.0,771697.0,-3.112033195020747,778520750,99352750,15359986400,1802078600,1795902750,281085450,14267237150,1695713150,18039938500
2019-04-15,23650.0,23700.0,23350.0,23400.0,489575.0,0.21413276231263384,553019650,834347350,8897330100,1210040650,821384800,106225000,9665784700,901343250,11494737750
2019-04-16,23250.0,23900.0,22900.0,23450.0,621412.0,0.2136752136752137,897428100,0,10932896800,2683118450,389051400,5664000,12746632250,1372095700,14513443350
2019-04-17,23250.0,23450.0,22950.0,22950.0,454540.0,-2.1321961620469083,673275700,2490700,8039837200,1795146500,1841118800,184200000,7443444400,1041986900,10510750100
2019-04-18,23050.0,23300.0,22700.0,22750.0,389295.0,-0.8714596949891068,786472500,2280000,6957050450,1187237950,372119900,0,7433545550,1127375450,8933040900
2019-04-19,23000.0,23100.0,22750.0,22800.0,218256.0,0.21978021978021978,115423650,45800,4567658000,306597250,315323950,0,3823471300,850929450,4989724700
2019-04-22,22900.0,23100.0,22650.0,22750.0,299191.0,-0.21929824561403508,181137400,71430000,5713737950,873569900,555261150,0,4632296850,1652317250,6839875250
2019-04-23,22800.0,22850.0,22450.0,22800.0,276527.0,0.21978021978021978,189917200,106097000,4157636450,1816942450,450218300,0,4674509200,1145865600,6270593100
2019-04-24,22850.0,23000.0,22500.0,22550.0,348983.0,-1.0964912280701753,253976800,51140000,6541761450,1089627850,935649550,0,5494665000,1506191550,7936506100
2019-04-25,22600.0,22600.0,22050.0,22100.0,396562.0,-1.9955654101995564,259595750,14237850,6616946600,1920520300,2031726200,6735000,4977665700,1795173600,8811300500
2019-04-26,21900.0,22700.0,21900.0,22350.0,411934.0,1.1312217194570136,650362700,33422350,6148295100,2389605300,1420898750,39025000,6448758250,1313003450,9221685450
2019-04-29,22050.0,22350.0,21650.0,21800.0,553780.0,-2.460850111856823,543378750,30385550,10584184950,915741500,3793039850,2834000,6621507250,1656309650,12073690750
2019-04-30,21850.0,21950.0,21550.0,21700.0,385959.0,-0.45871559633027525,278787850,60616650,6248112500,1786515400,1521818650,4330000,5470606650,1377277100,8374032400
2019-05-02,21400.0,21800.0,21350.0,21450.0,558170.0,-1.1520737327188941,429289100,59829950,10454188250,1066515300,2916127950,242322800,7453896550,1397475300,12009822600
2019-05-03,21450.0,21500.0,20850.0,20900.0,718132.0,-2.564102564102564,100210300,113699650,13878392350,1020420200,4391324350,307046150,8213369200,2200982800,15112722500
2019-05-07,20150.0,20550.0,20100.0,20300.0,815056.0,-2.8708133971291865,553851500,25270600,11884226200,4091841700,6012220350,0,8035125750,2507843900,16555190000
2019-05-08,20300.0,21100.0,20250.0,20400.0,749346.0,0.49261083743842365,974350700,104250,11808312000,2677105350,5109825500,0,8394808650,1955238150,15459872300
2019-05-09,20200.0,20600.0,19800.0,19800.0,788955.0,-2.941176470588235,624825050,100900,13874400000,1340289900,1667868950,49400000,11536241700,2586105200,15839615850
2019-05-10,19500.0,19850.0,18900.0,19100.0,1046212.0,-3.535353535353535,331364150,3608900,15944895650,3851489050,7052441650,274497900,11704057900,1100360300,20131357750
2019-05-13,18600.0,19250.0,18600.0,18950.0,437509.0,-0.7853403141361256,541407250,99348850,5755591350,1933908250,476604600,0,6665278800,1188372300,8330255700
2019-05-14,18600.0,19050.0,18500.0,18700.0,578319.0,-1.3192612137203166,334478250,395750,8234206350,2298721150,889802000,170550,7467325850,2510503100,10867801500
2019-05-15,18700.0,19100.0,18550.0,19050.0,395029.0,1.8716577540106951,130409650,32852950,5197848950,2091234700,430276050,9275000,6069186150,943609050,7452346250
2019-05-16,19450.0,20050.0,19300.0,19450.0,664078.0,2.099737532808399,3379425150,1194032000,7671040000,813265300,555157550,0,9400300750,3102304150,13057762450
2019-05-17,19500.0,20150.0,19350.0,19800.0,517747.0,1.7994858611825193,969335500,24730200,7716176850,1556805400,459727450,0,7758632450,2048688050,10267047950
2019-05-20,20000.0,20100.0,19450.0,19450.0,302995.0,-1.7676767676767675,1051513050,68474250,4400949800,453174300,833866000,0,3751448650,1388796750,5974111400
2019-05-21,19350.0,19600.0,19250.0,19300.0,293877.0,-0.7712082262210797,303040050,599254600,2838759550,1955652600,964420650,0,3968296150,763990000,5696706800
2019-05-22,19250.0,19500.0,19200.0,19450.0,248336.0,0.7772020725388601,287178600,49469550,2817827300,1658315900,711434600,0,3354602900,746753850,4812791350
2019-05-23,19300.0,19450.0,18900.0,19100.0,335621.0,-1.7994858611825193,627770750,38229200,3763247550,1987296350,855412900,0,5058266550,502864400,6416543850
2019-05-24,18650.0,19000.0,18600.0,18850.0,405791.0,-1.3089005235602094,768531450,141197750,4494882700,2213489200,429153750,0,5760689250,1428258100,7618101100
2019-05-27,19000.0,19500.0,18950.0,19400.0,390242.0,2.9177718832891246,1434958850,57750,3623536550,2482591900,176020050,41625000,6354551100,968948900,7541145050
2019-05-28,19500.0,20300.0,19500.0,20300.0,927229.0,4.639175257731959,2456690850,0,8876524050,7289088600,518631100,19819850,10333737450,7750115100,18622303500
2019-05-29,20100.0,20150.0,19600.0,19600.0,385242.0,-3.4482758620689653,620209650,392000,5913786350,1075559650,578112300,0,3994378250,3037457100,7609947650
2019-05-30,19550.0,19600.0,19100.0,19150.0,336489.0,-2.295918367346939,154380900,48643500,5564565000,711932250,558113050,0,3977536250,1943872350,6479521650
2019-05-31,19150.0,19400.0,19000.0,19200.0,261443.0,0.26109660574412535,313979250,0,3765049850,942794400,610484150,172900,2612506950,1798659500,5021823500
2019-06-03,19350.0,19400.0,19100.0,19150.0,289902.0,-0.26041666666666663,355461450,210638400,3809638350,1186430550,1068422700,0,3098423250,1395322800,5562168750
2019-06-04,19150.0,19600.0,19100.0,19250.0,363789.0,0.5221932114882507,118244700,3869500,5080101300,1834423050,609618650,630704650,3530643950,2265671300,7036638550
2019-06-05,19350.0,19500.0,19000.0,19000.0,404878.0,-1.2987012987012987,104368450,477500,5726002250,1921967900,499431300,0,4670651750,2582733050,7752816100
2019-06-07,19150.0,19350.0,19000.0,19300.0,453275.0,1.5789473684210527,463630100,190519100,5420366450,2639704950,407911900,0,4667994350,3638314350,8714220600
2019-06-10,19700.0,20200.0,19550.0,20150.0,771690.0,4.404145077720207,1159079650,59700,10211577550,4007548250,474647850,1772345200,11324056500,1807215600,15378265150
2019-06-11,20350.0,20400.0,20050.0,20250.0,502321.0,0.49627791563275436,243101650,12129350,8536510200,1364189600,376735650,12517650,6994333650,2772343850,10155930800
2019-06-12,21250.0,22650.0,21100.0,21400.0,3223226.0,5.679012345679013,6626695650,850235650,57158701850,5282446400,1055223100,434260250,58271997500,10156598700,69918079550
2019-06-13,21600.0,21850.0,21350.0,21500.0,887522.0,0.46728971962616817,1173895450,17200000,16179891750,1761540300,2219484250,2887750,13585510600,3324644900,19132527500
2019-06-14,21550.0,21800.0,21300.0,21600.0,621866.0,0.46511627906976744,1237112700,0,10832849200,1362461900,958962700,6449150,10543537900,1923474050,13432423800
2019-06-17,21550.0,21800.0,21550.0,21650.0,438527.0,0.23148148148148145,1927110850,361463900,6399519050,822833300,957349400,0,7409434950,1144142750,9510927100
2019-06-18,21950.0,22000.0,21450.0,21550.0,496362.0,-0.4618937644341801,2357719200,4641000,8066072150,340449500,353977650,6622000,9262733250,1145548950,10768881850
2019-06-19,21700.0,22150.0,21550.0,21950.0,801604.0,1.8561484918793503,1944435000,4340000,12841937700,2780450450,980481650,52680000,13735301100,2802700400,17571163150
2019-06-20,21900.0,22150.0,21500.0,21700.0,483943.0,-1.1389521640091116,1246448050,0,8385129750,884626200,588438950,1277355600,6653690700,1996718750,10516204000
2019-06-21,21850.0,21900.0,20950.0,21250.0,582822.0,-2.0737327188940093,560218050,6375000,8426965400,3457566750,1890386050,172200,8094473300,2466093650,12451125200
2019-06-24,22000.0,22200.0,21750.0,22100.0,889395.0,4.0,2273953400,110500000,13683559750,3509402350,679906350,263150000,15692360050,2941999100,19577415500
2019-06-25,22250.0,22250.0,21500.0,21650.0,587116.0,-2.0361990950226243,554134200,47687050,11153130350,1085009700,689314150,137935000,9317421900,2695290250,12839961300
2019-06-26,21600.0,21950.0,21100.0,21700.0,613501.0,0.23094688221709006,3159637450,197551650,9091124350,833574900,1468523200,150400,9024539400,2788675350,13281888350
2019-06-27,21900.0,22000.0,21100.0,21300.0,489888.0,-1.8433179723502304,679885650,175914350,8676507200,1050697850,555108150,0,7813089400,2214807500,10583005050
2019-06-28,21300.0,21800.0,20450.0,21050.0,552515.0,-1.1737089201877933,885740100,88962400,8630593600,1976901450,1218094800,32770650,7976552150,2354779950,11582197550
2019-07-01,22650.0,22850.0,21750.0,22300.0,1471852.0,5.938242280285035,2114580550,13495000,23529449200,6981565650,1697429000,6610000,24065860600,6869190800,32639090400
2019-07-02,22050.0,22250.0,21800.0,21800.0,483302.0,-2.242152466367713,629704600,198350000,7629128650,2170475600,388721150,0,7818836000,2420101700,10627658850
2019-07-03,21800.0,21850.0,20600.0,20700.0,964840.0,-5.045871559633028,583952950,24890000,17457680500,2151614000,4714174650,6717450,11128687900,4368557450,20218137450
2019-07-04,20650.0,20950.0,20400.0,20700.0,467639.0,0.0,416644450,7170150,7658992000,1577151700,1188266100,12421650,6764967750,1694302800,9659958300
2019-07-05,20900.0,21050.0,20650.0,20800.0,359801.0,0.4830917874396135,631419350,68780000,4885038450,1912924300,712038000,0,5691766950,1094357150,7498162100
2019-07-08,20450.0,20600.0,19700.0,19750.0,651714.0,-5.048076923076923,416398600,59850,10288955650,2297428900,1942219400,9900000,10056755850,993967750,13002843000
2019-07-09,19650.0,19950.0,19100.0,19200.0,617256.0,-2.7848101265822782,903545700,0,7520150900,3590171750,1162139050,0,9221862400,1629866900,12013868350
2019-07-10,18700.0,19500.0,18700.0,19200.0,416258.0,0.0,384469050,38458350,5618943350,1948836500,1209660800,0,5723221250,1057825200,7990707250
2019-07-11,19200.0,20200.0,19200.0,19900.0,510042.0,3.6458333333333335,661809500,9549300,7228768600,2094078300,1025910050,2812950,6393196300,2572286400,9994205700
2019-07-12,19800.0,19900.0,19550.0,19800.0,359781.0,-0.5025125628140703,974686400,10587500,4874890450,1249676600,808745350,22970200,4757089000,1521036400,7109840950
2019-07-15,19750.0,20050.0,19600.0,19650.0,333548.0,-0.7575757575757576,1035951800,1170150,4704688350,855513650,792135600,0,4282265400,1522922950,6597323950
2019-07-16,19650.0,19900.0,19500.0,19700.0,299239.0,0.2544529262086514,1659084850,9775000,2718760150,1507081600,590542050,5930000,4336693950,961535600,5894701600
2019-07-17,19500.0,19650.0,18900.0,19050.0,537886.0,-3.2994923857868024,520022650,382000,8482452900,1286277150,1617084600,120547000,5442616150,3108886950,10289134700
2019-07-18,18850.0,19300.0,18650.0,18650.0,490156.0,-2.099737532808399,139058450,9637000,8092298850,1007271700,845425100,3780000,5705270200,2693790700,9248266000
2019-07-19,18750.0,19050.0,18750.0,18950.0,272200.0,1.6085790884718498,655503650,18850,2890784000,1596942700,480220250,2812000,3443496900,1216720050,5143249200
2019-07-22,18850.0,18950.0,18750.0,18800.0,227741.0,-0.79155672823219,111163200,376500,3218566350,968193850,671293900,0,2659744950,967261050,4298299900
2019-07-23,18900.0,19150.0,18700.0,18750.0,302905.0,-0.26595744680851063,609009600,19050,4634413900,478538100,595185650,11468100,3641995800,1473331100,5721980650
2019-07-24,18750.0,18850.0,18300.0,18350.0,444817.0,-2.1333333333333333,153105400,0,6560753200,1542705050,693059850,734000,5769406000,1793363800,8256563650
2019-07-25,17950.0,18300.0,17700.0,17750.0,687125.0,-3.2697547683923704,1254079650,72337000,7772396700,3214454950,2219029400,99001350,8189616700,1805620850,12313268300
2019-07-26,17500.0,17850.0,17250.0,17400.0,488158.0,-1.971830985915493,287425050,9873850,6078594550,2143937350,472614100,0,7039670550,1007546150,8519830800
2019-07-29,16900.0,17000.0,16200.0,16250.0,1013290.0,-6.609195402298851,805405050,26942750,12148052750,3751065650,1160619450,39120000,13471722150,2060004600,16731466200
2019-07-30,16100.0,16900.0,16100.0,16500.0,579585.0,1.5384615384615385,546087800,9949500,5715862350,3341850300,392826800,49650,7786699450,1434174050,9613749950
2019-07-31,16400.0,16750.0,16350.0,16600.0,365291.0,0.6060606060606061,634694150,0,3931721650,1485521150,281136600,11530000,3940223000,1819047350,6051936950
2019-08-01,16400.0,16500.0,16000.0,16100.0,529258.0,-3.0120481927710845,1202859450,0,6124659150,1265439950,369632200,0,5390361700,2832964650,8592958550
2019-08-02,15850.0,16250.0,15600.0,16100.0,450380.0,0.0,901877950,3200000,4164279550,2107645350,605456950,0,5779992400,791553500,7177002850
2019-08-05,15850.0,16050.0,14850.0,14850.0,931951.0,-7.763975155279502,525971900,59545150,10468300250,3176204250,465499400,18313000,11665684550,2080524600,14230021550
2019-08-06,14100.0,15400.0,13850.0,14650.0,1202981.0,-1.3468013468013467,743820700,0,9326372000,7636634900,536149150,472550,14300112450,2870093450,17706827600
2019-08-07,14600.0,15300.0,14600.0,15050.0,634510.0,2.7303754266211606,217949200,297706450,6222531350,2731174450,480257750,2259800,6812512950,2174330950,9469361450
2019-08-08,15350.0,15900.0,15350.0,15500.0,534555.0,2.990033222591362,867308100,0,6019372200,1407357300,826896650,386250,4275606950,3191147750,8294037600
2019-08-09,15600.0,15800.0,15400.0,15600.0,357141.0,0.6451612903225806,72591450,31100000,3801833900,1658198000,650765550,0,3090954750,1822003050,5563723350
2019-08-12,15900.0,16100.0,15750.0,15950.0,350661.0,2.2435897435897436,210813100,574200,4128585500,1244665400,883593600,0,3612590550,1088454050,5584638200
2019-08-13,15750.0,16000.0,15650.0,15750.0,335144.0,-1.2539184952978055,329758900,568550,3704026700,1254830600,1775297400,0,1910412900,1603474450,5289184750
2019-08-14,16000.0,16100.0,15750.0,15950.0,337418.0,1.2698412698412698,156137400,79750,3896812450,1317245800,972519650,24747950,3342915400,1030092400,5370275400
2019-08-16,15650.0,15900.0,15450.0,15900.0,277614.0,-0.3134796238244514,144950700,0,2158768800,2054964850,260563600,0,3114678800,983441950,4358684350
2019-08-19,16100.0,17000.0,16050.0,16950.0,650250.0,6.60377358490566,1575189300,98718300,6543385650,2606592000,802419350,1690000,8384321300,1635454600,10823885250
2019-08-20,17000.0,17100.0,16750.0,17050.0,358836.0,0.5899705014749262,250028800,837500,4481163900,1350270050,998249300,0,3447320150,1636730800,6082300250
2019-08-21,17000.0,17100.0,16650.0,17050.0,304315.0,0.0,352851650,19481750,3474079800,1301658500,695607500,16950000,3187375350,1248138850,5148071700
2019-08-22,16950.0,17050.0,16600.0,16750.0,417039.0,-1.7595307917888565,231714600,35215000,5049189200,1686535850,1262592050,55403100,4302832850,1381826650,7002654650
2019-08-23,16750.0,16850.0,16500.0,16550.0,334161.0,-1.1940298507462688,116296100,68255000,3401873300,1969840750,1049532550,16550000,3741938300,748244300,5556265150
2019-08-26,15950.0,16600.0,15900.0,16300.0,321301.0,-1.5105740181268883,349835100,0,2252489950,2621377100,255458600,52025000,4489442000,426776550,5223702150
2019-08-27,17700.0,17950.0,16150.0,16250.0,1907524.0,-0.3067484662576687,431368650,370785650,29664713700,2034693850,949972350,371705900,20118206050,11061677550,32501561850
2019-08-28,16300.0,16850.0,16250.0,16800.0,516088.0,3.3846153846153846,123328100,85120000,5105161000,3277894550,519577200,16650,7628301000,443608800,8591503650
2019-08-29,16800.0,16950.0,16500.0,16600.0,372682.0,-1.1904761904761905,241698300,17330400,4942867050,1021176350,327800750,19488900,4644663750,1231118700,6223072100
2019-08-30,16700.0,17300.0,16650.0,17150.0,495179.0,3.313253012048193,451383550,17849200,5282493100,2697729050,398921000,37115250,7625880900,387537750,8449454900
2019-09-02,16700.0,17150.0,16600.0,17050.0,341046.0,-0.5830903790087464,570690000,2046000,3741916700,1449689000,106500250,33400000,4691621200,932820250,5764341700
2019-09-03,17000.0,17550.0,17000.0,17450.0,441645.0,2.346041055718475,2479645900,78358700,4186954850,931735400,216242350,25797650,6577840100,856814750,7676694850
2019-09-04,17350.0,17750.0,17300.0,17500.0,387223.0,0.28653295128939826,1016172400,20302500,4656932600,1064943500,512210750,249743800,4113283350,1883113100,6758351000
2019-09-05,17600.0,17750.0,17350.0,17400.0,407834.0,-0.5714285714285714,651927200,5220000,5419998350,1050172700,2033353600,8850000,4220888350,864226300,7127318250
2019-09-06,17500.0,17600.0,17300.0,17400.0,205179.0,0.0,256790150,0,2425020650,888294550,268347400,26125000,2871065550,404567400,3570105350
2019-09-09,17450.0,17550.0,17250.0,17250.0,264100.0,-0.8620689655172413,383935500,0,2925312150,1271334550,360933950,52200000,3810892200,356556050,4580582200
2019-09-10,17900.0,18700.0,17550.0,18600.0,1418860.0,7.82608695652174,1202075700,16414600,21273879500,3269384650,632920450,115929400,22406634850,2606269750,25761754450
2019-09-11,19200.0,19500.0,18350.0,18850.0,1348991.0,1.3440860215053763,2553718750,37838500,21653172850,1240166000,2010486700,13195000,16714335050,6746879350,25484896100
2019-09-16,19400.0,20250.0,19300.0,19950.0,1683927.0,5.835543766578249,2439798300,99240000,27075628850,3728678950,957587900,44120700,28608528450,3733109050,33343346100
2019-09-17,19650.0,20400.0,19300.0,19900.0,922771.0,-0.2506265664160401,4165509100,268409550,12522767850,1441738600,515892700,202465000,14755075600,2924991800,18398425100
2019-09-18,20000.0,20450.0,19600.0,20250.0,676945.0,1.7587939698492463,1169926100,60512500,10325609800,2064996950,240644750,8404750,10858985100,2513010750,13621045350
2019-09-19,20250.0,20500.0,20000.0,20050.0,470868.0,-0.9876543209876543,714243200,2818500,8146677150,640827600,765098450,12768350,6539404300,2187295350,9504566450
2019-09-20,20150.0,20550.0,20050.0,20550.0,621350.0,2.493765586034913,1600442900,64027750,8107321450,2856721250,705174900,109704200,10008798800,1804835450,12628513350
2019-09-23,21050.0,21150.0,20600.0,20800.0,796523.0,1.2165450121654502,1041580050,22662250,14638362250,891067300,2775054500,171811800,10072321850,3574483700,16593671850
2019-09-24,20500.0,20800.0,20050.0,20650.0,655962.0,-0.7211538461538461,607470500,24770400,10799991050,1981630550,612087350,46573050,12052938800,702263300,13413862500
2019-09-25,20500.0,20500.0,19200.0,19450.0,1046381.0,-5.811138014527845,761846700,77389300,15605310850,4316927100,1491048150,697166150,16909279250,1663980400,20761473950
2019-09-26,19900.0,20050.0,19300.0,19650.0,532790.0,1.0282776349614395,254453000,110749500,7340088000,2818523050,467496050,49834400,8650226900,1356256200,10523813550
2019-09-27,19300.0,20000.0,19250.0,19650.0,431253.0,0.0,113642900,6871400,6454996300,1879983800,970347100,23220000,6604732800,857194500,8455494400
2019-09-30,19400.0,19700.0,19050.0,19500.0,323941.0,-0.7633587786259541,287788100,389750,4884306750,1118281200,450083600,39049100,5206360900,595272200,6290765800
2019-10-01,19350.0,19900.0,19250.0,19400.0,446383.0,-0.5128205128205128,679681750,310500,7366186400,698901750,511438850,14362000,7386004700,833274850,8745080400
2019-10-02,20200.0,20350.0,19600.0,19750.0,831953.0,1.804123711340206,977786600,32720200,13967301400,1602288300,2081630550,7337100,9807890450,4683238400,16580096500
2019-10-04,19950.0,19950.0,19350.0,19400.0,453904.0,-1.7721518987341773,495411200,52790750,7827550450,522820000,832548600,4676700,5841943700,2219403400,8898572400
2019-10-07,17800.0,18250.0,17700.0,17800.0,1288807.0,-8.24742268041237,1860300000,78252500,16301348900,4831401300,979425450,20889300,19620042100,2450945850,23071302700
2019-10-08,17800.0,18600.0,17800.0,18450.0,634352.0,3.651685393258427,1925871400,92038500,4758987450,4760649950,469221100,3024700,10338013850,727287650,11537547300
2019-10-10,18200.0,18600.0,18150.0,18400.0,344487.0,-0.27100271002710025,1951646650,25113500,2783403950,1575173100,909366900,11163000,4157752750,1257054550,6335337200
2019-10-11,18750.0,18750.0,18300.0,18300.0,220432.0,-0.5434782608695652,250403550,367250,3086588300,721643850,463875500,0,2660901750,934225700,4059002950
2019-10-14,18450.0,19100.0,18450.0,18900.0,367747.0,3.278688524590164,1034954300,210999600,3477926550,2196514300,107818850,3810000,5778807300,1029958600,6920394750
2019-10-15,18800.0,19050.0,18750.0,18750.0,175983.0,-0.7936507936507936,384117250,752500,2463986350,466065400,296149100,75200,2417347200,601350000,3314921500
2019-10-16,18750.0,18950.0,18650.0,18750.0,238336.0,0.0,524016500,374000,2573653900,1376931950,136151700,18750000,3341906800,978167850,4474976350
2019-10-17,18800.0,18950.0,18400.0,18400.0,235164.0,-1.866666666666667,369565400,8189250,2903576850,1091306550,899187750,0,3212798550,260651750,4372638050
2019-10-18,18550.0,18850.0,18400.0,18400.0,186978.0,0.0,346982100,1875000,2111892150,1016065650,309941250,94277300,2700806650,371789700,3476814900
2019-10-21,18200.0,18250.0,17500.0,17600.0,516760.0,-4.3478260869565215,246562750,1785000,7446589100,1479856450,875183750,88700000,6224597000,1986312550,9174793300
2019-10-22,17850.0,18200.0,17600.0,18100.0,346116.0,2.840909090909091,585105600,235250000,2903643100,2485953700,629737900,27911100,5305475900,246827500,6209952400
2019-10-23,17500.0,17700.0,17200.0,17250.0,584562.0,-4.696132596685083,200824700,3033250,8605102400,1370642650,839202650,53835000,7536871900,1749693450,10179603000
2019-10-24,17300.0,17800.0,17200.0,17650.0,392945.0,2.318840579710145,561406800,95756000,3780266450,2443591950,450951850,12996950,5360828650,1056243750,6881021200
2019-10-25,17700.0,17800.0,17350.0,17500.0,234853.0,-0.84985835694051,191923100,1135000,2707703450,1218094950,332909200,0,3102616250,683331050,4118856500
2019-10-28,17000.0,17050.0,16350.0,16550.0,1022584.0,-5.428571428571429,440728700,1645000,13346089000,3225669500,3013573150,173841250,9088538500,4738179300,17014132200
2019-10-29,16500.0,16800.0,16500.0,16600.0,383408.0,0.3021148036253776,255871100,14960000,4421927300,1678480000,1160975700,415000,4220418500,989429200,6371238400
2019-10-30,16300.0,16450.0,16200.0,16250.0,373957.0,-2.108433734939759,868443950,3250000,3942933100,1280993500,1251019800,0,4262422800,582177950,6095620550
2019-10-31,16250.0,16400.0,16000.0,16100.0,436634.0,-0.9230769230769231,219014850,12408000,5073871800,1754913800,1241229700,17765100,4416585900,1384627750,7060208450
2019-11-01,15950.0,16050.0,15850.0,15950.0,407999.0,-0.9316770186335404,181715550,0,5040964050,1287506400,2043919800,0,3353646850,1112619350,6510186000
2019-11-04,16000.0,16250.0,15850.0,16100.0,580116.0,0.9404388714733543,509830150,8845000,7149611500,1659330150,1370475900,48115900,6338470850,1570554150,9327616800
2019-11-05,16500.0,17000.0,16450.0,16700.0,749911.0,3.7267080745341614,323429000,170495000,8623881550,3418125350,857914600,336000,8311500800,3366179500,12535930900
2019-11-06,16850.0,17200.0,16600.0,16700.0,524519.0,0.0,270973450,6800000,7836986450,706032900,805928650,0,4837178500,3177685650,8820792800
2019-11-07,16550.0,16550.0,16350.0,16400.0,348122.0,-1.7964071856287425,373668300,157374400,4437290750,744495250,813921600,0,3586358850,1312548250,5712828700
2019-11-08,16400.0,16900.0,16400.0,16900.0,386117.0,3.048780487804878,474152400,0,4580404600,1378153650,860375550,2897100,4858671300,710766700,6432710650
2019-11-11,16700.0,16800.0,16250.0,16350.0,327225.0,-3.2544378698224854,260430400,8928550,4837751650,265468500,1574976050,157046400,2220813550,1419743100,5372579100
2019-11-12,16400.0,16450.0,16100.0,16200.0,322474.0,-0.9174311926605505,385975150,3260000,4045464750,791018150,1208229800,7312500,3007438150,1002737600,5225718050
2019-11-13,16200.0,16350.0,16050.0,16050.0,254252.0,-0.9259259259259258,188618550,8047800,3217927750,696872600,833760550,0,2429468600,848237550,4111466700
2019-11-14,16200.0,16450.0,16050.0,16450.0,290118.0,2.4922118380062304,788538050,15617000,3256972150,639591700,913658750,19380000,2926148250,841531900,4700718900
2019-11-15,16500.0,16500.0,16200.0,16400.0,316980.0,-0.303951367781155,746165300,0,4072549050,368539350,624409850,4935000,3274707500,1283201350,5187253700
2019-11-18,16950.0,17100.0,16650.0,16850.0,694163.0,2.7439024390243905,429810900,6962800,9228862500,2038662150,481210500,16362950,9268931650,1937793250,11704298350
2019-11-19,16700.0,16700.0,16300.0,16400.0,334941.0,-2.6706231454005933,344253900,1645000,4585205000,581381250,417355550,0,3459899950,1635229650,5512485150
2019-11-20,16350.0,16350.0,16000.0,16050.0,403415.0,-2.1341463414634148,327580900,23187500,5515711400,641374150,565822650,0,3097733900,2844297400,6507853950
2019-11-21,15950.0,16050.0,15250.0,15300.0,732303.0,-4.672897196261682,556744650,10075000,9684292950,1137465700,1069170450,42654850,5711195000,4565558000,11388578300
2019-11-22,15200.0,15650.0,14750.0,14950.0,765198.0,-2.287581699346405,380610050,592024700,9261170200,1295717850,2188226450,2371500,6492913050,2846011800,11529522800
2019-11-25,14950.0,15150.0,14850.0,15000.0,439112.0,0.33444816053511706,444437500,45000,5444027300,697157950,1720019500,0,3663804500,1201843750,6585667750
2019-11-26,15050.0,15150.0,14950.0,15150.0,414141.0,1.0,615937850,1857300,4779913300,839103200,1695556500,30000000,3139852750,1371402400,6236811650
2019-11-27,15250.0,15450.0,15100.0,15300.0,417421.0,0.9900990099009901,1071193500,76300000,3798565500,1419914200,840291300,0,3282899450,2242782450,6365973200
2019-11-28,15200.0,15400.0,15100.0,15200.0,265114.0,-0.6535947712418301,713435700,30550,2738155900,592629850,919291700,0,2574642950,550317350,4044252000
2019-11-29,15300.0,15500.0,15100.0,15150.0,309701.0,-0.3289473684210526,670974550,45450,3223640250,822568250,976252000,0,2854094550,886881950,4717228500
2019-12-02,15050.0,15250.0,14750.0,14900.0,370104.0,-1.65016501650165,374038300,119100,4102913350,1033528900,1324149950,0,3091648550,1094801150,5510599650
2019-12-03,14700.0,15350.0,14500.0,15200.0,540278.0,2.013422818791946,184736750,87550,6614511550,1254373100,395520350,0,5530870000,2127318600,8053708950
2019-12-04,14800.0,14950.0,14700.0,14750.0,265592.0,-2.9605263157894735,552343100,2960000,2833283050,540100750,240157400,0,2602184600,1086344900,3928686900
2019-12-05,14700.0,14850.0,14500.0,14500.0,301190.0,-1.694915254237288,153576450,4429050,3779792350,465857150,202956050,0,3102751350,1097947600,4403655000
2019-12-06,14500.0,14800.0,14500.0,14750.0,207339.0,1.7241379310344827,370299050,3675000,1890247150,780849600,172893500,73500,2425929900,446173900,3045070800
2019-12-09,14700.0,14800.0,14550.0,14700.0,218476.0,-0.3389830508474576,655211500,0,1788506350,768538350,1281388350,0,1698401900,232465950,3212256200
2019-12-10,14650.0,14800.0,14600.0,14800.0,191582.0,0.6802721088435374,399099550,29350,2206437000,215032200,179354000,3835000,1977720300,659688800,2820598100
2019-12-11,14850.0,15150.0,14800.0,15000.0,249460.0,1.3513513513513513,533553200,90000000,2542834750,576500900,429790300,0,2456334100,856764450,3742888850
2019-12-12,15100.0,15600.0,15000.0,15450.0,541977.0,3.0,1728697450,5793750,4549746150,2035933850,1347670900,5767550,5116704150,1850028600,8320171200
2019-12-13,15450.0,15600.0,15350.0,15550.0,328505.0,0.6472491909385114,771878850,83986750,3438565200,792457600,333785950,18324400,3729138150,1005639900,5086888400
2019-12-16,15600.0,15800.0,15400.0,15600.0,368162.0,0.3215434083601286,722278750,22490000,4205996400,780100900,358568600,23323900,3944948300,1404025250,5730866050
2019-12-17,16150.0,16250.0,15250.0,15300.0,810635.0,-1.9230769230769231,399128650,20765200,11736557100,593996850,1354146550,1672200,7551217750,3843411300,12750447800
2019-12-18,15300.0,16050.0,15150.0,15950.0,555849.0,4.248366013071895,764861200,48202000,6301590200,1552701450,331144250,1632850,6949124250,1385453500,8667354850
2019-12-19,16100.0,16200.0,15700.0,15850.0,508484.0,-0.6269592476489028,274192700,0,6960942950,844126950,438330200,52075700,5427528050,2161328650,8079262600
2019-12-20,15950.0,16150.0,15800.0,15900.0,481392.0,0.31545741324921134,395563350,105851100,5563717500,1620555050,158138350,0,6585047900,942500750,7685687000
2019-12-23,15800.0,15850.0,15250.0,15550.0,413140.0,-2.20125786163522,569223250,51157350,4151210100,1650980650,223081350,746000,5324908100,873835900,6422571350
2019-12-24,15750.0,16000.0,15450.0,15500.0,360247.0,-0.3215434083601286,393147950,36542850,4712897650,514921900,163237150,141150000,4082864850,1270258350,5657510350
2019-12-26,15600.0,15750.0,15550.0,15650.0,361216.0,0.967741935483871,955960700,249328950,3776888950,675924800,119213900,2456450,4385594250,1150838800,5658103400
2019-12-27,15600.0,15850.0,15400.0,15700.0,322411.0,0.3194888178913738,272195700,14177100,3992246750,763515300,463500150,7715800,3976167000,594751900,5042134850
2019-12-30,15600.0,15800.0,15500.0,15600.0,367185.0,-0.6369426751592357,391411450,8580000,4249402800,1088759850,874990400,234765650,3793583750,834814300,5738154100
2020-01-02,15600.0,15600.0,15400.0,15450.0,313009.0,-0.9615384615384616,290247950,154500000,3883671150,515420800,1471978600,0,3042602900,329258400,4843839900
2020-01-03,15500.0,15700.0,15350.0,15450.0,414893.0,0.0,299494550,0,4700591100,1431168550,783556950,214428050,4427559850,1005709350,6431254200
2020-01-06,15350.0,15400.0,14950.0,14950.0,570371.0,-3.2362459546925564,1570268600,14994900,5798266300,1210495400,638978800,150500000,5314418500,2490127900,8594025200
2020-01-07,15050.0,15350.0,15050.0,15050.0,335907.0,0.6688963210702341,320938500,130315450,3447931500,1203633350,342844250,485050,3927738900,831750600,5102818800
2020-01-08,15000.0,15050.0,14150.0,14300.0,792494.0,-4.983388704318937,314046600,15088250,10024295050,1135710900,741462300,16024000,8098310100,2633344400,11489140800
2020-01-09,14700.0,15550.0,14650.0,15400.0,694244.0,7.6923076923076925,710597750,4928000,7321391550,2455418200,632826200,11785150,8229651900,1618072250,10492335500
2020-01-10,15400.0,15700.0,15250.0,15600.0,428378.0,1.2987012987012987,247394750,3090000,4478817300,1909018700,856896950,30800,5057223850,724169150,6638320750
2020-01-13,15400.0,17600.0,15250.0,17250.0,3474466.0,10.576923076923077,8029754800,70417000,43100017350,7476428650,549358450,314257500,53566238500,4246763350,58676617800
2020-01-14,17450.0,17500.0,16850.0,17150.0,1102477.0,-0.5797101449275363,1472952950,168066800,15207403650,2053208300,519607600,38935600,16293928300,2049160200,18901631700
2020-01-15,17150.0,17650.0,16950.0,17450.0,875528.0,1.749271137026239,1044985550,25651500,12029164300,2056646200,388275950,1750000,12413134950,2353286650,15156447550
2020-01-16,17550.0,17550.0,16450.0,16600.0,1096929.0,-4.871060171919771,2010510250,34407400,14861027150,1576040350,1485802050,450131050,12165394400,4380657650,18481985150
2020-01-17,16700.0,16900.0,16200.0,16250.0,648650.0,-2.108433734939759,284131650,41502500,9025937650,1347196600,1625451950,3139650,7359824850,1710351950,10698768400
2020-01-20,16250.0,16600.0,16100.0,16200.0,435046.0,-0.3076923076923077,602448200,106553000,5722946700,686370000,411410850,10315600,5670540350,1026051100,7118317900
2020-01-21,16150.0,16800.0,16150.0,16300.0,525619.0,0.6172839506172839,233647350,32700000,6762846400,1613473350,536401300,5670800,6198075250,1902519750,8642667100
2020-01-22,16450.0,16550.0,16000.0,16150.0,501098.0,-0.9202453987730062,425543650,33615000,6961186750,674353100,1831316700,5133500,4344365350,1913882950,8094698500
2020-01-23,16250.0,16250.0,15950.0,16100.0,377966.0,-0.30959752321981426,472433450,2892700,4774384500,827069050,1401621500,51922700,3992376500,630859000,6076779700
2020-01-28,15300.0,15550.0,14950.0,15000.0,958055.0,-6.832298136645963,471311150,155279750,12400508100,1481999700,2677704650,30200000,9109811550,2691382500,14509098700
2020-01-29,15100.0,15250.0,14850.0,14950.0,430331.0,-0.33333333333333337,305597500,19500000,5306646650,819960350,1139498700,3900000,4064738650,1243567150,6451704500
2020-01-30,14850.0,15050.0,14350.0,14400.0,582874.0,-3.678929765886288,263558350,43050000,7256895250,941723900,977620750,88889950,6237512600,1201204200,8505227500
2020-01-31,14350.0,14750.0,14250.0,14250.0,535258.0,-1.0416666666666665,726595900,28500000,5852642750,1153343600,468844800,2352000,4652250750,2637634700,7761082250
2020-02-03,14050.0,14250.0,13650.0,14200.0,674035.0,-0.3508771929824561,611201750,15369200,7351321300,1438435950,1020079100,68750000,6014848000,2312651100,9416328200
2020-02-04,14250.0,14700.0,14200.0,14550.0,415543.0,2.464788732394366,206614400,11435000,4182317550,1609108800,1012524150,48450000,3646867100,1301634500,6009475750
2020-02-05,14650.0,14750.0,14450.0,14600.0,392867.0,0.3436426116838488,258274300,51020000,3811257050,1612844900,1134064750,0,3651240250,948091250,5733396250
2020-02-06,14650.0,15150.0,14650.0,15050.0,453150.0,3.0821917808219177,726484200,8970000,3896846800,2160960550,615019250,0,5615660750,562581550,6793261550
2020-02-07,15250.0,15400.0,14950.0,15100.0,470182.0,0.33222591362126247,311952300,32955100,5127646650,1632782350,1634578500,0,4435595050,1035162850,7105336400
2020-02-10,15300.0,15950.0,15150.0,15850.0,633716.0,4.966887417218543,635793650,352641300,6408351700,2423573650,466187450,16177900,8187932250,1150062700,9820360300
2020-02-11,15500.0,15650.0,15300.0,15600.0,455702.0,-1.5772870662460567,501295500,6440750,5256381950,1297410900,335005450,15550,5552814850,1173693250,7061529100
2020-02-12,15450.0,15700.0,15300.0,15550.0,348697.0,-0.3205128205128205,632230850,21252000,3378986850,1361837950,686212000,84418500,3960545300,663131850,5394307650
2020-02-13,15600.0,16000.0,15400.0,15400.0,548471.0,-0.964630225080386,477684900,31350,5287148350,2810677450,705702250,5389700,6321118900,1543331200,8575542050
2020-02-14,15400.0,15750.0,15400.0,15700.0,311303.0,1.948051948051948,380224750,0,2902990400,1565277650,400222750,504955000,3343986600,599328450,4848492800
2020-02-17,15650.0,15800.0,15350.0,15800.0,276594.0,0.6369426751592357,242076500,0,2558448100,1524435450,334976650,0,3825949350,164034050,4324960050
2020-02-18,15800.0,15800.0,15400.0,15450.0,326006.0,-2.2151898734177213,264445500,4645000,3528276600,1257662900,496874450,30876000,3736564300,790715250,5055030000
2020-02-19,15500.0,15600.0,14900.0,15350.0,380758.0,-0.6472491909385114,366397450,0,3346402350,2084688500,583355150,80605000,4375969700,757558450,5797488300
2020-02-20,15300.0,15350.0,14850.0,14950.0,397848.0,-2.6058631921824107,251340750,48203600,4187385100,1497097200,1312784350,4650900,4115765250,550826150,5984026650
2020-02-21,14650.0,15000.0,14400.0,14450.0,489332.0,-3.3444816053511706,219623700,0,6179245200,759895400,488457500,32025850,5494925500,1143355450,7158764300
2020-02-24,14000.0,14100.0,13500.0,13600.0,847340.0,-5.88235294117647,556042800,82748000,10138666500,942187050,468820350,55625000,8165751600,3029447400,11719644350
2020-02-25,13350.0,14100.0,13350.0,14000.0,571264.0,2.941176470588235,531436250,0,5465861600,1913435050,486208200,54530000,5667416850,1702577850,7910732900
2020-02-26,13700.0,14200.0,13600.0,14000.0,381461.0,0.0,491815300,1405000,2969388300,1862100750,724446950,3774700,3716072550,880415150,5324709350
2020-02-27,14000.0,14200.0,13600.0,13700.0,429964.0,-2.142857142857143,468639150,0,4541458000,935447650,803216800,18604600,3547318450,1576404950,5945544800
2020-02-28,13400.0,13550.0,13100.0,13200.0,647492.0,-3.64963503649635,717126450,0,6773002000,1102406800,537346500,39459050,5949964700,2065765000,8592535250
2020-03-02,13200.0,13400.0,13000.0,13250.0,513616.0,0.3787878787878788,484357250,0,4475841150,1835364000,770708550,0,3899011500,2125842350,6795562400
2020-03-03,13550.0,14100.0,13450.0,13550.0,558657.0,2.2641509433962264,327042200,0,4997766000,2353783250,757815200,0,5851422700,1069353550,7678591450
2020-03-04,13500.0,13800.0,13450.0,13750.0,342438.0,1.4760147601476015,568132200,2055000,3191640600,928068450,515344150,0,3325888650,848663450,4689896250
2020-03-05,13900.0,14150.0,13700.0,13900.0,465980.0,1.090909090909091,414468950,0,4061259400,2034261250,690350250,82915100,5288509900,448214350,6509989600
2020-03-06,14350.0,14400.0,13650.0,13800.0,591496.0,-0.7194244604316548,383645500,18872000,6445511250,1383793800,823027300,17040000,4876303350,2515451900,8231822550
2020-03-09,13450.0,13500.0,13050.0,13250.0,571182.0,-3.985507246376811,417039000,7830000,5698525550,1421688400,465999650,0,5642835400,1436247900,7545082950
2020-03-10,12950.0,13250.0,12800.0,13050.0,768342.0,-1.509433962264151,940972700,99989100,6351864800,2585844500,554284500,64750000,7738439600,1621197000,9978671100
2020-03-11,13100.0,13200.0,12300.0,12500.0,725031.0,-4.21455938697318,478055350,12500000,6822707600,1903498400,671320150,25293000,6715095050,1805053150,9216761350
2020-03-12,12250.0,12400.0,11200.0,11350.0,1295822.0,-9.2,1029270500,15950000,10366489000,3703340450,1107578150,12925000,10301624850,3692921950,15115049950
2020-03-13,10000.0,10650.0,9660.0,10500.0,2102875.0,-7.488986784140969,1345923010,195992900,13996637900,5796216730,1139739970,5706500,14919658730,5269665340,21334770540
2020-03-16,10600.0,11000.0,10200.0,10200.0,905196.0,-2.857142857142857,304600000,31250000,6049185780,3211044400,502184000,4140000,7433590030,1656166150,9596080180
2020-03-17,9390.0,10400.0,9390.0,10350.0,985290.0,1.4705882352941175,424776230,0,5645982360,3790879920,398254940,141086400,7272109540,2050187630,9861638510
2020-03-18,10350.0,10650.0,9930.0,9930.0,854284.0,-4.057971014492753,245207510,0,5916815630,2659586640,521858010,0,5888718710,2411033060,8821609780
2020-03-19,10150.0,10400.0,8730.0,8850.0,1620007.0,-10.876132930513595,710270670,961000,9443647560,4940533780,568382570,125179170,10122805120,4279046150,15095413010
2020-03-20,8900.0,9700.0,8850.0,9700.0,1394067.0,9.6045197740113,589420400,212543630,8143301610,3831960310,495154100,0,9826670990,2455400860,12777225950
2020-03-23,9120.0,9420.0,8990.0,9290.0,836533.0,-4.22680412371134,355281350,461000,4946484980,2390416680,661938300,2976000,5415462150,1612267560,7692644010
2020-03-24,9500.0,10100.0,9350.0,10100.0,979252.0,8.719052744886975,610161410,0,6110740010,2820905080,522854130,8693100,7476075110,1534184160,9541806500
2020-03-25,10550.0,11000.0,10350.0,10950.0,1278832.0,8.415841584158416,632709300,300040000,9031311700,3728223050,694572950,4259600,10572556550,2420894950,13692284050
2020-03-26,10800.0,11250.0,10500.0,10800.0,1121237.0,-1.36986301369863,492257800,11200000,8778799600,2974562150,733165300,5381000,9061239100,2457034150,12256819550
2020-03-27,11200.0,11300.0,10350.0,10800.0,1021944.0,0.0,557780650,8800000,8279798450,2274857300,570189250,10800000,8141784700,2398462450,11121236400
2020-03-30,10300.0,10850.0,10200.0,10750.0,690493.0,-0.4629629629629629,489281350,22017650,4762051650,1959859800,500792800,168461700,5413594500,1150361450,7233210450
2020-03-31,10950.0,13700.0,10800.0,12450.0,6482964.0,15.813953488372093,870303250,18500000,72446952850,7479892550,591488700,372202600,72658045000,7193912350,80815648650
2020-04-01,12000.0,12800.0,11500.0,11600.0,1773579.0,-6.827309236947792,429083050,12170000,17280612450,3912113600,810646600,0,17708348150,3114984350,21633979100
2020-04-02,11650.0,12000.0,11100.0,11900.0,876767.0,2.586206896551724,747632650,12032500,6906631550,2513508200,367427650,0,7716972800,2095404450,10179804900
2020-04-03,12050.0,12100.0,11500.0,11800.0,786994.0,-0.8403361344537815,529051900,994500,6984915150,1778473400,762793200,0,6634755700,1895886050,9293434950
2020-04-06,11700.0,12150.0,11700.0,12000.0,868638.0,1.694915254237288,823315300,0,8292154250,1290953000,494826750,0,8853330100,1058265700,10406422550
2020-04-07,12350.0,12850.0,12100.0,12500.0,1764690.0,4.166666666666666,809124100,3281100,18447646100,2718311050,916460500,0,17545466300,3516435550,21978362350
2020-04-08,12350.0,12400.0,12050.0,12100.0,742997.0,-3.2,604360550,0,7340628000,1142792100,2118958950,0,6133868600,834953100,9087780650
2020-04-09,12300.0,12450.0,12150.0,12200.0,579392.0,0.8264462809917356,602436000,0,5748875850,742673750,1511024400,3087500,4676205100,903668600,7093985600
2020-04-10,12200.0,12450.0,11850.0,12150.0,749606.0,-0.4098360655737705,424710300,10800000,7427567650,1266659350,579064800,12200000,7287512000,1250960500,9129737300
2020-04-13,12050.0,12250.0,11750.0,11900.0,546316.0,-2.05761316872428,388745250,0,5111515350,1048125600,512928300,0,5413408850,622049050,6548386200
2020-04-14,12050.0,12750.0,12000.0,12500.0,1634848.0,5.042016806722689,752616700,371500,17667904800,1944586450,178346750,21070000,17827467550,2338595150,20365479450
2020-04-16,12850.0,14500.0,12500.0,14200.0,5625847.0,13.600000000000001,2347495150,16322600,68760138550,5630551200,769026200,162286150,68720583550,7102611600,76754507500
2020-04-17,14200.0,14450.0,13750.0,13950.0,1868326.0,-1.7605633802816902,445685450,83559800,22998165100,2784117800,950613650,139000,22789586800,2571188700,26311528150
2020-04-20,14100.0,17550.0,14000.0,16950.0,14275707.0,21.50537634408602,3272891500,360555150,225485109950,8073172900,1224810550,766427500,227673886900,7526604550,237191729500
2020-04-21,18250.0,20050.0,15450.0,17900.0,28378145.0,5.604719764011799,3207817400,1198409550,494286175300,15665783850,5437017600,517898450,490675742400,17727527650,514358186100
2020-04-22,17350.0,19400.0,16650.0,18250.0,12716905.0,1.9553072625698324,607857600,208850150,220825827700,8976858950,1964402400,1565295550,221610894750,5478801700,230619394400
2020-04-23,17800.0,18200.0,17250.0,17600.0,1475276.0,-3.5616438356164384,602728050,64833400,25069022950,335147450,586348000,11088000,25408687850,65608000,26071731850
2020-04-24,17950.0,17950.0,17200.0,17300.0,1071874.0,-1.7045454545454544,378242400,20213050,18152031150,166806750,576044400,20050650,17824806050,296392250,18717293350
2020-04-27,17900.0,17950.0,17650.0,17950.0,1279397.0,3.7572254335260116,694314400,20235100,21753187700,378258600,194263900,129366750,22400339850,122025300,22845995800
2020-04-28,18600.0,19450.0,17300.0,18150.0,9090469.0,1.1142061281337048,1220364550,196919200,163280885300,3693426850,595427200,285856950,163630480050,3879831700,168391595900
2020-04-29,18500.0,18500.0,17750.0,18000.0,2706912.0,-0.8264462809917356,776593500,247565700,45273010100,2648985850,552867500,251543000,45874901250,2266843400,48946155150
2020-05-04,18800.0,18900.0,17650.0,17650.0,2624106.0,-1.9444444444444444,1070926200,346322250,44183877950,2504687350,1919945300,25827750,43490842850,2669197850,48105813750
2020-05-06,17700.0,18250.0,17450.0,18050.0,2112073.0,2.26628895184136,823603200,86828800,32935610950,4086198650,474767600,84946150,35232927900,2139599950,37932241600
2020-05-07,18200.0,18550.0,17800.0,18000.0,2168771.0,-0.2770083102493075,1854393750,70140200,34457989000,3095000800,604361650,39308000,35640798300,3193055800,39477523750
2020-05-08,18200.0,18550.0,18100.0,18500.0,2206830.0,2.7777777777777777,2078434800,41624350,33267154900,5054574600,1151872050,265305000,36462173050,2562438550,40441788650
2020-05-11,17900.0,18100.0,17300.0,17500.0,1859475.0,-5.405405405405405,3235570250,12463600,27653440550,1912374900,934068850,5457700,29000035250,2874287500,32813849300
2020-05-12,17600.0,17650.0,16550.0,17500.0,1609912.0,0.0,3206031900,9333000,18761126700,5644391700,3002263850,0,21506304850,3112314600,27620883300
2020-05-13,17100.0,18200.0,17100.0,18000.0,2039782.0,2.857142857142857,3884769200,297325300,21900470500,10423879250,4287311850,54862800,28202925000,3961344600,36506444250
2020-05-14,17200.0,17550.0,16900.0,16900.0,2203727.0,-6.111111111111111,2839190700,235159250,32017325450,2686659700,6581125650,534915450,24832041200,5830252800,37778335100
2020-05-15,16900.0,16900.0,16050.0,16100.0,1847388.0,-4.733727810650888,669406450,23089600,24420421150,4960487050,1051831900,1341600,26340264100,2679966650,30073404250
2020-05-18,16100.0,16300.0,15850.0,15850.0,1003631.0,-1.5527950310559007,569598400,16543100,11757662250,3751286250,1056515600,22619250,13067420400,1948534750,16095090000
2020-05-19,16100.0,16650.0,16100.0,16250.0,1205170.0,2.5236593059936907,693075600,171287400,16148480050,2627275100,810421800,193586750,15694783150,2941326450,19640118150
2020-05-20,16100.0,16850.0,16000.0,16800.0,906948.0,3.3846153846153846,1675083650,7793900,9586862000,3723941150,393465350,165552950,12735615800,1699046600,14993680700
2020-05-21,16900.0,17100.0,16550.0,16700.0,607773.0,-0.5952380952380952,853225900,79203350,7962661700,1267819950,631158900,791950,7678343100,1852616950,10162910900
2020-05-22,16750.0,16850.0,16150.0,16350.0,499885.0,-2.095808383233533,766389950,6851600,6791730150,669347400,722076200,16350,6606469750,905756800,8234319100
2020-05-25,16400.0,16450.0,15900.0,16100.0,493727.0,-1.529051987767584,375239550,15524050,6443893700,1113697650,496781400,960000,6895088450,555525100,7948354950
2020-05-26,16100.0,17150.0,16000.0,16550.0,1497548.0,2.7950310559006213,1740267900,7318850,20082975250,3086014150,835226900,44047950,21546789350,2490511950,24916576150
2020-05-27,16700.0,16800.0,16350.0,16550.0,845853.0,0.0,792415700,28876500,11616824150,1601940400,1042219300,87729000,11041382650,1868725800,14040056750
2020-05-28,16600.0,16800.0,15900.0,16050.0,868041.0,-3.0211480362537766,809410250,4546000,11711337950,1637367800,704647800,5788350,11731389850,1720836000,14162662000
2020-05-29,15900.0,16100.0,15600.0,15750.0,628151.0,-1.8691588785046727,663451300,1277750,7388401600,1918051550,514952500,50233000,6709927700,2696069000,9971182200
2020-06-01,15700.0,16250.0,15700.0,16000.0,690831.0,1.5873015873015872,398772150,32225150,8524355600,2085688100,368105650,20166500,8880969400,1771799450,11041041000
2020-06-02,16000.0,16250.0,15800.0,16000.0,670647.0,0.0,508608300,25594250,8635774350,1573325200,673969700,319000,9694822600,374190800,10743302100
2020-06-03,16000.0,16200.0,15900.0,16050.0,1043855.0,0.3125,1411683550,67615000,12487422100,2813634600,719594700,3707550,14163519750,1893533250,16780355250
2020-06-04,16100.0,16300.0,15900.0,16000.0,976313.0,-0.3115264797507788,2241250800,33578500,11205779200,2236618200,665756150,5601300,12004575750,3041293500,15717226700
2020-06-05,16000.0,16350.0,15900.0,16350.0,1120767.0,2.1875,1544856450,10947900,12701951250,3832378050,435129250,73519650,16394088450,1187396300,18090133650
2020-06-08,16150.0,16200.0,15600.0,15650.0,1394490.0,-4.281345565749235,459601950,6796000,20271671650,1318001450,752353350,475000,15524502300,5778740400,22056071050
2020-06-09,15000.0,15450.0,14800.0,14900.0,1704327.0,-4.792332268370607,515985750,42132050,21190073400,3946593800,2786452950,175019350,21200201550,1533111150,25694785000
2020-06-10,14750.0,15250.0,14300.0,15200.0,1864857.0,2.013422818791946,577788250,8343400,23604527250,3336573450,871007200,154348550,23257930350,3243946250,27527232350
2020-06-11,15850.0,16200.0,15000.0,15400.0,2984794.0,1.3157894736842104,1498391850,307882750,41673118600,3177468950,1550023400,147546500,39712587750,5246704500,46656862150
2020-06-12,14600.0,15400.0,14550.0,15050.0,1248984.0,-2.272727272727273,574454300,15886500,16293480350,1763186650,1687501250,74642450,15211443450,1673420650,18647007800
2020-06-15,14750.0,14750.0,13500.0,13500.0,1536731.0,-10.299003322259136,415671150,8038500,19256676400,2119339600,2517261750,152895950,17227752850,1901815100,21799725650
2020-06-16,14000.0,15700.0,13850.0,15100.0,2317609.0,11.851851851851853,783911350,80905800,30000343800,3264315750,432397850,2742150,30263561700,3430775000,34129476700
2020-06-17,14200.0,14700.0,14100.0,14250.0,1513292.0,-5.629139072847682,368581150,2306600,18183101800,3168375950,1059028950,3473800,17675685000,2984177750,21722365500
2020-06-18,14150.0,14900.0,13750.0,14150.0,1953467.0,-0.7017543859649122,925747500,195574000,24384130950,2426515200,513852750,222069000,23602092350,3593953550,27931967650
2020-06-19,14200.0,16250.0,14100.0,14650.0,6958675.0,3.53356890459364,2055641650,21213700,97213670600,7195016600,917061200,170722200,98767040700,6630718450,106485542550
2020-06-22,14950.0,15250.0,14400.0,14500.0,1434526.0,-1.023890784982935,898641950,48033450,18096113250,2244812800,480354200,30631000,17400627750,3375988500,21287601450
2020-06-23,14850.0,15100.0,14250.0,14450.0,1292480.0,-0.3448275862068966,950625350,23981300,16528151250,1513759050,547183900,38975800,16376241550,2054115700,19016516950
2020-06-24,15850.0,18600.0,15100.0,16900.0,34078554.0,16.955017301038062,3262409850,1038448050,563454089350,8462010700,2320283050,1310761450,563249811000,9336102450,576216957950
2020-06-25,16100.0,16450.0,15350.0,15550.0,4420102.0,-7.988165680473373,1335831800,88120050,62617664450,6263856700,1007159250,199763600,63934853250,5163696900,70305473000
2020-06-26,15850.0,16100.0,15200.0,15300.0,2311672.0,-1.607717041800643,1575730950,78790750,32527942300,1912146200,865779150,208814750,32248184850,2771831450,36094610200
2020-06-29,15150.0,15600.0,15100.0,15150.0,1196688.0,-0.9803921568627451,1634740650,16033500,15412236500,1240940800,518200200,32227600,16985620100,767903550,18303951450
2020-06-30,15550.0,15750.0,15150.0,15350.0,1374673.0,1.3201320132013201,1064211500,264650,18708568800,1439587000,353202550,57721000,19049377400,1752331000,21212631950
2020-07-01,15500.0,16250.0,15350.0,15750.0,2450739.0,2.6058631921824107,757577400,3189250,35716293850,2218221850,240822150,1900000,35288467650,3164092550,38695282350
2020-07-02,15950.0,16300.0,15800.0,16100.0,1605326.0,2.2222222222222223,841650650,54596750,23168019450,1775214100,233395450,16181300,24300788250,1289115950,25839480950
2020-07-03,16500.0,16750.0,16050.0,16750.0,2586105.0,4.037267080745342,611323500,239627450,40543423300,1164880350,287301150,196727300,40608540500,1466685650,42559254600
2020-07-06,16800.0,17200.0,16450.0,16900.0,2298926.0,0.8955223880597015,1084722050,102013300,35425887150,2193061450,241565250,71660100,37003085350,1489373250,38805683950
2020-07-07,16900.0,17200.0,16150.0,16300.0,1817382.0,-3.5502958579881656,830201250,3928250,27194256000,2117482500,715435450,145261150,27015008650,2270162750,30145868000
2020-07-08,16250.0,17050.0,16200.0,16650.0,1807986.0,2.147239263803681,722131750,19102000,26066177850,3187951450,712038950,51061100,26511276150,2720986850,29995363050
2020-07-09,16700.0,16750.0,16300.0,16300.0,901421.0,-2.1021021021021022,673771050,3270000,13509159500,664884300,650954700,65665300,13479965900,654498950,14851084850
2020-07-10,16500.0,16600.0,15750.0,15900.0,1024735.0,-2.4539877300613497,528301150,7137500,15114073750,808288500,742925200,23031800,14870267600,821576300,16457800900
2020-07-13,15900.0,16100.0,15350.0,16050.0,1044223.0,0.9433962264150944,621814350,10749050,13533992000,2269689100,302039750,7950000,15433739600,692515150,16436244500
2020-07-14,16050.0,16100.0,15700.0,15900.0,588844.0,-0.9345794392523363,491587150,11771500,8450483650,389643700,459393050,0,7649127050,1234965900,9343486000
2020-07-15,15900.0,16050.0,15700.0,15800.0,1109139.0,-0.628930817610063,1344829200,0,14327816950,1921457900,308477150,9567500,16502898050,773161350,17594104050
2020-07-16,15700.0,15750.0,15400.0,15600.0,869013.0,-1.2658227848101267,624183050,102050850,11744431650,1055916400,383122600,15740400,12152766600,974952350,13526581950
2020-07-17,15850.0,15950.0,15600.0,15900.0,969474.0,1.9230769230769231,409826950,6886550,13100093700,1802784250,839134350,11721000,12868176300,1600559800,15319591450
2020-07-20,15700.0,15800.0,15400.0,15600.0,667291.0,-1.8867924528301887,532064100,101639350,9158966750,619927600,864261350,0,9349858200,198478250,10412597800
2020-07-21,15650.0,15900.0,15600.0,15800.0,659909.0,1.282051282051282,658349450,15800000,7985054150,1762541900,271097600,8688200,9581435500,560524200,10421745500
2020-07-22,15900.0,15950.0,15650.0,15700.0,533874.0,-0.6329113924050633,589186750,317000,7595042000,234522250,381816650,0,7166505750,870745600,8419068000
2020-07-23,15700.0,15700.0,15300.0,15350.0,776067.0,-2.229299363057325,427294550,52903800,10866234650,602977300,751091200,921000,9878853700,1318544400,11949410300
2020-07-24,15200.0,16550.0,15050.0,15700.0,2067869.0,2.2801302931596092,2154110150,300645500,28782472800,1355542200,522100300,3600000,29388628750,2678441600,32592770650
2020-07-27,15800.0,16150.0,15750.0,16000.0,994670.0,1.910828025477707,921046250,683571000,13336526800,929418300,138224200,32717450,14846808100,852812600,15870562350
2020-07-28,16150.0,19100.0,16000.0,17600.0,16865720.0,10.0,7626809050,365917650,284009928000,9550999450,2496799550,1584622250,288227610900,9244621450,301553654150
2020-07-29,18450.0,18800.0,17550.0,17550.0,4763020.0,-0.2840909090909091,649062650,336801500,82018113800,3340810350,1606859500,498680800,81206507400,3032740600,86344788300
2020-07-30,17550.0,18450.0,17300.0,18350.0,4489560.0,4.5584045584045585,1264575300,309394600,70721048650,8684443950,799140150,303835150,74150982750,5725504450,80979462500
2020-07-31,18300.0,18350.0,17700.0,18050.0,1892042.0,-1.6348773841961852,2110949550,70201250,30071668500,1775877550,678447350,96830600,30232895400,3020523500,34028696850
2020-08-03,18150.0,18250.0,17500.0,17500.0,1424372.0,-3.0470914127423825,718322600,19135750,23165419250,1316138700,595820250,0,22759587750,1863608300,25219016300
2020-08-04,17500.0,18350.0,17500.0,17950.0,1938496.0,2.571428571428571,1866824250,16356000,30177791300,2890670700,394815700,346750,32965202550,1591277250,34951642250
2020-08-05,18050.0,18100.0,17550.0,17750.0,1134272.0,-1.1142061281337048,1490105050,87908250,17126547450,1456217950,574697650,995300,17819868100,1765217650,20160778700
2020-08-06,17900.0,18300.0,17600.0,17700.0,1704515.0,-0.28169014084507044,1055256450,231225000,27971670800,1310969400,988757600,41210000,27401402450,2137751600,30569121650
2020-08-07,17950.0,18100.0,17550.0,17650.0,1303632.0,-0.2824858757062147,612281700,241812000,21251007300,1033262900,1053610850,14288400,20390932650,1679532000,23138363900
2020-08-10,17550.0,18000.0,17000.0,17850.0,1668909.0,1.13314447592068,997156100,14705200,26010679450,2135001600,662977150,860000,26965884100,1527821100,29157542350
2020-08-11,18250.0,19250.0,17900.0,18000.0,6417142.0,0.8403361344537815,3791768850,343512250,110160812600,5141153500,2547491800,135683950,111331422100,5422649350,119437247200
2020-08-12,16050.0,16750.0,15850.0,16050.0,10458600.0,-10.833333333333334,3552171600,990517850,156603904550,9536787200,39230620500,6087656600,103836341900,21528762200,170683381200
2020-08-13,16200.0,16350.0,15550.0,16000.0,4192564.0,-0.3115264797507788,3987440450,727177700,58576612650,3684227500,9809009650,215585150,49899646800,7051216700,66975458300
2020-08-14,15900.0,16400.0,15800.0,16150.0,3397768.0,0.9375,1895342850,192680100,47016705700,5565420400,10147615400,371331850,40762694300,3388507500,54670149050
2020-08-18,16000.0,16050.0,14700.0,14800.0,3387147.0,-8.359133126934983,1422832150,361762200,48192123550,1894258500,9336438650,195789200,40475773700,1862974850,51870976400
2020-08-19,14800.0,15200.0,14700.0,14850.0,1845499.0,0.33783783783783783,1080353700,273396700,23398702100,2654073200,6686788000,1358008400,17623316150,1738413150,27406525700
2020-08-20,15250.0,15950.0,15050.0,15150.0,4419568.0,2.0202020202020203,1525919450,585364800,63819760100,2375084550,5062987550,961383200,58687559550,3594198600,68306128900
2020-08-21,15450.0,15900.0,15200.0,15250.0,2552129.0,0.6600660066006601,1246589050,72789350,35990796400,2355897400,2530049950,58371000,34350395800,2727255450,39666072200
2020-08-24,15000.0,15450.0,14700.0,15150.0,1408164.0,-0.6557377049180327,720041500,823950,18475592850,2022547650,478327750,8111300,19084699750,1647867150,21219005950
2020-08-25,15400.0,15600.0,15250.0,15450.0,1618028.0,1.9801980198019802,609546750,58360000,21458042350,2802857500,668255400,221882600,22488116350,1550552250,24928806600
2020-08-26,15300.0,15400.0,15050.0,15250.0,1344497.0,-1.2944983818770228,1184955550,38669500,17572011900,1677935700,2246160500,729266850,15572087400,1926057900,20473572650
2020-08-27,15300.0,15300.0,14800.0,14850.0,1436286.0,-2.622950819672131,1596410200,1942000,19155710400,758219200,1841547400,239442700,18427987200,1003304500,21512281800
2020-08-28,14900.0,15200.0,14850.0,15050.0,1163874.0,1.3468013468013467,821499350,0,14725505250,1929983450,1947017600,92249950,14506471150,931249350,17476988050
2020-08-31,15250.0,15450.0,15050.0,15150.0,1848894.0,0.6644518272425249,1902639150,102532300,21745818500,4428536600,2856968000,1259691450,21020204450,3042662650,28179526550
2020-09-01,15150.0,15550.0,15050.0,15150.0,1680696.0,0.0,1098164950,33578700,22580057800,1901261850,4325476350,465153100,19489769450,1332664400,25613063300
2020-09-02,15250.0,15550.0,15150.0,15400.0,1699697.0,1.65016501650165,1099720400,360370550,23290068650,1315770050,2863428700,226982150,20593422450,2382096350,26065929650
2020-09-03,15500.0,15900.0,15300.0,15750.0,2245919.0,2.272727272727273,1237052750,282700750,30829650350,2690587500,1825407000,309530750,30559476050,2345577550,35039991350
2020-09-04,15150.0,15600.0,15100.0,15500.0,1703908.0,-1.5873015873015872,625026700,62510400,23499736950,1990224500,3489532300,349520500,20143153350,2195292400,26177498550
2020-09-07,15550.0,16550.0,15300.0,16250.0,5718522.0,4.838709677419355,5766454400,496085000,80422360700,5437101850,5513056500,325275200,81348107100,4935563150,92122001950
2020-09-08,16750.0,17350.0,16350.0,16400.0,6695614.0,0.9230769230769231,3859438700,366946900,103341643400,5115630450,3133161750,1128500100,100028631500,8393366100,112683659450
2020-09-09,16150.0,16800.0,16100.0,16300.0,2422284.0,-0.6097560975609756,719867700,109064000,37362096650,1648193550,2504084900,129708900,34872500000,2332928100,39839221900
2020-09-10,16650.0,16800.0,16100.0,16500.0,2251430.0,1.2269938650306749,3626345150,256412100,31947497800,1162823950,2088754950,567964900,33324912350,1011446800,36993079000
2020-09-11,16650.0,17150.0,16550.0,16750.0,4152833.0,1.5151515151515151,1648356450,93595700,67131518300,998239700,3768693950,689861450,62966178700,2446976050,69871710150
2020-09-14,16950.0,17550.0,16750.0,17550.0,4671578.0,4.776119402985075,2789173650,1158934950,71713305950,4705357800,2260620000,479826050,74502189900,3124136400,80366772350
2020-09-15,17450.0,17500.0,17000.0,17200.0,2311782.0,-1.9943019943019942,2048246550,188545000,36251240800,1259727000,883187250,35121400,35948675200,2880775500,39747759350
2020-09-16,17400.0,17700.0,16900.0,17100.0,2899855.0,-0.5813953488372093,2551531500,34613950,43517272000,4158602400,2961600600,497357950,44850646100,1952415200,50262019850
2020-09-17,17200.0,17200.0,16650.0,16750.0,1919715.0,-2.046783625730994,2325665900,22738550,26376989850,3633721300,1412831700,313531900,28379611550,2253140450,32359115600
2020-09-18,16900.0,17100.0,16700.0,17000.0,1624404.0,1.4925373134328357,837569050,117939000,24926084200,1548570400,332703950,14339450,23001185500,4081933750,27430162650
2020-09-21,17100.0,17100.0,16050.0,16250.0,2325709.0,-4.411764705882353,751091500,6845300,35462174350,2098567850,1689298800,53626150,33720662250,2855091800,38318679000
2020-09-22,16050.0,16150.0,15450.0,15550.0,2176110.0,-4.3076923076923075,529956350,90164000,30480938000,3056061850,5379956050,246172350,24987784950,3543206850,34157120200
2020-09-23,15700.0,15800.0,14950.0,15450.0,1450764.0,-0.6430868167202572,824367950,32850000,19670223300,1776781300,877796550,0,19136221800,2290204200,22304222550
2020-09-24,15000.0,15650.0,15000.0,15000.0,2119321.0,-2.912621359223301,797188000,428260650,28263952750,2760230750,6692333650,184004350,22279100700,3094193450,32249632150
2020-09-25,14950.0,16250.0,14650.0,15650.0,3985539.0,4.333333333333334,779124100,209814850,57366154600,3771912050,1810382450,25579750,54997724900,5293318500,62127005600
2020-09-28,15750.0,16000.0,15550.0,15750.0,1716462.0,0.6389776357827476,676621150,6950000,23600653350,2796848150,1320153900,52213000,24401647300,1307058450,27081072650
2020-09-29,16200.0,16250.0,15850.0,15950.0,1361498.0,1.2698412698412698,1136408150,3220000,18284380600,2365751050,2458635050,54792050,17880384550,1395948150,21789759800
2020-10-05,15700.0,16200.0,15550.0,15950.0,1253093.0,0.0,686357750,2511600,16493392700,2759279650,1337977450,32000000,17131315050,1440249200,19941541700
2020-10-06,16100.0,16100.0,15700.0,15850.0,947674.0,-0.6269592476489028,1254869400,797500,12939921950,874769300,695746000,83418500,12969225850,1321967800,15070358150
2020-10-07,15650.0,15900.0,15600.0,15800.0,647220.0,-0.31545741324921134,796179650,0,7933797150,1464857900,289975150,157000000,8989146100,758713450,10194834700
2020-10-08,15950.0,16150.0,15800.0,15800.0,957382.0,0.0,1378610300,3190000,12830514100,1017514000,1247479600,159500000,11078442450,2744406350,15229828400
2020-10-12,16150.0,16500.0,16050.0,16200.0,2023191.0,2.5316455696202533,675319000,95686600,29560517550,2562561700,530546150,18314000,29933202600,2412022100,32894084850
2020-10-13,16400.0,16400.0,15850.0,16050.0,958363.0,-0.9259259259259258,478622350,3721850,14523845550,343360600,779899400,797500,13538903900,1029949550,15349550350
2020-10-14,16050.0,16050.0,15700.0,15700.0,817626.0,-2.1806853582554515,367579200,5510000,11394884200,1166364200,413338600,10237500,11865234350,645527150,12934337600
2020-10-15,15600.0,15900.0,15450.0,15750.0,1018059.0,0.3184713375796179,260340200,101406650,13941850050,1656201200,413472950,12199100,14236568250,1297557800,15959798100
2020-10-16,15800.0,16150.0,15700.0,16000.0,1385481.0,1.5873015873015872,1722200050,7791550,19441364650,877256200,478060300,409374200,19863993700,1297184250,22048612450
2020-10-19,16250.0,16550.0,16050.0,16100.0,1639137.0,0.625,1866129550,208318150,24421905900,190855900,477515400,41194000,25809097100,359403000,26687209500
2020-10-20,16100.0,16350.0,15600.0,15950.0,1127081.0,-0.9316770186335404,473943600,93442500,16605508400,747828700,332308050,103775000,16489258750,995381400,17920723200
2020-10-21,16050.0,16150.0,15850.0,15950.0,771119.0,0.0,889865350,991400,10258854900,1186250600,395712950,0,11582076150,358173150,12335962250
2020-10-22,16100.0,16150.0,15850.0,15950.0,824959.0,0.0,371316900,4987600,12622680500,183494300,367861350,2301250,11895480900,916835800,13182479300
2020-10-23,16000.0,16000.0,15600.0,15700.0,851059.0,-1.5673981191222568,281118400,16640000,12625269250,493369750,1255696350,15850000,11798693450,346157600,13416397400
2020-10-26,15650.0,15700.0,15150.0,15300.0,1445072.0,-2.547770700636943,1201028750,11872600,19020071350,2017376000,1057755900,169916000,19758115150,1264561650,22250348700
2020-10-27,15250.0,15500.0,15100.0,15150.0,921248.0,-0.9803921568627451,467770700,0,12427231300,1197380050,1096765800,24575100,11836239100,1134802050,14092382050
2020-10-28,15150.0,15350.0,14950.0,15300.0,562632.0,0.9900990099009901,286300750,16575000,7666686100,559166000,426732750,39996000,7686359900,375639200,8528727850
2020-10-29,15050.0,15150.0,14900.0,15100.0,747556.0,-1.3071895424836601,333853600,183559900,9757445750,949975150,624214450,3030000,9109896400,1487693550,11224834400
2020-10-30,15200.0,15250.0,14850.0,14900.0,748272.0,-1.3245033112582782,268757900,76354500,10286878150,608553350,589449850,15176200,9490469700,1145448150,11240543900
2020-11-02,14950.0,15150.0,14900.0,15050.0,604706.0,1.006711409395973,249151700,39852500,7240120650,1552757400,341537950,33102500,7972387000,734854800,9081882250
2020-11-03,15050.0,15400.0,15050.0,15350.0,769414.0,1.9933554817275747,696767350,22870000,9413767800,1622878800,160675800,0,10981532600,614075550,11756283950
2020-11-04,15500.0,16150.0,15300.0,15900.0,3456447.0,3.5830618892508146,1987516100,34767350,46637406800,6015944300,739044400,109952400,48572046800,5254590950,54675634550
2020-11-05,15350.0,15650.0,15300.0,15600.0,1844011.0,-1.8867924528301887,1018007550,165412800,24436487800,2935634300,1059150400,108899200,24590421900,2797070950,28555542450
2020-11-06,15800.0,16050.0,15350.0,15400.0,2070870.0,-1.282051282051282,731157000,630961900,29445898650,1726838050,677997500,638780150,27937556000,3280521950,32534855600
2020-11-09,15500.0,16000.0,15450.0,15950.0,1413306.0,3.571428571428571,951607200,559138500,17971117700,2845590400,423157850,782104150,20053309300,1068882500,22327453800
2020-11-10,16100.0,16350.0,15800.0,16050.0,1563516.0,0.6269592476489028,925412650,256443750,20944820500,2984191500,984787100,133840400,22212270900,1779970000,25110868400
2020-11-11,16100.0,16150.0,15800.0,16050.0,938112.0,0.0,878386000,3210000,12444618300,1663753950,419684000,17254350,13252525550,1300504350,14989968250
2020-11-12,16050.0,16300.0,15900.0,16100.0,1272908.0,0.3115264797507788,706253100,241858100,15632145150,3931515450,1293248800,9445500,17257685800,1951391700,20511771800
2020-11-13,15950.0,16050.0,15750.0,15800.0,1112036.0,-1.8633540372670807,543773900,3602850,16238529050,829873550,1709862650,410800,11283105000,4622400900,17615779350
2020-11-16,15800.0,15950.0,15650.0,15850.0,1140015.0,0.31645569620253167,1098507600,7315200,12676140750,4247705000,1512426850,140850000,15848251000,528140700,18029668550
2020-11-17,15950.0,16000.0,15550.0,15600.0,1269058.0,-1.5772870662460567,486312700,1110150,18296742100,1187000600,718987050,174495000,14056873800,5020809700,19971165550
2020-11-18,15600.0,15950.0,15550.0,15600.0,979941.0,0.0,409791800,43547200,13349789200,1552067700,325145400,0,13698741300,1331309200,15355195900
2020-11-19,15550.0,15600.0,15400.0,15550.0,864266.0,-0.3205128205128205,314810700,40310900,12318372750,698038700,452331950,62478950,11225367100,1631355050,13371533050
2020-11-20,15550.0,15800.0,15450.0,15650.0,780971.0,0.6430868167202572,397957800,9584250,10681836000,1125680150,639852550,203450,11122125950,452876250,12215058200
2020-11-23,15650.0,15750.0,15500.0,15700.0,1009315.0,0.3194888178913738,356451850,4076500,11412281850,4032057350,1076774700,0,14297140000,430952850,15804867550
2020-11-24,15850.0,16150.0,15750.0,15900.0,2046798.0,1.2738853503184715,822431650,41150100,26642818100,5163925400,1036505450,1025284250,26853682450,3754853100,32670325250
2020-11-25,16050.0,16050.0,15500.0,15650.0,1605478.0,-1.5723270440251573,727808600,177457500,22881851350,1584245750,851516250,2057000,20100206500,4417583450,25371363200
2020-11-26,15600.0,15900.0,15550.0,15650.0,977009.0,0.0,324357300,3920000,13951349800,1057675150,700168450,1352850,13649322400,986458550,15337302250
2020-11-27,15650.0,15650.0,15500.0,15650.0,752239.0,0.0,338487350,1560000,10541233650,854829900,675872500,59470000,10753668900,247099500,11736110900
2020-11-30,15700.0,15950.0,15500.0,15800.0,1581404.0,0.9584664536741214,1101806100,61311150,16114436550,7616536700,589610750,813800,20504578300,3799087650,24894090500
2020-12-01,15900.0,16100.0,15700.0,15950.0,1614623.0,0.949367088607595,817343800,19260000,22172670950,2692291100,331958300,172499450,24180296250,1016811850,25701565850
2020-12-02,16050.0,16050.0,15850.0,15900.0,1025844.0,-0.3134796238244514,527814000,3195000,14416080650,1395033400,749558500,480000,14038595400,1553489150,16342123050
2020-12-03,15950.0,16000.0,15700.0,15750.0,973263.0,-0.9433962264150944,385106050,6855200,14505333200,451686700,1969571200,0,12690011800,689398150,15348981150
2020-12-04,15750.0,15850.0,15500.0,15600.0,1479848.0,-0.9523809523809524,784226950,9241000,21090215650,1274002250,5415421750,15700,16371081900,1371166500,23157685850
2020-12-07,15600.0,15650.0,15350.0,15400.0,1014365.0,-1.282051282051282,362410000,160162100,14555903150,593471450,2732410750,528700,11960221300,978785950,15671946700
2020-12-08,15500.0,15600.0,15350.0,15350.0,830433.0,-0.3246753246753247,473969850,55008750,11656441250,624315350,2209986300,47386250,9835577000,716785650,12809735200
2020-12-09,15400.0,15650.0,15350.0,15600.0,1010388.0,1.6286644951140066,761603100,21084950,13190674000,1749080150,316626700,3588000,14427584850,974642650,15722442200
2020-12-10,15550.0,16600.0,15450.0,16300.0,5594169.0,4.487179487179487,3054920800,142387500,72515744650,15073604550,1680435250,298998600,83054520800,5752702850,90786657500
2020-12-11,16750.0,16750.0,16100.0,16300.0,2662680.0,0.0,911936750,1504953950,38158357150,3088635350,706510500,71712350,37189901700,5695758650,43663883200
2020-12-14,16450.0,16650.0,16150.0,16250.0,2340351.0,-0.3067484662576687,480572450,93187900,36204854600,1561212850,797257000,301620000,31480284450,5760666350,38339827800
2020-12-15,16500.0,17150.0,16250.0,17050.0,6412828.0,4.923076923076923,900640950,1842227450,97452888300,8071364150,564867100,1134603100,100631985500,5935665150,108267120850
2020-12-16,17100.0,17200.0,16800.0,16850.0,1906891.0,-1.1730205278592376,695284500,49027750,30320242500,1251132950,521234700,451665800,28778301100,2564486100,32315687700
2020-12-17,16900.0,16950.0,16300.0,16400.0,2311640.0,-2.6706231454005933,702286400,439219500,35000534450,2057254300,740414900,25421350,35559218400,1874240000,38199294650
2020-12-18,16650.0,17350.0,16600.0,16850.0,4265837.0,2.7439024390243905,441298000,1062691650,62614862300,8661992200,1132713000,1484524650,63740864200,6422742300,72780844150
2020-12-21,17050.0,17300.0,16800.0,17050.0,2639296.0,1.1869436201780417,862179400,1239445500,40729742550,2205370550,626093500,1147530000,38981501250,4281613250,45036738000
2020-12-22,17300.0,17500.0,16450.0,16500.0,3320360.0,-3.225806451612903,562080100,162769000,52928834150,2888966600,671179600,810855050,52266575500,2794039700,56542649850
2020-12-23,16700.0,16800.0,16100.0,16350.0,1829356.0,-0.9090909090909091,631513300,145666300,26909590450,2425489400,420347050,20958000,27114234750,2556719650,30112259450
2020-12-24,16600.0,16950.0,16550.0,16650.0,1668145.0,1.834862385321101,1530309500,73505250,24810266000,1488721750,835631150,124000800,25264366750,1678803800,27902802500
2020-12-28,16750.0,16900.0,16400.0,16450.0,1591650.0,-1.2012012012012012,4804260250,66349250,19757769400,1776150100,1110171700,840121550,23049184450,1405051300,26404529000
2020-12-29,16650.0,17000.0,16600.0,16800.0,1314794.0,2.127659574468085,354527200,34246250,19356120900,2361912000,1558969100,19200800,19077516500,1451119950,22106806350
2020-12-30,16800.0,17300.0,16750.0,17200.0,2365008.0,2.380952380952381,4478047700,12875000,31914293100,4120687050,599353700,50203000,37936241050,1940105100,40525902850
2021-01-04,17550.0,20000.0,17350.0,19650.0,21091762.0,14.244186046511627,5732859650,4787354750,362968046350,27995778950,2529704500,2481288750,377457992900,19015053550,401484039700
2021-01-05,20250.0,24250.0,20200.0,21650.0,52212004.0,10.178117048346055,10171122700,4609171350,1115872724900,28337973750,4262287950,7281901250,1110489895150,36956908350,1158990992700
2021-01-06,21850.0,22800.0,21150.0,21900.0,12299836.0,1.1547344110854503,2533689850,324831300,241991914050,23549185500,3891156800,3271576900,249020056700,12216830300,268399620700
2021-01-07,22050.0,22550.0,21500.0,21700.0,7937103.0,-0.91324200913242,2828599350,268128800,160710624900,10247265050,1979327300,836521400,160255592000,10983177400,174054618100
2021-01-08,22250.0,23350.0,21800.0,22350.0,15432236.0,2.995391705069124,6634423050,1961567950,325001394700,14889669050,2428038750,538211700,326450164600,19070639700,348487054750
2021-01-11,22900.0,23300.0,20400.0,21000.0,11230469.0,-6.0402684563758395,2248474250,1219480250,222789781450,20280427900,5109714850,1159389950,215338910450,24930148600,246538163850
2021-01-12,20550.0,21900.0,20150.0,21100.0,4481709.0,0.4761904761904762,1469919050,130633000,76102053850,16622046600,2399942850,963029400,81200142000,9761538250,94324652500
2021-01-13,21200.0,21300.0,20600.0,20650.0,2481247.0,-2.132701421800948,1587137150,398937700,43336907300,6487363900,2016674500,235212500,39447891750,10110567300,51810346050
2021-01-14,20450.0,21350.0,20450.0,21000.0,2277774.0,1.694915254237288,1170504100,77358800,40004731800,6348424050,1812263600,142506950,41321237550,4325010650,47601018750
2021-01-15,21150.0,21200.0,20350.0,20350.0,1946976.0,-3.0952380952380953,1390880300,37798700,34478242900,4235163500,2612968450,708359000,33327442000,3493315950,40142085400
2021-01-18,20300.0,20550.0,19700.0,19900.0,2509143.0,-2.211302211302211,1739576250,35544500,41528372950,7155554050,1651985650,81456950,42682186100,6043419050,50459047750
2021-01-19,20150.0,21100.0,20000.0,20800.0,3400442.0,4.522613065326634,1899301200,613706750,63449042600,4395626400,1128936800,58138250,60622418900,8548183000,70357676950
2021-01-20,21450.0,21500.0,20800.0,20950.0,2390585.0,0.7211538461538461,919504450,376321500,46950638550,2199134750,2042797600,226110550,43892270500,4284420600,50445599250
2021-01-21,21350.0,22250.0,21100.0,21950.0,4711591.0,4.77326968973747,1950303600,364653000,93009715300,7635354850,1085828650,167971200,94510000350,7196226550,102960026750
2021-01-22,22000.0,22050.0,21250.0,21350.0,2159763.0,-2.733485193621868,969034300,285903700,44294310500,995166800,2084250300,109574000,40313783750,4036807250,46544415300
2021-01-25,21500.0,21650.0,21050.0,21150.0,1523386.0,-0.936768149882904,1235454650,184316600,28344666050,2690827600,2781216050,199604650,27558600350,1915843850,32455264900
2021-01-26,21250.0,21900.0,20600.0,21400.0,3033602.0,1.1820330969267139,538419750,450092150,57854564400,5282954900,1942320650,870954200,55215253650,6097502700,64126031200
2021-01-27,21600.0,21650.0,20600.0,20650.0,2324588.0,-3.5046728971962615,778198300,167338000,44077713900,3828700100,1364026350,93976550,41307639900,6086307500,48851950300
2021-01-28,19950.0,20350.0,19850.0,20050.0,1818159.0,-2.9055690072639226,805959450,1203333750,28368823700,6063319200,753180850,151046950,31680226050,3856982250,36441436100
2021-01-29,20300.0,20400.0,18800.0,19250.0,2288605.0,-3.99002493765586,1135176500,14479800,36644691500,6858487550,1254250250,580698800,37957661550,4860224750,44652835350
2021-02-01,19150.0,19850.0,18600.0,19550.0,1637433.0,1.5584415584415585,1340000600,50395000,25310620950,5014688600,764169900,297827600,26318194150,4335513500,31715705150
2021-02-02,19700.0,20150.0,19500.0,19650.0,1358930.0,0.5115089514066496,1151706450,53320450,22070570400,3670502500,982614000,21199000,21378527050,4563759750,26946099800
2021-02-03,20050.0,20250.0,19700.0,19850.0,1357614.0,1.0178117048346056,2164930850,46057900,20520675800,4336037500,1209596050,314866800,21442261750,4100977450,27067702050
2021-02-04,20000.0,21250.0,19700.0,21050.0,3783708.0,6.045340050377834,2789085100,355791950,60271710300,14328177150,2323216200,1253310200,66408090250,7760147850,77744764500
2021-02-05,21650.0,21950.0,20850.0,20900.0,3571635.0,-0.7125890736342043,2230506650,1261092850,69516103250,3241526250,1048154350,583946150,67553048600,7064079900,76249229000
2021-02-08,20500.0,20750.0,20050.0,20400.0,1771997.0,-2.3923444976076556,1590584000,73799850,29963658200,4536207350,864505750,162843400,32192667850,2944232400,36164249400
2021-02-09,20600.0,20950.0,20400.0,20500.0,1267577.0,0.49019607843137253,2130768550,105632100,22552681050,1414063400,888451850,64075650,23018150300,2232467300,26203145100
2021-02-10,20500.0,20650.0,20150.0,20550.0,1010903.0,0.24390243902439024,1146603900,5110300,16920183150,2586405100,1251861900,20500000,18353959950,1031980600,20658302450
2021-02-15,20750.0,20950.0,20550.0,20700.0,1337660.0,0.7299270072992701,1577770800,104346150,23561283300,2421802800,1847067750,67718800,23567200300,2183216200,27665203050
2021-02-16,20700.0,20700.0,20250.0,20500.0,1286329.0,-0.966183574879227,603001800,216163500,23434225900,2031670100,1866390250,5075000,23010666150,1402929900,26285061300
2021-02-17,20500.0,20500.0,20000.0,20000.0,1249138.0,-2.4390243902439024,263284800,126070500,23508032950,1197935450,3798220550,43154700,19322676750,1931271700,25095323700
2021-02-18,19900.0,20000.0,19500.0,19550.0,1250035.0,-2.25,377472100,11245200,22867179400,1403353650,1380484200,34469750,21098571250,2145725150,24659250350
2021-02-19,19550.0,19900.0,19100.0,19700.0,1329857.0,0.7672634271099744,630319350,160576000,22207010050,2982135700,510694700,63923550,23210273150,2195149700,25980041100
2021-02-22,19800.0,20350.0,19750.0,19900.0,1361245.0,1.015228426395939,1144310700,226630350,22326651500,3621391700,690297300,32432200,23286592300,3309662450,27318984250
2021-02-23,19950.0,20600.0,19500.0,20400.0,2028547.0,2.512562814070352,1604050700,34117750,31009770550,8295736550,759939400,73012100,35835144300,4275579750,40943675550
2021-02-24,20550.0,20650.0,19400.0,19450.0,1640361.0,-4.6568627450980395,1143139350,7300500,27751911150,3979910500,1534527700,155840200,28123450400,3068443200,32882261500
2021-02-25,19800.0,20050.0,19600.0,20000.0,926114.0,2.827763496143959,1478282750,26070050,15448406150,1432120500,713000000,58450050,16023624100,1589805300,18384879450
2021-02-26,19300.0,19600.0,19200.0,19600.0,1439768.0,-2.0,918304650,59532750,22033338250,4929956300,1652972350,141219900,23164366150,2982573550,27941131950
2021-03-02,20150.0,20400.0,19600.0,19750.0,1380459.0,0.7653061224489796,1274541600,70822400,23214567600,3033536700,3456571750,141784250,20702345500,3292766800,27593468300
2021-03-03,19750.0,20400.0,19750.0,20300.0,1560909.0,2.7848101265822782,1254299550,70913600,25546707800,4611247000,350478150,67448500,28180386750,2884854550,31483167950
2021-03-04,20100.0,20200.0,19850.0,20050.0,779131.0,-1.2315270935960592,654528300,45705850,13679915700,1218491150,1692591700,15960000,11817174700,2072914600,15598641000
2021-03-05,19850.0,20050.0,19700.0,19950.0,743593.0,-0.4987531172069825,555121200,8765500,12179606750,2019079750,1087487200,8593200,11292302900,2374189900,14762573200
2021-03-08,20050.0,20450.0,19850.0,19900.0,1359590.0,-0.2506265664160401,585114900,12039900,23545529000,3308326000,577128850,6070000,23604189500,3263621450,27451009800
2021-03-09,19900.0,20100.0,19550.0,20000.0,1114807.0,0.5025125628140703,1280258450,23146500,17505690800,3330553800,807752500,44231150,18734063950,2553601950,22139649550
2021-03-10,20200.0,20250.0,19700.0,19700.0,779785.0,-1.5,657207900,27146900,12998187750,1891811500,718863250,10721000,13281130400,1563639400,15574354050
2021-03-11,19850.0,20100.0,19750.0,19900.0,864378.0,1.015228426395939,1147044500,4994900,12438608600,3640784250,1751699700,12372500,14063170500,1404189550,17231432250
2021-03-12,20250.0,21100.0,20100.0,20800.0,3604091.0,4.522613065326634,695944050,93556400,57892916550,16079667150,431581100,172201150,68697494250,5460807650,74762084150
2021-03-15,21200.0,21250.0,20700.0,20800.0,1716549.0,0.0,377057550,516121200,33780120200,1277449400,698693250,28643000,26677772800,8545639300,35950748350
2021-03-16,20800.0,21000.0,20600.0,20900.0,1373613.0,0.4807692307692308,936241400,103152400,23920480850,3618331050,630291550,66421250,24987119850,2894373050,28578205700
2021-03-17,20950.0,20950.0,20550.0,20850.0,937622.0,-0.23923444976076555,221832200,2060000,15720372450,3480387100,874994500,4181200,17534366250,1011109800,19424651750
2021-03-18,20850.0,21000.0,20200.0,20300.0,1624434.0,-2.6378896882494005,665791600,125363450,29712798650,2887071100,3640453550,99835050,26953491500,2697244700,33391024800
2021-03-19,20000.0,21250.0,19900.0,20650.0,3869038.0,1.7241379310344827,762909550,53324350,65564930150,13747821950,1108652350,71670650,66766874300,12181788700,80128986000
2021-03-22,20750.0,20850.0,20450.0,20500.0,957234.0,-0.7263922518159807,707724450,7240000,17296400650,1723755300,866406200,2067050,16715718100,2150929050,19735120400
2021-03-23,20650.0,20650.0,20050.0,20100.0,971235.0,-1.951219512195122,574321350,182007500,17795701400,1105662850,758767400,2170800,18187975650,708779250,19657693100
2021-03-24,19900.0,20300.0,19750.0,20050.0,926966.0,-0.24875621890547264,891280950,23201000,15159778150,2486193300,619649600,5705700,16289900400,1645197700,18560453400
2021-03-25,20000.0,20300.0,19900.0,20150.0,721285.0,0.4987531172069825,687469800,2472300,12958181950,865890550,572764200,21356000,12670420350,1249474050,14514014600
2021-03-26,20200.0,20700.0,20150.0,20550.0,1273609.0,1.9851116625310175,839261150,47681600,21949555450,3215487700,603004200,35088000,23065467600,2348426100,26051985900
2021-03-29,20800.0,20800.0,20350.0,20400.0,1277563.0,-0.7299270072992701,717128150,205600000,23550211800,1816632350,1173098650,50071000,21867298900,3199103750,26289572300
2021-03-30,20450.0,20750.0,20300.0,20400.0,1025500.0,0.0,710685700,322075500,18788065200,1213008900,412861700,29774050,16596810950,3994388600,21033835300
2021-03-31,20450.0,20650.0,20250.0,20350.0,813728.0,-0.24509803921568626,489265250,17288150,14761954700,1345797400,1252635650,5008750,13632159750,1724501350,16614305500
2021-04-01,20400.0,20600.0,19800.0,19900.0,1831838.0,-2.211302211302211,628687550,81817750,34267786600,1842637750,2530590200,307500000,25955810900,8027028550,36820929650
2021-04-02,20000.0,20250.0,19900.0,20050.0,803521.0,0.7537688442211055,743260700,100220100,14259287350,1002855800,473495150,22004250,14845928950,764195600,16105623950
2021-04-05,20050.0,20200.0,19900.0,20050.0,870352.0,0.0,471771550,105179050,15638677200,1207569700,567996350,0,16378800350,476400800,17423197500
2021-04-06,20200.0,20400.0,20050.0,20100.0,1218294.0,0.24937655860349126,176867900,115775950,23529056150,771804650,1209483550,0,21148081350,2235939750,24593504650
2021-04-07,20100.0,20450.0,20050.0,20200.0,1029037.0,0.4975124378109453,266575050,175309300,16707125700,3660830200,651981600,20252000,18644519800,1493086850,20809840250
2021-04-08,20350.0,20500.0,20100.0,20100.0,1282305.0,-0.49504950495049505,333121600,108531700,22921964000,2623532550,794322750,1015000,19840857400,5350954700,25987149850
2021-04-09,20100.0,20350.0,20050.0,20050.0,783889.0,-0.24875621890547264,505254450,503250,14955969550,318742400,624397800,65387500,12972766900,2117917450,15780469650
2021-04-12,20050.0,20100.0,19900.0,19950.0,894962.0,-0.4987531172069825,358404650,105709000,15889057950,1512052250,414779200,52109450,16999829800,398505400,17865223850
2021-04-13,19950.0,20250.0,19900.0,19950.0,1017228.0,0.0,518786450,111553850,18731506200,1020505700,384527200,6586350,18724675550,1266563100,20382352200
2021-04-14,20000.0,20150.0,19950.0,20000.0,742715.0,0.2506265664160401,841253500,3400000,13143519750,883591200,461647350,6240000,13456664000,947213100,14871764450
2021-04-15,20050.0,20500.0,19950.0,20300.0,1800862.0,1.5,554582000,751000650,29196261950,6008036200,705984500,2315650,33701552350,2100028300,36509880800
2021-04-16,20550.0,20850.0,20400.0,20450.0,2037558.0,0.7389162561576355,328589850,207516400,39915596650,1495594650,1187956600,31670250,38662710850,2064959850,41947297550
2021-04-19,20550.0,21000.0,20500.0,20750.0,1879554.0,1.466992665036675,524449950,209423050,32821814100,5467506500,552047000,43522500,36346785250,2080838850,39023193600
2021-04-20,20800.0,22800.0,20800.0,21400.0,11473068.0,3.132530120481928,1326631000,1132204750,219811177150,26078599550,1116139400,919034050,232405183800,13908255200,248348612450
2021-04-21,21250.0,21300.0,20300.0,20350.0,5430329.0,-4.906542056074766,1067678600,789916150,104585567700,5301928200,4680495350,742443200,91655952550,14666199550,111745090650
2021-04-22,20450.0,20650.0,20100.0,20350.0,2193353.0,0.0,470192000,649218100,40442351850,3178456050,679951950,152985150,42109290350,1797990550,44740218000
2021-04-23,20500.0,20850.0,20350.0,20350.0,2384665.0,0.0,646164300,22541100,45882535250,2506253900,697645150,390451000,43672429450,4296968950,49057494550
2021-04-26,20450.0,20900.0,20400.0,20550.0,1824715.0,0.9828009828009828,698390650,207927700,32865037850,3906702200,2917547350,49264750,32867364100,1843882200,37678058400
2021-04-27,20600.0,20700.0,20400.0,20650.0,1315427.0,0.48661800486618007,722598100,41640500,22685255000,3613544300,377975050,32209000,25096311350,1556542500,27063037900
2021-04-28,20800.0,21200.0,20400.0,20450.0,2300166.0,-0.9685230024213075,432887600,126058700,43371951350,3837217000,2197647050,42292400,40023691050,5504484150,47768114650
2021-04-29,20500.0,20850.0,20300.0,20450.0,1390810.0,0.0,774249600,167038200,25978825350,1609887300,1070570350,10924600,25877798600,1570706900,28530000450
2021-04-30,20500.0,20650.0,20100.0,20150.0,1355342.0,-1.466992665036675,610423350,34546800,25597668100,1281515850,627350450,37123000,23885781750,2973898900,27524154100
2021-05-03,20250.0,20750.0,20100.0,20200.0,2002641.0,0.24813895781637718,655315300,159544350,35936829750,4117249950,880355550,89539250,29846458200,10052586350,40868939350
2021-05-04,20200.0,20300.0,18750.0,19350.0,3726812.0,-4.207920792079208,570670800,504140900,64733503000,6150818950,964702050,148585200,50636895250,20208951150,71959133650
2021-05-06,19200.0,19550.0,19050.0,19500.0,1050752.0,0.7751937984496124,919752650,28965800,16565538900,2854504200,682022150,66946800,14851896700,4767895900,20368761550
2021-05-07,19550.0,20150.0,19500.0,20050.0,1350818.0,2.8205128205128207,918187700,230990350,20683914250,5103325800,600580950,18544500,22623874300,3693418350,26936418100
2021-05-10,20350.0,20650.0,20100.0,20500.0,1759265.0,2.2443890274314215,1441391300,332566850,24521133150,9683316650,1888059400,25892000,30348827150,3715629400,35978407950
2021-05-11,20500.0,21400.0,20500.0,21150.0,4803940.0,3.1707317073170733,1723731550,1320190100,71884321100,26362776100,1913354350,802041050,86109195900,12466427550,101291018850
2021-05-12,21350.0,21650.0,20200.0,20250.0,3478199.0,-4.25531914893617,719119250,487704250,62726609900,8488772350,706418200,1222680900,53103223900,17389882750,72422205750
2021-05-13,19800.0,20550.0,19800.0,20100.0,1686459.0,-0.7407407407407408,1055290950,195376300,28672600050,4123293850,697600850,456951200,22524094500,10367914600,34046561150
2021-05-14,20350.0,20400.0,20050.0,20100.0,834428.0,0.0,858761950,81237500,14754555550,1137685400,637079600,646400,11100470550,5094043850,16832240400
2021-05-17,20350.0,20550.0,20100.0,20250.0,958892.0,0.7462686567164178,628968350,3286100,16858322100,1950625550,776545100,15573050,15848204800,2800879150,19441202100
2021-05-18,20450.0,20900.0,20400.0,20900.0,1542989.0,3.2098765432098766,1074476900,33828000,26871332350,3952336650,608467800,16855450,29023879200,2282771450,31931973900
2021-05-20,20950.0,21150.0,20500.0,20700.0,1371837.0,-0.9569377990430622,714506400,176615500,24350903500,3254486000,972667150,10325000,20833397400,6680121850,28496511400
2021-05-21,21000.0,21700.0,20450.0,20800.0,4235367.0,0.4830917874396135,1659776150,961660200,74411106450,12203936000,1749104350,726026300,67286137350,19475210800,89236478800
2021-05-24,20900.0,20900.0,20050.0,20200.0,1643562.0,-2.8846153846153846,743946350,198421550,30067018650,2381419100,476650350,219404000,26689042700,6005708600,33390805650
2021-05-25,20300.0,20500.0,20250.0,20350.0,978271.0,0.7425742574257426,1092963900,204054500,16800418850,1834088100,330328400,73832300,17829981600,1697383050,19931525350
2021-05-26,20350.0,21150.0,20350.0,21000.0,2381385.0,3.194103194103194,585881600,526072950,32196221850,16366855200,461876450,31363000,47422700550,1759091600,49675031600
2021-05-27,21050.0,21400.0,20850.0,21150.0,2247607.0,0.7142857142857143,702843700,394599050,38681013750,7729477050,684615000,63058300,39208443600,7551816650,47507933550
2021-05-28,21250.0,21300.0,20850.0,21100.0,1179825.0,-0.2364066193853428,791594650,308360100,21377983650,2340256050,645935500,56910800,20346610800,3768737350,24818194450
2021-05-31,21150.0,21250.0,20800.0,21200.0,1332537.0,0.47393364928909953,423239150,85767100,23579006200,3928735600,1105779400,840435900,22477392950,3593139800,28016748050
2021-06-01,21400.0,22100.0,21250.0,21800.0,4789600.0,2.8301886792452833,2923771350,1385535500,86174128350,13788083100,506299500,740288400,93987298000,9037632400,104271518300
2021-06-02,22050.0,22100.0,21650.0,21850.0,1964033.0,0.22935779816513763,1465483700,545190900,36101106000,4755456050,1187754150,171963250,35166868100,6340651150,42867236650
2021-06-03,21850.0,21950.0,21400.0,21550.0,1365180.0,-1.3729977116704806,1147737000,907459500,24778074450,2635278100,721735000,289110000,24666271650,3791432400,29468549050
2021-06-04,21450.0,22750.0,21300.0,22550.0,5408275.0,4.640371229698376,5481206250,433161350,87187292650,27487036400,1029415350,812586050,112580423300,6166271950,120588696650
2021-06-07,23000.0,24200.0,22400.0,23800.0,9691796.0,5.543237250554324,6155069550,2982494150,188918201200,28423765850,625644150,1886111000,191083000250,32884775350,226479530750
2021-06-08,24000.0,24650.0,23250.0,23850.0,5782861.0,0.21008403361344538,2721363950,2785791900,121917855800,10928493500,537398500,756891900,118068877600,18990337150,138353505150
2021-06-09,23850.0,25000.0,23600.0,23950.0,6784110.0,0.41928721174004197,4810979650,554376600,131811593600,28515163550,3836660450,2975417200,143154639550,15725396200,165692113400
2021-06-10,24600.0,24850.0,23750.0,24600.0,4732489.0,2.7139874739039667,12640274550,954071450,95253631500,6517569900,2507977850,830192000,93775384700,18251992850,115365547400
2021-06-11,24650.0,25500.0,24400.0,25000.0,5343627.0,1.6260162601626018,3526160000,661898150,110922362150,18711953750,1370777250,646801150,118634577800,13170217850,133822374050
2021-06-14,25150.0,26600.0,24500.0,26000.0,7916778.0,4.0,12050296050,758705900,155622902950,35635084800,647088350,2425332600,177358225450,23636343300,204066989700
2021-06-15,25800.0,25850.0,24000.0,24000.0,8379609.0,-7.6923076923076925,2396533750,1437416800,188083560500,14672797250,1273170700,1435184700,151601656150,52280296750,206590308300
2021-06-16,24100.0,24550.0,23650.0,24200.0,3411919.0,0.8333333333333334,897518350,268356100,73660536700,7502064000,691977300,235586800,67995989550,13404921500,82328475150
2021-06-17,24000.0,24500.0,23700.0,23850.0,2792632.0,-1.4462809917355373,2220208350,628803000,60471395300,3780039200,1139228350,568098800,55259118050,10134000650,67100445850
2021-06-18,24200.0,25550.0,24100.0,24950.0,6696236.0,4.612159329140461,5608693300,312629050,133528021100,27534699150,825625050,608610150,147900995800,17648811600,166984042600
2021-06-21,24950.0,25250.0,24050.0,24250.0,3252315.0,-2.80561122244489,741754050,447143900,75305207700,3264975600,2580842000,207158700,59727565650,17243514900,79759081250
2021-06-22,24600.0,25000.0,24100.0,24400.0,2532616.0,0.6185567010309279,1393363300,229503250,55620783550,4830331100,668887350,23027100,54358955400,7023111350,62073981200
2021-06-23,24500.0,24550.0,23800.0,24000.0,2083349.0,-1.639344262295082,2943153150,249050400,43771907400,3120352200,1448011850,246666000,40850657000,7539128300,50084463150
2021-06-24,23900.0,23950.0,23150.0,23600.0,2403542.0,-1.6666666666666667,1366862800,138501500,49095436250,6169080550,1513778450,235364700,47416542900,7604195050,56769881100
2021-06-25,23850.0,24450.0,23800.0,23850.0,1826728.0,1.059322033898305,1915785400,168181300,38353833300,3477505400,897365450,186692900,36793961550,6037285500,43915305400
2021-06-28,24300.0,24600.0,24050.0,24400.0,1988287.0,2.3060796645702304,336825300,1097575100,44828432100,2076500600,786099100,177476500,40223685050,7152072450,48339333100
2021-06-29,24650.0,24700.0,24100.0,24600.0,1692804.0,0.819672131147541,552512500,210249600,39450941100,1059403850,1774379700,338442400,34728380300,4431904650,41273107050
2021-06-30,24700.0,24700.0,24200.0,24250.0,1214359.0,-1.4227642276422763,816533900,205556750,26391025650,2151308800,1259494850,234509000,23702450300,4367970950,29564425100
2021-07-01,24350.0,24400.0,23750.0,24050.0,1347808.0,-0.8247422680412372,2475218600,888319550,26650171850,2395576400,1596775700,92429350,27817668800,2902412550,32409286400
2021-07-02,24300.0,24800.0,24250.0,24450.0,1819387.0,1.6632016632016633,334071300,847468700,38072072550,5311277550,1182947400,346672050,39060532900,3974737750,44564890100
2021-07-05,24700.0,25400.0,24500.0,24850.0,2828257.0,1.6359918200409,994220050,302442700,62742955050,6614737450,531543250,477921050,63285995400,6358895550,70654355250
2021-07-06,25150.0,25250.0,24100.0,24300.0,2628931.0,-2.2132796780684103,662541400,373624050,61789137200,1846257500,757060550,1678631300,53806037250,8429831050,64671560150
2021-07-07,24450.0,24750.0,24200.0,24300.0,1812346.0,0.0,224864200,1175780050,40162912750,2734485150,866216100,379662350,39203262000,3848901700,44298042150
2021-07-08,24150.0,24200.0,23300.0,23600.0,2391056.0,-2.880658436213992,902563000,291636350,51917668500,3536866500,1427401050,1028114050,48035276200,6157943050,56648734350
2021-07-09,23150.0,23350.0,22650.0,23100.0,2305253.0,-2.11864406779661,488336400,591706750,41529125900,10327767300,1063252550,231081400,47494468350,4148134050,52936936350
2021-07-12,23250.0,23350.0,23050.0,23150.0,913792.0,0.21645021645021645,493839300,47509850,16959246000,3689239200,365154000,65580950,19191722600,1567376800,21189834350
2021-07-13,23200.0,23600.0,23050.0,23100.0,908591.0,-0.21598272138228944,756522200,469709150,18491129450,1408390600,276135950,16320850,15894289100,4939005500,21125751400
2021-07-14,22900.0,22950.0,22550.0,22550.0,1375157.0,-2.380952380952381,287633600,116708850,26870727300,3978600500,937860100,331692050,27237812600,2746305500,31253670250
2021-07-15,22650.0,22800.0,22550.0,22650.0,786578.0,0.4434589800443459,734316600,381900850,14820972150,1916849300,519975750,161686400,14407212650,2765164100,17854038900
2021-07-16,22950.0,23250.0,22700.0,22750.0,1063316.0,0.44150110375275936,231624250,188091250,19482462450,4465289300,1200815300,26421100,18304318700,4835912150,24367467250
2021-07-19,22450.0,22450.0,22100.0,22200.0,1100949.0,-2.417582417582418,207492950,394549600,20184543200,3678056650,2505138000,10311500,20383416750,1565776150,24464642400
2021-07-20,21950.0,22700.0,21950.0,22550.0,1388186.0,1.5765765765765765,813719050,607525850,25863653650,3879105150,575393500,108674950,23734230150,6745705100,31164003700
2021-07-21,22750.0,22750.0,22250.0,22300.0,919021.0,-1.1086474501108647,610449550,298334400,16815110300,2887917500,856421200,468775100,16512712400,2773903050,20611811750
2021-07-22,22450.0,22700.0,22350.0,22650.0,778025.0,1.5695067264573992,1526762900,155916250,13827647950,2003625600,210987450,72533450,14743945100,2486486700,17513952700
2021-07-23,22750.0,22950.0,22500.0,22800.0,716507.0,0.6622516556291391,780847900,219565750,12467116400,2869030550,748599200,144667150,13935978000,1507316250,16336560600
2021-07-26,23100.0,23200.0,22600.0,22800.0,919999.0,0.0,369290050,213216000,19157375500,1358035450,1370742250,106659250,16538106050,3082409450,21097917000
2021-07-27,22900.0,24650.0,22750.0,23800.0,5859277.0,4.385964912280701,2761677750,947839100,116309635700,20785013200,1234352350,911214900,126673283450,11985315050,140804165750
2021-07-28,24000.0,24500.0,23450.0,24150.0,3037973.0,1.4705882352941175,2306520700,518133700,60682617350,9449338250,545466650,695802400,55217128600,16498212350,72956610000
2021-07-29,24200.0,24350.0,23950.0,24250.0,1082250.0,0.4140786749482402,1358429250,419053750,17195228350,7217438250,969130550,387443750,21894949400,2938625900,26190149600
2021-07-30,24350.0,24900.0,24050.0,24850.0,2826954.0,2.4742268041237114,3581068400,458207000,53528252700,12143201600,1275229300,483970200,61699577000,6251953200,69710729700
2021-08-02,24600.0,24950.0,24200.0,24850.0,1919922.0,0.0,1387347950,700487500,37907908650,7318576700,1828550000,294856300,36883212000,8307702500,47314320800
2021-08-03,24900.0,25200.0,24550.0,25050.0,1830067.0,0.8048289738430584,1260780800,329065750,34477903850,9517368950,1028569250,135376650,39100445200,5320728250,45585119350
2021-08-04,25000.0,25500.0,24850.0,25400.0,1996029.0,1.3972055888223553,2281029850,806746450,31350310200,16027481400,864944950,273728950,45732357800,3594536200,50465567900
2021-08-05,25450.0,26000.0,25150.0,25200.0,2042306.0,-0.7874015748031495,1452435450,647647450,41344908050,8813132650,689806100,394381400,45152355250,6021580850,52258123600
2021-08-06,25550.0,26650.0,25400.0,26600.0,5186679.0,5.555555555555555,2041161250,928425800,87936717900,45286078950,1742049850,2770420550,123576671550,8103241950,136192383900
2021-08-09,27000.0,27500.0,26200.0,26750.0,4286888.0,0.5639097744360901,3862330050,345696350,100689827200,9637677700,2818437200,1673352650,84272805650,25770935800,114535531300
2021-08-10,26350.0,26400.0,25250.0,25600.0,3223212.0,-4.299065420560748,699111750,1338002400,69634256600,11643629350,841788650,191422300,69760468050,12521321100,83315000100
2021-08-11,24800.0,25200.0,24450.0,24500.0,2940397.0,-4.296875,1130689500,210686450,54322933900,17198693200,1562556000,875145850,60084511800,10340789400,72863003050
2021-08-12,24400.0,25150.0,24400.0,24700.0,1597300.0,0.8163265306122449,1795281300,148499100,32040236550,5552526900,1589736100,177881600,29388844350,8380081800,39536543850
2021-08-13,24800.0,24900.0,23800.0,24600.0,1642435.0,-0.4048582995951417,953137850,331914100,31844672550,6749980350,1650057450,297321200,31270059800,6662266400,39879704850
2021-08-17,24500.0,24500.0,23400.0,23650.0,1662185.0,-3.861788617886179,882203800,789631300,32219457550,5707714550,1196684650,87406000,29071959150,9242957400,39599007200
2021-08-18,23350.0,24150.0,23300.0,23850.0,915065.0,0.8456659619450317,813333600,306747150,16341009750,4405912000,650094950,40800000,14399032000,6777075550,21867002500
2021-08-19,23650.0,24350.0,23100.0,23100.0,1573896.0,-3.1446540880503147,1064691500,251250850,29726925500,6056229050,1188838200,544672800,27018142300,8347443600,37099096900
2021-08-20,23250.0,23550.0,22500.0,22600.0,1524807.0,-2.1645021645021645,900724850,52939900,23938652250,10061186600,1684894850,175114850,22904512150,10188981750,34953503600
2021-08-23,23100.0,23500.0,22850.0,23250.0,1215132.0,2.8761061946902653,1084763600,140325150,22778644300,4278584600,715970650,50782950,17415792150,10099771900,28282317650
2021-08-24,23900.0,24200.0,23600.0,23950.0,1155044.0,3.010752688172043,1127433700,153122550,23156220750,3119572000,1044589300,31481400,17169976300,9310302000,27556349000
2021-08-25,24050.0,24450.0,23750.0,24100.0,1251883.0,0.6263048016701461,936699850,181638550,24369220150,4644711950,806504300,84182650,18399922250,10841661300,30132270500
2021-08-26,24050.0,26200.0,24000.0,25700.0,6283336.0,6.639004149377594,8515557050,3490553650,112016474700,36455031750,2214335050,3395641250,136583206000,18284434850,160477617150
2021-08-27,25550.0,26350.0,25550.0,25800.0,2608837.0,0.38910505836575876,3016479400,227040950,56007308300,8268884300,618006900,1352460000,52842516300,12706729750,67519712950
2021-08-30,26250.0,26900.0,25750.0,25800.0,3412906.0,0.0,2324544450,546555900,75313775400,11594088300,1528256450,1504415250,70363082500,16383209850,89778964050
2021-08-31,26350.0,26700.0,26000.0,26600.0,2691543.0,3.10077519379845,2390687900,322564600,55616703550,12771546050,2048164400,1248030500,57505377000,10299930200,71101502100
2021-09-01,26700.0,26900.0,25850.0,26150.0,1931810.0,-1.6917293233082706,947970400,713854350,43749504850,5257213150,1041191200,141578750,37787877100,11697895700,50668542750
2021-09-02,26200.0,26850.0,25800.0,26500.0,2310579.0,1.338432122370937,3641827450,947601250,44303230550,12050159450,1139937950,1287055400,46840287600,11675537750,60942818700
2021-09-03,26650.0,26650.0,26150.0,26250.0,1164088.0,-0.9433962264150944,2323501800,394231700,25088306250,2821374300,1556690100,147326150,21409498350,7513899450,30627414050
2021-09-06,26300.0,26700.0,26150.0,26500.0,1180226.0,0.9523809523809524,1169075900,208336650,22842510450,6943284050,750703700,1002739850,25964262100,3445501400,31163207050
2021-09-07,26600.0,26600.0,25650.0,26050.0,1841402.0,-1.6981132075471699,2148797550,907768350,38186239300,6436018400,4060713150,264852700,38224631150,5128626600,47678823600
2021-09-08,25000.0,25900.0,24950.0,25450.0,2423630.0,-2.3032629558541267,1105780200,751095700,40902706300,18870900550,1778645100,368422300,53175023050,6308392300,61630482750
2021-09-09,25650.0,25800.0,24700.0,24900.0,1698962.0,-2.161100196463654,1033430250,437511550,33203922900,7904204450,3188575000,73748700,29393243700,9923501750,42579069150
2021-09-10,24800.0,25100.0,24050.0,24700.0,1536381.0,-0.8032128514056224,1086839850,378133000,27606877200,8678380950,755496200,1033822350,28082025150,7878887300,37750231000
2021-09-13,24850.0,24950.0,24100.0,24500.0,1228600.0,-0.8097165991902834,1144454350,292432250,25110109250,3607202400,2238916350,160478100,19744537450,8010266350,30154198250
2021-09-14,24550.0,25250.0,24550.0,24600.0,1156025.0,0.40816326530612246,1447452900,127079200,25149727200,1980477750,1257358900,203626150,16336793950,10906958050,28704737050
2021-09-15,24500.0,24800.0,24300.0,24450.0,876769.0,-0.6097560975609756,596265650,151677300,16809603250,3950632600,1690940800,340531000,14123300000,5353407000,21508178800
2021-09-16,24550.0,24650.0,24050.0,24150.0,890471.0,-1.2269938650306749,289412050,46161000,17186451150,4086831050,1271676200,1026259600,15044397050,4266522400,21608855250
2021-09-17,24150.0,24250.0,23750.0,24100.0,927072.0,-0.2070393374741201,644689800,168349700,17195357200,4186735600,2927193250,178756900,12468617800,6620564350,22195132300
2021-09-23,24000.0,24000.0,23500.0,23700.0,997864.0,-1.6597510373443984,787406250,159430600,20410554700,2336554750,1050755350,132414100,16237757450,6273019400,23693946300
2021-09-24,24000.0,25200.0,23400.0,24700.0,3605447.0,4.219409282700422,2463579900,227012250,75952974100,9406569650,1458101700,227346100,59383201400,26981486700,88050135900
2021-09-27,25400.0,25800.0,24800.0,25150.0,2733835.0,1.8218623481781375,4576271350,339433550,56548580100,8035321850,4103805600,275565500,52646311400,12473924350,69499606850
2021-09-28,24800.0,25100.0,24400.0,24450.0,1490086.0,-2.783300198807157,425738750,709220750,31273770400,4373430300,3942035000,149343000,26710049300,5980732900,36782160200
2021-09-29,23700.0,24200.0,23600.0,24100.0,1430504.0,-1.4314928425357873,1014372750,221157200,26970027300,5961294750,1451822200,501640750,25552919950,6660469100,34166852000
2021-09-30,25000.0,25200.0,24150.0,24200.0,1862141.0,0.4149377593360996,1171341750,340063250,35865842750,8363095050,1063353800,1076539800,30290324250,13310124950,45740342800
2021-10-01,23850.0,24450.0,23750.0,23850.0,1266783.0,-1.4462809917355373,1012508150,337410250,24013230850,4988138100,2002123300,108926000,19351596550,8888641500,30351287350
2021-10-05,24000.0,24400.0,23450.0,23450.0,1648380.0,-1.6771488469601679,1447741300,559240300,34378171600,2861730800,1240876850,73788500,29368614350,8563604300,39246884000
2021-10-06,23600.0,23750.0,22450.0,22550.0,1624294.0,-3.8379530916844353,1406227350,346867250,28534041450,6876566850,1567009050,252317350,29062375950,6282000550,37163702900
2021-10-07,22650.0,23150.0,22500.0,22950.0,869670.0,1.7738359201773837,1269746250,35353000,14936116300,3669595850,717059650,51571750,15795545300,3346634700,19910811400
2021-10-08,23350.0,23600.0,22650.0,22950.0,1020666.0,0.0,721879150,160877500,18537816150,4145448550,3660290850,5360500,15156305800,4744064200,23566021350
2021-10-12,22850.0,23200.0,22850.0,22900.0,798402.0,-0.2178649237472767,826737000,10322500,13262269400,4254517300,1236145400,68723000,12801412450,4247565350,18353846200
2021-10-13,22900.0,23600.0,22900.0,23200.0,789704.0,1.3100436681222707,1491889600,181081350,14221625700,2499641450,321938200,11949800,12260622300,5799727800,18394238100
2021-10-14,23450.0,23700.0,23400.0,23550.0,584262.0,1.5086206896551724,1488292400,21668500,8974173800,3271980250,730076500,231202050,9231536500,3563299900,13756114950
2021-10-15,23700.0,24100.0,23400.0,23850.0,967871.0,1.2738853503184715,863178000,351829000,17240714900,4513512600,1185132700,184565850,16483985850,5115550100,22969234500
2021-10-18,23900.0,24200.0,23500.0,23850.0,691516.0,0.0,831046000,14279600,13465936150,2144800150,1163661850,86665000,11010736450,4194998600,16456061900
2021-10-19,24000.0,24200.0,23700.0,23800.0,563726.0,-0.20964360587002098,1072232300,21595500,10764623650,1612896700,1252828900,15376700,9974560350,2228582200,13471348150
2021-10-20,23800.0,24000.0,23500.0,23900.0,666376.0,0.42016806722689076,416062400,120118800,11906036650,3406507950,551125950,123399600,13508969200,1665231050,15848725800
2021-10-21,24050.0,24050.0,23600.0,23600.0,600188.0,-1.2552301255230125,775554250,76187500,11376870950,2042421350,971114250,343242500,9304571600,3652105700,14271034050
2021-10-22,23650.0,23900.0,23400.0,23700.0,658317.0,0.423728813559322,584554800,71694500,10964986800,3949183250,587769900,426276000,12864469300,1691904150,15570419350
2021-10-25,23550.0,23650.0,23100.0,23600.0,637079.0,-0.42194092827004215,841274100,10087600,10568478550,3509304250,486830350,0,12644042400,1798271750,14929144500
2021-10-26,23700.0,23900.0,23550.0,23900.0,570122.0,1.2711864406779663,1557105100,77300000,8663445800,3242517850,486438100,114548750,11792159200,1147222700,13540368750
2021-10-27,23850.0,23850.0,22800.0,22950.0,1633054.0,-3.9748953974895396,611193350,93317100,34295058350,2729016150,2760585550,691189100,24334380950,9942429350,37728584950
2021-10-28,22900.0,23050.0,22750.0,22750.0,784295.0,-0.8714596949891068,600264050,265418600,15011671750,2019577050,2117736000,15960000,12001546150,3761689300,17896931450
2021-10-29,22850.0,22900.0,22500.0,22500.0,791301.0,-1.098901098901099,583552400,130927150,14383793650,2809240050,2186521700,387247200,11903782850,3429961500,17907513250
2021-11-01,22600.0,22700.0,21950.0,21950.0,1047262.0,-2.4444444444444446,1319091650,119343800,19478912600,2278551150,1103472300,26156450,17673720950,4392549500,23195899200
2021-11-02,22000.0,22350.0,22000.0,22300.0,574188.0,1.5945330296127564,1608883500,337274950,6209224400,4611625850,1937621900,2799800,9480938700,1345648300,12767008700
2021-11-03,22400.0,22450.0,21800.0,21800.0,671379.0,-2.242152466367713,250465550,88065000,11775525600,2656920100,2021546100,28098750,9874934000,2846397400,14770976250
2021-11-04,22050.0,22350.0,21650.0,21750.0,636301.0,-0.22935779816513763,1179736750,19595900,9752841350,2962207600,1431999700,47086100,9961562450,2473733350,13914381600
2021-11-05,21750.0,21950.0,21150.0,21500.0,836733.0,-1.1494252873563218,658689450,17194000,11836067500,5433890850,1292236900,55795000,13972696800,2625113100,17945841800
2021-11-08,21600.0,21800.0,21050.0,21800.0,610455.0,1.3953488372093024,829036000,116315500,7761238100,4399603850,641730300,17220000,10337369300,2109873850,13106193450
2021-11-09,21850.0,22000.0,21300.0,21400.0,628332.0,-1.834862385321101,913512350,94999150,9756752550,2755254150,656766000,206374200,9458452450,3198925550,13520518200
2021-11-10,21200.0,21350.0,20700.0,20750.0,904034.0,-3.0373831775700935,444693050,34797850,13989446300,4441588700,594395500,35155150,16652904700,1628070550,18910525900
2021-11-11,20600.0,21300.0,20500.0,21050.0,991966.0,1.4457831325301205,1422339250,51318100,14560830300,4739863150,916465500,30428750,13378102000,6449354550,20774350800
2021-11-12,21050.0,21500.0,21000.0,21300.0,537225.0,1.187648456057007,902666200,1765400,8734953400,1796940150,264674950,99088750,8826386250,2246175200,11436325150
2021-11-15,21600.0,21900.0,21300.0,21700.0,587781.0,1.8779342723004695,822536350,136711650,10386323550,1360524250,373211200,42134200,9621174850,2669575550,12706095800
2021-11-16,21900.0,21900.0,21500.0,21850.0,552074.0,0.6912442396313364,567348550,10900000,10350022500,1065347350,732829000,11527750,7719550350,3529711300,11993618400
2021-11-17,21900.0,21900.0,21150.0,21150.0,661262.0,-3.203661327231121,414681850,30780900,12366348800,1305438950,1294965900,6663050,9901037050,2914584500,14117250500
2021-11-18,21100.0,21400.0,20850.0,21200.0,514256.0,0.2364066193853428,476142700,46853200,7302765950,3042566800,1009761700,63575000,8829400850,965591100,10868328650
2021-11-19,21200.0,21400.0,21000.0,21150.0,515872.0,-0.2358490566037736,721216050,26708850,7313542200,2868583150,1378508050,102514650,8307556850,1141470700,10930050250
2021-11-22,21300.0,21350.0,20750.0,21350.0,799635.0,0.9456264775413712,995720950,494939600,11607087800,3706835750,348117450,102763850,14087592850,2266109950,16804584100
2021-11-23,21150.0,21650.0,21150.0,21200.0,492629.0,-0.702576112412178,399023500,11612750,7519691000,2565640150,1318087950,8340000,6824850550,2344688900,10495967400
2021-11-24,21200.0,21300.0,20900.0,21000.0,504037.0,-0.9433962264150944,318969750,277720100,7418759650,2573345150,1651589900,53094900,6947273200,1936836650,10588794650
2021-11-25,20950.0,21300.0,20900.0,21150.0,409947.0,0.7142857142857143,416314800,5677950,6093077800,2154519750,766949500,24174250,6671699500,1206767050,8669590300
2021-11-26,21200.0,21200.0,20250.0,20300.0,974707.0,-4.0189125295508275,289311550,292348500,17236509600,2208053400,718108750,62500000,14953182250,4292432050,20026223050
2021-11-29,19400.0,20100.0,19300.0,19800.0,1067840.0,-2.4630541871921183,1695163500,51175050,11831615650,7583185650,1857007000,90868500,16584335400,2628928950,21161139850
2021-11-30,19950.0,20050.0,18700.0,18900.0,1409999.0,-4.545454545454546,441850500,38005500,18257980250,8390205750,1567717650,10785000,21440168950,4109370400,27128042000
2021-12-01,18900.0,19400.0,18600.0,19300.0,977837.0,2.1164021164021163,652231450,19976750,11754574000,6286776050,1887733650,13475000,10837309800,5975039800,18713558250
2021-12-02,19500.0,20150.0,19150.0,20100.0,1064040.0,4.145077720207254,729063000,2669000,14966541700,5231779200,1689242350,90015050,13418183650,5732611850,20930052900
2021-12-03,20300.0,20700.0,20100.0,20600.0,818336.0,2.4875621890547266,713315700,20102400,13243887450,2728670650,753241150,5160300,10760222550,5187352200,16705976200
2021-12-06,20350.0,20750.0,20200.0,20600.0,483201.0,0.0,646066150,8291050,7106117200,2143098000,541385300,100161200,7143514200,2118511700,9903572400
2021-12-07,20700.0,21050.0,20450.0,20900.0,535076.0,1.4563106796116505,479379600,8265000,8525593450,2085001650,554763500,64346500,7724726850,2754402850,11098239700
2021-12-08,21050.0,21150.0,20600.0,20750.0,572155.0,-0.7177033492822966,1432214900,120414100,7643757300,2736454150,385952700,37092850,9232763050,2277031850,11932840450
2021-12-09,20900.0,21500.0,20900.0,21050.0,808056.0,1.4457831325301205,3531166600,14218450,11150710350,2392487800,2579528500,34785500,9673266900,4801002300,17088583200
2021-12-10,20950.0,21100.0,20750.0,21100.0,316790.0,0.23752969121140144,988318900,5460000,4692844350,952073850,491221400,569700,4856888450,1290017550,6638697100
2021-12-13,21150.0,21400.0,20900.0,20900.0,500834.0,-0.9478672985781991,875968800,2518000,8234462050,1467004900,267637350,3023050,7765179850,2544113500,10579953750
2021-12-14,20900.0,21150.0,20650.0,20850.0,348775.0,-0.23923444976076555,567905950,10270000,5193451450,1501965650,1310752150,0,4447639250,1515201650,7273593050
2021-12-15,20850.0,20850.0,20500.0,20600.0,338011.0,-1.1990407673860912,242721700,14161700,4967487150,1747984550,956299250,12001200,5253269450,750785200,6972355100
2021-12-16,20850.0,20850.0,20450.0,20650.0,322895.0,0.24271844660194172,435820000,94386750,4360730100,1765721150,364460000,55061000,5404293300,832843700,6656658000
2021-12-17,20500.0,20900.0,20400.0,20800.0,365344.0,0.7263922518159807,558285100,0,4546968450,2461154750,480751350,62805500,5899991050,1122860400,7566408300
2021-12-20,20700.0,20700.0,20150.0,20200.0,444999.0,-2.8846153846153846,210642900,20797800,8174746850,646477750,872773450,91993300,6592511600,1495386950,9052665300
2021-12-21,20300.0,20600.0,20150.0,20200.0,412651.0,0.0,1050133250,5236550,6132503900,1182946350,1088031700,186698250,5709384250,1386705850,8370820050
2021-12-22,20300.0,20400.0,20150.0,20200.0,307275.0,0.0,374497100,491529600,4275217900,1086485850,607349100,10150000,4736001400,874229950,6227730450
2021-12-23,20250.0,20400.0,20150.0,20350.0,362089.0,0.7425742574257426,805510750,137135300,4645327400,1757054200,188474600,39603100,6610518700,506431250,7345027650
2021-12-24,20450.0,20700.0,20400.0,20550.0,463367.0,0.9828009828009828,802790250,43444700,7287643100,1397616950,127965250,610375300,7820826600,972327850,9531495000
2021-12-27,20600.0,20900.0,20500.0,20500.0,702297.0,-0.24330900243309003,442596000,85530000,12978991700,975445100,157747100,341540000,10213439600,3769836100,14482562800
2021-12-28,20550.0,20600.0,20300.0,20400.0,640378.0,-0.4878048780487805,1393275700,51223750,9453695450,2167094250,213181050,1590408400,10695140350,566559350,13065289150
2021-12-29,20450.0,21200.0,20350.0,21050.0,961433.0,3.1862745098039214,695176850,130476000,12924491900,6356568950,1632008500,22041500,15361130000,3091533700,20106713700
2021-12-30,21050.0,21050.0,20700.0,20800.0,476815.0,-1.187648456057007,327028800,139397800,9053254100,407995550,1403236100,86012350,5265518550,3172909250,9927676250
2022-01-03,21000.0,21400.0,21000.0,21250.0,757377.0,2.1634615384615383,235965450,213270500,14581247400,1021438000,928536000,4335750,11334502200,3784547400,16051921350
2022-01-04,21300.0,21450.0,21050.0,21300.0,582369.0,0.2352941176470588,166626550,24116300,11060391000,1130720850,1247958450,63370300,8250036700,2820489250,12381854700
2022-01-05,21150.0,21350.0,21000.0,21350.0,601989.0,0.2347417840375587,470603450,110254350,9480035100,2708094400,1282229950,0,9636933700,1849823650,12768987300
2022-01-06,21200.0,21600.0,21050.0,21150.0,916940.0,-0.936768149882904,1057947100,150206550,16812016050,1523253550,1097764650,28780100,14081385350,4335493150,19543423250
2022-01-07,21200.0,21450.0,21050.0,21400.0,509011.0,1.1820330969267139,518231550,215913600,9052235850,1059811100,955758700,2769000,8441061700,1446602700,10846192100
2022-01-10,21500.0,22100.0,21450.0,21550.0,1177965.0,0.7009345794392523,454135650,130009000,22682478050,2352431950,719076700,20591100,18954494350,5924892500,25619054650
2022-01-11,21700.0,21850.0,21500.0,21550.0,643936.0,0.0,807634750,8604300,12116769200,989089200,1077438950,12960000,9441197150,3390501350,13922097450
2022-01-12,21650.0,21750.0,21350.0,21700.0,604323.0,0.6960556844547563,1106243100,37802400,9844686750,2036475100,656510800,27300250,10897826200,1443570100,13025207350
2022-01-13,21900.0,22800.0,21850.0,22450.0,1772673.0,3.4562211981566824,1345279450,164560700,33127804700,5149814100,1050462700,58274900,32429114500,6249606850,39787458950
2022-01-14,22400.0,22650.0,22100.0,22450.0,899182.0,0.0,360365600,144591000,18260972800,1329871500,874162000,20320650,14764206250,4437112000,20095800900
2022-01-17,22750.0,23000.0,22150.0,22450.0,1155542.0,0.0,1213989900,73020150,22034314250,2735932000,518271050,89556950,20342295400,5107132900,26057256300
2022-01-18,22200.0,22400.0,21250.0,21350.0,1330655.0,-4.8997772828507795,951936800,62577850,21511388950,6309517850,567545250,653000,21861660000,6405563200,28835421450
2022-01-19,20950.0,21350.0,20550.0,20800.0,907260.0,-2.576112412177986,766842050,75839750,13286797000,4841498200,509046700,0,13605157600,4856772700,18970977000
2022-01-20,20600.0,21400.0,20600.0,21400.0,732154.0,2.8846153846153846,1597597200,35402000,10280848200,3482639800,404977950,285154900,11756305150,2950049200,15396487200
2022-01-21,20800.0,20900.0,19900.0,20000.0,2071795.0,-6.5420560747663545,1292439150,97222400,35013644700,5429949650,1014267550,73779250,29387951150,11357257950,41833255900
2022-01-24,19750.0,20000.0,19200.0,19300.0,1050035.0,-3.5000000000000004,1984571000,60332850,12873030350,5504042600,331352450,9725000,17066002750,3014896600,20421976800
2022-01-25,19500.0,19600.0,18800.0,18900.0,1016915.0,-2.072538860103627,1566843050,23185100,13882265250,3928851000,655108350,22037050,13722903450,5001095550,19401144400
2022-01-26,18850.0,19150.0,18700.0,18750.0,785330.0,-0.7936507936507936,1530460150,72450250,10449794200,2808305000,815784900,17700000,9255736900,4771787800,14861009600
2022-01-27,18750.0,18950.0,17800.0,17850.0,1137941.0,-4.8,1885380350,194447350,14659933750,4024759300,1484746750,1285200,14894238650,4384250150,20764520750
2022-01-28,17950.0,18650.0,17650.0,18600.0,788160.0,4.201680672268908,1801322950,100809850,9151267900,3289428050,676525900,306139000,10025874650,3334289200,14342828750
2022-02-03,18900.0,19250.0,18900.0,19000.0,647522.0,2.1505376344086025,670046600,56950000,8540799500,3056250650,693849050,8141500,8275677550,3346378650,12324046750
2022-02-04,18800.0,19250.0,18800.0,19250.0,533798.0,1.3157894736842104,483174150,113750,5550759150,4122242950,1138114600,109129950,6302365700,2606679750,10156290000
2022-02-07,19300.0,19350.0,18800.0,19150.0,488911.0,-0.5194805194805194,548317650,21109200,6440439500,2347905850,1275159300,67503750,5893242250,2121866900,9357772200
2022-02-08,19200.0,19500.0,18900.0,19100.0,462724.0,-0.26109660574412535,674019050,101452500,6063354650,2050924450,729864500,82756600,6413605650,1663523900,8889750650
2022-02-09,19250.0,19450.0,19150.0,19350.0,328779.0,1.3089005235602094,583259000,0,3762724300,1988360950,376343850,29549850,5055363200,873087350,6334344250
2022-02-10,19450.0,19450.0,19050.0,19100.0,426055.0,-1.2919896640826873,465642950,3860000,5626798350,2090581200,1387415650,73199800,5759621900,966645150,8186882500
2022-02-11,18800.0,19100.0,18650.0,18850.0,496902.0,-1.3089005235602094,215311450,6497250,5857833350,3284552950,783776800,73747400,7577105200,929565600,9364195000
2022-02-14,18650.0,18800.0,18200.0,18350.0,481650.0,-2.6525198938992043,815252000,197142600,6071750700,1790940850,430131300,678950,7319337450,1124938450,8875086150
2022-02-15,18400.0,18650.0,18050.0,18150.0,468593.0,-1.08991825613079,802258250,18575400,5494904100,2267629750,761342300,44564100,6134579150,1642881950,8583367500
2022-02-16,18450.0,19050.0,18400.0,19050.0,469117.0,4.958677685950414,835056950,5015700,5098671350,2872533700,409118250,35792250,6612470100,1753897100,8811277700
2022-02-17,19050.0,19250.0,18600.0,18850.0,635148.0,-1.0498687664041995,737349850,11869000,7767583050,3530999200,637498850,38587550,8516650000,2855064700,12047801100
2022-02-18,18600.0,19150.0,18550.0,19100.0,368389.0,1.3262599469496021,446587450,7659000,4623516500,1905434750,790027550,878600,5141614000,1050677550,6983197700
2022-02-21,18900.0,19200.0,18700.0,19200.0,307007.0,0.5235602094240838,411454350,49987200,4326552700,1049450700,565647700,50118400,4524988650,696690200,5837444950
2022-02-22,19100.0,19100.0,18750.0,18850.0,508895.0,-1.8229166666666667,739363350,13608000,7702738450,1177246300,1099344650,3760000,6583231500,1946619950,9632956100
2022-02-23,18950.0,19500.0,18850.0,19450.0,574844.0,3.183023872679045,741898800,8944450,7443619700,2853810050,557228700,53449050,9295988850,1141606400,11048273000
2022-02-24,19150.0,19550.0,18850.0,19000.0,760057.0,-2.313624678663239,447149150,54856200,11752101900,2287720200,860071400,6064000,10503573950,3172118100,14541827450
2022-02-25,19250.0,19500.0,19100.0,19400.0,615889.0,2.1052631578947367,1608250050,1968800,7313622850,2965392500,502643700,155134300,9254859100,1976597100,11889234200
2022-02-28,19600.0,20100.0,19500.0,19800.0,985413.0,2.0618556701030926,1385520200,60847550,15115579700,2945960500,802585600,10141000,15584011250,3111170100,19507907950
2022-03-02,20100.0,20300.0,19950.0,20150.0,752523.0,1.7676767676767675,1244112150,15875250,11582953600,2353264050,682676400,169882500,12499369600,1844276550,15196205050
2022-03-03,20250.0,20250.0,19800.0,20150.0,497022.0,0.0,571524550,2995000,7505526100,1888683200,625918750,35345550,8127859400,1179605150,9968728850
2022-03-04,20100.0,20350.0,19850.0,20250.0,481928.0,0.49627791563275436,354460700,60304300,6661307250,2614948450,723074700,0,7942150150,1025795850,9691020700
2022-03-07,20250.0,20250.0,19900.0,19900.0,528853.0,-1.728395061728395,392406950,125107300,7714686100,2362418050,1263133050,36180000,7640946050,1654359300,10594618400
2022-03-08,19700.0,19900.0,19250.0,19550.0,457211.0,-1.7587939698492463,319767450,33873200,5935401550,2691992350,495272450,33505000,6554318750,1897938350,8981034550
2022-03-10,19500.0,19750.0,18800.0,19150.0,1067678.0,-2.0460358056265986,1426395500,27917200,14603533450,4419778200,908562750,125849950,14343669600,5099542050,20477624350
2022-03-11,19050.0,19700.0,19050.0,19700.0,572832.0,2.8720626631853787,248098500,43606800,7277273600,3531919200,937137200,40324000,9104105050,1019331850,11100898100
2022-03-14,19550.0,19900.0,19250.0,19300.0,547274.0,-2.030456852791878,352886100,2369100,7919906700,2416237150,533658600,740800,6942558300,3214441350,10691399050
2022-03-15,19250.0,19300.0,18900.0,18950.0,367323.0,-1.8134715025906734,472293450,19935000,5321897150,1185633100,261593300,0,5514979850,1223185550,6999758700
2022-03-16,19100.0,19350.0,18950.0,19300.0,426029.0,1.8469656992084433,783376550,8492000,4737419750,2613303000,210942900,19050000,6356138150,1556460250,8142591300
2022-03-17,19500.0,19700.0,19400.0,19400.0,442949.0,0.5181347150259068,1079920750,35788050,5215716850,2307346500,588415600,60462850,6058785600,1931108100,8638772150
2022-03-18,19550.0,19750.0,19400.0,19750.0,417135.0,1.804123711340206,613939800,17249300,3928486700,3609468200,718747200,0,6165805250,1284591550,8169144000
2022-03-21,19900.0,20050.0,19700.0,19800.0,446697.0,0.25316455696202533,503020800,52136700,6629848450,1689225350,475583000,95460000,6754512200,1548676100,8874231300
2022-03-22,19850.0,20100.0,19650.0,19900.0,460847.0,0.5050505050505051,659722000,238200,6600105600,1906182650,298286750,0,7376193300,1491768400,9166248450
2022-03-23,20050.0,20050.0,19750.0,19850.0,363751.0,-0.25125628140703515,616155500,54489000,5074168000,1482237400,662833600,138600,5325477550,1238600150,7227049900
2022-03-24,19750.0,20100.0,19650.0,20100.0,485959.0,1.2594458438287155,294662550,30125000,5851748800,3531186100,605319600,2189150,8497192150,603021550,9707722450
2022-03-25,20200.0,20550.0,20100.0,20150.0,760904.0,0.24875621890547264,367580150,35248050,11945037850,3112186800,494698200,6611450,12235408150,2723335050,15460052850
2022-03-28,20100.0,20350.0,19950.0,20300.0,373672.0,0.7444168734491315,625537000,440000,4894107300,2034641350,399118050,43667500,6403644050,708296050,7554725650
2022-03-29,20450.0,20450.0,19900.0,19950.0,501557.0,-1.7241379310344827,817135200,30115600,7765218500,1463205400,754241050,4457150,7586010600,1730965900,10075674700
2022-03-30,19950.0,20200.0,19800.0,19850.0,451306.0,-0.5012531328320802,730353300,22094550,6431844900,1830765800,733819050,4675500,6802056650,1474507350,9015058550
2022-03-31,19950.0,20750.0,19950.0,20350.0,1030461.0,2.518891687657431,569723750,12761100,14212695150,6295306300,319476450,5838750,16777763200,3987407900,21090486300
2022-04-01,20250.0,20300.0,20000.0,20050.0,358528.0,-1.4742014742014742,195139950,2506750,6250903950,759464150,1154978700,0,4283568500,1769467600,7208014800
2022-04-04,20000.0,20150.0,19850.0,19950.0,366206.0,-0.4987531172069825,459877900,10598500,5633306300,1215433150,562915100,201721950,5649458600,905120200,7319215850
2022-04-05,20000.0,20050.0,19800.0,19850.0,308330.0,-0.5012531328320802,169362700,5064500,5444641050,513978050,495098450,0,4563499300,1074448550,6133046300
2022-04-06,19700.0,19750.0,19250.0,19400.0,592729.0,-2.2670025188916876,205288700,15092650,10532141550,743329500,2558715450,232789250,7585698550,1118649150,11495852400
2022-04-07,19200.0,19350.0,19000.0,19050.0,432421.0,-1.804123711340206,392301100,2375000,7517721600,361123700,916892200,0,5665684100,1690945100,8273521400
2022-04-08,19100.0,19200.0,18900.0,19100.0,319995.0,0.26246719160104987,347343550,14645500,5263309600,470770800,468801200,0,4272658350,1354609900,6096069450
2022-04-11,19100.0,19100.0,18850.0,18950.0,346480.0,-0.7853403141361256,308089450,17326450,5733376750,510591550,683702300,0,5046943950,838737950,6569384200
2022-04-12,18750.0,18900.0,18700.0,18800.0,356245.0,-0.79155672823219,369844450,3897250,4664750950,1649643000,619834950,13145000,4940580700,1114575000,6688135650
2022-04-13,19150.0,19350.0,19100.0,19150.0,467535.0,1.8617021276595744,688431900,0,6926869450,1347234300,1059134500,1918500,6403286150,1498196500,8962535650
2022-04-14,19250.0,19350.0,19050.0,19200.0,312477.0,0.26109660574412535,752681850,821150,4143056200,1087678650,468366100,5745000,4594084550,916042200,5984237850
2022-04-15,19100.0,19200.0,18900.0,19200.0,284354.0,0.0,387821350,1809000,3187788650,1854104600,1041032700,9575000,3776373950,604541950,5431523600
2022-04-18,19100.0,19250.0,18950.0,19100.0,289682.0,-0.5208333333333333,354427900,21940900,3967725600,1181765100,308493400,19140000,4388407700,809818400,5525859500
2022-04-19,19100.0,19300.0,19050.0,19300.0,282186.0,1.0471204188481675,630988100,19326950,3375789550,1400188750,194364700,5775000,4830210650,395943000,5426293350
2022-04-20,19300.0,19350.0,19150.0,19250.0,277649.0,-0.2590673575129534,644887500,13927100,3220659300,1466261750,791656400,23536500,4137121150,393421600,5345735650
2022-04-21,19250.0,19650.0,19200.0,19600.0,492076.0,1.8181818181818181,781549350,3802800,5448961650,3375580700,194982050,18838550,8981701150,414372750,9609894500
2022-04-22,19500.0,19550.0,19300.0,19450.0,305238.0,-0.7653061224489796,183363450,2267050,5128478300,617009050,1033290500,15558950,3909460000,972808400,5931117850
2022-04-25,19050.0,19150.0,18800.0,18850.0,467155.0,-3.0848329048843186,192320500,13290550,7957129400,685352450,245951750,125004250,6758074350,1719062550,8848092900
2022-04-26,18900.0,19200.0,18900.0,19000.0,324987.0,0.7957559681697612,481812950,76400,3612380450,2095110650,156588150,19100000,5009266550,1004425750,6189380450
2022-04-27,18500.0,18900.0,18500.0,18800.0,400016.0,-1.0526315789473684,409743950,39878100,5195413400,1828931900,413404700,23150600,5643055550,1394356500,7473967350
2022-04-28,18850.0,19100.0,18700.0,19050.0,330453.0,1.3297872340425532,378193500,53828000,4305384500,1505272350,463299950,90920000,4775036450,913421950,6242678350
2022-04-29,19050.0,19150.0,18900.0,19050.0,282944.0,0.0,766676750,5057750,3379382650,1224642450,608765550,0,3854132850,912861200,5375759600
2022-05-02,18900.0,19400.0,18900.0,19100.0,439140.0,0.26246719160104987,370336000,953000,5765378550,2274454500,733638100,3915700,6162421400,1511146850,8411122050
2022-05-03,19150.0,19250.0,19050.0,19050.0,266451.0,-0.2617801047120419,370665050,12842000,3973041400,743686050,672756300,1144500,3811305400,615028300,5100234500
2022-05-04,19100.0,19150.0,18900.0,19050.0,356433.0,0.0,441134350,41690000,4895003900,1393458400,378683850,3808950,5764982800,623811050,6771286650
2022-05-06,18900.0,19200.0,18800.0,19150.0,365546.0,0.5249343832020997,251562200,207100,4270655650,2423863600,564326150,4777500,5228523750,1148661150,6946288550
2022-05-09,19050.0,19200.0,18500.0,18500.0,692732.0,-3.3942558746736298,543973000,114920500,11588702450,714482550,365969600,5598500,7672003900,4918506500,12962078500
2022-05-10,18200.0,18600.0,17900.0,18500.0,526399.0,0.0,663531500,4349500,6436229400,2472571800,810305850,24303000,7274937700,1467135650,9576682200
2022-05-11,18450.0,18550.0,18250.0,18300.0,353084.0,-1.0810810810810811,505792000,94356300,4541217800,1341856500,897642800,0,3523377900,2062201900,6483222600
2022-05-12,18000.0,18200.0,17650.0,17800.0,535704.0,-2.73224043715847,669659850,96200000,7436522350,1388913450,672230050,28589000,7138065100,1752411500,9591295650
2022-05-13,17900.0,18550.0,17850.0,18250.0,410244.0,2.528089887640449,982656700,55058750,5027440950,1380706400,496840200,6173000,5921285850,1021563750,7445862800
2022-05-16,18450.0,18450.0,18150.0,18200.0,290542.0,-0.273972602739726,315611350,1817500,4189079300,807878150,803092150,58536800,3934614500,518142850,5314386300
2022-05-17,18250.0,18500.0,18200.0,18450.0,303406.0,1.3736263736263736,1254709700,7923800,3145636250,1160183400,211038350,0,4604797000,752617800,5568453150
2022-05-18,18550.0,18600.0,18150.0,18300.0,318341.0,-0.8130081300813009,209368550,0,4865262400,753637700,772561450,0,3937101150,1118606050,5828268650
2022-05-19,17750.0,18000.0,17750.0,17800.0,347054.0,-2.73224043715847,320186500,1457900,5150675500,723089400,957807700,0,4585391250,652210350,6195409300
2022-05-20,17950.0,18300.0,17850.0,18300.0,269405.0,2.8089887640449436,1011464800,0,2236620450,1637186400,280678500,657250,3983617850,620318050,4885271650
2022-05-23,18350.0,18450.0,18250.0,18400.0,277362.0,0.546448087431694,642027350,0,2351543050,2097615700,382615350,1125350,4126680550,580764850,5091186100
2022-05-24,18400.0,18500.0,18100.0,18150.0,275765.0,-1.358695652173913,238140700,2731000,3067855300,1743735800,394741600,21998500,4069759850,565962850,5052462800
2022-05-25,18250.0,18500.0,18100.0,18400.0,254225.0,1.3774104683195594,877754750,369000,2499284050,1288872200,159478950,0,3918089350,588711700,4666280000
2022-05-26,18400.0,18600.0,18400.0,18450.0,278131.0,0.2717391304347826,645581050,0,2855206800,1641163600,493073350,0,4108468250,540409850,5141951450
2022-05-27,18600.0,18650.0,18300.0,18550.0,290442.0,0.5420054200542005,862988900,0,3150847100,1356891600,532755300,96200000,4264350750,477421550,5370727600
2022-05-30,18750.0,19000.0,18750.0,18900.0,381923.0,1.8867924528301887,493992600,22659100,4632967200,2054635000,221129000,6526050,6352402750,624196100,7204253900
2022-05-31,19050.0,19350.0,18950.0,19350.0,696333.0,2.380952380952381,774402950,18131200,7592322350,4974066200,1309312450,23994200,10132825300,1892790750,13358922700
2022-06-02,19400.0,19500.0,19100.0,19500.0,524542.0,0.7751937984496124,1080551900,157950350,6593211100,2331953750,1172902650,1361450,6996108400,1993294600,10163667100
2022-06-03,19500.0,19600.0,19250.0,19600.0,448229.0,0.5128205128205128,2352957000,21126950,4034036050,2314182150,267292800,43106950,7390867500,1021034900,8722302150
2022-06-07,19750.0,20450.0,19700.0,20250.0,2057566.0,3.316326530612245,2263148050,236175950,35468949600,4262660050,1196833250,152222450,36349405600,4532472350,42230933650
2022-06-08,22300.0,22600.0,20800.0,21050.0,7461549.0,3.950617283950617,5083614550,315636900,146768630750,9035670750,1235434850,1535205750,134893633100,23539279250,161203552950
2022-06-09,21250.0,23300.0,21200.0,22850.0,16607375.0,8.551068883610451,15460719100,2518063450,302241246350,53913154550,4578995650,2585380800,324540290600,42428516400,374133183450
2022-06-10,22600.0,23450.0,22500.0,22800.0,4985635.0,-0.2188183807439825,5946156450,267228950,84419426250,23577881100,2964658550,2673532300,93962979150,14609522750,114210692750
2022-06-13,22550.0,23000.0,21900.0,22150.0,4034813.0,-2.850877192982456,2963390700,711387600,72349267150,14741073150,2497876050,1064801500,77292564000,9909877050,90765118600
2022-06-14,21900.0,22400.0,21600.0,22350.0,3080038.0,0.9029345372460496,4233976250,425040050,53272009250,9908501200,2211423550,280128400,53056104800,12291870000,67839526750
2022-06-15,22050.0,22150.0,20200.0,20250.0,4093581.0,-9.395973154362416,2833889100,425988900,71409939050,10545962200,1882005950,195793950,64834013650,18303965700,85215779250
2022-06-16,20650.0,20850.0,19800.0,19850.0,2369719.0,-1.9753086419753085,1756625100,185075950,37574189350,8418169000,2908953350,232146500,37819462600,6973496950,47934059400
2022-06-17,19150.0,20200.0,19000.0,19900.0,1858497.0,0.2518891687657431,2508426900,245037850,25498427700,8321309900,504071650,149678050,28950027000,6969425650,36573202350
2022-06-20,20250.0,20650.0,19850.0,20000.0,1773187.0,0.5025125628140703,3116523700,163279200,29132197500,3437276100,257025450,59228750,25225145050,10307877250,35849276500
2022-06-21,20050.0,20500.0,19600.0,20250.0,1136351.0,1.25,5455450450,31382500,15262534000,2218286100,510388050,125251250,17641599600,4690414150,22967653050
2022-06-22,20450.0,20450.0,19200.0,19250.0,1481804.0,-4.938271604938271,4141679550,89298000,20807124850,4119500600,950919000,1125750,23133382750,5072175500,29157603000
2022-06-23,19150.0,19400.0,18300.0,18400.0,1845875.0,-4.415584415584416,3084167200,278157500,23833143600,7586394300,495404050,72933500,28331115900,5882409150,34781862600
2022-06-24,18650.0,19100.0,18450.0,18900.0,920312.0,2.717391304347826,2437381100,225311950,12197454150,2456939000,731423450,98728000,12614764800,3872169950,17317086200
2022-06-27,19250.0,20150.0,19100.0,19900.0,1032518.0,5.291005291005291,2459174350,233518150,12554492900,5077661600,1388146850,245947150,15281269000,3409484000,20324847000
2022-06-28,20050.0,21200.0,20000.0,21100.0,1690618.0,6.030150753768844,3593282300,151771600,25357086150,5907246850,834375250,113756550,28837655550,5223599550,35009386900
2022-06-29,20750.0,21700.0,20700.0,21100.0,1743437.0,0.0,3163458200,448873950,25746225050,7746713950,1553425050,344562250,28857470300,6349813550,37105271150
2022-06-30,21300.0,21500.0,20450.0,20800.0,1519800.0,-1.4218009478672986,2314797650,110330700,22696387050,6753250650,1686005900,448246650,23356375400,6384138100,31874766050
2022-07-01,21250.0,21550.0,20600.0,20900.0,1656353.0,0.4807692307692308,2706490650,450885900,25344818650,6297711000,880803950,353269150,25210679700,8355153400,34799906200
2022-07-04,21250.0,21300.0,18900.0,19300.0,2541365.0,-7.655502392344498,2999771200,376871300,35863563000,10345792900,2775750400,171838300,29232565400,17405844300,49585998400
2022-07-05,19300.0,19650.0,18650.0,19600.0,1093224.0,1.5544041450777202,970386750,180768700,15366223400,4502635600,1102374800,13646000,15484163650,4419830000,21020014450
2022-07-06,19400.0,19700.0,18750.0,18800.0,918850.0,-4.081632653061225,996396950,38284000,14079594900,2402991400,1617850350,84282000,12212418900,3602716000,17517267250
2022-07-07,18900.0,19100.0,18450.0,19050.0,844123.0,1.3297872340425532,1503201500,122159000,12534126850,1861324000,514697000,10158500,12343095700,3152860150,16020811350
2022-07-08,19700.0,19950.0,19150.0,19300.0,1477123.0,1.3123359580052494,1758830100,163118900,24780920350,2179632100,910960950,112759900,21284784300,6573996300,28882501450
2022-07-11,19400.0,19450.0,18800.0,18900.0,749521.0,-2.072538860103627,1554668200,4012000,10849362950,1844050500,2936868700,1729000,8270215200,3043280750,14252093650
2022-07-12,18700.0,18800.0,18050.0,18150.0,931907.0,-3.968253968253968,324731450,196048800,14339565300,2241740800,487012350,546000,13895060550,2719467450,17102086350
2022-07-13,18050.0,18500.0,17700.0,18200.0,813282.0,0.27548209366391185,770329800,217128200,12276742350,1490564800,873896750,7670000,10401179350,3472019050,14754765150
2022-07-14,17950.0,18600.0,17950.0,18500.0,674965.0,1.6483516483516485,643435500,105755800,9641447650,2003905000,1025340600,178580250,8207377850,2983245250,12394543950
2022-07-15,18500.0,19450.0,18150.0,19200.0,1352128.0,3.783783783783784,2475714400,127688050,19255996950,3669908250,1214969400,579412300,16958308550,6776617400,25529307650
2022-07-18,19500.0,20250.0,19300.0,20000.0,1716158.0,4.166666666666666,3697447500,692720550,24667010250,5320414300,1597801700,888481500,25267839250,6623470150,34377592600
2022-07-19,20950.0,21050.0,20250.0,20600.0,2918673.0,3.0,2444831050,76041200,50566526150,7070444250,2642990250,401789950,45327166000,11785896450,60157842650
2022-07-20,20650.0,20700.0,19800.0,19950.0,1685948.0,-3.1553398058252426,999269550,77257500,28199883750,4626244450,1725037150,547278350,24985970100,6644369650,33902655250
2022-07-21,20000.0,20350.0,19900.0,20200.0,836904.0,1.2531328320802004,155452450,19108600,14649806250,2130444150,1044075000,44489100,13941897200,1924350150,16954811450
2022-07-22,20800.0,24550.0,20800.0,24400.0,31111778.0,20.792079207920793,14388619700,1320215500,622403792450,91770954100,5181669850,2748744550,653084211100,68868956250,729883581750
2022-07-25,24450.0,25350.0,24200.0,25050.0,16464385.0,2.663934426229508,17900213600,2112231650,339254377750,49700869750,3960734350,1569899300,356610165800,46826893300,408967692750
2022-07-26,25050.0,26300.0,24800.0,25300.0,13799507.0,0.998003992015968,4360607100,1615227200,287548951850,58821827350,3064518250,1075311500,309746350350,38460433400,352346613500
2022-07-27,25650.0,25900.0,24050.0,25000.0,13917584.0,-1.185770750988142,15863899400,1123368550,270802272200,60670161000,10123070300,1770534450,280807313050,55758783350,348459701150
2022-07-28,25350.0,26500.0,24600.0,24950.0,11215232.0,-0.2,7148366050,3511465600,235691563750,39153673500,4398740900,592683300,240090527300,40423117400,285505068900
2022-07-29,25350.0,26850.0,24900.0,26550.0,15951347.0,6.4128256513026045,10235258400,1150145550,336425592250,68206107150,2112320800,2529842050,365685497700,45689442800,416017103350
2022-08-01,26450.0,26900.0,25900.0,25900.0,5901512.0,-2.4482109227871938,7224592900,2116748200,130145811950,16290905000,2861180650,767377050,121132685550,31016814800,155778058050
2022-08-02,26150.0,26900.0,25500.0,25600.0,7918874.0,-1.1583011583011582,5172773150,1009302600,170642145000,30701900950,6142502750,822125300,169333868550,31227625100,207526121700
2022-08-03,25700.0,25800.0,24850.0,25100.0,4548111.0,-1.953125,2450564450,465616050,89706719250,22390240900,5987615500,1819690350,87287042000,19918792800,115013140650
2022-08-04,25550.0,25600.0,24250.0,24400.0,4669106.0,-2.788844621513944,1409396650,158844750,93694810900,20197897050,12513833500,194904350,84171009600,18581201900,115460949350
2022-08-05,24400.0,24750.0,24050.0,24650.0,3548773.0,1.0245901639344261,3530342400,1001101800,69494361050,12727097800,1312906050,2220937650,64494556200,18724503150,86752903050
2022-08-08,24700.0,25850.0,24450.0,25700.0,5568646.0,4.259634888438134,10127433150,1421625950,115131223950,13938940800,3086733900,531327100,114415770500,22585392350,140619223850
2022-08-09,25600.0,25850.0,24800.0,24850.0,3908085.0,-3.3073929961089497,2453089500,514756750,84186673150,11414914800,6989827700,269908900,70825393450,20484304150,98569434200
2022-08-10,24650.0,25300.0,24600.0,24700.0,2055538.0,-0.6036217303822937,584919250,128263400,39463803800,11052640800,2412934200,68993050,41090351350,7657348650,51229627250
2022-08-11,25150.0,25450.0,24800.0,25050.0,2550052.0,1.417004048582996,4422704350,534198850,53105962950,5934325550,714892900,14107200,50931724050,12336467550,63997191700
2022-08-12,25150.0,26650.0,25100.0,25550.0,6511380.0,1.996007984031936,6409180850,1610661800,141661943900,19100937150,2137366300,924506300,137546689400,28174161700,168782723700
2022-08-16,26000.0,26550.0,25550.0,25600.0,4612907.0,0.19569471624266144,2524149150,320910250,99129335550,17766504200,3798722250,230554400,92308305500,23403317000,119740899150
2022-08-17,25500.0,25900.0,25200.0,25800.0,2573411.0,0.78125,2475294100,389529900,53310615400,9693058800,5499359600,850508650,54547756000,4970873950,65868498200
2022-08-18,25800.0,26500.0,25500.0,25750.0,4669665.0,-0.1937984496124031,6452557100,639433600,97801087400,16644387000,7471995350,505935300,96916721850,16642812600,121537465100
2022-08-19,25900.0,26900.0,25700.0,26050.0,6043818.0,1.1650485436893203,4488746550,548290800,135334202000,18547966900,2087419150,377596800,135981827900,20472362400,158919206250
2022-08-22,25800.0,26400.0,25550.0,26250.0,2807247.0,0.7677543186180422,7543546300,353730700,55560965700,9686695000,2435751800,296618050,61556636650,8855931200,73144937700
2022-08-23,26150.0,27250.0,26100.0,26800.0,7077764.0,2.0952380952380953,8169215200,950944750,153699634250,26244712950,1581510500,421411050,159661891050,27399694550,189064507150
2022-08-24,27350.0,31950.0,27250.0,31400.0,34853568.0,17.16417910447761,15217166100,1992457750,845803180000,192335127400,17993489750,5909334600,927980524150,103464582750,1055347931250
2022-08-25,31450.0,31900.0,30400.0,31150.0,12636684.0,-0.7961783439490446,10770710750,761741350,307815302850,74854278800,9426784000,1194420850,320029102500,63551726400,394202033750
2022-08-26,32700.0,32850.0,30150.0,30550.0,12602955.0,-1.9261637239165328,2761437500,1736813150,353756173800,37999352600,25624020500,2648109500,301654273600,66327373450,396253777050
2022-08-29,29950.0,31700.0,29900.0,30100.0,11932377.0,-1.4729950900163666,2754354550,2109223600,310272302650,51331859150,14827961200,2497476700,256246850600,92895451450,366467739950
2022-08-30,30850.0,31000.0,29200.0,29450.0,7899572.0,-2.1594684385382057,4761907500,1681898200,209102332450,20843545450,8035614100,777723550,185262105900,42314240050,236389683600
2022-08-31,29250.0,30500.0,28700.0,30300.0,8990933.0,2.886247877758913,10714932350,1855598900,211792095600,42365490250,2420981250,665168550,218872061450,44769905850,266728117100
2022-09-01,29850.0,30750.0,29550.0,29850.0,5809768.0,-1.4851485148514851,4268301350,491672300,131945703150,38202974550,4054177650,1389053050,138930777600,30534643050,174908651350
2022-09-02,30050.0,30300.0,29050.0,30200.0,5138416.0,1.1725293132328307,6484400450,721072700,115528798550,30697743100,3356895150,387374800,122054445250,27633299600,153432014800
2022-09-05,30300.0,30650.0,29700.0,30500.0,4622247.0,0.9933774834437087,3940572650,287901450,113401146900,22461623450,2327993600,469322050,117154416200,20139512600,140091244450
2022-09-06,30500.0,30550.0,29750.0,29900.0,3567614.0,-1.9672131147540985,981083350,875816050,95580073500,9902081200,4019743550,120329950,81705081100,21493899500,107339054100
2022-09-07,29900.0,30550.0,28550.0,29050.0,6125085.0,-2.842809364548495,1969971450,1117492150,145907549050,31620283700,10573005550,848603800,145473842600,23719844400,180615296350
2022-09-08,29200.0,29750.0,28800.0,29300.0,3475555.0,0.8605851979345954,3546309600,561041200,70542699750,27161673850,5527346950,217027550,84006915450,12060434450,101811724400
2022-09-13,29550.0,29600.0,27350.0,28450.0,6611538.0,-2.901023890784983,3734280200,356754650,147742283650,34624881650,14184505000,934759400,142591784450,28747151300,186458200150
2022-09-14,27750.0,28600.0,27600.0,28450.0,3038188.0,0.0,3219589500,709454100,57100945750,24855776100,1857473300,353448400,67911268700,15763575050,85885765450
2022-09-15,28600.0,29250.0,27950.0,28100.0,3180734.0,-1.2302284710017575,1127256600,140812200,73942182350,15650006050,2083782750,660204350,74017430350,14098839750,90860257200
2022-09-16,27900.0,28600.0,27650.0,27850.0,3149365.0,-0.8896797153024912,7764339700,130274100,60396329800,20134122600,1735335350,84562800,68543480500,18061687550,88425066200
2022-09-19,28200.0,28800.0,27350.0,27700.0,3616022.0,-0.5385996409335727,7976595200,343702100,78377430550,14925664400,1043773450,76994900,79046610450,21456013450,101623392250
2022-09-20,27900.0,28650.0,27800.0,28450.0,2648816.0,2.707581227436823,2344050350,41694650,49233902300,23413961550,1057429950,476867800,63305079850,10194231250,75033608850
2022-09-21,28450.0,29100.0,28150.0,28850.0,2986619.0,1.4059753954305798,5928658700,635095700,58085257800,21045570500,1160632950,754794100,60367004050,23412151600,85694582700
2022-09-22,29050.0,29300.0,28300.0,29050.0,3467114.0,0.6932409012131715,4640972400,2893409000,71529220350,21129731950,1983794500,194212650,75556864900,22458461650,100193333700
2022-09-23,29000.0,29600.0,27100.0,27150.0,4973171.0,-6.540447504302927,1588209100,90082450,118031929100,20477097150,11466639950,212556550,98247187400,30260933900,140187317800
2022-09-26,27150.0,27950.0,26250.0,26950.0,5951813.0,-0.7366482504604052,8150091550,193637950,117197668500,35652410450,3220244850,708431750,127832069350,29433062500,161193808450
2022-09-27,27100.0,27500.0,26150.0,26700.0,3431899.0,-0.927643784786642,4032507850,163752500,68730715100,18773494300,1760399950,350831750,72999069050,16590169000,91700469750
2022-09-28,26700.0,27000.0,25200.0,25450.0,4073434.0,-4.681647940074907,3390985300,42120850,77357093800,24740794550,5797921800,106068350,83727691200,15899313150,105530994500
2022-09-29,25900.0,27300.0,25700.0,26150.0,4981199.0,2.75049115913556,4340552450,460445450,90697428450,36389086200,3444098850,392653700,107991680500,20059079500,131887512550
2022-09-30,25950.0,26550.0,24400.0,25300.0,4830006.0,-3.2504780114722758,4696478250,470011150,85996145350,30747842900,1611850600,310917100,88539059650,31448650300,121910477650
2022-10-04,25950.0,27100.0,25650.0,26950.0,3938335.0,6.521739130434782,3633787650,323926650,64503641550,36228747850,2425151450,422384750,82981137250,18861430250,104690103700
2022-10-05,27500.0,27500.0,26300.0,26550.0,2632510.0,-1.4842300556586272,2488720300,780854750,54957396650,12393090900,3007619200,108589250,45613067700,21890786450,70620062600
2022-10-06,26750.0,26800.0,26300.0,26550.0,1278571.0,0.0,2194623650,71309050,26411965750,5247513150,803553200,205099800,24208650050,8708108550,33925411600
2022-10-07,26350.0,26350.0,25150.0,25200.0,2849194.0,-5.084745762711865,1866547100,126533100,59274315300,11453424000,3662577350,208575500,50838985100,18010681550,72720819500
2022-10-11,24750.0,25450.0,24400.0,24800.0,2446202.0,-1.5873015873015872,2084972850,73617800,37342516900,21245552450,4938743750,58601550,45210003250,10539311450,60746660000
2022-10-12,24650.0,25200.0,23500.0,24700.0,2945921.0,-0.4032258064516129,4781263500,926223800,47754223250,18584802800,2013397900,79341250,51765321400,18188452800,72046513350
2022-10-13,24550.0,24600.0,23500.0,23500.0,2301715.0,-4.8582995951417,2158868350,267132850,35655101250,16844983450,4616837500,627394800,42581618150,7100235450,54926085900
2022-10-14,24100.0,24750.0,23950.0,24200.0,2387437.0,2.9787234042553195,4642839450,431676200,36865032650,16163666750,621219700,1605026100,42890694900,12986274350,58103215050
2022-10-17,23750.0,24250.0,23300.0,24200.0,1776931.0,0.0,1111288650,96367600,26149694700,14953600600,5071341900,634365050,28654874300,7950370300,42310951550
2022-10-18,24650.0,24700.0,24100.0,24450.0,1583779.0,1.0330578512396695,2149936100,83063550,30515989650,5982092700,1308090450,219223000,28030466300,9173302250,38731082000
2022-10-19,24700.0,24800.0,24050.0,24100.0,1610681.0,-1.4314928425357873,955742200,180633900,27519832450,10771447050,748564300,148741400,27505187000,11025162900,39427655600
2022-10-20,24250.0,24800.0,23950.0,24000.0,1731992.0,-0.4149377593360996,983992300,27586800,28956053550,12051654400,911570050,14999700,29463128450,11629588850,42019287050
2022-10-21,24050.0,24250.0,23500.0,23550.0,1016767.0,-1.875,894165350,60824600,16642512450,6585158350,1399520450,15367100,18850039900,3917733300,24182660750
2022-10-24,23950.0,24600.0,23900.0,23950.0,1592393.0,1.6985138004246285,1018174150,76722800,22484524000,15015913100,510718500,293080000,30412807150,7378728400,38595334050
2022-10-25,24100.0,24150.0,23450.0,23650.0,1198948.0,-1.2526096033402923,771409800,12963000,20740339100,6974436900,402495400,122831050,18020481000,9953341350,28499148800
2022-10-26,23800.0,24050.0,23150.0,23200.0,1396948.0,-1.9027484143763214,475797500,82911000,24493131000,7717690700,1268443400,42793300,22529960200,8928333300,32769530200
2022-10-27,23250.0,23950.0,23050.0,23900.0,1532704.0,3.0172413793103448,2651726200,185794750,22865099300,10449010950,433373300,37412400,30784304500,4896541000,36151631200
2022-10-28,23750.0,24400.0,23550.0,23850.0,1450124.0,-0.20920502092050208,1249414650,132670500,23633052250,9682651350,1236587750,197833700,24995064050,8268303250,34697788750
2022-10-31,24200.0,24500.0,23750.0,24350.0,1301910.0,2.0964360587002098,3090102450,41069150,18784843050,9568913400,955474950,102610650,23311721600,7115120850,31484928050
2022-11-01,24500.0,25650.0,24250.0,25500.0,2623709.0,4.722792607802875,5926746950,501460500,47018453550,12131427200,624839100,101178950,49229841400,15622228750,65578088200
2022-11-02,25300.0,25750.0,24650.0,24800.0,2229939.0,-2.7450980392156863,3616512550,119621300,41188262000,11104886250,3100581600,117405050,32326139850,20485155600,56029282100
2022-11-03,24300.0,25050.0,24050.0,24850.0,1507028.0,0.20161290322580644,400389450,776885500,23851452000,12296526250,4783548250,373514300,27184472600,4983718050,37325253200
2022-11-04,24700.0,25250.0,24650.0,25000.0,1358010.0,0.6036217303822937,1349801200,216884400,25839466150,6436330150,1682642000,849450950,23215644650,8094744300,33842481900
2022-11-07,25250.0,25250.0,24250.0,24300.0,1784778.0,-2.8000000000000003,854250500,192327050,35808783200,6969247300,3295690450,539055250,30390624100,9599238250,43824608050
2022-11-08,24400.0,25000.0,24400.0,24900.0,1344045.0,2.4691358024691357,1378879800,128405600,15654810950,16131409150,822202700,120815800,28722741700,3627745300,33293505500
2022-11-09,25150.0,25150.0,24400.0,24700.0,1284433.0,-0.8032128514056224,1692510550,184675450,23320750850,6625867000,5813587550,245808300,18819020400,6945387600,31823803850
2022-11-10,24450.0,26500.0,24450.0,25600.0,5167070.0,3.643724696356275,10770386700,637835150,99687045850,22516519950,2306921400,172132400,103159318100,27973415750,133611787650
2022-11-11,26500.0,26550.0,25600.0,25700.0,2761315.0,0.390625,3599548700,1166224850,61071900250,5835117700,3593795200,110300250,47972908400,19995787650,71672791500
2022-11-14,25750.0,25750.0,24700.0,25250.0,2276318.0,-1.7509727626459144,1209942200,237742950,38806940000,17156082600,8926483300,482599600,41092444500,6909180350,57410707750
2022-11-15,25550.0,25950.0,25050.0,25300.0,1840586.0,0.19801980198019803,1268841600,208442150,39810627300,5598132550,3640377200,14400150,28927519350,14303746900,46886043600
2022-11-16,25850.0,26600.0,25250.0,26600.0,7036601.0,5.138339920948617,3208003700,1340081200,149318126700,29328484550,5216387750,1430964600,145988652900,30558690900,183194696150
2022-11-17,27800.0,29500.0,26700.0,28050.0,25930518.0,5.451127819548872,42074935950,5221704900,602746659400,80744688350,14677999050,3349340100,614395088050,98365561400,730787988600
2022-11-18,28350.0,29300.0,27350.0,27350.0,11360799.0,-2.4955436720142603,7938722900,929849050,275767006100,37622281580,5532965150,711628400,256583115750,59430150330,322257859630
2022-11-21,27800.0,29600.0,27750.0,29150.0,16144080.0,6.581352833638025,18322068850,1436828850,365623323450,81863506050,3857508400,565480500,384628270150,78194468150,467245727200
2022-11-22,29000.0,29200.0,28450.0,28850.0,4387215.0,-1.0291595197255576,4775999450,843072600,98596572250,22094971050,3859834950,559185200,91273615950,30617979250,126310615350
2022-11-23,29100.0,30350.0,28750.0,29900.0,11255060.0,3.6395147313691507,17047756900,4592498700,255756209700,56651403250,4804121000,2351560900,279292701200,47599485450,334047868550
2022-11-24,29850.0,30100.0,29550.0,30000.0,3107458.0,0.33444816053511706,4974188450,1395695000,70642148050,15843587400,3012973950,558652450,78494136800,10789855700,92855618900
2022-11-25,29900.0,30250.0,29000.0,30200.0,4271057.0,0.6666666666666667,16041455800,885212200,81988612750,27871190650,1196762350,211975850,108615384400,16762348800,126786471400
2022-11-28,30200.0,30500.0,29650.0,29700.0,2482008.0,-1.6556291390728477,9636020000,222236950,51707416400,12825480600,2082474250,441540300,59871450500,11995688900,74391153950
2022-11-29,29800.0,31200.0,29750.0,31000.0,6046685.0,4.377104377104377,27810534750,2013791050,121369532900,34733739100,1474799550,2076735400,163461322000,18914740850,185927597800
2022-11-30,31100.0,32000.0,30800.0,31850.0,4866092.0,2.741935483870968,25675258800,2444735300,91750795000,33496923100,2780318100,2063287650,127596034450,20928072000,153367712200
2022-12-01,31000.0,32300.0,30900.0,32000.0,4874778.0,0.47095761381475665,14390640350,1630048900,96906339250,41630128600,2686803300,1583000550,124204484500,26082868750,154557157100
2022-12-02,32000.0,32250.0,29800.0,30150.0,5795039.0,-5.78125,10198836750,1423515700,138739318250,27068143200,12435300950,2458073000,132584505700,29951934250,177429813900
2022-12-05,30300.0,30750.0,29350.0,29600.0,3487644.0,-1.8242122719734661,1299256050,434118850,71203946400,31455635050,14553443750,810584300,76162951950,12865976350,104392956350
2022-12-06,29200.0,29700.0,28800.0,29200.0,2342991.0,-1.3513513513513513,10150065350,195850300,48452145550,9779675100,2714367850,3834560250,45466802800,16562005400,68577736300
2022-12-07,29250.0,29450.0,28400.0,28500.0,2582903.0,-2.3972602739726026,5372022850,51525400,54698142400,14244376750,2755733550,307337800,57590605250,13712390800,74366067400
2022-12-08,28550.0,28700.0,27700.0,27800.0,2436742.0,-2.456140350877193,5406248950,243431100,50079008050,12645567850,6639504650,299967300,50681537150,10753246850,68374255950
2022-12-09,27850.0,28250.0,27150.0,27600.0,2617405.0,-0.7194244604316548,12915972100,234719500,52710822050,6055721450,2894126850,415388200,50228800650,18378919400,71917235100
2022-12-12,27950.0,28650.0,27450.0,28400.0,2633973.0,2.898550724637681,7192122250,408024150,53562957000,12915151000,3886133600,168375250,48942104150,21081641400,74078254400
2022-12-13,28650.0,28850.0,27950.0,28000.0,1969831.0,-1.4084507042253522,3628248600,2157536300,43474033450,6672912250,2157869550,1330341400,34699046850,17745472800,55932730600
2022-12-14,28150.0,28700.0,27700.0,28550.0,1479027.0,1.9642857142857142,6280454000,35046250,24944085400,10617679850,1001430100,202571800,31524629850,9148633750,41877265500
2022-12-15,28550.0,29100.0,28300.0,28400.0,1766338.0,-0.5253940455341506,5973519550,595978150,38603787950,5523024600,1782736050,317763100,35185921700,13409889400,50696310250
2022-12-16,27950.0,28300.0,27200.0,27450.0,1877911.0,-3.345070422535211,2767202750,252956900,40283637450,8628657900,6170928850,1186931000,36906326350,7668268800,51932455000
2022-12-19,27450.0,27650.0,27100.0,27600.0,1016037.0,0.546448087431694,1613645450,144181500,17322860100,8858651800,3442292000,312853750,20238342100,3945851000,27939338850
2022-12-20,27700.0,28400.0,27250.0,27300.0,2348084.0,-1.0869565217391304,5001514100,342890050,50818616550,9089988050,5485319900,264615600,44316843350,15186229900,65253008750
2022-12-21,27550.0,27750.0,27250.0,27400.0,1070513.0,0.3663003663003663,3132082500,36922000,18317410800,7930820600,6435347150,245002800,20772025050,1964860900,29417235900
2022-12-22,27700.0,27850.0,27200.0,27650.0,1280591.0,0.9124087591240875,6959622250,134600450,21831867650,6306423650,1310977850,205289350,25137740950,8578505850,35232514000
2022-12-23,27250.0,27550.0,26850.0,26950.0,1408619.0,-2.5316455696202533,5918759350,272754050,25459059250,6517663250,2232062550,426074850,30273511150,5236587350,38168235900
2022-12-26,27050.0,27800.0,26450.0,27600.0,1753688.0,2.411873840445269,15054763700,229150900,23716344950,8840418950,1375803900,1310857700,37004081950,8149934950,47840678500
2022-12-27,27650.0,29100.0,27550.0,28850.0,2838401.0,4.528985507246377,22298286500,580059350,38581279100,19251194250,1769695350,230518650,66565782600,12144822600,80710819200
2022-12-28,28650.0,29100.0,28000.0,28100.0,1759396.0,-2.5996533795493932,5397640850,313757000,34521090600,9846727100,5466856900,366007750,29515584900,14730766000,50079215550
2022-12-29,28200.0,28750.0,27700.0,28400.0,1722904.0,1.0676156583629894,6980768800,34806550,32133384500,9496839900,2624434300,90477900,33857002950,12073884600,48645799750
2023-01-02,28750.0,29200.0,27650.0,27850.0,1637980.0,-1.936619718309859,5663992250,777864200,36470086450,3558443900,2978254900,59329800,30361409000,13071393100,46470386800
2023-01-03,27750.0,27950.0,26500.0,27000.0,1673004.0,-3.052064631956912,3052697800,256219450,37039670350,4847901650,5528119900,302116800,29604205050,9762047500,45196489250
2023-01-04,26750.0,26900.0,25950.0,26600.0,1529638.0,-1.4814814814814816,2927943300,147569200,29512098800,7918631750,5907509150,142284900,26537275250,7919173750,40506243050
2023-01-05,26600.0,26950.0,25250.0,25800.0,2684678.0,-3.007518796992481,4027233750,660417400,56600070550,7955093400,13201078750,603383350,44349300900,11089052100,69242815100
2023-01-06,25300.0,26450.0,25300.0,26100.0,1564810.0,1.1627906976744187,4171445650,295152100,24819939700,11464530000,3517353800,9112500,31365985850,5858615300,40751067450
2023-01-09,26350.0,27100.0,26200.0,27000.0,1395372.0,3.4482758620689653,7382012400,25462750,20418392750,9399261650,4877916950,55784800,26860779400,5430648400,37225129550
2023-01-10,27050.0,27350.0,26400.0,26650.0,1368942.0,-1.2962962962962963,2746731550,235258700,27790643000,5956855850,6114652600,109218000,22704281400,7801337100,36729489100
2023-01-11,26750.0,27200.0,26650.0,27050.0,1497471.0,1.5009380863039399,4177716800,228340750,26528235150,9383376350,5985842500,56383100,26832479800,7442963650,40317669050
2023-01-12,27350.0,28200.0,27150.0,27350.0,2838646.0,1.1090573012939002,6761005750,433910900,58368395850,12861478000,9532565000,657076750,51201324500,17033824250,78424790500
2023-01-13,27550.0,28450.0,27350.0,28400.0,2714868.0,3.8391224862888484,14070711300,422373400,45953467550,15631340100,5915080800,325303800,62806359400,7031148350,76077892350
2023-01-16,28850.0,28850.0,27650.0,27800.0,2368626.0,-2.112676056338028,5125225350,261788550,54110737700,6867764900,7954136150,147031850,39710972150,18553376350,66365516500
2023-01-17,27850.0,28500.0,27550.0,27600.0,2134976.0,-0.7194244604316548,5424185850,165680700,44294433050,9867630550,6357653550,73817000,42665780700,10654678900,59751930150
2023-01-18,27800.0,27800.0,26600.0,26700.0,1730408.0,-3.260869565217391,2714233600,186837400,41064353100,2625758900,5986300200,907880550,28681406150,11015596100,46591183000
2023-01-19,26400.0,26700.0,26150.0,26300.0,1365237.0,-1.4981273408239701,1350907800,103926100,27443701800,7013159400,7924573300,77705050,21794815250,6114601500,35911695100
2023-01-20,26200.0,26550.0,26000.0,26500.0,1105974.0,0.7604562737642585,1930744500,229054950,22129349050,4752809650,5386210200,99975400,18988771850,4567000700,29041958150
2023-01-25,26800.0,26900.0,26200.0,26450.0,1359635.0,-0.18867924528301888,3364185650,192102050,28708203650,3822740600,6752115150,26495150,21368828300,7939793350,36087231950
2023-01-26,26550.0,29350.0,26500.0,29300.0,7337326.0,10.775047258979207,22095224300,1447082750,153275052750,31640700950,7126197900,694340100,175904534250,24732988500,208458060750
2023-01-27,28900.0,29700.0,28600.0,28800.0,4323667.0,-1.7064846416382253,7302482600,565420000,87477185350,30532047550,16119520350,598067200,87931456450,21228091500,125877135500
2023-01-30,29200.0,30650.0,26650.0,27000.0,17330042.0,-6.25,28091565150,2278810350,412243033050,49611564650,89133661150,3333264250,321307747000,78450300800,492224973200
2023-01-31,27200.0,27750.0,26750.0,27600.0,3715462.0,2.2222222222222223,11204151400,905509250,66160180950,23443317700,2874496200,91763350,80390245200,18356654550,101713159300
2023-02-01,27900.0,28350.0,27800.0,28150.0,3336060.0,1.9927536231884055,7550041900,275709100,50476970150,35502046150,2800740150,673987300,78549457200,11780582650,93804767300
2023-02-02,28450.0,28700.0,27950.0,28250.0,2516047.0,0.3552397868561279,2827943050,170357600,51273525350,16981919350,3920452350,561766100,56463360400,10308166500,71253745350
2023-02-03,28300.0,28650.0,27950.0,28350.0,1592112.0,0.35398230088495575,3618272100,115989950,23592689250,17850261550,3167132550,194581350,38173543250,3641955700,45177212850
2023-02-06,27200.0,27250.0,26550.0,26700.0,6126510.0,-5.82010582010582,5525527500,597144750,141454701750,16769101000,52534905450,1968644550,68435821700,41407103300,164346475000
2023-02-07,26800.0,27000.0,26200.0,26400.0,2423965.0,-1.1235955056179776,1204259100,120206500,54358185750,8764092600,10390344100,379624800,42764366100,10912408950,64446743950
2023-02-08,26600.0,27150.0,26500.0,26700.0,2343426.0,1.1363636363636365,2710944200,520057200,49732069400,9769306350,7454251000,19890000,44313687900,10944548250,62732377150
2023-02-09,26350.0,26950.0,26300.0,26700.0,1447777.0,0.0,2397406700,222584300,28055577000,7923883200,5887841700,376636200,27180931200,5154042100,38599451200
2023-02-10,26700.0,27200.0,26300.0,26900.0,1929842.0,0.7490636704119851,5170955950,86192200,32745130600,13671453950,3018152500,44745450,41823176050,6787658700,51673732700
2023-02-13,27000.0,27150.0,26350.0,26600.0,1639044.0,-1.1152416356877324,1741187500,387562700,28874938150,12704787100,8211550600,93275000,27194400000,8209249850,43708475450
2023-02-14,26750.0,26850.0,26350.0,26400.0,1430992.0,-0.7518796992481203,1171392650,260108350,26017268700,10562206700,7346423350,366471450,24364405000,5933676600,38010976400
2023-02-15,26500.0,26550.0,25250.0,25350.0,3137300.0,-3.977272727272727,613520000,367688550,63968795400,15497645450,16099839400,186538250,51318981450,12842290300,80447649400
2023-02-16,25500.0,25900.0,25500.0,25700.0,1216529.0,1.3806706114398422,2184921100,339851700,19762228000,8949479600,3530572100,135143750,23177918100,4392846450,31236480400
2023-02-17,25450.0,25900.0,25300.0,25700.0,868403.0,0.0,218431100,104721900,14499578700,7470603500,1457585000,70681100,16847397150,3917671950,22293335200
2023-02-20,25950.0,26150.0,25600.0,25800.0,834043.0,0.38910505836575876,666007100,48152300,18163391200,2666141050,1014579200,37107250,13451104850,7040900350,21543691650
2023-02-21,25800.0,26100.0,25750.0,25900.0,835145.0,0.3875968992248062,250025000,201297250,17733797000,3451120000,2817805200,324105700,14949700700,3544627650,21636239250
2023-02-22,25450.0,25750.0,25400.0,25400.0,1484713.0,-1.9305019305019304,242062000,63834000,31964838500,6012486000,4125727000,292340650,28451412750,5413740100,38283220500
2023-02-23,26550.0,26600.0,25600.0,25600.0,2914767.0,0.7874015748031495,1082088300,208537050,68589386250,6018028550,10218051300,180010950,42448942100,23051035800,75898040150
2023-02-24,25700.0,26050.0,25450.0,25750.0,1304327.0,0.5859375,3777484350,3477718650,21385134700,4930260900,1095927900,34855900,24184535200,8255279600,33570598600
2023-02-27,25750.0,25800.0,24800.0,25150.0,1400976.0,-2.3300970873786406,1338423050,169568900,28325590850,5413032850,2013280750,73145950,24519027650,8641161300,35246615650
2023-02-28,25000.0,25350.0,24800.0,24950.0,1347212.0,-0.7952286282306162,886148400,5064731050,22731269300,5112803000,5683397500,79100000,21818560300,6213893950,33794951750
2023-03-02,25150.0,25450.0,25000.0,25050.0,1006093.0,0.4008016032064128,534745850,9471250,18954622050,5822621000,2271525800,51420800,18465727000,4532786550,25321460150
2023-03-03,25250.0,25450.0,25050.0,25100.0,906155.0,0.19960079840319359,592203550,63806800,19047536550,3112819550,3846348600,114560000,15653160650,3202297200,22816366450
2023-03-06,25400.0,25850.0,25300.0,25400.0,1519361.0,1.1952191235059761,1972674500,390573500,28589103050,7838317850,2621779200,100964450,26647453100,9420472150,38790668900
2023-03-07,25400.0,25450.0,25100.0,25300.0,1098277.0,-0.39370078740157477,3599135400,230251500,18624189600,5248760200,5721211200,36581000,16213608200,5730936300,27702336700
2023-03-08,25050.0,25100.0,24750.0,24900.0,1177924.0,-1.5810276679841897,2248455000,226071900,21256561500,5621382300,4394344950,7539850,19454763650,5495822250,29352470700
2023-03-09,24900.0,25600.0,24800.0,25400.0,1980615.0,2.0080321285140563,6377007050,295397850,25473102850,17776599600,12653442300,27360850,27443306050,9797998150,49922107350
2023-03-10,25000.0,25100.0,24450.0,24600.0,1391139.0,-3.149606299212598,2455946000,151114550,26189892450,5582479300,6444572150,142589250,20030720400,7761550500,34379432300
2023-03-13,24050.0,24600.0,23700.0,24550.0,1603186.0,-0.20325203252032523,4107764650,86848100,19212520200,15217219800,5984587150,84139200,26011418600,6544207800,38624352750
2023-03-14,24550.0,24800.0,23950.0,24050.0,1203733.0,-2.0366598778004072,814258350,46187750,15254299800,13116730150,3704955350,328558200,19818701050,5379261450,29231476050
2023-03-15,24300.0,25300.0,24300.0,25250.0,1713387.0,4.98960498960499,3100046600,127339400,18021569200,21567141150,5605922000,253522500,31898471200,5058180650,42816096350
2023-03-16,24850.0,25700.0,24750.0,25600.0,1323289.0,1.3861386138613863,3774334300,189684650,18291510950,11136177400,3939206350,35712800,22718598200,6698189950,33391707300
2023-03-17,25750.0,25800.0,25400.0,25550.0,1366299.0,-0.1953125,4041427250,203847750,21946236200,8749963750,5921363250,50772950,21520416850,7448921900,34941474950
2023-03-20,25450.0,26000.0,25400.0,25800.0,1434881.0,0.9784735812133072,4587932550,523927000,24481181050,7456927800,1595874250,880679500,29760371350,4813043300,37049968400
2023-03-21,26050.0,26200.0,25750.0,25850.0,1209986.0,0.1937984496124031,2097465300,91061550,19780073700,9436029950,2427581850,5977000,25083933000,3887138650,31404630500
2023-03-22,26150.0,26150.0,24750.0,24950.0,1968830.0,-3.481624758220503,1071959150,558331500,39546520550,8357472200,8755174000,27221900,32503410150,8248477350,49534283400
2023-03-23,24700.0,25400.0,24700.0,25000.0,1182858.0,0.2004008016032064,2036422200,167528400,18147893100,9323138950,1859564300,176071100,24445707750,3193639500,29674982650
2023-03-24,25150.0,25200.0,24800.0,25000.0,682772.0,0.0,373772700,55800500,12623370050,4007218400,875464150,232004000,12273433500,3679260000,17060161650
2023-03-27,25150.0,25200.0,24500.0,25100.0,819981.0,0.4,936937000,43018700,14047452750,5352484250,391053600,36834750,18546269550,1405734800,20379892700
2023-03-28,25050.0,25900.0,25000.0,25700.0,1638532.0,2.3904382470119523,978409700,397036250,25121674250,15530770650,1056278000,117470650,36511589400,4342552800,42027890850
2023-03-29,25800.0,25800.0,25400.0,25550.0,829288.0,-0.5836575875486382,1552238000,43285550,14520457650,5072914500,2068521950,5046450,14540452200,4574875100,21188895700
2023-03-30,25600.0,25900.0,25400.0,25750.0,1121382.0,0.7827788649706457,1328924600,27044650,14694088900,12759086750,2664639150,224809800,22000402400,3919293550,28809144900
2023-03-31,25850.0,25950.0,25650.0,25800.0,1081721.0,0.1941747572815534,3218905100,96655400,18039176000,6549680050,464130800,243097550,22492122250,4705065950,27904416550
2023-04-03,26100.0,26800.0,26000.0,26350.0,2733446.0,2.131782945736434,4330917300,590009400,50674039950,16731891500,1335649800,715320400,56584551950,13691336000,72326858150
2023-04-04,26600.0,26800.0,26300.0,26450.0,1576414.0,0.3795066413662239,2121113750,189442450,31139124550,8427915050,928381100,470185400,32669157300,7809872000,41877595800
2023-04-05,26600.0,27700.0,26500.0,27400.0,4278245.0,3.5916824196597354,14320328800,760412850,75723665300,25801471350,697362700,827751400,100222315900,14858448300,116605878300
2023-04-06,27650.0,27700.0,26650.0,26750.0,1907496.0,-2.3722627737226274,2380929800,173047000,40821335900,8265210050,3593214650,334408500,35709748600,12003151000,51640522750
2023-04-07,26850.0,26850.0,26250.0,26550.0,1091069.0,-0.7476635514018692,1213054800,77626450,22054604550,5573017800,1468267350,24330000,21028309450,6397396800,28918303600
2023-04-10,26550.0,26750.0,25950.0,26300.0,1425658.0,-0.9416195856873822,1273065900,49964150,24488450450,11702148350,1889734000,504401300,30550369450,4569124100,37513628850
2023-04-11,26200.0,26650.0,25850.0,26200.0,1303642.0,-0.38022813688212925,709416050,323228250,23125282800,9935430150,2096706700,66516100,25903055000,6027079450,34093357250
2023-04-12,26300.0,27000.0,26250.0,26850.0,1847716.0,2.480916030534351,5855936100,147982800,26701409150,16676670550,1168095650,179217200,41440991150,6593694600,49381998600
2023-04-13,26800.0,27200.0,26500.0,27200.0,1257286.0,1.303538175046555,4706866250,46371500,19254613500,9902049700,775071000,229342500,29043838900,3861648550,33909900950
2023-04-14,27400.0,27450.0,27050.0,27250.0,1452864.0,0.1838235294117647,5381817250,121583250,23314705900,10771655000,1551121600,184153550,31586481550,6268004700,39589761400
2023-04-17,27650.0,28300.0,27600.0,28150.0,3024458.0,3.302752293577982,6131460150,910047400,60763135250,16973765200,1197987250,478505850,75149349450,7952565450,84778408000
2023-04-18,28200.0,28400.0,27700.0,28350.0,2027383.0,0.7104795737122558,4721980500,58718950,36733146300,15518792250,1354671300,108066400,46319818150,9250082150,57032638000
2023-04-19,28300.0,28550.0,28150.0,28400.0,1445169.0,0.1763668430335097,5607988600,149502050,24710555550,10507312200,1424403900,47777050,33217363400,6285814050,40975358400
2023-04-20,28600.0,33150.0,28500.0,31700.0,30787700.0,11.619718309859154,17572753200,1715253900,783700157550,167579884300,7412476000,4355672100,862935466950,95864433900,970568048950
2023-04-21,32050.0,34000.0,31150.0,33200.0,23819442.0,4.73186119873817,10962468800,1447611400,636584811850,132371643650,4279997850,2191550750,692781269600,82113717500,781366535700
2023-04-24,33550.0,36350.0,33350.0,35150.0,18168255.0,5.873493975903615,10492402550,2640936050,506095748650,119341973750,7359455650,1818174000,557791703400,71601727950,638571061000
2023-04-25,35800.0,37800.0,34900.0,36400.0,18242874.0,3.556187766714083,12832335750,1619077800,535634184850,117574287500,16049085600,2076332350,568906892450,80627575500,667659885900
2023-04-26,35600.0,36050.0,33050.0,34400.0,10007075.0,-5.4945054945054945,4962609650,510651450,242526939800,101437141650,13492934900,2605710600,269571469600,63767227450,349437342550
2023-04-27,33900.0,35000.0,33400.0,34750.0,5736710.0,1.0174418604651163,4862450100,523820050,133512921950,58164504550,6421857650,710941250,150895357900,39035539850,197063696650
2023-04-28,34100.0,34350.0,32400.0,32900.0,6291237.0,-5.323741007194244,5522293100,86010900,147845100550,54505464950,23286613250,359689700,155849816500,28462750050,207958869500
2023-05-02,32950.0,34400.0,32600.0,33950.0,4009441.0,3.1914893617021276,12646341400,256644850,85918697200,35870772250,981950450,121981600,102362448850,31226074800,134692455700
2023-05-03,34000.0,35700.0,33850.0,34650.0,4152079.0,2.0618556701030926,5624778850,130007300,114708311100,24193319700,6458250900,103853500,118385964200,19708348350,144656416950
2023-05-04,34700.0,35550.0,33400.0,33550.0,3664963.0,-3.1746031746031744,4280728750,203984100,98338192500,23447154400,11092665800,232947500,93288713700,21655732750,126270059750
2023-05-08,34150.0,35250.0,34050.0,34200.0,2575448.0,1.9374068554396422,2640138950,266480600,64006810000,22143139950,2313389400,81998200,69594882550,17066299350,89056569500
2023-05-09,34600.0,34900.0,33450.0,33700.0,1759609.0,-1.461988304093567,1875363650,88465050,45343427000,12602976950,2313543150,442523400,44857902550,12296263550,59910232650
2023-05-10,33950.0,34850.0,33450.0,33600.0,1971674.0,-0.2967359050445104,2602294350,310370600,47584113150,16681960600,2629822300,1877978350,49368974750,13301963300,67178738700
2023-05-11,34000.0,34450.0,33700.0,34050.0,1580843.0,1.3392857142857142,3973553100,7987850,36953932200,12981361250,2071623550,92720150,38227793200,13524697500,53916834400
2023-05-12,34050.0,34100.0,32550.0,32900.0,2010699.0,-3.3773861967694567,2584291050,40388800,51777585050,12010926250,3468007100,2905775000,49302543850,10736865200,66413191150
2023-05-15,32900.0,33300.0,32400.0,32750.0,1433968.0,-0.4559270516717325,1219273000,209552700,30996770100,14621698650,1885941500,229074000,34030199750,10902079200,47047294450
2023-05-16,32950.0,33250.0,32600.0,32950.0,1161286.0,0.6106870229007634,1703223750,55926500,26323517850,10170645950,478982000,21330750,25218976700,12534024600,38253314050
2023-05-17,32650.0,32850.0,31100.0,31150.0,3151455.0,-5.462822458270106,2256147000,170932550,81431598950,15424159300,9992219450,86673450,71174486000,18029458900,99282837800
2023-05-18,31250.0,31400.0,30850.0,31150.0,1519918.0,0.0,2480822700,80564450,32431076050,12350293100,2789859950,17482000,30086188450,14449225900,47342756300
2023-05-19,31400.0,31600.0,31050.0,31400.0,1230484.0,0.8025682182985553,2428646400,125753550,27796203250,8185226900,1429342900,152947250,27914618450,9038921500,38535830100
2023-05-22,31750.0,32350.0,31400.0,32050.0,1744205.0,2.0700636942675157,4510735850,4415244000,37571204250,9274271750,1574753100,38207950,37059329450,17099165350,55771455850
2023-05-23,32150.0,32150.0,31400.0,31650.0,1026579.0,-1.24804992199688,1376599000,242290300,25257343550,5672725100,2005914300,42814850,21344909650,9155319150,32548957950
2023-05-24,31550.0,31800.0,31150.0,31550.0,1066698.0,-0.315955766192733,2472165400,145872350,21635947900,9327959250,1981120000,30993150,19775754950,11794076800,33581944900
2023-05-25,31950.0,32100.0,31350.0,31550.0,1094322.0,0.0,2756715600,71892750,25064132950,6703806450,3235136650,97073450,19757408300,11506929350,34596547750
2023-05-26,31700.0,32050.0,30900.0,31250.0,1099121.0,-0.9508716323296356,2415147500,113872800,24496868100,7568830550,743966900,63286100,24215773050,9571692900,34594718950
2023-05-30,31500.0,31550.0,30550.0,31250.0,1201606.0,0.0,4576535300,120810150,25831186700,6835460000,1786970550,92272100,27028533400,8456216100,37363992150
2023-05-31,31300.0,31500.0,30950.0,30950.0,743775.0,-0.96,3005083800,129284750,17022776450,3011314450,1272320750,6966400,14069158450,7820013850,23168459450
2023-06-01,31200.0,31800.0,30850.0,30900.0,1131634.0,-0.16155088852988692,3158503350,32303750,25551424950,6564211900,1337670550,0,21674635200,12294138200,35306443950
2023-06-02,31100.0,32000.0,31000.0,31900.0,1603712.0,3.2362459546925564,6976727300,511354250,30227098450,13102023400,337022800,44521500,39934875300,10500783800,50817203400
2023-06-05,32100.0,32150.0,31000.0,31100.0,1548950.0,-2.507836990595611,1247577200,150882250,42945970450,4208686550,350316000,86284650,28817141200,19299374600,48553116450
2023-06-07,31250.0,31450.0,31050.0,31250.0,805851.0,0.482315112540193,1901843800,121605550,17586195200,5568419150,869146550,76038100,19888210600,4344668450,25178063700
2023-06-08,31400.0,31650.0,31100.0,31350.0,1045037.0,0.32,3573226450,157109050,24337713850,4711316650,2532464250,140113750,21325773800,8781014200,32779366000
2023-06-09,31350.0,31350.0,30950.0,31150.0,831869.0,-0.6379585326953748,2104701900,60341750,20069113150,3654954750,996305200,65440250,16572903950,8254462150,25889111550
2023-06-12,31450.0,32750.0,31450.0,32150.0,2937927.0,3.210272873194221,9114242200,504783600,74058041700,10886384350,1709775700,227239450,68884168950,23742267750,94563451850
2023-06-13,32200.0,32250.0,31250.0,31250.0,2051679.0,-2.7993779160186625,2283927250,405953050,55757305050,6209141850,1162003050,127192650,33974594450,29392537050,64656327200
2023-06-14,31500.0,33300.0,31250.0,32600.0,4933659.0,4.32,4843359400,1168842300,119155503450,34905290650,4039313000,406064700,117706391950,37921226150,160072995800
2023-06-15,32600.0,33050.0,31950.0,32600.0,2149231.0,0.0,11671461300,366461500,50447299450,7439069300,2813597500,210858450,44960607050,21939228550,69924291550
2023-06-16,33050.0,33900.0,32900.0,33800.0,3084186.0,3.6809815950920246,11855856300,1869722350,66871330450,22841108300,3055281750,883602450,77952549200,21546584000,103438017400
2023-06-19,33850.0,37600.0,33700.0,37500.0,11119907.0,10.946745562130179,52715098150,3068178800,269284140950,80272960300,5819798900,1643679200,346402500750,51474399350,405340378200
2023-06-20,37900.0,39800.0,36800.0,39350.0,11328030.0,4.933333333333334,27953072500,2057368200,323142494100,79737505600,12796133700,1764830550,360365096950,57964379200,432890440400
2023-06-21,38950.0,40250.0,38250.0,38500.0,7294249.0,-2.1601016518424396,8994539550,876498150,207682985050,68884901400,8137223950,1402935100,231946296800,44952468300,286438924150
2023-06-22,38500.0,38950.0,38050.0,38400.0,3258900.0,-0.2597402597402597,9635851300,74617250,75600473150,40105548550,9269286150,206229000,93011686900,22929288200,125416490250
2023-06-23,38550.0,38550.0,36700.0,36900.0,3427907.0,-3.90625,2999688200,418098600,90508605750,33620447600,5406419700,361197200,98898512950,22880710300,127546840150
2023-06-26,36500.0,37300.0,36150.0,37050.0,2369244.0,0.40650406504065045,12110252500,163696500,53096677200,21680671950,5198168200,135500100,61017662300,20699967550,87051298150
2023-06-27,37050.0,37400.0,36450.0,36700.0,1311308.0,-0.9446693657219973,4879397450,493104350,31817317100,10968454750,3347509650,835698600,35145026250,8830039150,48158273650
2023-06-28,37000.0,37000.0,35650.0,35750.0,1535161.0,-2.588555858310627,1979630800,914627300,38780645200,13887519350,3601615350,269526600,41889810900,9801469800,55562422650
2023-06-29,35850.0,36800.0,35300.0,35650.0,1700566.0,-0.27972027972027974,2227413600,297538350,40118603950,18563828000,10302251500,62756550,39219563700,11622812150,61207383900
2023-06-30,36500.0,38200.0,36200.0,36550.0,7394417.0,2.524544179523142,14919341150,7005806650,219494371650,32906722450,29963724750,5756911450,165504333300,73101272400,274326241900
2023-07-03,36750.0,36900.0,35650.0,36250.0,2209143.0,-0.8207934336525308,9494246100,443885600,56184208850,14226492900,5950714400,234933450,49493995900,24669189700,80348833450
2023-07-04,36250.0,38150.0,35950.0,37850.0,4314391.0,4.413793103448276,23795858900,1465629100,109069577550,27636183350,2558835150,465053900,115573295700,43370064150,161967248900
2023-07-05,37550.0,39500.0,37050.0,38550.0,4205242.0,1.8494055482166447,32563154500,1786331150,104561112050,23247372150,6986831350,5107076200,110227708600,39836353700,162157969850
2023-07-06,38750.0,38900.0,37250.0,37900.0,2464193.0,-1.6861219195849546,4850703200,1299177000,69485605250,17973207550,7467002850,1688130650,56834713700,27618845800,93608693000
2023-07-07,37750.0,38100.0,37000.0,37650.0,2105493.0,-0.6596306068601583,5905218900,425745450,57823799750,14803049800,7069364300,731743550,55376975550,15779730500,78957813900
2023-07-10,38300.0,38350.0,35600.0,36300.0,3766431.0,-3.5856573705179287,13782113050,1249438700,108706270900,13939561500,12581073900,543990000,85799181100,38753139150,137677384150
2023-07-11,36300.0,37650.0,36250.0,37250.0,3129881.0,2.6170798898071626,4580403000,566443900,70427786750,40733316800,16857142750,78965850,80725296150,18646545700,116307950450
2023-07-12,37500.0,38050.0,36350.0,37800.0,3108606.0,1.476510067114094,3320795150,177599450,63654322850,49099124950,16737804000,563008100,75931978700,23019051600,116251842400
2023-07-13,37900.0,38950.0,37150.0,38150.0,3778433.0,0.9259259259259258,20756219300,5317842550,84617790550,32211184650,11046256700,880785400,83526402700,47449592250,142903037050
2023-07-14,38200.0,38200.0,34700.0,34750.0,7656540.0,-8.91218872870249,5500076100,1094285850,247641958400,19884681550,27442208600,1938124800,149497147150,95243521350,274121001900
2023-07-17,34750.0,34800.0,33400.0,33700.0,3726154.0,-3.0215827338129495,1795290250,375845600,92638245000,31635014350,24693276450,225288150,76916228850,24609601750,126444395200
2023-07-18,33650.0,34000.0,32700.0,32850.0,2934269.0,-2.522255192878338,1652258600,389911050,69613850900,25583264800,9401971950,844343100,57312636000,29680334300,97239285350
2023-07-19,33150.0,33450.0,32150.0,32450.0,2540518.0,-1.21765601217656,2060706650,453433950,62926850700,17660268050,4561969850,422536450,51621776600,26494976450,83101259350
2023-07-20,32500.0,33150.0,32300.0,32650.0,2231821.0,0.6163328197226503,2139379550,686891450,49949529850,20400056050,2770947000,438668850,38611465600,31354775450,73175856900
2023-07-21,32650.0,32700.0,31800.0,31900.0,1825074.0,-2.2970903522205206,1497743600,456434050,42325190050,14220284750,3235147250,552882950,37003973900,17707648350,58499652450
2023-07-24,32150.0,32500.0,31600.0,31800.0,2051967.0,-0.3134796238244514,2058566000,310272250,48676443500,14437802650,3035143500,749566950,41225090800,20473283150,65483084400
2023-07-25,31750.0,33250.0,31200.0,32550.0,3290254.0,2.358490566037736,6367356600,875707900,77821101000,22038121800,4583351750,482360250,69324881200,32711694100,107102287300
2023-07-26,32900.0,33400.0,30050.0,30600.0,5234017.0,-5.990783410138248,5247227400,2438140550,126691029850,28122025800,11133285850,477734850,95425228550,55462174350,162498423600
2023-07-27,31100.0,33500.0,30250.0,30400.0,5462806.0,-0.6535947712418301,5374940850,1595704350,133530394300,32703997550,4096203900,1761037500,117234015500,50113780150,173205037050
2023-07-28,30850.0,31200.0,30200.0,30600.0,1694042.0,0.6578947368421052,1179429700,269510350,38685243700,11879452550,2696107950,385643950,32434950400,16496934000,52013636300
2023-07-31,30650.0,31800.0,30600.0,31350.0,1901251.0,2.450980392156863,2347362750,119735650,43598208500,13377869100,2452137050,380240650,38265687350,18345110950,59443176000
2023-08-01,31350.0,31650.0,30750.0,31350.0,1409578.0,0.0,1408294650,280904500,34633067750,7739450600,1551331250,1169823950,27942463700,13398098600,44061717500
2023-08-02,31400.0,32550.0,30800.0,31350.0,2657087.0,0.0,2394656100,215609950,70653502900,10949208500,2903135100,134316700,58225596350,22949929300,84212977450
2023-08-03,31200.0,31250.0,30050.0,30350.0,2037045.0,-3.1897926634768736,916097700,200224550,53442904850,7338564300,6905419350,98778950,36401640100,18491953000,61897791400
2023-08-04,30200.0,30650.0,30050.0,30200.0,997421.0,-0.4942339373970346,444712450,172956950,23994573250,5617481450,2558455900,18215450,19846446200,7806606550,30229724100
2023-08-07,30350.0,30650.0,29350.0,30000.0,1378488.0,-0.6622516556291391,487073450,130303800,29414592000,11307330800,3147383000,16427550,27733596650,10441892850,41339300050
2023-08-08,29950.0,30000.0,29300.0,29650.0,1443725.0,-1.1666666666666667,498155050,143918050,26066254850,16044117550,4067337450,148509550,31412715250,7123883250,42752445500
2023-08-09,29500.0,29850.0,29200.0,29750.0,970231.0,0.33726812816188867,1508247450,55874450,20518091750,6605437550,1879975600,50231450,18890457700,7866986450,28687651200
2023-08-10,29700.0,29800.0,28800.0,28950.0,1826982.0,-2.689075630252101,1013278300,61810600,38492680500,13481084150,6847296750,89627800,37012253900,9099675100,53048853550
2023-08-11,29050.0,30400.0,28950.0,30250.0,2104924.0,4.490500863557859,2045261100,749004500,39601231800,20576206450,1834389350,17808500,45861230850,15258275150,62971703850
2023-08-14,30250.0,30300.0,29500.0,29600.0,1237622.0,-2.1487603305785123,392948150,53330950,24615124200,11743031900,1420049850,184590950,19185640050,16014154350,36804435200
2023-08-16,29050.0,30250.0,29000.0,29600.0,1828355.0,0.0,1243063500,338442300,31394699900,21564293900,866621500,260964300,36363124350,17049789450,54540499600
2023-08-17,29650.0,30050.0,28550.0,28800.0,1536987.0,-2.7027027027027026,615603050,577183700,36591280750,6769608400,3913599400,350874050,27813492500,12475709950,44553675900
2023-08-18,28450.0,29000.0,28200.0,28700.0,1064732.0,-0.3472222222222222,427906200,44552700,19590416200,10413961050,3541332000,54874400,21589148550,5291481200,30476836150
2023-08-21,28750.0,29400.0,28750.0,29200.0,860436.0,1.7421602787456445,2148882100,104432550,14051679450,8782581900,1088732050,54950800,17102231350,6841661800,25087576000
2023-08-22,29250.0,29500.0,28700.0,29200.0,877996.0,0.0,851601200,107701350,17558886850,7085840250,811086800,26320000,17811374850,6955248000,25604029650
2023-08-23,29450.0,29950.0,29400.0,29700.0,941946.0,1.7123287671232876,1739019050,133016350,19442374850,6669873350,817896500,134915050,20888213000,6143259050,27984283600
2023-08-24,29900.0,30100.0,29250.0,29400.0,858389.0,-1.0101010101010102,1222356850,111139850,20834457450,3150430100,2766250400,54700800,15052688550,7444744500,25318384250
2023-08-25,29050.0,29600.0,29000.0,29150.0,502856.0,-0.8503401360544218,390437500,72025950,11740441100,2473610100,3159719950,53196000,9998975000,1464623700,14676514650
2023-08-28,29400.0,30000.0,29300.0,29950.0,769952.0,2.7444253859348198,1552109100,26722200,14567734750,6771978700,459405350,180246950,19337007300,2941885150,22918544750
2023-08-29,30400.0,31100.0,30150.0,30500.0,1668742.0,1.8363939899833055,2482982000,268701650,41473820700,6883428250,840175150,149029250,39107422750,11012305450,51108932600
2023-08-30,30800.0,30900.0,30350.0,30700.0,962138.0,0.6557377049180327,4701361600,19748450,19665818850,5122754750,406059500,15884200,23598928450,5488811500,29509683650
2023-08-31,30900.0,31050.0,30500.0,30750.0,797803.0,0.16286644951140067,1888050550,514585500,16163715850,5937681000,935571150,4437100,16452566700,7111457950,24504032900
2023-09-01,30950.0,31400.0,30450.0,30500.0,1163990.0,-0.8130081300813009,2996631000,148537000,25226176800,7505139100,1153104250,378642850,21023323500,13321413300,35876483900
2023-09-04,30650.0,31300.0,30650.0,30900.0,917503.0,1.3114754098360655,2707041300,156540050,19941726650,5547605150,894441050,61950000,20798349050,6598173050,28352913150
2023-09-05,31100.0,31200.0,30350.0,30800.0,838675.0,-0.3236245954692557,1958141850,280606450,18007237050,5538111000,907989500,73905150,16375200800,8427000900,25784096350
2023-09-06,30600.0,32500.0,30550.0,31600.0,3700058.0,2.5974025974025974,7620575400,217906400,81993583550,28405378150,1925352000,437669200,90172829550,25701592750,118237443500
2023-09-07,31850.0,32000.0,30400.0,30500.0,1817887.0,-3.481012658227848,4867893000,68454450,48238934050,2863708750,2176448100,69324200,29671488850,24121729100,56038990250
2023-09-08,30650.0,31300.0,30550.0,30700.0,979897.0,0.6557377049180327,1680549450,12986100,23008676250,5469021050,566846450,16214700,21294469500,8293702200,30171232850
2023-09-11,30750.0,31550.0,30200.0,31100.0,1633691.0,1.3029315960912053,3073569700,264656450,35026848300,12270312400,659172150,104218700,38490815250,11381180750,50635386850
2023-09-12,31200.0,31300.0,29700.0,29700.0,1758385.0,-4.501607717041801,1413670450,430370600,47398012500,3910297200,2423193800,214909250,32870317900,17643929800,53152350750
2023-09-13,29550.0,29850.0,29050.0,29100.0,1079959.0,-2.0202020202020203,865766900,96063550,22887640350,7891022900,1940077850,13357650,24069006450,5718051750,31740493700
2023-09-14,29200.0,29800.0,29200.0,29800.0,640621.0,2.405498281786942,4221052600,272605000,10622350100,3836737100,1681881500,32922350,14437133050,2800807900,18952744800
2023-09-15,29750.0,30150.0,29650.0,29950.0,842204.0,0.5033557046979865,3722543300,89820650,16224918550,5153736350,4110200950,136455450,15891063500,5053298950,25191018850
2023-09-18,30200.0,30550.0,29900.0,29900.0,723281.0,-0.1669449081803005,1588620500,56350150,16037952000,4171942550,1618945000,82593100,16310062850,3843264250,21854865200
2023-09-19,30100.0,30150.0,29450.0,29550.0,537980.0,-1.1705685618729096,733997050,35732000,12919179800,2250923350,1840810750,332571250,11073527300,2692922900,15939832200
2023-09-20,29600.0,29900.0,29250.0,29700.0,647631.0,0.5076142131979695,478057700,6362050,11640384300,7040223200,1931439450,35321700,13166407350,4031858750,19165027250
2023-09-21,29450.0,30100.0,29150.0,29150.0,886450.0,-1.8518518518518516,1379203750,163098300,16730694900,7881618500,2572943200,31569600,14315936500,9234166150,26154615450
2023-09-22,28700.0,28800.0,28100.0,28200.0,1263249.0,-3.2590051457975986,502116750,277498750,27578249250,7379619650,8174025900,11781300,18591192800,8960484400,35737484400
2023-09-25,27900.0,28300.0,27600.0,27650.0,820414.0,-1.950354609929078,982094450,20452450,13966982550,7873326600,3808208000,60328150,15802828450,3171491450,22842856050
2023-09-26,27500.0,28000.0,27250.0,27250.0,832475.0,-1.4466546112115732,328190100,301415650,12395393500,9825620650,2918847250,0,13948202250,5983570400,22850619900
2023-09-27,27000.0,27850.0,27000.0,27750.0,624615.0,1.834862385321101,3121018650,16345700,9176065450,4848901600,1472405300,0,11909453250,3780472850,17162331400
2023-10-04,27550.0,27600.0,26550.0,26600.0,1163349.0,-4.1441441441441444,4210747100,466797000,20829040200,5645529600,3337874350,280448450,15955479850,11578311250,31152113900
2023-10-05,26700.0,27650.0,26400.0,27000.0,1004566.0,1.5037593984962405,6541611900,215789450,13509944650,6941472250,1068981400,102734400,19939514500,6097587950,27208818250
2023-10-06,26800.0,27350.0,26800.0,27250.0,458925.0,0.9259259259259258,3547985850,34279900,6142693800,2730292800,392508200,60254000,7748416900,4254073250,12455252350
2023-10-10,28650.0,29350.0,27900.0,28200.0,3290133.0,3.486238532110092,10929844250,745999850,62313349700,20203885300,8690254750,268983100,59793720850,25440120400,94193079100
2023-10-11,28200.0,28650.0,27500.0,28450.0,1623169.0,0.8865248226950355,6109644200,154473250,21806788400,17691980800,763151850,49733250,22748329950,22201671600,45762886650
2023-10-12,28500.0,28750.0,28100.0,28500.0,1018152.0,0.17574692442882248,5435810800,437695000,15895666200,7213679050,2071504850,1097646900,17952716700,7860982600,28982851050
2023-10-13,28250.0,28350.0,27600.0,28150.0,1135370.0,-1.2280701754385965,2578151350,374281800,20328555650,8455674050,2872819150,154397200,16814263550,11895182950,31736662850
2023-10-16,27850.0,28650.0,27150.0,27300.0,1216067.0,-3.019538188277087,1018363950,73425500,23431119700,9262046900,1946968500,77409500,21120245050,10640333000,33784956050
2023-10-17,27500.0,28350.0,27250.0,27650.0,1318685.0,1.282051282051282,1418187000,20267850,20356351500,14853013200,5466104900,356450150,24234697600,6590566900,36647819550
2023-10-18,27650.0,28050.0,27300.0,27550.0,792181.0,-0.3616636528028933,1937754950,30362350,13578092400,6279397700,3968281000,44136800,12464245050,5348944550,21825607400
2023-10-19,27200.0,27200.0,26200.0,26200.0,1392936.0,-4.900181488203267,1314349150,105418100,28242336100,7189531300,2084702150,7802000,18016810450,16742320050,36851634650
2023-10-20,25750.0,26150.0,25500.0,25650.0,957050.0,-2.099236641221374,531469850,133849900,17444333750,6528022950,1234179850,9437800,19482513000,3911545800,24637676450
2023-10-23,25850.0,26350.0,25400.0,26200.0,1089681.0,2.144249512670565,2185019900,53521250,18912746750,7135419800,2509234700,197425200,20243190800,5336857000,28286707700
2023-10-24,26250.0,26350.0,24900.0,25750.0,1026061.0,-1.717557251908397,686243700,35821750,20562754150,4917132100,3317986600,17214700,17021031600,5845718800,26201951700
2023-10-25,25850.0,26250.0,25500.0,25850.0,1050422.0,0.3883495145631068,2944929950,9387000,16165579350,8110180000,1473760300,23901950,16595400000,9137014050,27230076300
2023-10-26,25050.0,25750.0,24550.0,24550.0,1388100.0,-5.029013539651837,1184747750,155779650,25408293800,7890009700,2377751300,594394900,20371596300,11295088400,34638830900
2023-10-27,24500.0,24700.0,23700.0,23750.0,1415751.0,-3.2586558044806515,548538550,30787750,22110600150,11403462700,3968188000,228430450,22330880650,7565890050,34093389150
2023-10-30,23550.0,24400.0,23550.0,24400.0,933803.0,2.736842105263158,2363920850,331436200,11973311450,7791601000,1614529550,365265550,15443902150,5036572250,22460269500
2023-10-31,24300.0,24500.0,23050.0,23250.0,1342098.0,-4.713114754098361,545582150,124067700,23010292650,7994163050,2720725550,11948000,17655477300,11285954700,31674105550
2023-11-01,23500.0,24200.0,23350.0,24000.0,949650.0,3.225806451612903,3412448850,62078750,11674764550,7561950050,2182051750,65881950,16617875000,3845433500,22711242200
2023-11-02,24300.0,24550.0,24050.0,24150.0,715813.0,0.625,1115137500,75218100,12346336800,3840401650,1305065300,19659000,11399384200,4652985550,17377094050
2023-11-03,24400.0,24650.0,24250.0,24550.0,607106.0,1.6563146997929608,521778250,143732200,10254706550,3948836350,420872400,96148000,12652182350,1699850600,14869053350
2023-11-06,25400.0,26100.0,25050.0,26100.0,1386669.0,6.313645621181263,2727589400,499106350,24436505050,7897850650,1736444050,175228350,27409808450,6239570600,35561051450
2023-11-07,26300.0,26800.0,25800.0,26250.0,1185898.0,0.5747126436781609,3240508450,212993600,21755167300,5955757050,1915547800,139186750,18528849450,10580842400,31164426400
2023-11-08,26450.0,26500.0,25750.0,25750.0,637968.0,-1.9047619047619049,961304550,45878350,11325891400,4311704700,1036600200,78471450,10001710850,5527996500,16644779000
2023-11-09,25600.0,25850.0,25150.0,25400.0,561571.0,-1.3592233009708738,817964400,17920000,8895021750,4553249200,2480690750,0,8316802700,3486661900,14284155350
2023-11-10,25050.0,25550.0,24900.0,25300.0,642555.0,-0.39370078740157477,283869150,447005600,13746790950,1841133150,862681100,100700000,12157544350,3197873400,16318798850
2023-11-13,26000.0,26200.0,25100.0,25150.0,796611.0,-0.592885375494071,794307450,147195200,17359264950,2103144400,1156521100,331583050,12709400750,6206407100,20403912000
2023-11-14,25350.0,25800.0,25200.0,25800.0,426534.0,2.584493041749503,1111956400,38498150,6177646550,3574210150,198966050,2570000,9620613200,1080162000,10902311250
2023-11-15,26050.0,26100.0,25800.0,25900.0,682314.0,0.3875968992248062,2012914850,55562550,12967980550,2643324550,785818050,169316450,12272287050,4452360950,17679782500
2023-11-16,26000.0,26000.0,25400.0,25900.0,624338.0,0.0,1185665350,1219248750,9521630800,4171314950,645838700,6993000,12164503850,3280524300,16097859850
2023-11-17,25850.0,25900.0,25450.0,25550.0,437741.0,-1.3513513513513513,311972450,134510450,8849808800,1911817450,1768912600,0,6775352200,2663844350,11208109150
2023-11-20,25550.0,26100.0,25350.0,25900.0,535320.0,1.36986301369863,1186840300,790442650,7451131700,4374476250,486835900,3840000,9652529550,3659685450,13802890900
2023-11-21,26050.0,26150.0,25750.0,25750.0,512177.0,-0.5791505791505791,1243169300,140232750,9779118000,2126402450,614968350,13000000,8643883750,4017070400,13288922500
2023-11-22,25750.0,26150.0,25650.0,25900.0,814942.0,0.5825242718446602,399255250,40798900,18042964450,3128657400,946689950,28837500,19465441800,1170706750,21611676000
2023-11-23,27150.0,27550.0,26300.0,26400.0,2858774.0,1.9305019305019304,3588842250,173778800,66363785900,6440032250,5600330300,276268400,50599582300,20090258200,76566439200
2023-11-24,26200.0,26200.0,25700.0,25800.0,937148.0,-2.272727272727273,424057000,138880800,22854952700,787442050,1238106800,373538300,16600390700,5993296750,24205332550
2023-11-27,25900.0,26100.0,25700.0,25700.0,660259.0,-0.3875968992248062,957788950,30050250,12617153150,3437351950,302220400,375610550,13878816050,2485697300,17042344300
2023-11-28,25750.0,25900.0,25650.0,25800.0,625317.0,0.38910505836575876,3214022850,40608800,9562073100,3305319150,1392167600,272425150,9742241800,4715189350,16122023900
2023-11-29,25900.0,26550.0,25600.0,26350.0,1208111.0,2.131782945736434,3548745100,50756600,20198749050,7787173450,1121115800,566566450,23465706250,6432035700,31585424200
2023-11-30,26550.0,26750.0,26350.0,26550.0,938548.0,0.7590132827324478,1412213100,100700400,17446110900,5941766050,665253050,866062200,14628514300,8740960900,24900790450
2023-12-01,26600.0,28450.0,26450.0,28050.0,4417839.0,5.649717514124294,9369215200,609187050,83704841350,29277615550,3453424550,515076250,102803430850,16188927500,122960859150
2023-12-04,28050.0,29400.0,27800.0,29100.0,3343280.0,3.7433155080213902,20039241400,1400114550,58730399350,15923877150,2247161500,641348300,71977602300,21227520350,96093632450
2023-12-05,29000.0,29900.0,28600.0,28750.0,2159689.0,-1.202749140893471,9228368100,458733200,40847680150,12657226700,1135632150,1072549550,50289852600,10693973850,63192008150
2023-12-06,28950.0,29950.0,28800.0,29750.0,1733318.0,3.4782608695652173,10500340450,1063315000,30966123500,8545394650,1054039100,517498900,39549767900,9953867700,51075173600
2023-12-07,29550.0,29900.0,28900.0,29050.0,973698.0,-2.3529411764705883,3104462500,133600900,22796882300,2514446350,1266350800,107494100,20968411600,6207135550,28549392050
2023-12-08,29050.0,29050.0,28050.0,28550.0,1182571.0,-1.7211703958691909,2922808850,127457900,24640868100,5953314100,1951838250,17684250,25815264050,5859662400,33644448950
2023-12-11,28800.0,29200.0,27650.0,28050.0,1586443.0,-1.7513134851138354,2049570550,203312800,34404404250,8256789750,5765474550,152628250,32394020650,6601953900,44914077350
2023-12-12,27200.0,27550.0,26550.0,26850.0,2662010.0,-4.27807486631016,3892937800,259399350,50661294350,16774596650,11854965150,964007450,46204971800,12564283750,71588228150
2023-12-13,26850.0,27100.0,25800.0,25850.0,1698671.0,-3.7243947858473,1121836850,93560900,38445347150,5045451000,7030655300,395913800,31710800050,5568826750,44706195900
2023-12-14,26350.0,26500.0,25950.0,26050.0,994364.0,0.7736943907156674,4631509900,81802500,17476119950,3877845750,4738408200,66141250,17744421150,3518307500,26067278100
2023-12-15,26200.0,26700.0,26200.0,26350.0,778126.0,1.1516314779270633,1660947550,235008850,14098641500,4599895700,3773242450,27589500,13913439450,2880222200,20594493600
2023-12-18,26550.0,26650.0,26350.0,26550.0,481623.0,0.7590132827324478,1461018100,132628600,9220006700,1955466550,1377344450,231864450,8553469750,2606441300,12769119950
2023-12-19,26550.0,26700.0,26100.0,26650.0,402924.0,0.3766478342749529,1176932150,0,8262564000,1199755400,399449200,210850800,8637835950,1391115600,10639251550
2023-12-20,26800.0,26950.0,26600.0,26750.0,558590.0,0.37523452157598497,2367866550,18387250,10535314050,2044226100,2406080850,26800,10920800450,1638885850,14965793950
2023-12-21,26600.0,26700.0,26200.0,26500.0,552822.0,-0.9345794392523363,1497901550,178255350,11270649850,1682955300,912465900,607918000,10812816250,2296561900,14629762050
2023-12-22,26700.0,26800.0,26400.0,26400.0,503678.0,-0.37735849056603776,1417377200,275759350,9868126050,1832192000,485437600,18605000,11536192400,1353219600,13393454600
2023-12-26,26400.0,26500.0,25700.0,25700.0,892155.0,-2.6515151515151514,1882395200,149140200,16353174150,4731423200,3265979350,304409950,15377876300,4167867150,23116132750
2023-12-27,25750.0,26150.0,25650.0,26100.0,662051.0,1.556420233463035,987713750,260300,9508069250,6677766850,6241383750,11604250,10112457650,808364500,17173810150
2023-12-28,26100.0,26700.0,26000.0,26600.0,574905.0,1.9157088122605364,2264862350,425100,7857781750,5085985700,770368650,25745100,13062838800,1350102350,15209054900
2024-01-02,26850.0,27100.0,26650.0,26750.0,694034.0,0.5639097744360901,1150760700,102468150,13234667050,4169451400,1823255650,25342000,12503842500,4304907150,18657347300
2024-01-03,26550.0,27750.0,26400.0,27500.0,1205532.0,2.803738317757009,851534950,2978150,23520547400,8277458650,2370433550,81500000,23974370350,6226215250,32652519150
2024-01-04,27550.0,28050.0,27000.0,27000.0,1002503.0,-1.8181818181818181,383516700,140071650,19825833900,7118373250,1349635000,38302050,17919594200,8160264250,27467795500
2024-01-05,27200.0,28250.0,27100.0,27300.0,1597423.0,1.1111111111111112,3433506100,115320200,30306275050,10346144550,651181150,227458300,33483601650,9839004800,44201245900
2024-01-08,27550.0,27650.0,26700.0,26700.0,717906.0,-2.197802197802198,1030373600,125931250,17278448200,888135150,1749966500,2580200,12927672500,4642669000,19322888200
2024-01-09,26800.0,26950.0,26500.0,26550.0,503248.0,-0.5617977528089888,435586750,3517900,11233339950,1763626950,252249900,12288000,11049648650,2121885000,13436071550
2024-01-10,26650.0,27350.0,26650.0,27200.0,950564.0,2.4482109227871938,2897920050,158734800,15218154500,7506142750,659800600,863400,21217560850,3902727250,25780952100
2024-01-11,27200.0,27400.0,26500.0,26550.0,990635.0,-2.389705882352941,1998646700,183216900,21876055750,2527730900,5237286550,65699400,12131131350,9151532950,26585650250
2024-01-12,26600.0,27150.0,26300.0,26600.0,816687.0,0.18832391713747645,2301874650,45648700,16421041100,3037583400,2362159800,77946050,14142442800,5223599200,21806147850
2024-01-15,26900.0,26950.0,26500.0,26900.0,542665.0,1.1278195488721803,2072858250,7741050,9160625300,3269448550,326444950,94374550,10903720250,3186133400,14510673150
2024-01-16,26700.0,27000.0,26350.0,26400.0,542287.0,-1.858736059479554,1114891000,161136150,11731245150,1399757350,1354857950,29205000,8529678600,4493288100,14407029650
2024-01-17,26450.0,26550.0,25400.0,25500.0,1019291.0,-3.4090909090909087,1852520200,277111900,19228824350,4854910500,1773628050,52456450,15855402300,8531880150,26213366950
2024-01-18,25450.0,26150.0,25450.0,26000.0,857803.0,1.9607843137254901,2725957300,10516000,10715760700,8774681200,4027762250,1224000,14128625950,4069303000,22226915200
2024-01-19,26200.0,26750.0,26000.0,26450.0,693824.0,1.7307692307692308,1200855300,290400,7733783400,9428595400,1008065450,2421350,13506058750,3846978950,18363524500
2024-01-22,26800.0,27550.0,26500.0,27450.0,1456758.0,3.780718336483932,10958768550,539781450,17098720900,11092905750,1482270100,246328800,32785995400,5175582350,39690176650
2024-01-23,27550.0,28000.0,27200.0,27800.0,986193.0,1.2750455373406193,7026262950,333417350,13363759750,6639851850,1436335000,114754900,21899190250,3913011750,27363291900
2024-01-24,27800.0,28100.0,27450.0,27700.0,749679.0,-0.3597122302158274,4177331300,179534350,11400623150,5092339550,1012582700,157701250,14593965700,5085578700,20849828350
2024-01-25,27800.0,28650.0,27650.0,28150.0,1481082.0,1.6245487364620936,8068679500,383684550,24364915900,9075334800,1376382050,107645200,31036546000,9372041500,41892614750
2024-01-26,28150.0,28600.0,27950.0,28500.0,924230.0,1.2433392539964476,6467965300,109126250,13502802850,6222093500,1168523800,119774300,21991565050,3022124750,26301987900
2024-01-29,28700.0,28700.0,27450.0,27500.0,1135082.0,-3.508771929824561,2777934850,117353450,20985301100,7832584750,4329168550,57566300,24631428950,2695010350,31713174150
2024-01-30,27500.0,27700.0,27000.0,27100.0,784803.0,-1.4545454545454546,1709634150,546350,12942605500,6768803350,3914853950,9288850,13630544000,3866902550,21421589350
2024-01-31,27000.0,29200.0,26900.0,28350.0,3788729.0,4.612546125461255,14582208400,273700900,74523661400,18744948800,7048048900,411757400,88251520500,12413192700,108124519500
2024-02-01,28100.0,28650.0,27400.0,27500.0,1344043.0,-2.9982363315696645,2757833850,245112700,29450431650,4988326100,4184049650,84853200,25062038550,8110762900,37441704300
2024-02-02,27600.0,27600.0,26950.0,27150.0,1236872.0,-1.2727272727272727,2019044300,568912300,28704402000,2332096300,7087114050,377546650,18319845950,7839948250,33624454900
2024-02-05,27050.0,27450.0,26850.0,27250.0,650935.0,0.3683241252302026,591742850,395245700,14137984000,2552049850,2440143150,517032900,11266665800,3453180550,17677022400
2024-02-06,27050.0,27350.0,26900.0,27150.0,627160.0,-0.3669724770642202,590851200,112735400,11590529450,4678110750,3007020200,26950000,10456318000,3481938600,16972226800
2024-02-07,27500.0,28450.0,27500.0,28450.0,1561068.0,4.788213627992634,7251456700,657667850,22893419400,12988845300,485063650,121108800,38819807200,4365409600,43791389250
2024-02-08,28400.0,29250.0,28300.0,29050.0,1686971.0,2.10896309314587,20632258950,588032050,20687011550,6956587100,4362733650,149929450,38468257750,5882968800,48863889650
2024-02-13,29100.0,29400.0,28550.0,28950.0,1303349.0,-0.34423407917383825,10686241800,210617100,23775753350,2964932800,7364049300,2059641950,22517020500,5696833300,37637545050
2024-02-14,28600.0,29900.0,28300.0,29250.0,1438222.0,1.0362694300518136,5670664950,363164650,31066718500,4742722000,3840710450,208422850,31419221450,6374915350,41843270100
2024-02-15,29450.0,29450.0,28650.0,28800.0,871956.0,-1.5384615384615385,1563927250,348366750,19272747750,4005643650,5364823950,314055150,14258850700,5252955600,25190685400
2024-02-16,28900.0,28950.0,28450.0,28550.0,668121.0,-0.8680555555555556,2260065800,200626800,12137407050,4586770850,3084294650,246385050,13886330600,1967860200,19184870500
2024-02-19,28600.0,29800.0,28600.0,29600.0,1489373.0,3.677758318739054,5535948250,271282900,26026636050,12017535700,2762113400,125192650,38345955800,2618141050,43851402900
2024-02-20,29400.0,29900.0,28800.0,28900.0,1186455.0,-2.364864864864865,3342188400,293314900,25817626250,5312291150,8429936150,518091250,20407012100,5410381200,34765420700
2024-02-21,29000.0,29950.0,29000.0,29850.0,1509660.0,3.2871972318339098,6114763450,1008757850,23961347300,13425421800,8335020700,135798250,30631810450,5407661000,44510290400
2024-02-22,30900.0,34500.0,30350.0,34500.0,16080506.0,15.577889447236181,66424984100,2196155950,358273930050,100849464300,16674916550,2433755950,463132019400,45503842500,527744534400
2024-02-23,33950.0,34150.0,31600.0,32800.0,7097629.0,-4.9275362318840585,22369548100,1476080800,183738817250,24091681550,5900242350,1180066050,167579008000,57016811300,231676127700
2024-02-26,32850.0,33700.0,32550.0,33450.0,3245830.0,1.9817073170731707,21111492500,787525950,69497824600,16671177700,5251550350,727510400,84915739250,17173220750,108068020750
2024-02-27,33350.0,34500.0,32800.0,32850.0,3600320.0,-1.7937219730941705,12960050150,431172300,87586915450,19921880250,6781928300,2388169250,88704786900,23025133700,120900018150
2024-02-28,33500.0,34950.0,33350.0,34150.0,4953093.0,3.95738203957382,19560236000,959944400,119784090500,29064795450,6919714600,955650450,130501676600,30992024700,169369066350
2024-02-29,34150.0,34450.0,33250.0,33450.0,2187226.0,-2.049780380673499,8712621200,540360900,47700050150,16643662450,8690277050,126222600,48821276000,15958919050,73596694700
2024-03-04,33500.0,33750.0,31850.0,32050.0,3101925.0,-4.185351270553064,5804963850,1545573600,69873733900,23170758350,29230749800,982521400,57709070400,12472688100,100395029700
2024-03-05,32050.0,32400.0,31150.0,31400.0,1909105.0,-2.02808112324493,3384582150,967802000,39286803000,16791579700,16451688950,104942750,36049771350,7824363800,60430766850
2024-03-06,31350.0,32400.0,31300.0,31950.0,2632839.0,1.7515923566878981,12697975150,351496850,54991367650,16167015900,11324630900,566514150,47205078750,25111631750,84207855550
2024-03-07,32050.0,32700.0,31050.0,31450.0,2762292.0,-1.5649452269170578,8656501850,652591850,60397453850,18156008600,16194207500,92968000,48768310800,22807069850,87862556150
2024-03-08,31500.0,32200.0,31200.0,31700.0,1518499.0,0.7949125596184419,3594554700,544996850,33103424450,10872244350,8313476550,30587250,33395957400,6375199150,48115220350
2024-03-11,32150.0,32300.0,31150.0,31250.0,1298032.0,-1.4195583596214512,2867463700,339040600,33461809850,4458608050,5428645450,121909800,24863783000,10712583950,41126922200
2024-03-12,31200.0,31250.0,29900.0,30000.0,1904415.0,-4.0,2187941150,263476200,45754475950,9281026250,16497477950,79654500,33515978350,7393808750,57486919550
2024-03-13,30250.0,30600.0,29900.0,30400.0,1259875.0,1.3333333333333335,1683485650,51674100,27420209850,9008348650,6149429800,123215050,26137741050,5753332350,38163718250
2024-03-14,30500.0,30800.0,29900.0,30350.0,1591789.0,-0.1644736842105263,11012216200,44128550,27628705550,9680733550,15978445850,90494100,22142830500,10154013400,48365783850
2024-03-15,30400.0,30750.0,30150.0,30400.0,827895.0,0.16474464579901155,4336513950,140055950,13871586600,6800453950,2895611150,77869700,14554468000,7620661600,25148610450
2024-03-18,30750.0,31450.0,30700.0,31250.0,1375086.0,2.7960526315789473,7606976550,123041050,23061433150,12045401850,6544596750,150608550,26905403300,9236244000,42836852600
2024-03-19,31450.0,32150.0,31150.0,31600.0,1644641.0,1.1199999999999999,6604593100,307389450,30237686650,15022277150,4558849300,54357000,31521541950,16037198100,52171946350
2024-03-20,31800.0,31800.0,31100.0,31400.0,940837.0,-0.6329113924050633,1969733250,43981800,16002753250,11519916600,5128264850,47355300,18009608600,6351156150,29536384900
2024-03-21,31550.0,31650.0,31200.0,31300.0,848460.0,-0.3184713375796179,2594853450,12918050,16343613500,7664412200,5526401550,65637350,14903718100,6120040200,26615797200
2024-03-22,31450.0,32900.0,31450.0,32400.0,2643797.0,3.5143769968051117,11026496750,102111300,54480909500,19946884450,2540961400,525985500,70924691450,11564763650,85556402000
2024-03-25,33000.0,33250.0,32250.0,32600.0,1564572.0,0.6172839506172839,7432768550,144789750,30013734700,13728330700,5442355200,326827950,35579070750,9971369800,51319623700
2024-03-26,32750.0,33250.0,32500.0,33200.0,1450486.0,1.8404907975460123,6485865250,330670200,23683210150,17354955000,2090028100,53930600,38121569350,7589172550,47854700600
2024-03-27,33450.0,34400.0,32850.0,34300.0,2501875.0,3.313253012048193,9297967700,291726150,45705280500,29348344500,3701548050,349058950,71378714400,9213997450,84643318850
2024-03-28,34350.0,34650.0,33500.0,34400.0,2180209.0,0.2915451895043732,7724799350,132877950,44992702600,21605899800,4492934100,334623100,55615650700,14013071800,74456279700
2024-03-29,34350.0,38800.0,34100.0,36800.0,13299739.0,6.976744186046512,24262212250,1554854000,349409852750,117408749150,13667833850,2218814300,413875236050,62873783950,492635668150
2024-04-01,36950.0,38750.0,36800.0,38000.0,6253165.0,3.260869565217391,13916741800,1672376500,166005412100,56332195250,6448452300,2301982050,200849434300,28326857000,237926725650
2024-04-02,38400.0,39200.0,36950.0,38950.0,5216655.0,2.5,16174558650,658136150,132193153900,51404939200,9772297950,1301251450,165233453100,24123785400,200430787900
2024-04-03,38800.0,39600.0,37350.0,38000.0,3189368.0,-2.4390243902439024,8002564200,680314200,88349012100,25272196250,7499251150,1817111650,94675518950,18312205000,122304086750
2024-04-04,38750.0,38800.0,37650.0,38500.0,2361098.0,1.3157894736842104,7305442450,387453650,61633245100,20763537900,8326610800,296260050,62172645900,19294162350,90089679100
2024-04-05,38100.0,38400.0,36800.0,37300.0,2186288.0,-3.116883116883117,3512155050,558322950,58686271950,19103227400,8108574650,1321507600,60783648350,11646246750,81859977350
2024-04-08,37750.0,38200.0,37150.0,37800.0,1639697.0,1.3404825737265416,4108454950,878027250,44153891750,12701376850,4208253950,36112400,41217277050,16380107400,61841750800
2024-04-09,37900.0,41850.0,37800.0,41150.0,14442307.0,8.862433862433862,29498622050,1042622900,439824678350,120416145600,10829165850,2621537650,514640989500,62690375900,590782068900
2024-04-11,41200.0,42450.0,40650.0,41850.0,5568939.0,1.701093560145808,18118087450,1366025500,151233847100,60678486850,23090367000,2043342400,160382981050,45879756450,231396446900
2024-04-12,41850.0,43450.0,40750.0,41600.0,4432922.0,-0.5973715651135006,7259278750,411540500,144532677650,33833570550,11692639850,1182391100,141050152950,32111883550,186037067450
2024-04-15,42000.0,42350.0,38650.0,39000.0,4790880.0,-6.25,5947256950,434995700,149164174900,35094690650,27651024700,707294350,131195045250,31087753900,190641118200
2024-04-16,39050.0,39650.0,37450.0,38500.0,3272012.0,-1.282051282051282,8205975800,416304450,88969759700,28001322400,5452967500,482099100,95921075200,23737220550,125593362350
2024-04-17,38600.0,40800.0,38400.0,40000.0,4477132.0,3.896103896103896,15201375300,728289800,130971231350,31299489750,7310016500,415576900,129870240900,40604551900,178200386200
2024-04-18,40100.0,41350.0,39450.0,41150.0,2918310.0,2.875,13936526400,621760800,74889742850,29131865250,5593709150,1425894950,90491674700,21068616500,118579895300
2024-04-19,41250.0,42550.0,40000.0,41150.0,4322834.0,0.0,14615738850,737883800,128245065850,34136503250,12621578100,4402255100,121397486450,39313872100,177735191750
2024-04-22,40950.0,41400.0,38900.0,40100.0,2995768.0,-2.551640340218712,8085190750,674402050,77784439550,32649695750,16347683350,1638957350,69349170150,31857917250,119193728100
2024-04-23,40150.0,41600.0,40050.0,40900.0,2529854.0,1.99501246882793,6113275650,664819650,71629079850,25348268050,4554673800,183515200,82817087150,16200167050,103755443200
2024-04-24,40700.0,41400.0,40300.0,41150.0,2075700.0,0.6112469437652812,10292037550,271909250,53880175850,20625611850,3085702900,522178700,65340648600,16121204300,85069734500
2024-04-25,41700.0,42950.0,41100.0,41150.0,3776879.0,0.0,7902879000,839004800,121450814000,27932450850,9389200250,1191546250,113977927900,33566474250,158125148650
2024-04-26,40650.0,41250.0,37950.0,38450.0,5044191.0,-6.561360874848117,10600390950,663801300,162799076350,23885637800,46298162400,1144956350,123144698450,27361089200,197948906400
2024-04-29,38050.0,38750.0,37650.0,38600.0,2343629.0,0.3901170351105332,9724782550,354623250,53004670050,26930313250,12963634250,134721900,58347606650,18568426300,90014389100
2024-04-30,38400.0,39050.0,37300.0,37300.0,2538073.0,-3.3678756476683938,7089550500,248117550,62200240100,26844367850,9399717900,191144350,66796492700,19994921050,96382276000
2024-05-02,37300.0,38500.0,37300.0,38250.0,1544883.0,2.546916890080429,8280468500,489161350,35569893750,14554259900,4829642950,261304100,40138677200,13664159250,58893783500
2024-05-03,38600.0,38850.0,37700.0,37950.0,1219854.0,-0.7843137254901961,5314647950,178655500,28629102850,12473484200,4410522250,90856700,28310544600,13783966950,46595890500
2024-05-07,38000.0,38350.0,36900.0,38100.0,1037144.0,0.3952569169960474,4750758600,437638450,20872833400,13302962250,5888628150,250026900,23933584500,9291953150,39364192700
2024-05-08,38150.0,38200.0,37200.0,37850.0,793568.0,-0.6561679790026247,1746659750,108906150,20697794650,7329726200,3277868150,427661050,21080756500,5096801050,29883086750
2024-05-09,37550.0,38100.0,37500.0,37500.0,1002097.0,-0.9247027741083224,9819271800,29691750,19672717400,8254921150,10961784250,83346600,20460899750,6270571500,37776602100
2024-05-10,37650.0,38150.0,37450.0,37600.0,749553.0,0.26666666666666666,3377124650,37232600,18423022450,6473471350,2414264800,179756750,20885052250,4831777250,28310851050
2024-05-13,37550.0,38250.0,37200.0,37700.0,851167.0,0.26595744680851063,3082325250,71358350,22063032000,6934944850,3659032750,45218650,21884220900,6563188150,32151660450
2024-05-14,37750.0,38650.0,37500.0,38550.0,1159702.0,2.2546419098143233,3050824700,34378650,22803345100,18550453750,3454189550,333452900,30408130300,10243229450,44439002200
2024-05-16,38550.0,38600.0,37900.0,38400.0,1196143.0,-0.38910505836575876,6310418650,187579900,23751750150,15523865100,6144963900,84938200,26867523400,12676188300,45773613800
2024-05-17,38450.0,39250.0,37300.0,37550.0,1496503.0,-2.213541666666667,4402321500,479073650,38216783050,13925755550,4791889250,265256200,34549447700,17417340600,57023933750
2024-05-20,37550.0,38700.0,37000.0,38350.0,1107627.0,2.130492676431425,2334453550,280231500,20159769350,19464282900,3197059950,227686650,31984493750,6829496950,42238737300
2024-05-21,38350.0,39600.0,38250.0,38750.0,1623835.0,1.0430247718383312,5128611150,441665450,41143608800,16782353300,4031872350,183624900,47786259000,11494482450,63496238700
2024-05-22,39100.0,39150.0,37850.0,38000.0,835638.0,-1.935483870967742,1746438250,444289100,24760080000,5151257350,3924079150,78113400,19078230200,9021641950,32102064700
2024-05-23,37800.0,38000.0,37150.0,37850.0,838872.0,-0.39473684210526316,1952316950,93660300,20435734750,9038142750,5333434300,73921700,22105027450,4007471300,31519854750
2024-05-24,37400.0,38850.0,37350.0,38650.0,1003470.0,2.1136063408190227,3428132000,79973350,21914141450,13097612950,5757327100,303730300,28261032900,4197769450,38519859750
2024-05-27,39050.0,39100.0,38350.0,39050.0,997939.0,1.034928848641656,5044548300,457162100,22250657950,10983279600,5270392600,14261300,27035220700,6415773350,38735647950
2024-05-28,39400.0,40150.0,38850.0,39700.0,1954446.0,1.6645326504481435,8073364650,1348173950,49900046550,18331193600,9937099600,8645378600,48909439700,10160860850,77652778750
2024-05-29,39700.0,39800.0,36700.0,36800.0,2843827.0,-7.304785894206549,4315678700,1118711450,95079095750,6751655450,15253901000,618296100,56637172650,34755771600,107265141350
2024-05-30,36950.0,37850.0,36750.0,36850.0,1268491.0,0.1358695652173913,2385270200,43360700,29029143950,15839374450,5347304800,149345000,31690610550,10109888950,47297149300
2024-05-31,37000.0,37600.0,35850.0,35950.0,1277248.0,-2.4423337856173677,5868932800,312430600,28398714450,12114216750,3798664900,211131050,31160947300,11523551350,46694294600
2024-06-03,36250.0,37100.0,36050.0,36550.0,924653.0,1.6689847009735743,2317774850,127867650,21793087850,9604752550,5299673200,85628600,21213033350,7245147750,33843482900
2024-06-04,36400.0,37450.0,35700.0,37200.0,1220595.0,1.7783857729138166,3931268600,717790550,24966275050,15170061700,4396160750,29713450,29137867050,11221654650,44785395900
2024-06-05,37350.0,37500.0,36650.0,36750.0,648966.0,-1.2096774193548387,1734148300,121844250,16231453050,5931906250,3395500950,12423300,14636011900,5975415700,24019351850
2024-06-07,36800.0,38200.0,36800.0,37900.0,1212475.0,3.1292517006802725,5606473850,1241872750,20430078800,18644819800,2459572250,192396150,34734197950,8537078850,45923245200
2024-06-10,38150.0,38700.0,37950.0,38250.0,841774.0,0.9234828496042217,4335114950,49525900,21253626700,6640160400,3513165800,70638850,23649117600,5045505700,32278427950
2024-06-11,38700.0,38700.0,37450.0,37750.0,704424.0,-1.3071895424836601,3597815350,102810150,19246969350,3708778800,4657969350,12244200,15747426750,6238733350,26656373650
2024-06-12,37750.0,37950.0,37200.0,37500.0,564596.0,-0.6622516556291391,2965384150,104009000,14655665450,3424461350,2526232350,7517550,13676907800,4938862250,21149519950
2024-06-13,37500.0,38550.0,37450.0,37900.0,1184959.0,1.0666666666666667,9964064500,397158050,23077785450,11766905650,10470401450,511230700,28735459100,5488822400,45205913650
2024-06-14,37950.0,39000.0,37550.0,38700.0,1509752.0,2.1108179419525066,7936788150,414198400,39301113950,10836409050,2579941800,79267850,48797064050,7032235850,58488509550
2024-06-17,40350.0,43000.0,38850.0,42600.0,12857855.0,10.077519379844961,39658724850,1519743350,377278161650,114721699900,13636253150,3037396400,460242591600,56262088600,533178329750
2024-06-18,42450.0,42450.0,40000.0,40200.0,4722005.0,-5.633802816901409,14003842050,6563320550,163740345750,8218017300,12574995100,1968873800,112955951700,65025705050,192525525650
2024-06-19,40400.0,41150.0,40000.0,40900.0,2988174.0,1.7412935323383085,11955534300,851155550,85702706350,22925299800,7186769250,4351635350,87055246750,22841044650,121434696000
2024-06-20,40500.0,41050.0,39200.0,40150.0,2184627.0,-1.8337408312958436,8529793600,244758600,64317533000,14368600900,4000463500,347834950,62979441500,20132946150,87460686100
2024-06-21,40750.0,41600.0,39550.0,39650.0,2356443.0,-1.2453300124533,8060972800,586371550,74924055850,11383648000,5604913950,957128550,64647901200,23745104500,94955048200
2024-06-24,39650.0,40500.0,39200.0,39450.0,1254282.0,-0.5044136191677175,3911535100,210577450,38789783050,6909449300,5133569900,127166550,29890714400,14669894050,49821344900
2024-06-25,39650.0,40200.0,39350.0,39550.0,955116.0,0.25348542458808615,2898399150,171999800,28891911650,5994674850,2055678700,44950150,28594878100,7261478500,37956985450
2024-06-26,39300.0,39450.0,38350.0,38900.0,1166539.0,-1.643489254108723,5162186800,525455500,32742186550,6784465550,6229247150,53457300,29697368150,9234221800,45214294400
2024-06-27,38650.0,40100.0,38450.0,39600.0,1013200.0,1.7994858611825193,3744095050,139485650,29786344950,6182947450,4994848300,204835850,29451783450,5201405500,39852873100
2024-06-28,39850.0,40800.0,38950.0,40800.0,1904220.0,3.0303030303030303,8087854850,303325150,45110052950,22868079150,2309835400,106668100,63553875300,10398933300,76369312100
2024-07-01,40850.0,41200.0,39850.0,40100.0,1453867.0,-1.715686274509804,5506380450,128240600,44863287600,8377866850,7607287100,178948400,39996972650,11092567350,58875775500
2024-07-02,39850.0,39900.0,37700.0,38400.0,1957201.0,-4.239401496259352,2872302650,634609700,62690361200,8934572050,8246730450,173283450,46834423950,19877407750,75131845600
2024-07-03,38400.0,38600.0,37450.0,37650.0,1119231.0,-1.953125,3793164450,256565600,34972016350,3271296900,11298044900,110697500,24910487800,5973813100,42293043300
2024-07-04,37450.0,38400.0,37450.0,38100.0,794921.0,1.1952191235059761,6583415250,315809450,17426596100,5869246500,5766202650,169329800,19845211150,4414323700,30195067300
2024-07-05,38100.0,38200.0,37500.0,38000.0,839062.0,-0.26246719160104987,5233257450,238740800,22390874950,3915361100,3950114000,135664400,21596350350,6096105550,31778234300
2024-07-08,38200.0,39200.0,38050.0,38900.0,967824.0,2.368421052631579,5116625500,251056850,23118275100,9075810750,4856427650,187450750,27363747350,5154142450,37561768200
2024-07-09,39050.0,39450.0,38800.0,39350.0,893521.0,1.1568123393316194,3369584900,173453750,22069693850,9415123850,4501402600,66179100,24137286050,6322988600,35027856350
2024-07-10,39800.0,43300.0,39700.0,41550.0,11409828.0,5.5908513341804325,45637441050,1595182300,293566232300,138877290600,17340580450,3930689800,408241481150,50163394850,479676146250
2024-07-11,41700.0,41800.0,40550.0,40750.0,2213220.0,-1.9253910950661854,12333512250,214296250,64719676800,13715831700,11993740350,175414950,53197803500,25616358200,90983317000
2024-07-12,40900.0,41350.0,39800.0,39950.0,1241695.0,-1.96319018404908,2099728600,734180950,41046929950,6123723550,3128801550,13109250,33180282350,13682369900,50004563050
2024-07-15,40950.0,44900.0,40950.0,42950.0,10540448.0,7.509386733416772,32403003700,2827222300,324374617900,97516558600,17253450350,2214025650,391314426950,46339499550,457121402500
2024-07-16,43250.0,44400.0,42850.0,43400.0,3877147.0,1.0477299185098952,16787477400,1229712700,126222173750,24677285600,9262472750,331334350,119971311650,39351530700,168916649450
2024-07-17,43400.0,44700.0,43400.0,43550.0,3147749.0,0.3456221198156682,20044388500,797670550,93078928550,24589509150,7774589400,524198900,103428041000,26783667450,138510496750
2024-07-18,43300.0,43900.0,41900.0,42250.0,1924689.0,-2.9850746268656714,7589867000,347929100,60634649300,13647004600,9822370450,861848700,52640299750,18894931100,82219450000
2024-07-19,42150.0,42200.0,40800.0,41550.0,1730184.0,-1.6568047337278107,8265074000,302093500,50989833200,12187347850,11206689950,1153789750,43814559650,15569309200,71744348550
2024-07-22,42150.0,44000.0,42050.0,42550.0,2793295.0,2.406738868832732,16055578750,454831350,83728916350,19394668900,10561155800,366167750,74782876750,33923795050,119633995350
2024-07-23,42200.0,46550.0,41800.0,46350.0,8012389.0,8.930669800235018,50167993700,1748262250,227374974150,83679948550,13066903700,2796620600,309601736600,37505917750,362971178650
2024-07-24,46500.0,48300.0,45850.0,47950.0,4649261.0,3.4519956850053934,34885187150,1784719600,139272896850,43725425250,19868904550,2105954100,157606173900,40087196300,219668228850
2024-07-25,47000.0,47500.0,43650.0,43800.0,3836729.0,-8.654848800834202,19692896650,852186600,131160402550,22302336150,25140216100,858500700,97140843650,50868261500,174007821950
2024-07-26,44400.0,48000.0,43800.0,47750.0,5365591.0,9.018264840182647,42849452700,2492985400,158405066250,44586704050,17257951350,2014749150,185685417700,43376090200,248334208400
2024-07-29,49500.0,50900.0,48900.0,49950.0,4680833.0,4.607329842931937,22634272000,945719250,154817033550,55798610900,12499400350,1648846800,174318224100,45729164450,234195635700
2024-07-30,49850.0,50600.0,49100.0,49600.0,2197039.0,-0.7007007007007007,10668847100,767734200,67696786050,30088224600,14889788800,255426450,59083667650,34992709050,109221591950
2024-07-31,49050.0,51300.0,48050.0,48900.0,3499866.0,-1.411290322580645,18601222400,641746600,103072405050,51224922150,19688139400,1226769400,120203340750,32422046650,173540296200
2024-08-01,48900.0,52300.0,48800.0,50500.0,3822788.0,3.2719836400818,15649983100,804541000,104367741400,73967171700,17862332950,420160300,119502650500,57004293450,194789437200
2024-08-02,49600.0,50600.0,48050.0,48550.0,2360966.0,-3.8613861386138613,10883903700,286243850,82305255900,22288372100,19459783500,1253465400,65932025400,29118501250,115763775550
2024-08-05,47550.0,48250.0,41000.0,44700.0,3357896.0,-7.929969104016478,14788418800,1121856650,98140525950,39122875100,12642830500,574019000,102983450300,36973376700,153173676500
2024-08-06,46200.0,47150.0,43950.0,44700.0,3919520.0,0.0,22356229300,401213850,118847692400,35973263400,26428331650,522094250,80733876150,69894096900,177578398950
2024-08-07,44750.0,47150.0,44100.0,45950.0,2330415.0,2.796420581655481,12823042550,746537200,71575682400,21413401150,7857391050,129947900,71993457750,26577866600,106558663300
2024-08-08,45600.0,46400.0,43850.0,45900.0,2299246.0,-0.1088139281828074,20210790650,359617900,64597324000,18840184100,25063165350,799645350,58230427250,19914678700,104007916650
2024-08-09,46900.0,47000.0,45700.0,46250.0,1534629.0,0.7625272331154684,11213285000,695159850,46653851350,12448889600,7923668000,62106350,43449003650,19576407800,71011185800
2024-08-12,46600.0,49350.0,44650.0,49200.0,3578517.0,6.378378378378378,33964774700,3186326300,103902283400,30227931750,9366802300,875255000,120716140750,40323118100,171281316150
2024-08-13,49650.0,54000.0,49650.0,52800.0,8114979.0,7.317073170731707,54577974300,2997648300,287425834450,80786086250,36767229850,3288029000,329635033750,56097250700,425787543300
2024-08-14,52800.0,54800.0,52300.0,54600.0,3758850.0,3.4090909090909087,22181725400,1849745300,119303489200,59425675400,16811398500,1288143600,147037500600,37623592600,202760635300
2024-08-16,54300.0,55100.0,53100.0,54400.0,2497218.0,-0.3663003663003663,12208133000,2590879300,84877032100,35843776900,15003457400,1144064400,91604556800,27767742700,135519821300
2024-08-19,54400.0,55000.0,52500.0,53200.0,2076231.0,-2.2058823529411766,11258361600,1311596700,67662108700,30824541700,11436756600,1335621200,65055279100,33228951800,111056608700
2024-08-20,53000.0,53100.0,51000.0,52300.0,2373740.0,-1.6917293233082706,12699548000,2081142400,76455848300,31874685500,22870375700,3146659500,66038244300,31055944700,123111224200
2024-08-21,52200.0,54800.0,51300.0,54600.0,2298957.0,4.397705544933078,17549712500,1573911500,80683281400,23000971500,14132069400,1146158000,86193968600,21335680900,122807876900
2024-08-22,55000.0,55300.0,52700.0,53200.0,1687986.0,-2.564102564102564,11455704500,792138200,59761312000,18516194400,13858359600,433290700,49070915000,27162783800,90525349100
2024-08-23,52200.0,54100.0,52100.0,53900.0,1388565.0,1.3157894736842104,10083189900,414029000,42038425400,21591915800,10242139800,674287100,42619148000,20591985200,74127560100
2024-08-26,54400.0,55100.0,53100.0,53700.0,1742111.0,-0.3710575139146568,9996031300,1954182900,52160680100,30034813800,14246799100,1712574300,50723124900,27463209800,94145708100
2024-08-27,53200.0,53700.0,52600.0,53500.0,1049659.0,-0.37243947858473,8839921700,260152400,32301252600,14295801500,15755534500,744155700,34230073100,4967364900,55697128200
2024-08-28,53900.0,55800.0,52900.0,53500.0,2136697.0,0.0,9337055400,1718719500,86214528700,18316400300,18876617300,1252882100,70572537300,24884667200,115586703900
2024-08-29,52600.0,53500.0,51900.0,52600.0,1108296.0,-1.6822429906542056,7461860700,131452100,36640932000,14045215400,10120227300,1090108500,39114919300,7954205100,58279460200
2024-08-30,53000.0,54000.0,52700.0,54000.0,989245.0,2.6615969581749046,4553000000,242976500,29005401700,19042141000,6067352300,1058584700,38661309800,7056272400,52843519200
2024-09-02,54400.0,54500.0,51800.0,52200.0,1366506.0,-3.3333333333333335,6854531000,1323827400,54920606200,8624836000,14316471100,2563139600,33556562800,21287627100,71723800600
2024-09-03,52800.0,55500.0,52200.0,52600.0,2912960.0,0.7662835249042145,11797082400,348809700,112571713200,31363932100,20149360700,2122777800,107309055200,26500343700,156081537400
2024-09-04,50500.0,53400.0,50400.0,52700.0,1940967.0,0.19011406844106463,16547450500,1080914300,58072103800,25497631300,14621936700,274806300,69988832500,16312524400,101198099900
2024-09-05,53000.0,53900.0,50200.0,50800.0,1952698.0,-3.6053130929791273,9974227000,560937200,73880673800,16924812300,17523888300,425190000,67180185700,16211386300,101340650300
2024-09-06,50900.0,50900.0,48400.0,49450.0,1683851.0,-2.65748031496063,13106291300,613795200,46371341150,22832667850,15711331250,664165500,51980516550,14568082200,82924095500
2024-09-09,48000.0,50500.0,47500.0,50000.0,1182042.0,1.1122345803842264,7978089100,879571650,29994267800,19459074950,6325362500,1315264900,40374561700,10295814400,58311003500
2024-09-10,50100.0,50500.0,49150.0,49650.0,861709.0,-0.7000000000000001,4850282700,689197700,26601180950,10745013400,4543077400,626538000,24043924450,13672134900,42885674750
2024-09-11,49750.0,50000.0,48000.0,48200.0,1325143.0,-2.920443101711984,8735326300,199328900,41923418050,13762090200,13066411300,515778150,35649105000,15388869000,64620163450
2024-09-12,49000.0,50200.0,48400.0,49600.0,1324191.0,2.904564315352697,14269465950,283073950,28436147850,22529592300,14693624750,646992150,34201745550,15975917600,65518280050
2024-09-13,50000.0,52300.0,49900.0,51800.0,1616517.0,4.435483870967742,14681820650,373726200,47200623450,21164558550,7192237750,775310800,60859763800,14593416500,83420728850
2024-09-19,52400.0,53900.0,51500.0,53900.0,1535206.0,4.054054054054054,15334193600,703274300,41174301800,24175374300,3572531900,240546400,59231528100,18342537600,81387144000
2024-09-20,54400.0,57100.0,53500.0,56100.0,3335452.0,4.081632653061225,25363488700,2331421500,96883209600,61862405000,13434983200,1689834400,143883728700,27431978500,186440524800
2024-09-23,56400.0,56500.0,55000.0,55500.0,1191154.0,-1.06951871657754,9976798200,122101400,44467189100,11657610200,9197054900,848668300,34924228500,21253747200,66223698900
2024-09-24,55800.0,56300.0,54700.0,55100.0,1057723.0,-0.7207207207207207,5773974100,453493300,36162711400,16075286600,12363448600,370811300,32327805400,13403400100,58465465400
2024-09-25,55600.0,56900.0,55300.0,55700.0,1394122.0,1.0889292196007259,9363575200,482065200,51356062300,16789292500,7264743200,688198700,55338858600,14699194700,77990995200
2024-09-26,55900.0,56000.0,53700.0,55100.0,1337076.0,-1.0771992818671454,8757809800,298087000,47358984900,16622853400,11597004100,1262881500,39845971500,20331878000,73037735100
2024-09-27,55200.0,55400.0,53500.0,54000.0,1187150.0,-1.9963702359346642,9148220200,661182600,37873184200,16579557300,11005824400,932287400,30248257500,22075775000,64262144300
2024-09-30,53900.0,54800.0,53000.0,53600.0,1178070.0,-0.7407407407407408,8542213000,733723400,25676833600,28570624800,6177774400,529748100,29036223100,27779649200,63523394800
2024-10-02,54500.0,55200.0,53200.0,54600.0,1539848.0,1.8656716417910446,8857156800,789001600,40285072400,33762499100,9290277600,300578200,44121782200,29981091900,83693729900
2024-10-04,55300.0,57500.0,54900.0,57000.0,2333900.0,4.395604395604396,11761007100,864420100,72126151600,46879755700,8574836700,497630900,94673458100,27885408800,131631334500
2024-10-07,57600.0,61300.0,57200.0,61000.0,3492042.0,7.017543859649122,25365893300,1372935600,130678073200,52172689600,19173074800,1801778900,155818661900,32796076100,209589591700
2024-10-08,60600.0,62400.0,60200.0,60800.0,1917956.0,-0.32786885245901637,9950250900,703756800,80698330200,26012226900,15121345700,152575200,73109673600,28980970300,117364564800
2024-10-10,61500.0,61900.0,59300.0,60800.0,1807006.0,0.0,16614980900,1284040600,59483797500,32204855000,25154008900,442428400,58333021800,25658214900,109587674000
2024-10-11,60500.0,62900.0,60500.0,61500.0,1493717.0,1.151315789473684,8442668100,717125300,54871408000,28087108500,10047557400,793926000,53873048900,27403777600,92118309900
2024-10-14,62100.0,62700.0,60400.0,62000.0,1294250.0,0.8130081300813009,13882254400,614302700,46975910800,18269311100,14139553200,321725600,47814223800,17466276400,79741779000
2024-10-15,62200.0,64000.0,61100.0,63400.0,1683026.0,2.258064516129032,16127806600,543644700,60156997300,29041646300,13749239300,177475700,74224342800,17719037100,105870094900
2024-10-16,63200.0,64900.0,62400.0,64100.0,1464739.0,1.1041009463722398,14646139600,210690600,60230944400,18556962150,15176977200,529658500,55656903500,22281197550,93644736750
2024-10-17,64800.0,67500.0,64100.0,67100.0,2763705.0,4.6801872074882995,20764994200,258870900,116393086700,45633912500,17359906300,1187215400,130680913600,33822829000,183050864300
2024-10-18,67400.0,68000.0,64600.0,65000.0,2205110.0,-3.129657228017884,12329014100,276488500,108047182200,24826939100,30601365900,306348300,61418656600,53153253100,145479623900
2024-10-21,65600.0,66900.0,64300.0,65700.0,1264056.0,1.0769230769230769,10104366000,730876700,54844525400,17426818900,13084385600,1696246400,49198929200,19127025800,83106587000
2024-10-22,65900.0,67300.0,65200.0,66100.0,1407771.0,0.60882800608828,12247531900,648765100,59131690100,21166089900,16211497400,827301100,56715254800,19440023700,93194077000
2024-10-23,66300.0,67100.0,62600.0,63800.0,2610610.0,-3.479576399394856,24759935300,1483699500,108926657200,33368317600,41550882000,3925356100,88507305000,34555066500,168538609600
2024-10-24,63200.0,64300.0,62900.0,63600.0,1214911.0,-0.3134796238244514,8551191800,395852800,43776084600,24553346200,10410940700,1686816800,36002343900,29176374000,77276475400
2024-10-25,63400.0,65100.0,62300.0,64300.0,1499144.0,1.10062893081761,17285440100,330291700,51435435600,26920928700,13377994200,767155000,54488234600,27338712300,95972096100
2024-10-28,65100.0,65300.0,62900.0,63600.0,1117580.0,-1.088646967340591,10538146400,413349700,49956102300,10274114800,16827689500,269849900,34193302500,19890871300,71181713200
2024-10-29,64000.0,67600.0,64000.0,64500.0,2930104.0,1.4150943396226416,18665549200,1270138300,133789797000,38878815000,24568591500,1485838400,137219413400,29330456200,192604299500
2024-10-30,64900.0,65700.0,63100.0,63800.0,1091433.0,-1.0852713178294573,4801543900,483344400,49156592900,15346778300,12322618200,1084901500,38542151600,17838588200,69788259500
2024-10-31,63300.0,64300.0,61300.0,62400.0,1643730.0,-2.19435736677116,8556884300,757480500,58431169500,34583954300,17273994600,1881115200,49082615300,34091763500,102329488600
2024-11-01,61800.0,62900.0,60200.0,61500.0,1195179.0,-1.4423076923076923,9054617800,2279679600,40757838200,21619345000,16217734900,572098000,43277052700,13644595000,73711480600
2024-11-04,61800.0,62200.0,60400.0,61500.0,1158335.0,0.0,5427029100,1038419600,43812800300,20696981800,24506627800,552687700,37249320100,8666595200,70975230800
2024-11-05,61400.0,61900.0,60200.0,61000.0,985914.0,-0.8130081300813009,4253931700,368160100,37030154500,18262991300,22011473000,164550500,29313778200,8425435900,59915237600
2024-11-06,61300.0,64800.0,61100.0,62900.0,2911060.0,3.114754098360656,25064230300,788618000,115693779500,42520617800,25147267200,1206386900,114864357800,42849233700,184067245600
2024-11-07,65000.0,65500.0,61000.0,62700.0,3166289.0,-0.3179650238473768,14567668500,874205000,118540288300,64581125700,27834848900,387682500,84817831400,85522924700,198563287500
2024-11-08,62700.0,64200.0,62200.0,63100.0,1851590.0,0.6379585326953748,7792197700,763425600,56541694700,51800826500,14921483100,505345800,66710916400,34760399200,116898144500
2024-11-11,62700.0,64300.0,62600.0,64100.0,1640612.0,1.5847860538827259,8270195800,818436400,50818561900,44343548800,12738599900,575985300,65450909800,25485247900,104250742900
2024-11-12,64500.0,66500.0,62000.0,62500.0,3144536.0,-2.49609984399376,13774253900,3959225500,134972810200,51034768500,16331287300,2210866200,129906752400,55292152200,203741058100
2024-11-13,62400.0,64300.0,61500.0,62200.0,1722853.0,-0.48,8150828800,184058800,53575041600,46369226700,10980899500,947460500,70240913600,26109882300,108279155900
2024-11-14,62800.0,64400.0,61700.0,64000.0,1459215.0,2.8938906752411575,17667834200,1353407300,41309252400,31856910200,15245987900,2351392900,61188337000,13401686300,92187404100
2024-11-15,64000.0,65200.0,62500.0,64800.0,1522566.0,1.25,16249539200,2143330100,46724099800,31999235000,13779812000,202332600,57027519400,26106540100,97116204100
2024-11-18,64800.0,66500.0,63500.0,63900.0,1715277.0,-1.3888888888888888,7476841700,1806850100,61151505500,40977860700,20676478500,1648351400,62953746800,26134481300,111413058000
2024-11-19,64000.0,66500.0,63800.0,66400.0,1918678.0,3.912363067292645,13063239900,807590500,60200175800,51738630200,11869033700,672967600,93186792600,20080842500,125809636400
2024-11-20,66700.0,69500.0,65900.0,67100.0,2438584.0,1.0542168674698795,16113497700,1664972800,103188996400,43903281200,17166927500,2095827600,109788971700,35819021300,164870748100
2024-11-21,67200.0,68100.0,61500.0,62100.0,2908014.0,-7.451564828614009,16340160400,2098313400,133937687200,32679547300,33826319800,1737540200,106979156000,42512692300,185055708300
2024-11-22,63000.0,65200.0,62000.0,64800.0,1873038.0,4.3478260869565215,5473402600,270956800,54731391400,59630181100,11175454200,1117895100,73539120300,34273462300,120105931900
2024-11-25,64800.0,65700.0,59000.0,60000.0,10157698.0,-7.4074074074074066,13273995300,1387748300,177026655400,423210308100,70232415400,1585667200,137840244500,405240380000,614898707100
2024-11-26,59200.0,59300.0,51800.0,52100.0,6023506.0,-13.166666666666666,25618157900,972174000,240946197800,56233745600,39301033400,4216281200,213562197400,66690763300,323770275300
2024-11-27,51900.0,53100.0,51400.0,52000.0,2646097.0,-0.19193857965451055,19676001900,155736900,86457848500,32070325800,9267246200,1087191100,89740441900,38265033900,138359913100
2024-11-28,52100.0,53700.0,51900.0,52600.0,1651022.0,1.153846153846154,15749252500,585974700,53583903500,17460201500,6043238600,158208800,58625332000,22552552800,87379332200
2024-11-29,52700.0,53300.0,50200.0,50600.0,1632862.0,-3.802281368821293,9207290600,811711300,46519723900,27077066400,8576572300,155408600,53739114400,21144696900,83615792200
2024-12-02,50600.0,51200.0,49900.0,50200.0,1090480.0,-0.7905138339920948,7433052100,26344800,30192141200,17271667500,4500204350,199121100,36314298600,13909581550,54923205600
2024-12-03,50800.0,54100.0,50800.0,53600.0,1923853.0,6.772908366533864,17097881200,4857183600,52491743000,27150423900,5130167200,432993700,67844587100,28189483700,101597231700
2024-12-04,52200.0,53400.0,50400.0,51300.0,2299142.0,-4.291044776119403,7127760400,707638500,77468940500,33654691600,11408265600,928134200,66097641900,40524989300,118959031000
2024-12-05,51000.0,51100.0,47200.0,47800.0,3251109.0,-6.82261208576998,17112047100,361550500,91501196300,48041737600,28878609850,2187244200,93649579200,32301098250,157016531500
2024-12-06,47850.0,48350.0,45750.0,47250.0,2221939.0,-1.1506276150627615,12563960400,725975200,48939263250,42021249350,16230331350,1409612600,68669716800,17940787450,104250448200
2024-12-09,45500.0,46500.0,44300.0,44450.0,2489295.0,-5.9259259259259265,9943360950,423446350,43131563200,59137507400,19078229600,629209750,73960429800,18968008750,112635877900
2024-12-10,44800.0,46200.0,43650.0,46000.0,2059478.0,3.487064116985377,12256841400,590065500,60193246250,19889513500,15739063650,702414950,56335120600,20153067450,92929666650
2024-12-11,46100.0,48200.0,45500.0,47550.0,1306328.0,3.369565217391304,13821273700,430764050,35036595600,12700241050,7929401300,136606200,32581465450,21341401450,61988874400
2024-12-12,48250.0,49950.0,47900.0,49650.0,1857373.0,4.416403785488959,22736018200,190266300,43073978850,25433185700,16939312950,52999200,43091414100,31349722800,91433449050
2024-12-13,50200.0,51000.0,49200.0,49900.0,1209301.0,0.5035246727089627,14571557450,424116550,36253550650,9278906900,6803663850,127231500,26978761850,26618474350,60528131550
2024-12-16,50600.0,50900.0,48600.0,49550.0,1159514.0,-0.7014028056112225,10015538750,156084650,34395105200,12862402850,5289701600,127715200,30294035600,21717679050,57429131450
2024-12-17,50500.0,50700.0,48050.0,48500.0,1248016.0,-2.119071644803229,6820449150,206865000,34761104050,19310388850,7416283750,128070650,26484799050,27069653600,61098807050
2024-12-18,48200.0,49350.0,47850.0,48450.0,870595.0,-0.10309278350515465,4741711650,52663250,20687616700,16758965300,7422829850,731758950,16714402500,17371965600,42240956900
2024-12-19,47300.0,48900.0,46950.0,48650.0,778501.0,0.41279669762641896,5865378850,210131850,17044312200,14325164050,3331085300,38326300,22505237300,11570338050,37444986950
2024-12-20,48650.0,49100.0,47800.0,48350.0,660090.0,-0.6166495375128468,5872406750,356697900,14088871250,11678488200,3750084850,153495200,17660616250,10432267800,31996464100
2024-12-23,48500.0,50100.0,48500.0,49950.0,951407.0,3.3092037228541886,10965340750,428113250,22401233450,13353149300,6072788200,4146048400,29843685000,7085315150,47147836750
2024-12-24,50200.0,50300.0,48350.0,49250.0,768216.0,-1.4014014014014013,5049450500,296999950,25597950250,6742159450,5688135150,427625600,20445452100,11125347300,37686560150
2024-12-26,49350.0,49850.0,48700.0,49350.0,640835.0,0.20304568527918782,8115567550,155913400,14131670600,9243826750,3858799250,231661450,23686456650,3870060950,31646978300
2024-12-27,49350.0,51400.0,48100.0,48750.0,1213871.0,-1.21580547112462,5436935850,42491500,37590292300,16894531500,8662320600,269425200,33381912450,17650592900,59964251150
2024-12-30,48300.0,49900.0,48250.0,49700.0,731122.0,1.948717948717949,8659722900,69315100,15955690600,11443652750,7123551100,28112650,21489459200,7487258400,36128381350
2025-01-02,49750.0,53000.0,49750.0,52100.0,1543298.0,4.82897384305835,19147743750,609341300,46067669950,14469866250,9966863800,273550300,52433697100,17620510050,80294621250
2025-01-03,52100.0,52600.0,51300.0,52000.0,843589.0,-0.19193857965451055,4563131300,817084500,30681645500,7785888700,7103623100,181221700,19156160700,17406744500,43847750000
2025-01-06,52100.0,53200.0,51500.0,52300.0,916651.0,0.576923076923077,5501584000,2347246700,31162085000,8860650400,6529715000,592731100,25425625700,15323494300,47871566100
2025-01-07,53100.0,56300.0,53000.0,55700.0,2367922.0,6.5009560229445515,19563244100,311492000,69322902600,41814488000,12530274700,356594300,101497287800,16627969900,131012126700
2025-01-08,55500.0,55600.0,54400.0,55000.0,993629.0,-1.2567324955116697,5899461300,1499761500,34332553400,12885114500,8030348000,118630900,23352871900,23115039900,54616890700
2025-01-09,54000.0,54400.0,50800.0,54100.0,2012496.0,-1.6363636363636365,12447030300,1431087100,65371925900,27182026500,15590286200,499038200,66708014300,23634731100,106432069800
2025-01-10,54300.0,55200.0,54000.0,54700.0,952589.0,1.1090573012939002,12259930100,397137600,27114340300,12224043600,7527979900,358785800,32022201100,12086484800,51995451600
2025-01-13,54300.0,55900.0,54000.0,55400.0,1097651.0,1.2797074954296161,11656440800,122430200,27148377400,21709938300,7264974900,624295000,39507045200,13240871600,60637186700
2025-01-14,55800.0,58400.0,54900.0,57400.0,2032084.0,3.6101083032490973,18360988600,289584400,53237194700,44166535600,11065701300,1128962700,76888596900,26971042400,116054303300
2025-01-15,57500.0,57500.0,56200.0,56300.0,948583.0,-1.9163763066202089,9361193200,112393600,37667144700,6728849400,10896479700,221422300,26127525700,16624153200,53869580900
2025-01-16,56900.0,57000.0,55500.0,56200.0,793015.0,-0.17761989342806395,6994757400,237851500,26763971800,10606050900,10127497300,743236800,24999101300,8732796200,44602631600
2025-01-17,55800.0,57100.0,55500.0,56700.0,660679.0,0.8896797153024912,7243225500,41102700,18513076800,11496217000,7250883200,346226600,21944988200,7751524000,37293622000
2025-01-20,56700.0,57200.0,55300.0,56000.0,694009.0,-1.2345679012345678,7359095700,61681100,24722464600,6713337600,8358207700,248724500,22377055800,7872591000,38856579000
2025-01-21,56100.0,58500.0,56100.0,57800.0,1207909.0,3.214285714285714,10205018500,342447100,35907721000,23002134800,9314662500,748020500,50642875800,8751762600,69457321400
2025-01-22,58200.0,58300.0,56500.0,57700.0,1065227.0,-0.17301038062283738,5187029800,183118400,45521425100,10203287400,14755214300,67728800,29935063600,16336854000,61094860700
2025-01-23,57600.0,58600.0,56100.0,56500.0,887769.0,-2.079722703639515,5587510300,61888500,32947738700,12183196500,10265060300,136578200,26041667900,14337027600,50780334000
2025-01-24,56900.0,59600.0,56800.0,59200.0,1603087.0,4.778761061946903,15731973300,381973300,38884228300,39191990000,7463529900,76918600,74510814400,12138902000,94190164900
2025-01-31,59600.0,59900.0,58300.0,59200.0,840667.0,0.0,7775748300,339455800,22417291900,19166351900,7271499900,197447900,20494815500,21735084600,49698847900
2025-02-03,58300.0,58400.0,56200.0,56900.0,777952.0,-3.885135135135135,3846422700,262794900,32463331100,7842318000,9990249300,247910100,21733495900,12443211400,44414866700
2025-02-04,58000.0,60700.0,57900.0,59800.0,1352416.0,5.0966608084358525,15397244000,277970000,32939625600,32275561900,5295320900,515550700,60074067800,15005462100,80890401500
2025-02-05,60400.0,61300.0,59200.0,61100.0,882387.0,2.1739130434782608,9096101900,526885900,31278217800,12300005600,5165230800,103744000,30432164100,17500072300,53201211200
2025-02-06,60800.0,73000.0,57200.0,71500.0,8837883.0,17.02127659574468,101476088900,4893201000,317679309500,162735384900,36025629800,9065348500,456154963200,85538042800,586783984300
2025-02-07,74000.0,81100.0,73700.0,79600.0,6552761.0,11.328671328671328,59198731900,5733383700,281168469300,173783575500,65312675100,3052821300,375481541900,76037122100,519884160400
2025-02-10,79900.0,81800.0,77800.0,78700.0,2566621.0,-1.1306532663316584,36485612200,2152821700,115489268900,50366086300,29643458400,2976728400,121046410900,50827191400,204493789100
2025-02-11,80000.0,80600.0,75800.0,78800.0,2582965.0,0.12706480304955528,25732714000,1887052600,128334444500,44668315400,40891920800,915869500,109703722600,49111013600,200622526500
2025-02-12,78400.0,82600.0,78100.0,81300.0,3130748.0,3.1725888324873095,38457681400,2721876300,152101132100,58056539600,33049126700,2646950400,155228222700,60412929600,251337229400
2025-02-13,80000.0,80700.0,77500.0,79900.0,2352517.0,-1.7220172201722017,37575304800,1172071200,89726046100,58354873000,47143382200,3390637300,87008767900,49285507700,186828295100
2025-02-14,80000.0,84000.0,78600.0,82900.0,3196044.0,3.754693366708386,37916608700,1666363600,161258564000,61542195900,27256086200,3260440100,171374458600,60492747300,262383732200
2025-02-17,82900.0,85900.0,81700.0,83800.0,1932283.0,1.0856453558504222,26293941900,321798500,103598329600,32355223900,25874595200,822166100,94781359100,41091173500,162569293900
2025-02-18,86800.0,91100.0,86800.0,89700.0,3861327.0,7.040572792362769,63163228900,1778419800,211272348000,68147092800,41337022100,1003898700,240613708800,61406459900,344361089500
2025-02-19,89700.0,89800.0,85100.0,85700.0,2055104.0,-4.459308807134894,19429308700,369766700,113174969800,45568861200,38945979900,1195773900,76033720000,62367432600,178542906400
2025-02-20,85100.0,88900.0,83900.0,87000.0,2101980.0,1.5169194865810969,29418006900,864475500,94798897300,57141978800,44122078600,977261700,95063093600,42060924600,182223358500
2025-02-21,86200.0,94500.0,83600.0,91000.0,4015507.0,4.597701149425287,59074915000,2713498000,233580128400,72690324700,44679519100,2596799200,260896041400,59886506400,368058866100
2025-02-24,89000.0,89900.0,84700.0,86200.0,1168781.0,-5.274725274725275,16854524600,638256800,75446523700,8553601500,17753674800,791953100,57661794700,25285484000,101492906600
2025-02-25,84800.0,90500.0,81800.0,89100.0,1535388.0,3.3642691415313224,37709716400,1335002000,62481750200,31336941800,15731329700,1632237300,74613205900,40886637500,132863410400
2025-02-26,93100.0,94300.0,85000.0,85600.0,1695145.0,-3.928170594837262,12988391100,1585327200,128580838100,6590534800,35731024600,1415992600,70310463900,42287610100,149745091200
2025-02-27,88400.0,88500.0,82200.0,82600.0,1532945.0,-3.5046728971962615,18954063800,1273721600,81486717400,27261024100,17112323200,2337803200,56280382800,53245017700,128975526900
2025-02-28,81900.0,84500.0,78200.0,78200.0,1679929.0,-5.326876513317192,18416277400,1233431100,72341535100,43242502900,17981609000,1609641700,57714955800,57927540000,135233746500
2025-03-04,82600.0,87500.0,81500.0,86700.0,1820289.0,10.869565217391305,29143725800,2679058900,86439432100,37757920700,27875043450,558288800,107763993850,19822811400,156020137500
2025-03-05,85800.0,88700.0,83800.0,87400.0,1148048.0,0.8073817762399077,18043520850,1610820800,54405806300,25197640050,12015200650,98054300,55328662950,31815870100,99257788000
2025-03-06,89500.0,90600.0,87000.0,88800.0,1046989.0,1.6018306636155606,18476866150,819893500,49823667850,23931391050,12066602500,705556500,50005254200,30274405350,93051818550
2025-03-07,88100.0,90800.0,86500.0,89700.0,1009113.0,1.0135135135135136,23261012800,1802161350,53119929100,12258478950,8571363950,212235500,53582870800,28075111950,90441582200
2025-03-10,93000.0,94300.0,89200.0,92300.0,1501877.0,2.898550724637681,21631828100,3531510250,95672241450,17371144700,22857643850,1323561250,87254807450,26770711950,138206724500
2025-03-11,88800.0,93000.0,88400.0,92200.0,1264062.0,-0.10834236186348861,29043394700,1267815100,76613939500,8352236850,17112221450,1658685300,60820371950,35686107450,115277386150
2025-03-12,95000.0,102500.0,92500.0,94300.0,5182304.0,2.27765726681128,52704230750,3132084250,264740505450,186521954000,76015418000,2830429100,315118597450,113134329900,507098774450
2025-03-13,96700.0,104800.0,96500.0,104000.0,4785074.0,10.286320254506894,84014737350,3525105300,245392937050,157583720550,70677442550,3928844300,326154756500,89755456900,490516500250
2025-03-14,102400.0,103900.0,99500.0,101600.0,1840362.0,-2.307692307692308,36373452000,1093172700,110605126900,39589660500,26308473650,609758550,86986471600,73756708300,187661412100
2025-03-17,103700.0,109300.0,102200.0,109000.0,2334779.0,7.283464566929133,64217485600,1345151750,114078876300,68796662300,40721287250,2214657900,145826854200,59675376600,248438175950
2025-03-18,109000.0,110900.0,105100.0,110900.0,1842642.0,1.743119266055046,45547608450,830725100,108973643500,42920865750,32086295600,688523800,93062453750,72435569650,198272842800
2025-03-19,112800.0,116800.0,110000.0,112500.0,2273077.0,1.4427412082957618,40778090000,1251265400,141544868100,73375469000,52678276100,1682444500,127916823650,74672148250,256949692500
2025-03-20,110100.0,111300.0,106100.0,108500.0,2205811.0,-3.5555555555555554,55905440900,2466902350,120720689200,60106046700,48308054500,2451851800,123138886200,65300286650,239199079150
2025-03-21,103500.0,113000.0,103500.0,111500.0,2431663.0,2.7649769585253456,61810437200,3076203900,132549561200,68669888100,47879601500,2583512900,153686164300,61956811700,266106090400
2025-03-24,112900.0,116000.0,111700.0,115700.0,1240235.0,3.766816143497758,57643844600,437088400,51469768150,32266425350,31439326100,1358410350,72832401450,36186988600,141817126500
2025-03-25,115800.0,115800.0,104500.0,105500.0,1973856.0,-8.815903197925671,53783250850,739400650,117542222050,41876237350,66410654550,1045256200,84473581950,62011618200,213941110900
2025-03-26,106200.0,107500.0,101200.0,106000.0,1436490.0,0.47393364928909953,37401634650,1101436400,62154061650,49400962500,35033030350,2425589100,77173833400,35425642350,150058095200
2025-03-27,107100.0,109300.0,102500.0,103400.0,747421.0,-2.4528301886792456,18456670350,428653050,34266219250,25139794450,20949813800,585819550,36630047250,20125656500,78291337100
2025-03-28,103900.0,104400.0,100200.0,101700.0,812223.0,-1.6441005802707929,19144893300,294553700,35941226650,27389187200,16276296500,111498900,46092059400,20290006050,82769860850
2025-03-31,99300.0,106200.0,99300.0,105000.0,1347699.0,3.2448377581120944,36431850700,880100000,61616031950,41232899500,25522492900,462749400,60873016450,53302623400,140160882150
2025-04-01,106500.0,107700.0,105200.0,105900.0,957686.0,0.8571428571428572,28215666200,1226152250,56470135500,15989780150,22685379600,203300600,30127343400,48885710500,101901734100
2025-04-02,106900.0,107200.0,97200.0,99000.0,1845907.0,-6.515580736543909,40435487550,648180850,96568781500,48776976000,74280327600,361637900,70230915700,41556544700,186429425900
2025-04-03,96400.0,101500.0,95600.0,100700.0,1176346.0,1.7171717171717171,38528063800,385183700,44751954550,33566192050,30004349200,399989300,49957047000,36870008600,117231394100
2025-04-04,100100.0,100900.0,95100.0,98800.0,1370652.0,-1.8867924528301887,30276495850,474100650,61828454500,41796964400,37737066450,422267600,57435153050,38781528300,134376015400
2025-04-07,94000.0,94100.0,88700.0,90400.0,1537489.0,-8.502024291497975,30666727100,1038794350,60381562900,47620858500,37960906900,472081500,62736620350,38538334100,139707942850
2025-04-08,93900.0,94700.0,90000.0,91600.0,1081196.0,1.3274336283185841,23376113950,485696200,43930990250,31794454100,21703828550,611981550,34783305000,42488139400,99587254500
2025-04-09,92500.0,94800.0,90300.0,91900.0,1132438.0,0.32751091703056767,29480719100,862440450,38680985950,35446367400,23844107900,105662300,39555551750,40965190950,104470512900
2025-04-10,98600.0,101300.0,96800.0,99000.0,1619553.0,7.725788900979326,38262614900,2263464800,47367658800,73111691050,37809818100,339292100,66719984150,56136335200,161005429550
2025-04-11,98000.0,102500.0,98000.0,101900.0,940425.0,2.9292929292929295,29842469100,324604050,36862636300,27911887350,19365875650,414603800,37812607050,37348510300,94941596800
2025-04-14,104700.0,105100.0,101800.0,104400.0,1023232.0,2.4533856722276743,28991459600,1504906000,36778587750,38921862350,26497359100,491490050,33562464700,45645501850,106196815700
2025-04-15,105500.0,106300.0,103100.0,104800.0,792142.0,0.38314176245210724,27510966350,2486697950,31411340800,21544656100,20720233050,338188450,29666145700,32229094000,82953661200
2025-04-16,105500.0,109500.0,103800.0,105600.0,1147808.0,0.7633587786259541,36856657400,847654600,50953017350,34189602300,20885161000,1762629900,52788276500,47410864250,122846931650
2025-04-17,106700.0,116800.0,106600.0,114900.0,1912310.0,8.806818181818182,45787327200,1019024850,83769559000,83387135750,31062569150,991113500,123754902600,58154461550,213963046800
2025-04-18,115800.0,118400.0,114000.0,114700.0,1266426.0,-0.17406440382941687,29296440700,1064965200,72762317150,43785656300,27487476250,1324420900,70751304950,47346177250,146909379350
2025-04-21,118000.0,118000.0,111500.0,113000.0,924144.0,-1.4821272885789014,23052494850,146049000,62588934450,19653912246,33168316950,587108750,39004531650,32681433196,105441390546
2025-04-22,112500.0,116800.0,112000.0,116800.0,958302.0,3.3628318584070795,35745615950,468606600,34753456400,39537997900,17260099900,435471500,52665376950,40144728500,110505676850
2025-04-23,117500.0,117500.0,110700.0,111500.0,1366494.0,-4.537671232876712,30432055750,1202910700,102923962550,20600961350,44624410750,1165132150,48327938750,61042408700,155159890350
2025-04-24,111600.0,112600.0,106800.0,109800.0,1186038.0,-1.5246636771300448,23490381500,835801650,66128331250,39188954150,50032218100,1407835900,44956282800,33247131750,129643468550
2025-04-25,111100.0,114400.0,109500.0,113700.0,981508.0,3.551912568306011,30261138450,482374200,35174305750,44386526500,19264402700,530639900,53876419050,36632883250,110304344900
2025-04-28,113400.0,113400.0,108900.0,112000.0,1138465.0,-1.4951627088830255,24181356500,718118050,65833219400,35544903650,41483975650,784639850,40583823500,43425158600,126277597600
2025-04-29,110800.0,110800.0,107000.0,109200.0,863674.0,-2.5,18158324550,787568500,41795790550,32935154700,40124246900,249141900,31388602200,21914847300,93676838300
2025-04-30,109200.0,115900.0,107700.0,112200.0,1919407.0,2.7472527472527473,46595153600,1632945100,108136248000,59313762500,45650773050,1145765350,114717478750,54164092050,215678109200
2025-05-02,110100.0,114000.0,108700.0,111500.0,827535.0,-0.6238859180035651,30165307400,596391550,33600905650,28139796000,16247692750,180552300,36813405050,39260750500,92502400600
2025-05-07,114800.0,118400.0,114000.0,118300.0,1509210.0,6.098654708520179,41696605450,448083400,66646528850,66925032350,29387205550,919544600,115364911300,30044588600,175716250050
2025-05-08,117200.0,118700.0,114400.0,116300.0,1503830.0,-1.69061707523246,54055894700,1267499300,82040397900,37656716850,65812318150,436021100,53197141500,55575028000,175020508750
2025-05-09,118800.0,127600.0,118100.0,125400.0,2292983.0,7.824591573516767,62938865850,1736323200,108408641950,110654926350,50290993500,3047150900,181753893550,48646719400,283738757350
2025-05-12,122000.0,122100.0,106100.0,108300.0,2812956.0,-13.636363636363635,36016446900,3461994950,261078836400,19712234150,57863050600,983282150,159693903250,101729276400,320269512400
2025-05-13,104300.0,108300.0,101000.0,106600.0,1798218.0,-1.569713758079409,31337542250,3585550150,126732500800,26623078400,36299847500,1699744400,89904461400,60374618300,188278671600
2025-05-14,105700.0,110800.0,105700.0,107600.0,1114314.0,0.9380863039399625,24622111650,1603504500,76261598500,18509703150,16671751800,695362750,57802335300,45827467950,120996917800
2025-05-15,108700.0,114800.0,103300.0,111300.0,2032726.0,3.4386617100371746,37583073450,3619427650,141968487800,36941341800,44445606550,1757108700,122089631050,51819984400,220112330700
2025-05-16,114500.0,116600.0,111600.0,113900.0,1183926.0,2.336028751123091,20108181750,1353223050,82681889600,30184145400,27266040950,892729300,68911604800,37257064750,134327439800
2025-05-19,111800.0,114100.0,108100.0,109000.0,838060.0,-4.302019315188762,12391316550,893009300,66271810200,12741900400,23842306400,867064300,44797349700,22791316050,92298036450
2025-05-20,109600.0,116800.0,109500.0,113700.0,1149918.0,4.3119266055045875,27287122300,3005566750,67205363150,32870067750,20562262000,2190185300,97666773700,9948898950,130368119950
2025-05-21,116100.0,120600.0,114800.0,119600.0,1411119.0,5.189094107299912,39519409100,1871037400,86742144650,39941414050,21572990550,1730901400,137180680650,7589432600,168074005200
2025-05-22,118700.0,122000.0,116200.0,120800.0,948524.0,1.0033444816053512,21865689350,1075278800,62913127950,27490229200,26343604400,1455653300,68537446300,17007621300,113344325300
2025-05-23,120900.0,125500.0,117800.0,125400.0,1229818.0,3.80794701986755,18512626150,2279929550,84791054600,46410809500,25884121550,1218813100,108100515000,16790970150,151994419800
2025-05-26,135200.0,142300.0,133900.0,136600.0,3272962.0,8.931419457735247,61456022550,1873775200,116684856850,270921056700,81366860550,7434372200,238837496250,123296982300,450935711300
2025-05-27,139700.0,141700.0,136600.0,141200.0,1185759.0,3.3674963396778916,40945045200,551077100,59269294800,65340649500,40833960850,1214460100,74492914150,49564731500,166106066600
2025-05-28,142600.0,145800.0,136000.0,139300.0,1883965.0,-1.3456090651558072,54160522050,1384727000,75638660700,133930700450,63760185300,4350672650,101481523850,95522228400,265114610200
2025-05-29,142300.0,147700.0,139800.0,145400.0,1231340.0,4.379038047379756,57800089700,5596403900,60305252850,53757479700,30188366600,701800900,78522213050,68046845600,177459226150
2025-05-30,146700.0,150500.0,143300.0,146400.0,2072980.0,0.6877579092159559,52758660950,1350752600,71651905350,178896320900,68786327500,1994824650,80283694150,153592793500,304657639800
2025-06-02,149600.0,155200.0,147300.0,152000.0,1311533.0,3.825136612021858,46581829200,1586602700,79282841500,72353512400,45204548050,1157960350,80151615550,73290661850,199804785800
2025-06-04,154000.0,156100.0,149800.0,156100.0,1001543.0,2.697368421052632,35360931450,687164850,42972978650,75038541250,40617829450,1197582000,69612324250,42631880500,154059616200
2025-06-05,157400.0,158100.0,150200.0,155500.0,1014694.0,-0.38436899423446513,40536291750,1630065000,73102643350,41797464000,49896695550,737174950,51863736700,54568856900,157066464100
2025-06-09,154000.0,155400.0,148700.0,153400.0,1073051.0,-1.35048231511254,29366547000,1301365550,63665471450,69122650350,48257045600,1448425900,62437580650,51312982200,163456034350
2025-06-10,159500.0,169300.0,158000.0,168300.0,1884303.0,9.713168187744458,61614123450,2014817200,133680421850,113750422850,67224766350,5644712050,172592882750,65597424200,311059785350
2025-06-11,176800.0,178000.0,168000.0,170900.0,1621865.0,1.5448603683897801,48088050800,2781635800,176257620100,51639833900,68689782500,1269015850,103352679950,105455662300,278767140600
2025-06-12,173200.0,179700.0,173000.0,179700.0,1475368.0,5.149210064365126,80216381450,1161136500,111222761300,68739004100,76882055100,1065228000,118936058550,64455941700,261339283350
2025-06-13,183300.0,190500.0,178600.0,186800.0,2117509.0,3.951029493600445,87268284750,3881544300,210229253100,91310920650,121137111350,1348626950,174294647300,95909617200,392690002800
2025-06-16,193200.0,198650.0,188100.0,198600.0,1507235.0,6.316916488222699,58091546000,1526468750,137287630600,97690791950,65429150400,1854606850,139354700150,87957979900,294596437300
2025-06-17,195600.0,202000.0,191700.0,198000.0,1481919.0,-0.3021148036253776,52616057950,1313163250,147337501250,90028693350,70045096950,1359714800,123199953350,96690650700,291295415800
2025-06-18,201000.0,204000.0,195600.0,196500.0,1081241.0,-0.7575757575757576,45520382850,1121076650,95159384450,73362587450,48651870950,1290563000,77109576600,88111420850,215163431400
2025-06-19,196600.0,213000.0,193500.0,212000.0,1562014.0,7.888040712468193,77942064350,1489592100,133820067100,105240250400,45695023450,2608203650,188619822950,81568923900,318491973950
2025-06-20,219000.0,220000.0,204500.0,212000.0,2063225.0,0.0,28396529750,1639128500,166363767500,240359092750,56391923500,757095000,77746314250,301863185750,436758518500
2025-06-23,219000.0,220500.0,207500.0,214000.0,1088655.0,0.9433962264150944,25007716250,1413612000,123478080250,81466483000,66210248750,2642710250,73646685250,88866247250,231365891500
2025-06-24,201500.0,206000.0,196900.0,200000.0,1683634.0,-6.5420560747663545,41174160250,3724900000,165737181700,128053709900,82019058350,2513555100,119903525050,134253813350,338689951850
2025-06-25,198900.0,202000.0,190500.0,191800.0,1551571.0,-4.1000000000000005,44730612700,2370106500,127213930000,125295542250,81984330200,3365187200,120614356600,93646317450,299610191450
2025-06-26,195500.0,202000.0,190000.0,196700.0,1550510.0,2.5547445255474455,51777820500,7297340600,138806766950,105046263650,57436595100,1491997200,122932500800,121067098600,302928191700
2025-06-27,201000.0,209500.0,197200.0,201000.0,1203275.0,2.186070157600407,46125699850,1576092450,130943442950,66854320050,30954917700,2777304900,141589599700,70177733000,245499555300
2025-06-30,199000.0,202500.0,195000.0,196500.0,804130.0,-2.2388059701492535,45861029650,1230038500,65774139350,46978303750,30058055300,1168744550,59694566150,68922145250,159843511250
2025-07-01,197900.0,206500.0,197000.0,201000.0,823076.0,2.2900763358778624,38229158100,1334171100,57040428650,69665224750,23597949600,2275334250,88932723450,51462975300,166268982600
2025-07-02,205000.0,206000.0,192500.0,203000.0,1441540.0,0.9950248756218906,45535008250,4372852050,166142767550,69730383600,70564819500,2289097450,83970985900,128956108600,285781011450
2025-07-03,216000.0,216500.0,196100.0,196100.0,2535007.0,-3.399014778325123,59940003850,5968785150,369184196050,77366749750,149276084450,2227953700,167215484450,193740212200,512459734800
2025-07-04,196000.0,199300.0,179600.0,180600.0,2642819.0,-7.90413054563998,75719346200,6872409850,286254211850,120045039650,115553766200,3148432950,226027200200,144161608200,488891007550
2025-07-07,173500.0,187700.0,173200.0,184500.0,1548291.0,2.1594684385382057,52598679550,2224734800,122421679800,106363916450,59886059800,1723420350,162419455600,59580074850,283609010600
2025-07-08,184500.0,186000.0,181200.0,184400.0,1122588.0,-0.05420054200542006,40302201400,1791580700,93066183400,71097254750,58683886950,650029800,83037504900,63885798600,206257220250
2025-07-09,187200.0,197700.0,186800.0,195700.0,1643150.0,6.127982646420825,66975034650,1663386200,149215881450,99545112500,56081290550,2267235900,194768165050,64282723300,317399414800
2025-07-10,194200.0,198300.0,192100.0,193900.0,877196.0,-0.9197751660705161,55231731700,1792681300,78368463850,35821596800,54252118350,1064144750,78816884200,37081326350,171214473650
2025-07-11,193900.0,193900.0,184700.0,184800.0,1160036.0,-4.693140794223827,38608470250,3510606900,137704824900,37319264850,69464719950,1677936200,79765048100,66235462650,217143166900
2025-07-14,187000.0,193200.0,187000.0,191000.0,927664.0,3.354978354978355,37048281950,2706452550,70452594150,66747434900,41184561900,2943403700,118554152600,14272645350,176954763550
2025-07-15,190400.0,194500.0,189600.0,193600.0,827183.0,1.3612565445026177,38337265300,2493112700,64567412650,53945069900,42208638100,1539209300,83544402900,32050610250,159342860550
2025-07-16,191800.0,194500.0,189800.0,192500.0,516928.0,-0.5681818181818182,20009069950,921340050,43460022450,35052307400,27886918250,576796500,51201744550,19777280550,99442739850
2025-07-17,192600.0,198000.0,191000.0,197600.0,1017666.0,2.6493506493506493,42522741100,2043485050,80657917400,73858538150,35510365200,2267173600,132312456600,28992686300,199082681700
2025-07-18,197400.0,197400.0,192300.0,194300.0,569612.0,-1.6700404858299596,21360622700,1020014300,64802470750,23089890750,27397166700,597877650,37203463600,45074490550,110272998500
2025-07-21,194000.0,199800.0,193900.0,199800.0,726631.0,2.83067421513124,35461650050,1123890950,38686245650,68931815700,29714625200,987955400,102277709850,11223311900,144203602350
2025-07-22,200000.0,200000.0,190100.0,193100.0,714889.0,-3.3533533533533535,34137293150,720609450,79155534750,25443734800,44519705850,1203005300,46168890700,47565570300,139457172150
2025-07-23,195100.0,195100.0,189600.0,192500.0,545609.0,-0.31071983428275507,29878943550,1279797450,44044840250,29547087350,35965188300,765836600,32091877350,35927766350,104750668600
2025-07-24,193100.0,196100.0,187600.0,189100.0,800548.0,-1.7662337662337664,25899609050,2191601350,76902302650,48446164350,37635813450,422265000,49463608100,65917990850,153439677400
2025-07-25,189900.0,196700.0,189400.0,196700.0,870838.0,4.019037546271814,46333433300,186449000,35631049700,87839292700,27114739750,1933237200,133109670900,7832576850,169990224700
2025-07-28,196500.0,197800.0,192400.0,194600.0,520646.0,-1.0676156583629894,33686200100,796304150,50720455350,15817671900,33210431650,4121635000,31757603650,31930961200,101020631500
2025-07-29,193000.0,206500.0,189700.0,206000.0,1318292.0,5.858170606372045,84849162200,4111859800,86456664400,88450983300,37178902350,2188527800,182562708750,41938530800,263868669700
2025-07-30,202500.0,202500.0,195800.0,198500.0,807574.0,-3.640776699029126,34657124100,2676141900,90755872450,32333412900,31955529100,1079025250,56165228650,71222768350,160422551350
2025-07-31,198500.0,203500.0,196300.0,202000.0,607991.0,1.7632241813602016,29703914500,1079771050,49894647350,41273179150,28926102800,2572535650,66751737800,23701135800,121951512050
2025-08-01,199200.0,201500.0,188800.0,194000.0,900727.0,-3.9603960396039604,42431036850,2297276350,92171914400,36890696450,54468186450,1729288350,49524994450,68068454800,173790924050
2025-08-04,196000.0,202000.0,191500.0,200000.0,886886.0,3.0927835051546393,50400860250,1534922900,67586372800,56460141400,36025653250,2082542450,103207197000,34666904650,175982297350
2025-08-05,203000.0,207500.0,194100.0,201000.0,1433856.0,0.5,73021120050,3481131850,147885730850,61632219200,65449997500,3707190450,133399000200,83464013800,286020201950
2025-08-06,203000.0,203000.0,191700.0,197400.0,1326751.0,-1.791044776119403,41586409550,3233446100,158676940900,56195446800,54294132500,2693032650,73299219550,129405858650,259692243350
2025-08-07,195700.0,198300.0,192500.0,192900.0,825713.0,-2.2796352583586628,26735156000,1573090800,104388076450,27887969050,30080729400,1339894800,53043855700,76119812400,160584292300
2025-08-08,188600.0,188700.0,179700.0,183500.0,1521033.0,-4.872991187143598,65450163200,2484506700,146452847200,64723161250,69319139400,1669698950,113400875350,94720964650,279110678350
2025-08-11,179900.0,183900.0,177600.0,181100.0,1134065.0,-1.3079019073569482,39212771700,1795445350,69934978300,93476932800,47617983650,778577600,67742811600,88280755300,204420128150
2025-08-12,182700.0,183600.0,178100.0,178300.0,702973.0,-1.5461071231363888,24370625200,1173815400,57883057800,43284184650,24731962450,569011300,46491051900,54919657400,126711683050
2025-08-13,179000.0,181400.0,172100.0,181100.0,1036217.0,1.5703869882220975,45083367450,1143699900,57487201400,80262998600,29881121650,1183680900,90709708550,62202756250,183977267350
2025-08-14,180200.0,181700.0,177800.0,179700.0,620655.0,-0.7730535615681944,38162645850,115247600,32481842050,41104733700,33501973850,95395600,26340051850,51927047900,111864469200
2025-08-18,179000.0,180800.0,176200.0,178900.0,587266.0,-0.4451864218141347,25043777150,126255400,30686164250,49144925650,15062553650,256707650,35128396950,54553464200,105001122450
2025-08-19,177100.0,180300.0,172800.0,174200.0,795282.0,-2.627166014533259,24095956250,469707800,40198667200,74363624900,27364196550,1055569100,60892275000,49815915500,139127956150
2025-08-20,167100.0,171700.0,165000.0,170700.0,866251.0,-2.009184845005741,34540612800,1062099600,46931707250,62951061900,29298523000,1234154600,75557218300,39395585650,145485481550
2025-08-21,174100.0,177300.0,173300.0,173800.0,522000.0,1.8160515524311658,23689602450,744944000,34362413600,32630783050,19526822900,400938800,37679070150,33820911250,91427743100
2025-08-22,176200.0,183700.0,176100.0,181000.0,880581.0,4.1426927502876865,57885086750,1266695300,53364705250,47766530000,24158948450,985694350,97357166200,37781208300,160283017300
2025-08-25,184000.0,184800.0,181200.0,183100.0,433510.0,1.1602209944751383,26358020250,530561550,26478915750,25848278900,12661066600,627628800,33016823850,32910257200,79215776450
2025-08-26,182100.0,184900.0,179700.0,183700.0,520188.0,0.3276897870016384,29610871050,189099100,24852584000,40396165400,15088749450,271178200,34463168500,45225623400,95048719550
2025-08-27,183200.0,184700.0,179100.0,182000.0,422062.0,-0.9254218835057159,15736348150,488317300,33701044400,26334859350,18533215900,352715000,27497038350,29877599950,76260569200
2025-08-28,180500.0,189800.0,180500.0,187800.0,893406.0,3.1868131868131866,63270421850,1815098000,49910877400,52587236600,26074663750,355347050,106539849550,34613773500,167583633850
2025-08-29,189300.0,195200.0,187800.0,192100.0,1112545.0,2.2896698615548456,87056981350,2531786200,60297433350,64474920750,31486696850,2378305550,124852761500,55643357750,214361121650
2025-09-01,195300.0,197300.0,191300.0,192000.0,644094.0,-0.052056220718375845,31058807750,382170050,38309206600,55089209900,24498061300,376028050,49255465250,50709839700,124839394300
2025-09-02,194000.0,199000.0,189200.0,198800.0,1032352.0,3.5416666666666665,70575877800,566680150,48766524200,82418561900,27090039250,1257211700,130634726100,43345667000,202327644050
2025-09-03,199900.0,207500.0,199000.0,203500.0,927694.0,2.3641851106639837,53897013950,2323380250,62533553750,70703257300,23537488850,1202872150,130662280700,34054563550,189457205250
2025-09-04,202500.0,206500.0,201500.0,204500.0,543745.0,0.4914004914004914,38043008750,940437500,18120304000,53820924890,16886653750,1747217500,71585565250,20705238640,110924675140
2025-09-05,204500.0,205500.0,200500.0,205000.0,473609.0,0.24449877750611246,28887032000,499110500,22861665750,44146783500,21316808250,341762500,50703749750,24032271250,96394591750
2025-09-08,204500.0,212500.0,200000.0,210500.0,787674.0,2.682926829268293,37210022000,8130778000,44823775750,73187750250,14736788750,2087383500,106619774750,39908379000,163352326000
2025-09-09,211000.0,211000.0,205000.0,207500.0,488618.0,-1.4251781472684086,26592925500,446979000,33415791250,41372213000,18517011500,761327750,39409645750,43139923750,101827908750
2025-09-10,207000.0,211000.0,205500.0,208500.0,502896.0,0.48192771084337355,25534607750,2996834000,35861808500,40252150000,26336918250,6983422250,43025358500,28299701250,104645400250
2025-09-11,210000.0,216000.0,210000.0,212500.0,875528.0,1.9184652278177456,62792611000,2770893250,52251340250,69315454000,59667459750,1093144750,95279463000,31090231000,187130298500
2025-09-12,215000.0,215500.0,210000.0,215000.0,457236.0,1.1764705882352942,21231000000,337347500,27906642500,48251825000,23241390500,768568250,53374512000,20342344250,97726815000
2025-09-15,214500.0,220500.0,213000.0,215000.0,472517.0,0.0,31393154250,481125500,33373194750,36778085500,28017105500,921720500,45192869500,27893864500,102025560000
2025-09-16,216500.0,223750.0,215500.0,223000.0,768916.0,3.7209302325581395,49688840250,599364000,47305881500,72518934000,35218619500,2557148000,102999906750,29337345500,170113019750
2025-09-17,221000.0,221000.0,209000.0,211500.0,810761.0,-5.15695067264574,32968726250,789347500,88659986750,51119275750,32411509000,538075000,50944206000,89643546250,173537336250
2025-09-18,214000.0,215500.0,208000.0,211000.0,536567.0,-0.2364066193853428,34734437500,1096769750,36540781000,40853256000,31188370250,597521500,40336587500,41102765000,113225244250
2025-09-19,218000.0,230000.0,216500.0,230000.0,2629924.0,9.004739336492891,49303008750,1610112000,92335228000,455879477294,35824149250,2275406000,189897130250,371131140544,599127826044
2025-09-22,227000.0,227500.0,217500.0,221000.0,931169.0,-3.91304347826087,27655155500,1361387500,105882136750,70273452000,40719698500,8957583750,34120975000,121373874500,205172131750
2025-09-23,221500.0,228500.0,219500.0,223500.0,539344.0,1.1312217194570136,20725115000,731675500,39357395000,60372211500,21944141500,410196250,55570483750,43261575500,121186397000
2025-09-24,223500.0,233500.0,223500.0,228000.0,809291.0,2.013422818791946,55388037750,928933250,57457432500,71671865250,25066674500,903800500,93746378500,65729415250,185446268750
2025-09-25,230000.0,230500.0,218000.0,218500.0,596061.0,-4.166666666666666,16152040500,834675000,88623464250,27199841750,32776829000,1051213250,45506364500,53475614750,132810021500
2025-09-26,218500.0,220500.0,209500.0,212500.0,527409.0,-2.745995423340961,14093620250,2371580750,63168283500,33261325750,19689668250,2830213750,42231097000,48143831250,112894810250
2025-09-29,214500.0,218000.0,214000.0,215500.0,343398.0,1.411764705882353,18762358000,565090000,17217837250,37563100000,15377071250,242111500,32470452000,26018750500,74108385250
2025-09-30,216500.0,226500.0,216000.0,219000.0,793840.0,1.6241299303944314,28046710000,1589426000,54567860750,92061981250,23242451500,567723000,74099579250,78356224250,176265978000
2025-10-01,220500.0,224500.0,218000.0,222500.0,469680.0,1.5981735159817352,21082945250,137386250,25523711000,57054909250,24350746500,690342750,35729303750,43028558750,103798951750
2025-10-02,223500.0,228000.0,218000.0,226000.0,917380.0,1.5730337078651686,55106667750,1213643250,41683044500,107888737736,56476450250,442630750,86571926750,62401085486,205892093236
2025-10-10,226000.0,231000.0,216500.0,220000.0,975343.0,-2.6548672566371683,18320615000,1124549000,59292208250,136103388250,30779619750,3892712000,46751097250,133417331500,214840760500
2025-10-13,217500.0,220000.0,208500.0,210000.0,633676.0,-4.545454545454546,17783952250,994197500,69721360500,46025324750,35494634500,1256061000,36256720500,61517419000,134524835000
2025-10-14,208000.0,211500.0,200500.0,202000.0,738072.0,-3.8095238095238098,17731677750,1794214250,63782663250,67910956750,45948147250,163898500,37389400500,67718065750,151219512000
2025-10-15,207000.0,214500.0,206500.0,213500.0,547346.0,5.693069306930694,27706277750,539864500,24364972250,63611991250,13388389750,928016500,56464796250,45441903250,116223105750
2025-10-16,213500.0,214000.0,204500.0,207000.0,769928.0,-3.0444964871194378,20747637500,1602757500,87607595750,49482367000,41151767750,8791214750,33326574750,76170800500,159440357750
2025-10-17,206000.0,209500.0,201500.0,201500.0,538590.0,-2.657004830917874,16899011250,1157546000,49283057750,42179829500,30154241250,1114116500,45050747250,33200339500,109519444500
2025-10-20,205500.0,214000.0,203500.0,211000.0,629224.0,4.714640198511166,47959744750,1459949500,40297458500,42919848750,18952651500,1809364000,77937073250,33937912750,132637001500
2025-10-21,216000.0,216000.0,210500.0,211500.0,415133.0,0.23696682464454977,29789149500,1586255000,40384498500,16426986250,17867484500,932087000,34753865750,34633452000,88186889250
2025-10-22,216000.0,236000.0,216000.0,234500.0,1505262.0,10.874704491725769,50549083500,6894804500,96661785750,186718346250,31754142250,5901052250,250214209500,52954616000,340824020000
2025-10-23,230500.0,249500.0,227500.0,241500.0,1674081.0,2.9850746268656714,53095214500,2458479500,153481558500,198596111250,67600725250,3688650750,221911983250,114430004500,407631363750
2025-10-24,241000.0,241000.0,231000.0,234500.0,831412.0,-2.898550724637681,34677686250,1471712250,108555361000,50919933000,33451315250,328981500,66800056000,95044339750,195624692500
2025-10-27,235000.0,237500.0,231500.0,234000.0,612119.0,-0.21321961620469082,25218752000,6514328000,54021386500,57842367250,31427076250,6517697250,37969042750,67683017500,143596833750
2025-10-28,241000.0,244000.0,234000.0,238000.0,626442.0,1.7094017094017095,19699509000,2183219250,58697446750,68412409750,23230598250,4100374000,59118404750,62543207750,148992584750
2025-10-29,239000.0,242500.0,227500.0,230500.0,676900.0,-3.1512605042016806,33337267000,740548000,78565963500,45013305500,43933952750,6174556000,42321483250,65227092000,157657084000
2025-10-30,231000.0,234000.0,227000.0,231500.0,571881.0,0.43383947939262474,28443243750,863909250,51096130250,51729981750,62456807500,459832500,28933194250,40283430750,132133265000
2025-10-31,228000.0,238000.0,226500.0,230500.0,446235.0,-0.4319654427645789,27693158250,652009750,33710932750,41833752500,18357390000,334494500,48560903000,36637065750,103889853250
2025-11-03,231000.0,248000.0,229000.0,244500.0,1171650.0,6.073752711496746,74486808000,5303192250,98120725000,103224909750,41538562000,2417139500,151166515250,86013418250,281135635000
2025-11-04,238000.0,241000.0,229000.0,230000.0,1051336.0,-5.930470347648262,27045102250,1967721750,138609275500,76311054500,67245651250,1860590250,44830564000,129996348500,243933154000
2025-11-05,229500.0,231000.0,209500.0,214500.0,1185322.0,-6.739130434782608,57850480750,1617198250,95430083000,101399378500,67515420750,3705976500,85900626750,99175116500,256297140500
2025-11-06,219500.0,221000.0,209000.0,212000.0,525094.0,-1.1655011655011656,27621018750,705655500,44866750250,38786671750,42843783500,156739500,26833808000,42145765250,111980096250
2025-11-07,201000.0,205500.0,194200.0,198700.0,1218095.0,-6.273584905660377,48834999900,2283877500,130629195850,60117086750,67037962000,1744508550,86448634400,86634055050,241865160000
2025-11-10,202500.0,211000.0,200500.0,208000.0,547704.0,4.680422747861098,23939460500,1422233500,39636392000,48258390750,17603811000,716344750,42995788500,51940532500,113256476750
2025-11-11,210500.0,210500.0,195700.0,196700.0,927317.0,-5.4326923076923075,22626312800,1117857850,116142507100,46006444850,72884467500,1629033050,39766396250,71613225800,185893122600
2025-11-12,200000.0,203000.0,193500.0,195900.0,749923.0,-0.4067107269954245,18690887150,519880850,71501340100,56870016600,59968208750,406304100,32766689800,54440922050,147582124700
2025-11-13,195800.0,197800.0,191000.0,195500.0,613098.0,-0.20418580908626852,27486462650,315031150,38361762650,53826187450,51842588400,223259400,32535615500,35387980600,119989443900
2025-11-14,193700.0,204000.0,192600.0,196700.0,574253.0,0.6138107416879796,25453050750,1259573000,43278068000,44119688400,23944926800,921688900,48561676450,40682088000,114110380150
2025-11-17,199000.0,199100.0,194500.0,196800.0,399059.0,0.05083884087442806,11422347350,720291950,43290706300,22801709400,28976893200,94786150,15644939200,33518436450,78235055000
2025-11-18,199200.0,200500.0,184300.0,187300.0,820713.0,-4.8272357723577235,23431367200,997468150,96837618700,35121880150,43817300050,1919461500,48000899650,62650673000,156388334200
2025-11-19,189600.0,191200.0,181100.0,186800.0,479905.0,-0.2669514148424987,31436272550,198027500,26455830450,31280600800,20565743600,198253800,32073258400,36533475500,89370731300
2025-11-20,187300.0,192000.0,187300.0,190000.0,494914.0,1.7130620985010707,20619433900,914493100,24271532250,48212541550,35960386800,1795147800,37892189600,18370276600,94018000800
2025-11-21,186000.0,186300.0,181700.0,182800.0,379598.0,-3.7894736842105265,17565651450,103381600,23223326650,28784816600,27100047250,717357600,20371692200,21488079250,69677176300
2025-11-24,183000.0,183700.0,165400.0,175000.0,1464343.0,-4.266958424507659,51305162600,2047503150,82836925050,116753387150,78011559150,2469020950,78803858200,93658539650,252942977950
2025-11-25,176700.0,179100.0,175000.0,177200.0,616585.0,1.2571428571428571,18208690250,1527790800,23800795800,65496338350,40894296800,964670200,37023321700,30151326500,109033615200
2025-11-26,177800.0,181800.0,177300.0,179400.0,452494.0,1.2415349887133182,18596643200,171318200,22093008200,40402302300,29056729800,2759401300,26244338450,23202802350,81263271900
2025-11-27,182400.0,184300.0,178400.0,179200.0,396109.0,-0.11148272017837235,21541749650,154011050,20451670050,29673431150,16707014750,889634600,21102219250,33121993300,71820861900
2025-11-28,179300.0,179900.0,173600.0,175700.0,595501.0,-1.953125,18375084750,177267800,32675276500,53129738500,37502572600,806548300,18415074800,47633171850,104357367550
2025-12-01,174400.0,175300.0,168200.0,170400.0,596073.0,-3.016505406943654,15145254000,492679150,33221456850,52955435200,34465043750,262835900,39394758100,27692187450,101814825200
2025-12-02,168200.0,171000.0,165300.0,169500.0,820612.0,-0.528169014084507,19207761750,219606100,42117860150,76085853897,32136314150,404288800,31564260050,73526218897,137631081897
2025-12-03,171000.0,176600.0,170600.0,174600.0,633329.0,3.0088495575221237,29503270550,107357300,26522434400,53915220700,18165201200,336724400,34954564100,56591793250,110048282950
2025-12-04,177200.0,178300.0,170100.0,176200.0,590263.0,0.9163802978235969,28967701350,113182700,36650324650,36616952678,26531903350,6069700,21159543500,54650644828,102348161378
2025-12-05,176300.0,182800.0,175200.0,182000.0,814651.0,3.2917139614074915,49737467550,1347679750,42766483500,53076135900,23129637550,119445450,56127281000,67551402700,146927766700
2025-12-08,187900.0,193000.0,184100.0,192100.0,1125766.0,5.549450549450549,81162771700,4409106750,64744956950,63784374950,34783833200,728845700,68063574300,110524957150,214101210350
2025-12-09,189600.0,197100.0,187600.0,192200.0,901138.0,0.052056220718375845,48915952750,812034700,37534717900,87016419450,33155461750,1611305100,77113192500,62399165450,174279124800
2025-12-10,195200.0,197000.0,186000.0,187000.0,840828.0,-2.705515088449532,21573481700,2104220150,95441003250,40658937900,32231107000,2985736500,71457645250,53103154250,159777643000
2025-12-11,187400.0,191000.0,179200.0,179200.0,777548.0,-4.171122994652406,21230345750,577247700,82126609600,38623483250,48888217850,1231222500,61937947400,30500298550,142557686300
2025-12-12,180800.0,187500.0,180400.0,186400.0,571677.0,4.017857142857143,36120949400,311813150,29626904500,40010024000,12939878250,185264400,56841514350,36103034050,106069691050
2025-12-15,184600.0,185400.0,180200.0,181400.0,380700.0,-2.682403433476395,13441160800,702415000,35866533800,19638636850,17018046650,121469300,17725557950,34783672550,69648746450
2025-12-16,180600.0,184700.0,174600.0,181400.0,488033.0,0.0,15976028450,350875800,46886003100,23925322650,14063341100,275646100,40963423800,31835819000,87138230000
2025-12-17,181400.0,184400.0,176600.0,180200.0,341609.0,-0.6615214994487321,16203979700,1184875300,22375548900,22249239000,9184935600,1328509700,36523727950,14976469650,62013642900
2025-12-18,179000.0,180400.0,174900.0,175000.0,287160.0,-2.885682574916759,8477700050,197872100,33770476450,8258170650,11936714100,333759600,20662143150,17771602400,50704219250
2025-12-19,176700.0,183500.0,175500.0,179300.0,387330.0,2.457142857142857,16367422900,329651700,19014190950,34130439700,6064682000,559022850,40401730050,22816270350,69841705250
2025-12-22,182500.0,183800.0,177500.0,183000.0,365888.0,2.0635805911879532,17141249550,163308200,23791092850,25517238100,7146799300,659417900,31367006600,27439664900,66612888700
2025-12-23,183000.0,188700.0,182000.0,188700.0,412221.0,3.114754098360656,18704752650,568816700,31511464600,25842665650,14429236300,637727100,50512436250,11048299950,76627699600
2025-12-24,190000.0,191000.0,182600.0,183600.0,409043.0,-2.7027027027027026,17831441900,780177700,30388140300,26762181850,21967823950,1131083850,22315561700,30347472250,75761941750
2025-12-26,184000.0,186300.0,178700.0,179800.0,505954.0,-2.0697167755991286,17523055650,926813750,33544960050,39690319450,16592582850,1434839700,59821315850,13836410500,91685148900
2025-12-29,181000.0,190000.0,181000.0,189600.0,691289.0,5.450500556173527,27623179500,1293036450,36387746750,64997716150,27306392350,2423491650,71035688750,29536106100,130301678850
2025-12-30,187000.0,191800.0,186600.0,187900.0,440136.0,-0.8966244725738396,16369106450,234382100,21323538850,45302036550,13343591600,457758200,38667020900,30760693250,83229063950
