날짜,시가,고가,저가,종가,거래량,등락률,매수_기관합계,매수_기타법인,매수_개인,매수_외국인합계,매도_기관합계,매도_기타법인,매도_개인,매도_외국인합계,전체
2020-05-21,10250,12000,9630,9930,8241851,,3340776870,1278463260,78302949850,2936968090,25794391040,719901140,56504151390,2840714500,85859158070
2020-05-22,10000,10350,9850,9900,2129651,-0.3021148036253776,243795550,141632210,19304645670,1752907900,4362127850,516102650,16277582220,287168610,21442981330
2020-05-25,9980,10150,9620,9690,1376646,-2.1212121212121215,228053330,292946390,12788265520,156967390,2126400330,135317230,10057165060,1147350010,13466232630
2020-05-26,9700,9730,9270,9350,1523584,-3.508771929824561,33452210,70425000,14049876700,138953640,3017657370,62126180,10393210690,819713310,14292707550
2020-05-27,9410,9840,9400,9540,1641952,2.0320855614973263,65307680,48282240,14984090060,661650340,1788393180,19480000,13736651630,214805510,15759330320
2020-05-28,9650,9980,9410,9540,1969192,0.0,1427962940,144257560,16728290250,812536240,3204455630,150463680,14996971050,761156630,19113046990
2020-05-29,9550,9550,9200,9260,1182930,-2.9350104821802936,206740450,483851000,9832743750,508097850,2983326650,13518900,6542214290,1492373210,11031433050
2020-06-01,9260,9360,9000,9050,1559738,-2.267818574514039,219531910,328632840,13554211380,102285290,2236825910,859631240,7629789760,3478414510,14204661420
2020-06-02,9090,9350,9050,9290,1434939,2.6519337016574585,797703500,14819000,10621260780,1785310780,2248177810,8759070,10604598640,357558540,13219094060
2020-06-03,9310,9500,9190,9400,1101136,1.1840688912809472,78230800,66665860,9140337320,1007385110,995429490,88647590,8988262160,220279850,10292619090
2020-06-04,9480,9630,9350,9550,1263462,1.5957446808510638,1254161800,136949090,10105394910,541903560,1131781140,407777580,10027595490,471255150,12038409360
2020-06-05,9560,9650,9490,9540,637991,-0.10471204188481677,276016550,47841400,5496996540,278443160,1043065620,115400000,4730158630,210673400,6099297650
2020-06-08,9650,9650,9350,9420,781171,-1.257861635220126,36654610,221095240,6793246500,321054590,624307940,7917700,6477738940,262086360,7372050940
2020-06-09,9430,9450,9170,9300,828135,-1.2738853503184715,109918470,18973800,7171118710,369017530,1552124720,9370000,5720703670,386830120,7669028510
2020-06-10,9270,9270,9090,9100,664366,-2.1505376344086025,191019000,64960000,5781061210,38016410,1302039870,14873390,4501087440,257055920,6075056620
2020-06-11,9100,9350,9040,9070,1074578,-0.32967032967032966,78847600,45740000,9409666060,295354350,1973801400,206908990,7456869710,192027910,9829608010
2020-06-12,8750,8790,8550,8700,969667,-4.0793825799338475,1178890370,135576900,6773576470,340447200,1647941190,3199300,6323439350,453911100,8428490940
2020-06-15,8720,8770,7800,7800,1221034,-10.344827586206897,591150440,160243540,9105448980,260779300,1665601870,0,7381550630,1070469760,10117622260
2020-06-16,7950,8100,7910,8080,825919,3.5897435897435894,71919320,44758000,5576845260,913444490,1971274280,81927630,4090862310,462902850,6606967070
2020-06-17,7990,8070,7800,7870,733029,-2.599009900990099,20000720,83552810,5217363560,473181540,1948706420,0,3695017480,150374730,5794098630
2020-06-18,7850,8340,7830,8310,957213,5.5908513341804325,239378950,185636390,6307943860,1100143950,865272690,74599730,6514642130,378588600,7833103150
2020-06-19,8450,8540,8250,8250,599341,-0.7220216606498195,201438800,24823000,4410905300,345253120,766000370,69718460,3199254920,947446470,4982420220
2020-06-22,8230,8240,7990,8010,539798,-2.909090909090909,340200910,102004000,3697474150,226508260,1287689400,12668400,2566704360,499125160,4366187320
2020-06-23,8100,8250,8020,8130,500153,1.4981273408239701,222535320,0,3252854420,585913970,901074830,4060000,2918543270,237625610,4061303710
2020-06-24,8200,8290,8070,8100,495813,-0.36900369003690037,263641810,8130000,3561028900,214118880,646540970,20700720,3216653360,163024540,4046919590
2020-06-25,8010,8070,7950,7970,522369,-1.6049382716049383,7046830,1592000,3592355820,577017880,755931740,437800,3200664730,220978260,4178012530
2020-06-26,8050,8050,7900,7950,470727,-0.2509410288582183,90054250,11941000,3523017380,120506890,859557980,0,2205866470,680095070,3745519520
2020-06-29,7870,7930,7720,7750,447804,-2.515723270440252,3238880,176360860,3129960540,194921260,693734950,0,2343517020,467229570,3504481540
2020-06-30,7830,7870,7750,7760,434730,0.12903225806451613,42753940,181392200,2871792780,299189170,405740200,0,2211899630,777488260,3395128090
2020-07-01,7800,8120,7780,7920,399320,2.0618556701030926,133583010,3501370,2656115120,399221220,172644850,3112000,2898950230,117713640,3192420720
2020-07-02,8050,8120,7910,7980,405653,0.7575757575757576,238600,90762740,2939847210,214505150,1451430820,0,1621228640,172694240,3245353700
2020-07-03,7980,8150,7850,7890,369974,-1.1278195488721803,1097520,0,2905034420,18828710,1605805410,0,1162913130,156242110,2924960650
2020-07-06,7920,8150,7780,8150,378116,3.2953105196451205,98274770,36618000,2602679810,289953120,7992790,0,2901693220,117839690,3027525700
2020-07-07,8200,8720,8140,8700,1781903,6.748466257668712,900701800,144173200,13310859760,838458680,192082390,52322370,14579753760,370034920,15194193440
2020-07-08,8720,8730,8410,8550,648301,-1.7241379310344827,94399230,49668330,5249094760,133598020,589458160,105626550,3973876410,857799220,5526760340
2020-07-09,8620,9120,8620,8870,1684205,3.7426900584795324,720231160,82329800,13725534920,473352390,874732020,57388500,12552377680,1516950070,15001448270
2020-07-10,8830,8860,8520,8680,780741,-2.142051860202931,681280170,142273770,5704837620,222444400,639758810,55049850,3947061460,2108965840,6750835960
2020-07-13,8750,8770,8440,8500,466713,-2.0737327188940093,38858450,8480,3828209330,106904890,540765990,16968460,3262820040,153426660,3973981150
2020-07-14,8480,9290,8380,9150,2049187,7.647058823529412,994723260,239382550,16901422680,371340330,1208761150,658774520,16445129170,194203980,18506868820
2020-07-15,9800,11850,9800,11850,28195443,29.508196721311474,11125759370,1031733350,292957537420,2794404530,2206510780,3519160750,298822597940,3361165200,307909434670
2020-07-16,11600,12000,10950,11650,13478576,-1.6877637130801686,4682285800,562932300,146865593100,2609177900,1785472000,621708450,150035764050,2277044600,154719989100
2020-07-17,11750,12900,11750,12250,19101901,5.150214592274678,2815630750,306928800,232370807600,2502759500,683549000,335271150,233225890900,3751415600,237996126650
2020-07-20,12250,12400,11800,12300,4196840,0.40816326530612246,759220250,172563000,48867031950,1133646000,563530850,143596000,49118992000,1106342350,50932461200
2020-07-21,12350,12450,11700,11700,3478389,-4.878048780487805,2083081000,94655800,39008270500,455614150,1726016450,217798450,36139496400,3558310150,41641621450
2020-07-22,11700,13300,11450,12600,15331728,7.6923076923076925,2830191500,199296000,189184950550,2203094750,820592150,194230100,191040233400,2362477150,194417532800
2020-07-23,12700,13250,12400,12950,5622519,2.7777777777777777,1334671650,362946200,69384353100,1154173450,644675050,380589550,69473335550,1737544250,72236144400
2020-07-24,12700,12950,12100,12350,3463173,-4.633204633204633,1522166500,44991300,40904601700,775374600,1271034000,150922650,40075555950,1749621500,43247134100
2020-07-27,12200,12900,12100,12700,3058339,2.834008097165992,1643634400,61701100,35591014850,1159940850,1694656300,87341400,35607719700,1066573800,38456291200
2020-07-28,12750,14000,12600,13600,16105680,7.086614173228346,7185891250,331540600,208360314000,1894602800,1579744800,451908300,212310111800,3430583750,217772348650
2020-07-29,13650,13800,13100,13350,3439374,-1.8382352941176472,815966450,9358350,44881548800,655967800,575010400,129132800,44595194500,1063503700,46362841400
2020-07-30,14100,14900,13700,13800,10997827,3.3707865168539324,3849444400,865300850,149515658800,2815952700,1812164600,1128294100,152196557950,1909340100,157046356750
2020-07-31,14000,14450,13550,14000,3647939,1.4492753623188406,830946050,48632250,49738929750,598253600,559568250,198264200,48075811400,2383117800,51216761650
2020-08-03,14100,14150,13450,13550,2319715,-3.214285714285714,425203650,0,30774865450,545461300,2242386250,26534600,28901471050,575138500,31745530400
2020-08-04,13550,13550,12850,13200,2214912,-2.5830258302583027,1435248600,771400,26752620900,920496650,2864641700,51682450,25564553300,628260100,29109137550
2020-08-05,13150,13150,12550,12800,2141719,-3.0303030303030303,433119200,36987300,25696383850,1211508500,3926170600,126429600,22441824400,883574250,27377998850
2020-08-06,12850,13200,12650,12850,2205706,0.390625,654575500,42198000,27192570550,756286550,278673850,20018100,25599747900,2747190750,28645630600
2020-08-07,12900,13050,12150,12400,2082930,-3.501945525291829,164256100,10164000,25575592200,242131200,4305210950,88096850,17607989100,3990846600,25992143500
2020-08-10,12400,12700,12200,12450,1665935,0.4032258064516129,227983550,146119650,20364373900,86659100,133175000,12500000,16403373900,4276087300,20825136200
2020-08-11,12650,13650,12650,13250,5945603,6.425702811244979,1198414400,182148500,76667751900,751917950,1800108500,26947250,74992846950,1980330050,78800232750
2020-08-12,13150,13500,12650,13200,2254318,-0.37735849056603776,739545400,149766100,28511672150,161801400,652702400,72679250,27834378250,1003025150,29562785050
2020-08-13,13350,13600,13050,13050,1649403,-1.1363636363636365,201091850,18376100,21472968100,198599400,1226366600,44058300,20434400400,186210150,21891035450
2020-08-14,13050,13100,12250,12400,1514875,-4.980842911877394,340442400,5983300,18469748400,106616950,1361377200,21404000,17319984550,220025300,18922791050
2020-08-18,12200,12200,10850,10900,2421267,-12.096774193548388,448450,22961200,26478451500,1353579450,2108064100,201700800,23730449700,1815226000,27855440600
2020-08-19,11000,11400,10600,10900,1761748,0.0,919677100,94448650,16436443550,1795819950,1438310200,106185150,16545903050,1155990850,19246389250
2020-08-20,11000,11250,10150,10300,1874257,-5.5045871559633035,300205850,14120350,17584173900,1817544300,485373400,9108650,18288094500,933467850,19716044400
2020-08-21,10450,10950,10250,10700,1332850,3.8834951456310676,1605154400,0,11823890000,740228000,37490100,0,12938979300,1192803000,14169272400
2020-08-24,10600,11100,10350,11000,1055869,2.803738317757009,1268352400,62098850,9340752500,800916250,320213300,46577350,9944516100,1160813250,11472120000
2020-08-25,11050,11800,11050,11700,1451908,6.363636363636363,2175173700,103977650,13993588050,363647000,33794100,2625500,15539191650,1060775150,16636386400
2020-08-26,11850,11850,11300,11600,943854,-0.8547008547008548,252863550,44035400,10288239700,305464400,926475550,30992450,9375788400,557346650,10890603050
2020-08-27,11600,11600,11000,11050,854811,-4.741379310344827,222898950,17097250,9201100450,125065000,325138400,4430000,9028115150,208478100,9566161650
2020-08-28,11150,11400,10850,10900,791435,-1.3574660633484164,57649500,12280000,8044106200,678641650,922996400,47036250,7346359450,476285250,8792677350
2020-08-31,11050,11300,10800,10950,726353,0.45871559633027525,1158900,32950000,6714922350,1228871100,2209199000,30665000,5445063350,292975000,7977902350
2020-09-01,11250,11350,10900,11000,877085,0.45662100456621,211939950,11000000,8779950100,685368750,575971050,32123700,8588013550,492150500,9688258800
2020-09-02,11150,11950,11100,11600,2635941,5.454545454545454,351485350,108099700,29099423350,1008051400,1046887300,11500000,27505968200,2002704300,30567059800
2020-09-03,11650,12000,11600,11700,1495120,0.8620689655172413,134870200,37654300,17222757250,248999400,806775200,17545000,16502532000,317428950,17644281150
2020-09-04,11000,11450,10950,11300,1371135,-3.418803418803419,203811000,7856000,14712502300,460764450,1653877000,17539050,13228802700,484715000,15384933750
2020-09-07,11350,11900,11300,11850,1533722,4.867256637168142,4443800,46997000,17729084350,140945650,1285810600,7485000,16398927100,229248100,17921470800
2020-09-08,12100,12500,11700,11750,1643978,-0.8438818565400843,12784350,24050000,19566394050,251849700,1078994550,14690000,18561545450,199848100,19855078100
2020-09-09,11400,11950,11300,11850,937049,0.851063829787234,465992950,13273050,10362397150,192530650,134524850,26682400,10486597950,386388600,11034193800
2020-09-10,12150,12350,11700,12050,1147360,1.6877637130801686,445240300,8107050,13192899350,88846500,213011400,20635000,13278986800,222460000,13735093200
2020-09-11,12000,12350,11900,12350,1382572,2.4896265560165975,988505700,20550250,15372790150,410865950,688175250,4830000,15584817350,514889450,16792712050
2020-09-14,12700,12950,12450,12700,2136581,2.834008097165992,854642000,24250000,25952676800,342268900,1143788450,19547400,25770935450,239566400,27173837700
2020-09-15,12750,12800,12250,12300,1128736,-3.149606299212598,565045400,14392750,13224168800,179880250,986608450,19138500,10121856550,2855883700,13983487200
2020-09-16,12350,12350,11800,11900,1013241,-3.2520325203252036,64746950,13195000,11957865950,102650150,1677246150,11950,10173006900,288193050,12138458050
2020-09-17,11750,11850,11500,11600,779304,-2.5210084033613445,10777550,8492850,8464639050,576983700,430351750,6222950,6805023900,1819294550,9060893150
2020-09-18,11600,11750,11300,11550,626485,-0.43103448275862066,41463950,5700000,6776375050,333511350,1413916000,57243200,5198215900,487675250,7157050350
2020-09-21,11600,11650,11000,11100,825545,-3.896103896103896,575187850,108979000,8307114250,291649800,1837820750,87889450,7104936300,252284400,9282930900
2020-09-22,10900,10950,10400,10700,1340670,-3.6036036036036037,404443200,3231100,12974812400,831196400,638907000,2140000,13124684550,447951550,14213683100
2020-09-23,10850,11150,10400,10850,897876,1.4018691588785046,329550800,210762800,8769729100,371912950,1080016300,0,8384553000,217386350,9681955650
2020-09-24,10450,10550,10100,10200,915878,-5.990783410138248,225626400,3264500,8787984800,457555050,1339074400,1132200,7090561250,1043662900,9474430750
2020-09-25,10300,10400,10050,10250,536762,0.49019607843137253,26108650,0,4657376350,818114950,647977900,4100000,4756887100,92634950,5501599950
2020-09-28,10400,10800,10300,10700,447267,4.390243902439024,220358000,127800,4385182550,142052500,43581150,56430000,4265821100,381888600,4747720850
2020-09-29,10800,10950,10600,10650,425523,-0.46728971962616817,11471850,21030600,4228453900,312869650,697044050,1160850,2990945150,884675950,4573826000
2020-10-05,10700,10800,10550,10700,468566,0.4694835680751174,115773000,68308800,4266697550,544440550,2001770300,106500000,2725262450,161687150,4995219900
2020-10-06,10900,11000,10550,10700,623129,0.0,1185512150,2145000,5406694800,101997700,1436375450,5375000,4760995750,493603450,6696349650
2020-10-07,10550,10700,10500,10650,578814,-0.46728971962616817,247070400,5275000,5457766900,416723900,3004832600,10600,2935212350,186780650,6126836200
2020-10-08,10950,11000,10650,10750,817697,0.9389671361502347,515885200,2974600,7906243250,391739150,2148261900,0,6295170750,373409550,8816842200
2020-10-12,10950,11150,10800,11000,700537,2.3255813953488373,156132750,4113400,7457313800,64789350,198067350,40389500,7350970750,92921700,7682349300
2020-10-13,11000,11100,10900,11050,421526,0.45454545454545453,100063800,0,4521704650,4605000,220707300,58082700,3754448600,593134850,4626373450
2020-10-14,11000,11000,10750,10750,419652,-2.7149321266968327,438413900,0,4080958500,38608600,267319750,10850000,4052770350,227040900,4557981000
2020-10-15,10700,10800,10350,10550,559877,-1.8604651162790697,616486300,0,5115922350,177129900,252955650,3925400,5306585650,346071850,5909538550
2020-10-16,10550,10650,10200,10350,394463,-1.8957345971563981,56808000,2050000,3988644200,40558150,550542000,0,3365334250,172184100,4088060350
2020-10-19,10400,10450,10150,10200,323249,-1.4492753623188406,2315700,20600000,3155726150,140169900,293336550,703800,2946914850,77856550,3318811750
2020-10-20,10150,10400,10100,10400,369454,1.9607843137254901,772715400,1030000,2872161100,132677750,176375150,25931250,3390553750,185724100,3778584250
2020-10-21,10450,10500,10300,10500,253083,0.9615384615384616,294008750,11363150,2207054050,123076750,10663300,0,2490093350,134746050,2635502700
2020-10-22,10450,10850,10350,10500,530944,0.0,413776700,0,5051408950,168035600,104524050,0,5286993950,241703250,5633221250
2020-10-23,10600,10850,10500,10550,405749,0.4761904761904762,3618150,0,4282752450,37198200,180183350,1717200,4012915500,128752750,4323568800
2020-10-26,10600,10600,10000,10000,484541,-5.213270142180095,12537850,10060000,4765189850,156865200,14760900,0,4762450950,167441050,4944652900
2020-10-27,9850,10150,9790,9970,406077,-0.3,1730510,0,3511365510,543897210,137369130,0,3502369320,417254780,4056993230
2020-10-28,9970,10200,9970,10150,270608,1.8054162487462388,255586800,0,2233231100,229305650,350467340,0,2286308870,81347340,2718123550
2020-10-29,9940,10100,9910,10100,285494,-0.49261083743842365,109414690,0,2252504380,498174520,151144800,0,2166058810,542889980,2860093590
2020-10-30,10050,10100,9900,9910,340166,-1.881188118811881,109118250,991000,3217189000,62243350,379137670,0,2593929100,416474830,3389541600
2020-11-02,9980,10000,9870,9920,348936,0.10090817356205853,76716720,1101450,3189803140,193696850,571156860,0,2808362230,81799070,3461318160
2020-11-03,9950,10100,9950,10000,408687,0.8064516129032258,112018720,0,3690568530,292902600,521282690,400000,3290350080,283457080,4095489850
2020-11-04,10150,10800,9990,10650,1346050,6.5,958751250,244075400,11573909690,1334109000,744942830,6226100,12873804150,485872260,14110845340
2020-11-05,10850,10950,10550,10800,694921,1.4084507042253522,858274750,107500000,6419162000,117180950,107627350,29485300,6638456350,726548700,7502117700
2020-11-06,12200,12300,11550,11700,4318957,8.333333333333332,7790049600,186750350,41793790850,1369139350,1261041150,82630800,48370485450,1425572750,51139730150
2020-11-09,11750,11800,11150,11250,2019564,-3.8461538461538463,1273062850,2992500,21624291550,198575150,2781261500,48730400,19493207550,775722600,23098922050
2020-11-10,11600,11850,11250,11450,2355274,1.7777777777777777,1667365600,7113800,25070968250,521225800,1645143750,4238900,25012013250,605277550,27266673450
2020-11-11,11500,11650,10850,11000,1701098,-3.9301310043668125,272832900,43030150,18374319700,193793850,2946100050,263662500,14508263150,1165950900,18883976600
2020-11-12,11000,11100,10650,10750,904389,-2.272727272727273,244551700,7600300,9277999750,266976950,2792023050,0,6619243950,385861700,9797128700
2020-11-13,10650,10900,10550,10900,555039,1.3953488372093024,185125950,54943850,5692060950,50864350,309051050,30625500,5354962250,288356300,5982995100
2020-11-16,10950,11250,10900,11250,799833,3.211009174311927,1042326350,119393300,7487452900,243780200,304844800,40589450,8236372550,311145950,8892952750
2020-11-17,11200,11200,10750,10900,1024063,-3.111111111111111,4823050,54116000,11000602800,98871950,1404565850,156495700,9310430250,286922000,11158413800
2020-11-18,10850,11000,10700,10750,607352,-1.3761467889908259,70220600,0,6422523800,66331400,696140500,0,5082724450,780210850,6559075800
2020-11-19,10700,10750,10350,10500,998665,-2.3255813953488373,284000600,6555000,10046564050,104355400,2902569900,10550000,6261058900,1267296250,10441475050
2020-11-20,10400,10500,10300,10450,861389,-0.4761904761904762,120813450,63844000,8569365900,178252000,2045898100,63652500,6126778250,695946500,8932275350
2020-11-23,10500,10600,10300,10500,716947,0.4784688995215311,334648100,7596000,6942290450,206020150,2334478200,0,4960025800,196050700,7490554700
2020-11-24,10550,10750,10500,10650,766000,1.4285714285714286,69487500,84748150,7498566100,467791500,944467750,0,6959688250,216437250,8120593250
2020-11-25,10800,10900,10450,10600,943644,-0.4694835680751174,245412350,490050350,8924386000,449175950,642803800,9063150,8899705750,557451950,10109024650
2020-11-26,10600,10600,10400,10500,494348,-0.9433962264150944,203190750,53545000,4909521300,12752550,1407648550,0,3543657150,227703900,5179009600
2020-11-27,10500,10550,10350,10550,433524,0.4761904761904762,149365650,0,4081072950,314003400,810682700,21840000,3584999400,126919900,4544442000
2020-11-30,10650,10700,10550,10600,501547,0.47393364928909953,327679900,135194600,4199210100,656442950,201678500,544070600,4153523750,419254700,5318527550
2020-12-01,10650,10850,10600,10750,718774,1.4150943396226416,555321450,0,6807869550,346653500,591911450,42800000,6620603600,454529450,7709844500
2020-12-02,10650,10750,10550,10650,642178,-0.9302325581395349,148948100,2237500,6316865500,366135750,954463000,63600000,5357412350,458711500,6834186850
2020-12-03,10700,10750,10500,10550,512788,-0.9389671361502347,66758800,21100000,5301464800,43541400,405899850,0,4899258950,127706200,5432865000
2020-12-04,10600,10600,10450,10500,543009,-0.47393364928909953,60498850,31430000,5587000150,20229750,867246700,55091600,4774547250,2273200,5699158750
2020-12-07,10500,10550,10300,10400,479662,-0.9523809523809524,31856650,4703800,4861156100,88025750,296219800,7321600,4672001050,10199850,4985742300
2020-12-08,10450,10450,10300,10300,521325,-0.9615384615384616,12158350,58445500,5206078500,113946350,1007351650,7286400,4303055850,72934800,5390628700
2020-12-09,10350,10550,10300,10500,518705,1.9417475728155338,421704550,44090000,4631266350,320421650,204661900,5235450,4979662000,227923200,5417482550
2020-12-10,10400,10500,10350,10400,456517,-0.9523809523809524,286848650,1562500,4254260400,211672400,1709856500,41800000,2938217850,64469600,4754343950
2020-12-11,10500,10650,10450,10500,628737,0.9615384615384616,149037450,84636950,6056800350,332256850,1909023950,31500,4545465700,168210450,6622731600
2020-12-14,10550,10800,10550,10700,765366,1.9047619047619049,276126050,3732500,7519631300,365062750,88900150,3205000,7934586000,137861450,8164552600
2020-12-15,10800,11400,10600,11300,3260412,5.607476635514018,1881586750,49280000,31343443450,3098776750,954391600,17477600,33057972300,2343245450,36373086950
2020-12-16,11450,11500,11050,11150,1113557,-1.3274336283185841,142427300,40599850,11806134050,482528400,981075200,19221400,10255709700,1215683300,12471689600
2020-12-17,11100,11600,11050,11450,1839503,2.690582959641256,991920650,49492250,19268273650,657640800,372170700,72596100,19519591400,1002969150,20967327350
2020-12-18,11600,11850,11300,11500,1762580,0.43668122270742354,701674450,94604200,18666971900,917096050,2150240800,9195000,16918495000,1302415800,20380346600
2020-12-21,11600,12000,11200,11650,2035556,1.3043478260869565,137682000,48338250,22709025150,779371200,283906950,12104300,22539898600,838506750,23674416600
2020-12-22,11650,11800,11050,11100,1368740,-4.721030042918455,248426350,75194200,14949999200,278767750,796543800,88968000,14192687600,474188100,15552387500
2020-12-23,11200,11350,10900,11250,1108421,1.3513513513513513,168464500,5280750,10609816650,1570384150,48649700,17805500,11552154000,735336850,12353946050
2020-12-24,11350,11500,11250,11400,900707,1.3333333333333335,27363150,684000,9484823300,733780100,583336000,3420000,8755312350,904582200,10246650550
2020-12-28,12400,13000,11800,11850,14705683,3.9473684210526314,2044481500,227408600,173850054750,7660137450,1531579150,383009650,173917466500,7950027000,183782082300
2020-12-29,12000,12400,11900,12300,2651464,3.79746835443038,946023300,30474950,30004304050,1291763550,2515508550,10193600,28631670400,1115193300,32272565850
2020-12-30,12300,13000,12050,12600,5229692,2.4390243902439024,1448786950,36184700,60276337050,4543609250,3983207050,21224450,58712082450,3588404000,66304917950
2021-01-04,12750,13150,12550,12650,3187525,0.3968253968253968,495931200,64160300,37728203000,2398347200,5853299250,139657000,32553607000,2140078450,40686641700
2021-01-05,12450,12600,12100,12300,1960098,-2.766798418972332,72913250,56146400,22840175650,1092002500,2202865000,10513750,19939340600,1908518450,24061237800
2021-01-06,12350,12400,11800,11900,1808601,-3.2520325203252036,56811200,16410850,21010286800,591952550,498902550,12428450,19664045250,1500085150,21675461400
2021-01-07,11950,12300,11900,12050,1688877,1.2605042016806722,227026350,368076250,18886445600,1003480700,821974250,17332000,18725871800,919850850,20485028900
2021-01-08,12250,12650,12100,12500,2389914,3.7344398340248963,327089050,79124950,28183242350,933902050,161582650,48957650,28798903450,513914650,29523358400
2021-01-11,12800,13500,12250,13500,7317778,8.0,2952478300,1097349600,86091283700,4578952850,715350950,123393050,91539649200,2341671250,94720064450
2021-01-12,13250,17100,13050,15950,60299135,18.14814814814815,6532427350,825521500,909106064600,30906568050,3180349600,2324115450,914458234450,27407882000,947370581500
2021-01-13,16000,16250,15400,15600,9675526,-2.19435736677116,336819250,351130050,144288549700,7895983250,1205913400,240557250,144779312650,6646698950,152872482250
2021-01-14,15600,16500,14900,15100,10752067,-3.205128205128205,1812588750,467798400,158573326750,8171977100,1211675900,363551200,156737122600,10713341300,169025691000
2021-01-15,15200,15650,14400,14550,6147239,-3.642384105960265,157467000,159188000,85373992150,6171434750,823628950,292556250,82627637250,8118259450,91862081900
2021-01-18,14500,14900,14050,14250,3929239,-2.0618556701030926,636387750,164983000,53437653400,2897964700,131148300,91153950,52516778300,4397908300,57136988850
2021-01-19,14300,15150,14000,14750,5343388,3.508771929824561,455552600,5807000,72914860800,4840689700,1071967050,84552050,73490057650,3570333350,78216910100
2021-01-20,14900,15250,14600,15050,3493943,2.0338983050847457,262929550,79232500,50288214450,1664892250,472711750,0,49168965650,2653591350,52295268750
2021-01-21,15200,15350,14700,14800,1994153,-1.6611295681063125,124762200,35722850,29074614650,516102900,709106600,11124000,28540311500,490660500,29751202600
2021-01-22,15250,15500,14900,14900,2966631,0.6756756756756757,951390250,34508300,43084235550,923841000,424058850,169294700,43028814100,1371807450,44993975100
2021-01-25,15100,15300,14650,14900,1808983,0.0,185428850,1505000,26240872950,624145100,1199645500,70523900,25264896450,516886050,27051951900
2021-01-26,14950,15400,14800,15050,2182255,1.006711409395973,491296850,230072700,31072845000,1073121250,461493150,39421850,31440432150,925988650,32867335800
2021-01-27,15100,15300,14700,14700,1687263,-2.3255813953488373,647673650,102235750,23864106300,726476800,258280100,30623400,24030468950,1021120050,25340492500
2021-01-28,14200,14500,14050,14300,1726528,-2.7210884353741496,968044300,64737600,21319453050,2231414200,714960300,64157400,22455522000,1349009450,24583649150
2021-01-29,14550,14600,13200,13500,2342372,-5.594405594405594,533545600,6300550,27963518000,4014702000,617758300,63398700,27731721450,4105187700,32518066150
2021-02-01,13400,13900,13050,13800,1355307,2.2222222222222223,73940800,6179500,15226156650,3166538400,224537400,1784500,16248761900,1997731550,18472815350
2021-02-02,13950,14200,13650,13750,1120511,-0.36231884057971014,62486700,15300000,13549829200,1939468750,169006400,1410000,13251942000,2144726250,15567084650
2021-02-03,14100,15250,13950,15100,4665527,9.818181818181818,2324724750,460751600,56113051900,10130771950,617322450,58816600,61996295400,6356865750,69029300200
2021-02-04,15050,16000,14800,15700,6690455,3.9735099337748347,9196439750,616512500,87326670700,6826420700,885309050,336917050,95594869950,7148947600,103966043650
2021-02-05,16100,16450,15500,15700,5195043,0.0,4412222700,721222150,72224089400,5523124900,2537627750,842156800,70192360300,9308514300,82880659150
2021-02-08,16050,16400,14950,15000,3454526,-4.45859872611465,1507190800,130473750,49682930850,2633676400,1920912100,151989550,48441250150,3440120000,53954271800
2021-02-09,15250,16400,15200,16400,8390192,9.333333333333334,8746913300,384795500,111978919350,13460976050,1833498800,472162500,122534194500,9731748400,134571604200
2021-02-10,16300,16650,15750,16350,5499619,-0.3048780487804878,7937110750,111679650,77391749800,4125170000,2090249700,202817700,78378864450,8893778350,89565710200
2021-02-15,16400,16800,15900,16800,4306355,2.7522935779816518,2598227550,116920800,64965969050,2845790300,989834400,63549350,65739320600,3734203350,70526907700
2021-02-16,16900,17500,16400,16500,4405229,-1.7857142857142856,1834979600,1072802650,68567094650,2834132600,3603097350,162647250,66876805750,3666459150,74309009500
2021-02-17,16450,16450,15650,15750,3048389,-4.545454545454546,1971661550,92967500,45034182750,1422256900,4325336100,663019150,41580724050,1951989400,48521068700
2021-02-18,15600,15900,15100,15150,2039271,-3.8095238095238098,364143250,11309600,28378700250,2650491900,2491866600,568684900,27210571400,1133522100,31404645000
2021-02-19,15150,15600,14650,15250,2114635,0.6600660066006601,834479550,8166000,28543702200,2608537050,2896470300,203539050,24945463950,3949411500,31994884800
2021-02-22,15250,15600,14950,15000,1223512,-1.639344262295082,519859750,61811000,16538174700,1574105850,428587500,300930350,16062853450,1901580000,18693951300
2021-02-23,14700,15100,14500,14750,1321801,-1.6666666666666667,1071113900,38491300,15550766250,2852147150,1324290950,27696200,16103711300,2056820150,19512518600
2021-02-24,14800,15100,14050,14050,1367576,-4.745762711864407,1043285350,17112750,15997421750,2834185050,502759550,7774000,16912530300,2468941050,19892004900
2021-02-25,14650,14950,14450,14850,1185170,5.6939501779359425,1531537350,48245750,14537052000,1312697400,1619055050,475600750,14056479800,1278396900,17429532500
2021-02-26,14250,14800,14150,14600,1227680,-1.6835016835016834,1863728500,7544000,14299722550,1627316050,2310727850,31697250,13580422000,1875464000,17798311100
2021-03-02,15150,15200,14300,14550,1021215,-0.3424657534246575,408507600,1495000,14260543850,458791000,312398650,7275000,12674803400,2134860400,15129337450
2021-03-03,14950,15450,14850,15150,2496702,4.123711340206185,1601914450,28516750,34336478050,2006755300,448938000,59021450,35376285950,2089419150,37973664550
2021-03-04,14950,15250,14700,15100,826479,-0.33003300330033003,417448450,14950,11333452850,636989800,241357600,0,11246647200,899901250,12387906050
2021-03-05,14700,15000,14700,14900,618318,-1.3245033112582782,44914150,22250000,8449066000,651884000,71644800,50983500,8679120000,366365850,9168114150
2021-03-08,15100,15150,14150,14200,1122483,-4.697986577181208,11494800,0,15864978300,466769150,1028312300,0,14749457400,565472550,16343242250
2021-03-09,14100,14700,13600,14450,1202687,1.7605633802816902,1173768550,9740000,14469005250,1355735450,372966800,5062500,15400952500,1229267450,17008249250
2021-03-10,14850,14900,13900,13950,1109416,-3.4602076124567476,137744450,21153500,14595464650,1045764450,1112907450,61380000,13900007450,725832150,15800127050
2021-03-11,14050,14100,13800,13900,887906,-0.35842293906810035,53109200,19785400,11843911050,448719550,1636724050,199158400,8957769750,1571873000,12365525200
2021-03-12,14100,14200,13900,14100,798585,1.4388489208633095,191644550,145140700,9647782600,1213808600,379160600,20909000,9961701850,836605000,11198376450
2021-03-15,14500,14550,14250,14250,727953,1.0638297872340425,735140500,4350000,9257192200,445725050,380264550,27724200,9180384250,854034750,10442407750
2021-03-16,14400,14600,14250,14350,657280,0.7017543859649122,119076450,10491100,9191869300,117259400,1334850950,0,7670970250,432875050,9438696250
2021-03-17,14350,14350,13950,14050,631282,-2.0905923344947737,1516750,0,8673326800,214548250,2417097950,4918450,6377699650,89675750,8889391800
2021-03-18,14100,14350,14100,14150,537080,0.7117437722419928,707500,17724850,7060125000,557500200,65383000,0,7228492750,342181800,7636057550
2021-03-19,13800,14500,13800,14300,642466,1.0600706713780919,50629250,1237100,8265520100,812038600,273127100,56970950,7987782300,811544700,9129425050
2021-03-22,14500,14500,14250,14350,495656,0.34965034965034963,2182750,81681500,6772011000,252620900,25127200,56613700,6599713850,427041400,7108496150
2021-03-23,14450,14600,14050,14050,680971,-2.0905923344947737,268167900,32185000,9008830000,465887150,9916400,77461600,8646214400,1041477650,9775070050
2021-03-24,13950,14150,13850,14100,396316,0.3558718861209964,1898400,0,5251480550,303068200,28809550,0,5383313900,144323700,5556447150
2021-03-25,13950,14100,13900,13950,379709,-1.0638297872340425,1202300,0,5089769900,213832850,369427700,25020000,4277143800,633213550,5304805050
2021-03-26,14000,14150,13800,13900,459156,-0.35842293906810035,2839000,0,6232564950,153941550,655996300,0,5017715750,715633450,6389345500
2021-03-29,13950,14000,13700,13800,468907,-0.7194244604316548,12144400,1646000,6273168300,185890300,34722450,13800000,6255650050,168676500,6472849000
2021-03-30,13800,13950,13700,13850,428970,0.36231884057971014,53340350,0,5439089900,441617450,456219950,0,4769928400,707899350,5934047700
2021-03-31,13900,14200,13750,14000,523368,1.083032490974729,154000,921104000,5807326450,607110000,206236550,0,6289868200,839589700,7335694450
2021-04-01,14200,14550,14150,14350,973157,2.5,48318600,76194200,12225818800,1606394150,355430800,2870000,12447429650,1150995300,13956725750
2021-04-02,14500,14500,14100,14100,574018,-1.7421602787456445,14150,1953400,7995846650,192527200,391870900,30365900,7258030000,510074600,8190341400
2021-04-05,14200,14500,14150,14450,550367,2.4822695035460995,54085000,31924800,6621381350,1199478850,26170700,145695200,7469284850,265719250,7906870000
2021-04-06,14550,14850,14300,14350,806406,-0.6920415224913495,56171400,0,11628789150,45111950,157932700,973500,10385740400,1185425900,11730072500
2021-04-07,14400,14500,14250,14350,447716,0.0,73618850,1435000,6214597200,129207450,179600000,4290000,6115685900,119282600,6418858500
2021-04-08,14450,14500,14200,14200,396223,-1.0452961672473868,17499250,4261250,5569269550,73514600,49196550,22880000,5533797650,58670450,5664544650
2021-04-09,14300,14350,14150,14200,342285,0.0,8073350,284000,4602257650,251613700,107079700,240550,4488271400,266637050,4862228700
2021-04-12,14150,14400,14150,14250,354132,0.35211267605633806,16667900,1467750,4599972400,428566650,29964900,0,4763489750,253220050,5046674700
2021-04-13,14250,14300,14100,14300,458850,0.3508771929824561,32534300,0,5899946600,578626200,201010900,63907050,6174648250,71540900,6511107100
2021-04-14,14300,14350,14150,14200,350020,-0.6993006993006993,6207450,4275000,4794284800,163242500,494296250,0,4245218800,228494700,4968009750
2021-04-15,14150,14350,14100,14250,710893,0.35211267605633806,522139150,1420000,8951509150,643526750,1207255450,62504250,8570540900,278294450,10118595050
2021-04-16,14350,14350,14150,14350,571886,0.7017543859649122,68121300,0,7955079250,120708550,1172858650,0,6813723550,157326900,8143909100
2021-04-19,15050,17900,15000,16200,26001243,12.89198606271777,3340536250,398915150,407994934600,18176721050,2313710450,477076450,410151241650,16969078500,429911107050
2021-04-20,16400,17800,16200,16550,12564056,2.1604938271604937,951161700,540299600,204225472250,6598840700,279439250,561923100,203147776550,8326635350,212315774250
2021-04-21,16450,16450,15950,16150,2462084,-2.416918429003021,14236800,73074650,35582999000,4105034800,52223500,147688550,37548380600,2027052600,39775345250
2021-04-22,16300,16350,15550,15600,2139911,-3.4055727554179565,3415750,18449600,32607557150,1172932250,17881350,59546400,30525568900,3199358100,33802354750
2021-04-23,15500,16150,15300,16100,2216841,3.205128205128205,1492458900,60434300,30967733700,2688503200,6998150,20088900,32529668550,2652374500,35209130100
2021-04-26,16200,16450,15900,16200,1247212,0.6211180124223602,575950650,23684100,18247262350,1301745400,120788000,10023100,18512565600,1505265800,20148642500
2021-04-27,16250,16400,15650,15750,1072991,-2.7777777777777777,105125450,47857500,16143510400,711308950,96148350,41102150,16181535550,689016250,17007802300
2021-04-28,15900,16300,15200,15350,1797044,-2.5396825396825395,401410700,79835750,26529786050,1412927000,91864350,79923350,26584025550,1668146250,28423959500
2021-04-29,15750,16150,15350,15750,1293181,2.6058631921824107,231990300,21588250,19118886750,956719700,410147200,14050000,18167319450,1737668350,20329185000
2021-04-30,15750,15800,15200,15300,868931,-2.857142857142857,205748850,141138250,12638085700,377294000,724298750,30526750,11770513350,836927950,13362266800
2021-05-03,15050,15600,14950,15000,770305,-1.9607843137254901,81622150,1312500,10683597900,954877250,180014850,170046500,10477736650,893611800,11721409800
2021-05-04,15000,15150,14500,15050,838014,0.33333333333333337,18244800,62427100,11048484400,1228763700,319066750,34098950,11307164500,697589800,12357920000
2021-05-06,14900,15350,14850,15000,629067,-0.33222591362126247,27793300,344612100,8789349700,349152850,38966500,163805000,8365194500,942941950,9510907950
2021-05-07,15100,15200,14950,15150,457214,1.0,18773400,0,6549009550,320465750,91010800,0,6374418600,422819300,6888248700
2021-05-10,15250,15600,15200,15500,930088,2.31023102310231,7063200,18250000,13850243650,472920100,28450300,15847600,14008167400,296011650,14348476950
2021-05-11,15350,15600,15200,15400,894869,-0.6451612903225806,109059000,599150,13279450050,374944250,66041100,192703650,13015122850,490184850,13764052450
2021-05-12,15550,15800,15000,15250,998462,-0.974025974025974,18117150,85316350,14468248450,842655600,87137550,215453650,13937172550,1174573800,15414337550
2021-05-13,14750,15050,14700,14850,676580,-2.622950819672131,19068400,74250000,9067100250,899779400,0,712813450,8744598000,602786600,10060198050
2021-05-14,15050,15200,14850,14950,441749,0.6734006734006733,30085450,150445000,5900619200,532377050,49573200,906743400,5230685700,426524400,6613526700
2021-05-17,15050,15200,14500,14550,602336,-2.6755852842809364,14077000,0,8509593050,352955150,203323650,304373550,7866433150,502494850,8876625200
2021-05-18,14550,14700,14450,14550,396221,0.0,23371550,0,5363845350,384202400,113198600,515574800,5061639200,81006700,5771419300
2021-05-20,14500,16650,14400,15350,10388275,5.498281786941581,769420850,64012950,158721546100,5902840150,2002456500,1213772150,157555381600,4686209800,165457820050
2021-05-21,15450,15650,14800,14800,2153114,-3.5830618892508146,17286350,1547500,31243513100,1380049100,1000955200,38618250,29862397900,1740424700,32642396050
2021-05-24,14800,14950,14350,14350,1090379,-3.040540540540541,5266200,1480000,15392992200,500239900,70993000,1413769950,13704176300,711039050,15899978300
2021-05-25,14450,14600,14250,14250,621719,-0.6968641114982579,746250,0,8834695650,98841700,120662750,1445000,8314827700,497348150,8934283600
2021-05-26,14300,14450,14250,14350,476511,0.7017543859649122,103767850,0,6384420900,338384800,331948500,0,6181483400,313141650,6826573550
2021-05-27,14400,14500,14150,14400,497641,0.34843205574912894,172951950,712500,6412699450,543021000,224413100,143850000,5655122050,1105999750,7129384900
2021-05-28,14650,15550,14600,15000,3051139,4.166666666666666,1030174900,31808650,41073987300,3840523000,999095250,1082515700,41414258900,2480624000,45976493850
2021-05-31,15250,15450,15000,15100,1146651,0.6666666666666667,388103050,30200000,14658222500,2328938500,555637150,988770900,13831550550,2029505450,17405464050
2021-06-01,15150,15300,14950,15050,843150,-0.33112582781456956,24239300,15050000,11301392300,1388996700,563516750,30563600,11029693400,1105904550,12729678300
2021-06-02,15350,15400,15050,15200,729460,0.9966777408637874,87872050,16229200,10008314050,961087350,125247900,83475000,10299711250,565068500,11073502650
2021-06-03,15300,15750,15200,15450,1425727,1.644736842105263,188377800,101714250,19017875750,2827668000,72233600,58595000,19767620050,2237187150,22135635800
2021-06-04,15450,15500,15150,15300,587729,-0.9708737864077669,256068950,457500,7476229300,1234375950,28331600,36126050,8428019350,474654700,8967131700
2021-06-07,15500,15550,15200,15450,675475,0.9803921568627451,319231050,92100000,9221070950,744951000,82677850,16434250,9167206650,1111034250,10377353000
2021-06-08,15400,15450,15100,15200,491227,-1.6181229773462782,108478450,456000,7018430050,341894400,78994850,15376500,7200215500,174672050,7469258900
2021-06-09,15100,15200,15000,15050,401619,-0.9868421052631579,283554050,0,5308277400,472016350,2337550,30360900,5368822350,662327000,6063847800
2021-06-10,15050,15250,14850,14950,507815,-0.6644518272425249,390090200,30100,6528724150,718022200,119866050,16375600,6252429800,1248195200,7636866650
2021-06-11,15050,15550,15000,15550,1082335,4.013377926421405,2468056550,1550800,9850357850,4337917100,135372150,231400000,15339932650,951177500,16657882300
2021-06-14,15650,15700,15450,15650,636065,0.6430868167202572,1332229050,57844500,7256096050,1270712750,11971950,48628200,8745768450,1110513750,9916882350
2021-06-15,16100,16250,15650,15750,1751168,0.6389776357827476,1260066050,60910000,26072633700,567081350,301023300,10391750,23419878750,4229397300,27960691100
2021-06-16,15700,16350,15600,16250,2098553,3.1746031746031744,1181431600,66498950,25754158200,6813554650,190470350,257938750,31915902750,1451331550,33815643400
2021-06-17,16200,16450,16000,16350,1285209,0.6153846153846154,1360327500,8754950,16868860400,2641346450,18910050,31734250,18909979950,1918665050,20879289300
2021-06-18,16500,16850,16250,16750,2427754,2.4464831804281344,4910279200,40082650,28180244000,7236709700,165555050,36673650,36056954350,4108132500,40367315550
2021-06-21,16450,16500,15950,16150,1680290,-3.582089552238806,147654650,231663200,25368972850,1440355000,413947150,35513000,22632146050,4107039500,27188645700
2021-06-22,16250,16350,15800,16150,930470,0.0,569046000,26026000,11750953700,2607975750,298186450,12400550,13772625500,870788950,14954001450
2021-06-23,16300,16350,16000,16150,701685,0.0,677026850,8712900,9225686900,1444657150,385818000,39554900,10179053950,751656950,11356083800
2021-06-24,16150,16700,15950,16600,1503452,2.786377708978328,1027353600,10284600,19237969650,4364596700,353467400,112264750,22156499900,2017972500,24640204550
2021-06-25,16850,16950,16300,16300,1600814,-1.8072289156626504,141130750,94670600,24607790500,1637411250,124758500,63620300,19047619850,7245004450,26481003100
2021-06-28,16450,16700,16300,16300,857353,0.0,23822500,26339200,12098430900,1958949100,768973100,20725000,11452274050,1865569550,14107541700
2021-06-29,16350,16450,16100,16150,752234,-0.9202453987730062,777779900,21051100,10709281000,678455850,236032150,8575650,10815358650,1126601400,12186567850
2021-06-30,16150,16400,16100,16250,559335,0.6191950464396285,4164750,1937650,8429854950,656356400,362915150,23476150,7961591500,744330950,9092313750
2021-07-01,16200,16200,15800,15900,864140,-2.1538461538461537,100310300,0,13430751800,221862800,671413950,19753450,10995124250,2066633250,13752924900
2021-07-02,15850,15900,15500,15550,877564,-2.20125786163522,138482100,0,13126920050,443134250,32568700,7790000,12128517350,1539660350,13708536400
2021-07-05,15650,15750,15600,15750,385833,1.2861736334405145,20320450,2449200,5823043650,205700850,35399950,1815400,4883107250,1131191550,6051514150
2021-07-06,15800,16400,15750,16250,1045379,3.1746031746031744,661877350,7428900,11923832650,4268556250,136069150,1300000,15269171750,1455154250,16861695150
2021-07-07,16300,16300,15950,15950,509689,-1.8461538461538463,163164000,3202500,7616405900,387611100,34992400,13262750,6636193050,1485935300,8170383500
2021-07-08,16050,16100,15500,15700,620841,-1.5673981191222568,397018950,0,9218213000,147213200,21284500,5366750,8086472850,1649321050,9762445150
2021-07-09,15450,15550,15200,15550,666195,-0.9554140127388535,364390450,30854500,8804248300,1033196600,167204900,39999900,9310807400,714677650,10232689850
2021-07-12,15650,15800,15450,15650,381666,0.6430868167202572,1193086100,7726950,4452489750,322139650,400370700,34535700,4816858000,723678050,5975442450
2021-07-13,15750,15850,15600,15650,371599,0.0,47924750,3130000,5420013200,354266850,60974500,122927100,5034791700,606641500,5825334800
2021-07-14,15750,15950,15600,15600,545137,-0.3194888178913738,3312850,69958600,7769617150,746670450,78589800,52119300,7090032600,1368817350,8589559050
2021-07-15,15800,16250,15700,16200,1385116,3.8461538461538463,179304550,7468400,18958485050,3139986150,281690800,90621900,20884611900,1028319550,22285244150
2021-07-16,16350,16350,15900,16150,795686,-0.30864197530864196,35508850,55613250,12230048700,481493450,56146850,10204400,9901434450,2834878550,12802664250
2021-07-19,16000,16450,15900,16200,643541,0.30959752321981426,24622600,25251050,9717488900,645998750,113860900,27308200,9156229300,1115962900,10413361300
2021-07-20,15900,16150,15600,15850,854766,-2.1604938271604937,81944750,31800000,12332873750,1106596000,60524700,319000,11918798100,1573572700,13553214500
2021-07-21,16000,16050,15650,15700,426939,-0.9463722397476341,13469250,19200000,6432279850,291136900,29840650,960000,6117587750,607697600,6756086000
2021-07-22,15850,16300,15750,16050,947836,2.229299363057325,94804450,28311000,12065166900,3058530200,13991150,18001000,14221996600,992823800,15246812550
2021-07-23,16150,16300,15950,15950,424197,-0.6230529595015576,282902700,52307000,6345464000,132682500,7485000,11696000,6072519250,721655950,6813356200
2021-07-26,16150,16400,16050,16050,1023685,0.6269592476489028,229459950,111408350,13141834850,3110029550,46350900,31776250,14731252950,1783352600,16592732700
2021-07-27,16050,16650,16050,16450,2083382,2.4922118380062304,2099427600,77739200,25785793350,6307631000,87857750,88890300,32935651850,1158191250,34270591150
2021-07-28,16300,16550,16000,16050,907346,-2.43161094224924,37245200,812500,13694190600,973336000,64999250,61383900,10846979350,3732221800,14705584300
2021-07-29,16150,16250,15750,15900,672751,-0.9345794392523363,7553150,797500,10237171050,476042150,62116000,5938500,7651244600,3002264750,10721563850
2021-07-30,15900,15950,15550,15600,540761,-1.8867924528301887,31200350,0,7902382950,543053550,38552450,3049250,6751899500,1683135650,8476636850
2021-08-02,15750,15850,15600,15750,306021,0.9615384615384616,229767200,2079000,4251766650,325978050,12027450,31300,3734402050,1063130100,4809590900
2021-08-03,15700,16150,15700,15850,650809,0.6349206349206349,355520700,12879000,8985140000,1010625950,52779900,4740000,8450030400,1856615350,10364165650
2021-08-04,15950,16050,15700,16050,563869,1.2618296529968454,9097400,11567500,8727837600,202544550,855675900,98570000,7339990250,656810900,8951047050
2021-08-05,16050,16450,15950,16350,1479912,1.8691588785046727,1592065400,206900000,17606647050,4620397800,445780950,159453600,22551873550,868902150,24026010250
2021-08-06,16450,16600,16300,16450,1195860,0.6116207951070336,2691004250,93283200,14802020000,2079371550,47242700,123225000,17553770400,1941440900,19665679000
2021-08-09,16750,18050,16650,17400,12152992,5.775075987841945,2098532650,544663800,182465652950,28001986550,1110035950,1258661950,190506065050,20236073000,213110835950
2021-08-10,17450,17600,16900,17200,2560112,-1.1494252873563218,66347450,103933250,40078339750,3637987450,126915650,186168850,38977806400,4595717000,43886607900
2021-08-11,17100,17200,16200,16200,2871941,-5.813953488372093,310290000,35051100,45832404200,1228898450,1441864300,135690350,34150347150,11678741950,47406643750
2021-08-12,16100,16600,16100,16400,1318994,1.2345679012345678,10959750,180709800,19995506750,1388050850,28398850,91881300,18287028700,3167918300,21575227150
2021-08-13,16400,16400,15700,16000,1222709,-2.4390243902439024,204219250,70259800,18088746850,1186903800,23505350,39699950,18622331750,864592650,19550129700
2021-08-17,16250,16500,15800,16250,1195662,1.5625,616595200,58263850,17638187400,985838050,223766950,210526600,16909998950,1954592000,19298884500
2021-08-18,16150,16850,16100,16700,1450136,2.769230769230769,910854300,85693200,20406923650,2639244350,32364850,74805000,22047148200,1888397450,24042715500
2021-08-19,16450,17900,16450,17300,7105134,3.592814371257485,3063957950,454564050,93062475150,27567419400,1714141850,148869700,112834463750,9450941250,124148416550
2021-08-20,17350,17600,16500,16700,2920174,-3.4682080924855487,475987700,73823800,45072232950,3639121850,102004900,137693700,38876540000,10144927700,49261166300
2021-08-23,16950,17450,16700,17200,2021786,2.9940119760479043,2109757400,84271750,29157240800,3315159200,27522500,114146400,30956019100,3568741150,34666429150
2021-08-24,17500,18550,17250,17900,7182733,4.069767441860465,5762171000,301375650,115240266950,8325063600,260286700,286575800,120215325250,8866689450,129628877200
2021-08-25,18250,19750,18200,18650,16442091,4.189944134078212,4270810850,253295600,286448173850,24386842450,1968561850,372916650,293979080150,19038564100,315359122750
2021-08-26,18900,19450,18400,19150,5756202,2.680965147453083,2875802300,374014200,84166050200,22056222250,1009261350,320118400,100464594900,7678114300,109472088950
2021-08-27,19000,19050,18350,18650,2436560,-2.610966057441253,1146537850,178786600,41623484350,2558735400,1577133700,186828350,37531683950,6211898200,45507544200
2021-08-30,18650,18850,18150,18700,1679858,0.2680965147453083,462404900,14997400,28414605100,2284068300,219676650,7470000,28194825800,2754103250,31176075700
2021-08-31,18650,18900,18250,18500,1256214,-1.06951871657754,587130450,19802450,21274949300,1269370950,521938650,42181400,19266462900,3320670200,23151253150
2021-09-01,18350,18650,18100,18550,1151141,0.2702702702702703,1255266800,75444100,18413529150,1392173850,56719650,420405200,17504498750,3154790300,21136413900
2021-09-02,18600,18750,18300,18700,1050594,0.8086253369272237,1411847050,99448500,16944082700,1039514100,3038200,32335000,16883939900,2575579250,19494892350
2021-09-03,18800,19050,18450,18500,1212297,-1.06951871657754,720007000,24774500,21215665950,682158100,85537250,34280400,16894640600,5628147300,22642605550
2021-09-06,18550,18550,18100,18350,724098,-0.8108108108108109,43136700,1830000,11627861250,1577574950,34318350,1155850,12466172050,748756650,13250402900
2021-09-07,18350,18400,18050,18100,703842,-1.3623978201634876,6565050,7255000,12090124600,672338800,459841050,75079700,12093107800,148254900,12776283450
2021-09-08,18000,18300,17800,18200,1060256,0.5524861878453038,93217250,17497900,17555256100,1476267050,433850,39178050,15875868450,3226757950,19142238300
2021-09-09,18100,18200,17800,17850,678514,-1.9230769230769231,176499900,1790000,11439142550,536776350,32329500,98608000,11147363650,875907650,12154208800
2021-09-10,17900,18150,17500,17650,719718,-1.1204481792717087,9125600,494200,11734317350,1040532300,525167650,22367150,11515908650,721026000,12784469450
2021-09-13,17450,17950,17400,17400,717811,-1.41643059490085,448470450,0,10439673550,1718410050,720710250,26380900,10471767350,1387695550,12606554050
2021-09-14,17450,17650,17300,17300,566920,-0.5747126436781609,3694250,27810000,9162383400,682092350,140134150,0,8572373800,1163472050,9875980000
2021-09-15,17250,17550,17050,17200,758305,-0.5780346820809248,2971800,19354500,12317561350,735208600,498136650,105142900,10218216650,2253600050,13075096250
2021-09-16,17300,17350,16850,17000,824644,-1.1627906976744187,20595350,13480000,12955587500,1019947900,2178786900,228066700,10633789100,968968050,14009610750
2021-09-17,17050,17600,16850,17550,1033248,3.2352941176470593,371548000,115646900,16368276150,1100344000,20587400,9599950,12731236200,5194391500,17955815050
2021-09-23,17350,17500,17150,17200,482240,-1.9943019943019942,4677650,867500,7247765050,1079469550,373552050,39923500,6952548950,966755250,8332779750
2021-09-24,17450,17650,17200,17300,519406,0.5813953488372093,10672550,20195000,8494411150,511071300,32530650,17500,7412454400,1591347450,9036350000
2021-09-27,17200,17300,16900,17150,406299,-0.8670520231213872,272880550,9051200,5928037000,731789500,52912200,41439000,6294244800,553162250,6941758250
2021-09-28,17750,17900,17050,17100,1004838,-0.2915451895043732,258694150,29261550,15555860800,1696441950,191763900,24898750,12598688100,4724907700,17540258450
2021-09-29,16700,16900,16500,16800,761853,-1.7543859649122806,130485100,8275000,11265174150,1293526450,1247582450,0,10262652250,1187226000,12697460700
2021-09-30,16700,16800,16550,16750,398879,-0.2976190476190476,155260250,19033100,5774499150,711738400,82661100,284750,5153385250,1424199800,6660530900
2021-10-01,16700,17100,16350,16400,710235,-2.0895522388059704,720124300,10921550,10160836200,906094400,617098600,9448500,9777567200,1393862150,11797976450
2021-10-05,16100,16350,15650,16050,721079,-2.1341463414634148,33900250,385032000,9130596950,1961393050,210519300,290971400,9987047650,1022383900,11510922250
2021-10-06,16200,16400,15350,15400,736058,-4.049844236760125,129914400,106620700,9982806650,1326878650,18475800,280208950,9734755200,1512780450,11546220400
2021-10-07,15600,16250,15550,16150,589844,4.870129870129871,462703650,2094650,6835012700,2085630750,26904950,69883050,8099865250,1188788500,9385441750
2021-10-08,16300,16400,15900,16350,474502,1.238390092879257,1154995450,61070300,4854861550,1600011300,27373200,272563250,5781694250,1589307900,7670938600
2021-10-12,16450,16650,16050,16450,499079,0.6116207951070336,283824400,2968000,6448169850,1447844700,246973700,4425050,6459511700,1471896500,8182806950
2021-10-13,16450,16600,16000,16200,416748,-1.5197568389057752,164630200,2422500,6442634050,181374950,747931100,0,4999951400,1043179200,6791061700
2021-10-14,16300,16700,16250,16600,535051,2.4691358024691357,232600400,12528900,7725928850,858273150,858537150,316350,7488379450,482098350,8829331300
2021-10-15,16850,17150,16600,16700,589157,0.6024096385542169,551447900,3340000,8411713000,953900150,354321300,923400,8302977250,1262179100,9920401050
2021-10-18,16800,16800,16350,16700,282311,0.0,432340650,18116100,3670623200,573025750,87834000,0,4260104600,346167100,4694105700
2021-10-19,16850,16850,16650,16800,281318,0.5988023952095809,45720150,15700500,3945406550,706792150,11826800,0,4273831950,427960600,4713619350
2021-10-20,17000,17200,16700,16800,556124,0.0,204860250,48699050,8228288100,973236750,277784400,17050000,7861220100,1299029650,9455084150
2021-10-21,16850,16950,16350,16600,421533,-1.1904761904761905,45555000,9184500,5403312400,1527852400,812719900,1685000,5315929250,855570150,6985904300
2021-10-22,16550,16750,16350,16550,258337,-0.30120481927710846,23023600,0,3308826550,958247350,16550,0,3951255000,338825950,4290097500
2021-10-25,16550,16800,16350,16800,294524,1.5105740181268883,563401050,3605500,3432631600,878200350,210022550,54015000,4232347100,381453850,4877838500
2021-10-26,16850,17250,16700,17050,602720,1.488095238095238,274598950,20225150,9615917400,372138350,182468200,8425000,9024622900,1067363750,10282879850
2021-10-27,17150,17400,17000,17200,566267,0.8797653958944283,552060950,19255000,7884859850,1287575900,22837800,1720000,9136926400,582267500,9743751700
2021-10-28,17400,18000,17250,17850,1751400,3.77906976744186,985039200,426608700,23902206900,5767093550,20424700,24873000,27769693450,3265957200,31080948350
2021-10-29,18000,18050,17150,17150,815272,-3.9215686274509802,12935800,53382850,13621221800,590401600,378400,12494150,12023057500,2242012000,14277942050
2021-11-01,17300,17400,17000,17150,442143,0.0,191276450,104557450,6337307450,969802700,10695900,103200000,6725335450,763712700,7602944050
2021-11-02,17350,17750,17300,17550,687975,2.3323615160349855,749686900,342902250,9385274550,1587935650,20165600,93095000,10859165950,1093372800,12065799350
2021-11-03,17750,17800,17400,17450,435098,-0.5698005698005698,221248700,152034950,6849862050,408907200,22808800,8800000,6439870300,1160573800,7632052900
2021-11-04,17650,17850,17500,17600,532655,0.8595988538681949,544579250,1767500,7371867200,1482104050,12684700,32222800,8664845800,690564700,9400318000
2021-11-05,17950,18700,17900,18500,3902822,5.113636363636364,8445054900,116964550,53354221450,9914380650,1055885250,702019850,65140513200,4932203250,71830621550
2021-11-08,18900,19000,18450,18650,2021298,0.8108108108108109,1370622700,158081450,34415581600,1877590100,346657200,96872500,32192972750,5185373400,37821875850
2021-11-09,18550,19100,18400,18800,1432859,0.8042895442359249,646510750,163511500,22154652100,3930659700,492214150,31142500,23848294200,2523683200,26895334050
2021-11-10,18600,19300,18500,19000,1887537,1.0638297872340425,2026233850,70582050,27999301400,5800636800,292336450,197921100,32348126450,3058370100,35896754100
2021-11-11,18900,20200,18650,20150,4995469,6.052631578947368,5322418050,127234750,74456333200,18732924050,1625584500,426807100,88781992050,7804526400,98638910050
2021-11-12,20500,21600,20200,21450,5350582,6.451612903225806,1413924350,204281100,79517884300,31699760800,966505400,223895500,99282127100,12363322550,112835850550
2021-11-15,22300,23000,20650,21000,5190025,-2.097902097902098,2168711150,182293800,97801624900,12038450700,2923522350,397468550,91369027200,17501062450,112191080550
2021-11-16,20850,21950,20150,21200,3428273,0.9523809523809524,297431200,163246550,59287160900,12429461650,634689200,152834900,63463715450,7926060750,72177300300
2021-11-17,20950,22500,20700,21900,3496530,3.30188679245283,5174181550,87140550,54368208200,16855841250,1364533400,100667700,67763143000,7257027450,76485371550
2021-11-18,22050,22350,21150,22300,2013539,1.82648401826484,1497776600,110705900,36401075300,6061242850,1333800150,27334350,37987016200,4722649950,44070800650
2021-11-19,22450,22650,21500,21750,1636923,-2.4663677130044843,1203215700,81618150,30544483900,3938800200,979700600,154137850,27404281350,7229998150,35768117950
2021-11-22,21900,22800,21500,22550,2981224,3.67816091954023,2868002850,282762750,55381969300,7959525850,382830450,116615950,58776055800,7216758550,66492260750
2021-11-23,22550,22850,21600,21750,1439175,-3.5476718403547673,347690500,166971500,26609360350,4552475850,232291800,97484450,24870816850,6475905100,31676498200
2021-11-24,21850,22100,20850,21500,1835704,-1.1494252873563218,970015250,396025000,24110468100,13641689100,3499278050,92296100,31627891400,3898731900,39118197450
2021-11-25,21950,22450,21450,21500,1765306,0.0,766661650,136430700,31759227950,5818882800,628112850,112154000,29153017950,8587918300,38481203100
2021-11-26,21500,22650,21400,21650,2476531,0.6976744186046512,1879513450,157012450,37718815750,14884824400,856784700,221340000,48893181150,4668860200,54640166050
2021-11-29,20800,21350,20550,20900,1579813,-3.4642032332563506,506760300,163255950,26139790650,6298404000,1695491100,165335600,25829381700,5418002500,33108210900
2021-11-30,21300,21450,19300,19900,2189449,-4.784688995215311,424060300,146309400,30340937100,13745649250,1145496200,14356800,33294703450,10202399600,44656956050
2021-12-01,20000,20250,19050,20100,2097054,1.0050251256281406,3333131200,114421400,29618534850,8142133250,3648868250,240370000,27427609350,9891373100,41208220700
2021-12-02,19600,20350,19500,19900,968950,-0.9950248756218906,331822900,64168550,16886191350,2074388700,552311050,42648400,13406189000,5355423050,19356571500
2021-12-03,19800,20100,19600,20000,726420,0.5025125628140703,20736250,56678900,11818009400,2526653400,190344200,9758950,10822397500,3399577300,14422077950
2021-12-06,19700,20600,19600,20450,1016691,2.25,1600215500,190919900,16696514550,2183510000,202483750,7008050,15589253550,4872414600,20671159950
2021-12-07,20700,20750,19750,20000,1013168,-2.2004889975550124,1197533900,46964000,17941585850,1212260350,2263019750,56469600,12407337450,5671517300,20398344100
2021-12-08,20400,20600,19900,20100,774301,0.5,36204900,6704200,12874478600,2765989500,78404300,12150000,13391159550,2201663350,15683377200
2021-12-09,20000,20300,19800,20200,437099,0.4975124378109453,166179600,109580200,5776317200,2724186350,444804750,8050000,7674359000,649049600,8776263350
2021-12-10,19950,20150,19850,19900,374256,-1.4851485148514851,384868300,10870950,6232931050,836629500,494445200,67594600,6057733150,845526850,7465299800
2021-12-13,19950,20600,19900,20350,1074752,2.261306532663317,1467040300,137688050,17562590300,2888129000,72180800,37448900,20243832200,1701985750,22055447650
2021-12-14,21550,21900,20350,20600,4176057,1.2285012285012284,4137153900,970315600,79773334500,2702713250,2633434500,254670000,57846421100,26848991650,87583517250
2021-12-15,20500,21000,20450,20650,930204,0.24271844660194172,1629524800,342190550,14278562500,3053188650,221312750,63040400,16769644350,2249469000,19303466500
2021-12-16,21000,21000,20600,20750,881144,0.48426150121065376,1129594550,243655600,14243432600,2680743350,957056050,253262300,14324901450,2762206300,18297426100
2021-12-17,20300,20550,20150,20400,745005,-1.6867469879518073,857183450,179098050,11331364700,2771320800,739158800,94025550,11148511750,3157270900,15138967000
2021-12-20,20300,20900,20100,20300,586147,-0.49019607843137253,714581800,228663500,9284771300,1764362750,294958200,82588100,10057088300,1557744750,11992379350
2021-12-21,20500,20850,20000,20850,739925,2.70935960591133,272265050,60400150,11653729250,3142776550,309159950,98783050,12590410450,2130817550,15129171000
2021-12-22,21100,23050,20700,22800,6658713,9.352517985611511,5549120600,303426700,107368211500,35822624800,565508750,99320100,138722503450,9656051300,149043383600
2021-12-23,22800,23750,22650,23250,3852069,1.9736842105263157,5906536700,789444400,69164534550,13794666450,1143587400,160644200,77614377150,10736573350,89655182100
2021-12-24,23800,23800,22750,23550,1770947,1.2903225806451613,2098059700,24354550,31064719950,8149565950,2299959600,142319000,35745272250,3149149300,41336700150
2021-12-27,23400,24350,23350,23750,1347190,0.8492569002123143,3060434650,34634150,24850073700,4228034700,926275650,324892550,26837654050,4084354950,32173177200
2021-12-28,23800,24650,23500,24550,1597037,3.3684210526315788,4223720450,375748650,25665818250,8394125550,376798500,265296800,34069989300,3947328300,38659412900
2021-12-29,24450,25050,23800,24000,1612534,-2.240325865580448,227386900,139015500,32222270400,6648098350,2150477350,227521600,29841549850,7017222350,39236771150
2021-12-30,24050,25450,24000,24900,2698712,3.75,3121075700,155872800,48534852000,15389220250,1365586250,124049600,55532751750,10178633150,67201020750
2022-01-03,25100,25150,24400,24600,912596,-1.2048192771084338,350179450,125972900,20950579300,1063347850,901495450,83573550,14721887250,6783123250,22490079500
2022-01-04,24800,24800,23700,24050,1305960,-2.2357723577235773,962978850,31781250,24558622550,5917250550,1615133750,243972300,26738677050,2872850100,31470633200
2022-01-05,23750,23850,22550,22900,1582768,-4.781704781704782,777033450,291299500,29142176200,6168053100,2260270850,314680250,29264814800,4538796350,36378562250
2022-01-06,22250,22850,22150,22200,1370915,-3.056768558951965,532055350,490571550,24551296650,5182695850,3071358350,635097600,20839617550,6210545900,30756619400
2022-01-07,22500,23600,22350,23400,1463478,5.405405405405405,6039338200,1046983300,23014332900,3673140300,422947950,38484000,23950600050,9361762700,33773794700
2022-01-10,23250,23350,22700,23050,642439,-1.4957264957264957,1162835950,51032550,10983120000,2543809950,343836500,34853650,9729781400,4632326900,14740798450
2022-01-11,23150,23400,22250,22400,774817,-2.8199566160520604,1824352100,55971950,14548364050,1030347850,999480600,55891300,11199181050,5204483000,17459035950
2022-01-12,22850,23150,22400,22700,673785,1.3392857142857142,626122700,107899200,13795705550,770600450,582206300,16836600,9705128000,4996157000,15300327900
2022-01-13,22800,23250,22500,23100,728307,1.762114537444934,1925334950,480565350,12520105550,1803606700,749375050,38686700,12035851500,3905699300,16729612550
2022-01-14,22750,23300,22600,23100,909278,0.0,2318264450,41677950,16834711850,1657794600,2266783900,46197250,13777907850,4761559850,20852448850
2022-01-17,23250,23850,22900,23150,810462,0.21645021645021645,830695700,63264150,16152035200,1842976950,146112450,102468950,12434886650,6205503950,18888972000
2022-01-18,23150,24300,22850,23450,1607996,1.2958963282937366,2437332850,97232150,27782156050,7790368050,426801800,23931000,29039347950,8617008350,38107089100
2022-01-19,23050,23300,22450,22650,972575,-3.411513859275053,441184950,6956550,19073877750,2644172800,732063100,22562350,14203418100,7208148500,22166192050
2022-01-20,22500,22950,22000,22900,842305,1.1037527593818985,201909000,169725550,15036471400,3527951050,1168333450,17165400,14776111500,2974446650,18936057000
2022-01-21,22800,23800,21600,21800,1995868,-4.8034934497816595,2337217300,37018350,37740026750,4565156550,4528769200,94920700,27794521100,12261207950,44679418950
2022-01-24,21550,22200,21450,21950,998299,0.6880733944954129,2317586100,242198750,13393023000,5909725550,1170949000,381900000,16509828200,3799856200,21862533400
2022-01-25,22200,22550,21600,22300,1185804,1.5945330296127564,1659059750,137635500,19601816400,4793719450,674507550,23838000,19165979000,6327906550,26192231100
2022-01-26,22300,22400,21450,21450,907150,-3.811659192825112,640817450,52153600,17990200100,1015127050,980821300,11114550,11484081950,7222280400,19698298200
2022-01-27,21650,22050,20800,21150,1011233,-1.3986013986013985,830825150,75472000,14475598650,6230377050,2128304400,14405000,16566452250,2903111200,21612272850
2022-01-28,21300,22100,20150,21900,1272270,3.546099290780142,1430383300,97695750,19366856800,6329436750,831993200,1535000,20900218050,5490626350,27224372600
2022-02-03,22550,22600,21800,21800,784289,-0.45662100456621,505675300,27452750,14857505950,1940873450,1046405550,280693600,10637180250,5367228050,17331507450
2022-02-04,21850,22750,21800,22550,1094619,3.4403669724770642,1551407900,37242850,19659020750,3319160100,164930450,65553800,21856070100,2480277250,24566831600
2022-02-07,22600,22850,22200,22750,591520,0.8869179600886918,272499100,550004450,11556846150,961556200,647856800,63832600,10284174800,2345041700,13340905900
2022-02-08,22800,22850,21450,21800,1032225,-4.175824175824175,668934850,57643500,20812467400,1230409950,1500124300,162558900,16404480700,4702291800,22769455700
2022-02-09,22150,22300,21950,22100,430861,1.3761467889908259,226074150,281563050,6774064100,2238755150,155424550,1090250,8017093350,1346848300,9520456450
2022-02-10,22350,22700,22150,22300,624015,0.904977375565611,788363000,133296800,11033628150,2022472100,145010300,35816850,11658842150,2138090750,13977760050
2022-02-11,21900,22700,21400,22250,886348,-0.2242152466367713,3173922500,57584150,12372073500,4209130000,971360500,8786000,17083808350,1748755300,19812710150
2022-02-14,21850,22150,21050,21100,846757,-5.168539325842696,532089650,90556450,16180452400,1337061100,1923324200,158202500,11203284850,4855348050,18140159600
2022-02-15,21150,21350,20500,20600,634965,-2.3696682464454977,302627550,61006100,10279924000,2534099350,1533703100,42797800,10287912000,1313244100,13177657000
2022-02-16,21250,21550,20950,21400,502897,3.8834951456310676,1021266200,9462100,8068979250,1579163200,296995900,22029800,8434490700,1925354350,10678870750
2022-02-17,21500,22200,21000,21650,861491,1.1682242990654206,344632500,26603600,11125567950,7282025500,81385200,152722400,15082731800,3461990150,18778829550
2022-02-18,21150,22350,21100,22200,944866,2.5404157043879905,346721550,20456000,15979963750,4440595300,73207450,196445400,17545672700,2972411050,20787736600
2022-02-21,21800,22300,21650,22050,441191,-0.6756756756756757,205882400,15440000,8336414200,1140449300,173358250,1105000,6715494900,2808227750,9698185900
2022-02-22,21500,22350,21500,22150,718535,0.45351473922902497,1944935650,7522150,11732542200,2167344200,193689150,1134650,13475601150,2181919250,15852344200
2022-02-23,22400,23550,22200,23400,1594744,5.643340857787811,4510872400,200761000,26758640650,5232561050,272732150,34998650,33847901400,2547202900,36702835100
2022-02-24,23550,24400,22900,22950,3485812,-1.9230769230769231,4193577750,296673450,63739281300,14238439950,2792123950,299251850,66757033900,12619562750,82467972450
2022-02-25,23900,25200,23700,25050,4517416,9.15032679738562,5996831750,653815100,72022690700,32924346100,1754670900,314917500,101524902500,8003192750,111597683650
2022-02-28,25050,25450,24400,24850,1654252,-0.7984031936127743,384212700,100815950,34052742000,6560536050,1906911250,222019650,28818789650,10150586150,41098306700
2022-03-02,24550,24800,23900,24200,1279259,-2.61569416498994,1876097400,53124000,26236658950,2847051850,1110179450,89305050,21714788500,8098659200,31012932200
2022-03-03,24650,24850,24000,24150,1828730,-0.2066115702479339,626819650,34894600,39215726050,4680634950,1685407550,31777750,34623537900,8217352050,44558075250
2022-03-04,24350,24800,24150,24500,1091417,1.4492753623188406,695302700,140135850,17223360150,8739907300,1043179950,118581200,21501373850,4135571000,26798706000
2022-03-07,24200,24750,24050,24100,844196,-1.6326530612244898,1589147600,31859900,16542407050,2377313800,2111369050,185851150,15684460900,2559047250,20540728350
2022-03-08,23600,23900,23100,23150,1021612,-3.941908713692946,978852700,48144200,18729555800,4160876600,2812134100,98751300,16328251650,4678292250,23917429300
2022-03-10,23950,24000,23300,23400,677235,1.079913606911447,795743450,48284300,13446149000,1738690950,965699250,80898050,11294443050,3687827350,16028867700
2022-03-11,23600,24250,23200,23650,832106,1.0683760683760684,859626950,12956500,14740943050,4143977850,208454550,129851750,15170682300,4248515750,19757504350
2022-03-14,23700,23900,23100,23700,590954,0.21141649048625794,1209991900,40185950,10901143550,1730171800,606887250,147068200,10704976600,2422561150,13881493200
2022-03-15,23650,23750,23000,23050,467908,-2.7426160337552745,47953950,55341200,10177349350,616300250,1181180350,2348300,7038440300,2674975800,10896944750
2022-03-16,23600,24500,23550,24450,1136632,6.073752711496746,1751014150,216550200,18742116500,6734444800,176755650,173511600,24328868700,2764989700,27444125650
2022-03-17,25050,25100,24300,24400,904121,-0.2044989775051125,1836411750,81145200,17275163800,3100623100,345877950,76613200,16737311600,5133541100,22293343850
2022-03-18,24850,26750,24700,26350,3979640,7.991803278688526,2996228800,145518300,68850654200,32063156950,1703977250,556624250,92217693000,9577263750,104055558250
2022-03-21,26450,27000,26150,26600,1316335,0.9487666034155597,1038713650,8020200,26116575850,7939607850,781279800,187809050,28071008850,6062819850,35102917550
2022-03-22,27050,28700,26650,28050,2623931,5.451127819548872,4358808000,365660200,51621737350,16898587300,3493032850,880062150,57609687600,11262010250,73244792850
2022-03-23,28500,28950,28050,28500,1806197,1.6042780748663104,1138986300,12801150,31964933700,18400933350,3480889200,99959700,40891264150,7045541450,51517654500
2022-03-24,28100,29500,28100,29100,1506317,2.1052631578947367,2424252650,87378950,29142116600,12118756100,3217039600,227296550,34715928750,5612239400,43772504300
2022-03-25,29350,29600,28750,29200,1015411,0.3436426116838488,662736400,168476550,18469708700,10422018600,2122350850,96693500,23403221700,4100674200,29722940250
2022-03-28,29000,29500,28400,29100,936335,-0.3424657534246575,2169685600,0,19539028700,5449788050,1924752600,41358000,20550408250,4641983500,27158502350
2022-03-29,29300,29400,27400,28300,2303548,-2.7491408934707904,4829611650,233549900,49124181100,10141014850,4829494150,870574850,50044618650,8583669850,64328357500
2022-03-30,28700,29000,28000,28900,1001312,2.1201413427561837,1085749400,127786900,20454613400,6972347400,325980800,254828200,23599874400,4459813700,28640497100
2022-03-31,28650,28800,28000,28400,830401,-1.7301038062283738,1194981500,236442750,19051231450,3034023800,986904800,97232250,18235759450,4196783000,23516679500
2022-04-01,28200,28750,27850,27900,829063,-1.7605633802816902,465395050,132601150,18378563900,4450019300,2711640300,165978250,17328192300,3220768550,23426579400
2022-04-04,27800,28150,27500,28100,615282,0.7168458781362007,251595400,72842150,12240270950,4553594050,3205767350,971210150,10863914550,2077410500,17118302550
2022-04-05,28050,28350,27400,27600,783446,-1.7793594306049825,716240650,30268350,18658227450,2274501700,4163263150,301024750,12986753400,4228196850,21679238150
2022-04-06,27250,28050,27150,27750,791790,0.5434782608695652,1253019350,137188150,13825587950,6740567650,3727318850,1865950,13177970100,5049208200,21956363100
2022-04-07,27500,28850,27450,28450,1401833,2.5225225225225225,1529132150,123612900,28783002300,9433556000,19869350,151406300,31019904500,8678123200,39869303350
2022-04-08,28800,28850,28000,28500,676456,0.17574692442882248,36158800,84613900,17109641150,1938069250,148684200,45594750,13045905800,5928298350,19168483100
2022-04-11,28450,28450,27750,27850,419825,-2.280701754385965,26640200,1392500,10257175100,1482138200,217661400,98546450,9446434650,2004703500,11767346000
2022-04-12,27400,28300,27300,28250,463138,1.436265709156194,912728250,84170350,9009746950,2944502200,789705700,34429950,9995358150,2131653950,12951147750
2022-04-13,28400,28900,27850,28800,890798,1.9469026548672566,1516533650,351733250,19588043000,3883809350,1023347300,75665500,17985956400,6255150050,25340119250
2022-04-14,28800,29200,27600,28250,1155188,-1.9097222222222223,1812162450,495444350,28606377550,1659460050,673522150,8723100,19915294400,11975904750,32573444400
2022-04-15,27850,30600,27850,30100,2878862,6.548672566371681,2318419650,737753250,62627418700,19790050150,2997446350,538320000,74145791650,7792083750,85473641750
2022-04-18,29750,30150,28800,29600,1361810,-1.6611295681063125,2635865550,83614650,33966372850,3484740500,426313400,45134500,25313477050,14385668600,40170593550
2022-04-19,30250,30950,29450,29800,1677416,0.6756756756756757,3177944850,215502200,40081095050,7045275400,2076806050,234281600,35084446850,13124283000,50519817500
2022-04-20,29800,31700,29700,30750,2275654,3.1879194630872485,4479882550,139500500,46572467800,19392963700,2188186350,860101200,58094744700,9441782300,70584814550
2022-04-21,30950,31000,30450,30700,732903,-0.16260162601626016,1917582150,68132600,17662417850,3007017450,1539585350,45936850,16329371850,4740256000,22655150050
2022-04-22,31950,32200,30700,31150,1824822,1.4657980456026058,1063282650,354539900,51725521700,3964081550,6889624200,217488450,34611444100,15388869050,57107425800
2022-04-25,30450,31950,30400,31000,1275387,-0.4815409309791332,4290086600,225281700,27304513600,8066370850,1935318750,122784000,33351435750,4476714250,39886252750
2022-04-26,31400,31750,30600,31300,778579,0.967741935483871,3703105150,3100000,15166050300,5469190550,1182457000,89698350,17238079350,5831211300,24341446000
2022-04-27,30600,31450,30500,31000,794711,-0.9584664536741214,487974850,560923200,17654993650,5912391100,796086750,28623850,19697917950,4093654250,24616282800
2022-04-28,31150,31200,29700,30050,974902,-3.064516129032258,152928200,9721650,21901066700,7458231100,1007162000,39620900,23756771150,4718393600,29521947650
2022-04-29,30250,30750,29950,30600,525650,1.8302828618968388,736512800,18587300,10486318350,4725773000,12024250,16038050,13098070200,2841058950,15967191450
2022-05-02,30250,31150,30200,30700,458291,0.32679738562091504,1741235900,66634600,9221425550,3085769750,468551400,3065000,10184198550,3459250850,14115065800
2022-05-03,31000,32100,30950,31800,880058,3.5830618892508146,2167337900,39187700,18881347800,6794965800,508656850,0,23532313300,3841869050,27882839200
2022-05-04,32150,32350,30950,31050,735916,-2.358490566037736,316364950,78630000,19107474400,3757168500,316148700,96907800,18213508250,4633073100,23259637850
2022-05-06,30650,31500,30450,30950,470338,-0.322061191626409,864418200,27600750,9376161200,4339799900,759776500,34603700,9760527850,4053072000,14607980050
2022-05-09,30850,30850,28550,28600,1263825,-7.592891760904685,648184900,30054300,31119734450,5247165000,3269933100,423369000,27089758150,6262078400,37045138650
2022-05-10,27800,30400,27750,30400,1461494,6.293706293706294,4316635550,250923800,27083404800,11002234300,1600386700,131073850,30928958400,9992779500,42653198450
2022-05-11,30450,31350,30250,30900,869264,1.644736842105263,2532744000,43380550,16823762850,7477313350,688380100,513793900,20690735800,4984290950,26877200750
2022-05-12,30500,31350,29900,30100,751960,-2.5889967637540456,1514708750,119954400,19279770600,2094586100,208766050,131223300,16053753150,6615277350,23009019850
2022-05-13,30550,31600,30450,31250,1026766,3.820598006644518,1567759700,156024650,24998860600,5211892250,607313100,94388750,25032181600,6200653750,31934537200
2022-05-16,31550,31600,29900,30350,1377966,-2.88,3028013000,218368600,37443901500,1393346750,5311688900,435576700,24751233950,11585130300,42083629850
2022-05-17,30450,31050,30250,30950,674258,1.9769357495881383,2846814800,132583550,12418273650,5374136900,2197079900,85360150,17286388900,1202979950,20771808900
2022-05-18,31300,33500,31100,33050,3990353,6.78513731825525,4759058550,1654114150,84607557100,39173073500,1989757300,57232500,113103272400,15043541100,130193803300
2022-05-19,32150,33900,32100,33400,1613104,1.059001512859304,2924116000,916378150,41513707400,7933755000,620969500,589472350,40813505850,11264008850,53287956550
2022-05-20,33150,33650,32500,33450,912346,0.14970059880239522,2461121100,65531250,21468991650,6282211800,872070700,538791100,22708350050,6158643950,30277855800
2022-05-23,33450,33750,32650,33200,528359,-0.7473841554559043,520720450,46181700,12677347700,4244373600,1228520600,50127250,13138470650,3071504950,17488623450
2022-05-24,33000,33050,31350,31650,924254,-4.66867469879518,383635750,88471800,25579620250,3552876150,3195045850,244054300,22136611900,4028891900,29604603950
2022-05-25,31800,32950,31350,32500,787397,2.6856240126382307,4876983050,316332300,13073663700,7263591650,896633500,38036500,19496793050,5099107650,25530570700
2022-05-26,33050,33700,32150,32300,640005,-0.6153846153846154,1680711000,205023050,15944946300,3290682850,1372623700,196507950,14726456950,4825774600,21121363200
2022-05-27,32950,33250,32400,32500,351828,0.6191950464396285,1591493200,144734500,8435379900,1338193400,210360750,51450550,9954498600,1293491100,11509801000
2022-05-30,33050,33550,32800,33500,516793,3.076923076923077,1718980000,155883900,12311957150,3055141200,156574350,3369800,15838348000,1243670100,17241962250
2022-05-31,33650,34100,33400,33450,642785,-0.1492537313432836,979472200,40932800,14321648300,6300979000,1592161600,16857900,14330818900,5703193900,21643032300
2022-06-02,33450,33450,32600,32750,596083,-2.092675635276532,1981490200,29337700,14502331750,3089228900,7250910550,90640850,11208820000,1052017150,19602388550
2022-06-03,32650,32900,30500,30800,2389340,-5.9541984732824424,1776735800,902484700,66524222400,4992853700,12099623600,613122100,52169514700,9314036200,74196296600
2022-06-07,30500,31400,30100,30750,1040719,-0.16233766233766234,690689950,349065850,22434517900,8642164450,1284035050,97262100,25993853800,4741287200,32116438150
2022-06-08,31100,31150,30500,30700,461398,-0.16260162601626016,1226195950,37946050,11239248900,1683944400,1226109250,45382500,9598736750,3317106800,14187335300
2022-06-09,30700,31100,30550,31000,507945,0.9771986970684038,841277400,6014500,8858657100,5968767950,1654072650,18723700,10973534600,3028386000,15674716950
2022-06-10,30800,31000,30200,30300,520508,-2.258064516129032,2350025500,73472800,11474937500,1958708950,3487807550,5490000,9195992500,3167854700,15857144750
2022-06-13,29500,29950,29200,29250,835379,-3.4653465346534658,1764333850,10666700,13275470700,9558335900,4784478800,573128100,17716272100,1534928150,24608807150
2022-06-14,29150,30600,28850,30600,990461,4.615384615384616,4100222350,677753400,18915653600,5815842250,970974100,77456650,20968543800,7492497050,29509471600
2022-06-15,30600,31300,30250,30650,903476,0.16339869281045752,598326450,141092300,19135924250,7878577600,622452250,97514050,19668770900,7365183400,27753920600
2022-06-16,31300,31350,28600,28950,1351162,-5.5464926590538335,182084500,476212200,33958599700,5805030100,6485123450,370868650,24796574050,8769360350,40421926500
2022-06-17,28250,28650,27550,28500,1230304,-1.5544041450777202,740914600,276941050,22347658250,11222033600,7040482950,93929000,21849370650,5603764900,34587547500
2022-06-20,28700,28750,27050,27550,951054,-3.3333333333333335,82984000,45423450,17704187150,8306110400,2055448700,33248750,21200638850,2849368700,26138705000
2022-06-21,27450,27800,26450,27250,1077210,-1.0889292196007259,705429950,47079300,22159354150,6238671150,1231199700,42362700,21893227350,5983744800,29150534550
2022-06-22,27550,27600,24850,24900,1769409,-8.623853211009175,811034100,132778250,33011803600,11334553250,6039316300,535308300,34068274550,4647270050,45290169200
2022-06-23,24800,25850,24400,24650,1505750,-1.0040160642570282,853318200,274187200,23398482600,13223914450,2458268850,251823400,25830470950,9209339250,37749902450
2022-06-24,25100,26250,24900,26150,1098856,6.085192697768763,1382809550,199948900,15696282500,10971012500,595897800,97510250,19654156400,7902489000,28250053450
2022-06-27,26650,27450,25900,27000,991777,3.2504780114722758,2992034050,160858800,18783965150,4589350350,333757350,72896400,16400154250,9719400350,26526208350
2022-06-28,26950,27950,26850,27350,804145,1.2962962962962963,207743350,94992200,12668218750,9059195450,1879462250,26103150,11210986300,8913598050,22030149750
2022-06-29,26800,27450,26600,27250,550748,-0.3656307129798903,1581609500,46083950,10310253300,2908221700,1032592450,84197000,9302335550,4427043450,14846168450
2022-06-30,27200,27500,26150,26150,822798,-4.036697247706423,1603579500,70462700,12707563300,7530285050,5470224200,8373700,9638617550,6794675100,21911890550
2022-07-01,26250,26650,25550,25700,671006,-1.7208413001912046,1904168200,0,11597157650,3911314850,606292750,17885400,11583422900,5205039650,17412640700
2022-07-04,25950,26200,25100,25550,576737,-0.5836575875486382,1441623800,93642500,10037356650,3205865400,1192991750,26150850,10524640900,3034704850,14778488350
2022-07-05,26050,27050,25900,26500,691656,3.7181996086105675,2331540150,164733600,12869375450,2915632650,982143700,4918000,12865010550,4429209600,18281281850
2022-07-06,26600,27350,26200,26700,802851,0.7547169811320755,4827893100,92796000,12831586500,3839601750,528042750,17008200,16147048700,4899777700,21591877350
2022-07-07,27200,28450,27200,28350,1173815,6.179775280898876,4825517350,443592350,23001156600,4738975200,128798000,284577300,25992913900,6602952300,33009241500
2022-07-08,28800,28850,28000,28150,639395,-0.7054673721340388,1262230050,267410450,15408760400,1234918650,133079250,133483300,12456437300,5450319700,18173319550
2022-07-11,28150,28650,27400,27950,669351,-0.7104795737122558,290567600,21743400,14086376800,4373982300,233434350,47725800,12943620200,5547889750,18772670100
2022-07-12,27600,28000,27200,27400,648558,-1.9677996422182469,335246600,87454850,10559131750,6864447400,1077331200,167894850,11527971700,5073082850,17846280600
2022-07-13,27550,28650,27200,28650,867382,4.562043795620438,876041750,218799150,12487419450,10850955750,338781100,119685550,19272800700,4701948750,24433216100
2022-07-14,28400,28650,27800,28000,547597,-2.2687609075043627,382204800,19128300,14419287350,569755000,1420500300,446400,9043194900,4926233850,15390375450
2022-07-15,28200,28700,27800,27850,630478,-0.5357142857142857,368920600,7201050,13698735850,3676241650,808346400,31573250,12197498350,4713681150,17751099150
2022-07-18,28450,29400,28350,28800,1196334,3.4111310592459607,2219960550,118627150,24213040850,7922398350,1187239650,204341350,27411264050,5671181850,34474026900
2022-07-19,28700,29150,28500,29100,577187,1.0416666666666665,202559050,666950,11473853150,5015617150,178473250,55984650,14584987000,1873251400,16692696300
2022-07-20,29850,30000,28650,28750,764580,-1.202749140893471,1019381050,8076000,19692774500,1598469450,1331559600,43084250,15984482750,4959574400,22318701000
2022-07-21,29100,29250,28700,29100,412718,1.2173913043478262,2047306800,5450200,8110908900,1802646000,674521800,122450900,10028050450,1141288750,11966311900
2022-07-22,29150,29350,28500,28700,495513,-1.3745704467353952,696939350,13360400,11817028550,1789310750,713790350,254649950,12031913750,1316285000,14316639050
2022-07-25,28600,29150,28400,29050,313837,1.2195121951219512,1252083500,28800,6129622750,1648974550,14344150,111359150,7430372700,1474633600,9030709600
2022-07-26,28950,29000,28400,28550,353401,-1.7211703958691909,495643000,56900,8938008650,660944650,322790350,80348050,6465821600,3225693200,10094653200
2022-07-27,28450,28700,28250,28600,314001,0.17513134851138354,872901200,37509100,6223580800,1792172000,1499074400,102443850,5415504050,1909140800,8926163100
2022-07-28,28950,29100,27750,27850,727568,-2.6223776223776225,335557350,16756850,18250930200,1982160600,642041550,55802800,12557206650,7330354000,20585405000
2022-07-29,28100,28900,28050,28450,976972,2.154398563734291,530770200,78620800,18688680000,8525725050,1639755350,21907000,18237383300,7924750400,27823796050
2022-08-01,29250,29750,28850,29700,1167796,4.393673110720562,3925874450,112449850,22384660150,7886517000,570127300,31775250,29267779000,4439819900,34309501450
2022-08-02,29700,30050,29250,29750,631382,0.16835016835016833,2393382250,1664150,13419051950,2920407050,18222600,32591500,14381490350,4302200950,18734505400
2022-08-03,29950,30100,29350,30100,531007,1.1764705882352942,2366865700,27934600,11639995150,1815378750,608015500,2283550,11744495900,3495379250,15850174200
2022-08-04,30400,30450,29600,29750,516390,-1.1627906976744187,155999250,29979400,14405077500,874701600,442962100,298705000,10459952850,4264137800,15465757750
2022-08-05,29900,30100,29150,29250,561750,-1.680672268907563,48582550,471288150,13768806050,2252081550,2706286650,211962650,10832724100,2789784900,16540758300
2022-08-08,29300,29300,28550,29150,459355,-0.3418803418803419,1360103750,107275300,10840810500,933872300,769723100,69696950,10050085150,2352556650,13242061850
2022-08-09,29000,29100,28500,28600,455903,-1.8867924528301887,237613050,18933450,12096319200,712688200,3450077850,122074750,8000433700,1492967600,13065553900
2022-08-10,28150,28150,26900,26950,1078855,-5.769230769230769,238197500,130598050,27811779350,1356431100,5388038550,152699100,20727536700,3268731650,29537006000
2022-08-11,27600,27600,26500,26900,858445,-0.1855287569573284,30535350,125190100,20536810400,2506902000,4127521750,203132950,16154650700,2714132450,23199437850
2022-08-12,26900,27950,26850,27750,603344,3.1598513011152414,613313400,14627350,13200234200,2770975000,527730950,10809050,14156749750,1903860200,16599149950
2022-08-16,28200,28750,27800,28050,653343,1.0810810810810811,584143450,569057300,14201784700,3098160350,11548050,281450,16027289350,2414026950,18453145800
2022-08-17,28100,28300,27550,28100,473567,0.17825311942959002,1557147700,14289550,7674236300,4009487000,443262500,160102950,10271140700,2380654400,13255160550
2022-08-18,28100,28800,27650,28700,523711,2.135231316725979,750432450,51742650,11131660800,2913545450,95992350,100396550,12616643100,2034349350,14847381350
2022-08-19,29050,29300,27900,27950,734320,-2.6132404181184667,483789150,118852400,18588876300,1834864000,249684000,5422750,15566087100,5205188000,21026381850
2022-08-22,27650,28300,27450,27900,363799,-0.17889087656529518,142504300,7688100,7453213650,2547190800,404336250,18027100,8685083550,1043149950,10150596850
2022-08-23,27550,28150,27550,27900,377426,0.0,52092650,3033750,5312652850,5167616050,1072582450,0,7488264500,1974548350,10535395300
2022-08-24,28000,28950,28000,28700,607270,2.867383512544803,362890200,57001950,10286231850,6646275600,135945700,257850,14249741350,2966454700,17352399600
2022-08-25,28800,28800,28000,28600,356020,-0.34843205574912894,172928600,3199500,9123576400,824254350,66382050,286140750,8074826600,1696609450,10123958850
2022-08-26,28950,29300,28550,28650,506288,0.17482517482517482,1239788650,866000,10495030550,2869775900,103674600,291964700,11281169850,2928651950,14605461100
2022-08-29,27200,28200,27100,27150,616767,-5.2356020942408374,178403900,34733850,14528507900,2173375500,942845200,10022200,12765961150,3196192600,16915021150
2022-08-30,27300,27850,27100,27750,319658,2.209944751381215,1021763850,193773350,6612586100,958424100,26475000,66803400,8237967350,455301650,8786547400
2022-08-31,27450,29750,27350,29650,1689343,6.846846846846846,6099969550,169856850,21990179300,20833439250,1332780500,192649150,44232943250,3335072050,49093444950
2022-09-01,29300,30500,29200,29750,1433078,0.33726812816188867,4939726900,430476650,25377868450,12303068900,1056382300,93546500,34866821200,7034390900,43051140900
2022-09-02,30300,30300,29150,29250,714126,-1.680672268907563,131496850,67173450,17680954250,3322613250,62035950,25264650,16888993050,4225944150,21202237800
2022-09-05,29100,29350,27750,27800,622701,-4.957264957264957,684042200,72381100,16233486050,586196150,1255099350,36183300,10576383250,5708439600,17576105500
2022-09-06,27800,28050,27100,27650,618070,-0.539568345323741,1047322450,33629750,14573455350,1305990850,247504450,114064150,10490832250,6107997550,16960398400
2022-09-07,27300,27500,26650,26950,446359,-2.5316455696202533,76250950,11850300,10841091800,1123522900,492383950,194704650,9133321350,2232306000,12052715950
2022-09-08,27200,27300,26750,26800,364398,-0.5565862708719851,223777950,12838100,8607563950,1000571000,909609450,462350,5946595500,2988083700,9844751000
2022-09-13,27300,28050,27050,28050,687065,4.664179104477612,2179667600,57623450,13235259650,3506456000,205680350,121026300,15084590850,3567709200,18979006700
2022-09-14,26800,27800,26800,27750,450250,-1.06951871657754,937831150,2413900,9092777650,2280035150,114521700,2076400,10480550450,1715909300,12313057850
2022-09-15,27900,27950,27100,27150,336330,-2.1621621621621623,81141200,3831650,8278664450,863023500,1008416500,0,6495936900,1722307400,9226660800
2022-09-16,26900,27450,26900,27400,250807,0.9208103130755065,290426850,352700,4013969650,2522844300,177876850,0,5979650050,670066600,6827593500
2022-09-19,27500,27950,27050,27200,352826,-0.7299270072992701,249547150,54550,6639763400,2820043600,67130500,32450950,7766893100,1842934150,9709408700
2022-09-20,27450,27750,27150,27200,212688,0.0,201174850,158294450,4902930300,561669050,47173500,5430000,4711716700,1059748450,5824068650
2022-09-21,27050,27300,26900,27100,214241,-0.3676470588235294,220363850,45121700,4370659650,1158571400,2786400,0,4626743250,1165186950,5794716600
2022-09-22,26800,26850,25850,26150,525249,-3.505535055350553,749323650,120639550,11982870200,909628800,1764205500,29350500,9182553000,2786353200,13762462200
2022-09-23,25950,26150,23400,23400,1524306,-10.51625239005736,612065200,316033250,29568166050,6610388500,3577931600,691077800,22192790000,10644853600,37106653000
2022-09-26,22750,22950,22000,22150,982413,-5.3418803418803416,1030809550,311063050,11808704650,8841755300,665877550,188700100,15179509600,5958245300,21992332550
2022-09-27,22100,22600,21800,22450,599371,1.3544018058690745,355122700,110760150,9371772100,3471401000,738580450,12300000,8717157500,3841018000,13309055950
2022-09-28,22400,22600,21200,21450,631003,-4.4543429844097995,225442350,228019050,8857093500,4370948900,339183850,154250000,9771342850,3416727100,13681503800
2022-09-29,21850,22200,20600,20600,753549,-3.9627039627039626,164633200,141630350,10636067200,5090894700,1053411800,93767750,10513833000,4372212900,16033225450
2022-09-30,20250,21600,20150,21250,744463,3.1553398058252426,2026252250,97964900,6018285700,7516391550,51452550,368040200,11327863050,3911538600,15658894400
2022-10-04,21800,22200,21500,22000,553201,3.5294117647058822,1636408250,18467750,8927913200,1502680350,325506350,130227500,7673890250,3955845450,12085469550
2022-10-05,22550,22650,22200,22250,513742,1.1363636363636365,1486500400,18276600,6290123350,3723835600,289595750,2245000,8180339250,3046555950,11518735950
2022-10-06,22650,23750,22450,23550,552446,5.842696629213483,2489184250,132449750,7775788350,2417013850,244386300,199118450,9783077600,2587853850,12814436200
2022-10-07,23200,24750,22950,24250,745720,2.9723991507431,3147054200,171234250,10859456800,3837725500,293129250,103024500,14009281400,3610035600,18015470750
2022-10-11,23650,23700,23100,23600,420156,-2.6804123711340204,755501700,36646200,5786325050,3254835300,231852150,23644400,6699545250,2878266450,9833308250
2022-10-12,23500,25200,23500,24700,886900,4.661016949152542,2657756450,3228550,12763592500,6503099000,841265000,114167700,16227827850,4744415950,21927676500
2022-10-13,24700,25400,24450,24650,549494,-0.20242914979757085,928116050,416217150,9754659850,2578124850,1329693100,35796500,9629555250,2682073050,13677117900
2022-10-14,25350,25700,24800,25100,510698,1.8255578093306288,673383100,262340850,10356578150,1625326450,305414050,607600,9986852750,2624754150,12917628550
2022-10-17,24700,25450,24350,24750,315143,-1.394422310756972,930970600,86536250,5472035700,1327804750,1062649550,1240000,5046514400,1706943350,7817347300
2022-10-18,25300,25300,24300,24850,322159,0.40404040404040403,303710550,58349450,6665707850,935213700,715112350,88941100,6024564500,1134363600,7962981550
2022-10-19,25050,25550,24550,25200,430330,1.4084507042253522,323050500,396177700,7392268600,2720112700,807051900,146270700,8760862200,1117424700,10831609500
2022-10-20,25350,25700,24500,24500,378148,-2.7777777777777777,61893400,28936600,6960673600,2357752050,587644250,153643800,5131494850,3536472750,9409255650
2022-10-21,24600,24700,24200,24350,171860,-0.6122448979591837,13147850,184745900,3592625650,409811600,227334900,1217500,2396257900,1575520700,4200331000
2022-10-24,24700,25350,24650,25100,348884,3.0800821355236137,348174100,5595850,4870777000,3519355750,197206550,122652000,7733925650,690118500,8743902700
2022-10-25,25200,25650,24850,25100,385080,0.0,654476250,74440800,7461890350,1533911200,757063800,35725200,6073496250,2858433350,9724718600
2022-10-26,25100,25200,24100,24250,424139,-3.386454183266932,277453150,91413500,8194972350,1865100000,819018750,37650000,6636502050,2935768200,10428939000
2022-10-27,24300,24750,23900,24550,346707,1.2371134020618557,564402700,60591600,4841110600,2994758950,493491300,55367900,5735762250,2176242400,8460863850
2022-10-28,24550,24550,23650,23950,467409,-2.4439918533604885,14430900,94765050,7087419300,4008823300,3082249700,36760950,5386084600,2700343300,11205438550
2022-10-31,24450,24700,23950,24600,446160,2.7139874739039667,23434500,129404000,6202429450,4530859400,1393649200,170514150,5066922700,4255041300,10886127350
2022-11-01,24350,25100,24250,25100,338324,2.0325203252032518,197867250,61874550,3622455800,4494291450,408691500,142280750,6232741650,1592775150,8376489050
2022-11-02,25100,25500,24850,25250,348094,0.5976095617529881,49810550,61549950,5078457300,3577884150,81633700,25474950,5030188200,3630405100,8767701950
2022-11-03,24800,26100,24600,25650,669924,1.5841584158415842,301571050,28657100,13158167250,3646711100,699930750,73163500,12695475400,3666536850,17135106500
2022-11-04,25000,25350,24150,24300,971843,-5.263157894736842,1397102350,120726550,18196620350,4115239100,4695180750,288673750,13862138900,4983694950,23829688350
2022-11-07,24400,24650,23550,23600,683679,-2.880658436213992,33473100,196710850,14574216200,1526905700,3632423400,105872700,10519951850,2073057900,16331305850
2022-11-08,23750,25150,23750,24400,964140,3.389830508474576,745988600,362961700,14254816050,8308153850,5592669050,226714250,16414815050,1437721850,23671920200
2022-11-09,24550,24850,24250,24450,412867,0.20491803278688525,390065400,523933450,7172127550,2061816450,784285100,38485450,7188056150,2137116150,10147942850
2022-11-10,23900,23950,23300,23550,692809,-3.6809815950920246,74456600,96595850,12410894300,3753774600,2113370800,10387500,7211057750,7000905300,16335721350
2022-11-11,24850,25050,24350,24900,1040142,5.7324840764331215,3545392350,49603800,10518745250,11660781100,432068650,419789250,21505474900,3417189700,25774522500
2022-11-14,25300,25350,24500,24800,509193,-0.4016064257028112,1574669900,172193650,9274533700,1635435150,366475350,236418250,7605134100,4448804700,12656832400
2022-11-15,24800,25850,24700,25850,785470,4.233870967741935,1913392600,99444750,13121394450,4840922400,1529140900,7328500,15665525600,2773159200,19975154200
2022-11-16,26000,26350,25600,26050,592864,0.7736943907156674,1538066600,51438050,11217215800,2625832250,464834900,32290000,11498639800,3436788000,15432552700
2022-11-17,25800,25850,25100,25300,371107,-2.8790786948176583,23132600,5354050,8343416200,1022042050,710557800,286102500,6111753600,2285531000,9393944900
2022-11-18,25250,25750,24600,24800,434696,-1.9762845849802373,42558800,115741600,8903354400,1887992300,1731876650,6225000,6466370850,2745174600,10949647100
2022-11-21,24800,24800,23900,24000,341594,-3.225806451612903,7135950,110102950,7185574250,950810300,319211900,50563950,5344546550,2539301050,8253623450
2022-11-22,23950,24150,23550,23750,238544,-1.0416666666666665,3342500,120314300,5006499950,525001750,429835500,28867200,3322293100,1874162700,5655158500
2022-11-23,24100,24300,23750,23900,227077,0.631578947368421,37438000,33868650,3956779900,1399150550,385211400,76415000,3362435850,1603174850,5427237100
2022-11-24,24100,24300,23600,24000,381208,0.41841004184100417,283793600,16653650,6865326250,1941708600,627070800,280820350,5467699950,2731891000,9107482100
2022-11-25,23950,23950,23350,23550,434935,-1.875,914868850,10740850,8540879850,771268300,1819195950,43821050,6513716300,1861024550,10237757850
2022-11-28,23500,23500,22800,23300,408537,-1.0615711252653928,13685150,29545050,6066754650,3294423650,1901861750,45835000,5038431600,2418280150,9404408500
2022-11-29,22800,23550,22800,23350,232779,0.2145922746781116,405783400,0,3531691250,1461278800,349280950,98569800,2936436100,2014466600,5398753450
2022-11-30,23100,23250,22900,23200,283871,-0.6423982869379015,69838900,3297600,3405314050,3079485800,1038880950,220396950,2984888550,2313769900,6557936350
2022-12-01,23700,23850,23350,23400,275846,0.8620689655172413,148591750,49423600,5043253550,1250098950,224859050,17615550,4321397500,1927495750,6491367850
2022-12-02,23400,23400,23000,23050,194097,-1.4957264957264957,18535550,4725300,3586430850,868162000,762550450,0,2722148850,993154400,4477853700
2022-12-05,23050,23150,22350,22550,369057,-2.1691973969631237,330824000,11438100,7174164150,851205850,1805814200,274166500,4867113700,1420537700,8367632100
2022-12-06,22100,22200,21750,21950,478013,-2.6607538802660753,1209600,37837950,6162697400,4304560700,3159952350,153368600,6165247700,1027737000,10506305650
2022-12-07,21600,21750,21200,21500,406431,-2.050113895216401,172247650,63339500,5268547100,3221640950,1990285950,13591700,3862722000,2859175550,8725775200
2022-12-08,21500,21900,21450,21650,265951,0.6976744186046512,117189300,431000,3353779850,2284522900,127073100,73061350,3604671100,1951117500,5755923050
2022-12-09,21850,22550,21500,22400,576010,3.4642032332563506,3575205100,116834400,5192753300,3825921550,295445650,22916400,6981132400,5411219900,12710714350
2022-12-12,22150,22250,21800,21950,265080,-2.0089285714285716,1565680400,0,3166709800,1102665950,405853150,31924550,2952512250,2444766200,5835056150
2022-12-13,21950,22200,21500,21650,255422,-1.366742596810934,69952650,6100900,4149341500,1325475750,436852000,79547750,3230721850,1803749200,5550870800
2022-12-14,21750,22500,21700,22350,324404,3.233256351039261,2505407550,54155550,2991070200,1661294150,304773100,41139550,4947316050,1918698750,7211927450
2022-12-15,22150,22250,21750,21750,203446,-2.684563758389262,23079350,7685000,3687003500,741276400,638207350,0,2377157650,1443679250,4459044250
2022-12-16,21150,21450,21150,21350,300752,-1.839080459770115,439477800,2338500,4724289400,1248961400,1392757600,0,3357251600,1665057900,6415067100
2022-12-19,21400,21550,21000,21500,129391,0.702576112412178,10516250,2140000,1875701950,876822250,901150,3760000,2041296450,719222850,2765180450
2022-12-20,21200,21400,20750,20850,286960,-3.0232558139534884,10782050,8889550,5151921150,859072850,1002223400,1570850,2927933500,2098937850,6030665600
2022-12-21,20900,21050,20400,20450,198125,-1.9184652278177456,113379750,3087500,3400050450,571012650,85947150,47996900,2845944350,1107641950,4087530350
2022-12-22,20600,20850,20550,20650,171474,0.9779951100244498,525521300,10330000,2525795250,486798950,125153950,77013700,2498577900,847699950,3548445500
2022-12-23,19900,20250,19700,19850,456627,-3.87409200968523,391270050,46619250,6974498600,1661524700,390491700,16417900,6538435350,2128567650,9073912600
2022-12-26,19800,20250,19500,20100,250909,1.2594458438287155,977886300,2055400,2366687800,1669364950,37485150,4040000,4475915250,498554050,5015994450
2022-12-27,20100,20400,19900,20200,351214,0.4975124378109453,479018150,11047500,4817939950,1748727950,293265700,80805600,5947811600,734850650,7056733550
2022-12-28,19900,20000,19400,19400,308191,-3.9603960396039604,87309750,78401000,5531998700,340515950,228686050,471450100,3471694400,1866394850,6038225400
2022-12-29,19300,19500,18700,18900,292558,-2.5773195876288657,187885400,5764050,4335483550,1005514500,465805900,76180750,4601939050,390721800,5534647500
2023-01-02,18900,19100,18250,18350,264783,-2.91005291005291,20890400,26796800,3778200250,1088765600,779012700,3670000,3637918250,494052100,4914653050
2023-01-03,17900,19600,17900,19550,580045,6.539509536784741,1756425000,66806650,7152754150,1952150350,660950750,20036200,8013612500,2233536700,10928136150
2023-01-04,19150,20250,19000,19950,584113,2.0460358056265986,2785433500,25504750,7863747950,983636500,150701500,150723400,6859864300,4497033500,11658322700
2023-01-05,20050,20200,19550,19700,279868,-1.2531328320802004,584848300,12331700,4117014750,843198200,482684250,23820000,3345438300,1705450400,5557392950
2023-01-06,19400,21500,19400,21100,968628,7.1065989847715745,5616202950,225864800,11441938350,2988048650,1529065150,85787600,15812379950,2844822050,20272054750
2023-01-09,21550,21600,20850,21100,457659,0.0,64898850,108317800,9027954150,478794550,524153700,44694700,5176426800,3934690150,9679965350
2023-01-10,21150,21950,21000,21750,657944,3.080568720379147,4253349550,3262500,7823308900,2171826900,385918850,62041100,11215995500,2587792400,14251747850
2023-01-11,21850,22000,21550,21650,289709,-0.45977011494252873,233240750,7176250,5573654450,473831900,810314350,10401950,4318110300,1149076750,6287903350
2023-01-12,21850,21900,21450,21700,207946,0.23094688221709006,132608750,3085950,2638256500,1726042400,160022100,3815000,3391727600,944428900,4499993600
2023-01-13,21750,21850,21150,21250,409344,-2.0737327188940093,31250550,7151250,6778653400,1942606450,434174100,142953450,7528083350,654450750,8759661650
2023-01-16,21300,21400,20700,21000,601290,-1.1764705882352942,582825850,49768550,8260337900,3698607050,3655213050,228848650,7712484400,994993250,12591539350
2023-01-17,21050,21100,20450,20550,304484,-2.142857142857143,197926100,149630550,4590479100,1365029600,1138164400,0,4346912700,817988250,6303065350
2023-01-18,20650,20650,19800,20100,516945,-2.18978102189781,143889500,47135950,7683882100,2518146300,1573045000,21395000,5789251250,3009362600,10393053850
2023-01-19,19900,20150,19800,19900,334031,-0.9950248756218906,210783500,74022600,5048184800,1327844400,1415163000,95006600,3457350300,1693315400,6660835300
2023-01-20,19850,20250,19600,19850,331876,-0.25125628140703515,675000,60526150,5721696650,804347400,349029400,41857350,4018879700,2177478750,6587245200
2023-01-25,20350,21650,20250,21550,1069571,8.564231738035264,5875907550,217549400,13240073900,3313012850,127862800,297384500,19259414750,2961881650,22646543700
2023-01-26,21750,21750,21150,21300,492466,-1.160092807424594,481296500,2550000,8858444300,1161785600,606211350,41951000,6076961000,3778953050,10504076400
2023-01-27,21550,21650,21300,21350,376625,0.2347417840375587,855376150,17235000,5843102650,1369273400,481001150,37514600,5531882800,2034588650,8084987200
2023-01-30,21500,21750,21200,21300,468282,-0.234192037470726,1185768950,35514150,7269917000,1534227250,21558500,12845000,6730870650,3260153200,10025427350
2023-01-31,21100,21450,20800,21400,423423,0.4694835680751174,2087093350,173656350,3847617450,2899728700,373820100,8510000,4189721250,4436044500,9008095850
2023-02-01,21700,22100,21650,21800,556548,1.8691588785046727,2006829350,85240350,7648500700,2450852200,291755800,70631300,9224564750,2604470750,12191422600
2023-02-02,22400,22450,22000,22250,557891,2.064220183486239,1923331000,105170200,8886586800,1484709850,145880250,53528500,8858730450,3341658650,12399797850
2023-02-03,22250,22350,21900,21900,280517,-1.5730337078651686,29118850,46168700,5104779100,1009851150,87885000,99575000,4683926550,1318531250,6189917800
2023-02-06,21700,22050,21650,21800,219938,-0.45662100456621,282019900,2191800,3337163500,1177432100,67358650,158142000,4014413550,558893100,4798807300
2023-02-07,21850,22500,21850,22350,576878,2.522935779816514,773567250,59491950,9488438900,2529717050,449285300,129189000,8554810400,3717930450,12851215150
2023-02-08,22700,23200,22500,22950,771180,2.684563758389262,2402281500,670830950,12455636350,2131211650,71874950,115520300,15263155850,2209409350,17659960450
2023-02-09,22950,23100,22550,22800,312270,-0.6535947712418301,244905950,22978500,6200700050,642440550,489005400,37310150,5603155700,981553800,7111025050
2023-02-10,22700,23200,22550,22700,307913,-0.43859649122807015,377044800,130855750,5839590200,686232250,306171700,5697300,5606749750,1115104250,7033723000
2023-02-13,22750,22850,22150,22250,333703,-1.9823788546255507,78657150,158219600,5953702550,1267206250,1413662300,69657550,5586261400,388204300,7457785550
2023-02-14,22500,23050,22400,23000,445727,3.3707865168539324,1489698700,146750750,6514114850,2023063000,299670900,171338500,8473637250,1228980650,10173627300
2023-02-15,23000,23350,22850,22900,587112,-0.43478260869565216,3741216350,45265800,7468006200,2300162600,767148750,26881050,9478854300,3281766850,13554650950
2023-02-16,23100,23750,23000,23650,551209,3.2751091703056767,2131384950,109399300,8832211550,1882899900,524706100,176199750,10789232100,1465757750,12955895700
2023-02-17,23200,23450,23000,23100,372247,-2.3255813953488373,1669945650,147114750,6089325100,707433350,1424503100,252716200,5636735800,1299863750,8613818850
2023-02-20,23100,23200,22550,23000,236874,-0.4329004329004329,521156600,25607550,4427526200,458097500,222013850,2343050,4556889800,651141150,5432387850
2023-02-21,23000,23000,22600,22800,267961,-0.8695652173913043,384959500,6834700,5478423200,223118300,1487303750,34300000,3930173700,641558250,6093335700
2023-02-22,22200,22400,21450,21500,801449,-5.701754385964912,978949700,103659200,15512416000,858683100,2000285000,100195100,11900896400,3452331500,17453708000
2023-02-23,21400,21600,20700,21050,827799,-2.0930232558139537,2379587100,129093050,12001621900,2959899750,2024309050,53346000,8571951050,6820595700,17470201800
2023-02-24,21350,21350,20600,20700,336520,-1.66270783847981,12303450,3106250,6613907800,409764350,171976350,14331600,4631239150,2221534750,7039081850
2023-02-27,20350,20800,20200,20700,265305,0.0,163071700,142204250,4613521800,515407550,323011850,13744100,3423821000,1673628350,5434205300
2023-02-28,21150,21450,21000,21000,426472,1.4492753623188406,379848050,269796400,7437103800,963767950,126851950,40941200,6207328150,2675394900,9050516200
2023-03-02,20800,21500,20700,21000,383873,0.0,1354069450,84525000,6096080950,549158600,109763400,0,5415160900,2558909700,8083834000
2023-03-03,21250,21400,20800,20950,284593,-0.2380952380952381,1314918950,20900000,3755919400,904305950,1536564900,53040100,3149902600,1256536700,5996044300
2023-03-06,21100,23450,20650,22950,1826959,9.54653937947494,7936561000,280536300,26459352450,6245313350,2131300850,86031400,32018385500,6686045350,40921763100
2023-03-07,22700,23650,22550,22650,961066,-1.3071895424836601,3142932250,116141350,16450054350,2418580050,3042577550,196831600,14857171000,4031127850,22127708000
2023-03-08,22300,22400,21450,21600,634864,-4.635761589403973,891485350,141152600,12018010200,793843400,1512178050,345935800,8037410300,3948967400,13844491550
2023-03-09,21900,22100,21400,21500,348298,-0.4629629629629629,1477172650,3629550,5409369950,665155900,310913150,15132700,4920098400,2309183800,7555328050
2023-03-10,20950,21400,20900,21000,313583,-2.3255813953488373,460217050,57434000,5394434600,684452600,1376573500,8996350,3792247100,1418721300,6596538250
2023-03-13,20850,21100,19980,20650,595387,-1.6666666666666667,341565600,38259750,9329756170,2449063450,2841485750,55901450,5612605100,3648652670,12158644970
2023-03-14,20500,20550,19550,19630,565651,-4.939467312348668,73925330,46430190,9812628210,1308066960,2139100030,0,5636624080,3465326580,11241050690
2023-03-15,20050,20200,19520,19600,404972,-0.15282730514518594,214802180,994000,6729519840,1101107010,238857300,69930530,4939780380,2797854820,8046423030
2023-03-16,19400,20450,19240,19850,564015,1.2755102040816326,658723480,35292260,8111416220,2444690900,1323401720,40521810,6436933860,3449265470,11250122860
2023-03-17,20350,21250,20350,21050,946765,6.045340050377834,4854886900,722761600,10372580800,3801261200,917645950,28174600,13464659500,5341010450,19751490500
2023-03-20,20900,21200,20700,21000,442348,-0.23752969121140144,331656000,432881200,7547473750,991879150,245457700,37399050,4982173550,4038859800,9303890100
2023-03-21,21100,21200,20650,20750,290373,-1.1904761904761905,258557000,99902600,5431913850,266668750,188664050,4554000,3184592450,2679231700,6057042200
2023-03-22,21000,21600,20400,21600,486167,4.096385542168675,1183334050,93319950,7314158350,1650514000,287244350,21295550,8035056250,1897730200,10241326350
2023-03-23,21350,22100,21250,21700,530689,0.4629629629629629,854658100,82429850,9681404150,913090350,135708450,105372350,8911379550,2379122100,11531582450
2023-03-24,22000,24900,21800,23700,3030803,9.216589861751153,6552284550,586438100,51601164200,12662900050,1693876400,769211700,61261972950,7677725850,71402786900
2023-03-27,23600,24200,22950,23900,1253498,0.8438818565400843,3890645350,500842250,22135052600,3065819200,1800931250,171085950,20866509800,6753832400,29592359400
2023-03-28,23800,24500,23550,24350,890358,1.882845188284519,1968332000,109552550,17271119200,2089097750,2236184350,39936000,15845555700,3316425450,21438101500
2023-03-29,24450,24650,23600,24250,876566,-0.41067761806981523,1038778900,142997650,17403907500,2522409900,1507079950,65439900,15139827200,4395746900,21108093950
2023-03-30,24900,25850,24600,24600,1671124,1.443298969072165,2547773350,743708850,33204367300,5521591500,3761409600,38702350,30578718550,7638610500,42017441000
2023-03-31,24850,25350,23600,23700,754263,-3.6585365853658534,92606500,27070700,14296263250,3875217900,2031473800,96625700,14174320050,1988738800,18291158350
2023-04-03,23700,24100,23150,23700,627421,0.0,171017400,16479050,11141432350,3454976700,977230500,295861100,10954606400,2556207500,14783905500
2023-04-04,23750,24100,23350,23350,561066,-1.4767932489451476,574019900,178077600,11044764200,1506053850,795898650,58052850,8940205300,3508758750,13302915550
2023-04-05,23150,23850,23050,23450,395938,0.4282655246252677,107613200,30127900,6983693200,2176589500,1106773450,541087700,7031026250,619136400,9298023800
2023-04-06,23200,23200,22600,22850,386636,-2.55863539445629,705519600,53756500,6279601850,1804360150,754406550,23326250,6635666400,1429838900,8843238100
2023-04-07,23200,24700,23200,24450,1198659,7.00218818380744,6728357150,108028950,17569309300,4557876850,1045793000,397903850,25400186850,2119688550,28963572250
2023-04-10,24500,24550,23500,23800,646313,-2.658486707566462,993709500,201375900,12912071200,1308804000,331759600,987853250,10010684300,4085663450,15415960600
2023-04-11,24100,24950,23850,24200,895038,1.680672268907563,2027671000,195350350,16720984500,2967525850,177433750,84936200,17333370700,4315791050,21911531700
2023-04-12,24400,24750,23800,24400,496582,0.8264462809917356,1981153200,117508850,8271357600,1670684600,45446300,40468500,9727041200,2227748250,12040704250
2023-04-13,24150,24450,23800,24400,351433,0.0,818374100,95329550,7106359950,455829350,396485350,111046800,5625115100,2343245700,8475892950
2023-04-14,24800,24850,23700,23900,554301,-2.0491803278688523,1192511050,273495350,11116906600,730010150,1522827650,92716500,9326013400,2371365600,13312923150
2023-04-17,23800,23800,23000,23250,544231,-2.7196652719665275,503946150,314472800,9853976400,1983445250,3159532000,373740100,8018362800,1104205700,12655840600
2023-04-18,23300,23300,22600,22800,429193,-1.935483870967742,745689100,59234850,7690539700,1299471500,935979250,15310750,6156265900,2687379250,9794935150
2023-04-19,22800,23100,22700,22800,419214,0.0,500108750,11400000,7706017700,1359625750,868358200,90585850,6530240400,2087967750,9577152200
2023-04-20,22650,22800,22000,22200,486901,-2.631578947368421,361841000,62381000,8866098600,1595973300,1831148800,51780600,6776240050,2227124450,10886293900
2023-04-21,22200,22650,22050,22350,366677,0.6756756756756757,770062700,11197550,6251156700,1146002150,1070172650,30624750,5846421850,1231199850,8178419100
2023-04-24,22100,22100,21400,21500,461813,-3.803131991051454,407888350,47916100,7495511950,2029416050,2385095250,375687500,5566778450,1653171250,9980732450
2023-04-25,21450,21750,20850,21150,502006,-1.627906976744186,358495300,18981450,7585996500,2658708800,1632713050,26720400,5317500550,3645248050,10622182050
2023-04-26,20850,21900,20750,21450,457410,1.4184397163120568,815616400,86390600,6925756350,2008010600,147259800,30171700,5940685000,3717657450,9835773950
2023-04-27,21200,21450,20900,21350,267080,-0.4662004662004662,977923050,4240000,3908863450,770927950,212290900,0,2497594450,2952069100,5661954450
2023-04-28,21500,21850,21200,21550,456916,0.936768149882904,1367238800,25359000,6577308250,1875055800,60079550,110272500,5553135100,4121474700,9844961850
2023-05-02,21800,22150,21650,22000,329219,2.088167053364269,488318250,217000,5210441800,1511270500,119490500,0,4444462100,2646294950,7210247550
2023-05-03,21800,23050,21550,22600,610057,2.727272727272727,2842623500,13580000,8371231650,2540187150,143632050,20229400,11361514750,2242246100,13767622300
2023-05-04,22300,22300,20800,20900,1415229,-7.52212389380531,808577100,190641150,28349433700,540824450,8169640050,182643850,12507601900,9029590600,29889476400
2023-05-08,20950,21200,20750,20850,440553,-0.23923444976076555,48362650,162085300,7998987200,1030026400,1377915950,101413500,7140055000,620077100,9239461550
2023-05-09,20800,20950,20200,20300,375486,-2.6378896882494005,257700700,19506800,6878582450,517204600,1921455100,22495000,4562958550,1166085900,7672994550
2023-05-10,20200,20600,20100,20150,226922,-0.7389162561576355,36698250,20270100,4114361750,430246800,864567550,213830500,2977268550,545910300,4601576900
2023-05-11,20300,20600,20200,20250,215698,0.49627791563275436,168729950,20320200,3905156550,294070800,468757850,0,3465940750,453578900,4388277500
2023-05-12,20300,20350,20000,20050,238703,-0.9876543209876543,43498450,20157800,4293616350,440057950,1061924250,2927300,2443132100,1289346900,4797330550
2023-05-15,20000,20250,19740,20200,297606,0.7481296758104738,1305363280,19144540,3666359030,941676480,464849320,20050,4036803710,1430870250,5932543330
2023-05-16,20550,20550,19970,19980,319058,-1.089108910891089,61765610,13039470,5881361410,466377170,763154380,9990000,3009900970,2639498310,6422543660
2023-05-17,19900,20250,19900,20200,235986,1.1011011011011012,154265900,120600,3526757800,1061447870,369144600,443300,2477880560,1895123710,4742592170
2023-05-18,20450,20950,20300,20850,516939,3.217821782178218,1587193650,5438100,7099298050,2006751200,109871750,18267950,8078486350,2492054950,10698681000
2023-05-19,21350,23800,21300,23750,2974660,13.908872901678656,17380080350,1894987750,39104717300,9342383000,3555228650,168863550,60307276900,3690799300,67722168400
2023-05-22,23500,24100,23250,23600,1066635,-0.631578947368421,5870132650,63443100,15378897900,3993842950,687859500,168874150,19141485800,5308097150,25306316600
2023-05-23,23550,23800,23050,23350,462155,-1.059322033898305,1579796150,421433450,7159678450,1679032750,779423350,321621200,8293141350,1445754900,10839940800
2023-05-24,23000,23300,22600,22950,465153,-1.7130620985010707,1327439700,14762850,7403299350,1903413000,701144850,47540700,8566088250,1334141100,10648914900
2023-05-25,23700,24200,23100,23450,1321467,2.178649237472767,7605401200,225604400,18696782750,4736200400,4354993000,1188801500,18805296600,6914897650,31263988750
2023-05-26,24100,24850,23450,23750,2034196,1.279317697228145,6612028750,290644300,33359734550,9141704000,4673949500,41176400,36763578250,7925407450,49404111600
2023-05-30,24200,25300,24150,24800,1910091,4.421052631578947,7934226800,638390850,33394128050,5505631600,3607775400,62226050,37282010050,6520365800,47472377300
2023-05-31,25100,26700,24800,25400,3056237,2.4193548387096775,8848412900,529903900,54016257900,15427115700,4875819650,382138500,61781887150,11781845100,78821690400
2023-06-01,25300,26000,24700,25850,1231935,1.7716535433070866,4633168150,302907150,23505836800,2866895400,2887508800,485632400,21922188850,6013477450,31308807500
2023-06-02,26300,26850,25750,26100,1279363,0.9671179883945842,6060208600,646050200,23502532100,3414607150,2591673600,302494550,26933256300,3795973600,33623398050
2023-06-05,26150,26200,25350,25450,708560,-2.490421455938697,1084089600,34716400,12775031350,4271473200,1540740600,5791200,14739732900,1879045850,18165310550
2023-06-07,25200,25750,24950,25550,573730,0.3929273084479371,1897176650,18601300,9323520950,3297357900,457747950,54265000,12007507350,2017136500,14536656800
2023-06-08,25100,25200,24350,24850,998721,-2.73972602739726,1364148050,99859550,16008921100,7242576700,5737420200,223841700,16069960950,2684282550,24715505400
2023-06-09,25100,25900,24550,25650,950042,3.2193158953722336,3522089400,20227150,17186351800,3297116850,4017581900,28414400,16648667400,3331121500,24025785200
2023-06-12,25600,25950,24950,25850,654499,0.7797270955165692,5317387000,77083800,9518750150,1765237150,377033250,109934300,13060791850,3130698700,16678458100
2023-06-13,26400,26900,26300,26500,1161423,2.5145067698259185,9037432300,106950250,17805214650,3946783100,1263123500,361211450,24925479950,4346565400,30896380300
2023-06-14,26950,27400,26100,26700,1315022,0.7547169811320755,7936472900,67349000,20417244250,6741538600,2938099900,136727550,25726548250,6361229050,35162604750
2023-06-15,27350,29300,27100,29000,2950150,8.614232209737828,21935591600,1253743800,48201027700,12167480450,2994333500,1189162650,70056721850,9317625550,83557843550
2023-06-16,29200,29950,28850,29700,1551152,2.413793103448276,11727646100,235404850,29836161350,4114392400,1930879600,458188550,33685223900,9839312650,45913604700
2023-06-19,29950,30950,29450,30850,1363009,3.872053872053872,5536217850,1034812950,31363134250,3225643400,3136630750,133806150,32256018750,5633352800,41159808450
2023-06-20,30400,31050,29000,30850,1761465,0.0,9292065500,191852350,39742985550,3516996700,7121026750,476913450,39726507850,5419452050,52743900100
2023-06-21,30800,31550,29700,30200,1036728,-2.106969205834684,7554164450,118454450,20149608650,3738095000,3192114600,295365150,23608578450,4464264350,31560322550
2023-06-22,29550,30800,29500,29900,767132,-0.9933774834437087,3909836800,151759150,15412916200,3529734150,2708990850,73231350,16405552350,3816471750,23004246300
2023-06-23,29900,30950,29500,30150,886806,0.8361204013377926,7349453400,244108850,15269626600,3955477450,2450168550,24439600,18867846100,5476212050,26818666300
2023-06-26,29900,30650,29500,30450,538489,0.9950248756218906,2151792800,145197900,12178017100,1749219300,481103300,45891150,10656898650,5040334000,16224227100
2023-06-27,30150,31350,29700,31200,798625,2.4630541871921183,6459596350,32744250,15586142600,2285426250,1993664350,196176750,17565230600,4608837750,24363909450
2023-06-28,31400,32250,30500,31150,941385,-0.16025641025641024,5893333500,8176350,20545294400,2928373150,853152250,62901450,22671964500,5787159200,29375177400
2023-06-29,31100,32850,30850,32300,1455996,3.6918138041733553,9670672650,292727800,31454190300,5411351650,2015692800,179815150,39440753550,5192680900,46828942400
2023-06-30,32200,32550,31200,32250,944920,-0.15479876160990713,4646693200,190997300,22416008600,2981860150,2841317900,129418350,22855435600,4409387400,30235559250
2023-07-03,32300,33100,31600,31850,930516,-1.2403100775193798,2297373850,37445700,24220800000,3459585300,2051602300,330033850,22886514100,4747054600,30015204850
2023-07-04,32100,32500,31050,32200,864479,1.098901098901099,2188531100,244048550,21089230550,3853740950,3459863600,138400800,20571730650,3205556100,27375551150
2023-07-05,32450,33700,32250,32950,1537614,2.329192546583851,9466677750,548228700,35625366500,5291075300,4497512700,482136450,38971571350,6980127750,50931348250
2023-07-06,32550,33000,30700,31200,1162646,-5.311077389984825,4658434050,378164550,26547161850,5145675700,8417851150,356629950,24902151100,3052803950,36729436150
2023-07-07,30750,31200,30250,30750,794319,-1.4423076923076923,3131013150,310828550,15189458900,5710064800,5882347500,80465000,15627401850,2751151050,24341365400
2023-07-10,30750,30900,29200,29500,897125,-4.0650406504065035,2534498150,149627350,17281116750,6887677250,4316684400,243724750,18209564650,4082945700,26852919500
2023-07-11,30000,30300,29400,30000,492255,1.694915254237288,2177365150,136452650,10066270100,2328155700,1481415950,180099700,9662894750,3383833200,14708243600
2023-07-12,29950,30700,29950,30650,519700,2.166666666666667,2849477400,207491400,11252150550,1455967000,1606167800,724600,10140929250,4017264700,15765086350
2023-07-13,31200,35150,31100,33900,4308301,10.60358890701468,7666999600,1647717900,110849529250,24720804100,11068802400,576191450,118159786450,15080270550,144885050850
2023-07-14,35000,39650,34350,37550,7729690,10.766961651917404,25634070250,3348868250,222709843400,37540729750,7591132350,3210355650,238082580450,40349443200,289233511650
2023-07-17,37550,39650,37150,38100,2381424,1.4647137150466045,7144420300,258981200,67484087900,16434035100,6386810650,1281395300,63921425500,19731893050,91321524500
2023-07-18,38800,38800,37000,38400,1284545,0.7874015748031495,4639121700,580272400,34184559100,9320905350,1836335200,633098900,35284670450,10970754000,48724858550
2023-07-19,38450,38900,35750,36350,1815537,-5.338541666666666,5068909050,299197400,48341027750,13019872500,9690192200,2064682450,43487885200,11486246850,66729006700
2023-07-20,35850,37350,35800,36800,1044153,1.2379642365887207,5335045750,84776150,25182976100,7536205350,6611929750,58898250,24424882350,7043293000,38139003350
2023-07-21,35350,35650,34800,35200,1276829,-4.3478260869565215,4577270350,352066600,30559121700,9397477500,10392290350,398481350,27477076050,6618088400,44885936150
2023-07-24,35000,37100,34550,36750,1480968,4.403409090909091,3872050450,961529600,39170456450,9320798750,3407954450,624727700,37001565800,12290587300,53324835250
2023-07-25,36900,37650,35450,35550,1379134,-3.2653061224489797,3099127300,291686850,37023826550,9547191450,11487588600,202496000,30817078400,7454669150,49961832150
2023-07-26,36100,36600,33550,34200,1608889,-3.79746835443038,3959593450,326609200,34021768950,17858228250,3060494350,338080550,39544745750,13222879200,56166199850
2023-07-27,34800,37200,34350,36300,1873159,6.140350877192982,13049626650,1168122700,43308545650,10006389300,6690173050,615642900,44873700450,15353167900,67532684300
2023-07-28,37550,38200,35500,36400,1394411,0.27548209366391185,2204456450,267133350,42199088850,6036531250,5592498650,869930500,27943224550,16301556200,50707209900
2023-07-31,36450,36550,35550,36250,774996,-0.4120879120879121,2906937100,198997200,21167374200,3633616600,1556133250,207334950,20185194300,5958262600,27906925100
2023-08-01,36250,36900,34900,36250,946736,0.0,2389991100,61782200,24709816650,6668297100,7221936350,62080650,22757635200,3788234850,33829887050
2023-08-02,35700,35850,33150,33400,1190442,-7.862068965517241,2902087300,124798450,29704051200,8110940600,5885917450,230140600,29447806150,5278013350,40841877550
2023-08-03,33100,33700,31850,32600,1412205,-2.3952095808383236,2336379800,71206350,23898791150,19503148950,8965623800,981773150,28847468100,7014661200,45809526250
2023-08-04,31950,32500,31000,31850,836979,-2.3006134969325154,4317248300,25420450,16591145600,5759615100,1424744750,678032300,16665541350,7925111050,26693429450
2023-08-07,31650,31700,30650,31150,797945,-2.197802197802198,1393068900,27259650,15316143000,8131707850,6237991500,63712400,13898302050,4668173450,24868179400
2023-08-08,31350,31600,30500,30850,517281,-0.9630818619582664,2021449100,100082350,9560212750,4334604950,2212253300,38398900,10830493300,2935203650,16016349150
2023-08-09,30650,31150,30250,30750,549928,-0.3241491085899514,2250022300,21724950,11349817200,3246916350,2409436450,389374550,10345701000,3723968800,16868480800
2023-08-10,30100,30150,29100,29350,1114177,-4.5528455284552845,1849153850,36308300,18950733000,11921925500,8567657800,133276150,17767369950,6289816750,32758120650
2023-08-11,29500,29600,28800,28900,750671,-1.5332197614991483,1196904300,52669000,15107813050,5549324600,4999277750,89886450,12435694450,4381852300,21906710950
2023-08-14,28600,29000,28050,28250,669074,-2.249134948096886,317421550,18022000,12277446750,6393714750,2727187650,26111800,13065323600,3187982000,19006605050
2023-08-16,28350,28800,27650,27700,742863,-1.9469026548672566,1321253300,105240050,15387566700,4068559200,517267200,16389800,12356464850,7992497400,20882619250
2023-08-17,27100,28300,26900,27850,841597,0.5415162454873645,1098882050,103826150,14976219800,7118711350,1395611650,176276200,12906069100,8819682400,23297639350
2023-08-18,27300,29700,26900,29150,1756431,4.66786355475763,7031561650,701825700,35949956100,6886280350,2196737650,116195500,26406605900,21850084750,50569623800
2023-08-21,29400,29400,27650,27650,985072,-5.145797598627787,1402628750,56894200,22906642800,3350457300,1287174050,645643500,15877452500,9906353000,27716623050
2023-08-22,28450,29250,27500,27700,1108175,0.18083182640144665,3032323350,43072900,21699336050,6546762200,3187747500,130819300,18570602200,9432325500,31321494500
2023-08-23,27400,28100,27150,27750,511155,0.18050541516245489,2746013500,11484800,8822371200,2569742500,2771489650,39870500,8529990750,2808261100,14149612000
2023-08-24,29050,30150,28650,29150,1700634,5.045045045045045,7655066500,445637050,32883739500,9025422900,2114937350,154539200,35366914500,12373474900,50009865950
2023-08-25,28350,29050,27200,27250,1124698,-6.518010291595197,1114271650,360779900,27320438150,2454293400,5680746700,337452200,14077100450,11154483750,31249783100
2023-08-28,27500,27750,27050,27600,462896,1.2844036697247707,235187400,138841100,9381771250,2935138500,1487649400,63140450,8569859000,2570289400,12690938250
2023-08-29,28000,28250,27600,27800,429802,0.7246376811594203,1192404600,33835200,9360718050,1403949600,1394513050,202204500,8190275950,2203913950,11990907450
2023-08-30,28450,29250,28250,28850,809618,3.776978417266187,3294228500,153676600,16089294600,3706411500,389165850,118606550,17682678750,5053160050,23243611200
2023-08-31,29000,29100,28450,28900,518338,0.17331022530329288,1532256500,13427250,12085925650,1280644100,1086317900,12965000,9674334650,4138635950,14912253500
2023-09-01,29000,31500,28900,31050,1838823,7.439446366782007,7865963150,543319950,40569047650,6994949800,3646137350,79809900,41575147800,10672185500,55973280550
2023-09-04,31150,31200,29600,29950,948855,-3.542673107890499,2162371200,61235400,23100774200,3330590600,1586723500,83133500,18502811400,8482303000,28654971400
2023-09-05,30450,30850,29900,30050,726202,0.333889816360601,973903300,154548850,17245767550,3653777550,1371069050,0,15612430150,5044498050,22027997250
2023-09-06,30250,30300,29150,29400,603720,-2.1630615640599005,2394993300,71345200,13380764300,1968677750,3887355400,9196700,11679781550,2239446900,17815780550
2023-09-07,29050,30100,29050,29450,509598,0.17006802721088435,988881400,51756100,11045073750,2942442250,847811800,46475500,12001286400,2132579800,15028153500
2023-09-08,29500,29500,27700,28450,826647,-3.395585738539898,2398069050,79071250,18756125450,2256652800,4788036450,55792500,14066093800,4579995800,23489918550
2023-09-11,28100,28800,27950,28550,360825,0.35149384885764495,1569156400,2569500,6987294950,1655820850,1314578350,7507300,7503036350,1389719700,10214841700
2023-09-12,28800,29150,28400,28750,344340,0.7005253940455342,1005752000,718750,7076658600,1825216150,642452950,5874400,7438966500,1821051650,9908345500
2023-09-13,28850,29750,28300,28300,464218,-1.565217391304348,1330222000,3282300,10402691950,1673299350,1092090850,16915950,9149984100,3150504700,13409495600
2023-09-14,28550,29400,28550,29300,447093,3.53356890459364,1380291900,51768350,8491481550,3074007900,1240497500,46705050,10300616700,1409730450,12997549700
2023-09-15,29400,29750,28650,28650,443299,-2.218430034129693,1286783900,36034100,10775719350,758556100,2695365450,596069350,6129247700,3436410950,12857093450
2023-09-18,28000,28400,27600,27750,470302,-3.1413612565445024,1112580050,37201900,11308280950,655515750,4787907900,29816350,7205139000,1090715400,13113578650
2023-09-19,27900,28750,27800,28000,374503,0.9009009009009009,1478213800,5640000,7099622700,1981201100,329216850,285935350,8178993000,1770532400,10564677600
2023-09-20,28150,28400,27800,27850,253627,-0.5357142857142857,791290050,24364100,5318898400,971648150,580456600,1167600,5244846800,1279729700,7106200700
2023-09-21,27350,27450,25800,25900,1117930,-7.001795332136446,1904111850,170241550,21174723000,6101932600,9878443750,361336900,17506693900,1604534450,29351009000
2023-09-22,25400,26600,25400,26500,369002,2.3166023166023164,1452557400,882686900,5147986200,2189578000,410788200,211600,7729207100,1532601600,9672808500
2023-09-25,26150,26600,25850,25900,271967,-2.2641509433962264,1010949000,3791900,4509798100,1573571100,628717800,13100000,4311541200,2144751100,7098110100
2023-09-26,26100,26200,25550,25850,196682,-0.19305019305019305,855617250,646250,2880642950,1339742800,8420750,0,3783896600,1284331900,5076649250
2023-09-27,25450,26300,25450,26200,283593,1.3539651837524178,883998750,26059500,4798853200,1619612400,1101868000,2056000,4718828750,1505771100,7328523850
2023-10-04,25750,25950,25200,25300,288681,-3.435114503816794,199639950,28358000,5539785500,1598869750,199274300,28511250,4680377500,2458490150,7366653200
2023-10-05,25850,26050,25000,25200,378605,-0.3952569169960474,448014450,13881450,6357639000,2836014550,2229834350,87034950,6043297550,1295382600,9655549450
2023-10-06,25050,25400,24450,24850,543402,-1.3888888888888888,389078400,34737100,8800624250,4255383350,5697961600,85719950,6376782450,1319359100,13479823100
2023-10-10,25100,25750,24450,24550,397132,-1.2072434607645874,890092350,4900000,6020355500,3059987750,1685089900,40661800,6462361700,1787222200,9975335600
2023-10-11,25250,25950,24950,25000,461018,1.8329938900203666,1411682150,252500,7850614600,2432100600,4421459050,13819250,5750816700,1508554850,11694649850
2023-10-12,25400,26100,25000,25350,418460,1.4000000000000001,268270800,64677400,8426194200,1889455500,1974327850,64428500,6104388450,2505453100,10648597900
2023-10-13,25100,26000,25050,25350,384883,0.0,13275850,36773100,7910279000,1839417900,1679303750,0,6307547650,1812894450,9799745850
2023-10-16,24900,24900,23550,24150,680345,-4.733727810650888,309870800,16362100,12965708400,3087378000,3046458650,133242450,8647344650,4552273550,16379319300
2023-10-17,24600,25550,24500,25350,471077,4.968944099378882,325373900,84473450,6596993000,4773244250,1374300150,27524550,8577601200,1800658700,11780084600
2023-10-18,25050,26100,24850,25500,462007,0.591715976331361,878710450,76904800,7460286750,3372771450,908493050,1456000,6413448400,4465276000,11788673450
2023-10-19,24900,25000,24250,24350,317026,-4.509803921568627,214719900,46800650,6528543300,981966150,930090000,0,4333854400,2508085600,7772030000
2023-10-20,23950,24300,23150,23550,447747,-3.285420944558522,388265350,19363600,7460973250,2661433800,1312596650,29120400,7710890550,1477428400,10530036000
2023-10-23,22800,23850,22800,23250,250514,-1.2738853503184715,327640350,11870600,3997821700,1510614000,467881600,13516650,4232694300,1133854100,5847946650
2023-10-24,23450,24100,23000,24100,335599,3.655913978494624,414097300,68189750,5193734100,2270784150,454113850,9329850,5551281300,1932080300,7946805300
2023-10-25,24100,24100,22750,22850,777722,-5.186721991701245,567364450,36376700,14488009350,2981047250,3866034000,195337100,10303106000,3708320650,18072797750
2023-10-26,21650,22550,21600,21750,634496,-4.814004376367615,1178551400,64596650,7650091100,5049142100,3866995250,62127750,8574796450,1438461800,13942381250
2023-10-27,21950,22100,21000,21400,823245,-1.6091954022988506,1092622200,45746550,9409869750,7099759400,2739931250,219240150,12632085800,2056740700,17647997900
2023-10-30,21100,21350,20750,21000,586423,-1.8691588785046727,97030200,127685700,8423264250,3654577550,4508373000,18854350,4963449000,2811881350,12302557700
2023-10-31,21200,21300,19950,19970,903833,-4.904761904761905,941407310,134371070,11097620990,6097369380,5932866290,84433460,9647876020,2605592980,18270768750
2023-11-01,20200,20550,19860,19980,616980,0.050075112669003496,354897700,61006400,8261212820,3686874090,3735240250,224739230,5203503880,3200507650,12363991010
2023-11-02,20650,21900,20550,21700,894581,8.608608608608609,1146209250,213754050,14626545300,3121615900,2266219700,30342650,13882904100,2928658050,19108124500
2023-11-03,22300,22600,21900,22150,592601,2.0737327188940093,1102483250,25342900,9154280750,2884772850,274593350,32993200,8906940600,3952352600,13166879750
2023-11-06,22900,23500,22400,23450,808408,5.8690744920993225,1386890300,46817150,11477253700,5793421600,1104297300,47250250,12819492200,4733343000,18704382750
2023-11-07,23450,23850,22450,23050,629079,-1.7057569296375266,701664450,36763700,10575555100,3293445100,1393027100,24331000,8397583450,4792486800,14607428350
2023-11-08,23200,23350,22500,22600,382981,-1.9522776572668112,1348641500,27267800,6338509500,1040422150,508756150,0,5468416650,2777668150,8754840950
2023-11-09,22550,23100,22350,22400,235815,-0.8849557522123894,59601400,11537750,4350498600,914440600,837960400,12650300,3020671400,1464796250,5336078350
2023-11-10,22100,23050,21900,22750,329694,1.5625,842984700,37373700,5681221000,908540500,62674250,0,5567311750,1840133900,7470119900
2023-11-13,23100,24000,22850,22850,1036677,0.43956043956043955,2513268350,552306900,17765282150,3475363600,3022366100,52080300,14357484300,6874290300,24306221000
2023-11-14,23000,23350,22700,23200,401755,1.5317286652078774,1012810050,14382950,6479235050,1746165050,2123393100,312923750,4871330700,1944945550,9252593100
2023-11-15,23900,24250,23650,24000,709864,3.4482758620689653,5520674400,104040000,8881628250,2536302750,2594276850,118609600,11077024800,3252734150,17042645400
2023-11-16,24100,24550,23600,24500,480417,2.083333333333333,1678623250,25476750,7967865450,1945227050,259051400,23850,8326832500,3031284750,11617192500
2023-11-17,24650,25150,24200,24650,659385,0.6122448979591837,4563438050,44056350,10314912200,1358835500,909057100,25735650,10293640000,5052809350,16281242100
2023-11-20,24950,25800,24700,25450,625643,3.2454361054766734,3099299250,99571100,11104236650,1604365250,61929650,24092700,11900322150,3921127750,15907472250
2023-11-21,25700,26100,25600,26000,589463,2.161100196463654,3243850650,2097700,9814038050,2186989300,467490650,20680000,11137359150,3621445900,15246975700
2023-11-22,25600,26350,25400,26200,443052,0.7692307692307693,1806430050,199075750,7831248750,1686797650,1671363900,7691050,8221240750,1623256500,11523552200
2023-11-23,26300,26300,24550,24600,764321,-6.106870229007633,1353408200,87034150,16106479400,1648297000,4501419600,57795450,12708756350,1927247350,19195218750
2023-11-24,24650,25300,24650,25100,284742,2.0325203252032518,1624740050,3696550,4484730600,1023602550,832386000,25250,5400303800,904054700,7136769750
2023-11-27,25000,27250,24650,27050,1513096,7.768924302788845,5365861350,523281200,27618344350,6605622050,347749950,48283550,36153364600,3563710850,40113108950
2023-11-28,27200,28050,26750,27500,1174052,1.6635859519408502,4391884600,135114550,23734344800,4057393850,2253473450,250392100,23790999250,6023873000,32318737800
2023-11-29,27650,27700,26700,27000,570480,-1.8181818181818181,468854500,43925900,13649848150,1307536700,1416589000,44310850,10091723100,3917542300,15470165250
2023-11-30,26850,27200,26500,26650,543428,-1.2962962962962963,650970450,221565200,11079636150,2648685200,2880713550,14224000,8874211000,2831708450,14600857000
2023-12-01,26400,27100,26100,26700,409229,0.18761726078799248,1691569300,10550750,7596100900,1644714900,1060703750,127190850,7624268050,2130773200,10942935850
2023-12-04,27200,27300,26200,26500,429233,-0.7490636704119851,832264200,40074750,9270778750,1321981550,1360437650,83386300,8230715950,1790559350,11465099250
2023-12-05,26000,26400,25400,25650,492067,-3.207547169811321,2243667000,12891650,8040213750,2425481500,1320468450,17694200,10064622500,1319468750,12722253900
2023-12-06,25850,26350,25600,25950,371919,1.1695906432748537,1404801050,64698100,6605951800,1573895650,707557750,20054750,7118933350,1802800750,9649346600
2023-12-07,25550,25850,25300,25750,297726,-0.7707129094412332,607754800,175952300,5417769700,1412045150,837340000,361028350,5275121650,1140031950,7613521950
2023-12-08,26300,26400,25600,25900,445553,0.5825242718446602,189959200,831200,10069898050,1324289300,678947150,193736250,8159831250,2552463100,11584977750
2023-12-11,26200,26200,25350,25850,344574,-0.19305019305019305,276385850,25521700,7439841000,1123630050,335440650,231750,7414268000,1115438200,8865378600
2023-12-12,26200,26550,25650,25750,574801,-0.3868471953578337,467819350,46524800,13004077700,1453006450,1473072600,4708000,10428893850,3064753850,14971428300
2023-12-13,26100,28500,26050,27000,4709784,4.854368932038835,6191737950,1538618000,111112114900,11201773900,6712027700,630467200,108348012450,14353737400,130044244750
2023-12-14,27650,28350,27000,27400,1363378,1.4814814814814816,3034098850,369942150,31510343550,2841703450,1246354300,651678800,31269807100,4588247800,37756088000
2023-12-15,27600,28100,26550,26750,1168475,-2.3722627737226274,1792844400,378525250,26434180400,3147181500,9152707800,113483000,20205150950,2281389800,31752731550
2023-12-18,27100,27400,26850,26950,539130,0.7476635514018692,396768850,58645450,13043116650,1103939450,1654184750,22891600,10963738400,1961655650,14602470400
2023-12-19,27100,27450,26750,27100,473277,0.5565862708719851,1730186750,110906800,9577942800,1383542800,1067938150,201177800,9982852400,1550610800,12802579150
2023-12-20,27450,27800,27200,27650,660810,2.029520295202952,1897663250,171235500,14350705450,1769307400,548478350,28837150,16238941200,1372654900,18188911600
2023-12-21,27200,27650,26700,26950,619255,-2.5316455696202533,294762450,31775250,15605987850,836423600,5060871350,8042200,10178999550,1521036050,16768949150
2023-12-22,27450,27800,27100,27100,795128,0.5565862708719851,82868800,70842700,19185375650,2473029250,896284000,191785000,18050890200,2673157200,21812116400
2023-12-26,27300,27450,26850,27000,448760,-0.36900369003690037,855100350,15184400,10339414600,945874800,248420250,161258950,10483171600,1262723350,12155574150
2023-12-27,27250,27350,26700,27250,435251,0.9259259259259258,200864100,32025500,9639679000,1912705600,1349698600,308554950,9096210200,1030810450,11785274200
2023-12-28,27350,27350,26950,27050,352246,-0.7339449541284404,867480200,6561500,8414738650,230831050,1430896600,26950000,6755897100,1305867700,9519611400
2024-01-02,26900,28600,26850,28450,1381886,5.175600739371535,4861117650,175065850,26835069950,6898164650,2858538100,180444500,33160243000,2570192500,38769418100
2024-01-03,28000,28400,27550,28350,778349,-0.35149384885764495,1171750350,75798700,18894551900,1639255900,1684052600,54483550,15950696850,4092123850,21781356850
2024-01-04,27950,28850,27900,28600,748728,0.8818342151675485,1486230600,42290250,17993243550,1755320550,879494350,207821300,17162500050,3027269250,21277084950
2024-01-05,29150,29950,28500,28500,1508192,-0.34965034965034963,3134858650,440755200,34674777850,5750916100,3028864400,163353150,34962294750,5846795500,44001307800
2024-01-08,28550,28750,27700,28150,532627,-1.2280701754385965,1439288950,65946450,12285601550,1173639200,718429800,6742250,13034690850,1204613250,14964476150
2024-01-09,28700,29050,27950,28300,630950,0.5328596802841918,3164879650,3873000,13258480550,1509136800,538019850,42770450,14987756600,2367823100,17936370000
2024-01-10,28250,28350,27600,27700,372048,-2.1201413427561837,1527830550,27002500,8476047250,306082200,976494100,60965000,8001282750,1298220650,10336962500
2024-01-11,27850,27950,27600,27950,338247,0.9025270758122743,1195843450,16331000,7364928700,816772700,912525900,68961900,7361184350,1051203700,9393875850
2024-01-12,27950,28250,27250,27550,401419,-1.4311270125223614,1333008200,14846800,9192294450,570382750,16917000,56977600,9800152950,1236484650,11110532200
2024-01-15,27500,27750,26450,26800,446214,-2.722323049001815,1002273200,102408450,9657568700,1277783900,1108837250,126609500,10072759950,731827550,12040034250
2024-01-16,26850,27000,25950,26600,369025,-0.7462686567164178,1789287950,2960600,6011620450,1934786750,675852650,27229000,8054325300,981248800,9738655750
2024-01-17,26850,27000,25950,26100,355774,-1.8796992481203008,512077050,19456850,7412976200,1436887000,640782650,7845000,7156574150,1576195300,9381397100
2024-01-18,26150,26900,26000,26800,272675,2.681992337164751,1605347550,8871450,4692947650,909441300,124493800,536000,6135171000,956407150,7216607950
2024-01-19,27250,27600,27000,27500,502835,2.6119402985074625,1585595550,12072500,8753295500,3419684550,1747411450,1316600,10592934650,1428985400,13770648100
2024-01-22,28100,28250,27600,27950,731885,1.6363636363636365,2759579300,9406900,15056072900,2621078650,4024247000,25817800,12722613100,3673459850,20446137750
2024-01-23,28000,28100,27150,27350,426403,-2.146690518783542,670717650,5997900,9593708200,1411220450,1127060000,11091800,7420011200,3123481200,11681644200
2024-01-24,27350,27700,26800,27150,397509,-0.7312614259597806,1640881500,11763250,7030220700,2090334850,1881206550,40353600,7114260250,1737379900,10773200300
2024-01-25,27300,27550,26100,26250,622371,-3.314917127071823,921218850,40228700,14043779600,1596508500,1787043350,150874850,10802752250,3861065200,16601735650
2024-01-26,26150,26350,25550,25650,542429,-2.2857142857142856,1256953400,26782000,11737900350,1022238000,2089372550,17719200,8747880350,3188901650,14043873750
2024-01-29,25650,26500,25450,25650,503119,0.0,852215300,0,10407235600,1800966350,860180700,20417350,9576936350,2602882850,13060417250
2024-01-30,25850,25900,24650,25000,549584,-2.53411306042885,2402505600,11844050,9188481750,2176037300,2903072500,9627750,9046925850,1819242600,13778868700
2024-01-31,24750,25000,24050,24250,343724,-3.0,1687889650,537500,5684477450,1023111000,846804200,0,6072950200,1476261200,8396015600
2024-02-01,24050,24600,23600,24000,446280,-1.0309278350515463,1721064600,19409050,7149146750,1852420550,1454671550,25003100,7330746500,1931619800,10742040950
2024-02-02,24250,25000,24200,24500,415978,2.083333333333333,634612000,32235000,7853462900,1695844600,1184588150,114057050,7561198950,1356310350,10216154500
2024-02-05,24600,24600,23550,23700,346344,-3.2653061224489797,677405750,55777900,6563492050,981633400,2608310700,290470500,4381374700,998153200,8278309100
2024-02-06,23600,24200,23400,24050,285863,1.4767932489451476,684629000,27653800,4409811200,1692932500,1216967800,33066700,4814371400,750620600,6815026500
2024-02-07,23950,24300,23550,23900,322742,-0.6237006237006237,939457900,19246850,5264594950,1459929200,3241659800,21465000,3387342500,1032761600,7683228900
2024-02-08,23800,24050,23200,23350,823702,-2.301255230125523,1386994350,90129550,15369354800,2525143350,5003622650,145798750,11573114350,2649086300,19371622050
2024-02-13,23550,23950,23500,23850,645596,2.141327623126338,210299200,29733050,11868760150,3181212550,5125890700,59194500,8561102150,1543817600,15290004950
2024-02-14,23500,24100,23350,24000,406366,0.628930817610063,914806500,8776300,7126245950,1603657950,1510379150,169605800,6622189600,1351312150,9653486700
2024-02-15,24300,24500,23950,24100,336718,0.4166666666666667,419374450,15064600,7093950450,610725700,469328700,36215000,5474416950,2159154550,8139115200
2024-02-16,24100,24200,23250,23450,660236,-2.6970954356846475,1414844650,57519650,13178192100,921646250,5036671800,210063650,7447449550,2878017650,15572202650
2024-02-19,23350,23550,22900,23200,526441,-1.0660980810234542,1048306650,29866900,9379018350,1714733200,3152231400,167913800,8259489850,592290050,12171925100
2024-02-20,23100,23200,22700,22850,471605,-1.5086206896551724,548704400,53706300,7924355200,2257050900,4233361950,4299000,5916986000,629169850,10783816800
2024-02-21,22700,22950,22450,22650,495220,-0.87527352297593,568387650,3580750,8757531850,1888541650,4326044550,15698200,5447092600,1429206550,11218041900
2024-02-22,22950,23250,22700,23100,490654,1.9867549668874174,246199500,22020450,8127787500,2880121150,1674518550,0,7600244450,2001365600,11276128600
2024-02-23,23400,23450,22600,22800,406662,-1.2987012987012987,838344250,21882800,7869458250,571809450,493147600,345821600,5777815000,2684710550,9301494750
2024-02-26,22800,23100,22500,22600,427993,-0.8771929824561403,491722100,6030850,7873078450,1364188200,1799337900,301429600,6516265300,1117986800,9735019600
2024-02-27,22550,22750,22050,22200,394386,-1.7699115044247788,173194850,118493550,6585397450,1886383250,1959987100,65485300,6095517100,642479600,8763469100
2024-02-28,22200,22800,22200,22400,492113,0.9009009009009009,284024100,4508150,7844102050,2939336600,3281831700,50245550,7075257050,664636600,11071970900
2024-02-29,22300,22500,22050,22250,527986,-0.6696428571428571,83780300,513482100,8032884800,3111890400,3234054850,205866300,7000700350,1301416100,11742037600
2024-03-04,22550,24000,22550,23900,1361234,7.415730337078652,2732086200,1015965700,22444447900,5573677950,3858151050,70057100,24053138550,3784831050,31766177750
2024-03-05,23950,24150,23200,23550,684054,-1.4644351464435146,1256483750,13452000,13538193950,1318421600,1206100250,91649750,10468999000,4359802300,16126551300
2024-03-06,23300,24150,23200,24100,642308,2.335456475583864,1689476450,121374950,11527365350,1946435600,666294800,52158900,11105371600,3460827050,15284652350
2024-03-07,24350,24400,23300,23550,735507,-2.2821576763485476,1466467200,147574850,15279328100,629158850,3117540050,2440000,10406423750,3996125200,17522529000
2024-03-08,23850,24000,23350,23500,569500,-0.21231422505307856,301538300,193133350,11365126900,1606311300,2557442900,29212950,8501812050,2377641950,13466109850
2024-03-11,23050,23350,22700,23350,333289,-0.6382978723404255,1122088400,10944450,5082589300,1448936150,360864850,180964100,6272882850,849846500,7664558300
2024-03-12,23350,23600,23050,23550,402008,0.8565310492505354,313398500,4716600,7103338900,1963908100,777734550,298541400,5654529950,2654556200,9385362100
2024-03-13,23750,23850,23000,23350,551261,-0.8492569002123143,1138179000,66706950,10231327850,1476829550,908653700,6417000,9018807550,2979165100,12913043350
2024-03-14,23150,23300,22600,22750,614083,-2.569593147751606,1168464900,95259900,12351777600,345873150,2632062750,1271671600,8161901700,1895739500,13961375550
2024-03-15,22600,22900,22400,22900,365331,0.6593406593406593,860437800,591400,5633128800,1811682850,1025020900,83501450,6287489100,909829400,8305840850
2024-03-18,22800,23050,22650,22900,310583,0.0,247575150,1211750,6140894700,684087550,1492436250,39057650,4656619450,885655800,7073769150
2024-03-19,22850,22850,22500,22800,276316,-0.43668122270742354,544732050,10317400,4968895950,734881350,801099200,79085650,4848807750,529834150,6258826750
2024-03-20,22800,23850,22750,23700,888477,3.9473684210526314,3360826250,47744100,13045015800,4395723750,1079150950,102906400,18148772450,1518480100,20849309900
2024-03-21,24250,24600,23900,24250,1160766,2.320675105485232,644893650,151888300,18642451900,8724791850,1082171250,26761700,22191346450,4863746300,28164025700
2024-03-22,24450,24500,23800,24300,666205,0.2061855670103093,432616500,8101750,10961070350,4688965900,1411702450,110019100,11748960350,2820072600,16090754500
2024-03-25,24250,24350,23750,23800,394673,-2.05761316872428,750975500,86470350,8017587200,609519550,1204320550,33662350,5975029850,2251539850,9464552600
2024-03-26,23950,24500,23850,23950,586234,0.6302521008403361,372197400,72262850,9993324400,3722710800,2059920350,174464100,9952684950,1973426050,14160495450
2024-03-27,23950,24250,23650,24100,485558,0.6263048016701461,643344150,11096350,8041557150,2942181600,2979917100,13898400,7845290150,799073600,11638179250
2024-03-28,24150,24500,23850,23900,689615,-0.8298755186721992,1403149650,40574300,12952360500,2209772250,5189822350,80236350,9100364150,2235433850,16605856700
2024-03-29,24050,24800,23900,24550,959488,2.7196652719665275,1847039400,36556150,17862431900,3618932350,646005950,69778500,18926162950,3723012400,23364959800
2024-04-01,25550,27900,25250,27000,7777601,9.979633401221996,8841496350,1359501250,172034574350,28043001900,2582959950,664052950,184605212800,22426348150,210278573850
2024-04-02,27900,28050,26500,26900,2551487,-0.3703703703703704,4653672650,586559550,55941130450,8081970750,7334995850,261210350,48796179450,12870947750,69263333400
2024-04-03,26150,26850,25800,26500,1181189,-1.486988847583643,1907399250,186185000,23913065800,5086852000,139273400,399006050,26564611200,3990611400,31093502050
2024-04-04,27000,27500,26600,27000,1513222,1.8867924528301887,1160814050,1227329250,33206850900,5313915150,875863900,811087650,32290157650,6931800150,40908909350
2024-04-05,26350,26750,26000,26650,869938,-1.2962962962962963,1622556550,112388400,15798704850,5435549050,1017350900,16613400,19120349300,2814885250,22969198850
2024-04-08,27050,27050,25150,25250,845766,-5.253283302063791,753567050,120929250,18654067350,2283677150,1051821350,92899400,17273408200,3394111850,21812240800
2024-04-09,25000,25650,24650,24900,648631,-1.3861386138613863,751391150,50035550,13261863150,2138093150,2139687900,40695800,11025174450,2995824850,16201383000
2024-04-11,24500,25300,24450,25200,352943,1.2048192771084338,235235950,44987200,6984228750,1535957500,345955350,120695550,6874679150,1459079350,8800409400
2024-04-12,25600,25650,24750,24800,611648,-1.5873015873015872,1620473900,110858050,11201145600,2414734450,5409751900,86632900,8224100550,1626726650,15347212000
2024-04-15,24250,24750,24050,24300,427214,-2.0161290322580645,934771150,38837450,6775961400,2626619700,1168769700,44300600,8048831700,1114287700,10376189700
2024-04-16,24000,24200,22900,23150,721969,-4.732510288065844,1020894600,67315750,12868194500,2892671250,528126600,494836800,14954333050,871779650,16849076100
2024-04-17,23400,23900,23350,23400,372871,1.079913606911447,819105500,83099000,6345410700,1528840250,34604900,126441100,6375756950,2239652500,8776455450
2024-04-18,23100,24000,23100,24000,286893,2.564102564102564,534891000,13166200,4520066750,1753527600,828258650,25397500,4466901200,1501094200,6821651550
2024-04-19,23650,23750,22550,22850,709218,-4.791666666666667,994341000,68320150,13660978750,1565270450,913266700,331870850,12768269600,2275503200,16288910350
2024-04-22,22600,23150,22600,22850,333263,0.0,868801300,42032300,5591029100,1090182800,917389600,110336050,4873343500,1690976350,7592045500
2024-04-23,23100,23200,22700,22800,227122,-0.2188183807439825,378808500,23686250,4408730000,393502050,451913650,0,3064195850,1688617300,5204726800
2024-04-24,23300,23700,23150,23400,394911,2.631578947368421,314909200,43164150,7623450700,1243513350,1736945400,26145300,6355512100,1106434600,9225037400
2024-04-25,22950,23650,22900,23100,285550,-1.282051282051282,303734750,17314950,5016352250,1302281050,1370582600,4304300,4834207600,430588500,6639683000
2024-04-26,23400,23500,23100,23300,225650,0.8658008658008658,522566000,4660000,4394220550,322562750,650029850,4662800,3689473450,899843200,5244009300
2024-04-29,23500,23950,23350,23550,417768,1.0729613733905579,638177000,94200,8252146950,955816500,2219876900,78763550,6128569800,1419024400,9846234650
2024-04-30,23450,23950,23300,23400,397853,-0.6369426751592357,399901750,15356400,7922297100,1013410650,1465277800,35025000,5931967300,1918695800,9350965900
2024-05-02,23350,23600,23200,23600,252172,0.8547008547008548,305458100,4317650,4356871250,1228586350,212482750,4690000,5464735450,213325150,5895233350
2024-05-03,23200,23250,22600,22850,858521,-3.1779661016949152,363500700,43001250,18876187550,323227600,1996901050,86636500,14602349350,2920030200,19605917100
2024-05-07,22900,23200,22650,23200,765895,1.5317286652078774,1026837650,10450300,12421154900,4113525750,2038547450,143408300,14901215000,488797850,17571968600
2024-05-08,23100,23600,22900,23500,351017,1.293103448275862,652161350,47025350,5605369600,1881774650,123109200,16240000,7668689750,378292000,8186330950
2024-05-09,23550,23650,23050,23300,363849,-0.851063829787234,1539959450,26229700,6498344600,411792950,2021753650,1965600,4856190600,1596416850,8476326700
2024-05-10,23250,23350,22800,23000,310087,-1.2875536480686696,1256168100,62277500,5621021750,201361500,331178700,4630000,5017229000,1787791150,7140828850
2024-05-13,23000,23100,22800,23000,232696,0.0,911270650,14041350,3710373300,697890500,137839850,0,5002705150,193030800,5333575800
2024-05-14,23050,23400,23050,23350,329114,1.5217391304347827,732167750,5932600,5240363300,1663669600,92076600,78161750,6641707750,830187150,7642133250
2024-05-16,23650,25250,23550,24500,1554805,4.925053533190578,4478052250,949241900,24085342350,8539794900,681853250,54369800,34065398650,3250809700,38052431400
2024-05-17,24700,24900,24100,24500,479634,0.0,1381414850,49799800,9246534700,1049910650,332849750,86154550,8390423800,2918231900,11727660000
2024-05-20,24550,24600,23850,24100,410068,-1.6326530612244898,1199204950,24073500,8070669900,575303100,832531000,34235000,6968975600,2033509850,9869251450
2024-05-21,24250,24550,24100,24150,306041,0.2074688796680498,208357200,36827200,6219686100,959493850,412676050,36436050,5710016750,1265235500,7424364350
2024-05-22,24250,24300,23650,23900,295048,-1.0351966873706004,624207050,7781000,5821563150,611152950,345606500,76562500,5529410100,1113125050,7064704150
2024-05-23,23900,24750,23650,24600,628567,2.928870292887029,2951393650,16093300,9410481150,2999235750,966900750,49935000,13277771500,1082596600,15377203850
2024-05-24,24250,24400,23400,23500,549279,-4.471544715447155,248546500,88984350,12334129500,407999250,681031350,518599200,7600114250,4279914800,13079659600
2024-05-27,23500,23750,22950,23350,439303,-0.6382978723404255,220032850,56489250,9122280800,787072550,1338387200,265378200,7307739650,1274370400,10185875450
2024-05-28,23400,23650,23300,23350,249965,0.0,302595400,5157200,4953330500,600530800,911313000,0,4223560950,726739950,5861613900
2024-05-29,23450,23900,23200,23700,420280,1.4989293361884368,1365580050,120867750,7281723800,1122587650,1028734150,16527000,7474140050,1371358050,9890759250
2024-05-30,23350,23450,23100,23150,346969,-2.320675105485232,2577327950,4182750,4840242550,646173350,2057585500,9908800,4309400550,1691031750,8067926600
2024-05-31,23050,23350,23000,23150,238215,0.0,482156100,947550,3938867450,1084000000,1556450400,4846400,3626459350,318214950,5505971100
2024-06-03,23250,23400,23150,23300,211654,0.6479481641468683,875987900,51589000,3520234250,472852450,145605850,5336000,4203534550,566187200,4920663600
2024-06-04,23250,23350,23000,23050,182003,-1.0729613733905579,268909450,806500,3831539150,100400200,451986600,0,3188848850,560819850,4201655300
2024-06-05,23300,23350,22750,22850,276622,-0.8676789587852495,151418300,82216000,5877693500,245798450,132226500,13860000,6058560000,152479750,6357126250
2024-06-07,22950,23200,22750,22850,291983,0.0,138973550,79909350,5930457050,538722100,1875686950,225092850,3998838450,588443800,6688062050
2024-06-10,22700,22900,22600,22850,238522,0.0,265731550,102095250,4402055050,643713650,961224550,298424450,3920302750,233643750,5413595500
2024-06-11,22900,22900,22400,22400,304529,-1.9693654266958425,439804050,33361900,6248400250,158329100,1247756800,37706200,4936683000,657749300,6879895300
2024-06-12,22550,23350,22550,22950,427905,2.455357142857143,788141550,168892650,7183879550,1691118300,733414650,63318000,8214015200,821284200,9832032050
2024-06-13,23200,23600,23050,23050,379828,0.4357298474945534,336166750,46591650,6614284850,1824050550,1207286850,28656300,6542383950,1042766700,8821093800
2024-06-14,23150,23200,20900,22400,1913599,-2.8199566160520604,8473016900,131726100,28888763250,4229638400,21549506600,241867050,16542909850,3388861150,41723144650
2024-06-17,22050,22550,21600,22350,397748,-0.2232142857142857,1443210000,12498400,6533245200,803893600,108344350,58597000,6771124850,1854781000,8792847200
2024-06-18,22250,22400,21700,21950,437193,-1.7897091722595078,1501419550,203756850,6907171250,985878300,2793280400,11000000,5802139800,991805750,9598225950
2024-06-19,21950,22350,21950,22200,296277,1.1389521640091116,487595000,8616200,4580469850,1477818000,536576000,233490400,5145921650,638511000,6554499050
2024-06-20,22100,22550,22000,22350,300503,0.6756756756756757,373378950,24095700,4710023550,1602456250,351817000,221693700,5588192500,548251250,6709954450
2024-06-21,22350,22350,21700,21750,337709,-2.684563758389262,66382550,105201100,7017346150,204731500,2346332550,7215750,3258550650,1781562350,7393661300
2024-06-24,21700,21900,20950,21150,380841,-2.7586206896551726,130752600,193609300,6685632500,1105770300,1461717400,27752450,6167276700,459018150,8115764700
2024-06-25,21100,21400,21000,21300,275361,0.7092198581560284,202572600,33719550,4370960500,1224125900,1806186950,65782450,3540530850,418878300,5831378550
2024-06-26,21100,21550,21050,21550,344512,1.1737089201877933,234590500,575200,5112665200,1988117550,2801205800,25762750,3937229750,571750150,7335948450
2024-06-27,21450,21550,21050,21150,261777,-1.8561484918793503,39839450,23960400,4463354200,1034470750,1042560650,255929200,3380876750,882258200,5561624800
2024-06-28,21100,21750,21050,21650,327808,2.3640661938534278,234650450,4310000,3944302450,2868805650,1641476450,0,4739525550,671066550,7052068550
2024-07-01,21800,22200,21750,22050,302729,1.8475750577367205,54046000,20405350,4795515500,1810799000,61723600,8532950,5717810700,892698600,6680765850
2024-07-02,22050,22100,21600,21600,218695,-2.0408163265306123,73327800,40661300,4488179750,155789450,123262900,40690650,3139995950,1454008800,4757958300
2024-07-03,21700,21850,20950,21200,321271,-1.8518518518518516,756894100,55172000,5464356600,547182000,1633981250,66573600,3784881600,1338168250,6823604700
2024-07-04,21300,21750,21300,21600,263286,1.8867924528301887,60086200,38000100,3459619950,2107297750,85485750,21500,5253823950,325672800,5665004000
2024-07-05,21800,22100,21650,22000,337222,1.8518518518518516,121180800,66370450,5684258100,1523152700,79859900,22050000,6432004900,861047250,7394962050
2024-07-08,22250,22300,21850,21850,248796,-0.6818181818181818,69187850,276993700,4901168500,230282150,614084900,46095000,3485952100,1331500200,5477632200
2024-07-09,21950,22400,21950,22300,267005,2.059496567505721,36155250,5631400,4009065200,1885531400,420579400,37751550,4872067250,605985050,5936383250
2024-07-10,22800,25000,22700,24900,3724845,11.659192825112108,8561380200,517946850,57941707650,22551173750,278215300,880879750,80655900350,7757213050,89572208450
2024-07-11,24900,25150,24100,24500,1275077,-1.6064257028112447,714284750,406534050,23991365250,6262735750,336578550,188748300,25375057650,5474535300,31374919800
2024-07-12,24050,24200,23700,24000,572541,-2.0408163265306123,632023400,191584300,10431582000,2473555900,451925500,51569800,10995359800,2229890500,13728745600
2024-07-15,24200,24450,23900,24200,489603,0.8333333333333334,1430344050,21131400,8589428750,1790707150,53501250,15866950,9116781700,2645461450,11831611350
2024-07-16,24100,24150,23400,23900,444201,-1.2396694214876034,95714850,17056100,7507882700,2932382250,254562650,275425150,8865587100,1157461000,10553035900
2024-07-17,23900,23950,22900,22900,575295,-4.184100418410042,433391100,115622900,10746414500,2121652800,514093600,41690000,9636454050,3224843650,13417081300
2024-07-18,22050,22650,21850,22600,525102,-1.3100436681222707,297987450,56992600,7768922050,3569530850,1013704600,82195450,6767621600,3829911300,11693432950
2024-07-19,22300,22750,22200,22500,174188,-0.4424778761061947,22826800,24282250,3590198750,275204500,17312050,0,2521118700,1374081550,3912512300
2024-07-22,22550,22700,21350,21550,496246,-4.222222222222222,143749150,120360200,9676274750,833978150,1057586900,172501650,5455316950,4088956750,10774362250
2024-07-23,21950,22250,21600,21750,262768,0.9280742459396751,689643400,16610150,3828366700,1225635000,197979600,66274800,4918070200,577930650,5760255250
2024-07-24,21600,23250,21600,22800,644381,4.827586206896552,2503341400,127039400,6359556000,5660108050,128725450,154199300,12049403400,2317716700,14650044850
2024-07-25,22150,22550,21700,21700,343292,-4.824561403508771,40753050,3093100,6575122250,954374400,225418950,23375950,4529448500,2795099400,7573342800
2024-07-26,21850,22300,21550,22200,213782,2.3041474654377883,330233450,17537200,3437400200,924426250,140201900,117980600,3486771500,964643100,4709597100
2024-07-29,22350,22650,22050,22150,195941,-0.22522522522522523,53324400,11468900,3355964750,951187400,221489500,101195350,2594068900,1455191700,4371945450
2024-07-30,21900,22000,21450,21600,250783,-2.4830699774266365,38445450,14279650,5223019250,147097300,268949250,125391850,3062654750,1965845800,5422841650
2024-07-31,21500,22150,21300,22100,255951,2.314814814814815,51960850,2711300,4111837700,1389633100,68008250,24416850,4478233950,985483900,5556142950
2024-08-01,22500,22600,22100,22300,338985,0.904977375565611,783700000,12180000,6253118200,572440450,135675350,6000750,6499299650,980462900,7621438650
2024-08-02,22450,22600,21050,21050,964373,-5.605381165919283,1415547450,47491100,17695315000,1796872700,653272550,103960800,11666696950,8531295950,20955226250
2024-08-05,20400,20500,17500,18580,971952,-11.73396674584323,669710410,27528600,14290611690,3812943360,302052250,62093190,14443616270,3993032350,18800794060
2024-08-06,18860,20100,18860,19450,493702,4.682454251883747,814128180,20656450,6754215110,2067167450,164811160,3097360,7668452680,1819805990,9656167190
2024-08-07,19450,20650,19440,20300,308584,4.370179948586118,1339057350,42115900,3283464910,1556014470,130009900,2253160,5154624490,933765080,6220652630
2024-08-08,19900,20850,19900,20600,242979,1.477832512315271,807386050,6200200,3176372750,990527870,106571120,0,3993220200,880695550,4980486870
2024-08-09,21100,22050,21000,21250,400544,3.1553398058252426,1232209950,10006200,5725238800,1619405700,152371000,10735000,7060900050,1362854600,8586860650
2024-08-12,21250,21750,21150,21350,203063,0.4705882352941176,1028593850,6910050,2532415350,803273050,17967550,3482950,3683505550,666236250,4371192300
2024-08-13,21600,21800,20900,21150,238226,-0.936768149882904,498561650,3178550,3930461950,614465250,520147800,19069750,3311158450,1196291400,5046667400
2024-08-14,21650,21650,21150,21200,219068,0.2364066193853428,91223350,21150,3233349050,1350386450,451817250,0,3603188800,619973950,4674980000
2024-08-16,21600,22200,21450,21850,385641,3.0660377358490565,1085138250,41702550,4573064450,2720250450,58542550,2275250,7471456150,887881750,8420155700
2024-08-19,21850,21850,21150,21250,184428,-2.745995423340961,120483500,6207950,3627849500,197729050,13154200,32175000,2800511850,1106428950,3952270000
2024-08-20,21600,21650,21100,21350,146137,0.4705882352941176,119146100,12288750,2659557350,325935050,147500450,227365700,2193861500,548199600,3116927250
2024-08-21,21150,21300,20950,21300,155507,-0.234192037470726,161987100,2532250,2505008550,611596150,615336100,0,2380364750,285423200,3281124050
2024-08-22,21350,21650,20550,20850,306999,-2.112676056338028,485415200,32830650,5539411150,335549650,517404100,3382600,3747601850,2124818100,6393206650
2024-08-23,20600,20750,20300,20500,160160,-1.6786570743405276,8549700,3279400,2865664550,404579050,285698900,154173400,2564900850,277299550,3282072700
2024-08-26,20650,20750,19730,19800,433895,-3.414634146341464,76594330,41512570,8159844600,412492860,2784687080,156663770,4961259200,787834310,8690444360
2024-08-27,19620,20150,19520,19910,176965,0.5555555555555556,51508420,196200,2282321900,1181429790,118915940,0,2600289040,796251330,3515456310
2024-08-28,19850,20250,19710,20250,182270,1.7076845806127574,233602750,51374830,2772422520,590817450,42207640,1987820,2987836280,616185810,3648217550
2024-08-29,19770,19940,19480,19500,318219,-3.7037037037037033,155618860,4209000,5848145820,233488900,1444854020,15354590,3394570820,1386683150,6241462580
2024-08-30,19560,20100,19560,20000,181677,2.564102564102564,61953010,3376510,2223656260,1306984700,394186990,20000000,2886429200,295354290,3595970480
2024-09-02,20150,20150,19740,19890,105229,-0.5499999999999999,12060980,20279290,1815171870,240208400,30701820,23796000,1647444000,385778720,2087720540
2024-09-03,19950,19960,19200,19250,195990,-3.217697335344394,18584450,4239370,3714650190,85459500,662665840,0,2333018180,827249490,3822933510
2024-09-04,18210,18590,18150,18270,382834,-5.090909090909091,345060910,12213310,6128188950,539861600,235817630,0,5710737520,1078769620,7025324770
2024-09-05,18360,18630,17950,18030,192755,-1.3136288998357963,169790250,11145000,2859202670,466056610,4301360,1798000,2897901390,602193780,3506194530
2024-09-06,18030,18150,17500,17520,229743,-2.828618968386023,36702490,14757650,3550207390,441605390,698447490,0,3024335760,320489670,4043272920
2024-09-09,17080,17970,16910,17970,170565,2.5684931506849313,203600210,10159420,1940894120,810680520,12217400,78499250,2507099360,367518260,2965334270
2024-09-10,18000,18250,17500,17750,158801,-1.2242626599888704,22677870,2115000,2216307350,598787700,122195950,1515180,1956448200,759728590,2839887920
2024-09-11,18000,18110,17700,17780,135766,0.16901408450704225,458672530,4113120,1614638140,346923400,57098520,8986690,1991149190,367112790,2424347190
2024-09-12,18320,19090,18160,18880,297672,6.186726659167604,1538741630,10068080,2514499470,1478925930,169793570,10476230,4649950680,712014630,5542235110
2024-09-13,18850,19430,18750,19380,218039,2.6483050847457625,1036122020,2138540,1647270990,1503339920,10774740,17723510,3543481900,616891320,4188871470
2024-09-19,19220,19240,18600,19110,160309,-1.393188854489164,124099600,3773550,2435697740,469831210,87266120,0,2344092570,602043410,3033402100
2024-09-20,19290,19700,18880,18890,165255,-1.1512297226582942,368217730,321610,2148165040,662720770,86000430,38015150,1844043300,1211366270,3179425150
2024-09-23,18890,19500,18760,19450,166905,2.9645314981471675,508357920,20126120,1923285460,775751350,137029580,12437380,2835485370,242568520,3227520850
2024-09-24,19400,19480,19200,19450,97061,0.0,50058630,1350000,1430253610,392772690,113593110,5883600,1329654250,425303970,1874434930
2024-09-25,19600,19700,19330,19450,149947,0.0,476990470,4127140,1845239610,603608400,64094450,2645200,2296341800,566884170,2929965620
2024-09-26,19900,19970,19700,19840,210851,2.005141388174807,328682590,11088000,3077852710,767657610,171709620,3341410,3370539660,639690220,4185280910
2024-09-27,19830,19920,19450,19450,135798,-1.965725806451613,9807940,1961500,2346050040,308911680,157974830,0,1399052610,1109703720,2666731160
2024-09-30,19300,19390,18750,18810,252970,-3.2904884318766063,334034710,12566140,3155565910,1281723380,952456800,21812510,1847747910,1961872920,4783890140
2024-10-02,18300,18740,18200,18490,153633,-1.701222753854333,17172890,1845500,1885185060,928800850,127672240,0,1811043670,894288390,2833004300
2024-10-04,18400,18570,18230,18300,115549,-1.0275824770146025,95788000,6766000,1681294350,340140880,74567580,0,1039795880,1009625770,2123989230
2024-10-07,18260,18790,18220,18590,138403,1.5846994535519126,171699310,475800,1505272590,877224470,191114190,1374000,1615751980,746432000,2554672170
2024-10-08,18350,18610,18100,18130,148762,-2.474448628294782,55155830,1832950,2386229480,267995500,81024090,0,1177534860,1452654810,2711213760
2024-10-10,18320,18360,18000,18070,91088,-0.3309431880860452,78676100,3632000,1052704660,516930380,122746920,3028620,1063881860,462285740,1651943140
2024-10-11,18010,18360,18000,18030,103316,-0.22136137244050913,13112390,2702900,1407248200,446664580,10173570,217080,1438210570,421126850,1869728070
2024-10-14,18030,18320,17950,18090,117968,0.33277870216306155,12041510,0,1515549630,607801270,96507080,1712680,1598720700,438451950,2135392410
2024-10-15,18210,18640,18000,18590,277027,2.7639579878385847,193441440,19181090,2931131290,1945010100,292589450,0,3733437140,1062737330,5088763920
2024-10-16,18220,18280,17950,17950,194856,-3.442711135018827,42278880,5336200,2951937120,517731490,337770610,28379770,1332936390,1818196920,3517283690
2024-10-17,18050,18130,17880,18010,100803,0.3342618384401114,113387330,2995540,1249221480,446377540,26991720,19257860,1419973620,345758690,1811981890
2024-10-18,18020,18080,17060,17100,392794,-5.052748473070516,357920880,67326700,6101873110,262885270,50291170,33044430,4780194010,1926476350,6790005960
2024-10-21,17110,17340,17070,17220,132445,0.7017543859649122,336483560,1049030,1212362550,728489660,62857480,6862070,1901517210,307148040,2278384800
2024-10-22,17120,17290,16700,16710,170475,-2.961672473867596,203209610,3196200,2445611230,219201810,506258090,12377210,1864669980,487913570,2871218850
2024-10-23,16670,16970,16440,16870,235110,0.9575104727707959,207684450,123592370,2311889810,1283266100,522214060,136923440,2675508500,591786730,3926432730
2024-10-24,16730,16780,16070,16170,275871,-4.149377593360995,79919830,4455410,3346918720,1081303980,851769080,4967860,2359249970,1296611030,4512597940
2024-10-25,16190,16320,15550,15820,398030,-2.1645021645021645,110168310,98919500,3330170050,2762601310,1345128680,93945810,4296423680,566361000,6301859170
2024-10-28,15820,16580,15780,16580,293700,4.804045512010114,614999970,74887270,1431710570,2653005500,808795810,0,3448422480,517385020,4774603310
2024-10-29,16430,16440,16050,16370,149056,-1.2665862484921593,11805710,818500,1828821150,574246200,219061910,3855820,1222877080,969896750,2415691560
2024-10-30,16370,16500,16190,16410,125674,0.2443494196701283,8006900,0,979906550,1066647080,665725950,0,987071520,401763060,2054560530
2024-10-31,16290,17320,16120,17230,428183,4.996953077391835,205200030,97694700,3051336690,3927757980,28152010,37452480,5708805790,1507579120,7281989400
2024-11-01,16830,16990,16500,16600,209029,-3.656413232733604,136374610,143317550,2987288050,225608540,132024990,134560430,1412875070,1813128260,3492588750
2024-11-04,16620,16670,16350,16600,142072,0.0,139359040,50687880,1739242820,423086330,525820470,0,1048087390,778468210,2352376070
2024-11-05,16450,18780,16290,17950,3652785,8.132530120481928,1093744380,281462250,54933171340,9141888320,1908002890,512180840,52849813140,10180269420,65450266290
2024-11-06,17810,18300,17290,17650,669194,-1.6713091922005572,2136785720,34641560,7335142420,2401162610,341844330,106125280,8890504850,2569257850,11907732310
2024-11-07,17660,18260,17300,18190,435654,3.059490084985836,1226505910,63039490,4333264790,2197271390,167918290,17644020,5958740830,1675778440,7820081580
2024-11-08,18200,18860,18000,18250,610018,0.32985156679494226,3432772520,6387100,6082955390,1724364230,230977100,31117500,8100051720,2884332920,11246479240
2024-11-11,18270,18340,17110,17110,332557,-6.2465753424657535,133913220,138826690,4922916810,635258140,423781770,66430070,4271921490,1068781530,5830914860
2024-11-12,17100,17100,16170,16200,329870,-5.318527177089422,188391780,24316750,4344946330,891968620,298653540,11540370,4697932840,441496730,5449623480
2024-11-13,16020,16690,15700,16000,269758,-1.2345679012345678,249169660,2180830,2708997510,1416993490,388817660,186844920,2858259910,943419000,4377341490
2024-11-14,16050,16190,15000,15130,451714,-5.4375,113468990,4359770,6124233300,738287910,1446232300,875660,3519700570,2013541440,6980349970
2024-11-15,14320,15600,14320,15340,434479,1.3879709187045606,215771640,10938200,4141790820,2155886900,1011840860,37212230,4564361130,910973340,6524387560
2024-11-18,15230,15760,15210,15390,218142,0.3259452411994785,117802940,62747130,2133865910,1056775190,247585650,21669930,2291205100,810730490,3371191170
2024-11-19,15510,15560,15120,15400,233599,0.0649772579597141,87683710,31037100,2796566280,660600790,1345967750,42475170,1566524180,620920780,3575887880
2024-11-20,15400,15430,15130,15320,149174,-0.5194805194805194,207667300,107664210,1472886650,491333220,606354940,0,1214420250,458776190,2279551380
2024-11-21,15260,15420,15210,15330,121530,0.06527415143603134,57277150,3016150,1378232600,421186480,391795200,30760000,1136958080,300199100,1859712380
2024-11-22,15370,15620,15310,15320,194716,-0.06523157208088715,31230700,35147700,2261079790,671951880,533502340,0,1920052090,545855640,2999410070
2024-11-25,15450,15870,15450,15850,230527,3.4595300261096606,135462390,2538680,1600511410,1877264740,728929250,117560000,2311077080,458210890,3615777220
2024-11-26,15700,15970,15610,15930,150711,0.5047318611987383,168712580,858060,1352181370,869812530,691926810,0,1384672120,314965610,2391564540
2024-11-27,15900,15900,15140,15260,328080,-4.205900816070308,313677450,83237260,4494342210,151857200,768650910,0,2255763710,2018699500,5043114120
2024-11-28,15190,15240,14940,15010,221858,-1.6382699868938402,25280450,94341860,2838509080,377746180,638312130,494010,1886533800,810537630,3335877570
2024-11-29,14950,15010,14300,14310,364717,-4.663557628247834,284750350,71716050,4395084070,519088180,1007860540,1346080,3565411340,696020690,5270638650
2024-12-02,14320,14680,14050,14050,235764,-1.8169112508735148,41482060,0,2308417220,1010950750,189016260,3575000,2885141160,283117610,3360850030
2024-12-03,14000,14790,13990,14720,282905,4.7686832740213525,213688360,0,1294992600,2610599600,82452490,82857580,3692982870,260987620,4119280560
2024-12-04,14370,14700,14180,14340,203456,-2.5815217391304346,9530640,803040,2132076390,776656740,79524230,0,1987401160,852141420,2919066810
2024-12-05,14350,14510,14110,14220,143670,-0.8368200836820083,185818880,142200,1330054180,538204400,206016490,109257210,1206109620,532836340,2054219660
2024-12-06,14080,14400,13420,13850,337623,-2.60196905766526,93996360,4083650,3135329230,1439094050,205872070,54869410,3393984460,1017777350,4672503290
2024-12-09,13580,13580,12870,12870,431772,-7.075812274368232,164466970,133000,3762276990,1748347360,649083470,159662910,4140481900,725996040,5675224320
2024-12-10,12870,13950,12870,13830,334394,7.459207459207459,22577410,1395500,1444364570,3047345810,532723770,62226230,3457488470,463244820,4515683290
2024-12-11,13840,14490,13710,14480,226375,4.6999276934201015,317137460,31449320,1545764650,1352180900,216181320,3637730,2364377230,662336050,3246532330
2024-12-12,14580,14990,14430,14930,200178,3.1077348066298343,133026440,10366590,1698453840,1108138210,93257070,470280,2148679630,707578100,2949985080
2024-12-13,14930,16310,14710,15990,676331,7.099799062290691,6367173460,23223670,2518157290,1752120170,389597850,54854610,6721652520,3494569610,10660674590
2024-12-16,16000,16200,15400,15460,195759,-3.314571607254534,8781810,1701490,2596393780,469997620,352549900,5402530,1731374620,987547650,3076874700
2024-12-17,15440,15930,15310,15900,152100,2.846054333764554,408599750,8767760,1193935000,778848640,75406000,14396800,1653855370,646492980,2390151150
2024-12-18,15680,15870,15580,15720,107018,-1.1320754716981132,13246260,1962060,1346615860,317141450,506918800,0,647574210,524472620,1678965630
2024-12-19,15400,15440,15120,15240,132934,-3.0534351145038165,316667660,0,1095280540,615667030,621936630,5822800,1030709130,369146670,2027615230
2024-12-20,15240,15310,14910,15240,123506,0.0,503658340,3079120,729435900,627573760,287907120,0,1088654600,487185400,1863747120
2024-12-23,15270,15750,15150,15580,117542,2.2309711286089238,365123400,20255550,978887130,464187880,100728950,345060,1259327140,468052810,1828453960
2024-12-24,15780,15920,15330,15510,122916,-0.4492939666238768,31272890,171260,1435312660,449194440,480455920,1745050,963493310,470256970,1915951250
2024-12-26,15510,15510,15060,15140,110831,-2.385557704706641,38693460,2340560,1380469380,257974270,227637500,54410000,1009339220,388090950,1679477670
2024-12-27,15080,16560,15080,15670,391828,3.500660501981506,817143100,15250310,2910464190,2519303740,129451980,5927330,5179412690,947369340,6262161340
2024-12-30,15650,15650,15350,15500,83307,-1.0848755583918315,6206780,1579000,1056934000,227086770,95017680,15480,631128470,565644920,1291806550
2025-01-02,15340,15420,15080,15390,128817,-0.7096774193548387,85310750,3858390,1547249190,327248040,174650040,1544270,1024301670,763170390,1963666370
2025-01-03,15300,16140,15300,15900,235339,3.313840155945419,712141090,1603970,1800540430,1227075280,115106930,2074450,2795704890,828474500,3741360770
2025-01-06,16000,17170,15940,17000,648248,6.918238993710692,2954896640,68123970,5912860320,1982094000,199966760,12173460,7926981800,2778852910,10917974930
2025-01-07,17080,17390,16600,16780,239536,-1.2941176470588236,430834510,4793900,2401173250,1211983580,175906440,3319420,2191907090,1677652290,4048785240
2025-01-08,16510,17230,16010,17230,263673,2.6817640047675804,624101030,19642160,2936443420,881922990,272898820,19389100,3107024480,1062797200,4462109600
2025-01-09,17360,17360,16700,16800,212822,-2.4956471271038887,95801410,34155500,3126151980,340203040,471237550,16692610,1345035520,1763346250,3596311930
2025-01-10,16800,16910,16600,16760,112079,-0.2380952380952381,142514560,50110,1165146350,570346750,194234510,0,1061175100,622648160,1878057770
2025-01-13,16760,16760,15910,16020,261832,-4.41527446300716,156128020,1720260,3477601980,584598410,1634250700,13049840,1800851330,771896800,4220048670
2025-01-14,16080,16240,15790,15890,204442,-0.8114856429463172,32826790,856260,2223855110,996304320,1884425690,8025000,1023081760,338310030,3253842480
2025-01-15,16020,16220,15440,15630,301952,-1.6362492133417241,68338070,2649700,3791913120,857443090,1043476900,31260000,2036416750,1609190330,4720343980
2025-01-16,15930,16130,15740,15810,176663,1.1516314779270633,545899690,14652300,1508833560,736714450,23985810,1581000,1825675940,954857250,2806100000
2025-01-17,15600,15850,15500,15840,188552,0.18975332068311196,66126730,1235450,2144367560,750028780,168600280,13386540,2510145840,269625860,2961758520
2025-01-20,16140,17830,15940,17700,1605987,11.742424242424242,909318490,259817330,18047336410,8440400020,1796070170,148340880,21661975680,4050485520,27656872250
2025-01-21,18200,19890,18200,18980,3253731,7.231638418079096,3501998260,461040070,45210627060,12996451970,2998407620,531381210,45126811180,13513517350,62170117360
2025-01-22,18880,19380,17950,19110,1104377,0.684931506849315,2062714000,98356400,13082014530,5384474930,1039446130,54932080,15734294340,3798887310,20627559860
2025-01-23,19140,19140,18000,18000,591091,-5.808477237048666,255026920,70317810,8651047710,1919839620,137441460,120511680,8046277580,2592001340,10896232060
2025-01-24,18050,20750,18040,20000,3091304,11.11111111111111,8101493600,555758380,41119848460,11301212510,1344732930,246673400,50754226680,8732679940,61078312950
2025-01-31,19220,19490,18310,18500,1281810,-7.5,1305924580,76516690,18994605640,3682379460,2287733960,88333430,12873432400,8809926580,24059426370
2025-02-03,17840,17850,16840,17070,888891,-7.72972972972973,680936940,295952190,11735820840,2604591620,3094353320,140022420,9705253230,2377672620,15317301590
2025-02-04,17350,17960,16960,17010,813070,-0.35149384885764495,1220884350,64470790,10591609310,2297116890,482161130,593965500,8284779480,4813175230,14174081340
2025-02-05,17250,17710,17180,17620,512079,3.5861258083480307,1578428060,15653320,5829156580,1543275410,1235476300,17500,5603151140,2127868430,8966513370
2025-02-06,17750,18450,17630,18430,699842,4.597048808172531,3095958150,27677770,7385623770,2227301690,42307410,18751520,9391873630,3283628820,12736561380
2025-02-07,18850,19200,18310,18700,767573,1.465002712967987,1225485600,55395100,10320953940,2793257140,353580540,122547800,10486333300,3432630140,14395091780
2025-02-10,18490,19090,18090,19000,543501,1.6042780748663104,1918843390,12151540,6665424570,1562371410,402219820,106468760,7237229490,2412872840,10158790910
2025-02-11,19160,19160,18150,18250,585677,-3.9473684210526314,1371553270,51285180,8709492910,711075700,1947261020,61829890,5260660620,3573655530,10843407060
2025-02-12,18320,18500,18090,18260,266718,0.0547945205479452,387820170,60778630,3609975060,812719800,334602570,6511660,3334658650,1195520780,4871293660
2025-02-13,18260,18740,18210,18520,409707,1.4238773274917853,1573229790,30159750,4308591210,1674481150,599904680,10646870,4978710080,1997200270,7586461900
2025-02-14,18800,20650,18620,20050,2477865,8.26133909287257,6041963060,353977330,32379342330,10109875030,516339930,184572590,39827844190,8356401040,48885157750
2025-02-17,21000,21650,20350,20850,2003182,3.99002493765586,5944149950,238036200,30334250200,5554324950,1426358550,432693500,32147893150,8063816100,42070761300
2025-02-18,20900,20950,20100,20350,637587,-2.3980815347721824,1121099800,23684400,10205822500,1669290400,1043748200,76902800,10019622900,1879623200,13019897100
2025-02-19,20600,21100,19980,20000,866523,-1.71990171990172,531916630,126763600,15378527030,1717926460,902607170,250675930,12890697330,3711153290,17755133720
2025-02-20,20100,20150,19100,19230,567607,-3.85,191255920,30957770,8301822100,2556775140,669693610,233026500,7501769720,2676321100,11080810930
2025-02-21,19500,19650,19100,19550,314416,1.6640665626625066,144337770,44278360,4754496260,1157709830,188441970,70544280,3820174420,2021661550,6100822220
2025-02-24,19120,19450,18960,19450,306598,-0.5115089514066496,285291490,3918070,3870626990,1713489680,944540470,15786870,4143448260,769550630,5873326230
2025-02-25,19120,19380,18900,19200,274898,-1.2853470437017995,152648430,3245700,4118419590,986919980,1437677070,23792180,2732644430,1067120020,5261233700
2025-02-26,19000,19500,18930,19300,324808,0.5208333333333333,181053370,25065580,4725723220,1329899030,625672170,21350050,4044634770,1570084210,6261741200
2025-02-27,19540,19550,18500,18690,421406,-3.160621761658031,251576900,18186730,7046695580,609645620,881949660,43259740,5251528400,1749367030,7926104830
2025-02-28,18130,18300,17770,17850,506496,-4.49438202247191,147795310,27784750,6240667610,2688486260,2551328830,7060620,5016762580,1529581900,9104733930
2025-03-04,17400,17620,17260,17560,310157,-1.6246498599439778,386598350,13601520,2922614760,2078596085,1950176515,5964870,2519996850,925272480,5401410715
2025-03-05,17600,17830,17360,17750,217916,1.082004555808656,168072575,8628200,2590508315,1065975445,978446205,14309280,1897479670,942949380,3833184535
2025-03-06,17900,18000,17100,17160,383114,-3.323943661971831,192976630,22216180,5476766200,959707360,2198735845,31538715,2703809945,1717581865,6651666370
2025-03-07,16970,17530,16900,17400,224671,1.3986013986013985,227001065,9937250,2317100890,1329454680,1012248540,0,2182757040,688488305,3883493885
2025-03-10,17330,17530,17110,17250,152833,-0.8620689655172413,63053940,860500,2218348605,353992130,547298055,0,1208240525,880716595,2636255175
2025-03-11,16700,16890,16420,16810,368905,-2.550724637681159,319148385,15162010,3375165285,2451036865,2694327880,12533350,2503037075,950614240,6160512545
2025-03-12,17280,17630,16770,17570,298302,4.521118381915526,348270050,43456750,2870063880,1922198535,231133435,26560040,3967078105,959217635,5183989215
2025-03-13,17720,17880,17250,17370,255978,-1.1383039271485487,982355515,12448770,2939715510,541374070,126314070,8700940,2045306240,2295572615,4475893865
2025-03-14,17390,18200,17390,18130,322140,4.375359815774323,1175252400,23160930,3032155730,1542982895,52134915,49138150,4341571120,1330707770,5773551955
2025-03-17,18280,18500,18140,18350,300914,1.2134583563154993,761059155,3529030,3694121655,1067552770,50921625,27382530,3870729285,1577229170,5526262610
2025-03-18,18620,18750,17900,18060,263166,-1.5803814713896458,90015430,10788550,3823620675,851843880,419868415,9003120,2460512240,1886884760,4776268535
2025-03-19,17800,18630,17800,18300,354972,1.3289036544850499,199576200,35649870,4322536000,1953124720,282485265,26156140,4377205775,1825039610,6510886790
2025-03-20,18430,18580,18080,18150,261094,-0.819672131147541,85603835,38166870,3585159595,1069555210,440597370,1521670,2940910505,1395455965,4778485510
2025-03-21,18220,18940,18220,18600,678994,2.479338842975207,1118610210,78113770,8200423220,3259092925,1228781755,40835220,9299411605,2087211545,12656240125
2025-03-24,18690,18690,18000,18020,371839,-3.118279569892473,193306190,26607360,5998146490,558737145,2393825895,2630680,2888112980,1492227630,6776797185
2025-03-25,18160,18450,17650,17800,337934,-1.2208657047724751,1180668905,2156550,4153784120,758654850,761947340,2155860,3864652995,1466508230,6095264425
2025-03-26,17830,18100,17580,17640,331590,-0.8988764044943821,112325100,21235250,3838540735,1921227800,2701318600,25776000,2477023980,689210305,5893328885
2025-03-27,17560,17640,17300,17500,241373,-0.7936507936507936,140274075,2352200,2564372935,1497318285,1174947275,44790450,2234716730,749863040,4204317495
2025-03-28,17330,17400,16550,16770,428588,-4.171428571428572,488230580,1682000,6204155245,483935065,1661761895,22910730,2770938480,2722391785,7178002890
2025-03-31,16340,16340,15620,15700,324681,-6.380441264162194,226523480,16317910,3812163680,1117336500,693319460,8701300,1939488860,2530831950,5172341570
2025-04-01,15820,16180,15510,15860,198468,1.019108280254777,37096230,2513590,2192891710,905782185,1022512210,2596230,1002121865,1111053410,3138283715
2025-04-02,15890,16140,15650,15720,128744,-0.8827238335435058,220934340,74856460,1258646175,476656310,398730675,9076580,690335640,932950390,2031093285
2025-04-03,15020,15200,14680,14870,471682,-5.407124681933842,241064350,6532660,4954300650,1818838590,3009819660,37223180,2090710445,1882982965,7020736250
2025-04-04,14370,15200,14170,14700,307346,-1.1432414256893073,107592420,6577060,2186758475,2187948960,1104486245,35758430,2192588530,1156043710,4488876915
2025-04-07,14080,14080,13300,13340,324996,-9.251700680272108,90012910,88544350,3576862315,692317055,588593010,64712740,1922914390,1871516490,4447736630
2025-04-08,13720,13890,13270,13320,189571,-0.14992503748125938,92628885,8119250,1708238835,768803440,150104855,2295190,1296543600,1128846765,2577790410
2025-04-09,13000,13490,12900,13120,190993,-1.5015015015015014,67528710,21457620,1618756530,806631630,429085210,1617430,919485250,1164186600,2514374490
2025-04-10,14160,14390,13800,14190,285199,8.15548780487805,422930950,80870885,2264483170,1245078740,5324470,3642050,2063097545,1941299680,4013363745
2025-04-11,13900,14460,13820,14460,191920,1.9027484143763214,158968350,26844270,1548668095,980264650,813510870,2279990,1030370875,868583630,2714745365
2025-04-14,14800,14800,14520,14650,127281,1.313969571230982,31897820,5159000,1623665055,201908120,14051775,5283640,836274760,1007019820,1862629995
2025-04-15,14720,14920,14650,14860,105709,1.4334470989761092,198178060,57102580,960123140,349348210,4075290,3414000,1078383960,478878740,1564751990
2025-04-16,14720,14770,14240,14360,126635,-3.3647375504710633,144891330,12268380,1361652835,314485100,447388595,367000,779544790,605997260,1833297645
2025-04-17,14100,14450,14100,14430,88583,0.48746518105849584,19848590,29076080,808875890,413046830,345612305,329280,500644600,424261205,1270847390
2025-04-18,14440,14480,14200,14410,87961,-0.1386001386001386,14822960,1795000,880665870,361989685,445853280,287700,317136390,495996145,1259273515
2025-04-21,14430,14780,14340,14410,139893,0.0,171217200,25239950,1171375830,662053315,216410905,13586580,936384730,863504080,2029886295
2025-04-22,14270,14380,14200,14270,67289,-0.9715475364330326,239705730,1155770,575849830,143151990,117446795,0,376373205,466043320,959863320
2025-04-23,14570,14700,14420,14700,159324,3.0133146461107216,55118680,44934220,941029170,1282916080,721727130,2732560,1128423290,471115170,2323998150
2025-04-24,14880,14890,14480,14600,147394,-0.6802721088435374,52068620,18442090,1318036340,758943540,811823350,592000,561308390,773766850,2147490590
2025-04-25,14700,14890,14620,14740,176365,0.9589041095890412,417746550,354720,1119056895,1058311915,925572410,202946685,1088886805,378064180,2595470080
2025-04-28,14770,14800,14490,14630,118931,-0.7462686567164178,344125775,7866020,1215820960,167780080,303976835,7756300,584506925,839352775,1735592835
2025-04-29,14880,14890,14630,14700,141904,0.4784688995215311,186939395,8993840,1331241730,566474870,62653550,279890,1019098705,1011617690,2093649835
2025-04-30,14650,14680,13800,13960,437534,-5.034013605442176,171466715,135128765,5324064565,522026410,1646370820,44682180,1391132635,3070500820,6152686455
2025-05-02,14000,14190,13880,14180,192874,1.5759312320916905,40278280,9245510,900209855,1768763795,325777770,21925620,1206074265,1164719785,2718497440
2025-05-07,14180,14250,14070,14230,155644,0.3526093088857546,22503425,2839990,1070127005,1109685515,398468210,1424360,792335770,1012927595,2205155935
2025-05-08,14320,14590,14190,14220,146447,-0.07027406886858749,11889770,6979110,873479000,1198844415,207025605,5960500,789776670,1088429520,2091192295
2025-05-09,14290,14310,14040,14280,175727,0.42194092827004215,120746360,0,887563005,1481159190,313901380,524390,933622935,1241419850,2489468555
2025-05-12,14300,15140,14260,15140,436367,6.022408963585434,1274971640,35027830,1789432985,3370060000,299570830,14521700,4159716860,1995683065,6469492455
2025-05-13,15700,15700,15160,15430,327764,1.915455746367239,2291753040,35171235,1878153435,844702830,28111620,69417360,2613103310,2339148250,5049780540
2025-05-14,15610,16100,15430,15750,353696,2.0738820479585223,1750648050,119836675,2007368850,1723052260,366581740,26341140,3728464350,1479518605,5600905835
2025-05-15,15990,15990,15230,15260,244818,-3.111111111111111,39477910,35410610,2489992460,1226522880,974195090,12029800,1677592010,1127586960,3791403860
2025-05-16,15230,15350,14840,15010,264878,-1.6382699868938402,174755125,8530070,1959106900,1818039480,1957921310,7416690,1109133935,885959640,3960431575
2025-05-19,14870,14870,14480,14650,180144,-2.3984010659560293,100296250,85995900,1431045560,1010091000,585413125,10548950,808943270,1222523365,2627428710
2025-05-20,14780,15040,14710,14740,113017,0.614334470989761,55894160,1632080,946529845,676519010,5808460,2966000,838567435,833233200,1680575095
2025-05-21,14740,14910,14730,14830,148301,0.6105834464043419,198026090,11880000,1178568870,809971170,534635950,2911260,589853075,1071045845,2198446130
2025-05-22,14620,14690,14430,14610,252333,-1.4834794335805799,782331125,10262290,1209986160,1663373660,1781040210,5209200,752822315,1126881510,3665953235
2025-05-23,14630,15000,14460,14460,185623,-1.0266940451745379,641332455,12449800,1039759310,1042616435,100414145,8486130,1016890215,1610367510,2736158000
2025-05-26,14490,14970,14370,14660,130607,1.3831258644536653,72413940,648250,803528690,1043475970,381691795,14489340,905094160,618791555,1920066850
2025-05-27,14660,14670,14350,14450,119894,-1.4324693042291952,97362780,13185760,1184439035,433462520,534292920,26191300,468334930,699630945,1728450095
2025-05-28,14670,16130,14510,15110,524511,4.567474048442906,179548725,30405190,4497293960,3260276595,703416560,184382720,5368061250,1711663940,7967524470
2025-05-29,15270,15350,15000,15260,143911,0.9927200529450696,263882150,14332620,1304228135,601053675,254096295,2870500,1419740925,506788860,2183496580
2025-05-30,15160,15270,14950,14980,121426,-1.834862385321101,86469325,77695820,1186072075,478058790,166383100,34537050,678167885,949207975,1828296010
2025-06-02,15030,15210,14800,14960,114230,-0.13351134846461948,10994255,14024050,1214533525,468888310,50120850,1406210,882005565,774907515,1708440140
2025-06-04,15160,15410,15070,15180,157230,1.4705882352941175,275973215,859600,1310218345,803710185,262151430,9212560,1190305555,929091800,2390761345
2025-06-05,15180,15740,15150,15610,248818,2.8326745718050064,116230980,8659070,2201956270,1545414605,213785385,16670400,2900043205,741761935,3872260925
2025-06-09,15950,15950,15650,15690,200180,0.5124919923126201,70820060,959130,2399623310,682675155,201700880,15663130,1669007435,1267706210,3154077655
2025-06-10,15800,15840,15450,15560,115916,-0.82855321861058,6541585,1827090,1464633735,336126090,231349710,3398620,789864925,784515245,1809128500
2025-06-11,15790,16530,15780,16330,533231,4.948586118251928,1868019850,16451010,4522036205,2256847920,637224225,9664450,6020791330,1995674980,8663354985
2025-06-12,16260,16560,16040,16220,270385,-0.6736068585425597,793740220,11979150,3064983555,530687590,368645705,1176240,1961945980,2069622590,4401390515
2025-06-13,16500,16550,15355,15590,782425,-3.884093711467324,491252570,19316340,6759788230,4920856305,7114786545,2637670,2700277370,2373511860,12191213445
2025-06-16,15420,15700,15270,15590,200339,0.0,348817760,100639190,1826608225,818028970,206104050,92730,1266851160,1621046205,3094094145
2025-06-17,15880,16160,15560,15700,382883,0.7055805003207184,603162610,161162490,3203281005,2117983355,117225500,9488360,2634553165,3324322435,6085589460
2025-06-18,15700,15860,15550,15810,229011,0.7006369426751593,103240790,55709610,1916312375,1526081385,434814785,203710,1591497660,1574828005,3601344160
2025-06-19,16500,17270,16000,17050,1487858,7.8431372549019605,5568041250,240903845,12584578285,6710580155,167952420,155985260,18418219725,6361946130,25104103535
2025-06-20,17200,17230,16660,16940,370698,-0.6451612903225806,243729220,23301970,4918550045,1068396065,157390575,217302510,1974575425,3904708790,6253977300
2025-06-23,16520,16680,16160,16540,334640,-2.3612750885478158,1155814365,117960025,3242657990,970237905,321019580,9762930,2765707715,2390180060,5486670285
2025-06-24,17450,18050,17350,17680,1036736,6.892382103990327,3570702765,22134695,8851150010,5873916300,181618340,158591130,11816574545,6161119755,18317903770
2025-06-25,18230,18240,17580,17710,520533,0.16968325791855204,574130855,6391780,7208357965,1495468370,89256740,94745700,3996085820,5104260710,9284348970
2025-06-26,18280,18290,17620,17830,558074,0.6775832862789385,943932635,31427220,7533290145,1491019895,271431775,132351280,5193767000,4402119840,9999669895
2025-06-27,17900,17970,17350,17470,294624,-2.0190689848569825,607412580,28371570,3583768170,950235270,349544325,27212290,2681059315,2111971660,5169787590
2025-06-30,17570,17590,17220,17320,233686,-0.8586147681740127,357505010,57734990,2243132005,1409236480,183082950,817580,1858293100,2025414855,4067608485
2025-07-01,17400,17800,17380,17450,196033,0.7505773672055427,481688935,9319760,1912033550,1045691745,537811760,13697990,1968352960,928871280,3448733990
2025-07-02,17450,17450,16740,17060,270132,-2.2349570200573066,146182200,324661400,2804241470,1303627020,1149015375,10915180,2335057735,1083723800,4578712090
2025-07-03,17230,17890,17200,17810,376742,4.396248534583822,1012704580,51995450,2742329380,2860279285,681360185,2135180,5069852135,913961195,6667308695
2025-07-04,17860,18050,17570,17850,318852,0.22459292532285235,1778662690,54121970,2243769945,1601801270,675833020,112857865,3229582840,1660082150,5678355875
2025-07-07,17700,17750,17370,17470,163609,-2.1288515406162465,268347630,4409520,2210162825,382124450,45202630,1583710,1215115105,1603142980,2865044425
2025-07-08,17330,18180,17270,17930,320178,2.633085289066972,1925022785,3113790,1989111630,1759104980,137758370,251035600,3293699300,1993859915,5676353185
2025-07-09,18040,18220,17710,17970,361573,0.2230897936419409,2440122875,0,2521424180,1558292540,563398095,91279910,3831570665,2033590925,6519839595
2025-07-10,18150,18330,17900,17910,406127,-0.333889816360601,603191845,6208090,2859697715,3864421920,1242207855,416230,2607363850,3483531635,7333519570
2025-07-11,17930,18090,17640,17650,273745,-1.4517029592406476,133030300,16560050,3582713515,1134771300,1046765985,570880,2214433470,1605304830,4867075165
2025-07-14,17680,18000,17560,17920,178834,1.529745042492918,855338745,4017070,1190276080,1123477240,506197680,0,1934141535,732769920,3173109135
2025-07-15,17810,18900,17760,18770,711676,4.743303571428571,4608299190,74446770,3328989220,5135632950,174146785,3277280,10390395155,2579548910,13147368130
2025-07-16,18740,19955,18370,19530,1596839,4.049014384656367,9621061250,612034370,13244865340,7731681970,996829415,120291330,21846579420,8245942765,31209642930
2025-07-17,19570,20250,19360,20050,1022566,2.6625704045058884,7293542350,453543170,7878415385,4720158525,1135519615,170452260,11872628520,7167059035,20345659430
2025-07-18,20050,20600,19830,20300,690178,1.2468827930174564,4773519570,50671090,6305691570,2869936215,220875190,379607450,8622808955,4776526850,13999818445
2025-07-21,20300,20800,20250,20500,514909,0.9852216748768473,4419294775,53769500,3809844050,2301209050,243563175,58821850,5219542750,5062189600,10584117375
2025-07-22,20650,20650,19770,19960,531713,-2.6341463414634148,1376421985,30515430,4772664700,4505447585,532950015,43859000,7104934310,3003306375,10685049700
2025-07-23,19900,20650,19630,20400,478352,2.2044088176352705,4314745970,105379250,3597750070,1670970900,353242830,17490580,6383176080,2934936700,9688846190
2025-07-24,20500,20500,20000,20300,291585,-0.49019607843137253,1285467800,4282450,2913646175,1681203225,275472000,55662100,4045870350,1507595200,5884599650
2025-07-25,20150,20450,19950,20250,260661,-0.24630541871921183,1531259850,22550450,2012669615,1694875385,117593220,11855750,3248352950,1883553380,5261355300
2025-07-28,20550,21000,20250,20750,434360,2.4691358024691357,2956736575,6187300,3935851200,2076735225,408597400,4579275,6254358975,2307974650,8975510300
2025-07-29,20950,21000,20200,20350,281748,-1.9277108433734942,1347864225,82839875,3118219225,1222720000,372575150,6120000,3534439025,1858509150,5771643325
2025-07-30,20700,24750,20700,23800,7101824,16.953316953316953,16116987000,2020869300,112578923025,36139331475,3398780100,1532604200,138325995375,23598731125,166856110800
2025-07-31,23450,24100,23250,23900,1665595,0.42016806722689076,7418813275,126454750,21245071750,10752557600,2741165950,146411450,27429354400,9225965575,39542897375
2025-08-01,23100,23750,22350,22700,1110891,-5.02092050209205,3149296675,165403300,16729215550,5386056300,4326565275,458016950,15369707475,5275682125,25429971825
2025-08-04,22700,22850,22150,22450,499698,-1.1013215859030838,835163950,105735800,7665540500,2635617525,944592225,4006200,5704944575,4588514775,11242057775
2025-08-05,22950,24100,22700,22850,1120100,1.7817371937639197,3035598475,182048200,16067732800,6818844100,1187844400,194551550,15860942400,8860885225,26104223575
2025-08-06,22350,23350,22300,22800,561800,-0.2188183807439825,1202820350,174364550,7181023775,4267837050,2130931525,8145700,7317083825,3369884675,12826045725
2025-08-07,23250,23250,22000,22250,453712,-2.4122807017543857,587677250,7708300,7203849475,2356731800,1548088325,342281500,5713454400,2552142600,10155966825
2025-08-08,22700,23800,22550,23450,1250608,5.393258426966292,10101884975,157851900,14579646925,4429049575,1111243800,19618775,18240862325,9896708475,29268433375
2025-08-11,23500,24050,23150,23750,679248,1.279317697228145,7298316850,220715700,6620596550,2027184450,694376225,33687350,7970428200,7468321775,16166813550
2025-08-12,23950,23950,23300,23400,299804,-1.4736842105263157,1258311650,21358850,4100852725,1706265925,515559825,48391200,5146355600,1376482525,7086789150
2025-08-13,23900,24150,23400,24000,574752,2.564102564102564,5158235525,19723900,4992780150,3572777375,1255360025,70489750,8785745200,3631921975,13743516950
2025-08-14,23850,23850,23050,23350,476005,-2.7083333333333335,3561122825,8340050,5800757775,1737107800,3994442725,48159600,4645346525,2419379600,11107328450
2025-08-18,22800,23000,22500,22850,376808,-2.141327623126338,1537363100,4423050,2972069875,4038740075,3496456525,31656600,4097622575,926860400,8552596100
2025-08-19,22850,22950,22200,22650,280446,-0.87527352297593,1898813300,4874500,2470468775,1980156450,431073700,146004050,4229069350,1548165925,6354313025
2025-08-20,21900,22200,21250,21800,755142,-3.7527593818984544,2067392000,122143925,6333929150,7785803650,8684627950,144304450,5551777550,1928558775,16309268725
2025-08-21,21900,22000,21300,21550,283848,-1.146788990825688,365098950,9464700,2772155150,2991837650,2042423575,25216950,3238883575,832032350,6138556450
2025-08-22,21550,22650,21500,22450,487855,4.176334106728538,5328855550,108026650,3424031675,2044924750,462672650,77723700,5788054025,4577388250,10905838625
2025-08-25,22800,23150,22500,23050,285702,2.6726057906458798,2550145325,68997050,2374309650,1565407475,434949750,139574800,3932977450,2051357500,6558859500
2025-08-26,22900,23550,22700,23450,388277,1.735357917570499,3690861700,82857950,3193131400,2074962600,838201200,55162050,5220079775,2928370625,9041813650
2025-08-27,23700,23950,23250,23800,414240,1.4925373134328357,3092590175,22324100,2687442100,4038466225,261434225,5857200,5394904950,4178626225,9840822600
2025-08-28,23500,24200,23400,23900,347151,0.42016806722689076,3396605675,25869900,2211605250,2679579925,1586170625,9116200,5205495500,1512878425,8313660750
2025-08-29,24200,24750,23800,24050,533184,0.6276150627615062,2976692425,135073400,5328553100,4560467400,524270400,4682300,9517567775,2954265850,13000786325
2025-09-01,23450,24150,23250,23600,494810,-1.8711018711018712,2656526475,4162300,5391401300,3677517450,1309212950,25175700,8096064450,2299154425,11729607525
2025-09-02,23700,23800,23300,23600,373567,0.0,2085069125,16651600,4868230325,1835473725,510270950,2370000,5586807100,2705976725,8805424775
2025-09-03,23650,24250,22850,23250,669767,-1.4830508474576272,2168898800,26842800,9973001250,3480510525,3020380550,62463600,7759031950,4807377275,15649253375
2025-09-04,23350,23550,22500,22650,576682,-2.5806451612903225,997005650,47864300,7349567050,4783430400,5391510125,12395250,6013555975,1760406050,13177867400
2025-09-05,22900,24100,22800,23400,1006445,3.3112582781456954,4333589525,80677200,13520518900,5836939825,543360650,56528000,16617955700,6553881100,23771725450
2025-09-08,23700,23850,23350,23650,449980,1.0683760683760684,1859211175,34557175,6310802600,2395983200,831232150,58880225,5636625200,4073816575,10600554150
2025-09-09,24000,25500,23950,25300,2838707,6.976744186046512,4636827600,391851850,47479846050,18406072725,1890037900,91256625,52737041375,16196262325,70914598225
2025-09-10,25700,26900,24850,25950,2365033,2.5691699604743086,8231589850,731409375,42391482700,9516020825,873186600,99644800,44669522400,15228148950,60870502750
2025-09-11,26450,26850,25500,25650,1195399,-1.1560693641618496,2486270325,149711850,22981066075,5539321200,1810197200,29517400,20306645025,9010009825,31156369450
2025-09-12,26000,26750,25450,25950,1008054,1.1695906432748537,3589760300,46012800,19021651750,3605065825,2579620425,113556650,16276547925,7292765675,26262490675
2025-09-15,26750,28150,26200,26700,1904433,2.8901734104046244,5039351200,1058254675,34925577600,10476324900,2407574975,341284500,34402984475,14347664425,51499508375
2025-09-16,26700,27700,26550,27300,1563513,2.247191011235955,5426368900,251797050,27927976025,8878614450,110243575,189912950,30327560075,11857039825,42484756425
2025-09-17,26550,27100,26200,26750,715855,-2.0146520146520146,1765891375,121247575,12671623775,4560985825,1394627200,99545850,13652277025,3973298475,19119748550
2025-09-18,27050,27300,26450,27100,926923,1.3084112149532712,2786595300,124034800,17190121600,4932195000,849153825,76721225,17592890900,6514180750,25032946700
2025-09-19,27400,27850,26600,27150,850032,0.18450184501845018,1288323975,62713200,14148020950,7440473550,2289406075,199003700,13427144500,7023977400,22939531675
2025-09-22,27200,28800,27100,28300,1928640,4.23572744014733,5692616375,893483350,35978085900,11754168450,803337400,183144100,44130864625,9201007950,54318354075
2025-09-23,28600,28650,26950,27500,1342734,-2.8268551236749118,2507711250,323738675,29162120975,4835100925,4377685875,317588650,22468118300,9665279000,36828671825
2025-09-24,27000,29200,26800,29100,2046426,5.818181818181818,6111267325,286935075,36606189800,14566188875,3602889525,761140675,43990789800,9215761075,57570581075
2025-09-25,28800,29200,28250,29100,1235571,0.0,5408154575,39823900,23845341400,6262806425,1249824250,684025200,22186305500,11435971350,35556126300
2025-09-26,28400,28600,26450,26600,1656602,-8.59106529209622,1887815725,254341225,31050354000,11968189200,7701694400,489056800,27906456550,9063492400,45160700150
2025-09-29,26600,27650,26350,27400,725949,3.007518796992481,2684985975,384004850,11353493150,5326122525,540187050,563670175,12831441875,5813307400,19748606500
2025-09-30,28100,29400,27950,28250,1915821,3.102189781021898,6466729425,458528800,33920960975,14088476225,1648010675,401588350,41654049250,11231047150,54934695425
2025-10-01,28850,30350,28550,29550,2354699,4.601769911504425,7977868250,730626775,46279280200,14711641200,3384146250,547796250,53500531575,12266942350,69699416425
2025-10-02,30950,31450,30100,30700,2059681,3.8917089678511,8771827000,1267655150,38948687000,14270073575,3466702400,333838550,45240065875,14217635900,63258242725
2025-10-10,34400,37600,34050,35400,5678895,15.309446254071663,15039454925,1670879775,126208473575,60885124550,10022155950,2258223050,149163194375,42360359450,203803932825
2025-10-13,34750,35000,33000,33900,2427954,-4.23728813559322,4374845175,517669775,57445558550,20260588525,9653856400,284680700,46109138550,26550986375,82598662025
2025-10-14,34700,34750,30550,31400,3040499,-7.374631268436578,6828911100,324824450,68001450150,23050169000,10213321950,307211700,60252249475,27432571575,98205354700
2025-10-15,31400,32900,31000,32850,1521382,4.617834394904459,8703787600,252591150,27676114200,12257817550,5675416325,242280800,25088627550,17883985825,48890310500
2025-10-16,32600,34200,31950,33300,1567274,1.36986301369863,3930042425,395615700,31569536925,16655274125,2309531450,112656350,36777592000,13350689375,52550469175
2025-10-17,32650,33800,32000,32300,1214293,-3.003003003003003,1795042500,122267300,24819588325,13042322250,2833868025,754485600,25232719300,10958147450,39779220375
2025-10-20,32700,33450,32000,32900,1016524,1.8575851393188854,5709102200,222041550,18663369900,8736518225,3206994900,363015300,19155997075,10605024600,33331031875
2025-10-21,33050,33800,31100,31550,1788874,-4.103343465045593,2889357425,71918600,37358813225,17568100700,6593195725,518269675,40514926400,10261798150,57888189950
2025-10-22,31550,31550,30450,31400,807988,-0.4754358161648178,1085323900,77365800,14973904075,8904347475,5418885400,155419500,12341591775,7125044575,25040941250
2025-10-23,30900,35100,30550,35050,3172798,11.624203821656051,11706059575,436039850,62018881200,33079043175,1616363025,358335150,87207778025,18057547600,107240023800
2025-10-24,35050,36000,34150,35150,1858236,0.28530670470756064,8701058825,289591125,43746013925,12390609850,559640050,263794500,44554757675,19749081500,65127273725
2025-10-27,36550,38200,35250,36250,2092535,3.1294452347083923,3274890925,103174425,46251735675,26186631350,2934996675,156910400,53316333250,19408192050,75816432375
2025-10-28,36200,37000,35500,36000,1151353,-0.6896551724137931,2542099675,260314175,24690510200,14046071700,1361778425,99325750,28125022200,11952869375,41538995750
2025-10-29,36400,38400,36050,37950,2304690,5.416666666666667,8514827600,1258759375,54106805950,22556395350,1383520825,289003675,63271450825,21492812950,86436788275
2025-10-30,37950,38300,36450,37150,1070345,-2.1080368906455864,2091606700,168077850,25044425275,12635027900,3219833225,787565350,22533272125,13398467025,39939137725
2025-10-31,37150,38100,36500,37950,971057,2.1534320323014806,1005047000,92033000,22590510700,12707401575,1890184225,351537150,24209115825,9944155075,36394992275
2025-11-03,37850,40350,36650,39850,1727672,5.006587615283268,8101563200,1508788000,41795286825,15748887600,1583131450,285042800,47355733950,17930617425,67154525625
2025-11-04,40350,40950,38550,39400,1604386,-1.1292346298619824,5712440050,133612050,42003563350,15809085025,3756896625,1769571000,36280511100,21851721750,63658700475
2025-11-05,40250,45350,38000,43200,10639076,9.644670050761421,20801120275,1764860250,317323444350,109158107750,10217985275,1608083975,344011473575,93209989800,449047532625
2025-11-06,43950,46850,43600,44650,3365833,3.356481481481482,10609828550,717092825,103875976175,35719597700,4421526075,374260400,107245597250,38881111525,150922495250
2025-11-07,43150,45450,41200,42250,1960328,-5.375139977603583,3472864500,282448225,54168878675,26146756800,4026460800,1202628125,56202599475,22639259800,84070948200
2025-11-10,42650,47800,40550,47300,4075759,11.95266272189349,21322679650,1228048800,118287322225,45503558975,2693704175,824773200,137299357750,45523774525,186341609650
2025-11-11,47300,49600,46300,48500,2143601,2.536997885835095,13414939750,770042250,67359588200,21508901000,2719032550,508654700,69324237300,30501546650,103053471200
2025-11-12,47900,52800,46900,52300,2875856,7.835051546391752,17781512875,1698441050,91531679250,35782606725,6656841675,728435650,111669942150,27739020425,146794239900
2025-11-13,50900,51400,48900,49500,1559189,-5.353728489483748,6420949125,591338050,56160399750,14403400775,6162779225,512962500,46208272275,24692073700,77576087700
2025-11-14,47200,48850,46600,47200,1468332,-4.646464646464646,4924933800,265381200,34494778950,30356589700,8910188025,1496471950,44571251075,15063772600,70041683650
2025-11-17,48500,51400,46850,51200,1880726,8.47457627118644,12480217100,1339651550,59709213850,19909526000,3544296275,472399425,60070238800,29351674000,93438608500
2025-11-18,49700,52000,49450,50800,1236457,-0.78125,5520483125,128341900,37470069450,19712280800,1665945425,198755200,44548529350,16417945300,62831175275
2025-11-19,50400,53700,47600,52300,2092853,2.952755905511811,9530247500,1038084350,68317413400,28010716425,3182606350,1076136400,78369167825,24268551100,106896461675
2025-11-20,54200,54300,49950,51400,1875597,-1.7208413001912046,5186003500,1035300450,73527115300,16929660800,5789212300,680764500,56924509300,33283593950,96678080050
2025-11-21,47350,49500,47300,47350,1736747,-7.879377431906614,2707447025,374201750,47781491900,32408971175,20619042000,527775325,50027031025,12098263500,83272111850
2025-11-24,47850,49400,47400,48350,1119956,2.1119324181626187,5482226175,66632000,29118637425,19623558550,4267501000,75096350,34685939000,15262517800,54291054150
2025-11-25,50700,53700,50700,52900,2579893,9.410548086866598,11965716500,1326296450,84864420200,37106028900,4534766700,682974100,105925303200,24119418050,135262462050
2025-11-26,53800,53900,49150,50600,1874873,-4.3478260869565215,9058175625,238286050,75100385575,10747157500,11226853200,200463600,51344607900,32372080050,95144004750
2025-11-27,51200,51500,48900,50000,1310340,-1.185770750988142,5718916950,77735550,45170696075,14745697175,7857455425,1007222225,37811831425,19036536675,65713045750
2025-11-28,49850,50300,48200,49200,1169855,-1.6,1256268375,331117500,37197920025,18366672400,11747342125,262517700,31184951675,13957166800,57151978300
2025-12-01,49800,50200,46550,48300,1339809,-1.8292682926829267,1843576200,778024750,40268210725,21477154225,9262470400,568651875,37825128225,16710715400,64366965900
2025-12-02,48850,49450,47450,47500,1078978,-1.6563146997929608,1405179025,151860600,33502107600,16859233725,6497503650,271594300,32201608600,12947674400,51918380950
2025-12-03,48050,50100,47450,49900,1513636,5.052631578947368,5628570600,651164600,41716104025,26168470950,6656552550,482508775,49617619600,17407629250,74164310175
2025-12-04,49000,49400,45050,46550,2575315,-6.713426853707414,4723928050,440026700,91852463000,22276354050,19585502225,910582225,70894878050,27901809300,119292771800
2025-12-05,45950,48800,45950,48200,1385374,3.544575725026853,4929249350,351628300,30070450600,29972092875,7057206550,82519000,49109506850,9074188725,65323421125
2025-12-08,48200,49850,47000,48650,1186568,0.9336099585062241,2624439925,432170950,31097066650,23380672925,6463055300,240024550,36427250025,14404020575,57534350450
2025-12-09,48650,50500,48100,49000,1014254,0.7194244604316548,1369515975,116303100,23514094725,24911776750,4468160800,726776600,32007084600,12709668550,49911690550
2025-12-10,48950,51700,48550,49500,2076779,1.0204081632653061,2535063750,534780175,62185904850,39015047800,5895040550,255540300,67107804825,31012410900,104270796575
2025-12-11,49650,51100,47700,48050,1499426,-2.9292929292929295,2785970200,182257300,48374944625,22275231200,10709256075,140080950,40799684400,21969381900,73618403325
2025-12-12,48000,48300,46550,47400,918825,-1.352757544224766,1416482800,48986300,24070317575,17798230600,9417658000,197920650,24070550400,9647888225,43334017275
2025-12-15,45800,46000,45000,45800,1280541,-3.375527426160337,1007670450,88500875,29004910425,27993308325,26589993975,872599225,23400594025,7231202850,58094390075
2025-12-16,45800,45950,44550,45000,894760,-1.7467248908296942,1002193675,42072850,13557927775,25553718500,11699956125,259961525,21482883975,6713111175,40155912800
2025-12-17,45350,47650,44450,46850,900585,4.111111111111112,5224456600,255547500,22832157025,13356822250,1984185200,129723600,29779640950,9775433625,41668983375
2025-12-18,45350,48500,45250,47800,1125522,2.0277481323372464,4161704025,1170452750,29241541425,19004020825,1733302750,158821175,35926196050,15759399050,53577719025
2025-12-19,49100,49100,45650,46500,1438928,-2.7196652719665275,1686401925,325644350,46406232775,18899189300,4686999500,81634500,31216306650,31332527700,67317468350
2025-12-22,47200,48250,47200,48100,854467,3.4408602150537635,5503875975,143056200,16427054975,18837599475,2744543850,326801000,30541912025,7298329750,40911586625
2025-12-23,47950,48200,46450,47150,798643,-1.9750519750519753,2165234675,506001000,22377571875,12610541325,8543167900,343673150,20298644850,8473862975,37659348875
2025-12-24,47250,48350,46550,46650,640389,-1.0604453870625663,1861430200,42931125,15788551350,12683794600,3382937150,106217800,19506944250,7380608075,30376707275
2025-12-26,46800,47500,45800,46400,873170,-0.5359056806002144,3715186825,602301800,22293193950,14240264575,5667676800,281108950,25574903275,9327258125,40850947150
2025-12-29,47150,48550,46700,47150,965961,1.6163793103448276,2101673625,167138800,30212537175,13400616925,6074948500,619156550,25962010300,13225851175,45881966525
2025-12-30,46800,47850,46500,47100,760438,-0.10604453870625664,3246120775,91900200,22626002925,9823541425,3280270100,1026385000,24710918025,6769992200,35787565325
